lat,lon,gsi_group,gsi_unit,gsi_age,dist_to_sausar_km
21.1,79.2,AMGAON GNEISSIC COMPLEX,AMGAON GNEISSIC COMPLEX Gp.,ARCHAEAN,25.392433719817376
21.1,79.215,AMGAON GNEISSIC COMPLEX,AMGAON GNEISSIC COMPLEX Gp.,ARCHAEAN,24.93581201420651
21.1,79.23,AMGAON GNEISSIC COMPLEX,AMGAON GNEISSIC COMPLEX Gp.,ARCHAEAN,24.481295030593902
21.1,79.245,AMGAON GNEISSIC COMPLEX,AMGAON GNEISSIC COMPLEX Gp.,ARCHAEAN,24.09325654830639
21.1,79.26,AMGAON GNEISSIC COMPLEX,AMGAON GNEISSIC COMPLEX Gp.,ARCHAEAN,23.801050039457966
21.1,79.275,AMGAON GNEISSIC COMPLEX,AMGAON GNEISSIC COMPLEX Gp.,ARCHAEAN,23.59038694248486
21.1,79.29,AMGAON GNEISSIC COMPLEX,AMGAON GNEISSIC COMPLEX Gp.,ARCHAEAN,23.367533771347738
21.1,79.305,AMGAON GNEISSIC COMPLEX,AMGAON GNEISSIC COMPLEX Gp.,ARCHAEAN,23.247164991988598
21.1,79.32,AMGAON GNEISSIC COMPLEX,AMGAON GNEISSIC COMPLEX Gp.,ARCHAEAN,23.230873701287003
21.1,79.335,AMGAON GNEISSIC COMPLEX,AMGAON GNEISSIC COMPLEX Gp.,ARCHAEAN,23.31887803553806
21.1,79.35,AMGAON GNEISSIC COMPLEX,AMGAON GNEISSIC COMPLEX Gp.,ARCHAEAN,23.448859283445195
21.1,79.365,AMGAON GNEISSIC COMPLEX,AMGAON GNEISSIC COMPLEX Gp.,ARCHAEAN,23.47790007394122
21.1,79.38,AMGAON GNEISSIC COMPLEX,AMGAON GNEISSIC COMPLEX Gp.,ARCHAEAN,23.58410290499219
21.1,79.395,AMGAON GNEISSIC COMPLEX,AMGAON GNEISSIC COMPLEX Gp.,ARCHAEAN,23.697715650546645
21.1,79.41,AMGAON GNEISSIC COMPLEX,AMGAON GNEISSIC COMPLEX Gp.,ARCHAEAN,23.811328396101203
21.1,79.425,AMGAON GNEISSIC COMPLEX,AMGAON GNEISSIC COMPLEX Gp.,ARCHAEAN,23.947634146604916
21.1,79.44,AMGAON GNEISSIC COMPLEX,AMGAON GNEISSIC COMPLEX Gp.,ARCHAEAN,24.17986330416098
21.1,79.455,AMGAON GNEISSIC COMPLEX,AMGAON GNEISSIC COMPLEX Gp.,ARCHAEAN,24.445485066428567
21.1,79.47,AMGAON GNEISSIC COMPLEX,AMGAON GNEISSIC COMPLEX Gp.,ARCHAEAN,24.646145704294955
21.1,79.485,AMGAON GNEISSIC COMPLEX,AMGAON GNEISSIC COMPLEX Gp.,ARCHAEAN,24.914425232165243
21.1,79.5,AMGAON GNEISSIC COMPLEX,AMGAON GNEISSIC COMPLEX Gp.,ARCHAEAN,25.276044753317592
21.1,79.515,SAKOLI,SAKOLI Gp,PALAEOPROTEROZOIC,25.72706860963802
21.1,79.53,SAKOLI,SAKOLI Gp,PALAEOPROTEROZOIC,26.262891068370145
21.1,79.545,SAKOLI,SAKOLI Gp,PALAEOPROTEROZOIC,26.87844122050007
21.1,79.56,SAKOLI,SAKOLI Gp,PALAEOPROTEROZOIC,27.56837907403016
21.1,79.575,AMGAON GNEISSIC COMPLEX,AMGAON GNEISSIC COMPLEX Gp.,ARCHAEAN,28.3272697986537
21.1,79.59,AMGAON GNEISSIC COMPLEX,AMGAON GNEISSIC COMPLEX Gp.,ARCHAEAN,28.361571935220212
21.1,79.605,SAKOLI,SAKOLI Gp,PALAEOPROTEROZOIC,28.387345142450023
21.1,79.62,SAKOLI,SAKOLI Gp,PALAEOPROTEROZOIC,28.498381234505896
21.1,79.635,SAKOLI,SAKOLI Gp,PALAEOPROTEROZOIC,28.69369040204903
21.1,79.65,SAKOLI,SAKOLI Gp,PALAEOPROTEROZOIC,28.97156833760971
21.1,79.665,SAKOLI,SAKOLI Gp,PALAEOPROTEROZOIC,29.329668292425083
21.1,79.68,SAKOLI,SAKOLI Gp,PALAEOPROTEROZOIC,29.765094985525028
21.1,79.695,SAKOLI,SAKOLI Gp,PALAEOPROTEROZOIC,30.274512118309755
21.1,79.71,SAKOLI,SAKOLI Gp,PALAEOPROTEROZOIC,30.854255065660137
21.1,79.725,SAKOLI,SAKOLI Gp,PALAEOPROTEROZOIC,31.500441178857965
21.1,79.74,SAKOLI,SAKOLI Gp,PALAEOPROTEROZOIC,32.209071709990546
21.1,79.755,SAKOLI,SAKOLI Gp,PALAEOPROTEROZOIC,32.976121262614896
21.1,79.77,SAKOLI,SAKOLI Gp,PALAEOPROTEROZOIC,33.79761254563402
21.1,79.785,SAKOLI,SAKOLI Gp,PALAEOPROTEROZOIC,34.60924050854487
21.1,79.8,AMGAON GNEISSIC COMPLEX,AMGAON GNEISSIC COMPLEX Gp.,ARCHAEAN,34.78717452169556
21.1,79.815,AMGAON GNEISSIC COMPLEX,AMGAON GNEISSIC COMPLEX Gp.,ARCHAEAN,35.03354479607014
21.1,79.83,AMGAON GNEISSIC COMPLEX,AMGAON GNEISSIC COMPLEX Gp.,ARCHAEAN,35.334443385955176
21.1,79.845,AMGAON GNEISSIC COMPLEX,AMGAON GNEISSIC COMPLEX Gp.,ARCHAEAN,35.69012649713263
21.1,79.86,AMGAON GNEISSIC COMPLEX,AMGAON GNEISSIC COMPLEX Gp.,ARCHAEAN,36.10957125912924
21.1,79.875,AMGAON GNEISSIC COMPLEX,AMGAON GNEISSIC COMPLEX Gp.,ARCHAEAN,36.5905850022336
21.1,79.89,AMGAON GNEISSIC COMPLEX,AMGAON GNEISSIC COMPLEX Gp.,ARCHAEAN,36.98989724453865
21.1,79.905,AMGAON GNEISSIC COMPLEX,AMGAON GNEISSIC COMPLEX Gp.,ARCHAEAN,37.44457503421023
21.1,79.92,AMGAON GNEISSIC COMPLEX,AMGAON GNEISSIC COMPLEX Gp.,ARCHAEAN,37.95778797525507
21.1,79.935,AMGAON GNEISSIC COMPLEX,AMGAON GNEISSIC COMPLEX Gp.,ARCHAEAN,38.527196934204575
21.1,79.95,AMGAON GNEISSIC COMPLEX,AMGAON GNEISSIC COMPLEX Gp.,ARCHAEAN,39.15035001619134
21.1,79.965,AMGAON GNEISSIC COMPLEX,AMGAON GNEISSIC COMPLEX Gp.,ARCHAEAN,39.82472443500835
21.1,79.98,SAKOLI,SAKOLI Gp,PALAEOPROTEROZOIC,40.54776459201117
21.1,79.995,SAKOLI,SAKOLI Gp,PALAEOPROTEROZOIC,41.316915635665545
21.1,80.01,SAKOLI,SAKOLI Gp,PALAEOPROTEROZOIC,42.12031615876244
21.1,80.025,AMGAON GNEISSIC COMPLEX,AMGAON GNEISSIC COMPLEX Gp.,ARCHAEAN,42.96004248317928
21.1,80.04,AMGAON GNEISSIC COMPLEX,AMGAON GNEISSIC COMPLEX Gp.,ARCHAEAN,43.839060598395335
21.1,80.055,AMGAON GNEISSIC COMPLEX,AMGAON GNEISSIC COMPLEX Gp.,ARCHAEAN,44.75505541605031
21.1,80.07,AMGAON GNEISSIC COMPLEX,AMGAON GNEISSIC COMPLEX Gp.,ARCHAEAN,45.70580382827057
21.1,80.085,AMGAON GNEISSIC COMPLEX,AMGAON GNEISSIC COMPLEX Gp.,ARCHAEAN,46.68918278395754
21.1,80.1,AMGAON GNEISSIC COMPLEX,AMGAON GNEISSIC COMPLEX Gp.,ARCHAEAN,47.70317433494325
21.1,80.115,AMGAON GNEISSIC COMPLEX,AMGAON GNEISSIC COMPLEX Gp.,ARCHAEAN,48.74586814671501
21.1,80.13,AMGAON GNEISSIC COMPLEX,AMGAON GNEISSIC COMPLEX Gp.,ARCHAEAN,49.815461939789415
21.1,80.145,AMGAON GNEISSIC COMPLEX,AMGAON GNEISSIC COMPLEX Gp.,ARCHAEAN,50.91026028535936
21.1,80.16,AMGAON GNEISSIC COMPLEX,AMGAON GNEISSIC COMPLEX Gp.,ARCHAEAN,52.02867212914638
21.1,80.175,,DONGARGARH GRANITE,PALAEOPROTEROZOIC,53.169207365468
21.1,80.19,,DONGARGARH GRANITE,PALAEOPROTEROZOIC,54.33047273283019
21.1,80.205,,DONGARGARH GRANITE,PALAEOPROTEROZOIC,55.5111672551048
21.1,80.22,,DONGARGARH GRANITE,PALAEOPROTEROZOIC,56.710077409807695
21.1,80.235,,DONGARGARH GRANITE,PALAEOPROTEROZOIC,57.92607216771468
21.1,80.25,,DONGARGARH GRANITE,PALAEOPROTEROZOIC,58.84291704493329
21.1,80.265,,DONGARGARH GRANITE,PALAEOPROTEROZOIC,58.936558366897614
21.1,80.28,KHAIRAGARH,KHAIRAGARH Gp.,PALAEOPROTEROZOIC - MESOPROTEROZOIC,59.06415408787876
21.1,80.295,KHAIRAGARH,KHAIRAGARH Gp.,PALAEOPROTEROZOIC - MESOPROTEROZOIC,59.23246112774132
21.1,80.31,NANDGAON,NANDGAON Gp.(BIJLI RHYOLITE Fm.),PALAEOPROTEROZOIC,59.435949225125704
21.1,80.325,KHAIRAGARH,KHAIRAGARH Gp.,PALAEOPROTEROZOIC - MESOPROTEROZOIC,59.67195190492074
21.1,80.34,NANDGAON,NANDGAON Gp.(BIJLI RHYOLITE Fm.),PALAEOPROTEROZOIC,59.94752201004954
21.1,80.355,NANDGAON,NANDGAON Gp.(BIJLI RHYOLITE Fm.),PALAEOPROTEROZOIC,60.26211673429932
21.1,80.37,NANDGAON,NANDGAON Gp.(BIJLI RHYOLITE Fm.),PALAEOPROTEROZOIC,60.61512846313213
21.1,80.385,KHAIRAGARH,KHAIRAGARH Gp.,PALAEOPROTEROZOIC - MESOPROTEROZOIC,61.00262957431891
21.1,80.4,KHAIRAGARH,KHAIRAGARH Gp.,PALAEOPROTEROZOIC - MESOPROTEROZOIC,61.407789465057306
21.1,80.415,KHAIRAGARH,KHAIRAGARH Gp.,PALAEOPROTEROZOIC - MESOPROTEROZOIC,61.83628561441171
21.1,80.43,KHAIRAGARH,KHAIRAGARH Gp.,PALAEOPROTEROZOIC - MESOPROTEROZOIC,62.2329685664394
21.1,80.445,NANDGAON,NANDGAON Gp.(BIJLI RHYOLITE Fm.),PALAEOPROTEROZOIC,62.65067780730023
21.1,80.46,NANDGAON,NANDGAON Gp.(BIJLI RHYOLITE Fm.),PALAEOPROTEROZOIC,63.1040905963127
21.1,80.475,NANDGAON,NANDGAON Gp.(BIJLI RHYOLITE Fm.),PALAEOPROTEROZOIC,63.52748731132533
21.1,80.49,KHAIRAGARH,KHAIRAGARH Gp.,PALAEOPROTEROZOIC - MESOPROTEROZOIC,63.972688184584634
21.115,79.2,AMGAON GNEISSIC COMPLEX,AMGAON GNEISSIC COMPLEX Gp.,ARCHAEAN,23.816842033279283
21.115,79.215,AMGAON GNEISSIC COMPLEX,AMGAON GNEISSIC COMPLEX Gp.,ARCHAEAN,23.329501482994285
21.115,79.23,AMGAON GNEISSIC COMPLEX,AMGAON GNEISSIC COMPLEX Gp.,ARCHAEAN,22.882301432059133
21.115,79.245,AMGAON GNEISSIC COMPLEX,AMGAON GNEISSIC COMPLEX Gp.,ARCHAEAN,22.466747269335524
21.115,79.26,AMGAON GNEISSIC COMPLEX,AMGAON GNEISSIC COMPLEX Gp.,ARCHAEAN,22.153160792842677
21.115,79.275,AMGAON GNEISSIC COMPLEX,AMGAON GNEISSIC COMPLEX Gp.,ARCHAEAN,21.94591350515298
21.115,79.29,AMGAON GNEISSIC COMPLEX,AMGAON GNEISSIC COMPLEX Gp.,ARCHAEAN,21.708692754879017
21.115,79.305,AMGAON GNEISSIC COMPLEX,AMGAON GNEISSIC COMPLEX Gp.,ARCHAEAN,21.57909916330188
21.115,79.32,AMGAON GNEISSIC COMPLEX,AMGAON GNEISSIC COMPLEX Gp.,ARCHAEAN,21.56155111503485
21.115,79.335,AMGAON GNEISSIC COMPLEX,AMGAON GNEISSIC COMPLEX Gp.,ARCHAEAN,21.65632098223678
21.115,79.35,AMGAON GNEISSIC COMPLEX,AMGAON GNEISSIC COMPLEX Gp.,ARCHAEAN,21.779102188625878
21.115,79.365,AMGAON GNEISSIC COMPLEX,AMGAON GNEISSIC COMPLEX Gp.,ARCHAEAN,21.810008913438782
21.115,79.38,AMGAON GNEISSIC COMPLEX,AMGAON GNEISSIC COMPLEX Gp.,ARCHAEAN,21.9186659913449
21.115,79.395,AMGAON GNEISSIC COMPLEX,AMGAON GNEISSIC COMPLEX Gp.,ARCHAEAN,22.032278690583837
21.115,79.41,AMGAON GNEISSIC COMPLEX,AMGAON GNEISSIC COMPLEX Gp.,ARCHAEAN,22.145891389822776
21.115,79.425,AMGAON GNEISSIC COMPLEX,AMGAON GNEISSIC COMPLEX Gp.,ARCHAEAN,22.290179484590904
21.115,79.44,AMGAON GNEISSIC COMPLEX,AMGAON GNEISSIC COMPLEX Gp.,ARCHAEAN,22.53707381556111
21.115,79.455,AMGAON GNEISSIC COMPLEX,AMGAON GNEISSIC COMPLEX Gp.,ARCHAEAN,22.799015843134185
21.115,79.47,AMGAON GNEISSIC COMPLEX,AMGAON GNEISSIC COMPLEX Gp.,ARCHAEAN,22.994318765275437
21.115,79.485,AMGAON GNEISSIC COMPLEX,AMGAON GNEISSIC COMPLEX Gp.,ARCHAEAN,23.281582741186714
21.115,79.5,AMGAON GNEISSIC COMPLEX,AMGAON GNEISSIC COMPLEX Gp.,ARCHAEAN,23.668085697899507
21.115,79.515,AMGAON GNEISSIC COMPLEX,AMGAON GNEISSIC COMPLEX Gp.,ARCHAEAN,24.149063180261763
21.115,79.53,AMGAON GNEISSIC COMPLEX,AMGAON GNEISSIC COMPLEX Gp.,ARCHAEAN,24.719001002835867
21.115,79.545,SAKOLI,SAKOLI Gp,PALAEOPROTEROZOIC,25.37190483359288
21.115,79.56,SAKOLI,SAKOLI Gp,PALAEOPROTEROZOIC,26.101549482824847
21.115,79.575,SAKOLI,SAKOLI Gp,PALAEOPROTEROZOIC,26.755184401604776
21.115,79.59,SAKOLI,SAKOLI Gp,PALAEOPROTEROZOIC,26.691877214934816
21.115,79.605,SAKOLI,SAKOLI Gp,PALAEOPROTEROZOIC,26.719255514849266
21.115,79.62,SAKOLI,SAKOLI Gp,PALAEOPROTEROZOIC,26.83717025863972
21.115,79.635,SAKOLI,SAKOLI Gp,PALAEOPROTEROZOIC,27.044437245529753
21.115,79.65,SAKOLI,SAKOLI Gp,PALAEOPROTEROZOIC,27.339024316466464
21.115,79.665,SAKOLI,SAKOLI Gp,PALAEOPROTEROZOIC,27.718147510936934
21.115,79.68,SAKOLI,SAKOLI Gp,PALAEOPROTEROZOIC,28.17839488886017
21.115,79.695,SAKOLI,SAKOLI Gp,PALAEOPROTEROZOIC,28.71586602907456
21.115,79.71,SAKOLI,SAKOLI Gp,PALAEOPROTEROZOIC,29.326315337931042
21.115,79.725,SAKOLI,SAKOLI Gp,PALAEOPROTEROZOIC,30.0052889839866
21.115,79.74,SAKOLI,SAKOLI Gp,PALAEOPROTEROZOIC,30.748247900296576
21.115,79.755,SAKOLI,SAKOLI Gp,PALAEOPROTEROZOIC,31.55067221275016
21.115,79.77,SAKOLI,SAKOLI Gp,PALAEOPROTEROZOIC,32.4081451401879
21.115,79.785,SAKOLI,SAKOLI Gp,PALAEOPROTEROZOIC,32.94685004181058
21.115,79.8,SAKOLI,SAKOLI Gp,PALAEOPROTEROZOIC,33.13367493647723
21.115,79.815,AMGAON GNEISSIC COMPLEX,AMGAON GNEISSIC COMPLEX Gp.,ARCHAEAN,33.39219501811002
21.115,79.83,AMGAON GNEISSIC COMPLEX,AMGAON GNEISSIC COMPLEX Gp.,ARCHAEAN,33.70257765456372
21.115,79.845,AMGAON GNEISSIC COMPLEX,AMGAON GNEISSIC COMPLEX Gp.,ARCHAEAN,34.07522377171974
21.115,79.86,AMGAON GNEISSIC COMPLEX,AMGAON GNEISSIC COMPLEX Gp.,ARCHAEAN,34.514211505355554
21.115,79.875,AMGAON GNEISSIC COMPLEX,AMGAON GNEISSIC COMPLEX Gp.,ARCHAEAN,34.97403420985509
21.115,79.89,AMGAON GNEISSIC COMPLEX,AMGAON GNEISSIC COMPLEX Gp.,ARCHAEAN,35.38597383535861
21.115,79.905,AMGAON GNEISSIC COMPLEX,AMGAON GNEISSIC COMPLEX Gp.,ARCHAEAN,35.860898006798735
21.115,79.92,AMGAON GNEISSIC COMPLEX,AMGAON GNEISSIC COMPLEX Gp.,ARCHAEAN,36.3963412123269
21.115,79.935,AMGAON GNEISSIC COMPLEX,AMGAON GNEISSIC COMPLEX Gp.,ARCHAEAN,36.98967541959508
21.115,79.95,AMGAON GNEISSIC COMPLEX,AMGAON GNEISSIC COMPLEX Gp.,ARCHAEAN,37.63816291827531
21.115,79.965,AMGAON GNEISSIC COMPLEX,AMGAON GNEISSIC COMPLEX Gp.,ARCHAEAN,38.339005129124565
21.115,79.98,SAKOLI,SAKOLI Gp,PALAEOPROTEROZOIC,39.08938611608287
21.115,79.995,SAKOLI,SAKOLI Gp,PALAEOPROTEROZOIC,39.88222571228467
21.115,80.01,SAKOLI,SAKOLI Gp,PALAEOPROTEROZOIC,40.708339681718456
21.115,80.025,AMGAON GNEISSIC COMPLEX,AMGAON GNEISSIC COMPLEX Gp.,ARCHAEAN,41.57641997252161
21.115,80.04,AMGAON GNEISSIC COMPLEX,AMGAON GNEISSIC COMPLEX Gp.,ARCHAEAN,42.48389414864864
21.115,80.055,AMGAON GNEISSIC COMPLEX,AMGAON GNEISSIC COMPLEX Gp.,ARCHAEAN,43.42829276575854
21.115,80.07,AMGAON GNEISSIC COMPLEX,AMGAON GNEISSIC COMPLEX Gp.,ARCHAEAN,44.40726009647492
21.115,80.085,AMGAON GNEISSIC COMPLEX,AMGAON GNEISSIC COMPLEX Gp.,ARCHAEAN,45.41856087786532
21.115,80.1,AMGAON GNEISSIC COMPLEX,AMGAON GNEISSIC COMPLEX Gp.,ARCHAEAN,46.460083742601114
21.115,80.115,AMGAON GNEISSIC COMPLEX,AMGAON GNEISSIC COMPLEX Gp.,ARCHAEAN,47.52984195992478
21.115,80.13,AMGAON GNEISSIC COMPLEX,AMGAON GNEISSIC COMPLEX Gp.,ARCHAEAN,48.62597205521048
21.115,80.145,AMGAON GNEISSIC COMPLEX,AMGAON GNEISSIC COMPLEX Gp.,ARCHAEAN,49.74673080822059
21.115,80.16,AMGAON GNEISSIC COMPLEX,AMGAON GNEISSIC COMPLEX Gp.,ARCHAEAN,50.89049105785659
21.115,80.175,AMGAON GNEISSIC COMPLEX,AMGAON GNEISSIC COMPLEX Gp.,ARCHAEAN,52.055736670676055
21.115,80.19,,DONGARGARH GRANITE,PALAEOPROTEROZOIC,53.241056965057716
21.115,80.205,,DONGARGARH GRANITE,PALAEOPROTEROZOIC,54.44514082449453
21.115,80.22,,DONGARGARH GRANITE,PALAEOPROTEROZOIC,55.66677068282593
21.115,80.235,,DONGARGARH GRANITE,PALAEOPROTEROZOIC,56.90481652129617
21.115,80.25,,DONGARGARH GRANITE,PALAEOPROTEROZOIC,57.175513836821274
21.115,80.265,,DONGARGARH GRANITE,PALAEOPROTEROZOIC,57.27079858225565
21.115,80.28,KHAIRAGARH,KHAIRAGARH Gp.,PALAEOPROTEROZOIC - MESOPROTEROZOIC,57.40207063653351
21.115,80.295,KHAIRAGARH,KHAIRAGARH Gp.,PALAEOPROTEROZOIC - MESOPROTEROZOIC,57.575201629578665
21.115,80.31,KHAIRAGARH,KHAIRAGARH Gp.,PALAEOPROTEROZOIC - MESOPROTEROZOIC,57.78263132094503
21.115,80.325,NANDGAON,NANDGAON Gp.(BIJLI RHYOLITE Fm.),PALAEOPROTEROZOIC,58.02530986806377
21.115,80.34,KHAIRAGARH,KHAIRAGARH Gp.,PALAEOPROTEROZOIC - MESOPROTEROZOIC,58.30860549190102
21.115,80.355,NANDGAON,NANDGAON Gp.(BIJLI RHYOLITE Fm.),PALAEOPROTEROZOIC,58.63192943907139
21.115,80.37,NANDGAON,NANDGAON Gp.(BIJLI RHYOLITE Fm.),PALAEOPROTEROZOIC,58.994623579603505
21.115,80.385,KHAIRAGARH,KHAIRAGARH Gp.,PALAEOPROTEROZOIC - MESOPROTEROZOIC,59.386123488942815
21.115,80.4,NANDGAON,NANDGAON Gp.(BIJLI RHYOLITE Fm.),PALAEOPROTEROZOIC,59.80215240125624
21.115,80.415,KHAIRAGARH,KHAIRAGARH Gp.,PALAEOPROTEROZOIC - MESOPROTEROZOIC,60.22773517938821
21.115,80.43,KHAIRAGARH,KHAIRAGARH Gp.,PALAEOPROTEROZOIC - MESOPROTEROZOIC,60.62012865449257
21.115,80.445,KHAIRAGARH,KHAIRAGARH Gp.,PALAEOPROTEROZOIC - MESOPROTEROZOIC,61.0487879383577
21.115,80.46,NANDGAON,NANDGAON Gp.(BIJLI RHYOLITE Fm.),PALAEOPROTEROZOIC,61.502551451152534
21.115,80.475,KHAIRAGARH,KHAIRAGARH Gp.,PALAEOPROTEROZOIC - MESOPROTEROZOIC,61.92303906073723
21.115,80.49,KHAIRAGARH,KHAIRAGARH Gp.,PALAEOPROTEROZOIC - MESOPROTEROZOIC,62.379599904506286
21.13,79.2,AMGAON GNEISSIC COMPLEX,AMGAON GNEISSIC COMPLEX Gp.,ARCHAEAN,22.25499258562453
21.13,79.215,AMGAON GNEISSIC COMPLEX,AMGAON GNEISSIC COMPLEX Gp.,ARCHAEAN,21.73276367807943
21.13,79.23,AMGAON GNEISSIC COMPLEX,AMGAON GNEISSIC COMPLEX Gp.,ARCHAEAN,21.29417971941372
21.13,79.245,AMGAON GNEISSIC COMPLEX,AMGAON GNEISSIC COMPLEX Gp.,ARCHAEAN,20.847084099852566
21.13,79.26,AMGAON GNEISSIC COMPLEX,AMGAON GNEISSIC COMPLEX Gp.,ARCHAEAN,20.50881629248112
21.13,79.275,AMGAON GNEISSIC COMPLEX,AMGAON GNEISSIC COMPLEX Gp.,ARCHAEAN,20.284821435741826
21.13,79.29,AMGAON GNEISSIC COMPLEX,AMGAON GNEISSIC COMPLEX Gp.,ARCHAEAN,20.051671027629716
21.13,79.305,AMGAON GNEISSIC COMPLEX,AMGAON GNEISSIC COMPLEX Gp.,ARCHAEAN,19.911324044188696
21.13,79.32,AMGAON GNEISSIC COMPLEX,AMGAON GNEISSIC COMPLEX Gp.,ARCHAEAN,19.89230866676529
21.13,79.335,AMGAON GNEISSIC COMPLEX,AMGAON GNEISSIC COMPLEX Gp.,ARCHAEAN,19.99497106033964
21.13,79.35,AMGAON GNEISSIC COMPLEX,AMGAON GNEISSIC COMPLEX Gp.,ARCHAEAN,20.1093451071489
21.13,79.365,AMGAON GNEISSIC COMPLEX,AMGAON GNEISSIC COMPLEX Gp.,ARCHAEAN,20.142434055241228
21.13,79.38,AMGAON GNEISSIC COMPLEX,AMGAON GNEISSIC COMPLEX Gp.,ARCHAEAN,20.253230430790484
21.13,79.395,AMGAON GNEISSIC COMPLEX,AMGAON GNEISSIC COMPLEX Gp.,ARCHAEAN,20.366843083687158
21.13,79.41,AMGAON GNEISSIC COMPLEX,AMGAON GNEISSIC COMPLEX Gp.,ARCHAEAN,20.480455736583924
21.13,79.425,AMGAON GNEISSIC COMPLEX,AMGAON GNEISSIC COMPLEX Gp.,ARCHAEAN,20.634715526298024
21.13,79.44,AMGAON GNEISSIC COMPLEX,AMGAON GNEISSIC COMPLEX Gp.,ARCHAEAN,20.890612309330482
21.13,79.455,AMGAON GNEISSIC COMPLEX,AMGAON GNEISSIC COMPLEX Gp.,ARCHAEAN,21.146688853376396
21.13,79.47,AMGAON GNEISSIC COMPLEX,AMGAON GNEISSIC COMPLEX Gp.,ARCHAEAN,21.345288837157526
21.13,79.485,AMGAON GNEISSIC COMPLEX,AMGAON GNEISSIC COMPLEX Gp.,ARCHAEAN,21.65437753274447
21.13,79.5,AMGAON GNEISSIC COMPLEX,AMGAON GNEISSIC COMPLEX Gp.,ARCHAEAN,22.06931312543174
21.13,79.515,AMGAON GNEISSIC COMPLEX,AMGAON GNEISSIC COMPLEX Gp.,ARCHAEAN,22.58426226456949
21.13,79.53,AMGAON GNEISSIC COMPLEX,AMGAON GNEISSIC COMPLEX Gp.,ARCHAEAN,23.192564044325493
21.13,79.545,AMGAON GNEISSIC COMPLEX,AMGAON GNEISSIC COMPLEX Gp.,ARCHAEAN,23.88708765367181
21.13,79.56,AMGAON GNEISSIC COMPLEX,AMGAON GNEISSIC COMPLEX Gp.,ARCHAEAN,24.660549282346476
21.13,79.575,SAKOLI,SAKOLI Gp,PALAEOPROTEROZOIC,25.088462653081397
21.13,79.59,SAKOLI,SAKOLI Gp,PALAEOPROTEROZOIC,25.022196545196625
21.13,79.605,SAKOLI,SAKOLI Gp,PALAEOPROTEROZOIC,25.051393777538113
21.13,79.62,SAKOLI,SAKOLI Gp,PALAEOPROTEROZOIC,25.177095645782483
21.13,79.635,SAKOLI,SAKOLI Gp,PALAEOPROTEROZOIC,25.39786929695603
21.13,79.65,SAKOLI,SAKOLI Gp,PALAEOPROTEROZOIC,25.711265803192628
21.13,79.665,SAKOLI,SAKOLI Gp,PALAEOPROTEROZOIC,26.11395064497829
21.13,79.68,SAKOLI,SAKOLI Gp,PALAEOPROTEROZOIC,26.601869334373472
21.13,79.695,SAKOLI,SAKOLI Gp,PALAEOPROTEROZOIC,27.170430445367344
21.13,79.71,SAKOLI,SAKOLI Gp,PALAEOPROTEROZOIC,27.81468917314761
21.13,79.725,SAKOLI,SAKOLI Gp,PALAEOPROTEROZOIC,28.529517726731086
21.13,79.74,SAKOLI,SAKOLI Gp,PALAEOPROTEROZOIC,29.309753229082126
21.13,79.755,SAKOLI,SAKOLI Gp,PALAEOPROTEROZOIC,30.150318268441147
21.13,79.77,SAKOLI,SAKOLI Gp,PALAEOPROTEROZOIC,31.04631304576567
21.13,79.785,SAKOLI,SAKOLI Gp,PALAEOPROTEROZOIC,31.28524875519454
21.13,79.8,SAKOLI,SAKOLI Gp,PALAEOPROTEROZOIC,31.481896064993354
21.13,79.815,AMGAON GNEISSIC COMPLEX,AMGAON GNEISSIC COMPLEX Gp.,ARCHAEAN,31.75381197161161
21.13,79.83,AMGAON GNEISSIC COMPLEX,AMGAON GNEISSIC COMPLEX Gp.,ARCHAEAN,32.074616904095734
21.13,79.845,AMGAON GNEISSIC COMPLEX,AMGAON GNEISSIC COMPLEX Gp.,ARCHAEAN,32.465875556872184
21.13,79.86,AMGAON GNEISSIC COMPLEX,AMGAON GNEISSIC COMPLEX Gp.,ARCHAEAN,32.92623432026346
21.13,79.875,AMGAON GNEISSIC COMPLEX,AMGAON GNEISSIC COMPLEX Gp.,ARCHAEAN,33.35685880665304
21.13,79.89,AMGAON GNEISSIC COMPLEX,AMGAON GNEISSIC COMPLEX Gp.,ARCHAEAN,33.78843356261453
21.13,79.905,AMGAON GNEISSIC COMPLEX,AMGAON GNEISSIC COMPLEX Gp.,ARCHAEAN,34.285394273541975
21.13,79.92,AMGAON GNEISSIC COMPLEX,AMGAON GNEISSIC COMPLEX Gp.,ARCHAEAN,34.844943436286584
21.13,79.935,AMGAON GNEISSIC COMPLEX,AMGAON GNEISSIC COMPLEX Gp.,ARCHAEAN,35.46411863239487
21.13,79.95,AMGAON GNEISSIC COMPLEX,AMGAON GNEISSIC COMPLEX Gp.,ARCHAEAN,36.13985531758423
21.13,79.965,AMGAON GNEISSIC COMPLEX,AMGAON GNEISSIC COMPLEX Gp.,ARCHAEAN,36.86904364216739
21.13,79.98,SAKOLI,SAKOLI Gp,PALAEOPROTEROZOIC,37.64857793475
21.13,79.995,SAKOLI,SAKOLI Gp,PALAEOPROTEROZOIC,38.460755147728825
21.13,80.01,SAKOLI,SAKOLI Gp,PALAEOPROTEROZOIC,39.31657681983096
21.13,80.025,AMGAON GNEISSIC COMPLEX,AMGAON GNEISSIC COMPLEX Gp.,ARCHAEAN,40.214531500871274
21.13,80.04,AMGAON GNEISSIC COMPLEX,AMGAON GNEISSIC COMPLEX Gp.,ARCHAEAN,41.151861191788704
21.13,80.055,AMGAON GNEISSIC COMPLEX,AMGAON GNEISSIC COMPLEX Gp.,ARCHAEAN,42.1259376153303
21.13,80.07,AMGAON GNEISSIC COMPLEX,AMGAON GNEISSIC COMPLEX Gp.,ARCHAEAN,43.13427135239276
21.13,80.085,AMGAON GNEISSIC COMPLEX,AMGAON GNEISSIC COMPLEX Gp.,ARCHAEAN,44.17451657847382
21.13,80.1,AMGAON GNEISSIC COMPLEX,AMGAON GNEISSIC COMPLEX Gp.,ARCHAEAN,45.244472253421684
21.13,80.115,AMGAON GNEISSIC COMPLEX,AMGAON GNEISSIC COMPLEX Gp.,ARCHAEAN,46.34208053970182
21.13,80.13,AMGAON GNEISSIC COMPLEX,AMGAON GNEISSIC COMPLEX Gp.,ARCHAEAN,47.4654231279418
21.13,80.145,AMGAON GNEISSIC COMPLEX,AMGAON GNEISSIC COMPLEX Gp.,ARCHAEAN,48.61271604621238
21.13,80.16,AMGAON GNEISSIC COMPLEX,AMGAON GNEISSIC COMPLEX Gp.,ARCHAEAN,49.78230342976884
21.13,80.175,AMGAON GNEISSIC COMPLEX,AMGAON GNEISSIC COMPLEX Gp.,ARCHAEAN,50.97265063606417
21.13,80.19,,DONGARGARH GRANITE,PALAEOPROTEROZOIC,52.182337008490805
21.13,80.205,,DONGARGARH GRANITE,PALAEOPROTEROZOIC,53.41004852252005
21.13,80.22,,DONGARGARH GRANITE,PALAEOPROTEROZOIC,54.654570489547886
21.13,80.235,,DONGARGARH GRANITE,PALAEOPROTEROZOIC,55.442602445305944
21.13,80.25,,DONGARGARH GRANITE,PALAEOPROTEROZOIC,55.50825471584028
21.13,80.265,,DONGARGARH GRANITE,PALAEOPROTEROZOIC,55.60528113882494
21.13,80.28,KHAIRAGARH,KHAIRAGARH Gp.,PALAEOPROTEROZOIC - MESOPROTEROZOIC,55.74044841059874
21.13,80.295,KHAIRAGARH,KHAIRAGARH Gp.,PALAEOPROTEROZOIC - MESOPROTEROZOIC,55.91868821968426
21.13,80.31,KHAIRAGARH,KHAIRAGARH Gp.,PALAEOPROTEROZOIC - MESOPROTEROZOIC,56.13028915486829
21.13,80.325,NANDGAON,NANDGAON Gp.(BIJLI RHYOLITE Fm.),PALAEOPROTEROZOIC,56.38002996899566
21.13,80.34,KHAIRAGARH,KHAIRAGARH Gp.,PALAEOPROTEROZOIC - MESOPROTEROZOIC,56.67149197532523
21.13,80.355,NANDGAON,NANDGAON Gp.(BIJLI RHYOLITE Fm.),PALAEOPROTEROZOIC,57.004035215260274
21.13,80.37,NANDGAON,NANDGAON Gp.(BIJLI RHYOLITE Fm.),PALAEOPROTEROZOIC,57.37694540183097
21.13,80.385,NANDGAON,NANDGAON Gp.(BIJLI RHYOLITE Fm.),PALAEOPROTEROZOIC,57.77264879213603
21.13,80.4,NANDGAON,NANDGAON Gp.(BIJLI RHYOLITE Fm.),PALAEOPROTEROZOIC,58.200126187414774
21.13,80.415,KHAIRAGARH,KHAIRAGARH Gp.,PALAEOPROTEROZOIC - MESOPROTEROZOIC,58.608377358097215
21.13,80.43,KHAIRAGARH,KHAIRAGARH Gp.,PALAEOPROTEROZOIC - MESOPROTEROZOIC,59.01045715756891
21.13,80.445,KHAIRAGARH,KHAIRAGARH Gp.,PALAEOPROTEROZOIC - MESOPROTEROZOIC,59.450635118980465
21.13,80.46,KHAIRAGARH,KHAIRAGARH Gp.,PALAEOPROTEROZOIC - MESOPROTEROZOIC,59.89049910378449
21.13,80.475,KHAIRAGARH,KHAIRAGARH Gp.,PALAEOPROTEROZOIC - MESOPROTEROZOIC,60.32213787290892
21.13,80.49,KHAIRAGARH,KHAIRAGARH Gp.,PALAEOPROTEROZOIC - MESOPROTEROZOIC,60.77617015657867
21.145,79.2,AMGAON GNEISSIC COMPLEX,AMGAON GNEISSIC COMPLEX Gp.,ARCHAEAN,20.70999473353619
21.145,79.215,AMGAON GNEISSIC COMPLEX,AMGAON GNEISSIC COMPLEX Gp.,ARCHAEAN,20.14787467046897
21.145,79.23,AMGAON GNEISSIC COMPLEX,AMGAON GNEISSIC COMPLEX Gp.,ARCHAEAN,19.693162474569775
21.145,79.245,AMGAON GNEISSIC COMPLEX,AMGAON GNEISSIC COMPLEX Gp.,ARCHAEAN,19.23599643664083
21.145,79.26,AMGAON GNEISSIC COMPLEX,AMGAON GNEISSIC COMPLEX Gp.,ARCHAEAN,18.868943287772005
21.145,79.275,AMGAON GNEISSIC COMPLEX,AMGAON GNEISSIC COMPLEX Gp.,ARCHAEAN,18.625286717871045
21.145,79.29,AMGAON GNEISSIC COMPLEX,AMGAON GNEISSIC COMPLEX Gp.,ARCHAEAN,18.396960188550416
21.145,79.305,AMGAON GNEISSIC COMPLEX,AMGAON GNEISSIC COMPLEX Gp.,ARCHAEAN,18.243919360817973
21.145,79.32,AMGAON GNEISSIC COMPLEX,AMGAON GNEISSIC COMPLEX Gp.,ARCHAEAN,18.223168378413153
21.145,79.335,AMGAON GNEISSIC COMPLEX,AMGAON GNEISSIC COMPLEX Gp.,ARCHAEAN,18.33515640759609
21.145,79.35,AMGAON GNEISSIC COMPLEX,AMGAON GNEISSIC COMPLEX Gp.,ARCHAEAN,18.439588039026678
21.145,79.365,AMGAON GNEISSIC COMPLEX,AMGAON GNEISSIC COMPLEX Gp.,ARCHAEAN,18.4752611477738
21.145,79.38,AMGAON GNEISSIC COMPLEX,AMGAON GNEISSIC COMPLEX Gp.,ARCHAEAN,18.587796224508466
21.145,79.395,AMGAON GNEISSIC COMPLEX,AMGAON GNEISSIC COMPLEX Gp.,ARCHAEAN,18.701408831036144
21.145,79.41,AMGAON GNEISSIC COMPLEX,AMGAON GNEISSIC COMPLEX Gp.,ARCHAEAN,18.814577488955894
21.145,79.425,AMGAON GNEISSIC COMPLEX,AMGAON GNEISSIC COMPLEX Gp.,ARCHAEAN,18.98176312695941
21.145,79.44,AMGAON GNEISSIC COMPLEX,AMGAON GNEISSIC COMPLEX Gp.,ARCHAEAN,19.244157955814316
21.145,79.455,AMGAON GNEISSIC COMPLEX,AMGAON GNEISSIC COMPLEX Gp.,ARCHAEAN,19.484436874909
21.145,79.47,AMGAON GNEISSIC COMPLEX,AMGAON GNEISSIC COMPLEX Gp.,ARCHAEAN,19.699758330136476
21.145,79.485,AMGAON GNEISSIC COMPLEX,AMGAON GNEISSIC COMPLEX Gp.,ARCHAEAN,20.034183258578302
21.145,79.5,AMGAON GNEISSIC COMPLEX,AMGAON GNEISSIC COMPLEX Gp.,ARCHAEAN,20.481878381873724
21.145,79.515,AMGAON GNEISSIC COMPLEX,AMGAON GNEISSIC COMPLEX Gp.,ARCHAEAN,21.035612848226776
21.145,79.53,AMGAON GNEISSIC COMPLEX,AMGAON GNEISSIC COMPLEX Gp.,ARCHAEAN,21.687265765654974
21.145,79.545,AMGAON GNEISSIC COMPLEX,AMGAON GNEISSIC COMPLEX Gp.,ARCHAEAN,22.428303714700913
21.145,79.56,AMGAON GNEISSIC COMPLEX,AMGAON GNEISSIC COMPLEX Gp.,ARCHAEAN,23.250181532337184
21.145,79.575,AMGAON GNEISSIC COMPLEX,AMGAON GNEISSIC COMPLEX Gp.,ARCHAEAN,23.421741860150885
21.145,79.59,AMGAON GNEISSIC COMPLEX,AMGAON GNEISSIC COMPLEX Gp.,ARCHAEAN,23.3525329398029
21.145,79.605,AMGAON GNEISSIC COMPLEX,AMGAON GNEISSIC COMPLEX Gp.,ARCHAEAN,23.383808693733094
21.145,79.62,AMGAON GNEISSIC COMPLEX,AMGAON GNEISSIC COMPLEX Gp.,ARCHAEAN,23.518398031853387
21.145,79.635,AMGAON GNEISSIC COMPLEX,AMGAON GNEISSIC COMPLEX Gp.,ARCHAEAN,23.754544945826954
21.145,79.65,AMGAON GNEISSIC COMPLEX,AMGAON GNEISSIC COMPLEX Gp.,ARCHAEAN,24.08926291568487
21.145,79.665,SAKOLI,SAKOLI Gp,PALAEOPROTEROZOIC,24.5185153036989
21.145,79.68,SAKOLI,SAKOLI Gp,PALAEOPROTEROZOIC,25.037440368645797
21.145,79.695,SAKOLI,SAKOLI Gp,PALAEOPROTEROZOIC,25.640594189064526
21.145,79.71,SAKOLI,SAKOLI Gp,PALAEOPROTEROZOIC,26.32218727921677
21.145,79.725,SAKOLI,SAKOLI Gp,PALAEOPROTEROZOIC,27.07629661890789
21.145,79.74,SAKOLI,SAKOLI Gp,PALAEOPROTEROZOIC,27.897042077378995
21.145,79.755,SAKOLI,SAKOLI Gp,PALAEOPROTEROZOIC,28.778722997695272
21.145,79.77,SAKOLI,SAKOLI Gp,PALAEOPROTEROZOIC,29.489362653075528
21.145,79.785,SAKOLI,SAKOLI Gp,PALAEOPROTEROZOIC,29.624569441081118
21.145,79.8,SAKOLI,SAKOLI Gp,PALAEOPROTEROZOIC,29.83212373192518
21.145,79.815,SAKOLI,SAKOLI Gp,PALAEOPROTEROZOIC,30.114427177034234
21.145,79.83,AMGAON GNEISSIC COMPLEX,AMGAON GNEISSIC COMPLEX Gp.,ARCHAEAN,30.4511874373742
21.145,79.845,AMGAON GNEISSIC COMPLEX,AMGAON GNEISSIC COMPLEX Gp.,ARCHAEAN,30.862950784562777
21.145,79.86,AMGAON GNEISSIC COMPLEX,AMGAON GNEISSIC COMPLEX Gp.,ARCHAEAN,31.346761691658703
21.145,79.875,AMGAON GNEISSIC COMPLEX,AMGAON GNEISSIC COMPLEX Gp.,ARCHAEAN,31.745132628323923
21.145,79.89,AMGAON GNEISSIC COMPLEX,AMGAON GNEISSIC COMPLEX Gp.,ARCHAEAN,32.19822655338006
21.145,79.905,AMGAON GNEISSIC COMPLEX,AMGAON GNEISSIC COMPLEX Gp.,ARCHAEAN,32.719244542237696
21.145,79.92,AMGAON GNEISSIC COMPLEX,AMGAON GNEISSIC COMPLEX Gp.,ARCHAEAN,33.304998968409585
21.145,79.935,AMGAON GNEISSIC COMPLEX,AMGAON GNEISSIC COMPLEX Gp.,ARCHAEAN,33.95213942884639
21.145,79.95,AMGAON GNEISSIC COMPLEX,AMGAON GNEISSIC COMPLEX Gp.,ARCHAEAN,34.65722738398063
21.145,79.965,AMGAON GNEISSIC COMPLEX,AMGAON GNEISSIC COMPLEX Gp.,ARCHAEAN,35.4168020963652
21.145,79.98,SAKOLI,SAKOLI Gp,PALAEOPROTEROZOIC,36.21801526360402
21.145,79.995,SAKOLI,SAKOLI Gp,PALAEOPROTEROZOIC,37.06000350714653
21.145,80.01,SAKOLI,SAKOLI Gp,PALAEOPROTEROZOIC,37.947251717401386
21.145,80.025,SAKOLI,SAKOLI Gp,PALAEOPROTEROZOIC,38.8766612313478
21.145,80.04,AMGAON GNEISSIC COMPLEX,AMGAON GNEISSIC COMPLEX Gp.,ARCHAEAN,39.845281862840295
21.145,80.055,AMGAON GNEISSIC COMPLEX,AMGAON GNEISSIC COMPLEX Gp.,ARCHAEAN,40.850324449145425
21.145,80.07,AMGAON GNEISSIC COMPLEX,AMGAON GNEISSIC COMPLEX Gp.,ARCHAEAN,41.88916746738556
21.145,80.085,AMGAON GNEISSIC COMPLEX,AMGAON GNEISSIC COMPLEX Gp.,ARCHAEAN,42.95935890187406
21.145,80.1,AMGAON GNEISSIC COMPLEX,AMGAON GNEISSIC COMPLEX Gp.,ARCHAEAN,44.058614436321406
21.145,80.115,AMGAON GNEISSIC COMPLEX,AMGAON GNEISSIC COMPLEX Gp.,ARCHAEAN,45.18481290739049
21.145,80.13,AMGAON GNEISSIC COMPLEX,AMGAON GNEISSIC COMPLEX Gp.,ARCHAEAN,46.33598980859678
21.145,80.145,AMGAON GNEISSIC COMPLEX,AMGAON GNEISSIC COMPLEX Gp.,ARCHAEAN,47.510329489995506
21.145,80.16,AMGAON GNEISSIC COMPLEX,AMGAON GNEISSIC COMPLEX Gp.,ARCHAEAN,48.70615656765106
21.145,80.175,AMGAON GNEISSIC COMPLEX,AMGAON GNEISSIC COMPLEX Gp.,ARCHAEAN,49.92192694173764
21.145,80.19,,DONGARGARH GRANITE,PALAEOPROTEROZOIC,51.156218724597814
21.145,80.205,,DONGARGARH GRANITE,PALAEOPROTEROZOIC,52.407723299725994
21.145,80.22,,DONGARGARH GRANITE,PALAEOPROTEROZOIC,53.67523666795931
21.145,80.235,,DONGARGARH GRANITE,PALAEOPROTEROZOIC,53.773479172945926
21.145,80.25,,DONGARGARH GRANITE,PALAEOPROTEROZOIC,53.841153067515926
21.145,80.265,,DONGARGARH GRANITE,PALAEOPROTEROZOIC,53.940028485078514
21.145,80.28,KHAIRAGARH,KHAIRAGARH Gp.,PALAEOPROTEROZOIC - MESOPROTEROZOIC,54.079329924450654
21.145,80.295,KHAIRAGARH,KHAIRAGARH Gp.,PALAEOPROTEROZOIC - MESOPROTEROZOIC,54.262989226756915
21.145,80.31,KHAIRAGARH,KHAIRAGARH Gp.,PALAEOPROTEROZOIC - MESOPROTEROZOIC,54.479011509076926
21.145,80.325,NANDGAON,NANDGAON Gp.(BIJLI RHYOLITE Fm.),PALAEOPROTEROZOIC,54.736235038670976
21.145,80.34,NANDGAON,NANDGAON Gp.(BIJLI RHYOLITE Fm.),PALAEOPROTEROZOIC,55.036342357120525
21.145,80.355,NANDGAON,NANDGAON Gp.(BIJLI RHYOLITE Fm.),PALAEOPROTEROZOIC,55.37863628269275
21.145,80.37,NANDGAON,NANDGAON Gp.(BIJLI RHYOLITE Fm.),PALAEOPROTEROZOIC,55.7623399405945
21.145,80.385,NANDGAON,NANDGAON Gp.(BIJLI RHYOLITE Fm.),PALAEOPROTEROZOIC,56.16246674818435
21.145,80.4,NANDGAON,NANDGAON Gp.(BIJLI RHYOLITE Fm.),PALAEOPROTEROZOIC,56.592076430918866
21.145,80.415,KHAIRAGARH,KHAIRAGARH Gp.,PALAEOPROTEROZOIC - MESOPROTEROZOIC,56.99089365279791
21.145,80.43,KHAIRAGARH,KHAIRAGARH Gp.,PALAEOPROTEROZOIC - MESOPROTEROZOIC,57.40422061294575
21.145,80.445,KHAIRAGARH,KHAIRAGARH Gp.,PALAEOPROTEROZOIC - MESOPROTEROZOIC,57.85652903220144
21.145,80.46,KHAIRAGARH,KHAIRAGARH Gp.,PALAEOPROTEROZOIC - MESOPROTEROZOIC,58.281698375048435
21.145,80.475,KHAIRAGARH,KHAIRAGARH Gp.,PALAEOPROTEROZOIC - MESOPROTEROZOIC,58.72507383758182
21.145,80.49,KHAIRAGARH,KHAIRAGARH Gp.,PALAEOPROTEROZOIC - MESOPROTEROZOIC,59.17329989553408
21.16,79.2,TIRODI GNEISSIC COMPLEX,TIRODI GNEISSIC COMPLEX Gp.,ARCHAEAN,19.185919969408527
21.16,79.215,TIRODI GNEISSIC COMPLEX,TIRODI GNEISSIC COMPLEX Gp.,ARCHAEAN,18.577867191808547
21.16,79.23,TIRODI GNEISSIC COMPLEX,TIRODI GNEISSIC COMPLEX Gp.,ARCHAEAN,18.083821878249463
21.16,79.245,TIRODI GNEISSIC COMPLEX,TIRODI GNEISSIC COMPLEX Gp.,ARCHAEAN,17.635834632875625
21.16,79.26,TIRODI GNEISSIC COMPLEX,TIRODI GNEISSIC COMPLEX Gp.,ARCHAEAN,17.234818198912283
21.16,79.275,TIRODI GNEISSIC COMPLEX,TIRODI GNEISSIC COMPLEX Gp.,ARCHAEAN,16.967766308646247
21.16,79.29,AMGAON GNEISSIC COMPLEX,AMGAON GNEISSIC COMPLEX Gp.,ARCHAEAN,16.745245315091022
21.16,79.305,AMGAON GNEISSIC COMPLEX,AMGAON GNEISSIC COMPLEX Gp.,ARCHAEAN,16.57699689490531
21.16,79.32,AMGAON GNEISSIC COMPLEX,AMGAON GNEISSIC COMPLEX Gp.,ARCHAEAN,16.554161152069028
21.16,79.335,AMGAON GNEISSIC COMPLEX,AMGAON GNEISSIC COMPLEX Gp.,ARCHAEAN,16.677335424086472
21.16,79.35,AMGAON GNEISSIC COMPLEX,AMGAON GNEISSIC COMPLEX Gp.,ARCHAEAN,16.769830984270797
21.16,79.365,AMGAON GNEISSIC COMPLEX,AMGAON GNEISSIC COMPLEX Gp.,ARCHAEAN,16.80860979469866
21.16,79.38,AMGAON GNEISSIC COMPLEX,AMGAON GNEISSIC COMPLEX Gp.,ARCHAEAN,16.922363373675278
21.16,79.395,AMGAON GNEISSIC COMPLEX,AMGAON GNEISSIC COMPLEX Gp.,ARCHAEAN,17.035975933807233
21.16,79.41,AMGAON GNEISSIC COMPLEX,AMGAON GNEISSIC COMPLEX Gp.,ARCHAEAN,17.148816747871894
21.16,79.425,AMGAON GNEISSIC COMPLEX,AMGAON GNEISSIC COMPLEX Gp.,ARCHAEAN,17.332040881730233
21.16,79.44,AMGAON GNEISSIC COMPLEX,AMGAON GNEISSIC COMPLEX Gp.,ARCHAEAN,17.59771076125088
21.16,79.455,AMGAON GNEISSIC COMPLEX,AMGAON GNEISSIC COMPLEX Gp.,ARCHAEAN,17.823596013398852
21.16,79.47,AMGAON GNEISSIC COMPLEX,AMGAON GNEISSIC COMPLEX Gp.,ARCHAEAN,18.058683884825946
21.16,79.485,AMGAON GNEISSIC COMPLEX,AMGAON GNEISSIC COMPLEX Gp.,ARCHAEAN,18.422849737734584
21.16,79.5,AMGAON GNEISSIC COMPLEX,AMGAON GNEISSIC COMPLEX Gp.,ARCHAEAN,18.908637213455453
21.16,79.515,AMGAON GNEISSIC COMPLEX,AMGAON GNEISSIC COMPLEX Gp.,ARCHAEAN,19.50696209266957
21.16,79.53,AMGAON GNEISSIC COMPLEX,AMGAON GNEISSIC COMPLEX Gp.,ARCHAEAN,20.20783063328355
21.16,79.545,AMGAON GNEISSIC COMPLEX,AMGAON GNEISSIC COMPLEX Gp.,ARCHAEAN,21.000978732572165
21.16,79.56,AMGAON GNEISSIC COMPLEX,AMGAON GNEISSIC COMPLEX Gp.,ARCHAEAN,21.827917954830994
21.16,79.575,AMGAON GNEISSIC COMPLEX,AMGAON GNEISSIC COMPLEX Gp.,ARCHAEAN,21.755022023644624
21.16,79.59,AMGAON GNEISSIC COMPLEX,AMGAON GNEISSIC COMPLEX Gp.,ARCHAEAN,21.68289034080905
21.16,79.605,AMGAON GNEISSIC COMPLEX,AMGAON GNEISSIC COMPLEX Gp.,ARCHAEAN,21.716563995056536
21.16,79.62,AMGAON GNEISSIC COMPLEX,AMGAON GNEISSIC COMPLEX Gp.,ARCHAEAN,21.861390851797864
21.16,79.635,AMGAON GNEISSIC COMPLEX,AMGAON GNEISSIC COMPLEX Gp.,ARCHAEAN,22.115187274870795
21.16,79.65,AMGAON GNEISSIC COMPLEX,AMGAON GNEISSIC COMPLEX Gp.,ARCHAEAN,22.47426186627701
21.16,79.665,AMGAON GNEISSIC COMPLEX,AMGAON GNEISSIC COMPLEX Gp.,ARCHAEAN,22.933670109017203
21.16,79.68,SAKOLI,SAKOLI Gp,PALAEOPROTEROZOIC,23.487525261472634
21.16,79.695,SAKOLI,SAKOLI Gp,PALAEOPROTEROZOIC,24.129324506732882
21.16,79.71,SAKOLI,SAKOLI Gp,PALAEOPROTEROZOIC,24.85225541873417
21.16,79.725,SAKOLI,SAKOLI Gp,PALAEOPROTEROZOIC,25.649458817850988
21.16,79.74,SAKOLI,SAKOLI Gp,PALAEOPROTEROZOIC,26.5142360988039
21.16,79.755,SAKOLI,SAKOLI Gp,PALAEOPROTEROZOIC,27.440199236912402
21.16,79.77,SAKOLI,SAKOLI Gp,PALAEOPROTEROZOIC,27.823931454189623
21.16,79.785,SAKOLI,SAKOLI Gp,PALAEOPROTEROZOIC,27.96497635191603
21.16,79.8,SAKOLI,SAKOLI Gp,PALAEOPROTEROZOIC,28.184710293471795
21.16,79.815,SAKOLI,SAKOLI Gp,PALAEOPROTEROZOIC,28.477237936251875
21.16,79.83,AMGAON GNEISSIC COMPLEX,AMGAON GNEISSIC COMPLEX Gp.,ARCHAEAN,28.8330546590134
21.16,79.845,SAKOLI,SAKOLI Gp,PALAEOPROTEROZOIC,29.267504872558842
21.16,79.86,SAKOLI,SAKOLI Gp,PALAEOPROTEROZOIC,29.736958128033894
21.16,79.875,AMGAON GNEISSIC COMPLEX,AMGAON GNEISSIC COMPLEX Gp.,ARCHAEAN,30.13972988174938
21.16,79.89,AMGAON GNEISSIC COMPLEX,AMGAON GNEISSIC COMPLEX Gp.,ARCHAEAN,30.616495488299158
21.16,79.905,AMGAON GNEISSIC COMPLEX,AMGAON GNEISSIC COMPLEX Gp.,ARCHAEAN,31.163859110019068
21.16,79.92,AMGAON GNEISSIC COMPLEX,AMGAON GNEISSIC COMPLEX Gp.,ARCHAEAN,31.77817290652571
21.16,79.935,AMGAON GNEISSIC COMPLEX,AMGAON GNEISSIC COMPLEX Gp.,ARCHAEAN,32.455635441766056
21.16,79.95,AMGAON GNEISSIC COMPLEX,AMGAON GNEISSIC COMPLEX Gp.,ARCHAEAN,33.192380309107804
21.16,79.965,SAKOLI,SAKOLI Gp,PALAEOPROTEROZOIC,33.98103624583512
21.16,79.98,SAKOLI,SAKOLI Gp,PALAEOPROTEROZOIC,34.80729400840109
21.16,79.995,SAKOLI,SAKOLI Gp,PALAEOPROTEROZOIC,35.682410905621815
21.16,80.01,SAKOLI,SAKOLI Gp,PALAEOPROTEROZOIC,36.602882671886
21.16,80.025,SAKOLI,SAKOLI Gp,PALAEOPROTEROZOIC,37.565375437361425
21.16,80.04,AMGAON GNEISSIC COMPLEX,AMGAON GNEISSIC COMPLEX Gp.,ARCHAEAN,38.56674323315142
21.16,80.055,AMGAON GNEISSIC COMPLEX,AMGAON GNEISSIC COMPLEX Gp.,ARCHAEAN,39.604037363349654
21.16,80.07,AMGAON GNEISSIC COMPLEX,AMGAON GNEISSIC COMPLEX Gp.,ARCHAEAN,40.674509306777466
21.16,80.085,AMGAON GNEISSIC COMPLEX,AMGAON GNEISSIC COMPLEX Gp.,ARCHAEAN,41.77560866367583
21.16,80.1,AMGAON GNEISSIC COMPLEX,AMGAON GNEISSIC COMPLEX Gp.,ARCHAEAN,42.90497746296923
21.16,80.115,AMGAON GNEISSIC COMPLEX,AMGAON GNEISSIC COMPLEX Gp.,ARCHAEAN,44.06044192900314
21.16,80.13,AMGAON GNEISSIC COMPLEX,AMGAON GNEISSIC COMPLEX Gp.,ARCHAEAN,45.24000259575665
21.16,80.145,AMGAON GNEISSIC COMPLEX,AMGAON GNEISSIC COMPLEX Gp.,ARCHAEAN,46.44182346498606
21.16,80.16,AMGAON GNEISSIC COMPLEX,AMGAON GNEISSIC COMPLEX Gp.,ARCHAEAN,47.664220738890094
21.16,80.175,AMGAON GNEISSIC COMPLEX,AMGAON GNEISSIC COMPLEX Gp.,ARCHAEAN,48.90565151945326
21.16,80.19,AMGAON GNEISSIC COMPLEX,AMGAON GNEISSIC COMPLEX Gp.,ARCHAEAN,50.164702754452875
21.16,80.205,,DONGARGARH GRANITE,PALAEOPROTEROZOIC,51.44008062150441
21.16,80.22,,DONGARGARH GRANITE,PALAEOPROTEROZOIC,52.081062168556755
21.16,80.235,,DONGARGARH GRANITE,PALAEOPROTEROZOIC,52.10439926354362
21.16,80.25,,DONGARGARH GRANITE,PALAEOPROTEROZOIC,52.17422398683382
21.16,80.265,,DONGARGARH GRANITE,PALAEOPROTEROZOIC,52.27506592611978
21.16,80.28,KHAIRAGARH,KHAIRAGARH Gp.,PALAEOPROTEROZOIC - MESOPROTEROZOIC,52.41876306774346
21.16,80.295,KHAIRAGARH,KHAIRAGARH Gp.,PALAEOPROTEROZOIC - MESOPROTEROZOIC,52.60818154553655
21.16,80.31,KHAIRAGARH,KHAIRAGARH Gp.,PALAEOPROTEROZOIC - MESOPROTEROZOIC,52.82889820512124
21.16,80.325,KHAIRAGARH,KHAIRAGARH Gp.,PALAEOPROTEROZOIC - MESOPROTEROZOIC,53.09406300144584
21.16,80.34,NANDGAON,NANDGAON Gp.(BIJLI RHYOLITE Fm.),PALAEOPROTEROZOIC,53.40333703468153
21.16,80.355,NANDGAON,NANDGAON Gp.(BIJLI RHYOLITE Fm.),PALAEOPROTEROZOIC,53.75595898951041
21.16,80.37,NANDGAON,NANDGAON Gp.(BIJLI RHYOLITE Fm.),PALAEOPROTEROZOIC,54.14459351576968
21.16,80.385,NANDGAON,NANDGAON Gp.(BIJLI RHYOLITE Fm.),PALAEOPROTEROZOIC,54.55586889969702
21.16,80.4,NANDGAON,NANDGAON Gp.(BIJLI RHYOLITE Fm.),PALAEOPROTEROZOIC,54.9823258413883
21.16,80.415,NANDGAON,NANDGAON Gp.(BIJLI RHYOLITE Fm.),PALAEOPROTEROZOIC,55.37651543788498
21.16,80.43,KHAIRAGARH,KHAIRAGARH Gp.,PALAEOPROTEROZOIC - MESOPROTEROZOIC,55.80171564391883
21.16,80.445,KHAIRAGARH,KHAIRAGARH Gp.,PALAEOPROTEROZOIC - MESOPROTEROZOIC,56.26010753602731
21.16,80.46,KHAIRAGARH,KHAIRAGARH Gp.,PALAEOPROTEROZOIC - MESOPROTEROZOIC,56.67642616427744
21.16,80.475,KHAIRAGARH,KHAIRAGARH Gp.,PALAEOPROTEROZOIC - MESOPROTEROZOIC,57.13216874535813
21.16,80.49,KHAIRAGARH,KHAIRAGARH Gp.,PALAEOPROTEROZOIC - MESOPROTEROZOIC,57.57423393385703
21.175,79.2,TIRODI GNEISSIC COMPLEX,TIRODI GNEISSIC COMPLEX Gp.,ARCHAEAN,17.688177538069052
21.175,79.215,TIRODI GNEISSIC COMPLEX,TIRODI GNEISSIC COMPLEX Gp.,ARCHAEAN,17.026858314683828
21.175,79.23,TIRODI GNEISSIC COMPLEX,TIRODI GNEISSIC COMPLEX Gp.,ARCHAEAN,16.486510859543145
21.175,79.245,TIRODI GNEISSIC COMPLEX,TIRODI GNEISSIC COMPLEX Gp.,ARCHAEAN,16.04604192199141
21.175,79.26,TIRODI GNEISSIC COMPLEX,TIRODI GNEISSIC COMPLEX Gp.,ARCHAEAN,15.608246486287609
21.175,79.275,TIRODI GNEISSIC COMPLEX,TIRODI GNEISSIC COMPLEX Gp.,ARCHAEAN,15.31291432830376
21.175,79.29,TIRODI GNEISSIC COMPLEX,TIRODI GNEISSIC COMPLEX Gp.,ARCHAEAN,15.097509743366981
21.175,79.305,TIRODI GNEISSIC COMPLEX,TIRODI GNEISSIC COMPLEX Gp.,ARCHAEAN,14.910718373765862
21.175,79.32,AMGAON GNEISSIC COMPLEX,AMGAON GNEISSIC COMPLEX Gp.,ARCHAEAN,14.885331746249532
21.175,79.335,AMGAON GNEISSIC COMPLEX,AMGAON GNEISSIC COMPLEX Gp.,ARCHAEAN,15.022168178179056
21.175,79.35,AMGAON GNEISSIC COMPLEX,AMGAON GNEISSIC COMPLEX Gp.,ARCHAEAN,15.100073942893266
21.175,79.365,AMGAON GNEISSIC COMPLEX,AMGAON GNEISSIC COMPLEX Gp.,ARCHAEAN,15.14265220910147
21.175,79.38,AMGAON GNEISSIC COMPLEX,AMGAON GNEISSIC COMPLEX Gp.,ARCHAEAN,15.256931879468159
21.175,79.395,AMGAON GNEISSIC COMPLEX,AMGAON GNEISSIC COMPLEX Gp.,ARCHAEAN,15.370544393177697
21.175,79.41,AMGAON GNEISSIC COMPLEX,AMGAON GNEISSIC COMPLEX Gp.,ARCHAEAN,15.483926166001485
21.175,79.425,AMGAON GNEISSIC COMPLEX,AMGAON GNEISSIC COMPLEX Gp.,ARCHAEAN,15.686567948585799
21.175,79.44,AMGAON GNEISSIC COMPLEX,AMGAON GNEISSIC COMPLEX Gp.,ARCHAEAN,15.951270731876606
21.175,79.455,AMGAON GNEISSIC COMPLEX,AMGAON GNEISSIC COMPLEX Gp.,ARCHAEAN,16.16460123267264
21.175,79.47,AMGAON GNEISSIC COMPLEX,AMGAON GNEISSIC COMPLEX Gp.,ARCHAEAN,16.4234013438517
21.175,79.485,AMGAON GNEISSIC COMPLEX,AMGAON GNEISSIC COMPLEX Gp.,ARCHAEAN,16.822923265431214
21.175,79.5,AMGAON GNEISSIC COMPLEX,AMGAON GNEISSIC COMPLEX Gp.,ARCHAEAN,17.35345036272017
21.175,79.515,AMGAON GNEISSIC COMPLEX,AMGAON GNEISSIC COMPLEX Gp.,ARCHAEAN,18.003404916616407
21.175,79.53,AMGAON GNEISSIC COMPLEX,AMGAON GNEISSIC COMPLEX Gp.,ARCHAEAN,18.76037831429185
21.175,79.545,AMGAON GNEISSIC COMPLEX,AMGAON GNEISSIC COMPLEX Gp.,ARCHAEAN,19.588092059726463
21.175,79.56,AMGAON GNEISSIC COMPLEX,AMGAON GNEISSIC COMPLEX Gp.,ARCHAEAN,20.19127900058814
21.175,79.575,AMGAON GNEISSIC COMPLEX,AMGAON GNEISSIC COMPLEX Gp.,ARCHAEAN,20.088303144394573
21.175,79.59,AMGAON GNEISSIC COMPLEX,AMGAON GNEISSIC COMPLEX Gp.,ARCHAEAN,20.01327400570351
21.175,79.605,AMGAON GNEISSIC COMPLEX,AMGAON GNEISSIC COMPLEX Gp.,ARCHAEAN,20.049744596283432
21.175,79.62,AMGAON GNEISSIC COMPLEX,AMGAON GNEISSIC COMPLEX Gp.,ARCHAEAN,20.206489975462695
21.175,79.635,AMGAON GNEISSIC COMPLEX,AMGAON GNEISSIC COMPLEX Gp.,ARCHAEAN,20.480748831138996
21.175,79.65,AMGAON GNEISSIC COMPLEX,AMGAON GNEISSIC COMPLEX Gp.,ARCHAEAN,20.867888370493485
21.175,79.665,AMGAON GNEISSIC COMPLEX,AMGAON GNEISSIC COMPLEX Gp.,ARCHAEAN,21.361772262759516
21.175,79.68,AMGAON GNEISSIC COMPLEX,AMGAON GNEISSIC COMPLEX Gp.,ARCHAEAN,21.955198021700365
21.175,79.695,AMGAON GNEISSIC COMPLEX,AMGAON GNEISSIC COMPLEX Gp.,ARCHAEAN,22.640339726725994
21.175,79.71,AMGAON GNEISSIC COMPLEX,AMGAON GNEISSIC COMPLEX Gp.,ARCHAEAN,23.409145702364587
21.175,79.725,SAKOLI,SAKOLI Gp,PALAEOPROTEROZOIC,24.253661144061333
21.175,79.74,SAKOLI,SAKOLI Gp,PALAEOPROTEROZOIC,25.166265358030692
21.175,79.755,SAKOLI,SAKOLI Gp,PALAEOPROTEROZOIC,26.08183329471677
21.175,79.77,SAKOLI,SAKOLI Gp,PALAEOPROTEROZOIC,26.159057265675365
21.175,79.785,SAKOLI,SAKOLI Gp,PALAEOPROTEROZOIC,26.306675066536272
21.175,79.8,SAKOLI,SAKOLI Gp,PALAEOPROTEROZOIC,26.54009502165388
21.175,79.815,SAKOLI,SAKOLI Gp,PALAEOPROTEROZOIC,26.8440663267758
21.175,79.83,SAKOLI,SAKOLI Gp,PALAEOPROTEROZOIC,27.221163153292306
21.175,79.845,SAKOLI,SAKOLI Gp,PALAEOPROTEROZOIC,27.680831033107154
21.175,79.86,AMGAON GNEISSIC COMPLEX,AMGAON GNEISSIC COMPLEX Gp.,ARCHAEAN,28.1161500779803
21.175,79.875,AMGAON GNEISSIC COMPLEX,AMGAON GNEISSIC COMPLEX Gp.,ARCHAEAN,28.5417176202807
21.175,79.89,AMGAON GNEISSIC COMPLEX,AMGAON GNEISSIC COMPLEX Gp.,ARCHAEAN,29.04462516589981
21.175,79.905,AMGAON GNEISSIC COMPLEX,AMGAON GNEISSIC COMPLEX Gp.,ARCHAEAN,29.620933714905885
21.175,79.92,AMGAON GNEISSIC COMPLEX,AMGAON GNEISSIC COMPLEX Gp.,ARCHAEAN,30.266450635340856
21.175,79.935,AMGAON GNEISSIC COMPLEX,AMGAON GNEISSIC COMPLEX Gp.,ARCHAEAN,30.976849594231666
21.175,79.95,AMGAON GNEISSIC COMPLEX,AMGAON GNEISSIC COMPLEX Gp.,ARCHAEAN,31.74777542299973
21.175,79.965,SAKOLI,SAKOLI Gp,PALAEOPROTEROZOIC,32.55920538389944
21.175,79.98,SAKOLI,SAKOLI Gp,PALAEOPROTEROZOIC,33.420461167138015
21.175,79.995,SAKOLI,SAKOLI Gp,PALAEOPROTEROZOIC,34.330765368993184
21.175,80.01,SAKOLI,SAKOLI Gp,PALAEOPROTEROZOIC,35.286322191764235
21.175,80.025,SAKOLI,SAKOLI Gp,PALAEOPROTEROZOIC,36.2835565184089
21.175,80.04,AMGAON GNEISSIC COMPLEX,AMGAON GNEISSIC COMPLEX Gp.,ARCHAEAN,37.31912740447722
21.175,80.055,AMGAON GNEISSIC COMPLEX,AMGAON GNEISSIC COMPLEX Gp.,ARCHAEAN,38.38993258189028
21.175,80.07,AMGAON GNEISSIC COMPLEX,AMGAON GNEISSIC COMPLEX Gp.,ARCHAEAN,39.49310615608658
21.175,80.085,AMGAON GNEISSIC COMPLEX,AMGAON GNEISSIC COMPLEX Gp.,ARCHAEAN,40.626011382774166
21.175,80.1,AMGAON GNEISSIC COMPLEX,AMGAON GNEISSIC COMPLEX Gp.,ARCHAEAN,41.78623008473146
21.175,80.115,AMGAON GNEISSIC COMPLEX,AMGAON GNEISSIC COMPLEX Gp.,ARCHAEAN,42.97154995247886
21.175,80.13,AMGAON GNEISSIC COMPLEX,AMGAON GNEISSIC COMPLEX Gp.,ARCHAEAN,44.17995068745669
21.175,80.145,AMGAON GNEISSIC COMPLEX,AMGAON GNEISSIC COMPLEX Gp.,ARCHAEAN,45.40958970280696
21.175,80.16,AMGAON GNEISSIC COMPLEX,AMGAON GNEISSIC COMPLEX Gp.,ARCHAEAN,46.65878789694273
21.175,80.175,AMGAON GNEISSIC COMPLEX,AMGAON GNEISSIC COMPLEX Gp.,ARCHAEAN,47.926015856212736
21.175,80.19,AMGAON GNEISSIC COMPLEX,AMGAON GNEISSIC COMPLEX Gp.,ARCHAEAN,49.20988072015079
21.175,80.205,,DONGARGARH GRANITE,PALAEOPROTEROZOIC,50.43523884417601
21.175,80.22,,DONGARGARH GRANITE,PALAEOPROTEROZOIC,50.41126216991873
21.175,80.235,,DONGARGARH GRANITE,PALAEOPROTEROZOIC,50.43536702218916
21.175,80.25,,DONGARGARH GRANITE,PALAEOPROTEROZOIC,50.5074845598652
21.175,80.265,,DONGARGARH GRANITE,PALAEOPROTEROZOIC,50.610422092252264
21.175,80.28,,DONGARGARH GRANITE,PALAEOPROTEROZOIC,50.75880197995508
21.175,80.295,,DONGARGARH GRANITE,PALAEOPROTEROZOIC,50.95258818456639
21.175,80.31,KHAIRAGARH,KHAIRAGARH Gp.,PALAEOPROTEROZOIC - MESOPROTEROZOIC,51.18006186295278
21.175,80.325,KHAIRAGARH,KHAIRAGARH Gp.,PALAEOPROTEROZOIC - MESOPROTEROZOIC,51.45366924417327
21.175,80.34,KHAIRAGARH,KHAIRAGARH Gp.,PALAEOPROTEROZOIC - MESOPROTEROZOIC,51.77267891354802
21.175,80.355,NANDGAON,NANDGAON Gp.(BIJLI RHYOLITE Fm.),PALAEOPROTEROZOIC,52.13625745951991
21.175,80.37,NANDGAON,NANDGAON Gp.(BIJLI RHYOLITE Fm.),PALAEOPROTEROZOIC,52.52944572028541
21.175,80.385,NANDGAON,NANDGAON Gp.(BIJLI RHYOLITE Fm.),PALAEOPROTEROZOIC,52.95318148092959
21.175,80.4,NANDGAON,NANDGAON Gp.(BIJLI RHYOLITE Fm.),PALAEOPROTEROZOIC,53.369624678059836
21.175,80.415,NANDGAON,NANDGAON Gp.(BIJLI RHYOLITE Fm.),PALAEOPROTEROZOIC,53.765522453092736
21.175,80.43,KHAIRAGARH,KHAIRAGARH Gp.,PALAEOPROTEROZOIC - MESOPROTEROZOIC,54.203273220669196
21.175,80.445,KHAIRAGARH,KHAIRAGARH Gp.,PALAEOPROTEROZOIC - MESOPROTEROZOIC,54.646560584809464
21.175,80.46,KHAIRAGARH,KHAIRAGARH Gp.,PALAEOPROTEROZOIC - MESOPROTEROZOIC,55.074991009880485
21.175,80.475,KHAIRAGARH,KHAIRAGARH Gp.,PALAEOPROTEROZOIC - MESOPROTEROZOIC,55.53011026066667
21.175,80.49,KHAIRAGARH,KHAIRAGARH Gp.,PALAEOPROTEROZOIC - MESOPROTEROZOIC,55.979298285600564
21.19,79.2,TIRODI GNEISSIC COMPLEX,TIRODI GNEISSIC COMPLEX Gp.,ARCHAEAN,16.224061775766717
21.19,79.215,TIRODI GNEISSIC COMPLEX,TIRODI GNEISSIC COMPLEX Gp.,ARCHAEAN,15.500552175805423
21.19,79.23,TIRODI GNEISSIC COMPLEX,TIRODI GNEISSIC COMPLEX Gp.,ARCHAEAN,14.905097384584701
21.19,79.245,TIRODI GNEISSIC COMPLEX,TIRODI GNEISSIC COMPLEX Gp.,ARCHAEAN,14.4457871083064
21.19,79.26,TIRODI GNEISSIC COMPLEX,TIRODI GNEISSIC COMPLEX Gp.,ARCHAEAN,13.99186266654216
21.19,79.275,TIRODI GNEISSIC COMPLEX,TIRODI GNEISSIC COMPLEX Gp.,ARCHAEAN,13.661700497616714
21.19,79.29,TIRODI GNEISSIC COMPLEX,TIRODI GNEISSIC COMPLEX Gp.,ARCHAEAN,13.455215477461811
21.19,79.305,TIRODI GNEISSIC COMPLEX,TIRODI GNEISSIC COMPLEX Gp.,ARCHAEAN,13.245326826781682
21.19,79.32,TIRODI GNEISSIC COMPLEX,TIRODI GNEISSIC COMPLEX Gp.,ARCHAEAN,13.21674751932984
21.19,79.335,TIRODI GNEISSIC COMPLEX,TIRODI GNEISSIC COMPLEX Gp.,ARCHAEAN,13.370640234082783
21.19,79.35,TIRODI GNEISSIC COMPLEX,TIRODI GNEISSIC COMPLEX Gp.,ARCHAEAN,13.430316914904866
21.19,79.365,AMGAON GNEISSIC COMPLEX,AMGAON GNEISSIC COMPLEX Gp.,ARCHAEAN,13.477645661041954
21.19,79.38,AMGAON GNEISSIC COMPLEX,AMGAON GNEISSIC COMPLEX Gp.,ARCHAEAN,13.591501743063246
21.19,79.395,AMGAON GNEISSIC COMPLEX,AMGAON GNEISSIC COMPLEX Gp.,ARCHAEAN,13.705114210323671
21.19,79.41,AMGAON GNEISSIC COMPLEX,AMGAON GNEISSIC COMPLEX Gp.,ARCHAEAN,13.82022022524584
21.19,79.425,AMGAON GNEISSIC COMPLEX,AMGAON GNEISSIC COMPLEX Gp.,ARCHAEAN,14.042898704265431
21.19,79.44,AMGAON GNEISSIC COMPLEX,AMGAON GNEISSIC COMPLEX Gp.,ARCHAEAN,14.304837873921617
21.19,79.455,AMGAON GNEISSIC COMPLEX,AMGAON GNEISSIC COMPLEX Gp.,ARCHAEAN,14.508085842727285
21.19,79.47,AMGAON GNEISSIC COMPLEX,AMGAON GNEISSIC COMPLEX Gp.,ARCHAEAN,14.795831251198088
21.19,79.485,AMGAON GNEISSIC COMPLEX,AMGAON GNEISSIC COMPLEX Gp.,ARCHAEAN,15.237997343681089
21.19,79.5,AMGAON GNEISSIC COMPLEX,AMGAON GNEISSIC COMPLEX Gp.,ARCHAEAN,15.82164266807495
21.19,79.515,AMGAON GNEISSIC COMPLEX,AMGAON GNEISSIC COMPLEX Gp.,ARCHAEAN,16.531789480409664
21.19,79.53,AMGAON GNEISSIC COMPLEX,AMGAON GNEISSIC COMPLEX Gp.,ARCHAEAN,17.352913967718308
21.19,79.545,AMGAON GNEISSIC COMPLEX,AMGAON GNEISSIC COMPLEX Gp.,ARCHAEAN,18.17830571419757
21.19,79.56,AMGAON GNEISSIC COMPLEX,AMGAON GNEISSIC COMPLEX Gp.,ARCHAEAN,18.52879106345659
21.19,79.575,AMGAON GNEISSIC COMPLEX,AMGAON GNEISSIC COMPLEX Gp.,ARCHAEAN,18.42158522323107
21.19,79.59,AMGAON GNEISSIC COMPLEX,AMGAON GNEISSIC COMPLEX Gp.,ARCHAEAN,18.343691105991653
21.19,79.605,AMGAON GNEISSIC COMPLEX,AMGAON GNEISSIC COMPLEX Gp.,ARCHAEAN,18.383466182948922
21.19,79.62,AMGAON GNEISSIC COMPLEX,AMGAON GNEISSIC COMPLEX Gp.,ARCHAEAN,18.554259010947643
21.19,79.635,AMGAON GNEISSIC COMPLEX,AMGAON GNEISSIC COMPLEX Gp.,ARCHAEAN,18.852509091077323
21.19,79.65,AMGAON GNEISSIC COMPLEX,AMGAON GNEISSIC COMPLEX Gp.,ARCHAEAN,19.272299905592224
21.19,79.665,AMGAON GNEISSIC COMPLEX,AMGAON GNEISSIC COMPLEX Gp.,ARCHAEAN,19.80590470822131
21.19,79.68,AMGAON GNEISSIC COMPLEX,AMGAON GNEISSIC COMPLEX Gp.,ARCHAEAN,20.444413711557292
21.19,79.695,AMGAON GNEISSIC COMPLEX,AMGAON GNEISSIC COMPLEX Gp.,ARCHAEAN,21.1783407221993
21.19,79.71,AMGAON GNEISSIC COMPLEX,AMGAON GNEISSIC COMPLEX Gp.,ARCHAEAN,21.998137478431246
21.19,79.725,AMGAON GNEISSIC COMPLEX,AMGAON GNEISSIC COMPLEX Gp.,ARCHAEAN,22.894581505947496
21.19,79.74,AMGAON GNEISSIC COMPLEX,AMGAON GNEISSIC COMPLEX Gp.,ARCHAEAN,23.84890733890568
21.19,79.755,SAKOLI,SAKOLI Gp,PALAEOPROTEROZOIC,24.41238262739767
21.19,79.77,SAKOLI,SAKOLI Gp,PALAEOPROTEROZOIC,24.494853664987794
21.19,79.785,SAKOLI,SAKOLI Gp,PALAEOPROTEROZOIC,24.649926301092577
21.19,79.8,SAKOLI,SAKOLI Gp,PALAEOPROTEROZOIC,24.89883239536722
21.19,79.815,SAKOLI,SAKOLI Gp,PALAEOPROTEROZOIC,25.215693003327395
21.19,79.83,SAKOLI,SAKOLI Gp,PALAEOPROTEROZOIC,25.616691115259076
21.19,79.845,SAKOLI,SAKOLI Gp,PALAEOPROTEROZOIC,26.10452885591403
21.19,79.86,AMGAON GNEISSIC COMPLEX,AMGAON GNEISSIC COMPLEX Gp.,ARCHAEAN,26.501425813263744
21.19,79.875,AMGAON GNEISSIC COMPLEX,AMGAON GNEISSIC COMPLEX Gp.,ARCHAEAN,26.952410424802217
21.19,79.89,AMGAON GNEISSIC COMPLEX,AMGAON GNEISSIC COMPLEX Gp.,ARCHAEAN,27.48430749202476
21.19,79.905,AMGAON GNEISSIC COMPLEX,AMGAON GNEISSIC COMPLEX Gp.,ARCHAEAN,28.09252145969574
21.19,79.92,AMGAON GNEISSIC COMPLEX,AMGAON GNEISSIC COMPLEX Gp.,ARCHAEAN,28.77221296057845
21.19,79.935,SAKOLI,SAKOLI Gp,PALAEOPROTEROZOIC,29.51844488404509
21.19,79.95,AMGAON GNEISSIC COMPLEX,AMGAON GNEISSIC COMPLEX Gp.,ARCHAEAN,30.316717292031413
21.19,79.965,SAKOLI,SAKOLI Gp,PALAEOPROTEROZOIC,31.161985088343897
21.19,79.98,SAKOLI,SAKOLI Gp,PALAEOPROTEROZOIC,32.06061688373282
21.19,79.995,SAKOLI,SAKOLI Gp,PALAEOPROTEROZOIC,33.008254548263174
21.19,80.01,SAKOLI,SAKOLI Gp,PALAEOPROTEROZOIC,34.00080079525326
21.19,80.025,SAKOLI,SAKOLI Gp,PALAEOPROTEROZOIC,35.034438972990124
21.19,80.04,AMGAON GNEISSIC COMPLEX,AMGAON GNEISSIC COMPLEX Gp.,ARCHAEAN,36.10564009436696
21.19,80.055,AMGAON GNEISSIC COMPLEX,AMGAON GNEISSIC COMPLEX Gp.,ARCHAEAN,37.21116031695149
21.19,80.07,AMGAON GNEISSIC COMPLEX,AMGAON GNEISSIC COMPLEX Gp.,ARCHAEAN,38.34803164025246
21.19,80.085,AMGAON GNEISSIC COMPLEX,AMGAON GNEISSIC COMPLEX Gp.,ARCHAEAN,39.51354808502948
21.19,80.1,AMGAON GNEISSIC COMPLEX,AMGAON GNEISSIC COMPLEX Gp.,ARCHAEAN,40.70524913192629
21.19,80.115,AMGAON GNEISSIC COMPLEX,AMGAON GNEISSIC COMPLEX Gp.,ARCHAEAN,41.920901762182446
21.19,80.13,AMGAON GNEISSIC COMPLEX,AMGAON GNEISSIC COMPLEX Gp.,ARCHAEAN,43.15848207774495
21.19,80.145,AMGAON GNEISSIC COMPLEX,AMGAON GNEISSIC COMPLEX Gp.,ARCHAEAN,44.41615718399812
21.19,80.16,AMGAON GNEISSIC COMPLEX,AMGAON GNEISSIC COMPLEX Gp.,ARCHAEAN,45.69226778975126
21.19,80.175,AMGAON GNEISSIC COMPLEX,AMGAON GNEISSIC COMPLEX Gp.,ARCHAEAN,46.9853118068314
21.19,80.19,AMGAON GNEISSIC COMPLEX,AMGAON GNEISSIC COMPLEX Gp.,ARCHAEAN,48.29392910540738
21.19,80.205,,DONGARGARH GRANITE,PALAEOPROTEROZOIC,48.766254805318155
21.19,80.22,,DONGARGARH GRANITE,PALAEOPROTEROZOIC,48.74146217137402
21.19,80.235,,DONGARGARH GRANITE,PALAEOPROTEROZOIC,48.76638734320872
21.19,80.25,,DONGARGARH GRANITE,PALAEOPROTEROZOIC,48.840954202906055
21.19,80.265,,DONGARGARH GRANITE,PALAEOPROTEROZOIC,48.946129502743055
21.19,80.28,,DONGARGARH GRANITE,PALAEOPROTEROZOIC,49.0995081008306
21.19,80.295,,DONGARGARH GRANITE,PALAEOPROTEROZOIC,49.29760297574102
21.19,80.31,KHAIRAGARH,KHAIRAGARH Gp.,PALAEOPROTEROZOIC - MESOPROTEROZOIC,49.53263000483362
21.19,80.325,KHAIRAGARH,KHAIRAGARH Gp.,PALAEOPROTEROZOIC - MESOPROTEROZOIC,49.81522944116401
21.19,80.34,KHAIRAGARH,KHAIRAGARH Gp.,PALAEOPROTEROZOIC - MESOPROTEROZOIC,50.14459698107064
21.19,80.355,KHAIRAGARH,KHAIRAGARH Gp.,PALAEOPROTEROZOIC - MESOPROTEROZOIC,50.51981790891868
21.19,80.37,KHAIRAGARH,KHAIRAGARH Gp.,PALAEOPROTEROZOIC - MESOPROTEROZOIC,50.91782370628663
21.19,80.385,NANDGAON,NANDGAON Gp.(BIJLI RHYOLITE Fm.),PALAEOPROTEROZOIC,51.34875917048978
21.19,80.4,NANDGAON,NANDGAON Gp.(BIJLI RHYOLITE Fm.),PALAEOPROTEROZOIC,51.75011909297729
21.19,80.415,NANDGAON,NANDGAON Gp.(BIJLI RHYOLITE Fm.),PALAEOPROTEROZOIC,52.15822837473645
21.19,80.43,NANDGAON,NANDGAON Gp.(BIJLI RHYOLITE Fm.),PALAEOPROTEROZOIC,52.60926364513296
21.19,80.445,KHAIRAGARH,KHAIRAGARH Gp.,PALAEOPROTEROZOIC - MESOPROTEROZOIC,53.03649599787806
21.19,80.46,KHAIRAGARH,KHAIRAGARH Gp.,PALAEOPROTEROZOIC - MESOPROTEROZOIC,53.47773762459481
21.19,80.475,KHAIRAGARH,KHAIRAGARH Gp.,PALAEOPROTEROZOIC - MESOPROTEROZOIC,53.92651631883294
21.19,80.49,KHAIRAGARH,KHAIRAGARH Gp.,PALAEOPROTEROZOIC - MESOPROTEROZOIC,54.38885631244571
21.205,79.2,TIRODI GNEISSIC COMPLEX,TIRODI GNEISSIC COMPLEX Gp.,ARCHAEAN,14.781323794645294
21.205,79.215,TIRODI GNEISSIC COMPLEX,TIRODI GNEISSIC COMPLEX Gp.,ARCHAEAN,14.007026467403767
21.205,79.23,TIRODI GNEISSIC COMPLEX,TIRODI GNEISSIC COMPLEX Gp.,ARCHAEAN,13.34523423893465
21.205,79.245,TIRODI GNEISSIC COMPLEX,TIRODI GNEISSIC COMPLEX Gp.,ARCHAEAN,12.839028469227651
21.205,79.26,TIRODI GNEISSIC COMPLEX,TIRODI GNEISSIC COMPLEX Gp.,ARCHAEAN,12.389654791733857
21.205,79.275,TIRODI GNEISSIC COMPLEX,TIRODI GNEISSIC COMPLEX Gp.,ARCHAEAN,12.015624798025646
21.205,79.29,TIRODI GNEISSIC COMPLEX,TIRODI GNEISSIC COMPLEX Gp.,ARCHAEAN,11.820630691488407
21.205,79.305,TIRODI GNEISSIC COMPLEX,TIRODI GNEISSIC COMPLEX Gp.,ARCHAEAN,11.581204904209171
21.205,79.32,TIRODI GNEISSIC COMPLEX,TIRODI GNEISSIC COMPLEX Gp.,ARCHAEAN,11.548514745633673
21.205,79.335,TIRODI GNEISSIC COMPLEX,TIRODI GNEISSIC COMPLEX Gp.,ARCHAEAN,11.722240916678313
21.205,79.35,TIRODI GNEISSIC COMPLEX,TIRODI GNEISSIC COMPLEX Gp.,ARCHAEAN,11.760559900317972
21.205,79.365,TIRODI GNEISSIC COMPLEX,TIRODI GNEISSIC COMPLEX Gp.,ARCHAEAN,11.812460544850873
21.205,79.38,TIRODI GNEISSIC COMPLEX,TIRODI GNEISSIC COMPLEX Gp.,ARCHAEAN,11.926072965635505
21.205,79.395,AMGAON GNEISSIC COMPLEX,AMGAON GNEISSIC COMPLEX Gp.,ARCHAEAN,12.039685386420139
21.205,79.41,AMGAON GNEISSIC COMPLEX,AMGAON GNEISSIC COMPLEX Gp.,ARCHAEAN,12.15818524832199
21.205,79.425,AMGAON GNEISSIC COMPLEX,AMGAON GNEISSIC COMPLEX Gp.,ARCHAEAN,12.396473596531216
21.205,79.44,AMGAON GNEISSIC COMPLEX,AMGAON GNEISSIC COMPLEX Gp.,ARCHAEAN,12.65841219361475
21.205,79.455,AMGAON GNEISSIC COMPLEX,AMGAON GNEISSIC COMPLEX Gp.,ARCHAEAN,12.855008373195659
21.205,79.47,AMGAON GNEISSIC COMPLEX,AMGAON GNEISSIC COMPLEX Gp.,ARCHAEAN,13.178831351484046
21.205,79.485,AMGAON GNEISSIC COMPLEX,AMGAON GNEISSIC COMPLEX Gp.,ARCHAEAN,13.673289290251544
21.205,79.5,AMGAON GNEISSIC COMPLEX,AMGAON GNEISSIC COMPLEX Gp.,ARCHAEAN,14.320718311141972
21.205,79.515,AMGAON GNEISSIC COMPLEX,AMGAON GNEISSIC COMPLEX Gp.,ARCHAEAN,15.101456704151648
21.205,79.53,AMGAON GNEISSIC COMPLEX,AMGAON GNEISSIC COMPLEX Gp.,ARCHAEAN,15.92816992154957
21.205,79.545,AMGAON GNEISSIC COMPLEX,AMGAON GNEISSIC COMPLEX Gp.,ARCHAEAN,16.81620346247345
21.205,79.56,AMGAON GNEISSIC COMPLEX,AMGAON GNEISSIC COMPLEX Gp.,ARCHAEAN,16.867747702797384
21.205,79.575,AMGAON GNEISSIC COMPLEX,AMGAON GNEISSIC COMPLEX Gp.,ARCHAEAN,16.754868260984072
21.205,79.59,AMGAON GNEISSIC COMPLEX,AMGAON GNEISSIC COMPLEX Gp.,ARCHAEAN,16.67415168533551
21.205,79.605,AMGAON GNEISSIC COMPLEX,AMGAON GNEISSIC COMPLEX Gp.,ARCHAEAN,16.717890516502838
21.205,79.62,AMGAON GNEISSIC COMPLEX,AMGAON GNEISSIC COMPLEX Gp.,ARCHAEAN,16.905480795472645
21.205,79.635,AMGAON GNEISSIC COMPLEX,AMGAON GNEISSIC COMPLEX Gp.,ARCHAEAN,17.23222525498474
21.205,79.65,AMGAON GNEISSIC COMPLEX,AMGAON GNEISSIC COMPLEX Gp.,ARCHAEAN,17.690414982670525
21.205,79.665,AMGAON GNEISSIC COMPLEX,AMGAON GNEISSIC COMPLEX Gp.,ARCHAEAN,18.270163272061207
21.205,79.68,AMGAON GNEISSIC COMPLEX,AMGAON GNEISSIC COMPLEX Gp.,ARCHAEAN,18.960322740517245
21.205,79.695,AMGAON GNEISSIC COMPLEX,AMGAON GNEISSIC COMPLEX Gp.,ARCHAEAN,19.749321496432877
21.205,79.71,AMGAON GNEISSIC COMPLEX,AMGAON GNEISSIC COMPLEX Gp.,ARCHAEAN,20.62581996970067
21.205,79.725,AMGAON GNEISSIC COMPLEX,AMGAON GNEISSIC COMPLEX Gp.,ARCHAEAN,21.573527450313577
21.205,79.74,AMGAON GNEISSIC COMPLEX,AMGAON GNEISSIC COMPLEX Gp.,ARCHAEAN,22.561321656370726
21.205,79.755,AMGAON GNEISSIC COMPLEX,AMGAON GNEISSIC COMPLEX Gp.,ARCHAEAN,22.742983250410173
21.205,79.77,AMGAON GNEISSIC COMPLEX,AMGAON GNEISSIC COMPLEX Gp.,ARCHAEAN,22.831467291625135
21.205,79.785,SAKOLI,SAKOLI Gp,PALAEOPROTEROZOIC,22.995065625971307
21.205,79.8,SAKOLI,SAKOLI Gp,PALAEOPROTEROZOIC,23.261604586872313
21.205,79.815,SAKOLI,SAKOLI Gp,PALAEOPROTEROZOIC,23.593111505795914
21.205,79.83,SAKOLI,SAKOLI Gp,PALAEOPROTEROZOIC,24.021125323389008
21.205,79.845,SAKOLI,SAKOLI Gp,PALAEOPROTEROZOIC,24.504175753911515
21.205,79.86,SAKOLI,SAKOLI Gp,PALAEOPROTEROZOIC,24.893969219399064
21.205,79.875,AMGAON GNEISSIC COMPLEX,AMGAON GNEISSIC COMPLEX Gp.,ARCHAEAN,25.373444116286453
21.205,79.89,AMGAON GNEISSIC COMPLEX,AMGAON GNEISSIC COMPLEX Gp.,ARCHAEAN,25.937627452339502
21.205,79.905,AMGAON GNEISSIC COMPLEX,AMGAON GNEISSIC COMPLEX Gp.,ARCHAEAN,26.58112597499437
21.205,79.92,SAKOLI,SAKOLI Gp,PALAEOPROTEROZOIC,27.2983312136256
21.205,79.935,SAKOLI,SAKOLI Gp,PALAEOPROTEROZOIC,28.08111927028318
21.205,79.95,SAKOLI,SAKOLI Gp,PALAEOPROTEROZOIC,28.907746136348695
21.205,79.965,SAKOLI,SAKOLI Gp,PALAEOPROTEROZOIC,29.792838109240563
21.205,79.98,SAKOLI,SAKOLI Gp,PALAEOPROTEROZOIC,30.73134405182064
21.205,79.995,SAKOLI,SAKOLI Gp,PALAEOPROTEROZOIC,31.71852298842818
21.205,80.01,SAKOLI,SAKOLI Gp,PALAEOPROTEROZOIC,32.74997378031993
21.205,80.025,SAKOLI,SAKOLI Gp,PALAEOPROTEROZOIC,33.821646224924635
21.205,80.04,AMGAON GNEISSIC COMPLEX,AMGAON GNEISSIC COMPLEX Gp.,ARCHAEAN,34.92983843112355
21.205,80.055,AMGAON GNEISSIC COMPLEX,AMGAON GNEISSIC COMPLEX Gp.,ARCHAEAN,36.07118463528683
21.205,80.07,AMGAON GNEISSIC COMPLEX,AMGAON GNEISSIC COMPLEX Gp.,ARCHAEAN,37.24263682756025
21.205,80.085,AMGAON GNEISSIC COMPLEX,AMGAON GNEISSIC COMPLEX Gp.,ARCHAEAN,38.44144278580527
21.205,80.1,AMGAON GNEISSIC COMPLEX,AMGAON GNEISSIC COMPLEX Gp.,ARCHAEAN,39.6651224345426
21.205,80.115,AMGAON GNEISSIC COMPLEX,AMGAON GNEISSIC COMPLEX Gp.,ARCHAEAN,40.91144388491183
21.205,80.13,AMGAON GNEISSIC COMPLEX,AMGAON GNEISSIC COMPLEX Gp.,ARCHAEAN,42.178400069910715
21.205,80.145,AMGAON GNEISSIC COMPLEX,AMGAON GNEISSIC COMPLEX Gp.,ARCHAEAN,43.46418655484904
21.205,80.16,AMGAON GNEISSIC COMPLEX,AMGAON GNEISSIC COMPLEX Gp.,ARCHAEAN,44.76718085830419
21.205,80.175,AMGAON GNEISSIC COMPLEX,AMGAON GNEISSIC COMPLEX Gp.,ARCHAEAN,46.085923445599235
21.205,80.19,AMGAON GNEISSIC COMPLEX,AMGAON GNEISSIC COMPLEX Gp.,ARCHAEAN,47.174381108743916
21.205,80.205,AMGAON GNEISSIC COMPLEX,AMGAON GNEISSIC COMPLEX Gp.,ARCHAEAN,47.097328607934976
21.205,80.22,,DONGARGARH GRANITE,PALAEOPROTEROZOIC,47.07166217293294
21.205,80.235,,DONGARGARH GRANITE,PALAEOPROTEROZOIC,47.09746581451875
21.205,80.25,,DONGARGARH GRANITE,PALAEOPROTEROZOIC,47.174364479733924
21.205,80.265,,DONGARGARH GRANITE,PALAEOPROTEROZOIC,47.28222524809079
21.205,80.28,,DONGARGARH GRANITE,PALAEOPROTEROZOIC,47.44095143927583
21.205,80.295,KHAIRAGARH,KHAIRAGARH Gp.,PALAEOPROTEROZOIC - MESOPROTEROZOIC,47.64365156536936
21.205,80.31,KHAIRAGARH,KHAIRAGARH Gp.,PALAEOPROTEROZOIC - MESOPROTEROZOIC,47.88674758501652
21.205,80.325,KHAIRAGARH,KHAIRAGARH Gp.,PALAEOPROTEROZOIC - MESOPROTEROZOIC,48.17894293950387
21.205,80.34,KHAIRAGARH,KHAIRAGARH Gp.,PALAEOPROTEROZOIC - MESOPROTEROZOIC,48.5193505724569
21.205,80.355,KHAIRAGARH,KHAIRAGARH Gp.,PALAEOPROTEROZOIC - MESOPROTEROZOIC,48.904514988384676
21.205,80.37,KHAIRAGARH,KHAIRAGARH Gp.,PALAEOPROTEROZOIC - MESOPROTEROZOIC,49.310073178919914
21.205,80.385,KHAIRAGARH,KHAIRAGARH Gp.,PALAEOPROTEROZOIC - MESOPROTEROZOIC,49.73757465238426
21.205,80.4,NANDGAON,NANDGAON Gp.(BIJLI RHYOLITE Fm.),PALAEOPROTEROZOIC,50.133913261124846
21.205,80.415,NANDGAON,NANDGAON Gp.(BIJLI RHYOLITE Fm.),PALAEOPROTEROZOIC,50.55498600202867
21.205,80.43,NANDGAON,NANDGAON Gp.(BIJLI RHYOLITE Fm.),PALAEOPROTEROZOIC,51.01889443799476
21.205,80.445,KHAIRAGARH,KHAIRAGARH Gp.,PALAEOPROTEROZOIC - MESOPROTEROZOIC,51.43024083093381
21.205,80.46,KHAIRAGARH,KHAIRAGARH Gp.,PALAEOPROTEROZOIC - MESOPROTEROZOIC,51.88505221052213
21.205,80.475,KHAIRAGARH,KHAIRAGARH Gp.,PALAEOPROTEROZOIC - MESOPROTEROZOIC,52.3270638943903
21.205,80.49,KHAIRAGARH,KHAIRAGARH Gp.,PALAEOPROTEROZOIC - MESOPROTEROZOIC,52.80331406615708
21.22,79.2,TIRODI GNEISSIC COMPLEX,TIRODI GNEISSIC COMPLEX Gp.,ARCHAEAN,13.295086654719144
21.22,79.215,TIRODI GNEISSIC COMPLEX,TIRODI GNEISSIC COMPLEX Gp.,ARCHAEAN,12.557982408881086
21.22,79.23,TIRODI GNEISSIC COMPLEX,TIRODI GNEISSIC COMPLEX Gp.,ARCHAEAN,11.815459655361057
21.22,79.245,TIRODI GNEISSIC COMPLEX,TIRODI GNEISSIC COMPLEX Gp.,ARCHAEAN,11.240691943421258
21.22,79.26,TIRODI GNEISSIC COMPLEX,TIRODI GNEISSIC COMPLEX Gp.,ARCHAEAN,10.79678298012706
21.22,79.275,TIRODI GNEISSIC COMPLEX,TIRODI GNEISSIC COMPLEX Gp.,ARCHAEAN,10.377132630320045
21.22,79.29,TIRODI GNEISSIC COMPLEX,TIRODI GNEISSIC COMPLEX Gp.,ARCHAEAN,10.168792148230313
21.22,79.305,TIRODI GNEISSIC COMPLEX,TIRODI GNEISSIC COMPLEX Gp.,ARCHAEAN,9.91899164617278
21.22,79.32,TIRODI GNEISSIC COMPLEX,TIRODI GNEISSIC COMPLEX Gp.,ARCHAEAN,9.880811440216904
21.22,79.335,TIRODI GNEISSIC COMPLEX,TIRODI GNEISSIC COMPLEX Gp.,ARCHAEAN,10.071426436443357
21.22,79.35,TIRODI GNEISSIC COMPLEX,TIRODI GNEISSIC COMPLEX Gp.,ARCHAEAN,10.090802899143375
21.22,79.365,TIRODI GNEISSIC COMPLEX,TIRODI GNEISSIC COMPLEX Gp.,ARCHAEAN,10.147033174077018
21.22,79.38,TIRODI GNEISSIC COMPLEX,TIRODI GNEISSIC COMPLEX Gp.,ARCHAEAN,10.26064554835919
21.22,79.395,TIRODI GNEISSIC COMPLEX,TIRODI GNEISSIC COMPLEX Gp.,ARCHAEAN,10.374257922641362
21.22,79.41,TIRODI GNEISSIC COMPLEX,TIRODI GNEISSIC COMPLEX Gp.,ARCHAEAN,10.498614855727995
21.22,79.425,TIRODI GNEISSIC COMPLEX,TIRODI GNEISSIC COMPLEX Gp.,ARCHAEAN,10.750055672997677
21.22,79.44,AMGAON GNEISSIC COMPLEX,AMGAON GNEISSIC COMPLEX Gp.,ARCHAEAN,11.011993697178225
21.22,79.455,AMGAON GNEISSIC COMPLEX,AMGAON GNEISSIC COMPLEX Gp.,ARCHAEAN,11.206890263425787
21.22,79.47,AMGAON GNEISSIC COMPLEX,AMGAON GNEISSIC COMPLEX Gp.,ARCHAEAN,11.576831683697902
21.22,79.485,AMGAON GNEISSIC COMPLEX,AMGAON GNEISSIC COMPLEX Gp.,ARCHAEAN,12.136621362743762
21.22,79.5,AMGAON GNEISSIC COMPLEX,AMGAON GNEISSIC COMPLEX Gp.,ARCHAEAN,12.861494010661346
21.22,79.515,AMGAON GNEISSIC COMPLEX,AMGAON GNEISSIC COMPLEX Gp.,ARCHAEAN,13.68928664517872
21.22,79.53,AMGAON GNEISSIC COMPLEX,AMGAON GNEISSIC COMPLEX Gp.,ARCHAEAN,14.547262909969689
21.22,79.545,AMGAON GNEISSIC COMPLEX,AMGAON GNEISSIC COMPLEX Gp.,ARCHAEAN,15.471241498122653
21.22,79.56,AMGAON GNEISSIC COMPLEX,AMGAON GNEISSIC COMPLEX Gp.,ARCHAEAN,15.208622243837164
21.22,79.575,AMGAON GNEISSIC COMPLEX,AMGAON GNEISSIC COMPLEX Gp.,ARCHAEAN,15.088152258483264
21.22,79.59,AMGAON GNEISSIC COMPLEX,AMGAON GNEISSIC COMPLEX Gp.,ARCHAEAN,15.004670257222083
21.22,79.605,AMGAON GNEISSIC COMPLEX,AMGAON GNEISSIC COMPLEX Gp.,ARCHAEAN,15.05325086626481
21.22,79.62,AMGAON GNEISSIC COMPLEX,AMGAON GNEISSIC COMPLEX Gp.,ARCHAEAN,15.261274441250713
21.22,79.635,AMGAON GNEISSIC COMPLEX,AMGAON GNEISSIC COMPLEX Gp.,ARCHAEAN,15.622372973187364
21.22,79.65,AMGAON GNEISSIC COMPLEX,AMGAON GNEISSIC COMPLEX Gp.,ARCHAEAN,16.126266798900186
21.22,79.665,AMGAON GNEISSIC COMPLEX,AMGAON GNEISSIC COMPLEX Gp.,ARCHAEAN,16.760081391180016
21.22,79.68,AMGAON GNEISSIC COMPLEX,AMGAON GNEISSIC COMPLEX Gp.,ARCHAEAN,17.50971385895211
21.22,79.695,AMGAON GNEISSIC COMPLEX,AMGAON GNEISSIC COMPLEX Gp.,ARCHAEAN,18.360984026448097
21.22,79.71,AMGAON GNEISSIC COMPLEX,AMGAON GNEISSIC COMPLEX Gp.,ARCHAEAN,19.300358859012686
21.22,79.725,AMGAON GNEISSIC COMPLEX,AMGAON GNEISSIC COMPLEX Gp.,ARCHAEAN,20.27918237279353
21.22,79.74,AMGAON GNEISSIC COMPLEX,AMGAON GNEISSIC COMPLEX Gp.,ARCHAEAN,21.09295437924873
21.22,79.755,AMGAON GNEISSIC COMPLEX,AMGAON GNEISSIC COMPLEX Gp.,ARCHAEAN,21.07364735301614
21.22,79.77,AMGAON GNEISSIC COMPLEX,AMGAON GNEISSIC COMPLEX Gp.,ARCHAEAN,21.16652092465847
21.22,79.785,AMGAON GNEISSIC COMPLEX,AMGAON GNEISSIC COMPLEX Gp.,ARCHAEAN,21.342532242851185
21.22,79.8,AMGAON GNEISSIC COMPLEX,AMGAON GNEISSIC COMPLEX Gp.,ARCHAEAN,21.62141534007476
21.22,79.815,SAKOLI,SAKOLI Gp,PALAEOPROTEROZOIC,21.97760468337595
21.22,79.83,SAKOLI,SAKOLI Gp,PALAEOPROTEROZOIC,22.43636596561952
21.22,79.845,SAKOLI,SAKOLI Gp,PALAEOPROTEROZOIC,22.878355138231782
21.22,79.86,SAKOLI,SAKOLI Gp,PALAEOPROTEROZOIC,23.29528482958666
21.22,79.875,SAKOLI,SAKOLI Gp,PALAEOPROTEROZOIC,23.80687632945189
21.22,79.89,SAKOLI,SAKOLI Gp,PALAEOPROTEROZOIC,24.40717783058492
21.22,79.905,SAKOLI,SAKOLI Gp,PALAEOPROTEROZOIC,25.089822688801686
21.22,79.92,SAKOLI,SAKOLI Gp,PALAEOPROTEROZOIC,25.848287743503487
21.22,79.935,SAKOLI,SAKOLI Gp,PALAEOPROTEROZOIC,26.65876414832987
21.22,79.95,SAKOLI,SAKOLI Gp,PALAEOPROTEROZOIC,27.52796143217097
21.22,79.965,SAKOLI,SAKOLI Gp,PALAEOPROTEROZOIC,28.455816964544166
21.22,79.98,SAKOLI,SAKOLI Gp,PALAEOPROTEROZOIC,29.436784495625872
21.22,79.995,SAKOLI,SAKOLI Gp,PALAEOPROTEROZOIC,30.465733990467587
21.22,80.01,SAKOLI,SAKOLI Gp,PALAEOPROTEROZOIC,31.537969457903877
21.22,80.025,SAKOLI,SAKOLI Gp,PALAEOPROTEROZOIC,32.649226503719134
21.22,80.04,SAKOLI,SAKOLI Gp,PALAEOPROTEROZOIC,33.79565606506799
21.22,80.055,AMGAON GNEISSIC COMPLEX,AMGAON GNEISSIC COMPLEX Gp.,ARCHAEAN,34.973799482745804
21.22,80.07,AMGAON GNEISSIC COMPLEX,AMGAON GNEISSIC COMPLEX Gp.,ARCHAEAN,36.18055880530182
21.22,80.085,AMGAON GNEISSIC COMPLEX,AMGAON GNEISSIC COMPLEX Gp.,ARCHAEAN,37.41316512248473
21.22,80.1,AMGAON GNEISSIC COMPLEX,AMGAON GNEISSIC COMPLEX Gp.,ARCHAEAN,38.66914683975385
21.22,80.115,AMGAON GNEISSIC COMPLEX,AMGAON GNEISSIC COMPLEX Gp.,ARCHAEAN,39.94629912720721
21.22,80.13,AMGAON GNEISSIC COMPLEX,AMGAON GNEISSIC COMPLEX Gp.,ARCHAEAN,41.242655278484655
21.22,80.145,AMGAON GNEISSIC COMPLEX,AMGAON GNEISSIC COMPLEX Gp.,ARCHAEAN,42.55646036377149
21.22,80.16,AMGAON GNEISSIC COMPLEX,AMGAON GNEISSIC COMPLEX Gp.,ARCHAEAN,43.88614732213711
21.22,80.175,AMGAON GNEISSIC COMPLEX,AMGAON GNEISSIC COMPLEX Gp.,ARCHAEAN,45.23031548288298
21.22,80.19,AMGAON GNEISSIC COMPLEX,AMGAON GNEISSIC COMPLEX Gp.,ARCHAEAN,45.50832863366493
21.22,80.205,AMGAON GNEISSIC COMPLEX,AMGAON GNEISSIC COMPLEX Gp.,ARCHAEAN,45.42846662687308
21.22,80.22,,DONGARGARH GRANITE,PALAEOPROTEROZOIC,45.401862174606116
21.22,80.235,,DONGARGARH GRANITE,PALAEOPROTEROZOIC,45.42860884496321
21.22,80.25,,DONGARGARH GRANITE,PALAEOPROTEROZOIC,45.506971197785965
21.22,80.265,,DONGARGARH GRANITE,PALAEOPROTEROZOIC,45.618751820851855
21.22,80.28,KHAIRAGARH,KHAIRAGARH Gp.,PALAEOPROTEROZOIC - MESOPROTEROZOIC,45.78321211538744
21.22,80.295,,DONGARGARH GRANITE,PALAEOPROTEROZOIC,45.990845487923146
21.22,80.31,,DONGARGARH GRANITE,PALAEOPROTEROZOIC,46.24258004832127
21.22,80.325,KHAIRAGARH,KHAIRAGARH Gp.,PALAEOPROTEROZOIC - MESOPROTEROZOIC,46.545036837137786
21.22,80.34,,DONGARGARH GRANITE,PALAEOPROTEROZOIC,46.8972344880736
21.22,80.355,,DONGARGARH GRANITE,PALAEOPROTEROZOIC,47.28736267407052
21.22,80.37,,DONGARGARH GRANITE,PALAEOPROTEROZOIC,47.70658555659214
21.22,80.385,,DONGARGARH GRANITE,PALAEOPROTEROZOIC,48.13038582539656
21.22,80.4,KHAIRAGARH,KHAIRAGARH Gp.,PALAEOPROTEROZOIC - MESOPROTEROZOIC,48.52133691991641
21.22,80.415,NANDGAON,NANDGAON Gp.(BIJLI RHYOLITE Fm.),PALAEOPROTEROZOIC,48.95619339866954
21.22,80.43,NANDGAON,NANDGAON Gp.(BIJLI RHYOLITE Fm.),PALAEOPROTEROZOIC,49.403566241934826
21.22,80.445,KHAIRAGARH,KHAIRAGARH Gp.,PALAEOPROTEROZOIC - MESOPROTEROZOIC,49.82816348557634
21.22,80.46,KHAIRAGARH,KHAIRAGARH Gp.,PALAEOPROTEROZOIC - MESOPROTEROZOIC,50.28457241891085
21.22,80.475,NANDGAON,NANDGAON Gp.(BIJLI RHYOLITE Fm.),PALAEOPROTEROZOIC,50.732144702757296
21.22,80.49,NANDGAON,NANDGAON Gp.(BIJLI RHYOLITE Fm.),PALAEOPROTEROZOIC,51.22312654206159
21.235,79.2,TIRODI GNEISSIC COMPLEX,TIRODI GNEISSIC COMPLEX Gp.,ARCHAEAN,11.853444630224692
21.235,79.215,TIRODI GNEISSIC COMPLEX,TIRODI GNEISSIC COMPLEX Gp.,ARCHAEAN,11.098746639742156
21.235,79.23,TIRODI GNEISSIC COMPLEX,TIRODI GNEISSIC COMPLEX Gp.,ARCHAEAN,10.329150883381988
21.235,79.245,TIRODI GNEISSIC COMPLEX,TIRODI GNEISSIC COMPLEX Gp.,ARCHAEAN,9.66654650698038
21.235,79.26,TIRODI GNEISSIC COMPLEX,TIRODI GNEISSIC COMPLEX Gp.,ARCHAEAN,9.19659328386854
21.235,79.275,TIRODI GNEISSIC COMPLEX,TIRODI GNEISSIC COMPLEX Gp.,ARCHAEAN,8.750484987006276
21.235,79.29,TIRODI GNEISSIC COMPLEX,TIRODI GNEISSIC COMPLEX Gp.,ARCHAEAN,8.50242965996953
21.235,79.305,TIRODI GNEISSIC COMPLEX,TIRODI GNEISSIC COMPLEX Gp.,ARCHAEAN,8.259839434216117
21.235,79.32,TIRODI GNEISSIC COMPLEX,TIRODI GNEISSIC COMPLEX Gp.,ARCHAEAN,8.21396010769145
21.235,79.335,TIRODI GNEISSIC COMPLEX,TIRODI GNEISSIC COMPLEX Gp.,ARCHAEAN,8.409771893213703
21.235,79.35,TIRODI GNEISSIC COMPLEX,TIRODI GNEISSIC COMPLEX Gp.,ARCHAEAN,8.421045911393415
21.235,79.365,TIRODI GNEISSIC COMPLEX,TIRODI GNEISSIC COMPLEX Gp.,ARCHAEAN,8.48160716465472
21.235,79.38,TIRODI GNEISSIC COMPLEX,TIRODI GNEISSIC COMPLEX Gp.,ARCHAEAN,8.595219492407777
21.235,79.395,TIRODI GNEISSIC COMPLEX,TIRODI GNEISSIC COMPLEX Gp.,ARCHAEAN,8.708831820160835
21.235,79.41,TIRODI GNEISSIC COMPLEX,TIRODI GNEISSIC COMPLEX Gp.,ARCHAEAN,8.842896762011101
21.235,79.425,TIRODI GNEISSIC COMPLEX,TIRODI GNEISSIC COMPLEX Gp.,ARCHAEAN,9.103644939883514
21.235,79.44,TIRODI GNEISSIC COMPLEX,TIRODI GNEISSIC COMPLEX Gp.,ARCHAEAN,9.365582390832463
21.235,79.455,TIRODI GNEISSIC COMPLEX,TIRODI GNEISSIC COMPLEX Gp.,ARCHAEAN,9.566295109642722
21.235,79.47,AMGAON GNEISSIC COMPLEX,AMGAON GNEISSIC COMPLEX Gp.,ARCHAEAN,9.99704609072384
21.235,79.485,AMGAON GNEISSIC COMPLEX,AMGAON GNEISSIC COMPLEX Gp.,ARCHAEAN,10.640149308659254
21.235,79.5,AMGAON GNEISSIC COMPLEX,AMGAON GNEISSIC COMPLEX Gp.,ARCHAEAN,11.4599102281078
21.235,79.515,AMGAON GNEISSIC COMPLEX,AMGAON GNEISSIC COMPLEX Gp.,ARCHAEAN,12.283900527168095
21.235,79.53,AMGAON GNEISSIC COMPLEX,AMGAON GNEISSIC COMPLEX Gp.,ARCHAEAN,13.233124152803837
21.235,79.545,AMGAON GNEISSIC COMPLEX,AMGAON GNEISSIC COMPLEX Gp.,ARCHAEAN,13.846133636990524
21.235,79.56,AMGAON GNEISSIC COMPLEX,AMGAON GNEISSIC COMPLEX Gp.,ARCHAEAN,13.552119105326764
21.235,79.575,AMGAON GNEISSIC COMPLEX,AMGAON GNEISSIC COMPLEX Gp.,ARCHAEAN,13.421437216557718
21.235,79.59,AMGAON GNEISSIC COMPLEX,AMGAON GNEISSIC COMPLEX Gp.,ARCHAEAN,13.335268602439951
21.235,79.605,AMGAON GNEISSIC COMPLEX,AMGAON GNEISSIC COMPLEX Gp.,ARCHAEAN,13.389896335017236
21.235,79.62,AMGAON GNEISSIC COMPLEX,AMGAON GNEISSIC COMPLEX Gp.,ARCHAEAN,13.623295393590267
21.235,79.635,AMGAON GNEISSIC COMPLEX,AMGAON GNEISSIC COMPLEX Gp.,ARCHAEAN,14.026544451672699
21.235,79.65,AMGAON GNEISSIC COMPLEX,AMGAON GNEISSIC COMPLEX Gp.,ARCHAEAN,14.58556270713287
21.235,79.665,AMGAON GNEISSIC COMPLEX,AMGAON GNEISSIC COMPLEX Gp.,ARCHAEAN,15.283266930466231
21.235,79.68,AMGAON GNEISSIC COMPLEX,AMGAON GNEISSIC COMPLEX Gp.,ARCHAEAN,16.101638891966335
21.235,79.695,AMGAON GNEISSIC COMPLEX,AMGAON GNEISSIC COMPLEX Gp.,ARCHAEAN,17.023284650791528
21.235,79.71,AMGAON GNEISSIC COMPLEX,AMGAON GNEISSIC COMPLEX Gp.,ARCHAEAN,17.997675552281454
21.235,79.725,AMGAON GNEISSIC COMPLEX,AMGAON GNEISSIC COMPLEX Gp.,ARCHAEAN,19.04336715224624
21.235,79.74,AMGAON GNEISSIC COMPLEX,AMGAON GNEISSIC COMPLEX Gp.,ARCHAEAN,19.425353241777273
21.235,79.755,AMGAON GNEISSIC COMPLEX,AMGAON GNEISSIC COMPLEX Gp.,ARCHAEAN,19.4043913184372
21.235,79.77,AMGAON GNEISSIC COMPLEX,AMGAON GNEISSIC COMPLEX Gp.,ARCHAEAN,19.502057119640547
21.235,79.785,AMGAON GNEISSIC COMPLEX,AMGAON GNEISSIC COMPLEX Gp.,ARCHAEAN,19.69291204553366
21.235,79.8,AMGAON GNEISSIC COMPLEX,AMGAON GNEISSIC COMPLEX Gp.,ARCHAEAN,19.986130607916625
21.235,79.815,AMGAON GNEISSIC COMPLEX,AMGAON GNEISSIC COMPLEX Gp.,ARCHAEAN,20.370855772927502
21.235,79.83,SAKOLI,SAKOLI Gp,PALAEOPROTEROZOIC,20.864875545311758
21.235,79.845,SAKOLI,SAKOLI Gp,PALAEOPROTEROZOIC,21.259353211281752
21.235,79.86,SAKOLI,SAKOLI Gp,PALAEOPROTEROZOIC,21.7073108773102
21.235,79.875,SAKOLI,SAKOLI Gp,PALAEOPROTEROZOIC,22.2553254400282
21.235,79.89,SAKOLI,SAKOLI Gp,PALAEOPROTEROZOIC,22.896213523510074
21.235,79.905,SAKOLI,SAKOLI Gp,PALAEOPROTEROZOIC,23.622417220555295
21.235,79.92,SAKOLI,SAKOLI Gp,PALAEOPROTEROZOIC,24.416431641965705
21.235,79.935,SAKOLI,SAKOLI Gp,PALAEOPROTEROZOIC,25.266709173665323
21.235,79.95,SAKOLI,SAKOLI Gp,PALAEOPROTEROZOIC,26.18197794593841
21.235,79.965,SAKOLI,SAKOLI Gp,PALAEOPROTEROZOIC,27.155667257717116
21.235,79.98,SAKOLI,SAKOLI Gp,PALAEOPROTEROZOIC,28.18172240331163
21.235,79.995,SAKOLI,SAKOLI Gp,PALAEOPROTEROZOIC,29.254633981268782
21.235,80.01,SAKOLI,SAKOLI Gp,PALAEOPROTEROZOIC,30.36943627224447
21.235,80.025,SAKOLI,SAKOLI Gp,PALAEOPROTEROZOIC,31.521685043237344
21.235,80.04,SAKOLI,SAKOLI Gp,PALAEOPROTEROZOIC,32.707422931062766
21.235,80.055,AMGAON GNEISSIC COMPLEX,AMGAON GNEISSIC COMPLEX Gp.,ARCHAEAN,33.92313841573315
21.235,80.07,AMGAON GNEISSIC COMPLEX,AMGAON GNEISSIC COMPLEX Gp.,ARCHAEAN,35.165722564874294
21.235,80.085,AMGAON GNEISSIC COMPLEX,AMGAON GNEISSIC COMPLEX Gp.,ARCHAEAN,36.432426290349234
21.235,80.1,AMGAON GNEISSIC COMPLEX,AMGAON GNEISSIC COMPLEX Gp.,ARCHAEAN,37.72081979025605
21.235,80.115,AMGAON GNEISSIC COMPLEX,AMGAON GNEISSIC COMPLEX Gp.,ARCHAEAN,39.02875509482001
21.235,80.13,AMGAON GNEISSIC COMPLEX,AMGAON GNEISSIC COMPLEX Gp.,ARCHAEAN,40.354332124434016
21.235,80.145,AMGAON GNEISSIC COMPLEX,AMGAON GNEISSIC COMPLEX Gp.,ARCHAEAN,41.69586833874597
21.235,80.16,AMGAON GNEISSIC COMPLEX,AMGAON GNEISSIC COMPLEX Gp.,ARCHAEAN,43.01094528634697
21.235,80.175,AMGAON GNEISSIC COMPLEX,AMGAON GNEISSIC COMPLEX Gp.,ARCHAEAN,43.95811139443467
21.235,80.19,AMGAON GNEISSIC COMPLEX,AMGAON GNEISSIC COMPLEX Gp.,ARCHAEAN,43.841641734886046
21.235,80.205,AMGAON GNEISSIC COMPLEX,AMGAON GNEISSIC COMPLEX Gp.,ARCHAEAN,43.759676209185145
21.235,80.22,,DONGARGARH GRANITE,PALAEOPROTEROZOIC,43.732062176407055
21.235,80.235,,DONGARGARH GRANITE,PALAEOPROTEROZOIC,43.75982382076925
21.235,80.25,,DONGARGARH GRANITE,PALAEOPROTEROZOIC,43.83976111341824
21.235,80.265,,DONGARGARH GRANITE,PALAEOPROTEROZOIC,43.95575813410668
21.235,80.28,,DONGARGARH GRANITE,PALAEOPROTEROZOIC,44.12638224647264
21.235,80.295,,DONGARGARH GRANITE,PALAEOPROTEROZOIC,44.3393128249797
21.235,80.31,,DONGARGARH GRANITE,PALAEOPROTEROZOIC,44.600317050022284
21.235,80.325,KHAIRAGARH,KHAIRAGARH Gp.,PALAEOPROTEROZOIC - MESOPROTEROZOIC,44.91377092261159
21.235,80.34,,DONGARGARH GRANITE,PALAEOPROTEROZOIC,45.27858516308096
21.235,80.355,,DONGARGARH GRANITE,PALAEOPROTEROZOIC,45.673999150143715
21.235,80.37,,DONGARGARH GRANITE,PALAEOPROTEROZOIC,46.10406324816873
21.235,80.385,,DONGARGARH GRANITE,PALAEOPROTEROZOIC,46.5109907646574
21.235,80.4,,DONGARGARH GRANITE,PALAEOPROTEROZOIC,46.91276435057644
21.235,80.415,NANDGAON,NANDGAON Gp.(BIJLI RHYOLITE Fm.),PALAEOPROTEROZOIC,47.36230119483858
21.235,80.43,NANDGAON,NANDGAON Gp.(BIJLI RHYOLITE Fm.),PALAEOPROTEROZOIC,47.79198228056776
21.235,80.445,NANDGAON,NANDGAON Gp.(BIJLI RHYOLITE Fm.),PALAEOPROTEROZOIC,48.23068028751832
21.235,80.46,NANDGAON,NANDGAON Gp.(BIJLI RHYOLITE Fm.),PALAEOPROTEROZOIC,48.68010625336873
21.235,80.475,NANDGAON,NANDGAON Gp.(BIJLI RHYOLITE Fm.),PALAEOPROTEROZOIC,49.14220012677641
21.235,80.49,NANDGAON,NANDGAON Gp.(BIJLI RHYOLITE Fm.),PALAEOPROTEROZOIC,49.648805022036946
21.25,79.2,TIRODI GNEISSIC COMPLEX,TIRODI GNEISSIC COMPLEX Gp.,ARCHAEAN,10.47976285309153
21.25,79.215,TIRODI GNEISSIC COMPLEX,TIRODI GNEISSIC COMPLEX Gp.,ARCHAEAN,9.619386259819503
21.25,79.23,TIRODI GNEISSIC COMPLEX,TIRODI GNEISSIC COMPLEX Gp.,ARCHAEAN,8.881152460215937
21.25,79.245,TIRODI GNEISSIC COMPLEX,TIRODI GNEISSIC COMPLEX Gp.,ARCHAEAN,8.130654958148805
21.25,79.26,TIRODI GNEISSIC COMPLEX,TIRODI GNEISSIC COMPLEX Gp.,ARCHAEAN,7.59637691427528
21.25,79.275,TIRODI GNEISSIC COMPLEX,TIRODI GNEISSIC COMPLEX Gp.,ARCHAEAN,7.14377749715758
21.25,79.29,TIRODI GNEISSIC COMPLEX,TIRODI GNEISSIC COMPLEX Gp.,ARCHAEAN,6.837744549931771
21.25,79.305,TIRODI GNEISSIC COMPLEX,TIRODI GNEISSIC COMPLEX Gp.,ARCHAEAN,6.6060550739374975
21.25,79.32,TIRODI GNEISSIC COMPLEX,TIRODI GNEISSIC COMPLEX Gp.,ARCHAEAN,6.5486113513484865
21.25,79.335,TIRODI GNEISSIC COMPLEX,TIRODI GNEISSIC COMPLEX Gp.,ARCHAEAN,6.740014918944999
21.25,79.35,TIRODI GNEISSIC COMPLEX,TIRODI GNEISSIC COMPLEX Gp.,ARCHAEAN,6.751288937078877
21.25,79.365,TIRODI GNEISSIC COMPLEX,TIRODI GNEISSIC COMPLEX Gp.,ARCHAEAN,6.816182517757121
21.25,79.38,TIRODI GNEISSIC COMPLEX,TIRODI GNEISSIC COMPLEX Gp.,ARCHAEAN,6.929794798954422
21.25,79.395,TIRODI GNEISSIC COMPLEX,TIRODI GNEISSIC COMPLEX Gp.,ARCHAEAN,7.043407080152118
21.25,79.41,TIRODI GNEISSIC COMPLEX,TIRODI GNEISSIC COMPLEX Gp.,ARCHAEAN,7.1936914235059515
21.25,79.425,TIRODI GNEISSIC COMPLEX,TIRODI GNEISSIC COMPLEX Gp.,ARCHAEAN,7.457241403405359
21.25,79.44,TIRODI GNEISSIC COMPLEX,TIRODI GNEISSIC COMPLEX Gp.,ARCHAEAN,7.702825628646712
21.25,79.455,TIRODI GNEISSIC COMPLEX,TIRODI GNEISSIC COMPLEX Gp.,ARCHAEAN,7.937888794891091
21.25,79.47,TIRODI GNEISSIC COMPLEX,TIRODI GNEISSIC COMPLEX Gp.,ARCHAEAN,8.451940127195163
21.25,79.485,TIRODI GNEISSIC COMPLEX,TIRODI GNEISSIC COMPLEX Gp.,ARCHAEAN,9.203501379376561
21.25,79.5,TIRODI GNEISSIC COMPLEX,TIRODI GNEISSIC COMPLEX Gp.,ARCHAEAN,10.029746404913631
21.25,79.515,AMGAON GNEISSIC COMPLEX,AMGAON GNEISSIC COMPLEX Gp.,ARCHAEAN,10.953004785972677
21.25,79.53,AMGAON GNEISSIC COMPLEX,AMGAON GNEISSIC COMPLEX Gp.,ARCHAEAN,12.00769532712515
21.25,79.545,AMGAON GNEISSIC COMPLEX,AMGAON GNEISSIC COMPLEX Gp.,ARCHAEAN,12.204888474763546
21.25,79.56,AMGAON GNEISSIC COMPLEX,AMGAON GNEISSIC COMPLEX Gp.,ARCHAEAN,11.899333495329946
21.25,79.575,AMGAON GNEISSIC COMPLEX,AMGAON GNEISSIC COMPLEX Gp.,ARCHAEAN,11.754723136035658
21.25,79.59,AMGAON GNEISSIC COMPLEX,AMGAON GNEISSIC COMPLEX Gp.,ARCHAEAN,11.665980967726197
21.25,79.605,AMGAON GNEISSIC COMPLEX,AMGAON GNEISSIC COMPLEX Gp.,ARCHAEAN,11.728373714257213
21.25,79.62,AMGAON GNEISSIC COMPLEX,AMGAON GNEISSIC COMPLEX Gp.,ARCHAEAN,11.99409522873941
21.25,79.635,AMGAON GNEISSIC COMPLEX,AMGAON GNEISSIC COMPLEX Gp.,ARCHAEAN,12.450133455659005
21.25,79.65,AMGAON GNEISSIC COMPLEX,AMGAON GNEISSIC COMPLEX Gp.,ARCHAEAN,13.076591991196711
21.25,79.665,AMGAON GNEISSIC COMPLEX,AMGAON GNEISSIC COMPLEX Gp.,ARCHAEAN,13.850365535883903
21.25,79.68,AMGAON GNEISSIC COMPLEX,AMGAON GNEISSIC COMPLEX Gp.,ARCHAEAN,14.748285499807473
21.25,79.695,AMGAON GNEISSIC COMPLEX,AMGAON GNEISSIC COMPLEX Gp.,ARCHAEAN,15.716983004724872
21.25,79.71,AMGAON GNEISSIC COMPLEX,AMGAON GNEISSIC COMPLEX Gp.,ARCHAEAN,16.760228122788558
21.25,79.725,AMGAON GNEISSIC COMPLEX,AMGAON GNEISSIC COMPLEX Gp.,ARCHAEAN,17.87822337420233
21.25,79.74,AMGAON GNEISSIC COMPLEX,AMGAON GNEISSIC COMPLEX Gp.,ARCHAEAN,17.75816535131892
21.25,79.755,AMGAON GNEISSIC COMPLEX,AMGAON GNEISSIC COMPLEX Gp.,ARCHAEAN,17.735237696961473
21.25,79.77,AMGAON GNEISSIC COMPLEX,AMGAON GNEISSIC COMPLEX Gp.,ARCHAEAN,17.838590737896286
21.25,79.785,AMGAON GNEISSIC COMPLEX,AMGAON GNEISSIC COMPLEX Gp.,ARCHAEAN,18.0470039073315
21.25,79.8,AMGAON GNEISSIC COMPLEX,AMGAON GNEISSIC COMPLEX Gp.,ARCHAEAN,18.35706114995076
21.25,79.815,AMGAON GNEISSIC COMPLEX,AMGAON GNEISSIC COMPLEX Gp.,ARCHAEAN,18.775113380077602
21.25,79.83,AMGAON GNEISSIC COMPLEX,AMGAON GNEISSIC COMPLEX Gp.,ARCHAEAN,19.278955565128893
21.25,79.845,SAKOLI,SAKOLI Gp,PALAEOPROTEROZOIC,19.648855558865286
21.25,79.86,SAKOLI,SAKOLI Gp,PALAEOPROTEROZOIC,20.132581905879547
21.25,79.875,SAKOLI,SAKOLI Gp,PALAEOPROTEROZOIC,20.722164847177673
21.25,79.89,SAKOLI,SAKOLI Gp,PALAEOPROTEROZOIC,21.408860549854676
21.25,79.905,SAKOLI,SAKOLI Gp,PALAEOPROTEROZOIC,22.18269888230296
21.25,79.92,SAKOLI,SAKOLI Gp,PALAEOPROTEROZOIC,23.010086011403047
21.25,79.935,SAKOLI,SAKOLI Gp,PALAEOPROTEROZOIC,23.910247157532005
21.25,79.95,SAKOLI,SAKOLI Gp,PALAEOPROTEROZOIC,24.875283161186903
21.25,79.965,SAKOLI,SAKOLI Gp,PALAEOPROTEROZOIC,25.897942734839965
21.25,79.98,SAKOLI,SAKOLI Gp,PALAEOPROTEROZOIC,26.97167209829105
21.25,79.995,SAKOLI,SAKOLI Gp,PALAEOPROTEROZOIC,28.09061562143618
21.25,80.01,SAKOLI,SAKOLI Gp,PALAEOPROTEROZOIC,29.249584758380355
21.25,80.025,SAKOLI,SAKOLI Gp,PALAEOPROTEROZOIC,30.44400866208225
21.25,80.04,SAKOLI,SAKOLI Gp,PALAEOPROTEROZOIC,31.669876075366346
21.25,80.055,AMGAON GNEISSIC COMPLEX,AMGAON GNEISSIC COMPLEX Gp.,ARCHAEAN,32.923674919031214
21.25,80.07,AMGAON GNEISSIC COMPLEX,AMGAON GNEISSIC COMPLEX Gp.,ARCHAEAN,34.20233357611443
21.25,80.085,AMGAON GNEISSIC COMPLEX,AMGAON GNEISSIC COMPLEX Gp.,ARCHAEAN,35.503166144197664
21.25,80.1,AMGAON GNEISSIC COMPLEX,AMGAON GNEISSIC COMPLEX Gp.,ARCHAEAN,36.823822761984694
21.25,80.115,AMGAON GNEISSIC COMPLEX,AMGAON GNEISSIC COMPLEX Gp.,ARCHAEAN,38.162245370031386
21.25,80.13,AMGAON GNEISSIC COMPLEX,AMGAON GNEISSIC COMPLEX Gp.,ARCHAEAN,39.49281015907619
21.25,80.145,AMGAON GNEISSIC COMPLEX,AMGAON GNEISSIC COMPLEX Gp.,ARCHAEAN,40.79095847470195
21.25,80.16,AMGAON GNEISSIC COMPLEX,AMGAON GNEISSIC COMPLEX Gp.,ARCHAEAN,42.106608325080586
21.25,80.175,AMGAON GNEISSIC COMPLEX,AMGAON GNEISSIC COMPLEX Gp.,ARCHAEAN,42.29570232409785
21.25,80.19,AMGAON GNEISSIC COMPLEX,AMGAON GNEISSIC COMPLEX Gp.,ARCHAEAN,42.17466667204069
21.25,80.205,AMGAON GNEISSIC COMPLEX,AMGAON GNEISSIC COMPLEX Gp.,ARCHAEAN,42.09096586674333
21.25,80.22,AMGAON GNEISSIC COMPLEX,AMGAON GNEISSIC COMPLEX Gp.,ARCHAEAN,42.06226217835099
21.25,80.235,,DONGARGARH GRANITE,PALAEOPROTEROZOIC,42.09111929918448
21.25,80.25,AMGAON GNEISSIC COMPLEX,AMGAON GNEISSIC COMPLEX Gp.,ARCHAEAN,42.17275595361891
21.25,80.265,AMGAON GNEISSIC COMPLEX,AMGAON GNEISSIC COMPLEX Gp.,ARCHAEAN,42.29330077881063
21.25,80.28,AMGAON GNEISSIC COMPLEX,AMGAON GNEISSIC COMPLEX Gp.,ARCHAEAN,42.47056826960583
21.25,80.295,AMGAON GNEISSIC COMPLEX,AMGAON GNEISSIC COMPLEX Gp.,ARCHAEAN,42.68920137197434
21.25,80.31,AMGAON GNEISSIC COMPLEX,AMGAON GNEISSIC COMPLEX Gp.,ARCHAEAN,42.96017700832004
21.25,80.325,,DONGARGARH GRANITE,PALAEOPROTEROZOIC,43.28544369332795
21.25,80.34,,DONGARGARH GRANITE,PALAEOPROTEROZOIC,43.66378814536365
21.25,80.355,,DONGARGARH GRANITE,PALAEOPROTEROZOIC,44.06484058012624
21.25,80.37,,DONGARGARH GRANITE,PALAEOPROTEROZOIC,44.49361641173563
21.25,80.385,,DONGARGARH GRANITE,PALAEOPROTEROZOIC,44.89257921276485
21.25,80.4,,DONGARGARH GRANITE,PALAEOPROTEROZOIC,45.30862198779827
21.25,80.415,NANDGAON,NANDGAON Gp.(BIJLI RHYOLITE Fm.),PALAEOPROTEROZOIC,45.77382130459381
21.25,80.43,NANDGAON,NANDGAON Gp.(BIJLI RHYOLITE Fm.),PALAEOPROTEROZOIC,46.18453451469334
21.25,80.445,NANDGAON,NANDGAON Gp.(BIJLI RHYOLITE Fm.),PALAEOPROTEROZOIC,46.6382633241604
21.25,80.46,NANDGAON,NANDGAON Gp.(BIJLI RHYOLITE Fm.),PALAEOPROTEROZOIC,47.0801838189315
21.25,80.475,NANDGAON,NANDGAON Gp.(BIJLI RHYOLITE Fm.),PALAEOPROTEROZOIC,47.55772910155164
21.25,80.49,NANDGAON,NANDGAON Gp.(BIJLI RHYOLITE Fm.),PALAEOPROTEROZOIC,48.08092572425809
21.265,79.2,TIRODI GNEISSIC COMPLEX,TIRODI GNEISSIC COMPLEX Gp.,ARCHAEAN,9.204518929549426
21.265,79.215,TIRODI GNEISSIC COMPLEX,TIRODI GNEISSIC COMPLEX Gp.,ARCHAEAN,8.211811821676193
21.265,79.23,TIRODI GNEISSIC COMPLEX,TIRODI GNEISSIC COMPLEX Gp.,ARCHAEAN,7.415354597841157
21.265,79.245,TIRODI GNEISSIC COMPLEX,TIRODI GNEISSIC COMPLEX Gp.,ARCHAEAN,6.659537626452454
21.265,79.26,TIRODI GNEISSIC COMPLEX,TIRODI GNEISSIC COMPLEX Gp.,ARCHAEAN,5.9957105476436885
21.265,79.275,TIRODI GNEISSIC COMPLEX,TIRODI GNEISSIC COMPLEX Gp.,ARCHAEAN,5.547728309743307
21.265,79.29,TIRODI GNEISSIC COMPLEX,TIRODI GNEISSIC COMPLEX Gp.,ARCHAEAN,5.176355375754889
21.265,79.305,TIRODI GNEISSIC COMPLEX,TIRODI GNEISSIC COMPLEX Gp.,ARCHAEAN,4.963007531678219
21.265,79.32,TIRODI GNEISSIC COMPLEX,TIRODI GNEISSIC COMPLEX Gp.,ARCHAEAN,4.886301736275435
21.265,79.335,TIRODI GNEISSIC COMPLEX,TIRODI GNEISSIC COMPLEX Gp.,ARCHAEAN,5.070257958123271
21.265,79.35,TIRODI GNEISSIC COMPLEX,TIRODI GNEISSIC COMPLEX Gp.,ARCHAEAN,5.081531976211688
21.265,79.365,TIRODI GNEISSIC COMPLEX,TIRODI GNEISSIC COMPLEX Gp.,ARCHAEAN,5.15075923455699
21.265,79.38,TIRODI GNEISSIC COMPLEX,TIRODI GNEISSIC COMPLEX Gp.,ARCHAEAN,5.264371469171906
21.265,79.395,TIRODI GNEISSIC COMPLEX,TIRODI GNEISSIC COMPLEX Gp.,ARCHAEAN,5.377983703786822
21.265,79.41,TIRODI GNEISSIC COMPLEX,TIRODI GNEISSIC COMPLEX Gp.,ARCHAEAN,5.54890876627738
21.265,79.425,TIRODI GNEISSIC COMPLEX,TIRODI GNEISSIC COMPLEX Gp.,ARCHAEAN,5.810845069774377
21.265,79.44,TIRODI GNEISSIC COMPLEX,TIRODI GNEISSIC COMPLEX Gp.,ARCHAEAN,6.039676722691155
21.265,79.455,TIRODI GNEISSIC COMPLEX,TIRODI GNEISSIC COMPLEX Gp.,ARCHAEAN,6.331083521998837
21.265,79.47,TIRODI GNEISSIC COMPLEX,TIRODI GNEISSIC COMPLEX Gp.,ARCHAEAN,6.964633224675532
21.265,79.485,TIRODI GNEISSIC COMPLEX,TIRODI GNEISSIC COMPLEX Gp.,ARCHAEAN,7.792606061337124
21.265,79.5,TIRODI GNEISSIC COMPLEX,TIRODI GNEISSIC COMPLEX Gp.,ARCHAEAN,8.674694155341047
21.265,79.515,TIRODI GNEISSIC COMPLEX,TIRODI GNEISSIC COMPLEX Gp.,ARCHAEAN,9.727223339532413
21.265,79.53,TIRODI GNEISSIC COMPLEX,TIRODI GNEISSIC COMPLEX Gp.,ARCHAEAN,10.403217787875507
21.265,79.545,TIRODI GNEISSIC COMPLEX,TIRODI GNEISSIC COMPLEX Gp.,ARCHAEAN,10.54242703024634
21.265,79.56,TIRODI GNEISSIC COMPLEX,TIRODI GNEISSIC COMPLEX Gp.,ARCHAEAN,10.252063534736644
21.265,79.575,TIRODI GNEISSIC COMPLEX,TIRODI GNEISSIC COMPLEX Gp.,ARCHAEAN,10.088010017745736
21.265,79.59,TIRODI GNEISSIC COMPLEX,TIRODI GNEISSIC COMPLEX Gp.,ARCHAEAN,9.996864470840718
21.265,79.605,TIRODI GNEISSIC COMPLEX,TIRODI GNEISSIC COMPLEX Gp.,ARCHAEAN,10.069589862506996
21.265,79.62,TIRODI GNEISSIC COMPLEX,TIRODI GNEISSIC COMPLEX Gp.,ARCHAEAN,10.377809330333925
21.265,79.635,TIRODI GNEISSIC COMPLEX,TIRODI GNEISSIC COMPLEX Gp.,ARCHAEAN,10.901566802131885
21.265,79.65,TIRODI GNEISSIC COMPLEX,TIRODI GNEISSIC COMPLEX Gp.,ARCHAEAN,11.61173271879947
21.265,79.665,TIRODI GNEISSIC COMPLEX,TIRODI GNEISSIC COMPLEX Gp.,ARCHAEAN,12.476516359595262
21.265,79.68,TIRODI GNEISSIC COMPLEX,TIRODI GNEISSIC COMPLEX Gp.,ARCHAEAN,13.437409718200024
21.265,79.695,TIRODI GNEISSIC COMPLEX,TIRODI GNEISSIC COMPLEX Gp.,ARCHAEAN,14.477424677929868
21.265,79.71,AMGAON GNEISSIC COMPLEX,AMGAON GNEISSIC COMPLEX Gp.,ARCHAEAN,15.603544995366606
21.265,79.725,AMGAON GNEISSIC COMPLEX,AMGAON GNEISSIC COMPLEX Gp.,ARCHAEAN,16.26633176698326
21.265,79.74,AMGAON GNEISSIC COMPLEX,AMGAON GNEISSIC COMPLEX Gp.,ARCHAEAN,16.09151915376542
21.265,79.755,AMGAON GNEISSIC COMPLEX,AMGAON GNEISSIC COMPLEX Gp.,ARCHAEAN,16.066218408366854
21.265,79.77,AMGAON GNEISSIC COMPLEX,AMGAON GNEISSIC COMPLEX Gp.,ARCHAEAN,16.17642948562699
21.265,79.785,AMGAON GNEISSIC COMPLEX,AMGAON GNEISSIC COMPLEX Gp.,ARCHAEAN,16.405925092235677
21.265,79.8,AMGAON GNEISSIC COMPLEX,AMGAON GNEISSIC COMPLEX Gp.,ARCHAEAN,16.736022032370734
21.265,79.815,AMGAON GNEISSIC COMPLEX,AMGAON GNEISSIC COMPLEX Gp.,ARCHAEAN,17.19344235924468
21.265,79.83,AMGAON GNEISSIC COMPLEX,AMGAON GNEISSIC COMPLEX Gp.,ARCHAEAN,17.64581953229806
21.265,79.845,AMGAON GNEISSIC COMPLEX,AMGAON GNEISSIC COMPLEX Gp.,ARCHAEAN,18.049138795688652
21.265,79.86,AMGAON GNEISSIC COMPLEX,AMGAON GNEISSIC COMPLEX Gp.,ARCHAEAN,18.5744669186642
21.265,79.875,SAKOLI,SAKOLI Gp,PALAEOPROTEROZOIC,19.211797862406947
21.265,79.89,SAKOLI,SAKOLI Gp,PALAEOPROTEROZOIC,19.950400463307336
21.265,79.905,SAKOLI,SAKOLI Gp,PALAEOPROTEROZOIC,20.759530694527857
21.265,79.92,SAKOLI,SAKOLI Gp,PALAEOPROTEROZOIC,21.641220562169618
21.265,79.935,SAKOLI,SAKOLI Gp,PALAEOPROTEROZOIC,22.5957891194536
21.265,79.95,SAKOLI,SAKOLI Gp,PALAEOPROTEROZOIC,23.61440005988038
21.265,79.965,SAKOLI,SAKOLI Gp,PALAEOPROTEROZOIC,24.68912797553318
21.265,79.98,SAKOLI,SAKOLI Gp,PALAEOPROTEROZOIC,25.81296449351271
21.265,79.995,SAKOLI,SAKOLI Gp,PALAEOPROTEROZOIC,26.979773487584293
21.265,80.01,SAKOLI,SAKOLI Gp,PALAEOPROTEROZOIC,28.184218362166455
21.265,80.025,SAKOLI,SAKOLI Gp,PALAEOPROTEROZOIC,29.421677343042855
21.265,80.04,SAKOLI,SAKOLI Gp,PALAEOPROTEROZOIC,30.688156940697457
21.265,80.055,SAKOLI,SAKOLI Gp,PALAEOPROTEROZOIC,31.980209519366035
21.265,80.07,AMGAON GNEISSIC COMPLEX,AMGAON GNEISSIC COMPLEX Gp.,ARCHAEAN,33.29485802845622
21.265,80.085,AMGAON GNEISSIC COMPLEX,AMGAON GNEISSIC COMPLEX Gp.,ARCHAEAN,34.62952912060103
21.265,80.1,AMGAON GNEISSIC COMPLEX,AMGAON GNEISSIC COMPLEX Gp.,ARCHAEAN,35.97857241643872
21.265,80.115,AMGAON GNEISSIC COMPLEX,AMGAON GNEISSIC COMPLEX Gp.,ARCHAEAN,37.268898476348895
21.265,80.13,AMGAON GNEISSIC COMPLEX,AMGAON GNEISSIC COMPLEX Gp.,ARCHAEAN,38.57883953546027
21.265,80.145,AMGAON GNEISSIC COMPLEX,AMGAON GNEISSIC COMPLEX Gp.,ARCHAEAN,39.90646403669585
21.265,80.16,AMGAON GNEISSIC COMPLEX,AMGAON GNEISSIC COMPLEX Gp.,ARCHAEAN,40.81885060306292
21.265,80.175,AMGAON GNEISSIC COMPLEX,AMGAON GNEISSIC COMPLEX Gp.,ARCHAEAN,40.63389933259296
21.265,80.19,AMGAON GNEISSIC COMPLEX,AMGAON GNEISSIC COMPLEX Gp.,ARCHAEAN,40.507924300491425
21.265,80.205,AMGAON GNEISSIC COMPLEX,AMGAON GNEISSIC COMPLEX Gp.,ARCHAEAN,40.422345516520195
21.265,80.22,AMGAON GNEISSIC COMPLEX,AMGAON GNEISSIC COMPLEX Gp.,ARCHAEAN,40.39246218045564
21.265,80.235,AMGAON GNEISSIC COMPLEX,AMGAON GNEISSIC COMPLEX Gp.,ARCHAEAN,40.42250525003434
21.265,80.25,AMGAON GNEISSIC COMPLEX,AMGAON GNEISSIC COMPLEX Gp.,ARCHAEAN,40.505981019131376
21.265,80.265,AMGAON GNEISSIC COMPLEX,AMGAON GNEISSIC COMPLEX Gp.,ARCHAEAN,40.63144558789367
21.265,80.28,AMGAON GNEISSIC COMPLEX,AMGAON GNEISSIC COMPLEX Gp.,ARCHAEAN,40.81589382273299
21.265,80.295,AMGAON GNEISSIC COMPLEX,AMGAON GNEISSIC COMPLEX Gp.,ARCHAEAN,41.040682555888495
21.265,80.31,,DONGARGARH GRANITE,PALAEOPROTEROZOIC,41.32241271271839
21.265,80.325,,DONGARGARH GRANITE,PALAEOPROTEROZOIC,41.660399732769804
21.265,80.34,,DONGARGARH GRANITE,PALAEOPROTEROZOIC,42.046714710797076
21.265,80.355,,DONGARGARH GRANITE,PALAEOPROTEROZOIC,42.46036504354342
21.265,80.37,,DONGARGARH GRANITE,PALAEOPROTEROZOIC,42.88504263575962
21.265,80.385,,DONGARGARH GRANITE,PALAEOPROTEROZOIC,43.27807209335862
21.265,80.4,,DONGARGARH GRANITE,PALAEOPROTEROZOIC,43.70939760242273
21.265,80.415,,DONGARGARH GRANITE,PALAEOPROTEROZOIC,44.1617535629735
21.265,80.43,NANDGAON,NANDGAON Gp.(BIJLI RHYOLITE Fm.),PALAEOPROTEROZOIC,44.58167035373075
21.265,80.445,NANDGAON,NANDGAON Gp.(BIJLI RHYOLITE Fm.),PALAEOPROTEROZOIC,45.03964227033988
21.265,80.46,NANDGAON,NANDGAON Gp.(BIJLI RHYOLITE Fm.),PALAEOPROTEROZOIC,45.48528458873882
21.265,80.475,NANDGAON,NANDGAON Gp.(BIJLI RHYOLITE Fm.),PALAEOPROTEROZOIC,45.97929749511024
21.265,80.49,NANDGAON,NANDGAON Gp.(BIJLI RHYOLITE Fm.),PALAEOPROTEROZOIC,46.52014002468239
21.28,79.2,TIRODI GNEISSIC COMPLEX,TIRODI GNEISSIC COMPLEX Gp.,ARCHAEAN,8.074488677695483
21.28,79.215,TIRODI GNEISSIC COMPLEX,TIRODI GNEISSIC COMPLEX Gp.,ARCHAEAN,6.921818850494527
21.28,79.23,TIRODI GNEISSIC COMPLEX,TIRODI GNEISSIC COMPLEX Gp.,ARCHAEAN,5.9554801309004874
21.28,79.245,TIRODI GNEISSIC COMPLEX,TIRODI GNEISSIC COMPLEX Gp.,ARCHAEAN,5.1990086521817185
21.28,79.26,TIRODI GNEISSIC COMPLEX,TIRODI GNEISSIC COMPLEX Gp.,ARCHAEAN,4.446190658210816
21.28,79.275,TIRODI GNEISSIC COMPLEX,TIRODI GNEISSIC COMPLEX Gp.,ARCHAEAN,3.9476039037223782
21.28,79.29,TIRODI GNEISSIC COMPLEX,TIRODI GNEISSIC COMPLEX Gp.,ARCHAEAN,3.52292825085952
21.28,79.305,TIRODI GNEISSIC COMPLEX,TIRODI GNEISSIC COMPLEX Gp.,ARCHAEAN,3.3465486456778097
21.28,79.32,TIRODI GNEISSIC COMPLEX,TIRODI GNEISSIC COMPLEX Gp.,ARCHAEAN,3.2317244207260023
21.28,79.335,TIRODI GNEISSIC COMPLEX,TIRODI GNEISSIC COMPLEX Gp.,ARCHAEAN,3.400501010760482
21.28,79.35,TIRODI GNEISSIC COMPLEX,TIRODI GNEISSIC COMPLEX Gp.,ARCHAEAN,3.4117750288038042
21.28,79.365,TIRODI GNEISSIC COMPLEX,TIRODI GNEISSIC COMPLEX Gp.,ARCHAEAN,3.4853373162247907
21.28,79.38,TIRODI GNEISSIC COMPLEX,TIRODI GNEISSIC COMPLEX Gp.,ARCHAEAN,3.5989495042307045
21.28,79.395,TIRODI GNEISSIC COMPLEX,TIRODI GNEISSIC COMPLEX Gp.,ARCHAEAN,3.7125616922366196
21.28,79.41,TIRODI GNEISSIC COMPLEX,TIRODI GNEISSIC COMPLEX Gp.,ARCHAEAN,3.9025202159206254
21.28,79.425,TIRODI GNEISSIC COMPLEX,TIRODI GNEISSIC COMPLEX Gp.,ARCHAEAN,4.164455945198757
21.28,79.44,TIRODI GNEISSIC COMPLEX,TIRODI GNEISSIC COMPLEX Gp.,ARCHAEAN,4.376277006772725
21.28,79.455,TIRODI GNEISSIC COMPLEX,TIRODI GNEISSIC COMPLEX Gp.,ARCHAEAN,4.767769106446425
21.28,79.47,TIRODI GNEISSIC COMPLEX,TIRODI GNEISSIC COMPLEX Gp.,ARCHAEAN,5.5559257509910855
21.28,79.485,TIRODI GNEISSIC COMPLEX,TIRODI GNEISSIC COMPLEX Gp.,ARCHAEAN,6.399893467073598
21.28,79.5,TIRODI GNEISSIC COMPLEX,TIRODI GNEISSIC COMPLEX Gp.,ARCHAEAN,7.448576042544662
21.28,79.515,TIRODI GNEISSIC COMPLEX,TIRODI GNEISSIC COMPLEX Gp.,ARCHAEAN,8.553969875844354
21.28,79.53,TIRODI GNEISSIC COMPLEX,TIRODI GNEISSIC COMPLEX Gp.,ARCHAEAN,8.73953893023034
21.28,79.545,TIRODI GNEISSIC COMPLEX,TIRODI GNEISSIC COMPLEX Gp.,ARCHAEAN,8.87996786893372
21.28,79.56,TIRODI GNEISSIC COMPLEX,TIRODI GNEISSIC COMPLEX Gp.,ARCHAEAN,8.613474299417886
21.28,79.575,TIRODI GNEISSIC COMPLEX,TIRODI GNEISSIC COMPLEX Gp.,ARCHAEAN,8.421297862515129
21.28,79.59,TIRODI GNEISSIC COMPLEX,TIRODI GNEISSIC COMPLEX Gp.,ARCHAEAN,8.328022011633312
21.28,79.605,TIRODI GNEISSIC COMPLEX,TIRODI GNEISSIC COMPLEX Gp.,ARCHAEAN,8.415164521033871
21.28,79.62,TIRODI GNEISSIC COMPLEX,TIRODI GNEISSIC COMPLEX Gp.,ARCHAEAN,8.781571374392273
21.28,79.635,TIRODI GNEISSIC COMPLEX,TIRODI GNEISSIC COMPLEX Gp.,ARCHAEAN,9.394623797081213
21.28,79.65,TIRODI GNEISSIC COMPLEX,TIRODI GNEISSIC COMPLEX Gp.,ARCHAEAN,10.209988999577018
21.28,79.665,TIRODI GNEISSIC COMPLEX,TIRODI GNEISSIC COMPLEX Gp.,ARCHAEAN,11.159509449675136
21.28,79.68,TIRODI GNEISSIC COMPLEX,TIRODI GNEISSIC COMPLEX Gp.,ARCHAEAN,12.195024407494644
21.28,79.695,TIRODI GNEISSIC COMPLEX,TIRODI GNEISSIC COMPLEX Gp.,ARCHAEAN,13.332087159894435
21.28,79.71,TIRODI GNEISSIC COMPLEX,TIRODI GNEISSIC COMPLEX Gp.,ARCHAEAN,14.513375297958534
21.28,79.725,TIRODI GNEISSIC COMPLEX,TIRODI GNEISSIC COMPLEX Gp.,ARCHAEAN,14.620308209774654
21.28,79.74,TIRODI GNEISSIC COMPLEX,TIRODI GNEISSIC COMPLEX Gp.,ARCHAEAN,14.425602402032776
21.28,79.755,AMGAON GNEISSIC COMPLEX,AMGAON GNEISSIC COMPLEX Gp.,ARCHAEAN,14.39738017043114
21.28,79.77,AMGAON GNEISSIC COMPLEX,AMGAON GNEISSIC COMPLEX Gp.,ARCHAEAN,14.516021702442417
21.28,79.785,AMGAON GNEISSIC COMPLEX,AMGAON GNEISSIC COMPLEX Gp.,ARCHAEAN,14.76850467318455
21.28,79.8,AMGAON GNEISSIC COMPLEX,AMGAON GNEISSIC COMPLEX Gp.,ARCHAEAN,15.125595356632816
21.28,79.815,AMGAON GNEISSIC COMPLEX,AMGAON GNEISSIC COMPLEX Gp.,ARCHAEAN,15.630115101974482
21.28,79.83,AMGAON GNEISSIC COMPLEX,AMGAON GNEISSIC COMPLEX Gp.,ARCHAEAN,16.020244336731693
21.28,79.845,AMGAON GNEISSIC COMPLEX,AMGAON GNEISSIC COMPLEX Gp.,ARCHAEAN,16.46334590665921
21.28,79.86,AMGAON GNEISSIC COMPLEX,AMGAON GNEISSIC COMPLEX Gp.,ARCHAEAN,17.037524669789963
21.28,79.875,AMGAON GNEISSIC COMPLEX,AMGAON GNEISSIC COMPLEX Gp.,ARCHAEAN,17.73005058940191
21.28,79.89,AMGAON GNEISSIC COMPLEX,AMGAON GNEISSIC COMPLEX Gp.,ARCHAEAN,18.517176215072475
21.28,79.905,SAKOLI,SAKOLI Gp,PALAEOPROTEROZOIC,19.375772217168883
21.28,79.92,SAKOLI,SAKOLI Gp,PALAEOPROTEROZOIC,20.317412277178448
21.28,79.935,SAKOLI,SAKOLI Gp,PALAEOPROTEROZOIC,21.3311015390141
21.28,79.95,SAKOLI,SAKOLI Gp,PALAEOPROTEROZOIC,22.407063678498314
21.28,79.965,SAKOLI,SAKOLI Gp,PALAEOPROTEROZOIC,23.536759996110067
21.28,79.98,SAKOLI,SAKOLI Gp,PALAEOPROTEROZOIC,24.712822544872456
21.28,79.995,SAKOLI,SAKOLI Gp,PALAEOPROTEROZOIC,25.928942974056724
21.28,80.01,SAKOLI,SAKOLI Gp,PALAEOPROTEROZOIC,27.17974481055838
21.28,80.025,SAKOLI,SAKOLI Gp,PALAEOPROTEROZOIC,28.460655838893192
21.28,80.04,SAKOLI,SAKOLI Gp,PALAEOPROTEROZOIC,29.767789507963727
21.28,80.055,SAKOLI,SAKOLI Gp,PALAEOPROTEROZOIC,31.097839349360047
21.28,80.07,AMGAON GNEISSIC COMPLEX,AMGAON GNEISSIC COMPLEX Gp.,ARCHAEAN,32.447987469246115
21.28,80.085,AMGAON GNEISSIC COMPLEX,AMGAON GNEISSIC COMPLEX Gp.,ARCHAEAN,33.75005834353259
21.28,80.1,AMGAON GNEISSIC COMPLEX,AMGAON GNEISSIC COMPLEX Gp.,ARCHAEAN,35.05307882730792
21.28,80.115,AMGAON GNEISSIC COMPLEX,AMGAON GNEISSIC COMPLEX Gp.,ARCHAEAN,36.37598371113463
21.28,80.13,AMGAON GNEISSIC COMPLEX,AMGAON GNEISSIC COMPLEX Gp.,ARCHAEAN,37.71668072921664
21.28,80.145,AMGAON GNEISSIC COMPLEX,AMGAON GNEISSIC COMPLEX Gp.,ARCHAEAN,38.88099094952531
21.28,80.16,AMGAON GNEISSIC COMPLEX,AMGAON GNEISSIC COMPLEX Gp.,ARCHAEAN,39.165537094567036
21.28,80.175,AMGAON GNEISSIC COMPLEX,AMGAON GNEISSIC COMPLEX Gp.,ARCHAEAN,38.97277994978359
21.28,80.19,AMGAON GNEISSIC COMPLEX,AMGAON GNEISSIC COMPLEX Gp.,ARCHAEAN,38.84144457561102
21.28,80.205,AMGAON GNEISSIC COMPLEX,AMGAON GNEISSIC COMPLEX Gp.,ARCHAEAN,38.75382678288203
21.28,80.22,AMGAON GNEISSIC COMPLEX,AMGAON GNEISSIC COMPLEX Gp.,ARCHAEAN,38.72266218274181
21.28,80.235,AMGAON GNEISSIC COMPLEX,AMGAON GNEISSIC COMPLEX Gp.,ARCHAEAN,38.75399335962064
21.28,80.25,AMGAON GNEISSIC COMPLEX,AMGAON GNEISSIC COMPLEX Gp.,ARCHAEAN,38.83946594996024
21.28,80.265,AMGAON GNEISSIC COMPLEX,AMGAON GNEISSIC COMPLEX Gp.,ARCHAEAN,38.97026959786218
21.28,80.28,AMGAON GNEISSIC COMPLEX,AMGAON GNEISSIC COMPLEX Gp.,ARCHAEAN,39.160264491375045
21.28,80.295,AMGAON GNEISSIC COMPLEX,AMGAON GNEISSIC COMPLEX Gp.,ARCHAEAN,39.39395631848371
21.28,80.31,AMGAON GNEISSIC COMPLEX,AMGAON GNEISSIC COMPLEX Gp.,ARCHAEAN,39.68731828189473
21.28,80.325,,DONGARGARH GRANITE,PALAEOPROTEROZOIC,40.03903881203805
21.28,80.34,,DONGARGARH GRANITE,PALAEOPROTEROZOIC,40.43120347943933
21.28,80.355,,DONGARGARH GRANITE,PALAEOPROTEROZOIC,40.85865258683682
21.28,80.37,,DONGARGARH GRANITE,PALAEOPROTEROZOIC,41.27402961755822
21.28,80.385,,DONGARGARH GRANITE,PALAEOPROTEROZOIC,41.66792326415952
21.28,80.4,,DONGARGARH GRANITE,PALAEOPROTEROZOIC,42.11565143770615
21.28,80.415,,DONGARGARH GRANITE,PALAEOPROTEROZOIC,42.5483092719006
21.28,80.43,NANDGAON,NANDGAON Gp.(BIJLI RHYOLITE Fm.),PALAEOPROTEROZOIC,42.983902566945076
21.28,80.445,NANDGAON,NANDGAON Gp.(BIJLI RHYOLITE Fm.),PALAEOPROTEROZOIC,43.43410464839036
21.28,80.46,NANDGAON,NANDGAON Gp.(BIJLI RHYOLITE Fm.),PALAEOPROTEROZOIC,43.89595609999123
21.28,80.475,NANDGAON,NANDGAON Gp.(BIJLI RHYOLITE Fm.),PALAEOPROTEROZOIC,44.40754931151965
21.28,80.49,NANDGAON,NANDGAON Gp.(BIJLI RHYOLITE Fm.),PALAEOPROTEROZOIC,44.96718657393857
21.295,79.2,TIRODI GNEISSIC COMPLEX,TIRODI GNEISSIC COMPLEX Gp.,ARCHAEAN,6.914249638669374
21.295,79.215,TIRODI GNEISSIC COMPLEX,TIRODI GNEISSIC COMPLEX Gp.,ARCHAEAN,5.801200394236847
21.295,79.23,TIRODI GNEISSIC COMPLEX,TIRODI GNEISSIC COMPLEX Gp.,ARCHAEAN,4.639446760238868
21.295,79.245,TIRODI GNEISSIC COMPLEX,TIRODI GNEISSIC COMPLEX Gp.,ARCHAEAN,3.7315067918127287
21.295,79.26,TIRODI GNEISSIC COMPLEX,TIRODI GNEISSIC COMPLEX Gp.,ARCHAEAN,2.9816529108953276
21.295,79.275,TIRODI GNEISSIC COMPLEX,TIRODI GNEISSIC COMPLEX Gp.,ARCHAEAN,2.347500325400008
21.295,79.29,TIRODI GNEISSIC COMPLEX,TIRODI GNEISSIC COMPLEX Gp.,ARCHAEAN,1.8983824651355947
21.295,79.305,TIRODI GNEISSIC COMPLEX,TIRODI GNEISSIC COMPLEX Gp.,ARCHAEAN,1.769877254502859
21.295,79.32,TIRODI GNEISSIC COMPLEX,TIRODI GNEISSIC COMPLEX Gp.,ARCHAEAN,1.5812559498014656
21.295,79.335,TIRODI GNEISSIC COMPLEX,TIRODI GNEISSIC COMPLEX Gp.,ARCHAEAN,1.7307440768685416
21.295,79.35,TIRODI GNEISSIC COMPLEX,TIRODI GNEISSIC COMPLEX Gp.,ARCHAEAN,1.7420180948659534
21.295,79.365,TIRODI GNEISSIC COMPLEX,TIRODI GNEISSIC COMPLEX Gp.,ARCHAEAN,1.819916763932098
21.295,79.38,TIRODI GNEISSIC COMPLEX,TIRODI GNEISSIC COMPLEX Gp.,ARCHAEAN,1.9335289053025004
21.295,79.395,TIRODI GNEISSIC COMPLEX,TIRODI GNEISSIC COMPLEX Gp.,ARCHAEAN,2.04714104667281
21.295,79.41,TIRODI GNEISSIC COMPLEX,TIRODI GNEISSIC COMPLEX Gp.,ARCHAEAN,2.2561388811523795
21.295,79.425,TIRODI GNEISSIC COMPLEX,TIRODI GNEISSIC COMPLEX Gp.,ARCHAEAN,2.518074035882086
21.295,79.44,TIRODI GNEISSIC COMPLEX,TIRODI GNEISSIC COMPLEX Gp.,ARCHAEAN,2.7162470480753442
21.295,79.455,TIRODI GNEISSIC COMPLEX,TIRODI GNEISSIC COMPLEX Gp.,ARCHAEAN,3.3101494814954533
21.295,79.47,TIRODI GNEISSIC COMPLEX,TIRODI GNEISSIC COMPLEX Gp.,ARCHAEAN,4.134042883945875
21.295,79.485,TIRODI GNEISSIC COMPLEX,TIRODI GNEISSIC COMPLEX Gp.,ARCHAEAN,5.173879190127128
21.295,79.5,TIRODI GNEISSIC COMPLEX,TIRODI GNEISSIC COMPLEX Gp.,ARCHAEAN,6.265975973452835
21.295,79.515,TIRODI GNEISSIC COMPLEX,TIRODI GNEISSIC COMPLEX Gp.,ARCHAEAN,6.912903918665176
21.295,79.53,TIRODI GNEISSIC COMPLEX,TIRODI GNEISSIC COMPLEX Gp.,ARCHAEAN,7.0758619795779945
21.295,79.545,TIRODI GNEISSIC COMPLEX,TIRODI GNEISSIC COMPLEX Gp.,ARCHAEAN,7.217510992787458
21.295,79.56,TIRODI GNEISSIC COMPLEX,TIRODI GNEISSIC COMPLEX Gp.,ARCHAEAN,6.989673525468192
21.295,79.575,TIRODI GNEISSIC COMPLEX,TIRODI GNEISSIC COMPLEX Gp.,ARCHAEAN,6.7545866711704035
21.295,79.59,TIRODI GNEISSIC COMPLEX,TIRODI GNEISSIC COMPLEX Gp.,ARCHAEAN,6.659659606393538
21.295,79.605,TIRODI GNEISSIC COMPLEX,TIRODI GNEISSIC COMPLEX Gp.,ARCHAEAN,6.768294595557815
21.295,79.62,TIRODI GNEISSIC COMPLEX,TIRODI GNEISSIC COMPLEX Gp.,ARCHAEAN,7.2186929756603675
21.295,79.635,TIRODI GNEISSIC COMPLEX,TIRODI GNEISSIC COMPLEX Gp.,ARCHAEAN,7.953000421652406
21.295,79.65,TIRODI GNEISSIC COMPLEX,TIRODI GNEISSIC COMPLEX Gp.,ARCHAEAN,8.884402930598128
21.295,79.665,TIRODI GNEISSIC COMPLEX,TIRODI GNEISSIC COMPLEX Gp.,ARCHAEAN,9.91315693390297
21.295,79.68,TIRODI GNEISSIC COMPLEX,TIRODI GNEISSIC COMPLEX Gp.,ARCHAEAN,11.06569998890808
21.295,79.695,TIRODI GNEISSIC COMPLEX,TIRODI GNEISSIC COMPLEX Gp.,ARCHAEAN,12.24899580413049
21.295,79.71,TIRODI GNEISSIC COMPLEX,TIRODI GNEISSIC COMPLEX Gp.,ARCHAEAN,13.378526195567678
21.295,79.725,TIRODI GNEISSIC COMPLEX,TIRODI GNEISSIC COMPLEX Gp.,ARCHAEAN,12.980359719236874
21.295,79.74,TIRODI GNEISSIC COMPLEX,TIRODI GNEISSIC COMPLEX Gp.,ARCHAEAN,12.760700788022872
21.295,79.755,AMGAON GNEISSIC COMPLEX,AMGAON GNEISSIC COMPLEX Gp.,ARCHAEAN,12.728794194560292
21.295,79.77,AMGAON GNEISSIC COMPLEX,AMGAON GNEISSIC COMPLEX Gp.,ARCHAEAN,12.858046702406147
21.295,79.785,AMGAON GNEISSIC COMPLEX,AMGAON GNEISSIC COMPLEX Gp.,ARCHAEAN,13.129225845549213
21.295,79.8,AMGAON GNEISSIC COMPLEX,AMGAON GNEISSIC COMPLEX Gp.,ARCHAEAN,13.529571254766433
21.295,79.815,AMGAON GNEISSIC COMPLEX,AMGAON GNEISSIC COMPLEX Gp.,ARCHAEAN,14.069411849851365
21.295,79.83,AMGAON GNEISSIC COMPLEX,AMGAON GNEISSIC COMPLEX Gp.,ARCHAEAN,14.404789918964372
21.295,79.845,AMGAON GNEISSIC COMPLEX,AMGAON GNEISSIC COMPLEX Gp.,ARCHAEAN,14.89592448636945
21.295,79.86,AMGAON GNEISSIC COMPLEX,AMGAON GNEISSIC COMPLEX Gp.,ARCHAEAN,15.528043369436737
21.295,79.875,AMGAON GNEISSIC COMPLEX,AMGAON GNEISSIC COMPLEX Gp.,ARCHAEAN,16.284737220721713
21.295,79.89,AMGAON GNEISSIC COMPLEX,AMGAON GNEISSIC COMPLEX Gp.,ARCHAEAN,17.115236939941013
21.295,79.905,AMGAON GNEISSIC COMPLEX,AMGAON GNEISSIC COMPLEX Gp.,ARCHAEAN,18.04049424970628
21.295,79.92,AMGAON GNEISSIC COMPLEX,AMGAON GNEISSIC COMPLEX Gp.,ARCHAEAN,19.048057667972685
21.295,79.935,SAKOLI,SAKOLI Gp,PALAEOPROTEROZOIC,20.125569307637104
21.295,79.95,AMGAON GNEISSIC COMPLEX,AMGAON GNEISSIC COMPLEX Gp.,ARCHAEAN,21.26239755709501
21.295,79.965,SAKOLI,SAKOLI Gp,PALAEOPROTEROZOIC,22.44953297244241
21.295,79.98,SAKOLI,SAKOLI Gp,PALAEOPROTEROZOIC,23.679410515698272
21.295,79.995,SAKOLI,SAKOLI Gp,PALAEOPROTEROZOIC,24.945709149000127
21.295,80.01,SAKOLI,SAKOLI Gp,PALAEOPROTEROZOIC,26.243157173012154
21.295,80.025,SAKOLI,SAKOLI Gp,PALAEOPROTEROZOIC,27.567356832922766
21.295,80.04,SAKOLI,SAKOLI Gp,PALAEOPROTEROZOIC,28.914632938796437
21.295,80.055,SAKOLI,SAKOLI Gp,PALAEOPROTEROZOIC,30.235367460198805
21.295,80.07,AMGAON GNEISSIC COMPLEX,AMGAON GNEISSIC COMPLEX Gp.,ARCHAEAN,31.529813076706525
21.295,80.085,AMGAON GNEISSIC COMPLEX,AMGAON GNEISSIC COMPLEX Gp.,ARCHAEAN,32.84694431353236
21.295,80.1,AMGAON GNEISSIC COMPLEX,AMGAON GNEISSIC COMPLEX Gp.,ARCHAEAN,34.18413900781913
21.295,80.115,AMGAON GNEISSIC COMPLEX,AMGAON GNEISSIC COMPLEX Gp.,ARCHAEAN,35.53913250996528
21.295,80.13,AMGAON GNEISSIC COMPLEX,AMGAON GNEISSIC COMPLEX Gp.,ARCHAEAN,36.596898942116084
21.295,80.145,AMGAON GNEISSIC COMPLEX,AMGAON GNEISSIC COMPLEX Gp.,ARCHAEAN,37.6625907496051
21.295,80.16,AMGAON GNEISSIC COMPLEX,AMGAON GNEISSIC COMPLEX Gp.,ARCHAEAN,37.51368400552637
21.295,80.175,AMGAON GNEISSIC COMPLEX,AMGAON GNEISSIC COMPLEX Gp.,ARCHAEAN,37.31243547690883
21.295,80.19,AMGAON GNEISSIC COMPLEX,AMGAON GNEISSIC COMPLEX Gp.,ARCHAEAN,37.175262818920984
21.295,80.205,AMGAON GNEISSIC COMPLEX,AMGAON GNEISSIC COMPLEX Gp.,ARCHAEAN,37.08542338139795
21.295,80.22,AMGAON GNEISSIC COMPLEX,AMGAON GNEISSIC COMPLEX Gp.,ARCHAEAN,37.05286218523402
21.295,80.235,AMGAON GNEISSIC COMPLEX,AMGAON GNEISSIC COMPLEX Gp.,ARCHAEAN,37.08559741656748
21.295,80.25,AMGAON GNEISSIC COMPLEX,AMGAON GNEISSIC COMPLEX Gp.,ARCHAEAN,37.173245696219695
21.295,80.265,AMGAON GNEISSIC COMPLEX,AMGAON GNEISSIC COMPLEX Gp.,ARCHAEAN,37.3098635306021
21.295,80.28,AMGAON GNEISSIC COMPLEX,AMGAON GNEISSIC COMPLEX Gp.,ARCHAEAN,37.5053687949621
21.295,80.295,AMGAON GNEISSIC COMPLEX,AMGAON GNEISSIC COMPLEX Gp.,ARCHAEAN,37.74925725213205
21.295,80.31,,DONGARGARH GRANITE,PALAEOPROTEROZOIC,38.05523786043827
21.295,80.325,,DONGARGARH GRANITE,PALAEOPROTEROZOIC,38.42182719531684
21.295,80.34,,DONGARGARH GRANITE,PALAEOPROTEROZOIC,38.82028674539965
21.295,80.355,,DONGARGARH GRANITE,PALAEOPROTEROZOIC,39.25065752213213
21.295,80.37,,DONGARGARH GRANITE,PALAEOPROTEROZOIC,39.65290581557055
21.295,80.385,,DONGARGARH GRANITE,PALAEOPROTEROZOIC,40.06265821773806
21.295,80.4,,DONGARGARH GRANITE,PALAEOPROTEROZOIC,40.528029784452215
21.295,80.415,,DONGARGARH GRANITE,PALAEOPROTEROZOIC,40.93938465030218
21.295,80.43,NANDGAON,NANDGAON Gp.(BIJLI RHYOLITE Fm.),PALAEOPROTEROZOIC,41.39182133484492
21.295,80.445,NANDGAON,NANDGAON Gp.(BIJLI RHYOLITE Fm.),PALAEOPROTEROZOIC,41.83359850879145
21.295,80.46,NANDGAON,NANDGAON Gp.(BIJLI RHYOLITE Fm.),PALAEOPROTEROZOIC,42.312826091816625
21.295,80.475,NANDGAON,NANDGAON Gp.(BIJLI RHYOLITE Fm.),PALAEOPROTEROZOIC,42.8432201222462
21.295,80.49,NANDGAON,NANDGAON Gp.(BIJLI RHYOLITE Fm.),PALAEOPROTEROZOIC,43.42290570534784
21.31,79.2,TIRODI GNEISSIC COMPLEX,TIRODI GNEISSIC COMPLEX Gp.,ARCHAEAN,5.94285397787358
21.31,79.215,TIRODI GNEISSIC COMPLEX,TIRODI GNEISSIC COMPLEX Gp.,ARCHAEAN,4.648034925025865
21.31,79.23,TIRODI GNEISSIC COMPLEX,TIRODI GNEISSIC COMPLEX Gp.,ARCHAEAN,3.5226283163881287
21.31,79.245,TIRODI GNEISSIC COMPLEX,TIRODI GNEISSIC COMPLEX Gp.,ARCHAEAN,2.357727731277164
21.31,79.26,TIRODI GNEISSIC COMPLEX,TIRODI GNEISSIC COMPLEX Gp.,ARCHAEAN,1.5171448352302408
21.31,79.275,TIRODI GNEISSIC COMPLEX,TIRODI GNEISSIC COMPLEX Gp.,ARCHAEAN,0.7631260416989059
21.31,79.29,TIRODI GNEISSIC COMPLEX,TIRODI GNEISSIC COMPLEX Gp.,ARCHAEAN,0.2988784441368775
21.31,79.305,TIRODI GNEISSIC COMPLEX,TIRODI GNEISSIC COMPLEX Gp.,ARCHAEAN,0.10687233436401299
21.31,79.32,SAUSAR,"SAUSAR Gp.(MANSAR, JUNEWANI, SITASAONGI, LOHANGI , BICHUA Fm.)",PALAEOPROTEROZOIC,0.06952290108937871
21.31,79.335,TIRODI GNEISSIC COMPLEX,TIRODI GNEISSIC COMPLEX Gp.,ARCHAEAN,0.06098715645860139
21.31,79.35,TIRODI GNEISSIC COMPLEX,TIRODI GNEISSIC COMPLEX Gp.,ARCHAEAN,0.07226117441046295
21.31,79.365,TIRODI GNEISSIC COMPLEX,TIRODI GNEISSIC COMPLEX Gp.,ARCHAEAN,0.15449757884855786
21.31,79.38,TIRODI GNEISSIC COMPLEX,TIRODI GNEISSIC COMPLEX Gp.,ARCHAEAN,0.2681096735566711
21.31,79.395,TIRODI GNEISSIC COMPLEX,TIRODI GNEISSIC COMPLEX Gp.,ARCHAEAN,0.3817217682647843
21.31,79.41,TIRODI GNEISSIC COMPLEX,TIRODI GNEISSIC COMPLEX Gp.,ARCHAEAN,0.6097647681716989
21.31,79.425,TIRODI GNEISSIC COMPLEX,TIRODI GNEISSIC COMPLEX Gp.,ARCHAEAN,0.8716993480251403
21.31,79.44,TIRODI GNEISSIC COMPLEX,TIRODI GNEISSIC COMPLEX Gp.,ARCHAEAN,1.086581647291985
21.31,79.455,TIRODI GNEISSIC COMPLEX,TIRODI GNEISSIC COMPLEX Gp.,ARCHAEAN,1.8930870266499604
21.31,79.47,TIRODI GNEISSIC COMPLEX,TIRODI GNEISSIC COMPLEX Gp.,ARCHAEAN,2.89426544841267
21.31,79.485,TIRODI GNEISSIC COMPLEX,TIRODI GNEISSIC COMPLEX Gp.,ARCHAEAN,3.9781613032366163
21.31,79.5,TIRODI GNEISSIC COMPLEX,TIRODI GNEISSIC COMPLEX Gp.,ARCHAEAN,4.927628646228782
21.31,79.515,TIRODI GNEISSIC COMPLEX,TIRODI GNEISSIC COMPLEX Gp.,ARCHAEAN,5.2593921708723155
21.31,79.53,TIRODI GNEISSIC COMPLEX,TIRODI GNEISSIC COMPLEX Gp.,ARCHAEAN,5.412186937554207
21.31,79.545,TIRODI GNEISSIC COMPLEX,TIRODI GNEISSIC COMPLEX Gp.,ARCHAEAN,5.555056403768476
21.31,79.56,TIRODI GNEISSIC COMPLEX,TIRODI GNEISSIC COMPLEX Gp.,ARCHAEAN,5.371155002783477
21.31,79.575,TIRODI GNEISSIC COMPLEX,TIRODI GNEISSIC COMPLEX Gp.,ARCHAEAN,5.087876444539261
21.31,79.59,TIRODI GNEISSIC COMPLEX,TIRODI GNEISSIC COMPLEX Gp.,ARCHAEAN,4.992258565890694
21.31,79.605,TIRODI GNEISSIC COMPLEX,TIRODI GNEISSIC COMPLEX Gp.,ARCHAEAN,5.136252860574934
21.31,79.62,TIRODI GNEISSIC COMPLEX,TIRODI GNEISSIC COMPLEX Gp.,ARCHAEAN,5.716600730951631
21.31,79.635,TIRODI GNEISSIC COMPLEX,TIRODI GNEISSIC COMPLEX Gp.,ARCHAEAN,6.614749910141005
21.31,79.65,TIRODI GNEISSIC COMPLEX,TIRODI GNEISSIC COMPLEX Gp.,ARCHAEAN,7.632106583174086
21.31,79.665,TIRODI GNEISSIC COMPLEX,TIRODI GNEISSIC COMPLEX Gp.,ARCHAEAN,8.80469519963825
21.31,79.68,TIRODI GNEISSIC COMPLEX,TIRODI GNEISSIC COMPLEX Gp.,ARCHAEAN,9.993360020156329
21.31,79.695,TIRODI GNEISSIC COMPLEX,TIRODI GNEISSIC COMPLEX Gp.,ARCHAEAN,11.271726311291197
21.31,79.71,TIRODI GNEISSIC COMPLEX,TIRODI GNEISSIC COMPLEX Gp.,ARCHAEAN,11.802356128091297
21.31,79.725,TIRODI GNEISSIC COMPLEX,TIRODI GNEISSIC COMPLEX Gp.,ARCHAEAN,11.349120143425361
21.31,79.74,TIRODI GNEISSIC COMPLEX,TIRODI GNEISSIC COMPLEX Gp.,ARCHAEAN,11.097271218448693
21.31,79.755,TIRODI GNEISSIC COMPLEX,TIRODI GNEISSIC COMPLEX Gp.,ARCHAEAN,11.060574649267256
21.31,79.77,AMGAON GNEISSIC COMPLEX,AMGAON GNEISSIC COMPLEX Gp.,ARCHAEAN,11.203584591997936
21.31,79.785,AMGAON GNEISSIC COMPLEX,AMGAON GNEISSIC COMPLEX Gp.,ARCHAEAN,11.498733651465143
21.31,79.8,AMGAON GNEISSIC COMPLEX,AMGAON GNEISSIC COMPLEX Gp.,ARCHAEAN,11.953720082243338
21.31,79.815,AMGAON GNEISSIC COMPLEX,AMGAON GNEISSIC COMPLEX Gp.,ARCHAEAN,12.424834232243015
21.31,79.83,AMGAON GNEISSIC COMPLEX,AMGAON GNEISSIC COMPLEX Gp.,ARCHAEAN,12.8032878187601
21.31,79.845,AMGAON GNEISSIC COMPLEX,AMGAON GNEISSIC COMPLEX Gp.,ARCHAEAN,13.353345455413077
21.31,79.86,AMGAON GNEISSIC COMPLEX,AMGAON GNEISSIC COMPLEX Gp.,ARCHAEAN,14.054873650925812
21.31,79.875,AMGAON GNEISSIC COMPLEX,AMGAON GNEISSIC COMPLEX Gp.,ARCHAEAN,14.86175747121389
21.31,79.89,AMGAON GNEISSIC COMPLEX,AMGAON GNEISSIC COMPLEX Gp.,ARCHAEAN,15.765573546072003
21.31,79.905,AMGAON GNEISSIC COMPLEX,AMGAON GNEISSIC COMPLEX Gp.,ARCHAEAN,16.765284547251987
21.31,79.92,AMGAON GNEISSIC COMPLEX,AMGAON GNEISSIC COMPLEX Gp.,ARCHAEAN,17.844780897347672
21.31,79.935,AMGAON GNEISSIC COMPLEX,AMGAON GNEISSIC COMPLEX Gp.,ARCHAEAN,18.99046147961286
21.31,79.95,AMGAON GNEISSIC COMPLEX,AMGAON GNEISSIC COMPLEX Gp.,ARCHAEAN,20.191063165501536
21.31,79.965,AMGAON GNEISSIC COMPLEX,AMGAON GNEISSIC COMPLEX Gp.,ARCHAEAN,21.43736035308879
21.31,79.98,SAKOLI,SAKOLI Gp,PALAEOPROTEROZOIC,22.721835063950945
21.31,79.995,SAKOLI,SAKOLI Gp,PALAEOPROTEROZOIC,24.038368102866208
21.31,80.01,SAKOLI,SAKOLI Gp,PALAEOPROTEROZOIC,25.38197147651651
21.31,80.025,SAKOLI,SAKOLI Gp,PALAEOPROTEROZOIC,26.726242167323694
21.31,80.04,SAKOLI,SAKOLI Gp,PALAEOPROTEROZOIC,28.009773301167748
21.31,80.055,SAKOLI,SAKOLI Gp,PALAEOPROTEROZOIC,29.319665124102045
21.31,80.07,SAKOLI,SAKOLI Gp,PALAEOPROTEROZOIC,30.652538364813786
21.31,80.085,AMGAON GNEISSIC COMPLEX,AMGAON GNEISSIC COMPLEX Gp.,ARCHAEAN,32.005521961587306
21.31,80.1,AMGAON GNEISSIC COMPLEX,AMGAON GNEISSIC COMPLEX Gp.,ARCHAEAN,33.265150402428254
21.31,80.115,AMGAON GNEISSIC COMPLEX,AMGAON GNEISSIC COMPLEX Gp.,ARCHAEAN,34.313026727063864
21.31,80.13,AMGAON GNEISSIC COMPLEX,AMGAON GNEISSIC COMPLEX Gp.,ARCHAEAN,35.378664181571615
21.31,80.145,AMGAON GNEISSIC COMPLEX,AMGAON GNEISSIC COMPLEX Gp.,ARCHAEAN,36.1180965372812
21.31,80.16,AMGAON GNEISSIC COMPLEX,AMGAON GNEISSIC COMPLEX Gp.,ARCHAEAN,35.86349313492345
21.31,80.175,AMGAON GNEISSIC COMPLEX,AMGAON GNEISSIC COMPLEX Gp.,ARCHAEAN,35.65297417586565
21.31,80.19,AMGAON GNEISSIC COMPLEX,AMGAON GNEISSIC COMPLEX Gp.,ARCHAEAN,35.509420974460866
21.31,80.205,AMGAON GNEISSIC COMPLEX,AMGAON GNEISSIC COMPLEX Gp.,ARCHAEAN,35.41715161100402
21.31,80.22,AMGAON GNEISSIC COMPLEX,AMGAON GNEISSIC COMPLEX Gp.,ARCHAEAN,35.38306218796186
21.31,80.235,AMGAON GNEISSIC COMPLEX,AMGAON GNEISSIC COMPLEX Gp.,ARCHAEAN,35.41733380659539
21.31,80.25,AMGAON GNEISSIC COMPLEX,AMGAON GNEISSIC COMPLEX Gp.,ARCHAEAN,35.50736176151071
21.31,80.265,AMGAON GNEISSIC COMPLEX,AMGAON GNEISSIC COMPLEX Gp.,ARCHAEAN,35.65033496321153
21.31,80.28,AMGAON GNEISSIC COMPLEX,AMGAON GNEISSIC COMPLEX Gp.,ARCHAEAN,35.85185522242336
21.31,80.295,AMGAON GNEISSIC COMPLEX,AMGAON GNEISSIC COMPLEX Gp.,ARCHAEAN,36.10686237615859
21.31,80.31,,DONGARGARH GRANITE,PALAEOPROTEROZOIC,36.42657657565977
21.31,80.325,,DONGARGARH GRANITE,PALAEOPROTEROZOIC,36.807995754253234
21.31,80.34,,DONGARGARH GRANITE,PALAEOPROTEROZOIC,37.21456116327279
21.31,80.355,,DONGARGARH GRANITE,PALAEOPROTEROZOIC,37.64034283163801
21.31,80.37,,DONGARGARH GRANITE,PALAEOPROTEROZOIC,38.035993630556696
21.31,80.385,,DONGARGARH GRANITE,PALAEOPROTEROZOIC,38.46288843931658
21.31,80.4,,DONGARGARH GRANITE,PALAEOPROTEROZOIC,38.921487483078366
21.31,80.415,NANDGAON,NANDGAON Gp.(BIJLI RHYOLITE Fm.),PALAEOPROTEROZOIC,39.33553430052943
21.31,80.43,NANDGAON,NANDGAON Gp.(BIJLI RHYOLITE Fm.),PALAEOPROTEROZOIC,39.795450190579956
21.31,80.445,NANDGAON,NANDGAON Gp.(BIJLI RHYOLITE Fm.),PALAEOPROTEROZOIC,40.238724241839684
21.31,80.46,NANDGAON,NANDGAON Gp.(BIJLI RHYOLITE Fm.),PALAEOPROTEROZOIC,40.736617237579146
21.31,80.475,NANDGAON,NANDGAON Gp.(BIJLI RHYOLITE Fm.),PALAEOPROTEROZOIC,41.28715323101778
21.31,80.49,NANDGAON,NANDGAON Gp.(BIJLI RHYOLITE Fm.),PALAEOPROTEROZOIC,41.88373923026489
21.325,79.2,TIRODI GNEISSIC COMPLEX,TIRODI GNEISSIC COMPLEX Gp.,ARCHAEAN,5.285311984008618
21.325,79.215,TIRODI GNEISSIC COMPLEX,TIRODI GNEISSIC COMPLEX Gp.,ARCHAEAN,3.833295796351215
21.325,79.23,TIRODI GNEISSIC COMPLEX,TIRODI GNEISSIC COMPLEX Gp.,ARCHAEAN,2.4130203902084517
21.325,79.245,TIRODI GNEISSIC COMPLEX,TIRODI GNEISSIC COMPLEX Gp.,ARCHAEAN,1.244282043799573
21.325,79.26,TIRODI GNEISSIC COMPLEX,TIRODI GNEISSIC COMPLEX Gp.,ARCHAEAN,0.08140159913986322
21.325,79.275,SAUSAR,"SAUSAR Gp.(MANSAR, JUNEWANI, SITASAONGI, LOHANGI , BICHUA Fm.)",PALAEOPROTEROZOIC,0.700056384027559
21.325,79.29,SAUSAR,"SAUSAR Gp.(MANSAR, JUNEWANI, SITASAONGI, LOHANGI , BICHUA Fm.)",PALAEOPROTEROZOIC,1.3011804991510065
21.325,79.305,SAUSAR,"SAUSAR Gp.(MANSAR, JUNEWANI, SITASAONGI, LOHANGI , BICHUA Fm.)",PALAEOPROTEROZOIC,1.5561304665444993
21.325,79.32,SAUSAR,"SAUSAR Gp.(MANSAR, JUNEWANI, SITASAONGI, LOHANGI , BICHUA Fm.)",PALAEOPROTEROZOIC,1.7202958660117442
21.325,79.335,SAUSAR,"SAUSAR Gp.(MANSAR, JUNEWANI, SITASAONGI, LOHANGI , BICHUA Fm.)",PALAEOPROTEROZOIC,1.6087697504582315
21.325,79.35,SAUSAR,"SAUSAR Gp.(MANSAR, JUNEWANI, SITASAONGI, LOHANGI , BICHUA Fm.)",PALAEOPROTEROZOIC,1.5974957325519272
21.325,79.365,SAUSAR,"SAUSAR Gp.(MANSAR, JUNEWANI, SITASAONGI, LOHANGI , BICHUA Fm.)",PALAEOPROTEROZOIC,1.510920237857213
21.325,79.38,SAUSAR,"SAUSAR Gp.(MANSAR, JUNEWANI, SITASAONGI, LOHANGI , BICHUA Fm.)",PALAEOPROTEROZOIC,1.3973081898373858
21.325,79.395,SAUSAR,"SAUSAR Gp.(MANSAR, JUNEWANI, SITASAONGI, LOHANGI , BICHUA Fm.)",PALAEOPROTEROZOIC,1.2836961418180466
21.325,79.41,SAUSAR,"SAUSAR Gp.(MANSAR, JUNEWANI, SITASAONGI, LOHANGI , BICHUA Fm.)",PALAEOPROTEROZOIC,1.0366021168252286
21.325,79.425,SAUSAR,"SAUSAR Gp.(MANSAR, JUNEWANI, SITASAONGI, LOHANGI , BICHUA Fm.)",PALAEOPROTEROZOIC,0.7746681121769106
21.325,79.44,SAUSAR,"SAUSAR Gp.(MANSAR, JUNEWANI, SITASAONGI, LOHANGI , BICHUA Fm.)",PALAEOPROTEROZOIC,0.35245282805811645
21.325,79.455,TIRODI GNEISSIC COMPLEX,TIRODI GNEISSIC COMPLEX Gp.,ARCHAEAN,0.6090250973717466
21.325,79.47,TIRODI GNEISSIC COMPLEX,TIRODI GNEISSIC COMPLEX Gp.,ARCHAEAN,1.6905260290228235
21.325,79.485,TIRODI GNEISSIC COMPLEX,TIRODI GNEISSIC COMPLEX Gp.,ARCHAEAN,2.687029084525978
21.325,79.5,TIRODI GNEISSIC COMPLEX,TIRODI GNEISSIC COMPLEX Gp.,ARCHAEAN,3.33380666159288
21.325,79.515,TIRODI GNEISSIC COMPLEX,TIRODI GNEISSIC COMPLEX Gp.,ARCHAEAN,3.6058854701071112
21.325,79.53,TIRODI GNEISSIC COMPLEX,TIRODI GNEISSIC COMPLEX Gp.,ARCHAEAN,3.748513805793551
21.325,79.545,TIRODI GNEISSIC COMPLEX,TIRODI GNEISSIC COMPLEX Gp.,ARCHAEAN,3.892604103836447
21.325,79.56,TIRODI GNEISSIC COMPLEX,TIRODI GNEISSIC COMPLEX Gp.,ARCHAEAN,3.7485007559339767
21.325,79.575,TIRODI GNEISSIC COMPLEX,TIRODI GNEISSIC COMPLEX Gp.,ARCHAEAN,3.4213272269467545
21.325,79.59,TIRODI GNEISSIC COMPLEX,TIRODI GNEISSIC COMPLEX Gp.,ARCHAEAN,3.325712043695393
21.325,79.605,TIRODI GNEISSIC COMPLEX,TIRODI GNEISSIC COMPLEX Gp.,ARCHAEAN,3.5396100156184227
21.325,79.62,TIRODI GNEISSIC COMPLEX,TIRODI GNEISSIC COMPLEX Gp.,ARCHAEAN,4.338891877516812
21.325,79.635,TIRODI GNEISSIC COMPLEX,TIRODI GNEISSIC COMPLEX Gp.,ARCHAEAN,5.352641751647657
21.325,79.65,TIRODI GNEISSIC COMPLEX,TIRODI GNEISSIC COMPLEX Gp.,ARCHAEAN,6.528561711434215
21.325,79.665,TIRODI GNEISSIC COMPLEX,TIRODI GNEISSIC COMPLEX Gp.,ARCHAEAN,7.7539116610688374
21.325,79.68,TIRODI GNEISSIC COMPLEX,TIRODI GNEISSIC COMPLEX Gp.,ARCHAEAN,8.99130046301946
21.325,79.695,TIRODI GNEISSIC COMPLEX,TIRODI GNEISSIC COMPLEX Gp.,ARCHAEAN,9.94562228841853
21.325,79.71,TIRODI GNEISSIC COMPLEX,TIRODI GNEISSIC COMPLEX Gp.,ARCHAEAN,10.242523511893884
21.325,79.725,TIRODI GNEISSIC COMPLEX,TIRODI GNEISSIC COMPLEX Gp.,ARCHAEAN,9.730970193999703
21.325,79.74,TIRODI GNEISSIC COMPLEX,TIRODI GNEISSIC COMPLEX Gp.,ARCHAEAN,9.436092217897297
21.325,79.755,TIRODI GNEISSIC COMPLEX,TIRODI GNEISSIC COMPLEX Gp.,ARCHAEAN,9.392916775184645
21.325,79.77,AMGAON GNEISSIC COMPLEX,AMGAON GNEISSIC COMPLEX Gp.,ARCHAEAN,9.554460434388538
21.325,79.785,AMGAON GNEISSIC COMPLEX,AMGAON GNEISSIC COMPLEX Gp.,ARCHAEAN,9.881378604928914
21.325,79.8,AMGAON GNEISSIC COMPLEX,AMGAON GNEISSIC COMPLEX Gp.,ARCHAEAN,10.40720958249813
21.325,79.815,AMGAON GNEISSIC COMPLEX,AMGAON GNEISSIC COMPLEX Gp.,ARCHAEAN,10.788008392040112
21.325,79.83,AMGAON GNEISSIC COMPLEX,AMGAON GNEISSIC COMPLEX Gp.,ARCHAEAN,11.221713224411452
21.325,79.845,AMGAON GNEISSIC COMPLEX,AMGAON GNEISSIC COMPLEX Gp.,ARCHAEAN,11.845318234976455
21.325,79.86,AMGAON GNEISSIC COMPLEX,AMGAON GNEISSIC COMPLEX Gp.,ARCHAEAN,12.618997294293784
21.325,79.875,AMGAON GNEISSIC COMPLEX,AMGAON GNEISSIC COMPLEX Gp.,ARCHAEAN,13.49355096156639
21.325,79.89,AMGAON GNEISSIC COMPLEX,AMGAON GNEISSIC COMPLEX Gp.,ARCHAEAN,14.482808296877943
21.325,79.905,AMGAON GNEISSIC COMPLEX,AMGAON GNEISSIC COMPLEX Gp.,ARCHAEAN,15.564914023166835
21.325,79.92,AMGAON GNEISSIC COMPLEX,AMGAON GNEISSIC COMPLEX Gp.,ARCHAEAN,16.72185260985656
21.325,79.935,AMGAON GNEISSIC COMPLEX,AMGAON GNEISSIC COMPLEX Gp.,ARCHAEAN,17.939151446924388
21.325,79.95,AMGAON GNEISSIC COMPLEX,AMGAON GNEISSIC COMPLEX Gp.,ARCHAEAN,19.205336454702998
21.325,79.965,AMGAON GNEISSIC COMPLEX,AMGAON GNEISSIC COMPLEX Gp.,ARCHAEAN,20.511356264609375
21.325,79.98,AMGAON GNEISSIC COMPLEX,AMGAON GNEISSIC COMPLEX Gp.,ARCHAEAN,21.850069040207824
21.325,79.995,SAKOLI,SAKOLI Gp,PALAEOPROTEROZOIC,23.215819866692165
21.325,80.01,SAKOLI,SAKOLI Gp,PALAEOPROTEROZOIC,24.494109358504854
21.325,80.025,SAKOLI,SAKOLI Gp,PALAEOPROTEROZOIC,25.79463947980741
21.325,80.04,SAKOLI,SAKOLI Gp,PALAEOPROTEROZOIC,27.122028911805533
21.325,80.055,SAKOLI,SAKOLI Gp,PALAEOPROTEROZOIC,28.472521357707738
21.325,80.07,SAKOLI,SAKOLI Gp,PALAEOPROTEROZOIC,29.842980521557912
21.325,80.085,AMGAON GNEISSIC COMPLEX,AMGAON GNEISSIC COMPLEX Gp.,ARCHAEAN,30.982588357373736
21.325,80.1,AMGAON GNEISSIC COMPLEX,AMGAON GNEISSIC COMPLEX Gp.,ARCHAEAN,32.029375451091816
21.325,80.115,AMGAON GNEISSIC COMPLEX,AMGAON GNEISSIC COMPLEX Gp.,ARCHAEAN,33.09495773009107
21.325,80.13,AMGAON GNEISSIC COMPLEX,AMGAON GNEISSIC COMPLEX Gp.,ARCHAEAN,34.18069074489928
21.325,80.145,AMGAON GNEISSIC COMPLEX,AMGAON GNEISSIC COMPLEX Gp.,ARCHAEAN,34.470492459028904
21.325,80.16,AMGAON GNEISSIC COMPLEX,AMGAON GNEISSIC COMPLEX Gp.,ARCHAEAN,34.21520498878039
21.325,80.175,AMGAON GNEISSIC COMPLEX,AMGAON GNEISSIC COMPLEX Gp.,ARCHAEAN,33.99452538445702
21.325,80.19,AMGAON GNEISSIC COMPLEX,AMGAON GNEISSIC COMPLEX Gp.,ARCHAEAN,33.84396923496791
21.325,80.205,AMGAON GNEISSIC COMPLEX,AMGAON GNEISSIC COMPLEX Gp.,ARCHAEAN,33.74903099195032
21.325,80.22,AMGAON GNEISSIC COMPLEX,AMGAON GNEISSIC COMPLEX Gp.,ARCHAEAN,33.713262190959476
21.325,80.235,AMGAON GNEISSIC COMPLEX,AMGAON GNEISSIC COMPLEX Gp.,ARCHAEAN,33.74922215384918
21.325,80.25,AMGAON GNEISSIC COMPLEX,AMGAON GNEISSIC COMPLEX Gp.,ARCHAEAN,33.841863812329244
21.325,80.265,AMGAON GNEISSIC COMPLEX,AMGAON GNEISSIC COMPLEX Gp.,ARCHAEAN,33.9918124183164
21.325,80.28,AMGAON GNEISSIC COMPLEX,AMGAON GNEISSIC COMPLEX Gp.,ARCHAEAN,34.19992424503778
21.325,80.295,,DONGARGARH GRANITE,PALAEOPROTEROZOIC,34.46710108370992
21.325,80.31,,DONGARGARH GRANITE,PALAEOPROTEROZOIC,34.801814458958376
21.325,80.325,,DONGARGARH GRANITE,PALAEOPROTEROZOIC,35.18977196578044
21.325,80.34,,DONGARGARH GRANITE,PALAEOPROTEROZOIC,35.6138618761028
21.325,80.355,,DONGARGARH GRANITE,PALAEOPROTEROZOIC,36.03544301181803
21.325,80.37,,DONGARGARH GRANITE,PALAEOPROTEROZOIC,36.42385394781866
21.325,80.385,,DONGARGARH GRANITE,PALAEOPROTEROZOIC,36.869329259250115
21.325,80.4,NANDGAON,NANDGAON Gp.(BIJLI RHYOLITE Fm.),PALAEOPROTEROZOIC,37.30571404648012
21.325,80.415,NANDGAON,NANDGAON Gp.(BIJLI RHYOLITE Fm.),PALAEOPROTEROZOIC,37.73740520216569
21.325,80.43,NANDGAON,NANDGAON Gp.(BIJLI RHYOLITE Fm.),PALAEOPROTEROZOIC,38.1885652427956
21.325,80.445,NANDGAON,NANDGAON Gp.(BIJLI RHYOLITE Fm.),PALAEOPROTEROZOIC,38.65017904051343
21.325,80.46,NANDGAON,NANDGAON Gp.(BIJLI RHYOLITE Fm.),PALAEOPROTEROZOIC,39.16816511143961
21.325,80.475,NANDGAON,NANDGAON Gp.(BIJLI RHYOLITE Fm.),PALAEOPROTEROZOIC,39.74031920232874
21.325,80.49,NANDGAON,NANDGAON Gp.(BIJLI RHYOLITE Fm.),PALAEOPROTEROZOIC,40.34566749011821
21.34,79.2,TIRODI GNEISSIC COMPLEX,TIRODI GNEISSIC COMPLEX Gp.,ARCHAEAN,4.753385894019397
21.34,79.215,TIRODI GNEISSIC COMPLEX,TIRODI GNEISSIC COMPLEX Gp.,ARCHAEAN,3.2368331908920487
21.34,79.23,TIRODI GNEISSIC COMPLEX,TIRODI GNEISSIC COMPLEX Gp.,ARCHAEAN,1.775069722893822
21.34,79.245,TIRODI GNEISSIC COMPLEX,TIRODI GNEISSIC COMPLEX Gp.,ARCHAEAN,0.35288254931828295
21.34,79.26,SAUSAR,"SAUSAR Gp.(MANSAR, JUNEWANI, SITASAONGI, LOHANGI , BICHUA Fm.)",PALAEOPROTEROZOIC,1.0338382139167728
21.34,79.275,SAUSAR,"SAUSAR Gp.(MANSAR, JUNEWANI, SITASAONGI, LOHANGI , BICHUA Fm.)",PALAEOPROTEROZOIC,1.279132417925548
21.34,79.29,SAUSAR,"SAUSAR Gp.(MANSAR, JUNEWANI, SITASAONGI, LOHANGI , BICHUA Fm.)",PALAEOPROTEROZOIC,1.459699989818113
21.34,79.305,SAUSAR,"SAUSAR Gp.(MANSAR, JUNEWANI, SITASAONGI, LOHANGI , BICHUA Fm.)",PALAEOPROTEROZOIC,2.3270286225971124
21.34,79.32,SAUSAR,"SAUSAR Gp.(MANSAR, JUNEWANI, SITASAONGI, LOHANGI , BICHUA Fm.)",PALAEOPROTEROZOIC,3.371062939926639
21.34,79.335,SAUSAR,"SAUSAR Gp.(MANSAR, JUNEWANI, SITASAONGI, LOHANGI , BICHUA Fm.)",PALAEOPROTEROZOIC,3.2785266438700296
21.34,79.35,SAUSAR,"SAUSAR Gp.(MANSAR, JUNEWANI, SITASAONGI, LOHANGI , BICHUA Fm.)",PALAEOPROTEROZOIC,3.267252626008932
21.34,79.365,SAUSAR,"SAUSAR Gp.(MANSAR, JUNEWANI, SITASAONGI, LOHANGI , BICHUA Fm.)",PALAEOPROTEROZOIC,3.17633668501579
21.34,79.38,SAUSAR,"SAUSAR Gp.(MANSAR, JUNEWANI, SITASAONGI, LOHANGI , BICHUA Fm.)",PALAEOPROTEROZOIC,3.0627246837117896
21.34,79.395,SAUSAR,"SAUSAR Gp.(MANSAR, JUNEWANI, SITASAONGI, LOHANGI , BICHUA Fm.)",PALAEOPROTEROZOIC,2.944895196761007
21.34,79.41,SAUSAR,"SAUSAR Gp.(MANSAR, JUNEWANI, SITASAONGI, LOHANGI , BICHUA Fm.)",PALAEOPROTEROZOIC,2.6829617676461237
21.34,79.425,SAUSAR,"SAUSAR Gp.(MANSAR, JUNEWANI, SITASAONGI, LOHANGI , BICHUA Fm.)",PALAEOPROTEROZOIC,2.4207362505999175
21.34,79.44,SAUSAR,"SAUSAR Gp.(MANSAR, JUNEWANI, SITASAONGI, LOHANGI , BICHUA Fm.)",PALAEOPROTEROZOIC,1.6760087315963765
21.34,79.455,SAUSAR,"SAUSAR Gp.(MANSAR, JUNEWANI, SITASAONGI, LOHANGI , BICHUA Fm.)",PALAEOPROTEROZOIC,0.5969296854316821
21.34,79.47,TIRODI GNEISSIC COMPLEX,TIRODI GNEISSIC COMPLEX Gp.,ARCHAEAN,0.4324516642210025
21.34,79.485,TIRODI GNEISSIC COMPLEX,TIRODI GNEISSIC COMPLEX Gp.,ARCHAEAN,1.2466943143748312
21.34,79.5,TIRODI GNEISSIC COMPLEX,TIRODI GNEISSIC COMPLEX Gp.,ARCHAEAN,1.7062660187122984
21.34,79.515,TIRODI GNEISSIC COMPLEX,TIRODI GNEISSIC COMPLEX Gp.,ARCHAEAN,1.9505088152262071
21.34,79.53,TIRODI GNEISSIC COMPLEX,TIRODI GNEISSIC COMPLEX Gp.,ARCHAEAN,2.0848425859308555
21.34,79.545,TIRODI GNEISSIC COMPLEX,TIRODI GNEISSIC COMPLEX Gp.,ARCHAEAN,2.230154094949791
21.34,79.56,TIRODI GNEISSIC COMPLEX,TIRODI GNEISSIC COMPLEX Gp.,ARCHAEAN,2.126289207841243
21.34,79.575,TIRODI GNEISSIC COMPLEX,TIRODI GNEISSIC COMPLEX Gp.,ARCHAEAN,1.7604326801882602
21.34,79.59,TIRODI GNEISSIC COMPLEX,TIRODI GNEISSIC COMPLEX Gp.,ARCHAEAN,1.659003776662756
21.34,79.605,TIRODI GNEISSIC COMPLEX,TIRODI GNEISSIC COMPLEX Gp.,ARCHAEAN,2.0622920688049007
21.34,79.62,TIRODI GNEISSIC COMPLEX,TIRODI GNEISSIC COMPLEX Gp.,ARCHAEAN,3.0778056161735274
21.34,79.635,TIRODI GNEISSIC COMPLEX,TIRODI GNEISSIC COMPLEX Gp.,ARCHAEAN,4.25948339932477
21.34,79.65,TIRODI GNEISSIC COMPLEX,TIRODI GNEISSIC COMPLEX Gp.,ARCHAEAN,5.55001298687435
21.34,79.665,TIRODI GNEISSIC COMPLEX,TIRODI GNEISSIC COMPLEX Gp.,ARCHAEAN,6.710504755987297
21.34,79.68,TIRODI GNEISSIC COMPLEX,TIRODI GNEISSIC COMPLEX Gp.,ARCHAEAN,7.894626490474185
21.34,79.695,TIRODI GNEISSIC COMPLEX,TIRODI GNEISSIC COMPLEX Gp.,ARCHAEAN,8.31884252745084
21.34,79.71,TIRODI GNEISSIC COMPLEX,TIRODI GNEISSIC COMPLEX Gp.,ARCHAEAN,8.705314157299965
21.34,79.725,TIRODI GNEISSIC COMPLEX,TIRODI GNEISSIC COMPLEX Gp.,ARCHAEAN,8.133725905204594
21.34,79.74,TIRODI GNEISSIC COMPLEX,TIRODI GNEISSIC COMPLEX Gp.,ARCHAEAN,7.778605797189804
21.34,79.755,TIRODI GNEISSIC COMPLEX,TIRODI GNEISSIC COMPLEX Gp.,ARCHAEAN,7.726184282560937
21.34,79.77,AMGAON GNEISSIC COMPLEX,AMGAON GNEISSIC COMPLEX Gp.,ARCHAEAN,7.914011905989451
21.34,79.785,AMGAON GNEISSIC COMPLEX,AMGAON GNEISSIC COMPLEX Gp.,ARCHAEAN,8.284858112464656
21.34,79.8,AMGAON GNEISSIC COMPLEX,AMGAON GNEISSIC COMPLEX Gp.,ARCHAEAN,8.879513848164716
21.34,79.815,AMGAON GNEISSIC COMPLEX,AMGAON GNEISSIC COMPLEX Gp.,ARCHAEAN,9.163089430157987
21.34,79.83,AMGAON GNEISSIC COMPLEX,AMGAON GNEISSIC COMPLEX Gp.,ARCHAEAN,9.669848952961866
21.34,79.845,AMGAON GNEISSIC COMPLEX,AMGAON GNEISSIC COMPLEX Gp.,ARCHAEAN,10.386903003978649
21.34,79.86,AMGAON GNEISSIC COMPLEX,AMGAON GNEISSIC COMPLEX Gp.,ARCHAEAN,11.226054554567407
21.34,79.875,AMGAON GNEISSIC COMPLEX,AMGAON GNEISSIC COMPLEX Gp.,ARCHAEAN,12.200674423721305
21.34,79.89,AMGAON GNEISSIC COMPLEX,AMGAON GNEISSIC COMPLEX Gp.,ARCHAEAN,13.286331935418032
21.34,79.905,AMGAON GNEISSIC COMPLEX,AMGAON GNEISSIC COMPLEX Gp.,ARCHAEAN,14.458035156116798
21.34,79.92,AMGAON GNEISSIC COMPLEX,AMGAON GNEISSIC COMPLEX Gp.,ARCHAEAN,15.696526661202723
21.34,79.935,AMGAON GNEISSIC COMPLEX,AMGAON GNEISSIC COMPLEX Gp.,ARCHAEAN,16.987204662601936
21.34,79.95,AMGAON GNEISSIC COMPLEX,AMGAON GNEISSIC COMPLEX Gp.,ARCHAEAN,18.319041995839743
21.34,79.965,AMGAON GNEISSIC COMPLEX,AMGAON GNEISSIC COMPLEX Gp.,ARCHAEAN,19.68368566642167
21.34,79.98,AMGAON GNEISSIC COMPLEX,AMGAON GNEISSIC COMPLEX Gp.,ARCHAEAN,20.98473903986473
21.34,79.995,AMGAON GNEISSIC COMPLEX,AMGAON GNEISSIC COMPLEX Gp.,ARCHAEAN,22.272672136366804
21.34,80.01,SAKOLI,SAKOLI Gp,PALAEOPROTEROZOIC,23.592850187925485
21.34,80.025,SAKOLI,SAKOLI Gp,PALAEOPROTEROZOIC,24.940153172317117
21.34,80.04,SAKOLI,SAKOLI Gp,PALAEOPROTEROZOIC,26.31041438100742
21.34,80.055,SAKOLI,SAKOLI Gp,PALAEOPROTEROZOIC,27.700226965043854
21.34,80.07,SAKOLI,SAKOLI Gp,PALAEOPROTEROZOIC,28.7003957568109
21.34,80.085,SAKOLI,SAKOLI Gp,PALAEOPROTEROZOIC,29.745946551156557
21.34,80.1,AMGAON GNEISSIC COMPLEX,AMGAON GNEISSIC COMPLEX Gp.,ARCHAEAN,30.811472613447915
21.34,80.115,AMGAON GNEISSIC COMPLEX,AMGAON GNEISSIC COMPLEX Gp.,ARCHAEAN,31.89886045202037
21.34,80.13,AMGAON GNEISSIC COMPLEX,AMGAON GNEISSIC COMPLEX Gp.,ARCHAEAN,33.02371505507255
21.34,80.145,AMGAON GNEISSIC COMPLEX,AMGAON GNEISSIC COMPLEX Gp.,ARCHAEAN,32.82513158394943
21.34,80.16,AMGAON GNEISSIC COMPLEX,AMGAON GNEISSIC COMPLEX Gp.,ARCHAEAN,32.56910845302594
21.34,80.175,AMGAON GNEISSIC COMPLEX,AMGAON GNEISSIC COMPLEX Gp.,ARCHAEAN,32.337244885860144
21.34,80.19,AMGAON GNEISSIC COMPLEX,AMGAON GNEISSIC COMPLEX Gp.,ARCHAEAN,32.178968171216255
21.34,80.205,AMGAON GNEISSIC COMPLEX,AMGAON GNEISSIC COMPLEX Gp.,ARCHAEAN,32.081085102502946
21.34,80.22,AMGAON GNEISSIC COMPLEX,AMGAON GNEISSIC COMPLEX Gp.,ARCHAEAN,32.0434621942695
21.34,80.235,AMGAON GNEISSIC COMPLEX,AMGAON GNEISSIC COMPLEX Gp.,ARCHAEAN,32.08128616203004
21.34,80.25,AMGAON GNEISSIC COMPLEX,AMGAON GNEISSIC COMPLEX Gp.,ARCHAEAN,32.17681178551155
21.34,80.265,AMGAON GNEISSIC COMPLEX,AMGAON GNEISSIC COMPLEX Gp.,ARCHAEAN,32.33445070125024
21.34,80.28,AMGAON GNEISSIC COMPLEX,AMGAON GNEISSIC COMPLEX Gp.,ARCHAEAN,32.549816817883446
21.34,80.295,,DONGARGARH GRANITE,PALAEOPROTEROZOIC,32.83036799187047
21.34,80.31,,DONGARGARH GRANITE,PALAEOPROTEROZOIC,33.18152429377584
21.34,80.325,,DONGARGARH GRANITE,PALAEOPROTEROZOIC,33.57659907511423
21.34,80.34,,DONGARGARH GRANITE,PALAEOPROTEROZOIC,34.0090311378411
21.34,80.355,,DONGARGARH GRANITE,PALAEOPROTEROZOIC,34.41552398317876
21.34,80.37,,DONGARGARH GRANITE,PALAEOPROTEROZOIC,34.817149717756244
21.34,80.385,,DONGARGARH GRANITE,PALAEOPROTEROZOIC,35.282822198252425
21.34,80.4,,DONGARGARH GRANITE,PALAEOPROTEROZOIC,35.69491373336857
21.34,80.415,NANDGAON,NANDGAON Gp.(BIJLI RHYOLITE Fm.),PALAEOPROTEROZOIC,36.1457562323074
21.34,80.43,NANDGAON,NANDGAON Gp.(BIJLI RHYOLITE Fm.),PALAEOPROTEROZOIC,36.5873150928286
21.34,80.445,NANDGAON,NANDGAON Gp.(BIJLI RHYOLITE Fm.),PALAEOPROTEROZOIC,37.06877659111348
21.34,80.46,NANDGAON,NANDGAON Gp.(BIJLI RHYOLITE Fm.),PALAEOPROTEROZOIC,37.6084402042256
21.34,80.475,NANDGAON,NANDGAON Gp.(BIJLI RHYOLITE Fm.),PALAEOPROTEROZOIC,38.20218998577357
21.34,80.49,NANDGAON,NANDGAON Gp.(BIJLI RHYOLITE Fm.),PALAEOPROTEROZOIC,38.818482617542976
21.355,79.2,TIRODI GNEISSIC COMPLEX,TIRODI GNEISSIC COMPLEX Gp.,ARCHAEAN,4.740776403425116
21.355,79.215,TIRODI GNEISSIC COMPLEX,TIRODI GNEISSIC COMPLEX Gp.,ARCHAEAN,3.218672409500634
21.355,79.23,TIRODI GNEISSIC COMPLEX,TIRODI GNEISSIC COMPLEX Gp.,ARCHAEAN,1.7554935668572025
21.355,79.245,,ACID  INTRUSIVE / GRANITE / GRANODIORITE,PALAEOPROTEROZOIC,0.6474258247250783
21.355,79.26,,ACID  INTRUSIVE / GRANITE / GRANODIORITE,PALAEOPROTEROZOIC,0.3312059912424821
21.355,79.275,,ACID  INTRUSIVE / GRANITE / GRANODIORITE,PALAEOPROTEROZOIC,0.3877023550154634
21.355,79.29,SAUSAR,"SAUSAR Gp.(MANSAR, JUNEWANI, SITASAONGI, LOHANGI , BICHUA Fm.)",PALAEOPROTEROZOIC,0.08972663865852115
21.355,79.305,SAUSAR,"SAUSAR Gp.(MANSAR, JUNEWANI, SITASAONGI, LOHANGI , BICHUA Fm.)",PALAEOPROTEROZOIC,1.5457679030232843
21.355,79.32,SAUSAR,"SAUSAR Gp.(MANSAR, JUNEWANI, SITASAONGI, LOHANGI , BICHUA Fm.)",PALAEOPROTEROZOIC,3.058403677679261
21.355,79.335,SAUSAR,"SAUSAR Gp.(MANSAR, JUNEWANI, SITASAONGI, LOHANGI , BICHUA Fm.)",PALAEOPROTEROZOIC,4.592565166122041
21.355,79.35,SAUSAR,"SAUSAR Gp.(MANSAR, JUNEWANI, SITASAONGI, LOHANGI , BICHUA Fm.)",PALAEOPROTEROZOIC,4.937009505949817
21.355,79.365,SAUSAR,"SAUSAR Gp.(MANSAR, JUNEWANI, SITASAONGI, LOHANGI , BICHUA Fm.)",PALAEOPROTEROZOIC,4.841751761460446
21.355,79.38,SAUSAR,"SAUSAR Gp.(MANSAR, JUNEWANI, SITASAONGI, LOHANGI , BICHUA Fm.)",PALAEOPROTEROZOIC,4.728139806898337
21.355,79.395,SAUSAR,"SAUSAR Gp.(MANSAR, JUNEWANI, SITASAONGI, LOHANGI , BICHUA Fm.)",PALAEOPROTEROZOIC,4.591247031356559
21.355,79.41,SAUSAR,"SAUSAR Gp.(MANSAR, JUNEWANI, SITASAONGI, LOHANGI , BICHUA Fm.)",PALAEOPROTEROZOIC,4.329314178103656
21.355,79.425,SAUSAR,"SAUSAR Gp.(MANSAR, JUNEWANI, SITASAONGI, LOHANGI , BICHUA Fm.)",PALAEOPROTEROZOIC,3.9608358484257673
21.355,79.44,SAUSAR,"SAUSAR Gp.(MANSAR, JUNEWANI, SITASAONGI, LOHANGI , BICHUA Fm.)",PALAEOPROTEROZOIC,2.8842056764418698
21.355,79.455,SAUSAR,"SAUSAR Gp.(MANSAR, JUNEWANI, SITASAONGI, LOHANGI , BICHUA Fm.)",PALAEOPROTEROZOIC,1.8314712363924108
21.355,79.47,SAUSAR,"SAUSAR Gp.(MANSAR, JUNEWANI, SITASAONGI, LOHANGI , BICHUA Fm.)",PALAEOPROTEROZOIC,0.9722371991217118
21.355,79.485,SAUSAR,"SAUSAR Gp.(MANSAR, JUNEWANI, SITASAONGI, LOHANGI , BICHUA Fm.)",PALAEOPROTEROZOIC,0.27197640611423757
21.355,79.5,TIRODI GNEISSIC COMPLEX,TIRODI GNEISSIC COMPLEX Gp.,ARCHAEAN,0.07873826532831
21.355,79.515,TIRODI GNEISSIC COMPLEX,TIRODI GNEISSIC COMPLEX Gp.,ARCHAEAN,0.28683958619741334
21.355,79.53,TIRODI GNEISSIC COMPLEX,TIRODI GNEISSIC COMPLEX Gp.,ARCHAEAN,0.4211732795979939
21.355,79.545,TIRODI GNEISSIC COMPLEX,TIRODI GNEISSIC COMPLEX Gp.,ARCHAEAN,0.5677063790656793
21.355,79.56,TIRODI GNEISSIC COMPLEX,TIRODI GNEISSIC COMPLEX Gp.,ARCHAEAN,0.5026730084735324
21.355,79.575,TIRODI GNEISSIC COMPLEX,TIRODI GNEISSIC COMPLEX Gp.,ARCHAEAN,0.13155971193923213
21.355,79.59,SAUSAR,"SAUSAR Gp.(MANSAR, JUNEWANI, SITASAONGI, LOHANGI , BICHUA Fm.)",PALAEOPROTEROZOIC,0.007703523164976289
21.355,79.605,TIRODI GNEISSIC COMPLEX,TIRODI GNEISSIC COMPLEX Gp.,ARCHAEAN,0.8121358353660248
21.355,79.62,TIRODI GNEISSIC COMPLEX,TIRODI GNEISSIC COMPLEX Gp.,ARCHAEAN,2.02062767479972
21.355,79.635,TIRODI GNEISSIC COMPLEX,TIRODI GNEISSIC COMPLEX Gp.,ARCHAEAN,3.36547078200296
21.355,79.65,TIRODI GNEISSIC COMPLEX,TIRODI GNEISSIC COMPLEX Gp.,ARCHAEAN,4.431570324025921
21.355,79.665,TIRODI GNEISSIC COMPLEX,TIRODI GNEISSIC COMPLEX Gp.,ARCHAEAN,5.66502565627204
21.355,79.68,TIRODI GNEISSIC COMPLEX,TIRODI GNEISSIC COMPLEX Gp.,ARCHAEAN,6.3003135447218455
21.355,79.695,TIRODI GNEISSIC COMPLEX,TIRODI GNEISSIC COMPLEX Gp.,ARCHAEAN,6.713221497915899
21.355,79.71,TIRODI GNEISSIC COMPLEX,TIRODI GNEISSIC COMPLEX Gp.,ARCHAEAN,7.223862736506668
21.355,79.725,TIRODI GNEISSIC COMPLEX,TIRODI GNEISSIC COMPLEX Gp.,ARCHAEAN,6.571432323986159
21.355,79.74,TIRODI GNEISSIC COMPLEX,TIRODI GNEISSIC COMPLEX Gp.,ARCHAEAN,6.127809062471579
21.355,79.755,TIRODI GNEISSIC COMPLEX,TIRODI GNEISSIC COMPLEX Gp.,ARCHAEAN,6.061140622000784
21.355,79.77,TIRODI GNEISSIC COMPLEX,TIRODI GNEISSIC COMPLEX Gp.,ARCHAEAN,6.275793025615975
21.355,79.785,AMGAON GNEISSIC COMPLEX,AMGAON GNEISSIC COMPLEX Gp.,ARCHAEAN,6.724029150509735
21.355,79.8,AMGAON GNEISSIC COMPLEX,AMGAON GNEISSIC COMPLEX Gp.,ARCHAEAN,7.2245245150628135
21.355,79.815,AMGAON GNEISSIC COMPLEX,AMGAON GNEISSIC COMPLEX Gp.,ARCHAEAN,7.557761190593907
21.355,79.83,AMGAON GNEISSIC COMPLEX,AMGAON GNEISSIC COMPLEX Gp.,ARCHAEAN,8.16465383328285
21.355,79.845,AMGAON GNEISSIC COMPLEX,AMGAON GNEISSIC COMPLEX Gp.,ARCHAEAN,8.966353714183773
21.355,79.86,AMGAON GNEISSIC COMPLEX,AMGAON GNEISSIC COMPLEX Gp.,ARCHAEAN,9.918970112297929
21.355,79.875,AMGAON GNEISSIC COMPLEX,AMGAON GNEISSIC COMPLEX Gp.,ARCHAEAN,11.009698073092204
21.355,79.89,AMGAON GNEISSIC COMPLEX,AMGAON GNEISSIC COMPLEX Gp.,ARCHAEAN,12.201555214144996
21.355,79.905,AMGAON GNEISSIC COMPLEX,AMGAON GNEISSIC COMPLEX Gp.,ARCHAEAN,13.467719258961257
21.355,79.92,AMGAON GNEISSIC COMPLEX,AMGAON GNEISSIC COMPLEX Gp.,ARCHAEAN,14.789117243559572
21.355,79.935,AMGAON GNEISSIC COMPLEX,AMGAON GNEISSIC COMPLEX Gp.,ARCHAEAN,16.152198923381743
21.355,79.95,AMGAON GNEISSIC COMPLEX,AMGAON GNEISSIC COMPLEX Gp.,ARCHAEAN,17.485113841320075
21.355,79.965,AMGAON GNEISSIC COMPLEX,AMGAON GNEISSIC COMPLEX Gp.,ARCHAEAN,18.755170719420732
21.355,79.98,AMGAON GNEISSIC COMPLEX,AMGAON GNEISSIC COMPLEX Gp.,ARCHAEAN,20.065409684242656
21.355,79.995,AMGAON GNEISSIC COMPLEX,AMGAON GNEISSIC COMPLEX Gp.,ARCHAEAN,21.408454341441125
21.355,80.01,AMGAON GNEISSIC COMPLEX,AMGAON GNEISSIC COMPLEX Gp.,ARCHAEAN,22.778502654780183
21.355,80.025,SAKOLI,SAKOLI Gp,PALAEOPROTEROZOIC,24.170963230894923
21.355,80.04,SAKOLI,SAKOLI Gp,PALAEOPROTEROZOIC,25.42677729485608
21.355,80.055,SAKOLI,SAKOLI Gp,PALAEOPROTEROZOIC,26.418612572263754
21.355,80.07,SAKOLI,SAKOLI Gp,PALAEOPROTEROZOIC,27.462741875050803
21.355,80.085,SAKOLI,SAKOLI Gp,PALAEOPROTEROZOIC,28.528210375453718
21.355,80.1,AMGAON GNEISSIC COMPLEX,AMGAON GNEISSIC COMPLEX Gp.,ARCHAEAN,29.61753320385676
21.355,80.115,AMGAON GNEISSIC COMPLEX,AMGAON GNEISSIC COMPLEX Gp.,ARCHAEAN,30.746947382596513
21.355,80.13,AMGAON GNEISSIC COMPLEX,AMGAON GNEISSIC COMPLEX Gp.,ARCHAEAN,31.50597680476668
21.355,80.145,AMGAON GNEISSIC COMPLEX,AMGAON GNEISSIC COMPLEX Gp.,ARCHAEAN,31.182369006941936
21.355,80.16,AMGAON GNEISSIC COMPLEX,AMGAON GNEISSIC COMPLEX Gp.,ARCHAEAN,30.92555349290581
21.355,80.175,AMGAON GNEISSIC COMPLEX,AMGAON GNEISSIC COMPLEX Gp.,ARCHAEAN,30.681321999983204
21.355,80.19,AMGAON GNEISSIC COMPLEX,AMGAON GNEISSIC COMPLEX Gp.,ARCHAEAN,30.5144915556841
21.355,80.205,AMGAON GNEISSIC COMPLEX,AMGAON GNEISSIC COMPLEX Gp.,ARCHAEAN,30.41334269053997
21.355,80.22,AMGAON GNEISSIC COMPLEX,AMGAON GNEISSIC COMPLEX Gp.,ARCHAEAN,30.373662197943478
21.355,80.235,AMGAON GNEISSIC COMPLEX,AMGAON GNEISSIC COMPLEX Gp.,ARCHAEAN,30.41355473187126
21.355,80.25,AMGAON GNEISSIC COMPLEX,AMGAON GNEISSIC COMPLEX Gp.,ARCHAEAN,30.51227868296839
21.355,80.265,AMGAON GNEISSIC COMPLEX,AMGAON GNEISSIC COMPLEX Gp.,ARCHAEAN,30.67843794913323
21.355,80.28,AMGAON GNEISSIC COMPLEX,AMGAON GNEISSIC COMPLEX Gp.,ARCHAEAN,30.901825066254748
21.355,80.295,,DONGARGARH GRANITE,PALAEOPROTEROZOIC,31.19713972072151
21.355,80.31,,DONGARGARH GRANITE,PALAEOPROTEROZOIC,31.56639471802596
21.355,80.325,,DONGARGARH GRANITE,PALAEOPROTEROZOIC,31.96924169872602
21.355,80.34,AMGAON GNEISSIC COMPLEX,AMGAON GNEISSIC COMPLEX Gp.,ARCHAEAN,32.39646334829864
21.355,80.355,,DONGARGARH GRANITE,PALAEOPROTEROZOIC,32.79553646225534
21.355,80.37,,DONGARGARH GRANITE,PALAEOPROTEROZOIC,33.21666969518363
21.355,80.385,,DONGARGARH GRANITE,PALAEOPROTEROZOIC,33.683359398191556
21.355,80.4,,DONGARGARH GRANITE,PALAEOPROTEROZOIC,34.08979151660025
21.355,80.415,NANDGAON,NANDGAON Gp.(BIJLI RHYOLITE Fm.),PALAEOPROTEROZOIC,34.55220522114505
21.355,80.43,NANDGAON,NANDGAON Gp.(BIJLI RHYOLITE Fm.),PALAEOPROTEROZOIC,34.99247329174175
21.355,80.445,NANDGAON,NANDGAON Gp.(BIJLI RHYOLITE Fm.),PALAEOPROTEROZOIC,35.495471583197045
21.355,80.46,NANDGAON,NANDGAON Gp.(BIJLI RHYOLITE Fm.),PALAEOPROTEROZOIC,36.05857502959673
21.355,80.475,NANDGAON,NANDGAON Gp.(BIJLI RHYOLITE Fm.),PALAEOPROTEROZOIC,36.661903582116686
21.355,80.49,NANDGAON,NANDGAON Gp.(BIJLI RHYOLITE Fm.),PALAEOPROTEROZOIC,37.30352174311645
21.37,79.2,TIRODI GNEISSIC COMPLEX,TIRODI GNEISSIC COMPLEX Gp.,ARCHAEAN,5.285045496647023
21.37,79.215,TIRODI GNEISSIC COMPLEX,TIRODI GNEISSIC COMPLEX Gp.,ARCHAEAN,3.964750752095911
21.37,79.23,TIRODI GNEISSIC COMPLEX,TIRODI GNEISSIC COMPLEX Gp.,ARCHAEAN,2.851865731781571
21.37,79.245,,ACID  INTRUSIVE / GRANITE / GRANODIORITE,PALAEOPROTEROZOIC,2.242192647265472
21.37,79.26,,ACID  INTRUSIVE / GRANITE / GRANODIORITE,PALAEOPROTEROZOIC,1.3783419169081377
21.37,79.275,SAUSAR,"SAUSAR Gp.(MANSAR, JUNEWANI, SITASAONGI, LOHANGI , BICHUA Fm.)",PALAEOPROTEROZOIC,0.03856629187256867
21.37,79.29,SAUSAR,"SAUSAR Gp.(MANSAR, JUNEWANI, SITASAONGI, LOHANGI , BICHUA Fm.)",PALAEOPROTEROZOIC,0.5414030519417379
21.37,79.305,SAUSAR,"SAUSAR Gp.(MANSAR, JUNEWANI, SITASAONGI, LOHANGI , BICHUA Fm.)",PALAEOPROTEROZOIC,1.5226675039018092
21.37,79.32,SAUSAR,"SAUSAR Gp.(MANSAR, JUNEWANI, SITASAONGI, LOHANGI , BICHUA Fm.)",PALAEOPROTEROZOIC,2.645101798046335
21.37,79.335,SAUSAR,"SAUSAR Gp.(MANSAR, JUNEWANI, SITASAONGI, LOHANGI , BICHUA Fm.)",PALAEOPROTEROZOIC,4.063328020769694
21.37,79.35,SAUSAR,"SAUSAR Gp.(MANSAR, JUNEWANI, SITASAONGI, LOHANGI , BICHUA Fm.)",PALAEOPROTEROZOIC,5.555243430712017
21.37,79.365,SAUSAR,"SAUSAR Gp.(MANSAR, JUNEWANI, SITASAONGI, LOHANGI , BICHUA Fm.)",PALAEOPROTEROZOIC,6.507165466023254
21.37,79.38,SAUSAR,"SAUSAR Gp.(MANSAR, JUNEWANI, SITASAONGI, LOHANGI , BICHUA Fm.)",PALAEOPROTEROZOIC,6.393553558229577
21.37,79.395,SAUSAR,"SAUSAR Gp.(MANSAR, JUNEWANI, SITASAONGI, LOHANGI , BICHUA Fm.)",PALAEOPROTEROZOIC,6.237591619076082
21.37,79.41,SAUSAR,"SAUSAR Gp.(MANSAR, JUNEWANI, SITASAONGI, LOHANGI , BICHUA Fm.)",PALAEOPROTEROZOIC,5.975659342012594
21.37,79.425,SAUSAR,"SAUSAR Gp.(MANSAR, JUNEWANI, SITASAONGI, LOHANGI , BICHUA Fm.)",PALAEOPROTEROZOIC,5.1713017803992045
21.37,79.44,SAUSAR,"SAUSAR Gp.(MANSAR, JUNEWANI, SITASAONGI, LOHANGI , BICHUA Fm.)",PALAEOPROTEROZOIC,4.111958895412369
21.37,79.455,SAUSAR,"SAUSAR Gp.(MANSAR, JUNEWANI, SITASAONGI, LOHANGI , BICHUA Fm.)",PALAEOPROTEROZOIC,3.2192123143425637
21.37,79.47,SAUSAR,"SAUSAR Gp.(MANSAR, JUNEWANI, SITASAONGI, LOHANGI , BICHUA Fm.)",PALAEOPROTEROZOIC,2.4339557440399604
21.37,79.485,SAUSAR,"SAUSAR Gp.(MANSAR, JUNEWANI, SITASAONGI, LOHANGI , BICHUA Fm.)",PALAEOPROTEROZOIC,1.8994898685579822
21.37,79.5,SAUSAR,"SAUSAR Gp.(MANSAR, JUNEWANI, SITASAONGI, LOHANGI , BICHUA Fm.)",PALAEOPROTEROZOIC,1.5733129322084942
21.37,79.515,SAUSAR,"SAUSAR Gp.(MANSAR, JUNEWANI, SITASAONGI, LOHANGI , BICHUA Fm.)",PALAEOPROTEROZOIC,1.3768277276254102
21.37,79.53,SAUSAR,"SAUSAR Gp.(MANSAR, JUNEWANI, SITASAONGI, LOHANGI , BICHUA Fm.)",PALAEOPROTEROZOIC,1.241821195828274
21.37,79.545,SAUSAR,"SAUSAR Gp.(MANSAR, JUNEWANI, SITASAONGI, LOHANGI , BICHUA Fm.)",PALAEOPROTEROZOIC,1.0947390418603633
21.37,79.56,SAUSAR,"SAUSAR Gp.(MANSAR, JUNEWANI, SITASAONGI, LOHANGI , BICHUA Fm.)",PALAEOPROTEROZOIC,1.1209291333275833
21.37,79.575,SAUSAR,"SAUSAR Gp.(MANSAR, JUNEWANI, SITASAONGI, LOHANGI , BICHUA Fm.)",PALAEOPROTEROZOIC,1.4892790705993812
21.37,79.59,SAUSAR,"SAUSAR Gp.(MANSAR, JUNEWANI, SITASAONGI, LOHANGI , BICHUA Fm.)",PALAEOPROTEROZOIC,1.460957752006551
21.37,79.605,SAUSAR,"SAUSAR Gp.(MANSAR, JUNEWANI, SITASAONGI, LOHANGI , BICHUA Fm.)",PALAEOPROTEROZOIC,0.15802685607255607
21.37,79.62,TIRODI GNEISSIC COMPLEX,TIRODI GNEISSIC COMPLEX Gp.,ARCHAEAN,1.0954632864350184
21.37,79.635,TIRODI GNEISSIC COMPLEX,TIRODI GNEISSIC COMPLEX Gp.,ARCHAEAN,2.159708971535536
21.37,79.65,TIRODI GNEISSIC COMPLEX,TIRODI GNEISSIC COMPLEX Gp.,ARCHAEAN,3.4553127045159187
21.37,79.665,TIRODI GNEISSIC COMPLEX,TIRODI GNEISSIC COMPLEX Gp.,ARCHAEAN,4.331889598252323
21.37,79.68,TIRODI GNEISSIC COMPLEX,TIRODI GNEISSIC COMPLEX Gp.,ARCHAEAN,4.7370474483155105
21.37,79.695,TIRODI GNEISSIC COMPLEX,TIRODI GNEISSIC COMPLEX Gp.,ARCHAEAN,5.134089716166925
21.37,79.71,TIRODI GNEISSIC COMPLEX,TIRODI GNEISSIC COMPLEX Gp.,ARCHAEAN,5.714681837954337
21.37,79.725,TIRODI GNEISSIC COMPLEX,TIRODI GNEISSIC COMPLEX Gp.,ARCHAEAN,5.021126110335377
21.37,79.74,TIRODI GNEISSIC COMPLEX,TIRODI GNEISSIC COMPLEX Gp.,ARCHAEAN,4.4910849044328405
21.37,79.755,TIRODI GNEISSIC COMPLEX,TIRODI GNEISSIC COMPLEX Gp.,ARCHAEAN,4.397147855682061
21.37,79.77,TIRODI GNEISSIC COMPLEX,TIRODI GNEISSIC COMPLEX Gp.,ARCHAEAN,4.640789662120982
21.37,79.785,AMGAON GNEISSIC COMPLEX,AMGAON GNEISSIC COMPLEX Gp.,ARCHAEAN,5.2309392420521315
21.37,79.8,AMGAON GNEISSIC COMPLEX,AMGAON GNEISSIC COMPLEX Gp.,ARCHAEAN,5.578369538322872
21.37,79.815,AMGAON GNEISSIC COMPLEX,AMGAON GNEISSIC COMPLEX Gp.,ARCHAEAN,5.987801265401635
21.37,79.83,AMGAON GNEISSIC COMPLEX,AMGAON GNEISSIC COMPLEX Gp.,ARCHAEAN,6.722094029044877
21.37,79.845,AMGAON GNEISSIC COMPLEX,AMGAON GNEISSIC COMPLEX Gp.,ARCHAEAN,7.637886443348898
21.37,79.86,AMGAON GNEISSIC COMPLEX,AMGAON GNEISSIC COMPLEX Gp.,ARCHAEAN,8.73636620085363
21.37,79.875,AMGAON GNEISSIC COMPLEX,AMGAON GNEISSIC COMPLEX Gp.,ARCHAEAN,9.95725380599968
21.37,79.89,AMGAON GNEISSIC COMPLEX,AMGAON GNEISSIC COMPLEX Gp.,ARCHAEAN,11.260805308969925
21.37,79.905,AMGAON GNEISSIC COMPLEX,AMGAON GNEISSIC COMPLEX Gp.,ARCHAEAN,12.621433870353558
21.37,79.92,AMGAON GNEISSIC COMPLEX,AMGAON GNEISSIC COMPLEX Gp.,ARCHAEAN,14.002119408156137
21.37,79.935,AMGAON GNEISSIC COMPLEX,AMGAON GNEISSIC COMPLEX Gp.,ARCHAEAN,15.244838384330848
21.37,79.95,AMGAON GNEISSIC COMPLEX,AMGAON GNEISSIC COMPLEX Gp.,ARCHAEAN,16.540461622827348
21.37,79.965,AMGAON GNEISSIC COMPLEX,AMGAON GNEISSIC COMPLEX Gp.,ARCHAEAN,17.87749053742818
21.37,79.98,AMGAON GNEISSIC COMPLEX,AMGAON GNEISSIC COMPLEX Gp.,ARCHAEAN,19.247298226587453
21.37,79.995,AMGAON GNEISSIC COMPLEX,AMGAON GNEISSIC COMPLEX Gp.,ARCHAEAN,20.64336053113232
21.37,80.01,AMGAON GNEISSIC COMPLEX,AMGAON GNEISSIC COMPLEX Gp.,ARCHAEAN,22.060693617862054
21.37,80.025,AMGAON GNEISSIC COMPLEX,AMGAON GNEISSIC COMPLEX Gp.,ARCHAEAN,23.15239554461331
21.37,80.04,SAKOLI,SAKOLI Gp,PALAEOPROTEROZOIC,24.137293800190868
21.37,80.055,SAKOLI,SAKOLI Gp,PALAEOPROTEROZOIC,25.17976386757801
21.37,80.07,SAKOLI,SAKOLI Gp,PALAEOPROTEROZOIC,26.2451730269822
21.37,80.085,SAKOLI,SAKOLI Gp,PALAEOPROTEROZOIC,27.336781056461266
21.37,80.1,AMGAON GNEISSIC COMPLEX,AMGAON GNEISSIC COMPLEX Gp.,ARCHAEAN,28.471496513694493
21.37,80.115,AMGAON GNEISSIC COMPLEX,AMGAON GNEISSIC COMPLEX Gp.,ARCHAEAN,29.64436966470173
21.37,80.13,AMGAON GNEISSIC COMPLEX,AMGAON GNEISSIC COMPLEX Gp.,ARCHAEAN,29.883938057033497
21.37,80.145,AMGAON GNEISSIC COMPLEX,AMGAON GNEISSIC COMPLEX Gp.,ARCHAEAN,29.542638177967717
21.37,80.16,AMGAON GNEISSIC COMPLEX,AMGAON GNEISSIC COMPLEX Gp.,ARCHAEAN,29.280048004055065
21.37,80.175,AMGAON GNEISSIC COMPLEX,AMGAON GNEISSIC COMPLEX Gp.,ARCHAEAN,29.026989073810483
21.37,80.19,AMGAON GNEISSIC COMPLEX,AMGAON GNEISSIC COMPLEX Gp.,ARCHAEAN,28.850630159341556
21.37,80.205,AMGAON GNEISSIC COMPLEX,AMGAON GNEISSIC COMPLEX Gp.,ARCHAEAN,28.7458391714403
21.37,80.22,AMGAON GNEISSIC COMPLEX,AMGAON GNEISSIC COMPLEX Gp.,ARCHAEAN,28.703862202044903
21.37,80.235,AMGAON GNEISSIC COMPLEX,AMGAON GNEISSIC COMPLEX Gp.,ARCHAEAN,28.74606346694109
21.37,80.25,AMGAON GNEISSIC COMPLEX,AMGAON GNEISSIC COMPLEX Gp.,ARCHAEAN,28.848354329723275
21.37,80.265,AMGAON GNEISSIC COMPLEX,AMGAON GNEISSIC COMPLEX Gp.,ARCHAEAN,29.024005065197944
21.37,80.28,AMGAON GNEISSIC COMPLEX,AMGAON GNEISSIC COMPLEX Gp.,ARCHAEAN,29.25630651689853
21.37,80.295,,DONGARGARH GRANITE,PALAEOPROTEROZOIC,29.567997056529496
21.37,80.31,,DONGARGARH GRANITE,PALAEOPROTEROZOIC,29.95027390732761
21.37,80.325,,DONGARGARH GRANITE,PALAEOPROTEROZOIC,30.368623265302418
21.37,80.34,,DONGARGARH GRANITE,PALAEOPROTEROZOIC,30.789997262876394
21.37,80.355,AMGAON GNEISSIC COMPLEX,AMGAON GNEISSIC COMPLEX Gp.,ARCHAEAN,31.18080481649926
21.37,80.37,,DONGARGARH GRANITE,PALAEOPROTEROZOIC,31.62335892861718
21.37,80.385,,DONGARGARH GRANITE,PALAEOPROTEROZOIC,32.06458815522609
21.37,80.4,,DONGARGARH GRANITE,PALAEOPROTEROZOIC,32.49118893116855
21.37,80.415,,DONGARGARH GRANITE,PALAEOPROTEROZOIC,32.94357551948252
21.37,80.43,,DONGARGARH GRANITE,PALAEOPROTEROZOIC,33.40495770725651
21.37,80.445,AMGAON GNEISSIC COMPLEX,AMGAON GNEISSIC COMPLEX Gp.,ARCHAEAN,33.93139040368166
21.37,80.46,NANDGAON,NANDGAON Gp.(BIJLI RHYOLITE Fm.),PALAEOPROTEROZOIC,34.519897652199205
21.37,80.475,NANDGAON,NANDGAON Gp.(BIJLI RHYOLITE Fm.),PALAEOPROTEROZOIC,35.133452272021096
21.37,80.49,NANDGAON,NANDGAON Gp.(BIJLI RHYOLITE Fm.),PALAEOPROTEROZOIC,35.79694358646924
21.385,79.2,TIRODI GNEISSIC COMPLEX,TIRODI GNEISSIC COMPLEX Gp.,ARCHAEAN,5.9404803300180875
21.385,79.215,TIRODI GNEISSIC COMPLEX,TIRODI GNEISSIC COMPLEX Gp.,ARCHAEAN,5.123035346176954
21.385,79.23,TIRODI GNEISSIC COMPLEX,TIRODI GNEISSIC COMPLEX Gp.,ARCHAEAN,4.216494455346874
21.385,79.245,,ACID  INTRUSIVE / GRANITE / GRANODIORITE,PALAEOPROTEROZOIC,3.170558670091287
21.385,79.26,,ACID  INTRUSIVE / GRANITE / GRANODIORITE,PALAEOPROTEROZOIC,2.172718825763172
21.385,79.275,,ACID  INTRUSIVE / GRANITE / GRANODIORITE,PALAEOPROTEROZOIC,1.1009895210467873
21.385,79.29,,ACID  INTRUSIVE / GRANITE / GRANODIORITE,PALAEOPROTEROZOIC,0.27491210315448944
21.385,79.305,SAUSAR,"SAUSAR Gp.(MANSAR, JUNEWANI, SITASAONGI, LOHANGI , BICHUA Fm.)",PALAEOPROTEROZOIC,0.7987702735228802
21.385,79.32,SAUSAR,"SAUSAR Gp.(MANSAR, JUNEWANI, SITASAONGI, LOHANGI , BICHUA Fm.)",PALAEOPROTEROZOIC,2.3054549301655207
21.385,79.335,SAUSAR,"SAUSAR Gp.(MANSAR, JUNEWANI, SITASAONGI, LOHANGI , BICHUA Fm.)",PALAEOPROTEROZOIC,3.850616018650881
21.385,79.35,SAUSAR,"SAUSAR Gp.(MANSAR, JUNEWANI, SITASAONGI, LOHANGI , BICHUA Fm.)",PALAEOPROTEROZOIC,5.4013329664130545
21.385,79.365,SAUSAR,"SAUSAR Gp.(MANSAR, JUNEWANI, SITASAONGI, LOHANGI , BICHUA Fm.)",PALAEOPROTEROZOIC,6.953889897599296
21.385,79.38,SAUSAR,"SAUSAR Gp.(MANSAR, JUNEWANI, SITASAONGI, LOHANGI , BICHUA Fm.)",PALAEOPROTEROZOIC,8.058965936540273
21.385,79.395,SAUSAR,"SAUSAR Gp.(MANSAR, JUNEWANI, SITASAONGI, LOHANGI , BICHUA Fm.)",PALAEOPROTEROZOIC,7.883928953739058
21.385,79.41,SAUSAR,"SAUSAR Gp.(MANSAR, JUNEWANI, SITASAONGI, LOHANGI , BICHUA Fm.)",PALAEOPROTEROZOIC,7.458217833764389
21.385,79.425,SAUSAR,"SAUSAR Gp.(MANSAR, JUNEWANI, SITASAONGI, LOHANGI , BICHUA Fm.)",PALAEOPROTEROZOIC,6.3930527051485155
21.385,79.44,SAUSAR,"SAUSAR Gp.(MANSAR, JUNEWANI, SITASAONGI, LOHANGI , BICHUA Fm.)",PALAEOPROTEROZOIC,5.471811938641292
21.385,79.455,SAUSAR,"SAUSAR Gp.(MANSAR, JUNEWANI, SITASAONGI, LOHANGI , BICHUA Fm.)",PALAEOPROTEROZOIC,4.652730293700647
21.385,79.47,SAUSAR,"SAUSAR Gp.(MANSAR, JUNEWANI, SITASAONGI, LOHANGI , BICHUA Fm.)",PALAEOPROTEROZOIC,3.9212168357860375
21.385,79.485,SAUSAR,"SAUSAR Gp.(MANSAR, JUNEWANI, SITASAONGI, LOHANGI , BICHUA Fm.)",PALAEOPROTEROZOIC,3.5269904186042926
21.385,79.5,SAUSAR,"SAUSAR Gp.(MANSAR, JUNEWANI, SITASAONGI, LOHANGI , BICHUA Fm.)",PALAEOPROTEROZOIC,3.2267990667019175
21.385,79.515,SAUSAR,"SAUSAR Gp.(MANSAR, JUNEWANI, SITASAONGI, LOHANGI , BICHUA Fm.)",PALAEOPROTEROZOIC,3.0404931246109888
21.385,79.53,SAUSAR,"SAUSAR Gp.(MANSAR, JUNEWANI, SITASAONGI, LOHANGI , BICHUA Fm.)",PALAEOPROTEROZOIC,2.9042642182234975
21.385,79.545,SAUSAR,"SAUSAR Gp.(MANSAR, JUNEWANI, SITASAONGI, LOHANGI , BICHUA Fm.)",PALAEOPROTEROZOIC,2.759728988424259
21.385,79.56,SAUSAR,"SAUSAR Gp.(MANSAR, JUNEWANI, SITASAONGI, LOHANGI , BICHUA Fm.)",PALAEOPROTEROZOIC,2.764283497344315
21.385,79.575,SAUSAR,"SAUSAR Gp.(MANSAR, JUNEWANI, SITASAONGI, LOHANGI , BICHUA Fm.)",PALAEOPROTEROZOIC,3.1108738542280316
21.385,79.59,SAUSAR,"SAUSAR Gp.(MANSAR, JUNEWANI, SITASAONGI, LOHANGI , BICHUA Fm.)",PALAEOPROTEROZOIC,2.364378626629009
21.385,79.605,SAUSAR,"SAUSAR Gp.(MANSAR, JUNEWANI, SITASAONGI, LOHANGI , BICHUA Fm.)",PALAEOPROTEROZOIC,1.1743034327465656
21.385,79.62,SAUSAR,"SAUSAR Gp.(MANSAR, JUNEWANI, SITASAONGI, LOHANGI , BICHUA Fm.)",PALAEOPROTEROZOIC,0.06633698644831988
21.385,79.635,TIRODI GNEISSIC COMPLEX,TIRODI GNEISSIC COMPLEX Gp.,ARCHAEAN,1.3019031641552195
21.385,79.65,TIRODI GNEISSIC COMPLEX,TIRODI GNEISSIC COMPLEX Gp.,ARCHAEAN,2.3473556264039064
21.385,79.665,TIRODI GNEISSIC COMPLEX,TIRODI GNEISSIC COMPLEX Gp.,ARCHAEAN,2.68543025640663
21.385,79.68,TIRODI GNEISSIC COMPLEX,TIRODI GNEISSIC COMPLEX Gp.,ARCHAEAN,3.0925126693185807
21.385,79.695,TIRODI GNEISSIC COMPLEX,TIRODI GNEISSIC COMPLEX Gp.,ARCHAEAN,3.547717024767669
21.385,79.71,TIRODI GNEISSIC COMPLEX,TIRODI GNEISSIC COMPLEX Gp.,ARCHAEAN,4.325210675417436
21.385,79.725,TIRODI GNEISSIC COMPLEX,TIRODI GNEISSIC COMPLEX Gp.,ARCHAEAN,3.5701150729630085
21.385,79.74,TIRODI GNEISSIC COMPLEX,TIRODI GNEISSIC COMPLEX Gp.,ARCHAEAN,2.8924223907103435
21.385,79.755,TIRODI GNEISSIC COMPLEX,TIRODI GNEISSIC COMPLEX Gp.,ARCHAEAN,2.7328385442396663
21.385,79.77,TIRODI GNEISSIC COMPLEX,TIRODI GNEISSIC COMPLEX Gp.,ARCHAEAN,3.0438040699660416
21.385,79.785,TIRODI GNEISSIC COMPLEX,TIRODI GNEISSIC COMPLEX Gp.,ARCHAEAN,3.75192422960271
21.385,79.8,AMGAON GNEISSIC COMPLEX,AMGAON GNEISSIC COMPLEX Gp.,ARCHAEAN,3.932093729510236
21.385,79.815,AMGAON GNEISSIC COMPLEX,AMGAON GNEISSIC COMPLEX Gp.,ARCHAEAN,4.49046069407822
21.385,79.83,AMGAON GNEISSIC COMPLEX,AMGAON GNEISSIC COMPLEX Gp.,ARCHAEAN,5.357939416398254
21.385,79.845,AMGAON GNEISSIC COMPLEX,AMGAON GNEISSIC COMPLEX Gp.,ARCHAEAN,6.469588927115296
21.385,79.86,AMGAON GNEISSIC COMPLEX,AMGAON GNEISSIC COMPLEX Gp.,ARCHAEAN,7.735546508477281
21.385,79.875,AMGAON GNEISSIC COMPLEX,AMGAON GNEISSIC COMPLEX Gp.,ARCHAEAN,9.091579152527942
21.385,79.89,AMGAON GNEISSIC COMPLEX,AMGAON GNEISSIC COMPLEX Gp.,ARCHAEAN,10.502855611282568
21.385,79.905,AMGAON GNEISSIC COMPLEX,AMGAON GNEISSIC COMPLEX Gp.,ARCHAEAN,11.747598654648476
21.385,79.92,AMGAON GNEISSIC COMPLEX,AMGAON GNEISSIC COMPLEX Gp.,ARCHAEAN,13.019575345160472
21.385,79.935,AMGAON GNEISSIC COMPLEX,AMGAON GNEISSIC COMPLEX Gp.,ARCHAEAN,14.347391504689124
21.385,79.95,AMGAON GNEISSIC COMPLEX,AMGAON GNEISSIC COMPLEX Gp.,ARCHAEAN,15.716900986270932
21.385,79.965,AMGAON GNEISSIC COMPLEX,AMGAON GNEISSIC COMPLEX Gp.,ARCHAEAN,17.11809986647368
21.385,79.98,AMGAON GNEISSIC COMPLEX,AMGAON GNEISSIC COMPLEX Gp.,ARCHAEAN,18.54380603511026
21.385,79.995,AMGAON GNEISSIC COMPLEX,AMGAON GNEISSIC COMPLEX Gp.,ARCHAEAN,19.896537854791713
21.385,80.01,AMGAON GNEISSIC COMPLEX,AMGAON GNEISSIC COMPLEX Gp.,ARCHAEAN,20.8749114721413
21.385,80.025,AMGAON GNEISSIC COMPLEX,AMGAON GNEISSIC COMPLEX Gp.,ARCHAEAN,21.856517293761
21.385,80.04,SAKOLI,SAKOLI Gp,PALAEOPROTEROZOIC,22.897015868024184
21.385,80.055,SAKOLI,SAKOLI Gp,PALAEOPROTEROZOIC,23.962363268359603
21.385,80.07,SAKOLI,SAKOLI Gp,PALAEOPROTEROZOIC,25.05670219707345
21.385,80.085,SAKOLI,SAKOLI Gp,PALAEOPROTEROZOIC,26.197649310267778
21.385,80.1,SAKOLI,SAKOLI Gp,PALAEOPROTEROZOIC,27.372119891254755
21.385,80.115,AMGAON GNEISSIC COMPLEX,AMGAON GNEISSIC COMPLEX Gp.,ARCHAEAN,28.540678983101078
21.385,80.13,AMGAON GNEISSIC COMPLEX,AMGAON GNEISSIC COMPLEX Gp.,ARCHAEAN,28.267461701853282
21.385,80.145,AMGAON GNEISSIC COMPLEX,AMGAON GNEISSIC COMPLEX Gp.,ARCHAEAN,27.906473521265912
21.385,80.16,AMGAON GNEISSIC COMPLEX,AMGAON GNEISSIC COMPLEX Gp.,ARCHAEAN,27.628394280583738
21.385,80.175,AMGAON GNEISSIC COMPLEX,AMGAON GNEISSIC COMPLEX Gp.,ARCHAEAN,27.374534368321115
21.385,80.19,AMGAON GNEISSIC COMPLEX,AMGAON GNEISSIC COMPLEX Gp.,ARCHAEAN,27.187496935762194
21.385,80.205,AMGAON GNEISSIC COMPLEX,AMGAON GNEISSIC COMPLEX Gp.,ARCHAEAN,27.078618678367686
21.385,80.22,AMGAON GNEISSIC COMPLEX,AMGAON GNEISSIC COMPLEX Gp.,ARCHAEAN,27.034062206652983
21.385,80.235,AMGAON GNEISSIC COMPLEX,AMGAON GNEISSIC COMPLEX Gp.,ARCHAEAN,27.07885673474466
21.385,80.25,AMGAON GNEISSIC COMPLEX,AMGAON GNEISSIC COMPLEX Gp.,ARCHAEAN,27.1851505053585
21.385,80.265,AMGAON GNEISSIC COMPLEX,AMGAON GNEISSIC COMPLEX Gp.,ARCHAEAN,27.368237466942414
21.385,80.28,AMGAON GNEISSIC COMPLEX,AMGAON GNEISSIC COMPLEX Gp.,ARCHAEAN,27.613703312579542
21.385,80.295,AMGAON GNEISSIC COMPLEX,AMGAON GNEISSIC COMPLEX Gp.,ARCHAEAN,27.943654593239685
21.385,80.31,,DONGARGARH GRANITE,PALAEOPROTEROZOIC,28.334103087004312
21.385,80.325,,DONGARGARH GRANITE,PALAEOPROTEROZOIC,28.764241456534545
21.385,80.34,,DONGARGARH GRANITE,PALAEOPROTEROZOIC,29.181516589911716
21.385,80.355,AMGAON GNEISSIC COMPLEX,AMGAON GNEISSIC COMPLEX Gp.,ARCHAEAN,29.572190018884342
21.385,80.37,AMGAON GNEISSIC COMPLEX,AMGAON GNEISSIC COMPLEX Gp.,ARCHAEAN,30.036885092704097
21.385,80.385,AMGAON GNEISSIC COMPLEX,AMGAON GNEISSIC COMPLEX Gp.,ARCHAEAN,30.45132810381247
21.385,80.4,AMGAON GNEISSIC COMPLEX,AMGAON GNEISSIC COMPLEX Gp.,ARCHAEAN,30.900117863605203
21.385,80.415,,DONGARGARH GRANITE,PALAEOPROTEROZOIC,31.34134497609596
21.385,80.43,,DONGARGARH GRANITE,PALAEOPROTEROZOIC,31.82586468203598
21.385,80.445,AMGAON GNEISSIC COMPLEX,AMGAON GNEISSIC COMPLEX Gp.,ARCHAEAN,32.3778698096515
21.385,80.46,AMGAON GNEISSIC COMPLEX,AMGAON GNEISSIC COMPLEX Gp.,ARCHAEAN,32.978737353424485
21.385,80.475,NANDGAON,NANDGAON Gp.(BIJLI RHYOLITE Fm.),PALAEOPROTEROZOIC,33.61845032982338
21.385,80.49,NANDGAON,NANDGAON Gp.(BIJLI RHYOLITE Fm.),PALAEOPROTEROZOIC,34.29696896933973
21.4,79.2,TIRODI GNEISSIC COMPLEX,TIRODI GNEISSIC COMPLEX Gp.,ARCHAEAN,4.780641416413265
21.4,79.215,,ACID  INTRUSIVE / GRANITE / GRANODIORITE,PALAEOPROTEROZOIC,4.868218306482766
21.4,79.23,,ACID  INTRUSIVE / GRANITE / GRANODIORITE,PALAEOPROTEROZOIC,3.375215790232059
21.4,79.245,,ACID  INTRUSIVE / GRANITE / GRANODIORITE,PALAEOPROTEROZOIC,1.9793266685710378
21.4,79.26,,ACID  INTRUSIVE / GRANITE / GRANODIORITE,PALAEOPROTEROZOIC,0.9195184317272687
21.4,79.275,,ACID  INTRUSIVE / GRANITE / GRANODIORITE,PALAEOPROTEROZOIC,0.19508376809346803
21.4,79.29,SAUSAR,"SAUSAR Gp.(MANSAR, JUNEWANI, SITASAONGI, LOHANGI , BICHUA Fm.)",PALAEOPROTEROZOIC,0.6417331731368743
21.4,79.305,SAUSAR,"SAUSAR Gp.(MANSAR, JUNEWANI, SITASAONGI, LOHANGI , BICHUA Fm.)",PALAEOPROTEROZOIC,1.6934739880182597
21.4,79.32,SAUSAR,"SAUSAR Gp.(MANSAR, JUNEWANI, SITASAONGI, LOHANGI , BICHUA Fm.)",PALAEOPROTEROZOIC,2.9121602528199393
21.4,79.335,SAUSAR,"SAUSAR Gp.(MANSAR, JUNEWANI, SITASAONGI, LOHANGI , BICHUA Fm.)",PALAEOPROTEROZOIC,4.3037880411391605
21.4,79.35,SAUSAR,"SAUSAR Gp.(MANSAR, JUNEWANI, SITASAONGI, LOHANGI , BICHUA Fm.)",PALAEOPROTEROZOIC,5.750176237343819
21.4,79.365,SAUSAR,"SAUSAR Gp.(MANSAR, JUNEWANI, SITASAONGI, LOHANGI , BICHUA Fm.)",PALAEOPROTEROZOIC,6.750505193290674
21.4,79.38,SAUSAR,"SAUSAR Gp.(MANSAR, JUNEWANI, SITASAONGI, LOHANGI , BICHUA Fm.)",PALAEOPROTEROZOIC,7.470471881484761
21.4,79.395,SAUSAR,"SAUSAR Gp.(MANSAR, JUNEWANI, SITASAONGI, LOHANGI , BICHUA Fm.)",PALAEOPROTEROZOIC,7.780254022761588
21.4,79.41,SAUSAR,"SAUSAR Gp.(MANSAR, JUNEWANI, SITASAONGI, LOHANGI , BICHUA Fm.)",PALAEOPROTEROZOIC,7.77729700605944
21.4,79.425,SAUSAR,"SAUSAR Gp.(MANSAR, JUNEWANI, SITASAONGI, LOHANGI , BICHUA Fm.)",PALAEOPROTEROZOIC,6.895004927396591
21.4,79.44,SAUSAR,"SAUSAR Gp.(MANSAR, JUNEWANI, SITASAONGI, LOHANGI , BICHUA Fm.)",PALAEOPROTEROZOIC,6.134173533398494
21.4,79.455,SAUSAR,"SAUSAR Gp.(MANSAR, JUNEWANI, SITASAONGI, LOHANGI , BICHUA Fm.)",PALAEOPROTEROZOIC,5.550199306115381
21.4,79.47,SAUSAR,"SAUSAR Gp.(MANSAR, JUNEWANI, SITASAONGI, LOHANGI , BICHUA Fm.)",PALAEOPROTEROZOIC,5.120746998511193
21.4,79.485,SAUSAR,"SAUSAR Gp.(MANSAR, JUNEWANI, SITASAONGI, LOHANGI , BICHUA Fm.)",PALAEOPROTEROZOIC,4.948932396473576
21.4,79.5,SAUSAR,"SAUSAR Gp.(MANSAR, JUNEWANI, SITASAONGI, LOHANGI , BICHUA Fm.)",PALAEOPROTEROZOIC,4.696555379419306
21.4,79.515,SAUSAR,"SAUSAR Gp.(MANSAR, JUNEWANI, SITASAONGI, LOHANGI , BICHUA Fm.)",PALAEOPROTEROZOIC,4.704156603129994
21.4,79.53,SAUSAR,"SAUSAR Gp.(MANSAR, JUNEWANI, SITASAONGI, LOHANGI , BICHUA Fm.)",PALAEOPROTEROZOIC,4.5667049416937875
21.4,79.545,SAUSAR,"SAUSAR Gp.(MANSAR, JUNEWANI, SITASAONGI, LOHANGI , BICHUA Fm.)",PALAEOPROTEROZOIC,4.428229467079918
21.4,79.56,SAUSAR,"SAUSAR Gp.(MANSAR, JUNEWANI, SITASAONGI, LOHANGI , BICHUA Fm.)",PALAEOPROTEROZOIC,4.427290212524407
21.4,79.575,SAUSAR,"SAUSAR Gp.(MANSAR, JUNEWANI, SITASAONGI, LOHANGI , BICHUA Fm.)",PALAEOPROTEROZOIC,4.63333238011061
21.4,79.59,SAUSAR,"SAUSAR Gp.(MANSAR, JUNEWANI, SITASAONGI, LOHANGI , BICHUA Fm.)",PALAEOPROTEROZOIC,3.440090376940735
21.4,79.605,SAUSAR,"SAUSAR Gp.(MANSAR, JUNEWANI, SITASAONGI, LOHANGI , BICHUA Fm.)",PALAEOPROTEROZOIC,2.194756929823877
21.4,79.62,SAUSAR,"SAUSAR Gp.(MANSAR, JUNEWANI, SITASAONGI, LOHANGI , BICHUA Fm.)",PALAEOPROTEROZOIC,0.7552518342193716
21.4,79.635,TIRODI GNEISSIC COMPLEX,TIRODI GNEISSIC COMPLEX Gp.,ARCHAEAN,0.22464803911985265
21.4,79.65,TIRODI GNEISSIC COMPLEX,TIRODI GNEISSIC COMPLEX Gp.,ARCHAEAN,0.7607055901544975
21.4,79.665,TIRODI GNEISSIC COMPLEX,TIRODI GNEISSIC COMPLEX Gp.,ARCHAEAN,1.0561161968441166
21.4,79.68,TIRODI GNEISSIC COMPLEX,TIRODI GNEISSIC COMPLEX Gp.,ARCHAEAN,1.4690268057766662
21.4,79.695,TIRODI GNEISSIC COMPLEX,TIRODI GNEISSIC COMPLEX Gp.,ARCHAEAN,2.0527721730073405
21.4,79.71,TIRODI GNEISSIC COMPLEX,TIRODI GNEISSIC COMPLEX Gp.,ARCHAEAN,3.037657061765435
21.4,79.725,TIRODI GNEISSIC COMPLEX,TIRODI GNEISSIC COMPLEX Gp.,ARCHAEAN,2.2815980594981724
21.4,79.74,TIRODI GNEISSIC COMPLEX,TIRODI GNEISSIC COMPLEX Gp.,ARCHAEAN,1.3372469770036264
21.4,79.755,TIRODI GNEISSIC COMPLEX,TIRODI GNEISSIC COMPLEX Gp.,ARCHAEAN,1.0685309498374211
21.4,79.77,TIRODI GNEISSIC COMPLEX,TIRODI GNEISSIC COMPLEX Gp.,ARCHAEAN,1.5614785931926949
21.4,79.785,TIRODI GNEISSIC COMPLEX,TIRODI GNEISSIC COMPLEX Gp.,ARCHAEAN,2.122011715670909
21.4,79.8,AMGAON GNEISSIC COMPLEX,AMGAON GNEISSIC COMPLEX Gp.,ARCHAEAN,2.3128472412745276
21.4,79.815,AMGAON GNEISSIC COMPLEX,AMGAON GNEISSIC COMPLEX Gp.,ARCHAEAN,3.081171176554902
21.4,79.83,AMGAON GNEISSIC COMPLEX,AMGAON GNEISSIC COMPLEX Gp.,ARCHAEAN,4.21959051832447
21.4,79.845,AMGAON GNEISSIC COMPLEX,AMGAON GNEISSIC COMPLEX Gp.,ARCHAEAN,5.563300605067729
21.4,79.86,AMGAON GNEISSIC COMPLEX,AMGAON GNEISSIC COMPLEX Gp.,ARCHAEAN,6.991216111495852
21.4,79.875,AMGAON GNEISSIC COMPLEX,AMGAON GNEISSIC COMPLEX Gp.,ARCHAEAN,8.279341138619094
21.4,79.89,AMGAON GNEISSIC COMPLEX,AMGAON GNEISSIC COMPLEX Gp.,ARCHAEAN,9.506640531675005
21.4,79.905,AMGAON GNEISSIC COMPLEX,AMGAON GNEISSIC COMPLEX Gp.,ARCHAEAN,10.81845552120328
21.4,79.92,AMGAON GNEISSIC COMPLEX,AMGAON GNEISSIC COMPLEX Gp.,ARCHAEAN,12.18752586405188
21.4,79.935,AMGAON GNEISSIC COMPLEX,AMGAON GNEISSIC COMPLEX Gp.,ARCHAEAN,13.59656701768963
21.4,79.95,AMGAON GNEISSIC COMPLEX,AMGAON GNEISSIC COMPLEX Gp.,ARCHAEAN,15.034344807906646
21.4,79.965,AMGAON GNEISSIC COMPLEX,AMGAON GNEISSIC COMPLEX Gp.,ARCHAEAN,16.49334575204333
21.4,79.98,AMGAON GNEISSIC COMPLEX,AMGAON GNEISSIC COMPLEX Gp.,ARCHAEAN,17.626948352836525
21.4,79.995,AMGAON GNEISSIC COMPLEX,AMGAON GNEISSIC COMPLEX Gp.,ARCHAEAN,18.594536730403913
21.4,80.01,AMGAON GNEISSIC COMPLEX,AMGAON GNEISSIC COMPLEX Gp.,ARCHAEAN,19.576397060386142
21.4,80.025,AMGAON GNEISSIC COMPLEX,AMGAON GNEISSIC COMPLEX Gp.,ARCHAEAN,20.614502605163715
21.4,80.04,SAKOLI,SAKOLI Gp,PALAEOPROTEROZOIC,21.679784852161994
21.4,80.055,SAKOLI,SAKOLI Gp,PALAEOPROTEROZOIC,22.777433999565716
21.4,80.07,SAKOLI,SAKOLI Gp,PALAEOPROTEROZOIC,23.925801326809744
21.4,80.085,SAKOLI,SAKOLI Gp,PALAEOPROTEROZOIC,25.097471630691977
21.4,80.1,SAKOLI,SAKOLI Gp,PALAEOPROTEROZOIC,26.274951001456635
21.4,80.115,AMGAON GNEISSIC COMPLEX,AMGAON GNEISSIC COMPLEX Gp.,ARCHAEAN,27.1244077373005
21.4,80.13,AMGAON GNEISSIC COMPLEX,AMGAON GNEISSIC COMPLEX Gp.,ARCHAEAN,26.657559645115505
21.4,80.145,AMGAON GNEISSIC COMPLEX,AMGAON GNEISSIC COMPLEX Gp.,ARCHAEAN,26.274541261901536
21.4,80.16,AMGAON GNEISSIC COMPLEX,AMGAON GNEISSIC COMPLEX Gp.,ARCHAEAN,25.979060644502795
21.4,80.175,AMGAON GNEISSIC COMPLEX,AMGAON GNEISSIC COMPLEX Gp.,ARCHAEAN,25.724319840210363
21.4,80.19,AMGAON GNEISSIC COMPLEX,AMGAON GNEISSIC COMPLEX Gp.,ARCHAEAN,25.525234220770614
21.4,80.205,AMGAON GNEISSIC COMPLEX,AMGAON GNEISSIC COMPLEX Gp.,ARCHAEAN,25.411736917943497
21.4,80.22,AMGAON GNEISSIC COMPLEX,AMGAON GNEISSIC COMPLEX Gp.,ARCHAEAN,25.364262211868187
21.4,80.235,AMGAON GNEISSIC COMPLEX,AMGAON GNEISSIC COMPLEX Gp.,ARCHAEAN,25.411990537440165
21.4,80.25,AMGAON GNEISSIC COMPLEX,AMGAON GNEISSIC COMPLEX Gp.,ARCHAEAN,25.522808070913456
21.4,80.265,AMGAON GNEISSIC COMPLEX,AMGAON GNEISSIC COMPLEX Gp.,ARCHAEAN,25.713513776351352
21.4,80.28,AMGAON GNEISSIC COMPLEX,AMGAON GNEISSIC COMPLEX Gp.,ARCHAEAN,25.974568548875702
21.4,80.295,AMGAON GNEISSIC COMPLEX,AMGAON GNEISSIC COMPLEX Gp.,ARCHAEAN,26.325000912265647
21.4,80.31,,DONGARGARH GRANITE,PALAEOPROTEROZOIC,26.724527052890377
21.4,80.325,,DONGARGARH GRANITE,PALAEOPROTEROZOIC,27.153717171449053
21.4,80.34,,DONGARGARH GRANITE,PALAEOPROTEROZOIC,27.557465558797364
21.4,80.355,AMGAON GNEISSIC COMPLEX,AMGAON GNEISSIC COMPLEX Gp.,ARCHAEAN,27.970747440424592
21.4,80.37,AMGAON GNEISSIC COMPLEX,AMGAON GNEISSIC COMPLEX Gp.,ARCHAEAN,28.448395333805628
21.4,80.385,AMGAON GNEISSIC COMPLEX,AMGAON GNEISSIC COMPLEX Gp.,ARCHAEAN,28.84450397418456
21.4,80.4,AMGAON GNEISSIC COMPLEX,AMGAON GNEISSIC COMPLEX Gp.,ARCHAEAN,29.30882068993674
21.4,80.415,,DONGARGARH GRANITE,PALAEOPROTEROZOIC,29.74654763761982
21.4,80.43,,DONGARGARH GRANITE,PALAEOPROTEROZOIC,30.25651296971658
21.4,80.445,,DONGARGARH GRANITE,PALAEOPROTEROZOIC,30.836505946247318
21.4,80.46,AMGAON GNEISSIC COMPLEX,AMGAON GNEISSIC COMPLEX Gp.,ARCHAEAN,31.44873652362038
21.4,80.475,AMGAON GNEISSIC COMPLEX,AMGAON GNEISSIC COMPLEX Gp.,ARCHAEAN,32.11203451519822
21.4,80.49,AMGAON GNEISSIC COMPLEX,AMGAON GNEISSIC COMPLEX Gp.,ARCHAEAN,32.81093078799735
21.415,79.2,,ACID  INTRUSIVE / GRANITE / GRANODIORITE,PALAEOPROTEROZOIC,3.9745394506066156
21.415,79.215,,ACID  INTRUSIVE / GRANITE / GRANODIORITE,PALAEOPROTEROZOIC,4.341334357619946
21.415,79.23,,ACID  INTRUSIVE / GRANITE / GRANODIORITE,PALAEOPROTEROZOIC,3.22622803673735
21.415,79.245,,ACID  INTRUSIVE / GRANITE / GRANODIORITE,PALAEOPROTEROZOIC,1.7136670051721687
21.415,79.26,,ACID  INTRUSIVE / GRANITE / GRANODIORITE,PALAEOPROTEROZOIC,0.39789086484915503
21.415,79.275,SAUSAR,"SAUSAR Gp.(MANSAR, JUNEWANI, SITASAONGI, LOHANGI , BICHUA Fm.)",PALAEOPROTEROZOIC,0.6049635255171985
21.415,79.29,SAUSAR,"SAUSAR Gp.(MANSAR, JUNEWANI, SITASAONGI, LOHANGI , BICHUA Fm.)",PALAEOPROTEROZOIC,1.2099244961540925
21.415,79.305,SAUSAR,"SAUSAR Gp.(MANSAR, JUNEWANI, SITASAONGI, LOHANGI , BICHUA Fm.)",PALAEOPROTEROZOIC,2.1003792939500157
21.415,79.32,SAUSAR,"SAUSAR Gp.(MANSAR, JUNEWANI, SITASAONGI, LOHANGI , BICHUA Fm.)",PALAEOPROTEROZOIC,3.328158100618376
21.415,79.335,SAUSAR,"SAUSAR Gp.(MANSAR, JUNEWANI, SITASAONGI, LOHANGI , BICHUA Fm.)",PALAEOPROTEROZOIC,4.251030981639076
21.415,79.35,SAUSAR,"SAUSAR Gp.(MANSAR, JUNEWANI, SITASAONGI, LOHANGI , BICHUA Fm.)",PALAEOPROTEROZOIC,4.6656844950917895
21.415,79.365,SAUSAR,"SAUSAR Gp.(MANSAR, JUNEWANI, SITASAONGI, LOHANGI , BICHUA Fm.)",PALAEOPROTEROZOIC,5.243952178382397
21.415,79.38,SAUSAR,"SAUSAR Gp.(MANSAR, JUNEWANI, SITASAONGI, LOHANGI , BICHUA Fm.)",PALAEOPROTEROZOIC,6.09420325523506
21.415,79.395,SAUSAR,"SAUSAR Gp.(MANSAR, JUNEWANI, SITASAONGI, LOHANGI , BICHUA Fm.)",PALAEOPROTEROZOIC,6.118377755159221
21.415,79.41,SAUSAR,"SAUSAR Gp.(MANSAR, JUNEWANI, SITASAONGI, LOHANGI , BICHUA Fm.)",PALAEOPROTEROZOIC,6.3952565380887885
21.415,79.425,SAUSAR,"SAUSAR Gp.(MANSAR, JUNEWANI, SITASAONGI, LOHANGI , BICHUA Fm.)",PALAEOPROTEROZOIC,5.515955796397815
21.415,79.44,SAUSAR,"SAUSAR Gp.(MANSAR, JUNEWANI, SITASAONGI, LOHANGI , BICHUA Fm.)",PALAEOPROTEROZOIC,4.645194026110443
21.415,79.455,SAUSAR,"SAUSAR Gp.(MANSAR, JUNEWANI, SITASAONGI, LOHANGI , BICHUA Fm.)",PALAEOPROTEROZOIC,4.005636257633988
21.415,79.47,SAUSAR,"SAUSAR Gp.(MANSAR, JUNEWANI, SITASAONGI, LOHANGI , BICHUA Fm.)",PALAEOPROTEROZOIC,3.4915487561479845
21.415,79.485,SAUSAR,"SAUSAR Gp.(MANSAR, JUNEWANI, SITASAONGI, LOHANGI , BICHUA Fm.)",PALAEOPROTEROZOIC,3.2897024891531386
21.415,79.5,SAUSAR,"SAUSAR Gp.(MANSAR, JUNEWANI, SITASAONGI, LOHANGI , BICHUA Fm.)",PALAEOPROTEROZOIC,3.0578276244410167
21.415,79.515,SAUSAR,"SAUSAR Gp.(MANSAR, JUNEWANI, SITASAONGI, LOHANGI , BICHUA Fm.)",PALAEOPROTEROZOIC,3.083194781108471
21.415,79.53,SAUSAR,"SAUSAR Gp.(MANSAR, JUNEWANI, SITASAONGI, LOHANGI , BICHUA Fm.)",PALAEOPROTEROZOIC,3.80721936401951
21.415,79.545,SAUSAR,"SAUSAR Gp.(MANSAR, JUNEWANI, SITASAONGI, LOHANGI , BICHUA Fm.)",PALAEOPROTEROZOIC,4.585230228484428
21.415,79.56,SAUSAR,"SAUSAR Gp.(MANSAR, JUNEWANI, SITASAONGI, LOHANGI , BICHUA Fm.)",PALAEOPROTEROZOIC,4.810976852082449
21.415,79.575,SAUSAR,"SAUSAR Gp.(MANSAR, JUNEWANI, SITASAONGI, LOHANGI , BICHUA Fm.)",PALAEOPROTEROZOIC,5.416181658496273
21.415,79.59,SAUSAR,"SAUSAR Gp.(MANSAR, JUNEWANI, SITASAONGI, LOHANGI , BICHUA Fm.)",PALAEOPROTEROZOIC,4.280465535939658
21.415,79.605,SAUSAR,"SAUSAR Gp.(MANSAR, JUNEWANI, SITASAONGI, LOHANGI , BICHUA Fm.)",PALAEOPROTEROZOIC,3.023175992667626
21.415,79.62,SAUSAR,"SAUSAR Gp.(MANSAR, JUNEWANI, SITASAONGI, LOHANGI , BICHUA Fm.)",PALAEOPROTEROZOIC,1.9422523465445096
21.415,79.635,SAUSAR,"SAUSAR Gp.(MANSAR, JUNEWANI, SITASAONGI, LOHANGI , BICHUA Fm.)",PALAEOPROTEROZOIC,1.313426351194169
21.415,79.65,SAUSAR,"SAUSAR Gp.(MANSAR, JUNEWANI, SITASAONGI, LOHANGI , BICHUA Fm.)",PALAEOPROTEROZOIC,0.868849128442715
21.415,79.665,SAUSAR,"SAUSAR Gp.(MANSAR, JUNEWANI, SITASAONGI, LOHANGI , BICHUA Fm.)",PALAEOPROTEROZOIC,0.46450615009077334
21.415,79.68,SAUSAR,"SAUSAR Gp.(MANSAR, JUNEWANI, SITASAONGI, LOHANGI , BICHUA Fm.)",PALAEOPROTEROZOIC,0.11399202233467544
21.415,79.695,TIRODI GNEISSIC COMPLEX,TIRODI GNEISSIC COMPLEX Gp.,ARCHAEAN,0.7565958014832462
21.415,79.71,TIRODI GNEISSIC COMPLEX,TIRODI GNEISSIC COMPLEX Gp.,ARCHAEAN,1.9678206488399472
21.415,79.725,TIRODI GNEISSIC COMPLEX,TIRODI GNEISSIC COMPLEX Gp.,ARCHAEAN,1.427059494568654
21.415,79.74,TIRODI GNEISSIC COMPLEX,TIRODI GNEISSIC COMPLEX Gp.,ARCHAEAN,0.019176292127902988
21.415,79.755,SAUSAR,"SAUSAR Gp.(MANSAR, JUNEWANI, SITASAONGI, LOHANGI , BICHUA Fm.)",PALAEOPROTEROZOIC,0.5790722280700238
21.415,79.77,TIRODI GNEISSIC COMPLEX,TIRODI GNEISSIC COMPLEX Gp.,ARCHAEAN,0.07092594213279034
21.415,79.785,TIRODI GNEISSIC COMPLEX,TIRODI GNEISSIC COMPLEX Gp.,ARCHAEAN,0.45282737133284967
21.415,79.8,TIRODI GNEISSIC COMPLEX,TIRODI GNEISSIC COMPLEX Gp.,ARCHAEAN,0.8322501824614469
21.415,79.815,AMGAON GNEISSIC COMPLEX,AMGAON GNEISSIC COMPLEX Gp.,ARCHAEAN,2.041865275888778
21.415,79.83,AMGAON GNEISSIC COMPLEX,AMGAON GNEISSIC COMPLEX Gp.,ARCHAEAN,3.494941074474506
21.415,79.845,AMGAON GNEISSIC COMPLEX,AMGAON GNEISSIC COMPLEX Gp.,ARCHAEAN,4.900761279299672
21.415,79.86,AMGAON GNEISSIC COMPLEX,AMGAON GNEISSIC COMPLEX Gp.,ARCHAEAN,6.014616138192652
21.415,79.875,AMGAON GNEISSIC COMPLEX,AMGAON GNEISSIC COMPLEX Gp.,ARCHAEAN,7.291556926540635
21.415,79.89,AMGAON GNEISSIC COMPLEX,AMGAON GNEISSIC COMPLEX Gp.,ARCHAEAN,8.659737091055861
21.415,79.905,AMGAON GNEISSIC COMPLEX,AMGAON GNEISSIC COMPLEX Gp.,ARCHAEAN,10.082080118184203
21.415,79.92,AMGAON GNEISSIC COMPLEX,AMGAON GNEISSIC COMPLEX Gp.,ARCHAEAN,11.538573632941487
21.415,79.935,AMGAON GNEISSIC COMPLEX,AMGAON GNEISSIC COMPLEX Gp.,ARCHAEAN,13.017759884334573
21.415,79.95,AMGAON GNEISSIC COMPLEX,AMGAON GNEISSIC COMPLEX Gp.,ARCHAEAN,14.511929054572686
21.415,79.965,AMGAON GNEISSIC COMPLEX,AMGAON GNEISSIC COMPLEX Gp.,ARCHAEAN,15.361324204909396
21.415,79.98,AMGAON GNEISSIC COMPLEX,AMGAON GNEISSIC COMPLEX Gp.,ARCHAEAN,16.31494795338834
21.415,79.995,AMGAON GNEISSIC COMPLEX,AMGAON GNEISSIC COMPLEX Gp.,ARCHAEAN,17.297107057409534
21.415,80.01,AMGAON GNEISSIC COMPLEX,AMGAON GNEISSIC COMPLEX Gp.,ARCHAEAN,18.332231061827397
21.415,80.025,AMGAON GNEISSIC COMPLEX,AMGAON GNEISSIC COMPLEX Gp.,ARCHAEAN,19.39744320202281
21.415,80.04,AMGAON GNEISSIC COMPLEX,AMGAON GNEISSIC COMPLEX Gp.,ARCHAEAN,20.499174766700744
21.415,80.055,SAKOLI,SAKOLI Gp,PALAEOPROTEROZOIC,21.6565135330189
21.415,80.07,SAKOLI,SAKOLI Gp,PALAEOPROTEROZOIC,22.824712798521418
21.415,80.085,SAKOLI,SAKOLI Gp,PALAEOPROTEROZOIC,24.01274697833211
21.415,80.1,SAKOLI,SAKOLI Gp,PALAEOPROTEROZOIC,25.240633302392773
21.415,80.115,AMGAON GNEISSIC COMPLEX,AMGAON GNEISSIC COMPLEX Gp.,ARCHAEAN,25.55153409572892
21.415,80.13,AMGAON GNEISSIC COMPLEX,AMGAON GNEISSIC COMPLEX Gp.,ARCHAEAN,25.055499182834374
21.415,80.145,AMGAON GNEISSIC COMPLEX,AMGAON GNEISSIC COMPLEX Gp.,ARCHAEAN,24.64768210008562
21.415,80.16,AMGAON GNEISSIC COMPLEX,AMGAON GNEISSIC COMPLEX Gp.,ARCHAEAN,24.33251888857377
21.415,80.175,AMGAON GNEISSIC COMPLEX,AMGAON GNEISSIC COMPLEX Gp.,ARCHAEAN,24.076806116450296
21.415,80.19,AMGAON GNEISSIC COMPLEX,AMGAON GNEISSIC COMPLEX Gp.,ARCHAEAN,23.864023922439827
21.415,80.205,AMGAON GNEISSIC COMPLEX,AMGAON GNEISSIC COMPLEX Gp.,ARCHAEAN,23.74526522583803
21.415,80.22,AMGAON GNEISSIC COMPLEX,AMGAON GNEISSIC COMPLEX Gp.,ARCHAEAN,23.694462217817986
21.415,80.235,AMGAON GNEISSIC COMPLEX,AMGAON GNEISSIC COMPLEX Gp.,ARCHAEAN,23.745536588754238
21.415,80.25,AMGAON GNEISSIC COMPLEX,AMGAON GNEISSIC COMPLEX Gp.,ARCHAEAN,23.861507056568033
21.415,80.265,AMGAON GNEISSIC COMPLEX,AMGAON GNEISSIC COMPLEX Gp.,ARCHAEAN,24.060873259586966
21.415,80.28,AMGAON GNEISSIC COMPLEX,AMGAON GNEISSIC COMPLEX Gp.,ARCHAEAN,24.33960297554954
21.415,80.295,AMGAON GNEISSIC COMPLEX,AMGAON GNEISSIC COMPLEX Gp.,ARCHAEAN,24.713153844681646
21.415,80.31,AMGAON GNEISSIC COMPLEX,AMGAON GNEISSIC COMPLEX Gp.,ARCHAEAN,25.1228133873175
21.415,80.325,AMGAON GNEISSIC COMPLEX,AMGAON GNEISSIC COMPLEX Gp.,ARCHAEAN,25.545094006680333
21.415,80.34,,DONGARGARH GRANITE,PALAEOPROTEROZOIC,25.939224440647543
21.415,80.355,AMGAON GNEISSIC COMPLEX,AMGAON GNEISSIC COMPLEX Gp.,ARCHAEAN,26.37778342843407
21.415,80.37,AMGAON GNEISSIC COMPLEX,AMGAON GNEISSIC COMPLEX Gp.,ARCHAEAN,26.825628378331743
21.415,80.385,AMGAON GNEISSIC COMPLEX,AMGAON GNEISSIC COMPLEX Gp.,ARCHAEAN,27.24525449064511
21.415,80.4,AMGAON GNEISSIC COMPLEX,AMGAON GNEISSIC COMPLEX Gp.,ARCHAEAN,27.699288641445197
21.415,80.415,AMGAON GNEISSIC COMPLEX,AMGAON GNEISSIC COMPLEX Gp.,ARCHAEAN,28.16044641606399
21.415,80.43,AMGAON GNEISSIC COMPLEX,AMGAON GNEISSIC COMPLEX Gp.,ARCHAEAN,28.6985006997226
21.415,80.445,,DONGARGARH GRANITE,PALAEOPROTEROZOIC,29.296293781500584
21.415,80.46,AMGAON GNEISSIC COMPLEX,AMGAON GNEISSIC COMPLEX Gp.,ARCHAEAN,29.933683120291796
21.415,80.475,AMGAON GNEISSIC COMPLEX,AMGAON GNEISSIC COMPLEX Gp.,ARCHAEAN,30.613818621630543
21.415,80.49,AMGAON GNEISSIC COMPLEX,AMGAON GNEISSIC COMPLEX Gp.,ARCHAEAN,31.323455638768728
21.43,79.2,TIRODI GNEISSIC COMPLEX,TIRODI GNEISSIC COMPLEX Gp.,ARCHAEAN,2.7041538484407206
21.43,79.215,,ACID  INTRUSIVE / GRANITE / GRANODIORITE,PALAEOPROTEROZOIC,2.686360003354502
21.43,79.23,,ACID  INTRUSIVE / GRANITE / GRANODIORITE,PALAEOPROTEROZOIC,2.7698878298842344
21.43,79.245,,ACID  INTRUSIVE / GRANITE / GRANODIORITE,PALAEOPROTEROZOIC,2.609111440085332
21.43,79.26,,ACID  INTRUSIVE / GRANITE / GRANODIORITE,PALAEOPROTEROZOIC,1.656992131297739
21.43,79.275,,ACID  INTRUSIVE / GRANITE / GRANODIORITE,PALAEOPROTEROZOIC,0.8857420096365376
21.43,79.29,,ACID  INTRUSIVE / GRANITE / GRANODIORITE,PALAEOPROTEROZOIC,0.16793719686545971
21.43,79.305,SAUSAR,"SAUSAR Gp.(MANSAR, JUNEWANI, SITASAONGI, LOHANGI , BICHUA Fm.)",PALAEOPROTEROZOIC,1.1120095438925797
21.43,79.32,SAUSAR,"SAUSAR Gp.(MANSAR, JUNEWANI, SITASAONGI, LOHANGI , BICHUA Fm.)",PALAEOPROTEROZOIC,2.3840289643428916
21.43,79.335,SAUSAR,"SAUSAR Gp.(MANSAR, JUNEWANI, SITASAONGI, LOHANGI , BICHUA Fm.)",PALAEOPROTEROZOIC,2.6415107708970096
21.43,79.35,SAUSAR,"SAUSAR Gp.(MANSAR, JUNEWANI, SITASAONGI, LOHANGI , BICHUA Fm.)",PALAEOPROTEROZOIC,3.070143921193959
21.43,79.365,SAUSAR,"SAUSAR Gp.(MANSAR, JUNEWANI, SITASAONGI, LOHANGI , BICHUA Fm.)",PALAEOPROTEROZOIC,3.822740586071892
21.43,79.38,SAUSAR,"SAUSAR Gp.(MANSAR, JUNEWANI, SITASAONGI, LOHANGI , BICHUA Fm.)",PALAEOPROTEROZOIC,4.499087093591087
21.43,79.395,SAUSAR,"SAUSAR Gp.(MANSAR, JUNEWANI, SITASAONGI, LOHANGI , BICHUA Fm.)",PALAEOPROTEROZOIC,4.462421324644999
21.43,79.41,SAUSAR,"SAUSAR Gp.(MANSAR, JUNEWANI, SITASAONGI, LOHANGI , BICHUA Fm.)",PALAEOPROTEROZOIC,4.772379852550148
21.43,79.425,SAUSAR,"SAUSAR Gp.(MANSAR, JUNEWANI, SITASAONGI, LOHANGI , BICHUA Fm.)",PALAEOPROTEROZOIC,4.147406533028809
21.43,79.44,SAUSAR,"SAUSAR Gp.(MANSAR, JUNEWANI, SITASAONGI, LOHANGI , BICHUA Fm.)",PALAEOPROTEROZOIC,3.2667209717344634
21.43,79.455,SAUSAR,"SAUSAR Gp.(MANSAR, JUNEWANI, SITASAONGI, LOHANGI , BICHUA Fm.)",PALAEOPROTEROZOIC,2.455025914579503
21.43,79.47,SAUSAR,"SAUSAR Gp.(MANSAR, JUNEWANI, SITASAONGI, LOHANGI , BICHUA Fm.)",PALAEOPROTEROZOIC,1.8928138815444995
21.43,79.485,SAUSAR,"SAUSAR Gp.(MANSAR, JUNEWANI, SITASAONGI, LOHANGI , BICHUA Fm.)",PALAEOPROTEROZOIC,1.6304758791692877
21.43,79.5,SAUSAR,"SAUSAR Gp.(MANSAR, JUNEWANI, SITASAONGI, LOHANGI , BICHUA Fm.)",PALAEOPROTEROZOIC,1.4458804301896733
21.43,79.515,SAUSAR,"SAUSAR Gp.(MANSAR, JUNEWANI, SITASAONGI, LOHANGI , BICHUA Fm.)",PALAEOPROTEROZOIC,1.5411682019132436
21.43,79.53,SAUSAR,"SAUSAR Gp.(MANSAR, JUNEWANI, SITASAONGI, LOHANGI , BICHUA Fm.)",PALAEOPROTEROZOIC,2.600220843632668
21.43,79.545,SAUSAR,"SAUSAR Gp.(MANSAR, JUNEWANI, SITASAONGI, LOHANGI , BICHUA Fm.)",PALAEOPROTEROZOIC,2.919227934393392
21.43,79.56,SAUSAR,"SAUSAR Gp.(MANSAR, JUNEWANI, SITASAONGI, LOHANGI , BICHUA Fm.)",PALAEOPROTEROZOIC,3.2227700067477487
21.43,79.575,SAUSAR,"SAUSAR Gp.(MANSAR, JUNEWANI, SITASAONGI, LOHANGI , BICHUA Fm.)",PALAEOPROTEROZOIC,3.98568156541251
21.43,79.59,SAUSAR,"SAUSAR Gp.(MANSAR, JUNEWANI, SITASAONGI, LOHANGI , BICHUA Fm.)",PALAEOPROTEROZOIC,4.581557423202344
21.43,79.605,SAUSAR,"SAUSAR Gp.(MANSAR, JUNEWANI, SITASAONGI, LOHANGI , BICHUA Fm.)",PALAEOPROTEROZOIC,4.2010524885703955
21.43,79.62,SAUSAR,"SAUSAR Gp.(MANSAR, JUNEWANI, SITASAONGI, LOHANGI , BICHUA Fm.)",PALAEOPROTEROZOIC,3.461977542027331
21.43,79.635,SAUSAR,"SAUSAR Gp.(MANSAR, JUNEWANI, SITASAONGI, LOHANGI , BICHUA Fm.)",PALAEOPROTEROZOIC,2.901065510459529
21.43,79.65,SAUSAR,"SAUSAR Gp.(MANSAR, JUNEWANI, SITASAONGI, LOHANGI , BICHUA Fm.)",PALAEOPROTEROZOIC,2.5152862301329306
21.43,79.665,SAUSAR,"SAUSAR Gp.(MANSAR, JUNEWANI, SITASAONGI, LOHANGI , BICHUA Fm.)",PALAEOPROTEROZOIC,2.0337195841271165
21.43,79.68,SAUSAR,"SAUSAR Gp.(MANSAR, JUNEWANI, SITASAONGI, LOHANGI , BICHUA Fm.)",PALAEOPROTEROZOIC,1.5256846025019155
21.43,79.695,SAUSAR,"SAUSAR Gp.(MANSAR, JUNEWANI, SITASAONGI, LOHANGI , BICHUA Fm.)",PALAEOPROTEROZOIC,0.2729139014686066
21.43,79.71,TIRODI GNEISSIC COMPLEX,TIRODI GNEISSIC COMPLEX Gp.,ARCHAEAN,0.7957311572390673
21.43,79.725,TIRODI GNEISSIC COMPLEX,TIRODI GNEISSIC COMPLEX Gp.,ARCHAEAN,0.8737541290503514
21.43,79.74,SAUSAR,"SAUSAR Gp.(MANSAR, JUNEWANI, SITASAONGI, LOHANGI , BICHUA Fm.)",PALAEOPROTEROZOIC,0.5567754399479347
21.43,79.755,SAUSAR,"SAUSAR Gp.(MANSAR, JUNEWANI, SITASAONGI, LOHANGI , BICHUA Fm.)",PALAEOPROTEROZOIC,1.950828159000495
21.43,79.77,SAUSAR,"SAUSAR Gp.(MANSAR, JUNEWANI, SITASAONGI, LOHANGI , BICHUA Fm.)",PALAEOPROTEROZOIC,1.4940846689413827
21.43,79.785,SAUSAR,"SAUSAR Gp.(MANSAR, JUNEWANI, SITASAONGI, LOHANGI , BICHUA Fm.)",PALAEOPROTEROZOIC,0.6673725191146718
21.43,79.8,TIRODI GNEISSIC COMPLEX,TIRODI GNEISSIC COMPLEX Gp.,ARCHAEAN,0.5214399315161122
21.43,79.815,AMGAON GNEISSIC COMPLEX,AMGAON GNEISSIC COMPLEX Gp.,ARCHAEAN,1.8599355203789492
21.43,79.83,AMGAON GNEISSIC COMPLEX,AMGAON GNEISSIC COMPLEX Gp.,ARCHAEAN,2.6259528696368766
21.43,79.845,AMGAON GNEISSIC COMPLEX,AMGAON GNEISSIC COMPLEX Gp.,ARCHAEAN,3.770838239957436
21.43,79.86,AMGAON GNEISSIC COMPLEX,AMGAON GNEISSIC COMPLEX Gp.,ARCHAEAN,5.135646967314589
21.43,79.875,AMGAON GNEISSIC COMPLEX,AMGAON GNEISSIC COMPLEX Gp.,ARCHAEAN,6.585026552447668
21.43,79.89,AMGAON GNEISSIC COMPLEX,AMGAON GNEISSIC COMPLEX Gp.,ARCHAEAN,8.073557815646408
21.43,79.905,AMGAON GNEISSIC COMPLEX,AMGAON GNEISSIC COMPLEX Gp.,ARCHAEAN,9.583013779146969
21.43,79.92,AMGAON GNEISSIC COMPLEX,AMGAON GNEISSIC COMPLEX Gp.,ARCHAEAN,11.10486499524633
21.43,79.935,AMGAON GNEISSIC COMPLEX,AMGAON GNEISSIC COMPLEX Gp.,ARCHAEAN,12.29289403275372
21.43,79.95,AMGAON GNEISSIC COMPLEX,AMGAON GNEISSIC COMPLEX Gp.,ARCHAEAN,13.101609511450103
21.43,79.965,AMGAON GNEISSIC COMPLEX,AMGAON GNEISSIC COMPLEX Gp.,ARCHAEAN,14.03642248092863
21.43,79.98,AMGAON GNEISSIC COMPLEX,AMGAON GNEISSIC COMPLEX Gp.,ARCHAEAN,15.018926609638786
21.43,79.995,AMGAON GNEISSIC COMPLEX,AMGAON GNEISSIC COMPLEX Gp.,ARCHAEAN,16.05021207670528
21.43,80.01,AMGAON GNEISSIC COMPLEX,AMGAON GNEISSIC COMPLEX Gp.,ARCHAEAN,17.11534652626198
21.43,80.025,AMGAON GNEISSIC COMPLEX,AMGAON GNEISSIC COMPLEX Gp.,ARCHAEAN,18.222221733405327
21.43,80.04,AMGAON GNEISSIC COMPLEX,AMGAON GNEISSIC COMPLEX Gp.,ARCHAEAN,19.390608532775396
21.43,80.055,AMGAON GNEISSIC COMPLEX,AMGAON GNEISSIC COMPLEX Gp.,ARCHAEAN,20.554398224019817
21.43,80.07,SAKOLI,SAKOLI Gp,PALAEOPROTEROZOIC,21.755098326984733
21.43,80.085,SAKOLI,SAKOLI Gp,PALAEOPROTEROZOIC,22.99820376169834
21.43,80.1,SAKOLI,SAKOLI Gp,PALAEOPROTEROZOIC,24.27720135219479
21.43,80.115,SAKOLI,SAKOLI Gp,PALAEOPROTEROZOIC,23.99176419489225
21.43,80.13,AMGAON GNEISSIC COMPLEX,AMGAON GNEISSIC COMPLEX Gp.,ARCHAEAN,23.462886656870044
21.43,80.145,AMGAON GNEISSIC COMPLEX,AMGAON GNEISSIC COMPLEX Gp.,ARCHAEAN,23.026971306394984
21.43,80.16,AMGAON GNEISSIC COMPLEX,AMGAON GNEISSIC COMPLEX Gp.,ARCHAEAN,22.689376831471957
21.43,80.175,AMGAON GNEISSIC COMPLEX,AMGAON GNEISSIC COMPLEX Gp.,ARCHAEAN,22.432588269444874
21.43,80.19,AMGAON GNEISSIC COMPLEX,AMGAON GNEISSIC COMPLEX Gp.,ARCHAEAN,22.204102253169278
21.43,80.205,AMGAON GNEISSIC COMPLEX,AMGAON GNEISSIC COMPLEX Gp.,ARCHAEAN,22.079296454019122
21.43,80.22,AMGAON GNEISSIC COMPLEX,AMGAON GNEISSIC COMPLEX Gp.,ARCHAEAN,22.024662224669957
21.43,80.235,AMGAON GNEISSIC COMPLEX,AMGAON GNEISSIC COMPLEX Gp.,ARCHAEAN,22.078829309205364
21.43,80.25,AMGAON GNEISSIC COMPLEX,AMGAON GNEISSIC COMPLEX Gp.,ARCHAEAN,22.201481246917883
21.43,80.265,AMGAON GNEISSIC COMPLEX,AMGAON GNEISSIC COMPLEX Gp.,ARCHAEAN,22.4107767805932
21.43,80.28,AMGAON GNEISSIC COMPLEX,AMGAON GNEISSIC COMPLEX Gp.,ARCHAEAN,22.70970708217242
21.43,80.295,AMGAON GNEISSIC COMPLEX,AMGAON GNEISSIC COMPLEX Gp.,ARCHAEAN,23.093419071015987
21.43,80.31,AMGAON GNEISSIC COMPLEX,AMGAON GNEISSIC COMPLEX Gp.,ARCHAEAN,23.51919547743434
21.43,80.325,AMGAON GNEISSIC COMPLEX,AMGAON GNEISSIC COMPLEX Gp.,ARCHAEAN,23.944848249020755
21.43,80.34,AMGAON GNEISSIC COMPLEX,AMGAON GNEISSIC COMPLEX Gp.,ARCHAEAN,24.327952650474327
21.43,80.355,AMGAON GNEISSIC COMPLEX,AMGAON GNEISSIC COMPLEX Gp.,ARCHAEAN,24.791197489561384
21.43,80.37,AMGAON GNEISSIC COMPLEX,AMGAON GNEISSIC COMPLEX Gp.,ARCHAEAN,25.20900509469373
21.43,80.385,AMGAON GNEISSIC COMPLEX,AMGAON GNEISSIC COMPLEX Gp.,ARCHAEAN,25.654996229185816
21.43,80.4,AMGAON GNEISSIC COMPLEX,AMGAON GNEISSIC COMPLEX Gp.,ARCHAEAN,26.095708138321633
21.43,80.415,AMGAON GNEISSIC COMPLEX,AMGAON GNEISSIC COMPLEX Gp.,ARCHAEAN,26.58459785100727
21.43,80.43,AMGAON GNEISSIC COMPLEX,AMGAON GNEISSIC COMPLEX Gp.,ARCHAEAN,27.153779824210215
21.43,80.445,AMGAON GNEISSIC COMPLEX,AMGAON GNEISSIC COMPLEX Gp.,ARCHAEAN,27.764354577421773
21.43,80.46,AMGAON GNEISSIC COMPLEX,AMGAON GNEISSIC COMPLEX Gp.,ARCHAEAN,28.427443611924723
21.43,80.475,AMGAON GNEISSIC COMPLEX,AMGAON GNEISSIC COMPLEX Gp.,ARCHAEAN,29.127604073797972
21.43,80.49,AMGAON GNEISSIC COMPLEX,AMGAON GNEISSIC COMPLEX Gp.,ARCHAEAN,29.842185755249407
21.445,79.2,TIRODI GNEISSIC COMPLEX,TIRODI GNEISSIC COMPLEX Gp.,ARCHAEAN,1.2023502306535152
21.445,79.215,TIRODI GNEISSIC COMPLEX,TIRODI GNEISSIC COMPLEX Gp.,ARCHAEAN,1.0737855270690306
21.445,79.23,TIRODI GNEISSIC COMPLEX,TIRODI GNEISSIC COMPLEX Gp.,ARCHAEAN,1.2052310218648477
21.445,79.245,,ACID  INTRUSIVE / GRANITE / GRANODIORITE,PALAEOPROTEROZOIC,2.0061369582773367
21.445,79.26,,ACID  INTRUSIVE / GRANITE / GRANODIORITE,PALAEOPROTEROZOIC,1.4304100370722912
21.445,79.275,,ACID  INTRUSIVE / GRANITE / GRANODIORITE,PALAEOPROTEROZOIC,1.4234723429674887
21.445,79.29,,ACID  INTRUSIVE / GRANITE / GRANODIORITE,PALAEOPROTEROZOIC,1.1048974391697488
21.445,79.305,SAUSAR,"SAUSAR Gp.(MANSAR, JUNEWANI, SITASAONGI, LOHANGI , BICHUA Fm.)",PALAEOPROTEROZOIC,0.3886408795697482
21.445,79.32,SAUSAR,"SAUSAR Gp.(MANSAR, JUNEWANI, SITASAONGI, LOHANGI , BICHUA Fm.)",PALAEOPROTEROZOIC,0.7841844852218063
21.445,79.335,SAUSAR,"SAUSAR Gp.(MANSAR, JUNEWANI, SITASAONGI, LOHANGI , BICHUA Fm.)",PALAEOPROTEROZOIC,1.0359228395748017
21.445,79.35,SAUSAR,"SAUSAR Gp.(MANSAR, JUNEWANI, SITASAONGI, LOHANGI , BICHUA Fm.)",PALAEOPROTEROZOIC,1.575851528592899
21.445,79.365,SAUSAR,"SAUSAR Gp.(MANSAR, JUNEWANI, SITASAONGI, LOHANGI , BICHUA Fm.)",PALAEOPROTEROZOIC,2.6629886975026653
21.445,79.38,SAUSAR,"SAUSAR Gp.(MANSAR, JUNEWANI, SITASAONGI, LOHANGI , BICHUA Fm.)",PALAEOPROTEROZOIC,2.8804233856854067
21.445,79.395,SAUSAR,"SAUSAR Gp.(MANSAR, JUNEWANI, SITASAONGI, LOHANGI , BICHUA Fm.)",PALAEOPROTEROZOIC,2.822822316438105
21.445,79.41,SAUSAR,"SAUSAR Gp.(MANSAR, JUNEWANI, SITASAONGI, LOHANGI , BICHUA Fm.)",PALAEOPROTEROZOIC,3.125096825895815
21.445,79.425,SAUSAR,"SAUSAR Gp.(MANSAR, JUNEWANI, SITASAONGI, LOHANGI , BICHUA Fm.)",PALAEOPROTEROZOIC,2.83593054695424
21.445,79.44,SAUSAR,"SAUSAR Gp.(MANSAR, JUNEWANI, SITASAONGI, LOHANGI , BICHUA Fm.)",PALAEOPROTEROZOIC,1.8863061968734827
21.445,79.455,SAUSAR,"SAUSAR Gp.(MANSAR, JUNEWANI, SITASAONGI, LOHANGI , BICHUA Fm.)",PALAEOPROTEROZOIC,1.00623020600346
21.445,79.47,SAUSAR,"SAUSAR Gp.(MANSAR, JUNEWANI, SITASAONGI, LOHANGI , BICHUA Fm.)",PALAEOPROTEROZOIC,0.32243683415772745
21.445,79.485,TIRODI GNEISSIC COMPLEX,TIRODI GNEISSIC COMPLEX Gp.,ARCHAEAN,0.028747430676999187
21.445,79.5,TIRODI GNEISSIC COMPLEX,TIRODI GNEISSIC COMPLEX Gp.,ARCHAEAN,0.20497956969158704
21.445,79.515,SAUSAR,"SAUSAR Gp.(MANSAR, JUNEWANI, SITASAONGI, LOHANGI , BICHUA Fm.)",PALAEOPROTEROZOIC,0.3963287782618216
21.445,79.53,SAUSAR,"SAUSAR Gp.(MANSAR, JUNEWANI, SITASAONGI, LOHANGI , BICHUA Fm.)",PALAEOPROTEROZOIC,1.1301219122350146
21.445,79.545,SAUSAR,"SAUSAR Gp.(MANSAR, JUNEWANI, SITASAONGI, LOHANGI , BICHUA Fm.)",PALAEOPROTEROZOIC,1.2606919811625734
21.445,79.56,SAUSAR,"SAUSAR Gp.(MANSAR, JUNEWANI, SITASAONGI, LOHANGI , BICHUA Fm.)",PALAEOPROTEROZOIC,1.782385655100233
21.445,79.575,SAUSAR,"SAUSAR Gp.(MANSAR, JUNEWANI, SITASAONGI, LOHANGI , BICHUA Fm.)",PALAEOPROTEROZOIC,2.4173544069056403
21.445,79.59,SAUSAR,"SAUSAR Gp.(MANSAR, JUNEWANI, SITASAONGI, LOHANGI , BICHUA Fm.)",PALAEOPROTEROZOIC,3.2170042735648963
21.445,79.605,SAUSAR,"SAUSAR Gp.(MANSAR, JUNEWANI, SITASAONGI, LOHANGI , BICHUA Fm.)",PALAEOPROTEROZOIC,4.094912430556362
21.445,79.62,SAUSAR,"SAUSAR Gp.(MANSAR, JUNEWANI, SITASAONGI, LOHANGI , BICHUA Fm.)",PALAEOPROTEROZOIC,4.743057114489539
21.445,79.635,SAUSAR,"SAUSAR Gp.(MANSAR, JUNEWANI, SITASAONGI, LOHANGI , BICHUA Fm.)",PALAEOPROTEROZOIC,4.484609585178891
21.445,79.65,SAUSAR,"SAUSAR Gp.(MANSAR, JUNEWANI, SITASAONGI, LOHANGI , BICHUA Fm.)",PALAEOPROTEROZOIC,4.1447082739382
21.445,79.665,SAUSAR,"SAUSAR Gp.(MANSAR, JUNEWANI, SITASAONGI, LOHANGI , BICHUA Fm.)",PALAEOPROTEROZOIC,3.6725152296957932
21.445,79.68,SAUSAR,"SAUSAR Gp.(MANSAR, JUNEWANI, SITASAONGI, LOHANGI , BICHUA Fm.)",PALAEOPROTEROZOIC,2.5054823482358595
21.445,79.695,SAUSAR,"SAUSAR Gp.(MANSAR, JUNEWANI, SITASAONGI, LOHANGI , BICHUA Fm.)",PALAEOPROTEROZOIC,1.4280302190459835
21.445,79.71,SAUSAR,"SAUSAR Gp.(MANSAR, JUNEWANI, SITASAONGI, LOHANGI , BICHUA Fm.)",PALAEOPROTEROZOIC,0.7872980139005665
21.445,79.725,SAUSAR,"SAUSAR Gp.(MANSAR, JUNEWANI, SITASAONGI, LOHANGI , BICHUA Fm.)",PALAEOPROTEROZOIC,0.5387948725274921
21.445,79.74,SAUSAR,"SAUSAR Gp.(MANSAR, JUNEWANI, SITASAONGI, LOHANGI , BICHUA Fm.)",PALAEOPROTEROZOIC,1.2110490955195714
21.445,79.755,SAUSAR,"SAUSAR Gp.(MANSAR, JUNEWANI, SITASAONGI, LOHANGI , BICHUA Fm.)",PALAEOPROTEROZOIC,2.571715050864358
21.445,79.77,SAUSAR,"SAUSAR Gp.(MANSAR, JUNEWANI, SITASAONGI, LOHANGI , BICHUA Fm.)",PALAEOPROTEROZOIC,1.628313269889384
21.445,79.785,SAUSAR,"SAUSAR Gp.(MANSAR, JUNEWANI, SITASAONGI, LOHANGI , BICHUA Fm.)",PALAEOPROTEROZOIC,0.18872345644933677
21.445,79.8,SAUSAR,"SAUSAR Gp.(MANSAR, JUNEWANI, SITASAONGI, LOHANGI , BICHUA Fm.)",PALAEOPROTEROZOIC,0.2844615574301997
21.445,79.815,TIRODI GNEISSIC COMPLEX,TIRODI GNEISSIC COMPLEX Gp.,ARCHAEAN,0.3573328892367175
21.445,79.83,AMGAON GNEISSIC COMPLEX,AMGAON GNEISSIC COMPLEX Gp.,ARCHAEAN,1.6356518102922253
21.445,79.845,AMGAON GNEISSIC COMPLEX,AMGAON GNEISSIC COMPLEX Gp.,ARCHAEAN,3.161873477692579
21.445,79.86,AMGAON GNEISSIC COMPLEX,AMGAON GNEISSIC COMPLEX Gp.,ARCHAEAN,4.706441733216803
21.445,79.875,AMGAON GNEISSIC COMPLEX,AMGAON GNEISSIC COMPLEX Gp.,ARCHAEAN,6.255781848993721
21.445,79.89,AMGAON GNEISSIC COMPLEX,AMGAON GNEISSIC COMPLEX Gp.,ARCHAEAN,7.807053359049068
21.445,79.905,AMGAON GNEISSIC COMPLEX,AMGAON GNEISSIC COMPLEX Gp.,ARCHAEAN,9.330526459478447
21.445,79.92,AMGAON GNEISSIC COMPLEX,AMGAON GNEISSIC COMPLEX Gp.,ARCHAEAN,10.0649290182735
21.445,79.935,AMGAON GNEISSIC COMPLEX,AMGAON GNEISSIC COMPLEX Gp.,ARCHAEAN,10.851359829501346
21.445,79.95,AMGAON GNEISSIC COMPLEX,AMGAON GNEISSIC COMPLEX Gp.,ARCHAEAN,11.759452217451793
21.445,79.965,AMGAON GNEISSIC COMPLEX,AMGAON GNEISSIC COMPLEX Gp.,ARCHAEAN,12.74233442386802
21.445,79.98,AMGAON GNEISSIC COMPLEX,AMGAON GNEISSIC COMPLEX Gp.,ARCHAEAN,13.768463538234675
21.445,79.995,AMGAON GNEISSIC COMPLEX,AMGAON GNEISSIC COMPLEX Gp.,ARCHAEAN,14.833507958950781
21.445,80.01,AMGAON GNEISSIC COMPLEX,AMGAON GNEISSIC COMPLEX Gp.,ARCHAEAN,15.947041511279979
21.445,80.025,AMGAON GNEISSIC COMPLEX,AMGAON GNEISSIC COMPLEX Gp.,ARCHAEAN,17.1259741248035
21.445,80.04,AMGAON GNEISSIC COMPLEX,AMGAON GNEISSIC COMPLEX Gp.,ARCHAEAN,18.28735731846021
21.445,80.055,AMGAON GNEISSIC COMPLEX,AMGAON GNEISSIC COMPLEX Gp.,ARCHAEAN,19.50351118433414
21.445,80.07,AMGAON GNEISSIC COMPLEX,AMGAON GNEISSIC COMPLEX Gp.,ARCHAEAN,20.764814523530152
21.445,80.085,AMGAON GNEISSIC COMPLEX,AMGAON GNEISSIC COMPLEX Gp.,ARCHAEAN,22.06352552813403
21.445,80.1,SAKOLI,SAKOLI Gp,PALAEOPROTEROZOIC,23.104732440319346
21.445,80.115,AMGAON GNEISSIC COMPLEX,AMGAON GNEISSIC COMPLEX Gp.,ARCHAEAN,22.44782971064439
21.445,80.13,AMGAON GNEISSIC COMPLEX,AMGAON GNEISSIC COMPLEX Gp.,ARCHAEAN,21.881785099763643
21.445,80.145,AMGAON GNEISSIC COMPLEX,AMGAON GNEISSIC COMPLEX Gp.,ARCHAEAN,21.413804950106208
21.445,80.16,AMGAON GNEISSIC COMPLEX,AMGAON GNEISSIC COMPLEX Gp.,ARCHAEAN,21.05043060331435
21.445,80.175,AMGAON GNEISSIC COMPLEX,AMGAON GNEISSIC COMPLEX Gp.,ARCHAEAN,20.792448204438564
21.445,80.19,AMGAON GNEISSIC COMPLEX,AMGAON GNEISSIC COMPLEX Gp.,ARCHAEAN,20.545781545631268
21.445,80.205,AMGAON GNEISSIC COMPLEX,AMGAON GNEISSIC COMPLEX Gp.,ARCHAEAN,20.41282790377073
21.445,80.22,AMGAON GNEISSIC COMPLEX,AMGAON GNEISSIC COMPLEX Gp.,ARCHAEAN,20.35486223264612
21.445,80.235,AMGAON GNEISSIC COMPLEX,AMGAON GNEISSIC COMPLEX Gp.,ARCHAEAN,20.411888817608354
21.445,80.25,AMGAON GNEISSIC COMPLEX,AMGAON GNEISSIC COMPLEX Gp.,ARCHAEAN,20.54303978151325
21.445,80.265,AMGAON GNEISSIC COMPLEX,AMGAON GNEISSIC COMPLEX Gp.,ARCHAEAN,20.76383087039407
21.445,80.28,AMGAON GNEISSIC COMPLEX,AMGAON GNEISSIC COMPLEX Gp.,ARCHAEAN,21.086056519742957
21.445,80.295,AMGAON GNEISSIC COMPLEX,AMGAON GNEISSIC COMPLEX Gp.,ARCHAEAN,21.48065446451074
21.445,80.31,AMGAON GNEISSIC COMPLEX,AMGAON GNEISSIC COMPLEX Gp.,ARCHAEAN,21.91271597978372
21.445,80.325,AMGAON GNEISSIC COMPLEX,AMGAON GNEISSIC COMPLEX Gp.,ARCHAEAN,22.32326258114595
21.445,80.34,AMGAON GNEISSIC COMPLEX,AMGAON GNEISSIC COMPLEX Gp.,ARCHAEAN,22.72513266784289
21.445,80.355,AMGAON GNEISSIC COMPLEX,AMGAON GNEISSIC COMPLEX Gp.,ARCHAEAN,23.204378735298533
21.445,80.37,AMGAON GNEISSIC COMPLEX,AMGAON GNEISSIC COMPLEX Gp.,ARCHAEAN,23.599788070800553
21.445,80.385,AMGAON GNEISSIC COMPLEX,AMGAON GNEISSIC COMPLEX Gp.,ARCHAEAN,24.06328491982663
21.445,80.4,AMGAON GNEISSIC COMPLEX,AMGAON GNEISSIC COMPLEX Gp.,ARCHAEAN,24.50097615979704
21.445,80.415,AMGAON GNEISSIC COMPLEX,AMGAON GNEISSIC COMPLEX Gp.,ARCHAEAN,25.02093919110787
21.445,80.43,AMGAON GNEISSIC COMPLEX,AMGAON GNEISSIC COMPLEX Gp.,ARCHAEAN,25.61476939318178
21.445,80.445,AMGAON GNEISSIC COMPLEX,AMGAON GNEISSIC COMPLEX Gp.,ARCHAEAN,26.24923598837373
21.445,80.46,AMGAON GNEISSIC COMPLEX,AMGAON GNEISSIC COMPLEX Gp.,ARCHAEAN,26.931467237931056
21.445,80.475,AMGAON GNEISSIC COMPLEX,AMGAON GNEISSIC COMPLEX Gp.,ARCHAEAN,27.640816483356744
21.445,80.49,AMGAON GNEISSIC COMPLEX,AMGAON GNEISSIC COMPLEX Gp.,ARCHAEAN,28.38185457403009
21.46,79.2,SAUSAR,"SAUSAR Gp.(MANSAR, JUNEWANI, SITASAONGI, LOHANGI , BICHUA Fm.)",PALAEOPROTEROZOIC,0.11561301577152933
21.46,79.215,SAUSAR,"SAUSAR Gp.(MANSAR, JUNEWANI, SITASAONGI, LOHANGI , BICHUA Fm.)",PALAEOPROTEROZOIC,0.08500815825973322
21.46,79.23,SAUSAR,"SAUSAR Gp.(MANSAR, JUNEWANI, SITASAONGI, LOHANGI , BICHUA Fm.)",PALAEOPROTEROZOIC,0.04287258270234812
21.46,79.245,TIRODI GNEISSIC COMPLEX,TIRODI GNEISSIC COMPLEX Gp.,ARCHAEAN,0.7131122856982076
21.46,79.26,,ACID  INTRUSIVE / GRANITE / GRANODIORITE,PALAEOPROTEROZOIC,0.19769658973173976
21.46,79.275,SAUSAR,"SAUSAR Gp.(MANSAR, JUNEWANI, SITASAONGI, LOHANGI , BICHUA Fm.)",PALAEOPROTEROZOIC,0.23780158679877142
21.46,79.29,SAUSAR,"SAUSAR Gp.(MANSAR, JUNEWANI, SITASAONGI, LOHANGI , BICHUA Fm.)",PALAEOPROTEROZOIC,0.2985266639946709
21.46,79.305,SAUSAR,"SAUSAR Gp.(MANSAR, JUNEWANI, SITASAONGI, LOHANGI , BICHUA Fm.)",PALAEOPROTEROZOIC,0.7593000735277727
21.46,79.32,TIRODI GNEISSIC COMPLEX,TIRODI GNEISSIC COMPLEX Gp.,ARCHAEAN,0.08860217182715059
21.46,79.335,TIRODI GNEISSIC COMPLEX,TIRODI GNEISSIC COMPLEX Gp.,ARCHAEAN,0.5445795621973666
21.46,79.35,SAUSAR,"SAUSAR Gp.(MANSAR, JUNEWANI, SITASAONGI, LOHANGI , BICHUA Fm.)",PALAEOPROTEROZOIC,0.5471419634374715
21.46,79.365,SAUSAR,"SAUSAR Gp.(MANSAR, JUNEWANI, SITASAONGI, LOHANGI , BICHUA Fm.)",PALAEOPROTEROZOIC,1.016578066606453
21.46,79.38,SAUSAR,"SAUSAR Gp.(MANSAR, JUNEWANI, SITASAONGI, LOHANGI , BICHUA Fm.)",PALAEOPROTEROZOIC,1.337924541100078
21.46,79.395,SAUSAR,"SAUSAR Gp.(MANSAR, JUNEWANI, SITASAONGI, LOHANGI , BICHUA Fm.)",PALAEOPROTEROZOIC,1.2648761241545698
21.46,79.41,SAUSAR,"SAUSAR Gp.(MANSAR, JUNEWANI, SITASAONGI, LOHANGI , BICHUA Fm.)",PALAEOPROTEROZOIC,1.5275192041828698
21.46,79.425,SAUSAR,"SAUSAR Gp.(MANSAR, JUNEWANI, SITASAONGI, LOHANGI , BICHUA Fm.)",PALAEOPROTEROZOIC,1.4199984615332168
21.46,79.44,SAUSAR,"SAUSAR Gp.(MANSAR, JUNEWANI, SITASAONGI, LOHANGI , BICHUA Fm.)",PALAEOPROTEROZOIC,0.558284705014376
21.46,79.455,TIRODI GNEISSIC COMPLEX,TIRODI GNEISSIC COMPLEX Gp.,ARCHAEAN,0.37467272115727135
21.46,79.47,TIRODI GNEISSIC COMPLEX,TIRODI GNEISSIC COMPLEX Gp.,ARCHAEAN,1.2264109033639525
21.46,79.485,TIRODI GNEISSIC COMPLEX,TIRODI GNEISSIC COMPLEX Gp.,ARCHAEAN,1.687967437587579
21.46,79.5,TIRODI GNEISSIC COMPLEX,TIRODI GNEISSIC COMPLEX Gp.,ARCHAEAN,1.411303655109182
21.46,79.515,TIRODI GNEISSIC COMPLEX,TIRODI GNEISSIC COMPLEX Gp.,ARCHAEAN,0.5978073235646686
21.46,79.53,TIRODI GNEISSIC COMPLEX,TIRODI GNEISSIC COMPLEX Gp.,ARCHAEAN,0.517012008420455
21.46,79.545,TIRODI GNEISSIC COMPLEX,TIRODI GNEISSIC COMPLEX Gp.,ARCHAEAN,0.39526150388075887
21.46,79.56,SAUSAR,"SAUSAR Gp.(MANSAR, JUNEWANI, SITASAONGI, LOHANGI , BICHUA Fm.)",PALAEOPROTEROZOIC,0.36937796549261437
21.46,79.575,SAUSAR,"SAUSAR Gp.(MANSAR, JUNEWANI, SITASAONGI, LOHANGI , BICHUA Fm.)",PALAEOPROTEROZOIC,0.9435239323828757
21.46,79.59,SAUSAR,"SAUSAR Gp.(MANSAR, JUNEWANI, SITASAONGI, LOHANGI , BICHUA Fm.)",PALAEOPROTEROZOIC,1.8644091190462844
21.46,79.605,SAUSAR,"SAUSAR Gp.(MANSAR, JUNEWANI, SITASAONGI, LOHANGI , BICHUA Fm.)",PALAEOPROTEROZOIC,2.5902314438857448
21.46,79.62,SAUSAR,"SAUSAR Gp.(MANSAR, JUNEWANI, SITASAONGI, LOHANGI , BICHUA Fm.)",PALAEOPROTEROZOIC,3.3236557853966455
21.46,79.635,SAUSAR,"SAUSAR Gp.(MANSAR, JUNEWANI, SITASAONGI, LOHANGI , BICHUA Fm.)",PALAEOPROTEROZOIC,4.35596602906102
21.46,79.65,SAUSAR,"SAUSAR Gp.(MANSAR, JUNEWANI, SITASAONGI, LOHANGI , BICHUA Fm.)",PALAEOPROTEROZOIC,5.633139557993652
21.46,79.665,SAUSAR,"SAUSAR Gp.(MANSAR, JUNEWANI, SITASAONGI, LOHANGI , BICHUA Fm.)",PALAEOPROTEROZOIC,4.762907869276731
21.46,79.68,SAUSAR,"SAUSAR Gp.(MANSAR, JUNEWANI, SITASAONGI, LOHANGI , BICHUA Fm.)",PALAEOPROTEROZOIC,3.679308918239261
21.46,79.695,SAUSAR,"SAUSAR Gp.(MANSAR, JUNEWANI, SITASAONGI, LOHANGI , BICHUA Fm.)",PALAEOPROTEROZOIC,2.8840665372900944
21.46,79.71,SAUSAR,"SAUSAR Gp.(MANSAR, JUNEWANI, SITASAONGI, LOHANGI , BICHUA Fm.)",PALAEOPROTEROZOIC,2.422803959006027
21.46,79.725,SAUSAR,"SAUSAR Gp.(MANSAR, JUNEWANI, SITASAONGI, LOHANGI , BICHUA Fm.)",PALAEOPROTEROZOIC,2.2085257428572542
21.46,79.74,SAUSAR,"SAUSAR Gp.(MANSAR, JUNEWANI, SITASAONGI, LOHANGI , BICHUA Fm.)",PALAEOPROTEROZOIC,2.539304804416025
21.46,79.755,SAUSAR,"SAUSAR Gp.(MANSAR, JUNEWANI, SITASAONGI, LOHANGI , BICHUA Fm.)",PALAEOPROTEROZOIC,3.46773542459074
21.46,79.77,SAUSAR,"SAUSAR Gp.(MANSAR, JUNEWANI, SITASAONGI, LOHANGI , BICHUA Fm.)",PALAEOPROTEROZOIC,2.309829552252222
21.46,79.785,SAUSAR,"SAUSAR Gp.(MANSAR, JUNEWANI, SITASAONGI, LOHANGI , BICHUA Fm.)",PALAEOPROTEROZOIC,1.4908157330099314
21.46,79.8,SAUSAR,"SAUSAR Gp.(MANSAR, JUNEWANI, SITASAONGI, LOHANGI , BICHUA Fm.)",PALAEOPROTEROZOIC,0.5928126988019992
21.46,79.815,TIRODI GNEISSIC COMPLEX,TIRODI GNEISSIC COMPLEX Gp.,ARCHAEAN,0.9146451187142957
21.46,79.83,TIRODI GNEISSIC COMPLEX,TIRODI GNEISSIC COMPLEX Gp.,ARCHAEAN,2.0078717605026073
21.46,79.845,AMGAON GNEISSIC COMPLEX,AMGAON GNEISSIC COMPLEX Gp.,ARCHAEAN,3.369292164278363
21.46,79.86,AMGAON GNEISSIC COMPLEX,AMGAON GNEISSIC COMPLEX Gp.,ARCHAEAN,4.847966515651441
21.46,79.875,AMGAON GNEISSIC COMPLEX,AMGAON GNEISSIC COMPLEX Gp.,ARCHAEAN,6.362664375279731
21.46,79.89,AMGAON GNEISSIC COMPLEX,AMGAON GNEISSIC COMPLEX Gp.,ARCHAEAN,7.209850100031163
21.46,79.905,AMGAON GNEISSIC COMPLEX,AMGAON GNEISSIC COMPLEX Gp.,ARCHAEAN,7.835369245713246
21.46,79.92,AMGAON GNEISSIC COMPLEX,AMGAON GNEISSIC COMPLEX Gp.,ARCHAEAN,8.617820116873613
21.46,79.935,AMGAON GNEISSIC COMPLEX,AMGAON GNEISSIC COMPLEX Gp.,ARCHAEAN,9.48500061886885
21.46,79.95,AMGAON GNEISSIC COMPLEX,AMGAON GNEISSIC COMPLEX Gp.,ARCHAEAN,10.468224884472715
21.46,79.965,AMGAON GNEISSIC COMPLEX,AMGAON GNEISSIC COMPLEX Gp.,ARCHAEAN,11.487017383132697
21.46,79.98,AMGAON GNEISSIC COMPLEX,AMGAON GNEISSIC COMPLEX Gp.,ARCHAEAN,12.551950035170067
21.46,79.995,AMGAON GNEISSIC COMPLEX,AMGAON GNEISSIC COMPLEX Gp.,ARCHAEAN,13.674410551416507
21.46,80.01,AMGAON GNEISSIC COMPLEX,AMGAON GNEISSIC COMPLEX Gp.,ARCHAEAN,14.849481023666156
21.46,80.025,AMGAON GNEISSIC COMPLEX,AMGAON GNEISSIC COMPLEX Gp.,ARCHAEAN,16.0248870316293
21.46,80.04,AMGAON GNEISSIC COMPLEX,AMGAON GNEISSIC COMPLEX Gp.,ARCHAEAN,17.260272044429282
21.46,80.055,AMGAON GNEISSIC COMPLEX,AMGAON GNEISSIC COMPLEX Gp.,ARCHAEAN,18.543652463468447
21.46,80.07,AMGAON GNEISSIC COMPLEX,AMGAON GNEISSIC COMPLEX Gp.,ARCHAEAN,19.865728561797265
21.46,80.085,AMGAON GNEISSIC COMPLEX,AMGAON GNEISSIC COMPLEX Gp.,ARCHAEAN,21.219268716502174
21.46,80.1,AMGAON GNEISSIC COMPLEX,AMGAON GNEISSIC COMPLEX Gp.,ARCHAEAN,21.626355900463274
21.46,80.115,AMGAON GNEISSIC COMPLEX,AMGAON GNEISSIC COMPLEX Gp.,ARCHAEAN,20.92323644310165
21.46,80.13,AMGAON GNEISSIC COMPLEX,AMGAON GNEISSIC COMPLEX Gp.,ARCHAEAN,20.314882375769194
21.46,80.145,AMGAON GNEISSIC COMPLEX,AMGAON GNEISSIC COMPLEX Gp.,ARCHAEAN,19.81002618866782
21.46,80.16,AMGAON GNEISSIC COMPLEX,AMGAON GNEISSIC COMPLEX Gp.,ARCHAEAN,19.416742729331254
21.46,80.175,AMGAON GNEISSIC COMPLEX,AMGAON GNEISSIC COMPLEX Gp.,ARCHAEAN,19.141910244417552
21.46,80.19,AMGAON GNEISSIC COMPLEX,AMGAON GNEISSIC COMPLEX Gp.,ARCHAEAN,18.889483453126747
21.46,80.205,AMGAON GNEISSIC COMPLEX,AMGAON GNEISSIC COMPLEX Gp.,ARCHAEAN,18.746243250925733
21.46,80.22,AMGAON GNEISSIC COMPLEX,AMGAON GNEISSIC COMPLEX Gp.,ARCHAEAN,18.68506224204787
21.46,80.235,AMGAON GNEISSIC COMPLEX,AMGAON GNEISSIC COMPLEX Gp.,ARCHAEAN,18.744949222003456
21.46,80.25,AMGAON GNEISSIC COMPLEX,AMGAON GNEISSIC COMPLEX Gp.,ARCHAEAN,18.886600031073986
21.46,80.265,AMGAON GNEISSIC COMPLEX,AMGAON GNEISSIC COMPLEX Gp.,ARCHAEAN,19.120849654994025
21.46,80.28,AMGAON GNEISSIC COMPLEX,AMGAON GNEISSIC COMPLEX Gp.,ARCHAEAN,19.470213773762758
21.46,80.295,AMGAON GNEISSIC COMPLEX,AMGAON GNEISSIC COMPLEX Gp.,ARCHAEAN,19.877310891236988
21.46,80.31,AMGAON GNEISSIC COMPLEX,AMGAON GNEISSIC COMPLEX Gp.,ARCHAEAN,20.300935789676267
21.46,80.325,AMGAON GNEISSIC COMPLEX,AMGAON GNEISSIC COMPLEX Gp.,ARCHAEAN,20.700014742300198
21.46,80.34,AMGAON GNEISSIC COMPLEX,AMGAON GNEISSIC COMPLEX Gp.,ARCHAEAN,21.132687675891116
21.46,80.355,AMGAON GNEISSIC COMPLEX,AMGAON GNEISSIC COMPLEX Gp.,ARCHAEAN,21.5902065735573
21.46,80.37,AMGAON GNEISSIC COMPLEX,AMGAON GNEISSIC COMPLEX Gp.,ARCHAEAN,21.999602616001265
21.46,80.385,AMGAON GNEISSIC COMPLEX,AMGAON GNEISSIC COMPLEX Gp.,ARCHAEAN,22.456000112213207
21.46,80.4,AMGAON GNEISSIC COMPLEX,AMGAON GNEISSIC COMPLEX Gp.,ARCHAEAN,22.916940019834733
21.46,80.415,AMGAON GNEISSIC COMPLEX,AMGAON GNEISSIC COMPLEX Gp.,ARCHAEAN,23.471906775391126
21.46,80.43,AMGAON GNEISSIC COMPLEX,AMGAON GNEISSIC COMPLEX Gp.,ARCHAEAN,24.080337097945105
21.46,80.445,AMGAON GNEISSIC COMPLEX,AMGAON GNEISSIC COMPLEX Gp.,ARCHAEAN,24.74319382666661
21.46,80.46,AMGAON GNEISSIC COMPLEX,AMGAON GNEISSIC COMPLEX Gp.,ARCHAEAN,25.445015488042618
21.46,80.475,AMGAON GNEISSIC COMPLEX,AMGAON GNEISSIC COMPLEX Gp.,ARCHAEAN,26.164352390448617
21.46,80.49,AMGAON GNEISSIC COMPLEX,AMGAON GNEISSIC COMPLEX Gp.,ARCHAEAN,26.945866629168165
21.475,79.2,TIRODI GNEISSIC COMPLEX,TIRODI GNEISSIC COMPLEX Gp.,ARCHAEAN,1.1992507062883808
21.475,79.215,TIRODI GNEISSIC COMPLEX,TIRODI GNEISSIC COMPLEX Gp.,ARCHAEAN,1.0070338804471262
21.475,79.23,TIRODI GNEISSIC COMPLEX,TIRODI GNEISSIC COMPLEX Gp.,ARCHAEAN,0.013460471986891865
21.475,79.245,TIRODI GNEISSIC COMPLEX,TIRODI GNEISSIC COMPLEX Gp.,ARCHAEAN,0.00018185605650160669
21.475,79.26,SAUSAR,"SAUSAR Gp.(MANSAR, JUNEWANI, SITASAONGI, LOHANGI , BICHUA Fm.)",PALAEOPROTEROZOIC,0.3054026993934929
21.475,79.275,SAUSAR,"SAUSAR Gp.(MANSAR, JUNEWANI, SITASAONGI, LOHANGI , BICHUA Fm.)",PALAEOPROTEROZOIC,0.5481312011248949
21.475,79.29,SAUSAR,"SAUSAR Gp.(MANSAR, JUNEWANI, SITASAONGI, LOHANGI , BICHUA Fm.)",PALAEOPROTEROZOIC,0.1304663033514292
21.475,79.305,TIRODI GNEISSIC COMPLEX,TIRODI GNEISSIC COMPLEX Gp.,ARCHAEAN,0.47765457957530216
21.475,79.32,SAUSAR,"SAUSAR Gp.(MANSAR, JUNEWANI, SITASAONGI, LOHANGI , BICHUA Fm.)",PALAEOPROTEROZOIC,0.41920853084538434
21.475,79.335,SAUSAR,"SAUSAR Gp.(MANSAR, JUNEWANI, SITASAONGI, LOHANGI , BICHUA Fm.)",PALAEOPROTEROZOIC,0.5575257554036427
21.475,79.35,TIRODI GNEISSIC COMPLEX,TIRODI GNEISSIC COMPLEX Gp.,ARCHAEAN,0.2782906509119798
21.475,79.365,TIRODI GNEISSIC COMPLEX,TIRODI GNEISSIC COMPLEX Gp.,ARCHAEAN,0.6490138497446364
21.475,79.38,TIRODI GNEISSIC COMPLEX,TIRODI GNEISSIC COMPLEX Gp.,ARCHAEAN,0.25508305696662753
21.475,79.395,TIRODI GNEISSIC COMPLEX,TIRODI GNEISSIC COMPLEX Gp.,ARCHAEAN,0.2389023774970715
21.475,79.41,SAUSAR,"SAUSAR Gp.(MANSAR, JUNEWANI, SITASAONGI, LOHANGI , BICHUA Fm.)",PALAEOPROTEROZOIC,0.5744448902690443
21.475,79.425,TIRODI GNEISSIC COMPLEX,TIRODI GNEISSIC COMPLEX Gp.,ARCHAEAN,0.1366854668555137
21.475,79.44,TIRODI GNEISSIC COMPLEX,TIRODI GNEISSIC COMPLEX Gp.,ARCHAEAN,0.7631909880265175
21.475,79.455,TIRODI GNEISSIC COMPLEX,TIRODI GNEISSIC COMPLEX Gp.,ARCHAEAN,1.7253357780882201
21.475,79.47,TIRODI GNEISSIC COMPLEX,TIRODI GNEISSIC COMPLEX Gp.,ARCHAEAN,2.6328189334390983
21.475,79.485,,ACID  INTRUSIVE / GRANITE / GRANODIORITE,NEOPROTEROZOIC,3.3471841387661496
21.475,79.5,,ACID  INTRUSIVE / GRANITE / GRANODIORITE,NEOPROTEROZOIC,2.713276529100937
21.475,79.515,TIRODI GNEISSIC COMPLEX,TIRODI GNEISSIC COMPLEX Gp.,ARCHAEAN,2.266913767121481
21.475,79.53,TIRODI GNEISSIC COMPLEX,TIRODI GNEISSIC COMPLEX Gp.,ARCHAEAN,2.1649372867970356
21.475,79.545,TIRODI GNEISSIC COMPLEX,TIRODI GNEISSIC COMPLEX Gp.,ARCHAEAN,1.8566489183027046
21.475,79.56,TIRODI GNEISSIC COMPLEX,TIRODI GNEISSIC COMPLEX Gp.,ARCHAEAN,1.2481449638728033
21.475,79.575,TIRODI GNEISSIC COMPLEX,TIRODI GNEISSIC COMPLEX Gp.,ARCHAEAN,0.2702618185278061
21.475,79.59,SAUSAR,"SAUSAR Gp.(MANSAR, JUNEWANI, SITASAONGI, LOHANGI , BICHUA Fm.)",PALAEOPROTEROZOIC,0.4274897195586763
21.475,79.605,SAUSAR,"SAUSAR Gp.(MANSAR, JUNEWANI, SITASAONGI, LOHANGI , BICHUA Fm.)",PALAEOPROTEROZOIC,1.078939680560554
21.475,79.62,SAUSAR,"SAUSAR Gp.(MANSAR, JUNEWANI, SITASAONGI, LOHANGI , BICHUA Fm.)",PALAEOPROTEROZOIC,2.1088444692645503
21.475,79.635,SAUSAR,"SAUSAR Gp.(MANSAR, JUNEWANI, SITASAONGI, LOHANGI , BICHUA Fm.)",PALAEOPROTEROZOIC,3.4206821274836696
21.475,79.65,SAUSAR,"SAUSAR Gp.(MANSAR, JUNEWANI, SITASAONGI, LOHANGI , BICHUA Fm.)",PALAEOPROTEROZOIC,4.505199027873068
21.475,79.665,SAUSAR,"SAUSAR Gp.(MANSAR, JUNEWANI, SITASAONGI, LOHANGI , BICHUA Fm.)",PALAEOPROTEROZOIC,5.6227097006285955
21.475,79.68,SAUSAR,"SAUSAR Gp.(MANSAR, JUNEWANI, SITASAONGI, LOHANGI , BICHUA Fm.)",PALAEOPROTEROZOIC,5.08302656537795
21.475,79.695,SAUSAR,"SAUSAR Gp.(MANSAR, JUNEWANI, SITASAONGI, LOHANGI , BICHUA Fm.)",PALAEOPROTEROZOIC,4.434591116221531
21.475,79.71,SAUSAR,"SAUSAR Gp.(MANSAR, JUNEWANI, SITASAONGI, LOHANGI , BICHUA Fm.)",PALAEOPROTEROZOIC,4.065283390012581
21.475,79.725,SAUSAR,"SAUSAR Gp.(MANSAR, JUNEWANI, SITASAONGI, LOHANGI , BICHUA Fm.)",PALAEOPROTEROZOIC,3.878256591441909
21.475,79.74,SAUSAR,"SAUSAR Gp.(MANSAR, JUNEWANI, SITASAONGI, LOHANGI , BICHUA Fm.)",PALAEOPROTEROZOIC,4.091021460608595
21.475,79.755,SAUSAR,"SAUSAR Gp.(MANSAR, JUNEWANI, SITASAONGI, LOHANGI , BICHUA Fm.)",PALAEOPROTEROZOIC,3.12740205659158
21.475,79.77,SAUSAR,"SAUSAR Gp.(MANSAR, JUNEWANI, SITASAONGI, LOHANGI , BICHUA Fm.)",PALAEOPROTEROZOIC,1.5786594105759453
21.475,79.785,SAUSAR,"SAUSAR Gp.(MANSAR, JUNEWANI, SITASAONGI, LOHANGI , BICHUA Fm.)",PALAEOPROTEROZOIC,0.031484566926828994
21.475,79.8,SAUSAR,"SAUSAR Gp.(MANSAR, JUNEWANI, SITASAONGI, LOHANGI , BICHUA Fm.)",PALAEOPROTEROZOIC,0.0957364553334666
21.475,79.815,TIRODI GNEISSIC COMPLEX,TIRODI GNEISSIC COMPLEX Gp.,ARCHAEAN,0.8974345892326052
21.475,79.83,TIRODI GNEISSIC COMPLEX,TIRODI GNEISSIC COMPLEX Gp.,ARCHAEAN,2.429296397859632
21.475,79.845,TIRODI GNEISSIC COMPLEX,TIRODI GNEISSIC COMPLEX Gp.,ARCHAEAN,3.9766770159747673
21.475,79.86,TIRODI GNEISSIC COMPLEX,TIRODI GNEISSIC COMPLEX Gp.,ARCHAEAN,4.588889411307196
21.475,79.875,AMGAON GNEISSIC COMPLEX,AMGAON GNEISSIC COMPLEX Gp.,ARCHAEAN,5.152056926879199
21.475,79.89,AMGAON GNEISSIC COMPLEX,AMGAON GNEISSIC COMPLEX Gp.,ARCHAEAN,5.647532708064899
21.475,79.905,AMGAON GNEISSIC COMPLEX,AMGAON GNEISSIC COMPLEX Gp.,ARCHAEAN,6.403217571964366
21.475,79.92,AMGAON GNEISSIC COMPLEX,AMGAON GNEISSIC COMPLEX Gp.,ARCHAEAN,7.21524375179292
21.475,79.935,AMGAON GNEISSIC COMPLEX,AMGAON GNEISSIC COMPLEX Gp.,ARCHAEAN,8.19848276273669
21.475,79.95,AMGAON GNEISSIC COMPLEX,AMGAON GNEISSIC COMPLEX Gp.,ARCHAEAN,9.20593699614659
21.475,79.965,AMGAON GNEISSIC COMPLEX,AMGAON GNEISSIC COMPLEX Gp.,ARCHAEAN,10.270715128217402
21.475,79.98,AMGAON GNEISSIC COMPLEX,AMGAON GNEISSIC COMPLEX Gp.,ARCHAEAN,11.40572260144301
21.475,79.995,AMGAON GNEISSIC COMPLEX,AMGAON GNEISSIC COMPLEX Gp.,ARCHAEAN,12.575199699420676
21.475,80.01,AMGAON GNEISSIC COMPLEX,AMGAON GNEISSIC COMPLEX Gp.,ARCHAEAN,13.76913283576222
21.475,80.025,AMGAON GNEISSIC COMPLEX,AMGAON GNEISSIC COMPLEX Gp.,ARCHAEAN,15.029020764400011
21.475,80.04,AMGAON GNEISSIC COMPLEX,AMGAON GNEISSIC COMPLEX Gp.,ARCHAEAN,16.339614002295583
21.475,80.055,AMGAON GNEISSIC COMPLEX,AMGAON GNEISSIC COMPLEX Gp.,ARCHAEAN,17.68964614882409
21.475,80.07,AMGAON GNEISSIC COMPLEX,AMGAON GNEISSIC COMPLEX Gp.,ARCHAEAN,19.070743313161536
21.475,80.085,AMGAON GNEISSIC COMPLEX,AMGAON GNEISSIC COMPLEX Gp.,ARCHAEAN,20.476620685107576
21.475,80.1,AMGAON GNEISSIC COMPLEX,AMGAON GNEISSIC COMPLEX Gp.,ARCHAEAN,20.17786731709934
21.475,80.115,AMGAON GNEISSIC COMPLEX,AMGAON GNEISSIC COMPLEX Gp.,ARCHAEAN,19.422539555765503
21.475,80.13,AMGAON GNEISSIC COMPLEX,AMGAON GNEISSIC COMPLEX Gp.,ARCHAEAN,18.765735547625923
21.475,80.145,AMGAON GNEISSIC COMPLEX,AMGAON GNEISSIC COMPLEX Gp.,ARCHAEAN,18.218114419745323
21.475,80.16,AMGAON GNEISSIC COMPLEX,AMGAON GNEISSIC COMPLEX Gp.,ARCHAEAN,17.78976194044709
21.475,80.175,AMGAON GNEISSIC COMPLEX,AMGAON GNEISSIC COMPLEX Gp.,ARCHAEAN,17.489443710535014
21.475,80.19,AMGAON GNEISSIC COMPLEX,AMGAON GNEISSIC COMPLEX Gp.,ARCHAEAN,17.235791083817162
21.475,80.205,AMGAON GNEISSIC COMPLEX,AMGAON GNEISSIC COMPLEX Gp.,ARCHAEAN,17.07949069803091
21.475,80.22,AMGAON GNEISSIC COMPLEX,AMGAON GNEISSIC COMPLEX Gp.,ARCHAEAN,17.015262253294907
21.475,80.235,AMGAON GNEISSIC COMPLEX,AMGAON GNEISSIC COMPLEX Gp.,ARCHAEAN,17.07763628155683
21.475,80.25,AMGAON GNEISSIC COMPLEX,AMGAON GNEISSIC COMPLEX Gp.,ARCHAEAN,17.232739229860695
21.475,80.265,AMGAON GNEISSIC COMPLEX,AMGAON GNEISSIC COMPLEX Gp.,ARCHAEAN,17.48295093094862
21.475,80.28,AMGAON GNEISSIC COMPLEX,AMGAON GNEISSIC COMPLEX Gp.,ARCHAEAN,17.855894249716396
21.475,80.295,AMGAON GNEISSIC COMPLEX,AMGAON GNEISSIC COMPLEX Gp.,ARCHAEAN,18.27481606400136
21.475,80.31,AMGAON GNEISSIC COMPLEX,AMGAON GNEISSIC COMPLEX Gp.,ARCHAEAN,18.699340277501868
21.475,80.325,AMGAON GNEISSIC COMPLEX,AMGAON GNEISSIC COMPLEX Gp.,ARCHAEAN,19.08480100825276
21.475,80.34,AMGAON GNEISSIC COMPLEX,AMGAON GNEISSIC COMPLEX Gp.,ARCHAEAN,19.545885054015763
21.475,80.355,AMGAON GNEISSIC COMPLEX,AMGAON GNEISSIC COMPLEX Gp.,ARCHAEAN,19.968717321650846
21.475,80.37,AMGAON GNEISSIC COMPLEX,AMGAON GNEISSIC COMPLEX Gp.,ARCHAEAN,20.410573061344966
21.475,80.385,AMGAON GNEISSIC COMPLEX,AMGAON GNEISSIC COMPLEX Gp.,ARCHAEAN,20.850443919451184
21.475,80.4,AMGAON GNEISSIC COMPLEX,AMGAON GNEISSIC COMPLEX Gp.,ARCHAEAN,21.345980992049135
21.475,80.415,AMGAON GNEISSIC COMPLEX,AMGAON GNEISSIC COMPLEX Gp.,ARCHAEAN,21.93449224837053
21.475,80.43,AMGAON GNEISSIC COMPLEX,AMGAON GNEISSIC COMPLEX Gp.,ARCHAEAN,22.565134862583907
21.475,80.445,AMGAON GNEISSIC COMPLEX,AMGAON GNEISSIC COMPLEX Gp.,ARCHAEAN,23.25016752331268
21.475,80.46,AMGAON GNEISSIC COMPLEX,AMGAON GNEISSIC COMPLEX Gp.,ARCHAEAN,23.959123724731008
21.475,80.475,AMGAON GNEISSIC COMPLEX,AMGAON GNEISSIC COMPLEX Gp.,ARCHAEAN,24.71251468190029
21.475,80.49,AMGAON GNEISSIC COMPLEX,AMGAON GNEISSIC COMPLEX Gp.,ARCHAEAN,25.53832861932536
21.49,79.2,SAUSAR,"SAUSAR Gp.(MANSAR, JUNEWANI, SITASAONGI, LOHANGI , BICHUA Fm.)",PALAEOPROTEROZOIC,0.4408217047342788
21.49,79.215,TIRODI GNEISSIC COMPLEX,TIRODI GNEISSIC COMPLEX Gp.,ARCHAEAN,0.05641924801682619
21.49,79.23,TIRODI GNEISSIC COMPLEX,TIRODI GNEISSIC COMPLEX Gp.,ARCHAEAN,0.11754658773632488
21.49,79.245,SAUSAR,"SAUSAR Gp.(MANSAR, JUNEWANI, SITASAONGI, LOHANGI , BICHUA Fm.)",PALAEOPROTEROZOIC,0.3522230717882271
21.49,79.26,SAUSAR,"SAUSAR Gp.(MANSAR, JUNEWANI, SITASAONGI, LOHANGI , BICHUA Fm.)",PALAEOPROTEROZOIC,0.43908515766695044
21.49,79.275,SAUSAR,"SAUSAR Gp.(MANSAR, JUNEWANI, SITASAONGI, LOHANGI , BICHUA Fm.)",PALAEOPROTEROZOIC,0.2948095834812162
21.49,79.29,SAUSAR,"SAUSAR Gp.(MANSAR, JUNEWANI, SITASAONGI, LOHANGI , BICHUA Fm.)",PALAEOPROTEROZOIC,0.5321869184063018
21.49,79.305,SAUSAR,"SAUSAR Gp.(MANSAR, JUNEWANI, SITASAONGI, LOHANGI , BICHUA Fm.)",PALAEOPROTEROZOIC,0.8434965213721308
21.49,79.32,SAUSAR,"SAUSAR Gp.(MANSAR, JUNEWANI, SITASAONGI, LOHANGI , BICHUA Fm.)",PALAEOPROTEROZOIC,0.8876655491912372
21.49,79.335,TIRODI GNEISSIC COMPLEX,TIRODI GNEISSIC COMPLEX Gp.,ARCHAEAN,0.11806790489147187
21.49,79.35,TIRODI GNEISSIC COMPLEX,TIRODI GNEISSIC COMPLEX Gp.,ARCHAEAN,0.9392374384386495
21.49,79.365,TIRODI GNEISSIC COMPLEX,TIRODI GNEISSIC COMPLEX Gp.,ARCHAEAN,1.763383677870121
21.49,79.38,TIRODI GNEISSIC COMPLEX,TIRODI GNEISSIC COMPLEX Gp.,ARCHAEAN,1.8428305253938364
21.49,79.395,TIRODI GNEISSIC COMPLEX,TIRODI GNEISSIC COMPLEX Gp.,ARCHAEAN,1.255288421657125
21.49,79.41,TIRODI GNEISSIC COMPLEX,TIRODI GNEISSIC COMPLEX Gp.,ARCHAEAN,1.0644460911740274
21.49,79.425,TIRODI GNEISSIC COMPLEX,TIRODI GNEISSIC COMPLEX Gp.,ARCHAEAN,1.4108472298625991
21.49,79.44,TIRODI GNEISSIC COMPLEX,TIRODI GNEISSIC COMPLEX Gp.,ARCHAEAN,2.260725850003564
21.49,79.455,TIRODI GNEISSIC COMPLEX,TIRODI GNEISSIC COMPLEX Gp.,ARCHAEAN,2.996632484407656
21.49,79.47,,ACID  INTRUSIVE / GRANITE / GRANODIORITE,NEOPROTEROZOIC,4.0064115502904585
21.49,79.485,,ACID  INTRUSIVE / GRANITE / GRANODIORITE,NEOPROTEROZOIC,4.895452784113397
21.49,79.5,,ACID  INTRUSIVE / GRANITE / GRANODIORITE,NEOPROTEROZOIC,4.210691048797353
21.49,79.515,TIRODI GNEISSIC COMPLEX,TIRODI GNEISSIC COMPLEX Gp.,ARCHAEAN,3.9360199925128474
21.49,79.53,TIRODI GNEISSIC COMPLEX,TIRODI GNEISSIC COMPLEX Gp.,ARCHAEAN,3.8265890814543297
21.49,79.545,TIRODI GNEISSIC COMPLEX,TIRODI GNEISSIC COMPLEX Gp.,ARCHAEAN,3.317358221199065
21.49,79.56,TIRODI GNEISSIC COMPLEX,TIRODI GNEISSIC COMPLEX Gp.,ARCHAEAN,2.515415790964494
21.49,79.575,TIRODI GNEISSIC COMPLEX,TIRODI GNEISSIC COMPLEX Gp.,ARCHAEAN,1.811238895543198
21.49,79.59,TIRODI GNEISSIC COMPLEX,TIRODI GNEISSIC COMPLEX Gp.,ARCHAEAN,1.092625810325068
21.49,79.605,SAUSAR,"SAUSAR Gp.(MANSAR, JUNEWANI, SITASAONGI, LOHANGI , BICHUA Fm.)",PALAEOPROTEROZOIC,0.11838804411792227
21.49,79.62,TIRODI GNEISSIC COMPLEX,TIRODI GNEISSIC COMPLEX Gp.,ARCHAEAN,1.1888128760909895
21.49,79.635,SAUSAR,"SAUSAR Gp.(MANSAR, JUNEWANI, SITASAONGI, LOHANGI , BICHUA Fm.)",PALAEOPROTEROZOIC,2.273392211501836
21.49,79.65,SAUSAR,"SAUSAR Gp.(MANSAR, JUNEWANI, SITASAONGI, LOHANGI , BICHUA Fm.)",PALAEOPROTEROZOIC,3.344421290441228
21.49,79.665,SAUSAR,"SAUSAR Gp.(MANSAR, JUNEWANI, SITASAONGI, LOHANGI , BICHUA Fm.)",PALAEOPROTEROZOIC,4.5547347118241746
21.49,79.68,SAUSAR,"SAUSAR Gp.(MANSAR, JUNEWANI, SITASAONGI, LOHANGI , BICHUA Fm.)",PALAEOPROTEROZOIC,5.859786807065134
21.49,79.695,SAUSAR,"SAUSAR Gp.(MANSAR, JUNEWANI, SITASAONGI, LOHANGI , BICHUA Fm.)",PALAEOPROTEROZOIC,6.021657892600521
21.49,79.71,SAUSAR,"SAUSAR Gp.(MANSAR, JUNEWANI, SITASAONGI, LOHANGI , BICHUA Fm.)",PALAEOPROTEROZOIC,5.708982386269765
21.49,79.725,SAUSAR,"SAUSAR Gp.(MANSAR, JUNEWANI, SITASAONGI, LOHANGI , BICHUA Fm.)",PALAEOPROTEROZOIC,5.547987418262328
21.49,79.74,SAUSAR,"SAUSAR Gp.(MANSAR, JUNEWANI, SITASAONGI, LOHANGI , BICHUA Fm.)",PALAEOPROTEROZOIC,4.8233296389767615
21.49,79.755,SAUSAR,"SAUSAR Gp.(MANSAR, JUNEWANI, SITASAONGI, LOHANGI , BICHUA Fm.)",PALAEOPROTEROZOIC,3.3477132383497463
21.49,79.77,SAUSAR,"SAUSAR Gp.(MANSAR, JUNEWANI, SITASAONGI, LOHANGI , BICHUA Fm.)",PALAEOPROTEROZOIC,1.9944770137631262
21.49,79.785,SAUSAR,"SAUSAR Gp.(MANSAR, JUNEWANI, SITASAONGI, LOHANGI , BICHUA Fm.)",PALAEOPROTEROZOIC,0.7150530930187896
21.49,79.8,TIRODI GNEISSIC COMPLEX,TIRODI GNEISSIC COMPLEX Gp.,ARCHAEAN,0.5611381123913444
21.49,79.815,TIRODI GNEISSIC COMPLEX,TIRODI GNEISSIC COMPLEX Gp.,ARCHAEAN,1.3156374279400551
21.49,79.83,TIRODI GNEISSIC COMPLEX,TIRODI GNEISSIC COMPLEX Gp.,ARCHAEAN,2.561286463931354
21.49,79.845,TIRODI GNEISSIC COMPLEX,TIRODI GNEISSIC COMPLEX Gp.,ARCHAEAN,2.6561206072730275
21.49,79.86,TIRODI GNEISSIC COMPLEX,TIRODI GNEISSIC COMPLEX Gp.,ARCHAEAN,3.007945043559521
21.49,79.875,TIRODI GNEISSIC COMPLEX,TIRODI GNEISSIC COMPLEX Gp.,ARCHAEAN,3.5783598880108913
21.49,79.89,TIRODI GNEISSIC COMPLEX,TIRODI GNEISSIC COMPLEX Gp.,ARCHAEAN,4.1693856148712864
21.49,79.905,AMGAON GNEISSIC COMPLEX,AMGAON GNEISSIC COMPLEX Gp.,ARCHAEAN,4.956334890191583
21.49,79.92,AMGAON GNEISSIC COMPLEX,AMGAON GNEISSIC COMPLEX Gp.,ARCHAEAN,5.926390001454226
21.49,79.935,AMGAON GNEISSIC COMPLEX,AMGAON GNEISSIC COMPLEX Gp.,ARCHAEAN,6.925368978547327
21.49,79.95,AMGAON GNEISSIC COMPLEX,AMGAON GNEISSIC COMPLEX Gp.,ARCHAEAN,7.989893757851673
21.49,79.965,AMGAON GNEISSIC COMPLEX,AMGAON GNEISSIC COMPLEX Gp.,ARCHAEAN,9.14375044797343
21.49,79.98,AMGAON GNEISSIC COMPLEX,AMGAON GNEISSIC COMPLEX Gp.,ARCHAEAN,10.304450482505068
21.49,79.995,AMGAON GNEISSIC COMPLEX,AMGAON GNEISSIC COMPLEX Gp.,ARCHAEAN,11.523910403579766
21.49,80.01,AMGAON GNEISSIC COMPLEX,AMGAON GNEISSIC COMPLEX Gp.,ARCHAEAN,12.815904250004596
21.49,80.025,AMGAON GNEISSIC COMPLEX,AMGAON GNEISSIC COMPLEX Gp.,ARCHAEAN,14.160592219715058
21.49,80.04,AMGAON GNEISSIC COMPLEX,AMGAON GNEISSIC COMPLEX Gp.,ARCHAEAN,15.544305124161722
21.49,80.055,AMGAON GNEISSIC COMPLEX,AMGAON GNEISSIC COMPLEX Gp.,ARCHAEAN,16.957492476343397
21.49,80.07,AMGAON GNEISSIC COMPLEX,AMGAON GNEISSIC COMPLEX Gp.,ARCHAEAN,18.39336184305664
21.49,80.085,AMGAON GNEISSIC COMPLEX,AMGAON GNEISSIC COMPLEX Gp.,ARCHAEAN,19.669851144662786
21.49,80.1,AMGAON GNEISSIC COMPLEX,AMGAON GNEISSIC COMPLEX Gp.,ARCHAEAN,18.766188769799683
21.49,80.115,AMGAON GNEISSIC COMPLEX,AMGAON GNEISSIC COMPLEX Gp.,ARCHAEAN,17.951732990063558
21.49,80.13,AMGAON GNEISSIC COMPLEX,AMGAON GNEISSIC COMPLEX Gp.,ARCHAEAN,17.239132033299526
21.49,80.145,AMGAON GNEISSIC COMPLEX,AMGAON GNEISSIC COMPLEX Gp.,ARCHAEAN,16.64147555623444
21.49,80.16,AMGAON GNEISSIC COMPLEX,AMGAON GNEISSIC COMPLEX Gp.,ARCHAEAN,16.171512719228822
21.49,80.175,AMGAON GNEISSIC COMPLEX,AMGAON GNEISSIC COMPLEX Gp.,ARCHAEAN,15.840612932580223
21.49,80.19,AMGAON GNEISSIC COMPLEX,AMGAON GNEISSIC COMPLEX Gp.,ARCHAEAN,15.585533895195704
21.49,80.205,AMGAON GNEISSIC COMPLEX,AMGAON GNEISSIC COMPLEX Gp.,ARCHAEAN,15.412542948475858
21.49,80.22,AMGAON GNEISSIC COMPLEX,AMGAON GNEISSIC COMPLEX Gp.,ARCHAEAN,15.345462266990003
21.49,80.235,AMGAON GNEISSIC COMPLEX,AMGAON GNEISSIC COMPLEX Gp.,ARCHAEAN,15.410608730862185
21.49,80.25,AMGAON GNEISSIC COMPLEX,AMGAON GNEISSIC COMPLEX Gp.,ARCHAEAN,15.576521353205235
21.49,80.265,AMGAON GNEISSIC COMPLEX,AMGAON GNEISSIC COMPLEX Gp.,ARCHAEAN,15.851710241809034
21.49,80.28,AMGAON GNEISSIC COMPLEX,AMGAON GNEISSIC COMPLEX Gp.,ARCHAEAN,16.23816657929019
21.49,80.295,AMGAON GNEISSIC COMPLEX,AMGAON GNEISSIC COMPLEX Gp.,ARCHAEAN,16.674839132278862
21.49,80.31,AMGAON GNEISSIC COMPLEX,AMGAON GNEISSIC COMPLEX Gp.,ARCHAEAN,17.09622082316938
21.49,80.325,AMGAON GNEISSIC COMPLEX,AMGAON GNEISSIC COMPLEX Gp.,ARCHAEAN,17.479848679199772
21.49,80.34,AMGAON GNEISSIC COMPLEX,AMGAON GNEISSIC COMPLEX Gp.,ARCHAEAN,17.959080663202883
21.49,80.355,AMGAON GNEISSIC COMPLEX,AMGAON GNEISSIC COMPLEX Gp.,ARCHAEAN,18.355892358585894
21.49,80.37,AMGAON GNEISSIC COMPLEX,AMGAON GNEISSIC COMPLEX Gp.,ARCHAEAN,18.81818009028486
21.49,80.385,AMGAON GNEISSIC COMPLEX,AMGAON GNEISSIC COMPLEX Gp.,ARCHAEAN,19.25581839894024
21.49,80.4,AMGAON GNEISSIC COMPLEX,AMGAON GNEISSIC COMPLEX Gp.,ARCHAEAN,19.79121337126147
21.49,80.415,AMGAON GNEISSIC COMPLEX,AMGAON GNEISSIC COMPLEX Gp.,ARCHAEAN,20.396736554270657
21.49,80.43,AMGAON GNEISSIC COMPLEX,AMGAON GNEISSIC COMPLEX Gp.,ARCHAEAN,21.05932383274819
21.49,80.445,AMGAON GNEISSIC COMPLEX,AMGAON GNEISSIC COMPLEX Gp.,ARCHAEAN,21.763403991031286
21.49,80.46,AMGAON GNEISSIC COMPLEX,AMGAON GNEISSIC COMPLEX Gp.,ARCHAEAN,22.48907860995676
21.49,80.475,AMGAON GNEISSIC COMPLEX,AMGAON GNEISSIC COMPLEX Gp.,ARCHAEAN,23.289909264534298
21.49,80.49,AMGAON GNEISSIC COMPLEX,AMGAON GNEISSIC COMPLEX Gp.,ARCHAEAN,24.1642125857203
21.505,79.2,TIRODI GNEISSIC COMPLEX,TIRODI GNEISSIC COMPLEX Gp.,ARCHAEAN,0.4982442586564159
21.505,79.215,TIRODI GNEISSIC COMPLEX,TIRODI GNEISSIC COMPLEX Gp.,ARCHAEAN,0.8667509003219024
21.505,79.23,TIRODI GNEISSIC COMPLEX,TIRODI GNEISSIC COMPLEX Gp.,ARCHAEAN,0.4952226021692479
21.505,79.245,TIRODI GNEISSIC COMPLEX,TIRODI GNEISSIC COMPLEX Gp.,ARCHAEAN,1.1826237017976022
21.505,79.26,TIRODI GNEISSIC COMPLEX,TIRODI GNEISSIC COMPLEX Gp.,ARCHAEAN,0.6210933545929379
21.505,79.275,TIRODI GNEISSIC COMPLEX,TIRODI GNEISSIC COMPLEX Gp.,ARCHAEAN,0.7843030514920534
21.505,79.29,TIRODI GNEISSIC COMPLEX,TIRODI GNEISSIC COMPLEX Gp.,ARCHAEAN,0.9559620479157765
21.505,79.305,TIRODI GNEISSIC COMPLEX,TIRODI GNEISSIC COMPLEX Gp.,ARCHAEAN,0.8201109776560452
21.505,79.32,TIRODI GNEISSIC COMPLEX,TIRODI GNEISSIC COMPLEX Gp.,ARCHAEAN,0.7816524283453493
21.505,79.335,TIRODI GNEISSIC COMPLEX,TIRODI GNEISSIC COMPLEX Gp.,ARCHAEAN,0.9501243981152759
21.505,79.35,TIRODI GNEISSIC COMPLEX,TIRODI GNEISSIC COMPLEX Gp.,ARCHAEAN,2.247965652299188
21.505,79.365,TIRODI GNEISSIC COMPLEX,TIRODI GNEISSIC COMPLEX Gp.,ARCHAEAN,3.0045878613176065
21.505,79.38,TIRODI GNEISSIC COMPLEX,TIRODI GNEISSIC COMPLEX Gp.,ARCHAEAN,3.4762684438673905
21.505,79.395,TIRODI GNEISSIC COMPLEX,TIRODI GNEISSIC COMPLEX Gp.,ARCHAEAN,2.6949860145493405
21.505,79.41,TIRODI GNEISSIC COMPLEX,TIRODI GNEISSIC COMPLEX Gp.,ARCHAEAN,2.6190663358145185
21.505,79.425,TIRODI GNEISSIC COMPLEX,TIRODI GNEISSIC COMPLEX Gp.,ARCHAEAN,2.3933935744894166
21.505,79.44,TIRODI GNEISSIC COMPLEX,TIRODI GNEISSIC COMPLEX Gp.,ARCHAEAN,2.5022557645353465
21.505,79.455,,ACID  INTRUSIVE / GRANITE / GRANODIORITE,NEOPROTEROZOIC,2.959431694394388
21.505,79.47,,ACID  INTRUSIVE / GRANITE / GRANODIORITE,NEOPROTEROZOIC,3.9962717003561554
21.505,79.485,,ACID  INTRUSIVE / GRANITE / GRANODIORITE,NEOPROTEROZOIC,5.29237404178891
21.505,79.5,TIRODI GNEISSIC COMPLEX,TIRODI GNEISSIC COMPLEX Gp.,ARCHAEAN,5.802967561305777
21.505,79.515,TIRODI GNEISSIC COMPLEX,TIRODI GNEISSIC COMPLEX Gp.,ARCHAEAN,5.605125999555676
21.505,79.53,TIRODI GNEISSIC COMPLEX,TIRODI GNEISSIC COMPLEX Gp.,ARCHAEAN,5.493184742161777
21.505,79.545,TIRODI GNEISSIC COMPLEX,TIRODI GNEISSIC COMPLEX Gp.,ARCHAEAN,4.7758421810628535
21.505,79.56,TIRODI GNEISSIC COMPLEX,TIRODI GNEISSIC COMPLEX Gp.,ARCHAEAN,3.953511716425259
21.505,79.575,TIRODI GNEISSIC COMPLEX,TIRODI GNEISSIC COMPLEX Gp.,ARCHAEAN,3.239364122875286
21.505,79.59,TIRODI GNEISSIC COMPLEX,TIRODI GNEISSIC COMPLEX Gp.,ARCHAEAN,1.9663514486130265
21.505,79.605,TIRODI GNEISSIC COMPLEX,TIRODI GNEISSIC COMPLEX Gp.,ARCHAEAN,1.0137931155180522
21.505,79.62,SAUSAR,"SAUSAR Gp.(MANSAR, JUNEWANI, SITASAONGI, LOHANGI , BICHUA Fm.)",PALAEOPROTEROZOIC,0.03304945471293307
21.505,79.635,TIRODI GNEISSIC COMPLEX,TIRODI GNEISSIC COMPLEX Gp.,ARCHAEAN,1.078471946256208
21.505,79.65,SAUSAR,"SAUSAR Gp.(MANSAR, JUNEWANI, SITASAONGI, LOHANGI , BICHUA Fm.)",PALAEOPROTEROZOIC,2.3403742604866467
21.505,79.665,SAUSAR,"SAUSAR Gp.(MANSAR, JUNEWANI, SITASAONGI, LOHANGI , BICHUA Fm.)",PALAEOPROTEROZOIC,3.6866000155163428
21.505,79.68,SAUSAR,"SAUSAR Gp.(MANSAR, JUNEWANI, SITASAONGI, LOHANGI , BICHUA Fm.)",PALAEOPROTEROZOIC,5.140058078593906
21.505,79.695,SAUSAR,"SAUSAR Gp.(MANSAR, JUNEWANI, SITASAONGI, LOHANGI , BICHUA Fm.)",PALAEOPROTEROZOIC,6.415742708172184
21.505,79.71,SAUSAR,"SAUSAR Gp.(MANSAR, JUNEWANI, SITASAONGI, LOHANGI , BICHUA Fm.)",PALAEOPROTEROZOIC,6.670173058676059
21.505,79.725,SAUSAR,"SAUSAR Gp.(MANSAR, JUNEWANI, SITASAONGI, LOHANGI , BICHUA Fm.)",PALAEOPROTEROZOIC,6.719944070217322
21.505,79.74,SAUSAR,"SAUSAR Gp.(MANSAR, JUNEWANI, SITASAONGI, LOHANGI , BICHUA Fm.)",PALAEOPROTEROZOIC,5.499251643539176
21.505,79.755,SAUSAR,"SAUSAR Gp.(MANSAR, JUNEWANI, SITASAONGI, LOHANGI , BICHUA Fm.)",PALAEOPROTEROZOIC,4.229133862886969
21.505,79.77,SAUSAR,"SAUSAR Gp.(MANSAR, JUNEWANI, SITASAONGI, LOHANGI , BICHUA Fm.)",PALAEOPROTEROZOIC,2.9162068361690174
21.505,79.785,SAUSAR,"SAUSAR Gp.(MANSAR, JUNEWANI, SITASAONGI, LOHANGI , BICHUA Fm.)",PALAEOPROTEROZOIC,1.452036894210258
21.505,79.8,SAUSAR,"SAUSAR Gp.(MANSAR, JUNEWANI, SITASAONGI, LOHANGI , BICHUA Fm.)",PALAEOPROTEROZOIC,0.10333256613700431
21.505,79.815,TIRODI GNEISSIC COMPLEX,TIRODI GNEISSIC COMPLEX Gp.,ARCHAEAN,0.7527982522915485
21.505,79.83,TIRODI GNEISSIC COMPLEX,TIRODI GNEISSIC COMPLEX Gp.,ARCHAEAN,0.9001123754280458
21.505,79.845,TIRODI GNEISSIC COMPLEX,TIRODI GNEISSIC COMPLEX Gp.,ARCHAEAN,1.005237841555581
21.505,79.86,TIRODI GNEISSIC COMPLEX,TIRODI GNEISSIC COMPLEX Gp.,ARCHAEAN,1.485598620257262
21.505,79.875,TIRODI GNEISSIC COMPLEX,TIRODI GNEISSIC COMPLEX Gp.,ARCHAEAN,1.9675410866765135
21.505,79.89,TIRODI GNEISSIC COMPLEX,TIRODI GNEISSIC COMPLEX Gp.,ARCHAEAN,2.7290091076268976
21.505,79.905,TIRODI GNEISSIC COMPLEX,TIRODI GNEISSIC COMPLEX Gp.,ARCHAEAN,3.6447168931076717
21.505,79.92,AMGAON GNEISSIC COMPLEX,AMGAON GNEISSIC COMPLEX Gp.,ARCHAEAN,4.645747299443222
21.505,79.935,AMGAON GNEISSIC COMPLEX,AMGAON GNEISSIC COMPLEX Gp.,ARCHAEAN,5.709720710188612
21.505,79.95,AMGAON GNEISSIC COMPLEX,AMGAON GNEISSIC COMPLEX Gp.,ARCHAEAN,6.883531007016039
21.505,79.965,AMGAON GNEISSIC COMPLEX,AMGAON GNEISSIC COMPLEX Gp.,ARCHAEAN,8.040041523870237
21.505,79.98,AMGAON GNEISSIC COMPLEX,AMGAON GNEISSIC COMPLEX Gp.,ARCHAEAN,9.296693289224548
21.505,79.995,AMGAON GNEISSIC COMPLEX,AMGAON GNEISSIC COMPLEX Gp.,ARCHAEAN,10.632113076341883
21.505,80.01,AMGAON GNEISSIC COMPLEX,AMGAON GNEISSIC COMPLEX Gp.,ARCHAEAN,12.020076321229393
21.505,80.025,AMGAON GNEISSIC COMPLEX,AMGAON GNEISSIC COMPLEX Gp.,ARCHAEAN,13.444319432908872
21.505,80.04,AMGAON GNEISSIC COMPLEX,AMGAON GNEISSIC COMPLEX Gp.,ARCHAEAN,14.894438532749561
21.505,80.055,AMGAON GNEISSIC COMPLEX,AMGAON GNEISSIC COMPLEX Gp.,ARCHAEAN,16.307656590680647
21.505,80.07,AMGAON GNEISSIC COMPLEX,AMGAON GNEISSIC COMPLEX Gp.,ARCHAEAN,17.63312657368046
21.505,80.085,AMGAON GNEISSIC COMPLEX,AMGAON GNEISSIC COMPLEX Gp.,ARCHAEAN,18.371059985113867
21.505,80.1,AMGAON GNEISSIC COMPLEX,AMGAON GNEISSIC COMPLEX Gp.,ARCHAEAN,17.400281721037096
21.505,80.115,AMGAON GNEISSIC COMPLEX,AMGAON GNEISSIC COMPLEX Gp.,ARCHAEAN,16.51880282926445
21.505,80.13,AMGAON GNEISSIC COMPLEX,AMGAON GNEISSIC COMPLEX Gp.,ARCHAEAN,15.741631865808111
21.505,80.145,AMGAON GNEISSIC COMPLEX,AMGAON GNEISSIC COMPLEX Gp.,ARCHAEAN,15.084899225085579
21.505,80.16,AMGAON GNEISSIC COMPLEX,AMGAON GNEISSIC COMPLEX Gp.,ARCHAEAN,14.564905746663856
21.505,80.175,AMGAON GNEISSIC COMPLEX,AMGAON GNEISSIC COMPLEX Gp.,ARCHAEAN,14.196684758536703
21.505,80.19,AMGAON GNEISSIC COMPLEX,AMGAON GNEISSIC COMPLEX Gp.,ARCHAEAN,13.939931946253763
21.505,80.205,AMGAON GNEISSIC COMPLEX,AMGAON GNEISSIC COMPLEX Gp.,ARCHAEAN,13.746287562422628
21.505,80.22,AMGAON GNEISSIC COMPLEX,AMGAON GNEISSIC COMPLEX Gp.,ARCHAEAN,13.67566228402895
21.505,80.235,AMGAON GNEISSIC COMPLEX,AMGAON GNEISSIC COMPLEX Gp.,ARCHAEAN,13.74425428769992
21.505,80.25,AMGAON GNEISSIC COMPLEX,AMGAON GNEISSIC COMPLEX Gp.,ARCHAEAN,13.9222630274822
21.505,80.265,AMGAON GNEISSIC COMPLEX,AMGAON GNEISSIC COMPLEX Gp.,ARCHAEAN,14.229417575520241
21.505,80.28,AMGAON GNEISSIC COMPLEX,AMGAON GNEISSIC COMPLEX Gp.,ARCHAEAN,14.632143051200732
21.505,80.295,AMGAON GNEISSIC COMPLEX,AMGAON GNEISSIC COMPLEX Gp.,ARCHAEAN,15.058006216408263
21.505,80.31,AMGAON GNEISSIC COMPLEX,AMGAON GNEISSIC COMPLEX Gp.,ARCHAEAN,15.465298026279267
21.505,80.325,AMGAON GNEISSIC COMPLEX,AMGAON GNEISSIC COMPLEX Gp.,ARCHAEAN,15.888267725029227
21.505,80.34,AMGAON GNEISSIC COMPLEX,AMGAON GNEISSIC COMPLEX Gp.,ARCHAEAN,16.361447843798434
21.505,80.355,AMGAON GNEISSIC COMPLEX,AMGAON GNEISSIC COMPLEX Gp.,ARCHAEAN,16.754234041406356
21.505,80.37,AMGAON GNEISSIC COMPLEX,AMGAON GNEISSIC COMPLEX Gp.,ARCHAEAN,17.214364438470284
21.505,80.385,AMGAON GNEISSIC COMPLEX,AMGAON GNEISSIC COMPLEX Gp.,ARCHAEAN,17.67508225627394
21.505,80.4,AMGAON GNEISSIC COMPLEX,AMGAON GNEISSIC COMPLEX Gp.,ARCHAEAN,18.256054359736517
21.505,80.415,AMGAON GNEISSIC COMPLEX,AMGAON GNEISSIC COMPLEX Gp.,ARCHAEAN,18.881425532165363
21.505,80.43,AMGAON GNEISSIC COMPLEX,AMGAON GNEISSIC COMPLEX Gp.,ARCHAEAN,19.570361834166103
21.505,80.445,AMGAON GNEISSIC COMPLEX,AMGAON GNEISSIC COMPLEX Gp.,ARCHAEAN,20.278747017288786
21.505,80.46,AMGAON GNEISSIC COMPLEX,AMGAON GNEISSIC COMPLEX Gp.,ARCHAEAN,21.048851602963182
21.505,80.475,AMGAON GNEISSIC COMPLEX,AMGAON GNEISSIC COMPLEX Gp.,ARCHAEAN,21.90223301313783
21.505,80.49,AMGAON GNEISSIC COMPLEX,AMGAON GNEISSIC COMPLEX Gp.,ARCHAEAN,22.829554355393274
21.52,79.2,TIRODI GNEISSIC COMPLEX,TIRODI GNEISSIC COMPLEX Gp.,ARCHAEAN,2.1497505483532184
21.52,79.215,TIRODI GNEISSIC COMPLEX,TIRODI GNEISSIC COMPLEX Gp.,ARCHAEAN,2.4919391064196903
21.52,79.23,TIRODI GNEISSIC COMPLEX,TIRODI GNEISSIC COMPLEX Gp.,ARCHAEAN,1.9345389665001742
21.52,79.245,TIRODI GNEISSIC COMPLEX,TIRODI GNEISSIC COMPLEX Gp.,ARCHAEAN,0.4112986164715222
21.52,79.26,SAUSAR,"SAUSAR Gp.(MANSAR, JUNEWANI, SITASAONGI, LOHANGI , BICHUA Fm.)",PALAEOPROTEROZOIC,0.3630066814272699
21.52,79.275,SAUSAR,"SAUSAR Gp.(MANSAR, JUNEWANI, SITASAONGI, LOHANGI , BICHUA Fm.)",PALAEOPROTEROZOIC,0.24669353896037655
21.52,79.29,SAUSAR,"SAUSAR Gp.(MANSAR, JUNEWANI, SITASAONGI, LOHANGI , BICHUA Fm.)",PALAEOPROTEROZOIC,0.6910042134375344
21.52,79.305,SAUSAR,"SAUSAR Gp.(MANSAR, JUNEWANI, SITASAONGI, LOHANGI , BICHUA Fm.)",PALAEOPROTEROZOIC,0.12706036579558336
21.52,79.32,TIRODI GNEISSIC COMPLEX,TIRODI GNEISSIC COMPLEX Gp.,ARCHAEAN,1.1229459437184468
21.52,79.335,TIRODI GNEISSIC COMPLEX,TIRODI GNEISSIC COMPLEX Gp.,ARCHAEAN,2.4945172538644864
21.52,79.35,TIRODI GNEISSIC COMPLEX,TIRODI GNEISSIC COMPLEX Gp.,ARCHAEAN,2.42030029609687
21.52,79.365,TIRODI GNEISSIC COMPLEX,TIRODI GNEISSIC COMPLEX Gp.,ARCHAEAN,2.1962079210584844
21.52,79.38,TIRODI GNEISSIC COMPLEX,TIRODI GNEISSIC COMPLEX Gp.,ARCHAEAN,1.8082685132314404
21.52,79.395,TIRODI GNEISSIC COMPLEX,TIRODI GNEISSIC COMPLEX Gp.,ARCHAEAN,1.6296131508446408
21.52,79.41,TIRODI GNEISSIC COMPLEX,TIRODI GNEISSIC COMPLEX Gp.,ARCHAEAN,1.4474123461929664
21.52,79.425,TIRODI GNEISSIC COMPLEX,TIRODI GNEISSIC COMPLEX Gp.,ARCHAEAN,0.814793239166763
21.52,79.44,,ACID  INTRUSIVE / GRANITE / GRANODIORITE,NEOPROTEROZOIC,0.8444126139981792
21.52,79.455,,ACID  INTRUSIVE / GRANITE / GRANODIORITE,NEOPROTEROZOIC,1.7649460708056872
21.52,79.47,,ACID  INTRUSIVE / GRANITE / GRANODIORITE,NEOPROTEROZOIC,3.2133312794411175
21.52,79.485,,ACID  INTRUSIVE / GRANITE / GRANODIORITE,NEOPROTEROZOIC,4.728852821831272
21.52,79.5,TIRODI GNEISSIC COMPLEX,TIRODI GNEISSIC COMPLEX Gp.,ARCHAEAN,6.256646173190396
21.52,79.515,TIRODI GNEISSIC COMPLEX,TIRODI GNEISSIC COMPLEX Gp.,ARCHAEAN,7.056952675100077
21.52,79.53,TIRODI GNEISSIC COMPLEX,TIRODI GNEISSIC COMPLEX Gp.,ARCHAEAN,6.997213710651585
21.52,79.545,TIRODI GNEISSIC COMPLEX,TIRODI GNEISSIC COMPLEX Gp.,ARCHAEAN,6.1627146228748995
21.52,79.56,TIRODI GNEISSIC COMPLEX,TIRODI GNEISSIC COMPLEX Gp.,ARCHAEAN,5.084825074019957
21.52,79.575,TIRODI GNEISSIC COMPLEX,TIRODI GNEISSIC COMPLEX Gp.,ARCHAEAN,3.587409167943508
21.52,79.59,TIRODI GNEISSIC COMPLEX,TIRODI GNEISSIC COMPLEX Gp.,ARCHAEAN,2.17017300315732
21.52,79.605,TIRODI GNEISSIC COMPLEX,TIRODI GNEISSIC COMPLEX Gp.,ARCHAEAN,1.0027961877861407
21.52,79.62,TIRODI GNEISSIC COMPLEX,TIRODI GNEISSIC COMPLEX Gp.,ARCHAEAN,0.5425891814195697
21.52,79.635,SAUSAR,"SAUSAR Gp.(MANSAR, JUNEWANI, SITASAONGI, LOHANGI , BICHUA Fm.)",PALAEOPROTEROZOIC,0.2462179249618187
21.52,79.65,TIRODI GNEISSIC COMPLEX,TIRODI GNEISSIC COMPLEX Gp.,ARCHAEAN,1.7995580309544934
21.52,79.665,SAUSAR,"SAUSAR Gp.(MANSAR, JUNEWANI, SITASAONGI, LOHANGI , BICHUA Fm.)",PALAEOPROTEROZOIC,3.352898136947168
21.52,79.68,SAUSAR,"SAUSAR Gp.(MANSAR, JUNEWANI, SITASAONGI, LOHANGI , BICHUA Fm.)",PALAEOPROTEROZOIC,4.580880968934059
21.52,79.695,SAUSAR,"SAUSAR Gp.(MANSAR, JUNEWANI, SITASAONGI, LOHANGI , BICHUA Fm.)",PALAEOPROTEROZOIC,4.766701883505995
21.52,79.71,SAUSAR,"SAUSAR Gp.(MANSAR, JUNEWANI, SITASAONGI, LOHANGI , BICHUA Fm.)",PALAEOPROTEROZOIC,5.0441886025156375
21.52,79.725,SAUSAR,"SAUSAR Gp.(MANSAR, JUNEWANI, SITASAONGI, LOHANGI , BICHUA Fm.)",PALAEOPROTEROZOIC,5.079257281718833
21.52,79.74,SAUSAR,"SAUSAR Gp.(MANSAR, JUNEWANI, SITASAONGI, LOHANGI , BICHUA Fm.)",PALAEOPROTEROZOIC,4.875405516138227
21.52,79.755,SAUSAR,"SAUSAR Gp.(MANSAR, JUNEWANI, SITASAONGI, LOHANGI , BICHUA Fm.)",PALAEOPROTEROZOIC,4.79533179882362
21.52,79.77,SAUSAR,"SAUSAR Gp.(MANSAR, JUNEWANI, SITASAONGI, LOHANGI , BICHUA Fm.)",PALAEOPROTEROZOIC,3.587731906503663
21.52,79.785,SAUSAR,"SAUSAR Gp.(MANSAR, JUNEWANI, SITASAONGI, LOHANGI , BICHUA Fm.)",PALAEOPROTEROZOIC,2.3861001955297443
21.52,79.8,SAUSAR,"SAUSAR Gp.(MANSAR, JUNEWANI, SITASAONGI, LOHANGI , BICHUA Fm.)",PALAEOPROTEROZOIC,1.4362082209200295
21.52,79.815,SAUSAR,"SAUSAR Gp.(MANSAR, JUNEWANI, SITASAONGI, LOHANGI , BICHUA Fm.)",PALAEOPROTEROZOIC,0.8106066336115972
21.52,79.83,SAUSAR,"SAUSAR Gp.(MANSAR, JUNEWANI, SITASAONGI, LOHANGI , BICHUA Fm.)",PALAEOPROTEROZOIC,0.25690665705908594
21.52,79.845,TIRODI GNEISSIC COMPLEX,TIRODI GNEISSIC COMPLEX Gp.,ARCHAEAN,0.10845228051630768
21.52,79.86,TIRODI GNEISSIC COMPLEX,TIRODI GNEISSIC COMPLEX Gp.,ARCHAEAN,0.19524676922718398
21.52,79.875,TIRODI GNEISSIC COMPLEX,TIRODI GNEISSIC COMPLEX Gp.,ARCHAEAN,0.4994050116897283
21.52,79.89,TIRODI GNEISSIC COMPLEX,TIRODI GNEISSIC COMPLEX Gp.,ARCHAEAN,1.3632004758760008
21.52,79.905,TIRODI GNEISSIC COMPLEX,TIRODI GNEISSIC COMPLEX Gp.,ARCHAEAN,2.3676603330973984
21.52,79.92,TIRODI GNEISSIC COMPLEX,TIRODI GNEISSIC COMPLEX Gp.,ARCHAEAN,3.4310541700959742
21.52,79.935,TIRODI GNEISSIC COMPLEX,TIRODI GNEISSIC COMPLEX Gp.,ARCHAEAN,4.60869278112509
21.52,79.95,AMGAON GNEISSIC COMPLEX,AMGAON GNEISSIC COMPLEX Gp.,ARCHAEAN,5.78915989000041
21.52,79.965,AMGAON GNEISSIC COMPLEX,AMGAON GNEISSIC COMPLEX Gp.,ARCHAEAN,7.10422599403141
21.52,79.98,AMGAON GNEISSIC COMPLEX,AMGAON GNEISSIC COMPLEX Gp.,ARCHAEAN,8.50010408977903
21.52,79.995,AMGAON GNEISSIC COMPLEX,AMGAON GNEISSIC COMPLEX Gp.,ARCHAEAN,9.942816498377587
21.52,80.01,AMGAON GNEISSIC COMPLEX,AMGAON GNEISSIC COMPLEX Gp.,ARCHAEAN,11.414618614928203
21.52,80.025,AMGAON GNEISSIC COMPLEX,AMGAON GNEISSIC COMPLEX Gp.,ARCHAEAN,12.793750431526023
21.52,80.04,AMGAON GNEISSIC COMPLEX,AMGAON GNEISSIC COMPLEX Gp.,ARCHAEAN,14.106951479732812
21.52,80.055,AMGAON GNEISSIC COMPLEX,AMGAON GNEISSIC COMPLEX Gp.,ARCHAEAN,15.464740470483944
21.52,80.07,AMGAON GNEISSIC COMPLEX,AMGAON GNEISSIC COMPLEX Gp.,ARCHAEAN,16.856346087091115
21.52,80.085,AMGAON GNEISSIC COMPLEX,AMGAON GNEISSIC COMPLEX Gp.,ARCHAEAN,17.13665934292547
21.52,80.1,AMGAON GNEISSIC COMPLEX,AMGAON GNEISSIC COMPLEX Gp.,ARCHAEAN,16.091805944507925
21.52,80.115,AMGAON GNEISSIC COMPLEX,AMGAON GNEISSIC COMPLEX Gp.,ARCHAEAN,15.134511273789155
21.52,80.13,AMGAON GNEISSIC COMPLEX,AMGAON GNEISSIC COMPLEX Gp.,ARCHAEAN,14.282392385651859
21.52,80.145,AMGAON GNEISSIC COMPLEX,AMGAON GNEISSIC COMPLEX Gp.,ARCHAEAN,13.555298625981132
21.52,80.16,AMGAON GNEISSIC COMPLEX,AMGAON GNEISSIC COMPLEX Gp.,ARCHAEAN,12.974266732337915
21.52,80.175,AMGAON GNEISSIC COMPLEX,AMGAON GNEISSIC COMPLEX Gp.,ARCHAEAN,12.55958444633816
21.52,80.19,AMGAON GNEISSIC COMPLEX,AMGAON GNEISSIC COMPLEX Gp.,ARCHAEAN,12.300853705700062
21.52,80.205,AMGAON GNEISSIC COMPLEX,AMGAON GNEISSIC COMPLEX Gp.,ARCHAEAN,12.081011022873671
21.52,80.22,AMGAON GNEISSIC COMPLEX,AMGAON GNEISSIC COMPLEX Gp.,ARCHAEAN,12.005862305807518
21.52,80.235,AMGAON GNEISSIC COMPLEX,AMGAON GNEISSIC COMPLEX Gp.,ARCHAEAN,12.07885153368915
21.52,80.25,AMGAON GNEISSIC COMPLEX,AMGAON GNEISSIC COMPLEX Gp.,ARCHAEAN,12.272215030706171
21.52,80.265,AMGAON GNEISSIC COMPLEX,AMGAON GNEISSIC COMPLEX Gp.,ARCHAEAN,12.619524321440956
21.52,80.28,AMGAON GNEISSIC COMPLEX,AMGAON GNEISSIC COMPLEX Gp.,ARCHAEAN,13.031566935732764
21.52,80.295,AMGAON GNEISSIC COMPLEX,AMGAON GNEISSIC COMPLEX Gp.,ARCHAEAN,13.454118499594236
21.52,80.31,AMGAON GNEISSIC COMPLEX,AMGAON GNEISSIC COMPLEX Gp.,ARCHAEAN,13.843647724396275
21.52,80.325,AMGAON GNEISSIC COMPLEX,AMGAON GNEISSIC COMPLEX Gp.,ARCHAEAN,14.301050165866267
21.52,80.34,AMGAON GNEISSIC COMPLEX,AMGAON GNEISSIC COMPLEX Gp.,ARCHAEAN,14.732335016318297
21.52,80.355,AMGAON GNEISSIC COMPLEX,AMGAON GNEISSIC COMPLEX Gp.,ARCHAEAN,15.167280361887208
21.52,80.37,AMGAON GNEISSIC COMPLEX,AMGAON GNEISSIC COMPLEX Gp.,ARCHAEAN,15.605643551332749
21.52,80.385,AMGAON GNEISSIC COMPLEX,AMGAON GNEISSIC COMPLEX Gp.,ARCHAEAN,16.112323957128275
21.52,80.4,AMGAON GNEISSIC COMPLEX,AMGAON GNEISSIC COMPLEX Gp.,ARCHAEAN,16.713651238872846
21.52,80.415,AMGAON GNEISSIC COMPLEX,AMGAON GNEISSIC COMPLEX Gp.,ARCHAEAN,17.37590468846019
21.52,80.43,AMGAON GNEISSIC COMPLEX,AMGAON GNEISSIC COMPLEX Gp.,ARCHAEAN,18.08320263759626
21.52,80.445,AMGAON GNEISSIC COMPLEX,AMGAON GNEISSIC COMPLEX Gp.,ARCHAEAN,18.817706966418843
21.52,80.46,AMGAON GNEISSIC COMPLEX,AMGAON GNEISSIC COMPLEX Gp.,ARCHAEAN,19.645001931791835
21.52,80.475,AMGAON GNEISSIC COMPLEX,AMGAON GNEISSIC COMPLEX Gp.,ARCHAEAN,20.556560854061317
21.52,80.49,AMGAON GNEISSIC COMPLEX,AMGAON GNEISSIC COMPLEX Gp.,ARCHAEAN,21.528107757644438
21.535,79.2,TIRODI GNEISSIC COMPLEX,TIRODI GNEISSIC COMPLEX Gp.,ARCHAEAN,3.8012511407521887
21.535,79.215,TIRODI GNEISSIC COMPLEX,TIRODI GNEISSIC COMPLEX Gp.,ARCHAEAN,2.8876650820188736
21.535,79.23,TIRODI GNEISSIC COMPLEX,TIRODI GNEISSIC COMPLEX Gp.,ARCHAEAN,1.3665371931590418
21.535,79.245,TIRODI GNEISSIC COMPLEX,TIRODI GNEISSIC COMPLEX Gp.,ARCHAEAN,0.27437207335163616
21.535,79.26,SAUSAR,"SAUSAR Gp.(MANSAR, JUNEWANI, SITASAONGI, LOHANGI , BICHUA Fm.)",PALAEOPROTEROZOIC,1.2500863642921116
21.535,79.275,SAUSAR,"SAUSAR Gp.(MANSAR, JUNEWANI, SITASAONGI, LOHANGI , BICHUA Fm.)",PALAEOPROTEROZOIC,0.9817802542072452
21.535,79.29,TIRODI GNEISSIC COMPLEX,TIRODI GNEISSIC COMPLEX Gp.,ARCHAEAN,0.38316424285507145
21.535,79.305,TIRODI GNEISSIC COMPLEX,TIRODI GNEISSIC COMPLEX Gp.,ARCHAEAN,0.7149534482715992
21.535,79.32,TIRODI GNEISSIC COMPLEX,TIRODI GNEISSIC COMPLEX Gp.,ARCHAEAN,1.5313039188691115
21.535,79.335,TIRODI GNEISSIC COMPLEX,TIRODI GNEISSIC COMPLEX Gp.,ARCHAEAN,1.3973164601218107
21.535,79.35,TIRODI GNEISSIC COMPLEX,TIRODI GNEISSIC COMPLEX Gp.,ARCHAEAN,0.7990712612213853
21.535,79.365,TIRODI GNEISSIC COMPLEX,TIRODI GNEISSIC COMPLEX Gp.,ARCHAEAN,0.5274825064154143
21.535,79.38,TIRODI GNEISSIC COMPLEX,TIRODI GNEISSIC COMPLEX Gp.,ARCHAEAN,0.15742672717964912
21.535,79.395,SAUSAR,"SAUSAR Gp.(MANSAR, JUNEWANI, SITASAONGI, LOHANGI , BICHUA Fm.)",PALAEOPROTEROZOIC,0.03310418940466694
21.535,79.41,SAUSAR,"SAUSAR Gp.(MANSAR, JUNEWANI, SITASAONGI, LOHANGI , BICHUA Fm.)",PALAEOPROTEROZOIC,0.009547489588875156
21.535,79.425,SAUSAR,"SAUSAR Gp.(MANSAR, JUNEWANI, SITASAONGI, LOHANGI , BICHUA Fm.)",PALAEOPROTEROZOIC,0.3420889770451042
21.535,79.44,,ACID  INTRUSIVE / GRANITE / GRANODIORITE,NEOPROTEROZOIC,0.25708732333645934
21.535,79.455,,ACID  INTRUSIVE / GRANITE / GRANODIORITE,NEOPROTEROZOIC,1.6386339451161
21.535,79.47,,ACID  INTRUSIVE / GRANITE / GRANODIORITE,NEOPROTEROZOIC,3.1356717413121302
21.535,79.485,,ACID  INTRUSIVE / GRANITE / GRANODIORITE,NEOPROTEROZOIC,4.050841087523437
21.535,79.5,,ACID  INTRUSIVE / GRANITE / GRANODIORITE,NEOPROTEROZOIC,4.796763672404328
21.535,79.515,TIRODI GNEISSIC COMPLEX,TIRODI GNEISSIC COMPLEX Gp.,ARCHAEAN,5.796548516123747
21.535,79.53,TIRODI GNEISSIC COMPLEX,TIRODI GNEISSIC COMPLEX Gp.,ARCHAEAN,6.522792077784029
21.535,79.545,TIRODI GNEISSIC COMPLEX,TIRODI GNEISSIC COMPLEX Gp.,ARCHAEAN,6.531213974357502
21.535,79.56,TIRODI GNEISSIC COMPLEX,TIRODI GNEISSIC COMPLEX Gp.,ARCHAEAN,4.98481746955755
21.535,79.575,TIRODI GNEISSIC COMPLEX,TIRODI GNEISSIC COMPLEX Gp.,ARCHAEAN,3.4445820598843255
21.535,79.59,TIRODI GNEISSIC COMPLEX,TIRODI GNEISSIC COMPLEX Gp.,ARCHAEAN,1.9253511540119521
21.535,79.605,TIRODI GNEISSIC COMPLEX,TIRODI GNEISSIC COMPLEX Gp.,ARCHAEAN,0.5855809098360875
21.535,79.62,SAUSAR,"SAUSAR Gp.(MANSAR, JUNEWANI, SITASAONGI, LOHANGI , BICHUA Fm.)",PALAEOPROTEROZOIC,0.2951410528964392
21.535,79.635,SAUSAR,"SAUSAR Gp.(MANSAR, JUNEWANI, SITASAONGI, LOHANGI , BICHUA Fm.)",PALAEOPROTEROZOIC,0.9446011325791152
21.535,79.65,TIRODI GNEISSIC COMPLEX,TIRODI GNEISSIC COMPLEX Gp.,ARCHAEAN,1.9061299810249421
21.535,79.665,TIRODI GNEISSIC COMPLEX,TIRODI GNEISSIC COMPLEX Gp.,ARCHAEAN,2.9012366627059025
21.535,79.68,SAUSAR,"SAUSAR Gp.(MANSAR, JUNEWANI, SITASAONGI, LOHANGI , BICHUA Fm.)",PALAEOPROTEROZOIC,2.9184718242575443
21.535,79.695,TIRODI GNEISSIC COMPLEX,TIRODI GNEISSIC COMPLEX Gp.,ARCHAEAN,3.1176675102969003
21.535,79.71,TIRODI GNEISSIC COMPLEX,TIRODI GNEISSIC COMPLEX Gp.,ARCHAEAN,3.415864413558931
21.535,79.725,TIRODI GNEISSIC COMPLEX,TIRODI GNEISSIC COMPLEX Gp.,ARCHAEAN,3.4467092965758512
21.535,79.74,SAUSAR,"SAUSAR Gp.(MANSAR, JUNEWANI, SITASAONGI, LOHANGI , BICHUA Fm.)",PALAEOPROTEROZOIC,3.2169795178723493
21.535,79.755,SAUSAR,"SAUSAR Gp.(MANSAR, JUNEWANI, SITASAONGI, LOHANGI , BICHUA Fm.)",PALAEOPROTEROZOIC,3.125798239591379
21.535,79.77,SAUSAR,"SAUSAR Gp.(MANSAR, JUNEWANI, SITASAONGI, LOHANGI , BICHUA Fm.)",PALAEOPROTEROZOIC,3.2505981454660113
21.535,79.785,SAUSAR,"SAUSAR Gp.(MANSAR, JUNEWANI, SITASAONGI, LOHANGI , BICHUA Fm.)",PALAEOPROTEROZOIC,3.5245188257500124
21.535,79.8,SAUSAR,"SAUSAR Gp.(MANSAR, JUNEWANI, SITASAONGI, LOHANGI , BICHUA Fm.)",PALAEOPROTEROZOIC,2.934097013951033
21.535,79.815,SAUSAR,"SAUSAR Gp.(MANSAR, JUNEWANI, SITASAONGI, LOHANGI , BICHUA Fm.)",PALAEOPROTEROZOIC,2.414966038951045
21.535,79.83,SAUSAR,"SAUSAR Gp.(MANSAR, JUNEWANI, SITASAONGI, LOHANGI , BICHUA Fm.)",PALAEOPROTEROZOIC,1.6229712288396119
21.535,79.845,SAUSAR,"SAUSAR Gp.(MANSAR, JUNEWANI, SITASAONGI, LOHANGI , BICHUA Fm.)",PALAEOPROTEROZOIC,1.3549720927253914
21.535,79.86,SAUSAR,"SAUSAR Gp.(MANSAR, JUNEWANI, SITASAONGI, LOHANGI , BICHUA Fm.)",PALAEOPROTEROZOIC,1.4547766887372253
21.535,79.875,SAUSAR,"SAUSAR Gp.(MANSAR, JUNEWANI, SITASAONGI, LOHANGI , BICHUA Fm.)",PALAEOPROTEROZOIC,0.9181591101810744
21.535,79.89,TIRODI GNEISSIC COMPLEX,TIRODI GNEISSIC COMPLEX Gp.,ARCHAEAN,0.08121474368481524
21.535,79.905,TIRODI GNEISSIC COMPLEX,TIRODI GNEISSIC COMPLEX Gp.,ARCHAEAN,1.1615006619931934
21.535,79.92,TIRODI GNEISSIC COMPLEX,TIRODI GNEISSIC COMPLEX Gp.,ARCHAEAN,2.3340867057427985
21.535,79.935,TIRODI GNEISSIC COMPLEX,TIRODI GNEISSIC COMPLEX Gp.,ARCHAEAN,3.5770142356067764
21.535,79.95,TIRODI GNEISSIC COMPLEX,TIRODI GNEISSIC COMPLEX Gp.,ARCHAEAN,4.99220319742937
21.535,79.965,TIRODI GNEISSIC COMPLEX,TIRODI GNEISSIC COMPLEX Gp.,ARCHAEAN,6.471031279759195
21.535,79.98,TIRODI GNEISSIC COMPLEX,TIRODI GNEISSIC COMPLEX Gp.,ARCHAEAN,7.978188392067915
21.535,79.995,TIRODI GNEISSIC COMPLEX,TIRODI GNEISSIC COMPLEX Gp.,ARCHAEAN,9.290823359795377
21.535,80.01,AMGAON GNEISSIC COMPLEX,AMGAON GNEISSIC COMPLEX Gp.,ARCHAEAN,10.58286214926118
21.535,80.025,AMGAON GNEISSIC COMPLEX,AMGAON GNEISSIC COMPLEX Gp.,ARCHAEAN,11.936943266463873
21.535,80.04,AMGAON GNEISSIC COMPLEX,AMGAON GNEISSIC COMPLEX Gp.,ARCHAEAN,13.334517200101278
21.535,80.055,AMGAON GNEISSIC COMPLEX,AMGAON GNEISSIC COMPLEX Gp.,ARCHAEAN,14.763237263870137
21.535,80.07,AMGAON GNEISSIC COMPLEX,AMGAON GNEISSIC COMPLEX Gp.,ARCHAEAN,16.214872530960996
21.535,80.085,AMGAON GNEISSIC COMPLEX,AMGAON GNEISSIC COMPLEX Gp.,ARCHAEAN,15.981576562959718
21.535,80.1,AMGAON GNEISSIC COMPLEX,AMGAON GNEISSIC COMPLEX Gp.,ARCHAEAN,14.855944423112353
21.535,80.115,AMGAON GNEISSIC COMPLEX,AMGAON GNEISSIC COMPLEX Gp.,ARCHAEAN,13.813488737606091
21.535,80.13,AMGAON GNEISSIC COMPLEX,AMGAON GNEISSIC COMPLEX Gp.,ARCHAEAN,12.87443003172742
21.535,80.145,AMGAON GNEISSIC COMPLEX,AMGAON GNEISSIC COMPLEX Gp.,ARCHAEAN,12.062939828923417
21.535,80.16,AMGAON GNEISSIC COMPLEX,AMGAON GNEISSIC COMPLEX Gp.,ARCHAEAN,11.406277969921492
21.535,80.175,AMGAON GNEISSIC COMPLEX,AMGAON GNEISSIC COMPLEX Gp.,ARCHAEAN,10.932379799225473
21.535,80.19,AMGAON GNEISSIC COMPLEX,AMGAON GNEISSIC COMPLEX Gp.,ARCHAEAN,10.665635009619324
21.535,80.205,AMGAON GNEISSIC COMPLEX,AMGAON GNEISSIC COMPLEX Gp.,ARCHAEAN,10.417182771584848
21.535,80.22,AMGAON GNEISSIC COMPLEX,AMGAON GNEISSIC COMPLEX Gp.,ARCHAEAN,10.33606233462278
21.535,80.235,AMGAON GNEISSIC COMPLEX,AMGAON GNEISSIC COMPLEX Gp.,ARCHAEAN,10.414857022523952
21.535,80.25,AMGAON GNEISSIC COMPLEX,AMGAON GNEISSIC COMPLEX Gp.,ARCHAEAN,10.628338502680663
21.535,80.265,AMGAON GNEISSIC COMPLEX,AMGAON GNEISSIC COMPLEX Gp.,ARCHAEAN,10.99863890414464
21.535,80.28,AMGAON GNEISSIC COMPLEX,AMGAON GNEISSIC COMPLEX Gp.,ARCHAEAN,11.430230930117105
21.535,80.295,AMGAON GNEISSIC COMPLEX,AMGAON GNEISSIC COMPLEX Gp.,ARCHAEAN,11.868425348438969
21.535,80.31,AMGAON GNEISSIC COMPLEX,AMGAON GNEISSIC COMPLEX Gp.,ARCHAEAN,12.234957468740717
21.535,80.325,AMGAON GNEISSIC COMPLEX,AMGAON GNEISSIC COMPLEX Gp.,ARCHAEAN,12.714214669364214
21.535,80.34,AMGAON GNEISSIC COMPLEX,AMGAON GNEISSIC COMPLEX Gp.,ARCHAEAN,13.113461680855233
21.535,80.355,AMGAON GNEISSIC COMPLEX,AMGAON GNEISSIC COMPLEX Gp.,ARCHAEAN,13.573678457376355
21.535,80.37,AMGAON GNEISSIC COMPLEX,AMGAON GNEISSIC COMPLEX Gp.,ARCHAEAN,14.011221935462723
21.535,80.385,AMGAON GNEISSIC COMPLEX,AMGAON GNEISSIC COMPLEX Gp.,ARCHAEAN,14.573328165356337
21.535,80.4,AMGAON GNEISSIC COMPLEX,AMGAON GNEISSIC COMPLEX Gp.,ARCHAEAN,15.198197707996453
21.535,80.415,AMGAON GNEISSIC COMPLEX,AMGAON GNEISSIC COMPLEX Gp.,ARCHAEAN,15.891827672248324
21.535,80.43,AMGAON GNEISSIC COMPLEX,AMGAON GNEISSIC COMPLEX Gp.,ARCHAEAN,16.600383165621082
21.535,80.445,AMGAON GNEISSIC COMPLEX,AMGAON GNEISSIC COMPLEX Gp.,ARCHAEAN,17.39428251078796
21.535,80.46,AMGAON GNEISSIC COMPLEX,AMGAON GNEISSIC COMPLEX Gp.,ARCHAEAN,18.285909822081663
21.535,80.475,AMGAON GNEISSIC COMPLEX,AMGAON GNEISSIC COMPLEX Gp.,ARCHAEAN,19.26169834448688
21.535,80.49,AMGAON GNEISSIC COMPLEX,AMGAON GNEISSIC COMPLEX Gp.,ARCHAEAN,20.16712469187214
21.55,79.2,TIRODI GNEISSIC COMPLEX,TIRODI GNEISSIC COMPLEX Gp.,ARCHAEAN,4.459334663165603
21.55,79.215,TIRODI GNEISSIC COMPLEX,TIRODI GNEISSIC COMPLEX Gp.,ARCHAEAN,2.923705897339362
21.55,79.23,TIRODI GNEISSIC COMPLEX,TIRODI GNEISSIC COMPLEX Gp.,ARCHAEAN,1.4167225056170214
21.55,79.245,TIRODI GNEISSIC COMPLEX,TIRODI GNEISSIC COMPLEX Gp.,ARCHAEAN,0.1448768894776358
21.55,79.26,SAUSAR,"SAUSAR Gp.(MANSAR, JUNEWANI, SITASAONGI, LOHANGI , BICHUA Fm.)",PALAEOPROTEROZOIC,1.2670003653013144
21.55,79.275,SAUSAR,"SAUSAR Gp.(MANSAR, JUNEWANI, SITASAONGI, LOHANGI , BICHUA Fm.)",PALAEOPROTEROZOIC,0.3628877236965453
21.55,79.29,TIRODI GNEISSIC COMPLEX,TIRODI GNEISSIC COMPLEX Gp.,ARCHAEAN,0.8600316468169414
21.55,79.305,TIRODI GNEISSIC COMPLEX,TIRODI GNEISSIC COMPLEX Gp.,ARCHAEAN,1.4615611725097992
21.55,79.32,TIRODI GNEISSIC COMPLEX,TIRODI GNEISSIC COMPLEX Gp.,ARCHAEAN,0.6591492734036418
21.55,79.335,SAUSAR,"SAUSAR Gp.(MANSAR, JUNEWANI, SITASAONGI, LOHANGI , BICHUA Fm.)",PALAEOPROTEROZOIC,0.11923109858742566
21.55,79.35,SAUSAR,"SAUSAR Gp.(MANSAR, JUNEWANI, SITASAONGI, LOHANGI , BICHUA Fm.)",PALAEOPROTEROZOIC,0.7635932383742313
21.55,79.365,SAUSAR,"SAUSAR Gp.(MANSAR, JUNEWANI, SITASAONGI, LOHANGI , BICHUA Fm.)",PALAEOPROTEROZOIC,1.1412425698109492
21.55,79.38,SAUSAR,"SAUSAR Gp.(MANSAR, JUNEWANI, SITASAONGI, LOHANGI , BICHUA Fm.)",PALAEOPROTEROZOIC,1.03431140030549
21.55,79.395,SAUSAR,"SAUSAR Gp.(MANSAR, JUNEWANI, SITASAONGI, LOHANGI , BICHUA Fm.)",PALAEOPROTEROZOIC,0.5458496510695909
21.55,79.41,SAUSAR,"SAUSAR Gp.(MANSAR, JUNEWANI, SITASAONGI, LOHANGI , BICHUA Fm.)",PALAEOPROTEROZOIC,0.2825714121404895
21.55,79.425,TIRODI GNEISSIC COMPLEX,TIRODI GNEISSIC COMPLEX Gp.,ARCHAEAN,0.009118199937155446
21.55,79.44,,ACID  INTRUSIVE / GRANITE / GRANODIORITE,NEOPROTEROZOIC,0.9275124379609306
21.55,79.455,,ACID  INTRUSIVE / GRANITE / GRANODIORITE,NEOPROTEROZOIC,2.165050962466935
21.55,79.47,,ACID  INTRUSIVE / GRANITE / GRANODIORITE,NEOPROTEROZOIC,1.9193119291178187
21.55,79.485,,ACID  INTRUSIVE / GRANITE / GRANODIORITE,NEOPROTEROZOIC,2.5733755493452857
21.55,79.5,,ACID  INTRUSIVE / GRANITE / GRANODIORITE,NEOPROTEROZOIC,3.52827512915021
21.55,79.515,,ACID  INTRUSIVE / GRANITE / GRANODIORITE,NEOPROTEROZOIC,4.2835337354349265
21.55,79.53,TIRODI GNEISSIC COMPLEX,TIRODI GNEISSIC COMPLEX Gp.,ARCHAEAN,5.224332869687698
21.55,79.545,TIRODI GNEISSIC COMPLEX,TIRODI GNEISSIC COMPLEX Gp.,ARCHAEAN,6.408021574406813
21.55,79.56,TIRODI GNEISSIC COMPLEX,TIRODI GNEISSIC COMPLEX Gp.,ARCHAEAN,5.423820204762483
21.55,79.575,TIRODI GNEISSIC COMPLEX,TIRODI GNEISSIC COMPLEX Gp.,ARCHAEAN,4.054287771760197
21.55,79.59,TIRODI GNEISSIC COMPLEX,TIRODI GNEISSIC COMPLEX Gp.,ARCHAEAN,2.868187175645746
21.55,79.605,TIRODI GNEISSIC COMPLEX,TIRODI GNEISSIC COMPLEX Gp.,ARCHAEAN,1.8468086173126157
21.55,79.62,TIRODI GNEISSIC COMPLEX,TIRODI GNEISSIC COMPLEX Gp.,ARCHAEAN,1.249497737976389
21.55,79.635,TIRODI GNEISSIC COMPLEX,TIRODI GNEISSIC COMPLEX Gp.,ARCHAEAN,0.3801555510769619
21.55,79.65,SAUSAR,"SAUSAR Gp.(MANSAR, JUNEWANI, SITASAONGI, LOHANGI , BICHUA Fm.)",PALAEOPROTEROZOIC,0.6332266368116038
21.55,79.665,SAUSAR,"SAUSAR Gp.(MANSAR, JUNEWANI, SITASAONGI, LOHANGI , BICHUA Fm.)",PALAEOPROTEROZOIC,1.3167039761836943
21.55,79.68,SAUSAR,"SAUSAR Gp.(MANSAR, JUNEWANI, SITASAONGI, LOHANGI , BICHUA Fm.)",PALAEOPROTEROZOIC,1.256064997460183
21.55,79.695,TIRODI GNEISSIC COMPLEX,TIRODI GNEISSIC COMPLEX Gp.,ARCHAEAN,1.468639593994514
21.55,79.71,TIRODI GNEISSIC COMPLEX,TIRODI GNEISSIC COMPLEX Gp.,ARCHAEAN,1.7875529490522692
21.55,79.725,TIRODI GNEISSIC COMPLEX,TIRODI GNEISSIC COMPLEX Gp.,ARCHAEAN,1.8123989085850274
21.55,79.74,SAUSAR,"SAUSAR Gp.(MANSAR, JUNEWANI, SITASAONGI, LOHANGI , BICHUA Fm.)",PALAEOPROTEROZOIC,1.5580142929151704
21.55,79.755,SAUSAR,"SAUSAR Gp.(MANSAR, JUNEWANI, SITASAONGI, LOHANGI , BICHUA Fm.)",PALAEOPROTEROZOIC,1.456264764295093
21.55,79.77,SAUSAR,"SAUSAR Gp.(MANSAR, JUNEWANI, SITASAONGI, LOHANGI , BICHUA Fm.)",PALAEOPROTEROZOIC,1.598124527696202
21.55,79.785,SAUSAR,"SAUSAR Gp.(MANSAR, JUNEWANI, SITASAONGI, LOHANGI , BICHUA Fm.)",PALAEOPROTEROZOIC,1.8880120657650554
21.55,79.8,SAUSAR,"SAUSAR Gp.(MANSAR, JUNEWANI, SITASAONGI, LOHANGI , BICHUA Fm.)",PALAEOPROTEROZOIC,2.2246119270587936
21.55,79.815,SAUSAR,"SAUSAR Gp.(MANSAR, JUNEWANI, SITASAONGI, LOHANGI , BICHUA Fm.)",PALAEOPROTEROZOIC,2.6602472110980404
21.55,79.83,SAUSAR,"SAUSAR Gp.(MANSAR, JUNEWANI, SITASAONGI, LOHANGI , BICHUA Fm.)",PALAEOPROTEROZOIC,3.1638362896202814
21.55,79.845,SAUSAR,"SAUSAR Gp.(MANSAR, JUNEWANI, SITASAONGI, LOHANGI , BICHUA Fm.)",PALAEOPROTEROZOIC,3.0178884638304613
21.55,79.86,SAUSAR,"SAUSAR Gp.(MANSAR, JUNEWANI, SITASAONGI, LOHANGI , BICHUA Fm.)",PALAEOPROTEROZOIC,3.1063731005731916
21.55,79.875,SAUSAR,"SAUSAR Gp.(MANSAR, JUNEWANI, SITASAONGI, LOHANGI , BICHUA Fm.)",PALAEOPROTEROZOIC,2.2050423391789025
21.55,79.89,SAUSAR,"SAUSAR Gp.(MANSAR, JUNEWANI, SITASAONGI, LOHANGI , BICHUA Fm.)",PALAEOPROTEROZOIC,1.112425234842007
21.55,79.905,TIRODI GNEISSIC COMPLEX,TIRODI GNEISSIC COMPLEX Gp.,ARCHAEAN,0.059712994036499836
21.55,79.92,TIRODI GNEISSIC COMPLEX,TIRODI GNEISSIC COMPLEX Gp.,ARCHAEAN,1.553345391001346
21.55,79.935,TIRODI GNEISSIC COMPLEX,TIRODI GNEISSIC COMPLEX Gp.,ARCHAEAN,3.0558624907610556
21.55,79.95,TIRODI GNEISSIC COMPLEX,TIRODI GNEISSIC COMPLEX Gp.,ARCHAEAN,4.5261779175864065
21.55,79.965,TIRODI GNEISSIC COMPLEX,TIRODI GNEISSIC COMPLEX Gp.,ARCHAEAN,5.805201156388985
21.55,79.98,TIRODI GNEISSIC COMPLEX,TIRODI GNEISSIC COMPLEX Gp.,ARCHAEAN,7.063135923539218
21.55,79.995,TIRODI GNEISSIC COMPLEX,TIRODI GNEISSIC COMPLEX Gp.,ARCHAEAN,8.409937109357253
21.55,80.01,TIRODI GNEISSIC COMPLEX,TIRODI GNEISSIC COMPLEX Gp.,ARCHAEAN,9.81785563075624
21.55,80.025,TIRODI GNEISSIC COMPLEX,TIRODI GNEISSIC COMPLEX Gp.,ARCHAEAN,11.263997074017437
21.55,80.04,AMGAON GNEISSIC COMPLEX,AMGAON GNEISSIC COMPLEX Gp.,ARCHAEAN,12.735347065339386
21.55,80.055,AMGAON GNEISSIC COMPLEX,AMGAON GNEISSIC COMPLEX Gp.,ARCHAEAN,14.224084981463566
21.55,80.07,AMGAON GNEISSIC COMPLEX,AMGAON GNEISSIC COMPLEX Gp.,ARCHAEAN,15.725273165804623
21.55,80.085,AMGAON GNEISSIC COMPLEX,AMGAON GNEISSIC COMPLEX Gp.,ARCHAEAN,14.924239779350422
21.55,80.1,AMGAON GNEISSIC COMPLEX,AMGAON GNEISSIC COMPLEX Gp.,ARCHAEAN,13.712344891311892
21.55,80.115,AMGAON GNEISSIC COMPLEX,AMGAON GNEISSIC COMPLEX Gp.,ARCHAEAN,12.575689473706912
21.55,80.13,AMGAON GNEISSIC COMPLEX,AMGAON GNEISSIC COMPLEX Gp.,ARCHAEAN,11.536534269614592
21.55,80.145,AMGAON GNEISSIC COMPLEX,AMGAON GNEISSIC COMPLEX Gp.,ARCHAEAN,10.623529265877453
21.55,80.16,AMGAON GNEISSIC COMPLEX,AMGAON GNEISSIC COMPLEX Gp.,ARCHAEAN,9.871738401415998
21.55,80.175,AMGAON GNEISSIC COMPLEX,AMGAON GNEISSIC COMPLEX Gp.,ARCHAEAN,9.32025525203583
21.55,80.19,AMGAON GNEISSIC COMPLEX,AMGAON GNEISSIC COMPLEX Gp.,ARCHAEAN,9.005953073067023
21.55,80.205,AMGAON GNEISSIC COMPLEX,AMGAON GNEISSIC COMPLEX Gp.,ARCHAEAN,8.755628500244459
21.55,80.22,AMGAON GNEISSIC COMPLEX,AMGAON GNEISSIC COMPLEX Gp.,ARCHAEAN,8.666262374542178
21.55,80.235,AMGAON GNEISSIC COMPLEX,AMGAON GNEISSIC COMPLEX Gp.,ARCHAEAN,8.7530739289202
21.55,80.25,AMGAON GNEISSIC COMPLEX,AMGAON GNEISSIC COMPLEX Gp.,ARCHAEAN,8.994018040322523
21.55,80.265,AMGAON GNEISSIC COMPLEX,AMGAON GNEISSIC COMPLEX Gp.,ARCHAEAN,9.387396448981809
21.55,80.28,AMGAON GNEISSIC COMPLEX,AMGAON GNEISSIC COMPLEX Gp.,ARCHAEAN,9.817820058147259
21.55,80.295,AMGAON GNEISSIC COMPLEX,AMGAON GNEISSIC COMPLEX Gp.,ARCHAEAN,10.241530607221833
21.55,80.31,AMGAON GNEISSIC COMPLEX,AMGAON GNEISSIC COMPLEX Gp.,ARCHAEAN,10.645104455873774
21.55,80.325,AMGAON GNEISSIC COMPLEX,AMGAON GNEISSIC COMPLEX Gp.,ARCHAEAN,11.120003451644438
21.55,80.34,AMGAON GNEISSIC COMPLEX,AMGAON GNEISSIC COMPLEX Gp.,ARCHAEAN,11.509149499969817
21.55,80.355,AMGAON GNEISSIC COMPLEX,AMGAON GNEISSIC COMPLEX Gp.,ARCHAEAN,11.971531983299094
21.55,80.37,AMGAON GNEISSIC COMPLEX,AMGAON GNEISSIC COMPLEX Gp.,ARCHAEAN,12.436600477710124
21.55,80.385,AMGAON GNEISSIC COMPLEX,AMGAON GNEISSIC COMPLEX Gp.,ARCHAEAN,13.03128999702961
21.55,80.4,AMGAON GNEISSIC COMPLEX,AMGAON GNEISSIC COMPLEX Gp.,ARCHAEAN,13.693083378411377
21.55,80.415,AMGAON GNEISSIC COMPLEX,AMGAON GNEISSIC COMPLEX Gp.,ARCHAEAN,14.403161126740468
21.55,80.43,AMGAON GNEISSIC COMPLEX,AMGAON GNEISSIC COMPLEX Gp.,ARCHAEAN,15.152878322588744
21.55,80.445,AMGAON GNEISSIC COMPLEX,AMGAON GNEISSIC COMPLEX Gp.,ARCHAEAN,16.018504498534124
21.55,80.46,AMGAON GNEISSIC COMPLEX,AMGAON GNEISSIC COMPLEX Gp.,ARCHAEAN,16.98232449266098
21.55,80.475,AMGAON GNEISSIC COMPLEX,AMGAON GNEISSIC COMPLEX Gp.,ARCHAEAN,17.90064535505586
21.55,80.49,AMGAON GNEISSIC COMPLEX,AMGAON GNEISSIC COMPLEX Gp.,ARCHAEAN,18.855844193218903
21.565,79.2,TIRODI GNEISSIC COMPLEX,TIRODI GNEISSIC COMPLEX Gp.,ARCHAEAN,3.757174136630409
21.565,79.215,TIRODI GNEISSIC COMPLEX,TIRODI GNEISSIC COMPLEX Gp.,ARCHAEAN,3.3565687946289198
21.565,79.23,TIRODI GNEISSIC COMPLEX,TIRODI GNEISSIC COMPLEX Gp.,ARCHAEAN,1.8041842771672763
21.565,79.245,TIRODI GNEISSIC COMPLEX,TIRODI GNEISSIC COMPLEX Gp.,ARCHAEAN,0.258270850804878
21.565,79.26,SAUSAR,"SAUSAR Gp.(MANSAR, JUNEWANI, SITASAONGI, LOHANGI , BICHUA Fm.)",PALAEOPROTEROZOIC,0.47356703614514917
21.565,79.275,TIRODI GNEISSIC COMPLEX,TIRODI GNEISSIC COMPLEX Gp.,ARCHAEAN,0.41269905117808986
21.565,79.29,TIRODI GNEISSIC COMPLEX,TIRODI GNEISSIC COMPLEX Gp.,ARCHAEAN,0.7104483979867833
21.565,79.305,SAUSAR,"SAUSAR Gp.(MANSAR, JUNEWANI, SITASAONGI, LOHANGI , BICHUA Fm.)",PALAEOPROTEROZOIC,0.02022351788185388
21.565,79.32,SAUSAR,"SAUSAR Gp.(MANSAR, JUNEWANI, SITASAONGI, LOHANGI , BICHUA Fm.)",PALAEOPROTEROZOIC,0.7887482567234007
21.565,79.335,SAUSAR,"SAUSAR Gp.(MANSAR, JUNEWANI, SITASAONGI, LOHANGI , BICHUA Fm.)",PALAEOPROTEROZOIC,1.5812592434419488
21.565,79.35,SAUSAR,"SAUSAR Gp.(MANSAR, JUNEWANI, SITASAONGI, LOHANGI , BICHUA Fm.)",PALAEOPROTEROZOIC,1.4755798172616927
21.565,79.365,SAUSAR,"SAUSAR Gp.(MANSAR, JUNEWANI, SITASAONGI, LOHANGI , BICHUA Fm.)",PALAEOPROTEROZOIC,0.4577587211630007
21.565,79.38,TIRODI GNEISSIC COMPLEX,TIRODI GNEISSIC COMPLEX Gp.,ARCHAEAN,0.4287486960148375
21.565,79.395,TIRODI GNEISSIC COMPLEX,TIRODI GNEISSIC COMPLEX Gp.,ARCHAEAN,0.5295755956783633
21.565,79.41,TIRODI GNEISSIC COMPLEX,TIRODI GNEISSIC COMPLEX Gp.,ARCHAEAN,0.2715413978387587
21.565,79.425,TIRODI GNEISSIC COMPLEX,TIRODI GNEISSIC COMPLEX Gp.,ARCHAEAN,0.3842484225439235
21.565,79.44,TIRODI GNEISSIC COMPLEX,TIRODI GNEISSIC COMPLEX Gp.,ARCHAEAN,0.6933220805054223
21.565,79.455,TIRODI GNEISSIC COMPLEX,TIRODI GNEISSIC COMPLEX Gp.,ARCHAEAN,0.8923714414862471
21.565,79.47,,ACID  INTRUSIVE / GRANITE / GRANODIORITE,NEOPROTEROZOIC,0.3718385085759066
21.565,79.485,,ACID  INTRUSIVE / GRANITE / GRANODIORITE,NEOPROTEROZOIC,1.2805130884745137
21.565,79.5,,ACID  INTRUSIVE / GRANITE / GRANODIORITE,NEOPROTEROZOIC,2.1339552410745
21.565,79.515,,ACID  INTRUSIVE / GRANITE / GRANODIORITE,NEOPROTEROZOIC,2.9451335103251277
21.565,79.53,,ACID  INTRUSIVE / GRANITE / GRANODIORITE,NEOPROTEROZOIC,4.197255521155174
21.565,79.545,TIRODI GNEISSIC COMPLEX,TIRODI GNEISSIC COMPLEX Gp.,ARCHAEAN,5.602070377957784
21.565,79.56,TIRODI GNEISSIC COMPLEX,TIRODI GNEISSIC COMPLEX Gp.,ARCHAEAN,6.2899687806160545
21.565,79.575,TIRODI GNEISSIC COMPLEX,TIRODI GNEISSIC COMPLEX Gp.,ARCHAEAN,5.147200752332215
21.565,79.59,TIRODI GNEISSIC COMPLEX,TIRODI GNEISSIC COMPLEX Gp.,ARCHAEAN,4.0856426007763496
21.565,79.605,TIRODI GNEISSIC COMPLEX,TIRODI GNEISSIC COMPLEX Gp.,ARCHAEAN,3.388869462169396
21.565,79.62,TIRODI GNEISSIC COMPLEX,TIRODI GNEISSIC COMPLEX Gp.,ARCHAEAN,2.6662581741468316
21.565,79.635,TIRODI GNEISSIC COMPLEX,TIRODI GNEISSIC COMPLEX Gp.,ARCHAEAN,1.633476548258332
21.565,79.65,TIRODI GNEISSIC COMPLEX,TIRODI GNEISSIC COMPLEX Gp.,ARCHAEAN,0.7223572765054264
21.565,79.665,TIRODI GNEISSIC COMPLEX,TIRODI GNEISSIC COMPLEX Gp.,ARCHAEAN,0.3430800376179147
21.565,79.68,TIRODI GNEISSIC COMPLEX,TIRODI GNEISSIC COMPLEX Gp.,ARCHAEAN,0.40633950950650044
21.565,79.695,TIRODI GNEISSIC COMPLEX,TIRODI GNEISSIC COMPLEX Gp.,ARCHAEAN,0.1803818599536705
21.565,79.71,SAUSAR,"SAUSAR Gp.(MANSAR, JUNEWANI, SITASAONGI, LOHANGI , BICHUA Fm.)",PALAEOPROTEROZOIC,0.13085148903317903
21.565,79.725,SAUSAR,"SAUSAR Gp.(MANSAR, JUNEWANI, SITASAONGI, LOHANGI , BICHUA Fm.)",PALAEOPROTEROZOIC,0.16783419571265465
21.565,79.74,TIRODI GNEISSIC COMPLEX,TIRODI GNEISSIC COMPLEX Gp.,ARCHAEAN,0.1009475398104181
21.565,79.755,TIRODI GNEISSIC COMPLEX,TIRODI GNEISSIC COMPLEX Gp.,ARCHAEAN,0.21326862699426072
21.565,79.77,TIRODI GNEISSIC COMPLEX,TIRODI GNEISSIC COMPLEX Gp.,ARCHAEAN,0.054343687844769464
21.565,79.785,SAUSAR,"SAUSAR Gp.(MANSAR, JUNEWANI, SITASAONGI, LOHANGI , BICHUA Fm.)",PALAEOPROTEROZOIC,0.2552960015309606
21.565,79.8,SAUSAR,"SAUSAR Gp.(MANSAR, JUNEWANI, SITASAONGI, LOHANGI , BICHUA Fm.)",PALAEOPROTEROZOIC,0.6127805850352585
21.565,79.815,SAUSAR,"SAUSAR Gp.(MANSAR, JUNEWANI, SITASAONGI, LOHANGI , BICHUA Fm.)",PALAEOPROTEROZOIC,1.0687803391700237
21.565,79.83,SAUSAR,"SAUSAR Gp.(MANSAR, JUNEWANI, SITASAONGI, LOHANGI , BICHUA Fm.)",PALAEOPROTEROZOIC,1.6821775652665882
21.565,79.845,SAUSAR,"SAUSAR Gp.(MANSAR, JUNEWANI, SITASAONGI, LOHANGI , BICHUA Fm.)",PALAEOPROTEROZOIC,2.5477895513746383
21.565,79.86,SAUSAR,"SAUSAR Gp.(MANSAR, JUNEWANI, SITASAONGI, LOHANGI , BICHUA Fm.)",PALAEOPROTEROZOIC,3.6407543340250825
21.565,79.875,SAUSAR,"SAUSAR Gp.(MANSAR, JUNEWANI, SITASAONGI, LOHANGI , BICHUA Fm.)",PALAEOPROTEROZOIC,3.37291393032955
21.565,79.89,SAUSAR,"SAUSAR Gp.(MANSAR, JUNEWANI, SITASAONGI, LOHANGI , BICHUA Fm.)",PALAEOPROTEROZOIC,1.8894831833360175
21.565,79.905,SAUSAR,"SAUSAR Gp.(MANSAR, JUNEWANI, SITASAONGI, LOHANGI , BICHUA Fm.)",PALAEOPROTEROZOIC,0.4078871978654673
21.565,79.92,TIRODI GNEISSIC COMPLEX,TIRODI GNEISSIC COMPLEX Gp.,ARCHAEAN,1.0126865174897846
21.565,79.935,TIRODI GNEISSIC COMPLEX,TIRODI GNEISSIC COMPLEX Gp.,ARCHAEAN,2.335511942545719
21.565,79.95,TIRODI GNEISSIC COMPLEX,TIRODI GNEISSIC COMPLEX Gp.,ARCHAEAN,3.5578241772678556
21.565,79.965,TIRODI GNEISSIC COMPLEX,TIRODI GNEISSIC COMPLEX Gp.,ARCHAEAN,4.884212661244712
21.565,79.98,TIRODI GNEISSIC COMPLEX,TIRODI GNEISSIC COMPLEX Gp.,ARCHAEAN,6.314054167498624
21.565,79.995,TIRODI GNEISSIC COMPLEX,TIRODI GNEISSIC COMPLEX Gp.,ARCHAEAN,7.791156707026707
21.565,80.01,TIRODI GNEISSIC COMPLEX,TIRODI GNEISSIC COMPLEX Gp.,ARCHAEAN,9.293011445720092
21.565,80.025,TIRODI GNEISSIC COMPLEX,TIRODI GNEISSIC COMPLEX Gp.,ARCHAEAN,10.809306024006302
21.565,80.04,TIRODI GNEISSIC COMPLEX,TIRODI GNEISSIC COMPLEX Gp.,ARCHAEAN,12.334716364977758
21.565,80.055,TIRODI GNEISSIC COMPLEX,TIRODI GNEISSIC COMPLEX Gp.,ARCHAEAN,13.866234347571737
21.565,80.07,AMGAON GNEISSIC COMPLEX,AMGAON GNEISSIC COMPLEX Gp.,ARCHAEAN,15.295873774759427
21.565,80.085,AMGAON GNEISSIC COMPLEX,AMGAON GNEISSIC COMPLEX Gp.,ARCHAEAN,13.986833955723284
21.565,80.1,AMGAON GNEISSIC COMPLEX,AMGAON GNEISSIC COMPLEX Gp.,ARCHAEAN,12.685983277179531
21.565,80.115,AMGAON GNEISSIC COMPLEX,AMGAON GNEISSIC COMPLEX Gp.,ARCHAEAN,11.448140259722559
21.565,80.13,AMGAON GNEISSIC COMPLEX,AMGAON GNEISSIC COMPLEX Gp.,ARCHAEAN,10.296055322169709
21.565,80.145,AMGAON GNEISSIC COMPLEX,AMGAON GNEISSIC COMPLEX Gp.,ARCHAEAN,9.261786603111451
21.565,80.16,AMGAON GNEISSIC COMPLEX,AMGAON GNEISSIC COMPLEX Gp.,ARCHAEAN,8.389023963457682
21.565,80.175,AMGAON GNEISSIC COMPLEX,AMGAON GNEISSIC COMPLEX Gp.,ARCHAEAN,7.732648390484119
21.565,80.19,AMGAON GNEISSIC COMPLEX,AMGAON GNEISSIC COMPLEX Gp.,ARCHAEAN,7.350855412517845
21.565,80.205,AMGAON GNEISSIC COMPLEX,AMGAON GNEISSIC COMPLEX Gp.,ARCHAEAN,7.0979453328348985
21.565,80.22,AMGAON GNEISSIC COMPLEX,AMGAON GNEISSIC COMPLEX Gp.,ARCHAEAN,6.996462433516179
21.565,80.235,AMGAON GNEISSIC COMPLEX,AMGAON GNEISSIC COMPLEX Gp.,ARCHAEAN,7.095056278108883
21.565,80.25,AMGAON GNEISSIC COMPLEX,AMGAON GNEISSIC COMPLEX Gp.,ARCHAEAN,7.37560880920122
21.565,80.265,AMGAON GNEISSIC COMPLEX,AMGAON GNEISSIC COMPLEX Gp.,ARCHAEAN,7.79063520845941
21.565,80.28,AMGAON GNEISSIC COMPLEX,AMGAON GNEISSIC COMPLEX Gp.,ARCHAEAN,8.20918857309009
21.565,80.295,AMGAON GNEISSIC COMPLEX,AMGAON GNEISSIC COMPLEX Gp.,ARCHAEAN,8.607625686210504
21.565,80.31,AMGAON GNEISSIC COMPLEX,AMGAON GNEISSIC COMPLEX Gp.,ARCHAEAN,9.057030616266308
21.565,80.325,AMGAON GNEISSIC COMPLEX,AMGAON GNEISSIC COMPLEX Gp.,ARCHAEAN,9.501107731793933
21.565,80.34,AMGAON GNEISSIC COMPLEX,AMGAON GNEISSIC COMPLEX Gp.,ARCHAEAN,9.923706491511114
21.565,80.355,AMGAON GNEISSIC COMPLEX,AMGAON GNEISSIC COMPLEX Gp.,ARCHAEAN,10.361581467176833
21.565,80.37,AMGAON GNEISSIC COMPLEX,AMGAON GNEISSIC COMPLEX Gp.,ARCHAEAN,10.890371187636898
21.565,80.385,AMGAON GNEISSIC COMPLEX,AMGAON GNEISSIC COMPLEX Gp.,ARCHAEAN,11.515655237838805
21.565,80.4,AMGAON GNEISSIC COMPLEX,AMGAON GNEISSIC COMPLEX Gp.,ARCHAEAN,12.208645730705314
21.565,80.415,AMGAON GNEISSIC COMPLEX,AMGAON GNEISSIC COMPLEX Gp.,ARCHAEAN,12.925520907394784
21.565,80.43,AMGAON GNEISSIC COMPLEX,AMGAON GNEISSIC COMPLEX Gp.,ARCHAEAN,13.755841614137553
21.565,80.445,AMGAON GNEISSIC COMPLEX,AMGAON GNEISSIC COMPLEX Gp.,ARCHAEAN,14.70375334370263
21.565,80.46,AMGAON GNEISSIC COMPLEX,AMGAON GNEISSIC COMPLEX Gp.,ARCHAEAN,15.638649468332606
21.565,80.475,AMGAON GNEISSIC COMPLEX,AMGAON GNEISSIC COMPLEX Gp.,ARCHAEAN,16.57850280389016
21.565,80.49,AMGAON GNEISSIC COMPLEX,AMGAON GNEISSIC COMPLEX Gp.,ARCHAEAN,17.49492665446717
21.58,79.2,TIRODI GNEISSIC COMPLEX,TIRODI GNEISSIC COMPLEX Gp.,ARCHAEAN,2.1744584024139417
21.58,79.215,TIRODI GNEISSIC COMPLEX,TIRODI GNEISSIC COMPLEX Gp.,ARCHAEAN,1.8480988593246288
21.58,79.23,TIRODI GNEISSIC COMPLEX,TIRODI GNEISSIC COMPLEX Gp.,ARCHAEAN,1.5086390922126915
21.58,79.245,TIRODI GNEISSIC COMPLEX,TIRODI GNEISSIC COMPLEX Gp.,ARCHAEAN,1.2318732098442078
21.58,79.26,TIRODI GNEISSIC COMPLEX,TIRODI GNEISSIC COMPLEX Gp.,ARCHAEAN,1.0485932752217053
21.58,79.275,TIRODI GNEISSIC COMPLEX,TIRODI GNEISSIC COMPLEX Gp.,ARCHAEAN,0.21887601327200368
21.58,79.29,SAUSAR,"SAUSAR Gp.(MANSAR, JUNEWANI, SITASAONGI, LOHANGI , BICHUA Fm.)",PALAEOPROTEROZOIC,0.6458443542652189
21.58,79.305,SAUSAR,"SAUSAR Gp.(MANSAR, JUNEWANI, SITASAONGI, LOHANGI , BICHUA Fm.)",PALAEOPROTEROZOIC,1.5241136350703457
21.58,79.32,SAUSAR,"SAUSAR Gp.(MANSAR, JUNEWANI, SITASAONGI, LOHANGI , BICHUA Fm.)",PALAEOPROTEROZOIC,1.9614579016467888
21.58,79.335,SAUSAR,"SAUSAR Gp.(MANSAR, JUNEWANI, SITASAONGI, LOHANGI , BICHUA Fm.)",PALAEOPROTEROZOIC,1.1030798698034734
21.58,79.35,SAUSAR,"SAUSAR Gp.(MANSAR, JUNEWANI, SITASAONGI, LOHANGI , BICHUA Fm.)",PALAEOPROTEROZOIC,0.13171426127512983
21.58,79.365,SAUSAR,"SAUSAR Gp.(MANSAR, JUNEWANI, SITASAONGI, LOHANGI , BICHUA Fm.)",PALAEOPROTEROZOIC,0.5138852561716304
21.58,79.38,SAUSAR,"SAUSAR Gp.(MANSAR, JUNEWANI, SITASAONGI, LOHANGI , BICHUA Fm.)",PALAEOPROTEROZOIC,0.960282734675177
21.58,79.395,SAUSAR,"SAUSAR Gp.(MANSAR, JUNEWANI, SITASAONGI, LOHANGI , BICHUA Fm.)",PALAEOPROTEROZOIC,1.1157336643765752
21.58,79.41,SAUSAR,"SAUSAR Gp.(MANSAR, JUNEWANI, SITASAONGI, LOHANGI , BICHUA Fm.)",PALAEOPROTEROZOIC,0.5663596562685755
21.58,79.425,SAUSAR,"SAUSAR Gp.(MANSAR, JUNEWANI, SITASAONGI, LOHANGI , BICHUA Fm.)",PALAEOPROTEROZOIC,0.6081906153941116
21.58,79.44,SAUSAR,"SAUSAR Gp.(MANSAR, JUNEWANI, SITASAONGI, LOHANGI , BICHUA Fm.)",PALAEOPROTEROZOIC,0.8420936596595626
21.58,79.455,SAUSAR,"SAUSAR Gp.(MANSAR, JUNEWANI, SITASAONGI, LOHANGI , BICHUA Fm.)",PALAEOPROTEROZOIC,0.615476069838237
21.58,79.47,SAUSAR,"SAUSAR Gp.(MANSAR, JUNEWANI, SITASAONGI, LOHANGI , BICHUA Fm.)",PALAEOPROTEROZOIC,0.9314492778598381
21.58,79.485,,ACID  INTRUSIVE / GRANITE / GRANODIORITE,NEOPROTEROZOIC,0.3603341058776008
21.58,79.5,TIRODI GNEISSIC COMPLEX,TIRODI GNEISSIC COMPLEX Gp.,ARCHAEAN,0.6754491104634299
21.58,79.515,TIRODI GNEISSIC COMPLEX,TIRODI GNEISSIC COMPLEX Gp.,ARCHAEAN,2.1390243320542908
21.58,79.53,,ACID  INTRUSIVE / GRANITE / GRANODIORITE,NEOPROTEROZOIC,3.676508727103113
21.58,79.545,TIRODI GNEISSIC COMPLEX,TIRODI GNEISSIC COMPLEX Gp.,ARCHAEAN,5.223036040739236
21.58,79.56,TIRODI GNEISSIC COMPLEX,TIRODI GNEISSIC COMPLEX Gp.,ARCHAEAN,6.77241406592267
21.58,79.575,TIRODI GNEISSIC COMPLEX,TIRODI GNEISSIC COMPLEX Gp.,ARCHAEAN,6.353798053204237
21.58,79.59,TIRODI GNEISSIC COMPLEX,TIRODI GNEISSIC COMPLEX Gp.,ARCHAEAN,5.52915711299519
21.58,79.605,TIRODI GNEISSIC COMPLEX,TIRODI GNEISSIC COMPLEX Gp.,ARCHAEAN,4.933428587169111
21.58,79.62,TIRODI GNEISSIC COMPLEX,TIRODI GNEISSIC COMPLEX Gp.,ARCHAEAN,3.8982974295693413
21.58,79.635,TIRODI GNEISSIC COMPLEX,TIRODI GNEISSIC COMPLEX Gp.,ARCHAEAN,2.9917597470641812
21.58,79.65,TIRODI GNEISSIC COMPLEX,TIRODI GNEISSIC COMPLEX Gp.,ARCHAEAN,2.2790961318835214
21.58,79.665,TIRODI GNEISSIC COMPLEX,TIRODI GNEISSIC COMPLEX Gp.,ARCHAEAN,2.0028609121888974
21.58,79.68,TIRODI GNEISSIC COMPLEX,TIRODI GNEISSIC COMPLEX Gp.,ARCHAEAN,2.0687416946933115
21.58,79.695,TIRODI GNEISSIC COMPLEX,TIRODI GNEISSIC COMPLEX Gp.,ARCHAEAN,1.8161901507154712
21.58,79.71,TIRODI GNEISSIC COMPLEX,TIRODI GNEISSIC COMPLEX Gp.,ARCHAEAN,1.528192845191124
21.58,79.725,TIRODI GNEISSIC COMPLEX,TIRODI GNEISSIC COMPLEX Gp.,ARCHAEAN,1.4989155187813719
21.58,79.74,TIRODI GNEISSIC COMPLEX,TIRODI GNEISSIC COMPLEX Gp.,ARCHAEAN,1.7599059774524097
21.58,79.755,TIRODI GNEISSIC COMPLEX,TIRODI GNEISSIC COMPLEX Gp.,ARCHAEAN,1.8828019342053768
21.58,79.77,TIRODI GNEISSIC COMPLEX,TIRODI GNEISSIC COMPLEX Gp.,ARCHAEAN,1.6931333327090075
21.58,79.785,TIRODI GNEISSIC COMPLEX,TIRODI GNEISSIC COMPLEX Gp.,ARCHAEAN,1.3774086406828177
21.58,79.8,TIRODI GNEISSIC COMPLEX,TIRODI GNEISSIC COMPLEX Gp.,ARCHAEAN,0.9968084039484705
21.58,79.815,TIRODI GNEISSIC COMPLEX,TIRODI GNEISSIC COMPLEX Gp.,ARCHAEAN,0.5178096269981466
21.58,79.83,SAUSAR,"SAUSAR Gp.(MANSAR, JUNEWANI, SITASAONGI, LOHANGI , BICHUA Fm.)",PALAEOPROTEROZOIC,0.2617089891034725
21.58,79.845,SAUSAR,"SAUSAR Gp.(MANSAR, JUNEWANI, SITASAONGI, LOHANGI , BICHUA Fm.)",PALAEOPROTEROZOIC,1.4363284445433158
21.58,79.86,SAUSAR,"SAUSAR Gp.(MANSAR, JUNEWANI, SITASAONGI, LOHANGI , BICHUA Fm.)",PALAEOPROTEROZOIC,2.606767006215059
21.58,79.875,SAUSAR,"SAUSAR Gp.(MANSAR, JUNEWANI, SITASAONGI, LOHANGI , BICHUA Fm.)",PALAEOPROTEROZOIC,3.665638836257313
21.58,79.89,SAUSAR,"SAUSAR Gp.(MANSAR, JUNEWANI, SITASAONGI, LOHANGI , BICHUA Fm.)",PALAEOPROTEROZOIC,2.5134269893948575
21.58,79.905,SAUSAR,"SAUSAR Gp.(MANSAR, JUNEWANI, SITASAONGI, LOHANGI , BICHUA Fm.)",PALAEOPROTEROZOIC,1.1796251055950957
21.58,79.92,TIRODI GNEISSIC COMPLEX,TIRODI GNEISSIC COMPLEX Gp.,ARCHAEAN,0.08948913387215464
21.58,79.935,TIRODI GNEISSIC COMPLEX,TIRODI GNEISSIC COMPLEX Gp.,ARCHAEAN,1.3653304152096768
21.58,79.95,TIRODI GNEISSIC COMPLEX,TIRODI GNEISSIC COMPLEX Gp.,ARCHAEAN,2.868512510933726
21.58,79.965,TIRODI GNEISSIC COMPLEX,TIRODI GNEISSIC COMPLEX Gp.,ARCHAEAN,4.406211370681231
21.58,79.98,TIRODI GNEISSIC COMPLEX,TIRODI GNEISSIC COMPLEX Gp.,ARCHAEAN,5.951733444628417
21.58,79.995,TIRODI GNEISSIC COMPLEX,TIRODI GNEISSIC COMPLEX Gp.,ARCHAEAN,7.500244068278503
21.58,80.01,TIRODI GNEISSIC COMPLEX,TIRODI GNEISSIC COMPLEX Gp.,ARCHAEAN,9.05020932943741
21.58,80.025,TIRODI GNEISSIC COMPLEX,TIRODI GNEISSIC COMPLEX Gp.,ARCHAEAN,10.443584594658969
21.58,80.04,TIRODI GNEISSIC COMPLEX,TIRODI GNEISSIC COMPLEX Gp.,ARCHAEAN,11.77105186651954
21.58,80.055,TIRODI GNEISSIC COMPLEX,TIRODI GNEISSIC COMPLEX Gp.,ARCHAEAN,13.130888538214078
21.58,80.07,TIRODI GNEISSIC COMPLEX,TIRODI GNEISSIC COMPLEX Gp.,ARCHAEAN,14.529449518021053
21.58,80.085,TIRODI GNEISSIC COMPLEX,TIRODI GNEISSIC COMPLEX Gp.,ARCHAEAN,13.194944592006792
21.58,80.1,AMGAON GNEISSIC COMPLEX,AMGAON GNEISSIC COMPLEX Gp.,ARCHAEAN,11.807471896240555
21.58,80.115,AMGAON GNEISSIC COMPLEX,AMGAON GNEISSIC COMPLEX Gp.,ARCHAEAN,10.466533337736156
21.58,80.13,AMGAON GNEISSIC COMPLEX,AMGAON GNEISSIC COMPLEX Gp.,ARCHAEAN,9.192515726090697
21.58,80.145,AMGAON GNEISSIC COMPLEX,AMGAON GNEISSIC COMPLEX Gp.,ARCHAEAN,8.01738538265174
21.58,80.16,AMGAON GNEISSIC COMPLEX,AMGAON GNEISSIC COMPLEX Gp.,ARCHAEAN,6.991186530807299
21.58,80.175,AMGAON GNEISSIC COMPLEX,AMGAON GNEISSIC COMPLEX Gp.,ARCHAEAN,6.1884576089826755
21.58,80.19,AMGAON GNEISSIC COMPLEX,AMGAON GNEISSIC COMPLEX Gp.,ARCHAEAN,5.704333772042126
21.58,80.205,AMGAON GNEISSIC COMPLEX,AMGAON GNEISSIC COMPLEX Gp.,ARCHAEAN,5.447668256925937
21.58,80.22,AMGAON GNEISSIC COMPLEX,AMGAON GNEISSIC COMPLEX Gp.,ARCHAEAN,5.326662529464856
21.58,80.235,AMGAON GNEISSIC COMPLEX,AMGAON GNEISSIC COMPLEX Gp.,ARCHAEAN,5.4408642086002965
21.58,80.25,AMGAON GNEISSIC COMPLEX,AMGAON GNEISSIC COMPLEX Gp.,ARCHAEAN,5.761787751676294
21.58,80.265,AMGAON GNEISSIC COMPLEX,AMGAON GNEISSIC COMPLEX Gp.,ARCHAEAN,6.185603969797993
21.58,80.28,AMGAON GNEISSIC COMPLEX,AMGAON GNEISSIC COMPLEX Gp.,ARCHAEAN,6.6212935599960305
21.58,80.295,AMGAON GNEISSIC COMPLEX,AMGAON GNEISSIC COMPLEX Gp.,ARCHAEAN,6.990704855391042
21.58,80.31,AMGAON GNEISSIC COMPLEX,AMGAON GNEISSIC COMPLEX Gp.,ARCHAEAN,7.470093859336238
21.58,80.325,AMGAON GNEISSIC COMPLEX,AMGAON GNEISSIC COMPLEX Gp.,ARCHAEAN,7.8748556480997065
21.58,80.34,AMGAON GNEISSIC COMPLEX,AMGAON GNEISSIC COMPLEX Gp.,ARCHAEAN,8.32695671710834
21.58,80.355,AMGAON GNEISSIC COMPLEX,AMGAON GNEISSIC COMPLEX Gp.,ARCHAEAN,8.767685651558422
21.58,80.37,AMGAON GNEISSIC COMPLEX,AMGAON GNEISSIC COMPLEX Gp.,ARCHAEAN,9.350189816205354
21.58,80.385,AMGAON GNEISSIC COMPLEX,AMGAON GNEISSIC COMPLEX Gp.,ARCHAEAN,10.01122241049767
21.58,80.4,AMGAON GNEISSIC COMPLEX,AMGAON GNEISSIC COMPLEX Gp.,ARCHAEAN,10.720829546303232
21.58,80.415,AMGAON GNEISSIC COMPLEX,AMGAON GNEISSIC COMPLEX Gp.,ARCHAEAN,11.500590872581395
21.58,80.43,AMGAON GNEISSIC COMPLEX,AMGAON GNEISSIC COMPLEX Gp.,ARCHAEAN,12.426306466974292
21.58,80.445,AMGAON GNEISSIC COMPLEX,AMGAON GNEISSIC COMPLEX Gp.,ARCHAEAN,13.383299094344308
21.58,80.46,AMGAON GNEISSIC COMPLEX,AMGAON GNEISSIC COMPLEX Gp.,ARCHAEAN,14.302577643360635
21.58,80.475,AMGAON GNEISSIC COMPLEX,AMGAON GNEISSIC COMPLEX Gp.,ARCHAEAN,15.234526961825926
21.58,80.49,AMGAON GNEISSIC COMPLEX,AMGAON GNEISSIC COMPLEX Gp.,ARCHAEAN,16.132835446303044
21.595,79.2,TIRODI GNEISSIC COMPLEX,TIRODI GNEISSIC COMPLEX Gp.,ARCHAEAN,0.6261968070994121
21.595,79.215,TIRODI GNEISSIC COMPLEX,TIRODI GNEISSIC COMPLEX Gp.,ARCHAEAN,0.19447959591942546
21.595,79.23,SAUSAR,"SAUSAR Gp.(MANSAR, JUNEWANI, SITASAONGI, LOHANGI , BICHUA Fm.)",PALAEOPROTEROZOIC,0.12554389786150727
21.595,79.245,SAUSAR,"SAUSAR Gp.(MANSAR, JUNEWANI, SITASAONGI, LOHANGI , BICHUA Fm.)",PALAEOPROTEROZOIC,0.3540964887057861
21.595,79.26,SAUSAR,"SAUSAR Gp.(MANSAR, JUNEWANI, SITASAONGI, LOHANGI , BICHUA Fm.)",PALAEOPROTEROZOIC,0.4175039223457397
21.595,79.275,SAUSAR,"SAUSAR Gp.(MANSAR, JUNEWANI, SITASAONGI, LOHANGI , BICHUA Fm.)",PALAEOPROTEROZOIC,1.2132137122590378
21.595,79.29,SAUSAR,"SAUSAR Gp.(MANSAR, JUNEWANI, SITASAONGI, LOHANGI , BICHUA Fm.)",PALAEOPROTEROZOIC,1.7181755324687598
21.595,79.305,SAUSAR,"SAUSAR Gp.(MANSAR, JUNEWANI, SITASAONGI, LOHANGI , BICHUA Fm.)",PALAEOPROTEROZOIC,0.6396845597212659
21.595,79.32,SAUSAR,"SAUSAR Gp.(MANSAR, JUNEWANI, SITASAONGI, LOHANGI , BICHUA Fm.)",PALAEOPROTEROZOIC,0.36755879674028413
21.595,79.335,TIRODI GNEISSIC COMPLEX,TIRODI GNEISSIC COMPLEX Gp.,ARCHAEAN,0.04659561210597246
21.595,79.35,SAUSAR,"SAUSAR Gp.(MANSAR, JUNEWANI, SITASAONGI, LOHANGI , BICHUA Fm.)",PALAEOPROTEROZOIC,0.7967406219694553
21.595,79.365,SAUSAR,"SAUSAR Gp.(MANSAR, JUNEWANI, SITASAONGI, LOHANGI , BICHUA Fm.)",PALAEOPROTEROZOIC,1.6515425736869154
21.595,79.38,SAUSAR,"SAUSAR Gp.(MANSAR, JUNEWANI, SITASAONGI, LOHANGI , BICHUA Fm.)",PALAEOPROTEROZOIC,0.7953861127394496
21.595,79.395,TIRODI GNEISSIC COMPLEX,TIRODI GNEISSIC COMPLEX Gp.,ARCHAEAN,0.09562823618509153
21.595,79.41,TIRODI GNEISSIC COMPLEX,TIRODI GNEISSIC COMPLEX Gp.,ARCHAEAN,0.9866425851096325
21.595,79.425,TIRODI GNEISSIC COMPLEX,TIRODI GNEISSIC COMPLEX Gp.,ARCHAEAN,1.0610143691120313
21.595,79.44,TIRODI GNEISSIC COMPLEX,TIRODI GNEISSIC COMPLEX Gp.,ARCHAEAN,0.7222347114990808
21.595,79.455,TIRODI GNEISSIC COMPLEX,TIRODI GNEISSIC COMPLEX Gp.,ARCHAEAN,0.17460190089518046
21.595,79.47,SAUSAR,"SAUSAR Gp.(MANSAR, JUNEWANI, SITASAONGI, LOHANGI , BICHUA Fm.)",PALAEOPROTEROZOIC,0.5557415502438519
21.595,79.485,SAUSAR,"SAUSAR Gp.(MANSAR, JUNEWANI, SITASAONGI, LOHANGI , BICHUA Fm.)",PALAEOPROTEROZOIC,1.1086077307813145
21.595,79.5,TIRODI GNEISSIC COMPLEX,TIRODI GNEISSIC COMPLEX Gp.,ARCHAEAN,0.4301417640393463
21.595,79.515,TIRODI GNEISSIC COMPLEX,TIRODI GNEISSIC COMPLEX Gp.,ARCHAEAN,1.9688912588600684
21.595,79.53,TIRODI GNEISSIC COMPLEX,TIRODI GNEISSIC COMPLEX Gp.,ARCHAEAN,3.5076407536821823
21.595,79.545,TIRODI GNEISSIC COMPLEX,TIRODI GNEISSIC COMPLEX Gp.,ARCHAEAN,5.017481526873274
21.595,79.56,TIRODI GNEISSIC COMPLEX,TIRODI GNEISSIC COMPLEX Gp.,ARCHAEAN,6.522548336033018
21.595,79.575,TIRODI GNEISSIC COMPLEX,TIRODI GNEISSIC COMPLEX Gp.,ARCHAEAN,6.431058709552978
21.595,79.59,TIRODI GNEISSIC COMPLEX,TIRODI GNEISSIC COMPLEX Gp.,ARCHAEAN,6.450022179960332
21.595,79.605,TIRODI GNEISSIC COMPLEX,TIRODI GNEISSIC COMPLEX Gp.,ARCHAEAN,6.174190683616237
21.595,79.62,TIRODI GNEISSIC COMPLEX,TIRODI GNEISSIC COMPLEX Gp.,ARCHAEAN,5.259401528483235
21.595,79.635,TIRODI GNEISSIC COMPLEX,TIRODI GNEISSIC COMPLEX Gp.,ARCHAEAN,4.394480222660105
21.595,79.65,TIRODI GNEISSIC COMPLEX,TIRODI GNEISSIC COMPLEX Gp.,ARCHAEAN,3.8686013642773553
21.595,79.665,TIRODI GNEISSIC COMPLEX,TIRODI GNEISSIC COMPLEX Gp.,ARCHAEAN,3.664339679421312
21.595,79.68,TIRODI GNEISSIC COMPLEX,TIRODI GNEISSIC COMPLEX Gp.,ARCHAEAN,3.724858625768907
21.595,79.695,TIRODI GNEISSIC COMPLEX,TIRODI GNEISSIC COMPLEX Gp.,ARCHAEAN,3.4444620173303355
21.595,79.71,TIRODI GNEISSIC COMPLEX,TIRODI GNEISSIC COMPLEX Gp.,ARCHAEAN,3.18723380827694
21.595,79.725,TIRODI GNEISSIC COMPLEX,TIRODI GNEISSIC COMPLEX Gp.,ARCHAEAN,3.1656642725529522
21.595,79.74,TIRODI GNEISSIC COMPLEX,TIRODI GNEISSIC COMPLEX Gp.,ARCHAEAN,3.4118553204160635
21.595,79.755,TIRODI GNEISSIC COMPLEX,TIRODI GNEISSIC COMPLEX Gp.,ARCHAEAN,3.552335157269347
21.595,79.77,TIRODI GNEISSIC COMPLEX,TIRODI GNEISSIC COMPLEX Gp.,ARCHAEAN,3.331516475432087
21.595,79.785,TIRODI GNEISSIC COMPLEX,TIRODI GNEISSIC COMPLEX Gp.,ARCHAEAN,3.01010185124314
21.595,79.8,TIRODI GNEISSIC COMPLEX,TIRODI GNEISSIC COMPLEX Gp.,ARCHAEAN,2.588224801702833
21.595,79.815,TIRODI GNEISSIC COMPLEX,TIRODI GNEISSIC COMPLEX Gp.,ARCHAEAN,2.003438426685936
21.595,79.83,TIRODI GNEISSIC COMPLEX,TIRODI GNEISSIC COMPLEX Gp.,ARCHAEAN,0.8092071900807064
21.595,79.845,SAUSAR,"SAUSAR Gp.(MANSAR, JUNEWANI, SITASAONGI, LOHANGI , BICHUA Fm.)",PALAEOPROTEROZOIC,0.3269321104611554
21.595,79.86,SAUSAR,"SAUSAR Gp.(MANSAR, JUNEWANI, SITASAONGI, LOHANGI , BICHUA Fm.)",PALAEOPROTEROZOIC,1.3889172980070996
21.595,79.875,SAUSAR,"SAUSAR Gp.(MANSAR, JUNEWANI, SITASAONGI, LOHANGI , BICHUA Fm.)",PALAEOPROTEROZOIC,2.50234582751681
21.595,79.89,SAUSAR,"SAUSAR Gp.(MANSAR, JUNEWANI, SITASAONGI, LOHANGI , BICHUA Fm.)",PALAEOPROTEROZOIC,3.11853172806886
21.595,79.905,SAUSAR,"SAUSAR Gp.(MANSAR, JUNEWANI, SITASAONGI, LOHANGI , BICHUA Fm.)",PALAEOPROTEROZOIC,1.5828138398569451
21.595,79.92,SAUSAR,"SAUSAR Gp.(MANSAR, JUNEWANI, SITASAONGI, LOHANGI , BICHUA Fm.)",PALAEOPROTEROZOIC,0.04949109176435148
21.595,79.935,TIRODI GNEISSIC COMPLEX,TIRODI GNEISSIC COMPLEX Gp.,ARCHAEAN,1.4838316563282423
21.595,79.95,TIRODI GNEISSIC COMPLEX,TIRODI GNEISSIC COMPLEX Gp.,ARCHAEAN,3.0001461603247055
21.595,79.965,TIRODI GNEISSIC COMPLEX,TIRODI GNEISSIC COMPLEX Gp.,ARCHAEAN,4.34073481494261
21.595,79.98,TIRODI GNEISSIC COMPLEX,TIRODI GNEISSIC COMPLEX Gp.,ARCHAEAN,5.590311061568827
21.595,79.995,TIRODI GNEISSIC COMPLEX,TIRODI GNEISSIC COMPLEX Gp.,ARCHAEAN,6.917148766099781
21.595,80.01,TIRODI GNEISSIC COMPLEX,TIRODI GNEISSIC COMPLEX Gp.,ARCHAEAN,8.248785700966447
21.595,80.025,TIRODI GNEISSIC COMPLEX,TIRODI GNEISSIC COMPLEX Gp.,ARCHAEAN,9.60498958352025
21.595,80.04,TIRODI GNEISSIC COMPLEX,TIRODI GNEISSIC COMPLEX Gp.,ARCHAEAN,11.013186781200295
21.595,80.055,TIRODI GNEISSIC COMPLEX,TIRODI GNEISSIC COMPLEX Gp.,ARCHAEAN,12.44406723243085
21.595,80.07,TIRODI GNEISSIC COMPLEX,TIRODI GNEISSIC COMPLEX Gp.,ARCHAEAN,13.318210330141454
21.595,80.085,TIRODI GNEISSIC COMPLEX,TIRODI GNEISSIC COMPLEX Gp.,ARCHAEAN,12.576090371936072
21.595,80.1,TIRODI GNEISSIC COMPLEX,TIRODI GNEISSIC COMPLEX Gp.,ARCHAEAN,11.111933451893284
21.595,80.115,TIRODI GNEISSIC COMPLEX,TIRODI GNEISSIC COMPLEX Gp.,ARCHAEAN,9.675390423880332
21.595,80.13,AMGAON GNEISSIC COMPLEX,AMGAON GNEISSIC COMPLEX Gp.,ARCHAEAN,8.280844974320795
21.595,80.145,AMGAON GNEISSIC COMPLEX,AMGAON GNEISSIC COMPLEX Gp.,ARCHAEAN,6.953611000189838
21.595,80.16,AMGAON GNEISSIC COMPLEX,AMGAON GNEISSIC COMPLEX Gp.,ARCHAEAN,5.7405676735142475
21.595,80.175,AMGAON GNEISSIC COMPLEX,AMGAON GNEISSIC COMPLEX Gp.,ARCHAEAN,4.730393990508706
21.595,80.19,AMGAON GNEISSIC COMPLEX,AMGAON GNEISSIC COMPLEX Gp.,ARCHAEAN,4.076792393008681
21.595,80.205,AMGAON GNEISSIC COMPLEX,AMGAON GNEISSIC COMPLEX Gp.,ARCHAEAN,3.8144219618641473
21.595,80.22,AMGAON GNEISSIC COMPLEX,AMGAON GNEISSIC COMPLEX Gp.,ARCHAEAN,3.656862713037113
21.595,80.235,AMGAON GNEISSIC COMPLEX,AMGAON GNEISSIC COMPLEX Gp.,ARCHAEAN,3.785285879451692
21.595,80.25,AMGAON GNEISSIC COMPLEX,AMGAON GNEISSIC COMPLEX Gp.,ARCHAEAN,4.143592287638199
21.595,80.265,AMGAON GNEISSIC COMPLEX,AMGAON GNEISSIC COMPLEX Gp.,ARCHAEAN,4.585358589416189
21.595,80.28,AMGAON GNEISSIC COMPLEX,AMGAON GNEISSIC COMPLEX Gp.,ARCHAEAN,5.01990999142861
21.595,80.295,AMGAON GNEISSIC COMPLEX,AMGAON GNEISSIC COMPLEX Gp.,ARCHAEAN,5.403872243134431
21.595,80.31,AMGAON GNEISSIC COMPLEX,AMGAON GNEISSIC COMPLEX Gp.,ARCHAEAN,5.873136738870106
21.595,80.325,AMGAON GNEISSIC COMPLEX,AMGAON GNEISSIC COMPLEX Gp.,ARCHAEAN,6.264349724841437
21.595,80.34,AMGAON GNEISSIC COMPLEX,AMGAON GNEISSIC COMPLEX Gp.,ARCHAEAN,6.723784770325157
21.595,80.355,AMGAON GNEISSIC COMPLEX,AMGAON GNEISSIC COMPLEX Gp.,ARCHAEAN,7.208239453186238
21.595,80.37,AMGAON GNEISSIC COMPLEX,AMGAON GNEISSIC COMPLEX Gp.,ARCHAEAN,7.834384245076588
21.595,80.385,AMGAON GNEISSIC COMPLEX,AMGAON GNEISSIC COMPLEX Gp.,ARCHAEAN,8.526109511479627
21.595,80.4,AMGAON GNEISSIC COMPLEX,AMGAON GNEISSIC COMPLEX Gp.,ARCHAEAN,9.258009218982984
21.595,80.415,AMGAON GNEISSIC COMPLEX,AMGAON GNEISSIC COMPLEX Gp.,ARCHAEAN,10.150593554966756
21.595,80.43,AMGAON GNEISSIC COMPLEX,AMGAON GNEISSIC COMPLEX Gp.,ARCHAEAN,11.138497665901546
21.595,80.445,AMGAON GNEISSIC COMPLEX,AMGAON GNEISSIC COMPLEX Gp.,ARCHAEAN,12.028748552984434
21.595,80.46,AMGAON GNEISSIC COMPLEX,AMGAON GNEISSIC COMPLEX Gp.,ARCHAEAN,12.981481880318734
21.595,80.475,AMGAON GNEISSIC COMPLEX,AMGAON GNEISSIC COMPLEX Gp.,ARCHAEAN,13.867131313531187
21.595,80.49,AMGAON GNEISSIC COMPLEX,AMGAON GNEISSIC COMPLEX Gp.,ARCHAEAN,14.817362915036643
21.61,79.2,SAUSAR,"SAUSAR Gp.(MANSAR, JUNEWANI, SITASAONGI, LOHANGI , BICHUA Fm.)",PALAEOPROTEROZOIC,0.9916954429905755
21.61,79.215,SAUSAR,"SAUSAR Gp.(MANSAR, JUNEWANI, SITASAONGI, LOHANGI , BICHUA Fm.)",PALAEOPROTEROZOIC,1.459134612070471
21.61,79.23,SAUSAR,"SAUSAR Gp.(MANSAR, JUNEWANI, SITASAONGI, LOHANGI , BICHUA Fm.)",PALAEOPROTEROZOIC,1.7568733641865129
21.61,79.245,SAUSAR,"SAUSAR Gp.(MANSAR, JUNEWANI, SITASAONGI, LOHANGI , BICHUA Fm.)",PALAEOPROTEROZOIC,2.0116831927360943
21.61,79.26,SAUSAR,"SAUSAR Gp.(MANSAR, JUNEWANI, SITASAONGI, LOHANGI , BICHUA Fm.)",PALAEOPROTEROZOIC,1.8751139541272572
21.61,79.275,SAUSAR,"SAUSAR Gp.(MANSAR, JUNEWANI, SITASAONGI, LOHANGI , BICHUA Fm.)",PALAEOPROTEROZOIC,0.7722991924584492
21.61,79.29,SAUSAR,"SAUSAR Gp.(MANSAR, JUNEWANI, SITASAONGI, LOHANGI , BICHUA Fm.)",PALAEOPROTEROZOIC,0.8262697862079214
21.61,79.305,TIRODI GNEISSIC COMPLEX,TIRODI GNEISSIC COMPLEX Gp.,ARCHAEAN,0.39977514492450544
21.61,79.32,SAUSAR,"SAUSAR Gp.(MANSAR, JUNEWANI, SITASAONGI, LOHANGI , BICHUA Fm.)",PALAEOPROTEROZOIC,0.6469023706107481
21.61,79.335,SAUSAR,"SAUSAR Gp.(MANSAR, JUNEWANI, SITASAONGI, LOHANGI , BICHUA Fm.)",PALAEOPROTEROZOIC,1.2451112431570226
21.61,79.35,SAUSAR,"SAUSAR Gp.(MANSAR, JUNEWANI, SITASAONGI, LOHANGI , BICHUA Fm.)",PALAEOPROTEROZOIC,0.7576538368531713
21.61,79.365,SAUSAR,"SAUSAR Gp.(MANSAR, JUNEWANI, SITASAONGI, LOHANGI , BICHUA Fm.)",PALAEOPROTEROZOIC,0.24810811213615533
21.61,79.38,TIRODI GNEISSIC COMPLEX,TIRODI GNEISSIC COMPLEX Gp.,ARCHAEAN,0.5990711696768025
21.61,79.395,TIRODI GNEISSIC COMPLEX,TIRODI GNEISSIC COMPLEX Gp.,ARCHAEAN,1.4675510864858967
21.61,79.41,TIRODI GNEISSIC COMPLEX,TIRODI GNEISSIC COMPLEX Gp.,ARCHAEAN,2.3585407558557003
21.61,79.425,TIRODI GNEISSIC COMPLEX,TIRODI GNEISSIC COMPLEX Gp.,ARCHAEAN,2.730219165851585
21.61,79.44,TIRODI GNEISSIC COMPLEX,TIRODI GNEISSIC COMPLEX Gp.,ARCHAEAN,2.2865320181394955
21.61,79.455,TIRODI GNEISSIC COMPLEX,TIRODI GNEISSIC COMPLEX Gp.,ARCHAEAN,1.7301405635605636
21.61,79.47,TIRODI GNEISSIC COMPLEX,TIRODI GNEISSIC COMPLEX Gp.,ARCHAEAN,0.6759811295572521
21.61,79.485,SAUSAR,"SAUSAR Gp.(MANSAR, JUNEWANI, SITASAONGI, LOHANGI , BICHUA Fm.)",PALAEOPROTEROZOIC,0.03191167693286444
21.61,79.5,TIRODI GNEISSIC COMPLEX,TIRODI GNEISSIC COMPLEX Gp.,ARCHAEAN,0.230282110427697
21.61,79.515,TIRODI GNEISSIC COMPLEX,TIRODI GNEISSIC COMPLEX Gp.,ARCHAEAN,1.7322587733560955
21.61,79.53,TIRODI GNEISSIC COMPLEX,TIRODI GNEISSIC COMPLEX Gp.,ARCHAEAN,3.2749712948303458
21.61,79.545,TIRODI GNEISSIC COMPLEX,TIRODI GNEISSIC COMPLEX Gp.,ARCHAEAN,4.823925046235764
21.61,79.56,TIRODI GNEISSIC COMPLEX,TIRODI GNEISSIC COMPLEX Gp.,ARCHAEAN,5.23183571144465
21.61,79.575,TIRODI GNEISSIC COMPLEX,TIRODI GNEISSIC COMPLEX Gp.,ARCHAEAN,4.774539236615119
21.61,79.59,TIRODI GNEISSIC COMPLEX,TIRODI GNEISSIC COMPLEX Gp.,ARCHAEAN,4.800046278740592
21.61,79.605,TIRODI GNEISSIC COMPLEX,TIRODI GNEISSIC COMPLEX Gp.,ARCHAEAN,5.301392550997323
21.61,79.62,TIRODI GNEISSIC COMPLEX,TIRODI GNEISSIC COMPLEX Gp.,ARCHAEAN,6.163536405922558
21.61,79.635,TIRODI GNEISSIC COMPLEX,TIRODI GNEISSIC COMPLEX Gp.,ARCHAEAN,5.93381402202056
21.61,79.65,TIRODI GNEISSIC COMPLEX,TIRODI GNEISSIC COMPLEX Gp.,ARCHAEAN,5.473154954499843
21.61,79.665,TIRODI GNEISSIC COMPLEX,TIRODI GNEISSIC COMPLEX Gp.,ARCHAEAN,5.330764759034673
21.61,79.68,TIRODI GNEISSIC COMPLEX,TIRODI GNEISSIC COMPLEX Gp.,ARCHAEAN,5.373860176025303
21.61,79.695,TIRODI GNEISSIC COMPLEX,TIRODI GNEISSIC COMPLEX Gp.,ARCHAEAN,5.072576962288281
21.61,79.71,TIRODI GNEISSIC COMPLEX,TIRODI GNEISSIC COMPLEX Gp.,ARCHAEAN,4.846271397398295
21.61,79.725,TIRODI GNEISSIC COMPLEX,TIRODI GNEISSIC COMPLEX Gp.,ARCHAEAN,4.832412064797374
21.61,79.74,TIRODI GNEISSIC COMPLEX,TIRODI GNEISSIC COMPLEX Gp.,ARCHAEAN,5.0461208295936615
21.61,79.755,TIRODI GNEISSIC COMPLEX,TIRODI GNEISSIC COMPLEX Gp.,ARCHAEAN,5.221868296114608
21.61,79.77,TIRODI GNEISSIC COMPLEX,TIRODI GNEISSIC COMPLEX Gp.,ARCHAEAN,4.969228348692553
21.61,79.785,TIRODI GNEISSIC COMPLEX,TIRODI GNEISSIC COMPLEX Gp.,ARCHAEAN,4.631820685366251
21.61,79.8,TIRODI GNEISSIC COMPLEX,TIRODI GNEISSIC COMPLEX Gp.,ARCHAEAN,4.179617680940505
21.61,79.815,TIRODI GNEISSIC COMPLEX,TIRODI GNEISSIC COMPLEX Gp.,ARCHAEAN,3.081960924268636
21.61,79.83,TIRODI GNEISSIC COMPLEX,TIRODI GNEISSIC COMPLEX Gp.,ARCHAEAN,1.9451754981272968
21.61,79.845,TIRODI GNEISSIC COMPLEX,TIRODI GNEISSIC COMPLEX Gp.,ARCHAEAN,0.8489492890026137
21.61,79.86,SAUSAR,"SAUSAR Gp.(MANSAR, JUNEWANI, SITASAONGI, LOHANGI , BICHUA Fm.)",PALAEOPROTEROZOIC,0.23345741087792174
21.61,79.875,SAUSAR,"SAUSAR Gp.(MANSAR, JUNEWANI, SITASAONGI, LOHANGI , BICHUA Fm.)",PALAEOPROTEROZOIC,1.2705284531256253
21.61,79.89,SAUSAR,"SAUSAR Gp.(MANSAR, JUNEWANI, SITASAONGI, LOHANGI , BICHUA Fm.)",PALAEOPROTEROZOIC,2.466050037957693
21.61,79.905,SAUSAR,"SAUSAR Gp.(MANSAR, JUNEWANI, SITASAONGI, LOHANGI , BICHUA Fm.)",PALAEOPROTEROZOIC,1.9450293475363116
21.61,79.92,SAUSAR,"SAUSAR Gp.(MANSAR, JUNEWANI, SITASAONGI, LOHANGI , BICHUA Fm.)",PALAEOPROTEROZOIC,0.5184221583956106
21.61,79.935,TIRODI GNEISSIC COMPLEX,TIRODI GNEISSIC COMPLEX Gp.,ARCHAEAN,0.8363179770808279
21.61,79.95,TIRODI GNEISSIC COMPLEX,TIRODI GNEISSIC COMPLEX Gp.,ARCHAEAN,2.099442901672721
21.61,79.965,TIRODI GNEISSIC COMPLEX,TIRODI GNEISSIC COMPLEX Gp.,ARCHAEAN,3.3914665091454443
21.61,79.98,TIRODI GNEISSIC COMPLEX,TIRODI GNEISSIC COMPLEX Gp.,ARCHAEAN,4.7335184066214815
21.61,79.995,TIRODI GNEISSIC COMPLEX,TIRODI GNEISSIC COMPLEX Gp.,ARCHAEAN,6.0806527153733185
21.61,80.01,TIRODI GNEISSIC COMPLEX,TIRODI GNEISSIC COMPLEX Gp.,ARCHAEAN,7.504169378172229
21.61,80.025,TIRODI GNEISSIC COMPLEX,TIRODI GNEISSIC COMPLEX Gp.,ARCHAEAN,8.919635802375979
21.61,80.04,TIRODI GNEISSIC COMPLEX,TIRODI GNEISSIC COMPLEX Gp.,ARCHAEAN,10.318465039704503
21.61,80.055,TIRODI GNEISSIC COMPLEX,TIRODI GNEISSIC COMPLEX Gp.,ARCHAEAN,11.197066908776112
21.61,80.07,TIRODI GNEISSIC COMPLEX,TIRODI GNEISSIC COMPLEX Gp.,ARCHAEAN,11.781465060397212
21.61,80.085,TIRODI GNEISSIC COMPLEX,TIRODI GNEISSIC COMPLEX Gp.,ARCHAEAN,12.156725829104113
21.61,80.1,TIRODI GNEISSIC COMPLEX,TIRODI GNEISSIC COMPLEX Gp.,ARCHAEAN,10.635327408754444
21.61,80.115,TIRODI GNEISSIC COMPLEX,TIRODI GNEISSIC COMPLEX Gp.,ARCHAEAN,9.124390097121246
21.61,80.13,TIRODI GNEISSIC COMPLEX,TIRODI GNEISSIC COMPLEX Gp.,ARCHAEAN,7.63013103053476
21.61,80.145,TIRODI GNEISSIC COMPLEX,TIRODI GNEISSIC COMPLEX Gp.,ARCHAEAN,6.16469008040623
21.61,80.16,AMGAON GNEISSIC COMPLEX,AMGAON GNEISSIC COMPLEX Gp.,ARCHAEAN,4.754787837268125
21.61,80.175,AMGAON GNEISSIC COMPLEX,AMGAON GNEISSIC COMPLEX Gp.,ARCHAEAN,3.4688197291083305
21.61,80.19,AMGAON GNEISSIC COMPLEX,AMGAON GNEISSIC COMPLEX Gp.,ARCHAEAN,2.505496476611744
21.61,80.205,AMGAON GNEISSIC COMPLEX,AMGAON GNEISSIC COMPLEX Gp.,ARCHAEAN,2.2104408569909952
21.61,80.22,AMGAON GNEISSIC COMPLEX,AMGAON GNEISSIC COMPLEX Gp.,ARCHAEAN,1.9870632051339732
21.61,80.235,AMGAON GNEISSIC COMPLEX,AMGAON GNEISSIC COMPLEX Gp.,ARCHAEAN,2.13677695322586
21.61,80.25,AMGAON GNEISSIC COMPLEX,AMGAON GNEISSIC COMPLEX Gp.,ARCHAEAN,2.5429847582001424
21.61,80.265,AMGAON GNEISSIC COMPLEX,AMGAON GNEISSIC COMPLEX Gp.,ARCHAEAN,2.9645910088352276
21.61,80.28,AMGAON GNEISSIC COMPLEX,AMGAON GNEISSIC COMPLEX Gp.,ARCHAEAN,3.3877789065691086
21.61,80.295,AMGAON GNEISSIC COMPLEX,AMGAON GNEISSIC COMPLEX Gp.,ARCHAEAN,3.8158707317186846
21.61,80.31,AMGAON GNEISSIC COMPLEX,AMGAON GNEISSIC COMPLEX Gp.,ARCHAEAN,4.263157527068951
21.61,80.325,AMGAON GNEISSIC COMPLEX,AMGAON GNEISSIC COMPLEX Gp.,ARCHAEAN,4.677702925920244
21.61,80.34,AMGAON GNEISSIC COMPLEX,AMGAON GNEISSIC COMPLEX Gp.,ARCHAEAN,5.119653421462195
21.61,80.355,AMGAON GNEISSIC COMPLEX,AMGAON GNEISSIC COMPLEX Gp.,ARCHAEAN,5.672279958371595
21.61,80.37,AMGAON GNEISSIC COMPLEX,AMGAON GNEISSIC COMPLEX Gp.,ARCHAEAN,6.331526151613427
21.61,80.385,AMGAON GNEISSIC COMPLEX,AMGAON GNEISSIC COMPLEX Gp.,ARCHAEAN,7.040001464305116
21.61,80.4,AMGAON GNEISSIC COMPLEX,AMGAON GNEISSIC COMPLEX Gp.,ARCHAEAN,7.877927687547886
21.61,80.415,AMGAON GNEISSIC COMPLEX,AMGAON GNEISSIC COMPLEX Gp.,ARCHAEAN,8.861760656643048
21.61,80.43,AMGAON GNEISSIC COMPLEX,AMGAON GNEISSIC COMPLEX Gp.,ARCHAEAN,9.75832776766176
21.61,80.445,AMGAON GNEISSIC COMPLEX,AMGAON GNEISSIC COMPLEX Gp.,ARCHAEAN,10.740281680650854
21.61,80.46,AMGAON GNEISSIC COMPLEX,AMGAON GNEISSIC COMPLEX Gp.,ARCHAEAN,11.607509844042104
21.61,80.475,AMGAON GNEISSIC COMPLEX,AMGAON GNEISSIC COMPLEX Gp.,ARCHAEAN,12.550845149555064
21.61,80.49,AMGAON GNEISSIC COMPLEX,AMGAON GNEISSIC COMPLEX Gp.,ARCHAEAN,13.44607929991049
21.625,79.2,SAUSAR,"SAUSAR Gp.(MANSAR, JUNEWANI, SITASAONGI, LOHANGI , BICHUA Fm.)",PALAEOPROTEROZOIC,2.613279052017953
21.625,79.215,SAUSAR,"SAUSAR Gp.(MANSAR, JUNEWANI, SITASAONGI, LOHANGI , BICHUA Fm.)",PALAEOPROTEROZOIC,3.038887504493253
21.625,79.23,SAUSAR,"SAUSAR Gp.(MANSAR, JUNEWANI, SITASAONGI, LOHANGI , BICHUA Fm.)",PALAEOPROTEROZOIC,3.195405555803087
21.625,79.245,SAUSAR,"SAUSAR Gp.(MANSAR, JUNEWANI, SITASAONGI, LOHANGI , BICHUA Fm.)",PALAEOPROTEROZOIC,1.8001169201072809
21.625,79.26,SAUSAR,"SAUSAR Gp.(MANSAR, JUNEWANI, SITASAONGI, LOHANGI , BICHUA Fm.)",PALAEOPROTEROZOIC,0.6672355539757711
21.625,79.275,TIRODI GNEISSIC COMPLEX,TIRODI GNEISSIC COMPLEX Gp.,ARCHAEAN,0.38146677155804004
21.625,79.29,SAUSAR,"SAUSAR Gp.(MANSAR, JUNEWANI, SITASAONGI, LOHANGI , BICHUA Fm.)",PALAEOPROTEROZOIC,0.14052450361435662
21.625,79.305,SAUSAR,"SAUSAR Gp.(MANSAR, JUNEWANI, SITASAONGI, LOHANGI , BICHUA Fm.)",PALAEOPROTEROZOIC,0.36326050851188263
21.625,79.32,SAUSAR,"SAUSAR Gp.(MANSAR, JUNEWANI, SITASAONGI, LOHANGI , BICHUA Fm.)",PALAEOPROTEROZOIC,0.7094380666877672
21.625,79.335,TIRODI GNEISSIC COMPLEX,TIRODI GNEISSIC COMPLEX Gp.,ARCHAEAN,0.11791206506690617
21.625,79.35,TIRODI GNEISSIC COMPLEX,TIRODI GNEISSIC COMPLEX Gp.,ARCHAEAN,0.8847634127431586
21.625,79.365,TIRODI GNEISSIC COMPLEX,TIRODI GNEISSIC COMPLEX Gp.,ARCHAEAN,1.1832010058165925
21.625,79.38,TIRODI GNEISSIC COMPLEX,TIRODI GNEISSIC COMPLEX Gp.,ARCHAEAN,2.002414859374182
21.625,79.395,TIRODI GNEISSIC COMPLEX,TIRODI GNEISSIC COMPLEX Gp.,ARCHAEAN,2.849573090016538
21.625,79.41,TIRODI GNEISSIC COMPLEX,TIRODI GNEISSIC COMPLEX Gp.,ARCHAEAN,3.7303628641206465
21.625,79.425,TIRODI GNEISSIC COMPLEX,TIRODI GNEISSIC COMPLEX Gp.,ARCHAEAN,3.1932626470174803
21.625,79.44,TIRODI GNEISSIC COMPLEX,TIRODI GNEISSIC COMPLEX Gp.,ARCHAEAN,2.2592454488142355
21.625,79.455,TIRODI GNEISSIC COMPLEX,TIRODI GNEISSIC COMPLEX Gp.,ARCHAEAN,1.6193613510841223
21.625,79.47,TIRODI GNEISSIC COMPLEX,TIRODI GNEISSIC COMPLEX Gp.,ARCHAEAN,1.6745477568220666
21.625,79.485,TIRODI GNEISSIC COMPLEX,TIRODI GNEISSIC COMPLEX Gp.,ARCHAEAN,1.4950291130032825
21.625,79.5,TIRODI GNEISSIC COMPLEX,TIRODI GNEISSIC COMPLEX Gp.,ARCHAEAN,1.4405906665975798
21.625,79.515,TIRODI GNEISSIC COMPLEX,TIRODI GNEISSIC COMPLEX Gp.,ARCHAEAN,2.3417141240935417
21.625,79.53,TIRODI GNEISSIC COMPLEX,TIRODI GNEISSIC COMPLEX Gp.,ARCHAEAN,3.1898586524555923
21.625,79.545,TIRODI GNEISSIC COMPLEX,TIRODI GNEISSIC COMPLEX Gp.,ARCHAEAN,4.146144449044457
21.625,79.56,TIRODI GNEISSIC COMPLEX,TIRODI GNEISSIC COMPLEX Gp.,ARCHAEAN,3.7927995424982224
21.625,79.575,TIRODI GNEISSIC COMPLEX,TIRODI GNEISSIC COMPLEX Gp.,ARCHAEAN,3.132155446653903
21.625,79.59,TIRODI GNEISSIC COMPLEX,TIRODI GNEISSIC COMPLEX Gp.,ARCHAEAN,3.170893632663362
21.625,79.605,TIRODI GNEISSIC COMPLEX,TIRODI GNEISSIC COMPLEX Gp.,ARCHAEAN,3.8881659471476695
21.625,79.62,TIRODI GNEISSIC COMPLEX,TIRODI GNEISSIC COMPLEX Gp.,ARCHAEAN,4.94126350907232
21.625,79.635,TIRODI GNEISSIC COMPLEX,TIRODI GNEISSIC COMPLEX Gp.,ARCHAEAN,5.607094768748913
21.625,79.65,TIRODI GNEISSIC COMPLEX,TIRODI GNEISSIC COMPLEX Gp.,ARCHAEAN,6.117157467537771
21.625,79.665,TIRODI GNEISSIC COMPLEX,TIRODI GNEISSIC COMPLEX Gp.,ARCHAEAN,6.676114744854332
21.625,79.68,TIRODI GNEISSIC COMPLEX,TIRODI GNEISSIC COMPLEX Gp.,ARCHAEAN,6.132461374464375
21.625,79.695,TIRODI GNEISSIC COMPLEX,TIRODI GNEISSIC COMPLEX Gp.,ARCHAEAN,5.105106679400047
21.625,79.71,TIRODI GNEISSIC COMPLEX,TIRODI GNEISSIC COMPLEX Gp.,ARCHAEAN,4.326514619258554
21.625,79.725,TIRODI GNEISSIC COMPLEX,TIRODI GNEISSIC COMPLEX Gp.,ARCHAEAN,3.818051212301083
21.625,79.74,TIRODI GNEISSIC COMPLEX,TIRODI GNEISSIC COMPLEX Gp.,ARCHAEAN,3.905816263482179
21.625,79.755,TIRODI GNEISSIC COMPLEX,TIRODI GNEISSIC COMPLEX Gp.,ARCHAEAN,4.473254272006243
21.625,79.77,TIRODI GNEISSIC COMPLEX,TIRODI GNEISSIC COMPLEX Gp.,ARCHAEAN,5.337376860327373
21.625,79.785,TIRODI GNEISSIC COMPLEX,TIRODI GNEISSIC COMPLEX Gp.,ARCHAEAN,6.2414486999075445
21.625,79.8,TIRODI GNEISSIC COMPLEX,TIRODI GNEISSIC COMPLEX Gp.,ARCHAEAN,5.340448373424533
21.625,79.815,TIRODI GNEISSIC COMPLEX,TIRODI GNEISSIC COMPLEX Gp.,ARCHAEAN,4.223176652591163
21.625,79.83,TIRODI GNEISSIC COMPLEX,TIRODI GNEISSIC COMPLEX Gp.,ARCHAEAN,3.126642997940173
21.625,79.845,TIRODI GNEISSIC COMPLEX,TIRODI GNEISSIC COMPLEX Gp.,ARCHAEAN,2.046281026717972
21.625,79.86,TIRODI GNEISSIC COMPLEX,TIRODI GNEISSIC COMPLEX Gp.,ARCHAEAN,1.006571255510415
21.625,79.875,SAUSAR,"SAUSAR Gp.(MANSAR, JUNEWANI, SITASAONGI, LOHANGI , BICHUA Fm.)",PALAEOPROTEROZOIC,0.2674245176729423
21.625,79.89,SAUSAR,"SAUSAR Gp.(MANSAR, JUNEWANI, SITASAONGI, LOHANGI , BICHUA Fm.)",PALAEOPROTEROZOIC,1.6487392283849631
21.625,79.905,SAUSAR,"SAUSAR Gp.(MANSAR, JUNEWANI, SITASAONGI, LOHANGI , BICHUA Fm.)",PALAEOPROTEROZOIC,2.6611728420128262
21.625,79.92,SAUSAR,"SAUSAR Gp.(MANSAR, JUNEWANI, SITASAONGI, LOHANGI , BICHUA Fm.)",PALAEOPROTEROZOIC,1.4046221532606136
21.625,79.935,SAUSAR,"SAUSAR Gp.(MANSAR, JUNEWANI, SITASAONGI, LOHANGI , BICHUA Fm.)",PALAEOPROTEROZOIC,0.1370166534154723
21.625,79.95,TIRODI GNEISSIC COMPLEX,TIRODI GNEISSIC COMPLEX Gp.,ARCHAEAN,1.2034940416243638
21.625,79.965,TIRODI GNEISSIC COMPLEX,TIRODI GNEISSIC COMPLEX Gp.,ARCHAEAN,2.561990023749558
21.625,79.98,TIRODI GNEISSIC COMPLEX,TIRODI GNEISSIC COMPLEX Gp.,ARCHAEAN,3.9804248075464623
21.625,79.995,TIRODI GNEISSIC COMPLEX,TIRODI GNEISSIC COMPLEX Gp.,ARCHAEAN,5.395776234803419
21.625,80.01,TIRODI GNEISSIC COMPLEX,TIRODI GNEISSIC COMPLEX Gp.,ARCHAEAN,6.801201162192129
21.625,80.025,TIRODI GNEISSIC COMPLEX,TIRODI GNEISSIC COMPLEX Gp.,ARCHAEAN,8.080337729931738
21.625,80.04,TIRODI GNEISSIC COMPLEX,TIRODI GNEISSIC COMPLEX Gp.,ARCHAEAN,8.929888979340102
21.625,80.055,TIRODI GNEISSIC COMPLEX,TIRODI GNEISSIC COMPLEX Gp.,ARCHAEAN,9.64373475775746
21.625,80.07,TIRODI GNEISSIC COMPLEX,TIRODI GNEISSIC COMPLEX Gp.,ARCHAEAN,10.28628080718671
21.625,80.085,TIRODI GNEISSIC COMPLEX,TIRODI GNEISSIC COMPLEX Gp.,ARCHAEAN,11.093625896206499
21.625,80.1,TIRODI GNEISSIC COMPLEX,TIRODI GNEISSIC COMPLEX Gp.,ARCHAEAN,10.40777424538721
21.625,80.115,TIRODI GNEISSIC COMPLEX,TIRODI GNEISSIC COMPLEX Gp.,ARCHAEAN,8.858457229347076
21.625,80.13,TIRODI GNEISSIC COMPLEX,TIRODI GNEISSIC COMPLEX Gp.,ARCHAEAN,7.310394212395801
21.625,80.145,TIRODI GNEISSIC COMPLEX,TIRODI GNEISSIC COMPLEX Gp.,ARCHAEAN,5.764595554964883
21.625,80.16,TIRODI GNEISSIC COMPLEX,TIRODI GNEISSIC COMPLEX Gp.,ARCHAEAN,4.223548223856822
21.625,80.175,TIRODI GNEISSIC COMPLEX,TIRODI GNEISSIC COMPLEX Gp.,ARCHAEAN,2.695413994435676
21.625,80.19,AMGAON GNEISSIC COMPLEX,AMGAON GNEISSIC COMPLEX Gp.,ARCHAEAN,1.2293302724604178
21.625,80.205,AMGAON GNEISSIC COMPLEX,AMGAON GNEISSIC COMPLEX Gp.,ARCHAEAN,0.6719182383531287
21.625,80.22,AMGAON GNEISSIC COMPLEX,AMGAON GNEISSIC COMPLEX Gp.,ARCHAEAN,0.3172688771269082
21.625,80.235,AMGAON GNEISSIC COMPLEX,AMGAON GNEISSIC COMPLEX Gp.,ARCHAEAN,0.5196254630508859
21.625,80.25,AMGAON GNEISSIC COMPLEX,AMGAON GNEISSIC COMPLEX Gp.,ARCHAEAN,0.9413268070492093
21.625,80.265,AMGAON GNEISSIC COMPLEX,AMGAON GNEISSIC COMPLEX Gp.,ARCHAEAN,1.3727480314375853
21.625,80.28,AMGAON GNEISSIC COMPLEX,AMGAON GNEISSIC COMPLEX Gp.,ARCHAEAN,1.750276072055534
21.625,80.295,AMGAON GNEISSIC COMPLEX,AMGAON GNEISSIC COMPLEX Gp.,ARCHAEAN,2.2240939329453355
21.625,80.31,AMGAON GNEISSIC COMPLEX,AMGAON GNEISSIC COMPLEX Gp.,ARCHAEAN,2.6408408282844746
21.625,80.325,AMGAON GNEISSIC COMPLEX,AMGAON GNEISSIC COMPLEX Gp.,ARCHAEAN,3.0793440181839373
21.625,80.34,AMGAON GNEISSIC COMPLEX,AMGAON GNEISSIC COMPLEX Gp.,ARCHAEAN,3.528669978951204
21.625,80.355,AMGAON GNEISSIC COMPLEX,AMGAON GNEISSIC COMPLEX Gp.,ARCHAEAN,4.154642834538164
21.625,80.37,AMGAON GNEISSIC COMPLEX,AMGAON GNEISSIC COMPLEX Gp.,ARCHAEAN,4.8450751379129
21.625,80.385,AMGAON GNEISSIC COMPLEX,AMGAON GNEISSIC COMPLEX Gp.,ARCHAEAN,5.611745307469747
21.625,80.4,AMGAON GNEISSIC COMPLEX,AMGAON GNEISSIC COMPLEX Gp.,ARCHAEAN,6.583303628052432
21.625,80.415,AMGAON GNEISSIC COMPLEX,AMGAON GNEISSIC COMPLEX Gp.,ARCHAEAN,7.494213980701119
21.625,80.43,AMGAON GNEISSIC COMPLEX,AMGAON GNEISSIC COMPLEX Gp.,ARCHAEAN,8.482938847680751
21.625,80.445,AMGAON GNEISSIC COMPLEX,AMGAON GNEISSIC COMPLEX Gp.,ARCHAEAN,9.351869922450254
21.625,80.46,AMGAON GNEISSIC COMPLEX,AMGAON GNEISSIC COMPLEX Gp.,ARCHAEAN,10.273356437503553
21.625,80.475,AMGAON GNEISSIC COMPLEX,AMGAON GNEISSIC COMPLEX Gp.,ARCHAEAN,11.183602006582978
21.625,80.49,AMGAON GNEISSIC COMPLEX,AMGAON GNEISSIC COMPLEX Gp.,ARCHAEAN,12.046158437757313
21.64,79.2,SAUSAR,"SAUSAR Gp.(MANSAR, JUNEWANI, SITASAONGI, LOHANGI , BICHUA Fm.)",PALAEOPROTEROZOIC,2.0364409651057067
21.64,79.215,SAUSAR,"SAUSAR Gp.(MANSAR, JUNEWANI, SITASAONGI, LOHANGI , BICHUA Fm.)",PALAEOPROTEROZOIC,2.9760729916691235
21.64,79.23,SAUSAR,"SAUSAR Gp.(MANSAR, JUNEWANI, SITASAONGI, LOHANGI , BICHUA Fm.)",PALAEOPROTEROZOIC,2.242888117477486
21.64,79.245,SAUSAR,"SAUSAR Gp.(MANSAR, JUNEWANI, SITASAONGI, LOHANGI , BICHUA Fm.)",PALAEOPROTEROZOIC,1.5841321890943718
21.64,79.26,SAUSAR,"SAUSAR Gp.(MANSAR, JUNEWANI, SITASAONGI, LOHANGI , BICHUA Fm.)",PALAEOPROTEROZOIC,0.5010371508025812
21.64,79.275,SAUSAR,"SAUSAR Gp.(MANSAR, JUNEWANI, SITASAONGI, LOHANGI , BICHUA Fm.)",PALAEOPROTEROZOIC,0.5285707051387872
21.64,79.29,TIRODI GNEISSIC COMPLEX,TIRODI GNEISSIC COMPLEX Gp.,ARCHAEAN,0.014076049239247544
21.64,79.305,TIRODI GNEISSIC COMPLEX,TIRODI GNEISSIC COMPLEX Gp.,ARCHAEAN,0.46190821015917455
21.64,79.32,TIRODI GNEISSIC COMPLEX,TIRODI GNEISSIC COMPLEX Gp.,ARCHAEAN,0.8951692622366406
21.64,79.335,TIRODI GNEISSIC COMPLEX,TIRODI GNEISSIC COMPLEX Gp.,ARCHAEAN,1.4808575952089675
21.64,79.35,TIRODI GNEISSIC COMPLEX,TIRODI GNEISSIC COMPLEX Gp.,ARCHAEAN,2.383617591415263
21.64,79.365,TIRODI GNEISSIC COMPLEX,TIRODI GNEISSIC COMPLEX Gp.,ARCHAEAN,2.8096971068178473
21.64,79.38,TIRODI GNEISSIC COMPLEX,TIRODI GNEISSIC COMPLEX Gp.,ARCHAEAN,2.9118985600222125
21.64,79.395,TIRODI GNEISSIC COMPLEX,TIRODI GNEISSIC COMPLEX Gp.,ARCHAEAN,2.464730793213157
21.64,79.41,TIRODI GNEISSIC COMPLEX,TIRODI GNEISSIC COMPLEX Gp.,ARCHAEAN,2.0835556720777078
21.64,79.425,TIRODI GNEISSIC COMPLEX,TIRODI GNEISSIC COMPLEX Gp.,ARCHAEAN,1.7758500300396758
21.64,79.44,TIRODI GNEISSIC COMPLEX,TIRODI GNEISSIC COMPLEX Gp.,ARCHAEAN,0.9215769038562591
21.64,79.455,TIRODI GNEISSIC COMPLEX,TIRODI GNEISSIC COMPLEX Gp.,ARCHAEAN,0.049630743413031336
21.64,79.47,TIRODI GNEISSIC COMPLEX,TIRODI GNEISSIC COMPLEX Gp.,ARCHAEAN,0.1374811349832501
21.64,79.485,TIRODI GNEISSIC COMPLEX,TIRODI GNEISSIC COMPLEX Gp.,ARCHAEAN,0.28013371674095
21.64,79.5,TIRODI GNEISSIC COMPLEX,TIRODI GNEISSIC COMPLEX Gp.,ARCHAEAN,0.40899458379582637
21.64,79.515,TIRODI GNEISSIC COMPLEX,TIRODI GNEISSIC COMPLEX Gp.,ARCHAEAN,0.9241707330956594
21.64,79.53,TIRODI GNEISSIC COMPLEX,TIRODI GNEISSIC COMPLEX Gp.,ARCHAEAN,1.8711942906262826
21.64,79.545,TIRODI GNEISSIC COMPLEX,TIRODI GNEISSIC COMPLEX Gp.,ARCHAEAN,3.2040205282504703
21.64,79.56,TIRODI GNEISSIC COMPLEX,TIRODI GNEISSIC COMPLEX Gp.,ARCHAEAN,2.6410254301752074
21.64,79.575,TIRODI GNEISSIC COMPLEX,TIRODI GNEISSIC COMPLEX Gp.,ARCHAEAN,1.5495272136442704
21.64,79.59,TIRODI GNEISSIC COMPLEX,TIRODI GNEISSIC COMPLEX Gp.,ARCHAEAN,1.6263925039370875
21.64,79.605,TIRODI GNEISSIC COMPLEX,TIRODI GNEISSIC COMPLEX Gp.,ARCHAEAN,2.6553839609488743
21.64,79.62,TIRODI GNEISSIC COMPLEX,TIRODI GNEISSIC COMPLEX Gp.,ARCHAEAN,3.4565102928301785
21.64,79.635,TIRODI GNEISSIC COMPLEX,TIRODI GNEISSIC COMPLEX Gp.,ARCHAEAN,4.0256093325261855
21.64,79.65,TIRODI GNEISSIC COMPLEX,TIRODI GNEISSIC COMPLEX Gp.,ARCHAEAN,4.5631351695022
21.64,79.665,TIRODI GNEISSIC COMPLEX,TIRODI GNEISSIC COMPLEX Gp.,ARCHAEAN,5.157703737136336
21.64,79.68,TIRODI GNEISSIC COMPLEX,TIRODI GNEISSIC COMPLEX Gp.,ARCHAEAN,5.135179483623554
21.64,79.695,TIRODI GNEISSIC COMPLEX,TIRODI GNEISSIC COMPLEX Gp.,ARCHAEAN,3.8615944246501486
21.64,79.71,TIRODI GNEISSIC COMPLEX,TIRODI GNEISSIC COMPLEX Gp.,ARCHAEAN,2.8590788693926004
21.64,79.725,TIRODI GNEISSIC COMPLEX,TIRODI GNEISSIC COMPLEX Gp.,ARCHAEAN,2.179844017657974
21.64,79.74,TIRODI GNEISSIC COMPLEX,TIRODI GNEISSIC COMPLEX Gp.,ARCHAEAN,2.295385292793102
21.64,79.755,TIRODI GNEISSIC COMPLEX,TIRODI GNEISSIC COMPLEX Gp.,ARCHAEAN,3.06279722471897
21.64,79.77,TIRODI GNEISSIC COMPLEX,TIRODI GNEISSIC COMPLEX Gp.,ARCHAEAN,4.195666336985591
21.64,79.785,TIRODI GNEISSIC COMPLEX,TIRODI GNEISSIC COMPLEX Gp.,ARCHAEAN,5.325132059236203
21.64,79.8,TIRODI GNEISSIC COMPLEX,TIRODI GNEISSIC COMPLEX Gp.,ARCHAEAN,6.502188994177324
21.64,79.815,TIRODI GNEISSIC COMPLEX,TIRODI GNEISSIC COMPLEX Gp.,ARCHAEAN,5.395291938000727
21.64,79.83,TIRODI GNEISSIC COMPLEX,TIRODI GNEISSIC COMPLEX Gp.,ARCHAEAN,4.325218823436727
21.64,79.845,TIRODI GNEISSIC COMPLEX,TIRODI GNEISSIC COMPLEX Gp.,ARCHAEAN,2.835737491358917
21.64,79.86,TIRODI GNEISSIC COMPLEX,TIRODI GNEISSIC COMPLEX Gp.,ARCHAEAN,1.4230862800342443
21.64,79.875,TIRODI GNEISSIC COMPLEX,TIRODI GNEISSIC COMPLEX Gp.,ARCHAEAN,0.06432911341082004
21.64,79.89,SAUSAR,"SAUSAR Gp.(MANSAR, JUNEWANI, SITASAONGI, LOHANGI , BICHUA Fm.)",PALAEOPROTEROZOIC,0.8606756981151813
21.64,79.905,SAUSAR,"SAUSAR Gp.(MANSAR, JUNEWANI, SITASAONGI, LOHANGI , BICHUA Fm.)",PALAEOPROTEROZOIC,1.8830612092496735
21.64,79.92,SAUSAR,"SAUSAR Gp.(MANSAR, JUNEWANI, SITASAONGI, LOHANGI , BICHUA Fm.)",PALAEOPROTEROZOIC,2.3264883946554242
21.64,79.935,SAUSAR,"SAUSAR Gp.(MANSAR, JUNEWANI, SITASAONGI, LOHANGI , BICHUA Fm.)",PALAEOPROTEROZOIC,0.9579836360726826
21.64,79.95,TIRODI GNEISSIC COMPLEX,TIRODI GNEISSIC COMPLEX Gp.,ARCHAEAN,0.45725272086010443
21.64,79.965,TIRODI GNEISSIC COMPLEX,TIRODI GNEISSIC COMPLEX Gp.,ARCHAEAN,1.8724890777928913
21.64,79.98,TIRODI GNEISSIC COMPLEX,TIRODI GNEISSIC COMPLEX Gp.,ARCHAEAN,3.303166712299028
21.64,79.995,TIRODI GNEISSIC COMPLEX,TIRODI GNEISSIC COMPLEX Gp.,ARCHAEAN,4.803300144212783
21.64,80.01,TIRODI GNEISSIC COMPLEX,TIRODI GNEISSIC COMPLEX Gp.,ARCHAEAN,5.833884030496754
21.64,80.025,TIRODI GNEISSIC COMPLEX,TIRODI GNEISSIC COMPLEX Gp.,ARCHAEAN,6.6718704717538735
21.64,80.04,TIRODI GNEISSIC COMPLEX,TIRODI GNEISSIC COMPLEX Gp.,ARCHAEAN,7.589479495105362
21.64,80.055,TIRODI GNEISSIC COMPLEX,TIRODI GNEISSIC COMPLEX Gp.,ARCHAEAN,8.098480978018593
21.64,80.07,TIRODI GNEISSIC COMPLEX,TIRODI GNEISSIC COMPLEX Gp.,ARCHAEAN,8.853738646699783
21.64,80.085,TIRODI GNEISSIC COMPLEX,TIRODI GNEISSIC COMPLEX Gp.,ARCHAEAN,9.693575233461656
21.64,80.1,TIRODI GNEISSIC COMPLEX,TIRODI GNEISSIC COMPLEX Gp.,ARCHAEAN,10.357476027035885
21.64,80.115,TIRODI GNEISSIC COMPLEX,TIRODI GNEISSIC COMPLEX Gp.,ARCHAEAN,8.903172994957544
21.64,80.13,TIRODI GNEISSIC COMPLEX,TIRODI GNEISSIC COMPLEX Gp.,ARCHAEAN,7.364868327693039
21.64,80.145,TIRODI GNEISSIC COMPLEX,TIRODI GNEISSIC COMPLEX Gp.,ARCHAEAN,5.833882096718911
21.64,80.16,TIRODI GNEISSIC COMPLEX,TIRODI GNEISSIC COMPLEX Gp.,ARCHAEAN,4.3180057758906845
21.64,80.175,TIRODI GNEISSIC COMPLEX,TIRODI GNEISSIC COMPLEX Gp.,ARCHAEAN,2.841525324694421
21.64,80.19,TIRODI GNEISSIC COMPLEX,TIRODI GNEISSIC COMPLEX Gp.,ARCHAEAN,1.5236328918675561
21.64,80.205,TIRODI GNEISSIC COMPLEX,TIRODI GNEISSIC COMPLEX Gp.,ARCHAEAN,0.5787997897327869
21.64,80.22,SAUSAR,"SAUSAR Gp.(MANSAR, JUNEWANI, SITASAONGI, LOHANGI , BICHUA Fm.)",PALAEOPROTEROZOIC,0.3542351812336802
21.64,80.235,SAUSAR,"SAUSAR Gp.(MANSAR, JUNEWANI, SITASAONGI, LOHANGI , BICHUA Fm.)",PALAEOPROTEROZOIC,1.0967853420302018
21.64,80.25,SAUSAR,"SAUSAR Gp.(MANSAR, JUNEWANI, SITASAONGI, LOHANGI , BICHUA Fm.)",PALAEOPROTEROZOIC,0.6511259408923682
21.64,80.265,SAUSAR,"SAUSAR Gp.(MANSAR, JUNEWANI, SITASAONGI, LOHANGI , BICHUA Fm.)",PALAEOPROTEROZOIC,0.2211812250583969
21.64,80.28,AMGAON GNEISSIC COMPLEX,AMGAON GNEISSIC COMPLEX Gp.,ARCHAEAN,0.15575385630919325
21.64,80.295,AMGAON GNEISSIC COMPLEX,AMGAON GNEISSIC COMPLEX Gp.,ARCHAEAN,0.6249479403583703
21.64,80.31,AMGAON GNEISSIC COMPLEX,AMGAON GNEISSIC COMPLEX Gp.,ARCHAEAN,1.0198354842515263
21.64,80.325,AMGAON GNEISSIC COMPLEX,AMGAON GNEISSIC COMPLEX Gp.,ARCHAEAN,1.476235279164561
21.64,80.34,AMGAON GNEISSIC COMPLEX,AMGAON GNEISSIC COMPLEX Gp.,ARCHAEAN,1.9913808398311323
21.64,80.355,AMGAON GNEISSIC COMPLEX,AMGAON GNEISSIC COMPLEX Gp.,ARCHAEAN,2.6548863129485083
21.64,80.37,AMGAON GNEISSIC COMPLEX,AMGAON GNEISSIC COMPLEX Gp.,ARCHAEAN,3.3647252485037673
21.64,80.385,AMGAON GNEISSIC COMPLEX,AMGAON GNEISSIC COMPLEX Gp.,ARCHAEAN,4.304997112241191
21.64,80.4,AMGAON GNEISSIC COMPLEX,AMGAON GNEISSIC COMPLEX Gp.,ARCHAEAN,5.244296353220955
21.64,80.415,AMGAON GNEISSIC COMPLEX,AMGAON GNEISSIC COMPLEX Gp.,ARCHAEAN,6.203085836288618
21.64,80.43,AMGAON GNEISSIC COMPLEX,AMGAON GNEISSIC COMPLEX Gp.,ARCHAEAN,7.090523529347308
21.64,80.445,AMGAON GNEISSIC COMPLEX,AMGAON GNEISSIC COMPLEX Gp.,ARCHAEAN,7.9977501690961095
21.64,80.46,AMGAON GNEISSIC COMPLEX,AMGAON GNEISSIC COMPLEX Gp.,ARCHAEAN,8.930436274487086
21.64,80.475,AMGAON GNEISSIC COMPLEX,AMGAON GNEISSIC COMPLEX Gp.,ARCHAEAN,9.809027014349189
21.64,80.49,AMGAON GNEISSIC COMPLEX,AMGAON GNEISSIC COMPLEX Gp.,ARCHAEAN,10.609023272516696
21.655,79.2,SAUSAR,"SAUSAR Gp.(MANSAR, JUNEWANI, SITASAONGI, LOHANGI , BICHUA Fm.)",PALAEOPROTEROZOIC,2.1010435386483794
21.655,79.215,SAUSAR,"SAUSAR Gp.(MANSAR, JUNEWANI, SITASAONGI, LOHANGI , BICHUA Fm.)",PALAEOPROTEROZOIC,1.5010734532824141
21.655,79.23,SAUSAR,"SAUSAR Gp.(MANSAR, JUNEWANI, SITASAONGI, LOHANGI , BICHUA Fm.)",PALAEOPROTEROZOIC,0.7679019804350187
21.655,79.245,SAUSAR,"SAUSAR Gp.(MANSAR, JUNEWANI, SITASAONGI, LOHANGI , BICHUA Fm.)",PALAEOPROTEROZOIC,0.047617047993850435
21.655,79.26,TIRODI GNEISSIC COMPLEX,TIRODI GNEISSIC COMPLEX Gp.,ARCHAEAN,0.4950244087133123
21.655,79.275,TIRODI GNEISSIC COMPLEX,TIRODI GNEISSIC COMPLEX Gp.,ARCHAEAN,1.037665865420401
21.655,79.29,TIRODI GNEISSIC COMPLEX,TIRODI GNEISSIC COMPLEX Gp.,ARCHAEAN,1.5803073221274895
21.655,79.305,TIRODI GNEISSIC COMPLEX,TIRODI GNEISSIC COMPLEX Gp.,ARCHAEAN,2.066498451065357
21.655,79.32,TIRODI GNEISSIC COMPLEX,TIRODI GNEISSIC COMPLEX Gp.,ARCHAEAN,2.4997568357137245
21.655,79.335,TIRODI GNEISSIC COMPLEX,TIRODI GNEISSIC COMPLEX Gp.,ARCHAEAN,2.9388098124508137
21.655,79.35,TIRODI GNEISSIC COMPLEX,TIRODI GNEISSIC COMPLEX Gp.,ARCHAEAN,3.479377615529539
21.655,79.365,TIRODI GNEISSIC COMPLEX,TIRODI GNEISSIC COMPLEX Gp.,ARCHAEAN,2.3823010954334545
21.655,79.38,TIRODI GNEISSIC COMPLEX,TIRODI GNEISSIC COMPLEX Gp.,ARCHAEAN,1.4812755897701746
21.655,79.395,TIRODI GNEISSIC COMPLEX,TIRODI GNEISSIC COMPLEX Gp.,ARCHAEAN,0.8594518297285333
21.655,79.41,TIRODI GNEISSIC COMPLEX,TIRODI GNEISSIC COMPLEX Gp.,ARCHAEAN,0.4325739909502427
21.655,79.425,TIRODI GNEISSIC COMPLEX,TIRODI GNEISSIC COMPLEX Gp.,ARCHAEAN,0.19783641407228186
21.655,79.44,SAUSAR,"SAUSAR Gp.(MANSAR, JUNEWANI, SITASAONGI, LOHANGI , BICHUA Fm.)",PALAEOPROTEROZOIC,0.4207664826469203
21.655,79.455,SAUSAR,"SAUSAR Gp.(MANSAR, JUNEWANI, SITASAONGI, LOHANGI , BICHUA Fm.)",PALAEOPROTEROZOIC,0.8016212900023608
21.655,79.47,SAUSAR,"SAUSAR Gp.(MANSAR, JUNEWANI, SITASAONGI, LOHANGI , BICHUA Fm.)",PALAEOPROTEROZOIC,0.7739953016531492
21.655,79.485,SAUSAR,"SAUSAR Gp.(MANSAR, JUNEWANI, SITASAONGI, LOHANGI , BICHUA Fm.)",PALAEOPROTEROZOIC,0.5610918342451547
21.655,79.5,SAUSAR,"SAUSAR Gp.(MANSAR, JUNEWANI, SITASAONGI, LOHANGI , BICHUA Fm.)",PALAEOPROTEROZOIC,0.25609005756207015
21.655,79.515,TIRODI GNEISSIC COMPLEX,TIRODI GNEISSIC COMPLEX Gp.,ARCHAEAN,0.293030081194944
21.655,79.53,TIRODI GNEISSIC COMPLEX,TIRODI GNEISSIC COMPLEX Gp.,ARCHAEAN,1.4678114509098554
21.655,79.545,TIRODI GNEISSIC COMPLEX,TIRODI GNEISSIC COMPLEX Gp.,ARCHAEAN,2.594327861593512
21.655,79.56,TIRODI GNEISSIC COMPLEX,TIRODI GNEISSIC COMPLEX Gp.,ARCHAEAN,2.117963730890655
21.655,79.575,TIRODI GNEISSIC COMPLEX,TIRODI GNEISSIC COMPLEX Gp.,ARCHAEAN,0.7535041499140027
21.655,79.59,TIRODI GNEISSIC COMPLEX,TIRODI GNEISSIC COMPLEX Gp.,ARCHAEAN,0.3696885260179507
21.655,79.605,TIRODI GNEISSIC COMPLEX,TIRODI GNEISSIC COMPLEX Gp.,ARCHAEAN,1.2774785182066644
21.655,79.62,TIRODI GNEISSIC COMPLEX,TIRODI GNEISSIC COMPLEX Gp.,ARCHAEAN,1.941650607257997
21.655,79.635,TIRODI GNEISSIC COMPLEX,TIRODI GNEISSIC COMPLEX Gp.,ARCHAEAN,2.4419855850052574
21.655,79.65,TIRODI GNEISSIC COMPLEX,TIRODI GNEISSIC COMPLEX Gp.,ARCHAEAN,3.0044089605161313
21.655,79.665,TIRODI GNEISSIC COMPLEX,TIRODI GNEISSIC COMPLEX Gp.,ARCHAEAN,3.7695849887274147
21.655,79.68,TIRODI GNEISSIC COMPLEX,TIRODI GNEISSIC COMPLEX Gp.,ARCHAEAN,4.4078472755914415
21.655,79.695,TIRODI GNEISSIC COMPLEX,TIRODI GNEISSIC COMPLEX Gp.,ARCHAEAN,3.0340842895990128
21.655,79.71,TIRODI GNEISSIC COMPLEX,TIRODI GNEISSIC COMPLEX Gp.,ARCHAEAN,1.6143865819235
21.655,79.725,TIRODI GNEISSIC COMPLEX,TIRODI GNEISSIC COMPLEX Gp.,ARCHAEAN,0.7087939523990001
21.655,79.74,TIRODI GNEISSIC COMPLEX,TIRODI GNEISSIC COMPLEX Gp.,ARCHAEAN,0.8127311650769719
21.655,79.755,TIRODI GNEISSIC COMPLEX,TIRODI GNEISSIC COMPLEX Gp.,ARCHAEAN,1.9543447433227348
21.655,79.77,TIRODI GNEISSIC COMPLEX,TIRODI GNEISSIC COMPLEX Gp.,ARCHAEAN,3.0911196804869427
21.655,79.785,TIRODI GNEISSIC COMPLEX,TIRODI GNEISSIC COMPLEX Gp.,ARCHAEAN,4.438526834078981
21.655,79.8,TIRODI GNEISSIC COMPLEX,TIRODI GNEISSIC COMPLEX Gp.,ARCHAEAN,5.863978649757193
21.655,79.815,TIRODI GNEISSIC COMPLEX,TIRODI GNEISSIC COMPLEX Gp.,ARCHAEAN,5.854825159509768
21.655,79.83,TIRODI GNEISSIC COMPLEX,TIRODI GNEISSIC COMPLEX Gp.,ARCHAEAN,4.31771677816742
21.655,79.845,TIRODI GNEISSIC COMPLEX,TIRODI GNEISSIC COMPLEX Gp.,ARCHAEAN,2.7970477809414676
21.655,79.86,TIRODI GNEISSIC COMPLEX,TIRODI GNEISSIC COMPLEX Gp.,ARCHAEAN,1.3490156032684306
21.655,79.875,TIRODI GNEISSIC COMPLEX,TIRODI GNEISSIC COMPLEX Gp.,ARCHAEAN,0.6425570488631868
21.655,79.89,SAUSAR,"SAUSAR Gp.(MANSAR, JUNEWANI, SITASAONGI, LOHANGI , BICHUA Fm.)",PALAEOPROTEROZOIC,0.5429674866100668
21.655,79.905,SAUSAR,"SAUSAR Gp.(MANSAR, JUNEWANI, SITASAONGI, LOHANGI , BICHUA Fm.)",PALAEOPROTEROZOIC,1.4163737133899181
21.655,79.92,SAUSAR,"SAUSAR Gp.(MANSAR, JUNEWANI, SITASAONGI, LOHANGI , BICHUA Fm.)",PALAEOPROTEROZOIC,1.8176773554203693
21.655,79.935,SAUSAR,"SAUSAR Gp.(MANSAR, JUNEWANI, SITASAONGI, LOHANGI , BICHUA Fm.)",PALAEOPROTEROZOIC,1.5959676723263094
21.655,79.95,SAUSAR,"SAUSAR Gp.(MANSAR, JUNEWANI, SITASAONGI, LOHANGI , BICHUA Fm.)",PALAEOPROTEROZOIC,0.061489830266266574
21.655,79.965,TIRODI GNEISSIC COMPLEX,TIRODI GNEISSIC COMPLEX Gp.,ARCHAEAN,1.4729880117938452
21.655,79.98,TIRODI GNEISSIC COMPLEX,TIRODI GNEISSIC COMPLEX Gp.,ARCHAEAN,2.913067354044866
21.655,79.995,TIRODI GNEISSIC COMPLEX,TIRODI GNEISSIC COMPLEX Gp.,ARCHAEAN,3.6194672298733925
21.655,80.01,TIRODI GNEISSIC COMPLEX,TIRODI GNEISSIC COMPLEX Gp.,ARCHAEAN,4.43623668942657
21.655,80.025,TIRODI GNEISSIC COMPLEX,TIRODI GNEISSIC COMPLEX Gp.,ARCHAEAN,5.362469698773162
21.655,80.04,TIRODI GNEISSIC COMPLEX,TIRODI GNEISSIC COMPLEX Gp.,ARCHAEAN,5.980141728561087
21.655,80.055,TIRODI GNEISSIC COMPLEX,TIRODI GNEISSIC COMPLEX Gp.,ARCHAEAN,6.61404800479106
21.655,80.07,TIRODI GNEISSIC COMPLEX,TIRODI GNEISSIC COMPLEX Gp.,ARCHAEAN,7.443104549644564
21.655,80.085,TIRODI GNEISSIC COMPLEX,TIRODI GNEISSIC COMPLEX Gp.,ARCHAEAN,8.195582342674843
21.655,80.1,TIRODI GNEISSIC COMPLEX,TIRODI GNEISSIC COMPLEX Gp.,ARCHAEAN,8.85807258662927
21.655,80.115,TIRODI GNEISSIC COMPLEX,TIRODI GNEISSIC COMPLEX Gp.,ARCHAEAN,9.254035299846253
21.655,80.13,TIRODI GNEISSIC COMPLEX,TIRODI GNEISSIC COMPLEX Gp.,ARCHAEAN,7.785702625776928
21.655,80.145,TIRODI GNEISSIC COMPLEX,TIRODI GNEISSIC COMPLEX Gp.,ARCHAEAN,6.357221012960004
21.655,80.16,TIRODI GNEISSIC COMPLEX,TIRODI GNEISSIC COMPLEX Gp.,ARCHAEAN,5.0028442133022635
21.655,80.175,TIRODI GNEISSIC COMPLEX,TIRODI GNEISSIC COMPLEX Gp.,ARCHAEAN,3.8025963527417597
21.655,80.19,TIRODI GNEISSIC COMPLEX,TIRODI GNEISSIC COMPLEX Gp.,ARCHAEAN,2.851068853073859
21.655,80.205,TIRODI GNEISSIC COMPLEX,TIRODI GNEISSIC COMPLEX Gp.,ARCHAEAN,1.9180625211613205
21.655,80.22,TIRODI GNEISSIC COMPLEX,TIRODI GNEISSIC COMPLEX Gp.,ARCHAEAN,0.9655686063850087
21.655,80.235,SAUSAR,"SAUSAR Gp.(MANSAR, JUNEWANI, SITASAONGI, LOHANGI , BICHUA Fm.)",PALAEOPROTEROZOIC,0.10928212877522064
21.655,80.25,SAUSAR,"SAUSAR Gp.(MANSAR, JUNEWANI, SITASAONGI, LOHANGI , BICHUA Fm.)",PALAEOPROTEROZOIC,1.1841328639345143
21.655,80.265,SAUSAR,"SAUSAR Gp.(MANSAR, JUNEWANI, SITASAONGI, LOHANGI , BICHUA Fm.)",PALAEOPROTEROZOIC,1.8373323449406853
21.655,80.28,SAUSAR,"SAUSAR Gp.(MANSAR, JUNEWANI, SITASAONGI, LOHANGI , BICHUA Fm.)",PALAEOPROTEROZOIC,1.4321727471236163
21.655,80.295,SAUSAR,"SAUSAR Gp.(MANSAR, JUNEWANI, SITASAONGI, LOHANGI , BICHUA Fm.)",PALAEOPROTEROZOIC,0.9742435982207168
21.655,80.31,SAUSAR,"SAUSAR Gp.(MANSAR, JUNEWANI, SITASAONGI, LOHANGI , BICHUA Fm.)",PALAEOPROTEROZOIC,0.5706519690680681
21.655,80.325,SAUSAR,"SAUSAR Gp.(MANSAR, JUNEWANI, SITASAONGI, LOHANGI , BICHUA Fm.)",PALAEOPROTEROZOIC,0.12685327444624192
21.655,80.34,AMGAON GNEISSIC COMPLEX,AMGAON GNEISSIC COMPLEX Gp.,ARCHAEAN,0.4667505602350716
21.655,80.355,AMGAON GNEISSIC COMPLEX,AMGAON GNEISSIC COMPLEX Gp.,ARCHAEAN,1.167042133121232
21.655,80.37,AMGAON GNEISSIC COMPLEX,AMGAON GNEISSIC COMPLEX Gp.,ARCHAEAN,2.0268412424652213
21.655,80.385,AMGAON GNEISSIC COMPLEX,AMGAON GNEISSIC COMPLEX Gp.,ARCHAEAN,2.992250452162014
21.655,80.4,AMGAON GNEISSIC COMPLEX,AMGAON GNEISSIC COMPLEX Gp.,ARCHAEAN,3.923826892508604
21.655,80.415,AMGAON GNEISSIC COMPLEX,AMGAON GNEISSIC COMPLEX Gp.,ARCHAEAN,4.846989918684717
21.655,80.43,AMGAON GNEISSIC COMPLEX,AMGAON GNEISSIC COMPLEX Gp.,ARCHAEAN,5.726009453366692
21.655,80.445,AMGAON GNEISSIC COMPLEX,AMGAON GNEISSIC COMPLEX Gp.,ARCHAEAN,6.674374775238573
21.655,80.46,AMGAON GNEISSIC COMPLEX,AMGAON GNEISSIC COMPLEX Gp.,ARCHAEAN,7.5666428536099115
21.655,80.475,AMGAON GNEISSIC COMPLEX,AMGAON GNEISSIC COMPLEX Gp.,ARCHAEAN,8.373531397028632
21.655,80.49,AMGAON GNEISSIC COMPLEX,AMGAON GNEISSIC COMPLEX Gp.,ARCHAEAN,9.171867779113985
21.67,79.2,SAUSAR,"SAUSAR Gp.(MANSAR, JUNEWANI, SITASAONGI, LOHANGI , BICHUA Fm.)",PALAEOPROTEROZOIC,0.46170999296746174
21.67,79.215,SAUSAR,"SAUSAR Gp.(MANSAR, JUNEWANI, SITASAONGI, LOHANGI , BICHUA Fm.)",PALAEOPROTEROZOIC,0.026127834473622408
21.67,79.23,TIRODI GNEISSIC COMPLEX,TIRODI GNEISSIC COMPLEX Gp.,ARCHAEAN,0.7070302293371249
21.67,79.245,TIRODI GNEISSIC COMPLEX,TIRODI GNEISSIC COMPLEX Gp.,ARCHAEAN,1.4401882931475132
21.67,79.26,TIRODI GNEISSIC COMPLEX,TIRODI GNEISSIC COMPLEX Gp.,ARCHAEAN,2.061235684126173
21.67,79.275,TIRODI GNEISSIC COMPLEX,TIRODI GNEISSIC COMPLEX Gp.,ARCHAEAN,2.603871840167221
21.67,79.29,TIRODI GNEISSIC COMPLEX,TIRODI GNEISSIC COMPLEX Gp.,ARCHAEAN,3.1465079962087197
21.67,79.305,TIRODI GNEISSIC COMPLEX,TIRODI GNEISSIC COMPLEX Gp.,ARCHAEAN,3.6710689213736667
21.67,79.32,TIRODI GNEISSIC COMPLEX,TIRODI GNEISSIC COMPLEX Gp.,ARCHAEAN,4.1043246370941455
21.67,79.335,TIRODI GNEISSIC COMPLEX,TIRODI GNEISSIC COMPLEX Gp.,ARCHAEAN,4.41158639272679
21.67,79.35,TIRODI GNEISSIC COMPLEX,TIRODI GNEISSIC COMPLEX Gp.,ARCHAEAN,2.8664657296613183
21.67,79.365,TIRODI GNEISSIC COMPLEX,TIRODI GNEISSIC COMPLEX Gp.,ARCHAEAN,1.3368817982919854
21.67,79.38,TIRODI GNEISSIC COMPLEX,TIRODI GNEISSIC COMPLEX Gp.,ARCHAEAN,0.1193451510983629
21.67,79.395,SAUSAR,"SAUSAR Gp.(MANSAR, JUNEWANI, SITASAONGI, LOHANGI , BICHUA Fm.)",PALAEOPROTEROZOIC,0.29723109447520135
21.67,79.41,TIRODI GNEISSIC COMPLEX,TIRODI GNEISSIC COMPLEX Gp.,ARCHAEAN,0.14618957112028425
21.67,79.425,TIRODI GNEISSIC COMPLEX,TIRODI GNEISSIC COMPLEX Gp.,ARCHAEAN,0.324660974962368
21.67,79.44,TIRODI GNEISSIC COMPLEX,TIRODI GNEISSIC COMPLEX Gp.,ARCHAEAN,0.7469026156078248
21.67,79.455,TIRODI GNEISSIC COMPLEX,TIRODI GNEISSIC COMPLEX Gp.,ARCHAEAN,0.8658351786460701
21.67,79.47,TIRODI GNEISSIC COMPLEX,TIRODI GNEISSIC COMPLEX Gp.,ARCHAEAN,0.8812155693400052
21.67,79.485,TIRODI GNEISSIC COMPLEX,TIRODI GNEISSIC COMPLEX Gp.,ARCHAEAN,1.0932094284833145
21.67,79.5,TIRODI GNEISSIC COMPLEX,TIRODI GNEISSIC COMPLEX Gp.,ARCHAEAN,1.3357243091586213
21.67,79.515,TIRODI GNEISSIC COMPLEX,TIRODI GNEISSIC COMPLEX Gp.,ARCHAEAN,1.8085276902795093
21.67,79.53,TIRODI GNEISSIC COMPLEX,TIRODI GNEISSIC COMPLEX Gp.,ARCHAEAN,2.526665132208531
21.67,79.545,TIRODI GNEISSIC COMPLEX,TIRODI GNEISSIC COMPLEX Gp.,ARCHAEAN,1.5643994162007426
21.67,79.56,TIRODI GNEISSIC COMPLEX,TIRODI GNEISSIC COMPLEX Gp.,ARCHAEAN,0.4506058558561088
21.67,79.575,TIRODI GNEISSIC COMPLEX,TIRODI GNEISSIC COMPLEX Gp.,ARCHAEAN,1.1878907202153282
21.67,79.59,TIRODI GNEISSIC COMPLEX,TIRODI GNEISSIC COMPLEX Gp.,ARCHAEAN,0.062300805175542935
21.67,79.605,SAUSAR,"SAUSAR Gp.(MANSAR, JUNEWANI, SITASAONGI, LOHANGI , BICHUA Fm.)",PALAEOPROTEROZOIC,0.23135104839528964
21.67,79.62,TIRODI GNEISSIC COMPLEX,TIRODI GNEISSIC COMPLEX Gp.,ARCHAEAN,0.3602220636214261
21.67,79.635,TIRODI GNEISSIC COMPLEX,TIRODI GNEISSIC COMPLEX Gp.,ARCHAEAN,0.8843336969671769
21.67,79.65,TIRODI GNEISSIC COMPLEX,TIRODI GNEISSIC COMPLEX Gp.,ARCHAEAN,1.495882759741256
21.67,79.665,TIRODI GNEISSIC COMPLEX,TIRODI GNEISSIC COMPLEX Gp.,ARCHAEAN,2.712439214009487
21.67,79.68,TIRODI GNEISSIC COMPLEX,TIRODI GNEISSIC COMPLEX Gp.,ARCHAEAN,3.5261773060508474
21.67,79.695,TIRODI GNEISSIC COMPLEX,TIRODI GNEISSIC COMPLEX Gp.,ARCHAEAN,2.1499345526501266
21.67,79.71,TIRODI GNEISSIC COMPLEX,TIRODI GNEISSIC COMPLEX Gp.,ARCHAEAN,0.9522302235963777
21.67,79.725,SAUSAR,"SAUSAR Gp.(MANSAR, JUNEWANI, SITASAONGI, LOHANGI , BICHUA Fm.)",PALAEOPROTEROZOIC,0.17823548015303117
21.67,79.74,SAUSAR,"SAUSAR Gp.(MANSAR, JUNEWANI, SITASAONGI, LOHANGI , BICHUA Fm.)",PALAEOPROTEROZOIC,0.2549593685938416
21.67,79.755,TIRODI GNEISSIC COMPLEX,TIRODI GNEISSIC COMPLEX Gp.,ARCHAEAN,0.9182747708666623
21.67,79.77,TIRODI GNEISSIC COMPLEX,TIRODI GNEISSIC COMPLEX Gp.,ARCHAEAN,2.427696044542198
21.67,79.785,TIRODI GNEISSIC COMPLEX,TIRODI GNEISSIC COMPLEX Gp.,ARCHAEAN,3.8098753944034662
21.67,79.8,TIRODI GNEISSIC COMPLEX,TIRODI GNEISSIC COMPLEX Gp.,ARCHAEAN,4.958225681879792
21.67,79.815,TIRODI GNEISSIC COMPLEX,TIRODI GNEISSIC COMPLEX Gp.,ARCHAEAN,6.275051728402166
21.67,79.83,TIRODI GNEISSIC COMPLEX,TIRODI GNEISSIC COMPLEX Gp.,ARCHAEAN,4.872579389839511
21.67,79.845,TIRODI GNEISSIC COMPLEX,TIRODI GNEISSIC COMPLEX Gp.,ARCHAEAN,3.5920193764442216
21.67,79.86,TIRODI GNEISSIC COMPLEX,TIRODI GNEISSIC COMPLEX Gp.,ARCHAEAN,2.274033505140683
21.67,79.875,TIRODI GNEISSIC COMPLEX,TIRODI GNEISSIC COMPLEX Gp.,ARCHAEAN,0.8455310998078246
21.67,79.89,TIRODI GNEISSIC COMPLEX,TIRODI GNEISSIC COMPLEX Gp.,ARCHAEAN,0.6515448529817354
21.67,79.905,TIRODI GNEISSIC COMPLEX,TIRODI GNEISSIC COMPLEX Gp.,ARCHAEAN,0.20389387936596365
21.67,79.92,SAUSAR,"SAUSAR Gp.(MANSAR, JUNEWANI, SITASAONGI, LOHANGI , BICHUA Fm.)",PALAEOPROTEROZOIC,0.31586574753089075
21.67,79.935,SAUSAR,"SAUSAR Gp.(MANSAR, JUNEWANI, SITASAONGI, LOHANGI , BICHUA Fm.)",PALAEOPROTEROZOIC,1.2881852596779662
21.67,79.95,SAUSAR,"SAUSAR Gp.(MANSAR, JUNEWANI, SITASAONGI, LOHANGI , BICHUA Fm.)",PALAEOPROTEROZOIC,0.3162084653473426
21.67,79.965,TIRODI GNEISSIC COMPLEX,TIRODI GNEISSIC COMPLEX Gp.,ARCHAEAN,0.6726169346369975
21.67,79.98,TIRODI GNEISSIC COMPLEX,TIRODI GNEISSIC COMPLEX Gp.,ARCHAEAN,1.3972030488925558
21.67,79.995,TIRODI GNEISSIC COMPLEX,TIRODI GNEISSIC COMPLEX Gp.,ARCHAEAN,2.1878289699981743
21.67,80.01,TIRODI GNEISSIC COMPLEX,TIRODI GNEISSIC COMPLEX Gp.,ARCHAEAN,3.0829693969481324
21.67,80.025,TIRODI GNEISSIC COMPLEX,TIRODI GNEISSIC COMPLEX Gp.,ARCHAEAN,4.041617870014519
21.67,80.04,TIRODI GNEISSIC COMPLEX,TIRODI GNEISSIC COMPLEX Gp.,ARCHAEAN,4.415931938812163
21.67,80.055,TIRODI GNEISSIC COMPLEX,TIRODI GNEISSIC COMPLEX Gp.,ARCHAEAN,5.200507798850518
21.67,80.07,TIRODI GNEISSIC COMPLEX,TIRODI GNEISSIC COMPLEX Gp.,ARCHAEAN,6.014194455354155
21.67,80.085,TIRODI GNEISSIC COMPLEX,TIRODI GNEISSIC COMPLEX Gp.,ARCHAEAN,6.674837697024875
21.67,80.1,TIRODI GNEISSIC COMPLEX,TIRODI GNEISSIC COMPLEX Gp.,ARCHAEAN,7.3133211446110815
21.67,80.115,TIRODI GNEISSIC COMPLEX,TIRODI GNEISSIC COMPLEX Gp.,ARCHAEAN,8.054924628636112
21.67,80.13,TIRODI GNEISSIC COMPLEX,TIRODI GNEISSIC COMPLEX Gp.,ARCHAEAN,8.518773574991576
21.67,80.145,TIRODI GNEISSIC COMPLEX,TIRODI GNEISSIC COMPLEX Gp.,ARCHAEAN,7.236767094621872
21.67,80.16,TIRODI GNEISSIC COMPLEX,TIRODI GNEISSIC COMPLEX Gp.,ARCHAEAN,6.081791563846956
21.67,80.175,TIRODI GNEISSIC COMPLEX,TIRODI GNEISSIC COMPLEX Gp.,ARCHAEAN,5.123198326455646
21.67,80.19,TIRODI GNEISSIC COMPLEX,TIRODI GNEISSIC COMPLEX Gp.,ARCHAEAN,4.19022065038778
21.67,80.205,TIRODI GNEISSIC COMPLEX,TIRODI GNEISSIC COMPLEX Gp.,ARCHAEAN,3.2508853944889156
21.67,80.22,,LATERITE / BAUXITE,CENOZOIC,2.1760799326547855
21.67,80.235,,LATERITE / BAUXITE,CENOZOIC,1.101274470819719
21.67,80.25,TIRODI GNEISSIC COMPLEX,TIRODI GNEISSIC COMPLEX Gp.,ARCHAEAN,0.10912403891478983
21.67,80.265,SAUSAR,"SAUSAR Gp.(MANSAR, JUNEWANI, SITASAONGI, LOHANGI , BICHUA Fm.)",PALAEOPROTEROZOIC,0.8191592768386236
21.67,80.28,SAUSAR,"SAUSAR Gp.(MANSAR, JUNEWANI, SITASAONGI, LOHANGI , BICHUA Fm.)",PALAEOPROTEROZOIC,1.7532333466046068
21.67,80.295,SAUSAR,"SAUSAR Gp.(MANSAR, JUNEWANI, SITASAONGI, LOHANGI , BICHUA Fm.)",PALAEOPROTEROZOIC,2.596923237723892
21.67,80.31,SAUSAR,"SAUSAR Gp.(MANSAR, JUNEWANI, SITASAONGI, LOHANGI , BICHUA Fm.)",PALAEOPROTEROZOIC,2.168070619335276
21.67,80.325,SAUSAR,"SAUSAR Gp.(MANSAR, JUNEWANI, SITASAONGI, LOHANGI , BICHUA Fm.)",PALAEOPROTEROZOIC,1.6934041847027845
21.67,80.34,SAUSAR,"SAUSAR Gp.(MANSAR, JUNEWANI, SITASAONGI, LOHANGI , BICHUA Fm.)",PALAEOPROTEROZOIC,1.0308574098548502
21.67,80.355,SAUSAR,"SAUSAR Gp.(MANSAR, JUNEWANI, SITASAONGI, LOHANGI , BICHUA Fm.)",PALAEOPROTEROZOIC,0.25116384808458
21.67,80.37,AMGAON GNEISSIC COMPLEX,AMGAON GNEISSIC COMPLEX Gp.,ARCHAEAN,0.7142133941488842
21.67,80.385,AMGAON GNEISSIC COMPLEX,AMGAON GNEISSIC COMPLEX Gp.,ARCHAEAN,1.6467187481971124
21.67,80.4,AMGAON GNEISSIC COMPLEX,AMGAON GNEISSIC COMPLEX Gp.,ARCHAEAN,2.6291990677816064
21.67,80.415,AMGAON GNEISSIC COMPLEX,AMGAON GNEISSIC COMPLEX Gp.,ARCHAEAN,3.4653113992564912
21.67,80.43,AMGAON GNEISSIC COMPLEX,AMGAON GNEISSIC COMPLEX Gp.,ARCHAEAN,4.418754148617229
21.67,80.445,AMGAON GNEISSIC COMPLEX,AMGAON GNEISSIC COMPLEX Gp.,ARCHAEAN,5.309377856792252
21.67,80.46,AMGAON GNEISSIC COMPLEX,AMGAON GNEISSIC COMPLEX Gp.,ARCHAEAN,6.156341347610899
21.67,80.475,AMGAON GNEISSIC COMPLEX,AMGAON GNEISSIC COMPLEX Gp.,ARCHAEAN,6.954350038643467
21.67,80.49,AMGAON GNEISSIC COMPLEX,AMGAON GNEISSIC COMPLEX Gp.,ARCHAEAN,7.717744017147395
21.685,79.2,TIRODI GNEISSIC COMPLEX,TIRODI GNEISSIC COMPLEX Gp.,ARCHAEAN,1.1776141017857835
21.685,79.215,TIRODI GNEISSIC COMPLEX,TIRODI GNEISSIC COMPLEX Gp.,ARCHAEAN,1.4801342399730857
21.685,79.23,TIRODI GNEISSIC COMPLEX,TIRODI GNEISSIC COMPLEX Gp.,ARCHAEAN,2.1819084654332963
21.685,79.245,TIRODI GNEISSIC COMPLEX,TIRODI GNEISSIC COMPLEX Gp.,ARCHAEAN,2.91505311252071
21.685,79.26,TIRODI GNEISSIC COMPLEX,TIRODI GNEISSIC COMPLEX Gp.,ARCHAEAN,3.627416340796201
21.685,79.275,TIRODI GNEISSIC COMPLEX,TIRODI GNEISSIC COMPLEX Gp.,ARCHAEAN,4.170047193177931
21.685,79.29,TIRODI GNEISSIC COMPLEX,TIRODI GNEISSIC COMPLEX Gp.,ARCHAEAN,4.71267804555921
21.685,79.305,TIRODI GNEISSIC COMPLEX,TIRODI GNEISSIC COMPLEX Gp.,ARCHAEAN,5.255308897940489
21.685,79.32,TIRODI GNEISSIC COMPLEX,TIRODI GNEISSIC COMPLEX Gp.,ARCHAEAN,5.708872649738612
21.685,79.335,TIRODI GNEISSIC COMPLEX,TIRODI GNEISSIC COMPLEX Gp.,ARCHAEAN,4.598562230623654
21.685,79.35,TIRODI GNEISSIC COMPLEX,TIRODI GNEISSIC COMPLEX Gp.,ARCHAEAN,3.1470058962792433
21.685,79.365,TIRODI GNEISSIC COMPLEX,TIRODI GNEISSIC COMPLEX Gp.,ARCHAEAN,1.8642991342873605
21.685,79.38,TIRODI GNEISSIC COMPLEX,TIRODI GNEISSIC COMPLEX Gp.,ARCHAEAN,0.9487799581384664
21.685,79.395,TIRODI GNEISSIC COMPLEX,TIRODI GNEISSIC COMPLEX Gp.,ARCHAEAN,1.298591550355124
21.685,79.41,TIRODI GNEISSIC COMPLEX,TIRODI GNEISSIC COMPLEX Gp.,ARCHAEAN,1.7593470964928355
21.685,79.425,TIRODI GNEISSIC COMPLEX,TIRODI GNEISSIC COMPLEX Gp.,ARCHAEAN,1.983583308740222
21.685,79.44,TIRODI GNEISSIC COMPLEX,TIRODI GNEISSIC COMPLEX Gp.,ARCHAEAN,2.2820990709916664
21.685,79.455,TIRODI GNEISSIC COMPLEX,TIRODI GNEISSIC COMPLEX Gp.,ARCHAEAN,2.5332739488614786
21.685,79.47,TIRODI GNEISSIC COMPLEX,TIRODI GNEISSIC COMPLEX Gp.,ARCHAEAN,2.548755440549935
21.685,79.485,TIRODI GNEISSIC COMPLEX,TIRODI GNEISSIC COMPLEX Gp.,ARCHAEAN,2.747505836532739
21.685,79.5,TIRODI GNEISSIC COMPLEX,TIRODI GNEISSIC COMPLEX Gp.,ARCHAEAN,2.96034640097726
21.685,79.515,TIRODI GNEISSIC COMPLEX,TIRODI GNEISSIC COMPLEX Gp.,ARCHAEAN,3.400315376001571
21.685,79.53,TIRODI GNEISSIC COMPLEX,TIRODI GNEISSIC COMPLEX Gp.,ARCHAEAN,2.956911964630749
21.685,79.545,TIRODI GNEISSIC COMPLEX,TIRODI GNEISSIC COMPLEX Gp.,ARCHAEAN,1.406110684214508
21.685,79.56,SAUSAR,"SAUSAR Gp.(MANSAR, JUNEWANI, SITASAONGI, LOHANGI , BICHUA Fm.)",PALAEOPROTEROZOIC,0.13289990212131483
21.685,79.575,SAUSAR,"SAUSAR Gp.(MANSAR, JUNEWANI, SITASAONGI, LOHANGI , BICHUA Fm.)",PALAEOPROTEROZOIC,0.36803932325710575
21.685,79.59,SAUSAR,"SAUSAR Gp.(MANSAR, JUNEWANI, SITASAONGI, LOHANGI , BICHUA Fm.)",PALAEOPROTEROZOIC,0.13696591655675014
21.685,79.605,SAUSAR,"SAUSAR Gp.(MANSAR, JUNEWANI, SITASAONGI, LOHANGI , BICHUA Fm.)",PALAEOPROTEROZOIC,0.14117232550090597
21.685,79.62,TIRODI GNEISSIC COMPLEX,TIRODI GNEISSIC COMPLEX Gp.,ARCHAEAN,0.7030235244328128
21.685,79.635,TIRODI GNEISSIC COMPLEX,TIRODI GNEISSIC COMPLEX Gp.,ARCHAEAN,0.25053981686480997
21.685,79.65,TIRODI GNEISSIC COMPLEX,TIRODI GNEISSIC COMPLEX Gp.,ARCHAEAN,0.6381848824415034
21.685,79.665,TIRODI GNEISSIC COMPLEX,TIRODI GNEISSIC COMPLEX Gp.,ARCHAEAN,2.1876484387474866
21.685,79.68,TIRODI GNEISSIC COMPLEX,TIRODI GNEISSIC COMPLEX Gp.,ARCHAEAN,3.312180366181049
21.685,79.695,TIRODI GNEISSIC COMPLEX,TIRODI GNEISSIC COMPLEX Gp.,ARCHAEAN,1.7795720773142059
21.685,79.71,TIRODI GNEISSIC COMPLEX,TIRODI GNEISSIC COMPLEX Gp.,ARCHAEAN,0.289431712518757
21.685,79.725,SAUSAR,"SAUSAR Gp.(MANSAR, JUNEWANI, SITASAONGI, LOHANGI , BICHUA Fm.)",PALAEOPROTEROZOIC,0.4463392801264214
21.685,79.74,TIRODI GNEISSIC COMPLEX,TIRODI GNEISSIC COMPLEX Gp.,ARCHAEAN,0.3107122865890319
21.685,79.755,TIRODI GNEISSIC COMPLEX,TIRODI GNEISSIC COMPLEX Gp.,ARCHAEAN,0.46837414229776475
21.685,79.77,TIRODI GNEISSIC COMPLEX,TIRODI GNEISSIC COMPLEX Gp.,ARCHAEAN,1.5277525892741624
21.685,79.785,TIRODI GNEISSIC COMPLEX,TIRODI GNEISSIC COMPLEX Gp.,ARCHAEAN,2.758662558702011
21.685,79.8,TIRODI GNEISSIC COMPLEX,TIRODI GNEISSIC COMPLEX Gp.,ARCHAEAN,4.20439949593063
21.685,79.815,TIRODI GNEISSIC COMPLEX,TIRODI GNEISSIC COMPLEX Gp.,ARCHAEAN,5.7060340656685105
21.685,79.83,TIRODI GNEISSIC COMPLEX,TIRODI GNEISSIC COMPLEX Gp.,ARCHAEAN,5.758077909385074
21.685,79.845,TIRODI GNEISSIC COMPLEX,TIRODI GNEISSIC COMPLEX Gp.,ARCHAEAN,4.364848377050255
21.685,79.86,TIRODI GNEISSIC COMPLEX,TIRODI GNEISSIC COMPLEX Gp.,ARCHAEAN,3.0761753836360266
21.685,79.875,TIRODI GNEISSIC COMPLEX,TIRODI GNEISSIC COMPLEX Gp.,ARCHAEAN,2.0842523641567086
21.685,79.89,TIRODI GNEISSIC COMPLEX,TIRODI GNEISSIC COMPLEX Gp.,ARCHAEAN,1.9686135317862703
21.685,79.905,TIRODI GNEISSIC COMPLEX,TIRODI GNEISSIC COMPLEX Gp.,ARCHAEAN,1.821498034794225
21.685,79.92,TIRODI GNEISSIC COMPLEX,TIRODI GNEISSIC COMPLEX Gp.,ARCHAEAN,0.9844316376889075
21.685,79.935,SAUSAR,"SAUSAR Gp.(MANSAR, JUNEWANI, SITASAONGI, LOHANGI , BICHUA Fm.)",PALAEOPROTEROZOIC,0.2051650548593649
21.685,79.95,SAUSAR,"SAUSAR Gp.(MANSAR, JUNEWANI, SITASAONGI, LOHANGI , BICHUA Fm.)",PALAEOPROTEROZOIC,1.4871277732288415
21.685,79.965,SAUSAR,"SAUSAR Gp.(MANSAR, JUNEWANI, SITASAONGI, LOHANGI , BICHUA Fm.)",PALAEOPROTEROZOIC,0.7705216842117764
21.685,79.98,SAUSAR,"SAUSAR Gp.(MANSAR, JUNEWANI, SITASAONGI, LOHANGI , BICHUA Fm.)",PALAEOPROTEROZOIC,0.05772303229834904
21.685,79.995,TIRODI GNEISSIC COMPLEX,TIRODI GNEISSIC COMPLEX Gp.,ARCHAEAN,0.8053884319541222
21.685,80.01,TIRODI GNEISSIC COMPLEX,TIRODI GNEISSIC COMPLEX Gp.,ARCHAEAN,2.213987017408714
21.685,80.025,TIRODI GNEISSIC COMPLEX,TIRODI GNEISSIC COMPLEX Gp.,ARCHAEAN,2.377005958243884
21.685,80.04,TIRODI GNEISSIC COMPLEX,TIRODI GNEISSIC COMPLEX Gp.,ARCHAEAN,2.9639188953478666
21.685,80.055,TIRODI GNEISSIC COMPLEX,TIRODI GNEISSIC COMPLEX Gp.,ARCHAEAN,3.802454387394249
21.685,80.07,TIRODI GNEISSIC COMPLEX,TIRODI GNEISSIC COMPLEX Gp.,ARCHAEAN,4.515071229960363
21.685,80.085,TIRODI GNEISSIC COMPLEX,TIRODI GNEISSIC COMPLEX Gp.,ARCHAEAN,5.196977852579855
21.685,80.1,TIRODI GNEISSIC COMPLEX,TIRODI GNEISSIC COMPLEX Gp.,ARCHAEAN,5.828095499495061
21.685,80.115,TIRODI GNEISSIC COMPLEX,TIRODI GNEISSIC COMPLEX Gp.,ARCHAEAN,6.625030267917654
21.685,80.13,TIRODI GNEISSIC COMPLEX,TIRODI GNEISSIC COMPLEX Gp.,ARCHAEAN,7.462237209679903
21.685,80.145,TIRODI GNEISSIC COMPLEX,TIRODI GNEISSIC COMPLEX Gp.,ARCHAEAN,8.350966247588257
21.685,80.16,TIRODI GNEISSIC COMPLEX,TIRODI GNEISSIC COMPLEX Gp.,ARCHAEAN,7.384063183108688
21.685,80.175,TIRODI GNEISSIC COMPLEX,TIRODI GNEISSIC COMPLEX Gp.,ARCHAEAN,6.462239083804414
21.685,80.19,TIRODI GNEISSIC COMPLEX,TIRODI GNEISSIC COMPLEX Gp.,ARCHAEAN,5.52877688025797
21.685,80.205,TIRODI GNEISSIC COMPLEX,TIRODI GNEISSIC COMPLEX Gp.,ARCHAEAN,4.461249352635638
21.685,80.22,,LATERITE / BAUXITE,CENOZOIC,3.3864891911614308
21.685,80.235,,LATERITE / BAUXITE,CENOZOIC,2.3803192740564265
21.685,80.25,,LATERITE / BAUXITE,CENOZOIC,1.452064172599083
21.685,80.265,TIRODI GNEISSIC COMPLEX,TIRODI GNEISSIC COMPLEX Gp.,ARCHAEAN,0.5228668514947732
21.685,80.28,SAUSAR,"SAUSAR Gp.(MANSAR, JUNEWANI, SITASAONGI, LOHANGI , BICHUA Fm.)",PALAEOPROTEROZOIC,0.4334145833963891
21.685,80.295,SAUSAR,"SAUSAR Gp.(MANSAR, JUNEWANI, SITASAONGI, LOHANGI , BICHUA Fm.)",PALAEOPROTEROZOIC,1.3901389256491246
21.685,80.31,SAUSAR,"SAUSAR Gp.(MANSAR, JUNEWANI, SITASAONGI, LOHANGI , BICHUA Fm.)",PALAEOPROTEROZOIC,2.280900067769681
21.685,80.325,SAUSAR,"SAUSAR Gp.(MANSAR, JUNEWANI, SITASAONGI, LOHANGI , BICHUA Fm.)",PALAEOPROTEROZOIC,2.9980237442453146
21.685,80.34,SAUSAR,"SAUSAR Gp.(MANSAR, JUNEWANI, SITASAONGI, LOHANGI , BICHUA Fm.)",PALAEOPROTEROZOIC,2.5185087365520027
21.685,80.355,SAUSAR,"SAUSAR Gp.(MANSAR, JUNEWANI, SITASAONGI, LOHANGI , BICHUA Fm.)",PALAEOPROTEROZOIC,1.5636727703133835
21.685,80.37,SAUSAR,"SAUSAR Gp.(MANSAR, JUNEWANI, SITASAONGI, LOHANGI , BICHUA Fm.)",PALAEOPROTEROZOIC,0.6387596309411165
21.685,80.385,AMGAON GNEISSIC COMPLEX,AMGAON GNEISSIC COMPLEX Gp.,ARCHAEAN,0.38305830401742846
21.685,80.4,AMGAON GNEISSIC COMPLEX,AMGAON GNEISSIC COMPLEX Gp.,ARCHAEAN,1.2087545233913248
21.685,80.415,AMGAON GNEISSIC COMPLEX,AMGAON GNEISSIC COMPLEX Gp.,ARCHAEAN,2.1602721799920577
21.685,80.43,AMGAON GNEISSIC COMPLEX,AMGAON GNEISSIC COMPLEX Gp.,ARCHAEAN,3.0409422477991064
21.685,80.445,AMGAON GNEISSIC COMPLEX,AMGAON GNEISSIC COMPLEX Gp.,ARCHAEAN,3.916114549735027
21.685,80.46,AMGAON GNEISSIC COMPLEX,AMGAON GNEISSIC COMPLEX Gp.,ARCHAEAN,4.717617517311638
21.685,80.475,AMGAON GNEISSIC COMPLEX,AMGAON GNEISSIC COMPLEX Gp.,ARCHAEAN,5.507212913315166
21.685,80.49,AMGAON GNEISSIC COMPLEX,AMGAON GNEISSIC COMPLEX Gp.,ARCHAEAN,6.276090752656528
21.7,79.2,TIRODI GNEISSIC COMPLEX,TIRODI GNEISSIC COMPLEX Gp.,ARCHAEAN,2.816928737705754
21.7,79.215,TIRODI GNEISSIC COMPLEX,TIRODI GNEISSIC COMPLEX Gp.,ARCHAEAN,3.1147376775152593
21.7,79.23,TIRODI GNEISSIC COMPLEX,TIRODI GNEISSIC COMPLEX Gp.,ARCHAEAN,3.656732681475122
21.7,79.245,TIRODI GNEISSIC COMPLEX,TIRODI GNEISSIC COMPLEX Gp.,ARCHAEAN,4.389863904154025
21.7,79.26,TIRODI GNEISSIC COMPLEX,TIRODI GNEISSIC COMPLEX Gp.,ARCHAEAN,5.122995126833286
21.7,79.275,TIRODI GNEISSIC COMPLEX,TIRODI GNEISSIC COMPLEX Gp.,ARCHAEAN,5.736191898544338
21.7,79.29,TIRODI GNEISSIC COMPLEX,TIRODI GNEISSIC COMPLEX Gp.,ARCHAEAN,6.278817444273486
21.7,79.305,TIRODI GNEISSIC COMPLEX,TIRODI GNEISSIC COMPLEX Gp.,ARCHAEAN,6.821442990003084
21.7,79.32,TIRODI GNEISSIC COMPLEX,TIRODI GNEISSIC COMPLEX Gp.,ARCHAEAN,6.668042762170708
21.7,79.335,TIRODI GNEISSIC COMPLEX,TIRODI GNEISSIC COMPLEX Gp.,ARCHAEAN,5.3299077406966
21.7,79.35,TIRODI GNEISSIC COMPLEX,TIRODI GNEISSIC COMPLEX Gp.,ARCHAEAN,4.1433234954070395
21.7,79.365,TIRODI GNEISSIC COMPLEX,TIRODI GNEISSIC COMPLEX Gp.,ARCHAEAN,3.1240602403961812
21.7,79.38,TIRODI GNEISSIC COMPLEX,TIRODI GNEISSIC COMPLEX Gp.,ARCHAEAN,2.607826206536964
21.7,79.395,TIRODI GNEISSIC COMPLEX,TIRODI GNEISSIC COMPLEX Gp.,ARCHAEAN,2.8943918795550285
21.7,79.41,TIRODI GNEISSIC COMPLEX,TIRODI GNEISSIC COMPLEX Gp.,ARCHAEAN,3.3551442039683876
21.7,79.425,TIRODI GNEISSIC COMPLEX,TIRODI GNEISSIC COMPLEX Gp.,ARCHAEAN,3.642502223701988
21.7,79.44,TIRODI GNEISSIC COMPLEX,TIRODI GNEISSIC COMPLEX Gp.,ARCHAEAN,3.8583398117088517
21.7,79.455,TIRODI GNEISSIC COMPLEX,TIRODI GNEISSIC COMPLEX Gp.,ARCHAEAN,4.16747901787417
21.7,79.47,TIRODI GNEISSIC COMPLEX,TIRODI GNEISSIC COMPLEX Gp.,ARCHAEAN,4.218083900436229
21.7,79.485,TIRODI GNEISSIC COMPLEX,TIRODI GNEISSIC COMPLEX Gp.,ARCHAEAN,4.401797385854485
21.7,79.5,TIRODI GNEISSIC COMPLEX,TIRODI GNEISSIC COMPLEX Gp.,ARCHAEAN,4.614699916001581
21.7,79.515,TIRODI GNEISSIC COMPLEX,TIRODI GNEISSIC COMPLEX Gp.,ARCHAEAN,4.744911215298738
21.7,79.53,TIRODI GNEISSIC COMPLEX,TIRODI GNEISSIC COMPLEX Gp.,ARCHAEAN,3.230173989733717
21.7,79.545,TIRODI GNEISSIC COMPLEX,TIRODI GNEISSIC COMPLEX Gp.,ARCHAEAN,1.7798753843712847
21.7,79.56,TIRODI GNEISSIC COMPLEX,TIRODI GNEISSIC COMPLEX Gp.,ARCHAEAN,0.6793511622042229
21.7,79.575,SAUSAR,"SAUSAR Gp.(MANSAR, JUNEWANI, SITASAONGI, LOHANGI , BICHUA Fm.)",PALAEOPROTEROZOIC,0.30246139491939467
21.7,79.59,SAUSAR,"SAUSAR Gp.(MANSAR, JUNEWANI, SITASAONGI, LOHANGI , BICHUA Fm.)",PALAEOPROTEROZOIC,1.4813153898025675
21.7,79.605,SAUSAR,"SAUSAR Gp.(MANSAR, JUNEWANI, SITASAONGI, LOHANGI , BICHUA Fm.)",PALAEOPROTEROZOIC,1.0893674485051068
21.7,79.62,SAUSAR,"SAUSAR Gp.(MANSAR, JUNEWANI, SITASAONGI, LOHANGI , BICHUA Fm.)",PALAEOPROTEROZOIC,0.22651450616656485
21.7,79.635,TIRODI GNEISSIC COMPLEX,TIRODI GNEISSIC COMPLEX Gp.,ARCHAEAN,0.8686468508515912
21.7,79.65,TIRODI GNEISSIC COMPLEX,TIRODI GNEISSIC COMPLEX Gp.,ARCHAEAN,1.8448888246625512
21.7,79.665,TIRODI GNEISSIC COMPLEX,TIRODI GNEISSIC COMPLEX Gp.,ARCHAEAN,2.7894853705762057
21.7,79.68,TIRODI GNEISSIC COMPLEX,TIRODI GNEISSIC COMPLEX Gp.,ARCHAEAN,3.7648617346674698
21.7,79.695,TIRODI GNEISSIC COMPLEX,TIRODI GNEISSIC COMPLEX Gp.,ARCHAEAN,2.399852220631151
21.7,79.71,TIRODI GNEISSIC COMPLEX,TIRODI GNEISSIC COMPLEX Gp.,ARCHAEAN,1.2810980238775083
21.7,79.725,TIRODI GNEISSIC COMPLEX,TIRODI GNEISSIC COMPLEX Gp.,ARCHAEAN,0.5651746126722589
21.7,79.74,TIRODI GNEISSIC COMPLEX,TIRODI GNEISSIC COMPLEX Gp.,ARCHAEAN,0.42713715629029625
21.7,79.755,TIRODI GNEISSIC COMPLEX,TIRODI GNEISSIC COMPLEX Gp.,ARCHAEAN,0.26525541187365104
21.7,79.77,TIRODI GNEISSIC COMPLEX,TIRODI GNEISSIC COMPLEX Gp.,ARCHAEAN,1.0154715332583135
21.7,79.785,TIRODI GNEISSIC COMPLEX,TIRODI GNEISSIC COMPLEX Gp.,ARCHAEAN,2.5063421717105747
21.7,79.8,TIRODI GNEISSIC COMPLEX,TIRODI GNEISSIC COMPLEX Gp.,ARCHAEAN,4.043069446050348
21.7,79.815,TIRODI GNEISSIC COMPLEX,TIRODI GNEISSIC COMPLEX Gp.,ARCHAEAN,5.587947818880465
21.7,79.83,TIRODI GNEISSIC COMPLEX,TIRODI GNEISSIC COMPLEX Gp.,ARCHAEAN,6.568079134652791
21.7,79.845,TIRODI GNEISSIC COMPLEX,TIRODI GNEISSIC COMPLEX Gp.,ARCHAEAN,5.342127241643175
21.7,79.86,TIRODI GNEISSIC COMPLEX,TIRODI GNEISSIC COMPLEX Gp.,ARCHAEAN,4.314648655677587
21.7,79.875,TIRODI GNEISSIC COMPLEX,TIRODI GNEISSIC COMPLEX Gp.,ARCHAEAN,3.6560426802894264
21.7,79.89,TIRODI GNEISSIC COMPLEX,TIRODI GNEISSIC COMPLEX Gp.,ARCHAEAN,3.5913892864790333
21.7,79.905,TIRODI GNEISSIC COMPLEX,TIRODI GNEISSIC COMPLEX Gp.,ARCHAEAN,3.2545815708918977
21.7,79.92,TIRODI GNEISSIC COMPLEX,TIRODI GNEISSIC COMPLEX Gp.,ARCHAEAN,1.9500495552820853
21.7,79.935,TIRODI GNEISSIC COMPLEX,TIRODI GNEISSIC COMPLEX Gp.,ARCHAEAN,0.6902025110559831
21.7,79.95,SAUSAR,"SAUSAR Gp.(MANSAR, JUNEWANI, SITASAONGI, LOHANGI , BICHUA Fm.)",PALAEOPROTEROZOIC,0.10930628681165999
21.7,79.965,SAUSAR,"SAUSAR Gp.(MANSAR, JUNEWANI, SITASAONGI, LOHANGI , BICHUA Fm.)",PALAEOPROTEROZOIC,1.1932512939632705
21.7,79.98,SAUSAR,"SAUSAR Gp.(MANSAR, JUNEWANI, SITASAONGI, LOHANGI , BICHUA Fm.)",PALAEOPROTEROZOIC,0.9634151671291793
21.7,79.995,,LATERITE / BAUXITE,CENOZOIC,0.5836625231598245
21.7,80.01,,LATERITE / BAUXITE,CENOZOIC,1.4804501512857047
21.7,80.025,TIRODI GNEISSIC COMPLEX,TIRODI GNEISSIC COMPLEX Gp.,ARCHAEAN,0.7362769295264259
21.7,80.04,TIRODI GNEISSIC COMPLEX,TIRODI GNEISSIC COMPLEX Gp.,ARCHAEAN,1.5557750808281468
21.7,80.055,TIRODI GNEISSIC COMPLEX,TIRODI GNEISSIC COMPLEX Gp.,ARCHAEAN,2.3315919095071793
21.7,80.07,TIRODI GNEISSIC COMPLEX,TIRODI GNEISSIC COMPLEX Gp.,ARCHAEAN,2.9931688202764386
21.7,80.085,TIRODI GNEISSIC COMPLEX,TIRODI GNEISSIC COMPLEX Gp.,ARCHAEAN,3.630729102532332
21.7,80.1,TIRODI GNEISSIC COMPLEX,TIRODI GNEISSIC COMPLEX Gp.,ARCHAEAN,4.381616582124911
21.7,80.115,TIRODI GNEISSIC COMPLEX,TIRODI GNEISSIC COMPLEX Gp.,ARCHAEAN,5.256517741500265
21.7,80.13,TIRODI GNEISSIC COMPLEX,TIRODI GNEISSIC COMPLEX Gp.,ARCHAEAN,6.077027376704881
21.7,80.145,TIRODI GNEISSIC COMPLEX,TIRODI GNEISSIC COMPLEX Gp.,ARCHAEAN,7.139110546932485
21.7,80.16,TIRODI GNEISSIC COMPLEX,TIRODI GNEISSIC COMPLEX Gp.,ARCHAEAN,8.23389625489663
21.7,80.175,TIRODI GNEISSIC COMPLEX,TIRODI GNEISSIC COMPLEX Gp.,ARCHAEAN,7.801197384805769
21.7,80.19,TIRODI GNEISSIC COMPLEX,TIRODI GNEISSIC COMPLEX Gp.,ARCHAEAN,6.746225958766887
21.7,80.205,TIRODI GNEISSIC COMPLEX,TIRODI GNEISSIC COMPLEX Gp.,ARCHAEAN,5.669492422635733
21.7,80.22,,LATERITE / BAUXITE,CENOZOIC,4.643465520754354
21.7,80.235,,LATERITE / BAUXITE,CENOZOIC,3.7231494897774713
21.7,80.25,,LATERITE / BAUXITE,CENOZOIC,2.7949226191164245
21.7,80.265,,LATERITE / BAUXITE,CENOZOIC,1.8430116657899476
21.7,80.28,TIRODI GNEISSIC COMPLEX,TIRODI GNEISSIC COMPLEX Gp.,ARCHAEAN,0.8863184201756831
21.7,80.295,SAUSAR,"SAUSAR Gp.(MANSAR, JUNEWANI, SITASAONGI, LOHANGI , BICHUA Fm.)",PALAEOPROTEROZOIC,0.02693470499475961
21.7,80.31,SAUSAR,"SAUSAR Gp.(MANSAR, JUNEWANI, SITASAONGI, LOHANGI , BICHUA Fm.)",PALAEOPROTEROZOIC,0.8574640489553789
21.7,80.325,SAUSAR,"SAUSAR Gp.(MANSAR, JUNEWANI, SITASAONGI, LOHANGI , BICHUA Fm.)",PALAEOPROTEROZOIC,1.4211654875640678
21.7,80.34,SAUSAR,"SAUSAR Gp.(MANSAR, JUNEWANI, SITASAONGI, LOHANGI , BICHUA Fm.)",PALAEOPROTEROZOIC,1.8136861223732437
21.7,80.355,SAUSAR,"SAUSAR Gp.(MANSAR, JUNEWANI, SITASAONGI, LOHANGI , BICHUA Fm.)",PALAEOPROTEROZOIC,2.2678821276441843
21.7,80.37,SAUSAR,"SAUSAR Gp.(MANSAR, JUNEWANI, SITASAONGI, LOHANGI , BICHUA Fm.)",PALAEOPROTEROZOIC,1.8978890985444192
21.7,80.385,SAUSAR,"SAUSAR Gp.(MANSAR, JUNEWANI, SITASAONGI, LOHANGI , BICHUA Fm.)",PALAEOPROTEROZOIC,1.0454041519436306
21.7,80.4,SAUSAR,"SAUSAR Gp.(MANSAR, JUNEWANI, SITASAONGI, LOHANGI , BICHUA Fm.)",PALAEOPROTEROZOIC,0.12034800034222724
21.7,80.415,AMGAON GNEISSIC COMPLEX,AMGAON GNEISSIC COMPLEX Gp.,ARCHAEAN,0.7871343584494664
21.7,80.43,AMGAON GNEISSIC COMPLEX,AMGAON GNEISSIC COMPLEX Gp.,ARCHAEAN,1.672390724015241
21.7,80.445,AMGAON GNEISSIC COMPLEX,AMGAON GNEISSIC COMPLEX Gp.,ARCHAEAN,2.48558602387604
21.7,80.46,AMGAON GNEISSIC COMPLEX,AMGAON GNEISSIC COMPLEX Gp.,ARCHAEAN,3.2829571502646147
21.7,80.475,AMGAON GNEISSIC COMPLEX,AMGAON GNEISSIC COMPLEX Gp.,ARCHAEAN,4.040086740369171
21.7,80.49,AMGAON GNEISSIC COMPLEX,AMGAON GNEISSIC COMPLEX Gp.,ARCHAEAN,4.8896367656241555
21.715,79.2,TIRODI GNEISSIC COMPLEX,TIRODI GNEISSIC COMPLEX Gp.,ARCHAEAN,4.456233906892675
21.715,79.215,TIRODI GNEISSIC COMPLEX,TIRODI GNEISSIC COMPLEX Gp.,ARCHAEAN,4.754041986980777
21.715,79.23,TIRODI GNEISSIC COMPLEX,TIRODI GNEISSIC COMPLEX Gp.,ARCHAEAN,5.149266149315183
21.715,79.245,TIRODI GNEISSIC COMPLEX,TIRODI GNEISSIC COMPLEX Gp.,ARCHAEAN,5.864620621697481
21.715,79.26,TIRODI GNEISSIC COMPLEX,TIRODI GNEISSIC COMPLEX Gp.,ARCHAEAN,6.597738412288418
21.715,79.275,TIRODI GNEISSIC COMPLEX,TIRODI GNEISSIC COMPLEX Gp.,ARCHAEAN,7.302305930374709
21.715,79.29,TIRODI GNEISSIC COMPLEX,TIRODI GNEISSIC COMPLEX Gp.,ARCHAEAN,7.844926166460731
21.715,79.305,TIRODI GNEISSIC COMPLEX,TIRODI GNEISSIC COMPLEX Gp.,ARCHAEAN,8.38754640254675
21.715,79.32,TIRODI GNEISSIC COMPLEX,TIRODI GNEISSIC COMPLEX Gp.,ARCHAEAN,7.569481610844532
21.715,79.335,TIRODI GNEISSIC COMPLEX,TIRODI GNEISSIC COMPLEX Gp.,ARCHAEAN,6.422267536303253
21.715,79.35,TIRODI GNEISSIC COMPLEX,TIRODI GNEISSIC COMPLEX Gp.,ARCHAEAN,5.385874064992926
21.715,79.365,TIRODI GNEISSIC COMPLEX,TIRODI GNEISSIC COMPLEX Gp.,ARCHAEAN,4.608272328553996
21.715,79.38,TIRODI GNEISSIC COMPLEX,TIRODI GNEISSIC COMPLEX Gp.,ARCHAEAN,4.275253877185153
21.715,79.395,TIRODI GNEISSIC COMPLEX,TIRODI GNEISSIC COMPLEX Gp.,ARCHAEAN,4.486926010619528
21.715,79.41,TIRODI GNEISSIC COMPLEX,TIRODI GNEISSIC COMPLEX Gp.,ARCHAEAN,4.950918975231808
21.715,79.425,TIRODI GNEISSIC COMPLEX,TIRODI GNEISSIC COMPLEX Gp.,ARCHAEAN,5.301417717002141
21.715,79.44,TIRODI GNEISSIC COMPLEX,TIRODI GNEISSIC COMPLEX Gp.,ARCHAEAN,5.490178503999002
21.715,79.455,TIRODI GNEISSIC COMPLEX,TIRODI GNEISSIC COMPLEX Gp.,ARCHAEAN,5.801394232478103
21.715,79.47,TIRODI GNEISSIC COMPLEX,TIRODI GNEISSIC COMPLEX Gp.,ARCHAEAN,5.887679794775367
21.715,79.485,TIRODI GNEISSIC COMPLEX,TIRODI GNEISSIC COMPLEX Gp.,ARCHAEAN,6.056084072402955
21.715,79.5,TIRODI GNEISSIC COMPLEX,TIRODI GNEISSIC COMPLEX Gp.,ARCHAEAN,6.26898628978252
21.715,79.515,TIRODI GNEISSIC COMPLEX,TIRODI GNEISSIC COMPLEX Gp.,ARCHAEAN,5.303138615830432
21.715,79.53,TIRODI GNEISSIC COMPLEX,TIRODI GNEISSIC COMPLEX Gp.,ARCHAEAN,4.005700753135686
21.715,79.545,TIRODI GNEISSIC COMPLEX,TIRODI GNEISSIC COMPLEX Gp.,ARCHAEAN,2.9549453297419395
21.715,79.56,TIRODI GNEISSIC COMPLEX,TIRODI GNEISSIC COMPLEX Gp.,ARCHAEAN,1.982744984352226
21.715,79.575,TIRODI GNEISSIC COMPLEX,TIRODI GNEISSIC COMPLEX Gp.,ARCHAEAN,0.5848164445070089
21.715,79.59,SAUSAR,"SAUSAR Gp.(MANSAR, JUNEWANI, SITASAONGI, LOHANGI , BICHUA Fm.)",PALAEOPROTEROZOIC,0.8196965437277084
21.715,79.605,SAUSAR,"SAUSAR Gp.(MANSAR, JUNEWANI, SITASAONGI, LOHANGI , BICHUA Fm.)",PALAEOPROTEROZOIC,1.8248483304652392
21.715,79.62,SAUSAR,"SAUSAR Gp.(MANSAR, JUNEWANI, SITASAONGI, LOHANGI , BICHUA Fm.)",PALAEOPROTEROZOIC,1.1435733347421273
21.715,79.635,SAUSAR,"SAUSAR Gp.(MANSAR, JUNEWANI, SITASAONGI, LOHANGI , BICHUA Fm.)",PALAEOPROTEROZOIC,0.11063055454358671
21.715,79.65,TIRODI GNEISSIC COMPLEX,TIRODI GNEISSIC COMPLEX Gp.,ARCHAEAN,1.3947233490315352
21.715,79.665,TIRODI GNEISSIC COMPLEX,TIRODI GNEISSIC COMPLEX Gp.,ARCHAEAN,2.9118515200698267
21.715,79.68,TIRODI GNEISSIC COMPLEX,TIRODI GNEISSIC COMPLEX Gp.,ARCHAEAN,4.432188767295608
21.715,79.695,TIRODI GNEISSIC COMPLEX,TIRODI GNEISSIC COMPLEX Gp.,ARCHAEAN,3.545388617184999
21.715,79.71,TIRODI GNEISSIC COMPLEX,TIRODI GNEISSIC COMPLEX Gp.,ARCHAEAN,2.7191754858819728
21.715,79.725,TIRODI GNEISSIC COMPLEX,TIRODI GNEISSIC COMPLEX Gp.,ARCHAEAN,1.3944092194448325
21.715,79.74,TIRODI GNEISSIC COMPLEX,TIRODI GNEISSIC COMPLEX Gp.,ARCHAEAN,0.29982286576608724
21.715,79.755,TIRODI GNEISSIC COMPLEX,TIRODI GNEISSIC COMPLEX Gp.,ARCHAEAN,0.5171010733517277
21.715,79.77,TIRODI GNEISSIC COMPLEX,TIRODI GNEISSIC COMPLEX Gp.,ARCHAEAN,2.0684049523704675
21.715,79.785,TIRODI GNEISSIC COMPLEX,TIRODI GNEISSIC COMPLEX Gp.,ARCHAEAN,3.2449570764438067
21.715,79.8,TIRODI GNEISSIC COMPLEX,TIRODI GNEISSIC COMPLEX Gp.,ARCHAEAN,4.537874853495806
21.715,79.815,TIRODI GNEISSIC COMPLEX,TIRODI GNEISSIC COMPLEX Gp.,ARCHAEAN,5.955498081112411
21.715,79.83,TIRODI GNEISSIC COMPLEX,TIRODI GNEISSIC COMPLEX Gp.,ARCHAEAN,7.426755284267472
21.715,79.845,TIRODI GNEISSIC COMPLEX,TIRODI GNEISSIC COMPLEX Gp.,ARCHAEAN,6.577530103651531
21.715,79.86,TIRODI GNEISSIC COMPLEX,TIRODI GNEISSIC COMPLEX Gp.,ARCHAEAN,5.7660396361660915
21.715,79.875,TIRODI GNEISSIC COMPLEX,TIRODI GNEISSIC COMPLEX Gp.,ARCHAEAN,5.288256066381237
21.715,79.89,TIRODI GNEISSIC COMPLEX,TIRODI GNEISSIC COMPLEX Gp.,ARCHAEAN,5.243775244183783
21.715,79.905,TIRODI GNEISSIC COMPLEX,TIRODI GNEISSIC COMPLEX Gp.,ARCHAEAN,4.120917840240471
21.715,79.92,TIRODI GNEISSIC COMPLEX,TIRODI GNEISSIC COMPLEX Gp.,ARCHAEAN,2.9600652724168923
21.715,79.935,TIRODI GNEISSIC COMPLEX,TIRODI GNEISSIC COMPLEX Gp.,ARCHAEAN,2.160665404205989
21.715,79.95,TIRODI GNEISSIC COMPLEX,TIRODI GNEISSIC COMPLEX Gp.,ARCHAEAN,1.076102143597544
21.715,79.965,SAUSAR,"SAUSAR Gp.(MANSAR, JUNEWANI, SITASAONGI, LOHANGI , BICHUA Fm.)",PALAEOPROTEROZOIC,0.11448226465026433
21.715,79.98,SAUSAR,"SAUSAR Gp.(MANSAR, JUNEWANI, SITASAONGI, LOHANGI , BICHUA Fm.)",PALAEOPROTEROZOIC,1.2625372467430902
21.715,79.995,SAUSAR,"SAUSAR Gp.(MANSAR, JUNEWANI, SITASAONGI, LOHANGI , BICHUA Fm.)",PALAEOPROTEROZOIC,0.01641085909736108
21.715,80.01,,LATERITE / BAUXITE,CENOZOIC,1.0954218666745408
21.715,80.025,,LATERITE / BAUXITE,CENOZOIC,0.11245124726000305
21.715,80.04,TIRODI GNEISSIC COMPLEX,TIRODI GNEISSIC COMPLEX Gp.,ARCHAEAN,0.14042133770043955
21.715,80.055,TIRODI GNEISSIC COMPLEX,TIRODI GNEISSIC COMPLEX Gp.,ARCHAEAN,0.8311037963772706
21.715,80.07,TIRODI GNEISSIC COMPLEX,TIRODI GNEISSIC COMPLEX Gp.,ARCHAEAN,1.5289164851066792
21.715,80.085,TIRODI GNEISSIC COMPLEX,TIRODI GNEISSIC COMPLEX Gp.,ARCHAEAN,2.165684724384482
21.715,80.1,TIRODI GNEISSIC COMPLEX,TIRODI GNEISSIC COMPLEX Gp.,ARCHAEAN,3.022074030715316
21.715,80.115,TIRODI GNEISSIC COMPLEX,TIRODI GNEISSIC COMPLEX Gp.,ARCHAEAN,3.810156358711762
21.715,80.13,TIRODI GNEISSIC COMPLEX,TIRODI GNEISSIC COMPLEX Gp.,ARCHAEAN,4.861070180026056
21.715,80.145,TIRODI GNEISSIC COMPLEX,TIRODI GNEISSIC COMPLEX Gp.,ARCHAEAN,5.956303258101508
21.715,80.16,TIRODI GNEISSIC COMPLEX,TIRODI GNEISSIC COMPLEX Gp.,ARCHAEAN,7.112594348663472
21.715,80.175,TIRODI GNEISSIC COMPLEX,TIRODI GNEISSIC COMPLEX Gp.,ARCHAEAN,8.337255306004636
21.715,80.19,TIRODI GNEISSIC COMPLEX,TIRODI GNEISSIC COMPLEX Gp.,ARCHAEAN,7.942926521736433
21.715,80.205,TIRODI GNEISSIC COMPLEX,TIRODI GNEISSIC COMPLEX Gp.,ARCHAEAN,6.906361371399905
21.715,80.22,,LATERITE / BAUXITE,CENOZOIC,5.99409655361603
21.715,80.235,,LATERITE / BAUXITE,CENOZOIC,5.0658979302468605
21.715,80.25,,LATERITE / BAUXITE,CENOZOIC,4.119289850121064
21.715,80.265,,LATERITE / BAUXITE,CENOZOIC,3.1626277193795898
21.715,80.28,TIRODI GNEISSIC COMPLEX,TIRODI GNEISSIC COMPLEX Gp.,ARCHAEAN,2.2269147359743826
21.715,80.295,TIRODI GNEISSIC COMPLEX,TIRODI GNEISSIC COMPLEX Gp.,ARCHAEAN,1.3676531460120098
21.715,80.31,TIRODI GNEISSIC COMPLEX,TIRODI GNEISSIC COMPLEX Gp.,ARCHAEAN,0.6719935995170399
21.715,80.325,AMGAON GNEISSIC COMPLEX,AMGAON GNEISSIC COMPLEX Gp.,ARCHAEAN,0.18559787904331507
21.715,80.34,SAUSAR,"SAUSAR Gp.(MANSAR, JUNEWANI, SITASAONGI, LOHANGI , BICHUA Fm.)",PALAEOPROTEROZOIC,0.21164881752424072
21.715,80.355,SAUSAR,"SAUSAR Gp.(MANSAR, JUNEWANI, SITASAONGI, LOHANGI , BICHUA Fm.)",PALAEOPROTEROZOIC,0.6867842394096414
21.715,80.37,SAUSAR,"SAUSAR Gp.(MANSAR, JUNEWANI, SITASAONGI, LOHANGI , BICHUA Fm.)",PALAEOPROTEROZOIC,1.1783333935494957
21.715,80.385,SAUSAR,"SAUSAR Gp.(MANSAR, JUNEWANI, SITASAONGI, LOHANGI , BICHUA Fm.)",PALAEOPROTEROZOIC,1.5838428115568022
21.715,80.4,SAUSAR,"SAUSAR Gp.(MANSAR, JUNEWANI, SITASAONGI, LOHANGI , BICHUA Fm.)",PALAEOPROTEROZOIC,1.4729340183071382
21.715,80.415,SAUSAR,"SAUSAR Gp.(MANSAR, JUNEWANI, SITASAONGI, LOHANGI , BICHUA Fm.)",PALAEOPROTEROZOIC,0.5818522466190282
21.715,80.43,AMGAON GNEISSIC COMPLEX,AMGAON GNEISSIC COMPLEX Gp.,ARCHAEAN,0.25305038608737424
21.715,80.445,AMGAON GNEISSIC COMPLEX,AMGAON GNEISSIC COMPLEX Gp.,ARCHAEAN,1.0504747202725264
21.715,80.46,AMGAON GNEISSIC COMPLEX,AMGAON GNEISSIC COMPLEX Gp.,ARCHAEAN,1.8284862538342572
21.715,80.475,AMGAON GNEISSIC COMPLEX,AMGAON GNEISSIC COMPLEX Gp.,ARCHAEAN,2.627681465735503
21.715,80.49,AMGAON GNEISSIC COMPLEX,AMGAON GNEISSIC COMPLEX Gp.,ARCHAEAN,3.4968746528851677
21.73,79.2,TIRODI GNEISSIC COMPLEX,TIRODI GNEISSIC COMPLEX Gp.,ARCHAEAN,6.086541086173763
21.73,79.215,TIRODI GNEISSIC COMPLEX,TIRODI GNEISSIC COMPLEX Gp.,ARCHAEAN,6.393336821339945
21.73,79.23,TIRODI GNEISSIC COMPLEX,TIRODI GNEISSIC COMPLEX Gp.,ARCHAEAN,6.723839511677029
21.73,79.245,TIRODI GNEISSIC COMPLEX,TIRODI GNEISSIC COMPLEX Gp.,ARCHAEAN,7.326881656218939
21.73,79.26,TIRODI GNEISSIC COMPLEX,TIRODI GNEISSIC COMPLEX Gp.,ARCHAEAN,8.07242756965094
21.73,79.275,TIRODI GNEISSIC COMPLEX,TIRODI GNEISSIC COMPLEX Gp.,ARCHAEAN,8.805531920474538
21.73,79.29,TIRODI GNEISSIC COMPLEX,TIRODI GNEISSIC COMPLEX Gp.,ARCHAEAN,9.411004186244947
21.73,79.305,TIRODI GNEISSIC COMPLEX,TIRODI GNEISSIC COMPLEX Gp.,ARCHAEAN,9.826903706385998
21.73,79.32,TIRODI GNEISSIC COMPLEX,TIRODI GNEISSIC COMPLEX Gp.,ARCHAEAN,8.701021171883374
21.73,79.335,TIRODI GNEISSIC COMPLEX,TIRODI GNEISSIC COMPLEX Gp.,ARCHAEAN,7.657730198575058
21.73,79.35,TIRODI GNEISSIC COMPLEX,TIRODI GNEISSIC COMPLEX Gp.,ARCHAEAN,6.786671029446788
21.73,79.365,TIRODI GNEISSIC COMPLEX,TIRODI GNEISSIC COMPLEX Gp.,ARCHAEAN,6.187815370367067
21.73,79.38,TIRODI GNEISSIC COMPLEX,TIRODI GNEISSIC COMPLEX Gp.,ARCHAEAN,5.9440136256257174
21.73,79.395,TIRODI GNEISSIC COMPLEX,TIRODI GNEISSIC COMPLEX Gp.,ARCHAEAN,6.098001347454106
21.73,79.41,TIRODI GNEISSIC COMPLEX,TIRODI GNEISSIC COMPLEX Gp.,ARCHAEAN,6.546671391520069
21.73,79.425,TIRODI GNEISSIC COMPLEX,TIRODI GNEISSIC COMPLEX Gp.,ARCHAEAN,6.960329785797271
21.73,79.44,TIRODI GNEISSIC COMPLEX,TIRODI GNEISSIC COMPLEX Gp.,ARCHAEAN,7.139593677467996
21.73,79.455,TIRODI GNEISSIC COMPLEX,TIRODI GNEISSIC COMPLEX Gp.,ARCHAEAN,7.451236989822822
21.73,79.47,TIRODI GNEISSIC COMPLEX,TIRODI GNEISSIC COMPLEX Gp.,ARCHAEAN,7.555292461460936
21.73,79.485,TIRODI GNEISSIC COMPLEX,TIRODI GNEISSIC COMPLEX Gp.,ARCHAEAN,7.71036589213401
21.73,79.5,TIRODI GNEISSIC COMPLEX,TIRODI GNEISSIC COMPLEX Gp.,ARCHAEAN,7.4964019696617035
21.73,79.515,TIRODI GNEISSIC COMPLEX,TIRODI GNEISSIC COMPLEX Gp.,ARCHAEAN,6.269676026935017
21.73,79.53,TIRODI GNEISSIC COMPLEX,TIRODI GNEISSIC COMPLEX Gp.,ARCHAEAN,5.218593297312419
21.73,79.545,TIRODI GNEISSIC COMPLEX,TIRODI GNEISSIC COMPLEX Gp.,ARCHAEAN,4.074526254442119
21.73,79.56,TIRODI GNEISSIC COMPLEX,TIRODI GNEISSIC COMPLEX Gp.,ARCHAEAN,2.6747038871881106
21.73,79.575,TIRODI GNEISSIC COMPLEX,TIRODI GNEISSIC COMPLEX Gp.,ARCHAEAN,1.4276133968706441
21.73,79.59,TIRODI GNEISSIC COMPLEX,TIRODI GNEISSIC COMPLEX Gp.,ARCHAEAN,0.44843017345655195
21.73,79.605,SAUSAR,"SAUSAR Gp.(MANSAR, JUNEWANI, SITASAONGI, LOHANGI , BICHUA Fm.)",PALAEOPROTEROZOIC,0.42969200964020005
21.73,79.62,SAUSAR,"SAUSAR Gp.(MANSAR, JUNEWANI, SITASAONGI, LOHANGI , BICHUA Fm.)",PALAEOPROTEROZOIC,0.853698655833849
21.73,79.635,TIRODI GNEISSIC COMPLEX,TIRODI GNEISSIC COMPLEX Gp.,ARCHAEAN,0.6262997958544655
21.73,79.65,TIRODI GNEISSIC COMPLEX,TIRODI GNEISSIC COMPLEX Gp.,ARCHAEAN,1.5877943434307016
21.73,79.665,TIRODI GNEISSIC COMPLEX,TIRODI GNEISSIC COMPLEX Gp.,ARCHAEAN,2.978226664493276
21.73,79.68,TIRODI GNEISSIC COMPLEX,TIRODI GNEISSIC COMPLEX Gp.,ARCHAEAN,4.475562621751775
21.73,79.695,TIRODI GNEISSIC COMPLEX,TIRODI GNEISSIC COMPLEX Gp.,ARCHAEAN,4.90937857819171
21.73,79.71,TIRODI GNEISSIC COMPLEX,TIRODI GNEISSIC COMPLEX Gp.,ARCHAEAN,3.6375288852590306
21.73,79.725,TIRODI GNEISSIC COMPLEX,TIRODI GNEISSIC COMPLEX Gp.,ARCHAEAN,2.554680290663058
21.73,79.74,TIRODI GNEISSIC COMPLEX,TIRODI GNEISSIC COMPLEX Gp.,ARCHAEAN,1.6378051048053226
21.73,79.755,TIRODI GNEISSIC COMPLEX,TIRODI GNEISSIC COMPLEX Gp.,ARCHAEAN,1.5717110159267398
21.73,79.77,TIRODI GNEISSIC COMPLEX,TIRODI GNEISSIC COMPLEX Gp.,ARCHAEAN,2.545652179561105
21.73,79.785,TIRODI GNEISSIC COMPLEX,TIRODI GNEISSIC COMPLEX Gp.,ARCHAEAN,3.9118407494525655
21.73,79.8,TIRODI GNEISSIC COMPLEX,TIRODI GNEISSIC COMPLEX Gp.,ARCHAEAN,5.379287555699702
21.73,79.815,TIRODI GNEISSIC COMPLEX,TIRODI GNEISSIC COMPLEX Gp.,ARCHAEAN,6.729577584302806
21.73,79.83,TIRODI GNEISSIC COMPLEX,TIRODI GNEISSIC COMPLEX Gp.,ARCHAEAN,8.060511423652983
21.73,79.845,TIRODI GNEISSIC COMPLEX,TIRODI GNEISSIC COMPLEX Gp.,ARCHAEAN,7.96911909643992
21.73,79.86,TIRODI GNEISSIC COMPLEX,TIRODI GNEISSIC COMPLEX Gp.,ARCHAEAN,7.309006743277064
21.73,79.875,TIRODI GNEISSIC COMPLEX,TIRODI GNEISSIC COMPLEX Gp.,ARCHAEAN,6.887361291648546
21.73,79.89,TIRODI GNEISSIC COMPLEX,TIRODI GNEISSIC COMPLEX Gp.,ARCHAEAN,5.399790859364643
21.73,79.905,TIRODI GNEISSIC COMPLEX,TIRODI GNEISSIC COMPLEX Gp.,ARCHAEAN,3.961290271630171
21.73,79.92,TIRODI GNEISSIC COMPLEX,TIRODI GNEISSIC COMPLEX Gp.,ARCHAEAN,2.614509512490089
21.73,79.935,TIRODI GNEISSIC COMPLEX,TIRODI GNEISSIC COMPLEX Gp.,ARCHAEAN,1.5698328663693186
21.73,79.95,TIRODI GNEISSIC COMPLEX,TIRODI GNEISSIC COMPLEX Gp.,ARCHAEAN,1.466405786757802
21.73,79.965,TIRODI GNEISSIC COMPLEX,TIRODI GNEISSIC COMPLEX Gp.,ARCHAEAN,1.0084315580999774
21.73,79.98,SAUSAR,"SAUSAR Gp.(MANSAR, JUNEWANI, SITASAONGI, LOHANGI , BICHUA Fm.)",PALAEOPROTEROZOIC,0.30517333237296995
21.73,79.995,SAUSAR,"SAUSAR Gp.(MANSAR, JUNEWANI, SITASAONGI, LOHANGI , BICHUA Fm.)",PALAEOPROTEROZOIC,1.1851923608247463
21.73,80.01,SAUSAR,"SAUSAR Gp.(MANSAR, JUNEWANI, SITASAONGI, LOHANGI , BICHUA Fm.)",PALAEOPROTEROZOIC,0.05736719865671817
21.73,80.025,,LATERITE / BAUXITE,CENOZOIC,0.8334187426322294
21.73,80.04,SAUSAR,"SAUSAR Gp.(MANSAR, JUNEWANI, SITASAONGI, LOHANGI , BICHUA Fm.)",PALAEOPROTEROZOIC,0.5747840010430616
21.73,80.055,SAUSAR,"SAUSAR Gp.(MANSAR, JUNEWANI, SITASAONGI, LOHANGI , BICHUA Fm.)",PALAEOPROTEROZOIC,0.67592322841094
21.73,80.07,SAUSAR,"SAUSAR Gp.(MANSAR, JUNEWANI, SITASAONGI, LOHANGI , BICHUA Fm.)",PALAEOPROTEROZOIC,0.0476199465049482
21.73,80.085,TIRODI GNEISSIC COMPLEX,TIRODI GNEISSIC COMPLEX Gp.,ARCHAEAN,0.7510330441870942
21.73,80.1,TIRODI GNEISSIC COMPLEX,TIRODI GNEISSIC COMPLEX Gp.,ARCHAEAN,1.5790446516045684
21.73,80.115,TIRODI GNEISSIC COMPLEX,TIRODI GNEISSIC COMPLEX Gp.,ARCHAEAN,2.5859502440718227
21.73,80.13,TIRODI GNEISSIC COMPLEX,TIRODI GNEISSIC COMPLEX Gp.,ARCHAEAN,3.6812958843752033
21.73,80.145,TIRODI GNEISSIC COMPLEX,TIRODI GNEISSIC COMPLEX Gp.,ARCHAEAN,4.854544707202651
21.73,80.16,TIRODI GNEISSIC COMPLEX,TIRODI GNEISSIC COMPLEX Gp.,ARCHAEAN,6.110011128915941
21.73,80.175,TIRODI GNEISSIC COMPLEX,TIRODI GNEISSIC COMPLEX Gp.,ARCHAEAN,7.390790874250027
21.73,80.19,TIRODI GNEISSIC COMPLEX,TIRODI GNEISSIC COMPLEX Gp.,ARCHAEAN,8.516504525167917
21.73,80.205,TIRODI GNEISSIC COMPLEX,TIRODI GNEISSIC COMPLEX Gp.,ARCHAEAN,8.264905243094304
21.73,80.22,,LATERITE / BAUXITE,CENOZOIC,7.336734883506354
21.73,80.235,,LATERITE / BAUXITE,CENOZOIC,6.395419839477845
21.73,80.25,,LATERITE / BAUXITE,CENOZOIC,5.438788841837221
21.73,80.265,,LATERITE / BAUXITE,CENOZOIC,4.474382609682925
21.73,80.28,TIRODI GNEISSIC COMPLEX,TIRODI GNEISSIC COMPLEX Gp.,ARCHAEAN,3.6214086808535217
21.73,80.295,TIRODI GNEISSIC COMPLEX,TIRODI GNEISSIC COMPLEX Gp.,ARCHAEAN,2.828978012871915
21.73,80.31,TIRODI GNEISSIC COMPLEX,TIRODI GNEISSIC COMPLEX Gp.,ARCHAEAN,2.2473433112473495
21.73,80.325,TIRODI GNEISSIC COMPLEX,TIRODI GNEISSIC COMPLEX Gp.,ARCHAEAN,1.8056521233250906
21.73,80.34,AMGAON GNEISSIC COMPLEX,AMGAON GNEISSIC COMPLEX Gp.,ARCHAEAN,1.384136729523357
21.73,80.355,AMGAON GNEISSIC COMPLEX,AMGAON GNEISSIC COMPLEX Gp.,ARCHAEAN,0.8961850735592656
21.73,80.37,AMGAON GNEISSIC COMPLEX,AMGAON GNEISSIC COMPLEX Gp.,ARCHAEAN,0.43423879458788023
21.73,80.385,AMGAON GNEISSIC COMPLEX,AMGAON GNEISSIC COMPLEX Gp.,ARCHAEAN,0.0007733176061208239
21.73,80.4,SAUSAR,"SAUSAR Gp.(MANSAR, JUNEWANI, SITASAONGI, LOHANGI , BICHUA Fm.)",PALAEOPROTEROZOIC,0.6334261754306704
21.73,80.415,SAUSAR,"SAUSAR Gp.(MANSAR, JUNEWANI, SITASAONGI, LOHANGI , BICHUA Fm.)",PALAEOPROTEROZOIC,1.2036815640944363
21.73,80.43,SAUSAR,"SAUSAR Gp.(MANSAR, JUNEWANI, SITASAONGI, LOHANGI , BICHUA Fm.)",PALAEOPROTEROZOIC,1.1840947377883064
21.73,80.445,SAUSAR,"SAUSAR Gp.(MANSAR, JUNEWANI, SITASAONGI, LOHANGI , BICHUA Fm.)",PALAEOPROTEROZOIC,0.39033175224093125
21.73,80.46,AMGAON GNEISSIC COMPLEX,AMGAON GNEISSIC COMPLEX Gp.,ARCHAEAN,0.3828478055507097
21.73,80.475,AMGAON GNEISSIC COMPLEX,AMGAON GNEISSIC COMPLEX Gp.,ARCHAEAN,1.2457416727535218
21.73,80.49,AMGAON GNEISSIC COMPLEX,AMGAON GNEISSIC COMPLEX Gp.,ARCHAEAN,2.127569997187362
21.745,79.2,TIRODI GNEISSIC COMPLEX,TIRODI GNEISSIC COMPLEX Gp.,ARCHAEAN,7.705853644567654
21.745,79.215,TIRODI GNEISSIC COMPLEX,TIRODI GNEISSIC COMPLEX Gp.,ARCHAEAN,8.032622172703665
21.745,79.23,TIRODI GNEISSIC COMPLEX,TIRODI GNEISSIC COMPLEX Gp.,ARCHAEAN,8.335559808440411
21.745,79.245,TIRODI GNEISSIC COMPLEX,TIRODI GNEISSIC COMPLEX Gp.,ARCHAEAN,8.82909766907072
21.745,79.26,TIRODI GNEISSIC COMPLEX,TIRODI GNEISSIC COMPLEX Gp.,ARCHAEAN,9.547062552628335
21.745,79.275,TIRODI GNEISSIC COMPLEX,TIRODI GNEISSIC COMPLEX Gp.,ARCHAEAN,10.280153456010686
21.745,79.29,TIRODI GNEISSIC COMPLEX,TIRODI GNEISSIC COMPLEX Gp.,ARCHAEAN,10.977051477767752
21.745,79.305,TIRODI GNEISSIC COMPLEX,TIRODI GNEISSIC COMPLEX Gp.,ARCHAEAN,10.979565549134078
21.745,79.32,TIRODI GNEISSIC COMPLEX,TIRODI GNEISSIC COMPLEX Gp.,ARCHAEAN,9.932588450046605
21.745,79.335,TIRODI GNEISSIC COMPLEX,TIRODI GNEISSIC COMPLEX Gp.,ARCHAEAN,9.014761921043204
21.745,79.35,TIRODI GNEISSIC COMPLEX,TIRODI GNEISSIC COMPLEX Gp.,ARCHAEAN,8.287739783519006
21.745,79.365,TIRODI GNEISSIC COMPLEX,TIRODI GNEISSIC COMPLEX Gp.,ARCHAEAN,7.805024535304074
21.745,79.38,TIRODI GNEISSIC COMPLEX,TIRODI GNEISSIC COMPLEX Gp.,ARCHAEAN,7.613229559471805
21.745,79.395,TIRODI GNEISSIC COMPLEX,TIRODI GNEISSIC COMPLEX Gp.,ARCHAEAN,7.73402868528904
21.745,79.41,TIRODI GNEISSIC COMPLEX,TIRODI GNEISSIC COMPLEX Gp.,ARCHAEAN,8.142401434083009
21.745,79.425,TIRODI GNEISSIC COMPLEX,TIRODI GNEISSIC COMPLEX Gp.,ARCHAEAN,8.603144082485816
21.745,79.44,TIRODI GNEISSIC COMPLEX,TIRODI GNEISSIC COMPLEX Gp.,ARCHAEAN,8.796703912453609
21.745,79.455,TIRODI GNEISSIC COMPLEX,TIRODI GNEISSIC COMPLEX Gp.,ARCHAEAN,9.100031148488094
21.745,79.47,TIRODI GNEISSIC COMPLEX,TIRODI GNEISSIC COMPLEX Gp.,ARCHAEAN,9.220395232849274
21.745,79.485,TIRODI GNEISSIC COMPLEX,TIRODI GNEISSIC COMPLEX Gp.,ARCHAEAN,9.364642841007726
21.745,79.5,TIRODI GNEISSIC COMPLEX,TIRODI GNEISSIC COMPLEX Gp.,ARCHAEAN,8.541342828741014
21.745,79.515,TIRODI GNEISSIC COMPLEX,TIRODI GNEISSIC COMPLEX Gp.,ARCHAEAN,7.488047633018187
21.745,79.53,TIRODI GNEISSIC COMPLEX,TIRODI GNEISSIC COMPLEX Gp.,ARCHAEAN,6.194263721561779
21.745,79.545,TIRODI GNEISSIC COMPLEX,TIRODI GNEISSIC COMPLEX Gp.,ARCHAEAN,4.910404546468596
21.745,79.56,TIRODI GNEISSIC COMPLEX,TIRODI GNEISSIC COMPLEX Gp.,ARCHAEAN,3.696819524005719
21.745,79.575,TIRODI GNEISSIC COMPLEX,TIRODI GNEISSIC COMPLEX Gp.,ARCHAEAN,2.7215664489175286
21.745,79.59,TIRODI GNEISSIC COMPLEX,TIRODI GNEISSIC COMPLEX Gp.,ARCHAEAN,1.8143156080936809
21.745,79.605,TIRODI GNEISSIC COMPLEX,TIRODI GNEISSIC COMPLEX Gp.,ARCHAEAN,0.9864133817672036
21.745,79.62,TIRODI GNEISSIC COMPLEX,TIRODI GNEISSIC COMPLEX Gp.,ARCHAEAN,0.23506779592884394
21.745,79.635,TIRODI GNEISSIC COMPLEX,TIRODI GNEISSIC COMPLEX Gp.,ARCHAEAN,0.18492064017526463
21.745,79.65,TIRODI GNEISSIC COMPLEX,TIRODI GNEISSIC COMPLEX Gp.,ARCHAEAN,1.673057158351555
21.745,79.665,TIRODI GNEISSIC COMPLEX,TIRODI GNEISSIC COMPLEX Gp.,ARCHAEAN,3.2210193663416553
21.745,79.68,TIRODI GNEISSIC COMPLEX,TIRODI GNEISSIC COMPLEX Gp.,ARCHAEAN,4.770942287717008
21.745,79.695,TIRODI GNEISSIC COMPLEX,TIRODI GNEISSIC COMPLEX Gp.,ARCHAEAN,5.895087221831052
21.745,79.71,TIRODI GNEISSIC COMPLEX,TIRODI GNEISSIC COMPLEX Gp.,ARCHAEAN,4.824931992337222
21.745,79.725,TIRODI GNEISSIC COMPLEX,TIRODI GNEISSIC COMPLEX Gp.,ARCHAEAN,3.8931761256230946
21.745,79.74,TIRODI GNEISSIC COMPLEX,TIRODI GNEISSIC COMPLEX Gp.,ARCHAEAN,3.1938478583578562
21.745,79.755,TIRODI GNEISSIC COMPLEX,TIRODI GNEISSIC COMPLEX Gp.,ARCHAEAN,3.171054554985496
21.745,79.77,TIRODI GNEISSIC COMPLEX,TIRODI GNEISSIC COMPLEX Gp.,ARCHAEAN,3.771527203345614
21.745,79.785,TIRODI GNEISSIC COMPLEX,TIRODI GNEISSIC COMPLEX Gp.,ARCHAEAN,4.800492572055951
21.745,79.8,TIRODI GNEISSIC COMPLEX,TIRODI GNEISSIC COMPLEX Gp.,ARCHAEAN,6.056081197795694
21.745,79.815,TIRODI GNEISSIC COMPLEX,TIRODI GNEISSIC COMPLEX Gp.,ARCHAEAN,7.424189455109997
21.745,79.83,TIRODI GNEISSIC COMPLEX,TIRODI GNEISSIC COMPLEX Gp.,ARCHAEAN,7.588819304906285
21.745,79.845,TIRODI GNEISSIC COMPLEX,TIRODI GNEISSIC COMPLEX Gp.,ARCHAEAN,6.967126613441465
21.745,79.86,TIRODI GNEISSIC COMPLEX,TIRODI GNEISSIC COMPLEX Gp.,ARCHAEAN,6.34705889222476
21.745,79.875,TIRODI GNEISSIC COMPLEX,TIRODI GNEISSIC COMPLEX Gp.,ARCHAEAN,5.64907023591235
21.745,79.89,TIRODI GNEISSIC COMPLEX,TIRODI GNEISSIC COMPLEX Gp.,ARCHAEAN,5.086185844528943
21.745,79.905,TIRODI GNEISSIC COMPLEX,TIRODI GNEISSIC COMPLEX Gp.,ARCHAEAN,3.539332740583307
21.745,79.92,TIRODI GNEISSIC COMPLEX,TIRODI GNEISSIC COMPLEX Gp.,ARCHAEAN,1.9986854057125176
21.745,79.935,TIRODI GNEISSIC COMPLEX,TIRODI GNEISSIC COMPLEX Gp.,ARCHAEAN,0.465516298785454
21.745,79.95,SAUSAR,"SAUSAR Gp.(MANSAR, JUNEWANI, SITASAONGI, LOHANGI , BICHUA Fm.)",PALAEOPROTEROZOIC,0.10140485151565856
21.745,79.965,TIRODI GNEISSIC COMPLEX,TIRODI GNEISSIC COMPLEX Gp.,ARCHAEAN,0.1620654062438664
21.745,79.98,TIRODI GNEISSIC COMPLEX,TIRODI GNEISSIC COMPLEX Gp.,ARCHAEAN,0.08411666905479888
21.745,79.995,SAUSAR,"SAUSAR Gp.(MANSAR, JUNEWANI, SITASAONGI, LOHANGI , BICHUA Fm.)",PALAEOPROTEROZOIC,0.17485022947631265
21.745,80.01,SAUSAR,"SAUSAR Gp.(MANSAR, JUNEWANI, SITASAONGI, LOHANGI , BICHUA Fm.)",PALAEOPROTEROZOIC,1.2975524945208967
21.745,80.025,SAUSAR,"SAUSAR Gp.(MANSAR, JUNEWANI, SITASAONGI, LOHANGI , BICHUA Fm.)",PALAEOPROTEROZOIC,0.45493071414793695
21.745,80.04,SAUSAR,"SAUSAR Gp.(MANSAR, JUNEWANI, SITASAONGI, LOHANGI , BICHUA Fm.)",PALAEOPROTEROZOIC,0.19778898650493293
21.745,80.055,SAUSAR,"SAUSAR Gp.(MANSAR, JUNEWANI, SITASAONGI, LOHANGI , BICHUA Fm.)",PALAEOPROTEROZOIC,1.2794817120035158
21.745,80.07,SAUSAR,"SAUSAR Gp.(MANSAR, JUNEWANI, SITASAONGI, LOHANGI , BICHUA Fm.)",PALAEOPROTEROZOIC,1.5077294311592557
21.745,80.085,SAUSAR,"SAUSAR Gp.(MANSAR, JUNEWANI, SITASAONGI, LOHANGI , BICHUA Fm.)",PALAEOPROTEROZOIC,0.6376234251424612
21.745,80.1,TIRODI GNEISSIC COMPLEX,TIRODI GNEISSIC COMPLEX Gp.,ARCHAEAN,0.314912130510986
21.745,80.115,TIRODI GNEISSIC COMPLEX,TIRODI GNEISSIC COMPLEX Gp.,ARCHAEAN,1.4054838336997446
21.745,80.13,TIRODI GNEISSIC COMPLEX,TIRODI GNEISSIC COMPLEX Gp.,ARCHAEAN,2.60918821913465
21.745,80.145,TIRODI GNEISSIC COMPLEX,TIRODI GNEISSIC COMPLEX Gp.,ARCHAEAN,3.879807378000901
21.745,80.16,TIRODI GNEISSIC COMPLEX,TIRODI GNEISSIC COMPLEX Gp.,ARCHAEAN,5.18705309118597
21.745,80.175,TIRODI GNEISSIC COMPLEX,TIRODI GNEISSIC COMPLEX Gp.,ARCHAEAN,6.333481081379763
21.745,80.19,TIRODI GNEISSIC COMPLEX,TIRODI GNEISSIC COMPLEX Gp.,ARCHAEAN,7.065707164814357
21.745,80.205,TIRODI GNEISSIC COMPLEX,TIRODI GNEISSIC COMPLEX Gp.,ARCHAEAN,7.851480133814405
21.745,80.22,,LATERITE / BAUXITE,CENOZOIC,8.05473682873768
21.745,80.235,,LATERITE / BAUXITE,CENOZOIC,7.714801657487662
21.745,80.25,,LATERITE / BAUXITE,CENOZOIC,6.741650430518258
21.745,80.265,TIRODI GNEISSIC COMPLEX,TIRODI GNEISSIC COMPLEX Gp.,ARCHAEAN,5.875048105289689
21.745,80.28,TIRODI GNEISSIC COMPLEX,TIRODI GNEISSIC COMPLEX Gp.,ARCHAEAN,5.012362577449736
21.745,80.295,TIRODI GNEISSIC COMPLEX,TIRODI GNEISSIC COMPLEX Gp.,ARCHAEAN,4.35405956185707
21.745,80.31,TIRODI GNEISSIC COMPLEX,TIRODI GNEISSIC COMPLEX Gp.,ARCHAEAN,3.82053266599676
21.745,80.325,TIRODI GNEISSIC COMPLEX,TIRODI GNEISSIC COMPLEX Gp.,ARCHAEAN,3.4256911002063655
21.745,80.34,AMGAON GNEISSIC COMPLEX,AMGAON GNEISSIC COMPLEX Gp.,ARCHAEAN,2.9771547460138605
21.745,80.355,AMGAON GNEISSIC COMPLEX,AMGAON GNEISSIC COMPLEX Gp.,ARCHAEAN,2.479128386473805
21.745,80.37,AMGAON GNEISSIC COMPLEX,AMGAON GNEISSIC COMPLEX Gp.,ARCHAEAN,2.0467935067989096
21.745,80.385,AMGAON GNEISSIC COMPLEX,AMGAON GNEISSIC COMPLEX Gp.,ARCHAEAN,1.5410085938555906
21.745,80.4,AMGAON GNEISSIC COMPLEX,AMGAON GNEISSIC COMPLEX Gp.,ARCHAEAN,0.9010528630807763
21.745,80.415,AMGAON GNEISSIC COMPLEX,AMGAON GNEISSIC COMPLEX Gp.,ARCHAEAN,0.3652004656450056
21.745,80.43,SAUSAR,"SAUSAR Gp.(MANSAR, JUNEWANI, SITASAONGI, LOHANGI , BICHUA Fm.)",PALAEOPROTEROZOIC,0.14957441461072404
21.745,80.445,SAUSAR,"SAUSAR Gp.(MANSAR, JUNEWANI, SITASAONGI, LOHANGI , BICHUA Fm.)",PALAEOPROTEROZOIC,0.4428425783349327
21.745,80.46,SAUSAR,"SAUSAR Gp.(MANSAR, JUNEWANI, SITASAONGI, LOHANGI , BICHUA Fm.)",PALAEOPROTEROZOIC,0.7051012444399267
21.745,80.475,SAUSAR,"SAUSAR Gp.(MANSAR, JUNEWANI, SITASAONGI, LOHANGI , BICHUA Fm.)",PALAEOPROTEROZOIC,0.13411773175762018
21.745,80.49,AMGAON GNEISSIC COMPLEX,AMGAON GNEISSIC COMPLEX Gp.,ARCHAEAN,0.697081814995601
21.76,79.2,TIRODI GNEISSIC COMPLEX,TIRODI GNEISSIC COMPLEX Gp.,ARCHAEAN,9.32515070177332
21.76,79.215,TIRODI GNEISSIC COMPLEX,TIRODI GNEISSIC COMPLEX Gp.,ARCHAEAN,9.671898033187356
21.76,79.23,TIRODI GNEISSIC COMPLEX,TIRODI GNEISSIC COMPLEX Gp.,ARCHAEAN,9.966421649749519
21.76,79.245,TIRODI GNEISSIC COMPLEX,TIRODI GNEISSIC COMPLEX Gp.,ARCHAEAN,10.382639315629271
21.76,79.26,TIRODI GNEISSIC COMPLEX,TIRODI GNEISSIC COMPLEX Gp.,ARCHAEAN,11.003586317013166
21.76,79.275,TIRODI GNEISSIC COMPLEX,TIRODI GNEISSIC COMPLEX Gp.,ARCHAEAN,11.754720763220668
21.76,79.29,TIRODI GNEISSIC COMPLEX,TIRODI GNEISSIC COMPLEX Gp.,ARCHAEAN,12.487798211490768
21.76,79.305,TIRODI GNEISSIC COMPLEX,TIRODI GNEISSIC COMPLEX Gp.,ARCHAEAN,12.208647122901109
21.76,79.32,TIRODI GNEISSIC COMPLEX,TIRODI GNEISSIC COMPLEX Gp.,ARCHAEAN,11.262958872648003
21.76,79.335,TIRODI GNEISSIC COMPLEX,TIRODI GNEISSIC COMPLEX Gp.,ARCHAEAN,10.462671483996322
21.76,79.35,TIRODI GNEISSIC COMPLEX,TIRODI GNEISSIC COMPLEX Gp.,ARCHAEAN,9.843313497839699
21.76,79.365,TIRODI GNEISSIC COMPLEX,TIRODI GNEISSIC COMPLEX Gp.,ARCHAEAN,9.44056251878724
21.76,79.38,TIRODI GNEISSIC COMPLEX,TIRODI GNEISSIC COMPLEX Gp.,ARCHAEAN,9.2826555869084
21.76,79.395,TIRODI GNEISSIC COMPLEX,TIRODI GNEISSIC COMPLEX Gp.,ARCHAEAN,9.38196369844005
21.76,79.41,TIRODI GNEISSIC COMPLEX,TIRODI GNEISSIC COMPLEX Gp.,ARCHAEAN,9.7306148290941
21.76,79.425,TIRODI GNEISSIC COMPLEX,TIRODI GNEISSIC COMPLEX Gp.,ARCHAEAN,10.198848503637848
21.76,79.44,TIRODI GNEISSIC COMPLEX,TIRODI GNEISSIC COMPLEX Gp.,ARCHAEAN,10.45661393807663
21.76,79.455,TIRODI GNEISSIC COMPLEX,TIRODI GNEISSIC COMPLEX Gp.,ARCHAEAN,10.714200795842332
21.76,79.47,TIRODI GNEISSIC COMPLEX,TIRODI GNEISSIC COMPLEX Gp.,ARCHAEAN,10.88693695933945
21.76,79.485,TIRODI GNEISSIC COMPLEX,TIRODI GNEISSIC COMPLEX Gp.,ARCHAEAN,10.815716285156958
21.76,79.5,TIRODI GNEISSIC COMPLEX,TIRODI GNEISSIC COMPLEX Gp.,ARCHAEAN,9.715483615112994
21.76,79.515,TIRODI GNEISSIC COMPLEX,TIRODI GNEISSIC COMPLEX Gp.,ARCHAEAN,8.397417569533587
21.76,79.53,TIRODI GNEISSIC COMPLEX,TIRODI GNEISSIC COMPLEX Gp.,ARCHAEAN,7.152914642178631
21.76,79.545,TIRODI GNEISSIC COMPLEX,TIRODI GNEISSIC COMPLEX Gp.,ARCHAEAN,5.973186435611884
21.76,79.56,TIRODI GNEISSIC COMPLEX,TIRODI GNEISSIC COMPLEX Gp.,ARCHAEAN,4.982500355292711
21.76,79.575,TIRODI GNEISSIC COMPLEX,TIRODI GNEISSIC COMPLEX Gp.,ARCHAEAN,4.051733353669468
21.76,79.59,TIRODI GNEISSIC COMPLEX,TIRODI GNEISSIC COMPLEX Gp.,ARCHAEAN,3.2303339432962663
21.76,79.605,TIRODI GNEISSIC COMPLEX,TIRODI GNEISSIC COMPLEX Gp.,ARCHAEAN,2.4467735940951436
21.76,79.62,TIRODI GNEISSIC COMPLEX,TIRODI GNEISSIC COMPLEX Gp.,ARCHAEAN,1.7960589435298744
21.76,79.635,TIRODI GNEISSIC COMPLEX,TIRODI GNEISSIC COMPLEX Gp.,ARCHAEAN,1.6026782758905578
21.76,79.65,TIRODI GNEISSIC COMPLEX,TIRODI GNEISSIC COMPLEX Gp.,ARCHAEAN,2.4637501848878975
21.76,79.665,TIRODI GNEISSIC COMPLEX,TIRODI GNEISSIC COMPLEX Gp.,ARCHAEAN,3.6938229366407773
21.76,79.68,TIRODI GNEISSIC COMPLEX,TIRODI GNEISSIC COMPLEX Gp.,ARCHAEAN,5.101829556210769
21.76,79.695,TIRODI GNEISSIC COMPLEX,TIRODI GNEISSIC COMPLEX Gp.,ARCHAEAN,6.57442588927987
21.76,79.71,TIRODI GNEISSIC COMPLEX,TIRODI GNEISSIC COMPLEX Gp.,ARCHAEAN,6.143210748706035
21.76,79.725,TIRODI GNEISSIC COMPLEX,TIRODI GNEISSIC COMPLEX Gp.,ARCHAEAN,5.315120656220383
21.76,79.74,TIRODI GNEISSIC COMPLEX,TIRODI GNEISSIC COMPLEX Gp.,ARCHAEAN,4.826529470065693
21.76,79.755,TIRODI GNEISSIC COMPLEX,TIRODI GNEISSIC COMPLEX Gp.,ARCHAEAN,4.81148000934209
21.76,79.77,TIRODI GNEISSIC COMPLEX,TIRODI GNEISSIC COMPLEX Gp.,ARCHAEAN,5.248328634802956
21.76,79.785,TIRODI GNEISSIC COMPLEX,TIRODI GNEISSIC COMPLEX Gp.,ARCHAEAN,6.030209149770449
21.76,79.8,TIRODI GNEISSIC COMPLEX,TIRODI GNEISSIC COMPLEX Gp.,ARCHAEAN,7.0704996528330115
21.76,79.815,TIRODI GNEISSIC COMPLEX,TIRODI GNEISSIC COMPLEX Gp.,ARCHAEAN,7.216605475491279
21.76,79.83,TIRODI GNEISSIC COMPLEX,TIRODI GNEISSIC COMPLEX Gp.,ARCHAEAN,6.183041340153414
21.76,79.845,TIRODI GNEISSIC COMPLEX,TIRODI GNEISSIC COMPLEX Gp.,ARCHAEAN,5.40283998086705
21.76,79.86,TIRODI GNEISSIC COMPLEX,TIRODI GNEISSIC COMPLEX Gp.,ARCHAEAN,4.945361625357768
21.76,79.875,TIRODI GNEISSIC COMPLEX,TIRODI GNEISSIC COMPLEX Gp.,ARCHAEAN,4.118437085776622
21.76,79.89,TIRODI GNEISSIC COMPLEX,TIRODI GNEISSIC COMPLEX Gp.,ARCHAEAN,3.6591990771592804
21.76,79.905,TIRODI GNEISSIC COMPLEX,TIRODI GNEISSIC COMPLEX Gp.,ARCHAEAN,3.2499218461569908
21.76,79.92,TIRODI GNEISSIC COMPLEX,TIRODI GNEISSIC COMPLEX Gp.,ARCHAEAN,1.8973045233542667
21.76,79.935,TIRODI GNEISSIC COMPLEX,TIRODI GNEISSIC COMPLEX Gp.,ARCHAEAN,0.36488473336745386
21.76,79.95,SAUSAR,"SAUSAR Gp.(MANSAR, JUNEWANI, SITASAONGI, LOHANGI , BICHUA Fm.)",PALAEOPROTEROZOIC,1.1845723398748065
21.76,79.965,SAUSAR,"SAUSAR Gp.(MANSAR, JUNEWANI, SITASAONGI, LOHANGI , BICHUA Fm.)",PALAEOPROTEROZOIC,1.215182662824216
21.76,79.98,SAUSAR,"SAUSAR Gp.(MANSAR, JUNEWANI, SITASAONGI, LOHANGI , BICHUA Fm.)",PALAEOPROTEROZOIC,0.8078243742468196
21.76,79.995,SAUSAR,"SAUSAR Gp.(MANSAR, JUNEWANI, SITASAONGI, LOHANGI , BICHUA Fm.)",PALAEOPROTEROZOIC,0.9943422879250101
21.76,80.01,SAUSAR,"SAUSAR Gp.(MANSAR, JUNEWANI, SITASAONGI, LOHANGI , BICHUA Fm.)",PALAEOPROTEROZOIC,1.6383534444909358
21.76,80.025,SAUSAR,"SAUSAR Gp.(MANSAR, JUNEWANI, SITASAONGI, LOHANGI , BICHUA Fm.)",PALAEOPROTEROZOIC,0.890712134722296
21.76,80.04,,LATERITE / BAUXITE,CENOZOIC,0.5340292173883794
21.76,80.055,SAUSAR,"SAUSAR Gp.(MANSAR, JUNEWANI, SITASAONGI, LOHANGI , BICHUA Fm.)",PALAEOPROTEROZOIC,0.5007155340289454
21.76,80.07,SAUSAR,"SAUSAR Gp.(MANSAR, JUNEWANI, SITASAONGI, LOHANGI , BICHUA Fm.)",PALAEOPROTEROZOIC,1.8303432610037258
21.76,80.085,SAUSAR,"SAUSAR Gp.(MANSAR, JUNEWANI, SITASAONGI, LOHANGI , BICHUA Fm.)",PALAEOPROTEROZOIC,1.9640299839556548
21.76,80.1,SAUSAR,"SAUSAR Gp.(MANSAR, JUNEWANI, SITASAONGI, LOHANGI , BICHUA Fm.)",PALAEOPROTEROZOIC,0.8543050127688128
21.76,80.115,,ACID  INTRUSIVE / GRANITE / GRANODIORITE,NEOPROTEROZOIC,0.3839389718957857
21.76,80.13,TIRODI GNEISSIC COMPLEX,TIRODI GNEISSIC COMPLEX Gp.,ARCHAEAN,1.6832060837081977
21.76,80.145,TIRODI GNEISSIC COMPLEX,TIRODI GNEISSIC COMPLEX Gp.,ARCHAEAN,2.9200135840151162
21.76,80.16,TIRODI GNEISSIC COMPLEX,TIRODI GNEISSIC COMPLEX Gp.,ARCHAEAN,4.078348167425905
21.76,80.175,TIRODI GNEISSIC COMPLEX,TIRODI GNEISSIC COMPLEX Gp.,ARCHAEAN,4.840700668214486
21.76,80.19,TIRODI GNEISSIC COMPLEX,TIRODI GNEISSIC COMPLEX Gp.,ARCHAEAN,5.692235686162793
21.76,80.205,TIRODI GNEISSIC COMPLEX,TIRODI GNEISSIC COMPLEX Gp.,ARCHAEAN,6.18290334517317
21.76,80.22,,LATERITE / BAUXITE,CENOZOIC,6.438995533710335
21.76,80.235,,LATERITE / BAUXITE,CENOZOIC,7.035844456082273
21.76,80.25,TIRODI GNEISSIC COMPLEX,TIRODI GNEISSIC COMPLEX Gp.,ARCHAEAN,7.896557791650713
21.76,80.265,TIRODI GNEISSIC COMPLEX,TIRODI GNEISSIC COMPLEX Gp.,ARCHAEAN,7.25419074474847
21.76,80.28,TIRODI GNEISSIC COMPLEX,TIRODI GNEISSIC COMPLEX Gp.,ARCHAEAN,6.5071154936384685
21.76,80.295,TIRODI GNEISSIC COMPLEX,TIRODI GNEISSIC COMPLEX Gp.,ARCHAEAN,5.911889741830711
21.76,80.31,TIRODI GNEISSIC COMPLEX,TIRODI GNEISSIC COMPLEX Gp.,ARCHAEAN,5.422156190695584
21.76,80.325,TIRODI GNEISSIC COMPLEX,TIRODI GNEISSIC COMPLEX Gp.,ARCHAEAN,5.036389300262394
21.76,80.34,TIRODI GNEISSIC COMPLEX,TIRODI GNEISSIC COMPLEX Gp.,ARCHAEAN,4.560067944172204
21.76,80.355,AMGAON GNEISSIC COMPLEX,AMGAON GNEISSIC COMPLEX Gp.,ARCHAEAN,4.06339760655667
21.76,80.37,AMGAON GNEISSIC COMPLEX,AMGAON GNEISSIC COMPLEX Gp.,ARCHAEAN,3.6593307284631833
21.76,80.385,AMGAON GNEISSIC COMPLEX,AMGAON GNEISSIC COMPLEX Gp.,ARCHAEAN,3.054083473672728
21.76,80.4,AMGAON GNEISSIC COMPLEX,AMGAON GNEISSIC COMPLEX Gp.,ARCHAEAN,2.468733685738927
21.76,80.415,AMGAON GNEISSIC COMPLEX,AMGAON GNEISSIC COMPLEX Gp.,ARCHAEAN,1.9340525527344878
21.76,80.43,AMGAON GNEISSIC COMPLEX,AMGAON GNEISSIC COMPLEX Gp.,ARCHAEAN,1.4906563985515144
21.76,80.445,AMGAON GNEISSIC COMPLEX,AMGAON GNEISSIC COMPLEX Gp.,ARCHAEAN,1.204909696643548
21.76,80.46,AMGAON GNEISSIC COMPLEX,AMGAON GNEISSIC COMPLEX Gp.,ARCHAEAN,0.8920522435188277
21.76,80.475,AMGAON GNEISSIC COMPLEX,AMGAON GNEISSIC COMPLEX Gp.,ARCHAEAN,0.3955768086468709
21.76,80.49,SAUSAR,"SAUSAR Gp.(MANSAR, JUNEWANI, SITASAONGI, LOHANGI , BICHUA Fm.)",PALAEOPROTEROZOIC,0.08032635900473797
21.775,79.2,,DECCAN TRAP,LATE CRETACEOUS - PALAEOCENE,10.9444322448762
21.775,79.215,TIRODI GNEISSIC COMPLEX,TIRODI GNEISSIC COMPLEX Gp.,ARCHAEAN,11.311164394910962
21.775,79.23,TIRODI GNEISSIC COMPLEX,TIRODI GNEISSIC COMPLEX Gp.,ARCHAEAN,11.60836023392303
21.775,79.245,TIRODI GNEISSIC COMPLEX,TIRODI GNEISSIC COMPLEX Gp.,ARCHAEAN,11.96753505657346
21.775,79.26,TIRODI GNEISSIC COMPLEX,TIRODI GNEISSIC COMPLEX Gp.,ARCHAEAN,12.509949311406924
21.775,79.275,TIRODI GNEISSIC COMPLEX,TIRODI GNEISSIC COMPLEX Gp.,ARCHAEAN,13.213055538046188
21.775,79.29,TIRODI GNEISSIC COMPLEX,TIRODI GNEISSIC COMPLEX Gp.,ARCHAEAN,13.962297781355728
21.775,79.305,TIRODI GNEISSIC COMPLEX,TIRODI GNEISSIC COMPLEX Gp.,ARCHAEAN,13.521124686166532
21.775,79.32,TIRODI GNEISSIC COMPLEX,TIRODI GNEISSIC COMPLEX Gp.,ARCHAEAN,12.673935111229913
21.775,79.335,TIRODI GNEISSIC COMPLEX,TIRODI GNEISSIC COMPLEX Gp.,ARCHAEAN,11.968521966488344
21.775,79.35,TIRODI GNEISSIC COMPLEX,TIRODI GNEISSIC COMPLEX Gp.,ARCHAEAN,11.431162379864451
21.775,79.365,TIRODI GNEISSIC COMPLEX,TIRODI GNEISSIC COMPLEX Gp.,ARCHAEAN,11.086320267844025
21.775,79.38,TIRODI GNEISSIC COMPLEX,TIRODI GNEISSIC COMPLEX Gp.,ARCHAEAN,10.952195635645701
21.775,79.395,TIRODI GNEISSIC COMPLEX,TIRODI GNEISSIC COMPLEX Gp.,ARCHAEAN,11.036473614138302
21.775,79.41,TIRODI GNEISSIC COMPLEX,TIRODI GNEISSIC COMPLEX Gp.,ARCHAEAN,11.33428334141827
21.775,79.425,TIRODI GNEISSIC COMPLEX,TIRODI GNEISSIC COMPLEX Gp.,ARCHAEAN,11.794530511794822
21.775,79.44,TIRODI GNEISSIC COMPLEX,TIRODI GNEISSIC COMPLEX Gp.,ARCHAEAN,12.115515531912196
21.775,79.455,TIRODI GNEISSIC COMPLEX,TIRODI GNEISSIC COMPLEX Gp.,ARCHAEAN,12.343180053330173
21.775,79.47,TIRODI GNEISSIC COMPLEX,TIRODI GNEISSIC COMPLEX Gp.,ARCHAEAN,12.554344606480491
21.775,79.485,TIRODI GNEISSIC COMPLEX,TIRODI GNEISSIC COMPLEX Gp.,ARCHAEAN,11.90461995543826
21.775,79.5,TIRODI GNEISSIC COMPLEX,TIRODI GNEISSIC COMPLEX Gp.,ARCHAEAN,10.632116387081654
21.775,79.515,TIRODI GNEISSIC COMPLEX,TIRODI GNEISSIC COMPLEX Gp.,ARCHAEAN,9.400189829585972
21.775,79.53,TIRODI GNEISSIC COMPLEX,TIRODI GNEISSIC COMPLEX Gp.,ARCHAEAN,8.250606403806065
21.775,79.545,TIRODI GNEISSIC COMPLEX,TIRODI GNEISSIC COMPLEX Gp.,ARCHAEAN,7.251931581493747
21.775,79.56,TIRODI GNEISSIC COMPLEX,TIRODI GNEISSIC COMPLEX Gp.,ARCHAEAN,6.312672683034676
21.775,79.575,TIRODI GNEISSIC COMPLEX,TIRODI GNEISSIC COMPLEX Gp.,ARCHAEAN,5.474147674629319
21.775,79.59,TIRODI GNEISSIC COMPLEX,TIRODI GNEISSIC COMPLEX Gp.,ARCHAEAN,4.650571388555814
21.775,79.605,TIRODI GNEISSIC COMPLEX,TIRODI GNEISSIC COMPLEX Gp.,ARCHAEAN,3.909372642340548
21.775,79.62,TIRODI GNEISSIC COMPLEX,TIRODI GNEISSIC COMPLEX Gp.,ARCHAEAN,3.416907821211651
21.775,79.635,TIRODI GNEISSIC COMPLEX,TIRODI GNEISSIC COMPLEX Gp.,ARCHAEAN,3.2492710125180047
21.775,79.65,TIRODI GNEISSIC COMPLEX,TIRODI GNEISSIC COMPLEX Gp.,ARCHAEAN,3.7597484505446683
21.775,79.665,TIRODI GNEISSIC COMPLEX,TIRODI GNEISSIC COMPLEX Gp.,ARCHAEAN,4.7423784015235775
21.775,79.68,TIRODI GNEISSIC COMPLEX,TIRODI GNEISSIC COMPLEX Gp.,ARCHAEAN,5.905243499506789
21.775,79.695,TIRODI GNEISSIC COMPLEX,TIRODI GNEISSIC COMPLEX Gp.,ARCHAEAN,7.21544988947641
21.775,79.71,TIRODI GNEISSIC COMPLEX,TIRODI GNEISSIC COMPLEX Gp.,ARCHAEAN,7.528865230293843
21.775,79.725,TIRODI GNEISSIC COMPLEX,TIRODI GNEISSIC COMPLEX Gp.,ARCHAEAN,6.849865565565779
21.775,79.74,TIRODI GNEISSIC COMPLEX,TIRODI GNEISSIC COMPLEX Gp.,ARCHAEAN,6.478161260001688
21.775,79.755,TIRODI GNEISSIC COMPLEX,TIRODI GNEISSIC COMPLEX Gp.,ARCHAEAN,6.466958851633134
21.775,79.77,TIRODI GNEISSIC COMPLEX,TIRODI GNEISSIC COMPLEX Gp.,ARCHAEAN,6.81483331120388
21.775,79.785,TIRODI GNEISSIC COMPLEX,TIRODI GNEISSIC COMPLEX Gp.,ARCHAEAN,7.433611398012083
21.775,79.8,TIRODI GNEISSIC COMPLEX,TIRODI GNEISSIC COMPLEX Gp.,ARCHAEAN,7.546413122748068
21.775,79.815,TIRODI GNEISSIC COMPLEX,TIRODI GNEISSIC COMPLEX Gp.,ARCHAEAN,6.188116316052892
21.775,79.83,TIRODI GNEISSIC COMPLEX,TIRODI GNEISSIC COMPLEX Gp.,ARCHAEAN,4.944318405673569
21.775,79.845,TIRODI GNEISSIC COMPLEX,TIRODI GNEISSIC COMPLEX Gp.,ARCHAEAN,3.9254113015366228
21.775,79.86,TIRODI GNEISSIC COMPLEX,TIRODI GNEISSIC COMPLEX Gp.,ARCHAEAN,3.3122758155729963
21.775,79.875,TIRODI GNEISSIC COMPLEX,TIRODI GNEISSIC COMPLEX Gp.,ARCHAEAN,2.7545448230727616
21.775,79.89,TIRODI GNEISSIC COMPLEX,TIRODI GNEISSIC COMPLEX Gp.,ARCHAEAN,2.006719419027875
21.775,79.905,TIRODI GNEISSIC COMPLEX,TIRODI GNEISSIC COMPLEX Gp.,ARCHAEAN,2.0362277019078476
21.775,79.92,TIRODI GNEISSIC COMPLEX,TIRODI GNEISSIC COMPLEX Gp.,ARCHAEAN,1.0112875124210328
21.775,79.935,SAUSAR,"SAUSAR Gp.(MANSAR, JUNEWANI, SITASAONGI, LOHANGI , BICHUA Fm.)",PALAEOPROTEROZOIC,0.2530972236474675
21.775,79.95,SAUSAR,"SAUSAR Gp.(MANSAR, JUNEWANI, SITASAONGI, LOHANGI , BICHUA Fm.)",PALAEOPROTEROZOIC,1.581076535524064
21.775,79.965,SAUSAR,"SAUSAR Gp.(MANSAR, JUNEWANI, SITASAONGI, LOHANGI , BICHUA Fm.)",PALAEOPROTEROZOIC,2.303350552422362
21.775,79.98,SAUSAR,"SAUSAR Gp.(MANSAR, JUNEWANI, SITASAONGI, LOHANGI , BICHUA Fm.)",PALAEOPROTEROZOIC,2.0675637095298147
21.775,79.995,SAUSAR,"SAUSAR Gp.(MANSAR, JUNEWANI, SITASAONGI, LOHANGI , BICHUA Fm.)",PALAEOPROTEROZOIC,0.5169076493646076
21.775,80.01,SAUSAR,"SAUSAR Gp.(MANSAR, JUNEWANI, SITASAONGI, LOHANGI , BICHUA Fm.)",PALAEOPROTEROZOIC,0.1041332093918241
21.775,80.025,SAUSAR,"SAUSAR Gp.(MANSAR, JUNEWANI, SITASAONGI, LOHANGI , BICHUA Fm.)",PALAEOPROTEROZOIC,0.045667480312851845
21.775,80.04,,LATERITE / BAUXITE,CENOZOIC,1.247387353510625
21.775,80.055,,LATERITE / BAUXITE,CENOZOIC,0.379339360640345
21.775,80.07,SAUSAR,"SAUSAR Gp.(MANSAR, JUNEWANI, SITASAONGI, LOHANGI , BICHUA Fm.)",PALAEOPROTEROZOIC,0.981064105762668
21.775,80.085,SAUSAR,"SAUSAR Gp.(MANSAR, JUNEWANI, SITASAONGI, LOHANGI , BICHUA Fm.)",PALAEOPROTEROZOIC,2.3493300074601144
21.775,80.1,SAUSAR,"SAUSAR Gp.(MANSAR, JUNEWANI, SITASAONGI, LOHANGI , BICHUA Fm.)",PALAEOPROTEROZOIC,1.828810023450358
21.775,80.115,SAUSAR,"SAUSAR Gp.(MANSAR, JUNEWANI, SITASAONGI, LOHANGI , BICHUA Fm.)",PALAEOPROTEROZOIC,0.5318880989428832
21.775,80.13,,ACID  INTRUSIVE / GRANITE / GRANODIORITE,NEOPROTEROZOIC,0.6606572338936386
21.775,80.145,TIRODI GNEISSIC COMPLEX,TIRODI GNEISSIC COMPLEX Gp.,ARCHAEAN,1.8004950946596137
21.775,80.16,TIRODI GNEISSIC COMPLEX,TIRODI GNEISSIC COMPLEX Gp.,ARCHAEAN,2.651213633756918
21.775,80.175,TIRODI GNEISSIC COMPLEX,TIRODI GNEISSIC COMPLEX Gp.,ARCHAEAN,3.4226177918462626
21.775,80.19,TIRODI GNEISSIC COMPLEX,TIRODI GNEISSIC COMPLEX Gp.,ARCHAEAN,4.4649637718412825
21.775,80.205,TIRODI GNEISSIC COMPLEX,TIRODI GNEISSIC COMPLEX Gp.,ARCHAEAN,4.515231038565984
21.775,80.22,,LATERITE / BAUXITE,CENOZOIC,4.859938814982729
21.775,80.235,,LATERITE / BAUXITE,CENOZOIC,5.62670131364625
21.775,80.25,TIRODI GNEISSIC COMPLEX,TIRODI GNEISSIC COMPLEX Gp.,ARCHAEAN,6.623581098521484
21.775,80.265,TIRODI GNEISSIC COMPLEX,TIRODI GNEISSIC COMPLEX Gp.,ARCHAEAN,7.578437091378165
21.775,80.28,TIRODI GNEISSIC COMPLEX,TIRODI GNEISSIC COMPLEX Gp.,ARCHAEAN,8.035938214302115
21.775,80.295,TIRODI GNEISSIC COMPLEX,TIRODI GNEISSIC COMPLEX Gp.,ARCHAEAN,7.49243358893566
21.775,80.31,TIRODI GNEISSIC COMPLEX,TIRODI GNEISSIC COMPLEX Gp.,ARCHAEAN,7.044928769346071
21.775,80.325,TIRODI GNEISSIC COMPLEX,TIRODI GNEISSIC COMPLEX Gp.,ARCHAEAN,6.632104497041069
21.775,80.34,TIRODI GNEISSIC COMPLEX,TIRODI GNEISSIC COMPLEX Gp.,ARCHAEAN,6.142955096285199
21.775,80.355,TIRODI GNEISSIC COMPLEX,TIRODI GNEISSIC COMPLEX Gp.,ARCHAEAN,5.6781106620976
21.775,80.37,AMGAON GNEISSIC COMPLEX,AMGAON GNEISSIC COMPLEX Gp.,ARCHAEAN,5.228399446296234
21.775,80.385,AMGAON GNEISSIC COMPLEX,AMGAON GNEISSIC COMPLEX Gp.,ARCHAEAN,4.570681805140735
21.775,80.4,AMGAON GNEISSIC COMPLEX,AMGAON GNEISSIC COMPLEX Gp.,ARCHAEAN,4.038517011476664
21.775,80.415,AMGAON GNEISSIC COMPLEX,AMGAON GNEISSIC COMPLEX Gp.,ARCHAEAN,3.5028746719647175
21.775,80.43,AMGAON GNEISSIC COMPLEX,AMGAON GNEISSIC COMPLEX Gp.,ARCHAEAN,3.1308780102057323
21.775,80.445,AMGAON GNEISSIC COMPLEX,AMGAON GNEISSIC COMPLEX Gp.,ARCHAEAN,2.8659098662973577
21.775,80.46,AMGAON GNEISSIC COMPLEX,AMGAON GNEISSIC COMPLEX Gp.,ARCHAEAN,2.4851404136706017
21.775,80.475,AMGAON GNEISSIC COMPLEX,AMGAON GNEISSIC COMPLEX Gp.,ARCHAEAN,1.9792479663060323
21.775,80.49,AMGAON GNEISSIC COMPLEX,AMGAON GNEISSIC COMPLEX Gp.,ARCHAEAN,1.5143087523324732
21.79,79.2,TIRODI GNEISSIC COMPLEX,TIRODI GNEISSIC COMPLEX Gp.,ARCHAEAN,12.563698260971245
21.79,79.215,TIRODI GNEISSIC COMPLEX,TIRODI GNEISSIC COMPLEX Gp.,ARCHAEAN,12.945539071284545
21.79,79.23,TIRODI GNEISSIC COMPLEX,TIRODI GNEISSIC COMPLEX Gp.,ARCHAEAN,13.248225024313372
21.79,79.245,TIRODI GNEISSIC COMPLEX,TIRODI GNEISSIC COMPLEX Gp.,ARCHAEAN,13.572805685130229
21.79,79.26,TIRODI GNEISSIC COMPLEX,TIRODI GNEISSIC COMPLEX Gp.,ARCHAEAN,14.053299002246794
21.79,79.275,TIRODI GNEISSIC COMPLEX,TIRODI GNEISSIC COMPLEX Gp.,ARCHAEAN,14.682555425431012
21.79,79.29,TIRODI GNEISSIC COMPLEX,TIRODI GNEISSIC COMPLEX Gp.,ARCHAEAN,15.43674302277987
21.79,79.305,TIRODI GNEISSIC COMPLEX,TIRODI GNEISSIC COMPLEX Gp.,ARCHAEAN,14.905268123038567
21.79,79.32,TIRODI GNEISSIC COMPLEX,TIRODI GNEISSIC COMPLEX Gp.,ARCHAEAN,14.141410086355144
21.79,79.335,TIRODI GNEISSIC COMPLEX,TIRODI GNEISSIC COMPLEX Gp.,ARCHAEAN,13.512956853897535
21.79,79.35,TIRODI GNEISSIC COMPLEX,TIRODI GNEISSIC COMPLEX Gp.,ARCHAEAN,13.039501099895709
21.79,79.365,TIRODI GNEISSIC COMPLEX,TIRODI GNEISSIC COMPLEX Gp.,ARCHAEAN,12.738337302298207
21.79,79.38,TIRODI GNEISSIC COMPLEX,TIRODI GNEISSIC COMPLEX Gp.,ARCHAEAN,12.62180445951046
21.79,79.395,TIRODI GNEISSIC COMPLEX,TIRODI GNEISSIC COMPLEX Gp.,ARCHAEAN,12.694988014770628
21.79,79.41,TIRODI GNEISSIC COMPLEX,TIRODI GNEISSIC COMPLEX Gp.,ARCHAEAN,12.954673128654274
21.79,79.425,TIRODI GNEISSIC COMPLEX,TIRODI GNEISSIC COMPLEX Gp.,ARCHAEAN,13.390013194147343
21.79,79.44,TIRODI GNEISSIC COMPLEX,TIRODI GNEISSIC COMPLEX Gp.,ARCHAEAN,13.774413689786357
21.79,79.455,TIRODI GNEISSIC COMPLEX,TIRODI GNEISSIC COMPLEX Gp.,ARCHAEAN,13.981793601313633
21.79,79.47,TIRODI GNEISSIC COMPLEX,TIRODI GNEISSIC COMPLEX Gp.,ARCHAEAN,14.12168010200106
21.79,79.485,TIRODI GNEISSIC COMPLEX,TIRODI GNEISSIC COMPLEX Gp.,ARCHAEAN,12.877962727089823
21.79,79.5,TIRODI GNEISSIC COMPLEX,TIRODI GNEISSIC COMPLEX Gp.,ARCHAEAN,11.659287364574746
21.79,79.515,TIRODI GNEISSIC COMPLEX,TIRODI GNEISSIC COMPLEX Gp.,ARCHAEAN,10.528252561237574
21.79,79.53,TIRODI GNEISSIC COMPLEX,TIRODI GNEISSIC COMPLEX Gp.,ARCHAEAN,9.51615912176411
21.79,79.545,TIRODI GNEISSIC COMPLEX,TIRODI GNEISSIC COMPLEX Gp.,ARCHAEAN,8.582756707179835
21.79,79.56,TIRODI GNEISSIC COMPLEX,TIRODI GNEISSIC COMPLEX Gp.,ARCHAEAN,7.709413321409482
21.79,79.575,TIRODI GNEISSIC COMPLEX,TIRODI GNEISSIC COMPLEX Gp.,ARCHAEAN,6.875934958300135
21.79,79.59,TIRODI GNEISSIC COMPLEX,TIRODI GNEISSIC COMPLEX Gp.,ARCHAEAN,6.127786381745759
21.79,79.605,TIRODI GNEISSIC COMPLEX,TIRODI GNEISSIC COMPLEX Gp.,ARCHAEAN,5.438799044291287
21.79,79.62,TIRODI GNEISSIC COMPLEX,TIRODI GNEISSIC COMPLEX Gp.,ARCHAEAN,5.035302890238117
21.79,79.635,TIRODI GNEISSIC COMPLEX,TIRODI GNEISSIC COMPLEX Gp.,ARCHAEAN,4.911558880139535
21.79,79.65,TIRODI GNEISSIC COMPLEX,TIRODI GNEISSIC COMPLEX Gp.,ARCHAEAN,5.2631367418840895
21.79,79.665,TIRODI GNEISSIC COMPLEX,TIRODI GNEISSIC COMPLEX Gp.,ARCHAEAN,6.007151437122139
21.79,79.68,TIRODI GNEISSIC COMPLEX,TIRODI GNEISSIC COMPLEX Gp.,ARCHAEAN,7.0199138675145045
21.79,79.695,TIRODI GNEISSIC COMPLEX,TIRODI GNEISSIC COMPLEX Gp.,ARCHAEAN,8.153454355195471
21.79,79.71,TIRODI GNEISSIC COMPLEX,TIRODI GNEISSIC COMPLEX Gp.,ARCHAEAN,8.996020405930306
21.79,79.725,TIRODI GNEISSIC COMPLEX,TIRODI GNEISSIC COMPLEX Gp.,ARCHAEAN,8.436069723152057
21.79,79.74,TIRODI GNEISSIC COMPLEX,TIRODI GNEISSIC COMPLEX Gp.,ARCHAEAN,8.137212292788407
21.79,79.755,TIRODI GNEISSIC COMPLEX,TIRODI GNEISSIC COMPLEX Gp.,ARCHAEAN,8.128298574485703
21.79,79.77,TIRODI GNEISSIC COMPLEX,TIRODI GNEISSIC COMPLEX Gp.,ARCHAEAN,8.410250521127262
21.79,79.785,TIRODI GNEISSIC COMPLEX,TIRODI GNEISSIC COMPLEX Gp.,ARCHAEAN,8.496706687253873
21.79,79.8,TIRODI GNEISSIC COMPLEX,TIRODI GNEISSIC COMPLEX Gp.,ARCHAEAN,6.980995475037537
21.79,79.815,TIRODI GNEISSIC COMPLEX,TIRODI GNEISSIC COMPLEX Gp.,ARCHAEAN,5.484763751504708
21.79,79.83,TIRODI GNEISSIC COMPLEX,TIRODI GNEISSIC COMPLEX Gp.,ARCHAEAN,4.029768143603423
21.79,79.845,TIRODI GNEISSIC COMPLEX,TIRODI GNEISSIC COMPLEX Gp.,ARCHAEAN,2.683932090541325
21.79,79.86,TIRODI GNEISSIC COMPLEX,TIRODI GNEISSIC COMPLEX Gp.,ARCHAEAN,1.7251127314264514
21.79,79.875,TIRODI GNEISSIC COMPLEX,TIRODI GNEISSIC COMPLEX Gp.,ARCHAEAN,1.5310500922689123
21.79,79.89,TIRODI GNEISSIC COMPLEX,TIRODI GNEISSIC COMPLEX Gp.,ARCHAEAN,0.47971300887186036
21.79,79.905,TIRODI GNEISSIC COMPLEX,TIRODI GNEISSIC COMPLEX Gp.,ARCHAEAN,0.41398826526849275
21.79,79.92,SAUSAR,"SAUSAR Gp.(MANSAR, JUNEWANI, SITASAONGI, LOHANGI , BICHUA Fm.)",PALAEOPROTEROZOIC,0.20335463987975794
21.79,79.935,SAUSAR,"SAUSAR Gp.(MANSAR, JUNEWANI, SITASAONGI, LOHANGI , BICHUA Fm.)",PALAEOPROTEROZOIC,0.583605560795125
21.79,79.95,SAUSAR,"SAUSAR Gp.(MANSAR, JUNEWANI, SITASAONGI, LOHANGI , BICHUA Fm.)",PALAEOPROTEROZOIC,0.35074601939694755
21.79,79.965,SAUSAR,"SAUSAR Gp.(MANSAR, JUNEWANI, SITASAONGI, LOHANGI , BICHUA Fm.)",PALAEOPROTEROZOIC,0.6443846100432749
21.79,79.98,SAUSAR,"SAUSAR Gp.(MANSAR, JUNEWANI, SITASAONGI, LOHANGI , BICHUA Fm.)",PALAEOPROTEROZOIC,0.672202839370033
21.79,79.995,SAUSAR,"SAUSAR Gp.(MANSAR, JUNEWANI, SITASAONGI, LOHANGI , BICHUA Fm.)",PALAEOPROTEROZOIC,0.5168567894321476
21.79,80.01,,LATERITE / BAUXITE,CENOZOIC,1.0336370502916852
21.79,80.025,,LATERITE / BAUXITE,CENOZOIC,1.5725132339754473
21.79,80.04,,LATERITE / BAUXITE,CENOZOIC,1.5183296714129566
21.79,80.055,,LATERITE / BAUXITE,CENOZOIC,0.9097148425827136
21.79,80.07,SAUSAR,"SAUSAR Gp.(MANSAR, JUNEWANI, SITASAONGI, LOHANGI , BICHUA Fm.)",PALAEOPROTEROZOIC,0.11978543664689298
21.79,80.085,SAUSAR,"SAUSAR Gp.(MANSAR, JUNEWANI, SITASAONGI, LOHANGI , BICHUA Fm.)",PALAEOPROTEROZOIC,1.310399483020419
21.79,80.1,SAUSAR,"SAUSAR Gp.(MANSAR, JUNEWANI, SITASAONGI, LOHANGI , BICHUA Fm.)",PALAEOPROTEROZOIC,2.596598532126864
21.79,80.115,SAUSAR,"SAUSAR Gp.(MANSAR, JUNEWANI, SITASAONGI, LOHANGI , BICHUA Fm.)",PALAEOPROTEROZOIC,1.600220406685153
21.79,80.13,SAUSAR,"SAUSAR Gp.(MANSAR, JUNEWANI, SITASAONGI, LOHANGI , BICHUA Fm.)",PALAEOPROTEROZOIC,0.47543299390994126
21.79,80.145,,ACID  INTRUSIVE / GRANITE / GRANODIORITE,NEOPROTEROZOIC,0.4755711919917397
21.79,80.16,,ACID  INTRUSIVE / GRANITE / GRANODIORITE,NEOPROTEROZOIC,1.1737899264169072
21.79,80.175,TIRODI GNEISSIC COMPLEX,TIRODI GNEISSIC COMPLEX Gp.,ARCHAEAN,2.187113549369093
21.79,80.19,TIRODI GNEISSIC COMPLEX,TIRODI GNEISSIC COMPLEX Gp.,ARCHAEAN,2.8056134868139537
21.79,80.205,TIRODI GNEISSIC COMPLEX,TIRODI GNEISSIC COMPLEX Gp.,ARCHAEAN,2.850051395906074
21.79,80.22,TIRODI GNEISSIC COMPLEX,TIRODI GNEISSIC COMPLEX Gp.,ARCHAEAN,3.3695416286353073
21.79,80.235,TIRODI GNEISSIC COMPLEX,TIRODI GNEISSIC COMPLEX Gp.,ARCHAEAN,4.356761644344387
21.79,80.25,TIRODI GNEISSIC COMPLEX,TIRODI GNEISSIC COMPLEX Gp.,ARCHAEAN,5.326943392141581
21.79,80.265,TIRODI GNEISSIC COMPLEX,TIRODI GNEISSIC COMPLEX Gp.,ARCHAEAN,6.195241330903401
21.79,80.28,TIRODI GNEISSIC COMPLEX,TIRODI GNEISSIC COMPLEX Gp.,ARCHAEAN,7.200972405366545
21.79,80.295,TIRODI GNEISSIC COMPLEX,TIRODI GNEISSIC COMPLEX Gp.,ARCHAEAN,8.219349186993202
21.79,80.31,TIRODI GNEISSIC COMPLEX,TIRODI GNEISSIC COMPLEX Gp.,ARCHAEAN,8.664920077785768
21.79,80.325,TIRODI GNEISSIC COMPLEX,TIRODI GNEISSIC COMPLEX Gp.,ARCHAEAN,8.221892564439662
21.79,80.34,TIRODI GNEISSIC COMPLEX,TIRODI GNEISSIC COMPLEX Gp.,ARCHAEAN,7.721315292070502
21.79,80.355,TIRODI GNEISSIC COMPLEX,TIRODI GNEISSIC COMPLEX Gp.,ARCHAEAN,7.290610653291293
21.79,80.37,TIRODI GNEISSIC COMPLEX,TIRODI GNEISSIC COMPLEX Gp.,ARCHAEAN,6.74137498736879
21.79,80.385,TIRODI GNEISSIC COMPLEX,TIRODI GNEISSIC COMPLEX Gp.,ARCHAEAN,6.143066838472421
21.79,80.4,AMGAON GNEISSIC COMPLEX,AMGAON GNEISSIC COMPLEX Gp.,ARCHAEAN,5.607304019224215
21.79,80.415,AMGAON GNEISSIC COMPLEX,AMGAON GNEISSIC COMPLEX Gp.,ARCHAEAN,5.081307621302787
21.79,80.43,AMGAON GNEISSIC COMPLEX,AMGAON GNEISSIC COMPLEX Gp.,ARCHAEAN,4.77109041270881
21.79,80.445,AMGAON GNEISSIC COMPLEX,AMGAON GNEISSIC COMPLEX Gp.,ARCHAEAN,4.526907259784715
21.79,80.46,AMGAON GNEISSIC COMPLEX,AMGAON GNEISSIC COMPLEX Gp.,ARCHAEAN,4.0552613859220115
21.79,80.475,AMGAON GNEISSIC COMPLEX,AMGAON GNEISSIC COMPLEX Gp.,ARCHAEAN,3.574145345373051
21.79,80.49,AMGAON GNEISSIC COMPLEX,AMGAON GNEISSIC COMPLEX Gp.,ARCHAEAN,3.1563579242392916
21.805,79.2,,DECCAN TRAP,LATE CRETACEOUS - PALAEOCENE,14.18294873716072
21.805,79.215,TIRODI GNEISSIC COMPLEX,TIRODI GNEISSIC COMPLEX Gp.,ARCHAEAN,14.564787718721558
21.805,79.23,TIRODI GNEISSIC COMPLEX,TIRODI GNEISSIC COMPLEX Gp.,ARCHAEAN,14.887471502313383
21.805,79.245,,DECCAN TRAP,LATE CRETACEOUS - PALAEOCENE,15.19199380157569
21.805,79.26,TIRODI GNEISSIC COMPLEX,TIRODI GNEISSIC COMPLEX Gp.,ARCHAEAN,15.622677589170134
21.805,79.275,TIRODI GNEISSIC COMPLEX,TIRODI GNEISSIC COMPLEX Gp.,ARCHAEAN,16.190938516457276
21.805,79.29,TIRODI GNEISSIC COMPLEX,TIRODI GNEISSIC COMPLEX Gp.,ARCHAEAN,16.88289017415968
21.805,79.305,TIRODI GNEISSIC COMPLEX,TIRODI GNEISSIC COMPLEX Gp.,ARCHAEAN,16.34287856216111
21.805,79.32,TIRODI GNEISSIC COMPLEX,TIRODI GNEISSIC COMPLEX Gp.,ARCHAEAN,15.649497967976151
21.805,79.335,TIRODI GNEISSIC COMPLEX,TIRODI GNEISSIC COMPLEX Gp.,ARCHAEAN,15.084129050174143
21.805,79.35,TIRODI GNEISSIC COMPLEX,TIRODI GNEISSIC COMPLEX Gp.,ARCHAEAN,14.661588159385119
21.805,79.365,TIRODI GNEISSIC COMPLEX,TIRODI GNEISSIC COMPLEX Gp.,ARCHAEAN,14.394458694547454
21.805,79.38,TIRODI GNEISSIC COMPLEX,TIRODI GNEISSIC COMPLEX Gp.,ARCHAEAN,14.291457954426495
21.805,79.395,TIRODI GNEISSIC COMPLEX,TIRODI GNEISSIC COMPLEX Gp.,ARCHAEAN,14.356119093186168
21.805,79.41,TIRODI GNEISSIC COMPLEX,TIRODI GNEISSIC COMPLEX Gp.,ARCHAEAN,14.58621253008625
21.805,79.425,TIRODI GNEISSIC COMPLEX,TIRODI GNEISSIC COMPLEX Gp.,ARCHAEAN,14.974114068232629
21.805,79.44,TIRODI GNEISSIC COMPLEX,TIRODI GNEISSIC COMPLEX Gp.,ARCHAEAN,15.433308408864844
21.805,79.455,TIRODI GNEISSIC COMPLEX,TIRODI GNEISSIC COMPLEX Gp.,ARCHAEAN,15.627011042947627
21.805,79.47,TIRODI GNEISSIC COMPLEX,TIRODI GNEISSIC COMPLEX Gp.,ARCHAEAN,15.119230689121771
21.805,79.485,TIRODI GNEISSIC COMPLEX,TIRODI GNEISSIC COMPLEX Gp.,ARCHAEAN,13.9243455804078
21.805,79.5,TIRODI GNEISSIC COMPLEX,TIRODI GNEISSIC COMPLEX Gp.,ARCHAEAN,12.805886094092028
21.805,79.515,TIRODI GNEISSIC COMPLEX,TIRODI GNEISSIC COMPLEX Gp.,ARCHAEAN,11.785630787853208
21.805,79.53,TIRODI GNEISSIC COMPLEX,TIRODI GNEISSIC COMPLEX Gp.,ARCHAEAN,10.856111122701634
21.805,79.545,TIRODI GNEISSIC COMPLEX,TIRODI GNEISSIC COMPLEX Gp.,ARCHAEAN,9.940946298789854
21.805,79.56,TIRODI GNEISSIC COMPLEX,TIRODI GNEISSIC COMPLEX Gp.,ARCHAEAN,9.127368146261345
21.805,79.575,TIRODI GNEISSIC COMPLEX,TIRODI GNEISSIC COMPLEX Gp.,ARCHAEAN,8.329730541194929
21.805,79.59,TIRODI GNEISSIC COMPLEX,TIRODI GNEISSIC COMPLEX Gp.,ARCHAEAN,7.588034177715842
21.805,79.605,TIRODI GNEISSIC COMPLEX,TIRODI GNEISSIC COMPLEX Gp.,ARCHAEAN,7.032377927814049
21.805,79.62,TIRODI GNEISSIC COMPLEX,TIRODI GNEISSIC COMPLEX Gp.,ARCHAEAN,6.670541961982133
21.805,79.635,TIRODI GNEISSIC COMPLEX,TIRODI GNEISSIC COMPLEX Gp.,ARCHAEAN,6.577653321427158
21.805,79.65,TIRODI GNEISSIC COMPLEX,TIRODI GNEISSIC COMPLEX Gp.,ARCHAEAN,6.844119517344477
21.805,79.665,TIRODI GNEISSIC COMPLEX,TIRODI GNEISSIC COMPLEX Gp.,ARCHAEAN,7.431384549261733
21.805,79.68,TIRODI GNEISSIC COMPLEX,TIRODI GNEISSIC COMPLEX Gp.,ARCHAEAN,8.271398688904618
21.805,79.695,TIRODI GNEISSIC COMPLEX,TIRODI GNEISSIC COMPLEX Gp.,ARCHAEAN,9.295894353051635
21.805,79.71,TIRODI GNEISSIC COMPLEX,TIRODI GNEISSIC COMPLEX Gp.,ARCHAEAN,10.41451174714489
21.805,79.725,TIRODI GNEISSIC COMPLEX,TIRODI GNEISSIC COMPLEX Gp.,ARCHAEAN,10.049395499888384
21.805,79.74,TIRODI GNEISSIC COMPLEX,TIRODI GNEISSIC COMPLEX Gp.,ARCHAEAN,9.799915228582746
21.805,79.755,TIRODI GNEISSIC COMPLEX,TIRODI GNEISSIC COMPLEX Gp.,ARCHAEAN,9.792516666421134
21.805,79.77,TIRODI GNEISSIC COMPLEX,TIRODI GNEISSIC COMPLEX Gp.,ARCHAEAN,9.85994222223244
21.805,79.785,TIRODI GNEISSIC COMPLEX,TIRODI GNEISSIC COMPLEX Gp.,ARCHAEAN,8.309909686000127
21.805,79.8,TIRODI GNEISSIC COMPLEX,TIRODI GNEISSIC COMPLEX Gp.,ARCHAEAN,6.760014271707716
21.805,79.815,TIRODI GNEISSIC COMPLEX,TIRODI GNEISSIC COMPLEX Gp.,ARCHAEAN,5.210378346953497
21.805,79.83,TIRODI GNEISSIC COMPLEX,TIRODI GNEISSIC COMPLEX Gp.,ARCHAEAN,3.6613314086010162
21.805,79.845,TIRODI GNEISSIC COMPLEX,TIRODI GNEISSIC COMPLEX Gp.,ARCHAEAN,2.1141685006903574
21.805,79.86,TIRODI GNEISSIC COMPLEX,TIRODI GNEISSIC COMPLEX Gp.,ARCHAEAN,0.5757627926607171
21.805,79.875,TIRODI GNEISSIC COMPLEX,TIRODI GNEISSIC COMPLEX Gp.,ARCHAEAN,0.010368762440774046
21.805,79.89,TIRODI GNEISSIC COMPLEX,TIRODI GNEISSIC COMPLEX Gp.,ARCHAEAN,0.1324309547567219
21.805,79.905,TIRODI GNEISSIC COMPLEX,TIRODI GNEISSIC COMPLEX Gp.,ARCHAEAN,0.26907977785555975
21.805,79.92,TIRODI GNEISSIC COMPLEX,TIRODI GNEISSIC COMPLEX Gp.,ARCHAEAN,0.31409730019788384
21.805,79.935,TIRODI GNEISSIC COMPLEX,TIRODI GNEISSIC COMPLEX Gp.,ARCHAEAN,0.8196078579856136
21.805,79.95,SAUSAR,"SAUSAR Gp.(MANSAR, JUNEWANI, SITASAONGI, LOHANGI , BICHUA Fm.)",PALAEOPROTEROZOIC,0.10874897074894778
21.805,79.965,TIRODI GNEISSIC COMPLEX,TIRODI GNEISSIC COMPLEX Gp.,ARCHAEAN,0.40383433418315573
21.805,79.98,TIRODI GNEISSIC COMPLEX,TIRODI GNEISSIC COMPLEX Gp.,ARCHAEAN,0.9975607976145959
21.805,79.995,TIRODI GNEISSIC COMPLEX,TIRODI GNEISSIC COMPLEX Gp.,ARCHAEAN,0.692126167292033
21.805,80.01,,LATERITE / BAUXITE,CENOZOIC,0.28666339683972536
21.805,80.025,,LATERITE / BAUXITE,CENOZOIC,1.304243234310151
21.805,80.04,,LATERITE / BAUXITE,CENOZOIC,0.3363831417807029
21.805,80.055,SAUSAR,"SAUSAR Gp.(MANSAR, JUNEWANI, SITASAONGI, LOHANGI , BICHUA Fm.)",PALAEOPROTEROZOIC,0.70252506288099
21.805,80.07,SAUSAR,"SAUSAR Gp.(MANSAR, JUNEWANI, SITASAONGI, LOHANGI , BICHUA Fm.)",PALAEOPROTEROZOIC,0.3785868846280799
21.805,80.085,SAUSAR,"SAUSAR Gp.(MANSAR, JUNEWANI, SITASAONGI, LOHANGI , BICHUA Fm.)",PALAEOPROTEROZOIC,0.9060075543723042
21.805,80.1,SAUSAR,"SAUSAR Gp.(MANSAR, JUNEWANI, SITASAONGI, LOHANGI , BICHUA Fm.)",PALAEOPROTEROZOIC,2.391158050735535
21.805,80.115,SAUSAR,"SAUSAR Gp.(MANSAR, JUNEWANI, SITASAONGI, LOHANGI , BICHUA Fm.)",PALAEOPROTEROZOIC,2.753460206746685
21.805,80.13,SAUSAR,"SAUSAR Gp.(MANSAR, JUNEWANI, SITASAONGI, LOHANGI , BICHUA Fm.)",PALAEOPROTEROZOIC,1.7540534847296645
21.805,80.145,SAUSAR,"SAUSAR Gp.(MANSAR, JUNEWANI, SITASAONGI, LOHANGI , BICHUA Fm.)",PALAEOPROTEROZOIC,1.0287155424635714
21.805,80.16,SAUSAR,"SAUSAR Gp.(MANSAR, JUNEWANI, SITASAONGI, LOHANGI , BICHUA Fm.)",PALAEOPROTEROZOIC,0.09411644846227779
21.805,80.175,,ACID  INTRUSIVE / GRANITE / GRANODIORITE,NEOPROTEROZOIC,0.8353236508877108
21.805,80.19,,ACID  INTRUSIVE / GRANITE / GRANODIORITE,NEOPROTEROZOIC,1.1365499955445677
21.805,80.205,TIRODI GNEISSIC COMPLEX,TIRODI GNEISSIC COMPLEX Gp.,ARCHAEAN,1.1978057683915408
21.805,80.22,TIRODI GNEISSIC COMPLEX,TIRODI GNEISSIC COMPLEX Gp.,ARCHAEAN,2.09059302205648
21.805,80.235,TIRODI GNEISSIC COMPLEX,TIRODI GNEISSIC COMPLEX Gp.,ARCHAEAN,3.05101460175318
21.805,80.25,TIRODI GNEISSIC COMPLEX,TIRODI GNEISSIC COMPLEX Gp.,ARCHAEAN,3.9334889713908687
21.805,80.265,TIRODI GNEISSIC COMPLEX,TIRODI GNEISSIC COMPLEX Gp.,ARCHAEAN,4.924634041200854
21.805,80.28,TIRODI GNEISSIC COMPLEX,TIRODI GNEISSIC COMPLEX Gp.,ARCHAEAN,5.940412681659994
21.805,80.295,TIRODI GNEISSIC COMPLEX,TIRODI GNEISSIC COMPLEX Gp.,ARCHAEAN,7.065636536139561
21.805,80.31,TIRODI GNEISSIC COMPLEX,TIRODI GNEISSIC COMPLEX Gp.,ARCHAEAN,8.293545767830306
21.805,80.325,TIRODI GNEISSIC COMPLEX,TIRODI GNEISSIC COMPLEX Gp.,ARCHAEAN,8.31776931604673
21.805,80.34,TIRODI GNEISSIC COMPLEX,TIRODI GNEISSIC COMPLEX Gp.,ARCHAEAN,8.485223411023068
21.805,80.355,TIRODI GNEISSIC COMPLEX,TIRODI GNEISSIC COMPLEX Gp.,ARCHAEAN,8.903093108909504
21.805,80.37,TIRODI GNEISSIC COMPLEX,TIRODI GNEISSIC COMPLEX Gp.,ARCHAEAN,8.248547430013607
21.805,80.385,TIRODI GNEISSIC COMPLEX,TIRODI GNEISSIC COMPLEX Gp.,ARCHAEAN,7.706005648257124
21.805,80.4,TIRODI GNEISSIC COMPLEX,TIRODI GNEISSIC COMPLEX Gp.,ARCHAEAN,7.17606100587649
21.805,80.415,AMGAON GNEISSIC COMPLEX,AMGAON GNEISSIC COMPLEX Gp.,ARCHAEAN,6.703387559537816
21.805,80.43,AMGAON GNEISSIC COMPLEX,AMGAON GNEISSIC COMPLEX Gp.,ARCHAEAN,6.411293598421872
21.805,80.445,AMGAON GNEISSIC COMPLEX,AMGAON GNEISSIC COMPLEX Gp.,ARCHAEAN,6.13988637756116
21.805,80.46,AMGAON GNEISSIC COMPLEX,AMGAON GNEISSIC COMPLEX Gp.,ARCHAEAN,5.64246721151056
21.805,80.475,AMGAON GNEISSIC COMPLEX,AMGAON GNEISSIC COMPLEX Gp.,ARCHAEAN,5.164948014691715
21.805,80.49,AMGAON GNEISSIC COMPLEX,AMGAON GNEISSIC COMPLEX Gp.,ARCHAEAN,4.817522574557923
21.82,79.2,TIRODI GNEISSIC COMPLEX,TIRODI GNEISSIC COMPLEX Gp.,ARCHAEAN,15.802183660555153
21.82,79.215,,DECCAN TRAP,LATE CRETACEOUS - PALAEOCENE,16.184020812350035
21.82,79.23,,DECCAN TRAP,LATE CRETACEOUS - PALAEOCENE,16.52670845746993
21.82,79.245,,DECCAN TRAP,LATE CRETACEOUS - PALAEOCENE,16.821080816447324
21.82,79.26,TIRODI GNEISSIC COMPLEX,TIRODI GNEISSIC COMPLEX Gp.,ARCHAEAN,17.21096622509212
21.82,79.275,TIRODI GNEISSIC COMPLEX,TIRODI GNEISSIC COMPLEX Gp.,ARCHAEAN,17.728282638838337
21.82,79.29,TIRODI GNEISSIC COMPLEX,TIRODI GNEISSIC COMPLEX Gp.,ARCHAEAN,18.36226294870209
21.82,79.305,TIRODI GNEISSIC COMPLEX,TIRODI GNEISSIC COMPLEX Gp.,ARCHAEAN,17.82102125064943
21.82,79.32,TIRODI GNEISSIC COMPLEX,TIRODI GNEISSIC COMPLEX Gp.,ARCHAEAN,17.187511555302915
21.82,79.335,TIRODI GNEISSIC COMPLEX,TIRODI GNEISSIC COMPLEX Gp.,ARCHAEAN,16.674482206793893
21.82,79.35,TIRODI GNEISSIC COMPLEX,TIRODI GNEISSIC COMPLEX Gp.,ARCHAEAN,16.2933179131559
21.82,79.365,TIRODI GNEISSIC COMPLEX,TIRODI GNEISSIC COMPLEX Gp.,ARCHAEAN,16.053414238943475
21.82,79.38,TIRODI GNEISSIC COMPLEX,TIRODI GNEISSIC COMPLEX Gp.,ARCHAEAN,15.961142101633117
21.82,79.395,TIRODI GNEISSIC COMPLEX,TIRODI GNEISSIC COMPLEX Gp.,ARCHAEAN,16.0190528435174
21.82,79.41,TIRODI GNEISSIC COMPLEX,TIRODI GNEISSIC COMPLEX Gp.,ARCHAEAN,16.22553848634141
21.82,79.425,TIRODI GNEISSIC COMPLEX,TIRODI GNEISSIC COMPLEX Gp.,ARCHAEAN,16.575047290839183
21.82,79.44,TIRODI GNEISSIC COMPLEX,TIRODI GNEISSIC COMPLEX Gp.,ARCHAEAN,17.042168356855495
21.82,79.455,TIRODI GNEISSIC COMPLEX,TIRODI GNEISSIC COMPLEX Gp.,ARCHAEAN,17.276945890674956
21.82,79.47,TIRODI GNEISSIC COMPLEX,TIRODI GNEISSIC COMPLEX Gp.,ARCHAEAN,16.19276975710575
21.82,79.485,TIRODI GNEISSIC COMPLEX,TIRODI GNEISSIC COMPLEX Gp.,ARCHAEAN,15.083412321834084
21.82,79.5,TIRODI GNEISSIC COMPLEX,TIRODI GNEISSIC COMPLEX Gp.,ARCHAEAN,14.057699331246903
21.82,79.515,TIRODI GNEISSIC COMPLEX,TIRODI GNEISSIC COMPLEX Gp.,ARCHAEAN,13.118258175699268
21.82,79.53,TIRODI GNEISSIC COMPLEX,TIRODI GNEISSIC COMPLEX Gp.,ARCHAEAN,12.18959892985847
21.82,79.545,TIRODI GNEISSIC COMPLEX,TIRODI GNEISSIC COMPLEX Gp.,ARCHAEAN,11.37714331970953
21.82,79.56,TIRODI GNEISSIC COMPLEX,TIRODI GNEISSIC COMPLEX Gp.,ARCHAEAN,10.535099593592586
21.82,79.575,TIRODI GNEISSIC COMPLEX,TIRODI GNEISSIC COMPLEX Gp.,ARCHAEAN,9.79566730075353
21.82,79.59,TIRODI GNEISSIC COMPLEX,TIRODI GNEISSIC COMPLEX Gp.,ARCHAEAN,9.111905859827832
21.82,79.605,TIRODI GNEISSIC COMPLEX,TIRODI GNEISSIC COMPLEX Gp.,ARCHAEAN,8.654744784402558
21.82,79.62,TIRODI GNEISSIC COMPLEX,TIRODI GNEISSIC COMPLEX Gp.,ARCHAEAN,8.319522153256422
21.82,79.635,TIRODI GNEISSIC COMPLEX,TIRODI GNEISSIC COMPLEX Gp.,ARCHAEAN,8.245247107528714
21.82,79.65,TIRODI GNEISSIC COMPLEX,TIRODI GNEISSIC COMPLEX Gp.,ARCHAEAN,8.459302525821059
21.82,79.665,TIRODI GNEISSIC COMPLEX,TIRODI GNEISSIC COMPLEX Gp.,ARCHAEAN,8.94100368728143
21.82,79.68,TIRODI GNEISSIC COMPLEX,TIRODI GNEISSIC COMPLEX Gp.,ARCHAEAN,9.650354553179037
21.82,79.695,TIRODI GNEISSIC COMPLEX,TIRODI GNEISSIC COMPLEX Gp.,ARCHAEAN,10.5414983480335
21.82,79.71,TIRODI GNEISSIC COMPLEX,TIRODI GNEISSIC COMPLEX Gp.,ARCHAEAN,11.572513996301884
21.82,79.725,TIRODI GNEISSIC COMPLEX,TIRODI GNEISSIC COMPLEX Gp.,ARCHAEAN,11.678608259742642
21.82,79.74,TIRODI GNEISSIC COMPLEX,TIRODI GNEISSIC COMPLEX Gp.,ARCHAEAN,11.464681289906366
21.82,79.755,TIRODI GNEISSIC COMPLEX,TIRODI GNEISSIC COMPLEX Gp.,ARCHAEAN,11.45835902855181
21.82,79.77,TIRODI GNEISSIC COMPLEX,TIRODI GNEISSIC COMPLEX Gp.,ARCHAEAN,9.969587739138284
21.82,79.785,TIRODI GNEISSIC COMPLEX,TIRODI GNEISSIC COMPLEX Gp.,ARCHAEAN,8.440066313161607
21.82,79.8,TIRODI GNEISSIC COMPLEX,TIRODI GNEISSIC COMPLEX Gp.,ARCHAEAN,6.919740414655734
21.82,79.815,TIRODI GNEISSIC COMPLEX,TIRODI GNEISSIC COMPLEX Gp.,ARCHAEAN,5.416358905698566
21.82,79.83,TIRODI GNEISSIC COMPLEX,TIRODI GNEISSIC COMPLEX Gp.,ARCHAEAN,3.9477836814144833
21.82,79.845,TIRODI GNEISSIC COMPLEX,TIRODI GNEISSIC COMPLEX Gp.,ARCHAEAN,2.5164820135793278
21.82,79.86,TIRODI GNEISSIC COMPLEX,TIRODI GNEISSIC COMPLEX Gp.,ARCHAEAN,1.3102996716906237
21.82,79.875,TIRODI GNEISSIC COMPLEX,TIRODI GNEISSIC COMPLEX Gp.,ARCHAEAN,0.7364562306532204
21.82,79.89,TIRODI GNEISSIC COMPLEX,TIRODI GNEISSIC COMPLEX Gp.,ARCHAEAN,0.9159470610718332
21.82,79.905,TIRODI GNEISSIC COMPLEX,TIRODI GNEISSIC COMPLEX Gp.,ARCHAEAN,1.3753708278676775
21.82,79.92,TIRODI GNEISSIC COMPLEX,TIRODI GNEISSIC COMPLEX Gp.,ARCHAEAN,1.8570640330515669
21.82,79.935,TIRODI GNEISSIC COMPLEX,TIRODI GNEISSIC COMPLEX Gp.,ARCHAEAN,1.176096264530089
21.82,79.95,SAUSAR,"SAUSAR Gp.(MANSAR, JUNEWANI, SITASAONGI, LOHANGI , BICHUA Fm.)",PALAEOPROTEROZOIC,0.3187653155147365
21.82,79.965,TIRODI GNEISSIC COMPLEX,TIRODI GNEISSIC COMPLEX Gp.,ARCHAEAN,0.009060171018301257
21.82,79.98,TIRODI GNEISSIC COMPLEX,TIRODI GNEISSIC COMPLEX Gp.,ARCHAEAN,1.53499002928324
21.82,79.995,TIRODI GNEISSIC COMPLEX,TIRODI GNEISSIC COMPLEX Gp.,ARCHAEAN,0.7509614407938261
21.82,80.01,SAUSAR,"SAUSAR Gp.(MANSAR, JUNEWANI, SITASAONGI, LOHANGI , BICHUA Fm.)",PALAEOPROTEROZOIC,0.7991727093627303
21.82,80.025,SAUSAR,"SAUSAR Gp.(MANSAR, JUNEWANI, SITASAONGI, LOHANGI , BICHUA Fm.)",PALAEOPROTEROZOIC,0.15022372916619128
21.82,80.04,SAUSAR,"SAUSAR Gp.(MANSAR, JUNEWANI, SITASAONGI, LOHANGI , BICHUA Fm.)",PALAEOPROTEROZOIC,0.7143267677967791
21.82,80.055,SAUSAR,"SAUSAR Gp.(MANSAR, JUNEWANI, SITASAONGI, LOHANGI , BICHUA Fm.)",PALAEOPROTEROZOIC,1.9003245969841303
21.82,80.07,SAUSAR,"SAUSAR Gp.(MANSAR, JUNEWANI, SITASAONGI, LOHANGI , BICHUA Fm.)",PALAEOPROTEROZOIC,2.023863742236781
21.82,80.085,SAUSAR,"SAUSAR Gp.(MANSAR, JUNEWANI, SITASAONGI, LOHANGI , BICHUA Fm.)",PALAEOPROTEROZOIC,2.1845615436100103
21.82,80.1,SAUSAR,"SAUSAR Gp.(MANSAR, JUNEWANI, SITASAONGI, LOHANGI , BICHUA Fm.)",PALAEOPROTEROZOIC,3.1344964421665202
21.82,80.115,SAUSAR,"SAUSAR Gp.(MANSAR, JUNEWANI, SITASAONGI, LOHANGI , BICHUA Fm.)",PALAEOPROTEROZOIC,4.001163071767711
21.82,80.13,SAUSAR,"SAUSAR Gp.(MANSAR, JUNEWANI, SITASAONGI, LOHANGI , BICHUA Fm.)",PALAEOPROTEROZOIC,3.185552923364866
21.82,80.145,SAUSAR,"SAUSAR Gp.(MANSAR, JUNEWANI, SITASAONGI, LOHANGI , BICHUA Fm.)",PALAEOPROTEROZOIC,2.3738599169461896
21.82,80.16,SAUSAR,"SAUSAR Gp.(MANSAR, JUNEWANI, SITASAONGI, LOHANGI , BICHUA Fm.)",PALAEOPROTEROZOIC,1.4010787004731342
21.82,80.175,SAUSAR,"SAUSAR Gp.(MANSAR, JUNEWANI, SITASAONGI, LOHANGI , BICHUA Fm.)",PALAEOPROTEROZOIC,0.6995944958528943
21.82,80.19,SAUSAR,"SAUSAR Gp.(MANSAR, JUNEWANI, SITASAONGI, LOHANGI , BICHUA Fm.)",PALAEOPROTEROZOIC,0.5325132620734576
21.82,80.205,SAUSAR,"SAUSAR Gp.(MANSAR, JUNEWANI, SITASAONGI, LOHANGI , BICHUA Fm.)",PALAEOPROTEROZOIC,0.1857465024504909
21.82,80.22,TIRODI GNEISSIC COMPLEX,TIRODI GNEISSIC COMPLEX Gp.,ARCHAEAN,0.7792032931632199
21.82,80.235,TIRODI GNEISSIC COMPLEX,TIRODI GNEISSIC COMPLEX Gp.,ARCHAEAN,1.6887547371296612
21.82,80.25,TIRODI GNEISSIC COMPLEX,TIRODI GNEISSIC COMPLEX Gp.,ARCHAEAN,2.652424993834622
21.82,80.265,TIRODI GNEISSIC COMPLEX,TIRODI GNEISSIC COMPLEX Gp.,ARCHAEAN,3.661705782289499
21.82,80.28,TIRODI GNEISSIC COMPLEX,TIRODI GNEISSIC COMPLEX Gp.,ARCHAEAN,4.804055062194897
21.82,80.295,TIRODI GNEISSIC COMPLEX,TIRODI GNEISSIC COMPLEX Gp.,ARCHAEAN,6.088053732576212
21.82,80.31,TIRODI GNEISSIC COMPLEX,TIRODI GNEISSIC COMPLEX Gp.,ARCHAEAN,6.785686315042232
21.82,80.325,TIRODI GNEISSIC COMPLEX,TIRODI GNEISSIC COMPLEX Gp.,ARCHAEAN,6.648233307960931
21.82,80.34,TIRODI GNEISSIC COMPLEX,TIRODI GNEISSIC COMPLEX Gp.,ARCHAEAN,6.856540416406189
21.82,80.355,TIRODI GNEISSIC COMPLEX,TIRODI GNEISSIC COMPLEX Gp.,ARCHAEAN,7.391301319795293
21.82,80.37,TIRODI GNEISSIC COMPLEX,TIRODI GNEISSIC COMPLEX Gp.,ARCHAEAN,8.17963217300766
21.82,80.385,TIRODI GNEISSIC COMPLEX,TIRODI GNEISSIC COMPLEX Gp.,ARCHAEAN,9.163397514089244
21.82,80.4,TIRODI GNEISSIC COMPLEX,TIRODI GNEISSIC COMPLEX Gp.,ARCHAEAN,8.736178199790222
21.82,80.415,TIRODI GNEISSIC COMPLEX,TIRODI GNEISSIC COMPLEX Gp.,ARCHAEAN,8.344314607198442
21.82,80.43,AMGAON GNEISSIC COMPLEX,AMGAON GNEISSIC COMPLEX Gp.,ARCHAEAN,8.049661520708554
21.82,80.445,AMGAON GNEISSIC COMPLEX,AMGAON GNEISSIC COMPLEX Gp.,ARCHAEAN,7.727492415351465
21.82,80.46,AMGAON GNEISSIC COMPLEX,AMGAON GNEISSIC COMPLEX Gp.,ARCHAEAN,7.21994387975028
21.82,80.475,AMGAON GNEISSIC COMPLEX,AMGAON GNEISSIC COMPLEX Gp.,ARCHAEAN,6.757298628212357
21.82,80.49,AMGAON GNEISSIC COMPLEX,AMGAON GNEISSIC COMPLEX Gp.,ARCHAEAN,6.483125498461434
21.835,79.2,,DECCAN TRAP,LATE CRETACEOUS - PALAEOCENE,17.42140301827429
21.835,79.215,,DECCAN TRAP,LATE CRETACEOUS - PALAEOCENE,17.803238339288487
21.835,79.23,,DECCAN TRAP,LATE CRETACEOUS - PALAEOCENE,18.165935881924238
21.835,79.245,,DECCAN TRAP,LATE CRETACEOUS - PALAEOCENE,18.457445832672057
21.835,79.26,TIRODI GNEISSIC COMPLEX,TIRODI GNEISSIC COMPLEX Gp.,ARCHAEAN,18.813376169266583
21.835,79.275,TIRODI GNEISSIC COMPLEX,TIRODI GNEISSIC COMPLEX Gp.,ARCHAEAN,19.28766392438108
21.835,79.29,TIRODI GNEISSIC COMPLEX,TIRODI GNEISSIC COMPLEX Gp.,ARCHAEAN,19.871836276163652
21.835,79.305,TIRODI GNEISSIC COMPLEX,TIRODI GNEISSIC COMPLEX Gp.,ARCHAEAN,19.330400253976673
21.835,79.32,TIRODI GNEISSIC COMPLEX,TIRODI GNEISSIC COMPLEX Gp.,ARCHAEAN,18.748087360441563
21.835,79.335,TIRODI GNEISSIC COMPLEX,TIRODI GNEISSIC COMPLEX Gp.,ARCHAEAN,18.279010529122516
21.835,79.35,TIRODI GNEISSIC COMPLEX,TIRODI GNEISSIC COMPLEX Gp.,ARCHAEAN,17.932058240091507
21.835,79.365,TIRODI GNEISSIC COMPLEX,TIRODI GNEISSIC COMPLEX Gp.,ARCHAEAN,17.714407697733918
21.835,79.38,TIRODI GNEISSIC COMPLEX,TIRODI GNEISSIC COMPLEX Gp.,ARCHAEAN,17.63084819259342
21.835,79.395,TIRODI GNEISSIC COMPLEX,TIRODI GNEISSIC COMPLEX Gp.,ARCHAEAN,17.683280703881096
21.835,79.41,TIRODI GNEISSIC COMPLEX,TIRODI GNEISSIC COMPLEX Gp.,ARCHAEAN,17.870508259908874
21.835,79.425,TIRODI GNEISSIC COMPLEX,TIRODI GNEISSIC COMPLEX Gp.,ARCHAEAN,18.188368674400902
21.835,79.44,TIRODI GNEISSIC COMPLEX,TIRODI GNEISSIC COMPLEX Gp.,ARCHAEAN,18.630176734470986
21.835,79.455,TIRODI GNEISSIC COMPLEX,TIRODI GNEISSIC COMPLEX Gp.,ARCHAEAN,18.46323714368883
21.835,79.47,TIRODI GNEISSIC COMPLEX,TIRODI GNEISSIC COMPLEX Gp.,ARCHAEAN,17.360786150991295
21.835,79.485,TIRODI GNEISSIC COMPLEX,TIRODI GNEISSIC COMPLEX Gp.,ARCHAEAN,16.33118814691848
21.835,79.5,TIRODI GNEISSIC COMPLEX,TIRODI GNEISSIC COMPLEX Gp.,ARCHAEAN,15.38079830037156
21.835,79.515,TIRODI GNEISSIC COMPLEX,TIRODI GNEISSIC COMPLEX Gp.,ARCHAEAN,14.447274888897148
21.835,79.53,TIRODI GNEISSIC COMPLEX,TIRODI GNEISSIC COMPLEX Gp.,ARCHAEAN,13.597571621905061
21.835,79.545,TIRODI GNEISSIC COMPLEX,TIRODI GNEISSIC COMPLEX Gp.,ARCHAEAN,12.765888160502028
21.835,79.56,TIRODI GNEISSIC COMPLEX,TIRODI GNEISSIC COMPLEX Gp.,ARCHAEAN,12.010173125531459
21.835,79.575,TIRODI GNEISSIC COMPLEX,TIRODI GNEISSIC COMPLEX Gp.,ARCHAEAN,11.268425593407398
21.835,79.59,TIRODI GNEISSIC COMPLEX,TIRODI GNEISSIC COMPLEX Gp.,ARCHAEAN,10.679506396269222
21.835,79.605,TIRODI GNEISSIC COMPLEX,TIRODI GNEISSIC COMPLEX Gp.,ARCHAEAN,10.27347862814561
21.835,79.62,TIRODI GNEISSIC COMPLEX,TIRODI GNEISSIC COMPLEX Gp.,ARCHAEAN,9.97543139780927
21.835,79.635,TIRODI GNEISSIC COMPLEX,TIRODI GNEISSIC COMPLEX Gp.,ARCHAEAN,9.913583639384521
21.835,79.65,TIRODI GNEISSIC COMPLEX,TIRODI GNEISSIC COMPLEX Gp.,ARCHAEAN,10.092278738272386
21.835,79.665,TIRODI GNEISSIC COMPLEX,TIRODI GNEISSIC COMPLEX Gp.,ARCHAEAN,10.499241888828745
21.835,79.68,TIRODI GNEISSIC COMPLEX,TIRODI GNEISSIC COMPLEX Gp.,ARCHAEAN,11.109415416777182
21.835,79.695,TIRODI GNEISSIC COMPLEX,TIRODI GNEISSIC COMPLEX Gp.,ARCHAEAN,11.891559280352451
21.835,79.71,TIRODI GNEISSIC COMPLEX,TIRODI GNEISSIC COMPLEX Gp.,ARCHAEAN,12.814222328608171
21.835,79.725,TIRODI GNEISSIC COMPLEX,TIRODI GNEISSIC COMPLEX Gp.,ARCHAEAN,13.317878783359706
21.835,79.74,TIRODI GNEISSIC COMPLEX,TIRODI GNEISSIC COMPLEX Gp.,ARCHAEAN,13.130725786227845
21.835,79.755,TIRODI GNEISSIC COMPLEX,TIRODI GNEISSIC COMPLEX Gp.,ARCHAEAN,11.836403506057588
21.835,79.77,TIRODI GNEISSIC COMPLEX,TIRODI GNEISSIC COMPLEX Gp.,ARCHAEAN,10.3510072769142
21.835,79.785,TIRODI GNEISSIC COMPLEX,TIRODI GNEISSIC COMPLEX Gp.,ARCHAEAN,8.886840283831157
21.835,79.8,TIRODI GNEISSIC COMPLEX,TIRODI GNEISSIC COMPLEX Gp.,ARCHAEAN,7.437098524035711
21.835,79.815,TIRODI GNEISSIC COMPLEX,TIRODI GNEISSIC COMPLEX Gp.,ARCHAEAN,6.037381819575686
21.835,79.83,TIRODI GNEISSIC COMPLEX,TIRODI GNEISSIC COMPLEX Gp.,ARCHAEAN,4.73228956930056
21.835,79.845,TIRODI GNEISSIC COMPLEX,TIRODI GNEISSIC COMPLEX Gp.,ARCHAEAN,3.587307197097502
21.835,79.86,TIRODI GNEISSIC COMPLEX,TIRODI GNEISSIC COMPLEX Gp.,ARCHAEAN,2.7426567927419807
21.835,79.875,TIRODI GNEISSIC COMPLEX,TIRODI GNEISSIC COMPLEX Gp.,ARCHAEAN,2.405278586935548
21.835,79.89,TIRODI GNEISSIC COMPLEX,TIRODI GNEISSIC COMPLEX Gp.,ARCHAEAN,2.4335519333472444
21.835,79.905,TIRODI GNEISSIC COMPLEX,TIRODI GNEISSIC COMPLEX Gp.,ARCHAEAN,2.2107668199322124
21.835,79.92,TIRODI GNEISSIC COMPLEX,TIRODI GNEISSIC COMPLEX Gp.,ARCHAEAN,2.084859458013265
21.835,79.935,TIRODI GNEISSIC COMPLEX,TIRODI GNEISSIC COMPLEX Gp.,ARCHAEAN,0.6603867858354657
21.835,79.95,SAUSAR,"SAUSAR Gp.(MANSAR, JUNEWANI, SITASAONGI, LOHANGI , BICHUA Fm.)",PALAEOPROTEROZOIC,0.7661300836977398
21.835,79.965,SAUSAR,"SAUSAR Gp.(MANSAR, JUNEWANI, SITASAONGI, LOHANGI , BICHUA Fm.)",PALAEOPROTEROZOIC,0.02192331669681445
21.835,79.98,TIRODI GNEISSIC COMPLEX,TIRODI GNEISSIC COMPLEX Gp.,ARCHAEAN,1.5138132936563966
21.835,79.995,TIRODI GNEISSIC COMPLEX,TIRODI GNEISSIC COMPLEX Gp.,ARCHAEAN,0.8107422868582598
21.835,80.01,SAUSAR,"SAUSAR Gp.(MANSAR, JUNEWANI, SITASAONGI, LOHANGI , BICHUA Fm.)",PALAEOPROTEROZOIC,0.7388745607060178
21.835,80.025,SAUSAR,"SAUSAR Gp.(MANSAR, JUNEWANI, SITASAONGI, LOHANGI , BICHUA Fm.)",PALAEOPROTEROZOIC,1.7699850552900749
21.835,80.04,SAUSAR,"SAUSAR Gp.(MANSAR, JUNEWANI, SITASAONGI, LOHANGI , BICHUA Fm.)",PALAEOPROTEROZOIC,1.9508429097475817
21.835,80.055,SAUSAR,"SAUSAR Gp.(MANSAR, JUNEWANI, SITASAONGI, LOHANGI , BICHUA Fm.)",PALAEOPROTEROZOIC,2.9787056879103258
21.835,80.07,SAUSAR,"SAUSAR Gp.(MANSAR, JUNEWANI, SITASAONGI, LOHANGI , BICHUA Fm.)",PALAEOPROTEROZOIC,3.677226840589729
21.835,80.085,SAUSAR,"SAUSAR Gp.(MANSAR, JUNEWANI, SITASAONGI, LOHANGI , BICHUA Fm.)",PALAEOPROTEROZOIC,3.778154396007004
21.835,80.1,SAUSAR,"SAUSAR Gp.(MANSAR, JUNEWANI, SITASAONGI, LOHANGI , BICHUA Fm.)",PALAEOPROTEROZOIC,4.396151716471573
21.835,80.115,SAUSAR,"SAUSAR Gp.(MANSAR, JUNEWANI, SITASAONGI, LOHANGI , BICHUA Fm.)",PALAEOPROTEROZOIC,5.402119004765061
21.835,80.13,SAUSAR,"SAUSAR Gp.(MANSAR, JUNEWANI, SITASAONGI, LOHANGI , BICHUA Fm.)",PALAEOPROTEROZOIC,4.651166534231921
21.835,80.145,SAUSAR,"SAUSAR Gp.(MANSAR, JUNEWANI, SITASAONGI, LOHANGI , BICHUA Fm.)",PALAEOPROTEROZOIC,3.6477431536203855
21.835,80.16,SAUSAR,"SAUSAR Gp.(MANSAR, JUNEWANI, SITASAONGI, LOHANGI , BICHUA Fm.)",PALAEOPROTEROZOIC,2.8407236989974685
21.835,80.175,SAUSAR,"SAUSAR Gp.(MANSAR, JUNEWANI, SITASAONGI, LOHANGI , BICHUA Fm.)",PALAEOPROTEROZOIC,2.3348985561852342
21.835,80.19,SAUSAR,"SAUSAR Gp.(MANSAR, JUNEWANI, SITASAONGI, LOHANGI , BICHUA Fm.)",PALAEOPROTEROZOIC,2.2015762858483336
21.835,80.205,SAUSAR,"SAUSAR Gp.(MANSAR, JUNEWANI, SITASAONGI, LOHANGI , BICHUA Fm.)",PALAEOPROTEROZOIC,1.5002376361188676
21.835,80.22,SAUSAR,"SAUSAR Gp.(MANSAR, JUNEWANI, SITASAONGI, LOHANGI , BICHUA Fm.)",PALAEOPROTEROZOIC,0.5643164200795541
21.835,80.235,TIRODI GNEISSIC COMPLEX,TIRODI GNEISSIC COMPLEX Gp.,ARCHAEAN,0.36904826681000275
21.835,80.25,TIRODI GNEISSIC COMPLEX,TIRODI GNEISSIC COMPLEX Gp.,ARCHAEAN,1.3832722262427943
21.835,80.265,TIRODI GNEISSIC COMPLEX,TIRODI GNEISSIC COMPLEX Gp.,ARCHAEAN,2.573337149346335
21.835,80.28,TIRODI GNEISSIC COMPLEX,TIRODI GNEISSIC COMPLEX Gp.,ARCHAEAN,3.9388474139584497
21.835,80.295,TIRODI GNEISSIC COMPLEX,TIRODI GNEISSIC COMPLEX Gp.,ARCHAEAN,5.398389904559735
21.835,80.31,TIRODI GNEISSIC COMPLEX,TIRODI GNEISSIC COMPLEX Gp.,ARCHAEAN,5.156262821274238
21.835,80.325,TIRODI GNEISSIC COMPLEX,TIRODI GNEISSIC COMPLEX Gp.,ARCHAEAN,4.978874362461872
21.835,80.34,TIRODI GNEISSIC COMPLEX,TIRODI GNEISSIC COMPLEX Gp.,ARCHAEAN,5.253735850119564
21.835,80.355,TIRODI GNEISSIC COMPLEX,TIRODI GNEISSIC COMPLEX Gp.,ARCHAEAN,5.928413606831963
21.835,80.37,TIRODI GNEISSIC COMPLEX,TIRODI GNEISSIC COMPLEX Gp.,ARCHAEAN,6.884688893855026
21.835,80.385,TIRODI GNEISSIC COMPLEX,TIRODI GNEISSIC COMPLEX Gp.,ARCHAEAN,7.899853841371325
21.835,80.4,TIRODI GNEISSIC COMPLEX,TIRODI GNEISSIC COMPLEX Gp.,ARCHAEAN,8.77233725886448
21.835,80.415,TIRODI GNEISSIC COMPLEX,TIRODI GNEISSIC COMPLEX Gp.,ARCHAEAN,9.598017263965328
21.835,80.43,TIRODI GNEISSIC COMPLEX,TIRODI GNEISSIC COMPLEX Gp.,ARCHAEAN,9.690491841362505
21.835,80.445,AMGAON GNEISSIC COMPLEX,AMGAON GNEISSIC COMPLEX Gp.,ARCHAEAN,9.297432207771143
21.835,80.46,AMGAON GNEISSIC COMPLEX,AMGAON GNEISSIC COMPLEX Gp.,ARCHAEAN,8.820294067444273
21.835,80.475,AMGAON GNEISSIC COMPLEX,AMGAON GNEISSIC COMPLEX Gp.,ARCHAEAN,8.370136203200605
21.835,80.49,AMGAON GNEISSIC COMPLEX,AMGAON GNEISSIC COMPLEX Gp.,ARCHAEAN,8.150446169578329
21.85,79.2,,DECCAN TRAP,LATE CRETACEOUS - PALAEOCENE,19.031701187167823
21.85,79.215,,DECCAN TRAP,LATE CRETACEOUS - PALAEOCENE,19.422440286665807
21.85,79.23,,DECCAN TRAP,LATE CRETACEOUS - PALAEOCENE,19.803643320931045
21.85,79.245,,DECCAN TRAP,LATE CRETACEOUS - PALAEOCENE,20.099311335603844
21.85,79.26,TIRODI GNEISSIC COMPLEX,TIRODI GNEISSIC COMPLEX Gp.,ARCHAEAN,20.426584357445222
21.85,79.275,TIRODI GNEISSIC COMPLEX,TIRODI GNEISSIC COMPLEX Gp.,ARCHAEAN,20.864141800184623
21.85,79.29,TIRODI GNEISSIC COMPLEX,TIRODI GNEISSIC COMPLEX Gp.,ARCHAEAN,21.40522155467421
21.85,79.305,TIRODI GNEISSIC COMPLEX,TIRODI GNEISSIC COMPLEX Gp.,ARCHAEAN,20.86423749840113
21.85,79.32,TIRODI GNEISSIC COMPLEX,TIRODI GNEISSIC COMPLEX Gp.,ARCHAEAN,20.32602925524957
21.85,79.335,TIRODI GNEISSIC COMPLEX,TIRODI GNEISSIC COMPLEX Gp.,ARCHAEAN,19.894284515430666
21.85,79.35,TIRODI GNEISSIC COMPLEX,TIRODI GNEISSIC COMPLEX Gp.,ARCHAEAN,19.576048622657233
21.85,79.365,TIRODI GNEISSIC COMPLEX,TIRODI GNEISSIC COMPLEX Gp.,ARCHAEAN,19.376915006586287
21.85,79.38,TIRODI GNEISSIC COMPLEX,TIRODI GNEISSIC COMPLEX Gp.,ARCHAEAN,19.300570532199046
21.85,79.395,TIRODI GNEISSIC COMPLEX,TIRODI GNEISSIC COMPLEX Gp.,ARCHAEAN,19.348468744694095
21.85,79.41,TIRODI GNEISSIC COMPLEX,TIRODI GNEISSIC COMPLEX Gp.,ARCHAEAN,19.519695050397463
21.85,79.425,TIRODI GNEISSIC COMPLEX,TIRODI GNEISSIC COMPLEX Gp.,ARCHAEAN,19.811051944727996
21.85,79.44,TIRODI GNEISSIC COMPLEX,TIRODI GNEISSIC COMPLEX Gp.,ARCHAEAN,20.217346404832742
21.85,79.455,TIRODI GNEISSIC COMPLEX,TIRODI GNEISSIC COMPLEX Gp.,ARCHAEAN,19.637983318394802
21.85,79.47,TIRODI GNEISSIC COMPLEX,TIRODI GNEISSIC COMPLEX Gp.,ARCHAEAN,18.605495068945388
21.85,79.485,TIRODI GNEISSIC COMPLEX,TIRODI GNEISSIC COMPLEX Gp.,ARCHAEAN,17.647060497162435
21.85,79.5,TIRODI GNEISSIC COMPLEX,TIRODI GNEISSIC COMPLEX Gp.,ARCHAEAN,16.71022652819867
21.85,79.515,TIRODI GNEISSIC COMPLEX,TIRODI GNEISSIC COMPLEX Gp.,ARCHAEAN,15.83044034385823
21.85,79.53,TIRODI GNEISSIC COMPLEX,TIRODI GNEISSIC COMPLEX Gp.,ARCHAEAN,15.010666616243045
21.85,79.545,TIRODI GNEISSIC COMPLEX,TIRODI GNEISSIC COMPLEX Gp.,ARCHAEAN,14.205504822389294
21.85,79.56,TIRODI GNEISSIC COMPLEX,TIRODI GNEISSIC COMPLEX Gp.,ARCHAEAN,13.464882930216804
21.85,79.575,TIRODI GNEISSIC COMPLEX,TIRODI GNEISSIC COMPLEX Gp.,ARCHAEAN,12.789690930901514
21.85,79.59,TIRODI GNEISSIC COMPLEX,TIRODI GNEISSIC COMPLEX Gp.,ARCHAEAN,12.274092556748043
21.85,79.605,TIRODI GNEISSIC COMPLEX,TIRODI GNEISSIC COMPLEX Gp.,ARCHAEAN,11.89177628729838
21.85,79.62,TIRODI GNEISSIC COMPLEX,TIRODI GNEISSIC COMPLEX Gp.,ARCHAEAN,11.635311693644796
21.85,79.635,TIRODI GNEISSIC COMPLEX,TIRODI GNEISSIC COMPLEX Gp.,ARCHAEAN,11.582341963069272
21.85,79.65,TIRODI GNEISSIC COMPLEX,TIRODI GNEISSIC COMPLEX Gp.,ARCHAEAN,11.735622893173426
21.85,79.665,TIRODI GNEISSIC COMPLEX,TIRODI GNEISSIC COMPLEX Gp.,ARCHAEAN,12.087310545864609
21.85,79.68,TIRODI GNEISSIC COMPLEX,TIRODI GNEISSIC COMPLEX Gp.,ARCHAEAN,12.620829607187327
21.85,79.695,TIRODI GNEISSIC COMPLEX,TIRODI GNEISSIC COMPLEX Gp.,ARCHAEAN,13.31433948475162
21.85,79.71,TIRODI GNEISSIC COMPLEX,TIRODI GNEISSIC COMPLEX Gp.,ARCHAEAN,14.144326214312347
21.85,79.725,TIRODI GNEISSIC COMPLEX,TIRODI GNEISSIC COMPLEX Gp.,ARCHAEAN,14.96390200197465
21.85,79.74,TIRODI GNEISSIC COMPLEX,TIRODI GNEISSIC COMPLEX Gp.,ARCHAEAN,13.825912959322938
21.85,79.755,TIRODI GNEISSIC COMPLEX,TIRODI GNEISSIC COMPLEX Gp.,ARCHAEAN,12.372681320734502
21.85,79.77,TIRODI GNEISSIC COMPLEX,TIRODI GNEISSIC COMPLEX Gp.,ARCHAEAN,10.945987811532758
21.85,79.785,TIRODI GNEISSIC COMPLEX,TIRODI GNEISSIC COMPLEX Gp.,ARCHAEAN,9.557723969444172
21.85,79.8,TIRODI GNEISSIC COMPLEX,TIRODI GNEISSIC COMPLEX Gp.,ARCHAEAN,8.227366406210706
21.85,79.815,TIRODI GNEISSIC COMPLEX,TIRODI GNEISSIC COMPLEX Gp.,ARCHAEAN,6.988065589853463
21.85,79.83,TIRODI GNEISSIC COMPLEX,TIRODI GNEISSIC COMPLEX Gp.,ARCHAEAN,5.86507111057931
21.85,79.845,TIRODI GNEISSIC COMPLEX,TIRODI GNEISSIC COMPLEX Gp.,ARCHAEAN,4.951870825858771
21.85,79.86,TIRODI GNEISSIC COMPLEX,TIRODI GNEISSIC COMPLEX Gp.,ARCHAEAN,3.8946107666154792
21.85,79.875,TIRODI GNEISSIC COMPLEX,TIRODI GNEISSIC COMPLEX Gp.,ARCHAEAN,2.4096755039543516
21.85,79.89,TIRODI GNEISSIC COMPLEX,TIRODI GNEISSIC COMPLEX Gp.,ARCHAEAN,1.1176364549221176
21.85,79.905,TIRODI GNEISSIC COMPLEX,TIRODI GNEISSIC COMPLEX Gp.,ARCHAEAN,0.6641893756263696
21.85,79.92,TIRODI GNEISSIC COMPLEX,TIRODI GNEISSIC COMPLEX Gp.,ARCHAEAN,1.1803169641674942
21.85,79.935,SAUSAR,"SAUSAR Gp.(MANSAR, JUNEWANI, SITASAONGI, LOHANGI , BICHUA Fm.)",PALAEOPROTEROZOIC,0.004778778213193871
21.85,79.95,SAUSAR,"SAUSAR Gp.(MANSAR, JUNEWANI, SITASAONGI, LOHANGI , BICHUA Fm.)",PALAEOPROTEROZOIC,1.4291321647853645
21.85,79.965,TIRODI GNEISSIC COMPLEX,TIRODI GNEISSIC COMPLEX Gp.,ARCHAEAN,0.1035988407468442
21.85,79.98,TIRODI GNEISSIC COMPLEX,TIRODI GNEISSIC COMPLEX Gp.,ARCHAEAN,1.3665368627929886
21.85,79.995,TIRODI GNEISSIC COMPLEX,TIRODI GNEISSIC COMPLEX Gp.,ARCHAEAN,0.8705654972883095
21.85,80.01,SAUSAR,"SAUSAR Gp.(MANSAR, JUNEWANI, SITASAONGI, LOHANGI , BICHUA Fm.)",PALAEOPROTEROZOIC,0.675267382546172
21.85,80.025,SAUSAR,"SAUSAR Gp.(MANSAR, JUNEWANI, SITASAONGI, LOHANGI , BICHUA Fm.)",PALAEOPROTEROZOIC,2.2211002623821163
21.85,80.04,SAUSAR,"SAUSAR Gp.(MANSAR, JUNEWANI, SITASAONGI, LOHANGI , BICHUA Fm.)",PALAEOPROTEROZOIC,3.5093147035246823
21.85,80.055,SAUSAR,"SAUSAR Gp.(MANSAR, JUNEWANI, SITASAONGI, LOHANGI , BICHUA Fm.)",PALAEOPROTEROZOIC,4.196347596321583
21.85,80.07,SAUSAR,"SAUSAR Gp.(MANSAR, JUNEWANI, SITASAONGI, LOHANGI , BICHUA Fm.)",PALAEOPROTEROZOIC,5.253861757677333
21.85,80.085,SAUSAR,"SAUSAR Gp.(MANSAR, JUNEWANI, SITASAONGI, LOHANGI , BICHUA Fm.)",PALAEOPROTEROZOIC,5.416844769301881
21.85,80.1,SAUSAR,"SAUSAR Gp.(MANSAR, JUNEWANI, SITASAONGI, LOHANGI , BICHUA Fm.)",PALAEOPROTEROZOIC,5.865466332456444
21.85,80.115,SAUSAR,"SAUSAR Gp.(MANSAR, JUNEWANI, SITASAONGI, LOHANGI , BICHUA Fm.)",PALAEOPROTEROZOIC,6.652696194489355
21.85,80.13,SAUSAR,"SAUSAR Gp.(MANSAR, JUNEWANI, SITASAONGI, LOHANGI , BICHUA Fm.)",PALAEOPROTEROZOIC,5.906525212620127
21.85,80.145,SAUSAR,"SAUSAR Gp.(MANSAR, JUNEWANI, SITASAONGI, LOHANGI , BICHUA Fm.)",PALAEOPROTEROZOIC,5.048911266390175
21.85,80.16,SAUSAR,"SAUSAR Gp.(MANSAR, JUNEWANI, SITASAONGI, LOHANGI , BICHUA Fm.)",PALAEOPROTEROZOIC,4.367503378600113
21.85,80.175,SAUSAR,"SAUSAR Gp.(MANSAR, JUNEWANI, SITASAONGI, LOHANGI , BICHUA Fm.)",PALAEOPROTEROZOIC,3.9841420124193396
21.85,80.19,SAUSAR,"SAUSAR Gp.(MANSAR, JUNEWANI, SITASAONGI, LOHANGI , BICHUA Fm.)",PALAEOPROTEROZOIC,3.7778466745502524
21.85,80.205,SAUSAR,"SAUSAR Gp.(MANSAR, JUNEWANI, SITASAONGI, LOHANGI , BICHUA Fm.)",PALAEOPROTEROZOIC,2.8245103744911724
21.85,80.22,SAUSAR,"SAUSAR Gp.(MANSAR, JUNEWANI, SITASAONGI, LOHANGI , BICHUA Fm.)",PALAEOPROTEROZOIC,1.9141555291893608
21.85,80.235,SAUSAR,"SAUSAR Gp.(MANSAR, JUNEWANI, SITASAONGI, LOHANGI , BICHUA Fm.)",PALAEOPROTEROZOIC,0.895287510405133
21.85,80.25,TIRODI GNEISSIC COMPLEX,TIRODI GNEISSIC COMPLEX Gp.,ARCHAEAN,0.4605873640661972
21.85,80.265,TIRODI GNEISSIC COMPLEX,TIRODI GNEISSIC COMPLEX Gp.,ARCHAEAN,1.9435298766363829
21.85,80.28,TIRODI GNEISSIC COMPLEX,TIRODI GNEISSIC COMPLEX Gp.,ARCHAEAN,3.4708283287818316
21.85,80.295,TIRODI GNEISSIC COMPLEX,TIRODI GNEISSIC COMPLEX Gp.,ARCHAEAN,4.371909973918574
21.85,80.31,TIRODI GNEISSIC COMPLEX,TIRODI GNEISSIC COMPLEX Gp.,ARCHAEAN,3.5644098649938756
21.85,80.325,TIRODI GNEISSIC COMPLEX,TIRODI GNEISSIC COMPLEX Gp.,ARCHAEAN,3.309960391797217
21.85,80.34,TIRODI GNEISSIC COMPLEX,TIRODI GNEISSIC COMPLEX Gp.,ARCHAEAN,3.7104983544258032
21.85,80.355,TIRODI GNEISSIC COMPLEX,TIRODI GNEISSIC COMPLEX Gp.,ARCHAEAN,4.606265231385003
21.85,80.37,TIRODI GNEISSIC COMPLEX,TIRODI GNEISSIC COMPLEX Gp.,ARCHAEAN,5.665043477405857
21.85,80.385,TIRODI GNEISSIC COMPLEX,TIRODI GNEISSIC COMPLEX Gp.,ARCHAEAN,6.5214702824931265
21.85,80.4,TIRODI GNEISSIC COMPLEX,TIRODI GNEISSIC COMPLEX Gp.,ARCHAEAN,7.41998367883257
21.85,80.415,TIRODI GNEISSIC COMPLEX,TIRODI GNEISSIC COMPLEX Gp.,ARCHAEAN,7.98091434057442
21.85,80.43,TIRODI GNEISSIC COMPLEX,TIRODI GNEISSIC COMPLEX Gp.,ARCHAEAN,8.3307828336738
21.85,80.445,TIRODI GNEISSIC COMPLEX,TIRODI GNEISSIC COMPLEX Gp.,ARCHAEAN,8.925791886645142
21.85,80.46,AMGAON GNEISSIC COMPLEX,AMGAON GNEISSIC COMPLEX Gp.,ARCHAEAN,9.733530252979472
21.85,80.475,AMGAON GNEISSIC COMPLEX,AMGAON GNEISSIC COMPLEX Gp.,ARCHAEAN,10.001686808421686
21.85,80.49,AMGAON GNEISSIC COMPLEX,AMGAON GNEISSIC COMPLEX Gp.,ARCHAEAN,9.818609543085206
21.865,79.2,,DECCAN TRAP,LATE CRETACEOUS - PALAEOCENE,20.648914629315097
21.865,79.215,,DECCAN TRAP,LATE CRETACEOUS - PALAEOCENE,21.041626641617142
21.865,79.23,,DECCAN TRAP,LATE CRETACEOUS - PALAEOCENE,21.42345829803172
21.865,79.245,,DECCAN TRAP,LATE CRETACEOUS - PALAEOCENE,21.742161563927922
21.865,79.26,TIRODI GNEISSIC COMPLEX,TIRODI GNEISSIC COMPLEX Gp.,ARCHAEAN,22.04822068283989
21.865,79.275,TIRODI GNEISSIC COMPLEX,TIRODI GNEISSIC COMPLEX Gp.,ARCHAEAN,22.454115558624192
21.865,79.29,TIRODI GNEISSIC COMPLEX,TIRODI GNEISSIC COMPLEX Gp.,ARCHAEAN,22.957647942574454
21.865,79.305,TIRODI GNEISSIC COMPLEX,TIRODI GNEISSIC COMPLEX Gp.,ARCHAEAN,22.41751314601905
21.865,79.32,TIRODI GNEISSIC COMPLEX,TIRODI GNEISSIC COMPLEX Gp.,ARCHAEAN,21.917586780882896
21.865,79.335,TIRODI GNEISSIC COMPLEX,TIRODI GNEISSIC COMPLEX Gp.,ARCHAEAN,21.517884381077256
21.865,79.35,TIRODI GNEISSIC COMPLEX,TIRODI GNEISSIC COMPLEX Gp.,ARCHAEAN,21.224069107303336
21.865,79.365,TIRODI GNEISSIC COMPLEX,TIRODI GNEISSIC COMPLEX Gp.,ARCHAEAN,21.040577320978404
21.865,79.38,TIRODI GNEISSIC COMPLEX,TIRODI GNEISSIC COMPLEX Gp.,ARCHAEAN,20.970305239143688
21.865,79.395,TIRODI GNEISSIC COMPLEX,TIRODI GNEISSIC COMPLEX Gp.,ARCHAEAN,21.014388712021756
21.865,79.41,TIRODI GNEISSIC COMPLEX,TIRODI GNEISSIC COMPLEX Gp.,ARCHAEAN,21.172113436106017
21.865,79.425,TIRODI GNEISSIC COMPLEX,TIRODI GNEISSIC COMPLEX Gp.,ARCHAEAN,21.440971644425023
21.865,79.44,TIRODI GNEISSIC COMPLEX,TIRODI GNEISSIC COMPLEX Gp.,ARCHAEAN,21.816855090893338
21.865,79.455,TIRODI GNEISSIC COMPLEX,TIRODI GNEISSIC COMPLEX Gp.,ARCHAEAN,20.88028004781469
21.865,79.47,TIRODI GNEISSIC COMPLEX,TIRODI GNEISSIC COMPLEX Gp.,ARCHAEAN,19.912519814306833
21.865,79.485,TIRODI GNEISSIC COMPLEX,TIRODI GNEISSIC COMPLEX Gp.,ARCHAEAN,18.976486604717483
21.865,79.5,TIRODI GNEISSIC COMPLEX,TIRODI GNEISSIC COMPLEX Gp.,ARCHAEAN,18.07432443626431
21.865,79.515,TIRODI GNEISSIC COMPLEX,TIRODI GNEISSIC COMPLEX Gp.,ARCHAEAN,17.263890797945162
21.865,79.53,TIRODI GNEISSIC COMPLEX,TIRODI GNEISSIC COMPLEX Gp.,ARCHAEAN,16.42315735355087
21.865,79.545,TIRODI GNEISSIC COMPLEX,TIRODI GNEISSIC COMPLEX Gp.,ARCHAEAN,15.68441162851432
21.865,79.56,TIRODI GNEISSIC COMPLEX,TIRODI GNEISSIC COMPLEX Gp.,ARCHAEAN,14.949066508787368
21.865,79.575,TIRODI GNEISSIC COMPLEX,TIRODI GNEISSIC COMPLEX Gp.,ARCHAEAN,14.344038278320527
21.865,79.59,TIRODI GNEISSIC COMPLEX,TIRODI GNEISSIC COMPLEX Gp.,ARCHAEAN,13.886371090749535
21.865,79.605,TIRODI GNEISSIC COMPLEX,TIRODI GNEISSIC COMPLEX Gp.,ARCHAEAN,13.522602805646624
21.865,79.62,TIRODI GNEISSIC COMPLEX,TIRODI GNEISSIC COMPLEX Gp.,ARCHAEAN,13.29767606637332
21.865,79.635,TIRODI GNEISSIC COMPLEX,TIRODI GNEISSIC COMPLEX Gp.,ARCHAEAN,13.251362729448514
21.865,79.65,TIRODI GNEISSIC COMPLEX,TIRODI GNEISSIC COMPLEX Gp.,ARCHAEAN,13.385516908320728
21.865,79.665,TIRODI GNEISSIC COMPLEX,TIRODI GNEISSIC COMPLEX Gp.,ARCHAEAN,13.694836067392941
21.865,79.68,TIRODI GNEISSIC COMPLEX,TIRODI GNEISSIC COMPLEX Gp.,ARCHAEAN,14.167851997282318
21.865,79.695,TIRODI GNEISSIC COMPLEX,TIRODI GNEISSIC COMPLEX Gp.,ARCHAEAN,14.788865704147524
21.865,79.71,TIRODI GNEISSIC COMPLEX,TIRODI GNEISSIC COMPLEX Gp.,ARCHAEAN,15.54014448800407
21.865,79.725,TIRODI GNEISSIC COMPLEX,TIRODI GNEISSIC COMPLEX Gp.,ARCHAEAN,15.873032967290056
21.865,79.74,TIRODI GNEISSIC COMPLEX,TIRODI GNEISSIC COMPLEX Gp.,ARCHAEAN,14.4597898294315
21.865,79.755,TIRODI GNEISSIC COMPLEX,TIRODI GNEISSIC COMPLEX Gp.,ARCHAEAN,13.077495614080236
21.865,79.77,TIRODI GNEISSIC COMPLEX,TIRODI GNEISSIC COMPLEX Gp.,ARCHAEAN,11.7370901187453
21.865,79.785,TIRODI GNEISSIC COMPLEX,TIRODI GNEISSIC COMPLEX Gp.,ARCHAEAN,10.454697540776243
21.865,79.8,TIRODI GNEISSIC COMPLEX,TIRODI GNEISSIC COMPLEX Gp.,ARCHAEAN,9.254465958497045
21.865,79.815,TIRODI GNEISSIC COMPLEX,TIRODI GNEISSIC COMPLEX Gp.,ARCHAEAN,8.142770744974214
21.865,79.83,TIRODI GNEISSIC COMPLEX,TIRODI GNEISSIC COMPLEX Gp.,ARCHAEAN,6.93968194858864
21.865,79.845,TIRODI GNEISSIC COMPLEX,TIRODI GNEISSIC COMPLEX Gp.,ARCHAEAN,5.403114656461813
21.865,79.86,TIRODI GNEISSIC COMPLEX,TIRODI GNEISSIC COMPLEX Gp.,ARCHAEAN,3.8770006098118475
21.865,79.875,TIRODI GNEISSIC COMPLEX,TIRODI GNEISSIC COMPLEX Gp.,ARCHAEAN,2.381521102235702
21.865,79.89,TIRODI GNEISSIC COMPLEX,TIRODI GNEISSIC COMPLEX Gp.,ARCHAEAN,1.022582525165441
21.865,79.905,TIRODI GNEISSIC COMPLEX,TIRODI GNEISSIC COMPLEX Gp.,ARCHAEAN,0.027768028312426262
21.865,79.92,SAUSAR,"SAUSAR Gp.(MANSAR, JUNEWANI, SITASAONGI, LOHANGI , BICHUA Fm.)",PALAEOPROTEROZOIC,0.1373532230146594
21.865,79.935,SAUSAR,"SAUSAR Gp.(MANSAR, JUNEWANI, SITASAONGI, LOHANGI , BICHUA Fm.)",PALAEOPROTEROZOIC,0.8915166921303653
21.865,79.95,SAUSAR,"SAUSAR Gp.(MANSAR, JUNEWANI, SITASAONGI, LOHANGI , BICHUA Fm.)",PALAEOPROTEROZOIC,1.9792372573514823
21.865,79.965,SAUSAR,"SAUSAR Gp.(MANSAR, JUNEWANI, SITASAONGI, LOHANGI , BICHUA Fm.)",PALAEOPROTEROZOIC,0.43020357638068984
21.865,79.98,TIRODI GNEISSIC COMPLEX,TIRODI GNEISSIC COMPLEX Gp.,ARCHAEAN,1.0264752161247062
21.865,79.995,TIRODI GNEISSIC COMPLEX,TIRODI GNEISSIC COMPLEX Gp.,ARCHAEAN,1.0026130558288955
21.865,80.01,SAUSAR,"SAUSAR Gp.(MANSAR, JUNEWANI, SITASAONGI, LOHANGI , BICHUA Fm.)",PALAEOPROTEROZOIC,0.527361730619014
21.865,80.025,SAUSAR,"SAUSAR Gp.(MANSAR, JUNEWANI, SITASAONGI, LOHANGI , BICHUA Fm.)",PALAEOPROTEROZOIC,2.076692049044647
21.865,80.04,SAUSAR,"SAUSAR Gp.(MANSAR, JUNEWANI, SITASAONGI, LOHANGI , BICHUA Fm.)",PALAEOPROTEROZOIC,3.6263221909411976
21.865,80.055,SAUSAR,"SAUSAR Gp.(MANSAR, JUNEWANI, SITASAONGI, LOHANGI , BICHUA Fm.)",PALAEOPROTEROZOIC,5.175982872147418
21.865,80.07,SAUSAR,"SAUSAR Gp.(MANSAR, JUNEWANI, SITASAONGI, LOHANGI , BICHUA Fm.)",PALAEOPROTEROZOIC,6.464529517729347
21.865,80.085,SAUSAR,"SAUSAR Gp.(MANSAR, JUNEWANI, SITASAONGI, LOHANGI , BICHUA Fm.)",PALAEOPROTEROZOIC,7.066138738501456
21.865,80.1,SAUSAR,"SAUSAR Gp.(MANSAR, JUNEWANI, SITASAONGI, LOHANGI , BICHUA Fm.)",PALAEOPROTEROZOIC,7.420087876508872
21.865,80.115,SAUSAR,"SAUSAR Gp.(MANSAR, JUNEWANI, SITASAONGI, LOHANGI , BICHUA Fm.)",PALAEOPROTEROZOIC,8.056693233084971
21.865,80.13,SAUSAR,"SAUSAR Gp.(MANSAR, JUNEWANI, SITASAONGI, LOHANGI , BICHUA Fm.)",PALAEOPROTEROZOIC,7.285449669648433
21.865,80.145,SAUSAR,"SAUSAR Gp.(MANSAR, JUNEWANI, SITASAONGI, LOHANGI , BICHUA Fm.)",PALAEOPROTEROZOIC,6.519488942834631
21.865,80.16,SAUSAR,"SAUSAR Gp.(MANSAR, JUNEWANI, SITASAONGI, LOHANGI , BICHUA Fm.)",PALAEOPROTEROZOIC,5.943076184616332
21.865,80.175,SAUSAR,"SAUSAR Gp.(MANSAR, JUNEWANI, SITASAONGI, LOHANGI , BICHUA Fm.)",PALAEOPROTEROZOIC,5.631353319271981
21.865,80.19,SAUSAR,"SAUSAR Gp.(MANSAR, JUNEWANI, SITASAONGI, LOHANGI , BICHUA Fm.)",PALAEOPROTEROZOIC,5.0745843684723635
21.865,80.205,SAUSAR,"SAUSAR Gp.(MANSAR, JUNEWANI, SITASAONGI, LOHANGI , BICHUA Fm.)",PALAEOPROTEROZOIC,4.19718624208765
21.865,80.22,SAUSAR,"SAUSAR Gp.(MANSAR, JUNEWANI, SITASAONGI, LOHANGI , BICHUA Fm.)",PALAEOPROTEROZOIC,2.665115340350444
21.865,80.235,SAUSAR,"SAUSAR Gp.(MANSAR, JUNEWANI, SITASAONGI, LOHANGI , BICHUA Fm.)",PALAEOPROTEROZOIC,1.124187360857801
21.865,80.25,TIRODI GNEISSIC COMPLEX,TIRODI GNEISSIC COMPLEX Gp.,ARCHAEAN,0.41319674884432217
21.865,80.265,TIRODI GNEISSIC COMPLEX,TIRODI GNEISSIC COMPLEX Gp.,ARCHAEAN,1.9490404841403688
21.865,80.28,TIRODI GNEISSIC COMPLEX,TIRODI GNEISSIC COMPLEX Gp.,ARCHAEAN,2.823030735107569
21.865,80.295,TIRODI GNEISSIC COMPLEX,TIRODI GNEISSIC COMPLEX Gp.,ARCHAEAN,2.9969008624168887
21.865,80.31,TIRODI GNEISSIC COMPLEX,TIRODI GNEISSIC COMPLEX Gp.,ARCHAEAN,2.097487300815185
21.865,80.325,TIRODI GNEISSIC COMPLEX,TIRODI GNEISSIC COMPLEX Gp.,ARCHAEAN,1.6428480609424179
21.865,80.34,TIRODI GNEISSIC COMPLEX,TIRODI GNEISSIC COMPLEX Gp.,ARCHAEAN,2.3283143735013354
21.865,80.355,TIRODI GNEISSIC COMPLEX,TIRODI GNEISSIC COMPLEX Gp.,ARCHAEAN,3.4861454613823972
21.865,80.37,TIRODI GNEISSIC COMPLEX,TIRODI GNEISSIC COMPLEX Gp.,ARCHAEAN,4.26941496724142
21.865,80.385,TIRODI GNEISSIC COMPLEX,TIRODI GNEISSIC COMPLEX Gp.,ARCHAEAN,5.153735052882896
21.865,80.4,TIRODI GNEISSIC COMPLEX,TIRODI GNEISSIC COMPLEX Gp.,ARCHAEAN,5.929481106552373
21.865,80.415,TIRODI GNEISSIC COMPLEX,TIRODI GNEISSIC COMPLEX Gp.,ARCHAEAN,6.334417428479516
21.865,80.43,TIRODI GNEISSIC COMPLEX,TIRODI GNEISSIC COMPLEX Gp.,ARCHAEAN,6.759398276201362
21.865,80.445,TIRODI GNEISSIC COMPLEX,TIRODI GNEISSIC COMPLEX Gp.,ARCHAEAN,7.480315960586229
21.865,80.46,TIRODI GNEISSIC COMPLEX,TIRODI GNEISSIC COMPLEX Gp.,ARCHAEAN,8.427562635685314
21.865,80.475,AMGAON GNEISSIC COMPLEX,AMGAON GNEISSIC COMPLEX Gp.,ARCHAEAN,9.244196570697818
21.865,80.49,AMGAON GNEISSIC COMPLEX,AMGAON GNEISSIC COMPLEX Gp.,ARCHAEAN,10.174052081750899
21.88,79.2,,DECCAN TRAP,LATE CRETACEOUS - PALAEOCENE,22.273889690519432
21.88,79.215,,DECCAN TRAP,LATE CRETACEOUS - PALAEOCENE,22.66079739128834
21.88,79.23,,DECCAN TRAP,LATE CRETACEOUS - PALAEOCENE,23.04262721388402
21.88,79.245,,DECCAN TRAP,LATE CRETACEOUS - PALAEOCENE,23.38135948420584
21.88,79.26,,DECCAN TRAP,LATE CRETACEOUS - PALAEOCENE,23.676553448295202
21.88,79.275,TIRODI GNEISSIC COMPLEX,TIRODI GNEISSIC COMPLEX Gp.,ARCHAEAN,24.054909208889732
21.88,79.29,TIRODI GNEISSIC COMPLEX,TIRODI GNEISSIC COMPLEX Gp.,ARCHAEAN,24.525499887709213
21.88,79.305,TIRODI GNEISSIC COMPLEX,TIRODI GNEISSIC COMPLEX Gp.,ARCHAEAN,23.986451212493666
21.88,79.32,TIRODI GNEISSIC COMPLEX,TIRODI GNEISSIC COMPLEX Gp.,ARCHAEAN,23.51999606109525
21.88,79.335,TIRODI GNEISSIC COMPLEX,TIRODI GNEISSIC COMPLEX Gp.,ARCHAEAN,23.14805826618418
21.88,79.35,TIRODI GNEISSIC COMPLEX,TIRODI GNEISSIC COMPLEX Gp.,ARCHAEAN,22.87524867868166
21.88,79.365,TIRODI GNEISSIC COMPLEX,TIRODI GNEISSIC COMPLEX Gp.,ARCHAEAN,22.705140751921018
21.88,79.38,TIRODI GNEISSIC COMPLEX,TIRODI GNEISSIC COMPLEX Gp.,ARCHAEAN,22.640049577103614
21.88,79.395,TIRODI GNEISSIC COMPLEX,TIRODI GNEISSIC COMPLEX Gp.,ARCHAEAN,22.6808793255249
21.88,79.41,TIRODI GNEISSIC COMPLEX,TIRODI GNEISSIC COMPLEX Gp.,ARCHAEAN,22.827061636147647
21.88,79.425,TIRODI GNEISSIC COMPLEX,TIRODI GNEISSIC COMPLEX Gp.,ARCHAEAN,23.076594478780713
21.88,79.44,TIRODI GNEISSIC COMPLEX,TIRODI GNEISSIC COMPLEX Gp.,ARCHAEAN,23.1553365404727
21.88,79.455,TIRODI GNEISSIC COMPLEX,TIRODI GNEISSIC COMPLEX Gp.,ARCHAEAN,22.17877913726263
21.88,79.47,TIRODI GNEISSIC COMPLEX,TIRODI GNEISSIC COMPLEX Gp.,ARCHAEAN,21.244924880444987
21.88,79.485,TIRODI GNEISSIC COMPLEX,TIRODI GNEISSIC COMPLEX Gp.,ARCHAEAN,20.32550133363741
21.88,79.5,TIRODI GNEISSIC COMPLEX,TIRODI GNEISSIC COMPLEX Gp.,ARCHAEAN,19.486076813658247
21.88,79.515,TIRODI GNEISSIC COMPLEX,TIRODI GNEISSIC COMPLEX Gp.,ARCHAEAN,18.655090840757733
21.88,79.53,TIRODI GNEISSIC COMPLEX,TIRODI GNEISSIC COMPLEX Gp.,ARCHAEAN,17.8800598067075
21.88,79.545,TIRODI GNEISSIC COMPLEX,TIRODI GNEISSIC COMPLEX Gp.,ARCHAEAN,17.138961758667456
21.88,79.56,TIRODI GNEISSIC COMPLEX,TIRODI GNEISSIC COMPLEX Gp.,ARCHAEAN,16.468836202815364
21.88,79.575,TIRODI GNEISSIC COMPLEX,TIRODI GNEISSIC COMPLEX Gp.,ARCHAEAN,15.921781791665355
21.88,79.59,TIRODI GNEISSIC COMPLEX,TIRODI GNEISSIC COMPLEX Gp.,ARCHAEAN,15.510825858212664
21.88,79.605,TIRODI GNEISSIC COMPLEX,TIRODI GNEISSIC COMPLEX Gp.,ARCHAEAN,15.161915882888957
21.88,79.62,TIRODI GNEISSIC COMPLEX,TIRODI GNEISSIC COMPLEX Gp.,ARCHAEAN,14.961696536365425
21.88,79.635,TIRODI GNEISSIC COMPLEX,TIRODI GNEISSIC COMPLEX Gp.,ARCHAEAN,14.920557867885694
21.88,79.65,TIRODI GNEISSIC COMPLEX,TIRODI GNEISSIC COMPLEX Gp.,ARCHAEAN,15.039805343411535
21.88,79.665,TIRODI GNEISSIC COMPLEX,TIRODI GNEISSIC COMPLEX Gp.,ARCHAEAN,15.315693137518867
21.88,79.68,TIRODI GNEISSIC COMPLEX,TIRODI GNEISSIC COMPLEX Gp.,ARCHAEAN,15.73998671008723
21.88,79.695,TIRODI GNEISSIC COMPLEX,TIRODI GNEISSIC COMPLEX Gp.,ARCHAEAN,16.30110182843268
21.88,79.71,TIRODI GNEISSIC COMPLEX,TIRODI GNEISSIC COMPLEX Gp.,ARCHAEAN,16.98548420988647
21.88,79.725,TIRODI GNEISSIC COMPLEX,TIRODI GNEISSIC COMPLEX Gp.,ARCHAEAN,16.596694347185952
21.88,79.74,TIRODI GNEISSIC COMPLEX,TIRODI GNEISSIC COMPLEX Gp.,ARCHAEAN,15.250954696004557
21.88,79.755,TIRODI GNEISSIC COMPLEX,TIRODI GNEISSIC COMPLEX Gp.,ARCHAEAN,13.947580036027778
21.88,79.77,TIRODI GNEISSIC COMPLEX,TIRODI GNEISSIC COMPLEX Gp.,ARCHAEAN,12.699620955735872
21.88,79.785,TIRODI GNEISSIC COMPLEX,TIRODI GNEISSIC COMPLEX Gp.,ARCHAEAN,11.523263933232467
21.88,79.8,TIRODI GNEISSIC COMPLEX,TIRODI GNEISSIC COMPLEX Gp.,ARCHAEAN,10.291791423357141
21.88,79.815,TIRODI GNEISSIC COMPLEX,TIRODI GNEISSIC COMPLEX Gp.,ARCHAEAN,8.795191384306476
21.88,79.83,TIRODI GNEISSIC COMPLEX,TIRODI GNEISSIC COMPLEX Gp.,ARCHAEAN,7.320643831482167
21.88,79.845,TIRODI GNEISSIC COMPLEX,TIRODI GNEISSIC COMPLEX Gp.,ARCHAEAN,5.884749320438793
21.88,79.86,TIRODI GNEISSIC COMPLEX,TIRODI GNEISSIC COMPLEX Gp.,ARCHAEAN,4.524459841521373
21.88,79.875,TIRODI GNEISSIC COMPLEX,TIRODI GNEISSIC COMPLEX Gp.,ARCHAEAN,3.2368330174522524
21.88,79.89,TIRODI GNEISSIC COMPLEX,TIRODI GNEISSIC COMPLEX Gp.,ARCHAEAN,2.1468646493361963
21.88,79.905,TIRODI GNEISSIC COMPLEX,TIRODI GNEISSIC COMPLEX Gp.,ARCHAEAN,1.409460667505629
21.88,79.92,TIRODI GNEISSIC COMPLEX,TIRODI GNEISSIC COMPLEX Gp.,ARCHAEAN,0.6810142221602875
21.88,79.935,SAUSAR,"SAUSAR Gp.(MANSAR, JUNEWANI, SITASAONGI, LOHANGI , BICHUA Fm.)",PALAEOPROTEROZOIC,0.3613928710723729
21.88,79.95,SAUSAR,"SAUSAR Gp.(MANSAR, JUNEWANI, SITASAONGI, LOHANGI , BICHUA Fm.)",PALAEOPROTEROZOIC,1.605027250245893
21.88,79.965,SAUSAR,"SAUSAR Gp.(MANSAR, JUNEWANI, SITASAONGI, LOHANGI , BICHUA Fm.)",PALAEOPROTEROZOIC,1.1711560980712823
21.88,79.98,SAUSAR,"SAUSAR Gp.(MANSAR, JUNEWANI, SITASAONGI, LOHANGI , BICHUA Fm.)",PALAEOPROTEROZOIC,0.17285385648959753
21.88,79.995,TIRODI GNEISSIC COMPLEX,TIRODI GNEISSIC COMPLEX Gp.,ARCHAEAN,0.6222017734861307
21.88,80.01,SAUSAR,"SAUSAR Gp.(MANSAR, JUNEWANI, SITASAONGI, LOHANGI , BICHUA Fm.)",PALAEOPROTEROZOIC,0.4576707420650477
21.88,80.025,SAUSAR,"SAUSAR Gp.(MANSAR, JUNEWANI, SITASAONGI, LOHANGI , BICHUA Fm.)",PALAEOPROTEROZOIC,1.9460830569112975
21.88,80.04,SAUSAR,"SAUSAR Gp.(MANSAR, JUNEWANI, SITASAONGI, LOHANGI , BICHUA Fm.)",PALAEOPROTEROZOIC,3.4344953717561575
21.88,80.055,SAUSAR,"SAUSAR Gp.(MANSAR, JUNEWANI, SITASAONGI, LOHANGI , BICHUA Fm.)",PALAEOPROTEROZOIC,4.916261471868467
21.88,80.07,SAUSAR,"SAUSAR Gp.(MANSAR, JUNEWANI, SITASAONGI, LOHANGI , BICHUA Fm.)",PALAEOPROTEROZOIC,6.370645622738634
21.88,80.085,SAUSAR,"SAUSAR Gp.(MANSAR, JUNEWANI, SITASAONGI, LOHANGI , BICHUA Fm.)",PALAEOPROTEROZOIC,7.17314272022295
21.88,80.1,SAUSAR,"SAUSAR Gp.(MANSAR, JUNEWANI, SITASAONGI, LOHANGI , BICHUA Fm.)",PALAEOPROTEROZOIC,7.2355755623051685
21.88,80.115,SAUSAR,"SAUSAR Gp.(MANSAR, JUNEWANI, SITASAONGI, LOHANGI , BICHUA Fm.)",PALAEOPROTEROZOIC,7.5794737043853475
21.88,80.13,SAUSAR,"SAUSAR Gp.(MANSAR, JUNEWANI, SITASAONGI, LOHANGI , BICHUA Fm.)",PALAEOPROTEROZOIC,8.076530024596748
21.88,80.145,SAUSAR,"SAUSAR Gp.(MANSAR, JUNEWANI, SITASAONGI, LOHANGI , BICHUA Fm.)",PALAEOPROTEROZOIC,8.040021313541846
21.88,80.16,SAUSAR,"SAUSAR Gp.(MANSAR, JUNEWANI, SITASAONGI, LOHANGI , BICHUA Fm.)",PALAEOPROTEROZOIC,7.555302549868015
21.88,80.175,SAUSAR,"SAUSAR Gp.(MANSAR, JUNEWANI, SITASAONGI, LOHANGI , BICHUA Fm.)",PALAEOPROTEROZOIC,7.285925596930831
21.88,80.19,SAUSAR,"SAUSAR Gp.(MANSAR, JUNEWANI, SITASAONGI, LOHANGI , BICHUA Fm.)",PALAEOPROTEROZOIC,5.830700806112231
21.88,80.205,SAUSAR,"SAUSAR Gp.(MANSAR, JUNEWANI, SITASAONGI, LOHANGI , BICHUA Fm.)",PALAEOPROTEROZOIC,4.303693983771388
21.88,80.22,SAUSAR,"SAUSAR Gp.(MANSAR, JUNEWANI, SITASAONGI, LOHANGI , BICHUA Fm.)",PALAEOPROTEROZOIC,2.8015184735514613
21.88,80.235,SAUSAR,"SAUSAR Gp.(MANSAR, JUNEWANI, SITASAONGI, LOHANGI , BICHUA Fm.)",PALAEOPROTEROZOIC,1.3181446728707944
21.88,80.25,TIRODI GNEISSIC COMPLEX,TIRODI GNEISSIC COMPLEX Gp.,ARCHAEAN,0.09166824215962305
21.88,80.265,TIRODI GNEISSIC COMPLEX,TIRODI GNEISSIC COMPLEX Gp.,ARCHAEAN,1.0189112310807764
21.88,80.28,TIRODI GNEISSIC COMPLEX,TIRODI GNEISSIC COMPLEX Gp.,ARCHAEAN,1.195946147578074
21.88,80.295,TIRODI GNEISSIC COMPLEX,TIRODI GNEISSIC COMPLEX Gp.,ARCHAEAN,1.3400271440468734
21.88,80.31,TIRODI GNEISSIC COMPLEX,TIRODI GNEISSIC COMPLEX Gp.,ARCHAEAN,0.8735944670696693
21.88,80.325,TIRODI GNEISSIC COMPLEX,TIRODI GNEISSIC COMPLEX Gp.,ARCHAEAN,0.07520634703451043
21.88,80.34,TIRODI GNEISSIC COMPLEX,TIRODI GNEISSIC COMPLEX Gp.,ARCHAEAN,1.5249539560136334
21.88,80.355,TIRODI GNEISSIC COMPLEX,TIRODI GNEISSIC COMPLEX Gp.,ARCHAEAN,2.0141236854309086
21.88,80.37,TIRODI GNEISSIC COMPLEX,TIRODI GNEISSIC COMPLEX Gp.,ARCHAEAN,2.9058915821074534
21.88,80.385,TIRODI GNEISSIC COMPLEX,TIRODI GNEISSIC COMPLEX Gp.,ARCHAEAN,3.7808933924965342
21.88,80.4,TIRODI GNEISSIC COMPLEX,TIRODI GNEISSIC COMPLEX Gp.,ARCHAEAN,4.380296258963828
21.88,80.415,TIRODI GNEISSIC COMPLEX,TIRODI GNEISSIC COMPLEX Gp.,ARCHAEAN,4.700208548692098
21.88,80.43,TIRODI GNEISSIC COMPLEX,TIRODI GNEISSIC COMPLEX Gp.,ARCHAEAN,5.249138103572746
21.88,80.445,TIRODI GNEISSIC COMPLEX,TIRODI GNEISSIC COMPLEX Gp.,ARCHAEAN,6.149549178248448
21.88,80.46,TIRODI GNEISSIC COMPLEX,TIRODI GNEISSIC COMPLEX Gp.,ARCHAEAN,7.009385021924002
21.88,80.475,TIRODI GNEISSIC COMPLEX,TIRODI GNEISSIC COMPLEX Gp.,ARCHAEAN,7.898217215563251
21.88,80.49,AMGAON GNEISSIC COMPLEX,AMGAON GNEISSIC COMPLEX Gp.,ARCHAEAN,8.961951529779071
21.895,79.2,,DECCAN TRAP,LATE CRETACEOUS - PALAEOCENE,23.90504360609044
21.895,79.215,,DECCAN TRAP,LATE CRETACEOUS - PALAEOCENE,24.271857101809697
21.895,79.23,TIRODI GNEISSIC COMPLEX,TIRODI GNEISSIC COMPLEX Gp.,ARCHAEAN,24.66178051059678
21.895,79.245,TIRODI GNEISSIC COMPLEX,TIRODI GNEISSIC COMPLEX Gp.,ARCHAEAN,25.0205478419222
21.895,79.26,TIRODI GNEISSIC COMPLEX,TIRODI GNEISSIC COMPLEX Gp.,ARCHAEAN,25.310290244198974
21.895,79.275,,DECCAN TRAP,LATE CRETACEOUS - PALAEOCENE,25.664498195841368
21.895,79.29,TIRODI GNEISSIC COMPLEX,TIRODI GNEISSIC COMPLEX Gp.,ARCHAEAN,26.089983035259298
21.895,79.305,TIRODI GNEISSIC COMPLEX,TIRODI GNEISSIC COMPLEX Gp.,ARCHAEAN,25.56816858411055
21.895,79.32,TIRODI GNEISSIC COMPLEX,TIRODI GNEISSIC COMPLEX Gp.,ARCHAEAN,25.131181399544243
21.895,79.335,TIRODI GNEISSIC COMPLEX,TIRODI GNEISSIC COMPLEX Gp.,ARCHAEAN,24.783508955633756
21.895,79.35,TIRODI GNEISSIC COMPLEX,TIRODI GNEISSIC COMPLEX Gp.,ARCHAEAN,24.528949378174783
21.895,79.365,TIRODI GNEISSIC COMPLEX,TIRODI GNEISSIC COMPLEX Gp.,ARCHAEAN,24.370420654269516
21.895,79.38,TIRODI GNEISSIC COMPLEX,TIRODI GNEISSIC COMPLEX Gp.,ARCHAEAN,24.309801561529326
21.895,79.395,TIRODI GNEISSIC COMPLEX,TIRODI GNEISSIC COMPLEX Gp.,ARCHAEAN,24.347823411584937
21.895,79.41,TIRODI GNEISSIC COMPLEX,TIRODI GNEISSIC COMPLEX Gp.,ARCHAEAN,24.48402666287586
21.895,79.425,TIRODI GNEISSIC COMPLEX,TIRODI GNEISSIC COMPLEX Gp.,ARCHAEAN,24.71678826629809
21.895,79.44,TIRODI GNEISSIC COMPLEX,TIRODI GNEISSIC COMPLEX Gp.,ARCHAEAN,24.446858508179016
21.895,79.455,TIRODI GNEISSIC COMPLEX,TIRODI GNEISSIC COMPLEX Gp.,ARCHAEAN,23.51293545114509
21.895,79.47,TIRODI GNEISSIC COMPLEX,TIRODI GNEISSIC COMPLEX Gp.,ARCHAEAN,22.58172277512584
21.895,79.485,TIRODI GNEISSIC COMPLEX,TIRODI GNEISSIC COMPLEX Gp.,ARCHAEAN,21.71914855119276
21.895,79.5,TIRODI GNEISSIC COMPLEX,TIRODI GNEISSIC COMPLEX Gp.,ARCHAEAN,20.896657138713586
21.895,79.515,TIRODI GNEISSIC COMPLEX,TIRODI GNEISSIC COMPLEX Gp.,ARCHAEAN,20.088786818905913
21.895,79.53,,DECCAN TRAP,LATE CRETACEOUS - PALAEOCENE,19.348938472427015
21.895,79.545,TIRODI GNEISSIC COMPLEX,TIRODI GNEISSIC COMPLEX Gp.,ARCHAEAN,18.62964596662762
21.895,79.56,TIRODI GNEISSIC COMPLEX,TIRODI GNEISSIC COMPLEX Gp.,ARCHAEAN,18.0151880783939
21.895,79.575,TIRODI GNEISSIC COMPLEX,TIRODI GNEISSIC COMPLEX Gp.,ARCHAEAN,17.516600640073662
21.895,79.59,TIRODI GNEISSIC COMPLEX,TIRODI GNEISSIC COMPLEX Gp.,ARCHAEAN,17.12641609664851
21.895,79.605,TIRODI GNEISSIC COMPLEX,TIRODI GNEISSIC COMPLEX Gp.,ARCHAEAN,16.807232463113163
21.895,79.62,TIRODI GNEISSIC COMPLEX,TIRODI GNEISSIC COMPLEX Gp.,ARCHAEAN,16.62687588359916
21.895,79.635,TIRODI GNEISSIC COMPLEX,TIRODI GNEISSIC COMPLEX Gp.,ARCHAEAN,16.589874744976232
21.895,79.65,TIRODI GNEISSIC COMPLEX,TIRODI GNEISSIC COMPLEX Gp.,ARCHAEAN,16.697182106130708
21.895,79.665,TIRODI GNEISSIC COMPLEX,TIRODI GNEISSIC COMPLEX Gp.,ARCHAEAN,16.946056778569027
21.895,79.68,TIRODI GNEISSIC COMPLEX,TIRODI GNEISSIC COMPLEX Gp.,ARCHAEAN,17.33040086742316
21.895,79.695,TIRODI GNEISSIC COMPLEX,TIRODI GNEISSIC COMPLEX Gp.,ARCHAEAN,17.841461597485807
21.895,79.71,TIRODI GNEISSIC COMPLEX,TIRODI GNEISSIC COMPLEX Gp.,ARCHAEAN,18.468722572756825
21.895,79.725,TIRODI GNEISSIC COMPLEX,TIRODI GNEISSIC COMPLEX Gp.,ARCHAEAN,17.450610031892534
21.895,79.74,TIRODI GNEISSIC COMPLEX,TIRODI GNEISSIC COMPLEX Gp.,ARCHAEAN,16.176345720012016
21.895,79.755,TIRODI GNEISSIC COMPLEX,TIRODI GNEISSIC COMPLEX Gp.,ARCHAEAN,14.954114318387976
21.895,79.77,TIRODI GNEISSIC COMPLEX,TIRODI GNEISSIC COMPLEX Gp.,ARCHAEAN,13.727389298058279
21.895,79.785,TIRODI GNEISSIC COMPLEX,TIRODI GNEISSIC COMPLEX Gp.,ARCHAEAN,12.258859583481723
21.895,79.8,TIRODI GNEISSIC COMPLEX,TIRODI GNEISSIC COMPLEX Gp.,ARCHAEAN,10.812911886282105
21.895,79.815,TIRODI GNEISSIC COMPLEX,TIRODI GNEISSIC COMPLEX Gp.,ARCHAEAN,9.399973003119872
21.895,79.83,TIRODI GNEISSIC COMPLEX,TIRODI GNEISSIC COMPLEX Gp.,ARCHAEAN,8.037470079830253
21.895,79.845,TIRODI GNEISSIC COMPLEX,TIRODI GNEISSIC COMPLEX Gp.,ARCHAEAN,6.746830722016147
21.895,79.86,TIRODI GNEISSIC COMPLEX,TIRODI GNEISSIC COMPLEX Gp.,ARCHAEAN,5.481869317285757
21.895,79.875,TIRODI GNEISSIC COMPLEX,TIRODI GNEISSIC COMPLEX Gp.,ARCHAEAN,4.402619840272333
21.895,79.89,TIRODI GNEISSIC COMPLEX,TIRODI GNEISSIC COMPLEX Gp.,ARCHAEAN,3.6764433260996423
21.895,79.905,TIRODI GNEISSIC COMPLEX,TIRODI GNEISSIC COMPLEX Gp.,ARCHAEAN,2.657744660438577
21.895,79.92,TIRODI GNEISSIC COMPLEX,TIRODI GNEISSIC COMPLEX Gp.,ARCHAEAN,1.2185400199064857
21.895,79.935,SAUSAR,"SAUSAR Gp.(MANSAR, JUNEWANI, SITASAONGI, LOHANGI , BICHUA Fm.)",PALAEOPROTEROZOIC,0.01425948241569877
21.895,79.95,SAUSAR,"SAUSAR Gp.(MANSAR, JUNEWANI, SITASAONGI, LOHANGI , BICHUA Fm.)",PALAEOPROTEROZOIC,0.14413609681003664
21.895,79.965,SAUSAR,"SAUSAR Gp.(MANSAR, JUNEWANI, SITASAONGI, LOHANGI , BICHUA Fm.)",PALAEOPROTEROZOIC,0.20515691138306588
21.895,79.98,SAUSAR,"SAUSAR Gp.(MANSAR, JUNEWANI, SITASAONGI, LOHANGI , BICHUA Fm.)",PALAEOPROTEROZOIC,1.0006464878841326
21.895,79.995,SAUSAR,"SAUSAR Gp.(MANSAR, JUNEWANI, SITASAONGI, LOHANGI , BICHUA Fm.)",PALAEOPROTEROZOIC,0.1992404833457596
21.895,80.01,TIRODI GNEISSIC COMPLEX,TIRODI GNEISSIC COMPLEX Gp.,ARCHAEAN,0.029384346864881096
21.895,80.025,SAUSAR,"SAUSAR Gp.(MANSAR, JUNEWANI, SITASAONGI, LOHANGI , BICHUA Fm.)",PALAEOPROTEROZOIC,1.4248708650802755
21.895,80.04,SAUSAR,"SAUSAR Gp.(MANSAR, JUNEWANI, SITASAONGI, LOHANGI , BICHUA Fm.)",PALAEOPROTEROZOIC,2.876263282830997
21.895,80.055,SAUSAR,"SAUSAR Gp.(MANSAR, JUNEWANI, SITASAONGI, LOHANGI , BICHUA Fm.)",PALAEOPROTEROZOIC,4.291598660562219
21.895,80.07,SAUSAR,"SAUSAR Gp.(MANSAR, JUNEWANI, SITASAONGI, LOHANGI , BICHUA Fm.)",PALAEOPROTEROZOIC,5.54892777584428
21.895,80.085,SAUSAR,"SAUSAR Gp.(MANSAR, JUNEWANI, SITASAONGI, LOHANGI , BICHUA Fm.)",PALAEOPROTEROZOIC,5.508305936986553
21.895,80.1,SAUSAR,"SAUSAR Gp.(MANSAR, JUNEWANI, SITASAONGI, LOHANGI , BICHUA Fm.)",PALAEOPROTEROZOIC,5.589349006816532
21.895,80.115,SAUSAR,"SAUSAR Gp.(MANSAR, JUNEWANI, SITASAONGI, LOHANGI , BICHUA Fm.)",PALAEOPROTEROZOIC,5.974382430662361
21.895,80.13,SAUSAR,"SAUSAR Gp.(MANSAR, JUNEWANI, SITASAONGI, LOHANGI , BICHUA Fm.)",PALAEOPROTEROZOIC,6.49858672000348
21.895,80.145,SAUSAR,"SAUSAR Gp.(MANSAR, JUNEWANI, SITASAONGI, LOHANGI , BICHUA Fm.)",PALAEOPROTEROZOIC,7.024933307687723
21.895,80.16,SAUSAR,"SAUSAR Gp.(MANSAR, JUNEWANI, SITASAONGI, LOHANGI , BICHUA Fm.)",PALAEOPROTEROZOIC,7.621216978820231
21.895,80.175,SAUSAR,"SAUSAR Gp.(MANSAR, JUNEWANI, SITASAONGI, LOHANGI , BICHUA Fm.)",PALAEOPROTEROZOIC,7.733308998400785
21.895,80.19,SAUSAR,"SAUSAR Gp.(MANSAR, JUNEWANI, SITASAONGI, LOHANGI , BICHUA Fm.)",PALAEOPROTEROZOIC,6.2557487353547785
21.895,80.205,SAUSAR,"SAUSAR Gp.(MANSAR, JUNEWANI, SITASAONGI, LOHANGI , BICHUA Fm.)",PALAEOPROTEROZOIC,4.808530259141186
21.895,80.22,SAUSAR,"SAUSAR Gp.(MANSAR, JUNEWANI, SITASAONGI, LOHANGI , BICHUA Fm.)",PALAEOPROTEROZOIC,3.423831963997025
21.895,80.235,SAUSAR,"SAUSAR Gp.(MANSAR, JUNEWANI, SITASAONGI, LOHANGI , BICHUA Fm.)",PALAEOPROTEROZOIC,2.1437923327889306
21.895,80.25,SAUSAR,"SAUSAR Gp.(MANSAR, JUNEWANI, SITASAONGI, LOHANGI , BICHUA Fm.)",PALAEOPROTEROZOIC,1.1832291176707674
21.895,80.265,SAUSAR,"SAUSAR Gp.(MANSAR, JUNEWANI, SITASAONGI, LOHANGI , BICHUA Fm.)",PALAEOPROTEROZOIC,0.615564956645706
21.895,80.28,SAUSAR,"SAUSAR Gp.(MANSAR, JUNEWANI, SITASAONGI, LOHANGI , BICHUA Fm.)",PALAEOPROTEROZOIC,0.4401160186424607
21.895,80.295,SAUSAR,"SAUSAR Gp.(MANSAR, JUNEWANI, SITASAONGI, LOHANGI , BICHUA Fm.)",PALAEOPROTEROZOIC,0.3209614339322878
21.895,80.31,SAUSAR,"SAUSAR Gp.(MANSAR, JUNEWANI, SITASAONGI, LOHANGI , BICHUA Fm.)",PALAEOPROTEROZOIC,0.571923005250504
21.895,80.325,SAUSAR,"SAUSAR Gp.(MANSAR, JUNEWANI, SITASAONGI, LOHANGI , BICHUA Fm.)",PALAEOPROTEROZOIC,0.5838927827537597
21.895,80.34,SAUSAR,"SAUSAR Gp.(MANSAR, JUNEWANI, SITASAONGI, LOHANGI , BICHUA Fm.)",PALAEOPROTEROZOIC,0.14286032332305001
21.895,80.355,TIRODI GNEISSIC COMPLEX,TIRODI GNEISSIC COMPLEX Gp.,ARCHAEAN,0.6337987322855547
21.895,80.37,TIRODI GNEISSIC COMPLEX,TIRODI GNEISSIC COMPLEX Gp.,ARCHAEAN,1.6195038280137135
21.895,80.385,TIRODI GNEISSIC COMPLEX,TIRODI GNEISSIC COMPLEX Gp.,ARCHAEAN,2.3000379444786168
21.895,80.4,TIRODI GNEISSIC COMPLEX,TIRODI GNEISSIC COMPLEX Gp.,ARCHAEAN,2.871649237559699
21.895,80.415,TIRODI GNEISSIC COMPLEX,TIRODI GNEISSIC COMPLEX Gp.,ARCHAEAN,3.0876460667555325
21.895,80.43,TIRODI GNEISSIC COMPLEX,TIRODI GNEISSIC COMPLEX Gp.,ARCHAEAN,3.8721957523357897
21.895,80.445,TIRODI GNEISSIC COMPLEX,TIRODI GNEISSIC COMPLEX Gp.,ARCHAEAN,4.810695460252691
21.895,80.46,TIRODI GNEISSIC COMPLEX,TIRODI GNEISSIC COMPLEX Gp.,ARCHAEAN,5.6247125646137865
21.895,80.475,TIRODI GNEISSIC COMPLEX,TIRODI GNEISSIC COMPLEX Gp.,ARCHAEAN,6.690227632033547
21.895,80.49,AMGAON GNEISSIC COMPLEX,AMGAON GNEISSIC COMPLEX Gp.,ARCHAEAN,7.908758764536288
21.91,79.2,,DECCAN TRAP,LATE CRETACEOUS - PALAEOCENE,25.54119259081526
21.91,79.215,,DECCAN TRAP,LATE CRETACEOUS - PALAEOCENE,25.88475876961497
21.91,79.23,,DECCAN TRAP,LATE CRETACEOUS - PALAEOCENE,26.280918175331212
21.91,79.245,TIRODI GNEISSIC COMPLEX,TIRODI GNEISSIC COMPLEX Gp.,ARCHAEAN,26.659427286448558
21.91,79.26,TIRODI GNEISSIC COMPLEX,TIRODI GNEISSIC COMPLEX Gp.,ARCHAEAN,26.94844823821074
21.91,79.275,,DECCAN TRAP,LATE CRETACEOUS - PALAEOCENE,27.281325798278438
21.91,79.29,,DECCAN TRAP,LATE CRETACEOUS - PALAEOCENE,27.65211385524566
21.91,79.305,TIRODI GNEISSIC COMPLEX,TIRODI GNEISSIC COMPLEX Gp.,ARCHAEAN,27.160432702444844
21.91,79.32,TIRODI GNEISSIC COMPLEX,TIRODI GNEISSIC COMPLEX Gp.,ARCHAEAN,26.74955703873364
21.91,79.335,TIRODI GNEISSIC COMPLEX,TIRODI GNEISSIC COMPLEX Gp.,ARCHAEAN,26.42325665425658
21.91,79.35,TIRODI GNEISSIC COMPLEX,TIRODI GNEISSIC COMPLEX Gp.,ARCHAEAN,26.18469354277054
21.91,79.365,TIRODI GNEISSIC COMPLEX,TIRODI GNEISSIC COMPLEX Gp.,ARCHAEAN,26.036279551901192
21.91,79.38,TIRODI GNEISSIC COMPLEX,TIRODI GNEISSIC COMPLEX Gp.,ARCHAEAN,25.979559718065495
21.91,79.395,TIRODI GNEISSIC COMPLEX,TIRODI GNEISSIC COMPLEX Gp.,ARCHAEAN,26.015133800312437
21.91,79.41,TIRODI GNEISSIC COMPLEX,TIRODI GNEISSIC COMPLEX Gp.,ARCHAEAN,26.14262502916703
21.91,79.425,TIRODI GNEISSIC COMPLEX,TIRODI GNEISSIC COMPLEX Gp.,ARCHAEAN,26.360699790539442
21.91,79.44,TIRODI GNEISSIC COMPLEX,TIRODI GNEISSIC COMPLEX Gp.,ARCHAEAN,25.775282509753307
21.91,79.455,TIRODI GNEISSIC COMPLEX,TIRODI GNEISSIC COMPLEX Gp.,ARCHAEAN,24.841553045512633
21.91,79.47,TIRODI GNEISSIC COMPLEX,TIRODI GNEISSIC COMPLEX Gp.,ARCHAEAN,23.960342613276076
21.91,79.485,TIRODI GNEISSIC COMPLEX,TIRODI GNEISSIC COMPLEX Gp.,ARCHAEAN,23.14499194002583
21.91,79.5,,DECCAN TRAP,LATE CRETACEOUS - PALAEOCENE,22.31113409112849
21.91,79.515,,DECCAN TRAP,LATE CRETACEOUS - PALAEOCENE,21.556501344713052
21.91,79.53,,LATERITE / BAUXITE,CENOZOIC,20.81518256553998
21.91,79.545,,LATERITE / BAUXITE,CENOZOIC,20.148445701017796
21.91,79.56,TIRODI GNEISSIC COMPLEX,TIRODI GNEISSIC COMPLEX Gp.,ARCHAEAN,19.58182566465164
21.91,79.575,TIRODI GNEISSIC COMPLEX,TIRODI GNEISSIC COMPLEX Gp.,ARCHAEAN,19.124223430471655
21.91,79.59,TIRODI GNEISSIC COMPLEX,TIRODI GNEISSIC COMPLEX Gp.,ARCHAEAN,18.748004735063564
21.91,79.605,TIRODI GNEISSIC COMPLEX,TIRODI GNEISSIC COMPLEX Gp.,ARCHAEAN,18.456947096626855
21.91,79.62,TIRODI GNEISSIC COMPLEX,TIRODI GNEISSIC COMPLEX Gp.,ARCHAEAN,18.292897637423206
21.91,79.635,TIRODI GNEISSIC COMPLEX,TIRODI GNEISSIC COMPLEX Gp.,ARCHAEAN,18.25927997163767
21.91,79.65,TIRODI GNEISSIC COMPLEX,TIRODI GNEISSIC COMPLEX Gp.,ARCHAEAN,18.356810710357564
21.91,79.665,TIRODI GNEISSIC COMPLEX,TIRODI GNEISSIC COMPLEX Gp.,ARCHAEAN,18.583425063561126
21.91,79.68,TIRODI GNEISSIC COMPLEX,TIRODI GNEISSIC COMPLEX Gp.,ARCHAEAN,18.934488849555194
21.91,79.695,TIRODI GNEISSIC COMPLEX,TIRODI GNEISSIC COMPLEX Gp.,ARCHAEAN,19.4032482373105
21.91,79.71,TIRODI GNEISSIC COMPLEX,TIRODI GNEISSIC COMPLEX Gp.,ARCHAEAN,19.66759672087519
21.91,79.725,TIRODI GNEISSIC COMPLEX,TIRODI GNEISSIC COMPLEX Gp.,ARCHAEAN,18.41667063523694
21.91,79.74,TIRODI GNEISSIC COMPLEX,TIRODI GNEISSIC COMPLEX Gp.,ARCHAEAN,17.196155950718087
21.91,79.755,TIRODI GNEISSIC COMPLEX,TIRODI GNEISSIC COMPLEX Gp.,ARCHAEAN,15.746563019327816
21.91,79.77,TIRODI GNEISSIC COMPLEX,TIRODI GNEISSIC COMPLEX Gp.,ARCHAEAN,14.317845774618188
21.91,79.785,TIRODI GNEISSIC COMPLEX,TIRODI GNEISSIC COMPLEX Gp.,ARCHAEAN,12.916933134211298
21.91,79.8,TIRODI GNEISSIC COMPLEX,TIRODI GNEISSIC COMPLEX Gp.,ARCHAEAN,11.553943431809929
21.91,79.815,TIRODI GNEISSIC COMPLEX,TIRODI GNEISSIC COMPLEX Gp.,ARCHAEAN,10.244025054688523
21.91,79.83,TIRODI GNEISSIC COMPLEX,TIRODI GNEISSIC COMPLEX Gp.,ARCHAEAN,8.95891906659241
21.91,79.845,TIRODI GNEISSIC COMPLEX,TIRODI GNEISSIC COMPLEX Gp.,ARCHAEAN,7.745751095210912
21.91,79.86,TIRODI GNEISSIC COMPLEX,TIRODI GNEISSIC COMPLEX Gp.,ARCHAEAN,6.673161355760349
21.91,79.875,TIRODI GNEISSIC COMPLEX,TIRODI GNEISSIC COMPLEX Gp.,ARCHAEAN,5.762680052323696
21.91,79.89,TIRODI GNEISSIC COMPLEX,TIRODI GNEISSIC COMPLEX Gp.,ARCHAEAN,4.246280988228646
21.91,79.905,TIRODI GNEISSIC COMPLEX,TIRODI GNEISSIC COMPLEX Gp.,ARCHAEAN,2.7664627849257144
21.91,79.92,TIRODI GNEISSIC COMPLEX,TIRODI GNEISSIC COMPLEX Gp.,ARCHAEAN,1.4407372118502766
21.91,79.935,TIRODI GNEISSIC COMPLEX,TIRODI GNEISSIC COMPLEX Gp.,ARCHAEAN,0.8544224494930336
21.91,79.95,TIRODI GNEISSIC COMPLEX,TIRODI GNEISSIC COMPLEX Gp.,ARCHAEAN,0.43749986762612003
21.91,79.965,SAUSAR,"SAUSAR Gp.(MANSAR, JUNEWANI, SITASAONGI, LOHANGI , BICHUA Fm.)",PALAEOPROTEROZOIC,0.06992618584342702
21.91,79.98,TIRODI GNEISSIC COMPLEX,TIRODI GNEISSIC COMPLEX Gp.,ARCHAEAN,0.3478231776046099
21.91,79.995,SAUSAR,"SAUSAR Gp.(MANSAR, JUNEWANI, SITASAONGI, LOHANGI , BICHUA Fm.)",PALAEOPROTEROZOIC,0.305777142710838
21.91,80.01,TIRODI GNEISSIC COMPLEX,TIRODI GNEISSIC COMPLEX Gp.,ARCHAEAN,0.6370673781076024
21.91,80.025,SAUSAR,"SAUSAR Gp.(MANSAR, JUNEWANI, SITASAONGI, LOHANGI , BICHUA Fm.)",PALAEOPROTEROZOIC,0.7800479125455397
21.91,80.04,SAUSAR,"SAUSAR Gp.(MANSAR, JUNEWANI, SITASAONGI, LOHANGI , BICHUA Fm.)",PALAEOPROTEROZOIC,2.0669296289406156
21.91,80.055,SAUSAR,"SAUSAR Gp.(MANSAR, JUNEWANI, SITASAONGI, LOHANGI , BICHUA Fm.)",PALAEOPROTEROZOIC,3.284433490123341
21.91,80.07,SAUSAR,"SAUSAR Gp.(MANSAR, JUNEWANI, SITASAONGI, LOHANGI , BICHUA Fm.)",PALAEOPROTEROZOIC,4.264638565138207
21.91,80.085,SAUSAR,"SAUSAR Gp.(MANSAR, JUNEWANI, SITASAONGI, LOHANGI , BICHUA Fm.)",PALAEOPROTEROZOIC,3.8477728830094446
21.91,80.1,SAUSAR,"SAUSAR Gp.(MANSAR, JUNEWANI, SITASAONGI, LOHANGI , BICHUA Fm.)",PALAEOPROTEROZOIC,3.962897282523093
21.91,80.115,SAUSAR,"SAUSAR Gp.(MANSAR, JUNEWANI, SITASAONGI, LOHANGI , BICHUA Fm.)",PALAEOPROTEROZOIC,4.403216479479401
21.91,80.13,SAUSAR,"SAUSAR Gp.(MANSAR, JUNEWANI, SITASAONGI, LOHANGI , BICHUA Fm.)",PALAEOPROTEROZOIC,4.928348792185989
21.91,80.145,SAUSAR,"SAUSAR Gp.(MANSAR, JUNEWANI, SITASAONGI, LOHANGI , BICHUA Fm.)",PALAEOPROTEROZOIC,5.458812405781321
21.91,80.16,SAUSAR,"SAUSAR Gp.(MANSAR, JUNEWANI, SITASAONGI, LOHANGI , BICHUA Fm.)",PALAEOPROTEROZOIC,6.149461923981076
21.91,80.175,SAUSAR,"SAUSAR Gp.(MANSAR, JUNEWANI, SITASAONGI, LOHANGI , BICHUA Fm.)",PALAEOPROTEROZOIC,6.85015579247126
21.91,80.19,SAUSAR,"SAUSAR Gp.(MANSAR, JUNEWANI, SITASAONGI, LOHANGI , BICHUA Fm.)",PALAEOPROTEROZOIC,6.939801599823321
21.91,80.205,SAUSAR,"SAUSAR Gp.(MANSAR, JUNEWANI, SITASAONGI, LOHANGI , BICHUA Fm.)",PALAEOPROTEROZOIC,5.615311921878828
21.91,80.22,SAUSAR,"SAUSAR Gp.(MANSAR, JUNEWANI, SITASAONGI, LOHANGI , BICHUA Fm.)",PALAEOPROTEROZOIC,4.419473351654891
21.91,80.235,SAUSAR,"SAUSAR Gp.(MANSAR, JUNEWANI, SITASAONGI, LOHANGI , BICHUA Fm.)",PALAEOPROTEROZOIC,3.4403031650063256
21.91,80.25,SAUSAR,"SAUSAR Gp.(MANSAR, JUNEWANI, SITASAONGI, LOHANGI , BICHUA Fm.)",PALAEOPROTEROZOIC,2.6561866711683098
21.91,80.265,SAUSAR,"SAUSAR Gp.(MANSAR, JUNEWANI, SITASAONGI, LOHANGI , BICHUA Fm.)",PALAEOPROTEROZOIC,2.2594079163530196
21.91,80.28,SAUSAR,"SAUSAR Gp.(MANSAR, JUNEWANI, SITASAONGI, LOHANGI , BICHUA Fm.)",PALAEOPROTEROZOIC,2.0977790746869416
21.91,80.295,SAUSAR,"SAUSAR Gp.(MANSAR, JUNEWANI, SITASAONGI, LOHANGI , BICHUA Fm.)",PALAEOPROTEROZOIC,1.9829198634346619
21.91,80.31,SAUSAR,"SAUSAR Gp.(MANSAR, JUNEWANI, SITASAONGI, LOHANGI , BICHUA Fm.)",PALAEOPROTEROZOIC,2.1673094278784637
21.91,80.325,SAUSAR,"SAUSAR Gp.(MANSAR, JUNEWANI, SITASAONGI, LOHANGI , BICHUA Fm.)",PALAEOPROTEROZOIC,2.0057753427542866
21.91,80.34,SAUSAR,"SAUSAR Gp.(MANSAR, JUNEWANI, SITASAONGI, LOHANGI , BICHUA Fm.)",PALAEOPROTEROZOIC,1.6173381241951315
21.91,80.355,SAUSAR,"SAUSAR Gp.(MANSAR, JUNEWANI, SITASAONGI, LOHANGI , BICHUA Fm.)",PALAEOPROTEROZOIC,0.6490437172566383
21.91,80.37,TIRODI GNEISSIC COMPLEX,TIRODI GNEISSIC COMPLEX Gp.,ARCHAEAN,0.09989188979866086
21.91,80.385,TIRODI GNEISSIC COMPLEX,TIRODI GNEISSIC COMPLEX Gp.,ARCHAEAN,0.7009205538092235
21.91,80.4,TIRODI GNEISSIC COMPLEX,TIRODI GNEISSIC COMPLEX Gp.,ARCHAEAN,1.2077340552799376
21.91,80.415,TIRODI GNEISSIC COMPLEX,TIRODI GNEISSIC COMPLEX Gp.,ARCHAEAN,1.5973791139965818
21.91,80.43,TIRODI GNEISSIC COMPLEX,TIRODI GNEISSIC COMPLEX Gp.,ARCHAEAN,2.580104262836348
21.91,80.445,TIRODI GNEISSIC COMPLEX,TIRODI GNEISSIC COMPLEX Gp.,ARCHAEAN,3.357823558910626
21.91,80.46,TIRODI GNEISSIC COMPLEX,TIRODI GNEISSIC COMPLEX Gp.,ARCHAEAN,4.425568632136769
21.91,80.475,TIRODI GNEISSIC COMPLEX,TIRODI GNEISSIC COMPLEX Gp.,ARCHAEAN,5.707121815052724
21.91,80.49,TIRODI GNEISSIC COMPLEX,TIRODI GNEISSIC COMPLEX Gp.,ARCHAEAN,7.03685613035489
21.925,79.2,,DECCAN TRAP,LATE CRETACEOUS - PALAEOCENE,27.181434645782076
21.925,79.215,,DECCAN TRAP,LATE CRETACEOUS - PALAEOCENE,27.504452098001963
21.925,79.23,,DECCAN TRAP,LATE CRETACEOUS - PALAEOCENE,27.900040195256842
21.925,79.245,,DECCAN TRAP,LATE CRETACEOUS - PALAEOCENE,28.28186451032848
21.925,79.26,TIRODI GNEISSIC COMPLEX,TIRODI GNEISSIC COMPLEX Gp.,ARCHAEAN,28.5902674663467
21.925,79.275,TIRODI GNEISSIC COMPLEX,TIRODI GNEISSIC COMPLEX Gp.,ARCHAEAN,28.90417731146913
21.925,79.29,TIRODI GNEISSIC COMPLEX,TIRODI GNEISSIC COMPLEX Gp.,ARCHAEAN,29.226153361606467
21.925,79.305,TIRODI GNEISSIC COMPLEX,TIRODI GNEISSIC COMPLEX Gp.,ARCHAEAN,28.761491986483865
21.925,79.32,TIRODI GNEISSIC COMPLEX,TIRODI GNEISSIC COMPLEX Gp.,ARCHAEAN,28.37389265524347
21.925,79.335,TIRODI GNEISSIC COMPLEX,TIRODI GNEISSIC COMPLEX Gp.,ARCHAEAN,28.06654823244586
21.925,79.35,TIRODI GNEISSIC COMPLEX,TIRODI GNEISSIC COMPLEX Gp.,ARCHAEAN,27.842116606095004
21.925,79.365,TIRODI GNEISSIC COMPLEX,TIRODI GNEISSIC COMPLEX Gp.,ARCHAEAN,27.70261299373802
21.925,79.38,TIRODI GNEISSIC COMPLEX,TIRODI GNEISSIC COMPLEX Gp.,ARCHAEAN,27.649322928500514
21.925,79.395,TIRODI GNEISSIC COMPLEX,TIRODI GNEISSIC COMPLEX Gp.,ARCHAEAN,27.68274430540506
21.925,79.41,TIRODI GNEISSIC COMPLEX,TIRODI GNEISSIC COMPLEX Gp.,ARCHAEAN,27.802564419539053
21.925,79.425,TIRODI GNEISSIC COMPLEX,TIRODI GNEISSIC COMPLEX Gp.,ARCHAEAN,28.00767442107701
21.925,79.44,TIRODI GNEISSIC COMPLEX,TIRODI GNEISSIC COMPLEX Gp.,ARCHAEAN,27.10403329067825
21.925,79.455,,DECCAN TRAP,LATE CRETACEOUS - PALAEOCENE,26.20751720037991
21.925,79.47,,DECCAN TRAP,LATE CRETACEOUS - PALAEOCENE,25.37396849419643
21.925,79.485,,DECCAN TRAP,LATE CRETACEOUS - PALAEOCENE,24.54334006056686
21.925,79.5,,DECCAN TRAP,LATE CRETACEOUS - PALAEOCENE,23.758778972923565
21.925,79.515,,DECCAN TRAP,LATE CRETACEOUS - PALAEOCENE,23.018337775811023
21.925,79.53,,LATERITE / BAUXITE,CENOZOIC,22.31005791066899
21.925,79.545,,LATERITE / BAUXITE,CENOZOIC,21.68945541371959
21.925,79.56,,LATERITE / BAUXITE,CENOZOIC,21.16424462295562
21.925,79.575,,LATERITE / BAUXITE,CENOZOIC,20.74167319497471
21.925,79.59,TIRODI GNEISSIC COMPLEX,TIRODI GNEISSIC COMPLEX Gp.,ARCHAEAN,20.37738198988737
21.925,79.605,TIRODI GNEISSIC COMPLEX,TIRODI GNEISSIC COMPLEX Gp.,ARCHAEAN,20.10997743449505
21.925,79.62,TIRODI GNEISSIC COMPLEX,TIRODI GNEISSIC COMPLEX Gp.,ARCHAEAN,19.95955085216761
21.925,79.635,TIRODI GNEISSIC COMPLEX,TIRODI GNEISSIC COMPLEX Gp.,ARCHAEAN,19.928751345101364
21.925,79.65,TIRODI GNEISSIC COMPLEX,TIRODI GNEISSIC COMPLEX Gp.,ARCHAEAN,20.018131088584283
21.925,79.665,TIRODI GNEISSIC COMPLEX,TIRODI GNEISSIC COMPLEX Gp.,ARCHAEAN,20.226096917963684
21.925,79.68,TIRODI GNEISSIC COMPLEX,TIRODI GNEISSIC COMPLEX Gp.,ARCHAEAN,20.549048711320577
21.925,79.695,TIRODI GNEISSIC COMPLEX,TIRODI GNEISSIC COMPLEX Gp.,ARCHAEAN,20.981677518630935
21.925,79.71,TIRODI GNEISSIC COMPLEX,TIRODI GNEISSIC COMPLEX Gp.,ARCHAEAN,20.6647219123705
21.925,79.725,TIRODI GNEISSIC COMPLEX,TIRODI GNEISSIC COMPLEX Gp.,ARCHAEAN,19.2449230367379
21.925,79.74,TIRODI GNEISSIC COMPLEX,TIRODI GNEISSIC COMPLEX Gp.,ARCHAEAN,17.82763605226388
21.925,79.755,TIRODI GNEISSIC COMPLEX,TIRODI GNEISSIC COMPLEX Gp.,ARCHAEAN,16.43414536519143
21.925,79.77,TIRODI GNEISSIC COMPLEX,TIRODI GNEISSIC COMPLEX Gp.,ARCHAEAN,15.071053138608375
21.925,79.785,TIRODI GNEISSIC COMPLEX,TIRODI GNEISSIC COMPLEX Gp.,ARCHAEAN,13.747404616127444
21.925,79.8,TIRODI GNEISSIC COMPLEX,TIRODI GNEISSIC COMPLEX Gp.,ARCHAEAN,12.459169621243207
21.925,79.815,TIRODI GNEISSIC COMPLEX,TIRODI GNEISSIC COMPLEX Gp.,ARCHAEAN,11.19694786354983
21.925,79.83,TIRODI GNEISSIC COMPLEX,TIRODI GNEISSIC COMPLEX Gp.,ARCHAEAN,10.01555577177058
21.925,79.845,TIRODI GNEISSIC COMPLEX,TIRODI GNEISSIC COMPLEX Gp.,ARCHAEAN,8.947069661408207
21.925,79.86,TIRODI GNEISSIC COMPLEX,TIRODI GNEISSIC COMPLEX Gp.,ARCHAEAN,7.703417122190862
21.925,79.875,TIRODI GNEISSIC COMPLEX,TIRODI GNEISSIC COMPLEX Gp.,ARCHAEAN,6.274493700294497
21.925,79.89,TIRODI GNEISSIC COMPLEX,TIRODI GNEISSIC COMPLEX Gp.,ARCHAEAN,4.91883006230726
21.925,79.905,TIRODI GNEISSIC COMPLEX,TIRODI GNEISSIC COMPLEX Gp.,ARCHAEAN,3.7174573728464315
21.925,79.92,TIRODI GNEISSIC COMPLEX,TIRODI GNEISSIC COMPLEX Gp.,ARCHAEAN,2.8710749914018776
21.925,79.935,TIRODI GNEISSIC COMPLEX,TIRODI GNEISSIC COMPLEX Gp.,ARCHAEAN,2.4748492286505828
21.925,79.95,TIRODI GNEISSIC COMPLEX,TIRODI GNEISSIC COMPLEX Gp.,ARCHAEAN,1.9140664527610816
21.925,79.965,TIRODI GNEISSIC COMPLEX,TIRODI GNEISSIC COMPLEX Gp.,ARCHAEAN,1.2110526620642807
21.925,79.98,TIRODI GNEISSIC COMPLEX,TIRODI GNEISSIC COMPLEX Gp.,ARCHAEAN,0.5965610636771925
21.925,79.995,TIRODI GNEISSIC COMPLEX,TIRODI GNEISSIC COMPLEX Gp.,ARCHAEAN,0.7998806380695088
21.925,80.01,TIRODI GNEISSIC COMPLEX,TIRODI GNEISSIC COMPLEX Gp.,ARCHAEAN,1.3854737078027959
21.925,80.025,TIRODI GNEISSIC COMPLEX,TIRODI GNEISSIC COMPLEX Gp.,ARCHAEAN,0.17712177579018945
21.925,80.04,SAUSAR,"SAUSAR Gp.(MANSAR, JUNEWANI, SITASAONGI, LOHANGI , BICHUA Fm.)",PALAEOPROTEROZOIC,1.0201871522148365
21.925,80.055,SAUSAR,"SAUSAR Gp.(MANSAR, JUNEWANI, SITASAONGI, LOHANGI , BICHUA Fm.)",PALAEOPROTEROZOIC,2.1222437353453594
21.925,80.07,SAUSAR,"SAUSAR Gp.(MANSAR, JUNEWANI, SITASAONGI, LOHANGI , BICHUA Fm.)",PALAEOPROTEROZOIC,2.7862387045256396
21.925,80.085,SAUSAR,"SAUSAR Gp.(MANSAR, JUNEWANI, SITASAONGI, LOHANGI , BICHUA Fm.)",PALAEOPROTEROZOIC,2.196754833719377
21.925,80.1,SAUSAR,"SAUSAR Gp.(MANSAR, JUNEWANI, SITASAONGI, LOHANGI , BICHUA Fm.)",PALAEOPROTEROZOIC,2.3363504556332098
21.925,80.115,SAUSAR,"SAUSAR Gp.(MANSAR, JUNEWANI, SITASAONGI, LOHANGI , BICHUA Fm.)",PALAEOPROTEROZOIC,2.8374151005513903
21.925,80.13,SAUSAR,"SAUSAR Gp.(MANSAR, JUNEWANI, SITASAONGI, LOHANGI , BICHUA Fm.)",PALAEOPROTEROZOIC,3.3665298858000976
21.925,80.145,SAUSAR,"SAUSAR Gp.(MANSAR, JUNEWANI, SITASAONGI, LOHANGI , BICHUA Fm.)",PALAEOPROTEROZOIC,3.9396054969025522
21.925,80.16,SAUSAR,"SAUSAR Gp.(MANSAR, JUNEWANI, SITASAONGI, LOHANGI , BICHUA Fm.)",PALAEOPROTEROZOIC,4.6656367980642495
21.925,80.175,SAUSAR,"SAUSAR Gp.(MANSAR, JUNEWANI, SITASAONGI, LOHANGI , BICHUA Fm.)",PALAEOPROTEROZOIC,5.39177067557578
21.925,80.19,SAUSAR,"SAUSAR Gp.(MANSAR, JUNEWANI, SITASAONGI, LOHANGI , BICHUA Fm.)",PALAEOPROTEROZOIC,6.2493876951054
21.925,80.205,SAUSAR,"SAUSAR Gp.(MANSAR, JUNEWANI, SITASAONGI, LOHANGI , BICHUA Fm.)",PALAEOPROTEROZOIC,6.696271832856226
21.925,80.22,SAUSAR,"SAUSAR Gp.(MANSAR, JUNEWANI, SITASAONGI, LOHANGI , BICHUA Fm.)",PALAEOPROTEROZOIC,5.699953283030347
21.925,80.235,SAUSAR,"SAUSAR Gp.(MANSAR, JUNEWANI, SITASAONGI, LOHANGI , BICHUA Fm.)",PALAEOPROTEROZOIC,4.837904291441824
21.925,80.25,SAUSAR,"SAUSAR Gp.(MANSAR, JUNEWANI, SITASAONGI, LOHANGI , BICHUA Fm.)",PALAEOPROTEROZOIC,4.222104239464991
21.925,80.265,SAUSAR,"SAUSAR Gp.(MANSAR, JUNEWANI, SITASAONGI, LOHANGI , BICHUA Fm.)",PALAEOPROTEROZOIC,3.908239410598568
21.925,80.28,SAUSAR,"SAUSAR Gp.(MANSAR, JUNEWANI, SITASAONGI, LOHANGI , BICHUA Fm.)",PALAEOPROTEROZOIC,3.765871961902617
21.925,80.295,SAUSAR,"SAUSAR Gp.(MANSAR, JUNEWANI, SITASAONGI, LOHANGI , BICHUA Fm.)",PALAEOPROTEROZOIC,3.6489005054988266
21.925,80.31,SAUSAR,"SAUSAR Gp.(MANSAR, JUNEWANI, SITASAONGI, LOHANGI , BICHUA Fm.)",PALAEOPROTEROZOIC,3.7907906276224645
21.925,80.325,SAUSAR,"SAUSAR Gp.(MANSAR, JUNEWANI, SITASAONGI, LOHANGI , BICHUA Fm.)",PALAEOPROTEROZOIC,3.6106246435692952
21.925,80.34,SAUSAR,"SAUSAR Gp.(MANSAR, JUNEWANI, SITASAONGI, LOHANGI , BICHUA Fm.)",PALAEOPROTEROZOIC,2.926556676921875
21.925,80.355,SAUSAR,"SAUSAR Gp.(MANSAR, JUNEWANI, SITASAONGI, LOHANGI , BICHUA Fm.)",PALAEOPROTEROZOIC,1.993110141896874
21.925,80.37,SAUSAR,"SAUSAR Gp.(MANSAR, JUNEWANI, SITASAONGI, LOHANGI , BICHUA Fm.)",PALAEOPROTEROZOIC,0.4513173163894389
21.925,80.385,TIRODI GNEISSIC COMPLEX,TIRODI GNEISSIC COMPLEX Gp.,ARCHAEAN,0.5945269856542454
21.925,80.4,TIRODI GNEISSIC COMPLEX,TIRODI GNEISSIC COMPLEX Gp.,ARCHAEAN,0.05206676232346069
21.925,80.415,TIRODI GNEISSIC COMPLEX,TIRODI GNEISSIC COMPLEX Gp.,ARCHAEAN,0.325655322662471
21.925,80.43,TIRODI GNEISSIC COMPLEX,TIRODI GNEISSIC COMPLEX Gp.,ARCHAEAN,1.1321101294468812
21.925,80.445,TIRODI GNEISSIC COMPLEX,TIRODI GNEISSIC COMPLEX Gp.,ARCHAEAN,2.189311275865513
21.925,80.46,TIRODI GNEISSIC COMPLEX,TIRODI GNEISSIC COMPLEX Gp.,ARCHAEAN,3.520526245662129
21.925,80.475,TIRODI GNEISSIC COMPLEX,TIRODI GNEISSIC COMPLEX Gp.,ARCHAEAN,4.903349287599461
21.925,80.49,TIRODI GNEISSIC COMPLEX,TIRODI GNEISSIC COMPLEX Gp.,ARCHAEAN,6.351249826443342
21.94,79.2,,DECCAN TRAP,LATE CRETACEOUS - PALAEOCENE,28.825071051706114
21.94,79.215,,DECCAN TRAP,LATE CRETACEOUS - PALAEOCENE,29.129804206747917
21.94,79.23,,DECCAN TRAP,LATE CRETACEOUS - PALAEOCENE,29.512780885515166
21.94,79.245,,DECCAN TRAP,LATE CRETACEOUS - PALAEOCENE,29.900969034761065
21.94,79.26,,DECCAN TRAP,LATE CRETACEOUS - PALAEOCENE,30.235151501129
21.94,79.275,,DECCAN TRAP,LATE CRETACEOUS - PALAEOCENE,30.53209219608055
21.94,79.29,TIRODI GNEISSIC COMPLEX,TIRODI GNEISSIC COMPLEX Gp.,ARCHAEAN,30.810276430816323
21.94,79.305,TIRODI GNEISSIC COMPLEX,TIRODI GNEISSIC COMPLEX Gp.,ARCHAEAN,30.36995546362794
21.94,79.32,TIRODI GNEISSIC COMPLEX,TIRODI GNEISSIC COMPLEX Gp.,ARCHAEAN,30.003220268291024
21.94,79.335,TIRODI GNEISSIC COMPLEX,TIRODI GNEISSIC COMPLEX Gp.,ARCHAEAN,29.712795704171103
21.94,79.35,TIRODI GNEISSIC COMPLEX,TIRODI GNEISSIC COMPLEX Gp.,ARCHAEAN,29.50093559759463
21.94,79.365,TIRODI GNEISSIC COMPLEX,TIRODI GNEISSIC COMPLEX Gp.,ARCHAEAN,29.369340206998885
21.94,79.38,TIRODI GNEISSIC COMPLEX,TIRODI GNEISSIC COMPLEX Gp.,ARCHAEAN,29.3190903293546
21.94,79.395,TIRODI GNEISSIC COMPLEX,TIRODI GNEISSIC COMPLEX Gp.,ARCHAEAN,29.35060377185903
21.94,79.41,TIRODI GNEISSIC COMPLEX,TIRODI GNEISSIC COMPLEX Gp.,ARCHAEAN,29.463618180560825
21.94,79.425,TIRODI GNEISSIC COMPLEX,TIRODI GNEISSIC COMPLEX Gp.,ARCHAEAN,29.368499151621638
21.94,79.44,,DECCAN TRAP,LATE CRETACEOUS - PALAEOCENE,28.459202108050878
21.94,79.455,,DECCAN TRAP,LATE CRETACEOUS - PALAEOCENE,27.60691212939926
21.94,79.47,,DECCAN TRAP,LATE CRETACEOUS - PALAEOCENE,26.78288296935101
21.94,79.485,,DECCAN TRAP,LATE CRETACEOUS - PALAEOCENE,25.973772837237604
21.94,79.5,,LATERITE / BAUXITE,CENOZOIC,25.233883988325886
21.94,79.515,,LATERITE / BAUXITE,CENOZOIC,24.49245635258332
21.94,79.53,,LATERITE / BAUXITE,CENOZOIC,23.828176519343874
21.94,79.545,,LATERITE / BAUXITE,CENOZOIC,23.248258962258237
21.94,79.56,,LATERITE / BAUXITE,CENOZOIC,22.759153406944375
21.94,79.575,,LATERITE / BAUXITE,CENOZOIC,22.364846667913937
21.94,79.59,TIRODI GNEISSIC COMPLEX,TIRODI GNEISSIC COMPLEX Gp.,ARCHAEAN,22.01281840119648
21.94,79.605,TIRODI GNEISSIC COMPLEX,TIRODI GNEISSIC COMPLEX Gp.,ARCHAEAN,21.76556803610246
21.94,79.62,TIRODI GNEISSIC COMPLEX,TIRODI GNEISSIC COMPLEX Gp.,ARCHAEAN,21.626689538386454
21.94,79.635,TIRODI GNEISSIC COMPLEX,TIRODI GNEISSIC COMPLEX Gp.,ARCHAEAN,21.598273526620147
21.94,79.65,TIRODI GNEISSIC COMPLEX,TIRODI GNEISSIC COMPLEX Gp.,ARCHAEAN,21.68075434012953
21.94,79.665,TIRODI GNEISSIC COMPLEX,TIRODI GNEISSIC COMPLEX Gp.,ARCHAEAN,21.87287746659748
21.94,79.68,TIRODI GNEISSIC COMPLEX,TIRODI GNEISSIC COMPLEX Gp.,ARCHAEAN,22.17179286990405
21.94,79.695,TIRODI GNEISSIC COMPLEX,TIRODI GNEISSIC COMPLEX Gp.,ARCHAEAN,22.573258514189902
21.94,79.71,TIRODI GNEISSIC COMPLEX,TIRODI GNEISSIC COMPLEX Gp.,ARCHAEAN,21.33960162725324
21.94,79.725,TIRODI GNEISSIC COMPLEX,TIRODI GNEISSIC COMPLEX Gp.,ARCHAEAN,19.95117159536361
21.94,79.74,TIRODI GNEISSIC COMPLEX,TIRODI GNEISSIC COMPLEX Gp.,ARCHAEAN,18.588110956490883
21.94,79.755,TIRODI GNEISSIC COMPLEX,TIRODI GNEISSIC COMPLEX Gp.,ARCHAEAN,17.256432433135963
21.94,79.77,TIRODI GNEISSIC COMPLEX,TIRODI GNEISSIC COMPLEX Gp.,ARCHAEAN,15.963991424244593
21.94,79.785,TIRODI GNEISSIC COMPLEX,TIRODI GNEISSIC COMPLEX Gp.,ARCHAEAN,14.679777136157856
21.94,79.8,TIRODI GNEISSIC COMPLEX,TIRODI GNEISSIC COMPLEX Gp.,ARCHAEAN,13.447859110972397
21.94,79.815,TIRODI GNEISSIC COMPLEX,TIRODI GNEISSIC COMPLEX Gp.,ARCHAEAN,12.287877890639272
21.94,79.83,TIRODI GNEISSIC COMPLEX,TIRODI GNEISSIC COMPLEX Gp.,ARCHAEAN,11.198566590738656
21.94,79.845,TIRODI GNEISSIC COMPLEX,TIRODI GNEISSIC COMPLEX Gp.,ARCHAEAN,9.789933559641558
21.94,79.86,TIRODI GNEISSIC COMPLEX,TIRODI GNEISSIC COMPLEX Gp.,ARCHAEAN,8.430639062525563
21.94,79.875,TIRODI GNEISSIC COMPLEX,TIRODI GNEISSIC COMPLEX Gp.,ARCHAEAN,7.148882527246173
21.94,79.89,TIRODI GNEISSIC COMPLEX,TIRODI GNEISSIC COMPLEX Gp.,ARCHAEAN,5.994609099811866
21.94,79.905,TIRODI GNEISSIC COMPLEX,TIRODI GNEISSIC COMPLEX Gp.,ARCHAEAN,5.055900079721382
21.94,79.92,TIRODI GNEISSIC COMPLEX,TIRODI GNEISSIC COMPLEX Gp.,ARCHAEAN,4.470669240516903
21.94,79.935,TIRODI GNEISSIC COMPLEX,TIRODI GNEISSIC COMPLEX Gp.,ARCHAEAN,4.095260770409439
21.94,79.95,TIRODI GNEISSIC COMPLEX,TIRODI GNEISSIC COMPLEX Gp.,ARCHAEAN,3.3905790348706986
21.94,79.965,TIRODI GNEISSIC COMPLEX,TIRODI GNEISSIC COMPLEX Gp.,ARCHAEAN,2.7462546818570814
21.94,79.98,TIRODI GNEISSIC COMPLEX,TIRODI GNEISSIC COMPLEX Gp.,ARCHAEAN,2.216892946134438
21.94,79.995,TIRODI GNEISSIC COMPLEX,TIRODI GNEISSIC COMPLEX Gp.,ARCHAEAN,2.410606469349044
21.94,80.01,TIRODI GNEISSIC COMPLEX,TIRODI GNEISSIC COMPLEX Gp.,ARCHAEAN,2.441054293607914
21.94,80.025,TIRODI GNEISSIC COMPLEX,TIRODI GNEISSIC COMPLEX Gp.,ARCHAEAN,1.2435575162325558
21.94,80.04,TIRODI GNEISSIC COMPLEX,TIRODI GNEISSIC COMPLEX Gp.,ARCHAEAN,0.16168522259323748
21.94,80.055,SAUSAR,"SAUSAR Gp.(MANSAR, JUNEWANI, SITASAONGI, LOHANGI , BICHUA Fm.)",PALAEOPROTEROZOIC,0.898641401433007
21.94,80.07,SAUSAR,"SAUSAR Gp.(MANSAR, JUNEWANI, SITASAONGI, LOHANGI , BICHUA Fm.)",PALAEOPROTEROZOIC,1.4358974395887503
21.94,80.085,SAUSAR,"SAUSAR Gp.(MANSAR, JUNEWANI, SITASAONGI, LOHANGI , BICHUA Fm.)",PALAEOPROTEROZOIC,0.5852650148894007
21.94,80.1,SAUSAR,"SAUSAR Gp.(MANSAR, JUNEWANI, SITASAONGI, LOHANGI , BICHUA Fm.)",PALAEOPROTEROZOIC,0.7341120667575769
21.94,80.115,SAUSAR,"SAUSAR Gp.(MANSAR, JUNEWANI, SITASAONGI, LOHANGI , BICHUA Fm.)",PALAEOPROTEROZOIC,1.2709160211339023
21.94,80.13,SAUSAR,"SAUSAR Gp.(MANSAR, JUNEWANI, SITASAONGI, LOHANGI , BICHUA Fm.)",PALAEOPROTEROZOIC,1.7865241248664843
21.94,80.145,SAUSAR,"SAUSAR Gp.(MANSAR, JUNEWANI, SITASAONGI, LOHANGI , BICHUA Fm.)",PALAEOPROTEROZOIC,2.4695399965795035
21.94,80.16,SAUSAR,"SAUSAR Gp.(MANSAR, JUNEWANI, SITASAONGI, LOHANGI , BICHUA Fm.)",PALAEOPROTEROZOIC,3.1740682099688744
21.94,80.175,SAUSAR,"SAUSAR Gp.(MANSAR, JUNEWANI, SITASAONGI, LOHANGI , BICHUA Fm.)",PALAEOPROTEROZOIC,3.9843380406434488
21.94,80.19,SAUSAR,"SAUSAR Gp.(MANSAR, JUNEWANI, SITASAONGI, LOHANGI , BICHUA Fm.)",PALAEOPROTEROZOIC,4.808825483983984
21.94,80.205,SAUSAR,"SAUSAR Gp.(MANSAR, JUNEWANI, SITASAONGI, LOHANGI , BICHUA Fm.)",PALAEOPROTEROZOIC,5.650386305436241
21.94,80.22,SAUSAR,"SAUSAR Gp.(MANSAR, JUNEWANI, SITASAONGI, LOHANGI , BICHUA Fm.)",PALAEOPROTEROZOIC,6.310608793359162
21.94,80.235,SAUSAR,"SAUSAR Gp.(MANSAR, JUNEWANI, SITASAONGI, LOHANGI , BICHUA Fm.)",PALAEOPROTEROZOIC,6.336777442867287
21.94,80.25,SAUSAR,"SAUSAR Gp.(MANSAR, JUNEWANI, SITASAONGI, LOHANGI , BICHUA Fm.)",PALAEOPROTEROZOIC,5.835523159600866
21.94,80.265,SAUSAR,"SAUSAR Gp.(MANSAR, JUNEWANI, SITASAONGI, LOHANGI , BICHUA Fm.)",PALAEOPROTEROZOIC,5.566753927820109
21.94,80.28,SAUSAR,"SAUSAR Gp.(MANSAR, JUNEWANI, SITASAONGI, LOHANGI , BICHUA Fm.)",PALAEOPROTEROZOIC,5.435013366942275
21.94,80.295,SAUSAR,"SAUSAR Gp.(MANSAR, JUNEWANI, SITASAONGI, LOHANGI , BICHUA Fm.)",PALAEOPROTEROZOIC,5.314544438498374
21.94,80.31,SAUSAR,"SAUSAR Gp.(MANSAR, JUNEWANI, SITASAONGI, LOHANGI , BICHUA Fm.)",PALAEOPROTEROZOIC,5.418298135176413
21.94,80.325,SAUSAR,"SAUSAR Gp.(MANSAR, JUNEWANI, SITASAONGI, LOHANGI , BICHUA Fm.)",PALAEOPROTEROZOIC,5.126454877331208
21.94,80.34,SAUSAR,"SAUSAR Gp.(MANSAR, JUNEWANI, SITASAONGI, LOHANGI , BICHUA Fm.)",PALAEOPROTEROZOIC,3.6024112339485077
21.94,80.355,SAUSAR,"SAUSAR Gp.(MANSAR, JUNEWANI, SITASAONGI, LOHANGI , BICHUA Fm.)",PALAEOPROTEROZOIC,2.114749222258219
21.94,80.37,SAUSAR,"SAUSAR Gp.(MANSAR, JUNEWANI, SITASAONGI, LOHANGI , BICHUA Fm.)",PALAEOPROTEROZOIC,0.8746041007238256
21.94,80.385,SAUSAR,"SAUSAR Gp.(MANSAR, JUNEWANI, SITASAONGI, LOHANGI , BICHUA Fm.)",PALAEOPROTEROZOIC,0.2577589017190999
21.94,80.4,SAUSAR,"SAUSAR Gp.(MANSAR, JUNEWANI, SITASAONGI, LOHANGI , BICHUA Fm.)",PALAEOPROTEROZOIC,0.4888581877265544
21.94,80.415,SAUSAR,"SAUSAR Gp.(MANSAR, JUNEWANI, SITASAONGI, LOHANGI , BICHUA Fm.)",PALAEOPROTEROZOIC,0.1910195931155066
21.94,80.43,TIRODI GNEISSIC COMPLEX,TIRODI GNEISSIC COMPLEX Gp.,ARCHAEAN,0.03248853400804147
21.94,80.445,TIRODI GNEISSIC COMPLEX,TIRODI GNEISSIC COMPLEX Gp.,ARCHAEAN,1.4365468501328729
21.94,80.46,TIRODI GNEISSIC COMPLEX,TIRODI GNEISSIC COMPLEX Gp.,ARCHAEAN,2.8668472276697723
21.94,80.475,TIRODI GNEISSIC COMPLEX,TIRODI GNEISSIC COMPLEX Gp.,ARCHAEAN,4.37437617073279
21.94,80.49,TIRODI GNEISSIC COMPLEX,TIRODI GNEISSIC COMPLEX Gp.,ARCHAEAN,5.903253686983844
21.955,79.2,,DECCAN TRAP,LATE CRETACEOUS - PALAEOCENE,30.471552539400506
21.955,79.215,,DECCAN TRAP,LATE CRETACEOUS - PALAEOCENE,30.75991808019182
21.955,79.23,,DECCAN TRAP,LATE CRETACEOUS - PALAEOCENE,31.122766019561013
21.955,79.245,,DECCAN TRAP,LATE CRETACEOUS - PALAEOCENE,31.5200578877399
21.955,79.26,TIRODI GNEISSIC COMPLEX,TIRODI GNEISSIC COMPLEX Gp.,ARCHAEAN,31.874999750269964
21.955,79.275,TIRODI GNEISSIC COMPLEX,TIRODI GNEISSIC COMPLEX Gp.,ARCHAEAN,32.164301652074684
21.955,79.29,TIRODI GNEISSIC COMPLEX,TIRODI GNEISSIC COMPLEX Gp.,ARCHAEAN,32.40300419637282
21.955,79.305,TIRODI GNEISSIC COMPLEX,TIRODI GNEISSIC COMPLEX Gp.,ARCHAEAN,31.98470611573826
21.955,79.32,TIRODI GNEISSIC COMPLEX,TIRODI GNEISSIC COMPLEX Gp.,ARCHAEAN,31.63676860774055
21.955,79.335,TIRODI GNEISSIC COMPLEX,TIRODI GNEISSIC COMPLEX Gp.,ARCHAEAN,31.361533585569944
21.955,79.35,TIRODI GNEISSIC COMPLEX,TIRODI GNEISSIC COMPLEX Gp.,ARCHAEAN,31.160927585800625
21.955,79.365,TIRODI GNEISSIC COMPLEX,TIRODI GNEISSIC COMPLEX Gp.,ARCHAEAN,31.036397752409226
21.955,79.38,TIRODI GNEISSIC COMPLEX,TIRODI GNEISSIC COMPLEX Gp.,ARCHAEAN,30.988861243252536
21.955,79.395,TIRODI GNEISSIC COMPLEX,TIRODI GNEISSIC COMPLEX Gp.,ARCHAEAN,31.01867204009433
21.955,79.41,TIRODI GNEISSIC COMPLEX,TIRODI GNEISSIC COMPLEX Gp.,ARCHAEAN,31.125607903748072
21.955,79.425,TIRODI GNEISSIC COMPLEX,TIRODI GNEISSIC COMPLEX Gp.,ARCHAEAN,30.714355717721638
21.955,79.44,TIRODI GNEISSIC COMPLEX,TIRODI GNEISSIC COMPLEX Gp.,ARCHAEAN,29.846275857693463
21.955,79.455,,DECCAN TRAP,LATE CRETACEOUS - PALAEOCENE,29.028012181401905
21.955,79.47,,DECCAN TRAP,LATE CRETACEOUS - PALAEOCENE,28.19843246585756
21.955,79.485,,DECCAN TRAP,LATE CRETACEOUS - PALAEOCENE,27.431271463951624
21.955,79.5,,LATERITE / BAUXITE,CENOZOIC,26.69048558447774
21.955,79.515,,LATERITE / BAUXITE,CENOZOIC,25.99025610191755
21.955,79.53,,LATERITE / BAUXITE,CENOZOIC,25.365365402865272
21.955,79.545,,LATERITE / BAUXITE,CENOZOIC,24.821504186250497
21.955,79.56,,LATERITE / BAUXITE,CENOZOIC,24.364099334569943
21.955,79.575,,LATERITE / BAUXITE,CENOZOIC,23.980950979770768
21.955,79.59,,LATERITE / BAUXITE,CENOZOIC,23.65305716295054
21.955,79.605,TIRODI GNEISSIC COMPLEX,TIRODI GNEISSIC COMPLEX Gp.,ARCHAEAN,23.42317601613853
21.955,79.62,TIRODI GNEISSIC COMPLEX,TIRODI GNEISSIC COMPLEX Gp.,ARCHAEAN,23.29420946247743
21.955,79.635,TIRODI GNEISSIC COMPLEX,TIRODI GNEISSIC COMPLEX Gp.,ARCHAEAN,23.267835579402366
21.955,79.65,TIRODI GNEISSIC COMPLEX,TIRODI GNEISSIC COMPLEX Gp.,ARCHAEAN,23.344402088894817
21.955,79.665,TIRODI GNEISSIC COMPLEX,TIRODI GNEISSIC COMPLEX Gp.,ARCHAEAN,23.522903806619087
21.955,79.68,TIRODI GNEISSIC COMPLEX,TIRODI GNEISSIC COMPLEX Gp.,ARCHAEAN,23.801047379736822
21.955,79.695,TIRODI GNEISSIC COMPLEX,TIRODI GNEISSIC COMPLEX Gp.,ARCHAEAN,23.467836063668745
21.955,79.71,TIRODI GNEISSIC COMPLEX,TIRODI GNEISSIC COMPLEX Gp.,ARCHAEAN,22.10486634858813
21.955,79.725,TIRODI GNEISSIC COMPLEX,TIRODI GNEISSIC COMPLEX Gp.,ARCHAEAN,20.767952747832904
21.955,79.74,TIRODI GNEISSIC COMPLEX,TIRODI GNEISSIC COMPLEX Gp.,ARCHAEAN,19.462465533766807
21.955,79.755,TIRODI GNEISSIC COMPLEX,TIRODI GNEISSIC COMPLEX Gp.,ARCHAEAN,18.175729524701364
21.955,79.77,TIRODI GNEISSIC COMPLEX,TIRODI GNEISSIC COMPLEX Gp.,ARCHAEAN,16.915070066064345
21.955,79.785,TIRODI GNEISSIC COMPLEX,TIRODI GNEISSIC COMPLEX Gp.,ARCHAEAN,15.70601812026828
21.955,79.8,TIRODI GNEISSIC COMPLEX,TIRODI GNEISSIC COMPLEX Gp.,ARCHAEAN,14.56143445262482
21.955,79.815,TIRODI GNEISSIC COMPLEX,TIRODI GNEISSIC COMPLEX Gp.,ARCHAEAN,13.30645500018556
21.955,79.83,TIRODI GNEISSIC COMPLEX,TIRODI GNEISSIC COMPLEX Gp.,ARCHAEAN,11.94595869285718
21.955,79.845,TIRODI GNEISSIC COMPLEX,TIRODI GNEISSIC COMPLEX Gp.,ARCHAEAN,10.637061237978322
21.955,79.86,TIRODI GNEISSIC COMPLEX,TIRODI GNEISSIC COMPLEX Gp.,ARCHAEAN,9.401338880133828
21.955,79.875,TIRODI GNEISSIC COMPLEX,TIRODI GNEISSIC COMPLEX Gp.,ARCHAEAN,8.271652311799336
21.955,79.89,TIRODI GNEISSIC COMPLEX,TIRODI GNEISSIC COMPLEX Gp.,ARCHAEAN,7.2974138888402615
21.955,79.905,TIRODI GNEISSIC COMPLEX,TIRODI GNEISSIC COMPLEX Gp.,ARCHAEAN,6.548375770551533
21.955,79.92,TIRODI GNEISSIC COMPLEX,TIRODI GNEISSIC COMPLEX Gp.,ARCHAEAN,6.093057989415829
21.955,79.935,TIRODI GNEISSIC COMPLEX,TIRODI GNEISSIC COMPLEX Gp.,ARCHAEAN,5.596215769999599
21.955,79.95,TIRODI GNEISSIC COMPLEX,TIRODI GNEISSIC COMPLEX Gp.,ARCHAEAN,4.8925312482828724
21.955,79.965,TIRODI GNEISSIC COMPLEX,TIRODI GNEISSIC COMPLEX Gp.,ARCHAEAN,4.2779934977191365
21.955,79.98,TIRODI GNEISSIC COMPLEX,TIRODI GNEISSIC COMPLEX Gp.,ARCHAEAN,3.8792900745677668
21.955,79.995,TIRODI GNEISSIC COMPLEX,TIRODI GNEISSIC COMPLEX Gp.,ARCHAEAN,4.06923851967106
21.955,80.01,TIRODI GNEISSIC COMPLEX,TIRODI GNEISSIC COMPLEX Gp.,ARCHAEAN,3.5041650976949397
21.955,80.025,TIRODI GNEISSIC COMPLEX,TIRODI GNEISSIC COMPLEX Gp.,ARCHAEAN,2.4454250976473855
21.955,80.04,TIRODI GNEISSIC COMPLEX,TIRODI GNEISSIC COMPLEX Gp.,ARCHAEAN,1.3851423786423285
21.955,80.055,TIRODI GNEISSIC COMPLEX,TIRODI GNEISSIC COMPLEX Gp.,ARCHAEAN,0.3060277787075957
21.955,80.07,SAUSAR,"SAUSAR Gp.(MANSAR, JUNEWANI, SITASAONGI, LOHANGI , BICHUA Fm.)",PALAEOPROTEROZOIC,0.46893089832891005
21.955,80.085,,ACID  INTRUSIVE / GRANITE / GRANODIORITE,NEOPROTEROZOIC,0.7508977202560868
21.955,80.1,,ACID  INTRUSIVE / GRANITE / GRANODIORITE,NEOPROTEROZOIC,0.8346609019051254
21.955,80.115,,ACID  INTRUSIVE / GRANITE / GRANODIORITE,NEOPROTEROZOIC,0.30006282593883526
21.955,80.13,SAUSAR,"SAUSAR Gp.(MANSAR, JUNEWANI, SITASAONGI, LOHANGI , BICHUA Fm.)",PALAEOPROTEROZOIC,0.2593431220418439
21.955,80.145,SAUSAR,"SAUSAR Gp.(MANSAR, JUNEWANI, SITASAONGI, LOHANGI , BICHUA Fm.)",PALAEOPROTEROZOIC,0.9799806201789611
21.955,80.16,SAUSAR,"SAUSAR Gp.(MANSAR, JUNEWANI, SITASAONGI, LOHANGI , BICHUA Fm.)",PALAEOPROTEROZOIC,1.7399028678526731
21.955,80.175,SAUSAR,"SAUSAR Gp.(MANSAR, JUNEWANI, SITASAONGI, LOHANGI , BICHUA Fm.)",PALAEOPROTEROZOIC,2.5744048384656657
21.955,80.19,SAUSAR,"SAUSAR Gp.(MANSAR, JUNEWANI, SITASAONGI, LOHANGI , BICHUA Fm.)",PALAEOPROTEROZOIC,3.412605287724985
21.955,80.205,SAUSAR,"SAUSAR Gp.(MANSAR, JUNEWANI, SITASAONGI, LOHANGI , BICHUA Fm.)",PALAEOPROTEROZOIC,4.327127115775757
21.955,80.22,SAUSAR,"SAUSAR Gp.(MANSAR, JUNEWANI, SITASAONGI, LOHANGI , BICHUA Fm.)",PALAEOPROTEROZOIC,4.694717877897921
21.955,80.235,SAUSAR,"SAUSAR Gp.(MANSAR, JUNEWANI, SITASAONGI, LOHANGI , BICHUA Fm.)",PALAEOPROTEROZOIC,5.3289722050633594
21.955,80.25,SAUSAR,"SAUSAR Gp.(MANSAR, JUNEWANI, SITASAONGI, LOHANGI , BICHUA Fm.)",PALAEOPROTEROZOIC,6.172207827428829
21.955,80.265,SAUSAR,"SAUSAR Gp.(MANSAR, JUNEWANI, SITASAONGI, LOHANGI , BICHUA Fm.)",PALAEOPROTEROZOIC,7.23046522304208
21.955,80.28,SAUSAR,"SAUSAR Gp.(MANSAR, JUNEWANI, SITASAONGI, LOHANGI , BICHUA Fm.)",PALAEOPROTEROZOIC,7.104464303688251
21.955,80.295,SAUSAR,"SAUSAR Gp.(MANSAR, JUNEWANI, SITASAONGI, LOHANGI , BICHUA Fm.)",PALAEOPROTEROZOIC,6.981383760197676
21.955,80.31,SAUSAR,"SAUSAR Gp.(MANSAR, JUNEWANI, SITASAONGI, LOHANGI , BICHUA Fm.)",PALAEOPROTEROZOIC,7.051128564424705
21.955,80.325,SAUSAR,"SAUSAR Gp.(MANSAR, JUNEWANI, SITASAONGI, LOHANGI , BICHUA Fm.)",PALAEOPROTEROZOIC,5.6232632331027625
21.955,80.34,SAUSAR,"SAUSAR Gp.(MANSAR, JUNEWANI, SITASAONGI, LOHANGI , BICHUA Fm.)",PALAEOPROTEROZOIC,4.28027137165961
21.955,80.355,SAUSAR,"SAUSAR Gp.(MANSAR, JUNEWANI, SITASAONGI, LOHANGI , BICHUA Fm.)",PALAEOPROTEROZOIC,3.1332594707263755
21.955,80.37,SAUSAR,"SAUSAR Gp.(MANSAR, JUNEWANI, SITASAONGI, LOHANGI , BICHUA Fm.)",PALAEOPROTEROZOIC,2.376318205559839
21.955,80.385,SAUSAR,"SAUSAR Gp.(MANSAR, JUNEWANI, SITASAONGI, LOHANGI , BICHUA Fm.)",PALAEOPROTEROZOIC,1.5863886309045439
21.955,80.4,SAUSAR,"SAUSAR Gp.(MANSAR, JUNEWANI, SITASAONGI, LOHANGI , BICHUA Fm.)",PALAEOPROTEROZOIC,0.06290525647056174
21.955,80.415,TIRODI GNEISSIC COMPLEX,TIRODI GNEISSIC COMPLEX Gp.,ARCHAEAN,0.9158583450977802
21.955,80.43,TIRODI GNEISSIC COMPLEX,TIRODI GNEISSIC COMPLEX Gp.,ARCHAEAN,0.8278934530974761
21.955,80.445,TIRODI GNEISSIC COMPLEX,TIRODI GNEISSIC COMPLEX Gp.,ARCHAEAN,1.4743554421495912
21.955,80.46,TIRODI GNEISSIC COMPLEX,TIRODI GNEISSIC COMPLEX Gp.,ARCHAEAN,2.8791890625878613
21.955,80.475,TIRODI GNEISSIC COMPLEX,TIRODI GNEISSIC COMPLEX Gp.,ARCHAEAN,4.382087814731603
21.955,80.49,TIRODI GNEISSIC COMPLEX,TIRODI GNEISSIC COMPLEX Gp.,ARCHAEAN,4.4638576818093805
21.97,79.2,,DECCAN TRAP,LATE CRETACEOUS - PALAEOCENE,32.120441598474216
21.97,79.215,,DECCAN TRAP,LATE CRETACEOUS - PALAEOCENE,32.39407487093412
21.97,79.23,,DECCAN TRAP,LATE CRETACEOUS - PALAEOCENE,32.73874387494738
21.97,79.245,TIRODI GNEISSIC COMPLEX,TIRODI GNEISSIC COMPLEX Gp.,ARCHAEAN,33.1391310564604
21.97,79.26,TIRODI GNEISSIC COMPLEX,TIRODI GNEISSIC COMPLEX Gp.,ARCHAEAN,33.51413930997328
21.97,79.275,TIRODI GNEISSIC COMPLEX,TIRODI GNEISSIC COMPLEX Gp.,ARCHAEAN,33.80018353119533
21.97,79.29,,DECCAN TRAP,LATE CRETACEOUS - PALAEOCENE,34.003127531771135
21.97,79.305,TIRODI GNEISSIC COMPLEX,TIRODI GNEISSIC COMPLEX Gp.,ARCHAEAN,33.60483763737676
21.97,79.32,TIRODI GNEISSIC COMPLEX,TIRODI GNEISSIC COMPLEX Gp.,ARCHAEAN,33.273916042901554
21.97,79.335,TIRODI GNEISSIC COMPLEX,TIRODI GNEISSIC COMPLEX Gp.,ARCHAEAN,33.01238874314721
21.97,79.35,TIRODI GNEISSIC COMPLEX,TIRODI GNEISSIC COMPLEX Gp.,ARCHAEAN,32.82191459574397
21.97,79.365,TIRODI GNEISSIC COMPLEX,TIRODI GNEISSIC COMPLEX Gp.,ARCHAEAN,32.70373511443266
21.97,79.38,TIRODI GNEISSIC COMPLEX,TIRODI GNEISSIC COMPLEX Gp.,ARCHAEAN,32.658635131350295
21.97,79.395,,DECCAN TRAP,LATE CRETACEOUS - PALAEOCENE,32.68691714361246
21.97,79.41,,DECCAN TRAP,LATE CRETACEOUS - PALAEOCENE,32.78839126226128
21.97,79.425,,DECCAN TRAP,LATE CRETACEOUS - PALAEOCENE,32.09066811103357
21.97,79.44,,DECCAN TRAP,LATE CRETACEOUS - PALAEOCENE,31.26100789285844
21.97,79.455,,DECCAN TRAP,LATE CRETACEOUS - PALAEOCENE,30.430587922999514
21.97,79.47,,DECCAN TRAP,LATE CRETACEOUS - PALAEOCENE,29.64045894854343
21.97,79.485,,LATERITE / BAUXITE,CENOZOIC,28.900526678359462
21.97,79.5,,LATERITE / BAUXITE,CENOZOIC,28.170262271873398
21.97,79.515,,LATERITE / BAUXITE,CENOZOIC,27.507868985959764
21.97,79.53,,LATERITE / BAUXITE,CENOZOIC,26.918357701285334
21.97,79.545,,LATERITE / BAUXITE,CENOZOIC,26.406610006265375
21.97,79.56,,LATERITE / BAUXITE,CENOZOIC,25.977222103501916
21.97,79.575,,LATERITE / BAUXITE,CENOZOIC,25.60394722507678
21.97,79.59,,LATERITE / BAUXITE,CENOZOIC,25.29716415593119
21.97,79.605,,LATERITE / BAUXITE,CENOZOIC,25.082401413396788
21.97,79.62,,LATERITE / BAUXITE,CENOZOIC,24.962034221922607
21.97,79.635,TIRODI GNEISSIC COMPLEX,TIRODI GNEISSIC COMPLEX Gp.,ARCHAEAN,24.93742949530141
21.97,79.65,TIRODI GNEISSIC COMPLEX,TIRODI GNEISSIC COMPLEX Gp.,ARCHAEAN,25.00886987996156
21.97,79.665,TIRODI GNEISSIC COMPLEX,TIRODI GNEISSIC COMPLEX Gp.,ARCHAEAN,25.175537750276465
21.97,79.68,TIRODI GNEISSIC COMPLEX,TIRODI GNEISSIC COMPLEX Gp.,ARCHAEAN,25.435561225602413
21.97,79.695,TIRODI GNEISSIC COMPLEX,TIRODI GNEISSIC COMPLEX Gp.,ARCHAEAN,24.280633344767125
21.97,79.71,TIRODI GNEISSIC COMPLEX,TIRODI GNEISSIC COMPLEX Gp.,ARCHAEAN,22.966237314304305
21.97,79.725,TIRODI GNEISSIC COMPLEX,TIRODI GNEISSIC COMPLEX Gp.,ARCHAEAN,21.678176284403985
21.97,79.74,TIRODI GNEISSIC COMPLEX,TIRODI GNEISSIC COMPLEX Gp.,ARCHAEAN,20.3990986891396
21.97,79.755,TIRODI GNEISSIC COMPLEX,TIRODI GNEISSIC COMPLEX Gp.,ARCHAEAN,19.1598296741867
21.97,79.77,TIRODI GNEISSIC COMPLEX,TIRODI GNEISSIC COMPLEX Gp.,ARCHAEAN,17.968607749668877
21.97,79.785,TIRODI GNEISSIC COMPLEX,TIRODI GNEISSIC COMPLEX Gp.,ARCHAEAN,16.82301813895098
21.97,79.8,TIRODI GNEISSIC COMPLEX,TIRODI GNEISSIC COMPLEX Gp.,ARCHAEAN,15.462001363049458
21.97,79.815,TIRODI GNEISSIC COMPLEX,TIRODI GNEISSIC COMPLEX Gp.,ARCHAEAN,14.139624411611493
21.97,79.83,TIRODI GNEISSIC COMPLEX,TIRODI GNEISSIC COMPLEX Gp.,ARCHAEAN,12.867805421087265
21.97,79.845,TIRODI GNEISSIC COMPLEX,TIRODI GNEISSIC COMPLEX Gp.,ARCHAEAN,11.663095631585671
21.97,79.86,TIRODI GNEISSIC COMPLEX,TIRODI GNEISSIC COMPLEX Gp.,ARCHAEAN,10.54851309764033
21.97,79.875,TIRODI GNEISSIC COMPLEX,TIRODI GNEISSIC COMPLEX Gp.,ARCHAEAN,9.55564769828258
21.97,79.89,TIRODI GNEISSIC COMPLEX,TIRODI GNEISSIC COMPLEX Gp.,ARCHAEAN,8.726145930439374
21.97,79.905,TIRODI GNEISSIC COMPLEX,TIRODI GNEISSIC COMPLEX Gp.,ARCHAEAN,8.110289031099994
21.97,79.92,TIRODI GNEISSIC COMPLEX,TIRODI GNEISSIC COMPLEX Gp.,ARCHAEAN,7.713437242612438
21.97,79.935,TIRODI GNEISSIC COMPLEX,TIRODI GNEISSIC COMPLEX Gp.,ARCHAEAN,7.059944984431342
21.97,79.95,TIRODI GNEISSIC COMPLEX,TIRODI GNEISSIC COMPLEX Gp.,ARCHAEAN,6.431008995922109
21.97,79.965,TIRODI GNEISSIC COMPLEX,TIRODI GNEISSIC COMPLEX Gp.,ARCHAEAN,5.831919317882056
21.97,79.98,TIRODI GNEISSIC COMPLEX,TIRODI GNEISSIC COMPLEX Gp.,ARCHAEAN,5.5461367366787195
21.97,79.995,TIRODI GNEISSIC COMPLEX,TIRODI GNEISSIC COMPLEX Gp.,ARCHAEAN,5.683654456123759
21.97,80.01,TIRODI GNEISSIC COMPLEX,TIRODI GNEISSIC COMPLEX Gp.,ARCHAEAN,4.72897572369161
21.97,80.025,TIRODI GNEISSIC COMPLEX,TIRODI GNEISSIC COMPLEX Gp.,ARCHAEAN,3.6620490520634115
21.97,80.04,TIRODI GNEISSIC COMPLEX,TIRODI GNEISSIC COMPLEX Gp.,ARCHAEAN,2.589126126974364
21.97,80.055,TIRODI GNEISSIC COMPLEX,TIRODI GNEISSIC COMPLEX Gp.,ARCHAEAN,1.669589623900141
21.97,80.07,TIRODI GNEISSIC COMPLEX,TIRODI GNEISSIC COMPLEX Gp.,ARCHAEAN,0.9919339762160235
21.97,80.085,,ACID  INTRUSIVE / GRANITE / GRANODIORITE,NEOPROTEROZOIC,1.465520038649578
21.97,80.1,,ACID  INTRUSIVE / GRANITE / GRANODIORITE,NEOPROTEROZOIC,2.402571797787449
21.97,80.115,,ACID  INTRUSIVE / GRANITE / GRANODIORITE,NEOPROTEROZOIC,1.8801758723940893
21.97,80.13,,ACID  INTRUSIVE / GRANITE / GRANODIORITE,NEOPROTEROZOIC,1.2092866618505376
21.97,80.145,,ACID  INTRUSIVE / GRANITE / GRANODIORITE,NEOPROTEROZOIC,0.4953962422436727
21.97,80.16,SAUSAR,"SAUSAR Gp.(MANSAR, JUNEWANI, SITASAONGI, LOHANGI , BICHUA Fm.)",PALAEOPROTEROZOIC,0.3684700388959673
21.97,80.175,SAUSAR,"SAUSAR Gp.(MANSAR, JUNEWANI, SITASAONGI, LOHANGI , BICHUA Fm.)",PALAEOPROTEROZOIC,1.1773619589477051
21.97,80.19,SAUSAR,"SAUSAR Gp.(MANSAR, JUNEWANI, SITASAONGI, LOHANGI , BICHUA Fm.)",PALAEOPROTEROZOIC,2.0766596715433026
21.97,80.205,SAUSAR,"SAUSAR Gp.(MANSAR, JUNEWANI, SITASAONGI, LOHANGI , BICHUA Fm.)",PALAEOPROTEROZOIC,2.6817587783335926
21.97,80.22,SAUSAR,"SAUSAR Gp.(MANSAR, JUNEWANI, SITASAONGI, LOHANGI , BICHUA Fm.)",PALAEOPROTEROZOIC,3.1212287719219747
21.97,80.235,SAUSAR,"SAUSAR Gp.(MANSAR, JUNEWANI, SITASAONGI, LOHANGI , BICHUA Fm.)",PALAEOPROTEROZOIC,3.9059739109845237
21.97,80.25,SAUSAR,"SAUSAR Gp.(MANSAR, JUNEWANI, SITASAONGI, LOHANGI , BICHUA Fm.)",PALAEOPROTEROZOIC,4.970371998760988
21.97,80.265,SAUSAR,"SAUSAR Gp.(MANSAR, JUNEWANI, SITASAONGI, LOHANGI , BICHUA Fm.)",PALAEOPROTEROZOIC,6.240874051114129
21.97,80.28,SAUSAR,"SAUSAR Gp.(MANSAR, JUNEWANI, SITASAONGI, LOHANGI , BICHUA Fm.)",PALAEOPROTEROZOIC,7.615009227880088
21.97,80.295,SAUSAR,"SAUSAR Gp.(MANSAR, JUNEWANI, SITASAONGI, LOHANGI , BICHUA Fm.)",PALAEOPROTEROZOIC,8.649365288300473
21.97,80.31,SAUSAR,"SAUSAR Gp.(MANSAR, JUNEWANI, SITASAONGI, LOHANGI , BICHUA Fm.)",PALAEOPROTEROZOIC,7.7866298301519645
21.97,80.325,SAUSAR,"SAUSAR Gp.(MANSAR, JUNEWANI, SITASAONGI, LOHANGI , BICHUA Fm.)",PALAEOPROTEROZOIC,6.522123910131185
21.97,80.34,SAUSAR,"SAUSAR Gp.(MANSAR, JUNEWANI, SITASAONGI, LOHANGI , BICHUA Fm.)",PALAEOPROTEROZOIC,5.13543711795607
21.97,80.355,SAUSAR,"SAUSAR Gp.(MANSAR, JUNEWANI, SITASAONGI, LOHANGI , BICHUA Fm.)",PALAEOPROTEROZOIC,3.765398199672631
21.97,80.37,SAUSAR,"SAUSAR Gp.(MANSAR, JUNEWANI, SITASAONGI, LOHANGI , BICHUA Fm.)",PALAEOPROTEROZOIC,2.3863755358772014
21.97,80.385,SAUSAR,"SAUSAR Gp.(MANSAR, JUNEWANI, SITASAONGI, LOHANGI , BICHUA Fm.)",PALAEOPROTEROZOIC,0.8754685983317747
21.97,80.4,TIRODI GNEISSIC COMPLEX,TIRODI GNEISSIC COMPLEX Gp.,ARCHAEAN,0.02273135035336487
21.97,80.415,TIRODI GNEISSIC COMPLEX,TIRODI GNEISSIC COMPLEX Gp.,ARCHAEAN,0.9314706693174165
21.97,80.43,TIRODI GNEISSIC COMPLEX,TIRODI GNEISSIC COMPLEX Gp.,ARCHAEAN,1.5669267488392868
21.97,80.445,TIRODI GNEISSIC COMPLEX,TIRODI GNEISSIC COMPLEX Gp.,ARCHAEAN,2.3191533427242885
21.97,80.46,TIRODI GNEISSIC COMPLEX,TIRODI GNEISSIC COMPLEX Gp.,ARCHAEAN,3.1213520012629425
21.97,80.475,TIRODI GNEISSIC COMPLEX,TIRODI GNEISSIC COMPLEX Gp.,ARCHAEAN,3.4502911944143
21.97,80.49,TIRODI GNEISSIC COMPLEX,TIRODI GNEISSIC COMPLEX Gp.,ARCHAEAN,2.846962863760277
21.985,79.2,,DECCAN TRAP,LATE CRETACEOUS - PALAEOCENE,33.771385581523425
21.985,79.215,,DECCAN TRAP,LATE CRETACEOUS - PALAEOCENE,34.0316921773895
21.985,79.23,,DECCAN TRAP,LATE CRETACEOUS - PALAEOCENE,34.359868931695914
21.985,79.245,,DECCAN TRAP,LATE CRETACEOUS - PALAEOCENE,34.75399323439127
21.985,79.26,,DECCAN TRAP,LATE CRETACEOUS - PALAEOCENE,35.1400054856901
21.985,79.275,,DECCAN TRAP,LATE CRETACEOUS - PALAEOCENE,35.439229277778615
21.985,79.29,,DECCAN TRAP,LATE CRETACEOUS - PALAEOCENE,35.60964948891937
21.985,79.305,,DECCAN TRAP,LATE CRETACEOUS - PALAEOCENE,35.229607673649745
21.985,79.32,,DECCAN TRAP,LATE CRETACEOUS - PALAEOCENE,34.91415628568086
21.985,79.335,TIRODI GNEISSIC COMPLEX,TIRODI GNEISSIC COMPLEX Gp.,ARCHAEAN,34.66505868491579
21.985,79.35,,DECCAN TRAP,LATE CRETACEOUS - PALAEOCENE,34.483752845397014
21.985,79.365,,DECCAN TRAP,LATE CRETACEOUS - PALAEOCENE,34.37131157174921
21.985,79.38,,DECCAN TRAP,LATE CRETACEOUS - PALAEOCENE,34.32841155964195
21.985,79.395,,DECCAN TRAP,LATE CRETACEOUS - PALAEOCENE,34.35531332181559
21.985,79.41,,DECCAN TRAP,LATE CRETACEOUS - PALAEOCENE,34.33905841244295
21.985,79.425,,DECCAN TRAP,LATE CRETACEOUS - PALAEOCENE,33.493682096931565
21.985,79.44,,LATERITE / BAUXITE,CENOZOIC,32.66865598998608
21.985,79.455,,LATERITE / BAUXITE,CENOZOIC,31.858943890330522
21.985,79.47,,LATERITE / BAUXITE,CENOZOIC,31.10528025285205
21.985,79.485,,LATERITE / BAUXITE,CENOZOIC,30.364283918989212
21.985,79.5,,LATERITE / BAUXITE,CENOZOIC,29.67021701667917
21.985,79.515,,LATERITE / BAUXITE,CENOZOIC,29.042189137645142
21.985,79.53,,LATERITE / BAUXITE,CENOZOIC,28.484568702768378
21.985,79.545,,LATERITE / BAUXITE,CENOZOIC,28.001562289357597
21.985,79.56,,LATERITE / BAUXITE,CENOZOIC,27.597087877036575
21.985,79.575,,LATERITE / BAUXITE,CENOZOIC,27.23260320484048
21.985,79.59,,LATERITE / BAUXITE,CENOZOIC,26.944431289230497
21.985,79.605,,LATERITE / BAUXITE,CENOZOIC,26.742943178975313
21.985,79.62,,LATERITE / BAUXITE,CENOZOIC,26.630106541916135
21.985,79.635,TIRODI GNEISSIC COMPLEX,TIRODI GNEISSIC COMPLEX Gp.,ARCHAEAN,26.60704927608039
21.985,79.65,TIRODI GNEISSIC COMPLEX,TIRODI GNEISSIC COMPLEX Gp.,ARCHAEAN,26.674004200940644
21.985,79.665,TIRODI GNEISSIC COMPLEX,TIRODI GNEISSIC COMPLEX Gp.,ARCHAEAN,26.830297449523208
21.985,79.68,TIRODI GNEISSIC COMPLEX,TIRODI GNEISSIC COMPLEX Gp.,ARCHAEAN,26.472973130468862
21.985,79.695,TIRODI GNEISSIC COMPLEX,TIRODI GNEISSIC COMPLEX Gp.,ARCHAEAN,25.178073715793907
21.985,79.71,TIRODI GNEISSIC COMPLEX,TIRODI GNEISSIC COMPLEX Gp.,ARCHAEAN,23.892334028660805
21.985,79.725,TIRODI GNEISSIC COMPLEX,TIRODI GNEISSIC COMPLEX Gp.,ARCHAEAN,22.632718902186866
21.985,79.74,TIRODI GNEISSIC COMPLEX,TIRODI GNEISSIC COMPLEX Gp.,ARCHAEAN,21.411007371438032
21.985,79.755,TIRODI GNEISSIC COMPLEX,TIRODI GNEISSIC COMPLEX Gp.,ARCHAEAN,20.234066338731925
21.985,79.77,TIRODI GNEISSIC COMPLEX,TIRODI GNEISSIC COMPLEX Gp.,ARCHAEAN,18.978044358717295
21.985,79.785,TIRODI GNEISSIC COMPLEX,TIRODI GNEISSIC COMPLEX Gp.,ARCHAEAN,17.64766461470078
21.985,79.8,TIRODI GNEISSIC COMPLEX,TIRODI GNEISSIC COMPLEX Gp.,ARCHAEAN,16.355699227197412
21.985,79.815,TIRODI GNEISSIC COMPLEX,TIRODI GNEISSIC COMPLEX Gp.,ARCHAEAN,15.11200384641936
21.985,79.83,TIRODI GNEISSIC COMPLEX,TIRODI GNEISSIC COMPLEX Gp.,ARCHAEAN,13.92951382798066
21.985,79.845,TIRODI GNEISSIC COMPLEX,TIRODI GNEISSIC COMPLEX Gp.,ARCHAEAN,12.825169897497606
21.985,79.86,TIRODI GNEISSIC COMPLEX,TIRODI GNEISSIC COMPLEX Gp.,ARCHAEAN,11.820894319023264
21.985,79.875,TIRODI GNEISSIC COMPLEX,TIRODI GNEISSIC COMPLEX Gp.,ARCHAEAN,10.944269472624368
21.985,79.89,TIRODI GNEISSIC COMPLEX,TIRODI GNEISSIC COMPLEX Gp.,ARCHAEAN,10.228169839388777
21.985,79.905,TIRODI GNEISSIC COMPLEX,TIRODI GNEISSIC COMPLEX Gp.,ARCHAEAN,9.708182858980882
21.985,79.92,TIRODI GNEISSIC COMPLEX,TIRODI GNEISSIC COMPLEX Gp.,ARCHAEAN,9.278095301251803
21.985,79.935,TIRODI GNEISSIC COMPLEX,TIRODI GNEISSIC COMPLEX Gp.,ARCHAEAN,8.569285386630638
21.985,79.95,TIRODI GNEISSIC COMPLEX,TIRODI GNEISSIC COMPLEX Gp.,ARCHAEAN,7.95887533372782
21.985,79.965,TIRODI GNEISSIC COMPLEX,TIRODI GNEISSIC COMPLEX Gp.,ARCHAEAN,7.436249134619982
21.985,79.98,TIRODI GNEISSIC COMPLEX,TIRODI GNEISSIC COMPLEX Gp.,ARCHAEAN,7.214349450401966
21.985,79.995,TIRODI GNEISSIC COMPLEX,TIRODI GNEISSIC COMPLEX Gp.,ARCHAEAN,7.012336934676663
21.985,80.01,TIRODI GNEISSIC COMPLEX,TIRODI GNEISSIC COMPLEX Gp.,ARCHAEAN,5.937476743917808
21.985,80.025,TIRODI GNEISSIC COMPLEX,TIRODI GNEISSIC COMPLEX Gp.,ARCHAEAN,4.867105754108038
21.985,80.04,TIRODI GNEISSIC COMPLEX,TIRODI GNEISSIC COMPLEX Gp.,ARCHAEAN,3.866827118880863
21.985,80.055,TIRODI GNEISSIC COMPLEX,TIRODI GNEISSIC COMPLEX Gp.,ARCHAEAN,3.1743711164836945
21.985,80.07,TIRODI GNEISSIC COMPLEX,TIRODI GNEISSIC COMPLEX Gp.,ARCHAEAN,2.6087789889299997
21.985,80.085,TIRODI GNEISSIC COMPLEX,TIRODI GNEISSIC COMPLEX Gp.,ARCHAEAN,2.822994489079598
21.985,80.1,TIRODI GNEISSIC COMPLEX,TIRODI GNEISSIC COMPLEX Gp.,ARCHAEAN,2.1327580657334355
21.985,80.115,TIRODI GNEISSIC COMPLEX,TIRODI GNEISSIC COMPLEX Gp.,ARCHAEAN,1.733944963379292
21.985,80.13,,ACID  INTRUSIVE / GRANITE / GRANODIORITE,NEOPROTEROZOIC,2.1741132533424734
21.985,80.145,,ACID  INTRUSIVE / GRANITE / GRANODIORITE,NEOPROTEROZOIC,1.886222654461978
21.985,80.16,,ACID  INTRUSIVE / GRANITE / GRANODIORITE,NEOPROTEROZOIC,1.0568616246378173
21.985,80.175,,ACID  INTRUSIVE / GRANITE / GRANODIORITE,NEOPROTEROZOIC,0.19080199699524303
21.985,80.19,SAUSAR,"SAUSAR Gp.(MANSAR, JUNEWANI, SITASAONGI, LOHANGI , BICHUA Fm.)",PALAEOPROTEROZOIC,0.8495800165827545
21.985,80.205,SAUSAR,"SAUSAR Gp.(MANSAR, JUNEWANI, SITASAONGI, LOHANGI , BICHUA Fm.)",PALAEOPROTEROZOIC,1.0674355574773353
21.985,80.22,SAUSAR,"SAUSAR Gp.(MANSAR, JUNEWANI, SITASAONGI, LOHANGI , BICHUA Fm.)",PALAEOPROTEROZOIC,1.6684287109685787
21.985,80.235,SAUSAR,"SAUSAR Gp.(MANSAR, JUNEWANI, SITASAONGI, LOHANGI , BICHUA Fm.)",PALAEOPROTEROZOIC,2.7282850217368204
21.985,80.25,SAUSAR,"SAUSAR Gp.(MANSAR, JUNEWANI, SITASAONGI, LOHANGI , BICHUA Fm.)",PALAEOPROTEROZOIC,4.109684726122865
21.985,80.265,SAUSAR,"SAUSAR Gp.(MANSAR, JUNEWANI, SITASAONGI, LOHANGI , BICHUA Fm.)",PALAEOPROTEROZOIC,5.351517305669186
21.985,80.28,SAUSAR,"SAUSAR Gp.(MANSAR, JUNEWANI, SITASAONGI, LOHANGI , BICHUA Fm.)",PALAEOPROTEROZOIC,6.565799295357138
21.985,80.295,SAUSAR,"SAUSAR Gp.(MANSAR, JUNEWANI, SITASAONGI, LOHANGI , BICHUA Fm.)",PALAEOPROTEROZOIC,7.450738129699028
21.985,80.31,SAUSAR,"SAUSAR Gp.(MANSAR, JUNEWANI, SITASAONGI, LOHANGI , BICHUA Fm.)",PALAEOPROTEROZOIC,7.779480284515068
21.985,80.325,SAUSAR,"SAUSAR Gp.(MANSAR, JUNEWANI, SITASAONGI, LOHANGI , BICHUA Fm.)",PALAEOPROTEROZOIC,6.235573984100164
21.985,80.34,SAUSAR,"SAUSAR Gp.(MANSAR, JUNEWANI, SITASAONGI, LOHANGI , BICHUA Fm.)",PALAEOPROTEROZOIC,4.694612285511804
21.985,80.355,SAUSAR,"SAUSAR Gp.(MANSAR, JUNEWANI, SITASAONGI, LOHANGI , BICHUA Fm.)",PALAEOPROTEROZOIC,3.1609046644012126
21.985,80.37,SAUSAR,"SAUSAR Gp.(MANSAR, JUNEWANI, SITASAONGI, LOHANGI , BICHUA Fm.)",PALAEOPROTEROZOIC,1.6479646939250043
21.985,80.385,SAUSAR,"SAUSAR Gp.(MANSAR, JUNEWANI, SITASAONGI, LOHANGI , BICHUA Fm.)",PALAEOPROTEROZOIC,0.3362495278583448
21.985,80.4,TIRODI GNEISSIC COMPLEX,TIRODI GNEISSIC COMPLEX Gp.,ARCHAEAN,0.6260301820480447
21.985,80.415,TIRODI GNEISSIC COMPLEX,TIRODI GNEISSIC COMPLEX Gp.,ARCHAEAN,0.6858624866597275
21.985,80.43,TIRODI GNEISSIC COMPLEX,TIRODI GNEISSIC COMPLEX Gp.,ARCHAEAN,0.04761942143208982
21.985,80.445,TIRODI GNEISSIC COMPLEX,TIRODI GNEISSIC COMPLEX Gp.,ARCHAEAN,0.9681821195656938
21.985,80.46,TIRODI GNEISSIC COMPLEX,TIRODI GNEISSIC COMPLEX Gp.,ARCHAEAN,1.5885469675877002
21.985,80.475,TIRODI GNEISSIC COMPLEX,TIRODI GNEISSIC COMPLEX Gp.,ARCHAEAN,1.7809452006141928
21.985,80.49,TIRODI GNEISSIC COMPLEX,TIRODI GNEISSIC COMPLEX Gp.,ARCHAEAN,1.3641237777904136
22.0,79.2,,DECCAN TRAP,LATE CRETACEOUS - PALAEOCENE,35.42409717985286
22.0,79.215,,DECCAN TRAP,LATE CRETACEOUS - PALAEOCENE,35.67229341437504
22.0,79.23,,DECCAN TRAP,LATE CRETACEOUS - PALAEOCENE,35.98544556058494
22.0,79.245,,DECCAN TRAP,LATE CRETACEOUS - PALAEOCENE,36.36187543657961
22.0,79.26,,DECCAN TRAP,LATE CRETACEOUS - PALAEOCENE,36.75904540561427
22.0,79.275,,DECCAN TRAP,LATE CRETACEOUS - PALAEOCENE,37.0810193488474
22.0,79.29,,DECCAN TRAP,LATE CRETACEOUS - PALAEOCENE,37.221741567271664
22.0,79.305,,DECCAN TRAP,LATE CRETACEOUS - PALAEOCENE,36.85840281303925
22.0,79.32,,DECCAN TRAP,LATE CRETACEOUS - PALAEOCENE,36.557073034841416
22.0,79.335,,DECCAN TRAP,LATE CRETACEOUS - PALAEOCENE,36.31929567241259
22.0,79.35,TIRODI GNEISSIC COMPLEX,TIRODI GNEISSIC COMPLEX Gp.,ARCHAEAN,36.14632492694768
22.0,79.365,,DECCAN TRAP,LATE CRETACEOUS - PALAEOCENE,36.039093934611905
22.0,79.38,,DECCAN TRAP,LATE CRETACEOUS - PALAEOCENE,35.998190174646766
22.0,79.395,,DECCAN TRAP,LATE CRETACEOUS - PALAEOCENE,36.02383958424256
22.0,79.41,,DECCAN TRAP,LATE CRETACEOUS - PALAEOCENE,35.73165257911436
22.0,79.425,,LATERITE / BAUXITE,CENOZOIC,34.91145577266159
22.0,79.44,,LATERITE / BAUXITE,CENOZOIC,34.08486607330048
22.0,79.455,,LATERITE / BAUXITE,CENOZOIC,33.30976380315696
22.0,79.47,,LATERITE / BAUXITE,CENOZOIC,32.56944184811505
22.0,79.485,,LATERITE / BAUXITE,CENOZOIC,31.848319804782804
22.0,79.5,,LATERITE / BAUXITE,CENOZOIC,31.18743857383362
22.0,79.515,,LATERITE / BAUXITE,CENOZOIC,30.59070273015188
22.0,79.53,,LATERITE / BAUXITE,CENOZOIC,30.061932415787076
22.0,79.545,,LATERITE / BAUXITE,CENOZOIC,29.60476964843891
22.0,79.56,,LATERITE / BAUXITE,CENOZOIC,29.217231530368725
22.0,79.575,,LATERITE / BAUXITE,CENOZOIC,28.86596094571323
22.0,79.59,,LATERITE / BAUXITE,CENOZOIC,28.594312418008272
22.0,79.605,,LATERITE / BAUXITE,CENOZOIC,28.404570447673287
22.0,79.62,,LATERITE / BAUXITE,CENOZOIC,28.298382644489752
22.0,79.635,,LATERITE / BAUXITE,CENOZOIC,28.276690340102306
22.0,79.65,,LATERITE / BAUXITE,CENOZOIC,28.339687563645843
22.0,79.665,TIRODI GNEISSIC COMPLEX,TIRODI GNEISSIC COMPLEX Gp.,ARCHAEAN,28.486812460137454
22.0,79.68,TIRODI GNEISSIC COMPLEX,TIRODI GNEISSIC COMPLEX Gp.,ARCHAEAN,27.391031212375324
22.0,79.695,TIRODI GNEISSIC COMPLEX,TIRODI GNEISSIC COMPLEX Gp.,ARCHAEAN,26.116842942658028
22.0,79.71,TIRODI GNEISSIC COMPLEX,TIRODI GNEISSIC COMPLEX Gp.,ARCHAEAN,24.873767266429482
22.0,79.725,TIRODI GNEISSIC COMPLEX,TIRODI GNEISSIC COMPLEX Gp.,ARCHAEAN,23.666707187027157
22.0,79.74,TIRODI GNEISSIC COMPLEX,TIRODI GNEISSIC COMPLEX Gp.,ARCHAEAN,22.493816527933955
22.0,79.755,TIRODI GNEISSIC COMPLEX,TIRODI GNEISSIC COMPLEX Gp.,ARCHAEAN,21.158169744655517
22.0,79.77,TIRODI GNEISSIC COMPLEX,TIRODI GNEISSIC COMPLEX Gp.,ARCHAEAN,19.853423639612117
22.0,79.785,TIRODI GNEISSIC COMPLEX,TIRODI GNEISSIC COMPLEX Gp.,ARCHAEAN,18.586087049271942
22.0,79.8,TIRODI GNEISSIC COMPLEX,TIRODI GNEISSIC COMPLEX Gp.,ARCHAEAN,17.36435290217493
22.0,79.815,TIRODI GNEISSIC COMPLEX,TIRODI GNEISSIC COMPLEX Gp.,ARCHAEAN,16.198542833797717
22.0,79.83,TIRODI GNEISSIC COMPLEX,TIRODI GNEISSIC COMPLEX Gp.,ARCHAEAN,15.101614035739349
22.0,79.845,TIRODI GNEISSIC COMPLEX,TIRODI GNEISSIC COMPLEX Gp.,ARCHAEAN,14.089663635071341
22.0,79.86,TIRODI GNEISSIC COMPLEX,TIRODI GNEISSIC COMPLEX Gp.,ARCHAEAN,13.182276530759612
22.0,79.875,TIRODI GNEISSIC COMPLEX,TIRODI GNEISSIC COMPLEX Gp.,ARCHAEAN,12.4024241999833
22.0,79.89,TIRODI GNEISSIC COMPLEX,TIRODI GNEISSIC COMPLEX Gp.,ARCHAEAN,11.775472638420881
22.0,79.905,TIRODI GNEISSIC COMPLEX,TIRODI GNEISSIC COMPLEX Gp.,ARCHAEAN,11.32683998293514
22.0,79.92,TIRODI GNEISSIC COMPLEX,TIRODI GNEISSIC COMPLEX Gp.,ARCHAEAN,10.736873633401661
22.0,79.935,TIRODI GNEISSIC COMPLEX,TIRODI GNEISSIC COMPLEX Gp.,ARCHAEAN,10.115574616038549
22.0,79.95,TIRODI GNEISSIC COMPLEX,TIRODI GNEISSIC COMPLEX Gp.,ARCHAEAN,9.49763008698048
22.0,79.965,TIRODI GNEISSIC COMPLEX,TIRODI GNEISSIC COMPLEX Gp.,ARCHAEAN,9.06425855502101
22.0,79.98,TIRODI GNEISSIC COMPLEX,TIRODI GNEISSIC COMPLEX Gp.,ARCHAEAN,8.883158636114636
22.0,79.995,TIRODI GNEISSIC COMPLEX,TIRODI GNEISSIC COMPLEX Gp.,ARCHAEAN,8.213561985495652
22.0,80.01,TIRODI GNEISSIC COMPLEX,TIRODI GNEISSIC COMPLEX Gp.,ARCHAEAN,7.138525601002721
22.0,80.025,TIRODI GNEISSIC COMPLEX,TIRODI GNEISSIC COMPLEX Gp.,ARCHAEAN,6.11801522135571
22.0,80.04,TIRODI GNEISSIC COMPLEX,TIRODI GNEISSIC COMPLEX Gp.,ARCHAEAN,5.35588288686475
22.0,80.055,TIRODI GNEISSIC COMPLEX,TIRODI GNEISSIC COMPLEX Gp.,ARCHAEAN,4.672748757760955
22.0,80.07,TIRODI GNEISSIC COMPLEX,TIRODI GNEISSIC COMPLEX Gp.,ARCHAEAN,4.266613021446687
22.0,80.085,TIRODI GNEISSIC COMPLEX,TIRODI GNEISSIC COMPLEX Gp.,ARCHAEAN,2.7956953298284692
22.0,80.1,TIRODI GNEISSIC COMPLEX,TIRODI GNEISSIC COMPLEX Gp.,ARCHAEAN,1.249176450389408
22.0,80.115,TIRODI GNEISSIC COMPLEX,TIRODI GNEISSIC COMPLEX Gp.,ARCHAEAN,0.12526631761419313
22.0,80.13,TIRODI GNEISSIC COMPLEX,TIRODI GNEISSIC COMPLEX Gp.,ARCHAEAN,0.5327341537285935
22.0,80.145,TIRODI GNEISSIC COMPLEX,TIRODI GNEISSIC COMPLEX Gp.,ARCHAEAN,0.6998725472033273
22.0,80.16,TIRODI GNEISSIC COMPLEX,TIRODI GNEISSIC COMPLEX Gp.,ARCHAEAN,0.7571129517296901
22.0,80.175,TIRODI GNEISSIC COMPLEX,TIRODI GNEISSIC COMPLEX Gp.,ARCHAEAN,0.9416253268396733
22.0,80.19,TIRODI GNEISSIC COMPLEX,TIRODI GNEISSIC COMPLEX Gp.,ARCHAEAN,0.8116399543469349
22.0,80.205,TIRODI GNEISSIC COMPLEX,TIRODI GNEISSIC COMPLEX Gp.,ARCHAEAN,0.5458142427970184
22.0,80.22,SAUSAR,"SAUSAR Gp.(MANSAR, JUNEWANI, SITASAONGI, LOHANGI , BICHUA Fm.)",PALAEOPROTEROZOIC,0.74622774734108
22.0,80.235,SAUSAR,"SAUSAR Gp.(MANSAR, JUNEWANI, SITASAONGI, LOHANGI , BICHUA Fm.)",PALAEOPROTEROZOIC,2.043835762741991
22.0,80.25,SAUSAR,"SAUSAR Gp.(MANSAR, JUNEWANI, SITASAONGI, LOHANGI , BICHUA Fm.)",PALAEOPROTEROZOIC,3.102438680592343
22.0,80.265,SAUSAR,"SAUSAR Gp.(MANSAR, JUNEWANI, SITASAONGI, LOHANGI , BICHUA Fm.)",PALAEOPROTEROZOIC,4.3276442619549575
22.0,80.28,SAUSAR,"SAUSAR Gp.(MANSAR, JUNEWANI, SITASAONGI, LOHANGI , BICHUA Fm.)",PALAEOPROTEROZOIC,5.182429498551955
22.0,80.295,SAUSAR,"SAUSAR Gp.(MANSAR, JUNEWANI, SITASAONGI, LOHANGI , BICHUA Fm.)",PALAEOPROTEROZOIC,6.232364354613574
22.0,80.31,SAUSAR,"SAUSAR Gp.(MANSAR, JUNEWANI, SITASAONGI, LOHANGI , BICHUA Fm.)",PALAEOPROTEROZOIC,7.4579537212834754
22.0,80.325,SAUSAR,"SAUSAR Gp.(MANSAR, JUNEWANI, SITASAONGI, LOHANGI , BICHUA Fm.)",PALAEOPROTEROZOIC,6.289877122013927
22.0,80.34,SAUSAR,"SAUSAR Gp.(MANSAR, JUNEWANI, SITASAONGI, LOHANGI , BICHUA Fm.)",PALAEOPROTEROZOIC,4.757145638891142
22.0,80.355,SAUSAR,"SAUSAR Gp.(MANSAR, JUNEWANI, SITASAONGI, LOHANGI , BICHUA Fm.)",PALAEOPROTEROZOIC,3.2391717101999404
22.0,80.37,SAUSAR,"SAUSAR Gp.(MANSAR, JUNEWANI, SITASAONGI, LOHANGI , BICHUA Fm.)",PALAEOPROTEROZOIC,1.7742464388156456
22.0,80.385,SAUSAR,"SAUSAR Gp.(MANSAR, JUNEWANI, SITASAONGI, LOHANGI , BICHUA Fm.)",PALAEOPROTEROZOIC,0.6013434672193365
22.0,80.4,SAUSAR,"SAUSAR Gp.(MANSAR, JUNEWANI, SITASAONGI, LOHANGI , BICHUA Fm.)",PALAEOPROTEROZOIC,0.752577995011298
22.0,80.415,SAUSAR,"SAUSAR Gp.(MANSAR, JUNEWANI, SITASAONGI, LOHANGI , BICHUA Fm.)",PALAEOPROTEROZOIC,0.5115908705072783
22.0,80.43,SAUSAR,"SAUSAR Gp.(MANSAR, JUNEWANI, SITASAONGI, LOHANGI , BICHUA Fm.)",PALAEOPROTEROZOIC,1.214721972511743
22.0,80.445,SAUSAR,"SAUSAR Gp.(MANSAR, JUNEWANI, SITASAONGI, LOHANGI , BICHUA Fm.)",PALAEOPROTEROZOIC,0.5610337404047228
22.0,80.46,TIRODI GNEISSIC COMPLEX,TIRODI GNEISSIC COMPLEX Gp.,ARCHAEAN,0.19989365002027604
22.0,80.475,TIRODI GNEISSIC COMPLEX,TIRODI GNEISSIC COMPLEX Gp.,ARCHAEAN,0.11223544898568273
22.0,80.49,TIRODI GNEISSIC COMPLEX,TIRODI GNEISSIC COMPLEX Gp.,ARCHAEAN,0.17477242290954959
22.015,79.2,,DECCAN TRAP,LATE CRETACEOUS - PALAEOCENE,37.07834002780586
22.015,79.215,,DECCAN TRAP,LATE CRETACEOUS - PALAEOCENE,37.315485012259025
22.015,79.23,,DECCAN TRAP,LATE CRETACEOUS - PALAEOCENE,37.61489662467034
22.015,79.245,,DECCAN TRAP,LATE CRETACEOUS - PALAEOCENE,37.975102085065075
22.015,79.26,,DECCAN TRAP,LATE CRETACEOUS - PALAEOCENE,38.378069601908045
22.015,79.275,,DECCAN TRAP,LATE CRETACEOUS - PALAEOCENE,38.725204701652814
22.015,79.29,,DECCAN TRAP,LATE CRETACEOUS - PALAEOCENE,38.838710170116094
22.015,79.305,,DECCAN TRAP,LATE CRETACEOUS - PALAEOCENE,38.49071207323949
22.015,79.32,TIRODI GNEISSIC COMPLEX,TIRODI GNEISSIC COMPLEX Gp.,ARCHAEAN,38.202320977052665
22.015,79.335,,DECCAN TRAP,LATE CRETACEOUS - PALAEOCENE,37.974894918412055
22.015,79.35,,DECCAN TRAP,LATE CRETACEOUS - PALAEOCENE,37.80953403570438
22.015,79.365,,DECCAN TRAP,LATE CRETACEOUS - PALAEOCENE,37.70705488143708
22.015,79.38,,DECCAN TRAP,LATE CRETACEOUS - PALAEOCENE,37.66797068556119
22.015,79.395,,DECCAN TRAP,LATE CRETACEOUS - PALAEOCENE,37.692478655653
22.015,79.41,,DECCAN TRAP,LATE CRETACEOUS - PALAEOCENE,37.147105954789254
22.015,79.425,,DECCAN TRAP,LATE CRETACEOUS - PALAEOCENE,36.31681587637839
22.015,79.44,,DECCAN TRAP,LATE CRETACEOUS - PALAEOCENE,35.523112682420276
22.015,79.455,,DECCAN TRAP,LATE CRETACEOUS - PALAEOCENE,34.78023659780159
22.015,79.47,,DECCAN TRAP,LATE CRETACEOUS - PALAEOCENE,34.03910824231602
22.015,79.485,,DECCAN TRAP,LATE CRETACEOUS - PALAEOCENE,33.349927312102295
22.015,79.5,,DECCAN TRAP,LATE CRETACEOUS - PALAEOCENE,32.71952501817342
22.015,79.515,,LATERITE / BAUXITE,CENOZOIC,32.15135902274143
22.015,79.53,,LATERITE / BAUXITE,CENOZOIC,31.648781343134313
22.015,79.545,,LATERITE / BAUXITE,CENOZOIC,31.214960161816748
22.015,79.56,,LATERITE / BAUXITE,CENOZOIC,30.835819839090764
22.015,79.575,,LATERITE / BAUXITE,CENOZOIC,30.50326516174846
22.015,79.59,,LATERITE / BAUXITE,CENOZOIC,30.246379780214706
22.015,79.605,,LATERITE / BAUXITE,CENOZOIC,30.067103252425145
22.015,79.62,,LATERITE / BAUXITE,CENOZOIC,29.96682849547109
22.015,79.635,,LATERITE / BAUXITE,CENOZOIC,29.946349127463467
22.015,79.65,,LATERITE / BAUXITE,CENOZOIC,30.005828533017635
22.015,79.665,TIRODI GNEISSIC COMPLEX,TIRODI GNEISSIC COMPLEX Gp.,ARCHAEAN,29.60802975439353
22.015,79.68,TIRODI GNEISSIC COMPLEX,TIRODI GNEISSIC COMPLEX Gp.,ARCHAEAN,28.3492123962435
22.015,79.695,TIRODI GNEISSIC COMPLEX,TIRODI GNEISSIC COMPLEX Gp.,ARCHAEAN,27.120345959069773
22.015,79.71,TIRODI GNEISSIC COMPLEX,TIRODI GNEISSIC COMPLEX Gp.,ARCHAEAN,25.925689774697243
22.015,79.725,TIRODI GNEISSIC COMPLEX,TIRODI GNEISSIC COMPLEX Gp.,ARCHAEAN,24.669840264988352
22.015,79.74,TIRODI GNEISSIC COMPLEX,TIRODI GNEISSIC COMPLEX Gp.,ARCHAEAN,23.356301442839825
22.015,79.755,TIRODI GNEISSIC COMPLEX,TIRODI GNEISSIC COMPLEX Gp.,ARCHAEAN,22.073185528589498
22.015,79.77,TIRODI GNEISSIC COMPLEX,TIRODI GNEISSIC COMPLEX Gp.,ARCHAEAN,20.826116430391764
22.015,79.785,TIRODI GNEISSIC COMPLEX,TIRODI GNEISSIC COMPLEX Gp.,ARCHAEAN,19.621968190446765
22.015,79.8,TIRODI GNEISSIC COMPLEX,TIRODI GNEISSIC COMPLEX Gp.,ARCHAEAN,18.46913776177831
22.015,79.815,TIRODI GNEISSIC COMPLEX,TIRODI GNEISSIC COMPLEX Gp.,ARCHAEAN,17.377841280267127
22.015,79.83,TIRODI GNEISSIC COMPLEX,TIRODI GNEISSIC COMPLEX Gp.,ARCHAEAN,16.360396980597287
22.015,79.845,TIRODI GNEISSIC COMPLEX,TIRODI GNEISSIC COMPLEX Gp.,ARCHAEAN,15.431419735892332
22.015,79.86,TIRODI GNEISSIC COMPLEX,TIRODI GNEISSIC COMPLEX Gp.,ARCHAEAN,14.607797392824413
22.015,79.875,TIRODI GNEISSIC COMPLEX,TIRODI GNEISSIC COMPLEX Gp.,ARCHAEAN,13.908259351058208
22.015,79.89,TIRODI GNEISSIC COMPLEX,TIRODI GNEISSIC COMPLEX Gp.,ARCHAEAN,13.352322479058024
22.015,79.905,TIRODI GNEISSIC COMPLEX,TIRODI GNEISSIC COMPLEX Gp.,ARCHAEAN,12.941880024800174
22.015,79.92,TIRODI GNEISSIC COMPLEX,TIRODI GNEISSIC COMPLEX Gp.,ARCHAEAN,12.24828667330892
22.015,79.935,TIRODI GNEISSIC COMPLEX,TIRODI GNEISSIC COMPLEX Gp.,ARCHAEAN,11.63950671478398
22.015,79.95,TIRODI GNEISSIC COMPLEX,TIRODI GNEISSIC COMPLEX Gp.,ARCHAEAN,11.074417399403355
22.015,79.965,TIRODI GNEISSIC COMPLEX,TIRODI GNEISSIC COMPLEX Gp.,ARCHAEAN,10.705149639817469
22.015,79.98,TIRODI GNEISSIC COMPLEX,TIRODI GNEISSIC COMPLEX Gp.,ARCHAEAN,10.489731532015693
22.015,79.995,TIRODI GNEISSIC COMPLEX,TIRODI GNEISSIC COMPLEX Gp.,ARCHAEAN,9.412333303747126
22.015,80.01,TIRODI GNEISSIC COMPLEX,TIRODI GNEISSIC COMPLEX Gp.,ARCHAEAN,8.38293143811588
22.015,80.025,TIRODI GNEISSIC COMPLEX,TIRODI GNEISSIC COMPLEX Gp.,ARCHAEAN,7.533124496080348
22.015,80.04,TIRODI GNEISSIC COMPLEX,TIRODI GNEISSIC COMPLEX Gp.,ARCHAEAN,6.860559419615662
22.015,80.055,TIRODI GNEISSIC COMPLEX,TIRODI GNEISSIC COMPLEX Gp.,ARCHAEAN,6.098999328053839
22.015,80.07,TIRODI GNEISSIC COMPLEX,TIRODI GNEISSIC COMPLEX Gp.,ARCHAEAN,4.61769620819291
22.015,80.085,TIRODI GNEISSIC COMPLEX,TIRODI GNEISSIC COMPLEX Gp.,ARCHAEAN,3.1974181894219282
22.015,80.1,TIRODI GNEISSIC COMPLEX,TIRODI GNEISSIC COMPLEX Gp.,ARCHAEAN,1.8383320442048876
22.015,80.115,TIRODI GNEISSIC COMPLEX,TIRODI GNEISSIC COMPLEX Gp.,ARCHAEAN,0.6729461374629885
22.015,80.13,SAUSAR,"SAUSAR Gp.(MANSAR, JUNEWANI, SITASAONGI, LOHANGI , BICHUA Fm.)",PALAEOPROTEROZOIC,0.15997990775592982
22.015,80.145,SAUSAR,"SAUSAR Gp.(MANSAR, JUNEWANI, SITASAONGI, LOHANGI , BICHUA Fm.)",PALAEOPROTEROZOIC,0.7775983752013076
22.015,80.16,SAUSAR,"SAUSAR Gp.(MANSAR, JUNEWANI, SITASAONGI, LOHANGI , BICHUA Fm.)",PALAEOPROTEROZOIC,0.9070867054303864
22.015,80.175,SAUSAR,"SAUSAR Gp.(MANSAR, JUNEWANI, SITASAONGI, LOHANGI , BICHUA Fm.)",PALAEOPROTEROZOIC,0.7138052195007945
22.015,80.19,SAUSAR,"SAUSAR Gp.(MANSAR, JUNEWANI, SITASAONGI, LOHANGI , BICHUA Fm.)",PALAEOPROTEROZOIC,0.11554051102121335
22.015,80.205,TIRODI GNEISSIC COMPLEX,TIRODI GNEISSIC COMPLEX Gp.,ARCHAEAN,0.9449201909964714
22.015,80.22,TIRODI GNEISSIC COMPLEX,TIRODI GNEISSIC COMPLEX Gp.,ARCHAEAN,0.18571467597905106
22.015,80.235,SAUSAR,"SAUSAR Gp.(MANSAR, JUNEWANI, SITASAONGI, LOHANGI , BICHUA Fm.)",PALAEOPROTEROZOIC,0.9758414554113203
22.015,80.25,SAUSAR,"SAUSAR Gp.(MANSAR, JUNEWANI, SITASAONGI, LOHANGI , BICHUA Fm.)",PALAEOPROTEROZOIC,2.0565990680709465
22.015,80.265,SAUSAR,"SAUSAR Gp.(MANSAR, JUNEWANI, SITASAONGI, LOHANGI , BICHUA Fm.)",PALAEOPROTEROZOIC,2.9274957684451803
22.015,80.28,SAUSAR,"SAUSAR Gp.(MANSAR, JUNEWANI, SITASAONGI, LOHANGI , BICHUA Fm.)",PALAEOPROTEROZOIC,3.9705717378697667
22.015,80.295,SAUSAR,"SAUSAR Gp.(MANSAR, JUNEWANI, SITASAONGI, LOHANGI , BICHUA Fm.)",PALAEOPROTEROZOIC,5.267607979486609
22.015,80.31,SAUSAR,"SAUSAR Gp.(MANSAR, JUNEWANI, SITASAONGI, LOHANGI , BICHUA Fm.)",PALAEOPROTEROZOIC,6.672544614125989
22.015,80.325,SAUSAR,"SAUSAR Gp.(MANSAR, JUNEWANI, SITASAONGI, LOHANGI , BICHUA Fm.)",PALAEOPROTEROZOIC,6.702153890198301
22.015,80.34,SAUSAR,"SAUSAR Gp.(MANSAR, JUNEWANI, SITASAONGI, LOHANGI , BICHUA Fm.)",PALAEOPROTEROZOIC,5.290588824344939
22.015,80.355,SAUSAR,"SAUSAR Gp.(MANSAR, JUNEWANI, SITASAONGI, LOHANGI , BICHUA Fm.)",PALAEOPROTEROZOIC,3.974594858725924
22.015,80.37,SAUSAR,"SAUSAR Gp.(MANSAR, JUNEWANI, SITASAONGI, LOHANGI , BICHUA Fm.)",PALAEOPROTEROZOIC,2.8694867029491498
22.015,80.385,SAUSAR,"SAUSAR Gp.(MANSAR, JUNEWANI, SITASAONGI, LOHANGI , BICHUA Fm.)",PALAEOPROTEROZOIC,2.0547104864194163
22.015,80.4,SAUSAR,"SAUSAR Gp.(MANSAR, JUNEWANI, SITASAONGI, LOHANGI , BICHUA Fm.)",PALAEOPROTEROZOIC,2.0856739305480523
22.015,80.415,SAUSAR,"SAUSAR Gp.(MANSAR, JUNEWANI, SITASAONGI, LOHANGI , BICHUA Fm.)",PALAEOPROTEROZOIC,2.1070746990652607
22.015,80.43,SAUSAR,"SAUSAR Gp.(MANSAR, JUNEWANI, SITASAONGI, LOHANGI , BICHUA Fm.)",PALAEOPROTEROZOIC,2.7125300431653083
22.015,80.445,SAUSAR,"SAUSAR Gp.(MANSAR, JUNEWANI, SITASAONGI, LOHANGI , BICHUA Fm.)",PALAEOPROTEROZOIC,1.9673411417047935
22.015,80.46,SAUSAR,"SAUSAR Gp.(MANSAR, JUNEWANI, SITASAONGI, LOHANGI , BICHUA Fm.)",PALAEOPROTEROZOIC,1.2821888230500036
22.015,80.475,SAUSAR,"SAUSAR Gp.(MANSAR, JUNEWANI, SITASAONGI, LOHANGI , BICHUA Fm.)",PALAEOPROTEROZOIC,1.556483670583346
22.015,80.49,SAUSAR,"SAUSAR Gp.(MANSAR, JUNEWANI, SITASAONGI, LOHANGI , BICHUA Fm.)",PALAEOPROTEROZOIC,1.4950275770905554
22.03,79.2,,DECCAN TRAP,LATE CRETACEOUS - PALAEOCENE,38.73391793670154
22.03,79.215,,DECCAN TRAP,LATE CRETACEOUS - PALAEOCENE,38.960939224248875
22.03,79.23,,DECCAN TRAP,LATE CRETACEOUS - PALAEOCENE,39.24773956140016
22.03,79.245,,DECCAN TRAP,LATE CRETACEOUS - PALAEOCENE,39.59301990324522
22.03,79.26,,DECCAN TRAP,LATE CRETACEOUS - PALAEOCENE,39.99526569949805
22.03,79.275,,DECCAN TRAP,LATE CRETACEOUS - PALAEOCENE,40.36839128708866
22.03,79.29,,DECCAN TRAP,LATE CRETACEOUS - PALAEOCENE,40.45997063594405
22.03,79.305,,DECCAN TRAP,LATE CRETACEOUS - PALAEOCENE,40.12610659873712
22.03,79.32,,DECCAN TRAP,LATE CRETACEOUS - PALAEOCENE,39.849611373517654
22.03,79.335,,DECCAN TRAP,LATE CRETACEOUS - PALAEOCENE,39.63168569973947
22.03,79.35,,DECCAN TRAP,LATE CRETACEOUS - PALAEOCENE,39.47329964825434
22.03,79.365,,DECCAN TRAP,LATE CRETACEOUS - PALAEOCENE,39.37517171739336
22.03,79.38,,DECCAN TRAP,LATE CRETACEOUS - PALAEOCENE,39.33775285095664
22.03,79.395,,DECCAN TRAP,LATE CRETACEOUS - PALAEOCENE,39.36121618912552
22.03,79.41,,DECCAN TRAP,LATE CRETACEOUS - PALAEOCENE,38.553706740703774
22.03,79.425,,DECCAN TRAP,LATE CRETACEOUS - PALAEOCENE,37.74372674340864
22.03,79.44,,DECCAN TRAP,LATE CRETACEOUS - PALAEOCENE,36.98082479406603
22.03,79.455,,DECCAN TRAP,LATE CRETACEOUS - PALAEOCENE,36.240239585738564
22.03,79.47,,DECCAN TRAP,LATE CRETACEOUS - PALAEOCENE,35.526464404901205
22.03,79.485,,DECCAN TRAP,LATE CRETACEOUS - PALAEOCENE,34.86683624777402
22.03,79.5,,DECCAN TRAP,LATE CRETACEOUS - PALAEOCENE,34.264482422486104
22.03,79.515,,DECCAN TRAP,LATE CRETACEOUS - PALAEOCENE,33.722472186481625
22.03,79.53,,LATERITE / BAUXITE,CENOZOIC,33.2437572183198
22.03,79.545,,LATERITE / BAUXITE,CENOZOIC,32.83110638630001
22.03,79.56,,LATERITE / BAUXITE,CENOZOIC,32.45959657578626
22.03,79.575,,LATERITE / BAUXITE,CENOZOIC,32.14391279760039
22.03,79.59,,LATERITE / BAUXITE,CENOZOIC,31.900293712630248
22.03,79.605,,LATERITE / BAUXITE,CENOZOIC,31.73039925528533
22.03,79.62,,LATERITE / BAUXITE,CENOZOIC,31.635417237377197
22.03,79.635,,LATERITE / BAUXITE,CENOZOIC,31.616022830227536
22.03,79.65,,LATERITE / BAUXITE,CENOZOIC,31.672354891220056
22.03,79.665,TIRODI GNEISSIC COMPLEX,TIRODI GNEISSIC COMPLEX Gp.,ARCHAEAN,30.587671262249977
22.03,79.68,TIRODI GNEISSIC COMPLEX,TIRODI GNEISSIC COMPLEX Gp.,ARCHAEAN,29.37113379865985
22.03,79.695,TIRODI GNEISSIC COMPLEX,TIRODI GNEISSIC COMPLEX Gp.,ARCHAEAN,28.182023825085693
22.03,79.71,TIRODI GNEISSIC COMPLEX,TIRODI GNEISSIC COMPLEX Gp.,ARCHAEAN,26.86208938980382
22.03,79.725,TIRODI GNEISSIC COMPLEX,TIRODI GNEISSIC COMPLEX Gp.,ARCHAEAN,25.567735817418797
22.03,79.74,TIRODI GNEISSIC COMPLEX,TIRODI GNEISSIC COMPLEX Gp.,ARCHAEAN,24.303050676987553
22.03,79.755,TIRODI GNEISSIC COMPLEX,TIRODI GNEISSIC COMPLEX Gp.,ARCHAEAN,23.072913091383274
22.03,79.77,TIRODI GNEISSIC COMPLEX,TIRODI GNEISSIC COMPLEX Gp.,ARCHAEAN,21.883149996566363
22.03,79.785,TIRODI GNEISSIC COMPLEX,TIRODI GNEISSIC COMPLEX Gp.,ARCHAEAN,20.740710642533802
22.03,79.8,TIRODI GNEISSIC COMPLEX,TIRODI GNEISSIC COMPLEX Gp.,ARCHAEAN,19.65384926872604
22.03,79.815,TIRODI GNEISSIC COMPLEX,TIRODI GNEISSIC COMPLEX Gp.,ARCHAEAN,18.63229436042935
22.03,79.83,TIRODI GNEISSIC COMPLEX,TIRODI GNEISSIC COMPLEX Gp.,ARCHAEAN,17.687365098424564
22.03,79.845,TIRODI GNEISSIC COMPLEX,TIRODI GNEISSIC COMPLEX Gp.,ARCHAEAN,16.83197148439966
22.03,79.86,TIRODI GNEISSIC COMPLEX,TIRODI GNEISSIC COMPLEX Gp.,ARCHAEAN,16.080408356559698
22.03,79.875,TIRODI GNEISSIC COMPLEX,TIRODI GNEISSIC COMPLEX Gp.,ARCHAEAN,15.447837735786276
22.03,79.89,TIRODI GNEISSIC COMPLEX,TIRODI GNEISSIC COMPLEX Gp.,ARCHAEAN,14.94937247659733
22.03,79.905,TIRODI GNEISSIC COMPLEX,TIRODI GNEISSIC COMPLEX Gp.,ARCHAEAN,14.415446266356536
22.03,79.92,TIRODI GNEISSIC COMPLEX,TIRODI GNEISSIC COMPLEX Gp.,ARCHAEAN,13.796269742393681
22.03,79.935,TIRODI GNEISSIC COMPLEX,TIRODI GNEISSIC COMPLEX Gp.,ARCHAEAN,13.171545267231783
22.03,79.95,TIRODI GNEISSIC COMPLEX,TIRODI GNEISSIC COMPLEX Gp.,ARCHAEAN,12.675051360044014
22.03,79.965,TIRODI GNEISSIC COMPLEX,TIRODI GNEISSIC COMPLEX Gp.,ARCHAEAN,12.353790437277421
22.03,79.98,TIRODI GNEISSIC COMPLEX,TIRODI GNEISSIC COMPLEX Gp.,ARCHAEAN,11.687004760152194
22.03,79.995,TIRODI GNEISSIC COMPLEX,TIRODI GNEISSIC COMPLEX Gp.,ARCHAEAN,10.652680029269485
22.03,80.01,TIRODI GNEISSIC COMPLEX,TIRODI GNEISSIC COMPLEX Gp.,ARCHAEAN,9.75525459860324
22.03,80.025,TIRODI GNEISSIC COMPLEX,TIRODI GNEISSIC COMPLEX Gp.,ARCHAEAN,9.035611860662133
22.03,80.04,TIRODI GNEISSIC COMPLEX,TIRODI GNEISSIC COMPLEX Gp.,ARCHAEAN,8.109630362066232
22.03,80.055,TIRODI GNEISSIC COMPLEX,TIRODI GNEISSIC COMPLEX Gp.,ARCHAEAN,6.714539600999624
22.03,80.07,TIRODI GNEISSIC COMPLEX,TIRODI GNEISSIC COMPLEX Gp.,ARCHAEAN,5.355511777516738
22.03,80.085,TIRODI GNEISSIC COMPLEX,TIRODI GNEISSIC COMPLEX Gp.,ARCHAEAN,4.06348281905184
22.03,80.1,TIRODI GNEISSIC COMPLEX,TIRODI GNEISSIC COMPLEX Gp.,ARCHAEAN,2.9545794441187323
22.03,80.115,TIRODI GNEISSIC COMPLEX,TIRODI GNEISSIC COMPLEX Gp.,ARCHAEAN,1.9901954033868876
22.03,80.13,TIRODI GNEISSIC COMPLEX,TIRODI GNEISSIC COMPLEX Gp.,ARCHAEAN,1.3721415143176778
22.03,80.145,TIRODI GNEISSIC COMPLEX,TIRODI GNEISSIC COMPLEX Gp.,ARCHAEAN,0.7576156806373648
22.03,80.16,SAUSAR,"SAUSAR Gp.(MANSAR, JUNEWANI, SITASAONGI, LOHANGI , BICHUA Fm.)",PALAEOPROTEROZOIC,0.023982386278351985
22.03,80.175,SAUSAR,"SAUSAR Gp.(MANSAR, JUNEWANI, SITASAONGI, LOHANGI , BICHUA Fm.)",PALAEOPROTEROZOIC,0.7835699236198929
22.03,80.19,SAUSAR,"SAUSAR Gp.(MANSAR, JUNEWANI, SITASAONGI, LOHANGI , BICHUA Fm.)",PALAEOPROTEROZOIC,1.3383900073186854
22.03,80.205,SAUSAR,"SAUSAR Gp.(MANSAR, JUNEWANI, SITASAONGI, LOHANGI , BICHUA Fm.)",PALAEOPROTEROZOIC,0.2746696122337197
22.03,80.22,TIRODI GNEISSIC COMPLEX,TIRODI GNEISSIC COMPLEX Gp.,ARCHAEAN,0.6661794229074158
22.03,80.235,TIRODI GNEISSIC COMPLEX,TIRODI GNEISSIC COMPLEX Gp.,ARCHAEAN,0.2205332845344386
22.03,80.25,SAUSAR,"SAUSAR Gp.(MANSAR, JUNEWANI, SITASAONGI, LOHANGI , BICHUA Fm.)",PALAEOPROTEROZOIC,0.6765222465996333
22.03,80.265,SAUSAR,"SAUSAR Gp.(MANSAR, JUNEWANI, SITASAONGI, LOHANGI , BICHUA Fm.)",PALAEOPROTEROZOIC,1.7498399284238861
22.03,80.28,SAUSAR,"SAUSAR Gp.(MANSAR, JUNEWANI, SITASAONGI, LOHANGI , BICHUA Fm.)",PALAEOPROTEROZOIC,3.2015257807014854
22.03,80.295,SAUSAR,"SAUSAR Gp.(MANSAR, JUNEWANI, SITASAONGI, LOHANGI , BICHUA Fm.)",PALAEOPROTEROZOIC,4.714815352617942
22.03,80.31,SAUSAR,"SAUSAR Gp.(MANSAR, JUNEWANI, SITASAONGI, LOHANGI , BICHUA Fm.)",PALAEOPROTEROZOIC,6.245085205941011
22.03,80.325,SAUSAR,"SAUSAR Gp.(MANSAR, JUNEWANI, SITASAONGI, LOHANGI , BICHUA Fm.)",PALAEOPROTEROZOIC,7.4711588000766245
22.03,80.34,SAUSAR,"SAUSAR Gp.(MANSAR, JUNEWANI, SITASAONGI, LOHANGI , BICHUA Fm.)",PALAEOPROTEROZOIC,6.227732006614416
22.03,80.355,SAUSAR,"SAUSAR Gp.(MANSAR, JUNEWANI, SITASAONGI, LOHANGI , BICHUA Fm.)",PALAEOPROTEROZOIC,5.142754725920464
22.03,80.37,SAUSAR,"SAUSAR Gp.(MANSAR, JUNEWANI, SITASAONGI, LOHANGI , BICHUA Fm.)",PALAEOPROTEROZOIC,4.227133512654887
22.03,80.385,SAUSAR,"SAUSAR Gp.(MANSAR, JUNEWANI, SITASAONGI, LOHANGI , BICHUA Fm.)",PALAEOPROTEROZOIC,3.679929583728462
22.03,80.4,SAUSAR,"SAUSAR Gp.(MANSAR, JUNEWANI, SITASAONGI, LOHANGI , BICHUA Fm.)",PALAEOPROTEROZOIC,3.7013245531374626
22.03,80.415,SAUSAR,"SAUSAR Gp.(MANSAR, JUNEWANI, SITASAONGI, LOHANGI , BICHUA Fm.)",PALAEOPROTEROZOIC,3.750033212754477
22.03,80.43,SAUSAR,"SAUSAR Gp.(MANSAR, JUNEWANI, SITASAONGI, LOHANGI , BICHUA Fm.)",PALAEOPROTEROZOIC,4.1880700396411905
22.03,80.445,SAUSAR,"SAUSAR Gp.(MANSAR, JUNEWANI, SITASAONGI, LOHANGI , BICHUA Fm.)",PALAEOPROTEROZOIC,3.4367512879595785
22.03,80.46,SAUSAR,"SAUSAR Gp.(MANSAR, JUNEWANI, SITASAONGI, LOHANGI , BICHUA Fm.)",PALAEOPROTEROZOIC,2.9375917156722777
22.03,80.475,SAUSAR,"SAUSAR Gp.(MANSAR, JUNEWANI, SITASAONGI, LOHANGI , BICHUA Fm.)",PALAEOPROTEROZOIC,3.1999249516319628
22.03,80.49,SAUSAR,"SAUSAR Gp.(MANSAR, JUNEWANI, SITASAONGI, LOHANGI , BICHUA Fm.)",PALAEOPROTEROZOIC,3.1648275770902647
22.045,79.2,,DECCAN TRAP,LATE CRETACEOUS - PALAEOCENE,40.39066673796909
22.045,79.215,,DECCAN TRAP,LATE CRETACEOUS - PALAEOCENE,40.60838100749838
22.045,79.23,,DECCAN TRAP,LATE CRETACEOUS - PALAEOCENE,40.883567970299936
22.045,79.245,,DECCAN TRAP,LATE CRETACEOUS - PALAEOCENE,41.215076432461245
22.045,79.26,,DECCAN TRAP,LATE CRETACEOUS - PALAEOCENE,41.601559996046035
22.045,79.275,,DECCAN TRAP,LATE CRETACEOUS - PALAEOCENE,41.997880356451496
22.045,79.29,,DECCAN TRAP,LATE CRETACEOUS - PALAEOCENE,42.08502695562268
22.045,79.305,,DECCAN TRAP,LATE CRETACEOUS - PALAEOCENE,41.76422395467762
22.045,79.32,,DECCAN TRAP,LATE CRETACEOUS - PALAEOCENE,41.49870099939243
22.045,79.335,,DECCAN TRAP,LATE CRETACEOUS - PALAEOCENE,41.28952458138706
22.045,79.35,,DECCAN TRAP,LATE CRETACEOUS - PALAEOCENE,41.13755424300849
22.045,79.365,,DECCAN TRAP,LATE CRETACEOUS - PALAEOCENE,41.04342543520792
22.045,79.38,,DECCAN TRAP,LATE CRETACEOUS - PALAEOCENE,41.00753646872716
22.045,79.395,,DECCAN TRAP,LATE CRETACEOUS - PALAEOCENE,40.79468829698883
22.045,79.41,,DECCAN TRAP,LATE CRETACEOUS - PALAEOCENE,39.97035678639765
22.045,79.425,,DECCAN TRAP,LATE CRETACEOUS - PALAEOCENE,39.189834440003445
22.045,79.44,,DECCAN TRAP,LATE CRETACEOUS - PALAEOCENE,38.44989776035992
22.045,79.455,,DECCAN TRAP,LATE CRETACEOUS - PALAEOCENE,37.71457713018029
22.045,79.47,,DECCAN TRAP,LATE CRETACEOUS - PALAEOCENE,37.029378766784795
22.045,79.485,,DECCAN TRAP,LATE CRETACEOUS - PALAEOCENE,36.39713352750757
22.045,79.5,,DECCAN TRAP,LATE CRETACEOUS - PALAEOCENE,35.82064543812585
22.045,79.515,,DECCAN TRAP,LATE CRETACEOUS - PALAEOCENE,35.30264612756592
22.045,79.53,,DECCAN TRAP,LATE CRETACEOUS - PALAEOCENE,34.845744087791715
22.045,79.545,,DECCAN TRAP,LATE CRETACEOUS - PALAEOCENE,34.45237019241355
22.045,79.56,,DECCAN TRAP,LATE CRETACEOUS - PALAEOCENE,34.087820294705175
22.045,79.575,,LATERITE / BAUXITE,CENOZOIC,33.78741680798942
22.045,79.59,,LATERITE / BAUXITE,CENOZOIC,33.55578117238528
22.045,79.605,,LATERITE / BAUXITE,CENOZOIC,33.394344416992446
22.045,79.62,,LATERITE / BAUXITE,CENOZOIC,33.304127393041405
22.045,79.635,,LATERITE / BAUXITE,CENOZOIC,33.28570920384084
22.045,79.65,TIRODI GNEISSIC COMPLEX,TIRODI GNEISSIC COMPLEX Gp.,ARCHAEAN,32.830927257897415
22.045,79.665,TIRODI GNEISSIC COMPLEX,TIRODI GNEISSIC COMPLEX Gp.,ARCHAEAN,31.625183584413197
22.045,79.68,TIRODI GNEISSIC COMPLEX,TIRODI GNEISSIC COMPLEX Gp.,ARCHAEAN,30.369578421397776
22.045,79.695,TIRODI GNEISSIC COMPLEX,TIRODI GNEISSIC COMPLEX Gp.,ARCHAEAN,29.066840159090212
22.045,79.71,TIRODI GNEISSIC COMPLEX,TIRODI GNEISSIC COMPLEX Gp.,ARCHAEAN,27.789242047853733
22.045,79.725,TIRODI GNEISSIC COMPLEX,TIRODI GNEISSIC COMPLEX Gp.,ARCHAEAN,26.540414913369617
22.045,79.74,TIRODI GNEISSIC COMPLEX,TIRODI GNEISSIC COMPLEX Gp.,ARCHAEAN,25.324615443732423
22.045,79.755,TIRODI GNEISSIC COMPLEX,TIRODI GNEISSIC COMPLEX Gp.,ARCHAEAN,24.146833009559597
22.045,79.77,TIRODI GNEISSIC COMPLEX,TIRODI GNEISSIC COMPLEX Gp.,ARCHAEAN,23.012905397400193
22.045,79.785,TIRODI GNEISSIC COMPLEX,TIRODI GNEISSIC COMPLEX Gp.,ARCHAEAN,21.929636537966903
22.045,79.8,TIRODI GNEISSIC COMPLEX,TIRODI GNEISSIC COMPLEX Gp.,ARCHAEAN,20.904903156065632
22.045,79.815,TIRODI GNEISSIC COMPLEX,TIRODI GNEISSIC COMPLEX Gp.,ARCHAEAN,19.947728358415667
22.045,79.83,TIRODI GNEISSIC COMPLEX,TIRODI GNEISSIC COMPLEX Gp.,ARCHAEAN,19.06828861689759
22.045,79.845,TIRODI GNEISSIC COMPLEX,TIRODI GNEISSIC COMPLEX Gp.,ARCHAEAN,18.277808082835854
22.045,79.86,TIRODI GNEISSIC COMPLEX,TIRODI GNEISSIC COMPLEX Gp.,ARCHAEAN,17.58828528504587
22.045,79.875,TIRODI GNEISSIC COMPLEX,TIRODI GNEISSIC COMPLEX Gp.,ARCHAEAN,17.012000577323363
22.045,79.89,TIRODI GNEISSIC COMPLEX,TIRODI GNEISSIC COMPLEX Gp.,ARCHAEAN,16.560779614409693
22.045,79.905,TIRODI GNEISSIC COMPLEX,TIRODI GNEISSIC COMPLEX Gp.,ARCHAEAN,15.927786503480549
22.045,79.92,TIRODI GNEISSIC COMPLEX,TIRODI GNEISSIC COMPLEX Gp.,ARCHAEAN,15.319868988054024
22.045,79.935,TIRODI GNEISSIC COMPLEX,TIRODI GNEISSIC COMPLEX Gp.,ARCHAEAN,14.733551988438597
22.045,79.95,TIRODI GNEISSIC COMPLEX,TIRODI GNEISSIC COMPLEX Gp.,ARCHAEAN,14.291521822409756
22.045,79.965,TIRODI GNEISSIC COMPLEX,TIRODI GNEISSIC COMPLEX Gp.,ARCHAEAN,13.96200848877366
22.045,79.98,TIRODI GNEISSIC COMPLEX,TIRODI GNEISSIC COMPLEX Gp.,ARCHAEAN,12.92459732374169
22.045,79.995,TIRODI GNEISSIC COMPLEX,TIRODI GNEISSIC COMPLEX Gp.,ARCHAEAN,11.997650784243636
22.045,80.01,TIRODI GNEISSIC COMPLEX,TIRODI GNEISSIC COMPLEX Gp.,ARCHAEAN,11.208608571984339
22.045,80.025,TIRODI GNEISSIC COMPLEX,TIRODI GNEISSIC COMPLEX Gp.,ARCHAEAN,10.231085950625323
22.045,80.04,TIRODI GNEISSIC COMPLEX,TIRODI GNEISSIC COMPLEX Gp.,ARCHAEAN,8.872159853011345
22.045,80.055,TIRODI GNEISSIC COMPLEX,TIRODI GNEISSIC COMPLEX Gp.,ARCHAEAN,7.54761146802366
22.045,80.07,TIRODI GNEISSIC COMPLEX,TIRODI GNEISSIC COMPLEX Gp.,ARCHAEAN,6.3252296959572885
22.045,80.085,TIRODI GNEISSIC COMPLEX,TIRODI GNEISSIC COMPLEX Gp.,ARCHAEAN,5.228108874754111
22.045,80.1,TIRODI GNEISSIC COMPLEX,TIRODI GNEISSIC COMPLEX Gp.,ARCHAEAN,4.2064263672759585
22.045,80.115,TIRODI GNEISSIC COMPLEX,TIRODI GNEISSIC COMPLEX Gp.,ARCHAEAN,3.52509667477768
22.045,80.13,TIRODI GNEISSIC COMPLEX,TIRODI GNEISSIC COMPLEX Gp.,ARCHAEAN,2.9069913447518045
22.045,80.145,TIRODI GNEISSIC COMPLEX,TIRODI GNEISSIC COMPLEX Gp.,ARCHAEAN,2.2140861076313882
22.045,80.16,TIRODI GNEISSIC COMPLEX,TIRODI GNEISSIC COMPLEX Gp.,ARCHAEAN,1.431154900191875
22.045,80.175,TIRODI GNEISSIC COMPLEX,TIRODI GNEISSIC COMPLEX Gp.,ARCHAEAN,0.7290816464218364
22.045,80.19,TIRODI GNEISSIC COMPLEX,TIRODI GNEISSIC COMPLEX Gp.,ARCHAEAN,0.13490367263346859
22.045,80.205,SAUSAR,"SAUSAR Gp.(MANSAR, JUNEWANI, SITASAONGI, LOHANGI , BICHUA Fm.)",PALAEOPROTEROZOIC,0.4003397140613317
22.045,80.22,SAUSAR,"SAUSAR Gp.(MANSAR, JUNEWANI, SITASAONGI, LOHANGI , BICHUA Fm.)",PALAEOPROTEROZOIC,0.7661752961990798
22.045,80.235,TIRODI GNEISSIC COMPLEX,TIRODI GNEISSIC COMPLEX Gp.,ARCHAEAN,0.008867864483528875
22.045,80.25,TIRODI GNEISSIC COMPLEX,TIRODI GNEISSIC COMPLEX Gp.,ARCHAEAN,1.3142458834636611e-06
22.045,80.265,SAUSAR,"SAUSAR Gp.(MANSAR, JUNEWANI, SITASAONGI, LOHANGI , BICHUA Fm.)",PALAEOPROTEROZOIC,1.5477185278868828
22.045,80.28,SAUSAR,"SAUSAR Gp.(MANSAR, JUNEWANI, SITASAONGI, LOHANGI , BICHUA Fm.)",PALAEOPROTEROZOIC,3.095438370018183
22.045,80.295,SAUSAR,"SAUSAR Gp.(MANSAR, JUNEWANI, SITASAONGI, LOHANGI , BICHUA Fm.)",PALAEOPROTEROZOIC,4.6431582121494825
22.045,80.31,SAUSAR,"SAUSAR Gp.(MANSAR, JUNEWANI, SITASAONGI, LOHANGI , BICHUA Fm.)",PALAEOPROTEROZOIC,6.190878054280783
22.045,80.325,SAUSAR,"SAUSAR Gp.(MANSAR, JUNEWANI, SITASAONGI, LOHANGI , BICHUA Fm.)",PALAEOPROTEROZOIC,7.488511738882211
22.045,80.34,SAUSAR,"SAUSAR Gp.(MANSAR, JUNEWANI, SITASAONGI, LOHANGI , BICHUA Fm.)",PALAEOPROTEROZOIC,7.417942581837455
22.045,80.355,SAUSAR,"SAUSAR Gp.(MANSAR, JUNEWANI, SITASAONGI, LOHANGI , BICHUA Fm.)",PALAEOPROTEROZOIC,6.461747937160187
22.045,80.37,SAUSAR,"SAUSAR Gp.(MANSAR, JUNEWANI, SITASAONGI, LOHANGI , BICHUA Fm.)",PALAEOPROTEROZOIC,5.725567005609153
22.045,80.385,SAUSAR,"SAUSAR Gp.(MANSAR, JUNEWANI, SITASAONGI, LOHANGI , BICHUA Fm.)",PALAEOPROTEROZOIC,5.332765917793149
22.045,80.4,SAUSAR,"SAUSAR Gp.(MANSAR, JUNEWANI, SITASAONGI, LOHANGI , BICHUA Fm.)",PALAEOPROTEROZOIC,5.350330379951842
22.045,80.415,SAUSAR,"SAUSAR Gp.(MANSAR, JUNEWANI, SITASAONGI, LOHANGI , BICHUA Fm.)",PALAEOPROTEROZOIC,5.405506937331035
22.045,80.43,SAUSAR,"SAUSAR Gp.(MANSAR, JUNEWANI, SITASAONGI, LOHANGI , BICHUA Fm.)",PALAEOPROTEROZOIC,5.638327078183218
22.045,80.445,SAUSAR,"SAUSAR Gp.(MANSAR, JUNEWANI, SITASAONGI, LOHANGI , BICHUA Fm.)",PALAEOPROTEROZOIC,4.936849814949993
22.045,80.46,SAUSAR,"SAUSAR Gp.(MANSAR, JUNEWANI, SITASAONGI, LOHANGI , BICHUA Fm.)",PALAEOPROTEROZOIC,4.60340592068869
22.045,80.475,SAUSAR,"SAUSAR Gp.(MANSAR, JUNEWANI, SITASAONGI, LOHANGI , BICHUA Fm.)",PALAEOPROTEROZOIC,4.775047587762815
22.045,80.49,SAUSAR,"SAUSAR Gp.(MANSAR, JUNEWANI, SITASAONGI, LOHANGI , BICHUA Fm.)",PALAEOPROTEROZOIC,4.83462757709037
