lat,lon,prob_rf,prob_xgb,prob_ensemble,old_prob,prob_delta,risk_category_new
21.1,79.2,0.02572857142857143,0.0016792326,0.013703902002716704,0.4184,-0.4046960979972833,Low Potential
21.1,79.215,0.09757553475935829,0.0011988819,0.04938720832359454,0.6124,-0.5630127916764055,Low Potential
21.1,79.23,0.18143114617594525,0.005514023,0.09347258453507445,0.5243,-0.43082741546492553,Low Potential
21.1,79.245,0.2824435741900656,0.2381886,0.26031608438488113,0.5057,-0.2453839156151189,Low Potential
21.1,79.26,0.06804615384615384,0.00095892564,0.03450253974155236,0.3078,-0.27329746025844764,Low Potential
21.1,79.275,0.10723197560709549,0.0022542719,0.05474312374344385,0.2569,-0.20215687625655615,Low Potential
21.1,79.29,0.08933663003663003,0.0017834702,0.04556005009708196,0.1508,-0.10523994990291803,Low Potential
21.1,79.305,0.01168888888888889,0.0014302098,0.006559549365699705,0.3086,-0.3020404506343003,Low Potential
21.1,79.32,0.11270170940170941,0.02714966,0.0699256849572572,0.1914,-0.12147431504274278,Low Potential
21.1,79.335,0.07757508466376392,0.009446564,0.04351082439712449,0.1402,-0.0966891756028755,Low Potential
21.1,79.35,0.16806452550717255,0.09827304,0.13316878218565414,0.2649,-0.13173121781434588,Low Potential
21.1,79.365,0.04139517345399698,0.0056927777,0.023543975571771663,0.1694,-0.14585602442822834,Low Potential
21.1,79.38,0.017698412698412696,0.0016644147,0.009681413675517966,0.1573,-0.14761858632448202,Low Potential
21.1,79.395,0.08311578678605097,0.04896628,0.06604103395102986,0.3198,-0.2537589660489701,Low Potential
21.1,79.41,0.015915686274509806,0.0017036434,0.008809664815479854,0.3447,-0.33589033518452016,Low Potential
21.1,79.425,0.21588189580457381,0.007668606,0.11177525090509143,0.2839,-0.17212474909490855,Low Potential
21.1,79.44,0.0056,0.00040168472,0.0030008423616643995,0.3703,-0.3672991576383356,Low Potential
21.1,79.455,0.29001097261273145,0.04420017,0.16710557169896006,0.2065,-0.039394428301039924,Low Potential
21.1,79.47,0.0076,0.0002094958,0.00390474790178705,0.1296,-0.12569525209821295,Low Potential
21.1,79.485,0.022585714285714285,0.00056737004,0.011576542160932773,0.1894,-0.17782345783906725,Low Potential
21.1,79.5,0.001,0.0002970967,0.0006485483517171815,0.3636,-0.3629514516482828,Low Potential
21.1,79.515,0.04388817733990148,0.0031572357,0.023522706510956067,0.226,-0.20247729348904395,Low Potential
21.1,79.53,0.022590476190476192,0.0027830931,0.012686784663140065,0.1932,-0.18051321533685993,Low Potential
21.1,79.545,0.0,0.00022471335,0.00011235667625442147,0.2624,-0.2622876433237456,Low Potential
21.1,79.56,0.009399999999999999,0.0013017786,0.005350889298412948,0.2095,-0.20414911070158703,Low Potential
21.1,79.575,0.0038666666666666667,0.00030420814,0.0020854374018808206,0.2322,-0.23011456259811916,Low Potential
21.1,79.59,0.0016666666666666666,0.0002970967,0.0009818816850505148,0.1625,-0.1615181183149495,Low Potential
21.1,79.605,0.062238498305833105,0.0049101794,0.033574338859844094,0.5952,-0.5616256611401559,Low Potential
21.1,79.62,0.028149735449735452,0.0028111488,0.015480442106219197,0.263,-0.24751955789378083,Low Potential
21.1,79.635,0.014659415843798934,0.0014977647,0.008078590283121526,0.468,-0.4599214097168785,Low Potential
21.1,79.65,0.0035555555555555553,0.00043815476,0.0019968551589667587,0.3317,-0.32970314484103325,Low Potential
21.1,79.665,0.0024500000000000004,0.0007032512,0.001576625611074269,0.1863,-0.18472337438892572,Low Potential
21.1,79.68,0.051693686052509576,0.00080488285,0.026249284449175462,0.1544,-0.12815071555082455,Low Potential
21.1,79.695,0.010499999999999999,0.0005147088,0.005507354404311627,0.1448,-0.13929264559568838,Low Potential
21.1,79.71,0.05606491029610225,0.0005875265,0.028326218386056465,0.2183,-0.18997378161394352,Low Potential
21.1,79.725,0.002788888888888889,0.0013247353,0.0020568121189665466,0.4639,-0.46184318788103346,Low Potential
21.1,79.74,0.01165359477124183,0.00027981133,0.00596670304929375,0.3711,-0.36513329695070623,Low Potential
21.1,79.755,0.0030666666666666663,0.00030620978,0.0016864382244025666,0.3925,-0.39081356177559745,Low Potential
21.1,79.77,0.003,0.00038668074,0.0016933403691509739,0.1941,-0.19240665963084902,Low Potential
21.1,79.785,0.0,0.0004162343,0.00020811715512536466,0.217,-0.21679188284487463,Low Potential
21.1,79.8,0.003492307692307692,0.00029842614,0.0018953669148067441,0.3581,-0.35620463308519323,Low Potential
21.1,79.815,0.011466666666666667,0.0007455663,0.006106116497827073,0.1336,-0.12749388350217292,Low Potential
21.1,79.83,0.03427756883639236,0.0006641982,0.017470883512717434,0.1467,-0.12922911648728255,Low Potential
21.1,79.845,0.00575,0.0002648409,0.0030074204495176672,0.3017,-0.29869257955048234,Low Potential
21.1,79.86,0.0292979797979798,0.000813619,0.015055799399408503,0.383,-0.3679442006005915,Low Potential
21.1,79.875,0.0058,0.0007103646,0.0032551823028828947,0.2101,-0.2068448176971171,Low Potential
21.1,79.89,0.002333333333333333,0.00068875635,0.0015110448418805995,0.2556,-0.2540889551581194,Low Potential
21.1,79.905,0.001,0.00020494846,0.0006024742305162363,0.1525,-0.15189752576948376,Low Potential
21.1,79.92,0.010888888888888889,0.0003578267,0.0056233577974554565,0.4632,-0.45757664220254457,Low Potential
21.1,79.935,0.0018,0.0001993087,0.0009996543531073257,0.3531,-0.3521003456468927,Low Potential
21.1,79.95,0.0025,0.0003861834,0.0014430917060235515,0.1427,-0.14125690829397644,Low Potential
21.1,79.965,0.01265359477124183,0.00037288698,0.006513240874549404,0.3362,-0.3296867591254506,Low Potential
21.1,79.98,0.019899999999999998,0.00053436984,0.010217184921540319,0.3622,-0.3519828150784597,Low Potential
21.1,79.995,0.05425390361272714,0.0006984067,0.027476155163836585,0.2452,-0.21772384483616342,Low Potential
21.1,80.01,0.012725536062378168,0.000738069,0.006731802535008505,0.4815,-0.4747681974649915,Low Potential
21.1,80.025,0.04472873201255554,0.0006960041,0.022712368044941023,0.2083,-0.18558763195505898,Low Potential
21.1,80.04,0.001,0.00030511757,0.0006525587867945433,0.2445,-0.24384744121320545,Low Potential
21.1,80.055,0.05773145486264682,0.00051820395,0.02912482940423864,0.2353,-0.20617517059576138,Low Potential
21.1,80.07,0.004200000000000001,0.00031016042,0.002255080211698078,0.1371,-0.13484491978830193,Low Potential
21.1,80.085,0.015465211219622984,0.00035151886,0.00790836503892357,0.2985,-0.29059163496107643,Low Potential
21.1,80.1,0.007,0.00023446846,0.0036172342308564112,0.3795,-0.3758827657691436,Low Potential
21.1,80.115,0.005925925925925926,0.0003599423,0.00314293410924384,0.2229,-0.21975706589075614,Low Potential
21.1,80.13,0.013766666666666665,0.0005188541,0.007142760396034766,0.1551,-0.14795723960396523,Low Potential
21.1,80.145,0.004492307692307692,0.00032336527,0.002407836480069762,0.4862,-0.48379216351993026,Low Potential
21.1,80.16,0.002,0.0005486471,0.001274323538178578,0.1627,-0.16142567646182143,Low Potential
21.1,80.175,0.005857142857142858,0.00039194073,0.003124541794465456,0.2991,-0.2959754582055345,Low Potential
21.1,80.19,0.011583333333333334,0.00030040406,0.0059418686980304,0.2125,-0.2065581313019696,Low Potential
21.1,80.205,0.007894736842105263,0.00028280524,0.0040887710402450084,0.1763,-0.172211228959755,Low Potential
21.1,80.22,0.08410857999070072,0.0008583173,0.042483448647318824,0.229,-0.1865165513526812,Low Potential
21.1,80.235,0.004925925925925926,0.00020360513,0.002564765528003961,0.182,-0.17943523447199602,Low Potential
21.1,80.25,0.012233333333333332,0.000870756,0.006552044661684582,0.1202,-0.11364795533831543,Low Potential
21.1,80.265,0.002,0.0003187985,0.0011593992492416874,0.2559,-0.25474060075075833,Low Potential
21.1,80.28,0.006,0.00020671495,0.0031033574735629373,0.1867,-0.18359664252643706,Low Potential
21.1,80.295,0.015616071428571429,0.00042467425,0.008020372837515815,0.3845,-0.3764796271624842,Low Potential
21.1,80.31,0.0038823529411764705,0.00040649695,0.0021444249477798995,0.3857,-0.3835555750522201,Low Potential
21.1,80.325,0.14158453237165308,0.0033257517,0.07245514206072587,0.269,-0.19654485793927415,Low Potential
21.1,80.34,0.11865071289116205,0.0018552514,0.06025298213523657,0.4011,-0.34084701786476346,Low Potential
21.1,80.355,0.044809437054173895,0.0014753254,0.023142381245252613,0.3774,-0.35425761875474737,Low Potential
21.1,80.37,0.0008,0.00043588542,0.0006179427101509645,0.1566,-0.155982057289849,Low Potential
21.1,80.385,0.14835933678464638,0.005413263,0.0768862999447512,0.2161,-0.1392137000552488,Low Potential
21.1,80.4,0.007833333333333333,0.0010546066,0.0044439699832970895,0.1452,-0.1407560300167029,Low Potential
21.1,80.415,0.04564292541389315,0.003030162,0.02433654374285116,0.2916,-0.26726345625714887,Low Potential
21.1,80.43,0.0016,0.00040723564,0.0010036178193520754,0.1564,-0.15539638218064794,Low Potential
21.1,80.445,0.013823214285714286,0.0003067799,0.007064997091393785,0.3419,-0.3348350029086062,Low Potential
21.1,80.46,0.021673333333333333,0.000586374,0.011129853677932794,0.449,-0.4378701463220672,Low Potential
21.1,80.475,0.0013333333333333333,0.0003055225,0.0008194279142577822,0.1937,-0.19288057208574222,Low Potential
21.1,80.49,0.0,0.00033142362,0.00016571181186009198,0.1308,-0.1306342881881399,Low Potential
21.115,79.2,0.0043,0.00023387947,0.002266939736471977,0.2005,-0.19823306026352802,Low Potential
21.115,79.215,0.057571669209255015,0.0011075669,0.02933961804139899,0.5423,-0.512960381958601,Low Potential
21.115,79.23,0.017166666666666667,0.0003436574,0.008755162028207754,0.1383,-0.12954483797179225,Low Potential
21.115,79.245,0.0854503555268261,0.002766413,0.04410838422124402,0.1684,-0.12429161577875597,Low Potential
21.115,79.26,0.08310329670329669,0.002766413,0.04293485480947931,0.143,-0.10006514519052068,Low Potential
21.115,79.275,0.04363333333333334,0.0010492831,0.022341308205171183,0.3655,-0.34315869179482883,Low Potential
21.115,79.29,0.009,0.0007665437,0.004883271835744381,0.139,-0.13411672816425563,Low Potential
21.115,79.305,0.06327313797313798,0.005201373,0.03423725537838453,0.2466,-0.21236274462161547,Low Potential
21.115,79.32,0.06557899877899878,0.002752848,0.0341659233742654,0.3036,-0.2694340766257346,Low Potential
21.115,79.335,0.1096379261691181,0.024212336,0.06692513116840562,0.254,-0.18707486883159438,Low Potential
21.115,79.35,0.3193898428993704,0.6486077,0.4839987570801021,0.5128,-0.02880124291989794,Moderate Potential
21.115,79.365,0.06989191086691086,0.008930988,0.039411449272689546,0.3544,-0.31498855072731047,Low Potential
21.115,79.38,0.05759072039072039,0.0052681263,0.031429423325604805,0.1455,-0.11407057667439519,Low Potential
21.115,79.395,0.15509743353481745,0.042462826,0.09878012965498197,0.2706,-0.17181987034501806,Low Potential
21.115,79.41,0.017232352941176473,0.0005200412,0.008876197076808005,0.5053,-0.496423802923192,Low Potential
21.115,79.425,0.11194889418757344,0.006088088,0.05901849099423182,0.1439,-0.08488150900576819,Low Potential
21.115,79.44,0.0011428571428571427,0.00016921315,0.000656035145520166,0.154,-0.15334396485447982,Low Potential
21.115,79.455,0.07157472527472528,0.0013250294,0.03644987734443621,0.261,-0.2245501226555638,Low Potential
21.115,79.47,0.017833333333333333,0.0008075244,0.009320428879621128,0.1357,-0.12637957112037887,Low Potential
21.115,79.485,0.034590476190476185,0.0026322836,0.018611379898055676,0.2712,-0.25258862010194433,Low Potential
21.115,79.5,0.015295238095238096,0.0022251087,0.008760173386379723,0.3747,-0.36593982661362023,Low Potential
21.115,79.515,0.026852380952380954,0.00025210282,0.013552241887106738,0.1691,-0.15554775811289326,Low Potential
21.115,79.53,0.06750148768537516,0.0021087653,0.03480512649286923,0.3744,-0.3395948735071308,Low Potential
21.115,79.545,0.020981860682561942,0.0021377525,0.011559806582614754,0.3544,-0.34284019341738525,Low Potential
21.115,79.56,0.02576881720430108,0.001224561,0.013496689108325551,0.4778,-0.4643033108916744,Low Potential
21.115,79.575,0.2573070362780032,0.041430097,0.1493685666756599,0.1797,-0.0303314333243401,Low Potential
21.115,79.59,0.05480259103641457,0.0005596328,0.027681111909619454,0.351,-0.3233188880903805,Low Potential
21.115,79.605,0.0018666666666666666,0.0005819313,0.0012242989947398504,0.4386,-0.43737570100526013,Low Potential
21.115,79.62,0.06847688566471545,0.0031820755,0.03582948055838748,0.5679,-0.5320705194416124,Low Potential
21.115,79.635,0.029693056169836356,0.0010851186,0.015389087396643377,0.2918,-0.27641091260335665,Low Potential
21.115,79.65,0.002966666666666667,0.0004282954,0.001697481034959977,0.3453,-0.34360251896504,Low Potential
21.115,79.665,0.008866666666666667,0.00052915106,0.0046979088636425635,0.1389,-0.13420209113635742,Low Potential
21.115,79.68,0.06962380952380953,0.0074199117,0.03852186060134499,0.1246,-0.08607813939865501,Low Potential
21.115,79.695,0.0018,0.00023713915,0.001018569572805427,0.2612,-0.26018143042719455,Low Potential
21.115,79.71,0.00588888888888889,0.00034471054,0.0031167997149233193,0.4205,-0.41738320028507664,Low Potential
21.115,79.725,0.04089539867922221,0.00051655626,0.0207059774703976,0.2366,-0.2158940225296024,Low Potential
21.115,79.74,0.05718255735492578,0.00042651308,0.028804535219800947,0.2689,-0.24009546478019902,Low Potential
21.115,79.755,0.046674935358758884,0.0007179846,0.02369645999381126,0.196,-0.17230354000618875,Low Potential
21.115,79.77,0.002833333333333333,0.00093238096,0.0018828571489236006,0.1669,-0.16501714285107638,Low Potential
21.115,79.785,0.02062780520458539,0.00022898235,0.010428393775300686,0.4015,-0.39107160622469933,Low Potential
21.115,79.8,0.002,0.00025045575,0.0011252278743777424,0.4373,-0.4361747721256223,Low Potential
21.115,79.815,0.08644715121479828,0.0006950264,0.04357108881812604,0.2238,-0.18022891118187395,Low Potential
21.115,79.83,0.04242347848230201,0.0004020732,0.021412775841779873,0.3568,-0.33538722415822014,Low Potential
21.115,79.845,0.009791891891891892,0.0002958829,0.0050438873954866134,0.3259,-0.3208561126045134,Low Potential
21.115,79.86,0.0,0.00022934921,0.00011467460717540234,0.562,-0.5618853253928247,Low Potential
21.115,79.875,0.0,0.0003767259,0.0001883629447547719,0.3313,-0.3311116370552452,Low Potential
21.115,79.89,0.0045128205128205125,0.00038910072,0.002450960617312469,0.2925,-0.2900490393826875,Low Potential
21.115,79.905,0.001,0.00022777644,0.0006138882216764614,0.3027,-0.30208611177832356,Low Potential
21.115,79.92,0.06629646958648508,0.0005922655,0.033444367548708345,0.2551,-0.22165563245129166,Low Potential
21.115,79.935,0.031040448179271707,0.00039933226,0.015719890219992344,0.4193,-0.4035801097800077,Low Potential
21.115,79.95,0.028216205200028727,0.0006849709,0.014450588036718373,0.2008,-0.18634941196328164,Low Potential
21.115,79.965,0.0,0.00040795116,0.00020397557818796486,0.3507,-0.35049602442181205,Low Potential
21.115,79.98,0.03143214285714286,0.00039968148,0.015915912167358746,0.2331,-0.21718408783264126,Low Potential
21.115,79.995,0.0,0.0005259053,0.0002629526425153017,0.1879,-0.1876370473574847,Low Potential
21.115,80.01,0.0048222222222222225,0.0006318637,0.002727042969605989,0.3521,-0.34937295703039406,Low Potential
21.115,80.025,0.043266165413533834,0.00096943695,0.022117801182257726,0.2394,-0.21728219881774227,Low Potential
21.115,80.04,0.007366666666666666,0.00096919265,0.004167929660047715,0.2325,-0.2283320703399523,Low Potential
21.115,80.055,0.00125,0.00067666295,0.0009633314760867506,0.24,-0.23903666852391325,Low Potential
21.115,80.07,0.01281439393939394,0.00021681264,0.00651560328845605,0.2411,-0.23458439671154396,Low Potential
21.115,80.085,0.005866666666666667,0.0012159877,0.0035413271945280334,0.1674,-0.16385867280547195,Low Potential
21.115,80.1,0.023440938799762327,0.0006301831,0.012035560943479264,0.1428,-0.13076443905652074,Low Potential
21.115,80.115,0.032057142857142853,0.0028053108,0.01743122681214341,0.1353,-0.1178687731878566,Low Potential
21.115,80.13,0.001,0.00029381676,0.000646908379974775,0.1673,-0.16665309162002523,Low Potential
21.115,80.145,0.007166666666666666,0.00042015946,0.0037934130616098017,0.1227,-0.11890658693839021,Low Potential
21.115,80.16,0.0027,0.00042256023,0.0015612801157636569,0.1591,-0.15753871988423634,Low Potential
21.115,80.175,0.008166666666666666,0.00038319844,0.0042749325512753174,0.1273,-0.12302506744872468,Low Potential
21.115,80.19,0.03437506578388931,0.00024015305,0.017307609417435386,0.5334,-0.5160923905825646,Low Potential
21.115,80.205,0.0,0.0003004453,0.0001502226514276117,0.3096,-0.3094497773485724,Low Potential
21.115,80.22,0.015,0.00021185787,0.007605928935226984,0.262,-0.254394071064773,Low Potential
21.115,80.235,0.13096953055869462,0.0017870943,0.06637831242080615,0.2249,-0.15852168757919383,Low Potential
21.115,80.25,0.0054,0.0013368546,0.0033684273248538376,0.3102,-0.30683157267514616,Low Potential
21.115,80.265,0.0077888888888888895,0.0013829205,0.0045859047153447244,0.429,-0.4244140952846553,Low Potential
21.115,80.28,0.010666666666666666,0.0015024113,0.006084538995133092,0.1697,-0.1636154610048669,Low Potential
21.115,80.295,0.019259047619047617,0.00077524583,0.010017146726129132,0.3684,-0.35838285327387087,Low Potential
21.115,80.31,0.02037333333333333,0.0005765785,0.01047495591072055,0.3695,-0.35902504408927943,Low Potential
21.115,80.325,0.003718045112781955,0.0003885414,0.0020532932585863315,0.3306,-0.3285467067414137,Low Potential
21.115,80.34,0.09868181038947292,0.0026347898,0.05065830009207819,0.2345,-0.1838416999079218,Low Potential
21.115,80.355,0.13285700207085654,0.004736353,0.0687966776242169,0.2563,-0.18750332237578307,Low Potential
21.115,80.37,0.07405513510397412,0.0034136272,0.03873438113048095,0.2012,-0.16246561886951905,Low Potential
21.115,80.385,0.014212820512820514,0.00064102066,0.007426920583993436,0.3893,-0.38187307941600657,Low Potential
21.115,80.4,0.07815000122856158,0.0013265578,0.039738279529734494,0.429,-0.3892617204702655,Low Potential
21.115,80.415,0.04139836829836831,0.0010836311,0.0212409996834182,0.1684,-0.1471590003165818,Low Potential
21.115,80.43,0.03209637082903337,0.0018913958,0.01699388330231732,0.3974,-0.38040611669768265,Low Potential
21.115,80.445,0.016692307692307694,0.0006062944,0.008649301032213352,0.3497,-0.34105069896778667,Low Potential
21.115,80.46,0.02695809523809524,0.0005101431,0.013734119177105882,0.4282,-0.41446588082289415,Low Potential
21.115,80.475,0.024125187969924813,0.00034003655,0.012232612261511351,0.3838,-0.37156738773848863,Low Potential
21.115,80.49,0.03606184012066364,0.0011694111,0.01861562561847165,0.5558,-0.5371843743815283,Low Potential
21.13,79.2,0.07023916553627947,0.0019845369,0.03611185120845337,0.4436,-0.4074881487915466,Low Potential
21.13,79.215,0.019712820512820514,0.00053674943,0.010124784971643479,0.2953,-0.2851752150283565,Low Potential
21.13,79.23,0.09072857142857142,0.0049676797,0.04784812558192227,0.2726,-0.22475187441807773,Low Potential
21.13,79.245,0.06341474832357184,0.000859925,0.0321373366615516,0.2106,-0.1784626633384484,Low Potential
21.13,79.26,0.1317460462324869,0.0039872928,0.06786666949580368,0.1698,-0.10193333050419633,Low Potential
21.13,79.275,0.1317519422972065,0.018243492,0.07499771697341709,0.2027,-0.1277022830265829,Low Potential
21.13,79.29,0.04962374488256842,0.0010404122,0.025332078556027114,0.3504,-0.3250679214439729,Low Potential
21.13,79.305,0.1040242359492359,0.0034493003,0.05373676812664556,0.3372,-0.2834632318733544,Low Potential
21.13,79.32,0.13681005077653682,0.027180307,0.08199517869499105,0.3642,-0.28220482130500896,Low Potential
21.13,79.335,0.02867838468720822,0.006137539,0.01740796192708268,0.2937,-0.27629203807291736,Low Potential
21.13,79.35,0.05219505135387488,0.009881773,0.03103841219306145,0.5316,-0.5005615878069385,Low Potential
21.13,79.365,0.017369281045751635,0.008688549,0.013028914812781843,0.1794,-0.16637108518721816,Low Potential
21.13,79.38,0.02652222222222222,0.0027576368,0.014639929526216454,0.5229,-0.5082600704737836,Low Potential
21.13,79.395,0.017046031746031746,0.0026007462,0.009823388987661354,0.316,-0.3061766110123387,Low Potential
21.13,79.41,0.04724284996049702,0.0061389594,0.026690904697190224,0.1383,-0.11160909530280978,Low Potential
21.13,79.425,0.24894407562100182,0.09899181,0.173967943448242,0.5014,-0.32743205655175794,Low Potential
21.13,79.44,0.0025,0.00021047266,0.0013552363295457326,0.3717,-0.37034476367045427,Low Potential
21.13,79.455,0.24622167845295245,0.17266406,0.20944286982082513,0.4587,-0.24925713017917486,Low Potential
21.13,79.47,0.263567671286539,0.11311131,0.1883394904968519,0.5918,-0.4034605095031481,Low Potential
21.13,79.485,0.23950787293479914,0.28739524,0.26345155590557096,0.4756,-0.21214844409442907,Low Potential
21.13,79.5,0.04962857142857143,0.0010958915,0.025362231446536525,0.2686,-0.2432377685534635,Low Potential
21.13,79.515,0.05517948717948718,0.0009999732,0.028089730167522645,0.3033,-0.27521026983247737,Low Potential
21.13,79.53,0.008205797101449275,0.0006005376,0.004403167338848141,0.2426,-0.23819683266115188,Low Potential
21.13,79.545,0.00575,0.00021923061,0.002984615306428168,0.4728,-0.4698153846935718,Low Potential
21.13,79.56,0.0204449494949495,0.00036426418,0.010404606838615124,0.2882,-0.2777953931613849,Low Potential
21.13,79.575,0.1377112374209897,0.00087649433,0.06929386587753451,0.3823,-0.3130061341224655,Low Potential
21.13,79.59,0.0038666666666666667,0.00025313153,0.0020598990962452566,0.2171,-0.21504010090375472,Low Potential
21.13,79.605,0.06463333333333333,0.001775334,0.03320433367022003,0.1461,-0.11289566632977999,Low Potential
21.13,79.62,0.09343060655890376,0.0008290297,0.047129818135399223,0.5253,-0.47817018186460075,Low Potential
21.13,79.635,0.0028888888888888888,0.00053675147,0.001712820178311732,0.3262,-0.32448717982168823,Low Potential
21.13,79.65,0.01,0.0004810762,0.005240538094658405,0.2619,-0.2566594619053416,Low Potential
21.13,79.665,0.001,0.00088479515,0.000942397576989606,0.3376,-0.3366576024230104,Low Potential
21.13,79.68,0.0868211702660312,0.0009220858,0.04387162802077965,0.4215,-0.37762837197922033,Low Potential
21.13,79.695,0.06545339856222207,0.0016776274,0.03356551300231335,0.2107,-0.17713448699768664,Low Potential
21.13,79.71,0.033004779577148,0.0007179846,0.016861382103005817,0.2112,-0.1943386178969942,Low Potential
21.13,79.725,0.0037,0.00042256023,0.002061280115763657,0.1637,-0.16163871988423636,Low Potential
21.13,79.74,0.029270173453996982,0.0006849709,0.014977572163702501,0.2006,-0.1856224278362975,Low Potential
21.13,79.755,0.020465211219622984,0.00035151886,0.010408365038923569,0.2717,-0.26129163496107644,Low Potential
21.13,79.77,0.001,0.0002132819,0.0006066409531631507,0.4331,-0.43249335904683683,Low Potential
21.13,79.785,0.025613161021984552,0.00019676976,0.012904965391394867,0.184,-0.17109503460860512,Low Potential
21.13,79.8,0.015226109391124872,0.0009459439,0.008086026632250262,0.3217,-0.3136139733677497,Low Potential
21.13,79.815,0.0068,0.00028197386,0.003540986929181963,0.427,-0.423459013070818,Low Potential
21.13,79.83,0.011282051282051281,0.0012576837,0.0062698675072990736,0.1669,-0.16063013249270092,Low Potential
21.13,79.845,0.001,0.0007103646,0.0008551823028828949,0.3139,-0.3130448176971171,Low Potential
21.13,79.86,0.004764705882352941,0.00035151886,0.002558112370288547,0.3317,-0.32914188762971147,Low Potential
21.13,79.875,0.0018571428571428571,0.00039968148,0.0011284121673587443,0.3842,-0.3830715878326412,Low Potential
21.13,79.89,0.03437506578388931,0.00039774645,0.017386406117544183,0.3446,-0.32721359388245586,Low Potential
21.13,79.905,0.022440938799762333,0.00063525786,0.011538098331833807,0.1663,-0.1547619016681662,Low Potential
21.13,79.92,0.006659442724458204,0.00024457116,0.0034520069412110753,0.1798,-0.1763479930587889,Low Potential
21.13,79.935,0.0,0.00038746596,0.0001937329798238352,0.2937,-0.2935062670201762,Low Potential
21.13,79.95,0.008792592592592591,0.0002318033,0.004512197942791627,0.12,-0.11548780205720836,Low Potential
21.13,79.965,0.0018666666666666666,0.0004860464,0.0011763565313148623,0.5693,-0.5681236434686852,Low Potential
21.13,79.98,0.004666666666666666,0.00076307193,0.0027148693002139526,0.2425,-0.23978513069978605,Low Potential
21.13,79.995,0.025201334616350095,0.0026611316,0.01393123308578231,0.189,-0.1750687669142177,Low Potential
21.13,80.01,0.002333333333333333,0.0002372097,0.0012852715133146071,0.207,-0.20571472848668537,Low Potential
21.13,80.025,0.01719235588972431,0.00043697038,0.008814663135860918,0.2648,-0.25598533686413905,Low Potential
21.13,80.04,0.007666666666666666,0.0002970967,0.003981881685050514,0.1719,-0.1679181183149495,Low Potential
21.13,80.055,0.008,0.00029147175,0.004145735873957165,0.3819,-0.37775426412604285,Low Potential
21.13,80.07,0.010825757575757575,0.00089363457,0.005859696072561553,0.3135,-0.30764030392743846,Low Potential
21.13,80.085,0.002,0.00035021,0.0011751050003804267,0.1808,-0.17962489499961956,Low Potential
21.13,80.1,0.0,0.00022114802,0.00011057400843128562,0.2297,-0.2295894259915687,Low Potential
21.13,80.115,0.005988888888888889,0.0015171134,0.003753001151740965,0.3861,-0.382346998848259,Low Potential
21.13,80.13,0.02866412672295025,0.0012886942,0.014976410468047366,0.4524,-0.43742358953195265,Low Potential
21.13,80.145,0.0023888888888888887,0.00054470653,0.0014667977115087624,0.4211,-0.4196332022884912,Low Potential
21.13,80.16,0.027283333333333337,0.001843076,0.014563204649897915,0.1308,-0.11623679535010209,Low Potential
21.13,80.175,0.05381259769642123,0.0007179846,0.02726529116264243,0.1847,-0.15743470883735758,Low Potential
21.13,80.19,0.0072,0.00052991824,0.0038649591187946497,0.1405,-0.13663504088120537,Low Potential
21.13,80.205,0.0033461538461538464,0.0003351833,0.0018406685658981308,0.2332,-0.23135933143410187,Low Potential
21.13,80.22,0.01663160173160173,0.00021804134,0.008424821537317056,0.1418,-0.13337517846268296,Low Potential
21.13,80.235,0.012388888888888889,0.0015289766,0.006958932745218691,0.4216,-0.4146410672547813,Low Potential
21.13,80.25,0.020229366096105716,0.00048070605,0.010355036071453388,0.1794,-0.16904496392854662,Low Potential
21.13,80.265,0.0006666666666666666,0.00050760416,0.0005871354114109029,0.1563,-0.1557128645885891,Low Potential
21.13,80.28,0.005,0.00031016042,0.0026550802116980777,0.2679,-0.26524491978830195,Low Potential
21.13,80.295,0.002,0.0012112291,0.0016056145648472011,0.2687,-0.2670943854351528,Low Potential
21.13,80.31,0.013933333333333334,0.0009067528,0.007420043052515636,0.2172,-0.20977995694748436,Low Potential
21.13,80.325,0.0073999999999999995,0.00085052225,0.0041252611252013596,0.1669,-0.16277473887479862,Low Potential
21.13,80.34,0.050827399179767606,0.0017464535,0.02628692632050243,0.3281,-0.30181307367949756,Low Potential
21.13,80.355,0.03847121963004316,0.00046142636,0.019466322994938653,0.5432,-0.5237336770050613,Low Potential
21.13,80.37,0.04523098416289593,0.0007819985,0.023006491333424573,0.1916,-0.1685935086665754,Low Potential
21.13,80.385,0.08241548666313372,0.002221493,0.042318489856794886,0.3743,-0.33198151014320515,Low Potential
21.13,80.4,0.04445137254901961,0.0014194037,0.022935388127848434,0.5005,-0.4775646118721515,Low Potential
21.13,80.415,0.017715,0.000593412,0.009154206013614313,0.1975,-0.1883457939863857,Low Potential
21.13,80.43,0.02328966063348416,0.0008094608,0.012049560726824346,0.193,-0.18095043927317567,Low Potential
21.13,80.445,0.007692307692307693,0.0006017376,0.004147022638846046,0.2208,-0.21665297736115396,Low Potential
21.13,80.46,0.05911625472996217,0.0020410905,0.030578672621305196,0.313,-0.2824213273786948,Low Potential
21.13,80.475,0.17319300607841442,0.0028257256,0.0880093658346123,0.4392,-0.35119063416538765,Low Potential
21.13,80.49,0.014732671937255979,0.0009182408,0.00782545637376739,0.5305,-0.5226745436262326,Low Potential
21.145,79.2,0.0033,0.00028197386,0.0017909869291819632,0.3416,-0.33980901307081807,Low Potential
21.145,79.215,0.05312380952380953,0.0016153266,0.02736956807129263,0.1464,-0.11903043192870738,Low Potential
21.145,79.23,0.013833333333333333,0.0015043512,0.007668842242720226,0.2207,-0.2130311577572798,Low Potential
21.145,79.245,0.07456513682396036,0.0015952353,0.038080186068624615,0.1976,-0.15951981393137538,Low Potential
21.145,79.26,0.04433819163292847,0.00055726914,0.02244773038863305,0.137,-0.11455226961136697,Low Potential
21.145,79.275,0.009833333333333333,0.00053728226,0.005185307798363889,0.1941,-0.1889146922016361,Low Potential
21.145,79.29,0.03901538461538461,0.001277121,0.020146252816070156,0.1835,-0.16335374718392984,Low Potential
21.145,79.305,0.036346153846153854,0.004092757,0.02021945548530382,0.3015,-0.2812805445146962,Low Potential
21.145,79.32,0.01213888888888889,0.0016841984,0.006911543638859359,0.2737,-0.2667884563611406,Low Potential
21.145,79.335,0.0888554577349334,0.15393612,0.12139578781121518,0.267,-0.14560421218878483,Low Potential
21.145,79.35,0.04324389140271493,0.003254763,0.02324932724312369,0.1503,-0.1270506727568763,Low Potential
21.145,79.365,0.054687908496732024,0.0045925947,0.02964025159367646,0.5582,-0.5285597484063236,Low Potential
21.145,79.38,0.018015079365079366,0.002654223,0.010334651184717696,0.1358,-0.12546534881528232,Low Potential
21.145,79.395,0.12926303182541568,0.028582435,0.07892273346334318,0.4526,-0.37367726653665684,Low Potential
21.145,79.41,0.18049042975428417,0.008584921,0.09453767550127067,0.4064,-0.3118623244987293,Low Potential
21.145,79.425,0.034128506787330315,0.0004126474,0.017270577097998202,0.1715,-0.1542294229020018,Low Potential
21.145,79.44,0.009246153846153847,0.00025313153,0.0047496426859888466,0.1379,-0.13315035731401115,Low Potential
21.145,79.455,0.03442063492063492,0.0013451017,0.01788286833228573,0.2721,-0.25421713166771426,Low Potential
21.145,79.47,0.013739130434782608,0.0011147737,0.007426952057619295,0.3667,-0.35927304794238074,Low Potential
21.145,79.485,0.048718617614269794,0.003508038,0.026113327750891716,0.2137,-0.1875866722491083,Low Potential
21.145,79.5,0.24935139089174196,0.19878595,0.22406866833243333,0.5086,-0.2845313316675667,Low Potential
21.145,79.515,0.029207830568124687,0.00040843055,0.01480813056139795,0.4794,-0.46459186943860203,Low Potential
21.145,79.53,0.015966666666666667,0.0007205599,0.008343613288536047,0.1441,-0.13575638671146395,Low Potential
21.145,79.545,0.0038,0.0003369843,0.0020684921444393692,0.2391,-0.23703150785556062,Low Potential
21.145,79.56,0.05284440763914449,0.0005333702,0.0266888889119283,0.4598,-0.4331111110880717,Low Potential
21.145,79.575,0.08568663003663003,0.006672644,0.046179637046504914,0.1461,-0.0999203629534951,Low Potential
21.145,79.59,0.013883333333333333,0.0004064962,0.007144914765508535,0.2684,-0.2612550852344915,Low Potential
21.145,79.605,0.06794406757710367,0.00090718485,0.03442562621213428,0.3149,-0.2804743737878657,Low Potential
21.145,79.62,0.02416969696969697,0.0008077772,0.01248873709573862,0.3982,-0.3857112629042614,Low Potential
21.145,79.635,0.15364306828002272,0.04623828,0.0999406745563951,0.153,-0.05305932544360489,Low Potential
21.145,79.65,0.06383619945525838,0.002504249,0.033170224279312856,0.6574,-0.6242297757206872,Low Potential
21.145,79.665,0.022980769230769228,0.0010563532,0.012018561221551722,0.1264,-0.1143814387784483,Low Potential
21.145,79.68,0.0,0.00028908203,0.00014454101619776338,0.5219,-0.5217554589838023,Low Potential
21.145,79.695,0.0035,0.0003217996,0.001910899799084291,0.364,-0.3620891002009157,Low Potential
21.145,79.71,0.058879264363087894,0.0005903314,0.029734797874931336,0.2218,-0.19206520212506867,Low Potential
21.145,79.725,0.017233333333333333,0.0012302311,0.00923178223517413,0.2973,-0.2880682177648259,Low Potential
21.145,79.74,0.012633333333333333,0.00089364406,0.006763488695273797,0.2279,-0.2211365113047262,Low Potential
21.145,79.755,0.008,0.0006835972,0.004341798586305231,0.3575,-0.35315820141369475,Low Potential
21.145,79.77,0.015300000000000001,0.0012302311,0.008265115568507463,0.1506,-0.14233488443149256,Low Potential
21.145,79.785,0.014369696969696972,0.00039822867,0.007383962821131432,0.1726,-0.16521603717886857,Low Potential
21.145,79.8,0.019459771807140227,0.00030414842,0.009881960111587552,0.2154,-0.20551803988841247,Low Potential
21.145,79.815,0.0006666666666666666,0.00026783423,0.00046725044733223815,0.2146,-0.21413274955266778,Low Potential
21.145,79.83,0.002894736842105263,0.000499308,0.0016970224174866942,0.1769,-0.1752029775825133,Low Potential
21.145,79.845,0.006,0.00025952962,0.0031297648122999818,0.5326,-0.5294702351877,Low Potential
21.145,79.86,0.039103506787330315,0.000656132,0.01987981939577704,0.1947,-0.17482018060422297,Low Potential
21.145,79.875,0.04910764533883729,0.0005055156,0.024806580472955597,0.2478,-0.2229934195270444,Low Potential
21.145,79.89,0.009866666666666668,0.00034140944,0.005104038052827431,0.3552,-0.3500959619471726,Low Potential
21.145,79.905,0.0068947368421052625,0.00058368803,0.0037392124360623325,0.4029,-0.39916078756393764,Low Potential
21.145,79.92,0.02827523783406136,0.0011345136,0.014704875739281463,0.1405,-0.12579512426071854,Low Potential
21.145,79.935,0.00688888888888889,0.00040917238,0.003649030635547307,0.273,-0.2693509693644527,Low Potential
21.145,79.95,0.013764705882352943,0.00036566495,0.007065185415996787,0.4447,-0.4376348145840032,Low Potential
21.145,79.965,0.0018666666666666666,0.0010869767,0.0014768216975343724,0.1609,-0.1594231783024656,Low Potential
21.145,79.98,0.04476311954750263,0.006550063,0.025656591230475125,0.4099,-0.38424340876952484,Low Potential
21.145,79.995,0.052297321835244874,0.00333945,0.02781838597156613,0.5129,-0.4850816140284339,Low Potential
21.145,80.01,0.0,0.000531479,0.0002657395089045167,0.3893,-0.38903426049109546,Low Potential
21.145,80.025,0.007992776057791537,0.0006159516,0.00430436383146635,0.2352,-0.23089563616853365,Low Potential
21.145,80.04,0.003288888888888889,0.0014344839,0.0023616864017624822,0.4355,-0.4331383135982375,Low Potential
21.145,80.055,0.006733068362480127,0.0002864903,0.0035097793348348254,0.436,-0.4324902206651652,Low Potential
21.145,80.07,0.004849999999999999,0.0005170839,0.0026835419570095834,0.3903,-0.3876164580429904,Low Potential
21.145,80.085,0.0,0.00020881956,0.00010440978076076135,0.1623,-0.16219559021923924,Low Potential
21.145,80.1,0.0,0.0004052051,0.00020260254677850753,0.1881,-0.18789739745322148,Low Potential
21.145,80.115,0.001,0.0004523178,0.0007261588961118832,0.1577,-0.15697384110388812,Low Potential
21.145,80.13,0.007499999999999999,0.0016071261,0.004553563045337796,0.1543,-0.1497464369546622,Low Potential
21.145,80.145,0.017359948061728248,0.00024015305,0.008800050556354855,0.3573,-0.34849994944364515,Low Potential
21.145,80.16,0.0028,0.00039962566,0.0015998128282139078,0.4657,-0.4641001871717861,Low Potential
21.145,80.175,0.0036,0.0014700985,0.002535049252398312,0.1686,-0.1660649507476017,Low Potential
21.145,80.19,0.03637506578388931,0.00039472856,0.018384897171246493,0.3354,-0.3170151028287535,Low Potential
21.145,80.205,0.019522222222222222,0.0015503244,0.010536273299913025,0.2932,-0.282663726700087,Low Potential
21.145,80.22,0.0018,0.000183365,0.000991682501079049,0.1613,-0.16030831749892094,Low Potential
21.145,80.235,0.01293939393939394,0.00020831505,0.0065738544930072475,0.1871,-0.18052614550699275,Low Potential
21.145,80.25,0.014533625730994154,0.0009555093,0.00774456752195535,0.1735,-0.16575543247804464,Low Potential
21.145,80.265,0.023894736842105264,0.000503976,0.012199356428274003,0.2136,-0.20140064357172602,Low Potential
21.145,80.28,0.11940258263867609,0.0016907105,0.0605466465920968,0.2085,-0.1479533534079032,Low Potential
21.145,80.295,0.021728571428571427,0.00032483292,0.011026702172182766,0.3416,-0.33057329782781725,Low Potential
21.145,80.31,0.0,0.0003513257,0.0001756628480507061,0.1863,-0.1861243371519493,Low Potential
21.145,80.325,0.040315366904337485,0.00045368104,0.020384523974541838,0.36,-0.33961547602545816,Low Potential
21.145,80.34,0.04437506578388931,0.00052355055,0.02244930816810266,0.3179,-0.29545069183189737,Low Potential
21.145,80.355,0.06505233186576066,0.00046806812,0.032760199990819756,0.2233,-0.19053980000918025,Low Potential
21.145,80.37,0.06253886382623224,0.00065215514,0.031595509483323535,0.4011,-0.3695044905166765,Low Potential
21.145,80.385,0.014629955468665147,0.0009284256,0.007779190523998481,0.3881,-0.3803208094760015,Low Potential
21.145,80.4,0.02711282051282051,0.001935589,0.014524204761823877,0.3705,-0.35597579523817613,Low Potential
21.145,80.415,0.06573542834340047,0.0006535075,0.033194467911200655,0.3334,-0.3002055320887993,Low Potential
21.145,80.43,0.08587508483853312,0.002286688,0.044080886398759345,0.341,-0.2969191136012407,Low Potential
21.145,80.445,0.01365439393939394,0.0004622514,0.0070583226673069386,0.1819,-0.17484167733269307,Low Potential
21.145,80.46,0.0741968430692115,0.002573808,0.038385325512931175,0.2199,-0.18151467448706884,Low Potential
21.145,80.475,0.02298178137651822,0.0016600854,0.012320933388076678,0.3161,-0.30377906661192333,Low Potential
21.145,80.49,0.04263301587301587,0.000918429,0.021775722434331204,0.3771,-0.3553242775656688,Low Potential
21.16,79.2,0.02521282051282051,0.0015234614,0.013368140969248725,0.2593,-0.24593185903075124,Low Potential
21.16,79.215,0.0,0.0003323716,0.00016618579684291035,0.257,-0.2568338142031571,Low Potential
21.16,79.23,0.032299999999999995,0.00041271234,0.016356356169655917,0.3936,-0.3772436438303441,Low Potential
21.16,79.245,0.0684422969187675,0.0013684507,0.03490537380907079,0.378,-0.34309462619092923,Low Potential
21.16,79.26,0.010666666666666668,0.0002696755,0.005468171088801077,0.3237,-0.3182318289111989,Low Potential
21.16,79.275,0.04378381096028155,0.0009099277,0.022346869334422006,0.2118,-0.18945313066557798,Low Potential
21.16,79.29,0.04206996336996337,0.0012017036,0.0216358334661823,0.1291,-0.10746416653381768,Low Potential
21.16,79.305,0.05239560439560441,0.0030796488,0.027737626611869175,0.1513,-0.12356237338813081,Low Potential
21.16,79.32,0.08171709401709401,0.009751448,0.04573427121243161,0.1434,-0.09766572878756839,Low Potential
21.16,79.335,0.1275212789487817,0.005599873,0.066560576044618,0.1812,-0.114639423955382,Low Potential
21.16,79.35,0.03565567765567765,0.008688549,0.02217211311774485,0.3785,-0.35632788688225514,Low Potential
21.16,79.365,0.15081982456484,0.02547316,0.08814649261702379,0.2856,-0.19745350738297623,Low Potential
21.16,79.38,0.09373859771978965,0.022100681,0.05791963957941587,0.2433,-0.18538036042058412,Low Potential
21.16,79.395,0.03384901960784313,0.020781742,0.02731538100835739,0.3792,-0.3518846189916426,Low Potential
21.16,79.41,0.22278516258591577,0.01003811,0.1164116365067371,0.1941,-0.0776883634932629,Low Potential
21.16,79.425,0.08307948717948717,0.0033236865,0.04320158686073831,0.3005,-0.25729841313926166,Low Potential
21.16,79.44,0.002,0.0002599226,0.0011299613068113104,0.1969,-0.19577003869318868,Low Potential
21.16,79.455,0.23574059450422147,0.11739942,0.1765700056840699,0.5392,-0.3626299943159301,Low Potential
21.16,79.47,0.02115225260672831,0.0006917261,0.01092198935600799,0.2975,-0.286578010643992,Low Potential
21.16,79.485,0.0838139194139194,0.0022209235,0.043017421480310535,0.2863,-0.24328257851968946,Low Potential
21.16,79.5,0.028565384615384617,0.0004267449,0.014496064756035161,0.1455,-0.13100393524396484,Low Potential
21.16,79.515,0.005,0.00040602757,0.0027030137839028612,0.2792,-0.27649698621609714,Low Potential
21.16,79.53,0.024272829131652664,0.0026619849,0.01346740700558809,0.3404,-0.3269325929944119,Low Potential
21.16,79.545,0.025365686274509806,0.00085605524,0.013110870756164157,0.214,-0.20088912924383584,Low Potential
21.16,79.56,0.046576190476190486,0.0016676171,0.02412190379895093,0.3299,-0.3057780962010491,Low Potential
21.16,79.575,0.06939158558160105,0.0087876655,0.039089625548869564,0.5281,-0.48901037445113044,Low Potential
21.16,79.59,0.018175,0.00028052853,0.009227764266519807,0.4523,-0.44307223573348015,Low Potential
21.16,79.605,0.005666666666666666,0.00036345838,0.00301506252559678,0.1793,-0.1762849374744032,Low Potential
21.16,79.62,0.07439252610134964,0.00074620673,0.03756936641551124,0.2618,-0.22423063358448875,Low Potential
21.16,79.635,0.14315045221376485,0.0010408622,0.07209565719423476,0.3136,-0.24150434280576522,Low Potential
21.16,79.65,0.04165215053763442,0.0021041587,0.021878154641856516,0.1864,-0.1645218453581435,Low Potential
21.16,79.665,0.055284148367971894,0.0035642919,0.02942422011723405,0.4903,-0.46087577988276596,Low Potential
21.16,79.68,0.05478414836797189,0.003009711,0.028896929647267217,0.4439,-0.4150030703527328,Low Potential
21.16,79.695,0.0015,0.00023387947,0.0008669397364719771,0.1594,-0.158533060263528,Low Potential
21.16,79.71,0.014431034482758622,0.00080670184,0.007618868159001758,0.2609,-0.25328113184099826,Low Potential
21.16,79.725,0.03331140350877193,0.0007581031,0.017034753301883476,0.2205,-0.20346524669811653,Low Potential
21.16,79.74,0.0,0.00079403474,0.0003970173711422831,0.205,-0.2046029826288577,Low Potential
21.16,79.755,0.002,0.00038963562,0.0011948178105521947,0.1706,-0.1694051821894478,Low Potential
21.16,79.77,0.0,0.00042414138,0.0002120706922141835,0.1554,-0.15518792930778583,Low Potential
21.16,79.785,0.0,0.00040110672,0.00020055336062796414,0.1754,-0.17519944663937204,Low Potential
21.16,79.8,0.03571005670742513,0.0009300897,0.0183200731927874,0.2449,-0.22657992680721262,Low Potential
21.16,79.815,0.0048,0.00024838065,0.0025241903228219596,0.162,-0.15947580967717803,Low Potential
21.16,79.83,0.06739057017543859,0.0006951622,0.03404286619768265,0.3155,-0.28145713380231735,Low Potential
21.16,79.845,0.006966666666666667,0.00022823298,0.0035974498236280247,0.1739,-0.17030255017637197,Low Potential
21.16,79.86,0.003666666666666666,0.00021449676,0.0019405817125419463,0.1728,-0.17085941828745807,Low Potential
21.16,79.875,0.0068,0.00021398076,0.0035069903810275717,0.2074,-0.20389300961897244,Low Potential
21.16,79.89,0.05452592592592592,0.0017245961,0.0281252610306221,0.1962,-0.1680747389693779,Low Potential
21.16,79.905,0.032613161021984555,0.00039238876,0.01650277488906933,0.264,-0.2474972251109307,Low Potential
21.16,79.92,0.0028,0.00027962786,0.001539813928399235,0.2664,-0.2648601860716008,Low Potential
21.16,79.935,0.011291891891891892,0.0003106952,0.005801293549086345,0.3333,-0.3274987064509136,Low Potential
21.16,79.95,0.020533625730994154,0.0007069265,0.010620276121530214,0.2719,-0.26127972387846976,Low Potential
21.16,79.965,0.005764705882352941,0.00043787315,0.003101289518033702,0.2884,-0.2852987104819663,Low Potential
21.16,79.98,0.09015676937441643,0.0010468374,0.045601803399172254,0.3292,-0.28359819660082775,Low Potential
21.16,79.995,0.010666666666666666,0.00036528448,0.0055159755709658686,0.2554,-0.24988402442903415,Low Potential
21.16,80.01,0.006702205882352941,0.00027975958,0.003490982731544029,0.2278,-0.22430901726845598,Low Potential
21.16,80.025,0.013769736842105263,0.00048905745,0.007129397145631772,0.2196,-0.21247060285436822,Low Potential
21.16,80.04,0.053962102820926346,0.0011237684,0.027542935607403982,0.1645,-0.13695706439259603,Low Potential
21.16,80.055,0.014673544973544974,0.0003620024,0.007517773690372804,0.2133,-0.2057822263096272,Low Potential
21.16,80.07,0.0,0.00038600492,0.00019300245912745595,0.3772,-0.3770069975408725,Low Potential
21.16,80.085,0.0070904761904761904,0.0019195599,0.0045050180460282025,0.1212,-0.1166949819539718,Low Potential
21.16,80.1,0.09164162909380921,0.009317986,0.05047980741482143,0.5247,-0.4742201925851786,Low Potential
21.16,80.115,0.0038666666666666667,0.00021545561,0.0020410611399410603,0.3972,-0.39515893886005893,Low Potential
21.16,80.13,0.004,0.0006948854,0.0023474426921457053,0.1963,-0.1939525573078543,Low Potential
21.16,80.145,0.006833333333333333,0.0005147088,0.0036740210709782935,0.1341,-0.1304259789290217,Low Potential
21.16,80.16,0.05477006151742994,0.0102527,0.03251138085234791,0.3875,-0.3549886191476521,Low Potential
21.16,80.175,0.001,0.00019451337,0.000597256684966851,0.222,-0.22140274331503315,Low Potential
21.16,80.19,0.05562564102564103,0.0032826895,0.029454165257532628,0.2249,-0.19544583474246735,Low Potential
21.16,80.205,0.016425654393396327,0.0011219917,0.008773823028318112,0.4319,-0.42312617697168187,Low Potential
21.16,80.22,0.04282274595011437,0.00032440183,0.021573573889985875,0.4494,-0.42782642611001415,Low Potential
21.16,80.235,0.0,0.0003248608,0.00016243039863184094,0.2089,-0.20873756960136816,Low Potential
21.16,80.25,0.007832236842105263,0.000309027,0.004070631922964056,0.2592,-0.25512936807703596,Low Potential
21.16,80.265,0.006166666666666667,0.0011586304,0.0036626485128266116,0.1458,-0.1421373514871734,Low Potential
21.16,80.28,0.003928571428571429,0.00023931806,0.0020839447453285436,0.2448,-0.24271605525467144,Low Potential
21.16,80.295,0.14092748692961943,0.003386019,0.07215675298010266,0.3516,-0.27944324701989737,Low Potential
21.16,80.31,0.002,0.00067818013,0.0013390900674276054,0.1831,-0.1817609099325724,Low Potential
21.16,80.325,0.004,0.0010554926,0.0025277462769299746,0.1839,-0.18137225372307003,Low Potential
21.16,80.34,0.05085160192147035,0.0020525106,0.026452056272179576,0.2035,-0.1770479437278204,Low Potential
21.16,80.355,0.10157023781172388,0.0038704574,0.05272034761126813,0.2271,-0.17437965238873188,Low Potential
21.16,80.37,0.029385213032581455,0.0034801848,0.016432698927928036,0.1265,-0.11006730107207197,Low Potential
21.16,80.385,0.039934920634920636,0.0018220596,0.020878490129874517,0.4157,-0.3948215098701255,Low Potential
21.16,80.4,0.004666666666666666,0.00066814147,0.002667404066848879,0.2902,-0.2875325959331511,Low Potential
21.16,80.415,0.0036,0.00019438582,0.0018971929111983627,0.4504,-0.44850280708880164,Low Potential
21.16,80.43,0.08544709464245469,0.0011508688,0.04329898173775986,0.3669,-0.32360101826224014,Low Potential
21.16,80.445,0.009261904761904761,0.0025370207,0.0058994627384291514,0.1705,-0.16460053726157087,Low Potential
21.16,80.46,0.06569330687830686,0.001996669,0.033844987932641506,0.3645,-0.3306550120673585,Low Potential
21.16,80.475,0.04281321856677894,0.0018153552,0.022314286858404003,0.3779,-0.35558571314159604,Low Potential
21.16,80.49,0.05071616541353383,0.001685497,0.02620083120763932,0.2579,-0.2316991687923607,Low Potential
21.175,79.2,0.018666666666666668,0.001440761,0.010053713847727826,0.3842,-0.37414628615227213,Low Potential
21.175,79.215,0.002,0.0006481737,0.001324086839100346,0.1458,-0.14447591316089967,Low Potential
21.175,79.23,0.0015,0.00029134226,0.0008956711324863136,0.1383,-0.1374043288675137,Low Potential
21.175,79.245,0.21002773256301224,0.034481805,0.1222547686904636,0.1623,-0.0400452313095364,Low Potential
21.175,79.26,0.06631649690179103,0.00018246697,0.03324948193807828,0.3229,-0.28965051806192177,Low Potential
21.175,79.275,0.06041611721611723,0.0015261432,0.030971130192573887,0.14,-0.10902886980742613,Low Potential
21.175,79.29,0.09726556085424008,0.004830925,0.05104824282415898,0.142,-0.090951757175841,Low Potential
21.175,79.305,0.04124508547008547,0.00031659592,0.02078084069533994,0.4068,-0.3860191593046601,Low Potential
21.175,79.32,0.07174312468577174,0.030836113,0.05128961874151601,0.4284,-0.377110381258484,Low Potential
21.175,79.335,0.061044624003447547,0.0063589173,0.03370177067017925,0.2104,-0.17669822932982077,Low Potential
21.175,79.35,0.1300232992899872,0.010051173,0.0700372362239886,0.41,-0.33996276377601137,Low Potential
21.175,79.365,0.14582508918026946,0.0064553744,0.07614023179811667,0.4482,-0.3720597682018833,Low Potential
21.175,79.38,0.014432352941176469,0.0018203581,0.008126355519830522,0.5227,-0.5145736444801695,Low Potential
21.175,79.395,0.13165537518037515,0.011378073,0.07151672415695169,0.4218,-0.3502832758430483,Low Potential
21.175,79.41,0.3516419189758281,0.54537135,0.44850663630103965,0.3848,0.06370663630103968,Low Potential
21.175,79.425,0.08473830858581136,0.0010423844,0.04289034650363212,0.1284,-0.08550965349636787,Low Potential
21.175,79.44,0.007142857142857143,0.00048893556,0.0038158963525867355,0.4552,-0.45138410364741327,Low Potential
21.175,79.455,0.004072463768115942,0.0010239806,0.0025482221620859225,0.378,-0.37545177783791406,Low Potential
21.175,79.47,0.06570705601587955,0.003605326,0.034656190977506655,0.1446,-0.10994380902249334,Low Potential
21.175,79.485,0.0103,0.0002696755,0.005284837755467743,0.514,-0.5087151622445323,Low Potential
21.175,79.5,0.08666866906182762,0.014219064,0.0504438666636586,0.2426,-0.1921561333363414,Low Potential
21.175,79.515,0.01270674603174603,0.0014521795,0.007079462770480544,0.5574,-0.5503205372295195,Low Potential
21.175,79.53,0.26347752653514067,0.3580483,0.3107629082747038,0.4613,-0.15053709172529617,Low Potential
21.175,79.545,0.014914098972922502,0.0022739852,0.0085940420788258,0.1381,-0.1295059579211742,Low Potential
21.175,79.56,0.08125745415575135,0.015219565,0.048238509352688135,0.5751,-0.5268614906473118,Low Potential
21.175,79.575,0.02329505135387488,0.01569852,0.01949678591028009,0.1616,-0.1421032140897199,Low Potential
21.175,79.59,0.1519927974416364,0.015776452,0.08388462455936019,0.1706,-0.08671537544063981,Low Potential
21.175,79.605,0.0055,0.00018246697,0.0028412334871827623,0.2948,-0.29195876651281727,Low Potential
21.175,79.62,0.11420644502593619,0.0009876866,0.05759706579600668,0.2477,-0.19010293420399332,Low Potential
21.175,79.635,0.045883544645928545,0.0007900218,0.023336783217827207,0.2628,-0.23946321678217278,Low Potential
21.175,79.65,0.034394655757039656,0.00077075686,0.01758270630772033,0.2398,-0.2222172936922797,Low Potential
21.175,79.665,0.1990318565159018,0.008500976,0.10376641603628671,0.4873,-0.3835335839637133,Low Potential
21.175,79.68,0.0102,0.001319849,0.005759924524370581,0.1746,-0.16884007547562943,Low Potential
21.175,79.695,0.0,0.00022934921,0.00011467460717540234,0.3493,-0.3491853253928246,Low Potential
21.175,79.71,0.10391509926854754,0.012700482,0.058307790770079616,0.3481,-0.2897922092299204,Low Potential
21.175,79.725,0.001,0.0003181087,0.0006590543542988598,0.4844,-0.48374094564570114,Low Potential
21.175,79.74,0.009466666666666667,0.00050691655,0.0049867916078617175,0.2008,-0.19581320839213828,Low Potential
21.175,79.755,0.002,0.00040876592,0.001204382959054783,0.1986,-0.19739561704094521,Low Potential
21.175,79.77,0.005433333333333333,0.00061790727,0.0030256202997329335,0.2749,-0.27187437970026707,Low Potential
21.175,79.785,0.007488515406162465,0.00034485827,0.003916686839081807,0.2834,-0.2794833131609182,Low Potential
21.175,79.8,0.0022333333333333333,0.0011207071,0.0016770202349560956,0.1298,-0.12812297976504392,Low Potential
21.175,79.815,0.0038,0.00035945364,0.002079726819624193,0.1348,-0.1327202731803758,Low Potential
21.175,79.83,0.03258447368421053,0.00031145176,0.016447962722282026,0.5713,-0.554852037277718,Low Potential
21.175,79.845,0.0042280701754385955,0.00027235318,0.002250211677595711,0.197,-0.1947497883224043,Low Potential
21.175,79.86,0.002,0.00023274696,0.0011163734777946957,0.3349,-0.3337836265222053,Low Potential
21.175,79.875,0.029655555555555557,0.0037949244,0.01672523995579945,0.4201,-0.40337476004420053,Low Potential
21.175,79.89,0.004833333333333333,0.00032006993,0.00257670163087702,0.3525,-0.34992329836912295,Low Potential
21.175,79.905,0.0019,0.00038292602,0.001141463012015447,0.1498,-0.14865853698798454,Low Potential
21.175,79.92,0.020979283994299474,0.00037435174,0.010676817869419755,0.5282,-0.5175231821305802,Low Potential
21.175,79.935,0.040756641604010026,0.0006523311,0.0207044863530919,0.2792,-0.2584955136469081,Low Potential
21.175,79.95,0.0019,0.0010094182,0.001454709081724286,0.2563,-0.2548452909182757,Low Potential
21.175,79.965,0.016990639305654785,0.00037213322,0.008681386261703382,0.2346,-0.2259186137382966,Low Potential
21.175,79.98,0.001,0.00027263872,0.0006363193587167189,0.2801,-0.2794636806412833,Low Potential
21.175,79.995,0.0035,0.0011787905,0.002339395232964307,0.2073,-0.2049606047670357,Low Potential
21.175,80.01,0.019530687830687832,0.00020979585,0.009870241840101013,0.1334,-0.12352975815989897,Low Potential
21.175,80.025,0.011699999999999999,0.00052808487,0.006114042435446753,0.1725,-0.16638595756455324,Low Potential
21.175,80.04,0.01088137254901961,0.0007813226,0.00583134757280715,0.3349,-0.3290686524271928,Low Potential
21.175,80.055,0.022587044534412952,0.00077062985,0.01167883719184892,0.3296,-0.3179211628081511,Low Potential
21.175,80.07,0.013857142857142858,0.00039194073,0.007124541794465456,0.2407,-0.23357545820553455,Low Potential
21.175,80.085,0.0018888888888888887,0.0003996114,0.0011442501422198902,0.2985,-0.29735574985778007,Low Potential
21.175,80.1,0.0018,0.00037221482,0.0010861074124462902,0.356,-0.3549138925875537,Low Potential
21.175,80.115,0.027415686274509802,0.0004810762,0.013948381231913306,0.2726,-0.2586516187680867,Low Potential
21.175,80.13,0.0,0.0003638907,0.0001819453464122489,0.2382,-0.23801805465358775,Low Potential
21.175,80.145,0.01128888888888889,0.0013368546,0.0063128717692982825,0.3391,-0.3327871282307017,Low Potential
21.175,80.16,0.027301587301587302,0.00064268766,0.01397213748297728,0.2113,-0.1973278625170227,Low Potential
21.175,80.175,0.006,0.00045494607,0.0032274730359204114,0.2508,-0.2475725269640796,Low Potential
21.175,80.19,0.03280809709192062,0.000656132,0.01673211454807219,0.2201,-0.2033678854519278,Low Potential
21.175,80.205,0.002788888888888889,0.0013368546,0.002062871769298282,0.4465,-0.44443712823070175,Low Potential
21.175,80.22,0.10793044887994978,0.0030929411,0.05551169500476496,0.3833,-0.32778830499523504,Low Potential
21.175,80.235,0.1249355658390141,0.00096476957,0.06295016770435269,0.4201,-0.3571498322956473,Low Potential
21.175,80.25,0.0,0.00022286363,0.00011143181473016739,0.1817,-0.18158856818526983,Low Potential
21.175,80.265,0.007792592592592592,0.00021384309,0.00400321783948888,0.2078,-0.20379678216051114,Low Potential
21.175,80.28,0.02319361781312646,0.0007107926,0.011952205209911474,0.3679,-0.35594779479008853,Low Potential
21.175,80.295,0.010712727272727273,0.00058187614,0.005647301707338881,0.2048,-0.19915269829266113,Low Potential
21.175,80.31,0.007,0.0009142368,0.003957118410849943,0.1674,-0.16344288158915005,Low Potential
21.175,80.325,0.07167022700119473,0.0021383537,0.036904290326292104,0.227,-0.1900957096737079,Low Potential
21.175,80.34,0.005789473684210527,0.0003080146,0.0030487441410935534,0.1549,-0.15185125585890646,Low Potential
21.175,80.355,0.02292280701754386,0.00082511915,0.0118739630820777,0.1688,-0.1569260369179223,Low Potential
21.175,80.37,0.007764367816091954,0.0007448281,0.004254597948658034,0.3604,-0.356145402051342,Low Potential
21.175,80.385,0.034583068783068785,0.003073014,0.018828041434590582,0.1738,-0.15497195856540943,Low Potential
21.175,80.4,0.14460439594548902,0.004410371,0.07450738356491904,0.5409,-0.466392616435081,Low Potential
21.175,80.415,0.04126400367996355,0.0009918223,0.021127913008381974,0.4299,-0.40877208699161804,Low Potential
21.175,80.43,0.0013333333333333333,0.0004948494,0.0009140913678954045,0.1631,-0.16218590863210458,Low Potential
21.175,80.445,0.1335105751905888,0.0014267007,0.06746863796302674,0.1462,-0.07873136203697326,Low Potential
21.175,80.46,0.10890257349015929,0.0034968841,0.056199728812844345,0.4441,-0.38790027118715564,Low Potential
21.175,80.475,0.03493461912700303,0.0015943084,0.018264463770749757,0.4164,-0.39813553622925024,Low Potential
21.175,80.49,0.07676446211683052,0.0020308257,0.03939764391244599,0.3895,-0.350102356087554,Low Potential
21.19,79.2,0.017706162464985995,0.001795968,0.009751065252904966,0.2895,-0.279748934747095,Low Potential
21.19,79.215,0.0038,0.00024203131,0.0020210156551678663,0.3719,-0.36987898434483213,Low Potential
21.19,79.23,0.0185,0.0006015962,0.00955079809948802,0.5538,-0.544249201900512,Low Potential
21.19,79.245,0.00455,0.0005466437,0.0025483218425419183,0.2497,-0.2471516781574581,Low Potential
21.19,79.26,0.06031758241758242,0.0012682321,0.030792907271220013,0.3752,-0.34440709272877995,Low Potential
21.19,79.275,0.05370857116739469,0.010297011,0.03200279091005781,0.1966,-0.1645972090899422,Low Potential
21.19,79.29,0.010233333333333334,0.0007834235,0.0055083784095166875,0.1535,-0.14799162159048332,Low Potential
21.19,79.305,0.0963521648286354,0.0076630027,0.05200758376598713,0.1965,-0.14449241623401288,Low Potential
21.19,79.32,0.05423107088989442,0.0036512234,0.028941147134075192,0.1382,-0.1092588528659248,Low Potential
21.19,79.335,0.008,0.0029061353,0.005453067641705275,0.3535,-0.3480469323582947,Low Potential
21.19,79.35,0.017017857142857144,0.00048893556,0.008753396352586736,0.4136,-0.40484660364741326,Low Potential
21.19,79.365,0.07502646736685638,0.0008965356,0.03796150147391709,0.5122,-0.4742384985260829,Low Potential
21.19,79.38,0.01680833333333333,0.000617607,0.008712970153071606,0.5496,-0.5408870298469284,Low Potential
21.19,79.395,0.021605555555555555,0.006503943,0.01405474922189282,0.3756,-0.3615452507781072,Low Potential
21.19,79.41,0.014612698412698414,0.0009610023,0.007786850362183852,0.2886,-0.2808131496378162,Low Potential
21.19,79.425,0.011666666666666665,0.0007095497,0.006188108182589833,0.2051,-0.19891189181741017,Low Potential
21.19,79.44,0.027973724272317625,0.010477541,0.01922563264343487,0.2868,-0.26757436735656515,Low Potential
21.19,79.455,0.01475238095238095,0.00069871,0.007725545464620171,0.1742,-0.16647445453537982,Low Potential
21.19,79.47,0.20627747586390066,0.022090374,0.11418392471234345,0.2921,-0.17791607528765657,Low Potential
21.19,79.485,0.057629222629222626,0.0040802904,0.030854756534846303,0.1581,-0.1272452434651537,Low Potential
21.19,79.5,0.04936666666666668,0.0060997964,0.027733231527482475,0.1437,-0.11596676847251752,Low Potential
21.19,79.515,0.020615532223568298,0.007344756,0.013980144016661216,0.5453,-0.5313198559833388,Low Potential
21.19,79.53,0.014222222222222221,0.0037772898,0.008999755992657607,0.1438,-0.13480024400734242,Low Potential
21.19,79.545,0.04772813277339698,0.03928733,0.043507730746744876,0.3464,-0.30289226925325513,Low Potential
21.19,79.56,0.1831153720263476,0.004639243,0.09387730740104291,0.2731,-0.1792226925989571,Low Potential
21.19,79.575,0.06960229419703104,0.012488923,0.04104560861629654,0.5382,-0.4971543913837035,Low Potential
21.19,79.59,0.0038888888888888888,0.0013761747,0.002632531814225432,0.3169,-0.31426746818577456,Low Potential
21.19,79.605,0.00988235294117647,0.0010341234,0.005458238149280934,0.1514,-0.14594176185071908,Low Potential
21.19,79.62,0.11757922200778238,0.00055000867,0.05906461533887181,0.3329,-0.27383538466112817,Low Potential
21.19,79.635,0.0037391304347826086,0.00034744965,0.0020432900413718965,0.179,-0.17695670995862808,Low Potential
21.19,79.65,0.004,0.00023663526,0.0021183176282211207,0.3499,-0.34778168237177887,Low Potential
21.19,79.665,0.0073,0.0003436574,0.003821828694874421,0.2239,-0.22007817130512558,Low Potential
21.19,79.68,0.0016666666666666666,0.0008914056,0.0012790361450364192,0.1823,-0.18102096385496358,Low Potential
21.19,79.695,0.02895714285714286,0.0027829462,0.015870044538405327,0.1588,-0.14292995546159468,Low Potential
21.19,79.71,0.009466666666666667,0.0006514979,0.005059082292191063,0.435,-0.42994091770780896,Low Potential
21.19,79.725,0.0185,0.00048835797,0.009494178983848542,0.4734,-0.46390582101615147,Low Potential
21.19,79.74,0.05924771303258145,0.0007289192,0.029988316130792992,0.2835,-0.25351168386920697,Low Potential
21.19,79.755,0.0,0.000276979,0.00013848950038664043,0.164,-0.16386151049961337,Low Potential
21.19,79.77,0.01665359477124183,0.0008409783,0.008747286530365267,0.2947,-0.28595271346963475,Low Potential
21.19,79.785,0.11084505139110401,0.0027166398,0.05678084558437474,0.5362,-0.47941915441562527,Low Potential
21.19,79.8,0.001,0.0004052051,0.0007026025467785075,0.2062,-0.2054973974532215,Low Potential
21.19,79.815,0.06521213893319155,0.00093445054,0.0330732947355446,0.2374,-0.2043267052644554,Low Potential
21.19,79.83,0.0,0.0005901333,0.0002950666530523449,0.1855,-0.18520493334694765,Low Potential
21.19,79.845,0.002333333333333333,0.00022048333,0.0012769083311820091,0.1691,-0.16782309166881798,Low Potential
21.19,79.86,0.0,0.00057130615,0.0002856530772987753,0.3788,-0.37851434692270125,Low Potential
21.19,79.875,0.011933333333333334,0.0006462747,0.0062898040224021925,0.1587,-0.1524101959775978,Low Potential
21.19,79.89,0.029387820512820514,0.0005173632,0.014952591853598372,0.2592,-0.2442474081464016,Low Potential
21.19,79.905,0.0,0.00020784701,0.00010392350668553263,0.1862,-0.18609607649331447,Low Potential
21.19,79.92,0.0027,0.0003861834,0.0015430917060235516,0.1515,-0.14995690829397645,Low Potential
21.19,79.935,0.029655122655122657,0.00048070625,0.015067914452825265,0.3294,-0.31433208554717473,Low Potential
21.19,79.95,0.015433333333333334,0.00093712576,0.008185229547663282,0.2462,-0.2380147704523367,Low Potential
21.19,79.965,0.00336969696969697,0.0010410879,0.002205392436855332,0.2003,-0.19809460756314468,Low Potential
21.19,79.98,0.0015,0.00039325736,0.0009466286799870432,0.1639,-0.16295337132001295,Low Potential
21.19,79.995,0.02711632730015083,0.0009570628,0.014036695058664748,0.1856,-0.17156330494133523,Low Potential
21.19,80.01,0.004333333333333333,0.00027949005,0.0023064116917472953,0.1995,-0.1971935883082527,Low Potential
21.19,80.025,0.0,0.00023106938,0.00011553469084901735,0.1762,-0.17608446530915098,Low Potential
21.19,80.04,0.004333333333333333,0.00031515796,0.002324245645936268,0.1533,-0.1509757543540637,Low Potential
21.19,80.055,0.011577777777777777,0.00026498488,0.005921381326731191,0.1765,-0.1705786186732688,Low Potential
21.19,80.07,0.0035,0.00039135342,0.0019456767082447186,0.1414,-0.13945432329175528,Low Potential
21.19,80.085,0.0878186094950801,0.0011042047,0.04446140708885669,0.1844,-0.13993859291114333,Low Potential
21.19,80.1,0.06448726551226551,0.0005854685,0.03253636699910847,0.2676,-0.23506363300089153,Low Potential
21.19,80.115,0.0,0.0001895404,9.477019921177998e-05,0.2791,-0.27900522980078823,Low Potential
21.19,80.13,0.004,0.00027007202,0.002135036010760814,0.3259,-0.3237649639892392,Low Potential
21.19,80.145,0.009083333333333332,0.00092940754,0.005006370437952379,0.1287,-0.12369362956204763,Low Potential
21.19,80.16,0.0029,0.00044966402,0.001674832008825615,0.1237,-0.12202516799117438,Low Potential
21.19,80.175,0.06507529610911963,0.0013013118,0.0331883039402525,0.1953,-0.1621116960597475,Low Potential
21.19,80.19,0.0018888888888888887,0.0003004453,0.001094667095872056,0.4596,-0.4585053329041279,Low Potential
21.19,80.205,0.0095,0.0014017813,0.005450890668667853,0.212,-0.20654910933133214,Low Potential
21.19,80.22,0.002,0.0005974538,0.001298726896289736,0.1949,-0.19360127310371025,Low Potential
21.19,80.235,0.004,0.0008026349,0.0024013174620922655,0.2005,-0.19809868253790774,Low Potential
21.19,80.25,0.06055868318987514,0.003327184,0.03194293354048146,0.2002,-0.16825706645951855,Low Potential
21.19,80.265,0.0,0.0004101596,0.0002050798066193238,0.1398,-0.13959492019338068,Low Potential
21.19,80.28,0.002,0.0006157265,0.0013078632580582053,0.143,-0.14169213674194178,Low Potential
21.19,80.295,0.017839999999999998,0.0008209019,0.009330450942581519,0.2401,-0.23076954905741848,Low Potential
21.19,80.31,0.004,0.0011163321,0.00255816606618464,0.423,-0.42044183393381535,Low Potential
21.19,80.325,0.027123809523809522,0.0008667467,0.013995278114184648,0.418,-0.4040047218858153,Low Potential
21.19,80.34,0.03684584500466853,0.0010509364,0.01894839070603907,0.3661,-0.34715160929396094,Low Potential
21.19,80.355,0.004166666666666666,0.0016504728,0.002908569710173954,0.2579,-0.25499143028982607,Low Potential
21.19,80.37,0.108420259479083,0.0041527203,0.0562864899037517,0.269,-0.2127135100962483,Low Potential
21.19,80.385,0.002,0.00064885046,0.0013244252293370664,0.1998,-0.19847557477066294,Low Potential
21.19,80.4,0.04585070573604464,0.00083878584,0.02334474578788869,0.4969,-0.4735552542121113,Low Potential
21.19,80.415,0.0,0.00044734377,0.00022367188648786396,0.2915,-0.2912763281135121,Low Potential
21.19,80.43,0.051597321835244875,0.0025884507,0.02709288625553756,0.4783,-0.45120711374446243,Low Potential
21.19,80.445,0.002,0.0006580913,0.0013290456370450556,0.2232,-0.22187095436295495,Low Potential
21.19,80.46,0.01758462925400045,0.00057770207,0.009081165662293417,0.4049,-0.3958188343377066,Low Potential
21.19,80.475,0.09461614701088383,0.0013426904,0.047979418722129685,0.324,-0.2760205812778703,Low Potential
21.19,80.49,0.024866666666666662,0.0014641435,0.013165405089252936,0.145,-0.13183459491074706,Low Potential
21.205,79.2,0.040761904761904756,0.0071633244,0.02396261457761838,0.3742,-0.3502373854223816,Low Potential
21.205,79.215,0.010461904761904763,0.0011660741,0.0058139894164921276,0.3913,-0.38548601058350784,Low Potential
21.205,79.23,0.011715686274509803,0.00061060104,0.006163143657522239,0.2996,-0.29343685634247774,Low Potential
21.205,79.245,0.09825747126436782,0.0014759768,0.049866724022212386,0.533,-0.48313327597778766,Low Potential
21.205,79.26,0.027806983865807395,0.002823151,0.015315067407680025,0.386,-0.37068493259232,Low Potential
21.205,79.275,0.021878019323671498,0.0009875115,0.011432765400552321,0.3002,-0.2887672345994477,Low Potential
21.205,79.29,0.0058,0.00073469954,0.003267349770385772,0.4487,-0.4454326502296142,Low Potential
21.205,79.305,0.13952053277819532,0.022657854,0.08108919363036343,0.246,-0.16491080636963656,Low Potential
21.205,79.32,0.1348839679927915,0.0033236865,0.06910382726739048,0.1629,-0.09379617273260951,Low Potential
21.205,79.335,0.01566666666666667,0.0009783431,0.008322504869507006,0.2043,-0.195977495130493,Low Potential
21.205,79.35,0.012633333333333333,0.0037942324,0.008213782858351866,0.4681,-0.4598862171416481,Low Potential
21.205,79.365,0.012546153846153846,0.0010827318,0.006814442803130413,0.142,-0.1351855571968696,Low Potential
21.205,79.38,0.005142857142857143,0.00064797944,0.002895418291046683,0.1344,-0.13150458170895332,Low Potential
21.205,79.395,0.017666666666666667,0.0014128219,0.009539744300146898,0.2359,-0.2263602556998531,Low Potential
21.205,79.41,0.005666666666666666,0.0008106731,0.0032386698888925212,0.1748,-0.1715613301111075,Low Potential
21.205,79.425,0.053915064673888194,0.010676071,0.032295567860835546,0.1482,-0.11590443213916446,Low Potential
21.205,79.44,0.003,0.0011703182,0.0020851591122336686,0.4458,-0.4437148408877663,Low Potential
21.205,79.455,0.011166666666666667,0.0047558565,0.007961261567970116,0.2885,-0.28053873843202987,Low Potential
21.205,79.47,0.027800000000000002,0.00078855135,0.014294275673897938,0.1615,-0.14720572432610207,Low Potential
21.205,79.485,0.015454816709292414,0.0040783687,0.009766592682814837,0.2094,-0.19963340731718515,Low Potential
21.205,79.5,0.03458474739951722,0.003982096,0.019283421689335663,0.3024,-0.28311657831066434,Low Potential
21.205,79.515,0.12030732037094737,0.048655596,0.08448145800067736,0.5101,-0.42561854199932264,Low Potential
21.205,79.53,0.05289767508071116,0.09317518,0.07303642766853895,0.3322,-0.25916357233146103,Low Potential
21.205,79.545,0.29621738592803665,0.2285925,0.2624049430093178,0.3141,-0.051695056990682164,Low Potential
21.205,79.56,0.020990742307601912,0.004059679,0.012525210591255895,0.1926,-0.1800747894087441,Low Potential
21.205,79.575,0.020555555555555553,0.0016644147,0.011109985104089394,0.1499,-0.1387900148959106,Low Potential
21.205,79.59,0.0655,0.011547166,0.038523582961410285,0.1505,-0.11197641703858971,Low Potential
21.205,79.605,0.07511314761677028,0.0024587344,0.03878594102729679,0.5656,-0.5268140589727032,Low Potential
21.205,79.62,0.0026666666666666666,0.00051696564,0.001591816151359429,0.3137,-0.31210818384864053,Low Potential
21.205,79.635,0.009133333333333334,0.0002649015,0.0046991174132718395,0.2486,-0.24390088258672815,Low Potential
21.205,79.65,0.007142857142857143,0.00018246697,0.003662662058611334,0.3278,-0.32413733794138866,Low Potential
21.205,79.665,0.002142857142857143,0.00023186851,0.0011873628287659293,0.3539,-0.3527126371712341,Low Potential
21.205,79.68,0.03989144385026738,0.00040012656,0.020145785206360595,0.3981,-0.37795421479363944,Low Potential
21.205,79.695,0.022236845232510866,0.002984863,0.012610854119976015,0.5652,-0.5525891458800241,Low Potential
21.205,79.71,0.008399321266968325,0.0007694942,0.0045844077423943955,0.3258,-0.3212155922576056,Low Potential
21.205,79.725,0.04893581948782704,0.0023244836,0.025630151539013792,0.5559,-0.5302698484609861,Low Potential
21.205,79.74,0.00736969696969697,0.00043192622,0.003900811596107528,0.2158,-0.21189918840389246,Low Potential
21.205,79.755,0.004,0.00048383453,0.0022419172669760883,0.1974,-0.1951580827330239,Low Potential
21.205,79.77,0.08596203816823011,0.0016532935,0.04380766583257961,0.166,-0.1221923341674204,Low Potential
21.205,79.785,0.02788315018315018,0.001433943,0.014658546616100524,0.1505,-0.13584145338389947,Low Potential
21.205,79.8,0.04927132414369257,0.00059891504,0.024935119590695807,0.2428,-0.21786488040930418,Low Potential
21.205,79.815,0.0008,0.0002138176,0.0005069088029908016,0.1476,-0.1470930911970092,Low Potential
21.205,79.83,0.012157142857142858,0.0014726782,0.0068149105045279225,0.1919,-0.18508508949547206,Low Potential
21.205,79.845,0.012333333333333332,0.00019840013,0.006265866730808435,0.1501,-0.1438341332691916,Low Potential
21.205,79.86,0.07702940263843167,0.0008526097,0.03894100616598503,0.2021,-0.16315899383401497,Low Potential
21.205,79.875,0.006,0.00040026123,0.003200130612938665,0.2164,-0.21319986938706134,Low Potential
21.205,79.89,0.003928571428571429,0.00066224096,0.002295406192507861,0.2108,-0.20850459380749212,Low Potential
21.205,79.905,0.001,0.00023443718,0.0006172185875475407,0.1657,-0.16508278141245245,Low Potential
21.205,79.92,0.003833333333333333,0.0013986017,0.0026159675094919897,0.2629,-0.260284032490508,Low Potential
21.205,79.935,0.0039,0.000954628,0.002427313995361328,0.2538,-0.2513726860046387,Low Potential
21.205,79.95,0.0016666666666666666,0.00047480242,0.001070734544385535,0.2861,-0.28502926545561447,Low Potential
21.205,79.965,0.02673333333333333,0.0026534002,0.014693366757097343,0.2262,-0.21150663324290267,Low Potential
21.205,79.98,0.0008,0.00020494846,0.0005024742305162362,0.151,-0.15049752576948375,Low Potential
21.205,79.995,0.002,0.0014924791,0.0017462395587936044,0.2849,-0.2831537604412064,Low Potential
21.205,80.01,0.003,0.00021165475,0.0016058273774106056,0.1345,-0.1328941726225894,Low Potential
21.205,80.025,0.021365641025641025,0.00072689715,0.011046269089356542,0.1915,-0.18045373091064346,Low Potential
21.205,80.04,0.0013333333333333333,0.00021804134,0.0007756873381828579,0.149,-0.14822431266181713,Low Potential
21.205,80.055,0.0,0.00021534266,0.00010767133062472567,0.1587,-0.15859232866937528,Low Potential
21.205,80.07,0.060513962092259295,0.0005827384,0.030548350232145447,0.407,-0.3764516497678545,Low Potential
21.205,80.085,0.03735112950641401,0.00056278287,0.018956956185715832,0.1682,-0.14924304381428416,Low Potential
21.205,80.1,0.029301587301587304,0.00068174326,0.014991665280098836,0.249,-0.23400833471990115,Low Potential
21.205,80.115,0.0,0.0002187212,0.00010936059697996825,0.1495,-0.14939063940302003,Low Potential
21.205,80.13,0.056631576962768916,0.000530305,0.028580940995132493,0.2331,-0.2045190590048675,Low Potential
21.205,80.145,0.015266666666666668,0.000580822,0.007923744333939007,0.1382,-0.130276255666061,Low Potential
21.205,80.16,0.0,0.00033376907,0.00016688453615643084,0.3815,-0.3813331154638436,Low Potential
21.205,80.175,0.06257276004868884,0.0007468673,0.031659813688552696,0.1897,-0.1580401863114473,Low Potential
21.205,80.19,0.0,0.00028754384,0.00014377191837411374,0.363,-0.3628562280816259,Low Potential
21.205,80.205,0.005733068362480127,0.00027007202,0.0030015701920008773,0.418,-0.4149984298079991,Low Potential
21.205,80.22,0.034808931028551766,0.00070851925,0.017758725138421808,0.4396,-0.4218412748615782,Low Potential
21.205,80.235,0.10388073779668607,0.0006258186,0.05225327820762966,0.1598,-0.10754672179237035,Low Potential
21.205,80.25,0.032827519422256264,0.00068351836,0.016755518890846925,0.4479,-0.4311444811091531,Low Potential
21.205,80.265,0.016930621339444868,0.0004420231,0.008686322218723994,0.1599,-0.15121367778127598,Low Potential
21.205,80.28,0.05509784530771373,0.0010648278,0.02808133654490783,0.221,-0.19291866345509218,Low Potential
21.205,80.295,0.009033333333333332,0.0006157265,0.0048245299247248715,0.1412,-0.13637547007527512,Low Potential
21.205,80.31,0.0,0.00035737958,0.00017868979193735868,0.133,-0.13282131020806265,Low Potential
21.205,80.325,0.0,0.000532598,0.00026629900094121695,0.1585,-0.15823370099905879,Low Potential
21.205,80.34,0.07603960311790033,0.0014284607,0.0387340319101002,0.4349,-0.3961659680898998,Low Potential
21.205,80.355,0.04693181800655485,0.0013841406,0.024157979290464076,0.4289,-0.4047420207095359,Low Potential
21.205,80.37,0.05625714285714286,0.006249963,0.03125355284868607,0.1481,-0.11684644715131394,Low Potential
21.205,80.385,0.052771255060728745,0.0026909271,0.02773109109312115,0.2472,-0.21946890890687887,Low Potential
21.205,80.4,0.044797321835244874,0.00426587,0.02453159590144216,0.5525,-0.5279684040985578,Low Potential
21.205,80.415,0.08583974586224535,0.0030791103,0.04445942807655026,0.5421,-0.4976405719234498,Low Potential
21.205,80.43,0.002,0.00043784975,0.001218924877117388,0.2659,-0.26468107512288264,Low Potential
21.205,80.445,0.02163047619047619,0.001909994,0.011770235122530942,0.3622,-0.3504297648774691,Low Potential
21.205,80.46,0.056738509735878156,0.0015731406,0.029155825176203423,0.2675,-0.2383441748237966,Low Potential
21.205,80.475,0.0077733333333333335,0.0006693485,0.004221340926314394,0.3438,-0.3395786590736856,Low Potential
21.205,80.49,0.01377124183006536,0.0005642021,0.0071677219571357025,0.5385,-0.5313322780428643,Low Potential
21.22,79.2,0.05906250653371396,0.0006239355,0.02984322100902067,0.362,-0.33215677899097934,Low Potential
21.22,79.215,0.044594799440063636,0.013426176,0.029010487856198152,0.3013,-0.27228951214380187,Low Potential
21.22,79.23,0.10888145980266724,0.0009493623,0.05491541104777651,0.2571,-0.2021845889522235,Low Potential
21.22,79.245,0.041268817204301075,0.0018772582,0.02157303769340218,0.2201,-0.1985269623065978,Low Potential
21.22,79.26,0.016666666666666666,0.00046370202,0.00856518434205403,0.5378,-0.529234815657946,Low Potential
21.22,79.275,0.0,0.00022541784,0.00011270891991443932,0.327,-0.3268872910800856,Low Potential
21.22,79.29,0.009996153846153847,0.0041281832,0.007062168542181071,0.1481,-0.14103783145781895,Low Potential
21.22,79.305,0.1429914665722146,0.15658195,0.14978670987006498,0.2171,-0.067313290129935,Low Potential
21.22,79.32,0.2897459397508805,0.5833197,0.43653283167849505,0.5474,-0.11086716832150495,Low Potential
21.22,79.335,0.10688362878285568,0.0043797595,0.05563169416274985,0.1624,-0.10676830583725014,Low Potential
21.22,79.35,0.006333333333333333,0.005689275,0.0060113041593382755,0.3531,-0.34708869584066177,Low Potential
21.22,79.365,0.0088,0.0007382727,0.004769136338122189,0.2028,-0.19803086366187783,Low Potential
21.22,79.38,0.002142857142857143,0.0009361477,0.0015395024207620217,0.4026,-0.401060497579238,Low Potential
21.22,79.395,0.005,0.0011841774,0.003092088676057756,0.2706,-0.26750791132394225,Low Potential
21.22,79.41,0.012906162464985995,0.0023947468,0.007650454610583558,0.3026,-0.2949495453894164,Low Potential
21.22,79.425,0.0051111111111111105,0.0012176776,0.003164394359156075,0.4352,-0.4320356056408439,Low Potential
21.22,79.44,0.07099709746377329,0.0012800705,0.0361385839895614,0.5609,-0.5247614160104386,Low Potential
21.22,79.455,0.0711673956762192,0.00096678006,0.03606708786925921,0.6338,-0.5977329121307409,Low Potential
21.22,79.47,0.008621483375959079,0.0006916074,0.004656545397913074,0.1963,-0.19164345460208693,Low Potential
21.22,79.485,0.014053968253968254,0.0022664864,0.008160227331078598,0.1613,-0.1531397726689214,Low Potential
21.22,79.5,0.09006755385137737,0.027605979,0.058836766311710774,0.1649,-0.10606323368828921,Low Potential
21.22,79.515,0.023031070889894423,0.0021417742,0.01258642252813491,0.1554,-0.1428135774718651,Low Potential
21.22,79.53,0.08005213649096002,0.0016230342,0.04083758536768163,0.1895,-0.14866241463231838,Low Potential
21.22,79.545,0.01562936507936508,0.011370748,0.01350005668042198,0.2881,-0.27459994331957804,Low Potential
21.22,79.56,0.007222222222222221,0.004589389,0.0059058056502706464,0.2775,-0.27159419434972937,Low Potential
21.22,79.575,0.044615079365079365,0.013525206,0.029070142514708023,0.2838,-0.254729857485292,Low Potential
21.22,79.59,0.10069120520002871,0.037337393,0.06901429888430849,0.1671,-0.09808570111569151,Low Potential
21.22,79.605,0.046210558069381596,0.0034195387,0.024815048398205877,0.1446,-0.11978495160179413,Low Potential
21.22,79.62,0.25967474380339417,0.17743018,0.21855246324939148,0.5371,-0.31854753675060854,Low Potential
21.22,79.635,0.09831638557520911,0.0011615172,0.049738951400673165,0.4616,-0.4118610485993268,Low Potential
21.22,79.65,0.32592808621626895,0.23755692,0.28174250283589863,0.2965,-0.014757497164101352,Low Potential
21.22,79.665,0.044215422769898476,0.0021808292,0.023198125974220187,0.361,-0.3378018740257798,Low Potential
21.22,79.68,0.02879047619047619,0.0026773722,0.01573392419078875,0.142,-0.12626607580921123,Low Potential
21.22,79.695,0.051567472148891465,0.002504249,0.027035860626129397,0.6018,-0.5747641393738706,Low Potential
21.22,79.71,0.044936840120663644,0.0006960041,0.022816422098995075,0.214,-0.19118357790100493,Low Potential
21.22,79.725,0.012822222222222223,0.0014249267,0.007123574452298797,0.4965,-0.4893764255477012,Low Potential
21.22,79.74,0.001,0.00038319844,0.0006915992179419845,0.1631,-0.162408400782058,Low Potential
21.22,79.755,0.059134711693535215,0.00075510587,0.02994490877982724,0.173,-0.14305509122017274,Low Potential
21.22,79.77,0.015477887025255448,0.0005017715,0.007989829270478206,0.4456,-0.4376101707295218,Low Potential
21.22,79.785,0.010833333333333334,0.0030248943,0.006929113805914919,0.1301,-0.12317088619408507,Low Potential
21.22,79.8,0.004764705882352941,0.00035151886,0.002558112370288547,0.4558,-0.45324188762971146,Low Potential
21.22,79.815,0.003,0.0005058479,0.001752923957305029,0.1795,-0.17774707604269496,Low Potential
21.22,79.83,0.0,0.0006017376,0.00030086879269219935,0.2193,-0.2189991312073078,Low Potential
21.22,79.845,0.020384711779448624,0.000999914,0.010692312898011622,0.4687,-0.45800768710198836,Low Potential
21.22,79.86,0.026555686274509802,0.0007724738,0.013664080042142384,0.3046,-0.2909359199578576,Low Potential
21.22,79.875,0.0,0.0006017376,0.00030086879269219935,0.2394,-0.2390991312073078,Low Potential
21.22,79.89,0.004166666666666666,0.0008980921,0.002532379389352475,0.2059,-0.20336762061064753,Low Potential
21.22,79.905,0.018486490917437207,0.0010082999,0.009747395397652155,0.161,-0.15125260460234785,Low Potential
21.22,79.92,0.005,0.0006255714,0.0028127857053186745,0.1671,-0.16428721429468132,Low Potential
21.22,79.935,0.0075,0.0010869995,0.004293499772902578,0.1931,-0.1888065002270974,Low Potential
21.22,79.95,0.04557523783406136,0.004689025,0.025132131530520904,0.2725,-0.2473678684694791,Low Potential
21.22,79.965,0.008833333333333332,0.0025258618,0.005679597587014237,0.1895,-0.18382040241298575,Low Potential
21.22,79.98,0.004,0.0018899163,0.0029449581266380847,0.3213,-0.3183550418733619,Low Potential
21.22,79.995,0.006,0.0008499949,0.0034249974444974214,0.2866,-0.2831750025555026,Low Potential
21.22,80.01,0.006023809523809525,0.0011413129,0.003582561202591197,0.2306,-0.2270174387974088,Low Potential
21.22,80.025,0.018522352941176472,0.0007986257,0.009660489319046303,0.2707,-0.2610395106809537,Low Potential
21.22,80.04,0.0013333333333333333,0.0005901333,0.0009617333197190116,0.2922,-0.291238266680281,Low Potential
21.22,80.055,0.0,0.00022823298,0.00011411649029469118,0.1576,-0.1574858835097053,Low Potential
21.22,80.07,0.10467593909358615,0.0010168876,0.05284641334845689,0.2286,-0.17575358665154311,Low Potential
21.22,80.085,0.0012,0.00033129758,0.0007656487875152379,0.3327,-0.33193435121248477,Low Potential
21.22,80.1,0.007833333333333333,0.00030502366,0.004069178494430768,0.579,-0.5749308215055692,Low Potential
21.22,80.115,0.052297321835244874,0.00333945,0.02781838597156613,0.5438,-0.5159816140284338,Low Potential
21.22,80.13,0.008555555555555556,0.0015925606,0.005074058055205064,0.2915,-0.2864259419447949,Low Potential
21.22,80.145,0.008792592592592591,0.00045451822,0.004623555404510935,0.1219,-0.11727644459548905,Low Potential
21.22,80.16,0.017564935064935065,0.0010526247,0.009308779863670904,0.2163,-0.2069912201363291,Low Potential
21.22,80.175,0.021396494355317885,0.0033434709,0.012369982607795265,0.3536,-0.34123001739220477,Low Potential
21.22,80.19,0.02322982768865122,0.002984863,0.013107345348046192,0.4332,-0.4200926546519538,Low Potential
21.22,80.205,0.03498585972850679,0.000656132,0.017820995866365277,0.1996,-0.18177900413363474,Low Potential
21.22,80.22,0.05521186609610572,0.0005320269,0.027871946511313465,0.434,-0.4061280534886865,Low Potential
21.22,80.235,0.019248732943469786,0.00021955276,0.009734142853312724,0.1945,-0.18476585714668728,Low Potential
21.22,80.25,0.08912600373482726,0.00048820162,0.04480710267837357,0.3373,-0.2924928973216264,Low Potential
21.22,80.265,0.03378947368421053,0.00077530276,0.017282388222256775,0.1905,-0.17321761177774322,Low Potential
21.22,80.28,0.007942857142857144,0.00033908902,0.004140973081273426,0.1767,-0.17255902691872657,Low Potential
21.22,80.295,0.0162,0.00042740465,0.008313702325709164,0.3762,-0.3678862976742908,Low Potential
21.22,80.31,0.00588888888888889,0.001125468,0.003507178473234591,0.3962,-0.3926928215267654,Low Potential
21.22,80.325,0.11551399454518647,0.001880151,0.05869707276601092,0.2654,-0.20670292723398911,Low Potential
21.22,80.34,0.0558479365079365,0.0024505544,0.02914924545337815,0.3085,-0.27935075454662184,Low Potential
21.22,80.355,0.005728506787330317,0.0011960702,0.0034622885061541733,0.3579,-0.35443771149384584,Low Potential
21.22,80.37,0.0562668816907207,0.003005286,0.029636083835450303,0.2155,-0.1858639161645497,Low Potential
21.22,80.385,0.008298268398268398,0.0009546803,0.004626474358839108,0.1935,-0.1888735256411609,Low Potential
21.22,80.4,0.05671854636591479,0.0030297416,0.029874143972790763,0.1408,-0.11092585602720925,Low Potential
21.22,80.415,0.03563550543024228,0.00022849752,0.017932001475049298,0.3917,-0.3737679985249507,Low Potential
21.22,80.43,0.04279732183524487,0.0035589833,0.023178152581532885,0.4232,-0.40002184741846714,Low Potential
21.22,80.445,0.007533333333333333,0.00076307193,0.004148202633547286,0.2188,-0.2146517973664527,Low Potential
21.22,80.46,0.05263529220779221,0.00096711353,0.0268012028708904,0.4122,-0.3853987971291096,Low Potential
21.22,80.475,0.011628070175438597,0.000362228,0.005995149083214551,0.3643,-0.3583048509167855,Low Potential
21.22,80.49,0.015180476190476192,0.0006693485,0.007924912354885823,0.2046,-0.19667508764511418,Low Potential
21.235,79.2,0.003,0.00029273666,0.00164636832929682,0.2924,-0.29075363167070317,Low Potential
21.235,79.215,0.03148357487922705,0.00033985297,0.01591171392268121,0.5807,-0.5647882860773188,Low Potential
21.235,79.23,0.08432393493159747,0.0041671563,0.04424554561279285,0.2984,-0.25415445438720713,Low Potential
21.235,79.245,0.01390229419703104,0.000481473,0.007191883593986148,0.5043,-0.4971081164060138,Low Potential
21.235,79.26,0.003333333333333333,0.0008077772,0.0020705552775568017,0.2457,-0.2436294447224432,Low Potential
21.235,79.275,0.35259710921899584,0.60231113,0.4774541217786874,0.5735,-0.09604587822131261,Moderate Potential
21.235,79.29,0.00828901098901099,0.001305509,0.004797259999204755,0.2585,-0.25370274000079523,Low Potential
21.235,79.305,0.0105,0.0039549507,0.007227475360035897,0.2521,-0.2448725246399641,Low Potential
21.235,79.32,0.08849905682552742,0.00991315,0.049206103523318404,0.1903,-0.14109389647668158,Low Potential
21.235,79.335,0.036674101921470345,0.0019139169,0.01929400941157782,0.4216,-0.40230599058842215,Low Potential
21.235,79.35,0.00628901098901099,0.0014076601,0.003848335533634156,0.1413,-0.13745166446636586,Low Potential
21.235,79.365,0.003333333333333333,0.0010533214,0.002193327370720605,0.1868,-0.18460667262927938,Low Potential
21.235,79.38,0.0031333333333333335,0.0013759912,0.0022546622429663937,0.4225,-0.4202453377570336,Low Potential
21.235,79.395,0.03904089439971793,0.002160954,0.020600924228012803,0.2294,-0.2087990757719872,Low Potential
21.235,79.41,0.019857142857142858,0.0014654358,0.010661289347734835,0.2054,-0.19473871065226517,Low Potential
21.235,79.425,0.006566666666666668,0.0012322981,0.003899482378860315,0.1533,-0.14940051762113968,Low Potential
21.235,79.44,0.008666666666666666,0.0014449642,0.005055815435325106,0.3932,-0.38814418456467487,Low Potential
21.235,79.455,0.018665051572468453,0.00095847214,0.009811761856766578,0.312,-0.3021882381432334,Low Potential
21.235,79.47,0.12023513998187474,0.02074064,0.07048788970011916,0.1808,-0.11031211029988083,Low Potential
21.235,79.485,0.014716666666666664,0.012099149,0.013407907686134177,0.2733,-0.2598920923138658,Low Potential
21.235,79.5,0.07312186641188188,0.00769749,0.04040967822791002,0.4872,-0.44679032177209,Low Potential
21.235,79.515,0.033342185592185596,0.00272112,0.018031652748538126,0.1574,-0.13936834725146188,Low Potential
21.235,79.53,0.023072222222222223,0.0027170766,0.012894649395077593,0.1531,-0.14020535060492242,Low Potential
21.235,79.545,0.07225047885550981,0.010162695,0.041206587083259846,0.5332,-0.49199341291674015,Low Potential
21.235,79.56,0.05435726495726496,0.0045252517,0.029441258321918993,0.2709,-0.24145874167808098,Low Potential
21.235,79.575,0.024465201465201463,0.0024737867,0.013469494085653169,0.1448,-0.13133050591434683,Low Potential
21.235,79.59,0.05076848172467368,0.007436903,0.029102692459133352,0.4598,-0.43069730754086666,Low Potential
21.235,79.605,0.09555223645463581,0.017142426,0.0563473313385993,0.5245,-0.46815266866140065,Low Potential
21.235,79.62,0.19650117512053766,0.016367834,0.10643450459096093,0.5631,-0.4566654954090391,Low Potential
21.235,79.635,0.27079227294630864,0.099604495,0.18519838390800883,0.4712,-0.28600161609199115,Low Potential
21.235,79.65,0.00812063492063492,0.00024758812,0.0041841115199358365,0.1452,-0.14101588848006416,Low Potential
21.235,79.665,0.024723626373626375,0.0006066817,0.012665154029760551,0.2138,-0.20113484597023945,Low Potential
21.235,79.68,0.0028461538461538463,0.00036423586,0.0016051948552037805,0.2641,-0.26249480514479623,Low Potential
21.235,79.695,0.004833333333333333,0.0003014409,0.00256738711001041,0.2114,-0.20883261288998958,Low Potential
21.235,79.71,0.019408058608058606,0.0035870164,0.011497537489103036,0.3828,-0.37130246251089694,Low Potential
21.235,79.725,0.001764705882352941,0.0003430705,0.0010538881966803111,0.5121,-0.5110461118033197,Low Potential
21.235,79.74,0.00385,0.00049579865,0.0021728993264958263,0.3786,-0.37642710067350416,Low Potential
21.235,79.755,0.0078,0.00056512596,0.0041825629781000314,0.5781,-0.5739174370218999,Low Potential
21.235,79.77,0.02596140350877193,0.0006854299,0.013323416703896956,0.1497,-0.13637658329610305,Low Potential
21.235,79.785,0.001,0.0005147088,0.0007573544043116272,0.1463,-0.14554264559568839,Low Potential
21.235,79.8,0.09174916505063564,0.0012096358,0.0464794004019101,0.2555,-0.2090205995980899,Low Potential
21.235,79.815,0.0038,0.000384789,0.00209239449466113,0.3206,-0.31850760550533885,Low Potential
21.235,79.83,0.0,0.00020220346,0.00010110173025168478,0.1688,-0.16869889826974832,Low Potential
21.235,79.845,0.009,0.0038023966,0.006401198294945061,0.2946,-0.2881988017050549,Low Potential
21.235,79.86,0.010333333333333333,0.00083995797,0.005586645650366942,0.2172,-0.21161335434963308,Low Potential
21.235,79.875,0.009939393939393939,0.0009066465,0.005423020211951525,0.2066,-0.2011769797880485,Low Potential
21.235,79.89,0.0,0.0012449998,0.000622499908786267,0.2411,-0.24047750009121374,Low Potential
21.235,79.905,0.002,0.0014977996,0.0017488998235203326,0.2698,-0.26805110017647965,Low Potential
21.235,79.92,0.018666666666666665,0.0016842249,0.010175445799094934,0.2341,-0.22392455420090507,Low Potential
21.235,79.935,0.0,0.00021278222,0.00010639111133059487,0.1655,-0.1653936088886694,Low Potential
21.235,79.95,0.0025,0.0011454974,0.0018227487150579691,0.2507,-0.248877251284942,Low Potential
21.235,79.965,0.06249136337518689,0.0021124883,0.03230192581877111,0.2026,-0.1702980741812289,Low Potential
21.235,79.98,0.004,0.0019252716,0.0029626357932575047,0.2852,-0.2822373642067425,Low Potential
21.235,79.995,0.011264771460423635,0.0006357321,0.005950251771071189,0.2475,-0.2415497482289288,Low Potential
21.235,80.01,0.011666666666666667,0.0029335527,0.0073001096940909825,0.2207,-0.21339989030590903,Low Potential
21.235,80.025,0.009536363636363636,0.0012112291,0.005373796383029019,0.2333,-0.227926203616971,Low Potential
21.235,80.04,0.060039207198030714,0.0028091979,0.03142420253638524,0.1808,-0.14937579746361473,Low Potential
21.235,80.055,0.015133333333333334,0.00033490476,0.007734119047659139,0.1472,-0.13946588095234086,Low Potential
21.235,80.07,0.0085,0.0005422444,0.004521122204139829,0.285,-0.28047887779586017,Low Potential
21.235,80.085,0.003,0.00021804134,0.0016090206715161912,0.1497,-0.1480909793284838,Low Potential
21.235,80.1,0.004933333333333334,0.0007753825,0.002854357919065903,0.221,-0.2181456420809341,Low Potential
21.235,80.115,0.028514367816091953,0.00059116696,0.014552767386919572,0.3723,-0.35774723261308045,Low Potential
21.235,80.13,0.001,0.00022823298,0.0006141164902946912,0.1567,-0.15608588350970531,Low Potential
21.235,80.145,0.05278897491397492,0.00068174326,0.026735359086292643,0.2196,-0.19286464091370734,Low Potential
21.235,80.16,0.018318257765626185,0.00053307234,0.009425665050868701,0.2035,-0.1940743349491313,Low Potential
21.235,80.175,0.004,0.00032013954,0.00216006977239158,0.303,-0.3008399302276084,Low Potential
21.235,80.19,0.010597701149425287,0.0005031878,0.0055504444869658,0.2287,-0.2231495555130342,Low Potential
21.235,80.205,0.006488888888888889,0.00057214237,0.003530515627371561,0.3866,-0.38306948437262844,Low Potential
21.235,80.22,0.05929732183524487,0.00333945,0.03131838597156613,0.5252,-0.4938816140284339,Low Potential
21.235,80.235,0.008459259259259258,0.00019772726,0.004328493260767276,0.1721,-0.16777150673923272,Low Potential
21.235,80.25,0.0026666666666666666,0.00023429481,0.0014504807401875344,0.1331,-0.13164951925981247,Low Potential
21.235,80.265,0.021419343814080657,0.0011172604,0.011268302121113093,0.1437,-0.1324316978788869,Low Potential
21.235,80.28,0.07400651799181208,0.0026974857,0.03835200186186336,0.3143,-0.27594799813813664,Low Potential
21.235,80.295,0.034846153846153846,0.0015187243,0.018182439049777503,0.3489,-0.3307175609502225,Low Potential
21.235,80.31,0.019514285714285713,0.0007699571,0.010142121399712881,0.4785,-0.4683578786002871,Low Potential
21.235,80.325,0.05676116541353384,0.0018346529,0.029297909132900434,0.3558,-0.3265020908670996,Low Potential
21.235,80.34,0.006,0.000538685,0.0032693425049073995,0.4567,-0.4534306574950926,Low Potential
21.235,80.355,0.04475388760362445,0.00091019523,0.022832041417298235,0.4271,-0.40426795858270176,Low Potential
21.235,80.37,0.032128070175438596,0.0051383115,0.018633190855279303,0.1323,-0.1136668091447207,Low Potential
21.235,80.385,0.03520352192852192,0.00082476105,0.01801414149080176,0.312,-0.29398585850919823,Low Potential
21.235,80.4,0.028377651024112004,0.0017421973,0.015059924170591632,0.4519,-0.43684007582940837,Low Potential
21.235,80.415,0.044622504906328436,0.00051655626,0.02256953058395071,0.2598,-0.23723046941604925,Low Potential
21.235,80.43,0.08163924460911251,0.0030791103,0.04235917744998384,0.4967,-0.4543408225500161,Low Potential
21.235,80.445,0.005333333333333333,0.00021165475,0.002772494044077272,0.1648,-0.16202750595592272,Low Potential
21.235,80.46,0.006703030303030303,0.0006154041,0.0036592172034564567,0.3863,-0.3826407827965435,Low Potential
21.235,80.475,0.058258920700716366,0.0020965482,0.03017773445577293,0.3946,-0.3644222655442271,Low Potential
21.235,80.49,0.01158462925400045,0.0004988439,0.006041736578594056,0.4251,-0.4190582634214059,Low Potential
21.25,79.2,0.027622344322344325,0.00025313153,0.013937737924084086,0.1423,-0.12836226207591592,Low Potential
21.25,79.215,0.2756423696849883,0.091685556,0.18366396278014482,0.4531,-0.2694360372198552,Low Potential
21.25,79.23,0.0026666666666666666,0.00068180467,0.001674235667179649,0.2893,-0.28762576433282033,Low Potential
21.25,79.245,0.09170282144755827,0.0005909537,0.04614688756621794,0.4142,-0.3680531124337821,Low Potential
21.25,79.26,0.006333333333333333,0.00048656858,0.003409950955111223,0.155,-0.15159004904488876,Low Potential
21.25,79.275,0.009666666666666665,0.005689275,0.007677970826004942,0.1388,-0.13112202917399507,Low Potential
21.25,79.29,0.024689393939393938,0.0014929326,0.013091163247329831,0.1967,-0.18360883675267017,Low Potential
21.25,79.305,0.011857142857142858,0.0022893003,0.007073221587975111,0.3551,-0.3480267784120249,Low Potential
21.25,79.32,0.0013333333333333333,0.0013312686,0.0013323009551192322,0.1758,-0.17446769904488077,Low Potential
21.25,79.335,0.0055,0.00070043135,0.003100215676007792,0.4408,-0.43769978432399226,Low Potential
21.25,79.35,0.0018571428571428571,0.0013118546,0.0015844987164517598,0.1968,-0.19521550128354825,Low Potential
21.25,79.365,0.004833333333333333,0.0008998369,0.0028665851100037492,0.3498,-0.34693341488999624,Low Potential
21.25,79.38,0.008276190476190475,0.0011484141,0.004712302287889733,0.1767,-0.17198769771211025,Low Potential
21.25,79.395,0.007333333333333333,0.0009042124,0.004118772874043013,0.3215,-0.317381227125957,Low Potential
21.25,79.41,0.011975555774149126,0.0050811167,0.008528336230827781,0.1737,-0.16517166376917222,Low Potential
21.25,79.425,0.005666666666666666,0.0013584794,0.0035125730222401517,0.2242,-0.22068742697775987,Low Potential
21.25,79.44,0.03006043956043956,0.0017026064,0.015881523002808977,0.1377,-0.121818476997191,Low Potential
21.25,79.455,0.003942857142857143,0.0010294984,0.0024861777761684997,0.2104,-0.2079138222238315,Low Potential
21.25,79.47,0.08413333333333332,0.006262043,0.04519768817933897,0.136,-0.09080231182066104,Low Potential
21.25,79.485,0.013655677655677658,0.0011689941,0.007412335886137268,0.3013,-0.29388766411386275,Low Potential
21.25,79.5,0.021260317460317462,0.0023523218,0.011806319606797918,0.3217,-0.3098936803932021,Low Potential
21.25,79.515,0.07259565826330532,0.032735374,0.05266551604407007,0.2008,-0.14813448395592993,Low Potential
21.25,79.53,0.24794118869058188,0.3918947,0.31991794341679364,0.4978,-0.17788205658320638,Low Potential
21.25,79.545,0.05248468683916254,0.028058516,0.040271601350396494,0.2272,-0.18692839864960353,Low Potential
21.25,79.56,0.012353174603174602,0.0016696189,0.007011396743172395,0.4212,-0.4141886032568276,Low Potential
21.25,79.575,0.10721366777013833,0.008839155,0.0580264111930683,0.2041,-0.14607358880693172,Low Potential
21.25,79.59,0.009066666666666666,0.0033432993,0.006204982965377469,0.25,-0.24379501703462253,Low Potential
21.25,79.605,0.02798235294117647,0.002662909,0.015322630962762323,0.2566,-0.24127736903723768,Low Potential
21.25,79.62,0.04073079710144928,0.001073473,0.02090213505909036,0.2265,-0.20559786494090965,Low Potential
21.25,79.635,0.007533333333333334,0.0008978799,0.0042156066101199634,0.5146,-0.51038439338988,Low Potential
21.25,79.65,0.006941666666666666,0.00019409726,0.0035678819622922066,0.3134,-0.3098321180377078,Low Potential
21.25,79.665,0.011,0.00090314855,0.005951574276667088,0.1469,-0.1409484257233329,Low Potential
21.25,79.68,0.001,0.00026181687,0.0006309084327658638,0.6722,-0.6715690915672342,Low Potential
21.25,79.695,0.00989590643274854,0.0021558458,0.006025876092367224,0.4836,-0.47757412390763276,Low Potential
21.25,79.71,0.02059047619047619,0.0018528487,0.011221662436980044,0.1339,-0.12267833756301995,Low Potential
21.25,79.725,0.05614129122511475,0.0032854164,0.029713353813518726,0.3349,-0.3051866461864812,Low Potential
21.25,79.74,0.008318181818181818,0.0005806222,0.004449401996246624,0.2342,-0.22975059800375336,Low Potential
21.25,79.755,0.013452777777777777,0.0004474404,0.006950109087735311,0.3586,-0.3516498909122647,Low Potential
21.25,79.77,0.0077666666666666665,0.00047073085,0.004118698760548917,0.2079,-0.2037813012394511,Low Potential
21.25,79.785,0.012033333333333332,0.00053794176,0.006285637544762963,0.1734,-0.16711436245523703,Low Potential
21.25,79.8,0.0218,0.001047923,0.011423961498402059,0.1298,-0.11837603850159795,Low Potential
21.25,79.815,0.0740778473590393,0.0006293623,0.03735360483000448,0.3506,-0.31324639516999553,Low Potential
21.25,79.83,0.02343261093911249,0.0004863609,0.011959485915533731,0.5489,-0.5369405140844663,Low Potential
21.25,79.845,0.01582246376811594,0.0002718771,0.008047170433705078,0.1696,-0.1615528295662949,Low Potential
21.25,79.86,0.015,0.00039822867,0.007699114336282946,0.2431,-0.23540088566371706,Low Potential
21.25,79.875,0.07897968338850693,0.0027862445,0.04088296394353636,0.1969,-0.15601703605646364,Low Potential
21.25,79.89,0.002,0.0030149636,0.0025074817929416895,0.2659,-0.26339251820705833,Low Potential
21.25,79.905,0.0,0.0011774376,0.0005887188017368317,0.3551,-0.3545112811982632,Low Potential
21.25,79.92,0.009857142857142858,0.0045271725,0.007192157698263015,0.2625,-0.255307842301737,Low Potential
21.25,79.935,0.013166666666666669,0.0015877896,0.0073772281444010645,0.2056,-0.19822277185559894,Low Potential
21.25,79.95,0.0,0.0008307045,0.0004153522604610771,0.2366,-0.23618464773953893,Low Potential
21.25,79.965,0.008966666666666666,0.0010869995,0.005026833106235911,0.1773,-0.1722731668937641,Low Potential
21.25,79.98,0.007069696969696971,0.001745123,0.004407409960110531,0.1939,-0.18949259003988947,Low Potential
21.25,79.995,0.06295522451404804,0.0039893347,0.03347227959895668,0.1776,-0.14412772040104332,Low Potential
21.25,80.01,0.004166666666666666,0.0011454974,0.002656082048391302,0.2853,-0.2826439179516087,Low Potential
21.25,80.025,0.009666666666666667,0.0025925238,0.0061295952408884965,0.2753,-0.26917040475911147,Low Potential
21.25,80.04,0.01746666666666667,0.0011276342,0.009297150432070097,0.18,-0.1707028495679299,Low Potential
21.25,80.055,0.004,0.0022136222,0.003106811105273664,0.221,-0.21789318889472634,Low Potential
21.25,80.07,0.020132236842105265,0.00066224096,0.01039723889927478,0.1488,-0.13840276110072522,Low Potential
21.25,80.085,0.11328299765536606,0.0009645058,0.05712375171396904,0.3547,-0.29757624828603096,Low Potential
21.25,80.1,0.001,0.00020438666,0.0006021933276206255,0.168,-0.16739780667237938,Low Potential
21.25,80.115,0.02670839911722265,0.00022079701,0.013464598063668998,0.1615,-0.148035401936331,Low Potential
21.25,80.13,0.004,0.00022412662,0.0021120633096434176,0.1492,-0.14708793669035658,Low Potential
21.25,80.145,0.021673544973544973,0.00020555514,0.010939550059237616,0.142,-0.13106044994076238,Low Potential
21.25,80.16,0.02029464285714286,0.0027137438,0.01150419334362128,0.1907,-0.17919580665637874,Low Potential
21.25,80.175,0.007,0.0002264959,0.0036132479519583286,0.1835,-0.17988675204804166,Low Potential
21.25,80.19,0.05728806401372964,0.0004071902,0.028847627110677225,0.4345,-0.40565237288932277,Low Potential
21.25,80.205,0.021394642857142855,0.0012739762,0.011334309515197361,0.206,-0.19466569048480262,Low Potential
21.25,80.22,0.031076190476190476,0.0010722736,0.01607423203293057,0.188,-0.17192576796706943,Low Potential
21.25,80.235,0.020832236842105264,0.00065772637,0.010744981606184555,0.2075,-0.19675501839381543,Low Potential
21.25,80.25,0.012066666666666667,0.0006424112,0.006354538922322293,0.1913,-0.1849454610776777,Low Potential
21.25,80.265,0.03820451297928078,0.002022212,0.020113362442424808,0.3866,-0.3664866375575752,Low Potential
21.25,80.28,0.048457142857142865,0.0031845265,0.02582083465869406,0.1705,-0.14467916534130595,Low Potential
21.25,80.295,0.019266666666666665,0.00043198923,0.009849327949488845,0.1733,-0.16345067205051117,Low Potential
21.25,80.31,0.06209138872823083,0.001993495,0.032042441883936346,0.3905,-0.35845755811606367,Low Potential
21.25,80.325,0.015333333333333334,0.0010703482,0.008201840764998148,0.4508,-0.44259815923500184,Low Potential
21.25,80.34,0.0,0.00035095078,0.00017547539027873427,0.1394,-0.13922452460972126,Low Potential
21.25,80.355,0.008199999999999999,0.00044788056,0.0043239402820123354,0.1503,-0.14597605971798766,Low Potential
21.25,80.37,0.029716585581601063,0.0015828529,0.015649719247799565,0.3918,-0.3761502807522004,Low Potential
21.25,80.385,0.025220508166969146,0.00044565875,0.01283308345773646,0.2226,-0.20976691654226354,Low Potential
21.25,80.4,0.04827126481515027,0.0023629442,0.02531710450044203,0.3453,-0.31998289549955794,Low Potential
21.25,80.415,0.008964935064935066,0.0005147088,0.00473982193677916,0.1489,-0.14416017806322085,Low Potential
21.25,80.43,0.0005,0.0009955453,0.0007477726493962109,0.1911,-0.19035222735060378,Low Potential
21.25,80.445,0.03654410293821098,0.00095717405,0.018750638495114828,0.4433,-0.4245493615048852,Low Potential
21.25,80.46,0.05632525610720095,0.002658794,0.029492025021376593,0.1926,-0.1631079749786234,Low Potential
21.25,80.475,0.004055555555555555,0.00094756536,0.002501560459870638,0.4157,-0.41319843954012936,Low Potential
21.25,80.49,0.0013333333333333333,0.0007031782,0.0010182557524337122,0.1683,-0.16728174424756628,Low Potential
21.265,79.2,0.01941304347826087,0.008321357,0.013867200218950925,0.3443,-0.33043279978104906,Low Potential
21.265,79.215,0.15273368290636088,0.024614936,0.0886743093235947,0.2935,-0.20482569067640527,Low Potential
21.265,79.23,0.02322401960784314,0.006484066,0.014854042872012247,0.3627,-0.34784595712798777,Low Potential
21.265,79.245,0.014590320910973086,0.0006818365,0.007636078709128118,0.2375,-0.22986392129087188,Low Potential
21.265,79.26,0.019696273291925467,0.005794824,0.012745548696478147,0.4176,-0.4048544513035219,Low Potential
21.265,79.275,0.012083333333333333,0.0042160503,0.008149691798413794,0.4294,-0.4212503082015862,Low Potential
21.265,79.29,0.01949242424242424,0.00976458,0.014628502149247762,0.2518,-0.23717149785075226,Low Potential
21.265,79.305,0.02043333333333333,0.0012150297,0.010824181537019709,0.568,-0.5571758184629803,Low Potential
21.265,79.32,0.025521789321789324,0.006987849,0.01625481905328193,0.4677,-0.4514451809467181,Low Potential
21.265,79.335,0.0022,0.0011439747,0.001671987358853221,0.3224,-0.3207280126411468,Low Potential
21.265,79.35,0.0,0.0011402495,0.0005701247719116509,0.2899,-0.28932987522808834,Low Potential
21.265,79.365,0.007999999999999998,0.0019051025,0.004952551257796585,0.2874,-0.2824474487422034,Low Potential
21.265,79.38,0.001,0.0010329344,0.0010164672038517892,0.452,-0.4509835327961482,Low Potential
21.265,79.395,0.004833333333333333,0.0011261888,0.0029797610590855277,0.1366,-0.13362023894091446,Low Potential
21.265,79.41,0.10495108453637866,0.0019740795,0.053462582030738434,0.2894,-0.23593741796926154,Low Potential
21.265,79.425,0.048755700998348056,0.002569433,0.025662567033602326,0.2175,-0.19183743296639766,Low Potential
21.265,79.44,0.048846566505390036,0.0019917644,0.025419165457428807,0.273,-0.2475808345425712,Low Potential
21.265,79.455,0.008057142857142856,0.0009105331,0.0044838379917932405,0.3503,-0.34581616200820675,Low Potential
21.265,79.47,0.04695000000000001,0.024420511,0.03568525548875333,0.2569,-0.22121474451124667,Low Potential
21.265,79.485,0.03190074659639877,0.0060734423,0.01898709444207093,0.1904,-0.1714129055579291,Low Potential
21.265,79.5,0.08506755385137738,0.03932855,0.062198051454311315,0.1598,-0.09760194854568868,Low Potential
21.265,79.515,0.09176427163453584,0.16381493,0.12778960187123062,0.3435,-0.2157103981287694,Low Potential
21.265,79.53,0.04026520146520147,0.0015916382,0.020928419830730603,0.1564,-0.1354715801692694,Low Potential
21.265,79.545,0.08218205128205128,0.007483697,0.044832874156372285,0.1665,-0.12166712584362772,Low Potential
21.265,79.56,0.16084576681525792,0.022254767,0.0915502668558125,0.1837,-0.0921497331441875,Low Potential
21.265,79.575,0.2930485549911717,0.070605814,0.1818271847240557,0.3239,-0.14207281527594431,Low Potential
21.265,79.59,0.06983766091149991,0.02361694,0.04672730034729811,0.4103,-0.3635726996527019,Low Potential
21.265,79.605,0.011883333333333333,0.0040170164,0.007950174859041969,0.1488,-0.140849825140958,Low Potential
21.265,79.62,0.01827152496626181,0.00043849973,0.009355012348171089,0.1699,-0.1605449876518289,Low Potential
21.265,79.635,0.06535991426873781,0.0006888388,0.03302437652060677,0.5406,-0.5075756234793932,Low Potential
21.265,79.65,0.07424835944928825,0.0007280428,0.0374882011227712,0.3522,-0.31471179887722883,Low Potential
21.265,79.665,0.005,0.00023387947,0.002616939736471977,0.2141,-0.21148306026352803,Low Potential
21.265,79.68,0.009703296703296704,0.00038637675,0.005044836726044766,0.2044,-0.19935516327395522,Low Potential
21.265,79.695,0.0053,0.00053486286,0.0029174314309842885,0.1484,-0.1454825685690157,Low Potential
21.265,79.71,0.002,0.00036942953,0.0011847147650551051,0.5791,-0.5779152852349448,Low Potential
21.265,79.725,0.033281362712309005,0.0011553091,0.01721833592928958,0.6197,-0.6024816640707105,Low Potential
21.265,79.74,0.0486,0.0035065345,0.02605326725002378,0.2352,-0.20914673274997622,Low Potential
21.265,79.755,0.027120527306967984,0.0008708153,0.013995671305305143,0.4669,-0.4529043286946948,Low Potential
21.265,79.77,0.0688032967032967,0.0025933143,0.035698305489221115,0.1747,-0.13900169451077887,Low Potential
21.265,79.785,0.05671282051282051,0.0022306936,0.029471757049495593,0.2115,-0.1820282429505044,Low Potential
21.265,79.8,0.00525,0.0010589478,0.0031544738803058864,0.1424,-0.13924552611969412,Low Potential
21.265,79.815,0.10791121042022574,0.0024928749,0.05520204264049464,0.4969,-0.44169795735950534,Low Potential
21.265,79.83,0.008992232277526395,0.00021450862,0.004603370447877266,0.3507,-0.3460966295521227,Low Potential
21.265,79.845,0.004,0.00030108186,0.0021505409309174866,0.4779,-0.4757494590690825,Low Potential
21.265,79.86,0.025883841147123932,0.0004737179,0.013178779522045098,0.4511,-0.4379212204779549,Low Potential
21.265,79.875,0.019735483870967744,0.0004606801,0.010098081989742576,0.2387,-0.22860191801025742,Low Potential
21.265,79.89,0.01891666666666667,0.0010869995,0.010001833106235912,0.1612,-0.15119816689376409,Low Potential
21.265,79.905,0.0,0.0007031782,0.0003515890857670456,0.2091,-0.20874841091423296,Low Potential
21.265,79.92,0.0,0.0004805145,0.00024025725724641234,0.1766,-0.1763597427427536,Low Potential
21.265,79.935,0.0013333333333333333,0.0008174155,0.0010753744062191495,0.2573,-0.25622462559378084,Low Potential
21.265,79.95,0.006333333333333333,0.00020106397,0.0032671986530573727,0.1675,-0.16423280134694263,Low Potential
21.265,79.965,0.0005,0.0009575886,0.000728794303489849,0.3242,-0.32347120569651017,Low Potential
21.265,79.98,0.003833333333333333,0.0011743931,0.002503863221655289,0.2256,-0.2230961367783447,Low Potential
21.265,79.995,0.0006666666666666666,0.0007078501,0.0006872583798443277,0.2944,-0.29371274162015565,Low Potential
21.265,80.01,0.0026666666666666666,0.0011922529,0.0019294597584133346,0.3183,-0.3163705402415867,Low Potential
21.265,80.025,0.002,0.0012112291,0.0016056145648472011,0.2646,-0.2629943854351528,Low Potential
21.265,80.04,0.0,0.0009145344,0.0004572671896312386,0.2337,-0.23324273281036875,Low Potential
21.265,80.055,0.012900301659125188,0.00040649695,0.006653399306754258,0.1713,-0.16464660069324574,Low Potential
21.265,80.07,0.0119375,0.0006086401,0.006273070041323081,0.1715,-0.16522692995867694,Low Potential
21.265,80.085,0.0006666666666666666,0.00045211066,0.0005593886634645362,0.1996,-0.19904061133653547,Low Potential
21.265,80.1,0.0,0.0003722842,0.00018614210421219468,0.1779,-0.1777138578957878,Low Potential
21.265,80.115,0.0199375,0.0016856535,0.010811576731968671,0.204,-0.19318842326803132,Low Potential
21.265,80.13,0.0015,0.00042256023,0.0009612801157636568,0.1934,-0.19243871988423633,Low Potential
21.265,80.145,0.02863183193092449,0.000310156,0.014470993965269208,0.2432,-0.2287290060347308,Low Potential
21.265,80.16,0.014866666666666667,0.00025948806,0.007563077365498369,0.3486,-0.34103692263450164,Low Potential
21.265,80.175,0.0,0.0004084689,0.0002042344567598775,0.1565,-0.15629576554324012,Low Potential
21.265,80.19,0.08148139885589975,0.0010795766,0.04128048770576963,0.3906,-0.34931951229423036,Low Potential
21.265,80.205,0.0156734133126935,0.00024389166,0.007958652484487929,0.3584,-0.3504413475155121,Low Potential
21.265,80.22,0.011070370370370371,0.00022286363,0.005646616999915353,0.1975,-0.19185338300008464,Low Potential
21.265,80.235,0.0,0.00044227915,0.0002211395767517388,0.1547,-0.15447886042324827,Low Potential
21.265,80.25,0.041414151373473394,0.0022774509,0.02184580112116664,0.4151,-0.3932541988788334,Low Potential
21.265,80.265,0.013463119547502636,0.0010977047,0.007280412148528516,0.404,-0.3967195878514715,Low Potential
21.265,80.28,0.06231279250161603,0.0020188726,0.03216583257504679,0.4066,-0.3744341674249532,Low Potential
21.265,80.295,0.025499999999999995,0.008479613,0.016989806439727542,0.1936,-0.17661019356027247,Low Potential
21.265,80.31,0.026166666666666668,0.0014776996,0.013822183138535669,0.3842,-0.3703778168614643,Low Potential
21.265,80.325,0.003333333333333333,0.0008285121,0.0020809227022497603,0.1681,-0.16601907729775023,Low Potential
21.265,80.34,0.08571516139519234,0.0022683956,0.04399177850732962,0.3748,-0.3308082214926704,Low Potential
21.265,80.355,0.003942857142857143,0.00041386194,0.002178359541736011,0.152,-0.149821640458264,Low Potential
21.265,80.37,0.01983333333333333,0.0013521815,0.010592757437533388,0.4606,-0.4500072425624666,Low Potential
21.265,80.385,0.040317922926746456,0.00027479112,0.020296357023532576,0.3935,-0.37320364297646746,Low Potential
21.265,80.4,0.034662280701754394,0.0006755888,0.0176689347448767,0.2751,-0.2574310652551233,Low Potential
21.265,80.415,0.05662330827067669,0.003441018,0.030032163161537923,0.2976,-0.2675678368384621,Low Potential
21.265,80.43,0.03792330827067669,0.0037574444,0.020840376356928925,0.1568,-0.13595962364307107,Low Potential
21.265,80.445,0.005266666666666667,0.0004926738,0.00287967022069109,0.5538,-0.5509203297793088,Low Potential
21.265,80.46,0.08315733453852649,0.001307637,0.04223248575179634,0.1988,-0.15656751424820367,Low Potential
21.265,80.475,0.0106,0.00029987041,0.005449935207446106,0.2225,-0.2170500647925539,Low Potential
21.265,80.49,0.07969329498331047,0.00057011296,0.04013170396953348,0.2506,-0.21046829603046652,Low Potential
21.28,79.2,0.12395313365366506,0.014258412,0.06910577268330478,0.5045,-0.4353942273166952,Low Potential
21.28,79.215,0.08886891833656539,0.010833471,0.049851194709358164,0.3501,-0.30024880529064185,Low Potential
21.28,79.23,0.01644624183006536,0.0043181474,0.010382194631062205,0.2774,-0.26701780536893777,Low Potential
21.28,79.245,0.01108235294117647,0.0077839685,0.009433160704220919,0.1507,-0.14126683929577907,Low Potential
21.28,79.26,0.02788888888888889,0.00089802576,0.014393457322096867,0.2053,-0.19090654267790313,Low Potential
21.28,79.275,0.08864231724587762,0.0026794637,0.04566089047732544,0.2887,-0.24303910952267457,Low Potential
21.28,79.29,0.009939130434782608,0.005466352,0.007702741325841002,0.4255,-0.417797258674159,Low Potential
21.28,79.305,0.008993464052287582,0.00116114,0.005077302046391042,0.3367,-0.33162269795360894,Low Potential
21.28,79.32,0.003,0.0049826573,0.003991328632459044,0.4179,-0.41390867136754095,Low Potential
21.28,79.335,0.06739676075558429,0.0024880534,0.03494240707968953,0.3403,-0.30535759292031045,Low Potential
21.28,79.35,0.03574601705484059,0.005943793,0.02084490496348573,0.1446,-0.12375509503651427,Low Potential
21.28,79.365,0.010022222222222222,0.0021756825,0.006098952339693076,0.3937,-0.3876010476603069,Low Potential
21.28,79.38,0.0024500000000000004,0.0050811167,0.003765558343753219,0.142,-0.13823444165624676,Low Potential
21.28,79.395,0.019026190476190474,0.0013964947,0.010211342580465688,0.1694,-0.1591886574195343,Low Potential
21.28,79.41,0.002,0.0031158214,0.002557910698466003,0.3648,-0.362242089301534,Low Potential
21.28,79.425,0.07162829747689084,0.0019439593,0.03678612837467872,0.2879,-0.2511138716253213,Low Potential
21.28,79.44,0.010725555774149124,0.0014076601,0.006066607926203223,0.1769,-0.17083339207379677,Low Potential
21.28,79.455,0.0082,0.0012803448,0.004740172394923866,0.1648,-0.16005982760507614,Low Potential
21.28,79.47,0.09195602567367273,0.009653103,0.05080456414010384,0.2639,-0.21309543585989618,Low Potential
21.28,79.485,0.04911717171717172,0.0023049652,0.025711068440842057,0.1604,-0.13468893155915793,Low Potential
21.28,79.5,0.04692275698158051,0.008022741,0.02747274919809354,0.1586,-0.13112725080190646,Low Potential
21.28,79.515,0.0359,0.00077573914,0.018337869571568445,0.192,-0.17366213042843157,Low Potential
21.28,79.53,0.12288612037403163,0.13832001,0.13060306712738065,0.3721,-0.24149693287261934,Low Potential
21.28,79.545,0.18882291858505681,0.45522088,0.32202189835464695,0.261,0.06102189835464694,Low Potential
21.28,79.56,0.05054090015591564,0.019397613,0.03496925640851946,0.1944,-0.15943074359148052,Low Potential
21.28,79.575,0.015444444444444443,0.026486594,0.02096551933719052,0.1507,-0.1297344806628095,Low Potential
21.28,79.59,0.007072463768115942,0.00096567493,0.00401906934988253,0.2893,-0.28528093065011745,Low Potential
21.28,79.605,0.06680512820512821,0.0036888605,0.03524699432846541,0.144,-0.10875300567153458,Low Potential
21.28,79.62,0.001,0.00052186084,0.0007609304210636765,0.2309,-0.23013906957893632,Low Potential
21.28,79.635,0.04106666666666667,0.011470727,0.026268696678926548,0.3377,-0.31143130332107344,Low Potential
21.28,79.65,0.011381987577639752,0.0011342155,0.00625810154125106,0.6285,-0.6222418984587489,Low Potential
21.28,79.665,0.0112,0.006318528,0.008759264102578164,0.2079,-0.19914073589742184,Low Potential
21.28,79.68,0.008555555555555556,0.0016071261,0.005081340823115574,0.4548,-0.4497186591768844,Low Potential
21.28,79.695,0.00588888888888889,0.0003996114,0.0031442501422198907,0.3631,-0.35995574985778006,Low Potential
21.28,79.71,0.02691861761426979,0.0014083487,0.01416348314457786,0.5723,-0.5581365168554222,Low Potential
21.28,79.725,0.034728554083029786,0.0009890109,0.01785878249490403,0.3253,-0.30744121750509595,Low Potential
21.28,79.74,0.0505054131054131,0.0014405065,0.025972959825154286,0.2338,-0.2078270401748457,Low Potential
21.28,79.755,0.08395240233622588,0.008917096,0.04643474920358557,0.2041,-0.15766525079641444,Low Potential
21.28,79.77,0.006266666666666668,0.00080953486,0.0035381007634879406,0.1719,-0.16836189923651207,Low Potential
21.28,79.785,0.019933333333333334,0.00061483635,0.010274084839845697,0.2326,-0.2223259151601543,Low Potential
21.28,79.8,0.024159530133123486,0.00040935943,0.012284444782823778,0.4269,-0.41461555521717625,Low Potential
21.28,79.815,0.003875,0.00018736941,0.0020311847063712776,0.5745,-0.5724688152936287,Low Potential
21.28,79.83,0.014872463768115945,0.0006029311,0.007737697421689857,0.5445,-0.5367623025783101,Low Potential
21.28,79.845,0.0018,0.0003108745,0.0010554372429382056,0.1818,-0.18074456275706177,Low Potential
21.28,79.86,0.008631007185482887,0.00024225016,0.00443662867103587,0.1759,-0.17146337132896414,Low Potential
21.28,79.875,0.039127089783281735,0.0006251983,0.019876144041406314,0.2277,-0.2078238559585937,Low Potential
21.28,79.89,0.017035483870967746,0.00044516707,0.008740325469679892,0.2611,-0.2523596745303201,Low Potential
21.28,79.905,0.05845088758403104,0.0025884507,0.030519669129930642,0.4467,-0.41618033087006934,Low Potential
21.28,79.92,0.009203030303030303,0.000542822,0.0048729261529646024,0.2031,-0.1982270738470354,Low Potential
21.28,79.935,0.01787689393939394,0.0005868775,0.009231885729096547,0.1509,-0.14166811427090345,Low Potential
21.28,79.95,0.056297321835244864,0.00333945,0.029818385971566125,0.5799,-0.5500816140284338,Low Potential
21.28,79.965,0.07513581948782704,0.0019050254,0.03852042246823858,0.4389,-0.40037957753176145,Low Potential
21.28,79.98,0.007666666666666666,0.0021070612,0.0048868639397745325,0.3236,-0.31871313606022544,Low Potential
21.28,79.995,0.0147,0.0021960638,0.008448031876608728,0.2588,-0.2503519681233912,Low Potential
21.28,80.01,0.0,0.0015810416,0.000790520804002881,0.2305,-0.22970947919599713,Low Potential
21.28,80.025,0.0,0.0015810416,0.000790520804002881,0.2506,-0.2498094791959971,Low Potential
21.28,80.04,0.0,0.0006017376,0.00030086879269219935,0.1877,-0.1873991312073078,Low Potential
21.28,80.055,0.0,0.0006017376,0.00030086879269219935,0.199,-0.1986991312073078,Low Potential
21.28,80.07,0.014857142857142857,0.003453929,0.009155535917196955,0.1955,-0.18634446408280306,Low Potential
21.28,80.085,0.003833333333333333,0.0014340914,0.002633712347752104,0.2645,-0.2618662876522479,Low Potential
21.28,80.1,0.005,0.0020769038,0.003538451911881566,0.1639,-0.16036154808811842,Low Potential
21.28,80.115,0.003,0.0023502659,0.0026751329293474555,0.1986,-0.19592486707065254,Low Potential
21.28,80.13,0.005166666666666666,0.0007981776,0.0029824221405045435,0.1489,-0.14591757785949547,Low Potential
21.28,80.145,0.1319429629127678,0.0015767578,0.06675986033488049,0.1825,-0.1157401396651195,Low Potential
21.28,80.16,0.0045,0.00039325736,0.002446628679987043,0.1356,-0.13315337132001295,Low Potential
21.28,80.175,0.0092,0.0007234662,0.004961733109457418,0.124,-0.11903826689054259,Low Potential
21.28,80.19,0.005333333333333333,0.00036522443,0.002849278883698086,0.1908,-0.1879507211163019,Low Potential
21.28,80.205,0.017894736842105265,0.0004679782,0.009181357528125917,0.2317,-0.22251864247187408,Low Potential
21.28,80.22,0.013025757575757576,0.0008801076,0.006952932575194052,0.4196,-0.41264706742480595,Low Potential
21.28,80.235,0.0065,0.00027247734,0.0033862386683467774,0.2547,-0.25131376133165323,Low Potential
21.28,80.25,0.022820303879127413,0.0036238043,0.013222054094732061,0.4449,-0.431677945905268,Low Potential
21.28,80.265,0.01752380952380953,0.0026367828,0.010080296174401331,0.1626,-0.15251970382559865,Low Potential
21.28,80.28,0.007922222222222221,0.0015394571,0.004730839672974414,0.3912,-0.38646916032702555,Low Potential
21.28,80.295,0.009603506787330318,0.0012659457,0.005434726257633621,0.4684,-0.46296527374236635,Low Potential
21.28,80.31,0.032433271149215424,0.001969024,0.017201147611273986,0.2696,-0.252398852388726,Low Potential
21.28,80.325,0.009789473684210527,0.0008499135,0.005319693599447706,0.3189,-0.3135803064005523,Low Potential
21.28,80.34,0.01388235294117647,0.00059591065,0.007239131795228733,0.5345,-0.5272608682047712,Low Potential
21.28,80.355,0.022198997493734336,0.0010049342,0.01160196584411605,0.3658,-0.35419803415588397,Low Potential
21.28,80.37,0.06247945028827382,0.00084521965,0.03166233496859132,0.1883,-0.1566376650314087,Low Potential
21.28,80.385,0.01126470588235294,0.00047831982,0.005871512853047427,0.4502,-0.44432848714695256,Low Potential
21.28,80.4,0.001,0.00031871037,0.0006593551860423759,0.5101,-0.5094406448139577,Low Potential
21.28,80.415,0.047559383306751725,0.0010333792,0.024296381268700002,0.2706,-0.2463036187313,Low Potential
21.28,80.43,0.0186,0.0012180036,0.009909001785051077,0.2446,-0.23469099821494893,Low Potential
21.28,80.445,0.007451851851851853,0.00068889454,0.004070373193633363,0.3706,-0.36652962680636664,Low Potential
21.28,80.46,0.04933333333333335,0.003383883,0.026358608187797176,0.27,-0.24364139181220285,Low Potential
21.28,80.475,0.03201746031746032,0.0014945811,0.016756020715049218,0.2803,-0.26354397928495077,Low Potential
21.28,80.49,0.011857142857142858,0.0021672372,0.007012190040600087,0.2389,-0.23188780995939992,Low Potential
21.295,79.2,0.07123562753036437,0.014693207,0.04296441731892436,0.5258,-0.4828355826810757,Low Potential
21.295,79.215,0.04534285714285715,0.007855666,0.026599261506434,0.1425,-0.11590073849356598,Low Potential
21.295,79.23,0.06363160924043276,0.017225035,0.04042832188768197,0.1533,-0.11287167811231802,Low Potential
21.295,79.245,0.05620343949173873,0.12347214,0.08983778936552497,0.3495,-0.25966221063447503,Low Potential
21.295,79.26,0.03586315004262574,0.13119699,0.08353007032589738,0.2146,-0.13106992967410264,Low Potential
21.295,79.275,0.038047979797979796,0.009273505,0.023660742318163615,0.1604,-0.13673925768183637,Low Potential
21.295,79.29,0.002,0.00048893556,0.0012444677811581642,0.2506,-0.24935553221884182,Low Potential
21.295,79.305,0.1339292359459239,0.010939897,0.07243456649198322,0.2235,-0.15106543350801677,Low Potential
21.295,79.32,0.0038666666666666667,0.00418487,0.004025768358012041,0.5869,-0.5828742316419879,Low Potential
21.295,79.335,0.004133333333333333,0.0009867201,0.002560026709704349,0.592,-0.5894399732902956,Low Potential
21.295,79.35,0.0031904761904761906,0.0014597477,0.0023251119298816083,0.4718,-0.4694748880701184,Low Potential
21.295,79.365,0.0743227359242065,0.0040910332,0.03920688458528734,0.1499,-0.11069311541471266,Low Potential
21.295,79.38,0.025272829131652665,0.0023004166,0.01378662285835532,0.2466,-0.23281337714164468,Low Potential
21.295,79.395,0.0,0.000903446,0.0004517229972407222,0.3782,-0.37774827700275926,Low Potential
21.295,79.41,0.0032,0.0011988642,0.002199432096350938,0.232,-0.22980056790364908,Low Potential
21.295,79.425,0.0032,0.0013694747,0.0022847373442724346,0.1385,-0.1362152626557276,Low Potential
21.295,79.44,0.00605,0.0039549507,0.005002475360035896,0.3468,-0.3417975246399641,Low Potential
21.295,79.455,0.001,0.0010650672,0.0010325336242094636,0.3389,-0.3378674663757905,Low Potential
21.295,79.47,0.01520308216932258,0.0010311981,0.008117140121250555,0.3498,-0.34168285987874947,Low Potential
21.295,79.485,0.005942857142857143,0.0010015611,0.003472209101702486,0.139,-0.13552779089829753,Low Potential
21.295,79.5,0.03346666666666666,0.0017172276,0.01759194714709495,0.1786,-0.16100805285290506,Low Potential
21.295,79.515,0.010916666666666667,0.00593802,0.00842734336790939,0.1555,-0.1470726566320906,Low Potential
21.295,79.53,0.15495180603710018,0.02098231,0.08796705810649794,0.2253,-0.13733294189350206,Low Potential
21.295,79.545,0.014739130434782609,0.0010362249,0.007887677660778813,0.1859,-0.1780123223392212,Low Potential
21.295,79.56,0.11208333333333333,0.059603393,0.08584336320559183,0.1559,-0.07005663679440818,Low Potential
21.295,79.575,0.16165885225885218,0.018070132,0.08986449189957532,0.199,-0.10913550810042469,Low Potential
21.295,79.59,0.05327722473604826,0.0026696876,0.02797345617587789,0.1307,-0.10272654382412212,Low Potential
21.295,79.605,0.24622243859076345,0.33123574,0.28872908759963434,0.6277,-0.3389709124003657,Low Potential
21.295,79.62,0.012733333333333333,0.003829863,0.008281598127881686,0.1479,-0.13961840187211833,Low Potential
21.295,79.635,0.016876190476190475,0.0019981556,0.009437173043413176,0.1413,-0.13186282695658683,Low Potential
21.295,79.65,0.004942857142857143,0.0008385737,0.002890715407832925,0.1689,-0.16600928459216707,Low Potential
21.295,79.665,0.012788888888888888,0.0042080022,0.0084984455641773,0.3856,-0.3771015544358227,Low Potential
21.295,79.68,0.029379949874686714,0.0046144975,0.01699722370480871,0.1618,-0.14480277629519128,Low Potential
21.295,79.695,0.08898277231791252,0.0010407934,0.045011782845580994,0.1787,-0.133688217154419,Low Potential
21.295,79.71,0.05062128911049354,0.0006274066,0.025624347846132083,0.3321,-0.3064756521538679,Low Potential
21.295,79.725,0.0317233409610984,0.0003549163,0.01603912862748546,0.4826,-0.4665608713725145,Low Potential
21.295,79.74,0.0368716307814992,0.0003770814,0.018624356087148887,0.2104,-0.19177564391285112,Low Potential
21.295,79.755,0.09850626297652716,0.041843653,0.07017495785087344,0.3002,-0.23002504214912659,Low Potential
21.295,79.77,0.05291124965651386,0.008074627,0.030492938457198703,0.3356,-0.3051070615428013,Low Potential
21.295,79.785,0.07254854271457686,0.004540095,0.03854431891017206,0.1962,-0.15765568108982797,Low Potential
21.295,79.8,0.06231493691493691,0.0057642404,0.034039588656969974,0.1604,-0.12636041134303,Low Potential
21.295,79.815,0.053331259426847674,0.0082163075,0.030773783462681163,0.4256,-0.3948262165373188,Low Potential
21.295,79.83,0.04669943410562606,0.0021217999,0.02441061698195652,0.3845,-0.3600893830180435,Low Potential
21.295,79.845,0.016483333333333336,0.00042307415,0.008453203740149427,0.1991,-0.19064679625985056,Low Potential
21.295,79.86,0.0016666666666666666,0.00051696564,0.001091816151359429,0.2258,-0.22470818384864058,Low Potential
21.295,79.875,0.006571428571428571,0.0004359448,0.003503686681772316,0.4746,-0.4710963133182277,Low Potential
21.295,79.89,0.0064444444444444445,0.00031701487,0.003380729657339139,0.2146,-0.2112192703426609,Low Potential
21.295,79.905,0.057261904761904764,0.0036442708,0.03045308779215529,0.3563,-0.32584691220784473,Low Potential
21.295,79.92,0.001764705882352941,0.0002567395,0.001010722690467339,0.4278,-0.4267892773095327,Low Potential
21.295,79.935,0.01175,0.0002970967,0.0060235483517171815,0.2843,-0.2782764516482828,Low Potential
21.295,79.95,0.038324194324194316,0.00025837665,0.019291285485723453,0.157,-0.13770871451427655,Low Potential
21.295,79.965,0.059024197238949555,0.0012873712,0.030155784195980737,0.3588,-0.32864421580401926,Low Potential
21.295,79.98,0.0,0.0003905158,0.0001952579041244462,0.2136,-0.21340474209587557,Low Potential
21.295,79.995,0.014166666666666666,0.0032317778,0.008699222238113483,0.2561,-0.24740077776188651,Low Potential
21.295,80.01,0.0067,0.001745123,0.004222561475262046,0.231,-0.22677743852473797,Low Potential
21.295,80.025,0.0037,0.0015563286,0.0026281643071211875,0.2316,-0.22897183569287882,Low Potential
21.295,80.04,0.008,0.001804571,0.004902285508345813,0.1733,-0.1683977144916542,Low Potential
21.295,80.055,0.00943939393939394,0.0010996924,0.0052695431820766045,0.1704,-0.1651304568179234,Low Potential
21.295,80.07,0.012,0.0018153242,0.006907662091776729,0.1845,-0.17759233790822326,Low Potential
21.295,80.085,0.003833333333333333,0.000601213,0.0022172731756387896,0.2294,-0.2271827268243612,Low Potential
21.295,80.1,0.02471022727272727,0.0012572447,0.012983736001547763,0.1381,-0.12511626399845224,Low Potential
21.295,80.115,0.021522222222222224,0.0003195528,0.010920887516891688,0.1986,-0.1876791124831083,Low Potential
21.295,80.13,0.11689263721830284,0.0022478504,0.05957024381447154,0.2913,-0.23172975618552846,Low Potential
21.295,80.145,0.006933333333333334,0.00043198923,0.0036826612828221796,0.1825,-0.1788173387171778,Low Potential
21.295,80.16,0.06290181837168679,0.0015834166,0.03224261748433657,0.1862,-0.15395738251566343,Low Potential
21.295,80.175,0.002333333333333333,0.00033403363,0.0013336834797325232,0.1375,-0.13616631652026748,Low Potential
21.295,80.19,0.06263639379521732,0.00196481,0.03230060193336519,0.2318,-0.1994993980666348,Low Potential
21.295,80.205,0.05821371981991176,0.001013598,0.029613658937745264,0.3701,-0.3404863410622547,Low Potential
21.295,80.22,0.040904196010387965,0.0007147037,0.020809449853118275,0.3547,-0.33389055014688174,Low Potential
21.295,80.235,0.00788235294117647,0.0012268347,0.004554593830588548,0.4645,-0.4599454061694115,Low Potential
21.295,80.25,0.006488888888888889,0.0015475043,0.0040181966108683905,0.2917,-0.28768180338913163,Low Potential
21.295,80.265,0.008233333333333332,0.0014584138,0.0048458735579314325,0.2042,-0.19935412644206857,Low Potential
21.295,80.28,0.008466666666666667,0.0014225689,0.004944617794764539,0.1436,-0.13865538220523546,Low Potential
21.295,80.295,0.002333333333333333,0.0010243381,0.0016788357004212835,0.1195,-0.11782116429957872,Low Potential
21.295,80.31,0.0,0.0007640066,0.0003820032870862633,0.2615,-0.26111799671291375,Low Potential
21.295,80.325,0.058212755871579404,0.0015117985,0.029862277172327218,0.3039,-0.2740377228276728,Low Potential
21.295,80.34,0.11963363634129885,0.0027759825,0.0612048094146228,0.2556,-0.1943951905853772,Low Potential
21.295,80.355,0.01595925925925926,0.0006538872,0.008306573242519948,0.1457,-0.13739342675748004,Low Potential
21.295,80.37,0.008999999999999998,0.00039263928,0.004696319640963337,0.4856,-0.48090368035903663,Low Potential
21.295,80.385,0.005722222222222222,0.00047708923,0.0030996557243504665,0.3359,-0.33280034427564953,Low Potential
21.295,80.4,0.09522380479857259,0.0047590355,0.049991420168727305,0.2099,-0.1599085798312727,Low Potential
21.295,80.415,0.040559383306751726,0.0008560181,0.020707700704041286,0.3094,-0.28869229929595874,Low Potential
21.295,80.43,0.0005,0.00031393833,0.00040696916671004147,0.2715,-0.27109303083329,Low Potential
21.295,80.445,0.007322222222222223,0.0019628485,0.004642535347781248,0.3594,-0.35475746465221875,Low Potential
21.295,80.46,0.05278414465651308,0.00064268766,0.02671341616044017,0.2178,-0.19108658383955981,Low Potential
21.295,80.475,0.11362057027939383,0.001099333,0.05735995166502731,0.3372,-0.27984004833497267,Low Potential
21.295,80.49,0.007746153846153847,0.00033376907,0.004039961459233354,0.5131,-0.5090600385407666,Low Potential
21.31,79.2,0.004781746031746032,0.0015436765,0.003162711256198467,0.2615,-0.2583372887438015,Low Potential
21.31,79.215,0.090677693095435,0.003380154,0.04702892356105362,0.1735,-0.12647107643894637,Low Potential
21.31,79.23,0.04705814659197012,0.039127633,0.043092889783774214,0.3474,-0.30430711021622575,Low Potential
21.31,79.245,0.058044501903325434,0.009930064,0.03398728293685621,0.1795,-0.14551271706314378,Low Potential
21.31,79.26,0.006968067226890757,0.002169637,0.004568852118196107,0.147,-0.1424311478818039,Low Potential
21.31,79.275,0.1219269307064064,0.011032071,0.0664795008354906,0.321,-0.2545204991645094,Low Potential
21.31,79.29,0.010833333333333334,0.0007497708,0.005791552059041957,0.2264,-0.22060844794095802,Low Potential
21.31,79.305,0.016399999999999998,0.00068149867,0.008540749335009604,0.1418,-0.1332592506649904,Low Potential
21.31,79.32,0.009966666666666667,0.0014170079,0.005691837273010363,0.3799,-0.37420816272698965,Low Potential
21.31,79.335,0.011723809523809525,0.0021439805,0.006933894996682094,0.3455,-0.33856610500331785,Low Potential
21.31,79.35,0.033565253374076905,0.008284301,0.020924776969898255,0.364,-0.34307522303010174,Low Potential
21.31,79.365,0.006707142857142858,0.0045035463,0.005605344569895949,0.3996,-0.39399465543010403,Low Potential
21.31,79.38,0.001,0.0007552653,0.0008776326484512538,0.5423,-0.5414223673515488,Low Potential
21.31,79.395,0.01019047619047619,0.0011990846,0.005694780378691143,0.3075,-0.30180521962130885,Low Potential
21.31,79.41,0.02509461845344198,0.0023947468,0.013744682604811551,0.2336,-0.21985531739518846,Low Potential
21.31,79.425,0.01727936507936508,0.0024998114,0.009889588215332182,0.3064,-0.2965104117846678,Low Potential
21.31,79.44,0.0,0.0011758797,0.0005879398668184876,0.3384,-0.3378120601331815,Low Potential
21.31,79.455,0.046329350388173915,0.0019063669,0.024117858645288724,0.2915,-0.2673821413547113,Low Potential
21.31,79.47,0.007968253968253968,0.0011990846,0.004583669267580031,0.2172,-0.21261633073241998,Low Potential
21.31,79.485,0.05260095320355449,0.0030024385,0.027801695832481255,0.2548,-0.22699830416751876,Low Potential
21.31,79.5,0.10083103448275862,0.0045849737,0.05270800408037572,0.3464,-0.29369199591962425,Low Potential
21.31,79.515,0.0092,0.00071145163,0.004955725816916674,0.2304,-0.22544427418308333,Low Potential
21.31,79.53,0.07651223832366313,0.0023924774,0.03945235783978028,0.4044,-0.3649476421602197,Low Potential
21.31,79.545,0.16956233116168168,0.020595936,0.09507913363316847,0.2346,-0.13952086636683153,Low Potential
21.31,79.56,0.026315201465201467,0.001104636,0.013709918733301059,0.1337,-0.11999008126669895,Low Potential
21.31,79.575,0.004,0.00055451796,0.0022772589796222747,0.5374,-0.5351227410203777,Low Potential
21.31,79.59,0.12143906512774437,0.008665957,0.0650525108422707,0.1622,-0.0971474891577293,Low Potential
21.31,79.605,0.0078,0.0016811426,0.004740571301523596,0.3626,-0.35785942869847637,Low Potential
21.31,79.62,0.11036586024098016,0.012297774,0.061331816987357624,0.4541,-0.3927681830126424,Low Potential
21.31,79.635,0.00811904761904762,0.0026826158,0.0054008316945373305,0.1309,-0.12549916830546265,Low Potential
21.31,79.65,0.002977777777777778,0.0011446788,0.0020612282876753146,0.1455,-0.14343877171232466,Low Potential
21.31,79.665,0.06416876016140723,0.008860494,0.03651462708577883,0.2459,-0.20938537291422119,Low Potential
21.31,79.68,0.10471347691558054,0.023379736,0.06404660628210629,0.3298,-0.2657533937178937,Low Potential
21.31,79.695,0.004,0.0011857525,0.002592876225709915,0.3009,-0.2983071237742901,Low Potential
21.31,79.71,0.07244615384615385,0.006997676,0.03972191497336787,0.156,-0.11627808502663213,Low Potential
21.31,79.725,0.03491764616532418,0.00050037616,0.017709011163488865,0.4687,-0.4509909888365111,Low Potential
21.31,79.74,0.022917232277526393,0.0006076718,0.01176245203786663,0.499,-0.48723754796213337,Low Potential
21.31,79.755,0.02103684012066365,0.0010473202,0.011042080159465674,0.6662,-0.6551579198405343,Low Potential
21.31,79.77,0.1115107916582944,0.007612426,0.059561608746117455,0.1797,-0.12013839125388254,Low Potential
21.31,79.785,0.3238452061813987,0.60465175,0.46424847765773125,0.2328,0.23144847765773124,Moderate Potential
21.31,79.8,0.05807998966118161,0.0054923026,0.031786146125150044,0.3528,-0.32101385387484993,Low Potential
21.31,79.815,0.07556164414659836,0.008491488,0.042026566160101184,0.4341,-0.3920734338398988,Low Potential
21.31,79.83,0.005882352941176471,0.0010908471,0.003486600006684004,0.1691,-0.165613399993316,Low Potential
21.31,79.845,0.029750241545893723,0.0024044414,0.01607734145220765,0.3276,-0.3115226585477924,Low Potential
21.31,79.86,0.1497311041899277,0.0022011246,0.0759661143750078,0.3081,-0.23213388562499218,Low Potential
21.31,79.875,0.012596153846153847,0.00033286534,0.006464509593161683,0.4819,-0.4754354904068383,Low Potential
21.31,79.89,0.0027391304347826086,0.0003839389,0.001561534665160529,0.4801,-0.4785384653348395,Low Potential
21.31,79.905,0.045535449735449735,0.00057456025,0.023055004994665326,0.2495,-0.22644499500533466,Low Potential
21.31,79.92,0.0008,0.0003102175,0.0005551087480038404,0.1965,-0.19594489125199616,Low Potential
21.31,79.935,0.001,0.00038319844,0.0006915992179419845,0.1509,-0.15020840078205802,Low Potential
21.31,79.95,0.03,0.0031498203,0.01657491012942046,0.168,-0.15142508987057957,Low Potential
21.31,79.965,0.02410079744816587,0.0005186044,0.012309700931351709,0.2163,-0.2039902990686483,Low Potential
21.31,79.98,0.0,0.0004052051,0.00020260254677850753,0.1696,-0.1693973974532215,Low Potential
21.31,79.995,0.0026666666666666666,0.0021619475,0.0024143071056654053,0.2179,-0.2154856928943346,Low Potential
21.31,80.01,0.0031666666666666666,0.00065212813,0.0019093973993634184,0.2625,-0.2605906026006366,Low Potential
21.31,80.025,0.007366666666666667,0.0011545005,0.004260583596055707,0.2735,-0.26923941640394433,Low Potential
21.31,80.04,0.0092,0.0016486752,0.005424337592348456,0.2573,-0.2518756624076515,Low Potential
21.31,80.055,0.017166666666666663,0.0024843367,0.009825501697448391,0.2031,-0.1932744983025516,Low Potential
21.31,80.07,0.0,0.0003358731,0.0001679365523159504,0.1755,-0.17533206344768404,Low Potential
21.31,80.085,0.0,0.0006280135,0.0003140067565254867,0.1697,-0.1693859932434745,Low Potential
21.31,80.1,0.001,0.0009182408,0.0009591204051394016,0.4072,-0.4062408795948606,Low Potential
21.31,80.115,0.015523809523809525,0.0009079904,0.008215899953396902,0.3833,-0.3750841000466031,Low Potential
21.31,80.13,0.005635627530364372,0.0003419363,0.002988781917997662,0.402,-0.39901121808200235,Low Potential
21.31,80.145,0.0682466202528122,0.0028869759,0.035566798067693556,0.2462,-0.21063320193230645,Low Potential
21.31,80.16,0.013,0.0012615883,0.00713079415122047,0.1969,-0.18976920584877952,Low Potential
21.31,80.175,0.0,0.00040422962,0.00020211481023579836,0.1739,-0.1736978851897642,Low Potential
21.31,80.19,0.05467888149861834,0.0021677199,0.028423300690299975,0.2748,-0.24637669930970002,Low Potential
21.31,80.205,0.09647144995527347,0.0051536006,0.05081252527371983,0.2581,-0.20728747472628017,Low Potential
21.31,80.22,0.0726081996091284,0.00072881434,0.03666850697396398,0.3178,-0.281131493026036,Low Potential
21.31,80.235,0.07897380952380952,0.0048803966,0.04192710308652548,0.1316,-0.08967289691347452,Low Potential
21.31,80.25,0.10354062079131737,0.0023847204,0.05296267058074541,0.2866,-0.2336373294192546,Low Potential
21.31,80.265,0.026911300309597524,0.0018440597,0.014377679992764727,0.364,-0.34962232000723525,Low Potential
21.31,80.28,0.12945594765571541,0.0036341439,0.06654504575463775,0.2251,-0.15855495424536226,Low Potential
21.31,80.295,0.10541369619372713,0.003786882,0.05460028905683869,0.2501,-0.1954997109431613,Low Potential
21.31,80.31,0.009789473684210525,0.00034934617,0.005069409927089796,0.1226,-0.11753059007291021,Low Potential
21.31,80.325,0.005857142857142858,0.0017901037,0.003823623296272542,0.1353,-0.13147637670372747,Low Potential
21.31,80.34,0.017866666666666666,0.00042889905,0.009147782856233728,0.3141,-0.30495221714376625,Low Potential
21.31,80.355,0.011720508166969146,0.00071187556,0.006216191863598464,0.3508,-0.34458380813640155,Low Potential
21.31,80.37,0.06355371809992552,0.0027431494,0.033148433754498066,0.3299,-0.296751566245502,Low Potential
21.31,80.385,0.02402229049325823,0.00021046202,0.012116376257449832,0.2009,-0.18878362374255017,Low Potential
21.31,80.4,0.022,0.0005422444,0.011271122204139828,0.2809,-0.26962887779586014,Low Potential
21.31,80.415,0.029417601318530117,0.00052943005,0.014973515684233668,0.2371,-0.22212648431576634,Low Potential
21.31,80.43,0.01641140350877193,0.0002540716,0.00833273755871168,0.3038,-0.29546726244128835,Low Potential
21.31,80.445,0.05271340653670375,0.0004778304,0.02659561847521635,0.3671,-0.34050438152478363,Low Potential
21.31,80.46,0.06530806676188679,0.0032910581,0.034299562441567934,0.2068,-0.17250043755843208,Low Potential
21.31,80.475,0.007728070175438596,0.00040786093,0.004067965554970055,0.234,-0.22993203444502996,Low Potential
21.31,80.49,0.12393029850266693,0.0029589168,0.0634446076644203,0.2107,-0.14725539233557972,Low Potential
21.325,79.2,0.016105555555555554,0.005011266,0.010558410826490984,0.2585,-0.24794158917350903,Low Potential
21.325,79.215,0.04417605853935778,0.0051088454,0.024642451979769765,0.1825,-0.15785754802023022,Low Potential
21.325,79.23,0.09561605530729568,0.14998905,0.12280255445714133,0.3011,-0.17829744554285865,Low Potential
21.325,79.245,0.07349080086580086,0.0148761375,0.044183469176695585,0.1593,-0.11511653082330442,Low Potential
21.325,79.26,0.010749019607843139,0.0077783717,0.009263695646048177,0.1509,-0.14163630435395183,Low Potential
21.325,79.275,0.015655677655677658,0.0010827318,0.00836920470789232,0.1631,-0.15473079529210768,Low Potential
21.325,79.29,0.0105,0.00075536495,0.005627682474208996,0.2466,-0.240972317525791,Low Potential
21.325,79.305,0.014416666666666666,0.00593802,0.010177343367909392,0.1369,-0.1267226566320906,Low Potential
21.325,79.32,0.012833333333333334,0.003848431,0.008340882133382063,0.1472,-0.13885911786661792,Low Potential
21.325,79.335,0.035765584415584424,0.0009532856,0.018359435010615547,0.1795,-0.16114056498938445,Low Potential
21.325,79.35,0.011742857142857143,0.0016098814,0.006676369275684868,0.1639,-0.1572236307243151,Low Potential
21.325,79.365,0.06640151515151514,0.038554385,0.052477950227983065,0.1621,-0.10962204977201692,Low Potential
21.325,79.38,0.1556149568611643,0.0027063384,0.07916064763990598,0.1778,-0.09863935236009404,Low Potential
21.325,79.395,0.13651162481309537,0.10577668,0.12114415365458311,0.2509,-0.1297558463454169,Low Potential
21.325,79.41,0.03066666666666667,0.005410445,0.018038555794705948,0.182,-0.16396144420529404,Low Potential
21.325,79.425,0.050021415839062895,0.0027252561,0.02637333599016903,0.2786,-0.25222666400983096,Low Potential
21.325,79.44,0.06015143026907733,0.0020373303,0.031094380283415272,0.3094,-0.27830561971658474,Low Potential
21.325,79.455,0.008633333333333333,0.0011428702,0.0048881017512331405,0.1483,-0.14341189824876685,Low Potential
21.325,79.47,0.0051111111111111105,0.0013519085,0.003231509829457435,0.2302,-0.22696849017054255,Low Potential
21.325,79.485,0.015857142857142858,0.0021439805,0.00900056166334876,0.4024,-0.3933994383366512,Low Potential
21.325,79.5,0.001,0.0011988642,0.001099432096350938,0.2842,-0.28310056790364907,Low Potential
21.325,79.515,0.0047,0.0012124163,0.0029562081665731967,0.1808,-0.1778437918334268,Low Potential
21.325,79.53,0.011178282828282829,0.0010698814,0.006124082099752633,0.3093,-0.3031759179002474,Low Potential
21.325,79.545,0.006533333333333333,0.0011932066,0.003863269987112532,0.1387,-0.13483673001288746,Low Potential
21.325,79.56,0.05004505135387488,0.0027878652,0.026416458293275574,0.3749,-0.34848354170672446,Low Potential
21.325,79.575,0.00975,0.001124269,0.005437134489882737,0.5255,-0.5200628655101173,Low Potential
21.325,79.59,0.13580598817247427,0.047104962,0.09145547517129916,0.2223,-0.13084452482870085,Low Potential
21.325,79.605,0.004,0.001226337,0.0026131685222499073,0.1675,-0.1648868314777501,Low Potential
21.325,79.62,0.008,0.0010650672,0.004532533624209464,0.27,-0.26546746637579055,Low Potential
21.325,79.635,0.002,0.0010650672,0.0015325336242094636,0.1458,-0.14426746637579055,Low Potential
21.325,79.65,0.0008,0.0013493674,0.0010746837170794606,0.4779,-0.4768253162829205,Low Potential
21.325,79.665,0.00405,0.0055426448,0.004796322382614016,0.198,-0.193203677617386,Low Potential
21.325,79.68,0.008366666666666666,0.0021321704,0.005249418517326315,0.145,-0.13975058148267366,Low Potential
21.325,79.695,0.01946497175141243,0.0010748708,0.010269921283456523,0.3269,-0.3166300787165435,Low Potential
21.325,79.71,0.017166666666666663,0.00048893556,0.008827801114491496,0.1418,-0.1329721988855085,Low Potential
21.325,79.725,0.03345567765567766,0.0038534226,0.018654550122638874,0.1958,-0.17714544987736114,Low Potential
21.325,79.74,0.3552628050254253,0.62689567,0.4910792355739309,0.5129,-0.021820764426069117,Moderate Potential
21.325,79.755,0.04898452503808542,0.006967783,0.02797615400616429,0.3199,-0.29192384599383575,Low Potential
21.325,79.77,0.08444456654456653,0.024282655,0.05436361064596672,0.1424,-0.08803638935403328,Low Potential
21.325,79.785,0.10708266929623446,0.017056433,0.06206955139009635,0.5938,-0.5317304486099036,Low Potential
21.325,79.8,0.004,0.0011618105,0.0025809052381664515,0.2017,-0.19911909476183354,Low Potential
21.325,79.815,0.05426526733500417,0.0076845163,0.030974891794908324,0.568,-0.5370251082050916,Low Potential
21.325,79.83,0.26649306021635744,0.17497776,0.220735412351812,0.2727,-0.05196458764818801,Low Potential
21.325,79.845,0.044988322994514954,0.0071358294,0.026062076208568936,0.558,-0.5319379237914311,Low Potential
21.325,79.86,0.009046153846153846,0.0009803132,0.005013233507496233,0.1978,-0.19278676649250376,Low Potential
21.325,79.875,0.009470173453996984,0.0002886824,0.004879427930848255,0.5188,-0.5139205720691518,Low Potential
21.325,79.89,0.002742857142857143,0.0002692791,0.0015060681152589885,0.5243,-0.522793931884741,Low Potential
21.325,79.905,0.004966666666666667,0.00031294505,0.002639805857728546,0.1984,-0.19576019414227144,Low Potential
21.325,79.92,0.0015,0.00096015533,0.0012300776659976691,0.2498,-0.24856992233400232,Low Potential
21.325,79.935,0.0018,0.0003191771,0.0010595885551068932,0.3012,-0.3001404114448931,Low Potential
21.325,79.95,0.005,0.00039238876,0.0026961943780770526,0.2226,-0.21990380562192294,Low Potential
21.325,79.965,0.001,0.00019533171,0.0005976658557192423,0.294,-0.29340233414428074,Low Potential
21.325,79.98,0.0,0.0004052051,0.00020260254677850753,0.2154,-0.2151973974532215,Low Potential
21.325,79.995,0.0018571428571428571,0.0014826666,0.0016699047218342977,0.2576,-0.2559300952781657,Low Potential
21.325,80.01,0.002,0.0012112291,0.0016056145648472011,0.211,-0.2093943854351528,Low Potential
21.325,80.025,0.007166666666666667,0.0014743403,0.0043205034982723494,0.2131,-0.20877949650172767,Low Potential
21.325,80.04,0.08792278373800111,0.0014604533,0.044691618500276864,0.4051,-0.36040838149972315,Low Potential
21.325,80.055,0.006928571428571429,0.0013599097,0.004144240542514516,0.1968,-0.19265575945748548,Low Potential
21.325,80.07,0.0,0.001189272,0.000594636017922312,0.1891,-0.18850536398207768,Low Potential
21.325,80.085,0.06826352092352092,0.0022350408,0.03524928084531963,0.1906,-0.15535071915468035,Low Potential
21.325,80.1,0.0027,0.00048257687,0.001591288435063325,0.1627,-0.1611087115649367,Low Potential
21.325,80.115,0.007488888888888889,0.0015763479,0.004532618373766955,0.3577,-0.35316738162623307,Low Potential
21.325,80.13,0.11691133886753081,0.0040589385,0.06048513867049694,0.272,-0.2115148613295031,Low Potential
21.325,80.145,0.15438053192937093,0.0048614345,0.07962098319266596,0.2673,-0.187679016807334,Low Potential
21.325,80.16,0.025650793650793653,0.0018141667,0.013732480158401093,0.3995,-0.3857675198415989,Low Potential
21.325,80.175,0.05529732183524487,0.00333945,0.02931838597156613,0.5654,-0.5360816140284339,Low Potential
21.325,80.19,0.007525641025641025,0.00076377037,0.0041447056965627825,0.4226,-0.4184552943034372,Low Potential
21.325,80.205,0.0,0.00024203131,0.0001210156551678665,0.5452,-0.5450789843448322,Low Potential
21.325,80.22,0.01746656346749226,0.00029878254,0.008882673005152915,0.587,-0.5781173269948471,Low Potential
21.325,80.235,0.01036969696969697,0.00078148296,0.005575589964198739,0.1643,-0.15872441003580126,Low Potential
21.325,80.25,0.13322876565371733,0.007981234,0.07060499994190922,0.3674,-0.2967950000580908,Low Potential
21.325,80.265,0.017638888888888888,0.00022934921,0.008934119051619846,0.2149,-0.20596588094838017,Low Potential
21.325,80.28,0.00862280701754386,0.00042651393,0.00452466047311553,0.4188,-0.4142753395268845,Low Potential
21.325,80.295,0.0018333333333333333,0.0021149677,0.0019741505046064656,0.2514,-0.24942584949539354,Low Potential
21.325,80.31,0.004,0.0003399309,0.0021699654530966655,0.1482,-0.14603003454690333,Low Potential
21.325,80.325,0.02382380952380952,0.001649897,0.012736853243654504,0.1409,-0.1281631467563455,Low Potential
21.325,80.34,0.03730371120107962,0.00046206373,0.018882887467400387,0.3817,-0.3628171125325996,Low Potential
21.325,80.355,0.0038888888888888888,0.00050760416,0.002198246522522014,0.3453,-0.34310175347747796,Low Potential
21.325,80.37,0.07387270393330765,0.0031988355,0.03853576973320997,0.2219,-0.18336423026679002,Low Potential
21.325,80.385,0.03747187969924812,0.0008771682,0.01917452395170892,0.4464,-0.4272254760482911,Low Potential
21.325,80.4,0.0210260825104656,0.00069707417,0.010861578338715169,0.4151,-0.4042384216612849,Low Potential
21.325,80.415,0.14105877411222237,0.0010438449,0.07105130948194378,0.4632,-0.39214869051805623,Low Potential
21.325,80.43,0.037704186127278896,0.00048817907,0.01909618259686508,0.3152,-0.2961038174031349,Low Potential
21.325,80.445,0.03346140350877193,0.0013457156,0.01740355955535023,0.1458,-0.1283964404446498,Low Potential
21.325,80.46,0.002,0.00036349424,0.0011817471202230081,0.2992,-0.298018252879777,Low Potential
21.325,80.475,0.06716350973587816,0.002774569,0.03496903935449364,0.2909,-0.25593096064550636,Low Potential
21.325,80.49,0.08983963679938911,0.00094412826,0.045391882529702776,0.2499,-0.20450811747029723,Low Potential
21.34,79.2,0.12177981842718683,0.035003863,0.07839184085111897,0.1756,-0.09720815914888103,Low Potential
21.34,79.215,0.13003792562442712,0.007572442,0.06880518372596647,0.328,-0.2591948162740335,Low Potential
21.34,79.23,0.043011352657004835,0.0053456384,0.02417849551636708,0.5747,-0.5505215044836329,Low Potential
21.34,79.245,0.19751209981445542,0.24064596,0.21907902989389533,0.1669,0.052179029893895335,Low Potential
21.34,79.26,0.11785752233699799,0.41841725,0.2681373837433052,0.2031,0.0650373837433052,Low Potential
21.34,79.275,0.013146153846153846,0.0010026891,0.007074421485585089,0.1613,-0.1542255785144149,Low Potential
21.34,79.29,0.060978021978021976,0.008074402,0.034526211927921234,0.2388,-0.20427378807207877,Low Potential
21.34,79.305,0.005605797101449275,0.0010239806,0.0033148888287525893,0.1873,-0.1839851111712474,Low Potential
21.34,79.32,0.005857142857142858,0.0010294984,0.003443320633311357,0.142,-0.13855667936668864,Low Potential
21.34,79.335,0.017276190476190476,0.001062402,0.009169296256115749,0.2053,-0.19613070374388425,Low Potential
21.34,79.35,0.02302272727272727,0.0007677891,0.011895258177664469,0.3778,-0.36590474182233557,Low Potential
21.34,79.365,0.05972275698158051,0.008022741,0.03387274919809354,0.1638,-0.12992725080190645,Low Potential
21.34,79.38,0.1262669849758085,0.008518759,0.0673928720685212,0.218,-0.1506071279314788,Low Potential
21.34,79.395,0.00775,0.0011583986,0.0044541992880403995,0.5106,-0.5061458007119597,Low Potential
21.34,79.41,0.06891323317205669,0.0022931448,0.035603188995226034,0.1811,-0.14549681100477396,Low Potential
21.34,79.425,0.09194408075584548,0.00331392,0.04762900037541279,0.1968,-0.1491709996245872,Low Potential
21.34,79.44,0.015133333333333334,0.0027092127,0.008921273023138443,0.1352,-0.12627872697686154,Low Potential
21.34,79.455,0.041279899838723356,0.001928463,0.021604181417435465,0.2589,-0.23729581858256454,Low Potential
21.34,79.47,0.009,0.0051595937,0.007079796826466918,0.2319,-0.22482020317353307,Low Potential
21.34,79.485,0.028261904761904762,0.012458914,0.020360409360733772,0.2264,-0.20603959063926622,Low Potential
21.34,79.5,0.003466666666666667,0.0018883033,0.002677484992829462,0.1268,-0.12412251500717053,Low Potential
21.34,79.515,0.002942857142857143,0.0011484141,0.0020456356212230666,0.1743,-0.17225436437877695,Low Potential
21.34,79.53,0.00125,0.0050811167,0.0031655583437532188,0.2199,-0.2167344416562468,Low Potential
21.34,79.545,0.006,0.0018385726,0.00391928627807647,0.1237,-0.11978071372192353,Low Potential
21.34,79.56,0.06532310940693292,0.009948877,0.03763599304666357,0.2413,-0.20366400695333642,Low Potential
21.34,79.575,0.010638888888888889,0.0015553471,0.00609711800277647,0.2188,-0.21270288199722354,Low Potential
21.34,79.59,0.036613161021984544,0.0020423944,0.019327777693118615,0.1906,-0.17127222230688138,Low Potential
21.34,79.605,0.008942857142857143,0.0020844163,0.0055136367400842054,0.1783,-0.17278636325991578,Low Potential
21.34,79.62,0.0833139122315593,0.0037819077,0.043547909978819264,0.3252,-0.28165209002118075,Low Potential
21.34,79.635,0.07880961106317143,0.003166065,0.04098783807442536,0.4031,-0.36211216192557466,Low Potential
21.34,79.65,0.0079,0.0054836106,0.006691805277764798,0.2984,-0.2917081947222352,Low Potential
21.34,79.665,0.08000209349474056,0.009246602,0.04462434760893754,0.2482,-0.20357565239106246,Low Potential
21.34,79.68,0.014242857142857146,0.0008880227,0.007565439926713174,0.1511,-0.14353456007328683,Low Potential
21.34,79.695,0.014057142857142858,0.0010566768,0.007556909852035876,0.1881,-0.1805430901479641,Low Potential
21.34,79.71,0.02405386064030132,0.003324058,0.013688959273583696,0.4142,-0.4005110407264163,Low Potential
21.34,79.725,0.07321388252270604,0.0009864517,0.0371001671357323,0.2676,-0.2304998328642677,Low Potential
21.34,79.74,0.044252978025100795,0.0041499115,0.024201444742318078,0.3716,-0.34739855525768193,Low Potential
21.34,79.755,0.08063621676740872,0.016988104,0.048812160488356286,0.3587,-0.3098878395116437,Low Potential
21.34,79.77,0.26599212482341456,0.62120473,0.44359842933599314,0.4545,-0.010901570664006877,Low Potential
21.34,79.785,0.1700918217777048,0.053720605,0.11190621320301465,0.4166,-0.3046937867969854,Low Potential
21.34,79.8,0.01188888888888889,0.0047689877,0.008328938270401624,0.4275,-0.4191710617295984,Low Potential
21.34,79.815,0.2162009296001556,0.15670337,0.1864521487147392,0.3128,-0.12634785128526083,Low Potential
21.34,79.83,0.10708726872841488,0.033716485,0.07040187681635207,0.5101,-0.4396981231836479,Low Potential
21.34,79.845,0.06808554521673715,0.011945583,0.04001556407150525,0.5366,-0.4965844359284947,Low Potential
21.34,79.86,0.06831596883546001,0.02364296,0.045979463954322966,0.4856,-0.439620536045677,Low Potential
21.34,79.875,0.014754816709292413,0.000561326,0.007658071347382531,0.1902,-0.18254192865261748,Low Potential
21.34,79.89,0.12193257690022394,0.0031974977,0.0625650372942289,0.2008,-0.13823496270577112,Low Potential
21.34,79.905,0.02120059764796607,0.00017256415,0.010686580898318067,0.1787,-0.16801341910168194,Low Potential
21.34,79.92,0.03809098124098125,0.00041629362,0.019253637432419226,0.1817,-0.16244636256758077,Low Potential
21.34,79.935,0.06701403508771929,0.004369212,0.03569162346827225,0.2747,-0.23900837653172774,Low Potential
21.34,79.95,0.001,0.00021804134,0.0006090206715161912,0.2012,-0.2005909793284838,Low Potential
21.34,79.965,0.001,0.00041423118,0.0007071155904559419,0.2694,-0.26869288440954403,Low Potential
21.34,79.98,0.006488515406162465,0.00040446164,0.0034464885211852314,0.3773,-0.3738535114788148,Low Potential
21.34,79.995,0.01744419306184012,0.0004549688,0.008949580931886265,0.372,-0.36305041906811375,Low Potential
21.34,80.01,0.010229366096105714,0.00025674485,0.005243055474896128,0.2215,-0.21625694452510388,Low Potential
21.34,80.025,0.06126915282116036,0.00333945,0.03230430146452387,0.5396,-0.5072956985354761,Low Potential
21.34,80.04,0.002,0.00024210817,0.0011210540867759846,0.1981,-0.196978945913224,Low Potential
21.34,80.055,0.001,0.0004629472,0.0007314736047992483,0.1712,-0.17046852639520074,Low Potential
21.34,80.07,0.0,0.0006951211,0.000347560562659055,0.1532,-0.15285243943734095,Low Potential
21.34,80.085,0.011298268398268398,0.00035737958,0.0058278239910715575,0.1529,-0.14707217600892844,Low Potential
21.34,80.1,0.006133333333333333,0.00032956057,0.0032314469522253296,0.138,-0.1347685530477747,Low Potential
21.34,80.115,0.00788235294117647,0.00088419556,0.0043832742490203065,0.5663,-0.5619167257509797,Low Potential
21.34,80.13,0.0119,0.0014771164,0.006688558184821159,0.1732,-0.16651144181517882,Low Potential
21.34,80.145,0.07267583022412742,0.0016088103,0.03714232024763194,0.5946,-0.557457679752368,Low Potential
21.34,80.16,0.09039001709504806,0.002176813,0.046283415088908784,0.3635,-0.3172165849110912,Low Potential
21.34,80.175,0.07154459633933319,0.00042651308,0.03598555471200465,0.3132,-0.2772144452879953,Low Potential
21.34,80.19,0.02515714285714286,0.0011202893,0.01313871608956584,0.4294,-0.41626128391043415,Low Potential
21.34,80.205,0.14375392695539752,0.0012108295,0.07248237821564604,0.2881,-0.21561762178435398,Low Potential
21.34,80.22,0.030614076772900303,0.00025475322,0.015434414996630515,0.4363,-0.4208655850033695,Low Potential
21.34,80.235,0.12731276799395994,0.00095628476,0.06413452637466759,0.2434,-0.1792654736253324,Low Potential
21.34,80.25,0.03142587719298246,0.00030912572,0.01586750145849911,0.1884,-0.1725324985415009,Low Potential
21.34,80.265,0.004,0.00023651571,0.00211825785622932,0.4847,-0.4825817421437707,Low Potential
21.34,80.28,0.10892746298249391,0.0028295976,0.055878530273454026,0.2528,-0.196921469726546,Low Potential
21.34,80.295,0.015894736842105264,0.00067563157,0.00828518420636752,0.1997,-0.19141481579363248,Low Potential
21.34,80.31,0.011833333333333335,0.0015104768,0.006671905071629833,0.3887,-0.38202809492837014,Low Potential
21.34,80.325,0.05865741872506579,0.0016776625,0.030167540604241143,0.3376,-0.30743245939575886,Low Potential
21.34,80.34,0.0,0.0005069132,0.0002534565865062177,0.5627,-0.5624465434134938,Low Potential
21.34,80.355,0.18686810738174037,0.007185844,0.09702697557746329,0.4422,-0.3451730244225367,Low Potential
21.34,80.37,0.025452316311139842,0.00072759093,0.013089953620661164,0.4363,-0.42321004637933884,Low Potential
21.34,80.385,0.016737037037037036,0.00035021,0.008543623518898945,0.1461,-0.13755637648110106,Low Potential
21.34,80.4,0.18670879784945407,0.014964978,0.10083688803004105,0.3942,-0.29336311196995896,Low Potential
21.34,80.415,0.07034418552476628,0.0007248313,0.03553450841487243,0.2968,-0.2612654915851276,Low Potential
21.34,80.43,0.04064745685941045,0.0011219917,0.020884724261325174,0.4394,-0.41851527573867486,Low Potential
21.34,80.445,0.05654726323727872,0.0007040835,0.028625673356281498,0.2056,-0.1769743266437185,Low Potential
21.34,80.46,0.0038888888888888888,0.00053675147,0.002212820178311732,0.3981,-0.39588717982168825,Low Potential
21.34,80.475,0.0016,0.00022855439,0.0009142771943705157,0.4691,-0.4681857228056295,Low Potential
21.34,80.49,0.012789473684210526,0.0004736861,0.00663157988534505,0.2176,-0.21096842011465494,Low Potential
21.355,79.2,0.1384893162393162,0.023285985,0.08088765061614858,0.187,-0.10611234938385142,Low Potential
21.355,79.215,0.07088036881419234,0.030385725,0.05063304700718429,0.1499,-0.09926695299281571,Low Potential
21.355,79.23,0.15717517570664627,0.053124856,0.10515001595522037,0.1656,-0.06044998404477962,Low Potential
21.355,79.245,0.16405674574823176,0.050342597,0.10719967140779393,0.5515,-0.44430032859220603,Low Potential
21.355,79.26,0.09406673359320417,0.0015757537,0.04782124363402329,0.2328,-0.18497875636597672,Low Potential
21.355,79.275,0.0591975468975469,0.0057010073,0.03244927710951192,0.3385,-0.3060507228904881,Low Potential
21.355,79.29,0.06098282828282828,0.0037172064,0.032350017350671265,0.6129,-0.5805499826493288,Low Potential
21.355,79.305,0.0146218487394958,0.0020137795,0.008317814108821712,0.307,-0.2986821858911783,Low Potential
21.355,79.32,0.24697515502512474,0.01840981,0.1326924820613862,0.2371,-0.1044075179386138,Low Potential
21.355,79.335,0.007875,0.00095940585,0.004417202925076708,0.3357,-0.3312827970749233,Low Potential
21.355,79.35,0.009723809523809525,0.0006953355,0.00520957251397139,0.1531,-0.14789042748602862,Low Potential
21.355,79.365,0.044431759239997225,0.004106088,0.024268923657892027,0.1617,-0.137431076342108,Low Potential
21.355,79.38,0.10716938094585153,0.0108940005,0.059031690738047225,0.3511,-0.2920683092619528,Low Potential
21.355,79.395,0.02358333333333333,0.0019981556,0.012790744471984604,0.2557,-0.24290925552801537,Low Potential
21.355,79.41,0.00472063492063492,0.0011347877,0.002927711303402034,0.3504,-0.34747228869659796,Low Potential
21.355,79.425,0.050216529875353404,0.002365855,0.02629119245489708,0.1478,-0.1215088075451029,Low Potential
21.355,79.44,0.110567832820774,0.00441119,0.05748951131883307,0.3633,-0.30581048868116695,Low Potential
21.355,79.455,0.05712275698158051,0.0035604362,0.030341596586308903,0.1721,-0.14175840341369111,Low Potential
21.355,79.47,0.041353991596638655,0.0015990722,0.021476531921259808,0.2175,-0.1960234680787402,Low Potential
21.355,79.485,0.004333333333333333,0.001219231,0.0027762821932944158,0.4887,-0.4859237178067056,Low Potential
21.355,79.5,0.030574857326581464,0.0020540417,0.01631444952189147,0.4448,-0.4284855504781085,Low Potential
21.355,79.515,0.0015,0.0012472966,0.0013736482877284289,0.3133,-0.3119263517122716,Low Potential
21.355,79.53,0.003,0.0010650672,0.0020325336242094636,0.1514,-0.14936746637579054,Low Potential
21.355,79.545,0.002,0.0011085438,0.001554271915461868,0.1348,-0.13324572808453813,Low Potential
21.355,79.56,0.00815,0.0041281832,0.006139091619104147,0.1471,-0.14096090838089587,Low Potential
21.355,79.575,0.010133333333333331,0.0012122847,0.005672809000375369,0.1907,-0.18502719099962464,Low Potential
21.355,79.59,0.001,0.0011484141,0.0010742070497944951,0.1579,-0.15682579295020552,Low Potential
21.355,79.605,0.0118,0.0012322981,0.006516149045526981,0.1529,-0.14638385095447304,Low Potential
21.355,79.62,0.023299999999999998,0.0029349404,0.013117470196075736,0.1509,-0.13778252980392428,Low Potential
21.355,79.635,0.0,0.004868092,0.002434046007692814,0.2382,-0.23576595399230718,Low Potential
21.355,79.65,0.016050000000000002,0.011890447,0.013970223383605481,0.1574,-0.14342977661639453,Low Potential
21.355,79.665,0.002333333333333333,0.002466625,0.002399979200835029,0.1436,-0.14120002079916497,Low Potential
21.355,79.68,0.041589344511269055,0.00750766,0.024548502235903602,0.3476,-0.3230514977640964,Low Potential
21.355,79.695,0.1651694328820842,0.2153313,0.19025036698759284,0.3672,-0.17694963301240718,Low Potential
21.355,79.71,0.07117402083640474,0.006391776,0.038782898315366,0.3071,-0.26831710168463396,Low Potential
21.355,79.725,0.018989696045642337,0.00059473526,0.009792215653813253,0.5783,-0.5685077843461868,Low Potential
21.355,79.74,0.24876118209873757,0.12043122,0.18459620206015864,0.2234,-0.038803797939841345,Low Potential
21.355,79.755,0.020974603174603174,0.0034841395,0.012229371313180123,0.157,-0.1447706286868199,Low Potential
21.355,79.77,0.01613888888888889,0.0016230342,0.008880961566646067,0.2487,-0.23981903843335395,Low Potential
21.355,79.785,0.14667331383213728,0.02219609,0.08443470184050664,0.2095,-0.12506529815949335,Low Potential
21.355,79.8,0.040633333333333334,0.007047559,0.023840446233997743,0.2485,-0.22465955376600225,Low Potential
21.355,79.815,0.021933333333333332,0.009067064,0.015500198742250601,0.1472,-0.13169980125774938,Low Potential
21.355,79.83,0.057816886816886806,0.009292047,0.03355446667818613,0.2715,-0.2379455333218139,Low Potential
21.355,79.845,0.16938162176425403,0.06508681,0.1172342167725918,0.2978,-0.1805657832274082,Low Potential
21.355,79.86,0.10333018505402405,0.019998955,0.06166456983153025,0.1866,-0.12493543016846974,Low Potential
21.355,79.875,0.02819755775307835,0.00033674677,0.014267152262798366,0.2837,-0.26943284773720166,Low Potential
21.355,79.89,0.023240686274509804,0.00028246868,0.011761577478099578,0.2758,-0.2640384225219004,Low Potential
21.355,79.905,0.01782828282828283,0.0012704615,0.00954937215327671,0.2092,-0.1996506278467233,Low Potential
21.355,79.92,0.08334071598336304,0.0009315295,0.04213612274310653,0.2731,-0.2309638772568935,Low Potential
21.355,79.935,0.0,0.0002380891,0.00011904454731848091,0.3347,-0.3345809554526815,Low Potential
21.355,79.95,0.006,0.00070545834,0.0033527291701175273,0.3958,-0.39244727082988246,Low Potential
21.355,79.965,0.001,0.00038319844,0.0006915992179419845,0.1563,-0.155608400782058,Low Potential
21.355,79.98,0.031567922926746456,0.00035989477,0.015963908846376537,0.4202,-0.40423609115362347,Low Potential
21.355,79.995,0.03290199702688094,0.0010184733,0.016960235161653587,0.2753,-0.2583397648383464,Low Potential
21.355,80.01,0.018237037037037038,0.00026973773,0.00925338738598102,0.2606,-0.25134661261401897,Low Potential
21.355,80.025,0.059297321835244866,0.00333945,0.03131838597156612,0.5782,-0.5468816140284339,Low Potential
21.355,80.04,0.011033333333333332,0.00076307193,0.005898202633547286,0.1515,-0.1456017973664527,Low Potential
21.355,80.055,0.023166666666666665,0.0025822844,0.01287447552786519,0.2476,-0.2347255244721348,Low Potential
21.355,80.07,0.0067,0.0013985743,0.004049287164025009,0.1631,-0.159050712835975,Low Potential
21.355,80.085,0.0,0.0007611405,0.0003805702435784042,0.2129,-0.2125194297564216,Low Potential
21.355,80.1,0.0,0.0006017376,0.00030086879269219935,0.1848,-0.1844991312073078,Low Potential
21.355,80.115,0.10692596243625654,0.0021942034,0.054560082936315604,0.3448,-0.2902399170636844,Low Potential
21.355,80.13,0.023495188595188593,0.00063426053,0.012064724564515891,0.5105,-0.49843527543548405,Low Potential
21.355,80.145,0.06732078673385973,0.0025057232,0.034913254944016016,0.1365,-0.101586745055984,Low Potential
21.355,80.16,0.06522416194916195,0.004238491,0.03473132644787642,0.2146,-0.1798686735521236,Low Potential
21.355,80.175,0.007894736842105263,0.0002345353,0.004064636070382365,0.5121,-0.5080353639296177,Low Potential
21.355,80.19,0.0077,0.00094756536,0.0043237826820928605,0.2114,-0.20707621731790715,Low Potential
21.355,80.205,0.020053711201079624,0.00097397424,0.010513842719614723,0.2242,-0.21368615728038529,Low Potential
21.355,80.22,0.002,0.00024681198,0.0011234059891430661,0.5461,-0.544976594010857,Low Potential
21.355,80.235,0.0,0.00023550153,0.00011775076563935727,0.4965,-0.49638224923436064,Low Potential
21.355,80.25,0.040233246577983425,0.0007061774,0.020469711978726872,0.4479,-0.42743028802127314,Low Potential
21.355,80.265,0.06823253646937857,0.0017972961,0.035014916288096956,0.3619,-0.32688508371190306,Low Potential
21.355,80.28,0.07990942418416103,0.0032363294,0.04157287679998706,0.3476,-0.30602712320001296,Low Potential
21.355,80.295,0.025603070175438596,0.0007912996,0.01319718489897225,0.3738,-0.36060281510102776,Low Potential
21.355,80.31,0.04898255735492577,0.0005587714,0.024770664390391956,0.2343,-0.20952933560960804,Low Potential
21.355,80.325,0.005,0.00020214004,0.0026010700216284022,0.4199,-0.4172989299783716,Low Potential
21.355,80.34,0.011964935064935064,0.00042256023,0.006193747648231189,0.258,-0.25180625235176884,Low Potential
21.355,80.355,0.09742433864448381,0.0025120669,0.049968202751186554,0.1589,-0.10893179724881347,Low Potential
21.355,80.37,0.009761403508771931,0.0003145696,0.00503798655213731,0.4104,-0.40536201344786266,Low Potential
21.355,80.385,0.023259104658197218,0.0011900126,0.012224558605951992,0.3702,-0.35797544139404797,Low Potential
21.355,80.4,0.049737214831951676,0.00042651308,0.025081863958313896,0.3672,-0.3421181360416861,Low Potential
21.355,80.415,0.003133333333333333,0.00024203131,0.001687682321834533,0.4595,-0.4578123176781655,Low Potential
21.355,80.43,0.04499733701329688,0.0012344338,0.02311588542992254,0.4636,-0.44048411457007747,Low Potential
21.355,80.445,0.04664713546687231,0.00057561864,0.02361137705532581,0.2408,-0.21718862294467417,Low Potential
21.355,80.46,0.010762393162393162,0.0003488629,0.005555628031628747,0.3176,-0.31204437196837126,Low Potential
21.355,80.475,0.002,0.00024809805,0.0011240490237250924,0.2126,-0.21147595097627492,Low Potential
21.355,80.49,0.018055555555555557,0.0015156039,0.009785579706335234,0.1895,-0.17971442029366477,Low Potential
21.37,79.2,0.023875,0.022475768,0.02317538394033909,0.2871,-0.26392461605966094,Low Potential
21.37,79.215,0.05259225327812286,0.036941957,0.04476710500340984,0.1347,-0.08993289499659014,Low Potential
21.37,79.23,0.032105182072829135,0.0026285218,0.017366851916877393,0.585,-0.5676331480831226,Low Potential
21.37,79.245,0.08049865900689698,0.0077287,0.044113679533647185,0.1664,-0.12228632046635281,Low Potential
21.37,79.26,0.1944987622142892,0.15880106,0.17664991305475736,0.4094,-0.23275008694524263,Low Potential
21.37,79.275,0.36221617655089866,0.4654202,0.41381818153526073,0.3215,0.09231818153526072,Low Potential
21.37,79.29,0.11231455264721515,0.12620221,0.1192583817155868,0.3599,-0.24064161828441322,Low Potential
21.37,79.305,0.14212815240315238,0.11591145,0.1290197994574489,0.5872,-0.45818020054255115,Low Potential
21.37,79.32,0.07851381673881673,0.014947303,0.04673055968915057,0.1718,-0.12506944031084943,Low Potential
21.37,79.335,0.02149047619047619,0.0021178005,0.011804138358398561,0.1512,-0.13939586164160145,Low Potential
21.37,79.35,0.17220404087992588,0.00977141,0.0909877256278797,0.2179,-0.12691227437212033,Low Potential
21.37,79.365,0.1287075002228892,0.0076362668,0.06817188349170865,0.5542,-0.48602811650829136,Low Potential
21.37,79.38,0.2002017094017094,0.17889565,0.18954868084793416,0.1465,0.04304868084793417,Low Potential
21.37,79.395,0.09036874167321736,0.009932868,0.050150804927938254,0.2113,-0.16114919507206174,Low Potential
21.37,79.41,0.08799423550305903,0.002326785,0.045160510195670724,0.2154,-0.1702394898043293,Low Potential
21.37,79.425,0.01113888888888889,0.0014931329,0.006316010897461739,0.2241,-0.21778398910253827,Low Potential
21.37,79.44,0.004666666666666667,0.0019594466,0.0033130566257362566,0.1491,-0.14578694337426376,Low Potential
21.37,79.455,0.07156668249796962,0.025628647,0.048597664666827196,0.5203,-0.4717023353331728,Low Potential
21.37,79.47,0.01075,0.0013913303,0.006070665134117007,0.2062,-0.200129334865883,Low Potential
21.37,79.485,0.031061403508771932,0.0010700199,0.01606571170711367,0.4561,-0.4400342882928863,Low Potential
21.37,79.5,0.06901140350877191,0.0041281832,0.0365697933734901,0.1393,-0.1027302066265099,Low Potential
21.37,79.515,0.007333333333333333,0.0011271745,0.004230253903350483,0.5167,-0.5124697460966495,Low Potential
21.37,79.53,0.004276190476190476,0.0012531768,0.002764683652984067,0.2878,-0.28503531634701595,Low Potential
21.37,79.545,0.0036666666666666666,0.005217331,0.004441998831306895,0.1675,-0.16305800116869312,Low Potential
21.37,79.56,0.03562989983872337,0.0048298547,0.020229877271581504,0.1418,-0.12157012272841851,Low Potential
21.37,79.575,0.0019428571428571429,0.0011484141,0.0015456356212230665,0.3121,-0.3105543643787769,Low Potential
21.37,79.59,0.0,0.0018385726,0.0009192862780764699,0.1281,-0.12718071372192352,Low Potential
21.37,79.605,0.0,0.0011428702,0.000571435084566474,0.1343,-0.13372856491543353,Low Potential
21.37,79.62,0.17128012394833056,0.06349852,0.11738932165467485,0.4859,-0.36851067834532514,Low Potential
21.37,79.635,0.07205070573604463,0.00974206,0.04089638274046957,0.5326,-0.4917036172595304,Low Potential
21.37,79.65,0.07770714285714285,0.053024247,0.06536569507292339,0.1348,-0.06943430492707661,Low Potential
21.37,79.665,0.003333333333333333,0.0013377392,0.0023355362533281246,0.1899,-0.18756446374667188,Low Potential
21.37,79.68,0.006733333333333333,0.00096293894,0.0038481361360444377,0.6255,-0.6216518638639555,Low Potential
21.37,79.695,0.005904761904761905,0.0008979774,0.0034013696447502645,0.584,-0.5805986303552497,Low Potential
21.37,79.71,0.010276190476190475,0.00051701145,0.005396600960835903,0.1696,-0.1642033990391641,Low Potential
21.37,79.725,0.036788043478260875,0.006503943,0.02164599318324548,0.3021,-0.2804540068167545,Low Potential
21.37,79.74,0.04568613445378152,0.0050235447,0.025354839554015834,0.519,-0.49364516044598417,Low Potential
21.37,79.755,0.14204258546227855,0.036460843,0.0892517141997548,0.3111,-0.22184828580024518,Low Potential
21.37,79.77,0.019430952380952386,0.0021198571,0.010775404750174357,0.5338,-0.5230245952498257,Low Potential
21.37,79.785,0.062157264957264965,0.0055474173,0.03385234114251331,0.2433,-0.20944765885748667,Low Potential
21.37,79.8,0.37136848512408055,0.57293314,0.4721508112704601,0.4837,-0.011549188729539916,Moderate Potential
21.37,79.815,0.048729907347554405,0.010339847,0.029534877091047386,0.2371,-0.20756512290895263,Low Potential
21.37,79.83,0.08118509753957322,0.026969057,0.05407707705803181,0.41,-0.35592292294196815,Low Potential
21.37,79.845,0.21702813330460385,0.11918425,0.16810619072699942,0.2759,-0.10779380927300056,Low Potential
21.37,79.86,0.13922374611113003,0.010456596,0.07484017084048952,0.3244,-0.2495598291595105,Low Potential
21.37,79.875,0.08953343808791381,0.0030254205,0.046279429281832485,0.2025,-0.15622057071816753,Low Potential
21.37,79.89,0.0114606357694593,0.00029355695,0.005877096359757182,0.1961,-0.1902229036402428,Low Potential
21.37,79.905,0.03107764876632801,0.0008629686,0.01597030869312044,0.1302,-0.11422969130687957,Low Potential
21.37,79.92,0.0086,0.00021046483,0.004405232415080536,0.1245,-0.12009476758491947,Low Potential
21.37,79.935,0.027369696969696967,0.0005287242,0.013949210596768975,0.1691,-0.15515078940323102,Low Potential
21.37,79.95,0.015556878621894104,0.0009348663,0.008245872468556827,0.2744,-0.26615412753144313,Low Potential
21.37,79.965,0.002,0.00057080836,0.0012854041813407093,0.152,-0.15071459581865929,Low Potential
21.37,79.98,0.004,0.0002970967,0.0021485483517171815,0.1541,-0.1519514516482828,Low Potential
21.37,79.995,0.012777777777777779,0.00052039325,0.00664908551507526,0.2877,-0.28105091448492475,Low Potential
21.37,80.01,0.0279979797979798,0.0010283794,0.014513179611693128,0.276,-0.2614868203883069,Low Potential
21.37,80.025,0.017476893939393938,0.00095969613,0.009218295035576165,0.2614,-0.2521817049644239,Low Potential
21.37,80.04,0.010033333333333332,0.00039325736,0.005213295346653709,0.1569,-0.1516867046533463,Low Potential
21.37,80.055,0.0,0.0006351459,0.00031757293618284166,0.2517,-0.25138242706381714,Low Potential
21.37,80.07,0.003666666666666666,0.0011980993,0.0024323830053520697,0.2,-0.19756761699464795,Low Potential
21.37,80.085,0.006333333333333333,0.00064885046,0.003491091896003733,0.1709,-0.16740890810399625,Low Potential
21.37,80.1,0.0,0.0003414229,0.00017071145703084767,0.1601,-0.15992928854296914,Low Potential
21.37,80.115,0.02773076923076923,0.0016222548,0.01467651203729642,0.1738,-0.1591234879627036,Low Potential
21.37,80.13,0.04681164021164021,0.0037019555,0.02525679787866692,0.196,-0.1707432021213331,Low Potential
21.37,80.145,0.023933333333333334,0.0013929749,0.012663154100409399,0.2013,-0.18863684589959062,Low Potential
21.37,80.16,0.06235714285714287,0.0060904115,0.03422377715392837,0.1688,-0.13457622284607162,Low Potential
21.37,80.175,0.016956140350877197,0.00064102066,0.008798580503021777,0.6081,-0.5993014194969782,Low Potential
21.37,80.19,0.038717273576097104,0.00046801436,0.01959264396860055,0.3132,-0.2936073560313994,Low Potential
21.37,80.205,0.01525151821862348,0.00046209255,0.007856805382568392,0.1807,-0.1728431946174316,Low Potential
21.37,80.22,0.002,0.00028197386,0.0011409869291819632,0.3255,-0.32435901307081805,Low Potential
21.37,80.235,0.018894736842105263,0.00051655626,0.009705646551839125,0.262,-0.25229435344816087,Low Potential
21.37,80.25,0.02798697054579408,0.0028642619,0.01542561620104835,0.4629,-0.4474743837989516,Low Potential
21.37,80.265,0.03725960591133005,0.004365865,0.02081273552624169,0.342,-0.32118726447375834,Low Potential
21.37,80.28,0.03383333333333333,0.007097688,0.020465510685617725,0.1632,-0.1427344893143823,Low Potential
21.37,80.295,0.003931034482758621,0.00040012732,0.0021655809009560097,0.4135,-0.41133441909904395,Low Potential
21.37,80.31,0.0,0.00030420814,0.00015210406854748726,0.2928,-0.2926478959314525,Low Potential
21.37,80.325,0.050783192830561256,0.00051655626,0.02564987454606712,0.2328,-0.20715012545393288,Low Potential
21.37,80.34,0.006,0.00057598116,0.0032879905805457384,0.2213,-0.21801200941945426,Low Potential
21.37,80.355,0.010822222222222223,0.00060937897,0.00571580059645801,0.2448,-0.23908419940354197,Low Potential
21.37,80.37,0.028335213032581453,0.0004804234,0.014407818211490559,0.4403,-0.42589218178850946,Low Potential
21.37,80.385,0.001,0.00022881235,0.0006144061752711423,0.5446,-0.5439855938247289,Low Potential
21.37,80.4,0.006059259259259258,0.00044713082,0.003253195039753767,0.1373,-0.13404680496024624,Low Potential
21.37,80.415,0.03237506578388931,0.0002186651,0.01629686544010802,0.6066,-0.590303134559892,Low Potential
21.37,80.43,0.0218588693957115,0.0019107396,0.011884804487009088,0.5055,-0.4936151955129909,Low Potential
21.37,80.445,0.007499999999999999,0.0010616696,0.004280834775418043,0.3158,-0.311519165224582,Low Potential
21.37,80.46,0.001,0.00031464218,0.0006573210902279243,0.4744,-0.47374267890977206,Low Potential
21.37,80.475,0.018925689223057644,0.0003630193,0.009644354259047219,0.5316,-0.5219556457409528,Low Potential
21.37,80.49,0.010722222222222223,0.001946143,0.006334182606647826,0.4858,-0.4794658173933522,Low Potential
21.385,79.2,0.05332383286647993,0.01544535,0.03438459130224088,0.1772,-0.1428154086977591,Low Potential
21.385,79.215,0.030833333333333334,0.003847612,0.0173404727006952,0.1504,-0.13305952729930481,Low Potential
21.385,79.23,0.08516019359062835,0.0014300763,0.043295134952382366,0.3695,-0.32620486504761764,Low Potential
21.385,79.245,0.05303702686202686,0.002243992,0.027640509401620234,0.6593,-0.6316594905983798,Low Potential
21.385,79.26,0.23967509707941628,0.28954577,0.26461043576962756,0.5261,-0.26148956423037245,Low Potential
21.385,79.275,0.18048958471906043,0.19295049,0.1867200359279506,0.476,-0.28927996407204937,Low Potential
21.385,79.29,0.10477465616934924,0.0548717,0.07982317843672349,0.1472,-0.06737682156327651,Low Potential
21.385,79.305,0.11581158841158837,0.019642461,0.06772702475143418,0.1926,-0.12487297524856582,Low Potential
21.385,79.32,0.35867081940621115,0.9271203,0.6428955736778675,0.2149,0.42799557367786756,Moderate Potential
21.385,79.335,0.21493358204141624,0.24229075,0.2286121660936642,0.5079,-0.2792878339063358,Low Potential
21.385,79.35,0.22090617194447118,0.09187989,0.15639303065674104,0.2445,-0.08810696934325896,Low Potential
21.385,79.365,0.3086927217579089,0.22963232,0.26916251988888795,0.2779,-0.008737480111112028,Low Potential
21.385,79.38,0.1540855680084757,0.051218815,0.10265219157817622,0.6696,-0.5669478084218238,Low Potential
21.385,79.395,0.1535727474956552,0.051218815,0.10239578132176597,0.6672,-0.564804218678234,Low Potential
21.385,79.41,0.05355346250793822,0.007759799,0.030656630645873584,0.5326,-0.5019433693541264,Low Potential
21.385,79.425,0.03549900491665198,0.0012741163,0.018386560626975662,0.2897,-0.2713134393730243,Low Potential
21.385,79.44,0.02785151515151515,0.0039549507,0.015903232935793474,0.1562,-0.14029676706420652,Low Potential
21.385,79.455,0.026395959595959594,0.0017135865,0.014054773050731028,0.3391,-0.32504522694926896,Low Potential
21.385,79.47,0.023,0.0010700199,0.012035009952727705,0.4209,-0.4088649900472723,Low Potential
21.385,79.485,0.014208658008658007,0.0013292821,0.007768970037255742,0.4504,-0.4426310299627443,Low Potential
21.385,79.5,0.046573236120604544,0.0012591621,0.023916199105661645,0.5365,-0.5125838008943383,Low Potential
21.385,79.515,0.0329,0.0009867201,0.016943360043037682,0.505,-0.4880566399569623,Low Potential
21.385,79.53,0.0572107800696036,0.0015238537,0.02936731690745755,0.2049,-0.17553268309254244,Low Potential
21.385,79.545,0.0019428571428571429,0.0011428702,0.0015428636559950454,0.1837,-0.18215713634400496,Low Potential
21.385,79.56,0.020116666666666668,0.009522175,0.014819421041508516,0.128,-0.11318057895849148,Low Potential
21.385,79.575,0.05087532467532467,0.0030107014,0.02694301303172266,0.1621,-0.13515698696827733,Low Potential
21.385,79.59,0.0062,0.004144722,0.005172361065074802,0.1939,-0.1887276389349252,Low Potential
21.385,79.605,0.020578312537136066,0.00883345,0.014705881401182407,0.1907,-0.1759941185988176,Low Potential
21.385,79.62,0.010799999999999999,0.001971193,0.006385596445389091,0.1213,-0.11491440355461091,Low Potential
21.385,79.635,0.0023666666666666662,0.0029714603,0.002669063505468269,0.3025,-0.29983093649453174,Low Potential
21.385,79.65,0.02712222222222222,0.007501427,0.017311824653214878,0.4272,-0.4098881753467851,Low Potential
21.385,79.665,0.05251576858813701,0.001923214,0.027219491266919364,0.35,-0.3227805087330806,Low Potential
21.385,79.68,0.006276190476190476,0.0011484141,0.003712302287889733,0.1533,-0.14958769771211025,Low Potential
21.385,79.695,0.12781934672491896,0.03652692,0.08217313256808692,0.5117,-0.42952686743191315,Low Potential
21.385,79.71,0.027439880952380948,0.0012780908,0.014358985854383733,0.3059,-0.2915410141456163,Low Potential
21.385,79.725,0.011488888888888889,0.0007330728,0.006110980850080442,0.5178,-0.5116890191499196,Low Potential
21.385,79.74,0.023433333333333334,0.0040330444,0.013733188889796535,0.2299,-0.21616681111020347,Low Potential
21.385,79.755,0.21060958264600746,0.054855812,0.13273269749349115,0.2779,-0.14516730250650883,Low Potential
21.385,79.77,0.04547034632034632,0.0028894916,0.02417991896901296,0.3321,-0.30792008103098706,Low Potential
21.385,79.785,0.03679427537546733,0.032865446,0.03482986071818163,0.5171,-0.4822701392818184,Low Potential
21.385,79.8,0.23268423790691592,0.1050824,0.16888331902503123,0.1688,8.331902503122546e-05,Low Potential
21.385,79.815,0.18015703336775218,0.023231117,0.10169407521128612,0.5608,-0.4591059247887138,Low Potential
21.385,79.83,0.12320836027703952,0.005624664,0.06441651214655375,0.1458,-0.08138348785344626,Low Potential
21.385,79.845,0.04741666666666666,0.034665275,0.04104097101589044,0.1527,-0.11165902898410957,Low Potential
21.385,79.86,0.011866666666666668,0.0015901445,0.006728405568966022,0.1953,-0.18857159443103397,Low Potential
21.385,79.875,0.001,0.00022427861,0.0006121393070206978,0.1369,-0.1362878606929793,Low Potential
21.385,79.89,0.0036666666666666666,0.00024184422,0.0019542554415141545,0.1907,-0.18874574455848586,Low Potential
21.385,79.905,0.025961424632248403,0.001355523,0.013658473821482123,0.4764,-0.4627415261785179,Low Potential
21.385,79.92,0.008088888888888889,0.0015806427,0.004834765770793375,0.4652,-0.4603652342292066,Low Potential
21.385,79.935,0.013900000000000001,0.0015858096,0.007742904815170914,0.1436,-0.13585709518482908,Low Potential
21.385,79.95,0.0,0.00033717536,0.00016858767776284367,0.546,-0.5458314123222372,Low Potential
21.385,79.965,0.00588888888888889,0.00041141524,0.003150152064342466,0.287,-0.2838498479356575,Low Potential
21.385,79.98,0.003,0.00043435133,0.0017171756641473621,0.1993,-0.19758282433585264,Low Potential
21.385,79.995,0.0008,0.0003638907,0.0005819453464122489,0.1599,-0.15931805465358773,Low Potential
21.385,80.01,0.03379047619047619,0.002538276,0.018164376047714835,0.1487,-0.13053562395228516,Low Potential
21.385,80.025,0.022556033182503776,0.0006978089,0.011626921052386113,0.2041,-0.1924730789476139,Low Potential
21.385,80.04,0.0043696969696969705,0.0012752594,0.002822478194520668,0.2019,-0.19907752180547933,Low Potential
21.385,80.055,0.029498494800218936,0.00041461422,0.01495655450832173,0.2273,-0.21234344549167827,Low Potential
21.385,80.07,0.013800000000000002,0.00093087734,0.0073654386721085765,0.2147,-0.20733456132789144,Low Potential
21.385,80.085,0.09385793496149533,0.0037281958,0.0487930653767797,0.1991,-0.1503069346232203,Low Potential
21.385,80.1,0.006333333333333333,0.0006017376,0.003467535459358866,0.1721,-0.16863246454064112,Low Potential
21.385,80.115,0.029495173453996982,0.0009156041,0.015205388786825863,0.2087,-0.19349461121317413,Low Potential
21.385,80.13,0.010933333333333333,0.0005622341,0.005747783708261947,0.2553,-0.24955221629173807,Low Potential
21.385,80.145,0.025085213032581453,0.0011152448,0.013100228922922435,0.1742,-0.16109977107707757,Low Potential
21.385,80.16,0.009533333333333331,0.002007392,0.005770362667801478,0.4061,-0.40032963733219856,Low Potential
21.385,80.175,0.05038518502137696,0.0005168806,0.02545103280801828,0.5972,-0.5717489671919816,Low Potential
21.385,80.19,0.05848478013214854,0.001663305,0.030074042556962062,0.393,-0.36292595744303796,Low Potential
21.385,80.205,0.03149254385964913,0.00035495457,0.01592374921252935,0.6241,-0.6081762507874706,Low Potential
21.385,80.22,0.0,0.00025475322,0.00012737661018036306,0.5467,-0.5465726233898196,Low Potential
21.385,80.235,0.12838495720825438,0.00077271386,0.06457883553321148,0.2758,-0.2112211644667885,Low Potential
21.385,80.25,0.05436192243429085,0.0020954232,0.028228672803725107,0.2918,-0.2635713271962749,Low Potential
21.385,80.265,0.024107757155125576,0.0013504442,0.012729100657298037,0.175,-0.16227089934270195,Low Potential
21.385,80.28,0.048451256260079796,0.00043356084,0.024442408549617742,0.205,-0.18055759145038225,Low Potential
21.385,80.295,0.018722807017543856,0.0006401168,0.009681461912075775,0.5639,-0.5542185380879242,Low Potential
21.385,80.31,0.06811789371619094,0.0010404518,0.034579172763443085,0.2265,-0.19192082723655693,Low Potential
21.385,80.325,0.03371080031080031,0.0006984949,0.017204647605176312,0.2692,-0.2519953523948237,Low Potential
21.385,80.34,0.03361524500907442,0.0005140116,0.017064628303167625,0.1758,-0.15873537169683238,Low Potential
21.385,80.355,0.012733333333333334,0.00024681198,0.006490072655809733,0.4579,-0.4514099273441902,Low Potential
21.385,80.37,0.07943121679471767,0.002684295,0.04105775586967337,0.3699,-0.32884224413032664,Low Potential
21.385,80.385,0.004666666666666667,0.00044976687,0.0025582167686273656,0.494,-0.4914417832313726,Low Potential
21.385,80.4,0.01980261502813638,0.00046295495,0.01013278498967689,0.3776,-0.3674672150103231,Low Potential
21.385,80.415,0.009577777777777777,0.00030871545,0.004943246612547793,0.2526,-0.2476567533874522,Low Potential
21.385,80.43,0.0028666666666666667,0.00025337804,0.0015600223509672408,0.5723,-0.5707399776490328,Low Potential
21.385,80.445,0.004764705882352941,0.00034471054,0.002554708211655345,0.3067,-0.30414529178834465,Low Potential
21.385,80.46,0.002,0.00035091798,0.001175458990270272,0.3693,-0.36812454100972974,Low Potential
21.385,80.475,0.007,0.00024645575,0.003623227873700671,0.6223,-0.6186767721262993,Low Potential
21.385,80.49,0.031830793389616925,0.0033434709,0.017587132124944786,0.4184,-0.4008128678750552,Low Potential
21.4,79.2,0.03976282051282051,0.004223177,0.021992998861158505,0.142,-0.12000700113884148,Low Potential
21.4,79.215,0.0106,0.0008096047,0.005704802354751155,0.6131,-0.6073951976452489,Low Potential
21.4,79.23,0.06223735949722791,0.002317867,0.03227761325309855,0.2761,-0.24382238674690146,Low Potential
21.4,79.245,0.9779886934937314,0.9910616,0.9845251606792845,0.2164,0.7681251606792845,High Potential
21.4,79.26,0.9862200317484372,0.99261016,0.9894150941422697,0.2942,0.6952150941422697,High Potential
21.4,79.275,0.08253898555341548,0.030308798,0.05642389175446424,0.1738,-0.11737610824553577,Low Potential
21.4,79.29,0.6125422845072698,0.8489792,0.7307607297990297,0.4129,0.31786072979902974,High Potential
21.4,79.305,0.18646967518205904,0.34538028,0.26592497581181657,0.2071,0.05882497581181656,Low Potential
21.4,79.32,0.2164154543172984,0.24742307,0.23191926100312016,0.2357,-0.0037807389968798344,Low Potential
21.4,79.335,0.40600653826431116,0.90461314,0.6553098377547447,0.2357,0.4196098377547447,High Potential
21.4,79.35,0.21345549980074813,0.21256672,0.21301110912993873,0.2662,-0.05318889087006126,Low Potential
21.4,79.365,0.18264088926432215,0.06528978,0.12396533488093656,0.6853,-0.5613346651190635,Low Potential
21.4,79.38,0.1813075559309888,0.051218815,0.11626318553943277,0.6731,-0.5568368144605673,Low Potential
21.4,79.395,0.15644774749565518,0.06285604,0.10965189419532019,0.686,-0.5763481058046799,Low Potential
21.4,79.41,0.07571450628871883,0.020844938,0.04827972226110679,0.3591,-0.3108202777388932,Low Potential
21.4,79.425,0.13079110807493163,0.037040953,0.08391603033400989,0.204,-0.1200839696659901,Low Potential
21.4,79.44,0.024892907092907094,0.001826248,0.013359577554092091,0.5967,-0.5833404224459079,Low Potential
21.4,79.455,0.02226818181818182,0.0012310821,0.01174963197559965,0.2274,-0.21565036802440035,Low Potential
21.4,79.47,0.022089610389610388,0.0043146308,0.013202120573813845,0.4853,-0.47209787942618614,Low Potential
21.4,79.485,0.010418181818181818,0.0011622355,0.005790208663427355,0.4167,-0.4109097913365727,Low Potential
21.4,79.5,0.013486184403831465,0.0015164843,0.0075013343550126765,0.3779,-0.37039866564498736,Low Potential
21.4,79.515,0.01260865800865801,0.0015360358,0.007072346901245722,0.2993,-0.2922276530987543,Low Potential
21.4,79.53,0.05473484848484849,0.0041082706,0.029421559557544465,0.1593,-0.12987844044245553,Low Potential
21.4,79.545,0.002,0.0011085438,0.001554271915461868,0.1367,-0.13514572808453812,Low Potential
21.4,79.56,0.00775,0.0014524361,0.004601218044292182,0.2103,-0.20569878195570782,Low Potential
21.4,79.575,0.0073,0.0016558494,0.00447792469765991,0.2186,-0.21412207530234006,Low Potential
21.4,79.59,0.002,0.0009042124,0.001452106207376346,0.1948,-0.19334789379262365,Low Potential
21.4,79.605,0.001,0.001356115,0.0011780574913136661,0.1316,-0.13042194250868633,Low Potential
21.4,79.62,0.007190476190476191,0.0011988642,0.004194670191589034,0.1481,-0.14390532980841098,Low Potential
21.4,79.635,0.00907282913165266,0.0011494193,0.005111124238772813,0.425,-0.4198888757612272,Low Potential
21.4,79.65,0.036411645870469404,0.05643821,0.04642492861105124,0.1792,-0.13277507138894876,Low Potential
21.4,79.665,0.04345555555555555,0.0145407785,0.028998167014287576,0.4552,-0.4262018329857124,Low Potential
21.4,79.68,0.007857142857142858,0.0015360358,0.004696589325488146,0.3001,-0.2954034106745118,Low Potential
21.4,79.695,0.011833333333333335,0.0068762284,0.009354780855278175,0.1807,-0.17134521914472184,Low Potential
21.4,79.71,0.06231280786636824,0.0014555978,0.03188420283933905,0.4786,-0.44671579716066095,Low Potential
21.4,79.725,0.024473724272317622,0.0066245054,0.015549114830899703,0.2085,-0.19295088516910028,Low Potential
21.4,79.74,0.09507049812932167,0.006503943,0.05078722050877588,0.2118,-0.1610127794912241,Low Potential
21.4,79.755,0.09041710952343583,0.025576163,0.057996636303375364,0.1579,-0.09990336369662464,Low Potential
21.4,79.77,0.009691876750700282,0.0076343054,0.008663091072943115,0.1344,-0.12573690892705688,Low Potential
21.4,79.785,0.0647333478197885,0.00685365,0.03579349883908691,0.3554,-0.3196065011609131,Low Potential
21.4,79.8,0.07370000000000002,0.013039267,0.04336963334530593,0.2726,-0.2292303666546941,Low Potential
21.4,79.815,0.011165079365079364,0.0015916382,0.0063783587806695505,0.3245,-0.31812164121933045,Low Potential
21.4,79.83,0.29386251475301145,0.46460196,0.37923223925574,0.2391,0.14013223925574,Low Potential
21.4,79.845,0.04911641660285728,0.0038903225,0.026503369562093104,0.4,-0.37349663043790693,Low Potential
21.4,79.86,0.12851816886770231,0.011050925,0.06978454676323882,0.4962,-0.42641545323676117,Low Potential
21.4,79.875,0.0144,0.0007908621,0.007595431037759408,0.14,-0.1324045689622406,Low Potential
21.4,79.89,0.027017174480457266,0.001066288,0.014041731229970435,0.5255,-0.5114582687700295,Low Potential
21.4,79.905,0.009238095238095238,0.00035495457,0.0047965249017524044,0.5963,-0.5915034750982476,Low Potential
21.4,79.92,0.003857142857142857,0.00039968148,0.0021284121673587446,0.4289,-0.42677158783264124,Low Potential
21.4,79.935,0.03791666666666666,0.0006338955,0.01927528109013413,0.2651,-0.24582471890986587,Low Potential
21.4,79.95,0.0026666666666666666,0.0005831695,0.001624918091421326,0.4664,-0.46477508190857864,Low Potential
21.4,79.965,0.006933333333333334,0.0006065976,0.003769965454579021,0.1673,-0.16353003454542098,Low Potential
21.4,79.98,0.02514774114774115,0.00064268766,0.012895214406054204,0.2481,-0.23520478559394578,Low Potential
21.4,79.995,0.01352777777777778,0.00041862685,0.006973202313309433,0.2095,-0.20252679768669055,Low Potential
21.4,80.01,0.004431372549019608,0.00036566495,0.0023985187493301197,0.5155,-0.5131014812506698,Low Potential
21.4,80.025,0.001,0.00074354734,0.0008717736690305174,0.2883,-0.2874282263309695,Low Potential
21.4,80.04,0.014166666666666666,0.0014788356,0.007822751128890863,0.1696,-0.16177724887110914,Low Potential
21.4,80.055,0.08571625656375934,0.0020935147,0.04390488561206633,0.1677,-0.12379511438793366,Low Potential
21.4,80.07,0.07842783269143719,0.025832808,0.052130320168319436,0.2973,-0.2451696798316806,Low Potential
21.4,80.085,0.05629752966113414,0.01884074,0.03756913458231849,0.2328,-0.19523086541768153,Low Potential
21.4,80.1,0.11673767540509024,0.010684147,0.0637109109754588,0.3381,-0.2743890890245412,Low Potential
21.4,80.115,0.0792628917693933,0.01785246,0.04855767543613117,0.4752,-0.42664232456386886,Low Potential
21.4,80.13,0.18395984563252363,0.033653855,0.10880685047815757,0.4477,-0.3388931495218424,Low Potential
21.4,80.145,0.10912742453624805,0.015807541,0.062467482811758915,0.4659,-0.4034325171882411,Low Potential
21.4,80.16,0.032154545454545456,0.0016245975,0.016889571461945096,0.1703,-0.15341042853805492,Low Potential
21.4,80.175,0.01455,0.00034612571,0.007448062857356854,0.2596,-0.25215193714264317,Low Potential
21.4,80.19,0.0081,0.0002457956,0.004172897807159461,0.5616,-0.5574271021928405,Low Potential
21.4,80.205,0.012312820512820512,0.00029566127,0.006304240893116459,0.2658,-0.2594957591068835,Low Potential
21.4,80.22,0.009166666666666668,0.0003861834,0.004776425039356886,0.1382,-0.1334235749606431,Low Potential
21.4,80.235,0.0044666666666666665,0.0004052051,0.002435935880111841,0.1347,-0.13226406411988814,Low Potential
21.4,80.25,0.04441539961013645,0.0012405242,0.022827961920330674,0.118,-0.09517203807966931,Low Potential
21.4,80.265,0.05660643397709961,0.0010158549,0.028811144430053656,0.5038,-0.47498885556994636,Low Potential
21.4,80.28,0.007628070175438597,0.00036566495,0.003996867562539614,0.4324,-0.42840313243746037,Low Potential
21.4,80.295,0.0345,0.0011726018,0.01783630091371015,0.1249,-0.10706369908628985,Low Potential
21.4,80.31,0.031165978672170625,0.0011998907,0.016182934707590184,0.4204,-0.4042170652924098,Low Potential
21.4,80.325,0.0038666666666666667,0.00044976687,0.0021582167686273654,0.4831,-0.4809417832313726,Low Potential
21.4,80.34,0.0999418406756642,0.0010333792,0.05048760995315624,0.2818,-0.23131239004684376,Low Potential
21.4,80.355,0.10088304583184154,0.0019192976,0.05140117172485084,0.3908,-0.3393988282751491,Low Potential
21.4,80.37,0.024050247997616417,0.00096921064,0.012509729318606201,0.1778,-0.16529027068139382,Low Potential
21.4,80.385,0.04886190476190476,0.0047693,0.02681560243627145,0.1827,-0.15588439756372854,Low Potential
21.4,80.4,0.024203639679191466,0.00047147382,0.012337556748103266,0.4039,-0.3915624432518967,Low Potential
21.4,80.415,0.08387234555090592,0.00054177194,0.04220705874380097,0.2767,-0.23449294125619902,Low Potential
21.4,80.43,0.003933333333333333,0.00022934921,0.002081341273842069,0.2829,-0.2808186587261579,Low Potential
21.4,80.445,0.009566666666666666,0.00076307193,0.0051648693002139525,0.1407,-0.13553513069978604,Low Potential
21.4,80.46,0.01316140350877193,0.000822821,0.006992112250257643,0.2016,-0.19460788774974236,Low Potential
21.4,80.475,0.01419047619047619,0.0005157106,0.007353093405575713,0.1511,-0.1437469065944243,Low Potential
21.4,80.49,0.015094736842105263,0.0004945099,0.007794623359638315,0.3193,-0.31150537664036165,Low Potential
21.415,79.2,0.08554553854245577,0.0025744715,0.044060005033220516,0.1483,-0.10423999496677946,Low Potential
21.415,79.215,0.12482214370596721,0.025482472,0.0751523078691379,0.2056,-0.1304476921308621,Low Potential
21.415,79.23,0.1392235692530449,0.006381013,0.07280229110901931,0.2168,-0.14399770889098068,Low Potential
21.415,79.245,0.18602048347872144,0.060259532,0.12314000783106509,0.2323,-0.10915999216893492,Low Potential
21.415,79.26,0.3722521844907972,0.086750865,0.2295015247367011,0.5856,-0.3560984752632989,Low Potential
21.415,79.275,0.3824054488597058,0.42790374,0.4051545952289175,0.4487,-0.043545404771082485,Low Potential
21.415,79.29,0.4669583337546826,0.93407714,0.7005177387119055,0.2909,0.4096177387119055,High Potential
21.415,79.305,0.1711093011709279,0.09918416,0.13514673204284045,0.3562,-0.22105326795715957,Low Potential
21.415,79.32,0.5858657265061975,0.9678295,0.7768476259884656,0.2342,0.5426476259884656,High Potential
21.415,79.335,0.5596509972248395,0.95651776,0.7580843766050498,0.4429,0.3151843766050498,High Potential
21.415,79.35,0.15549390134180902,0.06528978,0.11039184091967999,0.641,-0.53060815908032,Low Potential
21.415,79.365,0.153493901341809,0.06528978,0.10939184091967999,0.6621,-0.55270815908032,Low Potential
21.415,79.38,0.15429390134180904,0.06285604,0.10857497111839712,0.6816,-0.5730250288816029,Low Potential
21.415,79.395,0.2867761457358542,0.13792709,0.21235161544853165,0.191,0.021351615448531647,Low Potential
21.415,79.41,0.04938317624404581,0.0076551563,0.02851916627734677,0.2717,-0.24318083372265323,Low Potential
21.415,79.425,0.007666666666666667,0.0058580553,0.0067623609912892185,0.2133,-0.20653763900871078,Low Potential
21.415,79.44,0.007166666666666666,0.0034542703,0.005310468486820657,0.1974,-0.19208953151317934,Low Potential
21.415,79.455,0.029087820512820516,0.00837915,0.01873348534741463,0.4384,-0.41966651465258537,Low Potential
21.415,79.47,0.0282257448433919,0.0035201085,0.01587292668498224,0.2534,-0.23752707331501777,Low Potential
21.415,79.485,0.0013333333333333333,0.0031430123,0.0022381728120769062,0.1912,-0.1889618271879231,Low Potential
21.415,79.5,0.027587912087912086,0.0049721436,0.01628002782614267,0.2,-0.18371997217385733,Low Potential
21.415,79.515,0.0055,0.004425434,0.004962716965004802,0.2066,-0.2016372830349952,Low Potential
21.415,79.53,0.12995098924982826,0.0043676025,0.06715929588662227,0.1706,-0.10344070411337773,Low Potential
21.415,79.545,0.01696470588235294,0.0014943733,0.009229539596820798,0.2746,-0.2653704604031792,Low Potential
21.415,79.56,0.014,0.0023920075,0.008196003751829266,0.3692,-0.3610039962481707,Low Potential
21.415,79.575,0.006276190476190476,0.0015587624,0.003917476434575483,0.2736,-0.26968252356542455,Low Potential
21.415,79.59,0.04170839911722265,0.0009182373,0.0213133182175209,0.1992,-0.1778866817824791,Low Potential
21.415,79.605,0.10057595154243762,0.0022819769,0.05142896420308975,0.1822,-0.13077103579691024,Low Potential
21.415,79.62,0.0008,0.0010955308,0.0009477654049172997,0.3341,-0.3331522345950827,Low Potential
21.415,79.635,0.0085,0.0009838078,0.004741903920192272,0.1483,-0.1435580960798077,Low Potential
21.415,79.65,0.009777793040293041,0.0022854144,0.006031603707828911,0.3856,-0.3795683962921711,Low Potential
21.415,79.665,0.014855555555555556,0.0043124086,0.009583982088954912,0.4448,-0.4352160179110451,Low Potential
21.415,79.68,0.03490687830687831,0.0018332169,0.0183700475880753,0.1522,-0.1338299524119247,Low Potential
21.415,79.695,0.01742687969924812,0.0011217212,0.009274300464847706,0.3645,-0.35522569953515226,Low Potential
21.415,79.71,0.01776712228904684,0.0020074265,0.009887274375125862,0.4526,-0.4427127256248741,Low Potential
21.415,79.725,0.05266190476190476,0.008382284,0.03052209442218854,0.2883,-0.25777790557781144,Low Potential
21.415,79.74,0.025133333333333337,0.0028004835,0.013966908411371213,0.1737,-0.15973309158862878,Low Potential
21.415,79.755,0.033413203463203464,0.0010750967,0.017244150062214213,0.1527,-0.13545584993778578,Low Potential
21.415,79.77,0.09901347470267911,0.0054012206,0.05220734767049203,0.4199,-0.367692652329508,Low Potential
21.415,79.785,0.00788235294117647,0.00065549515,0.00426892404769109,0.1457,-0.14143107595230892,Low Potential
21.415,79.8,0.015300000000000001,0.00181471,0.00855735498815775,0.607,-0.5984426450118422,Low Potential
21.415,79.815,0.05505001746056512,0.004193503,0.029621760202263966,0.3401,-0.31047823979773603,Low Potential
21.415,79.83,0.0693923076923077,0.0027855278,0.03608891776907616,0.1612,-0.12511108223092385,Low Potential
21.415,79.845,0.024513043478260867,0.00572357,0.015118306743045862,0.235,-0.2198816932569541,Low Potential
21.415,79.86,0.07558590717458642,0.0016978597,0.03864188345071632,0.1851,-0.14645811654928367,Low Potential
21.415,79.875,0.026786630036630038,0.004766234,0.015776432116676273,0.2118,-0.1960235678833237,Low Potential
21.415,79.89,0.14542222082700565,0.032407604,0.08891491249246515,0.4675,-0.3785850875075349,Low Potential
21.415,79.905,0.043983492621290546,0.0040877163,0.02403560448115461,0.5661,-0.5420643955188454,Low Potential
21.415,79.92,0.06557020757020755,0.02250408,0.04403714382857702,0.4582,-0.41416285617142296,Low Potential
21.415,79.935,0.03402477718360071,0.0005107309,0.01726775404033857,0.4038,-0.3865322459596614,Low Potential
21.415,79.95,0.002,0.00030420814,0.0011521040685474873,0.3808,-0.37964789593145254,Low Potential
21.415,79.965,0.14606934238129593,0.009057947,0.07756364490789044,0.4823,-0.4047363550921096,Low Potential
21.415,79.98,0.028879283994299478,0.00046825796,0.014673770977232199,0.4917,-0.4770262290227678,Low Potential
21.415,79.995,0.0,0.00021698551,0.00010849275713553652,0.186,-0.18589150724286446,Low Potential
21.415,80.01,0.002,0.00039734092,0.0011986704592127353,0.2613,-0.26010132954078724,Low Potential
21.415,80.025,0.01573548387096774,0.0006356618,0.00818557284801988,0.2758,-0.2676144271519801,Low Potential
21.415,80.04,0.03831538461538462,0.00055891316,0.019437148888448542,0.1662,-0.14676285111155143,Low Potential
21.415,80.055,0.0677873698583376,0.000328361,0.034057865428437493,0.1598,-0.1257421345715625,Low Potential
21.415,80.07,0.0031666666666666666,0.0008629773,0.0020148219797605027,0.2886,-0.28658517802023953,Low Potential
21.415,80.085,0.048422230271779075,0.0041071726,0.026264701436352022,0.1387,-0.11243529856364796,Low Potential
21.415,80.1,0.00467741935483871,0.00035908734,0.002518253346638484,0.1854,-0.18288174665336152,Low Potential
21.415,80.115,0.034455677655677655,0.0006742017,0.017564939677558546,0.1496,-0.13203506032244147,Low Potential
21.415,80.13,0.10049168813642496,0.0058140475,0.053152867833359214,0.241,-0.18784713216664078,Low Potential
21.415,80.145,0.09045254985289308,0.014432041,0.05244229541369544,0.159,-0.10655770458630456,Low Potential
21.415,80.16,0.013166666666666667,0.0010734044,0.007120035557386776,0.3503,-0.34317996444261323,Low Potential
21.415,80.175,0.04616282051282051,0.0047078407,0.025435330624887956,0.2259,-0.20046466937511204,Low Potential
21.415,80.19,0.032933333333333335,0.00024809805,0.01659071569039176,0.3206,-0.3040092843096082,Low Potential
21.415,80.205,0.031096931053123007,0.00034134678,0.015719138915782114,0.6501,-0.6343808610842179,Low Potential
21.415,80.22,0.008022222222222222,0.00030071582,0.0041614690225907705,0.4366,-0.4324385309774092,Low Potential
21.415,80.235,0.10749760993736224,0.0007984313,0.05414802061034546,0.2705,-0.21635197938965456,Low Potential
21.415,80.25,0.01876169590643275,0.0003551006,0.009558398257431776,0.3894,-0.37984160174256826,Low Potential
21.415,80.265,0.0056,0.00025045575,0.0029252278743777424,0.5072,-0.5042747721256222,Low Potential
21.415,80.28,0.013723809523809525,0.00024512302,0.006984466274303296,0.3992,-0.39221553372569673,Low Potential
21.415,80.295,0.017723809523809524,0.00041576495,0.009069787238293239,0.2934,-0.2843302127617068,Low Potential
21.415,80.31,0.0,0.00023550153,0.00011775076563935727,0.4641,-0.46398224923436066,Low Potential
21.415,80.325,0.11581026918882956,0.0017409332,0.05877560117596055,0.3025,-0.24372439882403946,Low Potential
21.415,80.34,0.004333333333333333,0.0004084689,0.002370901123426544,0.135,-0.13262909887657345,Low Potential
21.415,80.355,0.03543361246740411,0.00074970996,0.01809166121257452,0.3125,-0.2944083387874255,Low Potential
21.415,80.37,0.057647532206355726,0.00072650245,0.029187017326639565,0.2864,-0.2572129826733604,Low Potential
21.415,80.385,0.0039,0.00092361035,0.0024118051752913742,0.2532,-0.2507881948247086,Low Potential
21.415,80.4,0.02583324649207002,0.0008611029,0.013347174690913812,0.1745,-0.16115282530908617,Low Potential
21.415,80.415,0.02815187969924812,0.000511885,0.014331882339808739,0.1479,-0.13356811766019128,Low Potential
21.415,80.43,0.020916666666666667,0.0003940077,0.010655337176246879,0.2227,-0.21204466282375312,Low Potential
21.415,80.445,0.018325689223057644,0.0004611278,0.009393408517899484,0.5125,-0.5031065914821005,Low Potential
21.415,80.46,0.0085,0.00021963377,0.004359816886833869,0.2913,-0.28694018311316616,Low Potential
21.415,80.475,0.019028070175438595,0.00065972307,0.009843896621547377,0.2728,-0.2629561033784526,Low Potential
21.415,80.49,0.035675005521466505,0.0008690394,0.01827202245468717,0.256,-0.23772797754531283,Low Potential
21.43,79.2,0.061114141414141405,0.0022816206,0.03169788102349924,0.1335,-0.10180211897650077,Low Potential
21.43,79.215,0.03913739883305101,0.0027466398,0.020942019303150317,0.5594,-0.5384579806968497,Low Potential
21.43,79.23,0.2393172080223723,0.15209997,0.1957085875126205,0.2716,-0.07589141248737952,Low Potential
21.43,79.245,0.19424935752966346,0.024859205,0.10955428120900364,0.1908,-0.08124571879099636,Low Potential
21.43,79.26,0.31622054549076356,0.6241414,0.47018097029138706,0.4555,0.014680970291387041,Moderate Potential
21.43,79.275,0.14346671702947442,0.11335015,0.1284084349994174,0.3916,-0.2631915650005826,Low Potential
21.43,79.29,0.37075830261107556,0.8012664,0.5860123374074513,0.4549,0.13111233740745126,Moderate Potential
21.43,79.305,0.09252671032643074,0.028333886,0.060430297960816594,0.1427,-0.0822697020391834,Low Potential
21.43,79.32,0.4268477450139768,0.11648908,0.2716684137944106,0.2918,-0.020131586205589413,Low Potential
21.43,79.335,0.09900871669610056,0.05692847,0.07796859371344106,0.3392,-0.26123140628655894,Low Potential
21.43,79.35,0.056900911286780854,0.0152969565,0.03609893390551687,0.1564,-0.12030106609448314,Low Potential
21.43,79.365,0.10239656577512611,0.04649371,0.07444513743124898,0.4237,-0.34925486256875105,Low Potential
21.43,79.38,0.11353619958370237,0.0069077886,0.06022199407733633,0.1593,-0.09907800592266366,Low Potential
21.43,79.395,0.07942294372294373,0.043936484,0.06167971364246819,0.1526,-0.09092028635753183,Low Potential
21.43,79.41,0.024064935064935067,0.009223247,0.016644091005932976,0.2952,-0.278555908994067,Low Potential
21.43,79.425,0.07664407668355036,0.0073911278,0.04201760222063923,0.4682,-0.4261823977793608,Low Potential
21.43,79.44,0.08480746753246753,0.0060001393,0.04540380340867325,0.2795,-0.23409619659132677,Low Potential
21.43,79.455,0.0795021903319816,0.008551605,0.04402689768888852,0.2008,-0.1567731023111115,Low Potential
21.43,79.47,0.024366666666666672,0.0062150955,0.015290881093343102,0.1715,-0.15620911890665692,Low Potential
21.43,79.485,0.03323333333333333,0.0076206005,0.02042696692558626,0.1762,-0.15577303307441373,Low Potential
21.43,79.5,0.021240581232492995,0.005538024,0.013389302620383537,0.1798,-0.16641069737961645,Low Potential
21.43,79.515,0.009166666666666667,0.0022781596,0.005722413136002918,0.178,-0.17227758686399708,Low Potential
21.43,79.53,0.005833333333333333,0.0012940469,0.0035636901032800473,0.1372,-0.13363630989671993,Low Potential
21.43,79.545,0.08495318594267444,0.034316465,0.05963482560063638,0.6853,-0.6256651743993636,Low Potential
21.43,79.56,0.0025,0.0011527626,0.0018263812805525959,0.1789,-0.1770736187194474,Low Potential
21.43,79.575,0.024523809523809524,0.0022743703,0.013399089905211613,0.2866,-0.2732009100947884,Low Potential
21.43,79.59,0.08205448195595255,0.027629247,0.05484186444560046,0.1709,-0.11605813555439953,Low Potential
21.43,79.605,0.010853968253968255,0.0013381985,0.00609608340107555,0.2047,-0.19860391659892446,Low Potential
21.43,79.62,0.05576522480787187,0.002569433,0.029167328938364233,0.2571,-0.22793267106163576,Low Potential
21.43,79.635,0.01575185185185185,0.00420135,0.009976600827083543,0.3944,-0.38442339917291646,Low Potential
21.43,79.65,0.05487830687830687,0.010478872,0.03267858937640906,0.1476,-0.11492141062359096,Low Potential
21.43,79.665,0.0070999999999999995,0.004046594,0.0055732968963682645,0.1477,-0.14212670310363174,Low Potential
21.43,79.68,0.0645817167352771,0.0033312296,0.0339564731458145,0.3181,-0.2841435268541855,Low Potential
21.43,79.695,0.12328176158207117,0.004500821,0.06389129140743344,0.2972,-0.23330870859256658,Low Potential
21.43,79.71,0.03950839911722265,0.001566337,0.020537368036548903,0.3026,-0.28206263196345105,Low Potential
21.43,79.725,0.04019047619047618,0.0020752954,0.021132885810076475,0.1309,-0.10976711418992352,Low Potential
21.43,79.74,0.0953411622276029,0.007488526,0.05141484408292279,0.3582,-0.3067851559170772,Low Potential
21.43,79.755,0.08966094590263389,0.0029981434,0.04632954466857921,0.2087,-0.16237045533142078,Low Potential
21.43,79.77,0.15181298823915504,0.017468236,0.0846406123129655,0.4344,-0.3497593876870345,Low Potential
21.43,79.785,0.07435815344683269,0.005734948,0.040046550711278814,0.2247,-0.18465344928872118,Low Potential
21.43,79.8,0.03401087260991353,0.0013921891,0.01770153083698833,0.4534,-0.4356984691630117,Low Potential
21.43,79.815,0.06551772092854469,0.016142918,0.04083031936275705,0.4968,-0.45596968063724297,Low Potential
21.43,79.83,0.1379559827012469,0.041873354,0.08991466858300813,0.3612,-0.2712853314169919,Low Potential
21.43,79.845,0.02784269497272593,0.0012042371,0.014523466040888042,0.3145,-0.29997653395911195,Low Potential
21.43,79.86,0.07788719397363465,0.004894836,0.04139101492403647,0.2158,-0.17440898507596353,Low Potential
21.43,79.875,0.15871156673349118,0.12177668,0.1402441222007929,0.2268,-0.08655587779920709,Low Potential
21.43,79.89,0.0097,0.0024303314,0.00606516571380198,0.1946,-0.18853483428619802,Low Potential
21.43,79.905,0.08667233909567017,0.019198831,0.05293558513323376,0.5917,-0.5387644148667663,Low Potential
21.43,79.92,0.01292222222222222,0.006318528,0.009620375213689273,0.3755,-0.36587962478631075,Low Potential
21.43,79.935,0.0006666666666666666,0.0011260794,0.000896373010550936,0.5841,-0.583203626989449,Low Potential
21.43,79.95,0.011753296703296704,0.0055426448,0.008647970734262368,0.2006,-0.19195202926573762,Low Potential
21.43,79.965,0.025315162907268172,0.00050563103,0.012910396970066833,0.3744,-0.36148960302993316,Low Potential
21.43,79.98,0.005857142857142858,0.00036423586,0.003110689360698286,0.2705,-0.2673893106393017,Low Potential
21.43,79.995,0.007866666666666668,0.00032509564,0.0040958811513691525,0.3076,-0.3035041188486308,Low Potential
21.43,80.01,0.011242232277526396,0.000719759,0.005980995625258827,0.2429,-0.23691900437474117,Low Potential
21.43,80.025,0.009666666666666667,0.00022475257,0.004945709618293525,0.1422,-0.13725429038170647,Low Potential
21.43,80.04,0.011631601731601732,0.00079852826,0.006215064994446748,0.2151,-0.20888493500555327,Low Potential
21.43,80.055,0.025092305037957213,0.0026282854,0.013860295237889777,0.3171,-0.3032397047621102,Low Potential
21.43,80.07,0.05555070340791403,0.016151553,0.03585112821389764,0.2629,-0.2270488717861024,Low Potential
21.43,80.085,0.04163258352055054,0.012713374,0.02717297857962003,0.3164,-0.28922702142038,Low Potential
21.43,80.1,0.04493141499023851,0.028414859,0.03667313674768416,0.2856,-0.24892686325231586,Low Potential
21.43,80.115,0.016449499126918482,0.0005776412,0.008513570156145775,0.2305,-0.22198642984385425,Low Potential
21.43,80.13,0.016719086021505375,0.0007953418,0.008757213908407877,0.212,-0.20324278609159213,Low Potential
21.43,80.145,0.06779350649350649,0.0030021444,0.03539782544490579,0.18,-0.14460217455509422,Low Potential
21.43,80.16,0.08150083069104806,0.0024132829,0.04195705678021588,0.1569,-0.11494294321978413,Low Potential
21.43,80.175,0.053402092352092353,0.0022027956,0.02780244396885489,0.2187,-0.1908975560311451,Low Potential
21.43,80.19,0.0824382339620117,0.0016189751,0.042028604518486744,0.6275,-0.5854713954815132,Low Potential
21.43,80.205,0.021566666666666668,0.0004964605,0.011031563570381453,0.4106,-0.3995684364296186,Low Potential
21.43,80.22,0.009933333333333334,0.00023387947,0.005083606403138644,0.3335,-0.32841639359686137,Low Potential
21.43,80.235,0.0903762999298603,0.0022932987,0.04633479932465556,0.2817,-0.23536520067534444,Low Potential
21.43,80.25,0.09550360240315094,0.0041955546,0.04984957852537281,0.601,-0.5511504214746271,Low Potential
21.43,80.265,0.009666666666666667,0.00020363308,0.004935149875488909,0.4626,-0.4576648501245111,Low Potential
21.43,80.28,0.00688888888888889,0.00053675147,0.0037128201783117325,0.2346,-0.23088717982168827,Low Potential
21.43,80.295,0.00848888888888889,0.00060937897,0.004549133929791343,0.354,-0.34945086607020864,Low Potential
21.43,80.31,0.0032222222222222222,0.00057214237,0.0018971822940382279,0.2844,-0.28250281770596175,Low Potential
21.43,80.325,0.04437506578388931,0.00036526273,0.022370164259296516,0.2231,-0.20072983574070347,Low Potential
21.43,80.34,0.1489036844641252,0.015066152,0.08198491845132329,0.5426,-0.4606150815486767,Low Potential
21.43,80.355,0.0018888888888888887,0.00053675147,0.001212820178311732,0.3376,-0.33638717982168825,Low Potential
21.43,80.37,0.0016,0.00030905294,0.0009545264676678926,0.2431,-0.24214547353233212,Low Potential
21.43,80.385,0.014155555555555555,0.0015964205,0.00787598804661797,0.3944,-0.386524011953382,Low Potential
21.43,80.4,0.04726400367996356,0.00041435938,0.0238391815316243,0.4753,-0.4514608184683757,Low Potential
21.43,80.415,0.006900000000000001,0.0011653457,0.004032672830205411,0.1331,-0.12906732716979458,Low Potential
21.43,80.43,0.012573099415204679,0.0005483439,0.006560721643928068,0.4109,-0.4043392783560719,Low Potential
21.43,80.445,0.004366666666666666,0.00042256023,0.00239461344909699,0.1602,-0.157805386550903,Low Potential
21.43,80.46,0.013533625730994153,0.0010325414,0.007283083560285622,0.3957,-0.3884169164397144,Low Potential
21.43,80.475,0.011,0.0004928847,0.005746442359639331,0.1674,-0.16165355764036066,Low Potential
21.43,80.49,0.012699999999999998,0.00061395974,0.006656979869492351,0.2201,-0.21344302013050764,Low Potential
21.445,79.2,0.08152411702504582,0.0030518104,0.04228796372863564,0.3471,-0.3048120362713644,Low Potential
21.445,79.215,0.043331868131868144,0.00985461,0.026593239104952465,0.1924,-0.16580676089504753,Low Potential
21.445,79.23,0.04102156925200404,0.002031801,0.021526685143815883,0.6203,-0.5987733148561841,Low Potential
21.445,79.245,0.15858365820390652,0.024535906,0.09155978188684916,0.5766,-0.48504021811315085,Low Potential
21.445,79.26,0.36935097746288353,0.75221306,0.5607820191593745,0.4415,0.11928201915937453,Moderate Potential
21.445,79.275,0.3259412817088985,0.681812,0.5038766350313139,0.2823,0.22157663503131386,Moderate Potential
21.445,79.29,0.11548007288287604,0.044185124,0.07983259861027461,0.313,-0.2331674013897254,Low Potential
21.445,79.305,0.2373298373628734,0.31450373,0.27591678335314385,0.3213,-0.04538321664685613,Low Potential
21.445,79.32,0.2921797463488337,0.6576996,0.4749396656548856,0.5373,-0.0623603343451144,Moderate Potential
21.445,79.335,0.18084918960154164,0.06663191,0.12374055139333064,0.1708,-0.04705944860666937,Low Potential
21.445,79.35,0.23625035316458118,0.35265267,0.29445151105876155,0.4557,-0.16124848894123844,Low Potential
21.445,79.365,0.07717171717171717,0.0044666473,0.04081918222697997,0.2204,-0.17958081777302004,Low Potential
21.445,79.38,0.1499055694305694,0.017444717,0.08367514309852302,0.6637,-0.580024856901477,Low Potential
21.445,79.395,0.21657577298731387,0.03770495,0.12714036066159995,0.2861,-0.15895963933840007,Low Potential
21.445,79.41,0.2894288523511905,0.15337542,0.22140213467264266,0.3532,-0.13179786532735735,Low Potential
21.445,79.425,0.0156,0.004520619,0.010060309411212802,0.1531,-0.1430396905887872,Low Potential
21.445,79.44,0.030900000000000004,0.013484314,0.02219215704202652,0.1663,-0.1441078429579735,Low Potential
21.445,79.455,0.04841850953820263,0.012807582,0.030613045555963687,0.1527,-0.12208695444403632,Low Potential
21.445,79.47,0.054186460941637905,0.008577181,0.031381820983988715,0.2172,-0.18581817901601128,Low Potential
21.445,79.485,0.014951170145477546,0.0076167393,0.011283954699961192,0.2781,-0.26681604530003883,Low Potential
21.445,79.5,0.07615813183196224,0.11742841,0.09679326945249159,0.306,-0.2092067305475084,Low Potential
21.445,79.515,0.28465617362735174,0.02323692,0.15394654641090583,0.2134,-0.05945345358909418,Low Potential
21.445,79.53,0.1532302886943451,0.016234035,0.0847321616833623,0.3673,-0.28256783831663773,Low Potential
21.445,79.545,0.061043939393939387,0.034422766,0.04773335290560216,0.353,-0.3052666470943978,Low Potential
21.445,79.56,0.004833333333333334,0.0010316082,0.00293247076884533,0.1548,-0.15186752923115465,Low Potential
21.445,79.575,0.024818181818181816,0.0021756825,0.013496932137672873,0.2985,-0.2850030678623271,Low Potential
21.445,79.59,0.009866666666666668,0.00094211404,0.00540439035439243,0.482,-0.47659560964560754,Low Potential
21.445,79.605,0.005966666666666667,0.0008430158,0.0034048412285589925,0.1772,-0.173795158771441,Low Potential
21.445,79.62,0.0013333333333333333,0.0014506709,0.0013920021081964174,0.1802,-0.17880799789180357,Low Potential
21.445,79.635,0.006666666666666667,0.0009929943,0.0038298304782559476,0.1396,-0.13577016952174406,Low Potential
21.445,79.65,0.03864986320868674,0.0022818064,0.02046583482019873,0.1591,-0.13863416517980126,Low Potential
21.445,79.665,0.045874416433239966,0.002345761,0.02411008874232073,0.3141,-0.28998991125767926,Low Potential
21.445,79.68,0.0,0.0008273519,0.00041367593803443015,0.1394,-0.13898632406196557,Low Potential
21.445,79.695,0.0026666666666666666,0.0016669227,0.002166794685491671,0.1861,-0.18393320531450832,Low Potential
21.445,79.71,0.05773818181818182,0.0024703026,0.03010424222326753,0.4349,-0.4047957577767325,Low Potential
21.445,79.725,0.027257142857142858,0.012124247,0.01969069488740393,0.1383,-0.11860930511259607,Low Potential
21.445,79.74,0.07849829368344073,0.0035774882,0.041037890962578975,0.3721,-0.331062109037421,Low Potential
21.445,79.755,0.004666666666666667,0.001050604,0.0028586353541662298,0.156,-0.15314136464583378,Low Potential
21.445,79.77,0.009355797101449277,0.0011668908,0.005261343971213354,0.3075,-0.30223865602878663,Low Potential
21.445,79.785,0.08444039150813344,0.0045460146,0.044493203050092474,0.1527,-0.10820679694990754,Low Potential
21.445,79.8,0.10793663003663004,0.03569584,0.07181623485495538,0.1297,-0.05788376514504463,Low Potential
21.445,79.815,0.04381283087764724,0.0010084142,0.022410622537680187,0.4992,-0.4767893774623198,Low Potential
21.445,79.83,0.10566940700808625,0.037168503,0.07141895490785172,0.1496,-0.0781810450921483,Low Potential
21.445,79.845,0.014016666666666667,0.0026095058,0.008313086225216587,0.1876,-0.1792869137747834,Low Potential
21.445,79.86,0.02898663003663004,0.008693084,0.018839857078690233,0.2369,-0.21806014292130976,Low Potential
21.445,79.875,0.03864274766203686,0.0062989094,0.022470828545748812,0.5341,-0.5116291714542512,Low Potential
21.445,79.89,0.008399999999999998,0.006085166,0.0072425828881561745,0.316,-0.30875741711184385,Low Potential
21.445,79.905,0.04498349262129055,0.0049294783,0.024956485450768402,0.5734,-0.5484435145492316,Low Potential
21.445,79.92,0.026788888888888886,0.015227463,0.021008175992634562,0.4081,-0.38709182400736547,Low Potential
21.445,79.935,0.04015555555555555,0.011481536,0.025818545588271482,0.4366,-0.41078145441172853,Low Potential
21.445,79.95,0.04975925925925926,0.0081596365,0.02895944788955428,0.1641,-0.1351405521104457,Low Potential
21.445,79.965,0.0013333333333333333,0.0009929943,0.0011631638115892806,0.1371,-0.1359368361884107,Low Potential
21.445,79.98,0.05634728800611153,0.0011812588,0.02876427341305442,0.4331,-0.40433572658694555,Low Potential
21.445,79.995,0.01958235294117647,0.0003667472,0.009974550072928233,0.56,-0.5500254499270718,Low Potential
21.445,80.01,0.04737830687830688,0.00090469245,0.024141499665819563,0.1362,-0.11205850033418042,Low Potential
21.445,80.025,0.015566581415174766,0.0011980537,0.008382317562203041,0.5151,-0.5067176824377969,Low Potential
21.445,80.04,0.0025,0.0025924437,0.0025462218606844547,0.3153,-0.3127537781393156,Low Potential
21.445,80.055,0.027826984126984127,0.0021092119,0.014968097998260979,0.534,-0.5190319020017391,Low Potential
21.445,80.07,0.3694831226727364,0.33996204,0.3547225790451466,0.2753,0.0794225790451466,Low Potential
21.445,80.085,0.14074303372103877,0.017228514,0.07898577383855436,0.458,-0.37901422616144564,Low Potential
21.445,80.1,0.01,0.0038161902,0.006908095087856054,0.2502,-0.24329190491214392,Low Potential
21.445,80.115,0.24375433562220067,0.15755114,0.20065273760766253,0.5736,-0.37294726239233744,Low Potential
21.445,80.13,0.007333333333333333,0.0008321008,0.00408271706981274,0.1591,-0.15501728293018724,Low Potential
21.445,80.145,0.012453860640301318,0.0017365209,0.007095190773140148,0.4291,-0.42200480922685984,Low Potential
21.445,80.16,0.09699594499068183,0.011419819,0.05420788186364731,0.5493,-0.4950921181363527,Low Potential
21.445,80.175,0.017916666666666668,0.004959696,0.01143818131958445,0.4855,-0.4740618186804155,Low Potential
21.445,80.19,0.05881357742181542,0.0013609806,0.030087278991409255,0.2722,-0.24211272100859074,Low Potential
21.445,80.205,0.20527383716214986,0.004685971,0.10497990405837343,0.3756,-0.27062009594162656,Low Potential
21.445,80.22,0.0104,0.0010526247,0.005726312331203371,0.2453,-0.2395736876687966,Low Potential
21.445,80.235,0.002,0.0006481737,0.001324086839100346,0.1554,-0.15407591316089966,Low Potential
21.445,80.25,0.01167948717948718,0.0003236117,0.006001549434725744,0.4993,-0.49329845056527427,Low Potential
21.445,80.265,0.009,0.000900427,0.004950213497970253,0.1464,-0.14144978650202975,Low Potential
21.445,80.28,0.011988888888888891,0.002038956,0.0070139224050980485,0.3295,-0.32248607759490194,Low Potential
21.445,80.295,0.02675079365079365,0.0032559065,0.015003350082808543,0.3428,-0.32779664991719143,Low Potential
21.445,80.31,0.006666666666666667,0.001010016,0.0038383413113964103,0.3127,-0.30886165868860355,Low Potential
21.445,80.325,0.014033333333333332,0.0004096577,0.007221495510955961,0.152,-0.14477850448904403,Low Potential
21.445,80.34,0.01969047619047619,0.0004356918,0.010063083991497045,0.1825,-0.17243691600850294,Low Potential
21.445,80.355,0.010255555555555554,0.0005810227,0.0054182891283908645,0.357,-0.3515817108716091,Low Potential
21.445,80.37,0.001764705882352941,0.0005757454,0.001170225651208859,0.4417,-0.44052977434879115,Low Potential
21.445,80.385,0.005288888888888889,0.0014841888,0.003386538861081418,0.3845,-0.3811134611389186,Low Potential
21.445,80.4,0.016664935064935067,0.00043435133,0.008549643196614895,0.3228,-0.3142503568033851,Low Potential
21.445,80.415,0.007825536062378168,0.0003996114,0.00411257372896453,0.4458,-0.44168742627103547,Low Potential
21.445,80.43,0.05726400367996356,0.0003996114,0.028831807537757225,0.4684,-0.43956819246224277,Low Potential
21.445,80.445,0.001,0.00019533171,0.0005976658557192423,0.5403,-0.5397023341442808,Low Potential
21.445,80.46,0.014,0.00047874724,0.007239373621298,0.3111,-0.303860626378702,Low Potential
21.445,80.475,0.0,0.0005225963,0.0002612981479614973,0.2115,-0.2112387018520385,Low Potential
21.445,80.49,0.0264375,0.0016842249,0.014060862465761602,0.16,-0.1459391375342384,Low Potential
21.46,79.2,0.023833333333333335,0.0008139245,0.012323628903987508,0.1373,-0.12497637109601249,Low Potential
21.46,79.215,0.09256960539460536,0.006650134,0.04960986969217835,0.1692,-0.11959013030782165,Low Potential
21.46,79.23,0.4829244601030805,0.3805607,0.4317425781140555,0.2852,0.14654257811405547,Low Potential
21.46,79.245,0.0015,0.0015771112,0.0015385555969551206,0.2673,-0.2657614444030449,Low Potential
21.46,79.26,0.06857909249071922,0.012335949,0.0404575205683939,0.1697,-0.1292424794316061,Low Potential
21.46,79.275,0.22004036148729844,0.08220208,0.15112121919961236,0.3974,-0.24627878080038762,Low Potential
21.46,79.29,0.27908238919401596,0.18441941,0.23175089881730293,0.4956,-0.26384910118269705,Low Potential
21.46,79.305,0.10751093606763588,0.012353658,0.059932296906230385,0.1809,-0.12096770309376961,Low Potential
21.46,79.32,0.35167364162624287,0.6374632,0.4945684268197438,0.5548,-0.06023157318025618,Moderate Potential
21.46,79.335,0.10493810307377069,0.016125713,0.06053190780874833,0.4691,-0.4085680921912517,Low Potential
21.46,79.35,0.11711701791995545,0.008248946,0.06268298180904874,0.1578,-0.09511701819095125,Low Potential
21.46,79.365,0.2471545158113599,0.045509722,0.14633211894758344,0.4836,-0.33726788105241656,Low Potential
21.46,79.38,0.09335173345173343,0.029319132,0.0613354325993108,0.5869,-0.5255645674006891,Low Potential
21.46,79.395,0.08946493506493507,0.037304208,0.06338457137377232,0.1964,-0.13301542862622767,Low Potential
21.46,79.41,0.18875614801200005,0.11283771,0.15079692874924228,0.2622,-0.11140307125075771,Low Potential
21.46,79.425,0.08859837662337662,0.0027765315,0.04568745406299055,0.2961,-0.2504125459370094,Low Potential
21.46,79.44,0.06278450347881087,0.020822555,0.04180352915277366,0.1528,-0.11099647084722633,Low Potential
21.46,79.455,0.009800000000000001,0.0026147198,0.006207359896600247,0.252,-0.24579264010339977,Low Potential
21.46,79.47,0.010133333333333333,0.0025677886,0.006350560959676901,0.199,-0.1926494390403231,Low Potential
21.46,79.485,0.05555951432044149,0.016375,0.03596725698885739,0.1844,-0.14843274301114262,Low Potential
21.46,79.5,0.053028479837682864,0.033722177,0.043375328492774076,0.1964,-0.15302467150722593,Low Potential
21.46,79.515,0.009010752688172042,0.0050752214,0.007042987051890582,0.2056,-0.19855701294810943,Low Potential
21.46,79.53,0.015133333333333335,0.0014672343,0.008300283835983526,0.151,-0.14269971616401647,Low Potential
21.46,79.545,0.01634972209235884,0.0016691865,0.009009454304511881,0.166,-0.15699054569548812,Low Potential
21.46,79.56,0.1014276290014594,0.123349026,0.11238832742349353,0.2668,-0.15441167257650645,Low Potential
21.46,79.575,0.011166666666666667,0.0028164485,0.006991557560240229,0.1791,-0.17210844243975978,Low Potential
21.46,79.59,0.008833333333333332,0.002442578,0.005637955709981421,0.1894,-0.18376204429001858,Low Potential
21.46,79.605,0.010533333333333334,0.0076686894,0.009101011346156398,0.3238,-0.3146989886538436,Low Potential
21.46,79.62,0.002833333333333333,0.0062321774,0.004532755353177587,0.1836,-0.17906724464682242,Low Potential
21.46,79.635,0.05084264069264069,0.003488077,0.02716535888812162,0.2436,-0.21643464111187838,Low Potential
21.46,79.65,0.007666666666666667,0.007261688,0.007464177278180917,0.2465,-0.23903582272181909,Low Potential
21.46,79.665,0.02985048951048951,0.0026906878,0.01627058864305069,0.2239,-0.2076294113569493,Low Potential
21.46,79.68,0.02368235294117647,0.0016088141,0.012645583527009277,0.502,-0.4893544164729907,Low Potential
21.46,79.695,0.07000209349474057,0.009246602,0.039624347608937543,0.2653,-0.22567565239106244,Low Potential
21.46,79.71,0.003666666666666666,0.0016614286,0.0026640476331425207,0.498,-0.49533595236685746,Low Potential
21.46,79.725,0.05337715617715618,0.0034488903,0.02841302323322396,0.1808,-0.15238697676677604,Low Potential
21.46,79.74,0.0032,0.0022711235,0.0027355617316439746,0.2512,-0.248464438268356,Low Potential
21.46,79.755,0.0017777777777777776,0.0011758797,0.0014768287557073764,0.308,-0.3065231712442926,Low Potential
21.46,79.77,0.06158787878787879,0.0032898085,0.03243884365353169,0.1743,-0.14186115634646831,Low Potential
21.46,79.785,0.013832251082251081,0.0013024942,0.0075673726420301245,0.3899,-0.3823326273579699,Low Potential
21.46,79.8,0.021,0.0072657005,0.01413285024650395,0.1734,-0.15926714975349604,Low Potential
21.46,79.815,0.040302150537634404,0.018616594,0.029459372455907122,0.2143,-0.18484062754409286,Low Potential
21.46,79.83,0.0,0.0024547076,0.001227353815920651,0.1465,-0.14527264618407934,Low Potential
21.46,79.845,0.0,0.0012084512,0.000604225613642484,0.1566,-0.1559957743863575,Low Potential
21.46,79.86,0.005520634920634921,0.0014323866,0.003476510748416481,0.1934,-0.1899234892515835,Low Potential
21.46,79.875,0.0,0.0014076601,0.0007038300391286612,0.1633,-0.16259616996087134,Low Potential
21.46,79.89,0.07445575004523855,0.026474006,0.050464878259628324,0.6081,-0.5576351217403717,Low Potential
21.46,79.905,0.09524609954967256,0.015963893,0.05560499646670697,0.6054,-0.549795003533293,Low Potential
21.46,79.92,0.0197,0.0036327748,0.011666387404687702,0.2464,-0.2347336125953123,Low Potential
21.46,79.935,0.014638888888888889,0.0011812588,0.0079100738544431,0.3802,-0.3722899261455569,Low Potential
21.46,79.95,0.007621848739495798,0.00418487,0.005903359394426606,0.4203,-0.4143966406055734,Low Potential
21.46,79.965,0.008975213675213676,0.002126606,0.005550909811823478,0.1598,-0.1542490901881765,Low Potential
21.46,79.98,0.07197575235222294,0.0037819077,0.03787883003915108,0.2826,-0.24472116996084894,Low Potential
21.46,79.995,0.004666666666666666,0.002798468,0.0037325673870121437,0.1441,-0.14036743261298787,Low Potential
21.46,80.01,0.007142857142857143,0.000604771,0.003873814081141193,0.5709,-0.5670261859188588,Low Potential
21.46,80.025,0.02008913043478261,0.00041981114,0.01025447078834632,0.1727,-0.16244552921165367,Low Potential
21.46,80.04,0.0028,0.00028173684,0.0015408684183843434,0.4694,-0.46785913158161563,Low Potential
21.46,80.055,0.023,0.0013044713,0.012152235641609877,0.1474,-0.13524776435839012,Low Potential
21.46,80.07,0.0403889122315593,0.006367111,0.023378011672240864,0.569,-0.5456219883277591,Low Potential
21.46,80.085,0.07654294561544837,0.014914418,0.04572868162741155,0.172,-0.12627131837258843,Low Potential
21.46,80.1,0.1340101319475158,0.045788698,0.08989941492295185,0.2407,-0.15080058507704813,Low Potential
21.46,80.115,0.06162161835748791,0.016239839,0.03893072851607621,0.3021,-0.2631692714839238,Low Potential
21.46,80.13,0.03719023986765922,0.010615652,0.023902946147368258,0.1864,-0.16249705385263175,Low Potential
21.46,80.145,0.061319230769230765,0.0067544617,0.03403684622255655,0.4232,-0.3891631537774435,Low Potential
21.46,80.16,0.008799999999999999,0.0047747535,0.006787376734986901,0.3569,-0.3501126232650131,Low Potential
21.46,80.175,0.04692995169082125,0.0028042812,0.02486711644042949,0.2402,-0.2153328835595705,Low Potential
21.46,80.19,0.3508875301111343,0.3103418,0.33061466766539227,0.452,-0.12138533233460774,Low Potential
21.46,80.205,0.2012001497384624,0.007404966,0.10430255777633271,0.3009,-0.1965974422236673,Low Potential
21.46,80.22,0.004200000000000001,0.00028211018,0.002241055090352893,0.2923,-0.2900589449096471,Low Potential
21.46,80.235,0.0086,0.00034596867,0.0044729843352222815,0.4867,-0.4822270156647777,Low Potential
21.46,80.25,0.026600000000000002,0.00047725684,0.013538628417719157,0.3198,-0.30626137158228084,Low Potential
21.46,80.265,0.008466666666666667,0.00057428266,0.004520474664106345,0.3967,-0.3921795253358937,Low Potential
21.46,80.28,0.023151851851851847,0.0015716195,0.012361735692892773,0.4726,-0.46023826430710724,Low Potential
21.46,80.295,0.07780266486504875,0.0009955794,0.03939912213676523,0.2238,-0.18440087786323478,Low Potential
21.46,80.31,0.047280743439566966,0.0005075843,0.023894163873454867,0.332,-0.30810583612654513,Low Potential
21.46,80.325,0.0,0.00021689139,0.00010844569624168798,0.2602,-0.2600915543037583,Low Potential
21.46,80.34,0.026823809523809524,0.0007270811,0.013775445306545035,0.1575,-0.14372455469345496,Low Potential
21.46,80.355,0.002,0.00047303253,0.001236516265431419,0.2024,-0.20116348373456858,Low Potential
21.46,80.37,0.007566666666666667,0.00031734357,0.003942005117780839,0.4965,-0.4925579948822192,Low Potential
21.46,80.385,0.013194736842105264,0.00049194944,0.006843343140344185,0.1988,-0.19195665685965582,Low Potential
21.46,80.4,0.007346153846153847,0.00036716613,0.0038566599856847184,0.1681,-0.1642433400143153,Low Potential
21.46,80.415,0.003333333333333333,0.00026321723,0.0017982752793856585,0.2755,-0.2737017247206144,Low Potential
21.46,80.43,0.008797435897435896,0.0004772466,0.004637341244162943,0.1454,-0.14076265875583704,Low Potential
21.46,80.445,0.02327777777777778,0.0003942861,0.01183603193542351,0.283,-0.2711639680645765,Low Potential
21.46,80.46,0.014333333333333333,0.00035199925,0.007342666289691503,0.1459,-0.1385573337103085,Low Potential
21.46,80.475,0.04665292967266651,0.00046474655,0.023558838113291496,0.2424,-0.21884116188670852,Low Potential
21.46,80.49,0.04159733701329689,0.0010571867,0.021327261879667693,0.5402,-0.5188727381203323,Low Potential
21.475,79.2,0.13624221201510517,0.008570348,0.07240627996385737,0.4857,-0.4132937200361426,Low Potential
21.475,79.215,0.1338802776591743,0.0040160376,0.06894815761194949,0.1981,-0.1291518423880505,Low Potential
21.475,79.23,0.13068858146108422,0.005056099,0.06787234024796503,0.2003,-0.13242765975203497,Low Potential
21.475,79.245,0.036791220379899625,0.00212661,0.019458915143226924,0.1469,-0.12744108485677308,Low Potential
21.475,79.26,0.021233974358974356,0.00049710827,0.01086554131306445,0.1604,-0.14953445868693555,Low Potential
21.475,79.275,0.14824082559376311,0.0069184112,0.07757961841500974,0.1619,-0.08432038158499025,Low Potential
21.475,79.29,0.02242857142857143,0.0057306048,0.014079588090734823,0.2485,-0.2344204119092652,Low Potential
21.475,79.305,0.06891964526701369,0.006379604,0.037649624570476006,0.186,-0.148350375429524,Low Potential
21.475,79.32,0.15489088390903885,0.011357617,0.08312425027110783,0.1923,-0.10917574972889217,Low Potential
21.475,79.335,0.1419664919495989,0.009437912,0.07570220204668289,0.4193,-0.34359779795331713,Low Potential
21.475,79.35,0.1331085420560448,0.0043464554,0.06872749875171029,0.1655,-0.09677250124828972,Low Potential
21.475,79.365,0.06833688035820389,0.004626803,0.03648184172915649,0.1631,-0.1266181582708435,Low Potential
21.475,79.38,0.0144,0.00050235586,0.007451177931204438,0.2032,-0.19574882206879554,Low Potential
21.475,79.395,0.25578131808216586,0.02339519,0.13958825404880054,0.2603,-0.12071174595119943,Low Potential
21.475,79.41,0.2222321620734845,0.029974524,0.1261033430026131,0.1768,-0.0506966569973869,Low Potential
21.475,79.425,0.07809850784888735,0.075420864,0.076759685887649,0.1464,-0.069640314112351,Low Potential
21.475,79.44,0.09217554872028556,0.011207637,0.05169159304868443,0.2575,-0.20580840695131558,Low Potential
21.475,79.455,0.2334630781257294,0.41720727,0.3253351744932007,0.1695,0.1558351744932007,Low Potential
21.475,79.47,0.051561813171016206,0.015964072,0.03376294268434596,0.1541,-0.12033705731565403,Low Potential
21.475,79.485,0.16485102384480158,0.009696463,0.08727374348388274,0.4072,-0.3199262565161173,Low Potential
21.475,79.5,0.1818379099386452,0.29003695,0.23593742823687786,0.1954,0.040537428236877865,Low Potential
21.475,79.515,0.047765079365079365,0.00749289,0.027628984740453343,0.16,-0.13237101525954667,Low Potential
21.475,79.53,0.11100027969405746,0.029673606,0.07033694292568016,0.5389,-0.4685630570743199,Low Potential
21.475,79.545,0.18085372599262758,0.005423789,0.09313875745261095,0.2224,-0.12926124254738902,Low Potential
21.475,79.56,0.06687675812749341,0.019442992,0.0431598752061937,0.1459,-0.1027401247938063,Low Potential
21.475,79.575,0.1693285842248271,0.011432584,0.09038058429998508,0.2574,-0.16701941570001494,Low Potential
21.475,79.59,0.037634225571169716,0.0041885995,0.02091141255088859,0.2057,-0.18478858744911142,Low Potential
21.475,79.605,0.05359140374331551,0.011224946,0.032408174875224016,0.1823,-0.14989182512477597,Low Potential
21.475,79.62,0.05226436781609196,0.0015872953,0.02692583156938547,0.55,-0.5230741684306146,Low Potential
21.475,79.635,0.07345815038934232,0.0060368576,0.03974750399902404,0.2379,-0.19815249600097595,Low Potential
21.475,79.65,0.07941200947208621,0.034316465,0.05686423736534227,0.625,-0.5681357626346577,Low Potential
21.475,79.665,0.04129590643274853,0.023576397,0.03243615194076334,0.474,-0.44156384805923665,Low Potential
21.475,79.68,0.015307070707070707,0.007032836,0.011169953281575381,0.4163,-0.4051300467184246,Low Potential
21.475,79.695,0.016726007326007326,0.0022544768,0.009490242048382978,0.1675,-0.15800975795161704,Low Potential
21.475,79.71,0.014166666666666668,0.0047567324,0.00946169952241083,0.3489,-0.33943830047758916,Low Potential
21.475,79.725,0.0031666666666666666,0.0017133768,0.0024400217540872593,0.232,-0.22955997824591276,Low Potential
21.475,79.74,0.03524534313725491,0.003560561,0.0194029520627586,0.2387,-0.2192970479372414,Low Potential
21.475,79.755,0.07366899212495986,0.002198237,0.037933614559702594,0.1929,-0.1549663854402974,Low Potential
21.475,79.77,0.051279585326953744,0.0018883033,0.026583944322973,0.1482,-0.12161605567702699,Low Potential
21.475,79.785,0.001,0.0007645204,0.0008822601865977049,0.1881,-0.18721773981340228,Low Potential
21.475,79.8,0.006,0.0009988082,0.0034994040937162936,0.2171,-0.2136005959062837,Low Potential
21.475,79.815,0.0016666666666666666,0.0016500839,0.0016583752965865035,0.1752,-0.1735416247034135,Low Potential
21.475,79.83,0.002,0.0011583986,0.0015791992880403996,0.369,-0.3674208007119596,Low Potential
21.475,79.845,0.08774314116682536,0.037057735,0.06240043809635404,0.2253,-0.16289956190364596,Low Potential
21.475,79.86,0.12120793650793651,0.099212795,0.11021036600196173,0.281,-0.17078963399803831,Low Potential
21.475,79.875,0.017633333333333334,0.005817645,0.01172548928136627,0.2416,-0.22987451071863374,Low Potential
21.475,79.89,0.07207633591898298,0.0023947468,0.03723554133758205,0.2443,-0.20706445866241793,Low Potential
21.475,79.905,0.06030467506349859,0.002235965,0.03127032008413612,0.1618,-0.1305296799158639,Low Potential
21.475,79.92,0.045617865794336375,0.0022707798,0.023944322799797146,0.2316,-0.20765567720020287,Low Potential
21.475,79.935,0.04723842742225095,0.002345761,0.024792094236826222,0.2236,-0.19880790576317378,Low Potential
21.475,79.95,0.0019428571428571429,0.0011261888,0.0015345229638474328,0.1629,-0.16136547703615256,Low Potential
21.475,79.965,0.008276190476190477,0.0012531768,0.0047646836529840675,0.3132,-0.30843531634701593,Low Potential
21.475,79.98,0.01205,0.0051619,0.008605950036644935,0.1795,-0.17089404996335505,Low Potential
21.475,79.995,0.016356060606060607,0.00087365316,0.008614856883001542,0.2592,-0.2505851431169984,Low Potential
21.475,80.01,0.00817948717948718,0.0006718443,0.00442566573432981,0.1321,-0.12767433426567018,Low Potential
21.475,80.025,0.19455567258118409,0.003129598,0.09884263528365055,0.2687,-0.16985736471634943,Low Potential
21.475,80.04,0.05060825529296387,0.020697271,0.03565276337215895,0.3594,-0.32374723662784105,Low Potential
21.475,80.055,0.0735416149068323,0.014796873,0.04416924376504854,0.282,-0.23783075623495142,Low Potential
21.475,80.07,0.10373189450954591,0.0106282,0.0571800473228355,0.4022,-0.3450199526771645,Low Potential
21.475,80.085,0.18604373653522258,0.103192605,0.14461817080672146,0.1779,-0.033281829193278545,Low Potential
21.475,80.1,0.0313139694041868,0.0068413955,0.019077682460067667,0.2143,-0.19522231753993233,Low Potential
21.475,80.115,0.16254780507017347,0.03122755,0.0968876773040949,0.3613,-0.2644123226959051,Low Potential
21.475,80.13,0.3045888424183316,0.24529,0.27493941934234833,0.3157,-0.040760580657651646,Low Potential
21.475,80.145,0.37031075323025786,0.219864,0.29508737456997436,0.2877,0.007387374569974348,Low Potential
21.475,80.16,0.07475841474801302,0.0026608785,0.03870964660815895,0.2573,-0.21859035339184102,Low Potential
21.475,80.175,0.08624188420275378,0.0041301223,0.04518600322728121,0.2682,-0.22301399677271877,Low Potential
21.475,80.19,0.28665317163057097,0.051824935,0.16923905320558433,0.2973,-0.12806094679441568,Low Potential
21.475,80.205,0.07759810480197477,0.0025476664,0.04007288561622405,0.4396,-0.39952711438377597,Low Potential
21.475,80.22,0.01555921052631579,0.00045088452,0.008005047521100527,0.2085,-0.20049495247889945,Low Potential
21.475,80.235,0.006155555555555556,0.0014214809,0.003788518230410086,0.4743,-0.4705114817695899,Low Potential
21.475,80.25,0.006388888888888889,0.0005759831,0.003482435985416588,0.4426,-0.4391175640145834,Low Potential
21.475,80.265,0.06841546456639336,0.0009955794,0.03470552198743754,0.216,-0.18129447801256246,Low Potential
21.475,80.28,0.0,0.00053034443,0.00026517221704125404,0.2857,-0.28543482778295876,Low Potential
21.475,80.295,0.006922222222222223,0.0005603461,0.0037412841699655274,0.197,-0.19325871583003448,Low Potential
21.475,80.31,0.0015,0.00029134226,0.0008956711324863136,0.1411,-0.1402043288675137,Low Potential
21.475,80.325,0.05289824362943558,0.000548062,0.026723152801192616,0.2394,-0.2126768471988074,Low Potential
21.475,80.34,0.021161403508771933,0.00068756245,0.010924482980933401,0.1936,-0.1826755170190666,Low Potential
21.475,80.355,0.09199030712149905,0.0005203263,0.04625531671753087,0.2357,-0.1894446832824691,Low Potential
21.475,80.37,0.01743888888888889,0.00024693087,0.008842909878161219,0.1941,-0.18525709012183877,Low Potential
21.475,80.385,0.001,0.00022452275,0.0006122613757615909,0.1499,-0.14928773862423841,Low Potential
21.475,80.4,0.004764705882352941,0.00037288698,0.00256879643010496,0.3686,-0.36603120356989505,Low Potential
21.475,80.415,0.026036630036630037,0.0012717872,0.013654208626292796,0.1988,-0.1851457913737072,Low Potential
21.475,80.43,0.028999999999999998,0.006550063,0.017775031456723808,0.1446,-0.12682496854327618,Low Potential
21.475,80.445,0.00588888888888889,0.00050760416,0.0031982465225220144,0.3881,-0.38490175347747796,Low Potential
21.475,80.46,0.019118546365914788,0.0005214782,0.009820012275439648,0.1472,-0.13737998772456034,Low Potential
21.475,80.475,0.01579645288083597,0.00053675147,0.008166602174285272,0.4491,-0.4409333978257147,Low Potential
21.475,80.49,0.006,0.0002651729,0.0031325864432146773,0.5033,-0.5001674135567853,Low Potential
21.49,79.2,0.06895758483299318,0.00083129964,0.034894442234520255,0.2587,-0.22380555776547972,Low Potential
21.49,79.215,0.10607156732156732,0.00796632,0.05701894367597927,0.4376,-0.38058105632402073,Low Potential
21.49,79.23,0.34388216511730435,0.5922246,0.46805338152410625,0.2328,0.23525338152410624,Moderate Potential
21.49,79.245,0.06392554945142574,0.005937308,0.03493142876223478,0.1776,-0.14266857123776522,Low Potential
21.49,79.26,0.017795238095238097,0.0004913398,0.009143288933390397,0.1818,-0.1726567110666096,Low Potential
21.49,79.275,0.035720916481892094,0.0005444994,0.01813270792747777,0.1892,-0.17106729207252225,Low Potential
21.49,79.29,0.21432954322701836,0.010820608,0.11257507544088435,0.1492,-0.036624924559115646,Low Potential
21.49,79.305,0.291933232518602,0.0026365584,0.14728489544742732,0.2365,-0.08921510455257267,Low Potential
21.49,79.32,0.05374106089988444,0.0023296082,0.0280353345462759,0.1586,-0.13056466545372408,Low Potential
21.49,79.335,0.0848820512820513,0.0034415252,0.04416178821979617,0.1891,-0.14493821178020383,Low Potential
21.49,79.35,0.1472411188925386,0.003892256,0.07556668741976622,0.2207,-0.1451333125802338,Low Potential
21.49,79.365,0.031704761904761895,0.0009927214,0.01634874165854638,0.1582,-0.14185125834145362,Low Potential
21.49,79.38,0.22836052410773175,0.119415864,0.17388819422807167,0.2261,-0.05221180577192833,Low Potential
21.49,79.395,0.42401822263372746,0.37487823,0.39944822517222567,0.2003,0.19914822517222566,Low Potential
21.49,79.41,0.10560476190476188,0.01666186,0.06113331097676639,0.1663,-0.10516668902323362,Low Potential
21.49,79.425,0.08859293688767372,0.029818017,0.05920547696169823,0.4613,-0.40209452303830173,Low Potential
21.49,79.44,0.05278909811725276,0.020600973,0.03669503540719578,0.1842,-0.1475049645928042,Low Potential
21.49,79.455,0.05942880035050339,0.01803224,0.03873052005026552,0.1638,-0.1250694799497345,Low Potential
21.49,79.47,0.016246153846153844,0.0013158213,0.008780987578795219,0.1668,-0.15801901242120478,Low Potential
21.49,79.485,0.06498547492884697,0.05063716,0.05781131721269638,0.2075,-0.1496886827873036,Low Potential
21.49,79.5,0.03755,0.021314614,0.029432306760549545,0.2524,-0.22296769323945048,Low Potential
21.49,79.515,0.26779590050688284,0.06278657,0.16529123609419116,0.1638,0.0014912360941911618,Low Potential
21.49,79.53,0.046957832608567895,0.018591322,0.032774577306681485,0.182,-0.1492254226933185,Low Potential
21.49,79.545,0.15710443674010438,0.032495487,0.09479996211073002,0.521,-0.42620003788926997,Low Potential
21.49,79.56,0.16288746487438527,0.01713412,0.09001079278111382,0.2071,-0.11708920721888619,Low Potential
21.49,79.575,0.09145024888017214,0.033263396,0.06235682267595548,0.3913,-0.3289431773240445,Low Potential
21.49,79.59,0.16883588416838305,0.009357888,0.08909688620996305,0.2002,-0.11110311379003694,Low Potential
21.49,79.605,0.11554347058638667,0.013941065,0.06474226799733805,0.2612,-0.19645773200266192,Low Potential
21.49,79.62,0.062191483722675675,0.017076736,0.03963411001938027,0.2494,-0.20976588998061974,Low Potential
21.49,79.635,0.01144,0.002360761,0.006900380466394127,0.2007,-0.19379961953360586,Low Potential
21.49,79.65,0.052091600722792675,0.0013356303,0.026713615516280348,0.3709,-0.34418638448371963,Low Potential
21.49,79.665,0.010633333333333335,0.002752589,0.006692961197594802,0.3262,-0.31950703880240516,Low Potential
21.49,79.68,0.0028666666666666662,0.0031416412,0.003004153908913334,0.2478,-0.24479584609108665,Low Potential
21.49,79.695,0.02911200980392157,0.007215801,0.018163905482352073,0.1635,-0.14533609451764792,Low Potential
21.49,79.71,0.04599259259259259,0.001108961,0.023550776769807217,0.2322,-0.20864922323019278,Low Potential
21.49,79.725,0.001,0.0010498826,0.0010249413079582155,0.1547,-0.1536750586920418,Low Potential
21.49,79.74,0.09349396488587662,0.0054111583,0.049452561600857,0.1672,-0.11774743839914298,Low Potential
21.49,79.755,0.020366666666666665,0.0019658539,0.011166260258977611,0.1853,-0.1741337397410224,Low Potential
21.49,79.77,0.028316263475087006,0.016544012,0.02243013791395561,0.3248,-0.3023698620860444,Low Potential
21.49,79.785,0.19418354542966615,0.042223256,0.11820340075550442,0.4681,-0.34989659924449557,Low Potential
21.49,79.8,0.0,0.001297573,0.0006487864884547889,0.233,-0.23235121351154522,Low Potential
21.49,79.815,0.011266666666666666,0.0025394242,0.006903045446177323,0.269,-0.2620969545538227,Low Potential
21.49,79.83,0.013553968253968256,0.0013584794,0.0074562238158909465,0.2118,-0.20434377618410904,Low Potential
21.49,79.845,0.006277777777777778,0.0013584794,0.0038181285777957076,0.3504,-0.34658187142220426,Low Potential
21.49,79.86,0.06912222222222221,0.021735627,0.04542892471320099,0.2971,-0.251671075286799,Low Potential
21.49,79.875,0.012288888888888889,0.012183454,0.012236171388294963,0.2506,-0.23836382861170502,Low Potential
21.49,79.89,0.001,0.001305509,0.00115275450469926,0.1674,-0.16624724549530073,Low Potential
21.49,79.905,0.003333333333333333,0.0020540417,0.0026936875252674022,0.1427,-0.14000631247473258,Low Potential
21.49,79.92,0.004276190476190476,0.0011297615,0.0027029759654198728,0.1679,-0.16519702403458011,Low Potential
21.49,79.935,0.0186260825104656,0.0048927437,0.011759413084370006,0.4609,-0.44914058691562997,Low Potential
21.49,79.95,0.010499999999999999,0.001971193,0.006235596445389091,0.1276,-0.1213644035546109,Low Potential
21.49,79.965,0.014857142857142857,0.0023004166,0.008578779721100415,0.3007,-0.2921212202788996,Low Potential
21.49,79.98,0.013976190476190479,0.0020111986,0.0079936945133266,0.1817,-0.1737063054866734,Low Potential
21.49,79.995,0.013766666666666665,0.0025920542,0.00817936043118437,0.1767,-0.16852063956881563,Low Potential
21.49,80.01,0.020676190476190476,0.0007294188,0.010702804650774314,0.1439,-0.1331971953492257,Low Potential
21.49,80.025,0.010233333333333332,0.0007709075,0.005502120416580388,0.1984,-0.1928978795834196,Low Potential
21.49,80.04,0.2141999081701565,0.05618296,0.13519143317791463,0.4106,-0.27540856682208537,Low Potential
21.49,80.055,0.005679487179487179,0.0017611737,0.0037203304462540797,0.3203,-0.3165796695537459,Low Potential
21.49,80.07,0.050892792501616026,0.009083724,0.02998825807549931,0.1522,-0.1222117419245007,Low Potential
21.49,80.085,0.02658406926406927,0.0011618105,0.013872939870201086,0.1583,-0.14442706012979892,Low Potential
21.49,80.1,0.009892857142857142,0.0016644147,0.005778635897740189,0.2529,-0.24712136410225982,Low Potential
21.49,80.115,0.33152954832405307,0.44026902,0.3858992857520305,0.375,0.010899285752030474,Low Potential
21.49,80.13,0.23667090369211116,0.09418415,0.16542752823703727,0.3371,-0.17167247176296274,Low Potential
21.49,80.145,0.0734676057602528,0.008999507,0.04123355635159032,0.3963,-0.35506644364840967,Low Potential
21.49,80.16,0.03491884057971015,0.007127173,0.021023006679501008,0.1919,-0.170876993320499,Low Potential
21.49,80.175,0.014323796166432914,0.0011649949,0.0077443955337395355,0.1828,-0.17505560446626045,Low Potential
21.49,80.19,0.2217832507018265,0.0064197634,0.11410150706825241,0.2491,-0.1349984929317476,Low Potential
21.49,80.205,0.19450922207307655,0.041505553,0.11800738745069424,0.1855,-0.06749261254930576,Low Potential
21.49,80.22,0.025022677844602395,0.0016670338,0.013344855804568047,0.557,-0.543655144195432,Low Potential
21.49,80.235,0.01488888888888889,0.0015289766,0.008208932745218691,0.5441,-0.5358910672547813,Low Potential
21.49,80.25,0.10046089016515512,0.0011653745,0.05081313234828288,0.5192,-0.4683868676517171,Low Potential
21.49,80.265,0.02336311954750264,0.0010526247,0.01220787210495469,0.5327,-0.5204921278950453,Low Potential
21.49,80.28,0.015116402116402115,0.0013117016,0.008214051861214948,0.1219,-0.11368594813878505,Low Potential
21.49,80.295,0.022891919191919192,0.0014460263,0.012168972726441882,0.5216,-0.509431027273558,Low Potential
21.49,80.31,0.0024,0.0010002651,0.0017001325625926255,0.1733,-0.17159986743740738,Low Potential
21.49,80.325,0.0,0.00025406602,0.00012703301035799086,0.4715,-0.471372966989642,Low Potential
21.49,80.34,0.017505555555555555,0.00044830577,0.0089769306632716,0.2598,-0.2508230693367284,Low Potential
21.49,80.355,0.003,0.00023274696,0.0016163734777946957,0.5304,-0.5287836265222053,Low Potential
21.49,80.37,0.019191919191919194,0.0012913605,0.010241639832589739,0.31,-0.29975836016741025,Low Potential
21.49,80.385,0.031007470599575867,0.00060483103,0.015806150815549758,0.4421,-0.42629384918445024,Low Potential
21.49,80.4,0.001,0.0003217996,0.0006608997990842909,0.3689,-0.3682391002009157,Low Potential
21.49,80.415,0.023296494355317887,0.0031533798,0.013224937064519493,0.4436,-0.4303750629354805,Low Potential
21.49,80.43,0.009622222222222221,0.0011793638,0.0054007930168054165,0.4672,-0.4617992069831946,Low Potential
21.49,80.445,0.0047,0.00027873882,0.002489369411044754,0.1414,-0.13891063058895525,Low Potential
21.49,80.46,0.04524444444444445,0.0003942861,0.022819365268756844,0.2942,-0.2713806347312432,Low Potential
21.49,80.475,0.045264003679963555,0.00042256023,0.022843281955745434,0.4784,-0.45555671804425457,Low Potential
21.49,80.49,0.001,0.00027161388,0.0006358069421257824,0.1241,-0.12346419305787422,Low Potential
21.505,79.2,0.013673333333333332,0.00046090633,0.0070671198329624405,0.1939,-0.18683288016703756,Low Potential
21.505,79.215,0.06568844858844858,0.0018206042,0.03375452639446175,0.1558,-0.12204547360553825,Low Potential
21.505,79.23,0.3115607255915498,0.15430775,0.23293423921961065,0.1856,0.04733423921961066,Low Potential
21.505,79.245,0.06366094408713709,0.11710699,0.09038396655660336,0.1608,-0.07041603344339664,Low Potential
21.505,79.26,0.14873924072416284,0.0016875055,0.07521337311972756,0.1906,-0.11538662688027243,Low Potential
21.505,79.275,0.0770528755601124,0.020288836,0.04867085588553925,0.1834,-0.13472914411446074,Low Potential
21.505,79.29,0.12047590187590186,0.012252991,0.06636444648181827,0.1865,-0.12013555351818173,Low Potential
21.505,79.305,0.0085,0.00085919566,0.004679597828770057,0.2002,-0.19552040217122993,Low Potential
21.505,79.32,0.017928571428571426,0.00034933866,0.009138955044876117,0.1615,-0.1523610449551239,Low Potential
21.505,79.335,0.007344086021505376,0.000344288,0.003844187016526277,0.1653,-0.16145581298347372,Low Potential
21.505,79.35,0.004666666666666666,0.00034319822,0.002504932442641196,0.1461,-0.14359506755735882,Low Potential
21.505,79.365,0.21605839665229443,0.12625048,0.17115443614867987,0.1625,0.008654436148679862,Low Potential
21.505,79.38,0.200562407287441,0.05014575,0.12535407814506805,0.182,-0.05664592185493195,Low Potential
21.505,79.395,0.29645633257587845,0.28186956,0.2891629465279981,0.1545,0.13466294652799812,Low Potential
21.505,79.41,0.03934901960784314,0.00083772634,0.020093372975865966,0.1637,-0.14360662702413404,Low Potential
21.505,79.425,0.043599668958492495,0.00278541,0.023192539496015716,0.1845,-0.16130746050398428,Low Potential
21.505,79.44,0.19120127850285942,0.02008665,0.1056439641540834,0.5767,-0.4710560358459166,Low Potential
21.505,79.455,0.028216666666666668,0.002968697,0.015592681888428828,0.167,-0.15140731811157118,Low Potential
21.505,79.47,0.12376393106893105,0.020050224,0.07190707749285004,0.194,-0.12209292250714997,Low Potential
21.505,79.485,0.09478981178129423,0.040083837,0.06743682427269572,0.1553,-0.08786317572730427,Low Potential
21.505,79.5,0.0648677801838441,0.04472724,0.05479750997081018,0.2118,-0.1570024900291898,Low Potential
21.505,79.515,0.04962834542908072,0.036956657,0.04329250107664764,0.1929,-0.14960749892335234,Low Potential
21.505,79.53,0.34213204917034173,0.15236762,0.24724983541528714,0.5152,-0.2679501645847129,Low Potential
21.505,79.545,0.05863886709132652,0.05386591,0.056252388333871264,0.2163,-0.16004761166612874,Low Potential
21.505,79.56,0.3400170649615562,0.17515199,0.2575845269127506,0.4373,-0.17971547308724944,Low Potential
21.505,79.575,0.016904761904761905,0.0018422524,0.009373507174618897,0.2272,-0.2178264928253811,Low Potential
21.505,79.59,0.23440286871997393,0.09074174,0.1625723036984994,0.3245,-0.1619276963015006,Low Potential
21.505,79.605,0.16515539042709343,0.035596,0.10037569429754253,0.1913,-0.09092430570245746,Low Potential
21.505,79.62,0.07293718614718615,0.0021955445,0.03756636534403413,0.3075,-0.26993363465596587,Low Potential
21.505,79.635,0.005166666666666667,0.0028569943,0.004011830473629137,0.2273,-0.22328816952637087,Low Potential
21.505,79.65,0.03260952380952381,0.0010002733,0.016804898541890795,0.2459,-0.2290951014581092,Low Potential
21.505,79.665,0.0019333333333333333,0.0010691009,0.001501217128119121,0.1419,-0.14039878287188087,Low Potential
21.505,79.68,0.03995557040998218,0.0055312836,0.02274342698556124,0.1734,-0.15065657301443874,Low Potential
21.505,79.695,0.055694372294372296,0.001253002,0.028473687134168285,0.3598,-0.3313263128658317,Low Potential
21.505,79.71,0.012633333333333335,0.004374801,0.008504067257295054,0.1676,-0.15909593274270495,Low Potential
21.505,79.725,0.08578785401904597,0.0021862483,0.043987051165409456,0.3701,-0.3261129488345905,Low Potential
21.505,79.74,0.012933333333333335,0.0068185697,0.009875951532150309,0.1557,-0.1458240484678497,Low Potential
21.505,79.755,0.011933333333333334,0.005542051,0.008737692190210025,0.1687,-0.15996230780978996,Low Potential
21.505,79.77,0.015500000000000002,0.0023076632,0.008903831603005528,0.259,-0.2500961683969945,Low Potential
21.505,79.785,0.020366666666666672,0.018345064,0.019355865109463535,0.1932,-0.17384413489053646,Low Potential
21.505,79.8,0.0035,0.005514797,0.004507398411631584,0.2128,-0.2082926015883684,Low Potential
21.505,79.815,0.05203711484593837,0.0064831693,0.029260142059240185,0.2504,-0.22113985794075983,Low Potential
21.505,79.83,0.007138888888888889,0.0042470507,0.00569296981063154,0.2183,-0.21260703018936844,Low Potential
21.505,79.845,0.006,0.0020475343,0.004023767166770995,0.2037,-0.199676232833229,Low Potential
21.505,79.86,0.004942857142857143,0.0009042124,0.0029235347788049175,0.1465,-0.14357646522119508,Low Potential
21.505,79.875,0.0019428571428571429,0.0011484141,0.0015456356212230665,0.1392,-0.13765436437877693,Low Potential
21.505,79.89,0.025578312537136067,0.010468296,0.018023304156244986,0.4389,-0.42087669584375503,Low Potential
21.505,79.905,0.002,0.00088670885,0.001443354423623532,0.1416,-0.14015664557637647,Low Potential
21.505,79.92,0.020722222222222225,0.011986563,0.0163543926022119,0.4465,-0.4301456073977881,Low Potential
21.505,79.935,0.007166666666666667,0.002416082,0.004791374313024183,0.1598,-0.15500862568697582,Low Potential
21.505,79.95,0.028360527544351075,0.002441946,0.015401236747891532,0.2463,-0.23089876325210845,Low Potential
21.505,79.965,0.01475,0.0010955308,0.0079227654049173,0.2906,-0.2826772345950827,Low Potential
21.505,79.98,0.0161,0.0018388762,0.008969438083656132,0.1791,-0.17013056191634388,Low Potential
21.505,79.995,0.01375,0.0012041447,0.007477072337642312,0.3778,-0.3703229276623577,Low Potential
21.505,80.01,0.005882352941176471,0.00076522666,0.0033237898030647026,0.4698,-0.4664762101969353,Low Potential
21.505,80.025,0.033083333333333326,0.0011963306,0.01713983198969314,0.2854,-0.26826016801030683,Low Potential
21.505,80.04,0.039657647907647905,0.0016329305,0.020645289192864506,0.2275,-0.2068547108071355,Low Potential
21.505,80.055,0.17961466156822192,0.029811969,0.10471331529757255,0.3493,-0.24458668470242745,Low Potential
21.505,80.07,0.06420567765567765,0.0040870253,0.03414635147767298,0.3909,-0.35675364852232705,Low Potential
21.505,80.085,0.058721661998132585,0.0057521113,0.032236886658792555,0.4596,-0.42736311334120747,Low Potential
21.505,80.1,0.0072833333333333335,0.0015285704,0.004405951880911986,0.1737,-0.16929404811908802,Low Potential
21.505,80.115,0.09853044596912519,0.013666119,0.056098282697807034,0.1583,-0.10220171730219296,Low Potential
21.505,80.13,0.11159056221556221,0.046560418,0.0790754900381543,0.4034,-0.3243245099618457,Low Potential
21.505,80.145,0.062426400560224075,0.012829539,0.03762796996314527,0.3251,-0.28747203003685473,Low Potential
21.505,80.16,0.26248794507006573,0.014284653,0.1383862988639363,0.2958,-0.1574137011360637,Low Potential
21.505,80.175,0.07439264069264068,0.0029670703,0.03867985550756223,0.1802,-0.14152014449243777,Low Potential
21.505,80.19,0.020066666666666667,0.0009473175,0.010506992091316109,0.1933,-0.18279300790868389,Low Potential
21.505,80.205,0.03402946329033285,0.0021182278,0.018073845530442445,0.1446,-0.12652615446955756,Low Potential
21.505,80.22,0.10209308130809677,0.0034947845,0.05279393288844085,0.4418,-0.38900606711155916,Low Potential
21.505,80.235,0.009892202729044834,0.0013368546,0.005614528689376255,0.553,-0.5473854713106238,Low Potential
21.505,80.25,0.06881747214889147,0.004430895,0.03662418367723931,0.5025,-0.46587581632276065,Low Potential
21.505,80.265,0.00488888888888889,0.0013247353,0.0031068121189665467,0.4721,-0.46899318788103345,Low Potential
21.505,80.28,0.03950902255639097,0.0027170675,0.021113045021964417,0.3519,-0.33078695497803556,Low Potential
21.505,80.295,0.023992749177132264,0.0031508566,0.013571802882584043,0.418,-0.40442819711741596,Low Potential
21.505,80.31,0.008166666666666666,0.0009566834,0.004561675043155749,0.1422,-0.13763832495684425,Low Potential
21.505,80.325,0.0289,0.0013565446,0.015128272277582436,0.2553,-0.2401717277224176,Low Potential
21.505,80.34,0.0,0.00022823298,0.00011411649029469118,0.1617,-0.16158588350970532,Low Potential
21.505,80.355,0.0018888888888888887,0.00054854644,0.0012187176621001627,0.4059,-0.4046812823378998,Low Potential
21.505,80.37,0.008917460317460317,0.00061395974,0.0047657100282225105,0.5031,-0.4983342899717775,Low Potential
21.505,80.385,0.0027333333333333333,0.0012643142,0.001998823750267426,0.2178,-0.21580117624973258,Low Potential
21.505,80.4,0.0025555555555555553,0.00053675147,0.0015461535116450653,0.4652,-0.46365384648835495,Low Potential
21.505,80.415,0.0015,0.0005422444,0.0010211222041398287,0.144,-0.14297887779586016,Low Potential
21.505,80.43,0.005366666666666666,0.0004822143,0.002924440480636743,0.1243,-0.12137555951936325,Low Potential
21.505,80.445,0.029485213032581455,0.00055460015,0.015019906590521607,0.1565,-0.1414800934094784,Low Potential
21.505,80.46,0.02376666666666666,0.00025227258,0.01200946962557112,0.1651,-0.15309053037442888,Low Potential
21.505,80.475,0.03466359771978967,0.00045650106,0.017560049390093983,0.5855,-0.567939950609906,Low Potential
21.505,80.49,0.0018461538461538463,0.0003296784,0.0010879161293403461,0.5311,-0.5300120838706597,Low Potential
21.52,79.2,0.07294075411497825,0.00305717,0.03799896203789499,0.223,-0.185001037962105,Low Potential
21.52,79.215,0.03330056980056981,0.0018711871,0.017585878462019908,0.1975,-0.1799141215379801,Low Potential
21.52,79.23,0.042398917748917755,0.0009944594,0.021696688562794088,0.2397,-0.21800331143720592,Low Potential
21.52,79.245,0.08727910887341626,0.004461326,0.04587021752206449,0.1698,-0.12392978247793551,Low Potential
21.52,79.26,0.2806886698909198,0.18043132,0.23055999557711654,0.1855,0.04505999557711654,Low Potential
21.52,79.275,0.15474590818538184,0.024737466,0.0897416871560311,0.4477,-0.3579583128439689,Low Potential
21.52,79.29,0.055731754081302896,0.004242423,0.02998708853590191,0.156,-0.1260129114640981,Low Potential
21.52,79.305,0.044410317460317456,0.0013321938,0.022871255653100234,0.3241,-0.3012287443468998,Low Potential
21.52,79.32,0.05287619047619048,0.0015993014,0.027237745913712398,0.1886,-0.1613622540862876,Low Potential
21.52,79.335,0.39546464965338235,0.6298922,0.512678410041306,0.1784,0.334278410041306,Moderate Potential
21.52,79.35,0.13800278849159767,0.0024149755,0.07020888201988036,0.5229,-0.4526911179801197,Low Potential
21.52,79.365,0.023498039215686273,0.0010651697,0.012281604454794204,0.4986,-0.4863183955452058,Low Potential
21.52,79.38,0.0077333333333333325,0.0004661455,0.00409973941053419,0.1908,-0.18670026058946582,Low Potential
21.52,79.395,0.04550538648657843,0.013864841,0.02968511389937423,0.3343,-0.30461488610062576,Low Potential
21.52,79.41,0.20230628325740865,0.010925341,0.10661581232746627,0.1945,-0.08788418767253374,Low Potential
21.52,79.425,0.18440642457406223,0.0030247045,0.09371556454779208,0.1988,-0.10508443545220793,Low Potential
21.52,79.44,0.1443328886373643,0.011233984,0.07778343609938045,0.1925,-0.11471656390061956,Low Potential
21.52,79.455,0.17102403315390047,0.007967025,0.08949552909774033,0.1869,-0.09740447090225968,Low Potential
21.52,79.47,0.08637435577619554,0.05122891,0.06880163323039055,0.2087,-0.13989836676960943,Low Potential
21.52,79.485,0.02984615384615384,0.017449899,0.023648026245717817,0.1638,-0.14015197375428218,Low Potential
21.52,79.5,0.18835898338976328,0.014837313,0.1015981484165928,0.2558,-0.1542018515834072,Low Potential
21.52,79.515,0.14145830417257696,0.044993397,0.09322585051050856,0.2588,-0.1655741494894914,Low Potential
21.52,79.53,0.15090600027020695,0.06304589,0.10697594470469118,0.7057,-0.5987240552953088,Low Potential
21.52,79.545,0.1738317771611586,0.080861345,0.12734656104733422,0.5639,-0.43655343895266574,Low Potential
21.52,79.56,0.2261384956697515,0.05787928,0.1420088879843499,0.6091,-0.46709111201565007,Low Potential
21.52,79.575,0.05120952380952381,0.0077692387,0.02948938123947453,0.207,-0.17751061876052546,Low Potential
21.52,79.59,0.2339865174084665,0.034109656,0.13404808658807285,0.2471,-0.11305191341192714,Low Potential
21.52,79.605,0.6317339098238238,0.932847,0.7822904664170389,0.2227,0.5595904664170389,High Potential
21.52,79.62,0.2668883518580201,0.008696544,0.13779244792106762,0.2859,-0.14810755207893236,Low Potential
21.52,79.635,0.024507843137254903,0.01651008,0.020508961841697787,0.1526,-0.13209103815830223,Low Potential
21.52,79.65,0.119851350438994,0.009544914,0.0646981320480018,0.2603,-0.1956018679519982,Low Potential
21.52,79.665,0.053751403743315516,0.018694863,0.036223133233333024,0.2121,-0.17587686676666697,Low Potential
21.52,79.68,0.006666666666666667,0.006035679,0.0063511728433271256,0.1639,-0.15754882715667287,Low Potential
21.52,79.695,0.09168260730497574,0.01923263,0.055457619017325516,0.2464,-0.1909423809826745,Low Potential
21.52,79.71,0.05971686472568824,0.0020193993,0.03086813201854087,0.2286,-0.19773186798145914,Low Potential
21.52,79.725,0.10292181070563423,0.011113755,0.05701778305529171,0.3166,-0.2595822169447083,Low Potential
21.52,79.74,0.01738961038961039,0.0011566129,0.009273111635534842,0.4308,-0.42152688836446517,Low Potential
21.52,79.755,0.07201323317205667,0.011462101,0.041737666976778505,0.1532,-0.1114623330232215,Low Potential
21.52,79.77,0.13589303445952053,0.0022028228,0.06904792864316163,0.1775,-0.10845207135683836,Low Potential
21.52,79.785,0.1374068291185938,0.0043260925,0.07086646083176845,0.3404,-0.26953353916823153,Low Potential
21.52,79.8,0.07445575004523855,0.026474006,0.050464878259628324,0.6393,-0.5888351217403717,Low Potential
21.52,79.815,0.08302731631113984,0.008765298,0.04589630712650169,0.2838,-0.2379036928734983,Low Potential
21.52,79.83,0.008633333333333333,0.003526956,0.006080144704567889,0.2746,-0.2685198552954321,Low Potential
21.52,79.845,0.0,0.00082669547,0.00041334773413836956,0.1619,-0.16148665226586162,Low Potential
21.52,79.86,0.012633333333333335,0.0011022793,0.00686780631147946,0.454,-0.44713219368852053,Low Potential
21.52,79.875,0.023487912087912087,0.01634837,0.019918140753743412,0.1578,-0.1378818592462566,Low Potential
21.52,79.89,0.026973809523809525,0.0053103734,0.016142091452294872,0.4026,-0.3864579085477051,Low Potential
21.52,79.905,0.020003296703296706,0.002039248,0.011021272297115527,0.1905,-0.17947872770288448,Low Potential
21.52,79.92,0.0654509983058331,0.02494136,0.04519617944188702,0.5796,-0.534403820558113,Low Potential
21.52,79.935,0.00725,0.0041281832,0.005689091619104147,0.1299,-0.12421090838089584,Low Potential
21.52,79.95,0.001,0.0013292821,0.0011646410329267383,0.5913,-0.5901353589670734,Low Potential
21.52,79.965,0.02188235294117647,0.0043146308,0.013098491849596886,0.4822,-0.46910150815040313,Low Potential
21.52,79.98,0.011876190476190478,0.0011484141,0.006512302287889734,0.1439,-0.13738769771211026,Low Potential
21.52,79.995,0.058924242711007414,0.0013143665,0.03011930459008357,0.2286,-0.19848069540991642,Low Potential
21.52,80.01,0.09122052730696797,0.010920051,0.05107028893047273,0.4536,-0.4025297110695273,Low Potential
21.52,80.025,0.004,0.0005250338,0.0022625168999657035,0.4645,-0.4622374831000343,Low Potential
21.52,80.04,0.03654743610362806,0.008104218,0.022325827136837433,0.2238,-0.20147417286316258,Low Potential
21.52,80.055,0.04066341097842646,0.0044247466,0.022544078796188,0.5048,-0.482255921203812,Low Potential
21.52,80.07,0.02872052730696798,0.005965888,0.01734320767076016,0.4907,-0.4733567923292399,Low Potential
21.52,80.085,0.1278795419840177,0.13373274,0.13080613904735247,0.4105,-0.2796938609526475,Low Potential
21.52,80.1,0.036777777777777784,0.017222943,0.02700036028110319,0.1663,-0.1392996397188968,Low Potential
21.52,80.115,0.030235527544351076,0.0041488553,0.01719219144204341,0.4911,-0.47390780855795656,Low Potential
21.52,80.13,0.10308417693417693,0.023087317,0.06308574702909303,0.4482,-0.38511425297090696,Low Potential
21.52,80.145,0.038386414752855424,0.0044843275,0.02143537113142735,0.5448,-0.5233646288685726,Low Potential
21.52,80.16,0.08379576514102935,0.045477252,0.06463650879729747,0.2907,-0.22606349120270253,Low Potential
21.52,80.175,0.030315850815850816,0.0016375646,0.015976707719323944,0.265,-0.24902329228067607,Low Potential
21.52,80.19,0.06501574732457086,0.0030300352,0.03402289125183962,0.3027,-0.2686771087481604,Low Potential
21.52,80.205,0.014766666666666666,0.001598009,0.00818233784570669,0.2143,-0.2061176621542933,Low Potential
21.52,80.22,0.1973136222566563,0.0007998702,0.09905674621668138,0.3049,-0.20584325378331864,Low Potential
21.52,80.235,0.019955555555555553,0.00212565,0.011040602750682995,0.1741,-0.163059397249317,Low Potential
21.52,80.25,0.11330860777509386,0.0012831001,0.057295853941389294,0.2659,-0.20860414605861072,Low Potential
21.52,80.265,0.0028888888888888888,0.00041435938,0.0016516241360869672,0.3105,-0.308848375863913,Low Potential
21.52,80.28,0.07034665044574302,0.0017011005,0.03602387547115913,0.3833,-0.3472761245288408,Low Potential
21.52,80.295,0.07647425107572167,0.0015195871,0.03899691909974411,0.1833,-0.1443030809002559,Low Potential
21.52,80.31,0.01790909090909091,0.00051655626,0.009212823585331948,0.2651,-0.25588717641466807,Low Potential
21.52,80.325,0.0725685500773736,0.0015256352,0.03704709266317751,0.2231,-0.18605290733682248,Low Potential
21.52,80.34,0.0028,0.0003638907,0.001581945346412249,0.138,-0.13641805465358775,Low Potential
21.52,80.355,0.018257142857142857,0.002042863,0.01015000295474061,0.1798,-0.16964999704525938,Low Potential
21.52,80.37,0.013423809523809524,0.002042863,0.007733336288073943,0.191,-0.18326666371192607,Low Potential
21.52,80.385,0.0015,0.0005924117,0.0010462058642879129,0.1824,-0.1813537941357121,Low Potential
21.52,80.4,0.023390476190476194,0.00045494607,0.011922711131158508,0.3726,-0.3606772888688415,Low Potential
21.52,80.415,0.004,0.0002970967,0.0021485483517171815,0.2221,-0.2199514516482828,Low Potential
21.52,80.43,0.04603067034663023,0.0013955714,0.02371312087072686,0.5019,-0.47818687912927316,Low Potential
21.52,80.445,0.020455555555555557,0.0029639853,0.01170977043600546,0.405,-0.39329022956399456,Low Potential
21.52,80.46,0.0667973370132969,0.0019107396,0.03435403829580179,0.5095,-0.47514596170419815,Low Potential
21.52,80.475,0.056049841008664524,0.006364828,0.031207334492147642,0.4499,-0.4186926655078524,Low Potential
21.52,80.49,0.0,0.00039968148,0.00019984073878731579,0.4308,-0.4306001592612127,Low Potential
21.535,79.2,0.014361904761904763,0.0010367186,0.007699311683029824,0.1721,-0.1644006883169702,Low Potential
21.535,79.215,0.024580570409982173,0.0009961434,0.01278835692534907,0.2056,-0.19281164307465093,Low Potential
21.535,79.23,0.06434857142857144,0.0005248584,0.032436714924410255,0.5022,-0.46976328507558973,Low Potential
21.535,79.245,0.005900000000000001,0.00029582143,0.0030979107158957053,0.1771,-0.1740020892841043,Low Potential
21.535,79.26,0.08569450880217133,0.002553312,0.04412391045504599,0.2269,-0.182776089544954,Low Potential
21.535,79.275,0.1640850950792557,0.0020690933,0.08307709418312341,0.6065,-0.5234229058168767,Low Potential
21.535,79.29,0.005900000000000001,0.000390664,0.0031453320024767894,0.57,-0.5668546679975232,Low Potential
21.535,79.305,0.027899999999999998,0.0010860343,0.014493017173185943,0.4881,-0.473606982826814,Low Potential
21.535,79.32,0.14537979018745273,0.0047345487,0.07505716946377083,0.2201,-0.14504283053622916,Low Potential
21.535,79.335,0.06730739661095698,0.0007817854,0.0340445910083318,0.2335,-0.19945540899166822,Low Potential
21.535,79.35,0.014141327300150832,0.00092574774,0.007533537518021161,0.2509,-0.24336646248197885,Low Potential
21.535,79.365,0.1333967905503509,0.0028169907,0.06810689063336688,0.3483,-0.2801931093666331,Low Potential
21.535,79.38,0.030684503478810878,0.0006896595,0.01568708148965274,0.1517,-0.13601291851034725,Low Potential
21.535,79.395,0.08135312497996909,0.048345033,0.06484907902967743,0.544,-0.47915092097032264,Low Potential
21.535,79.41,0.02785204991087344,0.0008072843,0.014329667115090547,0.1578,-0.14347033288490946,Low Potential
21.535,79.425,0.06668792707718538,0.021627285,0.04415760583180749,0.4943,-0.4501423941681925,Low Potential
21.535,79.44,0.16669505122967396,0.018983066,0.09283905865583734,0.2579,-0.16506094134416266,Low Potential
21.535,79.455,0.2786029827046272,0.045405295,0.16200413872539385,0.2283,-0.06629586127460615,Low Potential
21.535,79.47,0.12001252336922319,0.05342599,0.08671925670714692,0.221,-0.13428074329285308,Low Potential
21.535,79.485,0.22460888166165452,0.25782013,0.24121450552809287,0.336,-0.09478549447190715,Low Potential
21.535,79.5,0.411693972637214,0.74044734,0.5760706575164982,0.2724,0.30367065751649824,Moderate Potential
21.535,79.515,0.15087306737133085,0.05331419,0.10209362886462718,0.7071,-0.6050063711353728,Low Potential
21.535,79.53,0.17868322628795816,0.07982255,0.12925288701087095,0.7224,-0.593147112989129,Low Potential
21.535,79.545,0.6391688933818063,0.8133423,0.7262555833085637,0.5001,0.22615558330856367,High Potential
21.535,79.56,0.15994492090035564,0.035666715,0.09780581812704149,0.4093,-0.3114941818729585,Low Potential
21.535,79.575,0.007846153846153846,0.00064934813,0.004247750990164395,0.1881,-0.1838522490098356,Low Potential
21.535,79.59,0.06173827004747308,0.043089796,0.0524140329525705,0.1602,-0.10778596704742952,Low Potential
21.535,79.605,0.07912386223306525,0.022433957,0.05077890965903932,0.183,-0.1322210903409607,Low Potential
21.535,79.62,0.5688707627125262,0.9774714,0.7731710869703531,0.302,0.4711710869703531,High Potential
21.535,79.635,0.024545343137254903,0.010725186,0.017635264671827647,0.196,-0.17836473532817237,Low Potential
21.535,79.65,0.056859523809523804,0.0019662261,0.029412874978505782,0.2584,-0.22898712502149424,Low Potential
21.535,79.665,0.08183726496908976,0.032323208,0.05708023633765138,0.5456,-0.4885197636623486,Low Potential
21.535,79.68,0.09571255411255411,0.010204955,0.05295875455835487,0.277,-0.22404124544164516,Low Potential
21.535,79.695,0.002,0.002112993,0.0020564965195953846,0.1902,-0.18814350348040462,Low Potential
21.535,79.71,0.09438547306666498,0.008250541,0.05131800706018867,0.4639,-0.4125819929398113,Low Potential
21.535,79.725,0.052178354978354984,0.0014917203,0.026835037650437262,0.1804,-0.15356496234956274,Low Potential
21.535,79.74,0.030350915750915752,0.0023782684,0.016364592075561457,0.5097,-0.4933354079244386,Low Potential
21.535,79.755,0.0088,0.00671503,0.007757514971867204,0.2184,-0.21064248502813282,Low Potential
21.535,79.77,0.011166666666666667,0.0057273377,0.008447002169986565,0.2666,-0.25815299783001344,Low Potential
21.535,79.785,0.027740581232492997,0.007920252,0.01783041669586543,0.1966,-0.17876958330413456,Low Potential
21.535,79.8,0.02511200980392157,0.011876538,0.018494274099901613,0.2204,-0.2019057259000984,Low Potential
21.535,79.815,0.0070999999999999995,0.0018090215,0.004454510729014873,0.2274,-0.22294548927098512,Low Potential
21.535,79.83,0.004866666666666666,0.0028913482,0.003879007437949379,0.2142,-0.2103209925620506,Low Potential
21.535,79.845,0.04743949579831933,0.0047948323,0.02611716405867028,0.313,-0.28688283594132974,Low Potential
21.535,79.86,0.10552267773506162,0.0036050295,0.054563853640393005,0.289,-0.23443614635960697,Low Potential
21.535,79.875,0.0071974358974358985,0.0021076049,0.004652520384935615,0.1318,-0.1271474796150644,Low Potential
21.535,79.89,0.040033333333333324,0.0143666025,0.02719996792922417,0.1459,-0.11870003207077584,Low Potential
21.535,79.905,0.011550000000000001,0.0051619,0.008355950036644936,0.1635,-0.15514404996335507,Low Potential
21.535,79.92,0.09173550958845077,0.004243908,0.04798970878639846,0.219,-0.17101029121360153,Low Potential
21.535,79.935,0.0300126115714351,0.010563171,0.020287891054393832,0.4176,-0.3973121089456062,Low Potential
21.535,79.95,0.028569963369963373,0.006472646,0.01752130458153675,0.3492,-0.3316786954184633,Low Potential
21.535,79.965,0.010442857142857143,0.0009042124,0.005673534778804917,0.2462,-0.24052646522119508,Low Potential
21.535,79.98,0.011472222222222224,0.009338467,0.010405344802058406,0.2081,-0.1976946551979416,Low Potential
21.535,79.995,0.1560938145046201,0.027660085,0.09187694969647957,0.233,-0.14112305030352046,Low Potential
21.535,80.01,0.06277642992680943,0.04072624,0.051751335325567305,0.1649,-0.11314866467443269,Low Potential
21.535,80.025,0.01734615384615385,0.0025542753,0.009950214587223647,0.1873,-0.17734978541277635,Low Potential
21.535,80.04,0.009090686274509803,0.0007437372,0.0049172117429803685,0.3296,-0.3246827882570196,Low Potential
21.535,80.055,0.01183174603174603,0.0021198571,0.0069758015755711795,0.2114,-0.20442419842442883,Low Potential
21.535,80.07,0.057473941091588154,0.0047487635,0.031111352304066725,0.2215,-0.19038864769593328,Low Potential
21.535,80.085,0.014664971751412433,0.0032821232,0.008973547498355647,0.2722,-0.26322645250164434,Low Potential
21.535,80.1,0.1439240166010505,0.010452921,0.07718846858601004,0.4455,-0.36831153141399,Low Potential
21.535,80.115,0.11131549743984792,0.032124598,0.07172004750954436,0.2994,-0.22767995249045564,Low Potential
21.535,80.13,0.6301695163771183,0.9929079,0.8115386990569369,0.2819,0.5296386990569368,High Potential
21.535,80.145,0.011266666666666666,0.00313689,0.0072017783378561335,0.1415,-0.13429822166214386,Low Potential
21.535,80.16,0.10614876194496937,0.00048716262,0.05331796228007097,0.2796,-0.22628203771992905,Low Potential
21.535,80.175,0.10982486443724834,0.00084624067,0.055335552553368625,0.2975,-0.24216444744663135,Low Potential
21.535,80.19,0.07341870197226233,0.0012032923,0.03731099712728027,0.2058,-0.16848900287271973,Low Potential
21.535,80.205,0.03009479944006365,0.0061390926,0.018116946026537625,0.3749,-0.3567830539734624,Low Potential
21.535,80.22,0.026099999999999998,0.00065922656,0.013379613278154283,0.1662,-0.1528203867218457,Low Potential
21.535,80.235,0.046357142857142854,0.0027829462,0.024570044538405323,0.1387,-0.11412995546159467,Low Potential
21.535,80.25,0.019855555555555557,0.0016635156,0.010759535566324162,0.2678,-0.25704046443367584,Low Potential
21.535,80.265,0.0023888888888888887,0.00056079443,0.0014748416610010381,0.5019,-0.5004251583389989,Low Potential
21.535,80.28,0.026233333333333327,0.0007050877,0.013469210503591842,0.1416,-0.12813078949640816,Low Potential
21.535,80.295,0.08718077297315688,0.00082347746,0.04400212521545001,0.2907,-0.24669787478455002,Low Potential
21.535,80.31,0.14297505868744256,0.0017525302,0.07236379445603193,0.2678,-0.19543620554396807,Low Potential
21.535,80.325,0.026994736842105262,0.0006775644,0.013836150628161665,0.168,-0.15416384937183836,Low Potential
21.535,80.34,0.045675000000000014,0.00050256634,0.023088783170655377,0.1735,-0.1504112168293446,Low Potential
21.535,80.355,0.036727470599575866,0.00043697038,0.018582220490786696,0.3614,-0.3428177795092133,Low Potential
21.535,80.37,0.04269635948846476,0.00029071438,0.021493536933699556,0.5637,-0.5422064630663004,Low Potential
21.535,80.385,0.02050756399194708,0.00047147382,0.010489518904481073,0.4029,-0.3924104810955189,Low Potential
21.535,80.4,0.006988888888888889,0.0005806222,0.003784755531600159,0.4522,-0.4484152444683998,Low Potential
21.535,80.415,0.029422222222222225,0.0020062583,0.01571424028604395,0.3117,-0.295985759713956,Low Potential
21.535,80.43,0.0372904761904762,0.0023238002,0.01980713821136881,0.2051,-0.1852928617886312,Low Potential
21.535,80.445,0.0591904761904762,0.0032119057,0.031201190952300322,0.2077,-0.17649880904769968,Low Potential
21.535,80.46,0.035818982977806516,0.000548062,0.018183522475378085,0.258,-0.23981647752462193,Low Potential
21.535,80.475,0.0383280701754386,0.00042651308,0.01937729163005736,0.3761,-0.35672270836994263,Low Potential
21.535,80.49,0.029360970608339032,0.00034304152,0.01485200606596579,0.2596,-0.2447479939340342,Low Potential
21.55,79.2,0.0,0.0003414229,0.00017071145703084767,0.1526,-0.15242928854296917,Low Potential
21.55,79.215,0.0075,0.00035737958,0.0039286897919373585,0.1511,-0.14717131020806265,Low Potential
21.55,79.23,0.1435421630261921,0.0011251534,0.07233365820657875,0.1835,-0.11116634179342125,Low Potential
21.55,79.245,0.022589473684210524,0.00081826723,0.011703870458008818,0.2113,-0.19959612954199116,Low Potential
21.55,79.26,0.013380392156862748,0.0011611583,0.007270775237281388,0.4303,-0.42302922476271865,Low Potential
21.55,79.275,0.03766973684210526,0.0021863044,0.019928020633031663,0.4012,-0.3812719793669683,Low Potential
21.55,79.29,0.028392833516672527,0.0023797194,0.01538627645872547,0.2821,-0.26671372354127454,Low Potential
21.55,79.305,0.04063181430278204,0.00030514144,0.02046847787075605,0.1793,-0.15883152212924395,Low Potential
21.55,79.32,0.0107,0.00088107155,0.005790535775851458,0.1564,-0.15060946422414856,Low Potential
21.55,79.335,0.0018823529411764706,0.0008701033,0.0013762281243552398,0.2938,-0.2924237718756448,Low Potential
21.55,79.35,0.051895700060173744,0.002512209,0.027203954472377834,0.5527,-0.5254960455276221,Low Potential
21.55,79.365,0.01,0.00062384474,0.005311922369292006,0.2345,-0.22918807763070798,Low Potential
21.55,79.38,0.138176707591925,0.0059700124,0.0720733599942495,0.5624,-0.4903266400057505,Low Potential
21.55,79.395,0.05112663278750236,0.0023604387,0.026743535741339898,0.157,-0.1302564642586601,Low Potential
21.55,79.41,0.2502231861279714,0.05874798,0.154485583435809,0.241,-0.08651441656419098,Low Potential
21.55,79.425,0.09009972022899401,0.012426372,0.05126304595757729,0.4387,-0.3874369540424227,Low Potential
21.55,79.44,0.09361077648194022,0.024368497,0.05898963654682729,0.1945,-0.13551036345317272,Low Potential
21.55,79.455,0.2623711632139516,0.08906428,0.175717720461241,0.3205,-0.144782279538759,Low Potential
21.55,79.47,0.18030902550398747,0.0117653515,0.09603718851148804,0.1908,-0.09476281148851196,Low Potential
21.55,79.485,0.1258786596337545,0.021640684,0.07375967204469383,0.3678,-0.2940403279553062,Low Potential
21.55,79.5,0.18463837947760753,0.022232376,0.10343537775831785,0.5226,-0.4191646222416821,Low Potential
21.55,79.515,0.157015936822668,0.07241976,0.11471784971702859,0.6772,-0.5624821502829714,Low Potential
21.55,79.53,0.14382862292688636,0.049689766,0.09675919447323456,0.7019,-0.6051408055267654,Low Potential
21.55,79.545,0.15122069872742996,0.045558088,0.09838939312759094,0.7054,-0.607010606872409,Low Potential
21.55,79.56,0.11906505633468548,0.028325995,0.07369552588251789,0.6214,-0.547704474117482,Low Potential
21.55,79.575,0.36050537792541804,0.046098303,0.2033018404876104,0.2444,-0.0410981595123896,Low Potential
21.55,79.59,0.1190660492547285,0.0032595403,0.06116279477870372,0.1867,-0.1255372052212963,Low Potential
21.55,79.605,0.178975983436853,0.035986118,0.10748105072774009,0.2052,-0.09771894927225991,Low Potential
21.55,79.62,0.13154252610134962,0.16153324,0.14653788130247536,0.4166,-0.27006211869752467,Low Potential
21.55,79.635,0.048723809523809516,0.0019774418,0.025350625678116363,0.1602,-0.13484937432188365,Low Potential
21.55,79.65,0.055920774157616274,0.0070205457,0.03147065990767021,0.551,-0.5195293400923299,Low Potential
21.55,79.665,0.09892864488405749,0.028719457,0.06382405087522053,0.474,-0.41017594912477945,Low Potential
21.55,79.68,0.2901187434875679,0.038872734,0.16449573859988212,0.5102,-0.3457042614001179,Low Potential
21.55,79.695,0.9936991084237689,0.994292,0.9939955646107492,0.4441,0.5498955646107493,High Potential
21.55,79.71,0.08139198998871675,0.0037803433,0.04258616666285063,0.1854,-0.14281383333714937,Low Potential
21.55,79.725,0.08235574592671369,0.0049631447,0.04365944529335486,0.2223,-0.17864055470664514,Low Potential
21.55,79.74,0.0923965367965368,0.032499243,0.062447889685256656,0.2123,-0.14985211031474333,Low Potential
21.55,79.755,0.1348954301665938,0.01785607,0.0763757504692036,0.2541,-0.1777242495307964,Low Potential
21.55,79.77,0.08253389167356727,0.0060838396,0.044308865623266684,0.3057,-0.26139113437673334,Low Potential
21.55,79.785,0.06433032818550516,0.0062322277,0.035281277924973015,0.1868,-0.15151872207502698,Low Potential
21.55,79.8,0.039910640782367536,0.0047845226,0.022347581680243884,0.2587,-0.2363524183197561,Low Potential
21.55,79.815,0.003,0.0027503462,0.002875173102132976,0.2362,-0.23332482689786702,Low Potential
21.55,79.83,0.02275714285714286,0.0012840084,0.012020575618584243,0.4663,-0.4542794243814158,Low Potential
21.55,79.845,0.0025,0.0012511524,0.0018755761836655438,0.1486,-0.14672442381633446,Low Potential
21.55,79.86,0.02698949579831933,0.0055159475,0.016252721635311718,0.2609,-0.2446472783646883,Low Potential
21.55,79.875,0.002333333333333333,0.001219231,0.0017762821932944158,0.5894,-0.5876237178067056,Low Potential
21.55,79.89,0.01669650937297996,0.001944904,0.009320706677891593,0.2381,-0.22877929332210842,Low Potential
21.55,79.905,0.02518368886015945,0.0023947468,0.013789217808170285,0.245,-0.23121078219182972,Low Potential
21.55,79.92,0.04692997198879551,0.0015360358,0.024233003891314473,0.2868,-0.2625669961086855,Low Potential
21.55,79.935,0.014988888888888888,0.0024080938,0.008698491330858734,0.4131,-0.40440150866914126,Low Potential
21.55,79.95,0.01991666666666667,0.0065868194,0.013251743044083318,0.1377,-0.12444825695591667,Low Potential
21.55,79.965,0.005,0.0008385737,0.0029192868364043534,0.1736,-0.17068071316359565,Low Potential
21.55,79.98,0.08823550958845076,0.004243908,0.04623970878639846,0.2928,-0.24656029121360154,Low Potential
21.55,79.995,0.0145,0.0010668128,0.0077834063898772005,0.4171,-0.40931659361012285,Low Potential
21.55,80.01,0.010072463768115941,0.0055507463,0.007811605054210277,0.408,-0.40018839494578967,Low Potential
21.55,80.025,0.05800414226296578,0.010682333,0.0343432377618702,0.3601,-0.32575676223812977,Low Potential
21.55,80.04,0.03154909873553941,0.0037704078,0.017659753245233643,0.5051,-0.4874402467547663,Low Potential
21.55,80.055,0.01195386064030132,0.0017611737,0.006857517176661151,0.3907,-0.3838424828233388,Low Potential
21.55,80.07,0.047469963369963376,0.0037932787,0.025631621039508685,0.2195,-0.1938683789604913,Low Potential
21.55,80.085,0.06004740429505136,0.0017926969,0.03092005059087364,0.1986,-0.16767994940912637,Low Potential
21.55,80.1,0.04844444444444444,0.017796112,0.033120278334452045,0.2167,-0.18357972166554795,Low Potential
21.55,80.115,0.2732851855604648,0.22084588,0.24706553184235094,0.2682,-0.02113446815764905,Low Potential
21.55,80.13,0.09315340887015984,0.010703609,0.05192850909757577,0.4746,-0.42267149090242423,Low Potential
21.55,80.145,0.19636289435540424,0.0057104104,0.10103665238762789,0.4785,-0.3774633476123721,Low Potential
21.55,80.16,0.003333333333333333,0.0011148922,0.002224112762293468,0.4648,-0.46257588723770654,Low Potential
21.55,80.175,0.03515555555555555,0.0005931149,0.017874335216337606,0.2577,-0.23982566478366238,Low Potential
21.55,80.19,0.03947127329192547,0.0011472305,0.020309251898468723,0.4329,-0.4125907481015313,Low Potential
21.55,80.205,0.01574871794871795,0.00036427547,0.008056496711642458,0.3573,-0.34924350328835757,Low Potential
21.55,80.22,0.08781180156273036,0.0009365821,0.04437419183258533,0.4172,-0.3728258081674147,Low Potential
21.55,80.235,0.06929731575613929,0.0071854386,0.03824137720200277,0.2067,-0.16845862279799723,Low Potential
21.55,80.25,0.015333333333333332,0.0007177817,0.00802555752514551,0.2271,-0.2190744424748545,Low Potential
21.55,80.265,0.02183095238095238,0.00067218597,0.011251569174547192,0.464,-0.45274843082545285,Low Potential
21.55,80.28,0.0036666666666666666,0.0004480789,0.002057372786647951,0.3023,-0.30024262721335204,Low Potential
21.55,80.295,0.08522493535875887,0.00064853113,0.042936733245102617,0.3722,-0.32926326675489737,Low Potential
21.55,80.31,0.012857142857142857,0.00041466719,0.0066359050212694065,0.2756,-0.2689640949787306,Low Potential
21.55,80.325,0.058038358339287124,0.00052796584,0.029283162087757032,0.237,-0.20771683791224296,Low Potential
21.55,80.34,0.008199999999999999,0.0003325025,0.004266251251357607,0.1689,-0.1646337487486424,Low Potential
21.55,80.355,0.0025,0.00017671463,0.001338357315689791,0.2221,-0.2207616426843102,Low Potential
21.55,80.37,0.019509523809523806,0.0006222311,0.010065877457665988,0.4089,-0.398834122542334,Low Potential
21.55,80.385,0.06319220123782761,0.00044516707,0.03181868415310982,0.5421,-0.5102813158468902,Low Potential
21.55,80.4,0.03908934451126906,0.0013768657,0.02023310508788304,0.2018,-0.18156689491211697,Low Potential
21.55,80.415,0.017233333333333333,0.0003172743,0.008775303817555929,0.1579,-0.1491246961824441,Low Potential
21.55,80.43,0.0078,0.00057519967,0.004187599832518026,0.2281,-0.22391240016748198,Low Potential
21.55,80.445,0.060307957891781415,0.001309993,0.03080897543506537,0.5204,-0.4895910245649346,Low Potential
21.55,80.46,0.0037,0.00042256023,0.002061280115763657,0.1684,-0.16633871988423635,Low Potential
21.55,80.475,0.003722222222222222,0.0005759831,0.0021491026520832545,0.276,-0.2738508973479168,Low Potential
21.55,80.49,0.025112355889724314,0.0003601939,0.012736274892450184,0.4133,-0.40056372510754984,Low Potential
21.565,79.2,0.003133333333333333,0.00089437526,0.0020138542975919943,0.1789,-0.17688614570240802,Low Potential
21.565,79.215,0.06450866722039136,0.002976937,0.03374280210353063,0.1778,-0.14405719789646937,Low Potential
21.565,79.23,0.004333333333333333,0.0007121938,0.0025227635574216643,0.1714,-0.16887723644257832,Low Potential
21.565,79.245,0.0,0.0003358731,0.0001679365523159504,0.1459,-0.14573206344768405,Low Potential
21.565,79.26,0.06019628549984587,0.00050907355,0.030352679525096554,0.3926,-0.36224732047490343,Low Potential
21.565,79.275,0.011606162464985996,0.00070879376,0.006157478110303357,0.3038,-0.29764252188969664,Low Potential
21.565,79.29,0.08642267764914822,0.0022816695,0.04435217358822024,0.1675,-0.12314782641177976,Low Potential
21.565,79.305,0.0103,0.0014043555,0.0058521777564659715,0.1717,-0.16584782224353403,Low Potential
21.565,79.32,0.0037333333333333333,0.0006864383,0.0022098858109364907,0.5373,-0.5350901141890635,Low Potential
21.565,79.335,0.0,0.00032870896,0.00016435448196716607,0.1555,-0.15533564551803283,Low Potential
21.565,79.35,0.012400000000000001,0.0004989909,0.006449495438765735,0.1455,-0.13905050456123424,Low Potential
21.565,79.365,0.12379560007416042,0.003726174,0.0637608869824575,0.3073,-0.24353911301754252,Low Potential
21.565,79.38,0.12801144627683528,0.01407118,0.07104131291535083,0.5274,-0.45635868708464916,Low Potential
21.565,79.395,0.012309523809523808,0.0013761556,0.006842839728486502,0.1429,-0.1360571602715135,Low Potential
21.565,79.41,0.14234645314266053,0.0052802744,0.07381336378740652,0.6823,-0.6084866362125935,Low Potential
21.565,79.425,0.1059006254898838,0.0037345276,0.05481757655565102,0.175,-0.12018242344434897,Low Potential
21.565,79.44,0.12888678233453277,0.03506667,0.08197672700200798,0.2483,-0.16632327299799202,Low Potential
21.565,79.455,0.272375916261584,0.10981604,0.19109597669000944,0.4628,-0.27170402330999055,Low Potential
21.565,79.47,0.012833333333333334,0.002856299,0.007844816190811496,0.1884,-0.1805551838091885,Low Potential
21.565,79.485,0.03159615384615384,0.0070643337,0.01933024374868434,0.1582,-0.13886975625131567,Low Potential
21.565,79.5,0.019683333333333334,0.0027679747,0.011225654038476448,0.1775,-0.16627434596152355,Low Potential
21.565,79.515,0.37553164042688586,0.4927836,0.43415762323964224,0.2238,0.21035762323964224,Low Potential
21.565,79.53,0.12457915713196034,0.077094965,0.1008370609075081,0.1679,-0.06706293909249189,Low Potential
21.565,79.545,0.14616644407685178,0.04611007,0.0961382576593537,0.6675,-0.5713617423406463,Low Potential
21.565,79.56,0.09118963275286804,0.030120298,0.06065496550963943,0.1973,-0.13664503449036058,Low Potential
21.565,79.575,0.19050816189157335,0.005695318,0.09810173988172098,0.2458,-0.14769826011827902,Low Potential
21.565,79.59,0.14538319905550925,0.04829761,0.0968404045946978,0.4644,-0.3675595954053022,Low Potential
21.565,79.605,0.48472969943698135,0.07322728,0.2789784891626035,0.2171,0.061878489162603495,Low Potential
21.565,79.62,0.07731416034155596,0.0376556,0.05748487987842912,0.1614,-0.10391512012157086,Low Potential
21.565,79.635,0.0116,0.0022721565,0.0069360782664269205,0.1856,-0.17866392173357307,Low Potential
21.565,79.65,0.042659928089339855,0.006401428,0.024530678055415214,0.3873,-0.3627693219445848,Low Potential
21.565,79.665,0.016955555555555557,0.0054836106,0.011219583055542576,0.5034,-0.49218041694445736,Low Potential
21.565,79.68,0.04080304239939583,0.0072468193,0.02402493086209363,0.3563,-0.3322750691379064,Low Potential
21.565,79.695,0.16998986012891645,0.025128594,0.09755922689862905,0.238,-0.14044077310137093,Low Potential
21.565,79.71,0.14025417959532574,0.013890448,0.07707231381084241,0.5171,-0.4400276861891576,Low Potential
21.565,79.725,0.0315163887590255,0.0028828378,0.01719961327128538,0.2375,-0.2203003867287146,Low Potential
21.565,79.74,0.12567139378808173,0.007755577,0.06671348544332997,0.3835,-0.31678651455667006,Low Potential
21.565,79.755,0.2562781590922033,0.030497698,0.14338792860276278,0.2605,-0.11711207139723723,Low Potential
21.565,79.77,0.10859039150813342,0.0048021306,0.05669626106825531,0.3242,-0.2675037389317447,Low Potential
21.565,79.785,0.005833333333333333,0.00091947126,0.003376402297678093,0.139,-0.1356235977023219,Low Potential
21.565,79.8,0.1389115694529956,0.007467822,0.07318969581237164,0.351,-0.2778103041876283,Low Potential
21.565,79.815,0.13413358279521123,0.033294454,0.08371401850608416,0.3393,-0.2555859814939158,Low Potential
21.565,79.83,0.08510121194594876,0.00238504,0.043743125996297975,0.4626,-0.41885687400370203,Low Potential
21.565,79.845,0.04293333333333334,0.0039429003,0.02343811683530609,0.182,-0.1585618831646939,Low Potential
21.565,79.86,0.0,0.0011329185,0.0005664592608809471,0.1903,-0.18973354073911905,Low Potential
21.565,79.875,0.030906162464985995,0.0023004166,0.016603289525021984,0.3819,-0.365296710474978,Low Potential
21.565,79.89,0.00684029304029304,0.0022400795,0.004540186247685344,0.2313,-0.22675981375231466,Low Potential
21.565,79.905,0.005942857142857143,0.0019426609,0.003942759017619703,0.1459,-0.1419572409823803,Low Potential
21.565,79.92,0.002,0.0010650672,0.0015325336242094636,0.1444,-0.14286746637579054,Low Potential
21.565,79.935,0.05945119912766971,0.0022707798,0.030860989466463814,0.198,-0.1671390105335362,Low Potential
21.565,79.95,0.04139274917713227,0.015539664,0.028466206510471413,0.4234,-0.39493379348952856,Low Potential
21.565,79.965,0.02322222222222222,0.044381496,0.03380185889369912,0.2776,-0.24379814110630088,Low Potential
21.565,79.98,0.012366666666666665,0.0034442705,0.007905468565163512,0.3605,-0.3525945314348365,Low Potential
21.565,79.995,0.0021666666666666666,0.0016439399,0.0019053032708664735,0.1877,-0.18579469672913354,Low Potential
21.565,80.01,0.01080952380952381,0.0014321185,0.006120821140617842,0.1446,-0.13847917885938216,Low Potential
21.565,80.025,0.01699047619047619,0.0011394569,0.009064966531186587,0.4442,-0.4351350334688134,Low Potential
21.565,80.04,0.04846249121202465,0.003140396,0.025801443592451196,0.5707,-0.5448985564075488,Low Potential
21.565,80.055,0.08276668115312184,0.009896574,0.046331627381862826,0.2511,-0.20476837261813716,Low Potential
21.565,80.07,0.0919032967032967,0.0045884703,0.048245883515947954,0.1545,-0.10625411648405204,Low Potential
21.565,80.085,0.01835386064030132,0.0026600575,0.010506959073878334,0.56,-0.5494930409261217,Low Potential
21.565,80.1,0.10996603613105159,0.021004092,0.0654850640396612,0.6415,-0.5760149359603388,Low Potential
21.565,80.115,0.06957598577892696,0.0017258691,0.03565092745789471,0.213,-0.1773490725421053,Low Potential
21.565,80.13,0.04338719397363465,0.018424222,0.030905708109723533,0.4356,-0.40469429189027645,Low Potential
21.565,80.145,0.13411727299487425,0.0032800492,0.06869866109239972,0.2224,-0.15370133890760027,Low Potential
21.565,80.16,0.074821190070231,0.0021358908,0.03847854041953595,0.3153,-0.27682145958046406,Low Potential
21.565,80.175,0.011949999999999999,0.0010933148,0.006521657422091811,0.4549,-0.4483783425779082,Low Potential
21.565,80.19,0.006,0.0016042076,0.0038021037792786956,0.504,-0.5001978962207213,Low Potential
21.565,80.205,0.00788235294117647,0.0009150975,0.004398725210675312,0.472,-0.4676012747893247,Low Potential
21.565,80.22,0.0292156862745098,0.0004810762,0.014848381231913305,0.3971,-0.3822516187680867,Low Potential
21.565,80.235,0.017822222222222222,0.000368266,0.009095244105147301,0.452,-0.44290475589485273,Low Potential
21.565,80.25,0.0253,0.00030172698,0.012800863488670438,0.5902,-0.5773991365113295,Low Potential
21.565,80.265,0.005955555555555556,0.0010526247,0.0035040901089811493,0.4801,-0.47659590989101885,Low Potential
21.565,80.28,0.05889362532891943,0.0006015263,0.029747575810247357,0.4234,-0.39365242418975266,Low Potential
21.565,80.295,0.01457828282828283,0.00023308607,0.007405684450852351,0.1857,-0.17829431554914765,Low Potential
21.565,80.31,0.016799999999999995,0.0011635161,0.008981758038606492,0.1967,-0.18771824196139353,Low Potential
21.565,80.325,0.04606151965279052,0.00016887771,0.02311519868238789,0.289,-0.2658848013176121,Low Potential
21.565,80.34,0.0031666666666666666,0.00016928626,0.0016679764618359816,0.1491,-0.14743202353816404,Low Potential
21.565,80.355,0.014866666666666667,0.00027462767,0.007570647169936759,0.153,-0.14542935283006325,Low Potential
21.565,80.37,0.10660203052607142,0.0030435133,0.05482277190273982,0.1998,-0.14497722809726019,Low Potential
21.565,80.385,0.024274725274725274,0.00085558137,0.012565153321988144,0.1401,-0.12753484667801185,Low Potential
21.565,80.4,0.030766924873789743,0.0012382222,0.016002573553870417,0.5941,-0.5780974264461295,Low Potential
21.565,80.415,0.058199999999999995,0.0003532287,0.02927661435413174,0.2328,-0.20352338564586828,Low Potential
21.565,80.43,0.03781904761904761,0.00063272426,0.019225885939048157,0.3666,-0.3473741140609518,Low Potential
21.565,80.445,0.01348265460030166,0.0004127249,0.006947689756234127,0.4324,-0.4254523102437659,Low Potential
21.565,80.46,0.025092592592592597,0.00049200695,0.012792299770172343,0.1527,-0.13990770022982765,Low Potential
21.565,80.475,0.0018461538461538463,0.0003595899,0.0011028718747682154,0.4476,-0.4464971281252318,Low Potential
21.565,80.49,0.01446666666666667,0.0010040461,0.007735356364337108,0.165,-0.1572646436356629,Low Potential
21.58,79.2,0.06673463203463202,0.0012057907,0.03397021135307598,0.2292,-0.195229788646924,Low Potential
21.58,79.215,0.13041968055909234,0.0024567517,0.06643821610557714,0.2294,-0.16296178389442284,Low Potential
21.58,79.23,0.007703030303030303,0.0006683917,0.00418571100239783,0.2096,-0.20541428899760217,Low Potential
21.58,79.245,0.0,0.00035095078,0.00017547539027873427,0.1804,-0.18022452460972127,Low Potential
21.58,79.26,0.0057,0.0006046532,0.0031523266035597772,0.1276,-0.12444767339644021,Low Potential
21.58,79.275,0.0026666666666666666,0.0003358731,0.0015012698856492837,0.1434,-0.14189873011435072,Low Potential
21.58,79.29,0.017073600668337508,0.00054509006,0.008809345366371952,0.326,-0.31719065463362806,Low Potential
21.58,79.305,0.003833333333333333,0.0008672097,0.002350271510814006,0.1509,-0.148549728489186,Low Potential
21.58,79.32,0.0026666666666666666,0.0016602008,0.0021634337169428664,0.1851,-0.18293656628305713,Low Potential
21.58,79.335,0.0006666666666666666,0.0006017376,0.0006342021260255326,0.1439,-0.14326579787397448,Low Potential
21.58,79.35,0.044881559290382816,0.0002965262,0.022589042750266283,0.4397,-0.4171109572497337,Low Potential
21.58,79.365,0.01744047619047619,0.0009869392,0.009213707685093617,0.5139,-0.5046862923149064,Low Potential
21.58,79.38,0.077343478482302,0.001795332,0.039569405214903736,0.5132,-0.4736305947850963,Low Potential
21.58,79.395,0.04948275477143401,0.00357959,0.026531172387685747,0.1991,-0.17256882761231426,Low Potential
21.58,79.41,0.003333333333333333,0.00034153654,0.0018374349343745658,0.167,-0.16516256506562543,Low Potential
21.58,79.425,0.19645566901278974,0.022948945,0.1097023069769764,0.401,-0.2912976930230236,Low Potential
21.58,79.44,0.2290053080909757,0.094864875,0.1619350915845885,0.4547,-0.2927649084154115,Low Potential
21.58,79.455,0.3049988757304465,0.65136987,0.4781843727197307,0.1823,0.29588437271973067,Moderate Potential
21.58,79.47,0.041123017652808916,0.023558438,0.03234072773852909,0.1857,-0.15335927226147092,Low Potential
21.58,79.485,0.015596153846153845,0.0036659043,0.009631029063907379,0.1731,-0.16346897093609264,Low Potential
21.58,79.5,0.1989491029703807,0.8015945,0.5002717993718481,0.184,0.3162717993718481,Moderate Potential
21.58,79.515,0.1414760334614905,0.088161506,0.11481876961012644,0.6821,-0.5672812303898735,Low Potential
21.58,79.53,0.12216587996567488,0.033600684,0.07788328211051822,0.6599,-0.5820167178894818,Low Potential
21.58,79.545,0.12432995495878214,0.03389075,0.07911035260897156,0.6599,-0.5807896473910285,Low Potential
21.58,79.56,0.031599935358758886,0.0006816608,0.01614079806855687,0.1811,-0.16495920193144314,Low Potential
21.58,79.575,0.14108494168666585,0.013693662,0.0773893020234882,0.3002,-0.22281069797651182,Low Potential
21.58,79.59,0.046264994425863994,0.014755376,0.03051018505458582,0.2084,-0.17788981494541417,Low Potential
21.58,79.605,0.06980975690975691,0.006122729,0.03796624285973561,0.1759,-0.1379337571402644,Low Potential
21.58,79.62,0.07766190476190474,0.0019643959,0.03981315031385137,0.2698,-0.22998684968614863,Low Potential
21.58,79.635,0.007633333333333333,0.0021887878,0.004911060564468304,0.1742,-0.1692889394355317,Low Potential
21.58,79.65,0.05189842755283932,0.003560561,0.027729494270550808,0.1994,-0.1716705057294492,Low Potential
21.58,79.665,0.07491701296079072,0.002888408,0.03890271049232737,0.4107,-0.37179728950767266,Low Potential
21.58,79.68,0.0662991679256086,0.0035743928,0.03493678034195922,0.4431,-0.40816321965804075,Low Potential
21.58,79.695,0.07810841799709724,0.005255687,0.041682052523809306,0.1856,-0.1439179474761907,Low Potential
21.58,79.71,0.07282033235581624,0.00273323,0.03777678112407231,0.2008,-0.1630232188759277,Low Potential
21.58,79.725,0.0945110639360639,0.03412231,0.0643166872574435,0.4773,-0.4129833127425565,Low Potential
21.58,79.74,0.389479558988894,0.22823188,0.30885571803872036,0.2642,0.04465571803872037,Low Potential
21.58,79.755,0.14798720897927045,0.004327952,0.07615758045486688,0.4643,-0.3881424195451331,Low Potential
21.58,79.77,0.09387618582264678,0.0013631177,0.047619651768063986,0.2296,-0.181980348231936,Low Potential
21.58,79.785,0.16641756854256853,0.020217877,0.09331772271196477,0.2383,-0.14498227728803526,Low Potential
21.58,79.8,0.1997084609692666,0.055663347,0.12768590410676464,0.2285,-0.10081409589323537,Low Potential
21.58,79.815,0.18684722660815378,0.21388344,0.20036533563750814,0.2826,-0.08223466436249188,Low Potential
21.58,79.83,0.01768235294117647,0.0010054978,0.009343925351123598,0.1702,-0.16085607464887638,Low Potential
21.58,79.845,0.018466666666666666,0.0010185897,0.009742628189207365,0.5545,-0.5447573718107926,Low Potential
21.58,79.86,0.02576666666666667,0.011846498,0.018806582160790765,0.2084,-0.18959341783920924,Low Potential
21.58,79.875,0.011739495798319328,0.0014315057,0.006585500729888553,0.4164,-0.40981449927011143,Low Potential
21.58,79.89,0.002466666666666667,0.0017133768,0.0020900217540872597,0.1766,-0.17450997824591274,Low Potential
21.58,79.905,0.05067163865546218,0.0016692866,0.026170462644651938,0.2105,-0.18432953735534804,Low Potential
21.58,79.92,0.0037206349206349207,0.0012084512,0.0024645430739599445,0.1769,-0.17443545692604007,Low Potential
21.58,79.935,0.0,0.003399448,0.0016997240018099546,0.4899,-0.48820027599819005,Low Potential
21.58,79.95,0.0016666666666666666,0.0008619632,0.0012643149328262855,0.3736,-0.3723356850671737,Low Potential
21.58,79.965,0.010990476190476191,0.004620731,0.007805603533699399,0.1502,-0.1423943964663006,Low Potential
21.58,79.98,0.001,0.0014063276,0.0012031637942418456,0.1551,-0.15389683620575814,Low Potential
21.58,79.995,0.00588888888888889,0.0011494193,0.0035191541173909277,0.6358,-0.6322808458826091,Low Potential
21.58,80.01,0.0706987448825684,0.0026200663,0.03665940558291956,0.2448,-0.20814059441708044,Low Potential
21.58,80.025,0.057153831462654986,0.023253046,0.04020343871940847,0.1753,-0.13509656128059155,Low Potential
21.58,80.04,0.0509904761904762,0.0049395626,0.027965019415780196,0.162,-0.1340349805842198,Low Potential
21.58,80.055,0.07156312576312575,0.005076623,0.03831987440960483,0.1416,-0.10328012559039518,Low Potential
21.58,80.07,0.012033333333333335,0.00276845,0.007400891642148297,0.2448,-0.2373991083578517,Low Potential
21.58,80.085,0.10319889418757344,0.006437331,0.054818112579988365,0.1313,-0.07648188742001163,Low Potential
21.58,80.1,0.0129,0.0012430779,0.007071538958512247,0.1773,-0.17022846104148776,Low Potential
21.58,80.115,0.031038150042625747,0.0064591095,0.018748629763887567,0.1717,-0.15295137023611244,Low Potential
21.58,80.13,0.06372044789454928,0.0010084142,0.03236443104613121,0.5462,-0.5138355689538688,Low Potential
21.58,80.145,0.0028819875776397515,0.0006021988,0.0017420932002646143,0.5381,-0.5363579067997354,Low Potential
21.58,80.16,0.020579710144927533,0.0038746032,0.012227156669090406,0.2576,-0.24537284333090958,Low Potential
21.58,80.175,0.17033285405983614,0.07312635,0.12172960369164788,0.2319,-0.11017039630835211,Low Potential
21.58,80.19,0.049264820473644,0.008284301,0.028774560519681802,0.3849,-0.3561254394803182,Low Potential
21.58,80.205,0.004215686274509804,0.0012531768,0.002734431552143731,0.484,-0.48126556844785623,Low Potential
21.58,80.22,0.07421315800967503,0.0035359531,0.03887455556360477,0.2886,-0.24972544443639524,Low Potential
21.58,80.235,0.0,0.00029915708,0.0001495785400038585,0.4642,-0.46405042145999614,Low Potential
21.58,80.25,0.05053616726735921,0.0005987778,0.02556747252569691,0.2704,-0.24483252747430306,Low Potential
21.58,80.265,0.05497366726343708,0.0005538421,0.027763754686765382,0.3904,-0.36263624531323463,Low Potential
21.58,80.28,0.0025,0.00017586559,0.0013379327926668339,0.577,-0.5756620672073332,Low Potential
21.58,80.295,0.018266666666666664,0.0022178844,0.01024227553748836,0.2166,-0.20635772446251163,Low Potential
21.58,80.31,0.01869559748427673,0.0002922935,0.009493945489422003,0.1276,-0.11810605451057798,Low Potential
21.58,80.325,0.06690953829597897,0.0008726905,0.03389111440881263,0.2236,-0.18970888559118737,Low Potential
21.58,80.34,0.07305323477979518,0.002784278,0.03791875639537234,0.6055,-0.5675812436046277,Low Potential
21.58,80.355,0.01788719397363465,0.0013762015,0.009631697744360323,0.4956,-0.48596830225563964,Low Potential
21.58,80.37,0.048139268695214996,0.0011126323,0.024625950516120647,0.5338,-0.5091740494838795,Low Potential
21.58,80.385,0.008533333333333334,0.0005515939,0.0045424636153659475,0.1716,-0.16705753638463405,Low Potential
21.58,80.4,0.0738758448294052,0.0008237506,0.0373497977278505,0.2178,-0.1804502022721495,Low Potential
21.58,80.415,0.0052,0.00023414029,0.002717070143460296,0.172,-0.1692829298565397,Low Potential
21.58,80.43,0.006166666666666667,0.00022063497,0.0031936508206029733,0.1822,-0.17900634917939703,Low Potential
21.58,80.445,0.13839279744163643,0.015236655,0.07681472634591406,0.1531,-0.07628527365408595,Low Potential
21.58,80.46,0.0,0.0003996114,0.00019980569777544588,0.3055,-0.30530019430222455,Low Potential
21.58,80.475,0.0105,0.0010094182,0.005754709081724286,0.3134,-0.30764529091827575,Low Potential
21.58,80.49,0.0147979797979798,0.0009862779,0.007892128869331433,0.3359,-0.32800787113066854,Low Potential
21.595,79.2,0.0,0.00033551018,0.00016775508993305266,0.1587,-0.15853224491006696,Low Potential
21.595,79.215,0.0360037037037037,0.0018700626,0.01893688312758243,0.1488,-0.12986311687241756,Low Potential
21.595,79.23,0.016992307692307692,0.0012919023,0.009142104981237879,0.1423,-0.13315789501876213,Low Potential
21.595,79.245,0.014233333333333334,0.0023012958,0.008267314543450872,0.1992,-0.19093268545654912,Low Potential
21.595,79.26,0.00584,0.0006134605,0.0032267302459385245,0.1695,-0.16627326975406148,Low Potential
21.595,79.275,0.0065,0.0012028752,0.0038514375831000505,0.2534,-0.24954856241689996,Low Potential
21.595,79.29,0.05091752610134962,0.0027686819,0.02684310397581698,0.1971,-0.170256896024183,Low Potential
21.595,79.305,0.008733333333333333,0.0004989909,0.004616162105432401,0.1433,-0.13868383789456762,Low Potential
21.595,79.32,0.004,0.00033520022,0.0021676001120358706,0.1584,-0.15623239988796414,Low Potential
21.595,79.335,0.007,0.0003533185,0.003676659246790223,0.1531,-0.1494233407532098,Low Potential
21.595,79.35,0.01725519761648058,0.0009157019,0.009085449762502829,0.4165,-0.4074145502374972,Low Potential
21.595,79.365,0.012406284565108094,0.00089075486,0.006648519713432627,0.3061,-0.2994514802865674,Low Potential
21.595,79.38,0.015590476190476193,0.0014225141,0.008506495140861011,0.4645,-0.45599350485913903,Low Potential
21.595,79.395,0.2189362996136989,0.05641254,0.13767441999494262,0.248,-0.11032558000505738,Low Potential
21.595,79.41,0.11630264629916333,0.013549919,0.06492628276967,0.3681,-0.30317371723033,Low Potential
21.595,79.425,0.06953454715219422,0.0013061005,0.03542032383392147,0.1632,-0.12777967616607855,Low Potential
21.595,79.44,0.4502032312118865,0.3651453,0.4076742635351348,0.2386,0.1690742635351348,Low Potential
21.595,79.455,0.18521687575789308,0.005536162,0.09537651879333961,0.1871,-0.09172348120666038,Low Potential
21.595,79.47,0.10051320979319706,0.018746398,0.05962980409126825,0.5119,-0.45227019590873174,Low Potential
21.595,79.485,0.09474677577361987,0.013036198,0.053891486878174175,0.279,-0.22510851312182584,Low Potential
21.595,79.5,0.24781608523653548,0.019438311,0.13362719834708472,0.4998,-0.3661728016529153,Low Potential
21.595,79.515,0.1394786587457202,0.22173579,0.1806072245588075,0.1903,-0.009692775441192486,Low Potential
21.595,79.53,0.13858515251555695,0.025231898,0.08190852517326004,0.2634,-0.18149147482674,Low Potential
21.595,79.545,0.39685685406523,0.2856318,0.3412443298617852,0.3275,0.013744329861785198,Low Potential
21.595,79.56,0.017523573200992557,0.00062585593,0.009074714565338225,0.1802,-0.17112528543466177,Low Potential
21.595,79.575,0.09908157696276892,0.012537404,0.05580949046313757,0.5412,-0.48539050953686247,Low Potential
21.595,79.59,0.1108084522202943,0.010797242,0.06080284696148506,0.4996,-0.4387971530385149,Low Potential
21.595,79.605,0.039018728673905635,0.0014664059,0.020242567300554615,0.1674,-0.14715743269944537,Low Potential
21.595,79.62,0.03471200980392158,0.015910579,0.02531129434777826,0.1487,-0.12338870565222174,Low Potential
21.595,79.635,0.004,0.0030108374,0.0035054186806082726,0.1437,-0.14019458131939172,Low Potential
21.595,79.65,0.046360075985777245,0.0061527123,0.02625639413006001,0.199,-0.17274360586994,Low Potential
21.595,79.665,0.07661818181818181,0.002576952,0.03959756695992228,0.1625,-0.12290243304007772,Low Potential
21.595,79.68,0.007366666666666667,0.001036536,0.004201601307590803,0.267,-0.26279839869240923,Low Potential
21.595,79.695,0.04654615384615385,0.017680602,0.032113377997164544,0.2074,-0.17528662200283546,Low Potential
21.595,79.71,0.016825210084033614,0.0004946075,0.008659908787726166,0.4384,-0.42974009121227386,Low Potential
21.595,79.725,0.2992806278979991,0.68883824,0.4940594356912481,0.2791,0.2149594356912481,Moderate Potential
21.595,79.74,0.01824089635854342,0.008688549,0.013464722469177735,0.3927,-0.37923527753082226,Low Potential
21.595,79.755,0.21799136136817518,0.070769854,0.1443806076290587,0.3445,-0.20011939237094128,Low Potential
21.595,79.77,0.055594871794871784,0.0043034866,0.029949179173480618,0.1475,-0.11755082082651938,Low Potential
21.595,79.785,0.04261440781440782,0.0030710807,0.02284274423742765,0.1518,-0.12895725576257233,Low Potential
21.595,79.8,0.019133333333333332,0.00086724147,0.010000287401505435,0.317,-0.30699971259849457,Low Potential
21.595,79.815,0.010846153846153849,0.0033371623,0.007091658080068347,0.1713,-0.16420834191993167,Low Potential
21.595,79.83,0.03370122887864824,0.004152756,0.01892699253149388,0.2924,-0.2734730074685061,Low Potential
21.595,79.845,0.0209389694041868,0.008096655,0.014517812151802577,0.2711,-0.2565821878481974,Low Potential
21.595,79.86,0.02491291866028708,0.0012122847,0.013062601663852244,0.3027,-0.28963739833614777,Low Potential
21.595,79.875,0.01172929292929293,0.001566337,0.006647814942584044,0.2278,-0.22115218505741596,Low Potential
21.595,79.89,0.08631169094752202,0.027275229,0.05679345991020863,0.6538,-0.5970065400897914,Low Potential
21.595,79.905,0.058807649050296104,0.002569433,0.03068854105957635,0.1811,-0.15041145894042365,Low Potential
21.595,79.92,0.009959259259259258,0.0019253358,0.005942297553515958,0.1718,-0.16585770244648404,Low Potential
21.595,79.935,0.0015,0.0014315057,0.0014657528307288885,0.4788,-0.47733424716927114,Low Potential
21.595,79.95,0.003,0.0039549507,0.0034774753600358963,0.3094,-0.3059225246399641,Low Potential
21.595,79.965,0.014033333333333333,0.004371467,0.009202400189886491,0.1758,-0.16659759981011352,Low Potential
21.595,79.98,0.0035,0.0017528355,0.002626417732797563,0.259,-0.25637358226720247,Low Potential
21.595,79.995,0.02516111111111111,0.0016097067,0.01338540889011282,0.2022,-0.18881459110988716,Low Potential
21.595,80.01,0.034154497354497354,0.001864296,0.01800939669470357,0.1348,-0.11679060330529643,Low Potential
21.595,80.025,0.05445145051027403,0.0030872019,0.02876932618224405,0.2862,-0.257430673817756,Low Potential
21.595,80.04,0.036289344511269056,0.0028933245,0.01959133449350224,0.5035,-0.4839086655064977,Low Potential
21.595,80.055,0.011333333333333334,0.0009255696,0.006129451476891215,0.4106,-0.4044705485231088,Low Potential
21.595,80.07,0.03926678876678877,0.0031436756,0.02120523219605651,0.2719,-0.25069476780394345,Low Potential
21.595,80.085,0.005666666666666666,0.00097428606,0.0033204763616280007,0.3421,-0.338779523638372,Low Potential
21.595,80.1,0.018133333333333338,0.0013854773,0.00975940529421593,0.1534,-0.14364059470578408,Low Potential
21.595,80.115,0.15988328818883069,0.020810917,0.09034710260433737,0.2256,-0.13525289739566262,Low Potential
21.595,80.13,0.028128930817610063,0.005793895,0.016961412962186354,0.1591,-0.14213858703781362,Low Potential
21.595,80.145,0.02204615384615385,0.0018382628,0.011942208310567705,0.6364,-0.6244577916894323,Low Potential
21.595,80.16,0.10264779627276598,0.004357034,0.05350241507380276,0.2788,-0.22529758492619723,Low Potential
21.595,80.175,0.027733333333333336,0.0012122847,0.014472809000375371,0.2031,-0.18862719099962463,Low Potential
21.595,80.19,0.014303968253968256,0.0014076601,0.00785581416611279,0.1716,-0.16374418583388722,Low Potential
21.595,80.205,0.055067186820747197,0.0033968238,0.02923200529509124,0.4311,-0.40186799470490875,Low Potential
21.595,80.22,0.027922222222222223,0.022149567,0.02503589439160294,0.4818,-0.4567641056083971,Low Potential
21.595,80.235,0.06615051264524947,0.0014297114,0.033790111998675966,0.6194,-0.585609888001324,Low Potential
21.595,80.25,0.12621111111111108,0.006061252,0.06613618165883751,0.5192,-0.4530638183411625,Low Potential
21.595,80.265,0.0883471152256756,0.0006197102,0.04448341270794863,0.33,-0.28551658729205137,Low Potential
21.595,80.28,0.022115686274509806,0.00018895144,0.011152318856634164,0.1605,-0.14934768114336583,Low Potential
21.595,80.295,0.061065560854240114,0.0023834761,0.03172451848872694,0.1764,-0.14467548151127307,Low Potential
21.595,80.31,0.06021123264146551,0.0013883105,0.030799771548125666,0.18,-0.14920022845187433,Low Potential
21.595,80.325,0.26119388214984185,0.016072547,0.13863321460653666,0.4132,-0.27456678539346335,Low Potential
21.595,80.34,0.08279618735237929,0.0021495218,0.042472854595626455,0.3327,-0.29022714540437355,Low Potential
21.595,80.355,0.08853117152922305,0.016185671,0.05235842131015138,0.6252,-0.5728415786898486,Low Potential
21.595,80.37,0.30205171028069516,0.11917226,0.21061198522295485,0.5138,-0.30318801477704516,Low Potential
21.595,80.385,0.18845139072351347,0.025686609,0.107068999675476,0.3103,-0.203231000324524,Low Potential
21.595,80.4,0.35044350226122667,0.038125318,0.19428440990248586,0.2843,-0.09001559009751414,Low Potential
21.595,80.415,0.0073,0.0003495372,0.0038247686037560925,0.2803,-0.2764752313962439,Low Potential
21.595,80.43,0.03496989966555184,0.0012895653,0.018129732507274777,0.4391,-0.4209702674927252,Low Potential
21.595,80.445,0.03982137681159421,0.0036514404,0.021736408594005028,0.1952,-0.173463591405995,Low Potential
21.595,80.46,0.07914379889116731,0.0029661593,0.041054979073671234,0.2404,-0.19934502092632878,Low Potential
21.595,80.475,0.03026082251082251,0.00029625013,0.015278536321018273,0.2932,-0.27792146367898174,Low Potential
21.595,80.49,0.01,0.00021368105,0.00510684052540455,0.2783,-0.27319315947459544,Low Potential
21.61,79.2,0.003333333333333333,0.0008957275,0.0021145304086773345,0.1658,-0.16368546959132266,Low Potential
21.61,79.215,0.002333333333333333,0.00057737314,0.0014553532362139472,0.15,-0.14854464676378604,Low Potential
21.61,79.23,0.013166666666666665,0.0006017264,0.006884196538090084,0.143,-0.1361158034619099,Low Potential
21.61,79.245,0.003,0.0014924791,0.0022462395587936044,0.2596,-0.2573537604412064,Low Potential
21.61,79.26,0.006069696969696971,0.0016860794,0.0038778881986484388,0.2543,-0.2504221118013516,Low Potential
21.61,79.275,0.06282712121212121,0.0014885503,0.0321578357727137,0.1967,-0.16454216422728632,Low Potential
21.61,79.29,0.0038399999999999997,0.00051048485,0.002175242426646873,0.2119,-0.20972475757335313,Low Potential
21.61,79.305,0.0,0.0003621774,0.0001810887042665854,0.1512,-0.15101891129573342,Low Potential
21.61,79.32,0.006,0.0013628087,0.0036814043736085296,0.165,-0.16131859562639148,Low Potential
21.61,79.335,0.004,0.0006791652,0.0023395825915504247,0.1667,-0.16436041740844956,Low Potential
21.61,79.35,0.03521511470985156,0.000495966,0.01785554035493417,0.3289,-0.3110444596450659,Low Potential
21.61,79.365,0.1689094889630493,0.0035148235,0.0862121562334208,0.3319,-0.24568784376657918,Low Potential
21.61,79.38,0.018678362573099412,0.0002965262,0.009487444391624581,0.5232,-0.5137125556083754,Low Potential
21.61,79.395,0.00982857142857143,0.00027498926,0.0050517803438839375,0.2657,-0.26064821965611606,Low Potential
21.61,79.41,0.026403030303030303,0.0065824683,0.016492749292730834,0.1716,-0.15510725070726916,Low Potential
21.61,79.425,0.22986857820007975,0.03603287,0.13295072430597632,0.207,-0.07404927569402367,Low Potential
21.61,79.44,0.0112,0.0005334736,0.0058667368098627775,0.1613,-0.15543326319013723,Low Potential
21.61,79.455,0.06909592888626782,0.00332212,0.03620902447184338,0.1523,-0.11609097552815661,Low Potential
21.61,79.47,0.014846153846153847,0.0010057809,0.00792596736464363,0.154,-0.14607403263535637,Low Potential
21.61,79.485,0.01515,0.0007968374,0.007973418691474944,0.1672,-0.15922658130852504,Low Potential
21.61,79.5,0.26072210703274373,0.03941064,0.15006637329350295,0.5429,-0.39283362670649713,Low Potential
21.61,79.515,0.13784415974969855,0.0078089475,0.07282655360986884,0.1965,-0.12367344639013117,Low Potential
21.61,79.53,0.08291588919075119,0.003429767,0.04317282808397853,0.3931,-0.34992717191602146,Low Potential
21.61,79.545,0.005179487179487179,0.00035795107,0.002768719123088372,0.1563,-0.15353128087691162,Low Potential
21.61,79.56,0.04146743452625806,0.0008217213,0.02114457790033189,0.1467,-0.1255554220996681,Low Potential
21.61,79.575,0.14477141288663029,0.0038615416,0.07431647725680261,0.2926,-0.2182835227431974,Low Potential
21.61,79.59,0.08381162239503846,0.0037005735,0.043756097929015685,0.1918,-0.1480439020709843,Low Potential
21.61,79.605,0.01143968253968254,0.0004222888,0.005930985674443507,0.1666,-0.1606690143255565,Low Potential
21.61,79.62,0.013297701149425288,0.0004507457,0.006874223420019637,0.2581,-0.25122577657998035,Low Potential
21.61,79.635,0.09436600599999118,0.00333945,0.04885272805393928,0.499,-0.45014727194606075,Low Potential
21.61,79.65,0.0947728942615735,0.0033487584,0.04906082635288176,0.1341,-0.08503917364711824,Low Potential
21.61,79.665,0.1655579187954113,0.5970639,0.3813109089178167,0.4302,-0.04888909108218331,Low Potential
21.61,79.68,0.10434382299286388,0.0081497785,0.056246800731630436,0.4093,-0.35305319926836953,Low Potential
21.61,79.695,0.5104314301593228,0.7886099,0.6495206760457717,0.3622,0.28732067604577166,Moderate Potential
21.61,79.71,0.28677331014381197,0.01409846,0.150435884999267,0.2636,-0.113164115000733,Low Potential
21.61,79.725,0.12358415643180347,0.0037913204,0.06368773840115685,0.3353,-0.2716122615988431,Low Potential
21.61,79.74,0.0932595540070568,0.0098891845,0.0515743692521768,0.137,-0.08542563074782321,Low Potential
21.61,79.755,0.24168927432738374,0.24546948,0.24357937754016434,0.571,-0.3274206224598356,Low Potential
21.61,79.77,0.3485439791606368,0.5951232,0.47183357548348615,0.2807,0.19113357548348614,Moderate Potential
21.61,79.785,0.26074589075120097,0.13140392,0.19607490689293447,0.4298,-0.23372509310706555,Low Potential
21.61,79.8,0.11231650767533119,0.01507037,0.0636934390368965,0.1618,-0.0981065609631035,Low Potential
21.61,79.815,0.08919706959706959,0.005968139,0.04758260431914239,0.2056,-0.15801739568085763,Low Potential
21.61,79.83,0.05546616541353384,0.015447219,0.03545669215797145,0.4145,-0.37904330784202855,Low Potential
21.61,79.845,0.04697142857142857,0.0012819549,0.024126691750796243,0.1959,-0.17177330824920375,Low Potential
21.61,79.86,0.1227186876741802,0.004481895,0.06360029128480729,0.2124,-0.1487997087151927,Low Potential
21.61,79.875,0.0029333333333333334,0.0008425002,0.00188791676016214,0.1828,-0.18091208323983785,Low Potential
21.61,79.89,0.09942477196006609,0.003952628,0.051688699980818396,0.299,-0.24731130001918158,Low Potential
21.61,79.905,0.08785340802987862,0.003952628,0.04590301801572466,0.3332,-0.28729698198427533,Low Potential
21.61,79.92,0.027696848739495798,0.0012840084,0.014490428559760711,0.2517,-0.23720957144023927,Low Potential
21.61,79.935,0.01710714285714286,0.0055426448,0.011324893811185446,0.3856,-0.37427510618881454,Low Potential
21.61,79.95,0.002,0.004868092,0.003434046007692814,0.2968,-0.2933659539923072,Low Potential
21.61,79.965,0.01094981684981685,0.0017151289,0.006332472870959099,0.1571,-0.1507675271290409,Low Potential
21.61,79.98,0.014647489765136823,0.0011766714,0.00791208056148111,0.3025,-0.29458791943851886,Low Potential
21.61,79.995,0.042696566505390034,0.0018528892,0.022274727850702964,0.1587,-0.13642527214929703,Low Potential
21.61,80.01,0.016666666666666666,0.005367169,0.011016917911668618,0.1854,-0.1743830820883314,Low Potential
21.61,80.025,0.003442857142857143,0.001522589,0.002482723076056157,0.2199,-0.21741727692394386,Low Potential
21.61,80.04,0.04069047619047619,0.010786526,0.02573850104780424,0.1668,-0.14106149895219577,Low Potential
21.61,80.055,0.066364550128051,0.0017522073,0.03405837870828477,0.5361,-0.5020416212917153,Low Potential
21.61,80.07,0.03760156542803601,0.009251618,0.023426591627278705,0.2568,-0.23337340837272127,Low Potential
21.61,80.085,0.07195714285714286,0.013575405,0.042766273869786944,0.2006,-0.15783372613021307,Low Potential
21.61,80.1,0.019504816709292414,0.006791,0.013147908249041678,0.3135,-0.30035209175095834,Low Potential
21.61,80.115,0.017568817204301077,0.0008041764,0.009186496791880959,0.1326,-0.12341350320811903,Low Potential
21.61,80.13,0.2309875933577273,0.07007978,0.1505336872363912,0.6729,-0.5223663127636089,Low Potential
21.61,80.145,0.03952864419112297,0.0043301387,0.021929391433495742,0.308,-0.28607060856650424,Low Potential
21.61,80.16,0.15418552582474992,0.15458858,0.15438705297814034,0.6159,-0.46151294702185963,Low Potential
21.61,80.175,0.01538888888888889,0.009689026,0.012538957234885958,0.4689,-0.456361042765114,Low Potential
21.61,80.19,0.0895211486226192,0.026937665,0.05822940702020481,0.4761,-0.41787059297979523,Low Potential
21.61,80.205,0.04183333333333333,0.008319177,0.025076255033413566,0.3942,-0.36912374496658645,Low Potential
21.61,80.22,0.01753076923076923,0.0023367608,0.009933764990404822,0.1449,-0.13496623500959518,Low Potential
21.61,80.235,0.04250508081294527,0.002540003,0.022522541927806686,0.249,-0.22647745807219333,Low Potential
21.61,80.25,0.09992169777871081,0.003042437,0.051482067341026706,0.2455,-0.1940179326589733,Low Potential
21.61,80.265,0.0865587170548944,0.0022037276,0.044381222330789186,0.367,-0.3226187776692108,Low Potential
21.61,80.28,0.06893107448107448,0.004541287,0.03673618083986862,0.2022,-0.16546381916013136,Low Potential
21.61,80.295,0.15978292233068103,0.0030942115,0.08143856689212647,0.466,-0.38456143310787355,Low Potential
21.61,80.31,0.0473608432846823,0.018701507,0.03303117503164006,0.4659,-0.43286882496835993,Low Potential
21.61,80.325,0.021141269841269843,0.001307992,0.011224630936533805,0.6356,-0.6243753690634662,Low Potential
21.61,80.34,0.06257619047619048,0.012309833,0.03744301195297213,0.2065,-0.16905698804702785,Low Potential
21.61,80.355,0.27893703425917044,0.100485,0.18971101564662166,0.3197,-0.12998898435337833,Low Potential
21.61,80.37,0.041647456877487846,0.0025563524,0.022101904643976662,0.5303,-0.5081980953560233,Low Potential
21.61,80.385,0.10762136393018745,0.015134524,0.06137794377643954,0.3575,-0.29612205622356047,Low Potential
21.61,80.4,0.3697426519446811,0.12848452,0.2491135846402864,0.2983,-0.0491864153597136,Low Potential
21.61,80.415,0.15754527163022583,0.0023324182,0.07993884492796573,0.3163,-0.2363611550720343,Low Potential
21.61,80.43,0.08697292964319384,0.015351228,0.051162079029579935,0.3958,-0.34463792097042006,Low Potential
21.61,80.445,0.08080491000227841,0.00778195,0.04429342991393165,0.1959,-0.15160657008606834,Low Potential
21.61,80.46,0.10789487293752,0.007871589,0.057883230814794524,0.1724,-0.11451676918520548,Low Potential
21.61,80.475,0.0035,0.0011454974,0.002322748715057969,0.2597,-0.25737725128494204,Low Potential
21.61,80.49,0.0,0.0011454974,0.0005727487150579691,0.3096,-0.309027251284942,Low Potential
21.625,79.2,0.0076,0.0017012568,0.0046506284211762245,0.1357,-0.13104937157882376,Low Potential
21.625,79.215,0.002,0.00035157046,0.0011757852296577767,0.1688,-0.16762421477034223,Low Potential
21.625,79.23,0.10702951163044042,0.0019461514,0.05448783150170851,0.1973,-0.14281216849829148,Low Potential
21.625,79.245,0.031140641025641028,0.0005210822,0.01583086161194417,0.2203,-0.20446913838805583,Low Potential
21.625,79.26,0.006333333333333333,0.0006669517,0.0035001425178876767,0.1809,-0.17739985748211232,Low Potential
21.625,79.275,0.006,0.001343124,0.0036715619820170105,0.1843,-0.18062843801798298,Low Potential
21.625,79.29,0.017225641025641027,0.0005961694,0.008910905203987391,0.1688,-0.15988909479601263,Low Potential
21.625,79.305,0.0028,0.0008462483,0.0018231241473462432,0.187,-0.18517687585265374,Low Potential
21.625,79.32,0.0021333333333333334,0.0007423328,0.0014378330551708739,0.1352,-0.13376216694482912,Low Potential
21.625,79.335,0.03796899212495987,0.0004699178,0.0192194549673917,0.1842,-0.1649805450326083,Low Potential
21.625,79.35,0.008,0.0003120477,0.004156023845192976,0.1624,-0.158243976154807,Low Potential
21.625,79.365,0.011733333333333333,0.00088617805,0.006309755692460264,0.3191,-0.3127902443075397,Low Potential
21.625,79.38,0.008523809523809522,0.0017012568,0.005112533183080986,0.1837,-0.178587466816919,Low Potential
21.625,79.395,0.07482000317689971,0.0011162285,0.037968115849816284,0.1777,-0.13973188415018373,Low Potential
21.625,79.41,0.0891824134541402,0.00880618,0.048994296831530816,0.1958,-0.1468057031684692,Low Potential
21.625,79.425,0.16907036257425917,0.0067309,0.08790063136016316,0.2262,-0.13829936863983686,Low Potential
21.625,79.44,0.03458968431947559,0.004537568,0.01956362614071831,0.1652,-0.14563637385928171,Low Potential
21.625,79.455,0.05767330827067669,0.0038445247,0.03075891650219945,0.3356,-0.30484108349780054,Low Potential
21.625,79.47,0.07394162410831216,0.018613834,0.04627772902119042,0.412,-0.36572227097880955,Low Potential
21.625,79.485,0.015636363636363636,0.00039430207,0.008015332853717898,0.179,-0.1709846671462821,Low Potential
21.625,79.5,0.014565079365079364,0.00033972677,0.007452403068502936,0.1678,-0.16034759693149708,Low Potential
21.625,79.515,0.11440229986731534,0.011287685,0.06284499220984342,0.6412,-0.5783550077901566,Low Potential
21.625,79.53,0.017436616679253426,0.00052904565,0.008982831162898986,0.1728,-0.163817168837101,Low Potential
21.625,79.545,0.19055463950694634,0.007135046,0.098844842843642,0.1862,-0.087355157156358,Low Potential
21.625,79.56,0.3058323525339469,0.039119057,0.17247570494562908,0.4149,-0.2424242950543709,Low Potential
21.625,79.575,0.008133333333333333,0.0010719171,0.004602625229644278,0.2038,-0.19919737477035573,Low Potential
21.625,79.59,0.06308277187707928,0.0060915574,0.03458716466011061,0.1673,-0.1327128353398894,Low Potential
21.625,79.605,0.0356952380952381,0.0029885904,0.01934191424422676,0.219,-0.19965808575577323,Low Potential
21.625,79.62,0.018876893939393936,0.0016226433,0.010249768630573242,0.1404,-0.13015023136942674,Low Potential
21.625,79.635,0.04321239018434141,0.0040332917,0.023622840948372352,0.2305,-0.20687715905162765,Low Potential
21.625,79.65,0.12336076242597983,0.015271071,0.06931591688529692,0.1771,-0.10778408311470308,Low Potential
21.625,79.665,0.05188687787535923,0.008093745,0.02999031166152724,0.3517,-0.3217096883384728,Low Potential
21.625,79.68,0.034555555555555555,0.0012410496,0.01789830258421393,0.5285,-0.5106016974157861,Low Potential
21.625,79.695,0.2977686257556859,0.15543273,0.22660067833442407,0.4754,-0.24879932166557592,Low Potential
21.625,79.71,0.0712862332112332,0.026969057,0.0491276448938618,0.5032,-0.4540723551061382,Low Potential
21.625,79.725,0.13990658122922825,0.010259932,0.075083256568143,0.5315,-0.45641674343185695,Low Potential
21.625,79.74,0.1950392601527826,0.009721647,0.10238045358474335,0.1972,-0.09481954641525664,Low Potential
21.625,79.755,0.06298973999856353,0.023597153,0.04329344645111978,0.5092,-0.4659065535488802,Low Potential
21.625,79.77,0.37475157946393317,0.32928845,0.3520200161638132,0.261,0.09102001616381317,Low Potential
21.625,79.785,0.2674878136988613,0.11722593,0.19235687189679013,0.2203,-0.02794312810320987,Low Potential
21.625,79.8,0.2049356097599566,0.5820333,0.3934844431589395,0.1978,0.1956844431589395,Low Potential
21.625,79.815,0.5271250525132576,0.1600345,0.34357977256257133,0.3363,0.0072797725625713405,Low Potential
21.625,79.83,0.30739900149729876,0.05656144,0.18198022086335733,0.5376,-0.35561977913664267,Low Potential
21.625,79.845,0.09313712872095224,0.05042673,0.07178192887220441,0.4212,-0.3494180711277956,Low Potential
21.625,79.86,0.04906339412221765,0.0076700584,0.0283667262626909,0.2233,-0.1949332737373091,Low Potential
21.625,79.875,0.02156969696969697,0.012106008,0.016837852433030355,0.1457,-0.12886214756696965,Low Potential
21.625,79.89,0.02806531986531987,0.0013487976,0.014707058723239224,0.1766,-0.1618929412767608,Low Potential
21.625,79.905,0.028351515151515152,0.0009263093,0.014638912237459568,0.1567,-0.14206108776254045,Low Potential
21.625,79.92,0.005942857142857143,0.0012531768,0.0035980169863174005,0.2698,-0.2662019830136826,Low Potential
21.625,79.935,0.008583068783068783,0.0014668419,0.00502495534282631,0.1535,-0.14847504465717368,Low Potential
21.625,79.95,0.009023809523809524,0.0012472966,0.005135553049633191,0.2602,-0.2550644469503668,Low Potential
21.625,79.965,0.004783150183150183,0.0019426609,0.0033629055377662237,0.1364,-0.13303709446223377,Low Potential
21.625,79.98,0.03185125626007979,0.0011755442,0.01651340024237963,0.5506,-0.5340865997576203,Low Potential
21.625,79.995,0.004,0.0018883033,0.0029441516594961286,0.1598,-0.15685584834050387,Low Potential
21.625,80.01,0.011553711201079621,0.0007902526,0.0061719818920905065,0.1879,-0.1817280181079095,Low Potential
21.625,80.025,0.10772321428571431,0.080304384,0.09401379925864084,0.3678,-0.2737862007413592,Low Potential
21.625,80.04,0.06666447368421052,0.002330447,0.03449746038284349,0.5487,-0.5142025396171565,Low Potential
21.625,80.055,0.006833333333333333,0.0012322981,0.004032815712193648,0.2747,-0.27066718428780634,Low Potential
21.625,80.07,0.006149999999999999,0.0041281832,0.0051390916191041466,0.1355,-0.13036090838089587,Low Potential
21.625,80.085,0.004942857142857143,0.000863333,0.002903095071363662,0.2038,-0.20089690492863635,Low Potential
21.625,80.1,0.015322222222222223,0.003938732,0.009630477212659187,0.4894,-0.4797695227873408,Low Potential
21.625,80.115,0.0095,0.0009042124,0.005202106207376346,0.4118,-0.4065978937926237,Low Potential
21.625,80.13,0.0018,0.0040677357,0.002933867873251438,0.5336,-0.5306661321267485,Low Potential
21.625,80.145,0.042213584867145236,0.0030532775,0.022633431182628182,0.2804,-0.2577665688173718,Low Potential
21.625,80.16,0.0966126984126984,0.02587969,0.06124619441815311,0.3662,-0.3049538055818469,Low Potential
21.625,80.175,0.09928452919629391,0.0041620247,0.051723276951448,0.2422,-0.190476723048552,Low Potential
21.625,80.19,0.0768639546727782,0.01500893,0.045936442394835034,0.2011,-0.15516355760516498,Low Potential
21.625,80.205,0.07328359227992896,0.00786202,0.04057280628193321,0.5711,-0.5305271937180669,Low Potential
21.625,80.22,0.11446657982540331,0.019473832,0.06697020596301656,0.2941,-0.2271297940369834,Low Potential
21.625,80.235,0.07279304330299753,0.0017603405,0.0372766919157801,0.3983,-0.3610233080842199,Low Potential
21.625,80.25,0.21171828032973908,0.0278654,0.11979184043379378,0.5402,-0.42040815956620625,Low Potential
21.625,80.265,0.11467831253713605,0.091750465,0.10321438893529891,0.4301,-0.32688561106470104,Low Potential
21.625,80.28,0.1794052079974573,0.010825064,0.09511513601536359,0.405,-0.30988486398463644,Low Potential
21.625,80.295,0.14601948545950091,0.024479803,0.08524964407869894,0.3257,-0.24045035592130104,Low Potential
21.625,80.31,0.08172279718083324,0.03110367,0.05641323388895483,0.5818,-0.5253867661110452,Low Potential
21.625,80.325,0.1116441716436523,0.024147462,0.06789581687172144,0.6058,-0.5379041831282786,Low Potential
21.625,80.34,0.30045664318436827,0.16411239,0.23228451613602263,0.2824,-0.05011548386397735,Low Potential
21.625,80.355,0.22919311174486162,0.17693439,0.20306375150250436,0.2421,-0.03903624849749565,Low Potential
21.625,80.37,0.054913888888888894,0.0149511015,0.03493249519657758,0.1844,-0.1494675048034224,Low Potential
21.625,80.385,0.34634003906310407,0.50356007,0.4249500526431243,0.3728,0.05215005264312428,Low Potential
21.625,80.4,0.2984580300929115,0.50109065,0.3997743379415058,0.5572,-0.15742566205849423,Low Potential
21.625,80.415,0.057184541861961216,0.00031381028,0.028749176069263645,0.2033,-0.17455082393073637,Low Potential
21.625,80.43,0.020466666666666664,0.0006641052,0.010565385919933517,0.1662,-0.15563461408006646,Low Potential
21.625,80.445,0.021439335664335667,0.0017621204,0.011600728033376872,0.5692,-0.5575992719666232,Low Potential
21.625,80.46,0.16549468432324466,0.005816526,0.08565560505145459,0.213,-0.1273443949485454,Low Potential
21.625,80.475,0.0025,0.0016443289,0.0020721644675359132,0.4833,-0.4812278355324641,Low Potential
21.625,80.49,0.021333333333333336,0.0031691303,0.012251231817218166,0.4124,-0.40014876818278183,Low Potential
21.64,79.2,0.012492307692307693,0.0013570021,0.006924654879843673,0.1625,-0.15557534512015633,Low Potential
21.64,79.215,0.0123,0.0018898193,0.007094909639656544,0.1624,-0.15530509036034346,Low Potential
21.64,79.23,0.007857142857142858,0.001955855,0.00490649889821985,0.2269,-0.22199350110178015,Low Potential
21.64,79.245,0.03877272727272727,0.00089525816,0.01983399271418933,0.1722,-0.15236600728581065,Low Potential
21.64,79.26,0.017303030303030306,0.00085571187,0.009079371086928543,0.1963,-0.18722062891307145,Low Potential
21.64,79.275,0.018833333333333337,0.003039313,0.010936323173965019,0.2262,-0.215263676826035,Low Potential
21.64,79.29,0.011789473684210527,0.00030475535,0.006047114515762874,0.1735,-0.16745288548423712,Low Potential
21.64,79.305,0.013000925925925924,0.0005977466,0.006799336251519896,0.1562,-0.1494006637484801,Low Potential
21.64,79.32,0.013785547785547787,0.0013376597,0.007561603723602948,0.1475,-0.13993839627639704,Low Potential
21.64,79.335,0.02068888888888889,0.0003565273,0.010522708098096255,0.2224,-0.21187729190190374,Low Potential
21.64,79.35,0.002,0.000297161,0.001148580496897921,0.1603,-0.15915141950310208,Low Potential
21.64,79.365,0.006,0.00033142362,0.003165711811860092,0.1319,-0.1287342881881399,Low Potential
21.64,79.38,0.003333333333333333,0.00039962548,0.001866479407569083,0.376,-0.37413352059243093,Low Potential
21.64,79.395,0.003,0.0010655457,0.002032772857695818,0.1455,-0.14346722714230417,Low Potential
21.64,79.41,0.047583390922802685,0.002077908,0.024830649472565948,0.2248,-0.19996935052743406,Low Potential
21.64,79.425,0.08395582752597272,0.0002997818,0.042127804659850596,0.2254,-0.18327219534014938,Low Potential
21.64,79.44,0.051699180558004085,0.00045073646,0.026074958511351908,0.1598,-0.13372504148864808,Low Potential
21.64,79.455,0.09781365301365301,0.0094362935,0.053624973259392604,0.1508,-0.09717502674060738,Low Potential
21.64,79.47,0.1718278910716367,0.0019043764,0.08686613375243382,0.2359,-0.14903386624756618,Low Potential
21.64,79.485,0.14387476898472318,0.0029867424,0.07343075570055996,0.4333,-0.35986924429944006,Low Potential
21.64,79.5,0.035578571428571425,0.0013674684,0.018473019907729964,0.2172,-0.19872698009227005,Low Potential
21.64,79.515,0.028147354497354497,0.0035673464,0.0158573504345324,0.4992,-0.4833426495654676,Low Potential
21.64,79.53,0.06469949874686717,0.012854559,0.03877702904695034,0.5883,-0.5495229709530497,Low Potential
21.64,79.545,0.09095368143347271,0.005963666,0.04845867366618101,0.1672,-0.11874132633381898,Low Potential
21.64,79.56,0.4223084371596755,0.46702147,0.4446649512305946,0.2709,0.1737649512305946,Low Potential
21.64,79.575,0.021226839826839827,0.0005234473,0.010875143559382688,0.4363,-0.42542485644061734,Low Potential
21.64,79.59,0.002,0.00035045765,0.0011752288226271048,0.1565,-0.1553247711773729,Low Potential
21.64,79.605,0.02247689393939394,0.0012363018,0.011856597893098087,0.1662,-0.1543434021069019,Low Potential
21.64,79.62,0.0015,0.00018026658,0.0008401332896319218,0.519,-0.5181598667103681,Low Potential
21.64,79.635,0.015959470636889992,0.0003051269,0.008132298761852412,0.1869,-0.17876770123814759,Low Potential
21.64,79.65,0.06735784975258659,0.0048899814,0.036123915554052345,0.6055,-0.5693760844459477,Low Potential
21.64,79.665,0.11340222045536359,0.0041256156,0.058763918018616836,0.308,-0.24923608198138317,Low Potential
21.64,79.68,0.08493665089420581,0.0010886338,0.043012642339149386,0.3712,-0.3281873576608506,Low Potential
21.64,79.695,0.05106923860092989,0.004453138,0.02776118829178329,0.4512,-0.4234388117082167,Low Potential
21.64,79.71,0.04289841269841269,0.0015570335,0.022227723103714365,0.1684,-0.14617227689628562,Low Potential
21.64,79.725,0.04875228301110654,0.003921689,0.026336986005543614,0.152,-0.1256630139944564,Low Potential
21.64,79.74,0.10521439138781853,0.024489768,0.06485207961863193,0.2064,-0.14154792038136807,Low Potential
21.64,79.755,0.21373665332252287,0.05451654,0.13412659615007294,0.303,-0.16887340384992705,Low Potential
21.64,79.77,0.10210263743824112,0.0053082206,0.05370542903344506,0.2902,-0.23649457096655496,Low Potential
21.64,79.785,0.2580249600921997,0.16011721,0.20907108452493592,0.1564,0.05267108452493591,Low Potential
21.64,79.8,0.17328152281192727,0.07666883,0.12497517576887104,0.2729,-0.14792482423112893,Low Potential
21.64,79.815,0.15375908662275936,0.06163316,0.10769612254895998,0.1599,-0.05220387745104001,Low Potential
21.64,79.83,0.34474650532085593,0.08736314,0.21605482205787746,0.5731,-0.3570451779421226,Low Potential
21.64,79.845,0.0750037037037037,0.009029998,0.04201685107386222,0.1419,-0.09988314892613778,Low Potential
21.64,79.86,0.0818506993006993,0.009993006,0.04592185242232326,0.1542,-0.10827814757767674,Low Potential
21.64,79.875,0.037054526355996945,0.004196451,0.02062548870078485,0.5449,-0.5242745112992152,Low Potential
21.64,79.89,0.014098039215686274,0.0018452063,0.007971622733061439,0.566,-0.5580283772669385,Low Potential
21.64,79.905,0.04891023637525185,0.0016083063,0.025259271342230064,0.217,-0.19174072865776992,Low Potential
21.64,79.92,0.018338816738816734,0.001566337,0.009952576847345946,0.2027,-0.19274742315265406,Low Potential
21.64,79.935,0.006549999999999999,0.0055426448,0.006046322382614017,0.2942,-0.288153677617386,Low Potential
21.64,79.95,0.001,0.0009706911,0.0009853455466218293,0.5319,-0.5309146544533783,Low Potential
21.64,79.965,0.009942857142857146,0.00091379404,0.005428325589440232,0.1843,-0.17887167441055976,Low Potential
21.64,79.98,0.003,0.00259537,0.0027976849684491754,0.1376,-0.13480231503155082,Low Potential
21.64,79.995,0.0015,0.0014315057,0.0014657528307288885,0.4683,-0.46683424716927113,Low Potential
21.64,80.01,0.02342857142857143,0.0054538073,0.014441189365195378,0.1831,-0.16865881063480465,Low Potential
21.64,80.025,0.012066666666666665,0.002028221,0.007047443849158783,0.3162,-0.3091525561508412,Low Potential
21.64,80.04,0.0063,0.0017858938,0.0040429469040594995,0.1246,-0.1205570530959405,Low Potential
21.64,80.055,0.005833333333333333,0.0011812588,0.0035072960766653217,0.6566,-0.6530927039233346,Low Potential
21.64,80.07,0.013109523809523809,0.0009867201,0.007048121947799587,0.4872,-0.48015187805220044,Low Potential
21.64,80.085,0.007523809523809523,0.0014063276,0.004465068556146607,0.1374,-0.13293493144385338,Low Potential
21.64,80.1,0.022200000000000004,0.0162198,0.019209900169074538,0.1983,-0.17909009983092547,Low Potential
21.64,80.115,0.01603333333333333,0.0035716493,0.009802491324084499,0.2184,-0.2085975086759155,Low Potential
21.64,80.13,0.04342738960386019,0.002326785,0.022877087246071303,0.1707,-0.1478229127539287,Low Potential
21.64,80.145,0.006242857142857143,0.0011278683,0.0036853627257714314,0.1834,-0.17971463727422857,Low Potential
21.64,80.16,0.08245714285714285,0.019787578,0.051122360384677136,0.1546,-0.10347763961532286,Low Potential
21.64,80.175,0.03119047619047619,0.004535946,0.01786321112708676,0.1314,-0.11353678887291323,Low Potential
21.64,80.19,0.039830769230769225,0.017929364,0.028880066613279853,0.1588,-0.12991993338672014,Low Potential
21.64,80.205,0.008692857142857143,0.0014758131,0.005084335121485804,0.2862,-0.2811156648785142,Low Potential
21.64,80.22,0.08148781528928586,0.03198185,0.05673483173478995,0.3459,-0.28916516826521005,Low Potential
21.64,80.235,0.07289047619047617,0.005698386,0.03929443115228343,0.3675,-0.32820556884771657,Low Potential
21.64,80.25,0.004333333333333333,0.000801752,0.002567542652754734,0.5989,-0.5963324573472453,Low Potential
21.64,80.265,0.009609523809523809,0.00073525467,0.005172389238378742,0.1482,-0.14302761076162127,Low Potential
21.64,80.28,0.14476559306706366,0.063787244,0.10427641866368739,0.2019,-0.0976235813363126,Low Potential
21.64,80.295,0.09499993507403644,0.0039764717,0.04948820339808122,0.5299,-0.4804117966019188,Low Potential
21.64,80.31,0.11039110077229272,0.026597613,0.06849435712052947,0.3287,-0.2602056428794705,Low Potential
21.64,80.325,0.04569517345399698,0.0030960168,0.024395595138189893,0.1865,-0.1621044048618101,Low Potential
21.64,80.34,0.07483334781978848,0.0071665435,0.04099994566479982,0.1995,-0.1585000543352002,Low Potential
21.64,80.355,0.35321770665694807,0.07450588,0.21386179356599616,0.2778,-0.06393820643400383,Low Potential
21.64,80.37,0.292789814024536,0.15261662,0.22270321704415888,0.3583,-0.13559678295584113,Low Potential
21.64,80.385,0.09647182662538696,0.042185042,0.06932843433942401,0.466,-0.39667156566057604,Low Potential
21.64,80.4,0.18103401151988108,0.03922675,0.11013038164721528,0.2287,-0.1185696183527847,Low Potential
21.64,80.415,0.011233333333333333,0.00085688353,0.0060451084330833205,0.1791,-0.1730548915669167,Low Potential
21.64,80.43,0.015333333333333334,0.00063671864,0.00798502598834845,0.1603,-0.15231497401165156,Low Potential
21.64,80.445,0.21090611433897116,0.007369627,0.1091378705590402,0.1898,-0.0806621294409598,Low Potential
21.64,80.46,0.0068000000000000005,0.00058238633,0.0036911931660491976,0.1452,-0.14150880683395078,Low Potential
21.64,80.475,0.0047,0.0015563286,0.0031281643071211875,0.3932,-0.3900718356928788,Low Potential
21.64,80.49,0.0017,0.0017210639,0.0017105319308117033,0.4027,-0.4009894680691883,Low Potential
21.655,79.2,0.016833333333333332,0.0022029297,0.00951813151470075,0.2085,-0.19898186848529925,Low Potential
21.655,79.215,0.0006666666666666666,0.0006185253,0.0006425959908713896,0.1991,-0.19845740400912862,Low Potential
21.655,79.23,0.1702275308998993,0.0147694545,0.09249849269328371,0.4916,-0.3991015073067163,Low Potential
21.655,79.245,0.05146925165980627,0.0030447894,0.027257020541986178,0.5436,-0.5163429794580138,Low Potential
21.655,79.26,0.009666666666666665,0.0010655457,0.005366106191029151,0.1724,-0.16703389380897085,Low Potential
21.655,79.275,0.007125925925925926,0.0004265271,0.0037762265193241615,0.1858,-0.18202377348067583,Low Potential
21.655,79.29,0.01589925925925926,0.00059441227,0.00824683576346651,0.1978,-0.18955316423653348,Low Potential
21.655,79.305,0.002,0.00048035837,0.0012401791862212122,0.1573,-0.15605982081377878,Low Potential
21.655,79.32,0.0,0.00031662552,0.0001583127595949918,0.1279,-0.12774168724040502,Low Potential
21.655,79.335,0.0,0.0004907968,0.00024539840524084866,0.2019,-0.20165460159475915,Low Potential
21.655,79.35,0.02493939393939394,0.0013919398,0.01316566687912652,0.1587,-0.1455343331208735,Low Potential
21.655,79.365,0.007866666666666666,0.0009781072,0.004422386940785994,0.2065,-0.20207761305921398,Low Potential
21.655,79.38,0.006333333333333333,0.0013015963,0.003817464811882625,0.1629,-0.15908253518811735,Low Potential
21.655,79.395,0.018632592592592593,0.0007698518,0.009701222190037025,0.1905,-0.18079877780996298,Low Potential
21.655,79.41,0.003,0.0019252716,0.0024626357932575047,0.1498,-0.14733736420674248,Low Potential
21.655,79.425,0.0,0.00035737958,0.00017868979193735868,0.1728,-0.17262131020806265,Low Potential
21.655,79.44,0.06172476190476191,0.0011353629,0.0314300623995181,0.5143,-0.48286993760048186,Low Potential
21.655,79.455,0.03535440874914559,0.0037005735,0.019527491106069248,0.2191,-0.19957250889393074,Low Potential
21.655,79.47,0.02128450347881088,0.0005198301,0.010902166786032142,0.1611,-0.15019783321396785,Low Potential
21.655,79.485,0.030869585063892466,0.0004544584,0.015662021735975078,0.1501,-0.13443797826402493,Low Potential
21.655,79.5,0.12261969456296931,0.009049447,0.06583457090815788,0.5019,-0.43606542909184215,Low Potential
21.655,79.515,0.17094420200542484,0.026018238,0.09848121985026138,0.3554,-0.2569187801497386,Low Potential
21.655,79.53,0.03749847288299767,0.0008896191,0.019194045998437544,0.1606,-0.14140595400156244,Low Potential
21.655,79.545,0.006,0.000453901,0.003226950505748391,0.1562,-0.1529730494942516,Low Potential
21.655,79.56,0.0214,0.00085325947,0.011126629732828587,0.4174,-0.4062733702671714,Low Potential
21.655,79.575,0.12462376410924796,0.0021692882,0.06339652616922262,0.3112,-0.24780347383077736,Low Potential
21.655,79.59,0.017143560606060603,0.0014016945,0.009272627548783113,0.2137,-0.2044273724512169,Low Potential
21.655,79.605,0.014476893939393939,0.0012658179,0.007871355921653748,0.1654,-0.15752864407834624,Low Potential
21.655,79.62,0.023792592592592594,0.00039144876,0.012092020676615304,0.2074,-0.1953079793233847,Low Potential
21.655,79.635,0.13469580627815922,0.015033511,0.07486465886154274,0.4203,-0.34543534113845725,Low Potential
21.655,79.65,0.35421974223931185,0.11248892,0.233354330122866,0.5581,-0.32474566987713405,Low Potential
21.655,79.665,0.171979098978062,0.0015067116,0.08674290528361724,0.2371,-0.15035709471638276,Low Potential
21.655,79.68,0.292392172072405,0.27254707,0.2824696191420527,0.4964,-0.2139303808579473,Low Potential
21.655,79.695,0.23874441392526594,0.10661652,0.1726804666584013,0.3044,-0.1317195333415987,Low Potential
21.655,79.71,0.18510804465011962,0.19903645,0.19207224692203706,0.4061,-0.21402775307796296,Low Potential
21.655,79.725,0.10433436961783733,0.011270706,0.05780253761417551,0.1899,-0.1320974623858245,Low Potential
21.655,79.74,0.15707541844971318,0.019658266,0.08836684204254219,0.3564,-0.2680331579574578,Low Potential
21.655,79.755,0.08903103379563206,0.012620184,0.0508256087174302,0.221,-0.1701743912825698,Low Potential
21.655,79.77,0.1027754372261725,0.0060474677,0.05441145246365478,0.4254,-0.37098854753634525,Low Potential
21.655,79.785,0.30748977721358434,0.05525722,0.1813734985173995,0.2305,-0.049126501482600504,Low Potential
21.655,79.8,0.30529826990799197,0.17509405,0.24019616152860765,0.5551,-0.31490383847139236,Low Potential
21.655,79.815,0.12036241834795848,0.0810476,0.1007050101729054,0.3226,-0.2218949898270946,Low Potential
21.655,79.83,0.05407781493868451,0.020870121,0.037473968067298434,0.417,-0.37952603193270157,Low Potential
21.655,79.845,0.05216233084964108,0.003598123,0.027880226969991383,0.4664,-0.4385197730300086,Low Potential
21.655,79.86,0.09585901875901874,0.21235383,0.1541064221640858,0.3275,-0.17339357783591422,Low Potential
21.655,79.875,0.06403923690688397,0.005488166,0.03476370151339365,0.6101,-0.5753362984866063,Low Potential
21.655,79.89,0.07331419560831325,0.0055581788,0.03943618718421229,0.3695,-0.3300638128157877,Low Potential
21.655,79.905,0.020566666666666667,0.010149575,0.015358120752622684,0.211,-0.1956418792473773,Low Potential
21.655,79.92,0.04211818181818182,0.004127393,0.023122787414592776,0.2461,-0.22297721258540723,Low Potential
21.655,79.935,0.0015,0.00082669547,0.0011633477341383696,0.1393,-0.13813665226586164,Low Potential
21.655,79.95,0.025592185592185592,0.002569433,0.014080809330521095,0.2538,-0.23971919066947894,Low Potential
21.655,79.965,0.054637229437229436,0.0009591455,0.027798187462257793,0.3549,-0.3271018125377422,Low Potential
21.655,79.98,0.0025,0.0009150975,0.001707548740087077,0.631,-0.629292451259913,Low Potential
21.655,79.995,0.01770952380952381,0.0009988082,0.009354165998478199,0.1917,-0.18234583400152182,Low Potential
21.655,80.01,0.00855,0.0051619,0.006855950036644936,0.1749,-0.16804404996335506,Low Potential
21.655,80.025,0.10900675141851614,0.004414003,0.056710377147622455,0.2475,-0.19078962285237755,Low Potential
21.655,80.04,0.002333333333333333,0.0011494193,0.0017413763396131494,0.6685,-0.6667586236603869,Low Potential
21.655,80.055,0.005133333333333333,0.001253002,0.0031931676536488033,0.4374,-0.4342068323463512,Low Potential
21.655,80.07,0.02298888888888889,0.007338935,0.015163911966275838,0.3397,-0.3245360880337242,Low Potential
21.655,80.085,0.017726007326007327,0.0015597251,0.009642866236839662,0.1708,-0.16115713376316035,Low Potential
21.655,80.1,0.01116825396825397,0.0011846399,0.00617644691922155,0.3392,-0.33302355308077847,Low Potential
21.655,80.115,0.0035,0.00189721,0.002698605011217296,0.2847,-0.28200139498878274,Low Potential
21.655,80.13,0.015109523809523809,0.0011484141,0.0081289689545564,0.1716,-0.1634710310454436,Low Potential
21.655,80.145,0.01896666666666667,0.0028206205,0.010893643606392047,0.1709,-0.16000635639360794,Low Potential
21.655,80.16,0.0549234360410831,0.0023004166,0.028611926313070538,0.282,-0.25338807368692945,Low Potential
21.655,80.175,0.001,0.0031158214,0.002057910698466003,0.3207,-0.318642089301534,Low Potential
21.655,80.19,0.09073550958845077,0.004243908,0.04748970878639846,0.2264,-0.17891029121360152,Low Potential
21.655,80.205,0.007390476190476191,0.0011174589,0.0042539675533727166,0.3023,-0.2980460324466273,Low Potential
21.655,80.22,0.011500000000000002,0.001311506,0.006405753014143557,0.6672,-0.6607942469858564,Low Potential
21.655,80.235,0.07673619218369496,0.0015613069,0.03914874953317231,0.1343,-0.0951512504668277,Low Potential
21.655,80.25,0.08844139194139194,0.018443117,0.05344225442979908,0.139,-0.08555774557020093,Low Potential
21.655,80.265,0.300638654797272,0.3814577,0.34104817061076365,0.5722,-0.2311518293892364,Low Potential
21.655,80.28,0.09573663003663002,0.067266665,0.08150164771785229,0.1999,-0.1183983522821477,Low Potential
21.655,80.295,0.011533333333333333,0.0033432993,0.007438316298710803,0.284,-0.2765616837012892,Low Potential
21.655,80.31,0.11233483896863217,0.013916656,0.06312574767178175,0.5337,-0.4705742523282182,Low Potential
21.655,80.325,0.046533333333333336,0.0023867358,0.02446003454277913,0.2891,-0.2646399654572209,Low Potential
21.655,80.34,0.02992460317460317,0.0037560791,0.016840341149444972,0.174,-0.15715965885055502,Low Potential
21.655,80.355,0.200061284327725,0.025376683,0.1127189837143915,0.2686,-0.15588101628560852,Low Potential
21.655,80.37,0.4708408869080695,0.9214277,0.6961343068268375,0.2944,0.40173430682683753,High Potential
21.655,80.385,0.37605529316744496,0.498669,0.4373621458236441,0.3338,0.10356214582364409,Low Potential
21.655,80.4,0.120814961374606,0.036307245,0.0785611034337706,0.1998,-0.12123889656622941,Low Potential
21.655,80.415,0.1489647189841462,0.02387129,0.08641800427515273,0.2297,-0.14328199572484726,Low Potential
21.655,80.43,0.05538787878787878,0.0032389609,0.02931341982781322,0.1656,-0.13628658017218678,Low Potential
21.655,80.445,0.010666666666666666,0.004937657,0.007802161910881599,0.3336,-0.3257978380891184,Low Potential
21.655,80.46,0.10398263709974236,0.008697724,0.05634018053477976,0.2732,-0.21685981946522023,Low Potential
21.655,80.475,0.0016666666666666666,0.0006951211,0.0011808938959923883,0.3117,-0.31051910610400757,Low Potential
21.655,80.49,0.003833333333333333,0.0023044553,0.0030688942993680633,0.3682,-0.36513110570063195,Low Potential
21.67,79.2,0.002,0.0012677853,0.0016338926614262164,0.1842,-0.18256610733857379,Low Potential
21.67,79.215,0.09847582193348445,0.003738273,0.05110704743431825,0.2612,-0.21009295256568172,Low Potential
21.67,79.23,0.06772626783090696,0.0030447894,0.03538552862753652,0.5657,-0.5303144713724635,Low Potential
21.67,79.245,0.043742584993139606,0.0046588033,0.024200694168456247,0.5635,-0.5392993058315437,Low Potential
21.67,79.26,0.04756925165980628,0.0030447894,0.02530702054198618,0.5498,-0.5244929794580138,Low Potential
21.67,79.275,0.008,0.001941364,0.004970682012848556,0.2773,-0.27232931798715143,Low Potential
21.67,79.29,0.017199999999999997,0.0022029297,0.009701464848034082,0.2527,-0.2429985351519659,Low Potential
21.67,79.305,0.024700000000000003,0.0010003833,0.012850191643368454,0.1413,-0.12844980835663156,Low Potential
21.67,79.32,0.002,0.00037599858,0.001187999292393215,0.1879,-0.1867120007076068,Low Potential
21.67,79.335,0.018166666666666664,0.0023492621,0.010257964396228392,0.2063,-0.19604203560377162,Low Potential
21.67,79.35,0.0043696969696969705,0.0015127136,0.002941205291808442,0.2169,-0.21395879470819157,Low Potential
21.67,79.365,0.014833333333333332,0.0005001415,0.007666737429952869,0.159,-0.15133326257004714,Low Potential
21.67,79.38,0.04144315018315018,0.0006841335,0.02106364184057415,0.3983,-0.37723635815942586,Low Potential
21.67,79.395,0.008366666666666665,0.0008186842,0.00459267541997445,0.1382,-0.13360732458002553,Low Potential
21.67,79.41,0.024686628733997153,0.00057625107,0.012631439902006143,0.3878,-0.3751685600979938,Low Potential
21.67,79.425,0.0259,0.0009871757,0.013443587867822498,0.1319,-0.11845641213217749,Low Potential
21.67,79.44,0.013499999999999996,0.00064139866,0.007070699327858163,0.2098,-0.20272930067214182,Low Potential
21.67,79.455,0.058403693528693526,0.0024266231,0.030415158331318005,0.2705,-0.24008484166868202,Low Potential
21.67,79.47,0.07896854636591477,0.0021969217,0.04058273405002705,0.4209,-0.38031726594997295,Low Potential
21.67,79.485,0.017633333333333334,0.00029518473,0.008964259030312921,0.221,-0.21203574096968708,Low Potential
21.67,79.5,0.0,0.00049594,0.0002479699905961752,0.1774,-0.17715203000940383,Low Potential
21.67,79.515,0.0026666666666666666,0.00031053709,0.0014886018759182964,0.1684,-0.1669113981240817,Low Potential
21.67,79.53,0.0,0.00035445238,0.00017722618940752,0.1452,-0.14502277381059248,Low Potential
21.67,79.545,0.007166666666666666,0.0007818495,0.0039742580795039725,0.1652,-0.16122574192049605,Low Potential
21.67,79.56,0.01188888888888889,0.0003353009,0.00611209489155509,0.2057,-0.1995879051084449,Low Potential
21.67,79.575,0.04920166500166501,0.0006952712,0.024948468093166476,0.2722,-0.24725153190683352,Low Potential
21.67,79.59,0.03951109477124183,0.0015551258,0.020533110291189545,0.4643,-0.44376688970881045,Low Potential
21.67,79.605,0.007789473684210527,0.00031183416,0.004050653919896209,0.2476,-0.24354934608010378,Low Potential
21.67,79.62,0.03765051762288604,0.0011413498,0.019395933703957965,0.53,-0.510604066296042,Low Potential
21.67,79.635,0.10388324589075454,0.007208952,0.055546099052661696,0.1895,-0.1339539009473383,Low Potential
21.67,79.65,0.32653489400547897,0.10309271,0.2148138008495279,0.4735,-0.2586861991504721,Low Potential
21.67,79.665,0.07591435398532173,0.0006300822,0.038272218099320784,0.1643,-0.1260277819006792,Low Potential
21.67,79.68,0.4578568938722637,0.6156321,0.536744505333425,0.4503,0.08644450533342501,Moderate Potential
21.67,79.695,0.14105973090560692,0.045786593,0.0934231620074881,0.4543,-0.3608768379925119,Low Potential
21.67,79.71,0.04519621212121212,0.007697607,0.0264469095230667,0.1537,-0.1272530904769333,Low Potential
21.67,79.725,0.24478288169420837,0.015118071,0.12995047628614842,0.1992,-0.06924952371385157,Low Potential
21.67,79.74,0.11224541608770733,0.02895858,0.07060199780652943,0.1858,-0.11519800219347057,Low Potential
21.67,79.755,0.18044847610863235,0.09560754,0.1380280088050772,0.1952,-0.057171991194922805,Low Potential
21.67,79.77,0.12203717649387628,0.015273151,0.06865516374089972,0.2452,-0.17654483625910028,Low Potential
21.67,79.785,0.15448748682010566,0.035164554,0.09482602024609046,0.4073,-0.31247397975390956,Low Potential
21.67,79.8,0.04934786324786324,0.0044066748,0.026877269006456827,0.1594,-0.13252273099354317,Low Potential
21.67,79.815,0.1623019700214894,0.5657294,0.36401567483771,0.4857,-0.12168432516229,Low Potential
21.67,79.83,0.01813166109253066,0.0034678963,0.010799778673631933,0.4443,-0.43350022132636806,Low Potential
21.67,79.845,0.04393801029887985,0.0014083983,0.02267320428334644,0.2271,-0.20442679571665356,Low Potential
21.67,79.86,0.029201957462827027,0.004878206,0.01704008182068649,0.3423,-0.3252599181793135,Low Potential
21.67,79.875,0.04137532467532467,0.0059367786,0.023656051645742412,0.2718,-0.24814394835425757,Low Potential
21.67,79.89,0.07684992148699578,0.011859824,0.044354872718315404,0.2407,-0.1963451272816846,Low Potential
21.67,79.905,0.10529057282586693,0.009362796,0.0573266845736891,0.4068,-0.3494733154263109,Low Potential
21.67,79.92,0.14576321866981054,0.094403744,0.12008348120685351,0.589,-0.46891651879314644,Low Potential
21.67,79.935,0.05470759653143554,0.0038942806,0.02930093858685329,0.5585,-0.5291990614131467,Low Potential
21.67,79.95,0.2879439983968554,0.05405946,0.17100172957800916,0.6003,-0.42929827042199076,Low Potential
21.67,79.965,0.058744379803203337,0.0033312296,0.03103780467977762,0.4454,-0.4143621953202224,Low Potential
21.67,79.98,0.016936630036630033,0.0014076601,0.009172145057443678,0.1345,-0.12532785494255633,Low Potential
21.67,79.995,0.0015,0.0014315057,0.0014657528307288885,0.5351,-0.5336342471692711,Low Potential
21.67,80.01,0.026153841500302484,0.0036503633,0.014902102401080395,0.1466,-0.13169789759891962,Low Potential
21.67,80.025,0.0845238095238095,0.009305963,0.04691488640826372,0.2191,-0.17218511359173627,Low Potential
21.67,80.04,0.011333333333333332,0.0016279412,0.00648063724177579,0.5253,-0.5188193627582242,Low Potential
21.67,80.055,0.02423913043478261,0.0053634564,0.014801293437004738,0.5874,-0.5725987065629953,Low Potential
21.67,80.07,0.014385714285714288,0.0013024942,0.007844104243761727,0.5211,-0.5132558957562383,Low Potential
21.67,80.085,0.0018,0.004868092,0.0033340460076928136,0.3322,-0.32886595399230717,Low Potential
21.67,80.1,0.015512820512820514,0.0011428702,0.00832784534097673,0.1651,-0.15677215465902328,Low Potential
21.67,80.115,0.0048,0.0013693359,0.0030846679607406256,0.4647,-0.46161533203925936,Low Potential
21.67,80.13,0.012833333333333332,0.0031158214,0.007974577365132669,0.1525,-0.14452542263486734,Low Potential
21.67,80.145,0.005442857142857143,0.0009150975,0.0031789773115156487,0.5211,-0.5179210226884844,Low Potential
21.67,80.16,0.003333333333333333,0.0014189726,0.002376152977036933,0.2155,-0.21312384702296305,Low Potential
21.67,80.175,0.04052151067323481,0.0078098522,0.02416568146157759,0.1198,-0.09563431853842241,Low Potential
21.67,80.19,0.12369722911497107,0.006084837,0.06489103306720728,0.1729,-0.10800896693279272,Low Potential
21.67,80.205,0.0095,0.0009042124,0.005202106207376346,0.2685,-0.2632978937926237,Low Potential
21.67,80.22,0.00445,0.0040688505,0.004259425269812345,0.3316,-0.3273405747301877,Low Potential
21.67,80.235,0.5147253446880938,0.7375187,0.6261220362337412,0.4351,0.1910220362337412,Moderate Potential
21.67,80.25,0.0669725743200771,0.0016004812,0.034286527770299065,0.1684,-0.13411347222970094,Low Potential
21.67,80.265,0.006142857142857143,0.0031707352,0.004656796172793422,0.5973,-0.5926432038272066,Low Potential
21.67,80.28,0.11366765275787014,0.006690452,0.06017905231659958,0.2166,-0.15642094768340042,Low Potential
21.67,80.295,0.06379755440637794,0.010751628,0.03727459136165841,0.3285,-0.2912254086383416,Low Potential
21.67,80.31,0.06794610898516536,0.02563276,0.04678943427066982,0.3683,-0.3215105657293302,Low Potential
21.67,80.325,0.04958320139650063,0.02554244,0.03756282064469435,0.2885,-0.25093717935530563,Low Potential
21.67,80.34,0.16811178836082924,0.062629975,0.11537088186967129,0.4024,-0.2870291181303287,Low Potential
21.67,80.355,0.02773174603174603,0.0025361474,0.015133946699477614,0.1562,-0.14106605330052238,Low Potential
21.67,80.37,0.018177814938684506,0.002666238,0.010422026467787823,0.1591,-0.14867797353221218,Low Potential
21.67,80.385,0.09606664426904363,0.022079607,0.05907312587043366,0.4564,-0.3973268741295663,Low Potential
21.67,80.4,0.0055128205128205125,0.0037643102,0.004638565333010868,0.1919,-0.1872614346669891,Low Potential
21.67,80.415,0.09957472205214138,0.012355299,0.05596501039367137,0.1916,-0.13563498960632864,Low Potential
21.67,80.43,0.011133333333333334,0.0005417983,0.005837565819049875,0.1849,-0.17906243418095014,Low Potential
21.67,80.445,0.0065,0.0009850524,0.003742526218295097,0.2658,-0.2620574737817049,Low Potential
21.67,80.46,0.08073811792679718,0.0057099448,0.043224031342680706,0.1557,-0.11247596865731929,Low Potential
21.67,80.475,0.1560912415671703,0.0050632213,0.08057723144570275,0.2279,-0.14732276855429724,Low Potential
21.67,80.49,0.00575,0.0015563286,0.0036531643071211874,0.4736,-0.4699468356928788,Low Potential
21.685,79.2,0.043521060606060605,0.00061733153,0.02206919607010952,0.1901,-0.16803080392989048,Low Potential
21.685,79.215,0.06772626783090696,0.0030447894,0.03538552862753652,0.5443,-0.5089144713724635,Low Potential
21.685,79.23,0.045902584993139615,0.0030447894,0.02447368720865285,0.5502,-0.5257263127913472,Low Potential
21.685,79.245,0.13884191435489196,0.008412703,0.07362730864764819,0.5264,-0.45277269135235176,Low Potential
21.685,79.26,0.049875402873700084,0.0026067037,0.02624105327033511,0.2782,-0.2519589467296649,Low Potential
21.685,79.275,0.006,0.001010747,0.0035053735221736134,0.2139,-0.2103946264778264,Low Potential
21.685,79.29,0.002,0.00028174112,0.001140870557515882,0.3506,-0.34945912944248414,Low Potential
21.685,79.305,0.00584,0.0006144196,0.00322720978975296,0.1808,-0.17757279021024702,Low Potential
21.685,79.32,0.053251597387081254,0.0009017955,0.02707669645166875,0.2023,-0.17522330354833127,Low Potential
21.685,79.335,0.020233333333333332,0.0009907221,0.010612027714463571,0.3034,-0.29278797228553644,Low Potential
21.685,79.35,0.00873939393939394,0.00080050115,0.004769947543572352,0.1532,-0.14843005245642765,Low Potential
21.685,79.365,0.0,0.0003361518,0.00016807590145617723,0.2978,-0.29763192409854383,Low Potential
21.685,79.38,0.03276974789915966,0.00074429845,0.01675702317443856,0.4468,-0.4300429768255614,Low Potential
21.685,79.395,0.017174509803921566,0.00028420726,0.008729358530565456,0.2602,-0.25147064146943454,Low Potential
21.685,79.41,0.025133333333333334,0.0005603261,0.012846829713803406,0.4923,-0.4794531702861966,Low Potential
21.685,79.425,0.052528324130104324,0.00052988087,0.02652910249918766,0.4787,-0.45217089750081235,Low Potential
21.685,79.44,0.019373015873015872,0.0003195528,0.009846284342288512,0.2188,-0.20895371565771148,Low Potential
21.685,79.455,0.0045,0.00061068457,0.002555342284264043,0.1408,-0.13824465771573596,Low Potential
21.685,79.47,0.015436630036630039,0.001538654,0.00848764200552568,0.4674,-0.4589123579944743,Low Potential
21.685,79.485,0.002,0.00037967222,0.0011898361078929156,0.4907,-0.4895101638921071,Low Potential
21.685,79.5,0.006133333333333333,0.0007819456,0.0034576394632613904,0.2113,-0.2078423605367386,Low Potential
21.685,79.515,0.002,0.0004980272,0.0012490135957486928,0.3954,-0.3941509864042513,Low Potential
21.685,79.53,0.026615862573099412,0.00033838066,0.013477121617329817,0.2647,-0.25122287838267016,Low Potential
21.685,79.545,0.0035999999999999995,0.00030233082,0.0019511654118075964,0.1412,-0.1392488345881924,Low Potential
21.685,79.56,0.005,0.00064353744,0.002821768719004467,0.2026,-0.19977823128099553,Low Potential
21.685,79.575,0.011591891891891892,0.000425845,0.006008868449069937,0.4343,-0.42829113155093007,Low Potential
21.685,79.59,0.0,0.00031403205,0.0001570160238770768,0.1369,-0.13674298397612292,Low Potential
21.685,79.605,0.05411877159114001,0.0007353184,0.027427044997881192,0.4389,-0.41147295500211883,Low Potential
21.685,79.62,0.011499999999999998,0.0006531445,0.006076572248013689,0.1634,-0.1573234277519863,Low Potential
21.685,79.635,0.09613672076622003,0.0041757394,0.050156230064527955,0.1918,-0.14164376993547204,Low Potential
21.685,79.65,0.1127507485298221,0.0061938707,0.05947230960418307,0.3008,-0.24132769039581695,Low Potential
21.685,79.665,0.04878311688311688,0.001511995,0.025147555932627578,0.1751,-0.14995244406737243,Low Potential
21.685,79.68,0.15018053226532005,0.0014906531,0.0758355927042922,0.439,-0.3631644072957078,Low Potential
21.685,79.695,0.08891315049329755,0.008872776,0.04889296339278101,0.1938,-0.144907036607219,Low Potential
21.685,79.71,0.18069011593276954,0.023578536,0.1021343258490895,0.3045,-0.2023656741509105,Low Potential
21.685,79.725,0.9941206446598669,0.9951627,0.9946416850542377,0.3362,0.6584416850542376,High Potential
21.685,79.74,0.41280903632569405,0.65838665,0.5355978420134787,0.398,0.1375978420134787,Moderate Potential
21.685,79.755,0.10463349820151878,0.015259408,0.05994645329676545,0.2031,-0.14315354670323455,Low Potential
21.685,79.77,0.11093719353999672,0.035913654,0.0734254236058691,0.1645,-0.09107457639413091,Low Potential
21.685,79.785,0.5262770000553283,0.9087659,0.7175214560556488,0.3303,0.3872214560556488,High Potential
21.685,79.8,0.30160555176714815,0.16578826,0.2336969074248262,0.258,-0.024303092575173796,Low Potential
21.685,79.815,0.37765805412337916,0.070377156,0.22401760513089963,0.2776,-0.05358239486910038,Low Potential
21.685,79.83,0.20194531294299095,0.03487527,0.11841029146111473,0.3173,-0.1988897085388853,Low Potential
21.685,79.845,0.09331848082295652,0.027673554,0.060496017249184825,0.3043,-0.2438039827508152,Low Potential
21.685,79.86,0.13365105190622883,0.009681278,0.07166616490730682,0.204,-0.13233383509269317,Low Potential
21.685,79.875,0.09597065876815936,0.0020279796,0.048999319177216394,0.4131,-0.36410068082278363,Low Potential
21.685,79.89,0.08044157089040989,0.002961481,0.041701525940231056,0.2453,-0.20359847405976894,Low Potential
21.685,79.905,0.09312652266034618,0.0105583165,0.051842419572219925,0.3818,-0.32995758042778006,Low Potential
21.685,79.92,0.051847528941646584,0.00623631,0.02904191952929664,0.3877,-0.35865808047070336,Low Potential
21.685,79.935,0.015869696969696968,0.007242957,0.011556327049885734,0.2009,-0.18934367295011426,Low Potential
21.685,79.95,0.13835885752534358,0.0030658103,0.07071233391567065,0.2319,-0.16118766608432933,Low Potential
21.685,79.965,0.020766666666666666,0.005817645,0.013292155948032935,0.3403,-0.32700784405196703,Low Potential
21.685,79.98,0.003457013574660634,0.001305509,0.0023812612920295767,0.3892,-0.3868187387079704,Low Potential
21.685,79.995,0.029365320910973085,0.014753567,0.022059443982920417,0.5292,-0.5071405560170796,Low Potential
21.685,80.01,0.011809523809523808,0.00066978374,0.006239653773749956,0.5551,-0.5488603462262501,Low Potential
21.685,80.025,0.017578282828282832,0.00087980943,0.009229046131637081,0.2971,-0.2878709538683629,Low Potential
21.685,80.04,0.009466666666666667,0.0012441018,0.005355384228223314,0.1462,-0.14084461577177668,Low Potential
21.685,80.055,0.004881987577639752,0.00056949956,0.0027257435705327657,0.5693,-0.5665742564294672,Low Potential
21.685,80.07,0.02461666666666667,0.0037942324,0.014205449525018534,0.1682,-0.15399455047498145,Low Potential
21.685,80.085,0.0068530920060331825,0.001044191,0.003948641480225086,0.2293,-0.22535135851977492,Low Potential
21.685,80.1,0.030165079365079363,0.0028398198,0.016502449563036245,0.1609,-0.14439755043696373,Low Potential
21.685,80.115,0.02309088652183281,0.0011342155,0.01211255101334759,0.54,-0.5278874489866524,Low Potential
21.685,80.13,0.009466666666666665,0.0031007773,0.00628372197219481,0.3341,-0.3278162780278052,Low Potential
21.685,80.145,0.026394736842105262,0.0046732267,0.01553398178929561,0.5649,-0.5493660182107043,Low Potential
21.685,80.16,0.001,0.0009042124,0.000952106207376346,0.3595,-0.35854789379262364,Low Potential
21.685,80.175,0.009866666666666668,0.0031158214,0.006491244031799337,0.397,-0.39050875596820067,Low Potential
21.685,80.19,0.0035,0.0008515814,0.00217579069850035,0.3172,-0.31502420930149966,Low Potential
21.685,80.205,0.0,0.0013694747,0.0006847373442724347,0.2684,-0.2677152626557276,Low Potential
21.685,80.22,0.0067761904761904765,0.00083451555,0.003805353013647809,0.172,-0.16819464698635217,Low Potential
21.685,80.235,0.16472608101924832,0.07680281,0.12076444676796881,0.541,-0.4202355532320312,Low Potential
21.685,80.25,0.03371538461538461,0.0013743404,0.01754486249936028,0.201,-0.18345513750063974,Low Potential
21.685,80.265,0.19552223670867738,0.046591472,0.12105685429467587,0.45,-0.3289431457053241,Low Potential
21.685,80.28,0.006375,0.000723979,0.003549489514203742,0.5487,-0.5451505104857962,Low Potential
21.685,80.295,0.09971655118187624,0.041632414,0.07067448252300598,0.3986,-0.32792551747699406,Low Potential
21.685,80.31,0.12211985427369325,0.03138917,0.0767545118343316,0.4285,-0.3517454881656684,Low Potential
21.685,80.325,0.11947401372573782,0.00636856,0.06292128675546253,0.1685,-0.10557871324453748,Low Potential
21.685,80.34,0.2307598130571512,0.052846484,0.14180314847169656,0.2955,-0.15369685152830342,Low Potential
21.685,80.355,0.3014556905804146,0.503475,0.40246535048773235,0.2653,0.13716535048773237,Low Potential
21.685,80.37,0.09411125188536948,0.005303437,0.04970734438780698,0.3443,-0.294592655612193,Low Potential
21.685,80.385,0.22663107784626496,0.20329916,0.21496512130914933,0.4367,-0.22173487869085065,Low Potential
21.685,80.4,0.08187602915526877,0.008995804,0.04543591657981997,0.2864,-0.24096408342018003,Low Potential
21.685,80.415,0.039215835801439516,0.0008863954,0.02005111560021628,0.5312,-0.5111488843997837,Low Potential
21.685,80.43,0.10891243005980636,0.0161938,0.06255311486715866,0.2536,-0.19104688513284135,Low Potential
21.685,80.445,0.022866666666666667,0.003488604,0.013177635323007902,0.2371,-0.22392236467699211,Low Potential
21.685,80.46,0.013117836812144212,0.0014940405,0.007305938646013882,0.1997,-0.1923940613539861,Low Potential
21.685,80.475,0.015208333333333332,0.0023044553,0.008756394299368062,0.3012,-0.29244360570063194,Low Potential
21.685,80.49,0.00375,0.0006017376,0.0021758687926921993,0.3568,-0.3546241312073078,Low Potential
21.7,79.2,0.22749421650945312,0.013948009,0.12072111292942944,0.6044,-0.4836788870705706,Low Potential
21.7,79.215,0.06772626783090696,0.0030447894,0.03538552862753652,0.5492,-0.5138144713724635,Low Potential
21.7,79.23,0.06772626783090696,0.0030447894,0.03538552862753652,0.5598,-0.5244144713724634,Low Potential
21.7,79.245,0.0,0.00045841752,0.0002292087592650205,0.1618,-0.16157079124073498,Low Potential
21.7,79.26,0.005857142857142858,0.0020227106,0.003939926742975201,0.2217,-0.21776007325702482,Low Potential
21.7,79.275,0.002,0.001073834,0.0015369170103222132,0.2435,-0.24196308298967778,Low Potential
21.7,79.29,0.009633333333333332,0.0013919034,0.00551261835709835,0.1801,-0.17458738164290166,Low Potential
21.7,79.305,0.002333333333333333,0.00087231636,0.0016028248480676362,0.2489,-0.24729717515193236,Low Potential
21.7,79.32,0.0036666666666666666,0.000449315,0.00205799083559153,0.2327,-0.23064200916440847,Low Potential
21.7,79.335,0.0006666666666666666,0.0003358731,0.0005012698856492837,0.1509,-0.15039873011435073,Low Potential
21.7,79.35,0.008033333333333333,0.0008409686,0.004437150980175162,0.1545,-0.15006284901982483,Low Potential
21.7,79.365,0.002333333333333333,0.00031662552,0.0013249794262616583,0.1672,-0.16587502057373832,Low Potential
21.7,79.38,0.006933333333333334,0.0009450372,0.003939185252987469,0.201,-0.19706081474701254,Low Potential
21.7,79.395,0.0,0.00031920298,0.0001596014917595312,0.1445,-0.14434039850824046,Low Potential
21.7,79.41,0.14406154319902054,0.0012914545,0.07267649886793043,0.1663,-0.09362350113206958,Low Potential
21.7,79.425,0.008399999999999998,0.00049447786,0.004447238931478931,0.1965,-0.19205276106852107,Low Potential
21.7,79.44,0.029466666666666665,0.0010110803,0.015238873504040141,0.1491,-0.13386112649595988,Low Potential
21.7,79.455,0.011785547785547787,0.0011611168,0.0064733322714889616,0.1531,-0.14662666772851105,Low Potential
21.7,79.47,0.02945254285943941,0.0009884768,0.015220509826360572,0.1973,-0.18207949017363942,Low Potential
21.7,79.485,0.0,0.00034876083,0.00017438041686546057,0.1698,-0.16962561958313455,Low Potential
21.7,79.5,0.22849732912971346,0.009732804,0.11911506669543072,0.3948,-0.2756849333045693,Low Potential
21.7,79.515,0.11285171063027097,0.0013426904,0.05709720053182325,0.3496,-0.29250279946817676,Low Potential
21.7,79.53,0.01388888888888889,0.00029929145,0.007094090170640913,0.2023,-0.1952059098293591,Low Potential
21.7,79.545,0.005333333333333333,0.00056061003,0.0029469716822883734,0.2649,-0.26195302831771167,Low Potential
21.7,79.56,0.006611111111111112,0.0003830465,0.0034970788125000484,0.2127,-0.20920292118749995,Low Potential
21.7,79.575,0.0,0.00032279544,0.0001613977219676599,0.1677,-0.16753860227803233,Low Potential
21.7,79.59,0.01757948717948718,0.0008345231,0.00920700514879412,0.3631,-0.35389299485120584,Low Potential
21.7,79.605,0.02177124183006536,0.00043128766,0.011101264742719698,0.2449,-0.23379873525728032,Low Potential
21.7,79.62,0.00825925925925926,0.00031300203,0.0042861306466748595,0.1506,-0.14631386935332516,Low Potential
21.7,79.635,0.02945957792207792,0.00071860105,0.015089089485035314,0.28,-0.26491091051496474,Low Potential
21.7,79.65,0.22170222273463958,0.106282726,0.16399247433242675,0.2606,-0.09660752566757325,Low Potential
21.7,79.665,0.13046520699525405,0.0023829262,0.06642406658624375,0.1734,-0.10697593341375625,Low Potential
21.7,79.68,0.10110766319634243,0.0032858786,0.05219677088354639,0.1518,-0.0996032291164536,Low Potential
21.7,79.695,0.5201409570671613,0.8150057,0.667573338364437,0.2827,0.384873338364437,High Potential
21.7,79.71,0.5418841187879889,0.7398392,0.640861657496564,0.302,0.338861657496564,Moderate Potential
21.7,79.725,0.09081667236571328,0.011682863,0.05124976785647281,0.1947,-0.1434502321435272,Low Potential
21.7,79.74,0.3671813444811124,0.7728279,0.5700046338894973,0.426,0.1440046338894973,Moderate Potential
21.7,79.755,0.34045728027562394,0.7567985,0.5486278930293524,0.3895,0.15912789302935243,Moderate Potential
21.7,79.77,0.13244051787889444,0.055534784,0.09398765081483346,0.3601,-0.2661123491851665,Low Potential
21.7,79.785,0.07835693546191903,0.007908409,0.04313267246164904,0.1417,-0.09856732753835096,Low Potential
21.7,79.8,0.09485300553419747,0.01771025,0.05628162770260651,0.5563,-0.5000183722973935,Low Potential
21.7,79.815,0.09438894492198098,0.009385122,0.051887033454125465,0.4066,-0.35471296654587453,Low Potential
21.7,79.83,0.04873100233100233,0.001511995,0.025121498656570304,0.1587,-0.1335785013434297,Low Potential
21.7,79.845,0.053873337934207496,0.0021430352,0.028008186555674462,0.1775,-0.14949181344432552,Low Potential
21.7,79.86,0.02638333333333333,0.0005261728,0.013454753070386747,0.1717,-0.15824524692961325,Low Potential
21.7,79.875,0.052187410834779256,0.0043567196,0.028272065194124934,0.1648,-0.13652793480587508,Low Potential
21.7,79.89,0.10114960317460318,0.008428032,0.0547888173766316,0.3493,-0.2945111826233684,Low Potential
21.7,79.905,0.06952280701754386,0.00737721,0.038450008545358454,0.2561,-0.21764999145464153,Low Potential
21.7,79.92,0.06168261134157232,0.002909351,0.03229598112450119,0.3032,-0.27090401887549886,Low Potential
21.7,79.935,0.08383221110776289,0.01796722,0.05089971575178317,0.4628,-0.41190028424821684,Low Potential
21.7,79.95,0.05199902279093456,0.004588542,0.02829378241568601,0.2272,-0.198906217584314,Low Potential
21.7,79.965,0.10709776232479348,0.043578852,0.07533830714642174,0.5446,-0.4692616928535782,Low Potential
21.7,79.98,0.03324047619047619,0.008693084,0.020966780155613308,0.1464,-0.12543321984438668,Low Potential
21.7,79.995,0.00967948717948718,0.0015293858,0.005604436490445948,0.155,-0.14939556350955405,Low Potential
21.7,80.01,0.0046,0.00071654987,0.0026582749341148883,0.5944,-0.5917417250658852,Low Potential
21.7,80.025,0.06664020346424439,0.0023338057,0.03448700456387777,0.2016,-0.16711299543612224,Low Potential
21.7,80.04,0.007333333333333333,0.0006018437,0.003967588515641789,0.5937,-0.5897324114843582,Low Potential
21.7,80.055,0.016897673852149554,0.0007093939,0.008803533864377145,0.1854,-0.17659646613562285,Low Potential
21.7,80.07,0.004,0.00052186084,0.0022609304210636765,0.1978,-0.19553906957893633,Low Potential
21.7,80.085,0.21279228430107752,0.018921364,0.11585682419993241,0.2584,-0.1425431758000676,Low Potential
21.7,80.1,0.08528498641880994,0.061986763,0.07363587472455027,0.3268,-0.25316412527544974,Low Potential
21.7,80.115,0.0108,0.0006818365,0.005740918253641576,0.4233,-0.4175590817463584,Low Potential
21.7,80.13,0.044211157469981,0.00840815,0.02630965358715906,0.2554,-0.22909034641284096,Low Potential
21.7,80.145,0.004,0.0010955308,0.0025477654049173,0.5912,-0.5886522345950826,Low Potential
21.7,80.16,0.028166666666666666,0.005117996,0.01664233139840265,0.201,-0.18435766860159736,Low Potential
21.7,80.175,0.006666666666666666,0.0011812588,0.003923962743331988,0.2849,-0.280976037256668,Low Potential
21.7,80.19,0.01703333333333333,0.001216337,0.009124835150844106,0.529,-0.519875164849156,Low Potential
21.7,80.205,0.03682203548085901,0.0020036392,0.01941283735940711,0.2942,-0.2747871626405929,Low Potential
21.7,80.22,0.08658403906937799,0.008715474,0.047649756558072374,0.5553,-0.5076502434419277,Low Potential
21.7,80.235,0.06153333333333333,0.008009167,0.03477125036070744,0.169,-0.13422874963929257,Low Potential
21.7,80.25,0.36527336715727643,0.67825323,0.521763300295023,0.4686,0.05316330029502303,Moderate Potential
21.7,80.265,0.01750255719123644,0.0015387617,0.009520659424915225,0.1452,-0.13567934057508477,Low Potential
21.7,80.28,0.036566666666666664,0.0006873564,0.01862701153232095,0.1634,-0.14477298846767905,Low Potential
21.7,80.295,0.26743722698634526,0.0145459855,0.14099160624193977,0.2668,-0.12580839375806022,Low Potential
21.7,80.31,0.02067581699346405,0.0028216585,0.011748737749295442,0.3372,-0.32545126225070453,Low Potential
21.7,80.325,0.15008728994902432,0.04067745,0.09538237027315527,0.4464,-0.35101762972684475,Low Potential
21.7,80.34,0.14753342824485305,0.03201645,0.0897749384607196,0.3528,-0.2630250615392804,Low Potential
21.7,80.355,0.07962102579223321,0.012518309,0.046069667424496044,0.2803,-0.23423033257550396,Low Potential
21.7,80.37,0.20498104729247207,0.1340483,0.16951467264688072,0.3856,-0.21608532735311928,Low Potential
21.7,80.385,0.030187193973634653,0.015591235,0.022889214436845984,0.4423,-0.41941078556315403,Low Potential
21.7,80.4,0.034968599033816425,0.0061395816,0.02055409029558985,0.5091,-0.48854590970441014,Low Potential
21.7,80.415,0.14960381624739208,0.011038285,0.08032105049809236,0.3979,-0.3175789495019076,Low Potential
21.7,80.43,0.1714474841382131,0.0072894883,0.08936848623621091,0.6337,-0.5443315137637892,Low Potential
21.7,80.445,0.009466666666666667,0.0009598004,0.005213233524172877,0.1396,-0.13438676647582712,Low Potential
21.7,80.46,0.010166666666666666,0.0008477079,0.005507187288332109,0.2296,-0.2240928127116679,Low Potential
21.7,80.475,0.006366666666666666,0.0022419963,0.004304331508216758,0.4561,-0.45179566849178326,Low Potential
21.7,80.49,0.08429561141797984,0.0012854958,0.04279055361828622,0.3617,-0.3189094463817138,Low Potential
21.715,79.2,0.05422626783090695,0.0043378756,0.02928207173453204,0.5639,-0.534617928265468,Low Potential
21.715,79.215,0.16676105549936815,0.010807635,0.08878434538098834,0.1753,-0.08651565461901167,Low Potential
21.715,79.23,0.06772626783090696,0.0030447894,0.03538552862753652,0.5118,-0.4764144713724635,Low Potential
21.715,79.245,0.06772626783090696,0.0030447894,0.03538552862753652,0.5399,-0.5045144713724635,Low Potential
21.715,79.26,0.045902584993139615,0.0030447894,0.02447368720865285,0.5589,-0.5344263127913471,Low Potential
21.715,79.275,0.024027106227106233,0.0012907179,0.012658912043895016,0.4238,-0.411141087956105,Low Potential
21.715,79.29,0.0013333333333333333,0.00035095078,0.0008421420569454009,0.1852,-0.1843578579430546,Low Potential
21.715,79.305,0.003,0.00050296844,0.001751484219916165,0.2354,-0.23364851578008383,Low Potential
21.715,79.32,0.02356666666666667,0.0009345997,0.012250633195399619,0.1753,-0.1630493668046004,Low Potential
21.715,79.335,0.016395238095238095,0.0005223077,0.00845877289878914,0.1733,-0.16484122710121088,Low Potential
21.715,79.35,0.0086,0.00073293556,0.004666467778803781,0.1916,-0.1869335322211962,Low Potential
21.715,79.365,0.07600636836981664,0.005555607,0.040780987641319086,0.2133,-0.1725190123586809,Low Potential
21.715,79.38,0.003933333333333333,0.0008982654,0.0024157993647890784,0.1733,-0.17088420063521093,Low Potential
21.715,79.395,0.007939393939393939,0.00092271494,0.004431054440764428,0.1414,-0.13696894555923558,Low Potential
21.715,79.41,0.0,0.0003621774,0.0001810887042665854,0.168,-0.16781891129573343,Low Potential
21.715,79.425,0.010466666666666668,0.0005383937,0.005502530173569297,0.1406,-0.1350974698264307,Low Potential
21.715,79.44,0.01252212925400045,0.0004936953,0.0065079122865824976,0.3739,-0.3673920877134175,Low Potential
21.715,79.455,0.0,0.0003464872,0.00017324360669590533,0.16,-0.1598267563933041,Low Potential
21.715,79.47,0.003933333333333333,0.00091568835,0.00242451083973671,0.1444,-0.14197548916026329,Low Potential
21.715,79.485,0.05822174344384871,0.0008813415,0.02955154248134147,0.4313,-0.40174845751865856,Low Potential
21.715,79.5,0.027719999999999998,0.0013488542,0.014534427079502492,0.367,-0.3524655729204975,Low Potential
21.715,79.515,0.0,0.00035694122,0.00017847061099018902,0.1871,-0.1869215293890098,Low Potential
21.715,79.53,0.017451378446115287,0.0005510844,0.009001231425928936,0.1681,-0.15909876857407107,Low Potential
21.715,79.545,0.00893939393939394,0.0010217392,0.004980566575629355,0.1562,-0.15121943342437066,Low Potential
21.715,79.56,0.009366666666666666,0.00064139866,0.005004032661191498,0.1532,-0.1481959673388085,Low Potential
21.715,79.575,0.021511695906432746,0.0003343146,0.010923005250471844,0.3278,-0.31687699474952813,Low Potential
21.715,79.59,0.017333333333333333,0.0005078207,0.008920577010993535,0.4143,-0.4053794229890065,Low Potential
21.715,79.605,0.0,0.0003464872,0.00017324360669590533,0.1641,-0.1639267563933041,Low Potential
21.715,79.62,0.0,0.00028634147,0.00014317073510028422,0.1553,-0.1551568292648997,Low Potential
21.715,79.635,0.01347689393939394,0.0009450372,0.007210965556017772,0.2179,-0.21068903444398224,Low Potential
21.715,79.65,0.13765450990248643,0.0009764397,0.06931547479216095,0.1791,-0.10978452520783906,Low Potential
21.715,79.665,0.0907341804025926,0.0050585894,0.04789638489700147,0.2164,-0.16850361510299855,Low Potential
21.715,79.68,0.2074016422808218,0.03497182,0.12118673030436278,0.265,-0.14381326969563724,Low Potential
21.715,79.695,0.12112393088870069,0.005220995,0.06317246285382817,0.4905,-0.42732753714617183,Low Potential
21.715,79.71,0.17070178527143517,0.006531528,0.08861665673433204,0.205,-0.11638334326566795,Low Potential
21.715,79.725,0.04601614119593247,0.005865847,0.02594099421108238,0.1725,-0.14655900578891762,Low Potential
21.715,79.74,0.466248159485853,0.04985026,0.258049209231037,0.249,0.009049209231037025,Low Potential
21.715,79.755,0.03990602006688964,0.0010920855,0.020499052782637386,0.1458,-0.12530094721736262,Low Potential
21.715,79.77,0.10655520421607377,0.006532958,0.05654408099672736,0.2005,-0.14395591900327265,Low Potential
21.715,79.785,0.12462545075062234,0.017697074,0.07116126213492611,0.1956,-0.12443873786507388,Low Potential
21.715,79.8,0.09400569912543597,0.01861674,0.05631121939296872,0.2011,-0.14478878060703126,Low Potential
21.715,79.815,0.05301309523809524,0.006106516,0.029559805559384682,0.5668,-0.5372401944406153,Low Potential
21.715,79.83,0.08599899749373434,0.021826617,0.05391280745672702,0.2478,-0.19388719254327297,Low Potential
21.715,79.845,0.13028079710144924,0.025550304,0.07791555054107868,0.5534,-0.4754844494589213,Low Potential
21.715,79.86,0.008,0.0006381104,0.004319055194268003,0.36,-0.355680944805732,Low Potential
21.715,79.875,0.0407032967032967,0.0020954232,0.02139935993822803,0.4411,-0.419700640061772,Low Potential
21.715,79.89,0.02819011470985155,0.00033899592,0.014264555313193815,0.1886,-0.17433544468680617,Low Potential
21.715,79.905,0.03601818181818182,0.00083451555,0.01842634868464348,0.2901,-0.27167365131535653,Low Potential
21.715,79.92,0.019399999999999997,0.003399448,0.011399724001809953,0.6385,-0.62710027599819,Low Potential
21.715,79.935,0.0702352863253018,0.002569433,0.036402359697079195,0.3115,-0.27509764030292083,Low Potential
21.715,79.95,0.0166,0.006019475,0.011309737469255924,0.3373,-0.3259902625307441,Low Potential
21.715,79.965,0.03773911218117369,0.009040988,0.02339005011578745,0.528,-0.5046099498842126,Low Potential
21.715,79.98,0.05532773019893763,0.0027500794,0.029038904789642977,0.2816,-0.252561095210357,Low Potential
21.715,79.995,0.018325210084033615,0.0012507383,0.009787974181032482,0.1674,-0.15761202581896752,Low Potential
21.715,80.01,0.015516483516483518,0.00045851216,0.007987497840335103,0.1442,-0.1362125021596649,Low Potential
21.715,80.025,0.14990473348759795,0.00225117,0.0760779517987777,0.3808,-0.30472204820122234,Low Potential
21.715,80.04,0.19449593991618824,0.003280414,0.09888817697586602,0.2375,-0.13861182302413397,Low Potential
21.715,80.055,0.008142857142857143,0.0021712068,0.005157031948279057,0.1412,-0.13604296805172095,Low Potential
21.715,80.07,0.15833481288569792,0.007349506,0.08284215945312194,0.3983,-0.31545784054687803,Low Potential
21.715,80.085,0.020300000000000002,0.0006357324,0.010467866186378525,0.1608,-0.15033213381362148,Low Potential
21.715,80.1,0.06479857397504457,0.002576952,0.03368776303835366,0.3482,-0.3145122369616463,Low Potential
21.715,80.115,0.03558441558441558,0.003557421,0.01957091830930878,0.3479,-0.3283290816906912,Low Potential
21.715,80.13,0.07074199134199136,0.0056370073,0.038189499320901,0.2804,-0.242210500679099,Low Potential
21.715,80.145,0.026850000000000002,0.010850352,0.018850176117569208,0.3001,-0.28124982388243075,Low Potential
21.715,80.16,0.019466666666666663,0.009082909,0.014274787704398233,0.2048,-0.19052521229560176,Low Potential
21.715,80.175,0.0742664964923692,0.025985347,0.050125921799711,0.1513,-0.10117407820028898,Low Potential
21.715,80.19,0.009300000000000001,0.0013222339,0.005311116966512055,0.1635,-0.15818888303348796,Low Potential
21.715,80.205,0.09135714285714283,0.020878332,0.0561177372964365,0.1845,-0.1283822627035635,Low Potential
21.715,80.22,0.17379864526490987,0.0052322657,0.08951545547483176,0.5623,-0.47278454452516827,Low Potential
21.715,80.235,0.06621282051282051,0.015502214,0.040857517472291605,0.2014,-0.1605424825277084,Low Potential
21.715,80.25,0.09854063001126376,0.007692443,0.05311653660908504,0.4941,-0.44098346339091493,Low Potential
21.715,80.265,0.006942857142857143,0.0012085825,0.004075719843312566,0.1372,-0.13312428015668742,Low Potential
21.715,80.28,0.10490746915919329,0.009118797,0.05701313320836795,0.158,-0.10098686679163205,Low Potential
21.715,80.295,0.08200329670329672,0.0027855278,0.04239441227457067,0.1479,-0.10550558772542934,Low Potential
21.715,80.31,0.11540730014638463,0.004466957,0.05993712854669173,0.3851,-0.32516287145330824,Low Potential
21.715,80.325,0.11503716479598833,0.0096372105,0.062337187657055024,0.2302,-0.16786281234294498,Low Potential
21.715,80.34,0.017833333333333336,0.0008380405,0.009335686911984038,0.2761,-0.26676431308801596,Low Potential
21.715,80.355,0.26698146514648063,0.4225928,0.3447871270405941,0.4039,-0.05911287295940587,Low Potential
21.715,80.37,0.8041645160278162,0.9870629,0.8956136937419812,0.5173,0.3783136937419812,High Potential
21.715,80.385,0.06076683606248825,0.016894825,0.03883083043268189,0.3572,-0.31836916956731814,Low Potential
21.715,80.4,0.014846153846153847,0.0014900274,0.008168090628531691,0.1626,-0.1544319093714683,Low Potential
21.715,80.415,0.009766666666666667,0.0029977872,0.006382226935153206,0.1975,-0.1911177730648468,Low Potential
21.715,80.43,0.03711692351838379,0.001084619,0.019100771243636454,0.206,-0.18689922875636353,Low Potential
21.715,80.445,0.08211776825325211,0.0018003013,0.04195903475259254,0.1447,-0.10274096524740745,Low Potential
21.715,80.46,0.0078,0.00033022102,0.0040651105121709405,0.1389,-0.13483488948782907,Low Potential
21.715,80.475,0.01878450347881088,0.0012081884,0.009996345920149582,0.2183,-0.2083036540798504,Low Potential
21.715,80.49,0.013766666666666665,0.0031283072,0.008447486919847626,0.3321,-0.32365251308015236,Low Potential
21.73,79.2,0.031359210526315795,0.001005953,0.016182581735647433,0.4316,-0.4154174182643525,Low Potential
21.73,79.215,0.06772626783090696,0.0030447894,0.03538552862753652,0.5083,-0.47291447137246345,Low Potential
21.73,79.23,0.06772626783090696,0.0030447894,0.03538552862753652,0.5174,-0.48201447137246345,Low Potential
21.73,79.245,0.1326257741140868,0.0033137214,0.06796974775226393,0.1725,-0.10453025224773606,Low Potential
21.73,79.26,0.06803198668844768,0.0047959182,0.03641395246479545,0.2623,-0.22588604753520453,Low Potential
21.73,79.275,0.0,0.0004907968,0.00024539840524084866,0.2001,-0.19985460159475915,Low Potential
21.73,79.29,0.002,0.00061671936,0.0013083596820943058,0.1749,-0.1735916403179057,Low Potential
21.73,79.305,0.001,0.0003358731,0.0006679365523159504,0.1707,-0.17003206344768404,Low Potential
21.73,79.32,0.002333333333333333,0.0006344289,0.0014838811309697726,0.1684,-0.1669161188690302,Low Potential
21.73,79.335,0.003,0.00048035837,0.0017401791862212122,0.178,-0.17625982081377878,Low Potential
21.73,79.35,0.007033333333333333,0.0011996307,0.0041164820022570586,0.2611,-0.25698351799774294,Low Potential
21.73,79.365,0.012,0.00029509046,0.006147545229992829,0.3865,-0.3803524547700072,Low Potential
21.73,79.38,0.02961276668373443,0.00083995436,0.015226360521130002,0.1539,-0.13867363947887001,Low Potential
21.73,79.395,0.001,0.0010367186,0.0010183593020774424,0.1858,-0.18478164069792255,Low Potential
21.73,79.41,0.04059397103870788,0.00032073585,0.020457353445936632,0.2163,-0.19584264655406336,Low Potential
21.73,79.425,0.03922899159663866,0.0015890298,0.02040901069559877,0.2336,-0.21319098930440122,Low Potential
21.73,79.44,0.148090371479226,0.0029566584,0.0755235149240781,0.2576,-0.1820764850759219,Low Potential
21.73,79.455,0.00965359477124183,0.0010525435,0.00535306914608463,0.3644,-0.35904693085391537,Low Potential
21.73,79.47,0.041754388422035486,0.0008701033,0.021312245864784748,0.3989,-0.3775877541352152,Low Potential
21.73,79.485,0.021327106227106228,0.0011747349,0.011250920566234179,0.4462,-0.4349490794337658,Low Potential
21.73,79.5,0.0039,0.00040482232,0.002152411159989424,0.3349,-0.33274758884001054,Low Potential
21.73,79.515,0.002,0.0003437185,0.0011718592538964004,0.1576,-0.1564281407461036,Low Potential
21.73,79.53,0.11306188680600444,0.002860232,0.05796105941476335,0.333,-0.27503894058523665,Low Potential
21.73,79.545,0.0,0.00029433324,0.00014716661826241761,0.1862,-0.1860528333817376,Low Potential
21.73,79.56,0.002,0.0017012568,0.001850628421176225,0.137,-0.13514937157882378,Low Potential
21.73,79.575,0.07832714603404259,0.00091816427,0.039622655150623645,0.176,-0.13637734484937636,Low Potential
21.73,79.59,0.039741352813852805,0.00047667898,0.0201090158963687,0.2545,-0.2343909841036313,Low Potential
21.73,79.605,0.013499999999999998,0.0012433005,0.007371650251559912,0.1388,-0.1314283497484401,Low Potential
21.73,79.62,0.004666666666666666,0.00037910364,0.0025228851550103473,0.2053,-0.20277711484498967,Low Potential
21.73,79.635,0.0,0.00033480994,0.00016740497085265815,0.1352,-0.13503259502914733,Low Potential
21.73,79.65,0.0029,0.00031079358,0.0016053967886138706,0.194,-0.19239460321138613,Low Potential
21.73,79.665,0.21312848536090226,0.09160458,0.1523665341631381,0.3777,-0.22533346583686187,Low Potential
21.73,79.68,0.04748499000999001,0.017523434,0.03250421201155915,0.1392,-0.10669578798844084,Low Potential
21.73,79.695,0.1631282170877237,0.045533236,0.1043307266019473,0.3715,-0.2671692733980527,Low Potential
21.73,79.71,0.049827199215878464,0.0013321355,0.02557966736884262,0.1858,-0.16022033263115737,Low Potential
21.73,79.725,0.05914324760207113,0.0010834169,0.030113332233173532,0.1448,-0.11468666776682648,Low Potential
21.73,79.74,0.16129677214770094,0.014740673,0.08801872252076157,0.7015,-0.6134812774792384,Low Potential
21.73,79.755,0.04390198412698412,0.005724574,0.024813279050275208,0.1727,-0.14788672094972477,Low Potential
21.73,79.77,0.046521031746031755,0.0028980717,0.02470955170288032,0.1627,-0.1379904482971197,Low Potential
21.73,79.785,0.05615982425674149,0.0038566038,0.03000821400571291,0.1291,-0.09909178599428708,Low Potential
21.73,79.8,0.04355924908424908,0.0030404776,0.02329986335886267,0.1639,-0.14060013664113732,Low Potential
21.73,79.815,0.0655733795190317,0.012398209,0.03898579447092923,0.5787,-0.5397142055290708,Low Potential
21.73,79.83,0.0815677323651008,0.009890105,0.045728918504550665,0.3296,-0.2838710814954493,Low Potential
21.73,79.845,0.007833333333333333,0.0004576864,0.004145509867269235,0.1804,-0.17625449013273076,Low Potential
21.73,79.86,0.03320457516339869,0.0013212432,0.017262909201017026,0.5787,-0.561437090798983,Low Potential
21.73,79.875,0.0046,0.00025402533,0.0024270126667805016,0.5083,-0.5058729873332195,Low Potential
21.73,79.89,0.002,0.00023007767,0.0011150388343376108,0.2241,-0.22298496116566238,Low Potential
21.73,79.905,0.04892997198879551,0.00051987986,0.0247249259247995,0.3687,-0.3439750740752005,Low Potential
21.73,79.92,0.005,0.0010011785,0.0030005892599001527,0.4051,-0.40209941074009986,Low Potential
21.73,79.935,0.1251150949154045,0.00422344,0.06466926737893353,0.2666,-0.20193073262106648,Low Potential
21.73,79.95,0.039068817204301075,0.00877341,0.023921113482894756,0.4586,-0.43467888651710523,Low Potential
21.73,79.965,0.08815353535353534,0.0035278578,0.04584069659121033,0.2256,-0.17975930340878965,Low Potential
21.73,79.98,0.3012924315824167,0.18234113,0.24181678008506974,0.225,0.016816780085069732,Low Potential
21.73,79.995,0.07241282051282051,0.006437331,0.0394250757426119,0.1628,-0.12337492425738811,Low Potential
21.73,80.01,0.031670543018045796,0.0010895006,0.01638002181531254,0.1407,-0.12431997818468746,Low Potential
21.73,80.025,0.15522958201826126,0.0058194436,0.08052451281577602,0.2232,-0.142675487184224,Low Potential
21.73,80.04,0.30917599024597536,0.04632323,0.17774960943670934,0.3749,-0.19715039056329067,Low Potential
21.73,80.055,0.012331746031746032,0.0015052934,0.0069185197247340095,0.2818,-0.274881480275266,Low Potential
21.73,80.07,0.0132,0.0037523198,0.008476159920357168,0.1317,-0.12322384007964285,Low Potential
21.73,80.085,0.09101666666666668,0.060915995,0.0759663310279449,0.231,-0.15503366897205512,Low Potential
21.73,80.1,0.07095279545016386,0.003357092,0.037154943684375774,0.4769,-0.4397450563156242,Low Potential
21.73,80.115,0.18116170353591604,0.010660414,0.09591105859428725,0.4663,-0.37038894140571277,Low Potential
21.73,80.13,0.0674077922077922,0.03929455,0.05335117027024169,0.5421,-0.4887488297297583,Low Potential
21.73,80.145,0.102252614052614,0.007342705,0.054797659545029416,0.195,-0.1402023404549706,Low Potential
21.73,80.16,0.006,0.0021439805,0.004071990234777331,0.4545,-0.4504280097652227,Low Potential
21.73,80.175,0.003333333333333333,0.0020981021,0.0027157177279392877,0.2286,-0.2258842822720607,Low Potential
21.73,80.19,0.0115,0.0043376572,0.007918828621506691,0.2378,-0.22988117137849332,Low Potential
21.73,80.205,0.2039653119315765,0.06547914,0.13472222446749915,0.4748,-0.34007777553250085,Low Potential
21.73,80.22,0.05882380952380953,0.02260692,0.04071536498736768,0.1579,-0.11718463501263233,Low Potential
21.73,80.235,0.06926520146520146,0.032688707,0.050976954289233725,0.1401,-0.08912304571076628,Low Potential
21.73,80.25,0.05922756892230578,0.0019414953,0.030584532132242957,0.1907,-0.16011546786775704,Low Potential
21.73,80.265,0.07007383923266275,0.020186607,0.045130223013629234,0.3805,-0.33536977698637077,Low Potential
21.73,80.28,0.13859077995746794,0.01884522,0.07871799956127734,0.3205,-0.24178200043872267,Low Potential
21.73,80.295,0.07890151515151515,0.034469202,0.05668535865617521,0.2614,-0.2047146413438248,Low Potential
21.73,80.31,0.11619555865531095,0.0027910739,0.059493316263543705,0.421,-0.3615066837364563,Low Potential
21.73,80.325,0.027252380952380948,0.0005835946,0.013917987779552292,0.3987,-0.3847820122204477,Low Potential
21.73,80.34,0.016652380952380953,0.0007294188,0.008690899888869553,0.1514,-0.14270910011113044,Low Potential
21.73,80.355,0.06506666666666666,0.003904792,0.03448572934058805,0.1523,-0.11781427065941194,Low Potential
21.73,80.37,0.1407248081210155,0.019706182,0.08021549515142534,0.3123,-0.23208450484857468,Low Potential
21.73,80.385,0.07501818181818183,0.015087977,0.04505307943495838,0.3167,-0.2716469205650416,Low Potential
21.73,80.4,0.013733333333333332,0.0011605821,0.007446957697595158,0.1501,-0.14265304230240486,Low Potential
21.73,80.415,0.025266666666666666,0.0015172904,0.013391978516274442,0.1516,-0.13820802148372557,Low Potential
21.73,80.43,0.025335483870967745,0.006062089,0.015698786435432495,0.4639,-0.4482012135645675,Low Potential
21.73,80.445,0.018033333333333335,0.004621426,0.011327379721278947,0.1723,-0.16097262027872106,Low Potential
21.73,80.46,0.06356981816412556,0.0006857318,0.03212777499314235,0.165,-0.13287222500685766,Low Potential
21.73,80.475,0.004,0.001808344,0.002904172018636018,0.4498,-0.44689582798136396,Low Potential
21.73,80.49,0.007166666666666666,0.0028984712,0.00503256893189003,0.3221,-0.31706743106811,Low Potential
21.745,79.2,0.004,0.000952837,0.002476418499602005,0.1554,-0.152923581500398,Low Potential
21.745,79.215,0.14984993581699793,0.004021594,0.07693576482610139,0.5471,-0.47016423517389866,Low Potential
21.745,79.23,0.06772626783090696,0.0030447894,0.03538552862753652,0.5194,-0.48401447137246345,Low Potential
21.745,79.245,0.008479949874686716,0.00032308087,0.0044015153699436625,0.1598,-0.15539848463005634,Low Potential
21.745,79.26,0.002333333333333333,0.000532598,0.0014329656676078835,0.1914,-0.1899670343323921,Low Potential
21.745,79.275,0.013666666666666667,0.0033607043,0.00851368547634532,0.2776,-0.26908631452365467,Low Potential
21.745,79.29,0.0025,0.0012449998,0.001872499908786267,0.2165,-0.21462750009121373,Low Potential
21.745,79.305,0.011333333333333334,0.0020520273,0.006692680299902956,0.2277,-0.22100731970009707,Low Potential
21.745,79.32,0.008066666666666666,0.00041299293,0.004239829798003969,0.1767,-0.17246017020199603,Low Potential
21.745,79.335,0.005133333333333333,0.0018744477,0.003503890508568535,0.2024,-0.19889610949143147,Low Potential
21.745,79.35,0.003,0.0010019634,0.0020009816959500313,0.1524,-0.15039901830404998,Low Potential
21.745,79.365,0.007055555555555555,0.0013600568,0.004207806180489973,0.2626,-0.25839219381951,Low Potential
21.745,79.38,0.01152212925400045,0.000489369,0.00600574911527997,0.2927,-0.28669425088472006,Low Potential
21.745,79.395,0.0013333333333333333,0.00033452405,0.0008339286940560365,0.4215,-0.42066607130594397,Low Potential
21.745,79.41,0.0178,0.0010030679,0.009401533970236778,0.1295,-0.12009846602976322,Low Potential
21.745,79.425,0.0035,0.0005959129,0.002047956459689885,0.1345,-0.13245204354031012,Low Potential
21.745,79.44,0.002,0.00047094334,0.001235471670748666,0.4263,-0.42506452832925135,Low Potential
21.745,79.455,0.004,0.0006449666,0.0023224833053536714,0.3604,-0.3580775166946463,Low Potential
21.745,79.47,0.037700000000000004,0.0010703482,0.019385174098331483,0.4025,-0.38311482590166857,Low Potential
21.745,79.485,0.022599526594263435,0.0005636461,0.011581586339446217,0.165,-0.15341841366055378,Low Potential
21.745,79.5,0.06578855784738137,0.001574254,0.03368140593002401,0.1491,-0.11541859406997601,Low Potential
21.745,79.515,0.03254463364293086,0.0011786973,0.016861665488301005,0.4813,-0.464438334511699,Low Potential
21.745,79.53,0.02163939393939394,0.0012870076,0.011463200763677897,0.1718,-0.1603367992363221,Low Potential
21.745,79.545,0.006,0.00034927225,0.0031746361231198535,0.196,-0.19282536387688015,Low Potential
21.745,79.56,0.0038823529411764705,0.00040649695,0.0021444249477798995,0.1636,-0.1614555750522201,Low Potential
21.745,79.575,0.0045,0.00064397336,0.0025719866775907574,0.1906,-0.18802801332240923,Low Potential
21.745,79.59,0.0,0.0003120477,0.0001560238451929763,0.1573,-0.15714397615480702,Low Potential
21.745,79.605,0.004,0.00085325947,0.0024266297328285873,0.259,-0.2565733702671714,Low Potential
21.745,79.62,0.004,0.0008333875,0.0024166937433183194,0.2178,-0.21538330625668167,Low Potential
21.745,79.635,0.0,0.00029528295,0.00014764147636014968,0.1697,-0.16955235852363984,Low Potential
21.745,79.65,0.006,0.0011480411,0.0035740205524489284,0.1471,-0.14352597944755108,Low Potential
21.745,79.665,0.04499628284512186,0.0011683278,0.0230823053002083,0.3797,-0.35661769469979165,Low Potential
21.745,79.68,0.004,0.0005053624,0.0022526812022551895,0.5795,-0.5772473187977448,Low Potential
21.745,79.695,0.13240670975366098,0.011984434,0.07219557186622849,0.2953,-0.22310442813377152,Low Potential
21.745,79.71,0.08591313239900193,0.0060404553,0.045976793853406715,0.161,-0.11502320614659328,Low Potential
21.745,79.725,0.13759827470664704,0.016878208,0.07723824142607313,0.1378,-0.06056175857392687,Low Potential
21.745,79.74,0.0523495182353878,0.008526386,0.030437951998592613,0.1649,-0.13446204800140737,Low Potential
21.745,79.755,0.03998550724637681,0.0017623771,0.02087394217228976,0.1481,-0.12722605782771024,Low Potential
21.745,79.77,0.0571187091542899,0.014382059,0.03575038395442662,0.4101,-0.3743496160455734,Low Potential
21.745,79.785,0.07851285320324224,0.0059924484,0.042252650813150015,0.4782,-0.43594734918685,Low Potential
21.745,79.8,0.024616141896889977,0.002321607,0.013468874432244088,0.2965,-0.2830311255677559,Low Potential
21.745,79.815,0.11991104646986998,0.002287627,0.0610993367174207,0.2412,-0.1801006632825793,Low Potential
21.745,79.83,0.001,0.000986518,0.000993258994538337,0.3528,-0.35180674100546167,Low Potential
21.745,79.845,0.014592592592592591,0.00092227105,0.007757431821552691,0.1924,-0.1846425681784473,Low Potential
21.745,79.86,0.14228799575037962,0.0018240181,0.07205600691508356,0.2536,-0.18154399308491642,Low Potential
21.745,79.875,0.01395187969924812,0.000592348,0.007272113845217623,0.1499,-0.1426278861547824,Low Potential
21.745,79.89,0.02126140350877193,0.0027606387,0.012011021112235622,0.1669,-0.15488897888776437,Low Potential
21.745,79.905,0.032834855993679524,0.00023233147,0.016533593731492657,0.6422,-0.6256664062685073,Low Potential
21.745,79.92,0.12461119048650007,0.0017084682,0.06315982933798155,0.1687,-0.10554017066201844,Low Potential
21.745,79.935,0.14915232469604653,0.01687172,0.0830120226242455,0.1518,-0.0687879773757545,Low Potential
21.745,79.95,0.13562479572709374,0.0010079363,0.06831636601995539,0.5145,-0.44618363398004457,Low Potential
21.745,79.965,0.026166666666666664,0.0012909466,0.013728806641728927,0.5566,-0.542871193358271,Low Potential
21.745,79.98,0.17042028163054543,0.008292433,0.08935635725249329,0.3857,-0.2963436427475067,Low Potential
21.745,79.995,0.38684439064285947,0.549113,0.46797868312012053,0.2666,0.20137868312012053,Moderate Potential
21.745,80.01,0.07812052730696799,0.008119669,0.04312009805926383,0.3054,-0.2622799019407362,Low Potential
21.745,80.025,0.022346153846153845,0.0034363104,0.012891232147884483,0.3995,-0.38660876785211556,Low Potential
21.745,80.04,0.2313663683152073,0.03852576,0.13494606424450245,0.3131,-0.17815393575549754,Low Potential
21.745,80.055,0.029642460317460324,0.0021469716,0.015894715981147004,0.5435,-0.527605284018853,Low Potential
21.745,80.07,0.06842064940709008,0.012242134,0.04033139156812496,0.3251,-0.284768608431875,Low Potential
21.745,80.085,0.30494939385818715,0.25038296,0.2776661768504345,0.2988,-0.021133823149565523,Low Potential
21.745,80.1,0.025095238095238094,0.0018510673,0.013473152695733698,0.1886,-0.17512684730426628,Low Potential
21.745,80.115,0.052855086580086585,0.0053088954,0.029081990975970445,0.6353,-0.6062180090240296,Low Potential
21.745,80.13,0.11177616521204821,0.003690682,0.05773342354898806,0.5202,-0.4624665764510119,Low Potential
21.745,80.145,0.05754949494949495,0.0036679371,0.030608716037752802,0.4157,-0.38509128396224723,Low Potential
21.745,80.16,0.17943113980401973,0.023605647,0.10151839318478813,0.3238,-0.22228160681521186,Low Potential
21.745,80.175,0.050955122655122656,0.006987849,0.0289714857199486,0.4154,-0.38642851428005137,Low Potential
21.745,80.19,0.12554193826287674,0.011209645,0.06837579178571546,0.4265,-0.35812420821428453,Low Potential
21.745,80.205,0.16326763236763234,0.07456043,0.11891403299690363,0.3651,-0.24618596700309636,Low Potential
21.745,80.22,0.14197527159621007,0.04050882,0.09124204660142306,0.4026,-0.31135795339857697,Low Potential
21.745,80.235,0.07626071987480439,0.014691909,0.045476314359309856,0.4221,-0.3766236856406901,Low Potential
21.745,80.25,0.0135,0.00083451555,0.007167257775552571,0.2572,-0.25003274222444744,Low Potential
21.745,80.265,0.003333333333333333,0.0013118546,0.002322593954546998,0.2512,-0.24887740604545297,Low Potential
21.745,80.28,0.027233918128654975,0.0017372518,0.014485584945012191,0.379,-0.36451441505498783,Low Potential
21.745,80.295,0.16508443813731874,0.0057470715,0.08541575480232937,0.6046,-0.5191842451976707,Low Potential
21.745,80.31,0.23610572726543577,0.23344664,0.23477618501094893,0.2185,0.016276185010948935,Low Potential
21.745,80.325,0.06280707070707071,0.010918408,0.03686273920401329,0.3158,-0.27893726079598674,Low Potential
21.745,80.34,0.08351961085509471,0.0027782826,0.04314894673848506,0.2289,-0.18575105326151492,Low Potential
21.745,80.355,0.1599528732137427,0.03286088,0.09640687603436636,0.1883,-0.09189312396563364,Low Potential
21.745,80.37,0.04268793814880771,0.006401828,0.02454488308667204,0.2618,-0.23725511691332793,Low Potential
21.745,80.385,0.17481323317205666,0.04129166,0.10805244736629604,0.1605,-0.05244755263370396,Low Potential
21.745,80.4,0.025968817204301074,0.0011988933,0.013583855250416704,0.1627,-0.14911614474958332,Low Potential
21.745,80.415,0.03263548387096775,0.005936523,0.019286003419540586,0.1739,-0.1546139965804594,Low Potential
21.745,80.43,0.04111103896103896,0.0011755442,0.021143291592859215,0.2985,-0.2773567084071408,Low Potential
21.745,80.445,0.27966879141309886,0.4223505,0.35100964373339727,0.1807,0.17030964373339727,Low Potential
21.745,80.46,0.0031666666666666666,0.003370685,0.0032686758519460757,0.2341,-0.23083132414805393,Low Potential
21.745,80.475,0.08570527065290491,0.00849862,0.047101945447392664,0.4506,-0.40349805455260734,Low Potential
21.745,80.49,0.0037,0.0016301762,0.002665088103991002,0.5357,-0.5330349118960089,Low Potential
21.76,79.2,0.004333333333333333,0.00034876083,0.002341047083532127,0.1448,-0.14245895291646787,Low Potential
21.76,79.215,0.005066666666666666,0.00044317872,0.0027549226952328656,0.1513,-0.14854507730476713,Low Potential
21.76,79.23,0.06772626783090696,0.0030447894,0.03538552862753652,0.5168,-0.4814144713724635,Low Potential
21.76,79.245,0.10853708333119615,0.0036216339,0.05607935859713636,0.5269,-0.47082064140286367,Low Potential
21.76,79.26,0.001,0.0010996924,0.0010498462123796344,0.2037,-0.20265015378762036,Low Potential
21.76,79.275,0.007716190476190476,0.0005078026,0.004111996531130835,0.1985,-0.19438800346886917,Low Potential
21.76,79.29,0.010333333333333332,0.0019252716,0.0061293024599241705,0.1908,-0.18467069754007584,Low Potential
21.76,79.305,0.006857142857142857,0.0013377788,0.004097460805837597,0.2827,-0.2786025391941624,Low Potential
21.76,79.32,0.0016666666666666666,0.0015768718,0.0016217692553376158,0.222,-0.2203782307446624,Low Potential
21.76,79.335,0.0,0.00064885046,0.0003244252293370664,0.1996,-0.19927557477066293,Low Potential
21.76,79.35,0.048893061183615805,0.001865599,0.025379330069403738,0.4334,-0.40802066993059627,Low Potential
21.76,79.365,0.007,0.0023137871,0.00465689355880022,0.1643,-0.15964310644119978,Low Potential
21.76,79.38,0.021324163133721957,0.0011383633,0.011231263200042849,0.3589,-0.34766873679995713,Low Potential
21.76,79.395,0.0,0.00030423686,0.00015211843128781766,0.1486,-0.1484478815687122,Low Potential
21.76,79.41,0.0,0.00032092366,0.0001604618300916627,0.1323,-0.13213953816990834,Low Potential
21.76,79.425,0.008,0.00031854148,0.004159270741278306,0.1518,-0.14764072925872168,Low Potential
21.76,79.44,0.01727939393939394,0.00067631353,0.00897785373548949,0.1926,-0.1836221462645105,Low Potential
21.76,79.455,0.005,0.00041117906,0.002705589531105943,0.4841,-0.48139441046889403,Low Potential
21.76,79.47,0.05997791486291485,0.0014113971,0.03069465599470907,0.2005,-0.16980534400529093,Low Potential
21.76,79.485,0.002,0.00047341437,0.0012367071865592152,0.168,-0.1667632928134408,Low Potential
21.76,79.5,0.09733319314482655,0.0015172622,0.049425227669100444,0.205,-0.15557477233089956,Low Potential
21.76,79.515,0.011615862573099416,0.00031352678,0.005964694674626505,0.3702,-0.36423530532537346,Low Potential
21.76,79.53,0.00336969696969697,0.0005181412,0.0019439190838344848,0.1678,-0.16585608091616552,Low Potential
21.76,79.545,0.02720095238095238,0.0012837076,0.014242329971893203,0.398,-0.3837576700281068,Low Potential
21.76,79.56,0.014166666666666666,0.00076476595,0.007465716308991735,0.4184,-0.41093428369100826,Low Potential
21.76,79.575,0.007125925925925926,0.00030745656,0.0037166912435286645,0.1744,-0.17068330875647134,Low Potential
21.76,79.59,0.0,0.00031662552,0.0001583127595949918,0.1671,-0.166941687240405,Low Potential
21.76,79.605,0.0,0.0006017376,0.00030086879269219935,0.1453,-0.1449991312073078,Low Potential
21.76,79.62,0.002,0.0003441533,0.001172076644957997,0.1377,-0.136527923355042,Low Potential
21.76,79.635,0.0,0.00031662552,0.0001583127595949918,0.1237,-0.12354168724040501,Low Potential
21.76,79.65,0.01559109477124183,0.0010298495,0.008310472144666159,0.3114,-0.30308952785533383,Low Potential
21.76,79.665,0.03988888888888888,0.000496109,0.020192498952564263,0.2631,-0.24290750104743575,Low Potential
21.76,79.68,0.006,0.0005037529,0.0032518764522392303,0.3,-0.29674812354776076,Low Potential
21.76,79.695,0.00788235294117647,0.00060157845,0.004241965693407966,0.3759,-0.37165803430659206,Low Potential
21.76,79.71,0.04024050812918738,0.0009932526,0.02061688037231587,0.1512,-0.13058311962768412,Low Potential
21.76,79.725,0.07030844340844342,0.005677623,0.03799303330852781,0.2336,-0.1956069666914722,Low Potential
21.76,79.74,0.10621470486035703,0.022349738,0.06428222122247397,0.2399,-0.17561777877752605,Low Potential
21.76,79.755,0.1013898465345396,0.014901492,0.05814566917395062,0.1385,-0.0803543308260494,Low Potential
21.76,79.77,0.10007011982325074,0.0040698363,0.05206997808391033,0.1391,-0.08703002191608966,Low Potential
21.76,79.785,0.00977777777777778,0.00063796784,0.005207872807876104,0.1481,-0.1428921271921239,Low Potential
21.76,79.8,0.04798521303258146,0.0022420103,0.025113611676093463,0.1798,-0.15468638832390652,Low Potential
21.76,79.815,0.0038888888888888888,0.0010681826,0.0024785357638676133,0.3445,-0.34202146423613233,Low Potential
21.76,79.83,0.006133333333333333,0.00084912224,0.0034912277865378804,0.1248,-0.12130877221346212,Low Potential
21.76,79.845,0.005033333333333333,0.0017436792,0.0033885062505180637,0.1685,-0.16511149374948195,Low Potential
21.76,79.86,0.01988888888888889,0.0028912108,0.011390049864020613,0.4492,-0.4378099501359794,Low Potential
21.76,79.875,0.06809053364935719,0.0016723488,0.03488144123591211,0.3742,-0.3393185587640879,Low Potential
21.76,79.89,0.019222222222222224,0.0017946349,0.0105084285373903,0.1899,-0.1793915714626097,Low Potential
21.76,79.905,0.027218546365914788,0.0006570679,0.01393780714555919,0.1318,-0.11786219285444081,Low Potential
21.76,79.92,0.0076,0.0012983889,0.004449194465950131,0.5416,-0.5371508055340498,Low Potential
21.76,79.935,0.014766666666666666,0.0019026444,0.00833465553636973,0.312,-0.30366534446363025,Low Potential
21.76,79.95,0.04670259103641456,0.0028443998,0.0247734954044995,0.3886,-0.3638265045955005,Low Potential
21.76,79.965,0.10365634590727468,0.0016557681,0.052656057022349934,0.4976,-0.44494394297765005,Low Potential
21.76,79.98,0.19171536805453213,0.0034848116,0.09760008984417871,0.2418,-0.1441999101558213,Low Potential
21.76,79.995,0.030053860640301317,0.004014981,0.017034420809782548,0.3459,-0.3288655791902174,Low Potential
21.76,80.01,0.24120312557421314,0.03284392,0.13702352345388227,0.355,-0.2179764765461177,Low Potential
21.76,80.025,0.07290340235959428,0.007931849,0.040417625673765625,0.253,-0.2125823743262344,Low Potential
21.76,80.04,0.19490235998092031,0.029811969,0.11235716450392175,0.3908,-0.27844283549607823,Low Potential
21.76,80.055,0.3232812173064966,0.2693251,0.29630316232127046,0.2669,0.029403162321270437,Low Potential
21.76,80.07,0.018272222222222224,0.01352282,0.01589752091906137,0.1493,-0.1334024790809386,Low Potential
21.76,80.085,0.05254285714285714,0.0062164566,0.029379656895409736,0.2005,-0.1711203431045903,Low Potential
21.76,80.1,0.11233219937956779,0.02583333,0.06908276428270563,0.2066,-0.13751723571729438,Low Potential
21.76,80.115,0.07661839190221544,0.06543125,0.07102482201207039,0.1685,-0.09747517798792962,Low Potential
21.76,80.13,0.3587090075210979,0.023817927,0.19126346708318842,0.3299,-0.1386365329168116,Low Potential
21.76,80.145,0.0235,0.0039548795,0.013727439736947417,0.1586,-0.14487256026305256,Low Potential
21.76,80.16,0.19396755231899288,0.060934637,0.12745109453043474,0.4264,-0.29894890546956526,Low Potential
21.76,80.175,0.08599575702075703,0.015642121,0.05081893922748438,0.4187,-0.36788106077251564,Low Potential
21.76,80.19,0.0777216875180242,0.011617226,0.0446694565564214,0.5257,-0.48103054344357854,Low Potential
21.76,80.205,0.011209090909090908,0.0072785234,0.0092438071584837,0.2152,-0.2059561928415163,Low Potential
21.76,80.22,0.04839437229437229,0.0013726844,0.024883528334877624,0.2474,-0.2225164716651224,Low Potential
21.76,80.235,0.002,0.0011064807,0.0015532403592951596,0.1313,-0.12974675964070484,Low Potential
21.76,80.25,0.11442762638118675,0.0061402363,0.06028393132915999,0.2222,-0.16191606867084002,Low Potential
21.76,80.265,0.043760606060606055,0.005826856,0.024793731035134103,0.3976,-0.3728062689648659,Low Potential
21.76,80.28,0.007242857142857143,0.0010955308,0.004169193976345871,0.294,-0.28983080602365413,Low Potential
21.76,80.295,0.16330648897885738,0.09616373,0.1297351081609699,0.1794,-0.04966489183903011,Low Potential
21.76,80.31,0.08121406216762253,0.003166065,0.04219006362665091,0.5204,-0.4782099363733491,Low Potential
21.76,80.325,0.165259663556017,0.14193507,0.15359736447234826,0.4157,-0.2621026355276518,Low Potential
21.76,80.34,0.047570648795648804,0.006878277,0.027224462808437343,0.6426,-0.6153755371915626,Low Potential
21.76,80.355,0.2582980010473515,0.4001371,0.32921754884539967,0.3591,-0.02988245115460031,Low Potential
21.76,80.37,0.08189278499278496,0.0069038286,0.044398306790084,0.1654,-0.121001693209916,Low Potential
21.76,80.385,0.07137981492192019,0.010279279,0.04082954706207151,0.2266,-0.1857704529379285,Low Potential
21.76,80.4,0.0072,0.0058025564,0.006501278203353286,0.2218,-0.21529872179664672,Low Potential
21.76,80.415,0.05022001332001332,0.018089615,0.03415481406428637,0.2624,-0.22824518593571363,Low Potential
21.76,80.43,0.001,0.004824437,0.002912218600511551,0.1877,-0.18478778139948845,Low Potential
21.76,80.445,0.01678450347881088,0.004850779,0.010817641336597846,0.5213,-0.5104823586634022,Low Potential
21.76,80.46,0.003,0.0042706467,0.0036353233605623246,0.496,-0.49236467663943767,Low Potential
21.76,80.475,0.17448701080951354,0.083837666,0.12916233821348977,0.2206,-0.09143766178651022,Low Potential
21.76,80.49,0.004200000000000001,0.0044103186,0.0043051592823117974,0.5588,-0.5544948407176882,Low Potential
21.775,79.2,0.013686153846153846,0.0012909455,0.007488549649395908,0.1777,-0.1702114503506041,Low Potential
21.775,79.215,0.008857142857142857,0.0035402502,0.0061986965485183254,0.2288,-0.22260130345148169,Low Potential
21.775,79.23,0.10863505710835432,0.0028153264,0.05572519177564817,0.2094,-0.15367480822435184,Low Potential
21.775,79.245,0.1529189013342393,0.0074394764,0.080179188886053,0.549,-0.468820811113947,Low Potential
21.775,79.26,0.1653365749917361,0.008693852,0.08701521372680529,0.3645,-0.27748478627319473,Low Potential
21.775,79.275,0.08963017293164352,0.006513838,0.04807200556111445,0.288,-0.23992799443888552,Low Potential
21.775,79.29,0.07585896358543415,0.0015095724,0.0386842679823626,0.2782,-0.2395157320176374,Low Potential
21.775,79.305,0.005,0.0015021232,0.003251061597838998,0.2823,-0.279048938402161,Low Potential
21.775,79.32,0.0,0.0006344289,0.00031721446430310607,0.2122,-0.2118827855356969,Low Potential
21.775,79.335,0.010836363636363635,0.0015794474,0.00620790552647615,0.1971,-0.19089209447352384,Low Potential
21.775,79.35,0.013828571428571428,0.00080365816,0.007316114792613578,0.2691,-0.26178388520738644,Low Potential
21.775,79.365,0.0,0.00036638638,0.0001831931876949966,0.1524,-0.152216806812305,Low Potential
21.775,79.38,0.01119047619047619,0.0019252716,0.0065578738884956,0.2295,-0.2229421261115044,Low Potential
21.775,79.395,0.0037,0.002271572,0.0029857859475538135,0.2338,-0.2308142140524462,Low Potential
21.775,79.41,0.011576719576719578,0.0005636461,0.006070182830674288,0.1483,-0.1422298171693257,Low Potential
21.775,79.425,0.0037894736842105266,0.00028174112,0.0020356073996211452,0.1504,-0.14836439260037887,Low Potential
21.775,79.44,0.007,0.00032375424,0.0036618771202629433,0.1653,-0.16163812287973706,Low Potential
21.775,79.455,0.028621510673234807,0.0027497853,0.015685647994240097,0.127,-0.1113143520057599,Low Potential
21.775,79.47,0.004933333333333334,0.0009450372,0.0029391852529874695,0.1708,-0.16786081474701253,Low Potential
21.775,79.485,0.004,0.0006068263,0.0023034131368622184,0.1584,-0.1560965868631378,Low Potential
21.775,79.5,0.08417617112153117,0.0010903318,0.04263325146975415,0.3278,-0.2851667485302458,Low Potential
21.775,79.515,0.002,0.00025640827,0.0011282041339436546,0.2258,-0.22467179586605635,Low Potential
21.775,79.53,0.007728888888888889,0.0005058918,0.004117390346037638,0.199,-0.19488260965396237,Low Potential
21.775,79.545,0.023373594771241835,0.0014790433,0.012426319023645516,0.3813,-0.3688736809763545,Low Potential
21.775,79.56,0.043206162464986,0.0014225141,0.022314338278115915,0.314,-0.2916856617218841,Low Potential
21.775,79.575,0.015072035480859012,0.0003458765,0.007708955989736259,0.1762,-0.16849104401026374,Low Potential
21.775,79.59,0.013728506787330317,0.0012180036,0.007473255178716236,0.4435,-0.4360267448212838,Low Potential
21.775,79.605,0.00965079365079365,0.00030338357,0.004977088609082062,0.1636,-0.15862291139091794,Low Potential
21.775,79.62,0.009939393939393939,0.0010011991,0.005470296532353104,0.1414,-0.1359297034676469,Low Potential
21.775,79.635,0.009525641025641025,0.0008102773,0.005167959162332595,0.2275,-0.22233204083766742,Low Potential
21.775,79.65,0.006459259259259259,0.0003802936,0.003419776435464586,0.182,-0.1785802235645354,Low Potential
21.775,79.665,0.04298103318250377,0.00081332866,0.02189718092176417,0.2368,-0.21490281907823583,Low Potential
21.775,79.68,0.015604705882352942,0.0005633128,0.008084009334957776,0.2495,-0.2414159906650422,Low Potential
21.775,79.695,0.05757735165591203,0.0018551869,0.029716269270567412,0.3015,-0.27178373072943257,Low Potential
21.775,79.71,0.006933333333333334,0.0011891349,0.0040612341159644225,0.2084,-0.20433876588403557,Low Potential
21.775,79.725,0.07946081541437579,0.0024200836,0.04094044951701498,0.2126,-0.17165955048298503,Low Potential
21.775,79.74,0.03177777777777778,0.0005260081,0.016151892928768778,0.1875,-0.17134810707123121,Low Potential
21.775,79.755,0.03126140350877193,0.00041572534,0.015838564425617815,0.3445,-0.32866143557438215,Low Potential
21.775,79.77,0.18167865292602134,0.026857475,0.10426806387242353,0.3583,-0.25403193612757646,Low Potential
21.775,79.785,0.07133849830583311,0.0027241183,0.03703130830187637,0.4383,-0.4012686916981236,Low Potential
21.775,79.8,0.050923809523809524,0.002447988,0.026685898715222166,0.1526,-0.12591410128477784,Low Potential
21.775,79.815,0.039642201213949436,0.0020331203,0.02083766073400205,0.5132,-0.49236233926599793,Low Potential
21.775,79.83,0.0078,0.00074104354,0.004270521767763421,0.1694,-0.1651294782322366,Low Potential
21.775,79.845,0.017398039215686275,0.000849342,0.009123690594674326,0.4885,-0.47937630940532566,Low Potential
21.775,79.86,0.044597337013296885,0.0009854819,0.02279140945300465,0.441,-0.41820859054699533,Low Potential
21.775,79.875,0.007037593984962406,0.00040335485,0.0037204744158009823,0.1225,-0.11877952558419902,Low Potential
21.775,79.89,0.002742857142857143,0.00036686787,0.001554862506009106,0.1377,-0.13614513749399088,Low Potential
21.775,79.905,0.011333333333333334,0.00023274696,0.005783040144461363,0.1558,-0.15001695985553865,Low Potential
21.775,79.92,0.023152104924473345,0.00034471054,0.011748407732715547,0.3767,-0.3649515922672844,Low Potential
21.775,79.935,0.10805112841560208,0.008810193,0.058430660846748764,0.5132,-0.45476933915325124,Low Potential
21.775,79.95,0.011083333333333332,0.0012191022,0.006151217757413784,0.5419,-0.5357487822425863,Low Potential
21.775,79.965,0.01565091575091575,0.0017348082,0.008692861977340005,0.4966,-0.48790713802266,Low Potential
21.775,79.98,0.36558395499409657,0.22102402,0.29330398825020304,0.5003,-0.20699601174979693,Low Potential
21.775,79.995,0.010866666666666667,0.00410365,0.007485158269976576,0.2789,-0.2714148417300234,Low Potential
21.775,80.01,0.3774802589541824,0.6895744,0.5335273397031501,0.1832,0.3503273397031501,Moderate Potential
21.775,80.025,0.24699517410133576,0.18448696,0.2157410647528087,0.2269,-0.011158935247191304,Low Potential
21.775,80.04,0.1669017764141603,0.04585556,0.1063786679114125,0.3547,-0.24832133208858753,Low Potential
21.775,80.055,0.051548717948717945,0.0070573334,0.029303025656900343,0.1739,-0.14459697434309965,Low Potential
21.775,80.07,0.30536173315287934,0.3164405,0.3109011130106514,0.355,-0.04409888698934861,Low Potential
21.775,80.085,0.01163888888888889,0.0021096114,0.006874250147905615,0.2315,-0.2246257498520944,Low Potential
21.775,80.1,0.09856513054369088,0.012762485,0.0556638078078538,0.2277,-0.17203619219214622,Low Potential
21.775,80.115,0.126275324336372,0.02560603,0.07594067746732741,0.1535,-0.07755932253267259,Low Potential
21.775,80.13,0.04386060606060606,0.005706532,0.024783568993797807,0.323,-0.2982164310062022,Low Potential
21.775,80.145,0.07509668109668108,0.05463509,0.06486588499373601,0.4079,-0.34303411500626396,Low Potential
21.775,80.16,0.016966666666666668,0.004875362,0.010921014293034872,0.2211,-0.2101789857069651,Low Potential
21.775,80.175,0.018526190476190474,0.001253002,0.009889596225077374,0.3295,-0.31961040377492267,Low Potential
21.775,80.19,0.1229068621780696,0.0060219862,0.06446442421395196,0.2233,-0.15883557578604804,Low Potential
21.775,80.205,0.07384749236157687,0.0047293836,0.039288437993333494,0.3515,-0.3122115620066665,Low Potential
21.775,80.22,0.005442857142857143,0.0010650672,0.0032539621956380353,0.2142,-0.21094603780436197,Low Potential
21.775,80.235,0.06477203548085901,0.006528982,0.03565050872108446,0.3451,-0.3094494912789156,Low Potential
21.775,80.25,0.05365714285714286,0.0153520955,0.03450461916721293,0.1245,-0.08999538083278708,Low Potential
21.775,80.265,0.14141412352607707,0.016324002,0.07886906291090479,0.4412,-0.3623309370890952,Low Potential
21.775,80.28,0.051846428571428585,0.022126228,0.03698632809434619,0.2389,-0.20191367190565382,Low Potential
21.775,80.295,0.11475226379227926,0.008860494,0.06180637890121485,0.353,-0.2911936210987851,Low Potential
21.775,80.31,0.01676103896103896,0.0013228662,0.009041952572837955,0.3181,-0.30905804742716203,Low Potential
21.775,80.325,0.017207792207792207,0.0011217212,0.00916475671911975,0.6008,-0.5916352432808802,Low Potential
21.775,80.34,0.009466666666666665,0.0038359913,0.006651328962234158,0.2451,-0.23844867103776585,Low Potential
21.775,80.355,0.029432467532467536,0.000967621,0.015200044260421987,0.5867,-0.571499955739578,Low Potential
21.775,80.37,0.033205483405483405,0.0012916299,0.017248556631899198,0.465,-0.4477514433681008,Low Potential
21.775,80.385,0.071285670995671,0.0027143657,0.03700001835820995,0.2487,-0.21169998164179005,Low Potential
21.775,80.4,0.003,0.0057199458,0.004359972883015871,0.2858,-0.2814400271169841,Low Potential
21.775,80.415,0.0015,0.0047129286,0.003106464276090264,0.5058,-0.5026935357239097,Low Potential
21.775,80.43,0.030805555555555558,0.008785643,0.019795599119530785,0.5815,-0.5617044008804692,Low Potential
21.775,80.445,0.013733333333333332,0.0044925306,0.009112931966284911,0.2682,-0.25908706803371506,Low Potential
21.775,80.46,0.01338888888888889,0.004769377,0.009079132916819718,0.6087,-0.5996208670831803,Low Potential
21.775,80.475,0.008023573200992557,0.0016772234,0.004850398282907562,0.2198,-0.21494960171709243,Low Potential
21.775,80.49,0.032449172641809396,0.0072160023,0.019832587484134044,0.2065,-0.18666741251586594,Low Potential
21.79,79.2,0.004933333333333333,0.00067580066,0.002804566998609031,0.1791,-0.17629543300139097,Low Potential
21.79,79.215,0.0013333333333333333,0.0007078501,0.001020591713177661,0.1966,-0.19557940828682233,Low Potential
21.79,79.23,0.005,0.00032525408,0.002662627038662322,0.1814,-0.17873737296133768,Low Potential
21.79,79.245,0.0,0.00035737958,0.00017868979193735868,0.1626,-0.16242131020806264,Low Potential
21.79,79.26,0.0,0.0006482166,0.0003241082886233926,0.2019,-0.2015758917113766,Low Potential
21.79,79.275,0.004,0.0013370094,0.0026685046828351915,0.2357,-0.2330314953171648,Low Potential
21.79,79.29,0.0827636653422257,0.0016518357,0.04220775054324745,0.1954,-0.15319224945675253,Low Potential
21.79,79.305,0.0019285714285714286,0.0010367186,0.0014826450163631568,0.1872,-0.18571735498363684,Low Potential
21.79,79.32,0.0,0.00033976985,0.00016988492279779166,0.1357,-0.1355301150772022,Low Potential
21.79,79.335,0.006666666666666666,0.0036631257,0.005164896173713108,0.2361,-0.2309351038262869,Low Potential
21.79,79.35,0.0013333333333333333,0.0006348529,0.0009840931232708195,0.1994,-0.19841590687672916,Low Potential
21.79,79.365,0.015697142857142857,0.0018987589,0.008797950892717179,0.1688,-0.16000204910728283,Low Potential
21.79,79.38,0.001,0.0010766878,0.001038343912921846,0.2548,-0.2537616560870782,Low Potential
21.79,79.395,0.004,0.0005181412,0.002259070598986,0.1568,-0.154540929401014,Low Potential
21.79,79.41,0.0047,0.0008618922,0.002780946092819795,0.229,-0.22621905390718022,Low Potential
21.79,79.425,0.0065,0.0014924791,0.003996239558793604,0.302,-0.2980037604412064,Low Potential
21.79,79.44,0.014733634992458519,0.0005993182,0.007666476588208525,0.1528,-0.14513352341179148,Low Potential
21.79,79.455,0.0067904761904761905,0.0017012568,0.00424586651641432,0.1666,-0.16235413348358568,Low Potential
21.79,79.47,0.0,0.0003453908,0.0001726954069454223,0.1481,-0.1479273045930546,Low Potential
21.79,79.485,0.16167400288050443,0.007119875,0.0843969389080508,0.2735,-0.18910306109194921,Low Potential
21.79,79.5,0.005833333333333333,0.0008697406,0.003351536974466095,0.4594,-0.45604846302553387,Low Potential
21.79,79.515,0.04683713251832447,0.0012502851,0.024043708795753974,0.3368,-0.31275629120424603,Low Potential
21.79,79.53,0.009366666666666666,0.0006157265,0.004991196591391538,0.1472,-0.14220880340860845,Low Potential
21.79,79.545,0.002,0.0003414229,0.0011707114570308477,0.1803,-0.17912928854296914,Low Potential
21.79,79.56,0.005066666666666666,0.00041299293,0.002739829798003969,0.2106,-0.20786017020199604,Low Potential
21.79,79.575,0.005,0.0003001627,0.0026500813523307443,0.1603,-0.15764991864766925,Low Potential
21.79,79.59,0.0038823529411764705,0.0009845467,0.0024334498348043245,0.324,-0.3215665501651957,Low Potential
21.79,79.605,0.008,0.0003875681,0.004193784057046287,0.1638,-0.1596062159429537,Low Potential
21.79,79.62,0.007606060606060606,0.0012005526,0.004403306585087469,0.1876,-0.18319669341491251,Low Potential
21.79,79.635,0.0018571428571428571,0.0012956236,0.0015763832297442215,0.2407,-0.2391236167702558,Low Potential
21.79,79.65,0.00806969696969697,0.0015563286,0.004813012791969672,0.3127,-0.3078869872080303,Low Potential
21.79,79.665,0.008857142857142857,0.0015021232,0.005179633026410426,0.2739,-0.26872036697358953,Low Potential
21.79,79.68,0.009916666666666667,0.0012112291,0.005563947898180535,0.2647,-0.25913605210181945,Low Potential
21.79,79.695,0.005666666666666666,0.0025925238,0.0041295952408884964,0.2844,-0.28027040475911147,Low Potential
21.79,79.71,0.005833333333333333,0.0007882892,0.003310811256912226,0.2356,-0.23228918874308777,Low Potential
21.79,79.725,0.0255672514619883,0.00063985394,0.013103552701399655,0.2042,-0.19109644729860034,Low Potential
21.79,79.74,0.02615714285714286,0.0004905416,0.013323842242619557,0.519,-0.5056761577573805,Low Potential
21.79,79.755,0.021155555555555556,0.0023686308,0.011762093198464977,0.4788,-0.467037906801535,Low Potential
21.79,79.77,0.05819808165690518,0.0016942895,0.029946185579330806,0.1728,-0.1428538144206692,Low Potential
21.79,79.785,0.01,0.00049017847,0.005245089235249907,0.1761,-0.1708549107647501,Low Potential
21.79,79.8,0.09360798319327729,0.0023197765,0.04796387982317754,0.324,-0.27603612017682244,Low Potential
21.79,79.815,0.01877210237610866,0.0012076786,0.009989890477451331,0.5085,-0.4985101095225486,Low Potential
21.79,79.83,0.010229239766081871,0.0011749113,0.005702075520328284,0.4217,-0.4159979244796717,Low Potential
21.79,79.845,0.013703296703296704,0.002098673,0.007900984863290092,0.1571,-0.1491990151367099,Low Potential
21.79,79.86,0.01485881096028155,0.001713465,0.008286137964094012,0.1904,-0.18211386203590602,Low Potential
21.79,79.875,0.017023809523809524,0.0010277521,0.009025780793523328,0.1548,-0.14577421920647665,Low Potential
21.79,79.89,0.019389473684210526,0.0006558782,0.010022675951516354,0.3398,-0.32977732404848364,Low Potential
21.79,79.905,0.015928070175438597,0.0005640252,0.008246047683281563,0.1437,-0.13545395231671842,Low Potential
21.79,79.92,0.012166666666666668,0.000667455,0.006417060845376303,0.1362,-0.1297829391546237,Low Potential
21.79,79.935,0.05582065907948261,0.0009905461,0.02840560257755491,0.1597,-0.13129439742244509,Low Potential
21.79,79.95,0.04987049062049062,0.0022304538,0.026050472195549165,0.2434,-0.21734952780445083,Low Potential
21.79,79.965,0.025638888888888888,0.001198617,0.013418752965931263,0.5224,-0.5089812470340687,Low Potential
21.79,79.98,0.10270825665562508,0.005332552,0.054020404276098596,0.1658,-0.1117795957239014,Low Potential
21.79,79.995,0.028987193973634653,0.006972156,0.017979674986513462,0.4748,-0.4568203250134865,Low Potential
21.79,80.01,0.012796153846153846,0.00222421,0.007510181898695345,0.2107,-0.20318981810130465,Low Potential
21.79,80.025,0.06582152818838778,0.0028628458,0.03434218698435785,0.4883,-0.45395781301564214,Low Potential
21.79,80.04,0.20356045837547382,0.65082055,0.4271905058391193,0.207,0.22019050583911934,Low Potential
21.79,80.055,0.04957619047619048,0.0059785983,0.02777739436778994,0.1737,-0.14592260563221005,Low Potential
21.79,80.07,0.24212452498481907,0.32638457,0.28425454957985,0.1787,0.10555454957985003,Low Potential
21.79,80.085,0.43336846697328196,0.7145894,0.5739789419770127,0.658,-0.08402105802298732,Moderate Potential
21.79,80.1,0.17792785747376583,0.0435403,0.11073407820625852,0.5843,-0.4735659217937415,Low Potential
21.79,80.115,0.1450170488008723,0.20735994,0.1761884943072431,0.3266,-0.1504115056927569,Low Potential
21.79,80.13,0.25099899172659296,0.006801396,0.12890019393464217,0.4773,-0.3483998060653578,Low Potential
21.79,80.145,0.15381676522651752,0.015907258,0.08486201151092569,0.2909,-0.2060379884890743,Low Potential
21.79,80.16,0.06881659451659451,0.0049443836,0.0368804890744931,0.4634,-0.4265195109255069,Low Potential
21.79,80.175,0.10547802136803683,0.002487734,0.05398287766409425,0.3039,-0.24991712233590574,Low Potential
21.79,80.19,0.15873385642135646,0.10897166,0.133852759620371,0.6138,-0.479947240379629,Low Potential
21.79,80.205,0.010333333333333332,0.0011921921,0.00576276270734767,0.1374,-0.13163723729265234,Low Potential
21.79,80.22,0.09715714285714284,0.1683589,0.13275802498034067,0.1953,-0.06254197501965933,Low Potential
21.79,80.235,0.12835458532695374,0.0050752456,0.0667149154784749,0.1921,-0.12538508452152508,Low Potential
21.79,80.25,0.3198229276899338,0.08224837,0.20103564752955438,0.5417,-0.3406643524704456,Low Potential
21.79,80.265,0.10671601225285435,0.02088487,0.06380044093652916,0.4601,-0.39629955906347086,Low Potential
21.79,80.28,0.03649899749373434,0.0009129385,0.018705967996778778,0.1736,-0.15489403200322122,Low Potential
21.79,80.295,0.16106402404784753,0.04424685,0.10265543636023797,0.2914,-0.18874456363976203,Low Potential
21.79,80.31,0.005,0.005585227,0.005292613580822945,0.1727,-0.16740738641917705,Low Potential
21.79,80.325,0.038235164835164835,0.0066166995,0.02242593217224374,0.2452,-0.22277406782775627,Low Potential
21.79,80.34,0.008541666666666666,0.004429181,0.0064854238865276175,0.1823,-0.17581457611347237,Low Potential
21.79,80.355,0.0052,0.0058025564,0.005501278203353286,0.4086,-0.40309872179664674,Low Potential
21.79,80.37,0.009666666666666667,0.0040026535,0.006834660097335776,0.2722,-0.2653653399026642,Low Potential
21.79,80.385,0.049654679311916146,0.0034569139,0.02655579658900942,0.4598,-0.43324420341099057,Low Potential
21.79,80.4,0.010133333333333333,0.0052330894,0.007683211386452118,0.1918,-0.18411678861354788,Low Potential
21.79,80.415,0.12047077007959359,0.05180398,0.08613737505113121,0.3635,-0.27736262494886876,Low Potential
21.79,80.43,0.01753450347881088,0.019047104,0.018290803650521086,0.4126,-0.3943091963494789,Low Potential
21.79,80.445,0.04315,0.038684312,0.04091715612709522,0.5674,-0.5264828438729048,Low Potential
21.79,80.46,0.013416666666666667,0.011533144,0.012474905298401912,0.4578,-0.4453250947015981,Low Potential
21.79,80.475,0.021987820512820517,0.0027802917,0.012384056115160006,0.2316,-0.21921594388484,Low Potential
21.79,80.49,0.01178888888888889,0.011945961,0.011867424966063765,0.5522,-0.5403325750339363,Low Potential
21.805,79.2,0.04901440781440781,0.0032322158,0.02612331178920441,0.1831,-0.1569766882107956,Low Potential
21.805,79.215,0.013574224021592442,0.0036155288,0.008594876416180881,0.2435,-0.23490512358381913,Low Potential
21.805,79.23,0.027096153846153846,0.0006820386,0.013889096225217844,0.1929,-0.17901090377478215,Low Potential
21.805,79.245,0.0,0.0008109501,0.0004054750606883317,0.208,-0.20759452493931166,Low Potential
21.805,79.26,0.0013333333333333333,0.00064885046,0.000991091896003733,0.1688,-0.16780890810399626,Low Potential
21.805,79.275,0.011200000000000002,0.0005223077,0.005861153851170094,0.1573,-0.1514388461488299,Low Potential
21.805,79.29,0.005833333333333333,0.00061671936,0.003225026348760972,0.1329,-0.129674973651239,Low Potential
21.805,79.305,0.027798081656905185,0.0018604473,0.014829264500637686,0.267,-0.2521707354993623,Low Potential
21.805,79.32,0.0067333333333333325,0.0004743071,0.0036038202186735964,0.1538,-0.1501961797813264,Low Potential
21.805,79.335,0.0183,0.0034150532,0.010857526622340083,0.1681,-0.15724247337765992,Low Potential
21.805,79.35,0.004166666666666666,0.0011454974,0.002656082048391302,0.2527,-0.2500439179516087,Low Potential
21.805,79.365,0.0,0.0015810416,0.000790520804002881,0.1765,-0.1757094791959971,Low Potential
21.805,79.38,0.004,0.00038833814,0.002194169071619399,0.1924,-0.1902058309283806,Low Potential
21.805,79.395,0.001,0.0008307045,0.0009153522604610771,0.1784,-0.17748464773953893,Low Potential
21.805,79.41,0.0031333333333333335,0.0008298655,0.0019815994245155405,0.173,-0.17101840057548445,Low Potential
21.805,79.425,0.0018,0.00068018475,0.0012400923742447048,0.1793,-0.17805990762575527,Low Potential
21.805,79.44,0.026798081656905184,0.0014082862,0.014103183908381646,0.2389,-0.22479681609161836,Low Potential
21.805,79.455,0.014123809523809523,0.0009950465,0.007559427991473958,0.1878,-0.18024057200852603,Low Potential
21.805,79.47,0.040522229555789935,0.0014541853,0.020988207450500035,0.3939,-0.3729117925494999,Low Potential
21.805,79.485,0.01,0.00037704656,0.005188523277756758,0.2074,-0.20221147672224324,Low Potential
21.805,79.5,0.08497431694552436,0.0019655386,0.043469927772060706,0.2815,-0.23803007222793926,Low Potential
21.805,79.515,0.0,0.00043083154,0.00021541577007155865,0.1309,-0.13068458422992843,Low Potential
21.805,79.53,0.01669047619047619,0.0024843367,0.009587406459353154,0.2774,-0.26781259354064685,Low Potential
21.805,79.545,0.003,0.0006640703,0.0018320351534057409,0.1856,-0.18376796484659425,Low Potential
21.805,79.56,0.01565359477124183,0.0009795593,0.00831657701722815,0.2197,-0.21138342298277185,Low Potential
21.805,79.575,0.0128,0.00030876845,0.006554384222696536,0.1675,-0.16094561577730349,Low Potential
21.805,79.59,0.02722222222222222,0.00049017847,0.013856200346361017,0.1992,-0.18534379965363898,Low Potential
21.805,79.605,0.015626973684210527,0.00035336835,0.007990171016326273,0.2116,-0.20360982898367375,Low Potential
21.805,79.62,0.08513890627776076,0.0021247074,0.04363180686256284,0.3082,-0.2645681931374371,Low Potential
21.805,79.635,0.004,0.0010094619,0.0025047309678047896,0.2178,-0.2152952690321952,Low Potential
21.805,79.65,0.01725614035087719,0.00067449996,0.008965320153185574,0.3089,-0.29993467984681443,Low Potential
21.805,79.665,0.16130545334077093,0.0035282618,0.08241685756541149,0.3794,-0.2969831424345885,Low Potential
21.805,79.68,0.02030986949963932,0.0008252551,0.010567562309673378,0.1935,-0.18293243769032663,Low Potential
21.805,79.695,0.004,0.00046594336,0.002232971680816263,0.2171,-0.21486702831918372,Low Potential
21.805,79.71,0.002,0.0011920257,0.0015960128619335592,0.3571,-0.3555039871380664,Low Potential
21.805,79.725,0.0,0.000923874,0.00046193698653951287,0.2807,-0.2802380630134605,Low Potential
21.805,79.74,0.0085,0.0013122183,0.004906109128613025,0.1777,-0.17279389087138697,Low Potential
21.805,79.755,0.004833333333333333,0.0016357929,0.0032345631156737603,0.2964,-0.2931654368843262,Low Potential
21.805,79.77,0.0037,0.0014884425,0.002594221266359091,0.1967,-0.19410577873364093,Low Potential
21.805,79.785,0.009478362573099416,0.0010608778,0.0052696201916658785,0.5124,-0.5071303798083341,Low Potential
21.805,79.8,0.0018888888888888887,0.00066692283,0.001277905860165548,0.298,-0.2967220941398344,Low Potential
21.805,79.815,0.040823809523809526,0.0027718816,0.0217978455828148,0.1526,-0.1308021544171852,Low Potential
21.805,79.83,0.022531601731601736,0.0010867888,0.011809195282837193,0.1572,-0.1453908047171628,Low Potential
21.805,79.845,0.0523218911807147,0.001339026,0.026830458604502547,0.1661,-0.13926954139549746,Low Potential
21.805,79.86,0.0610463937249541,0.0012453105,0.031145852127510296,0.3353,-0.3041541478724897,Low Potential
21.805,79.875,0.025373764871949988,0.0006391168,0.013006440835471594,0.3991,-0.3860935591645284,Low Potential
21.805,79.89,0.006133333333333333,0.00019451337,0.0031639233516335174,0.1454,-0.1422360766483665,Low Potential
21.805,79.905,0.019328506787330318,0.001640811,0.010484658883895928,0.6411,-0.6306153411161041,Low Potential
21.805,79.92,0.002533333333333333,0.00020877995,0.0013710566422708021,0.1952,-0.1938289433577292,Low Potential
21.805,79.935,0.08231809238209287,0.051823743,0.06707091753489752,0.1766,-0.10952908246510248,Low Potential
21.805,79.95,0.061509383306751715,0.00082977454,0.031169578921937727,0.1958,-0.16463042107806228,Low Potential
21.805,79.965,0.1411624072435992,0.021272585,0.08121749601977551,0.362,-0.2807825039802245,Low Potential
21.805,79.98,0.059636439380759014,0.0016605866,0.030648512974177308,0.5106,-0.47995148702582274,Low Potential
21.805,79.995,0.0766628205128205,0.0057468615,0.04120484098345996,0.5052,-0.46399515901654004,Low Potential
21.805,80.01,0.03515735294117647,0.014959039,0.02505819605387309,0.1408,-0.11574180394612692,Low Potential
21.805,80.025,0.1062085775335775,0.0092414785,0.05772502802561453,0.147,-0.08927497197438547,Low Potential
21.805,80.04,0.08918652560889401,0.017178835,0.05318268047809441,0.2198,-0.1666173195219056,Low Potential
21.805,80.055,0.10542016878546287,0.0046556448,0.055037906774361975,0.2018,-0.14676209322563805,Low Potential
21.805,80.07,0.11250243841126194,0.025752064,0.06912725112594481,0.1913,-0.12217274887405519,Low Potential
21.805,80.085,0.09016556499056495,0.014071478,0.05211852128382761,0.138,-0.08588147871617241,Low Potential
21.805,80.1,0.21778140728380663,0.26515225,0.2414668265218853,0.3505,-0.10903317347811467,Low Potential
21.805,80.115,0.1178354534354534,0.0048117023,0.061323577865795606,0.5356,-0.47427642213420435,Low Potential
21.805,80.13,0.053741371700195224,0.011202835,0.03247210312338061,0.5812,-0.5487278968766194,Low Potential
21.805,80.145,0.07392915242652084,0.010918408,0.042423780063738356,0.3263,-0.2838762199362616,Low Potential
21.805,80.16,0.13936696342312502,0.005876529,0.07262174622681343,0.337,-0.2643782537731866,Low Potential
21.805,80.175,0.02757777777777778,0.0012124908,0.014395134308365072,0.3374,-0.3230048656916349,Low Potential
21.805,80.19,0.08536860198624904,0.0042349524,0.044801777186358846,0.4649,-0.4200982228136411,Low Potential
21.805,80.205,0.05984473304473305,0.006987849,0.033416290914753795,0.5021,-0.4686837090852462,Low Potential
21.805,80.22,0.20534960317460318,0.058849644,0.1320996235452474,0.422,-0.2899003764547526,Low Potential
21.805,80.235,0.041997668997669,0.0019648953,0.021981282142598816,0.2333,-0.2113187178574012,Low Potential
21.805,80.25,0.047933333333333335,0.008222341,0.028077836969743173,0.2415,-0.21342216303025682,Low Potential
21.805,80.265,0.05191820931639444,0.0068677147,0.029392962004150803,0.3605,-0.3311070379958492,Low Potential
21.805,80.28,0.04032121212121212,0.002594981,0.021458096615467784,0.2315,-0.2100419033845322,Low Potential
21.805,80.295,0.07655422077922079,0.013305014,0.044929617389281855,0.2601,-0.21517038261071814,Low Potential
21.805,80.31,0.02592222222222222,0.022680791,0.0243015066585607,0.5101,-0.4857984933414393,Low Potential
21.805,80.325,0.001,0.0047129286,0.0028564642760902643,0.4498,-0.4469435357239097,Low Potential
21.805,80.34,0.013416666666666665,0.009834284,0.011625475314756235,0.4538,-0.44217452468524376,Low Potential
21.805,80.355,0.0069500000000000004,0.0047129286,0.005831464276090265,0.2925,-0.2866685357239097,Low Potential
21.805,80.37,0.007416666666666667,0.0042756256,0.005846146119137605,0.2006,-0.1947538538808624,Low Potential
21.805,80.385,0.017916666666666668,0.0033497768,0.010633221756046017,0.4043,-0.39366677824395396,Low Potential
21.805,80.4,0.0,0.0042756256,0.0021378127858042717,0.3315,-0.32936218721419575,Low Potential
21.805,80.415,0.03830952380952381,0.008379664,0.02334459404079687,0.2048,-0.18145540595920315,Low Potential
21.805,80.43,0.030006806216331013,0.014095007,0.022050906829134468,0.2594,-0.23734909317086555,Low Potential
21.805,80.445,0.010150000000000001,0.010647059,0.010398529709130525,0.4884,-0.4780014702908695,Low Potential
21.805,80.46,0.012416666666666666,0.008035787,0.010226227023949225,0.3524,-0.3421737729760508,Low Potential
21.805,80.475,0.009949999999999999,0.011462268,0.010706134209781885,0.5238,-0.5130938657902182,Low Potential
21.805,80.49,0.011586363636363636,0.0065894253,0.00908789444921369,0.5861,-0.5770121055507863,Low Potential
21.82,79.2,0.06755082890965244,0.0024200836,0.03498545626465331,0.1855,-0.15051454373534667,Low Potential
21.82,79.215,0.03664162895927602,0.0013782267,0.01900992781765026,0.3032,-0.28419007218234976,Low Potential
21.82,79.23,0.005399999999999999,0.00043670996,0.002918354980461299,0.156,-0.1530816450195387,Low Potential
21.82,79.245,0.021000000000000005,0.001680697,0.011340348482597622,0.1641,-0.15275965151740237,Low Potential
21.82,79.26,0.002,0.00048035837,0.0012401791862212122,0.2637,-0.2624598208137788,Low Potential
21.82,79.275,0.002,0.00035737958,0.0011786897919373587,0.18,-0.17882131020806263,Low Potential
21.82,79.29,0.0,0.0010996924,0.0005498462123796344,0.1985,-0.19795015378762038,Low Potential
21.82,79.305,0.002,0.00037910364,0.0011895518216770143,0.2228,-0.22161044817832298,Low Potential
21.82,79.32,0.002,0.0017012568,0.001850628421176225,0.2254,-0.22354937157882376,Low Potential
21.82,79.335,0.0006666666666666666,0.0003452461,0.0005059563881562401,0.1622,-0.16169404361184378,Low Potential
21.82,79.35,0.003333333333333333,0.00065212813,0.0019927307326967516,0.2545,-0.25250726926730327,Low Potential
21.82,79.365,0.0,0.0006017376,0.00030086879269219935,0.151,-0.1506991312073078,Low Potential
21.82,79.38,0.0,0.00036507403,0.00018253701273351908,0.1586,-0.15841746298726647,Low Potential
21.82,79.395,0.0415045751633987,0.0022704578,0.02188751648193822,0.4321,-0.4102124835180618,Low Potential
21.82,79.41,0.004,0.00077475765,0.002387378822779283,0.2158,-0.2134126211772207,Low Potential
21.82,79.425,0.002333333333333333,0.00087231636,0.0016028248480676362,0.1892,-0.18759717515193236,Low Potential
21.82,79.44,0.0087,0.00083252555,0.004766262773796916,0.1948,-0.1900337372262031,Low Potential
21.82,79.455,0.0045,0.0011676514,0.0028338256911374627,0.2293,-0.22646617430886254,Low Potential
21.82,79.47,0.001,0.0006442168,0.0008221083898097277,0.2367,-0.23587789161019027,Low Potential
21.82,79.485,0.004,0.0007881446,0.0023940722963307053,0.2484,-0.2460059277036693,Low Potential
21.82,79.5,0.011566666666666666,0.00046325446,0.006014960562701647,0.1623,-0.15628503943729835,Low Potential
21.82,79.515,0.004666666666666667,0.0007818495,0.0027242580795039735,0.2489,-0.24617574192049604,Low Potential
21.82,79.53,0.004033333333333333,0.0008900953,0.002461714322042341,0.1542,-0.15173828567795766,Low Potential
21.82,79.545,0.002,0.00035737958,0.0011786897919373587,0.1387,-0.13752131020806263,Low Potential
21.82,79.56,0.003333333333333333,0.00088306767,0.0021082005001759776,0.182,-0.179891799499824,Low Potential
21.82,79.575,0.0,0.00076002796,0.00038001398206688464,0.239,-0.2386199860179331,Low Potential
21.82,79.59,0.0057904761904761905,0.0017012568,0.00374586651641432,0.2464,-0.2426541334835857,Low Potential
21.82,79.605,0.008506284565108095,0.00097122864,0.004738756603050145,0.2087,-0.20396124339694985,Low Potential
21.82,79.62,0.031633401604369345,0.00045300604,0.016043203821987876,0.1398,-0.12375679617801214,Low Potential
21.82,79.635,0.008,0.00057753496,0.0042887674781959505,0.3335,-0.32921123252180406,Low Potential
21.82,79.65,0.17903159161100338,0.004380843,0.09170621737373148,0.2193,-0.12759378262626853,Low Potential
21.82,79.665,0.009523809523809523,0.001978757,0.005751283308269367,0.3102,-0.3044487166917306,Low Potential
21.82,79.68,0.01433333333333333,0.00063614664,0.007484739985006549,0.1504,-0.14291526001499347,Low Potential
21.82,79.695,0.004,0.0008109501,0.0024054750606883318,0.3169,-0.3144945249393117,Low Potential
21.82,79.71,0.001,0.0008109501,0.0009054750606883317,0.283,-0.28209452493931164,Low Potential
21.82,79.725,0.004,0.00080365816,0.0024018290783278645,0.2825,-0.2800981709216721,Low Potential
21.82,79.74,0.013939393939393939,0.0013122183,0.007625806098309994,0.206,-0.19837419390169,Low Potential
21.82,79.755,0.007066666666666666,0.0020596813,0.0045631740038593605,0.1887,-0.18413682599614065,Low Potential
21.82,79.77,0.006,0.0017672646,0.003883632281329483,0.2266,-0.2227163677186705,Low Potential
21.82,79.785,0.05148869622617117,0.0030447894,0.027266742825168628,0.3841,-0.3568332571748314,Low Potential
21.82,79.8,0.010166666666666668,0.0003602459,0.005263456285193873,0.146,-0.14073654371480612,Low Potential
21.82,79.815,0.016300000000000002,0.00081827585,0.008559137923270465,0.1285,-0.11994086207672953,Low Potential
21.82,79.83,0.018357142857142857,0.0005148214,0.009435982119691159,0.1239,-0.11446401788030884,Low Potential
21.82,79.845,0.02743939393939394,0.001773048,0.014606220949412973,0.1515,-0.13689377905058703,Low Potential
21.82,79.86,0.011036630036630038,0.0017890041,0.006412817056451144,0.1773,-0.17088718294354888,Low Potential
21.82,79.875,0.029,0.0014548703,0.015227435166481883,0.2719,-0.2566725648335181,Low Potential
21.82,79.89,0.0,0.00038972404,0.0001948620192706585,0.1416,-0.14140513798072935,Low Potential
21.82,79.905,0.06274019395444909,0.0027993186,0.03276975629607399,0.4376,-0.404830243703926,Low Potential
21.82,79.92,0.0206,0.0006309954,0.010615497687552124,0.4502,-0.4395845023124479,Low Potential
21.82,79.935,0.037212820512820516,0.0007331326,0.018972976551680135,0.4741,-0.4551270234483199,Low Potential
21.82,79.95,0.03601674876847291,0.0011642905,0.018590519620203347,0.5292,-0.5106094803797967,Low Potential
21.82,79.965,0.0053,0.00024394212,0.002771971061162185,0.1663,-0.1635280289388378,Low Potential
21.82,79.98,0.019995238095238097,0.00096273795,0.010478988021470253,0.1982,-0.18772101197852972,Low Potential
21.82,79.995,0.038760771744595274,0.003620655,0.02119071339382296,0.2895,-0.26830928660617703,Low Potential
21.82,80.01,0.11611597535068391,0.071955115,0.09403554497686326,0.2288,-0.13476445502313675,Low Potential
21.82,80.025,0.040655578898225964,0.0070830053,0.02386929208503899,0.5456,-0.521730707914961,Low Potential
21.82,80.04,0.40480496282183587,0.24892993,0.32686744776767224,0.2772,0.049667447767672235,Low Potential
21.82,80.055,0.07872785698890465,0.007673427,0.04320064199291059,0.133,-0.08979935800708941,Low Potential
21.82,80.07,0.17813689811099945,0.049507417,0.11382215744788139,0.5328,-0.4189778425521187,Low Potential
21.82,80.085,0.09683577297315683,0.0442231,0.07052943646006626,0.2375,-0.16697056353993373,Low Potential
21.82,80.1,0.07566314005052394,0.013664551,0.04466384556489858,0.1731,-0.12843615443510142,Low Potential
21.82,80.115,0.045613577421815404,0.0015109106,0.02356224399761543,0.1862,-0.16263775600238456,Low Potential
21.82,80.13,0.04658282828282828,0.005038322,0.025810575116184925,0.1831,-0.1572894248838151,Low Potential
21.82,80.145,0.09744925644829736,0.01136398,0.05440661840431325,0.4184,-0.3639933815956867,Low Potential
21.82,80.16,0.23244817900318926,0.07161751,0.15203284272382173,0.6304,-0.47836715727617823,Low Potential
21.82,80.175,0.04472727272727273,0.008484983,0.026606127806346525,0.3337,-0.30709387219365347,Low Potential
21.82,80.19,0.2670484108886283,0.056414634,0.1617315224389812,0.5213,-0.3595684775610188,Low Potential
21.82,80.205,0.06997958532695375,0.0011043478,0.03554196654200878,0.1398,-0.10425803345799123,Low Potential
21.82,80.22,0.0895845293986139,0.0053194994,0.04745201440465139,0.2387,-0.1912479855953486,Low Potential
21.82,80.235,0.009366666666666667,0.0015473438,0.0054570052313928806,0.2996,-0.2941429947686071,Low Potential
21.82,80.25,0.07703809523809525,0.008490171,0.04276413326078938,0.3214,-0.27863586673921065,Low Potential
21.82,80.265,0.019965079365079366,0.0012150297,0.010590054552892726,0.6502,-0.6396099454471073,Low Potential
21.82,80.28,0.021403345280764638,0.0010489473,0.011226146307992756,0.1651,-0.15387385369200723,Low Potential
21.82,80.295,0.052561182978180555,0.004292284,0.028426733558340623,0.5719,-0.5434732664416594,Low Potential
21.82,80.31,0.12577067099567102,0.034186896,0.07997878346619927,0.2794,-0.1994212165338007,Low Potential
21.82,80.325,0.03633333333333334,0.035564337,0.035948835129539176,0.4252,-0.38925116487046085,Low Potential
21.82,80.34,0.05298772092566423,0.10334127,0.07816449371926751,0.5178,-0.43963550628073256,Low Potential
21.82,80.355,0.17348554965485705,0.5067365,0.34011103330368586,0.25,0.09011103330368586,Low Potential
21.82,80.37,0.009916666666666667,0.005565468,0.007741067444284757,0.3185,-0.31075893255571524,Low Potential
21.82,80.385,0.10300698364654248,0.0064711864,0.054739085028589096,0.5418,-0.48706091497141085,Low Potential
21.82,80.4,0.0592639608636977,0.0033700669,0.03131701386778214,0.5439,-0.5125829861322179,Low Potential
21.82,80.415,0.005875,0.0047304877,0.0053027438540011644,0.3714,-0.36609725614599886,Low Potential
21.82,80.43,0.019953030303030302,0.004802577,0.012377803750291015,0.4045,-0.392122196249709,Low Potential
21.82,80.445,0.022416666666666668,0.0051591652,0.01378791595560809,0.35,-0.3362120840443919,Low Potential
21.82,80.46,0.011783333333333333,0.012178388,0.011980860878775517,0.4853,-0.4733191391212245,Low Potential
21.82,80.475,0.007788043478260869,0.004531722,0.00615988276421052,0.356,-0.34984011723578945,Low Potential
21.82,80.49,0.004200000000000001,0.003860366,0.004030183032527566,0.3691,-0.3650698169674724,Low Potential
21.835,79.2,0.05713800848274532,0.0009884768,0.029063242638013527,0.1541,-0.12503675736198647,Low Potential
21.835,79.215,0.11793738679621031,0.0050880276,0.06151270718144084,0.1985,-0.13698729281855918,Low Potential
21.835,79.23,0.0,0.00035737958,0.00017868979193735868,0.1584,-0.15822131020806265,Low Potential
21.835,79.245,0.001,0.0010996924,0.0010498462123796344,0.1907,-0.18965015378762037,Low Potential
21.835,79.26,0.0,0.0006185253,0.0003092626575380564,0.1615,-0.16119073734246195,Low Potential
21.835,79.275,0.09898928183511878,0.002644208,0.05081674493108434,0.5391,-0.4882832550689157,Low Potential
21.835,79.29,0.009,0.0017420761,0.005371038064360618,0.2635,-0.2581289619356394,Low Potential
21.835,79.305,0.009523809523809525,0.0021324686,0.0058281390739250045,0.2779,-0.272071860926075,Low Potential
21.835,79.32,0.06269824647011767,0.0009298876,0.03181406702563432,0.3822,-0.35038593297436565,Low Potential
21.835,79.335,0.0,0.0003452461,0.00017262305482290685,0.1546,-0.15442737694517708,Low Potential
21.835,79.35,0.008066666666666666,0.00041299293,0.004239829798003969,0.163,-0.15876017020199604,Low Potential
21.835,79.365,0.0,0.0011454974,0.0005727487150579691,0.2251,-0.22452725128494203,Low Potential
21.835,79.38,0.006333333333333333,0.00035564927,0.003344491303587953,0.1823,-0.17895550869641202,Low Potential
21.835,79.395,0.003333333333333333,0.0003621774,0.001847755370933252,0.1496,-0.14775224462906675,Low Potential
21.835,79.41,0.017,0.00064139866,0.008820699327858166,0.164,-0.15517930067214183,Low Potential
21.835,79.425,0.006,0.00081837294,0.003409186468459666,0.2098,-0.20639081353154032,Low Potential
21.835,79.44,0.0037,0.0006046532,0.0021523266035597772,0.1747,-0.17254767339644023,Low Potential
21.835,79.455,0.03574772727272728,0.001056871,0.01840229915020649,0.2841,-0.26569770084979355,Low Potential
21.835,79.47,0.0087,0.00082789414,0.004763947069318965,0.1287,-0.12393605293068105,Low Potential
21.835,79.485,0.0,0.00087838847,0.00043919423478655517,0.2746,-0.27416080576521346,Low Potential
21.835,79.5,0.0,0.0004948494,0.00024742470122873783,0.1662,-0.16595257529877125,Low Potential
21.835,79.515,0.0,0.001671724,0.000835862010717392,0.2284,-0.2275641379892826,Low Potential
21.835,79.53,0.011264771460423635,0.0010881625,0.006176466997646921,0.2389,-0.23272353300235307,Low Potential
21.835,79.545,0.005,0.0020520273,0.003526013633236289,0.2211,-0.2175739863667637,Low Potential
21.835,79.56,0.002,0.001671724,0.001835862010717392,0.2536,-0.2517641379892826,Low Potential
21.835,79.575,0.0,0.00034751935,0.00017375967581756413,0.1713,-0.17112624032418244,Low Potential
21.835,79.59,0.001,0.00077394454,0.0008869722713716328,0.2389,-0.23801302772862837,Low Potential
21.835,79.605,0.005,0.0019252716,0.0034626357932575048,0.2155,-0.2120373642067425,Low Potential
21.835,79.62,0.0048507936507936516,0.00039747506,0.0026241343543868486,0.1655,-0.16287586564561315,Low Potential
21.835,79.635,0.004,0.0037187024,0.003859351177699864,0.2572,-0.2533406488223001,Low Potential
21.835,79.65,0.009523809523809523,0.0039078253,0.0067158174279722425,0.2359,-0.22918418257202774,Low Potential
21.835,79.665,0.028413755057578587,0.0008196411,0.01461669808240312,0.2087,-0.19408330191759687,Low Potential
21.835,79.68,0.004857142857142858,0.0029335527,0.0038953477893290778,0.3542,-0.3503046522106709,Low Potential
21.835,79.695,0.008523809523809524,0.001941364,0.005232586774753318,0.2454,-0.24016741322524668,Low Potential
21.835,79.71,0.005166666666666666,0.00082609267,0.0029963796682034925,0.2693,-0.2663036203317965,Low Potential
21.835,79.725,0.008857142857142857,0.0038023966,0.00632976972351649,0.3713,-0.3649702302764835,Low Potential
21.835,79.74,0.0,0.0011774376,0.0005887188017368317,0.2399,-0.23931128119826317,Low Potential
21.835,79.755,0.007857142857142858,0.003722347,0.005789744971719172,0.2954,-0.2896102550282808,Low Potential
21.835,79.77,0.015166666666666665,0.0023312024,0.008748934525375564,0.1723,-0.16355106547462445,Low Potential
21.835,79.785,0.0031666666666666666,0.0012677853,0.0022172259947595497,0.2333,-0.23108277400524047,Low Potential
21.835,79.8,0.0088,0.00094155595,0.004870777973532677,0.2037,-0.19882922202646733,Low Potential
21.835,79.815,0.005399999999999999,0.00044533474,0.0029226673677796495,0.1608,-0.15787733263222034,Low Potential
21.835,79.83,0.013789473684210525,0.00049357535,0.007141524518692963,0.1716,-0.16445847548130704,Low Potential
21.835,79.845,0.0035,0.0008583802,0.002179190113209188,0.1354,-0.1332208098867908,Low Potential
21.835,79.86,0.007728506787330317,0.00093367754,0.004331092163745516,0.2227,-0.21836890783625448,Low Potential
21.835,79.875,0.26248075769439067,0.021040779,0.14176076815076036,0.4447,-0.30293923184923965,Low Potential
21.835,79.89,0.02292857142857143,0.00044096907,0.011684770251125364,0.2532,-0.24151522974887463,Low Potential
21.835,79.905,0.045947727272727265,0.0034396152,0.024693671260249205,0.1622,-0.1375063287397508,Low Potential
21.835,79.92,0.01595925925925926,0.00068559067,0.008322424963920343,0.1475,-0.13917757503607964,Low Potential
21.835,79.935,0.02178947368421053,0.0011524656,0.01147096963491487,0.2861,-0.2746290303650851,Low Potential
21.835,79.95,0.15515991131565202,0.02165007,0.08840499082009608,0.1329,-0.04449500917990391,Low Potential
21.835,79.965,0.055930808080808074,0.0022196749,0.029075241478383914,0.2448,-0.21572475852161607,Low Potential
21.835,79.98,0.039462367784212964,0.00049013476,0.019976251270379716,0.1944,-0.17442374872962027,Low Potential
21.835,79.995,0.36915832868866927,0.061036844,0.21509758624758724,0.2807,-0.06560241375241277,Low Potential
21.835,80.01,0.08145448717948717,0.002596286,0.042025386536068826,0.4409,-0.39887461346393116,Low Potential
21.835,80.025,0.529774536050258,0.814859,0.6723167545382669,0.3162,0.3561167545382669,High Potential
21.835,80.04,0.43471114053943843,0.9155455,0.6751283318530474,0.2424,0.43272833185304743,High Potential
21.835,80.055,0.08834481460568418,0.028285038,0.05831492616592402,0.2239,-0.16558507383407597,Low Potential
21.835,80.07,0.05318857742181541,0.0048142965,0.029001436958492405,0.1452,-0.1161985630415076,Low Potential
21.835,80.085,0.11140938924710289,0.010642073,0.061025731182149726,0.1967,-0.13567426881785027,Low Potential
21.835,80.1,0.15441631170126593,0.002717698,0.0785670048470934,0.1927,-0.1141329951529066,Low Potential
21.835,80.115,0.27743425443665376,0.0064197634,0.14192700893566604,0.2951,-0.15317299106433394,Low Potential
21.835,80.13,0.16036357742181537,0.014074918,0.08721924765224813,0.1592,-0.07198075234775188,Low Potential
21.835,80.145,0.07930836304218657,0.008713332,0.044010847523515854,0.5295,-0.4854891524764841,Low Potential
21.835,80.16,0.0611023088023088,0.0023947468,0.03174852777924496,0.3555,-0.323751472220755,Low Potential
21.835,80.175,0.005999999999999999,0.0009042124,0.0034521062073763456,0.238,-0.23454789379262364,Low Potential
21.835,80.19,0.031008658008658006,0.0017053027,0.016356980374552615,0.2759,-0.25954301962544735,Low Potential
21.835,80.205,0.1772677749857637,0.007478797,0.09237328593136533,0.5886,-0.49622671406863467,Low Potential
21.835,80.22,0.6557392593517599,0.98316896,0.8194541094846873,0.4913,0.3281541094846873,High Potential
21.835,80.235,0.9987370709697291,0.99764806,0.9981925656457684,0.4228,0.5753925656457684,High Potential
21.835,80.25,0.10828608058608055,0.006880756,0.05758341829400003,0.1762,-0.11861658170599997,Low Potential
21.835,80.265,0.2790773706136195,0.10024731,0.18966233961274465,0.393,-0.20333766038725537,Low Potential
21.835,80.28,0.0540871610845295,0.004370525,0.029228843049092464,0.514,-0.48477115695090756,Low Potential
21.835,80.295,0.1273149344837122,0.0056246803,0.06646980739896262,0.5587,-0.49223019260103734,Low Potential
21.835,80.31,0.0035,0.004514897,0.004007448388263583,0.4942,-0.4901925516117364,Low Potential
21.835,80.325,0.05273526570048309,0.03264833,0.04269179719610203,0.5629,-0.5202082028038979,Low Potential
21.835,80.34,0.014441666666666667,0.0028287314,0.008635199050543208,0.5463,-0.5376648009494568,Low Potential
21.835,80.355,0.14454295319702504,0.021747272,0.0831451128293389,0.5364,-0.4532548871706611,Low Potential
21.835,80.37,0.03370117014547754,0.0054070256,0.019554097858695035,0.1907,-0.17114590214130498,Low Potential
21.835,80.385,0.10350703463203463,0.009813352,0.05666019309434669,0.5025,-0.4458398069056533,Low Potential
21.835,80.4,0.2593317037346937,0.019606285,0.13946899426594267,0.2757,-0.13623100573405733,Low Potential
21.835,80.415,0.023541176470588232,0.025052615,0.024296895490323794,0.2757,-0.2514031045096762,Low Potential
21.835,80.43,0.00475,0.0046457583,0.004697879154235125,0.3587,-0.3540021208457649,Low Potential
21.835,80.445,0.010849999999999999,0.014690058,0.012770029152929782,0.4483,-0.4355299708470702,Low Potential
21.835,80.46,0.009949999999999999,0.010305236,0.010127618046849966,0.5289,-0.5187723819531501,Low Potential
21.835,80.475,0.04826181317101621,0.024441345,0.0363515789172585,0.3292,-0.2928484210827415,Low Potential
21.835,80.49,0.005433333333333333,0.004065229,0.004749281212563316,0.4758,-0.4710507187874367,Low Potential
21.85,79.2,0.03319047619047619,0.0031435518,0.018167013974949006,0.3041,-0.28593298602505096,Low Potential
21.85,79.215,0.0436655701754386,0.008372635,0.026019102412357668,0.3937,-0.36768089758764233,Low Potential
21.85,79.23,0.05219714285714286,0.0018631109,0.027030126892038223,0.1862,-0.15916987310796177,Low Potential
21.85,79.245,0.005722222222222222,0.00031374473,0.0030179834784810535,0.1886,-0.18558201652151893,Low Potential
21.85,79.26,0.008346153846153847,0.00060502585,0.004475589849359285,0.1369,-0.13242441015064071,Low Potential
21.85,79.275,0.003,0.0010317026,0.002015851308591664,0.2158,-0.21378414869140833,Low Potential
21.85,79.29,0.013567251461988304,0.00055863726,0.007062944359594019,0.2262,-0.219137055640406,Low Potential
21.85,79.305,0.0373,0.0013145637,0.01930728183835745,0.1577,-0.13839271816164256,Low Potential
21.85,79.32,0.0048,0.0008462483,0.002823124147346243,0.2179,-0.21507687585265375,Low Potential
21.85,79.335,0.0059375,0.00034669574,0.0031420978711685166,0.1953,-0.1921579021288315,Low Potential
21.85,79.35,0.10881238040425345,0.003259982,0.0560361811933317,0.3477,-0.2916638188066683,Low Potential
21.85,79.365,0.01988888888888889,0.00043283918,0.010160864034732287,0.2641,-0.25393913596526774,Low Potential
21.85,79.38,0.0013333333333333333,0.0006298525,0.0009815929296116033,0.2162,-0.2152184070703884,Low Potential
21.85,79.395,0.0,0.0003505071,0.00017525354633107781,0.169,-0.16882474645366893,Low Potential
21.85,79.41,0.019314904295051356,0.0012133741,0.01026413918852521,0.3686,-0.3583358608114748,Low Potential
21.85,79.425,0.005333333333333333,0.0019209519,0.003627142606458316,0.2253,-0.22167285739354167,Low Potential
21.85,79.44,0.035856446337414076,0.0004633662,0.018159906262877914,0.2367,-0.21854009373712208,Low Potential
21.85,79.455,0.0266889571599249,0.0005559137,0.013622435440335246,0.2189,-0.20527756455966475,Low Potential
21.85,79.47,0.005,0.00045817468,0.002729087338084355,0.2779,-0.2751709126619156,Low Potential
21.85,79.485,0.001,0.0006616344,0.000830817187204957,0.19,-0.18916918281279504,Low Potential
21.85,79.5,0.0035,0.0014603087,0.002480154337361455,0.338,-0.3355198456626386,Low Potential
21.85,79.515,0.19031157335975843,0.011342934,0.10082725384627321,0.3509,-0.25007274615372677,Low Potential
21.85,79.53,0.002,0.0014924791,0.0017462395587936044,0.2923,-0.2905537604412064,Low Potential
21.85,79.545,0.03143141499023852,0.002988187,0.017209800943974243,0.193,-0.17579019905602578,Low Potential
21.85,79.56,0.0,0.00094780093,0.00047390046529471874,0.2126,-0.2121260995347053,Low Potential
21.85,79.575,0.0027,0.0013938806,0.0020469402893446387,0.2558,-0.25375305971065537,Low Potential
21.85,79.59,0.0006666666666666666,0.0007818495,0.0007242580795039733,0.2633,-0.262575741920496,Low Potential
21.85,79.605,0.0,0.0005086566,0.0002543283044360578,0.2119,-0.21164567169556395,Low Potential
21.85,79.62,0.008190476190476189,0.001978757,0.0050846166416027,0.2873,-0.2822153833583973,Low Potential
21.85,79.635,0.0065,0.00085663254,0.0036783162706997244,0.3349,-0.3312216837293003,Low Potential
21.85,79.65,0.022656402116402116,0.0006940571,0.011675229602839364,0.2121,-0.20042477039716064,Low Potential
21.85,79.665,0.0025,0.0006395378,0.0015697689075022936,0.2693,-0.2677302310924977,Low Potential
21.85,79.68,0.002,0.0008102773,0.0014051386495120824,0.2491,-0.2476948613504879,Low Potential
21.85,79.695,0.010523809523809522,0.0021765968,0.00635020315345554,0.3484,-0.34204979684654446,Low Potential
21.85,79.71,0.011466666666666667,0.0026478046,0.0070572356143345435,0.2481,-0.24104276438566544,Low Potential
21.85,79.725,0.0,0.00043420808,0.0002171040396206081,0.2195,-0.2192828959603794,Low Potential
21.85,79.74,0.004166666666666666,0.00096702564,0.0025668461535436407,0.2747,-0.27213315384645637,Low Potential
21.85,79.755,0.0,0.0007078501,0.00035392504651099443,0.2289,-0.228546074953489,Low Potential
21.85,79.77,0.0035,0.0014115061,0.002455753045622259,0.2954,-0.29294424695437776,Low Potential
21.85,79.785,0.001,0.0014773997,0.001238699862267822,0.3399,-0.33866130013773216,Low Potential
21.85,79.8,0.002,0.0006162461,0.001308123038848862,0.2521,-0.25079187696115113,Low Potential
21.85,79.815,0.004,0.0007963687,0.0023981843474321068,0.3001,-0.29770181565256787,Low Potential
21.85,79.83,0.03027523783406136,0.0044805617,0.017377899770615088,0.2554,-0.23802210022938491,Low Potential
21.85,79.845,0.0,0.0006344289,0.00031721446430310607,0.1655,-0.1651827855356969,Low Potential
21.85,79.86,0.0,0.0004371516,0.00021857580577488989,0.1422,-0.1419814241942251,Low Potential
21.85,79.875,0.006666666666666666,0.0003621774,0.0035144220375999185,0.167,-0.1634855779624001,Low Potential
21.85,79.89,0.002,0.00031726793,0.0011586339640198276,0.1933,-0.19214136603598017,Low Potential
21.85,79.905,0.14530870996261486,0.0062409574,0.07577483368960444,0.1579,-0.08212516631039557,Low Potential
21.85,79.92,0.017716893939393942,0.0015021232,0.009609508567535969,0.2619,-0.25229049143246407,Low Potential
21.85,79.935,0.004833333333333333,0.00073834305,0.0027858381913198776,0.1328,-0.1300141618086801,Low Potential
21.85,79.95,0.0,0.00039162007,0.0001958100328920409,0.1896,-0.18940418996710795,Low Potential
21.85,79.965,0.0214383641191122,0.0014647453,0.011451554690874968,0.4413,-0.4298484453091251,Low Potential
21.85,79.98,0.07556977271409235,0.006509729,0.04103975095473926,0.2156,-0.17456024904526074,Low Potential
21.85,79.995,0.019533333333333333,0.0007127533,0.010123043303440014,0.1608,-0.15067695669655998,Low Potential
21.85,80.01,0.005666666666666666,0.0022858244,0.003976245528397461,0.3708,-0.36682375447160254,Low Potential
21.85,80.025,0.027660173160173163,0.006295678,0.01697792568298065,0.3114,-0.2944220743170194,Low Potential
21.85,80.04,0.009933333333333334,0.00091668393,0.005425008631652842,0.3126,-0.30717499136834714,Low Potential
21.85,80.055,0.21834334765158564,0.08206402,0.15020368265252546,0.1465,0.003703682652525464,Low Potential
21.85,80.07,0.10871712346443374,0.0074434318,0.05808027761463741,0.2593,-0.20121972238536256,Low Potential
21.85,80.085,0.1290883191971427,0.048386313,0.08873731610916286,0.1845,-0.09576268389083714,Low Potential
21.85,80.1,0.08903319572621632,0.01557417,0.05230368300136948,0.5174,-0.4650963169986305,Low Potential
21.85,80.115,0.07188350749174548,0.0021787465,0.037031127000089946,0.1439,-0.10686887299991005,Low Potential
21.85,80.13,0.039788803949673525,0.0026641402,0.021226472071232672,0.1547,-0.13347352792876732,Low Potential
21.85,80.145,0.24370718001804964,0.16480187,0.204254522917083,0.2015,0.0027545229170829744,Low Potential
21.85,80.16,0.0356,0.0025451824,0.019072591180168092,0.2032,-0.1841274088198319,Low Potential
21.85,80.175,0.022999999999999996,0.00023874946,0.01161937473027501,0.1553,-0.14368062526972497,Low Potential
21.85,80.19,0.20992329359469808,0.046610013,0.12826665312259394,0.4314,-0.30313334687740606,Low Potential
21.85,80.205,0.2630792985183831,0.078081906,0.17058060218010523,0.2266,-0.05601939781989476,Low Potential
21.85,80.22,0.5068990620490617,0.8884041,0.6976515666900429,0.1474,0.5502515666900429,High Potential
21.85,80.235,0.0085,0.005363515,0.006931757556274534,0.2221,-0.21516824244372545,Low Potential
21.85,80.25,0.19055143467643462,0.02804072,0.10929607741315465,0.1894,-0.08010392258684536,Low Potential
21.85,80.265,0.21138381726968677,0.03394394,0.1226638786118646,0.2553,-0.1326361213881354,Low Potential
21.85,80.28,0.09903461228211508,0.0023383908,0.050686501539745854,0.1605,-0.10981349846025415,Low Potential
21.85,80.295,0.009800000000000001,0.0031959477,0.006497973867319525,0.2092,-0.20270202613268049,Low Potential
21.85,80.31,0.293175878307242,0.38703337,0.34010462571234445,0.2644,0.07570462571234443,Low Potential
21.85,80.325,0.029454710144927534,0.0082356455,0.018845177812690753,0.2915,-0.27265482218730924,Low Potential
21.85,80.34,0.0032,0.004514897,0.003857448388263583,0.3346,-0.33074255161173644,Low Potential
21.85,80.355,0.04027834542908072,0.040729705,0.040504025336691736,0.5191,-0.4785959746633083,Low Potential
21.85,80.37,0.19898672637431217,0.04060879,0.11979775807305372,0.5306,-0.41080224192694625,Low Potential
21.85,80.385,0.24355112305759427,0.11083237,0.1771917469376278,0.3603,-0.18310825306237222,Low Potential
21.85,80.4,0.24412713363925084,0.010768661,0.12744789745737845,0.6196,-0.4921521025426216,Low Potential
21.85,80.415,0.021312009803921565,0.008893658,0.015102834105477027,0.234,-0.218897165894523,Low Potential
21.85,80.43,0.08199377271850956,0.0025579566,0.04227586466605491,0.5989,-0.5566241353339451,Low Potential
21.85,80.445,0.03147118209290885,0.01217723,0.021824205975921863,0.2252,-0.20337579402407815,Low Potential
21.85,80.46,0.2052793343936391,0.023569213,0.11442427381003833,0.5371,-0.4226757261899617,Low Potential
21.85,80.475,0.21491414176937465,0.054032926,0.1344735336428708,0.4359,-0.3014264663571292,Low Potential
21.85,80.49,0.0444592844526565,0.048534118,0.04649670104586064,0.3326,-0.2861032989541394,Low Potential
21.865,79.2,0.011687157287157288,0.0010446352,0.006365896241221185,0.1879,-0.18153410375877882,Low Potential
21.865,79.215,0.014222222222222223,0.0016486447,0.007935433453052409,0.1848,-0.17686456654694757,Low Potential
21.865,79.23,0.010717460317460317,0.0009800461,0.005848753214775333,0.1886,-0.18275124678522467,Low Potential
21.865,79.245,0.019697142857142858,0.002009949,0.010853545902770545,0.1869,-0.17604645409722947,Low Potential
21.865,79.26,0.08226835386835385,0.0016044574,0.04193640562709594,0.1959,-0.15396359437290405,Low Potential
21.865,79.275,0.0,0.0003505071,0.00017525354633107781,0.1789,-0.17872474645366893,Low Potential
21.865,79.29,0.008,0.000952837,0.004476418499602005,0.2698,-0.265323581500398,Low Potential
21.865,79.305,0.0,0.0010367186,0.0005183593020774424,0.2208,-0.22028164069792255,Low Potential
21.865,79.32,0.004928571428571429,0.0012417998,0.003085185610888792,0.1821,-0.1790148143891112,Low Potential
21.865,79.335,0.046353070409982176,0.000596935,0.023475002698839963,0.2131,-0.18962499730116006,Low Potential
21.865,79.35,0.0760123673711909,0.001315079,0.03866372320926776,0.2597,-0.22103627679073223,Low Potential
21.865,79.365,0.05201078006960359,0.008522131,0.0302664553092788,0.249,-0.2187335446907212,Low Potential
21.865,79.38,0.015533333333333333,0.0014877525,0.008510542936219523,0.1282,-0.11968945706378048,Low Potential
21.865,79.395,0.016648333333333334,0.0005704584,0.00860939587577867,0.229,-0.22039060412422135,Low Potential
21.865,79.41,0.04302236584107327,0.00074731937,0.021884842605092242,0.2205,-0.19861515739490776,Low Potential
21.865,79.425,0.06229551755434108,0.017892735,0.04009412631663597,0.1825,-0.14240587368336402,Low Potential
21.865,79.44,0.04389918933013562,0.0051847324,0.02454196085383238,0.2076,-0.18305803914616764,Low Potential
21.865,79.455,0.0,0.00039765716,0.00019882858032360673,0.1917,-0.1915011714196764,Low Potential
21.865,79.47,0.001,0.0006176223,0.0008088111407123506,0.1945,-0.19369118885928766,Low Potential
21.865,79.485,0.02116666666666667,0.0017114425,0.011439054575593523,0.267,-0.2555609454244065,Low Potential
21.865,79.5,0.010017948717948718,0.0003852996,0.005201624152436256,0.1655,-0.16029837584756376,Low Potential
21.865,79.515,0.008,0.0031993766,0.00559968831576407,0.2699,-0.2643003116842359,Low Potential
21.865,79.53,0.0,0.0004903514,0.00024517570273019373,0.1903,-0.1900548242972698,Low Potential
21.865,79.545,0.005166666666666667,0.0020714998,0.003619083245595296,0.2301,-0.2264809167544047,Low Potential
21.865,79.56,0.0027,0.0017937645,0.002246882265806198,0.2531,-0.2508531177341938,Low Potential
21.865,79.575,0.0,0.0012112291,0.0006056145648472011,0.2287,-0.22809438543515279,Low Potential
21.865,79.59,0.010366666666666665,0.0011749113,0.005770788970620681,0.2306,-0.2248292110293793,Low Potential
21.865,79.605,0.012666666666666668,0.0038023966,0.008234531628278394,0.2519,-0.24366546837172162,Low Potential
21.865,79.62,0.001,0.0015768718,0.0012884359220042825,0.3014,-0.3001115640779957,Low Potential
21.865,79.635,0.011699999999999997,0.0016056914,0.006652845694124697,0.3217,-0.31504715430587527,Low Potential
21.865,79.65,0.004375,0.0011454974,0.0027602487150579693,0.2368,-0.23403975128494203,Low Potential
21.865,79.665,0.0,0.00032870896,0.00016435448196716607,0.1657,-0.16553564551803282,Low Potential
21.865,79.68,0.00584,0.000598227,0.003219113511573523,0.2289,-0.22568088648842646,Low Potential
21.865,79.695,0.0026666666666666666,0.0017012568,0.002183961754509558,0.2538,-0.25161603824549045,Low Potential
21.865,79.71,0.003333333333333333,0.00032546127,0.0018293973004134992,0.198,-0.1961706026995865,Low Potential
21.865,79.725,0.004,0.00037910364,0.0021895518216770143,0.2092,-0.20701044817832298,Low Potential
21.865,79.74,0.02941796258733378,0.00167588,0.015546921317878893,0.348,-0.3324530786821211,Low Potential
21.865,79.755,0.008,0.0014778543,0.004738927163183689,0.2638,-0.2590610728368163,Low Potential
21.865,79.77,0.009119696969696969,0.00065226987,0.0048859834187057315,0.2003,-0.1954140165812943,Low Potential
21.865,79.785,0.03803939393939394,0.0011362886,0.019587841284153702,0.1512,-0.1316121587158463,Low Potential
21.865,79.8,0.0,0.00037362284,0.00018681141955312341,0.1992,-0.19901318858044686,Low Potential
21.865,79.815,0.027167880485527547,0.0007306412,0.013949260835882441,0.4374,-0.4234507391641176,Low Potential
21.865,79.83,0.015916666666666666,0.001646356,0.008781511312661071,0.2655,-0.25671848868733893,Low Potential
21.865,79.845,0.008869696969696968,0.0021704352,0.0055200660613224355,0.2562,-0.25067993393867755,Low Potential
21.865,79.86,0.0,0.0012112291,0.0006056145648472011,0.2638,-0.2631943854351528,Low Potential
21.865,79.875,0.016833333333333332,0.0016412069,0.009237270121152202,0.3326,-0.3233627298788478,Low Potential
21.865,79.89,0.0025,0.0012677853,0.0018838926614262164,0.2703,-0.2684161073385738,Low Potential
21.865,79.905,0.0045,0.0011844278,0.0028422138807363806,0.2448,-0.2419577861192636,Low Potential
21.865,79.92,0.0,0.0006017376,0.00030086879269219935,0.1894,-0.1890991312073078,Low Potential
21.865,79.935,0.015470173453996984,0.0008069194,0.008138546434739186,0.3015,-0.2933614535652608,Low Potential
21.865,79.95,0.07986474832357185,0.0026592277,0.04126198801130661,0.1842,-0.14293801198869338,Low Potential
21.865,79.965,0.006,0.0006046532,0.003302326603559777,0.1513,-0.1479976733964402,Low Potential
21.865,79.98,0.03062858950031626,0.0016603328,0.01614446114125514,0.1737,-0.15755553885874485,Low Potential
21.865,79.995,0.027870492470492475,0.0006337772,0.01425213482395972,0.1938,-0.17954786517604027,Low Potential
21.865,80.01,0.05115989284230973,0.0028860017,0.027022947280735798,0.3495,-0.3224770527192642,Low Potential
21.865,80.025,0.01178888888888889,0.0040477854,0.00791833715442982,0.2512,-0.24328166284557015,Low Potential
21.865,80.04,0.056449791144527986,0.010380229,0.03341501006295184,0.3778,-0.3443849899370482,Low Potential
21.865,80.055,0.21264410361740077,0.069939144,0.14129162378655416,0.2338,-0.09250837621344585,Low Potential
21.865,80.07,0.21809898243311548,0.06910661,0.14360279553117108,0.2289,-0.08529720446882891,Low Potential
21.865,80.085,0.2056765668188064,0.012319814,0.10899819061629616,0.3308,-0.2218018093837038,Low Potential
21.865,80.1,0.08745487142193294,0.004436464,0.0459456677354275,0.1625,-0.11655433226457251,Low Potential
21.865,80.115,0.41169754410549403,0.06146507,0.23658130687854886,0.4191,-0.1825186931214511,Low Potential
21.865,80.13,0.17985802186625988,0.013753616,0.09680581905865565,0.1454,-0.04859418094134435,Low Potential
21.865,80.145,0.027000716649865253,0.00024239549,0.013621556068215745,0.4833,-0.46967844393178426,Low Potential
21.865,80.16,0.015789473684210523,0.00041823075,0.008103852214959547,0.1455,-0.13739614778504045,Low Potential
21.865,80.175,0.0025,0.00023193395,0.0013659669773187489,0.556,-0.5546340330226813,Low Potential
21.865,80.19,0.0015,0.00028197386,0.0008909869291819632,0.2913,-0.29040901307081807,Low Potential
21.865,80.205,0.2679702525816932,0.24076964,0.2543699460964687,0.3193,-0.06493005390353129,Low Potential
21.865,80.22,0.10568493209016495,0.011951686,0.05881830898663488,0.3446,-0.28578169101336515,Low Potential
21.865,80.235,0.12771675546675543,0.015839942,0.07177834863319804,0.1692,-0.09742165136680195,Low Potential
21.865,80.25,0.04315151515151515,0.0042202706,0.023685892851628136,0.1637,-0.14001410714837187,Low Potential
21.865,80.265,0.298762589904076,0.4114281,0.35509534190714664,0.242,0.11309534190714665,Low Potential
21.865,80.28,0.3603465518803149,0.45479435,0.4075704495832696,0.2665,0.14107044958326959,Low Potential
21.865,80.295,0.008166666666666668,0.002665159,0.005415912863177558,0.2421,-0.23668408713682246,Low Potential
21.865,80.31,0.010351789917007307,0.00780299,0.00907738985826831,0.3237,-0.31462261014173165,Low Potential
21.865,80.325,0.011192307692307694,0.0061400067,0.00866615719921314,0.2352,-0.22653384280078687,Low Potential
21.865,80.34,0.04992288324420677,0.030785657,0.04035427035483234,0.2954,-0.25504572964516764,Low Potential
21.865,80.355,0.3830772034239223,0.09982994,0.24145357270595683,0.2599,-0.018446427294043194,Low Potential
21.865,80.37,0.19179032779792904,0.021261146,0.10652573704500973,0.5353,-0.42877426295499027,Low Potential
21.865,80.385,0.144991233047425,0.007320616,0.07615592448802255,0.4577,-0.38154407551197744,Low Potential
21.865,80.4,0.07363287691909609,0.05553332,0.06458309831539064,0.307,-0.24241690168460936,Low Potential
21.865,80.415,0.010083333333333335,0.009066995,0.00957516428331534,0.2106,-0.20102483571668467,Low Potential
21.865,80.43,0.023183333333333334,0.013053118,0.018118225792298714,0.5059,-0.4877817742077013,Low Potential
21.865,80.445,0.00525,0.0037422725,0.004496136249974371,0.4441,-0.43960386375002564,Low Potential
21.865,80.46,0.13473266918266918,0.057098642,0.09591565558714224,0.5217,-0.42578434441285784,Low Potential
21.865,80.475,0.026223602484472044,0.0017279825,0.013975792512543474,0.2958,-0.2818242074874565,Low Potential
21.865,80.49,0.3230737796804832,0.10902517,0.2160494762848579,0.3458,-0.1297505237151421,Low Potential
21.88,79.2,0.05383386243386242,0.006619706,0.03022678412622796,0.1931,-0.16287321587377204,Low Potential
21.88,79.215,0.02398412698412698,0.0017347224,0.012859424694899526,0.3989,-0.38604057530510044,Low Potential
21.88,79.23,0.06567460317460319,0.008145043,0.03690982293485413,0.1478,-0.11089017706514585,Low Potential
21.88,79.245,0.052116236094860414,0.0029678221,0.027542029113746275,0.2343,-0.20675797088625372,Low Potential
21.88,79.26,0.031697142857142854,0.0019456891,0.01682141597243824,0.3175,-0.30067858402756176,Low Potential
21.88,79.275,0.04992364525720563,0.00081245333,0.02536804929571269,0.4003,-0.3749319507042873,Low Potential
21.88,79.29,0.0,0.00035737958,0.00017868979193735868,0.1495,-0.14932131020806264,Low Potential
21.88,79.305,0.005999999999999999,0.0008680699,0.0034340349405538287,0.2043,-0.20086596505944618,Low Potential
21.88,79.32,0.08782784213550467,0.002553312,0.045190577121712656,0.1813,-0.13610942287828734,Low Potential
21.88,79.335,0.0012,0.0003296869,0.0007648434554226696,0.1743,-0.17353515654457735,Low Potential
21.88,79.35,0.005688888888888888,0.0011541663,0.0034215275929723346,0.4855,-0.48207847240702767,Low Potential
21.88,79.365,0.11976414565826332,0.002834529,0.06129933728785503,0.2872,-0.22590066271214498,Low Potential
21.88,79.38,0.09985366107576632,0.0028132603,0.05133346068978828,0.2641,-0.21276653931021172,Low Potential
21.88,79.395,0.09389540688070099,0.002820041,0.04835772395567318,0.2175,-0.16914227604432683,Low Potential
21.88,79.41,0.02722412082241804,0.0011747349,0.014199427863890085,0.4785,-0.46430057213610987,Low Potential
21.88,79.425,0.03942333333333333,0.00058966276,0.020006498044353598,0.2181,-0.1980935019556464,Low Potential
21.88,79.44,0.05025714285714286,0.0048722723,0.027564707556952325,0.2451,-0.2175352924430477,Low Potential
21.88,79.455,0.010408333333333334,0.0011681442,0.005788238750832776,0.1988,-0.19301176124916722,Low Potential
21.88,79.47,0.023594999999999998,0.0005512901,0.012073145055808126,0.3241,-0.31202685494419186,Low Potential
21.88,79.485,0.05994,0.0020756589,0.031007829439155758,0.3736,-0.34259217056084423,Low Potential
21.88,79.5,0.002,0.00048035837,0.0012401791862212122,0.2142,-0.2129598208137788,Low Potential
21.88,79.515,0.002,0.00048035837,0.0012401791862212122,0.2327,-0.23145982081377878,Low Potential
21.88,79.53,0.0,0.0004691019,0.00023455095652025193,0.1828,-0.18256544904347974,Low Potential
21.88,79.545,0.0115,0.0011574565,0.006328728271648288,0.2626,-0.25627127172835173,Low Potential
21.88,79.56,0.0065,0.0007394024,0.0036197012143675236,0.3008,-0.2971802987856325,Low Potential
21.88,79.575,0.0,0.0011454974,0.0005727487150579691,0.2656,-0.26502725128494203,Low Potential
21.88,79.59,0.006999999999999999,0.0016551968,0.0043275983855128285,0.3028,-0.2984724016144872,Low Potential
21.88,79.605,0.0,0.0015036975,0.0007518487400375307,0.2625,-0.2617481512599625,Low Potential
21.88,79.62,0.0,0.0014924791,0.0007462395587936044,0.2348,-0.2340537604412064,Low Potential
21.88,79.635,0.006,0.0018132923,0.003906646135263145,0.2472,-0.24329335386473686,Low Potential
21.88,79.65,0.004,0.00085663254,0.0024283162706997246,0.3454,-0.34297168372930026,Low Potential
21.88,79.665,0.0,0.0003120477,0.0001560238451929763,0.1428,-0.14264397615480703,Low Potential
21.88,79.68,0.009666666666666665,0.0012523278,0.00545949723975112,0.2643,-0.25884050276024884,Low Potential
21.88,79.695,0.0085,0.0016720877,0.005086043851450086,0.287,-0.2819139561485499,Low Potential
21.88,79.71,0.004857142857142858,0.0024762142,0.0036666785277692337,0.3112,-0.3075333214722307,Low Potential
21.88,79.725,0.019555555555555555,0.0008992245,0.010227390019714625,0.1919,-0.18167260998028537,Low Potential
21.88,79.74,0.170282860809641,0.004574303,0.08742858192961758,0.2081,-0.12067141807038242,Low Potential
21.88,79.755,0.019,0.00040649695,0.009703248477191664,0.1991,-0.18939675152280833,Low Potential
21.88,79.77,0.022202205882352943,0.0013531832,0.011777694530757693,0.2932,-0.2814223054692423,Low Potential
21.88,79.785,0.005833333333333333,0.00054117304,0.0031872531857031084,0.2113,-0.20811274681429687,Low Potential
21.88,79.8,0.061269114631498534,0.0008326243,0.031050869478746468,0.2681,-0.23704913052125354,Low Potential
21.88,79.815,0.010352438411261941,0.00072602765,0.005539233029147638,0.3692,-0.3636607669708523,Low Potential
21.88,79.83,0.03349551396316102,0.00045824848,0.016976881223321885,0.2782,-0.26122311877667814,Low Potential
21.88,79.845,0.0026923076923076926,0.00037697464,0.001534641166128075,0.1742,-0.1726653588338719,Low Potential
21.88,79.86,0.007525641025641025,0.0008335404,0.004179590711901442,0.2286,-0.22442040928809856,Low Potential
21.88,79.875,0.007523809523809524,0.0029719467,0.005247878125646994,0.3399,-0.334652121874353,Low Potential
21.88,79.89,0.0013333333333333333,0.00063628674,0.0009848100379264602,0.1441,-0.14311518996207354,Low Potential
21.88,79.905,0.004,0.00077394454,0.002386972271371633,0.4311,-0.42871302772862835,Low Potential
21.88,79.92,0.005833333333333333,0.001125468,0.0034794006954568125,0.3455,-0.34202059930454315,Low Potential
21.88,79.935,0.003833333333333333,0.00067625585,0.0022547945905632026,0.2421,-0.2398452054094368,Low Potential
21.88,79.95,0.003033333333333333,0.0023754498,0.0027043915428842107,0.4392,-0.43649560845711577,Low Potential
21.88,79.965,0.023292592592592594,0.007086487,0.015189539806944905,0.1962,-0.1810104601930551,Low Potential
21.88,79.98,0.014645887445887447,0.00086656376,0.007756225601884484,0.165,-0.15724377439811552,Low Potential
21.88,79.995,0.2517980667684866,0.052239932,0.15201899944416647,0.2686,-0.11658100055583354,Low Potential
21.88,80.01,0.11725124961467842,0.020828279,0.06903976417497923,0.2209,-0.15186023582502078,Low Potential
21.88,80.025,0.0756367351176814,0.0046196845,0.040128209826845715,0.5785,-0.5383717901731543,Low Potential
21.88,80.04,0.014238095238095239,0.0019406629,0.008089379047154493,0.4482,-0.4401106209528455,Low Potential
21.88,80.055,0.04899747474747474,0.0022304538,0.025613964259041225,0.1595,-0.13388603574095878,Low Potential
21.88,80.07,0.1890133283647172,0.0076598125,0.09833657041128836,0.3957,-0.29736342958871165,Low Potential
21.88,80.085,0.1692613718154087,0.006270108,0.0877657398142941,0.4937,-0.40593426018570594,Low Potential
21.88,80.1,0.016182051282051284,0.0015393845,0.008860717881308535,0.3716,-0.36273928211869144,Low Potential
21.88,80.115,0.04478521303258146,0.001168439,0.022976826040461935,0.1729,-0.14992317395953805,Low Potential
21.88,80.13,0.0016,0.00022541784,0.0009127089199144394,0.1659,-0.16498729108008556,Low Potential
21.88,80.145,0.060395238095238106,0.003472957,0.03193409757842089,0.2928,-0.26086590242157914,Low Potential
21.88,80.16,0.12768176593521421,0.0065997243,0.06714074511398467,0.2392,-0.1720592548860153,Low Potential
21.88,80.175,0.040451515151515155,0.00075290713,0.020602211140725538,0.4522,-0.43159778885927447,Low Potential
21.88,80.19,0.2058709779188715,0.027200883,0.11653593058664016,0.1854,-0.06886406941335985,Low Potential
21.88,80.205,0.23318717177361234,0.23759565,0.23539140967354172,0.349,-0.11360859032645826,Low Potential
21.88,80.22,0.009635042735042735,0.0008910121,0.005263027408226735,0.6122,-0.6069369725917733,Low Potential
21.88,80.235,0.006166666666666666,0.0031780107,0.004672338680674632,0.2895,-0.28482766131932535,Low Potential
21.88,80.25,0.02780522635259477,0.010310558,0.01905789201174303,0.3166,-0.297542107988257,Low Potential
21.88,80.265,0.405230471555411,0.3715813,0.3884058788736756,0.5127,-0.12429412112632443,Low Potential
21.88,80.28,0.08499743731111657,0.024829997,0.054913717030437646,0.1558,-0.10088628296956234,Low Potential
21.88,80.295,0.19446580105988473,0.19956738,0.197016589313588,0.2128,-0.01578341068641198,Low Potential
21.88,80.31,0.003,0.0066845035,0.004842251759022474,0.3984,-0.3935577482409775,Low Potential
21.88,80.325,0.0064,0.0035993028,0.00499965142160654,0.435,-0.4300003485783935,Low Potential
21.88,80.34,0.36866098549190146,0.3936377,0.38114933622987557,0.6074,-0.22625066377012448,Low Potential
21.88,80.355,0.06572847983768287,0.08455245,0.07514046590293796,0.3424,-0.26725953409706205,Low Potential
21.88,80.37,0.04619284765377483,0.023662115,0.034927481084837717,0.3608,-0.3258725189151623,Low Potential
21.88,80.385,0.01982886064030132,0.0025814075,0.011205134094580517,0.579,-0.5677948659054194,Low Potential
21.88,80.4,0.011183333333333332,0.012362743,0.011773038064936795,0.5675,-0.5557269619350632,Low Potential
21.88,80.415,0.011916666666666666,0.0027796202,0.007348143450294931,0.2654,-0.2580518565497051,Low Potential
21.88,80.43,0.08046923579688285,0.0027137876,0.04159151169957178,0.5695,-0.5279084883004282,Low Potential
21.88,80.445,0.05126074440265616,0.022046467,0.036653605845992365,0.2669,-0.23024639415400766,Low Potential
21.88,80.46,0.00895,0.0047129286,0.006831464276090264,0.5095,-0.5026685357239097,Low Potential
21.88,80.475,0.039019900041626795,0.013974312,0.026497105901592426,0.2563,-0.22980289409840754,Low Potential
21.88,80.49,0.15111988785176422,0.043201096,0.09716049210383965,0.3409,-0.24373950789616033,Low Potential
21.895,79.2,0.00588888888888889,0.0006615953,0.0032752421029791654,0.2919,-0.2886247578970208,Low Potential
21.895,79.215,0.04386990954087728,0.003867346,0.023868627817899255,0.156,-0.13213137218210075,Low Potential
21.895,79.23,0.02842751322751323,0.0036247135,0.016026113370756705,0.2701,-0.2540738866292433,Low Potential
21.895,79.245,0.010425654393396329,0.0006615953,0.005543624855232885,0.3762,-0.37065637514476707,Low Potential
21.895,79.26,0.02361948717948718,0.0019532524,0.01278636976892463,0.3548,-0.3420136302310754,Low Potential
21.895,79.275,0.008875,0.0006298525,0.004752426262944936,0.1863,-0.18154757373705505,Low Potential
21.895,79.29,0.03646666666666667,0.0009201554,0.01869341102166412,0.1734,-0.1547065889783359,Low Potential
21.895,79.305,0.04780520749497732,0.0012259638,0.024515585655977678,0.2544,-0.22988441434402235,Low Potential
21.895,79.32,0.057129225960172246,0.0029517147,0.030040470318022882,0.1943,-0.16425952968197713,Low Potential
21.895,79.335,0.03554502923976608,0.0005644869,0.018054758067028488,0.433,-0.4149452419329715,Low Potential
21.895,79.35,0.11461447086950181,0.0021290267,0.05837174877906858,0.2318,-0.17342825122093142,Low Potential
21.895,79.365,0.005866666666666667,0.0005139587,0.0031903126765818646,0.4112,-0.40800968732341814,Low Potential
21.895,79.38,0.0038823529411764705,0.0005859751,0.0022341640333042425,0.2684,-0.2661658359666958,Low Potential
21.895,79.395,0.1241525872762715,0.01646003,0.07030630834230359,0.2192,-0.14889369165769642,Low Potential
21.895,79.41,0.003875,0.0013269166,0.0026009583114646375,0.3028,-0.3001990416885354,Low Potential
21.895,79.425,0.12344847705613958,0.0029910167,0.06321974688874626,0.25,-0.18678025311125374,Low Potential
21.895,79.44,0.019437535014005605,0.0016062197,0.010521877347492726,0.2835,-0.27297812265250726,Low Potential
21.895,79.455,0.04312389664896059,0.0032477565,0.023185826579966783,0.2652,-0.2420141734200332,Low Potential
21.895,79.47,0.024457142857142854,0.007813002,0.016135072420005288,0.1545,-0.13836492757999472,Low Potential
21.895,79.485,0.03360217719194701,0.0009918219,0.01729699953154306,0.1601,-0.14280300046845693,Low Potential
21.895,79.5,0.07664013668678529,0.0021277799,0.03938395828366194,0.27,-0.2306160417163381,Low Potential
21.895,79.515,0.0,0.0010996924,0.0005498462123796344,0.202,-0.20145015378762038,Low Potential
21.895,79.53,0.056410599519159894,0.00072267314,0.028566636329347393,0.5562,-0.5276333636706526,Low Potential
21.895,79.545,0.006375,0.0006157265,0.003495363258058205,0.1665,-0.1630046367419418,Low Potential
21.895,79.56,0.008066666666666666,0.00047240278,0.004269534724423041,0.232,-0.22773046527557697,Low Potential
21.895,79.575,0.05481650449653546,0.0015146385,0.02816557151890089,0.3392,-0.31103442848109913,Low Potential
21.895,79.59,0.0065,0.00090510456,0.003702552281785756,0.3046,-0.30089744771821425,Low Potential
21.895,79.605,0.004666666666666667,0.0007818495,0.0027242580795039735,0.3392,-0.336475741920496,Low Potential
21.895,79.62,0.002,0.00067360414,0.0013368020697962493,0.2341,-0.23276319793020375,Low Potential
21.895,79.635,0.001966666666666667,0.00044027247,0.0012034695700819916,0.1755,-0.174296530429918,Low Potential
21.895,79.65,0.01084,0.0016398325,0.0062399162548407916,0.2119,-0.2056600837451592,Low Potential
21.895,79.665,0.0,0.00034420186,0.00017210093210451305,0.1754,-0.1752278990678955,Low Potential
21.895,79.68,0.04933640350877193,0.002312447,0.02582442522659375,0.3746,-0.34877557477340626,Low Potential
21.895,79.695,0.0045,0.0009182408,0.0027091204051394014,0.3464,-0.3436908795948606,Low Potential
21.895,79.71,0.05838806722689076,0.0011400616,0.029764064438192316,0.4934,-0.4636359355618077,Low Potential
21.895,79.725,0.0704984340822576,0.0026797033,0.03658906868688159,0.2181,-0.1815109313131184,Low Potential
21.895,79.74,0.008533333333333334,0.0008637387,0.004698536020300041,0.1388,-0.13410146397969996,Low Potential
21.895,79.755,0.09595212475862629,0.003041838,0.04949698141077671,0.2715,-0.2220030185892233,Low Potential
21.895,79.77,0.14848363275011878,0.0022461133,0.07536487300566336,0.2473,-0.17193512699433663,Low Potential
21.895,79.785,0.01139047619047619,0.0008728685,0.006131672355574777,0.1569,-0.15076832764442524,Low Potential
21.895,79.8,0.0011666666666666665,0.0007248845,0.0009457755867236604,0.275,-0.27405422441327637,Low Potential
21.895,79.815,0.03881056288912327,0.0018414424,0.020326002657894943,0.3778,-0.35747399734210505,Low Potential
21.895,79.83,0.0,0.00046372254,0.00023186126782093197,0.1583,-0.15806813873217906,Low Potential
21.895,79.845,0.012343874643874644,0.00040872014,0.006376297390829451,0.2144,-0.20802370260917055,Low Potential
21.895,79.86,0.03236229049325823,0.0005712239,0.016466757200215454,0.2535,-0.23703324279978455,Low Potential
21.895,79.875,0.006500000000000001,0.0015768718,0.004038435922004283,0.24,-0.2359615640779957,Low Potential
21.895,79.89,0.009,0.00070801366,0.0048540068282745775,0.2125,-0.2076459931717254,Low Potential
21.895,79.905,0.0025,0.0014115061,0.0019557530456222596,0.3036,-0.30164424695437775,Low Potential
21.895,79.92,0.0027,0.0014814896,0.002090744813811034,0.3584,-0.35630925518618894,Low Potential
21.895,79.935,0.0,0.00067818013,0.0003390900674276054,0.2313,-0.2309609099325724,Low Potential
21.895,79.95,0.00786969696969697,0.0014924791,0.004681088043642089,0.2956,-0.2909189119563579,Low Potential
21.895,79.965,0.0037,0.0015249113,0.0026124556310474873,0.505,-0.5023875443689525,Low Potential
21.895,79.98,0.005833333333333334,0.0015768718,0.0037051025886709493,0.249,-0.24529489741132904,Low Potential
21.895,79.995,0.0,0.00027836065,0.0001391803234582767,0.1597,-0.15956081967654173,Low Potential
21.895,80.01,0.09553176023323082,0.0020112398,0.04877149999735873,0.1847,-0.13592850000264128,Low Potential
21.895,80.025,0.021389473684210524,0.00047133162,0.01093040264995499,0.6419,-0.630969597350045,Low Potential
21.895,80.04,0.0101,0.00057189073,0.005335945367068052,0.1939,-0.18856405463293194,Low Potential
21.895,80.055,0.004916666666666666,0.0005493027,0.002732984697058176,0.2622,-0.2594670153029418,Low Potential
21.895,80.07,0.0,0.00022888479,0.00011444239498814568,0.3607,-0.3605855576050119,Low Potential
21.895,80.085,0.0,0.0006839992,0.0003419996064621955,0.1827,-0.1823580003935378,Low Potential
21.895,80.1,0.024622807017543862,0.00035495457,0.012488880791476717,0.1954,-0.18291111920852327,Low Potential
21.895,80.115,0.0572375939849624,0.0024008274,0.029819210673116592,0.1362,-0.1063807893268834,Low Potential
21.895,80.13,0.08216666666666668,0.004324955,0.04324581080054244,0.2447,-0.20145418919945757,Low Potential
21.895,80.145,0.1337361005437631,0.0011027524,0.06741942647262829,0.1685,-0.10108057352737172,Low Potential
21.895,80.16,0.050169462116830536,0.0018422516,0.026005856873199586,0.3178,-0.29179414312680046,Low Potential
21.895,80.175,0.09217645924766667,0.0009258528,0.046551156024193054,0.25,-0.20344884397580695,Low Potential
21.895,80.19,0.02212222222222222,0.0019358019,0.012029012078336542,0.581,-0.5689709879216635,Low Potential
21.895,80.205,0.11961713678478383,0.032588962,0.07610304962515425,0.2682,-0.19209695037484575,Low Potential
21.895,80.22,0.019511148272017838,0.00083982915,0.010175488712932394,0.1491,-0.13892451128706762,Low Potential
21.895,80.235,0.0005,0.0008333594,0.0006666796861682087,0.2436,-0.2429333203138318,Low Potential
21.895,80.25,0.277826059166152,0.13218395,0.20500500664291715,0.5068,-0.3017949933570829,Low Potential
21.895,80.265,0.0023461538461538463,0.0033531312,0.0028496425413311677,0.189,-0.18615035745866884,Low Potential
21.895,80.28,0.0078,0.005154982,0.0064774911046028135,0.2346,-0.2281225088953972,Low Potential
21.895,80.295,0.01862952380952381,0.0048374836,0.011733503721416707,0.2973,-0.2855664962785833,Low Potential
21.895,80.31,0.021684249084249086,0.012105061,0.016894654912777217,0.3126,-0.2957053450872228,Low Potential
21.895,80.325,0.003875,0.006411617,0.005143308578059077,0.3961,-0.39095669142194095,Low Potential
21.895,80.34,0.024003030303030304,0.013599986,0.018801508256747868,0.3874,-0.36859849174325215,Low Potential
21.895,80.355,0.05600182201274918,0.042848404,0.049425113254828686,0.261,-0.21157488674517133,Low Potential
21.895,80.37,0.007012820512820513,0.002027836,0.004520328221293405,0.244,-0.23947967177870658,Low Potential
21.895,80.385,0.00975,0.017673414,0.01371170710027218,0.4447,-0.4309882928997278,Low Potential
21.895,80.4,0.00915,0.013868421,0.011509210658073424,0.5135,-0.5019907893419265,Low Potential
21.895,80.415,0.07808887213355906,0.078018546,0.0780537091189951,0.524,-0.4459462908810049,Low Potential
21.895,80.43,0.00745,0.005565468,0.006507734110951424,0.3463,-0.3397922658890486,Low Potential
21.895,80.445,0.023078571428571427,0.0037520612,0.013415316297220332,0.4595,-0.4460846837027797,Low Potential
21.895,80.46,0.02551666666666667,0.004013519,0.014765092734744153,0.2591,-0.24433490726525584,Low Potential
21.895,80.475,0.022574999999999998,0.001524459,0.012049729494284837,0.2287,-0.21665027050571514,Low Potential
21.895,80.49,0.03905117014547755,0.030237803,0.0346444866905638,0.2388,-0.2041555133094362,Low Potential
21.91,79.2,0.09170517310347032,0.0032645387,0.04748485590720361,0.2315,-0.1840151440927964,Low Potential
21.91,79.215,0.10107903403785758,0.008436148,0.05475759104637768,0.1475,-0.09274240895362232,Low Potential
21.91,79.23,0.04016355714622758,0.0030433133,0.02160343521205645,0.1726,-0.15099656478794354,Low Potential
21.91,79.245,0.0085,0.0008737231,0.004686861562775448,0.1461,-0.14141313843722456,Low Potential
21.91,79.26,0.015092592592592593,0.00094276597,0.008017679280256509,0.2252,-0.2171823207197435,Low Potential
21.91,79.275,0.01190937950937951,0.0003621774,0.0061357784589563405,0.1581,-0.15196422154104364,Low Potential
21.91,79.29,0.04503333333333334,0.0037804528,0.024406893050360187,0.2074,-0.18299310694963983,Low Potential
21.91,79.305,0.16413648149273735,0.004268216,0.08420234873097113,0.2067,-0.12249765126902887,Low Potential
21.91,79.32,0.011703296703296704,0.0009156041,0.0063094504114757245,0.3158,-0.3094905495885243,Low Potential
21.91,79.335,0.089955013003852,0.002591051,0.04627303196615529,0.1766,-0.13032696803384472,Low Potential
21.91,79.35,0.14670847359554787,0.0023915854,0.07455002948862473,0.2776,-0.2030499705113753,Low Potential
21.91,79.365,0.17791148553888492,0.0067797587,0.09234562213210012,0.2245,-0.13215437786789988,Low Potential
21.91,79.38,0.1276525171337091,0.0036839216,0.06566821939094926,0.1973,-0.13163178060905073,Low Potential
21.91,79.395,0.05194899749373434,0.0009918517,0.02647042458359792,0.478,-0.45152957541640204,Low Potential
21.91,79.41,0.03505023342670402,0.0011792897,0.018114761540766314,0.2957,-0.2775852384592337,Low Potential
21.91,79.425,0.03941164021164021,0.0025214998,0.02096656998511325,0.1679,-0.14693343001488673,Low Potential
21.91,79.44,0.09532604474988375,0.0025943778,0.048960211297704746,0.2232,-0.17423978870229526,Low Potential
21.91,79.455,0.14087922502334269,0.0032021864,0.07204070572753922,0.3167,-0.24465929427246075,Low Potential
21.91,79.47,0.12410286931028616,0.018105824,0.0711043464284671,0.1781,-0.10699565357153291,Low Potential
21.91,79.485,0.0451079939668175,0.001569206,0.02333859998914954,0.3528,-0.32946140001085045,Low Potential
21.91,79.5,0.02405448717948718,0.00065913046,0.01235680881747379,0.4717,-0.4593431911825262,Low Potential
21.91,79.515,0.02236666666666667,0.0011414711,0.011754068878230951,0.3164,-0.3046459311217691,Low Potential
21.91,79.53,0.04039259259259259,0.0012603549,0.020826473737349388,0.1679,-0.1470735262626506,Low Potential
21.91,79.545,0.015583333333333333,0.00043020997,0.008006771651484692,0.2374,-0.2293932283485153,Low Potential
21.91,79.56,0.04434490954087727,0.0019413687,0.023143139111593627,0.1286,-0.10545686088840636,Low Potential
21.91,79.575,0.00375,0.0011454974,0.002447748715057969,0.2477,-0.24525225128494205,Low Potential
21.91,79.59,0.02792280701754386,0.00060238596,0.014262596489031587,0.1792,-0.16493740351096842,Low Potential
21.91,79.605,0.04497282913165266,0.002361573,0.02366720108886299,0.3787,-0.355032798911137,Low Potential
21.91,79.62,0.001,0.0005999806,0.0007999902935698629,0.1418,-0.14100000970643015,Low Potential
21.91,79.635,0.009,0.0012050839,0.0051025419570505616,0.1663,-0.16119745804294944,Low Potential
21.91,79.65,0.004,0.0010207823,0.002510391138959676,0.2098,-0.2072896088610403,Low Potential
21.91,79.665,0.004,0.0007198619,0.0023599309420678765,0.1615,-0.15914006905793213,Low Potential
21.91,79.68,0.00625,0.0012112291,0.0037306145648472013,0.3023,-0.2985693854351528,Low Potential
21.91,79.695,0.0,0.00033551018,0.00016775508993305266,0.1574,-0.15723224491006696,Low Potential
21.91,79.71,0.0077,0.0015768426,0.004638421311881393,0.2302,-0.2255615786881186,Low Potential
21.91,79.725,0.005284615384615384,0.00037944407,0.0028320297277371325,0.1698,-0.16696797027226287,Low Potential
21.91,79.74,0.10971602339868591,0.0028976707,0.05630684706202321,0.2417,-0.18539315293797679,Low Potential
21.91,79.755,0.03046666666666667,0.00043371168,0.015450189175487808,0.1275,-0.1120498108245122,Low Potential
21.91,79.77,0.002,0.00050690235,0.0012534511731937528,0.1309,-0.12964654882680623,Low Potential
21.91,79.785,0.015044633642930858,0.0013668727,0.008205753166308786,0.2601,-0.2518942468336912,Low Potential
21.91,79.8,0.11364587275469626,0.0011769538,0.057411413268046205,0.1727,-0.11528858673195379,Low Potential
21.91,79.815,0.025615686274509806,0.00062571897,0.013120702620783785,0.4635,-0.4503792973792162,Low Potential
21.91,79.83,0.1113331052933994,0.002046094,0.056689599668289875,0.2682,-0.21151040033171012,Low Potential
21.91,79.845,0.006715686274509804,0.0004312054,0.0035734458412294843,0.2053,-0.20172655415877053,Low Potential
21.91,79.86,0.0,0.0006951211,0.000347560562659055,0.2348,-0.23445243943734095,Low Potential
21.91,79.875,0.0,0.0012112291,0.0006056145648472011,0.2021,-0.2014943854351528,Low Potential
21.91,79.89,0.0006666666666666666,0.0012594507,0.0009630586754841108,0.3249,-0.3239369413245159,Low Potential
21.91,79.905,0.0025952380952380953,0.00067625585,0.001635746971515584,0.2355,-0.2338642530284844,Low Potential
21.91,79.92,0.001,0.0012476863,0.0011238431669771671,0.3821,-0.3809761568330228,Low Potential
21.91,79.935,0.004166666666666666,0.0011454974,0.002656082048391302,0.2232,-0.22054391795160871,Low Potential
21.91,79.95,0.10963776142158493,0.007496561,0.05856716117267005,0.2977,-0.23913283882732997,Low Potential
21.91,79.965,0.007033333333333333,0.0013231618,0.004178247548236201,0.4426,-0.4384217524517638,Low Potential
21.91,79.98,0.00806969696969697,0.002147744,0.005108720456887827,0.3035,-0.2983912795431122,Low Potential
21.91,79.995,0.009794736842105262,0.000593814,0.005194275425720077,0.1976,-0.19240572457427993,Low Potential
21.91,80.01,0.0091,0.0004391265,0.004769563255086541,0.1582,-0.15343043674491347,Low Potential
21.91,80.025,0.01864931200550396,0.0016961261,0.010172719037688766,0.4123,-0.4021272809623112,Low Potential
21.91,80.04,0.026628070175438598,0.0007790316,0.013703550888353698,0.1456,-0.1318964491116463,Low Potential
21.91,80.055,0.0045,0.00037588517,0.00243794258357957,0.3131,-0.31066205741642045,Low Potential
21.91,80.07,0.0,0.00034612571,0.00017306285735685378,0.2532,-0.2530269371426431,Low Potential
21.91,80.085,0.014128571428571426,0.00050691655,0.007317743988814097,0.2066,-0.1992822560111859,Low Potential
21.91,80.1,0.02605079365079365,0.0018170038,0.013933898737305214,0.2408,-0.22686610126269477,Low Potential
21.91,80.115,0.006988888888888889,0.0012913605,0.004140124681074586,0.4585,-0.4543598753189254,Low Potential
21.91,80.13,0.013100000000000002,0.00024809805,0.0066740490237250935,0.2056,-0.1989259509762749,Low Potential
21.91,80.145,0.057905721199550605,0.0010530786,0.029479399882648576,0.1415,-0.1120206001173514,Low Potential
21.91,80.16,0.026999999999999996,0.00025327684,0.013626638420624657,0.1729,-0.15927336157937533,Low Potential
21.91,80.175,0.008333333333333333,0.00031881826,0.004326075796658794,0.1433,-0.1389739242033412,Low Potential
21.91,80.19,0.0101,0.001889295,0.005994647472351789,0.2205,-0.2145053525276482,Low Potential
21.91,80.205,0.003333333333333333,0.00042144387,0.0018773886000659937,0.1371,-0.135222611399934,Low Potential
21.91,80.22,0.02171282051282051,0.0020140288,0.011863424676293744,0.1477,-0.13583657532370624,Low Potential
21.91,80.235,0.1871814146294022,0.009351684,0.09826654920497657,0.215,-0.11673345079502342,Low Potential
21.91,80.25,0.059837728937728936,0.020236379,0.040037053736678624,0.2422,-0.20216294626332137,Low Potential
21.91,80.265,0.003875,0.0066981404,0.005286570204421878,0.4095,-0.4042134297955781,Low Potential
21.91,80.28,0.01864321663843403,0.016107416,0.017375316209429552,0.4748,-0.45742468379057044,Low Potential
21.91,80.295,0.00875,0.015214855,0.011982427425682545,0.3827,-0.3707175725743174,Low Potential
21.91,80.31,0.0035,0.006499009,0.00499950460344553,0.5907,-0.5857004953965544,Low Potential
21.91,80.325,0.006,0.0041140025,0.005057001227512956,0.5808,-0.575742998772487,Low Potential
21.91,80.34,0.04687902331594374,0.07969632,0.06328767165662719,0.5282,-0.4649123283433728,Low Potential
21.91,80.355,0.026619062049062052,0.030537225,0.02857814367754807,0.408,-0.3794218563224519,Low Potential
21.91,80.37,0.01925,0.0061076847,0.012678842345252633,0.4772,-0.4645211576547474,Low Potential
21.91,80.385,0.007163043478260869,0.010305236,0.0087341397859804,0.5927,-0.5839658602140196,Low Potential
21.91,80.4,0.00675,0.01002028,0.008385140128433704,0.5434,-0.5350148598715663,Low Potential
21.91,80.415,0.07815553880022572,0.075566985,0.07686126175665163,0.3825,-0.30563873824334836,Low Potential
21.91,80.43,0.00825,0.004520159,0.006385079607367516,0.3063,-0.2999149203926325,Low Potential
21.91,80.445,0.09317225108225109,0.0022979556,0.04773510332370282,0.2961,-0.24836489667629716,Low Potential
21.91,80.46,0.00725,0.0047304877,0.005990243854001164,0.3678,-0.36180975614599886,Low Potential
21.91,80.475,0.046896208998312636,0.028192786,0.03754449774908527,0.285,-0.2474555022509147,Low Potential
21.91,80.49,0.05330173160173159,0.0026868684,0.027994300011732486,0.5051,-0.4771056999882675,Low Potential
21.925,79.2,0.025046031746031743,0.002755212,0.013900621822544387,0.2398,-0.22589937817745562,Low Potential
21.925,79.215,0.002,0.00062567275,0.0013128363750874996,0.1628,-0.1614871636249125,Low Potential
21.925,79.23,0.004,0.00046569246,0.0022328462287550793,0.4248,-0.42256715377124493,Low Potential
21.925,79.245,0.04142380952380953,0.006599887,0.024011848166176963,0.2333,-0.20928815183382304,Low Potential
21.925,79.26,0.038497460056283586,0.002988187,0.020742823476996776,0.2277,-0.20695717652300324,Low Potential
21.925,79.275,0.11876216593863653,0.01890129,0.06883172815532529,0.248,-0.1791682718446747,Low Potential
21.925,79.29,0.15621772608483137,0.011957369,0.08408754744914324,0.4679,-0.3838124525508567,Low Potential
21.925,79.305,0.04097449874686717,0.0012528343,0.021113666541384007,0.3171,-0.29598633345861597,Low Potential
21.925,79.32,0.0075,0.0013122183,0.004406109128613025,0.1937,-0.18929389087138698,Low Potential
21.925,79.335,0.00788888888888889,0.001125468,0.004507178473234591,0.3493,-0.3447928215267654,Low Potential
21.925,79.35,0.0023888888888888887,0.0010445481,0.001716718502756622,0.2158,-0.21408328149724337,Low Potential
21.925,79.365,0.07714470562117619,0.0034000035,0.04027235457935593,0.1737,-0.13342764542064406,Low Potential
21.925,79.38,0.12202036427662014,0.003030587,0.06252547563217699,0.1889,-0.12637452436782304,Low Potential
21.925,79.395,0.01358462925400045,0.00054435956,0.0070644944061311905,0.3675,-0.3604355055938688,Low Potential
21.925,79.41,0.01910420168067227,0.0013014284,0.010202815050105056,0.2728,-0.2625971849498949,Low Potential
21.925,79.425,0.024096153846153847,0.0006355876,0.012365870728229101,0.2117,-0.1993341292717709,Low Potential
21.925,79.44,0.10406588048212088,0.0016238929,0.05284488670296896,0.2193,-0.16645511329703103,Low Potential
21.925,79.455,0.00938888888888889,0.0012759902,0.005332439523604181,0.2313,-0.22596756047639582,Low Potential
21.925,79.47,0.017380392156862746,0.001415634,0.009398013051294302,0.443,-0.4336019869487057,Low Potential
21.925,79.485,0.05491200984295613,0.0079155555,0.031413782671225104,0.2042,-0.1727862173287749,Low Potential
21.925,79.5,0.16003598413416922,0.0035935838,0.08181478397914112,0.4882,-0.4063852160208589,Low Potential
21.925,79.515,0.07458824133420311,0.007884058,0.041236149752111845,0.192,-0.15076385024788816,Low Potential
21.925,79.53,0.05110410659677703,0.004431688,0.02776789741176823,0.2057,-0.17793210258823178,Low Potential
21.925,79.545,0.07583019823313938,0.0033287308,0.039579464525511796,0.2227,-0.1831205354744882,Low Potential
21.925,79.56,0.03559444444444445,0.0003602459,0.017977345174082764,0.1696,-0.15162265482591725,Low Potential
21.925,79.575,0.025583333333333333,0.0018761765,0.0137297548923331,0.189,-0.1752702451076669,Low Potential
21.925,79.59,0.009875,0.00096628786,0.005420643929159269,0.1766,-0.17117935607084073,Low Potential
21.925,79.605,0.02554089068825911,0.000789319,0.013165104839343555,0.4718,-0.4586348951606564,Low Potential
21.925,79.62,0.21200403632315395,0.005202755,0.10860339559474289,0.2262,-0.11759660440525713,Low Potential
21.925,79.635,0.002,0.00047226864,0.00123613432131242,0.1451,-0.14386386567868759,Low Potential
21.925,79.65,0.023464748323571854,0.0015265836,0.012495665945882436,0.1819,-0.16940433405411756,Low Potential
21.925,79.665,0.045902584993139615,0.0030447894,0.02447368720865285,0.5636,-0.5391263127913472,Low Potential
21.925,79.68,0.005722222222222222,0.00092684873,0.003324535478009946,0.1938,-0.19047546452199005,Low Potential
21.925,79.695,0.05126400367996356,0.0011553756,0.02620968964969124,0.502,-0.4757903103503088,Low Potential
21.925,79.71,0.0,0.0006430378,0.00032151889172382653,0.1574,-0.15707848110827619,Low Potential
21.925,79.725,0.005333333333333333,0.0005823783,0.002957855816387261,0.1587,-0.15574214418361274,Low Potential
21.925,79.74,0.02142222222222222,0.0016442968,0.011533259513332611,0.3185,-0.3069667404866674,Low Potential
21.925,79.755,0.0014666666666666667,0.0006953878,0.0010810272206397105,0.1225,-0.12141897277936028,Low Potential
21.925,79.77,0.028717525456999137,0.0031209444,0.01591923491329173,0.2199,-0.2039807650867083,Low Potential
21.925,79.785,0.019352438411261944,0.0009156041,0.010134021265458345,0.2385,-0.22836597873454165,Low Potential
21.925,79.8,0.021000000000000005,0.0009207316,0.010960365787148478,0.1845,-0.1735396342128515,Low Potential
21.925,79.815,0.04871468368233074,0.0009903989,0.02485254130449558,0.3004,-0.2755474586955044,Low Potential
21.925,79.83,0.0166,0.0007784895,0.008689244756661356,0.1356,-0.12691075524333864,Low Potential
21.925,79.845,0.0223,0.0009251187,0.01161255934285,0.2452,-0.23358744065715,Low Potential
21.925,79.86,0.004,0.0011480411,0.0025740205524489284,0.1604,-0.15782597944755106,Low Potential
21.925,79.875,0.04027272727272727,0.0013242288,0.020798478049353104,0.1825,-0.16170152195064688,Low Potential
21.925,79.89,0.002,0.0018132923,0.001906646135263145,0.2626,-0.26069335386473685,Low Potential
21.925,79.905,0.003333333333333333,0.0012112291,0.0022722812315138677,0.2778,-0.27552771876848614,Low Potential
21.925,79.92,0.006,0.0009793339,0.003489666941575706,0.2185,-0.2150103330584243,Low Potential
21.925,79.935,0.015999999999999997,0.00034959384,0.008174796921783125,0.1785,-0.17032520307821686,Low Potential
21.925,79.95,0.028533333333333334,0.0020747979,0.015304065601962309,0.1636,-0.14829593439803768,Low Potential
21.925,79.965,0.026000000000000002,0.00061816256,0.013309081282466651,0.2415,-0.22819091871753333,Low Potential
21.925,79.98,0.0532144159790551,0.004118045,0.028666230419858066,0.521,-0.49233376958014197,Low Potential
21.925,79.995,0.0018,0.00055566686,0.0011778334310278296,0.1456,-0.14442216656897217,Low Potential
21.925,80.01,0.0031333333333333335,0.000500035,0.001816684169943134,0.1845,-0.18268331583005687,Low Potential
21.925,80.025,0.09314188989545027,0.0025587487,0.04785031929945012,0.183,-0.1351496807005499,Low Potential
21.925,80.04,0.011433333333333334,0.0004314618,0.005932397573014411,0.1773,-0.1713676024269856,Low Potential
21.925,80.055,0.036300000000000006,0.0033916768,0.01984583840761334,0.1549,-0.13505416159238667,Low Potential
21.925,80.07,0.01563888888888889,0.0003597308,0.007999309841957358,0.479,-0.47100069015804263,Low Potential
21.925,80.085,0.023066666666666666,0.0012511541,0.01215891039011379,0.2214,-0.20924108960988622,Low Potential
21.925,80.1,0.05924126984126984,0.0024532066,0.03084723820697575,0.3615,-0.3306527617930242,Low Potential
21.925,80.115,0.030609768009768012,0.0046931016,0.017651434817828777,0.4148,-0.39714856518217123,Low Potential
21.925,80.13,0.040697701149425294,0.0055556833,0.023126692215348972,0.1828,-0.15967330778465103,Low Potential
21.925,80.145,0.018733333333333334,0.0011784778,0.00995590555385376,0.1854,-0.17544409444614625,Low Potential
21.925,80.16,0.0048,0.000356083,0.0025780415041139347,0.1334,-0.13082195849588604,Low Potential
21.925,80.175,0.010612820512820512,0.00034444986,0.00547863518538443,0.1669,-0.16142136481461555,Low Potential
21.925,80.19,0.03506111111111111,0.0011704977,0.018115804424002353,0.3136,-0.29548419557599764,Low Potential
21.925,80.205,0.1552282358594278,0.01775095,0.0864895931947996,0.2366,-0.1501104068052004,Low Potential
21.925,80.22,0.015811088911088914,0.00045588962,0.008133489264556572,0.1578,-0.14966651073544343,Low Potential
21.925,80.235,0.012798268398268397,0.0013378296,0.007068049013148186,0.2104,-0.2033319509868518,Low Potential
21.925,80.25,0.1669634107722343,0.50489235,0.3359278800076992,0.4517,-0.1157721199923008,Low Potential
21.925,80.265,0.027675,0.014502585,0.021088792467117312,0.5175,-0.49641120753288265,Low Potential
21.925,80.28,0.019739885155102548,0.018017378,0.018878631429742245,0.3331,-0.3142213685702578,Low Potential
21.925,80.295,0.012551932367149759,0.0152456295,0.01389878092083522,0.6013,-0.5874012190791648,Low Potential
21.925,80.31,0.00395,0.005042841,0.004496420596167445,0.4035,-0.3990035794038326,Low Potential
21.925,80.325,0.003,0.003700795,0.0033503974424675107,0.5511,-0.5477496025575326,Low Potential
21.925,80.34,0.0024130434782608694,0.0066845035,0.0045487734981529086,0.407,-0.40245122650184706,Low Potential
21.925,80.355,0.0469774098657564,0.061671495,0.05432445265168924,0.4204,-0.36607554734831077,Low Potential
21.925,80.37,0.02751083638583638,0.008486238,0.017998537347043642,0.1904,-0.17240146265295636,Low Potential
21.925,80.385,0.010083333333333335,0.009298005,0.009690669237325589,0.3759,-0.3662093307626744,Low Potential
21.925,80.4,0.04268333333333334,0.025612006,0.03414766964862744,0.2578,-0.22365233035137252,Low Potential
21.925,80.415,0.0714045154262422,0.047940917,0.05967271636967055,0.2774,-0.21772728363032942,Low Potential
21.925,80.43,0.0707522009569378,0.002389485,0.03657084298670149,0.3595,-0.3229291570132985,Low Potential
21.925,80.445,0.011583333333333334,0.0062308284,0.008907080842802922,0.2125,-0.20359291915719707,Low Potential
21.925,80.46,0.1214640859140859,0.020525828,0.07099495695898464,0.3002,-0.22920504304101538,Low Potential
21.925,80.475,0.058138849630761394,0.050648,0.054393424861037855,0.4041,-0.34970657513896214,Low Potential
21.925,80.49,0.23151292996903036,0.06362883,0.14757087999234486,0.5683,-0.42072912000765517,Low Potential
21.94,79.2,0.028079487179487182,0.0027241183,0.015401802738703407,0.3415,-0.32609819726129663,Low Potential
21.94,79.215,0.0018888888888888887,0.0008637387,0.0013763137980778183,0.2893,-0.28792368620192216,Low Potential
21.94,79.23,0.012555555555555556,0.0017210321,0.007138293817898052,0.2645,-0.25736170618210197,Low Potential
21.94,79.245,0.025190476190476187,0.001839898,0.013515187067534063,0.1475,-0.13398481293246592,Low Potential
21.94,79.26,0.026075379806326102,0.0013742377,0.0137248087556741,0.1547,-0.1409751912443259,Low Potential
21.94,79.275,0.07424406529143371,0.0014474129,0.03784573908764828,0.3428,-0.3049542609123517,Low Potential
21.94,79.29,0.11633340470631272,0.018511977,0.06742269087652042,0.2949,-0.22747730912347958,Low Potential
21.94,79.305,0.07517937928084988,0.0021486732,0.03866402622601369,0.139,-0.10033597377398631,Low Potential
21.94,79.32,0.0,0.00035445238,0.00017722618940752,0.1534,-0.1532227738105925,Low Potential
21.94,79.335,0.009446153846153847,0.0008739558,0.005160054813862707,0.3949,-0.38973994518613725,Low Potential
21.94,79.35,0.02732380952380952,0.0012723883,0.014298098896035834,0.1393,-0.12500190110396417,Low Potential
21.94,79.365,0.1703098636661195,0.0030956357,0.08670274967236932,0.306,-0.21929725032763067,Low Potential
21.94,79.38,0.029742046472992764,0.00420054,0.016971293245164686,0.1679,-0.1509287067548353,Low Potential
21.94,79.395,0.05324285714285715,0.0094583025,0.03135057983153633,0.1561,-0.12474942016846366,Low Potential
21.94,79.41,0.042378676509622806,0.0067731566,0.024575916544603345,0.176,-0.15142408345539665,Low Potential
21.94,79.425,0.06770462837465917,0.010847154,0.03927589122403818,0.3165,-0.2772241087759618,Low Potential
21.94,79.44,0.0811174603174603,0.0048700417,0.04299375102832794,0.2585,-0.21550624897167206,Low Potential
21.94,79.455,0.019008333333333332,0.00042976998,0.00971905165563027,0.3281,-0.31838094834436975,Low Potential
21.94,79.47,0.05332261904761905,0.0015088876,0.02741575333599356,0.2868,-0.25938424666400645,Low Potential
21.94,79.485,0.15545586215470114,0.016172238,0.0858140499244823,0.1932,-0.10738595007551771,Low Potential
21.94,79.5,0.03346746031746032,0.0016182432,0.017542851744646887,0.2419,-0.2243571482553531,Low Potential
21.94,79.515,0.041100000000000005,0.0011362886,0.021118144314456733,0.1818,-0.16068185568554325,Low Potential
21.94,79.53,0.09730579971321658,0.0064887553,0.05189727752928056,0.2312,-0.17930272247071943,Low Potential
21.94,79.545,0.05977222222222223,0.008858677,0.03431544961101479,0.3242,-0.2898845503889852,Low Potential
21.94,79.56,0.024916666666666667,0.0016762735,0.013296470099439224,0.1397,-0.12640352990056078,Low Potential
21.94,79.575,0.07902745840760547,0.0009760551,0.040001756755712645,0.4744,-0.43439824324428733,Low Potential
21.94,79.59,0.02942720797720798,0.00040537262,0.014916290296206553,0.21,-0.19508370970379343,Low Potential
21.94,79.605,0.005875,0.0004454296,0.0031602148070232943,0.2109,-0.2077397851929767,Low Potential
21.94,79.62,0.004,0.0010485307,0.0025242653423920274,0.1444,-0.14187573465760797,Low Potential
21.94,79.635,0.0026923076923076926,0.0007213864,0.001706847046645215,0.1736,-0.17189315295335478,Low Potential
21.94,79.65,0.00775,0.00064885046,0.004199425229337066,0.19,-0.18580057477066295,Low Potential
21.94,79.665,0.007833333333333335,0.0014924791,0.004662906225460272,0.2575,-0.2528370937745397,Low Potential
21.94,79.68,0.002,0.00029622106,0.0011481105282437057,0.1388,-0.1376518894717563,Low Potential
21.94,79.695,0.0171,0.0017210321,0.009410516040120274,0.1577,-0.14828948395987973,Low Potential
21.94,79.71,0.03310308122125595,0.0008153225,0.016959201863748725,0.4607,-0.4437407981362513,Low Potential
21.94,79.725,0.02073333333333333,0.0005433353,0.010638334305693083,0.1262,-0.11556166569430693,Low Potential
21.94,79.74,0.03806413431769469,0.0013917192,0.019727926764759464,0.4022,-0.3824720732352405,Low Potential
21.94,79.755,0.0038461538461538464,0.0005962805,0.002221217173456143,0.2605,-0.2582787828265439,Low Potential
21.94,79.77,0.022559879336349925,0.001538654,0.012049266655385624,0.491,-0.47895073334461435,Low Potential
21.94,79.785,0.0018,0.00087220466,0.0013361023311503231,0.1588,-0.15746389766884966,Low Potential
21.94,79.8,0.1515831286360698,0.0035658977,0.07757451316775764,0.2819,-0.20432548683224233,Low Potential
21.94,79.815,0.05722626783090696,0.0019233971,0.029574832448954955,0.5109,-0.48132516755104504,Low Potential
21.94,79.83,0.017466666666666665,0.0010495106,0.009258088609607269,0.1539,-0.14464191139039273,Low Potential
21.94,79.845,0.0,0.0003722842,0.00018614210421219468,0.2151,-0.21491385789578782,Low Potential
21.94,79.86,0.008,0.0011926857,0.004596342841163278,0.2112,-0.20660365715883672,Low Potential
21.94,79.875,0.004,0.00080364355,0.00240182177326642,0.2341,-0.23169817822673358,Low Potential
21.94,79.89,0.02052857142857143,0.001125468,0.010827019743075861,0.289,-0.2781729802569241,Low Potential
21.94,79.905,0.002833333333333333,0.0024346542,0.0026339937473336857,0.3153,-0.31266600625266633,Low Potential
21.94,79.92,0.0037,0.0023348506,0.003017425303719938,0.2316,-0.22858257469628007,Low Potential
21.94,79.935,0.005523809523809524,0.0017012568,0.003612533183080987,0.3547,-0.35108746681691905,Low Potential
21.94,79.95,0.004,0.0018843908,0.002942195416428149,0.3251,-0.32215780458357185,Low Potential
21.94,79.965,0.04724258499313961,0.00303484,0.025138712549120538,0.6015,-0.5763612874508794,Low Potential
21.94,79.98,0.058730743439566975,0.00048652268,0.02960863305985773,0.3892,-0.35959136694014227,Low Potential
21.94,79.995,0.08830499460775836,0.002588266,0.04544663032444409,0.3821,-0.3366533696755559,Low Potential
21.94,80.01,0.08756666666666668,0.010892865,0.04922976595734557,0.1585,-0.10927023404265443,Low Potential
21.94,80.025,0.008433333333333334,0.00076405716,0.004598695244981597,0.1409,-0.1363013047550184,Low Potential
21.94,80.04,0.0135,0.0025337492,0.00801687460578978,0.2381,-0.23008312539421022,Low Potential
21.94,80.055,0.06447612583494935,0.0006854992,0.03258081252964774,0.252,-0.21941918747035227,Low Potential
21.94,80.07,0.17182048239285078,0.008723883,0.09027218267557187,0.2585,-0.16822781732442815,Low Potential
21.94,80.085,0.006266666666666667,0.00021689139,0.0032417790295750214,0.2056,-0.202358220970425,Low Potential
21.94,80.1,0.07697976749385199,0.0021988917,0.039589329604033635,0.1762,-0.13661067039596636,Low Potential
21.94,80.115,0.03688333333333333,0.0026991821,0.019791257734658816,0.2173,-0.19750874226534118,Low Potential
21.94,80.13,0.1395375786704111,0.0066018943,0.07306973647238255,0.5205,-0.4474302635276174,Low Potential
21.94,80.145,0.014431034482758622,0.00052452734,0.00747778090891621,0.1999,-0.19242221909108378,Low Potential
21.94,80.16,0.09024199134199132,0.0055829156,0.047912453480503506,0.1675,-0.1195875465194965,Low Potential
21.94,80.175,0.15229453214484173,0.001233506,0.07676401908063749,0.2827,-0.20593598091936252,Low Potential
21.94,80.19,0.03457389162561576,0.003116965,0.0188454283433347,0.2574,-0.23855457165666533,Low Potential
21.94,80.205,0.0075,0.00048645312,0.003993226560996845,0.1455,-0.14150677343900314,Low Potential
21.94,80.22,0.0052,0.0016186461,0.003409323042631149,0.3473,-0.34389067695736886,Low Potential
21.94,80.235,0.0014,0.0045494987,0.0029747493349015714,0.5012,-0.49822525066509843,Low Potential
21.94,80.25,0.0015,0.0035342148,0.002517107401974499,0.5335,-0.5309828925980254,Low Potential
21.94,80.265,0.00395,0.0036659043,0.0038079521408304574,0.4655,-0.46169204785916956,Low Potential
21.94,80.28,0.03489252610134963,0.047137477,0.04101500130259933,0.5562,-0.5151849986974006,Low Potential
21.94,80.295,0.02397422077922078,0.003639687,0.01380695393237249,0.2652,-0.2513930460676275,Low Potential
21.94,80.31,0.001,0.00660287,0.0038014349173754454,0.4071,-0.40329856508262457,Low Potential
21.94,80.325,0.042956350986142255,0.05604009,0.04949822028178935,0.3619,-0.31240177971821065,Low Potential
21.94,80.34,0.011200952380952381,0.006791308,0.00899613021875776,0.4103,-0.4013038697812422,Low Potential
21.94,80.355,0.014954710144927535,0.0065789395,0.01076682482306184,0.5492,-0.5384331751769382,Low Potential
21.94,80.37,0.044883867322511886,0.061969355,0.05342661103561889,0.5979,-0.5444733889643811,Low Potential
21.94,80.385,0.07319732103210878,0.008969753,0.0410835370407114,0.2886,-0.2475164629592886,Low Potential
21.94,80.4,0.0551913889073416,0.041907832,0.048549610466911614,0.4105,-0.36195038953308833,Low Potential
21.94,80.415,0.0970161570797956,0.12011158,0.10856386714630306,0.2628,-0.15423613285369692,Low Potential
21.94,80.43,0.021016666666666666,0.0030577164,0.012037191540499528,0.2021,-0.19006280845950047,Low Potential
21.94,80.445,0.1727975337961271,0.32168218,0.2472398593653716,0.5268,-0.2795601406346284,Low Potential
21.94,80.46,0.12393438135938135,0.0069207638,0.06542757255823059,0.6358,-0.5703724274417694,Low Potential
21.94,80.475,0.22879160939634685,0.08571354,0.15725257619709196,0.5071,-0.349847423802908,Low Potential
21.94,80.49,0.0880487554112554,0.027129326,0.057589040713483114,0.2849,-0.22731095928651687,Low Potential
21.955,79.2,0.049936783315098036,0.007679086,0.02880793474681961,0.2884,-0.2595920652531804,Low Potential
21.955,79.215,0.0023888888888888887,0.0009800461,0.001684467500489619,0.4127,-0.4110155324995104,Low Potential
21.955,79.23,0.04757558479532164,0.0005242135,0.024049899137343896,0.3988,-0.3747501008626561,Low Potential
21.955,79.245,0.004,0.00039996562,0.0021999828091356904,0.2656,-0.2634000171908643,Low Potential
21.955,79.26,0.12418646464646463,0.007457081,0.06582177293747964,0.1949,-0.12907822706252037,Low Potential
21.955,79.275,0.01992857142857143,0.0009496545,0.010439112961957498,0.1684,-0.1579608870380425,Low Potential
21.955,79.29,0.0,0.00033312218,0.00016656109073664993,0.1408,-0.14063343890926336,Low Potential
21.955,79.305,0.040563468437307446,0.0023987417,0.02148110505083619,0.2252,-0.20371889494916381,Low Potential
21.955,79.32,0.025,0.0003001627,0.012650081352330745,0.1844,-0.17174991864766925,Low Potential
21.955,79.335,0.005,0.0003184094,0.0026592047046869994,0.2915,-0.288840795295313,Low Potential
21.955,79.35,0.04804304432571477,0.0041387393,0.02609089181982252,0.1885,-0.16240910818017748,Low Potential
21.955,79.365,0.03346111233967271,0.0011353197,0.017298216021931302,0.4753,-0.4580017839780687,Low Potential
21.955,79.38,0.038303886593656425,0.0018640362,0.020083961394783946,0.2118,-0.19171603860521605,Low Potential
21.955,79.395,0.027608068362480125,0.0007109003,0.01415948432667465,0.3884,-0.3742405156733254,Low Potential
21.955,79.41,0.013846153846153847,0.0007336942,0.007289924012103047,0.2026,-0.19531007598789696,Low Potential
21.955,79.425,0.01103076923076923,0.0005638505,0.005797309870351678,0.3413,-0.33550269012964834,Low Potential
21.955,79.44,0.0329017094017094,0.0026500986,0.017775904022021873,0.4736,-0.4558240959779781,Low Potential
21.955,79.455,0.1120703038791274,0.014544523,0.06330741360010977,0.1888,-0.12549258639989022,Low Potential
21.955,79.47,0.021486970545794078,0.00192964,0.01170830525042266,0.2138,-0.20209169474957733,Low Potential
21.955,79.485,0.03046016124398478,0.001397657,0.0159289091096494,0.365,-0.3490710908903506,Low Potential
21.955,79.5,0.08637486467780583,0.0016509952,0.04401292995172572,0.3424,-0.29838707004827425,Low Potential
21.955,79.515,0.0457158559968023,0.005517502,0.02561667892324172,0.1677,-0.14208332107675828,Low Potential
21.955,79.53,0.030934126984126988,0.0014369786,0.016185552781347246,0.2226,-0.20641444721865274,Low Potential
21.955,79.545,0.04059939431913116,0.0027445052,0.021671949750519885,0.1694,-0.1477280502494801,Low Potential
21.955,79.56,0.012249999999999999,0.0009800461,0.006615023056045174,0.1854,-0.17878497694395484,Low Potential
21.955,79.575,0.037199019607843144,0.0018289352,0.01951397741899698,0.5094,-0.489886022581003,Low Potential
21.955,79.59,0.0637845725743424,0.004195371,0.03398997187569495,0.1808,-0.14681002812430505,Low Potential
21.955,79.605,0.007708333333333333,0.0006379791,0.004173156202693159,0.1654,-0.16122684379730684,Low Potential
21.955,79.62,0.00375,0.00063628674,0.0021931433712597936,0.1706,-0.16840685662874022,Low Potential
21.955,79.635,0.004,0.0008939186,0.0024469593113753945,0.166,-0.1635530406886246,Low Potential
21.955,79.65,0.014490476190476189,0.0012784335,0.007884454836785083,0.1881,-0.18021554516321492,Low Potential
21.955,79.665,0.03704953853336206,0.0020530939,0.01955131619850661,0.2555,-0.2359486838014934,Low Potential
21.955,79.68,0.1490880964666568,0.0023004485,0.07569427247475648,0.2432,-0.1675057275252435,Low Potential
21.955,79.695,0.0,0.000297161,0.00014858049689792097,0.1448,-0.1446514195031021,Low Potential
21.955,79.71,0.0,0.0010206978,0.0005103488801978528,0.1591,-0.15858965111980214,Low Potential
21.955,79.725,0.0,0.0003358731,0.0001679365523159504,0.1369,-0.13673206344768404,Low Potential
21.955,79.74,0.00786969696969697,0.00070341787,0.004286557420189351,0.1669,-0.16261344257981064,Low Potential
21.955,79.755,0.03350164721759149,0.00097433024,0.01723798872689773,0.1935,-0.1762620112731023,Low Potential
21.955,79.77,0.04244304432571476,0.0033661646,0.022904604477996852,0.1915,-0.16859539552200314,Low Potential
21.955,79.785,0.02372222222222222,0.0010217465,0.012371984384126133,0.1811,-0.1687280156158739,Low Potential
21.955,79.8,0.0031333333333333335,0.00039453837,0.0017639358492024864,0.5028,-0.5010360641507975,Low Potential
21.955,79.815,0.011866666666666668,0.00085325947,0.006359963066161921,0.2616,-0.25524003693383807,Low Potential
21.955,79.83,0.00965359477124183,0.0014089744,0.0055312845892412895,0.3692,-0.3636687154107587,Low Potential
21.955,79.845,0.0,0.00031053709,0.00015526854258496314,0.1586,-0.15844473145741503,Low Potential
21.955,79.86,0.013666666666666667,0.004032794,0.008849730293576916,0.2629,-0.2540502697064231,Low Potential
21.955,79.875,0.0175,0.0022029297,0.009851464848034085,0.256,-0.2461485351519659,Low Potential
21.955,79.89,0.0,0.0012112291,0.0006056145648472011,0.2632,-0.2625943854351528,Low Potential
21.955,79.905,0.005666666666666667,0.0008333875,0.003250027076651653,0.3161,-0.3128499729233483,Low Potential
21.955,79.92,0.0,0.0012112291,0.0006056145648472011,0.2077,-0.2070943854351528,Low Potential
21.955,79.935,0.00984,0.0007406457,0.005290322843082249,0.2028,-0.19750967715691775,Low Potential
21.955,79.95,0.0013333333333333333,0.0006017376,0.000967535459358866,0.1959,-0.19493246454064111,Low Potential
21.955,79.965,0.0,0.00067625585,0.00033812792389653623,0.1711,-0.17076187207610347,Low Potential
21.955,79.98,0.04133541099423452,0.007771144,0.024553277574823715,0.2075,-0.1829467224251763,Low Potential
21.955,79.995,0.0235,0.0012118032,0.012355901586823165,0.4012,-0.38884409841317685,Low Potential
21.955,80.01,0.008928070175438597,0.0010006297,0.004964349956705905,0.1279,-0.12293565004329411,Low Potential
21.955,80.025,0.023813283208020054,0.0018809062,0.012847094690524053,0.1389,-0.12605290530947594,Low Potential
21.955,80.04,0.022350000000000002,0.0011064142,0.011728207122720779,0.149,-0.13727179287727923,Low Potential
21.955,80.055,0.05936134453781512,0.0006337726,0.029997558558418437,0.1751,-0.14510244144158158,Low Potential
21.955,80.07,0.10691674876847289,0.011524759,0.05922075400073539,0.2285,-0.1692792459992646,Low Potential
21.955,80.085,0.11629047619047618,0.009222763,0.06275661942483413,0.1756,-0.11284338057516588,Low Potential
21.955,80.1,0.04950169654906497,0.0019660457,0.02573387112640195,0.1238,-0.09806612887359804,Low Potential
21.955,80.115,0.06815187969924813,0.00113584,0.034643859831755636,0.1557,-0.12105614016824437,Low Potential
21.955,80.13,0.09219047619047618,0.0077926167,0.049991546459584715,0.1639,-0.11390845354041527,Low Potential
21.955,80.145,0.11272402585231531,0.0056756097,0.059199817770760596,0.2513,-0.1921001822292394,Low Potential
21.955,80.16,0.007416666666666667,0.00056517794,0.003990922301153963,0.4333,-0.4293090776988461,Low Potential
21.955,80.175,0.001,0.0009028586,0.0009514293104875833,0.3294,-0.32844857068951244,Low Potential
21.955,80.19,0.05881783681214421,0.017293684,0.038055760498347725,0.1736,-0.13554423950165229,Low Potential
21.955,80.205,0.0025,0.0016186461,0.0020593230426311495,0.523,-0.5209406769573689,Low Potential
21.955,80.22,0.02058546237190305,0.00090388936,0.010744675867068836,0.5004,-0.4896553241329311,Low Potential
21.955,80.235,0.03371119499271041,0.0052143224,0.019462758675540117,0.504,-0.4845372413244599,Low Potential
21.955,80.25,0.00195,0.0017069465,0.0018284732623957097,0.5459,-0.5440715267376044,Low Potential
21.955,80.265,0.0025,0.0035342148,0.0030171074019744995,0.5322,-0.5291828925980255,Low Potential
21.955,80.28,0.15024903322433913,0.06707377,0.10866140154587967,0.1775,-0.06883859845412033,Low Potential
21.955,80.295,0.013150952380952381,0.0055581764,0.009354564406378638,0.5636,-0.5542454355936214,Low Potential
21.955,80.31,0.006761727688787186,0.0066981404,0.006729934048815471,0.5715,-0.5647700659511845,Low Potential
21.955,80.325,0.00867741935483871,0.00510705,0.006892234592548301,0.212,-0.20510776540745168,Low Potential
21.955,80.34,0.01510178991700731,0.011031509,0.013066649647034814,0.4513,-0.4382333503529652,Low Potential
21.955,80.355,0.0637809220398568,0.016173285,0.039977103270347064,0.3763,-0.336322896729653,Low Potential
21.955,80.37,0.022108974358974357,0.0015842937,0.011846634014497677,0.247,-0.23515336598550232,Low Potential
21.955,80.385,0.022416666666666665,0.0045142993,0.013465482999881108,0.2613,-0.24783451700011888,Low Potential
21.955,80.4,0.18194772258185568,0.13383505,0.15789138503264993,0.5508,-0.39290861496735,Low Potential
21.955,80.415,0.5219398547386032,0.9207564,0.7213481271850517,0.5633,0.15804812718505168,High Potential
21.955,80.43,0.1720958834071263,0.063134894,0.11761538859105629,0.2605,-0.1428846114089437,Low Potential
21.955,80.445,0.10111867151073302,0.017334322,0.059226496512252515,0.2792,-0.2199735034877475,Low Potential
21.955,80.46,0.21433040801983794,0.0426819,0.12850615347078304,0.1655,-0.03699384652921697,Low Potential
21.955,80.475,0.40971403796021516,0.17317215,0.29144309202106977,0.3267,-0.03525690797893022,Low Potential
21.955,80.49,0.25471475820722184,0.04954989,0.15213232351333897,0.4899,-0.33776767648666106,Low Potential
21.97,79.2,0.06433176741559093,0.002421356,0.03337656172735634,0.3464,-0.3130234382726437,Low Potential
21.97,79.215,0.01709523809523809,0.0023520095,0.009723623811311663,0.2974,-0.28767637618868835,Low Potential
21.97,79.23,0.0731572790672333,0.0041066147,0.038631946902968034,0.4351,-0.3964680530970319,Low Potential
21.97,79.245,0.08357012072894425,0.010449301,0.04700971109019444,0.252,-0.20499028890980556,Low Potential
21.97,79.26,0.18328761603053795,0.008257993,0.09577280429808491,0.369,-0.2732271957019151,Low Potential
21.97,79.275,0.03719653422772618,0.00093888544,0.019067709832758243,0.5144,-0.49533229016724173,Low Potential
21.97,79.29,0.039076967107913405,0.0024450214,0.02076099425965871,0.1474,-0.1266390057403413,Low Potential
21.97,79.305,0.046270005613581466,0.002664642,0.02446732377820518,0.3743,-0.3498326762217948,Low Potential
21.97,79.32,0.005,0.00087231636,0.0029361581814009697,0.2192,-0.21626384181859903,Low Potential
21.97,79.335,0.147665239662672,0.001568203,0.07461672131987036,0.1634,-0.08878327868012963,Low Potential
21.97,79.35,0.053840080018394736,0.0079155555,0.030877817758944406,0.2159,-0.1850221822410556,Low Potential
21.97,79.365,0.03413252266346896,0.0064966753,0.020314598987994016,0.1685,-0.148185401012006,Low Potential
21.97,79.38,0.0095,0.0005199711,0.005009985536104068,0.1632,-0.15819001446389594,Low Potential
21.97,79.395,0.027107993966817494,0.001547539,0.014327766495715646,0.3218,-0.3074722335042843,Low Potential
21.97,79.41,0.015184615384615383,0.00064124126,0.007912928323408302,0.4427,-0.4347870716765917,Low Potential
21.97,79.425,0.001875,0.0006095852,0.0012422926002182066,0.2377,-0.23645770739978178,Low Potential
21.97,79.44,0.042893084899276845,0.0019424149,0.022417749903042045,0.3015,-0.279082250096958,Low Potential
21.97,79.455,0.03484089068825911,0.0039153965,0.019378143603632204,0.3256,-0.3062218563963678,Low Potential
21.97,79.47,0.02472280701754386,0.00074383436,0.01273332068879043,0.2153,-0.20256667931120956,Low Potential
21.97,79.485,0.06540486698581327,0.0019936857,0.03369927635687614,0.1937,-0.16000072364312387,Low Potential
21.97,79.5,0.0750199095408773,0.0020526757,0.038536292620346226,0.1432,-0.10466370737965378,Low Potential
21.97,79.515,0.01563888888888889,0.001125468,0.008382178473234591,0.3171,-0.3087178215267654,Low Potential
21.97,79.53,0.07904129122511475,0.004255854,0.041648572642062745,0.1526,-0.11095142735793727,Low Potential
21.97,79.545,0.018430555555555554,0.0017210321,0.010075793817898051,0.167,-0.15692420618210196,Low Potential
21.97,79.56,0.06845971099238142,0.0030729559,0.03576633343541644,0.1805,-0.14473366656458356,Low Potential
21.97,79.575,0.048862820512820516,0.0014589563,0.02516088839537488,0.3745,-0.3493391116046251,Low Potential
21.97,79.59,0.041529949874686715,0.0015211485,0.0215255491803748,0.1567,-0.1351744508196252,Low Potential
21.97,79.605,0.03510325670498084,0.0004987524,0.01780100455286277,0.4498,-0.4319989954471372,Low Potential
21.97,79.62,0.03963333333333333,0.0014530628,0.020543198042797545,0.176,-0.15545680195720243,Low Potential
21.97,79.635,0.012,0.0020745983,0.007037299167364836,0.2554,-0.24836270083263517,Low Potential
21.97,79.65,0.002,0.0006669517,0.0013334758512210101,0.2322,-0.23086652414877898,Low Potential
21.97,79.665,0.00975,0.00035171746,0.005050858731381595,0.2324,-0.2273491412686184,Low Potential
21.97,79.68,0.0015,0.0003514875,0.0009257437566993758,0.1795,-0.17857425624330062,Low Potential
21.97,79.695,0.038636576207543946,0.0031096782,0.020873127183971572,0.1929,-0.1720268728160284,Low Potential
21.97,79.71,0.0127,0.00087582355,0.006787911774497479,0.1447,-0.13791208822550252,Low Potential
21.97,79.725,0.0163,0.0014129874,0.008856493679899722,0.1702,-0.16134350632010028,Low Potential
21.97,79.74,0.0062,0.0009800461,0.0035900230560451745,0.1463,-0.14270997694395485,Low Potential
21.97,79.755,0.043594041252864785,0.0006759569,0.022134999073055703,0.183,-0.16086500092694428,Low Potential
21.97,79.77,0.007459259259259259,0.00030235562,0.003880807439669001,0.2205,-0.216619192560331,Low Potential
21.97,79.785,0.027307142857142856,0.00055420253,0.013930672694536458,0.4037,-0.38976932730546354,Low Potential
21.97,79.8,0.017255555555555555,0.001241121,0.009248338265510069,0.2442,-0.23495166173448992,Low Potential
21.97,79.815,0.0,0.0008282788,0.0004141393874306232,0.1435,-0.14308586061256937,Low Potential
21.97,79.83,0.02221982425077054,0.0010082999,0.01161406206431882,0.1619,-0.15028593793568118,Low Potential
21.97,79.845,0.0,0.00064885046,0.0003244252293370664,0.1968,-0.19647557477066294,Low Potential
21.97,79.86,0.009789473684210527,0.0002898346,0.005039654141727002,0.1734,-0.168360345858273,Low Potential
21.97,79.875,0.001764705882352941,0.0007088265,0.0012367662044433765,0.3068,-0.30556323379555667,Low Potential
21.97,79.89,0.03536229049325823,0.00073894876,0.01805061962574206,0.245,-0.22694938037425794,Low Potential
21.97,79.905,0.0,0.00033976985,0.00016988492279779166,0.219,-0.2188301150772022,Low Potential
21.97,79.92,0.013264771460423635,0.0011733153,0.007219043398675703,0.2641,-0.2568809566013243,Low Potential
21.97,79.935,0.0037333333333333333,0.00064885046,0.002191091896003733,0.2237,-0.2215089081039963,Low Potential
21.97,79.95,0.007733333333333333,0.00064353744,0.004188435385671134,0.1847,-0.18051156461432888,Low Potential
21.97,79.965,0.002,0.0015768718,0.0017884359220042825,0.2833,-0.2815115640779957,Low Potential
21.97,79.98,0.010899999999999998,0.0025887708,0.006744385408982634,0.1837,-0.17695561459101736,Low Potential
21.97,79.995,0.0038,0.00048451044,0.0021422552206553517,0.3305,-0.32835774477934465,Low Potential
21.97,80.01,0.0018888888888888887,0.0013791609,0.0016340248989355232,0.3474,-0.34576597510106444,Low Potential
21.97,80.025,0.01601071910545595,0.0021251796,0.009067949366683103,0.2756,-0.2665320506333169,Low Potential
21.97,80.04,0.0134,0.0005473269,0.0069736634633038195,0.1718,-0.16482633653669618,Low Potential
21.97,80.055,0.005333333333333333,0.00027418372,0.0028037585283551985,0.1958,-0.1929962414716448,Low Potential
21.97,80.07,0.02331746031746032,0.0015365259,0.012426993109899323,0.3066,-0.2941730068901007,Low Potential
21.97,80.085,0.01943333333333333,0.00065359625,0.01004346478950853,0.1281,-0.11805653521049146,Low Potential
21.97,80.1,0.03966666666666667,0.00023874946,0.019952708063608347,0.1386,-0.11864729193639165,Low Potential
21.97,80.115,0.05418791208791209,0.002972991,0.028580451530416672,0.1444,-0.11581954846958332,Low Potential
21.97,80.13,0.026748448043184887,0.00070536794,0.013726907993461272,0.4464,-0.43267309200653875,Low Potential
21.97,80.145,0.043356675508399646,0.0009022932,0.02212948435007835,0.3489,-0.32677051564992166,Low Potential
21.97,80.16,0.06486934247383164,0.0017749699,0.03332215616690584,0.6197,-0.5863778438330942,Low Potential
21.97,80.175,0.001,0.0007846387,0.0008923193435184658,0.144,-0.14310768065648152,Low Potential
21.97,80.19,0.004,0.0011867699,0.002593384960666299,0.2737,-0.2711066150393337,Low Potential
21.97,80.205,0.03638333333333334,0.0100381235,0.023210728399703902,0.3443,-0.3210892716002961,Low Potential
21.97,80.22,0.008703030303030303,0.0012393703,0.004971200312442626,0.3387,-0.33372879968755736,Low Potential
21.97,80.235,0.013893456583673974,0.0009514862,0.0074224713788455824,0.2213,-0.21387752862115442,Low Potential
21.97,80.25,0.013249407114624507,0.001602294,0.007425850577268515,0.5615,-0.5540741494227315,Low Potential
21.97,80.265,0.14255614623918228,0.009415449,0.07598579744122472,0.2868,-0.21081420255877528,Low Potential
21.97,80.28,0.0019130434782608696,0.0058896393,0.003901341368322787,0.5445,-0.5405986586316772,Low Potential
21.97,80.295,0.0035,0.0031365976,0.0033182987868785856,0.4798,-0.47648170121312144,Low Potential
21.97,80.31,0.027868716577540104,0.03436148,0.03111509912205252,0.2691,-0.2379849008779475,Low Potential
21.97,80.325,0.0065,0.0031365976,0.004818298786878585,0.5297,-0.5248817012131214,Low Potential
21.97,80.34,0.0019130434782608696,0.0023655521,0.002139297800017116,0.4012,-0.3990607021999829,Low Potential
21.97,80.355,0.007166666666666666,0.0006906846,0.003928675631138806,0.228,-0.2240713243688612,Low Potential
21.97,80.37,0.011041666666666668,0.00072297966,0.005882323163871965,0.2581,-0.25221767683612806,Low Potential
21.97,80.385,0.04851666666666667,0.0037609877,0.026138827163291477,0.1849,-0.15876117283670854,Low Potential
21.97,80.4,0.027816554760862162,0.0028296125,0.01532308361321875,0.3246,-0.30927691638678123,Low Potential
21.97,80.415,0.11329533820153015,0.03752397,0.07540965410471329,0.5418,-0.46639034589528666,Low Potential
21.97,80.43,0.12184273536957949,0.17725807,0.14955040482658966,0.6119,-0.46234959517341034,Low Potential
21.97,80.445,0.0268511055369751,0.001999887,0.014425496238138593,0.1971,-0.1826745037618614,Low Potential
21.97,80.46,0.9838032003260205,0.996653,0.9902281103539741,0.4353,0.554928110353974,High Potential
21.97,80.475,0.9890531026111088,0.99035406,0.9897035818689088,0.3848,0.6049035818689088,High Potential
21.97,80.49,0.5052248744972591,0.8636996,0.6844622447494688,0.4649,0.21956224474946884,High Potential
21.985,79.2,0.06023716100286559,0.0037694997,0.0320033303591416,0.2863,-0.2542966696408584,Low Potential
21.985,79.215,0.05431268698271778,0.0025851303,0.02844890863036944,0.2138,-0.18535109136963054,Low Potential
21.985,79.23,0.0148,0.0013489582,0.00807447911715135,0.203,-0.19492552088284867,Low Potential
21.985,79.245,0.13378219093906027,0.0016431967,0.067712693809356,0.385,-0.317287306190644,Low Potential
21.985,79.26,0.0,0.000913317,0.00045665851212106645,0.1562,-0.15574334148787894,Low Potential
21.985,79.275,0.10669602709248806,0.004249481,0.055472754055560354,0.512,-0.45652724594443966,Low Potential
21.985,79.29,0.0,0.00031649333,0.00015824666479602456,0.2092,-0.20904175333520397,Low Potential
21.985,79.305,0.0085,0.0013122183,0.004906109128613025,0.1903,-0.18539389087138697,Low Potential
21.985,79.32,0.04776071493902966,0.0044407984,0.026100756681606992,0.1814,-0.155299243318393,Low Potential
21.985,79.335,0.002,0.00038162485,0.0011908124249894172,0.3375,-0.3363091875750106,Low Potential
21.985,79.35,0.036101298701298704,0.0067715175,0.021436408076575632,0.3444,-0.32296359192342433,Low Potential
21.985,79.365,0.03893663003663004,0.008480759,0.02370869468708724,0.17,-0.14629130531291276,Low Potential
21.985,79.38,0.031058547710271847,0.0016923001,0.016375423895296788,0.167,-0.15062457610470323,Low Potential
21.985,79.395,0.08379683959831019,0.003609465,0.043703152283898095,0.3602,-0.3164968477161019,Low Potential
21.985,79.41,0.0741786765096228,0.010034831,0.042106753875198,0.27,-0.22789324612480202,Low Potential
21.985,79.425,0.008674999999999999,0.0012187354,0.004946867678407579,0.1711,-0.16615313232159243,Low Potential
21.985,79.44,0.007083333333333333,0.0006791652,0.003881249258217091,0.2159,-0.21201875074178292,Low Potential
21.985,79.455,0.00725,0.0014115061,0.004330753045622259,0.3255,-0.32116924695437776,Low Potential
21.985,79.47,0.01225,0.00067625585,0.0064631279238965365,0.2112,-0.20473687207610347,Low Potential
21.985,79.485,0.007857142857142858,0.0037199464,0.005788544613335814,0.369,-0.36321145538666416,Low Potential
21.985,79.5,0.01075,0.0008333875,0.005791693743318319,0.192,-0.1862083062566817,Low Potential
21.985,79.515,0.07324532163742689,0.002618052,0.03793168685139968,0.3716,-0.3336683131486003,Low Potential
21.985,79.53,0.12764416650600857,0.0024254196,0.065034793069177,0.3666,-0.301565206930823,Low Potential
21.985,79.545,0.005,0.0011706979,0.0030853489274159074,0.2493,-0.24621465107258408,Low Potential
21.985,79.56,0.01225,0.0005959129,0.006422956459689886,0.1559,-0.14947704354031013,Low Potential
21.985,79.575,0.027505555555555554,0.0016486447,0.014577100119719074,0.2617,-0.2471228998802809,Low Potential
21.985,79.59,0.007,0.0009099048,0.0039549523873720314,0.1525,-0.14854504761262796,Low Potential
21.985,79.605,0.0479269671079134,0.0017460438,0.024836505451816572,0.1787,-0.15386349454818343,Low Potential
21.985,79.62,0.03518333333333333,0.00059468084,0.017889007085577273,0.4178,-0.3999109929144227,Low Potential
21.985,79.635,0.01225,0.0006046532,0.006427326603559777,0.2114,-0.20497267339644024,Low Potential
21.985,79.65,0.006416666666666666,0.001766622,0.0040916443083745735,0.1709,-0.16680835569162542,Low Potential
21.985,79.665,0.08292287406752014,0.0047978596,0.043860366825285074,0.153,-0.10913963317471492,Low Potential
21.985,79.68,0.08341750700280112,0.0018317698,0.04262463841481155,0.295,-0.2523753615851884,Low Potential
21.985,79.695,0.004,0.0007818495,0.00239092474617064,0.2476,-0.24520907525382934,Low Potential
21.985,79.71,0.028919658119658125,0.0012083396,0.01506399885232473,0.3073,-0.2922360011476753,Low Potential
21.985,79.725,0.0013333333333333333,0.00087582355,0.0011045784411641457,0.1414,-0.14029542155883584,Low Potential
21.985,79.74,0.010533333333333336,0.0004488957,0.005491114519482169,0.1513,-0.14580888548051782,Low Potential
21.985,79.755,0.06422626783090694,0.0023598988,0.03329308329591087,0.4853,-0.45200691670408916,Low Potential
21.985,79.77,0.07428104008134967,0.0025409767,0.03841100841088477,0.2462,-0.20778899158911524,Low Potential
21.985,79.785,0.0,0.0003621774,0.0001810887042665854,0.1815,-0.1813189112957334,Low Potential
21.985,79.8,0.07814467787114845,0.002472442,0.040308559990143114,0.2039,-0.16359144000985687,Low Potential
21.985,79.815,0.0025,0.0005034102,0.001501705088885501,0.1493,-0.1477982949111145,Low Potential
21.985,79.83,0.17427955276577567,0.006462385,0.09037096885620999,0.2286,-0.13822903114379,Low Potential
21.985,79.845,0.009857142857142858,0.00037967222,0.0051184075364643445,0.3209,-0.31578159246353565,Low Potential
21.985,79.86,0.00365359477124183,0.0009003978,0.002276996273468279,0.3329,-0.3306230037265317,Low Potential
21.985,79.875,0.033787114845938375,0.001433625,0.017610369924165006,0.467,-0.44938963007583504,Low Potential
21.985,79.89,0.028939495798319326,0.0007545542,0.014847024986114227,0.3868,-0.37195297501388574,Low Potential
21.985,79.905,0.05226911463149854,0.0007149404,0.02649202752895203,0.4706,-0.444107972471048,Low Potential
21.985,79.92,0.0,0.00031662552,0.0001583127595949918,0.225,-0.224841687240405,Low Potential
21.985,79.935,0.0013333333333333333,0.0006280135,0.0009806734231921532,0.194,-0.19301932657680784,Low Potential
21.985,79.95,0.006,0.0011198982,0.0035599490832537413,0.2307,-0.22714005091674624,Low Potential
21.985,79.965,0.005933333333333334,0.0010117332,0.0034725332659358782,0.2331,-0.22962746673406412,Low Potential
21.985,79.98,0.0,0.0003266319,0.0001633159554330632,0.1488,-0.14863668404456692,Low Potential
21.985,79.995,0.004833333333333333,0.0007818495,0.0028075914128373063,0.169,-0.1661924085871627,Low Potential
21.985,80.01,0.02676666666666666,0.0024187681,0.014592717396592098,0.2009,-0.1863072826034079,Low Potential
21.985,80.025,0.03726666666666667,0.00088310766,0.01907488716117417,0.134,-0.11492511283882584,Low Potential
21.985,80.04,0.0036,0.0005233375,0.0020616687561385333,0.3078,-0.30573833124386146,Low Potential
21.985,80.055,0.015966666666666664,0.0014718313,0.008719249006764341,0.1715,-0.16278075099323566,Low Potential
21.985,80.07,0.0087,0.00022934921,0.004464674607175402,0.301,-0.29653532539282457,Low Potential
21.985,80.085,0.07389047619047619,0.00523006,0.03956026801885593,0.1598,-0.12023973198114407,Low Potential
21.985,80.1,0.0744238095238095,0.0035060598,0.03896493464108733,0.1441,-0.10513506535891268,Low Potential
21.985,80.115,0.010499999999999999,0.0009685576,0.005734278803924098,0.2514,-0.2456657211960759,Low Potential
21.985,80.13,0.14051184020939306,0.0012111542,0.0708614971838101,0.3692,-0.2983385028161899,Low Potential
21.985,80.145,0.009,0.0004507311,0.004725365554797463,0.1899,-0.18517463444520255,Low Potential
21.985,80.16,0.14571678269271146,0.0050632213,0.07539000200847333,0.2588,-0.18340999799152663,Low Potential
21.985,80.175,0.0,0.0012677853,0.0006338926614262164,0.2461,-0.2454661073385738,Low Potential
21.985,80.19,0.0064,0.0015340794,0.003967039717175066,0.2901,-0.286132960282825,Low Potential
21.985,80.205,0.021317836812144216,0.0011810282,0.011249432506694494,0.2556,-0.2443505674933055,Low Potential
21.985,80.22,0.007499999999999999,0.00072297966,0.00411148983053863,0.2084,-0.20428851016946137,Low Potential
21.985,80.235,0.0962208558306436,0.001178877,0.04869986639657817,0.2682,-0.21950013360342183,Low Potential
21.985,80.25,0.0031666666666666666,0.00084799435,0.002007330508281787,0.5536,-0.5515926694917181,Low Potential
21.985,80.265,0.030833333333333334,0.0028447257,0.016839029534409446,0.3114,-0.29456097046559054,Low Potential
21.985,80.28,0.029860503748470768,0.0128590325,0.021359768118915073,0.358,-0.33664023188108494,Low Potential
21.985,80.295,0.026496827176618446,0.014529509,0.02051316785758131,0.4164,-0.3958868321424187,Low Potential
21.985,80.31,0.023333333333333334,0.003856979,0.013595156205507617,0.2246,-0.21100484379449239,Low Potential
21.985,80.325,0.10329355533078063,0.006847126,0.05507034063726539,0.2239,-0.16882965936273459,Low Potential
21.985,80.34,0.016572943763161156,0.0011991503,0.008886047052362041,0.2151,-0.20621395294763797,Low Potential
21.985,80.355,0.030923017652808922,0.009481037,0.020202027344196686,0.3221,-0.3018979726558033,Low Potential
21.985,80.37,0.0295530303030303,0.0016886378,0.015620834036871338,0.2651,-0.24947916596312866,Low Potential
21.985,80.385,0.029917857142857142,0.0007006186,0.015309237874458943,0.1879,-0.17259076212554106,Low Potential
21.985,80.4,0.019723998044965784,0.0008982654,0.010311131720605304,0.1921,-0.1817888682793947,Low Potential
21.985,80.415,0.17996998603978517,0.0048164106,0.09239319831859948,0.2058,-0.11340680168140053,Low Potential
21.985,80.43,0.18302329541687976,0.016268827,0.09964606121900087,0.3917,-0.2920539387809991,Low Potential
21.985,80.445,0.487693889275051,0.15221329,0.3199535898043994,0.297,0.022953589804399432,Low Potential
21.985,80.46,0.1715965941564306,0.11428063,0.14293861389239948,0.2411,-0.09816138610760053,Low Potential
21.985,80.475,0.030273573200992554,0.0078940755,0.01908382433831285,0.2146,-0.19551617566168716,Low Potential
21.985,80.49,0.018953060380479735,0.013599986,0.016276523295472585,0.2817,-0.26542347670452743,Low Potential
22.0,79.2,0.048496533652479946,0.005369374,0.02693295385767296,0.3176,-0.290667046142327,Low Potential
22.0,79.215,0.034444444444444444,0.0054908963,0.019967670368237628,0.4046,-0.3846323296317624,Low Potential
22.0,79.23,0.043161409796893674,0.00089745433,0.022029432063795665,0.3632,-0.34117056793620437,Low Potential
22.0,79.245,0.0143,0.0011150924,0.0077075462128035725,0.3702,-0.3624924537871964,Low Potential
22.0,79.26,0.025881666666666667,0.0008714595,0.01337656307724615,0.2486,-0.23522343692275383,Low Potential
22.0,79.275,0.10380679206064639,0.0044407984,0.054123795242415354,0.2845,-0.23037620475758464,Low Potential
22.0,79.29,0.023716402116402118,0.0020574273,0.01288691471199648,0.1966,-0.1837130852880035,Low Potential
22.0,79.305,0.06268659706306765,0.007998914,0.03534275576046263,0.1732,-0.13785724423953738,Low Potential
22.0,79.32,0.04245262515262514,0.0018033708,0.022127997963674366,0.3088,-0.28667200203632565,Low Potential
22.0,79.335,0.014555555555555556,0.0017210321,0.008138293817898053,0.3279,-0.319761706182102,Low Potential
22.0,79.35,0.07643555296649926,0.00466913,0.04055234140748974,0.2345,-0.19394765859251023,Low Potential
22.0,79.365,0.08498351109711992,0.0075471196,0.04626531536474162,0.2707,-0.22443468463525837,Low Potential
22.0,79.38,0.03841282051282051,0.0108375605,0.02462519051619829,0.3574,-0.3327748094838017,Low Potential
22.0,79.395,0.05603837061668534,0.00796571,0.032002040315395094,0.2173,-0.18529795968460488,Low Potential
22.0,79.41,0.05241835904930535,0.0051755914,0.02879697524788232,0.2667,-0.23790302475211766,Low Potential
22.0,79.425,0.12605584918177795,0.0009251883,0.0634905187419202,0.311,-0.2475094812580798,Low Potential
22.0,79.44,0.01275,0.0008109501,0.006780475060688331,0.1905,-0.18371952493931168,Low Potential
22.0,79.455,0.0148,0.0010314814,0.007915740714035929,0.3349,-0.32698425928596403,Low Potential
22.0,79.47,0.04730752266346896,0.0024450214,0.024876272037436486,0.1804,-0.15552372796256353,Low Potential
22.0,79.485,0.09173913304654992,0.0044353358,0.048087234399086416,0.2311,-0.1830127656009136,Low Potential
22.0,79.5,0.00375,0.000513898,0.0021319489879533648,0.2654,-0.26326805101204664,Low Potential
22.0,79.515,0.00555,0.0007590841,0.003154542063456029,0.2304,-0.22724545793654397,Low Potential
22.0,79.53,0.007575,0.000705212,0.004140106002707034,0.1634,-0.15925989399729296,Low Potential
22.0,79.545,0.07684085599680229,0.0051181437,0.0409794998707845,0.2013,-0.1603205001292155,Low Potential
22.0,79.56,0.03324808095575139,0.0020006914,0.01762438616246365,0.1756,-0.15797561383753636,Low Potential
22.0,79.575,0.025192145593869737,0.0007078501,0.012949997843445863,0.1948,-0.18185000215655414,Low Potential
22.0,79.59,0.1202128920132096,0.0016823186,0.060947605321918945,0.3611,-0.300152394678081,Low Potential
22.0,79.605,0.09194699744699744,0.008322537,0.05013476719617023,0.2049,-0.15476523280382976,Low Potential
22.0,79.62,0.1321091973244147,0.0024765003,0.06729284883583568,0.5108,-0.44350715116416434,Low Potential
22.0,79.635,0.0158,0.00115964,0.008479820014536382,0.1636,-0.15512017998546362,Low Potential
22.0,79.65,0.01163333333333333,0.0003514371,0.005992385219448866,0.1571,-0.15110761478055112,Low Potential
22.0,79.665,0.004133333333333333,0.0007572035,0.0024452684144644684,0.227,-0.22455473158553554,Low Potential
22.0,79.68,0.036169559700506,0.0055658193,0.020867689515509737,0.2,-0.17913231048449027,Low Potential
22.0,79.695,0.032810300441246734,0.0025353006,0.01767280050170248,0.1938,-0.17612719949829753,Low Potential
22.0,79.71,0.020153157584103874,0.000584816,0.010368986781088229,0.1671,-0.15673101321891178,Low Potential
22.0,79.725,0.02030670163170163,0.0011914847,0.010749093186784109,0.1611,-0.1503509068132159,Low Potential
22.0,79.74,0.004666666666666667,0.0004822118,0.0025744392291720338,0.1658,-0.16322556077082798,Low Potential
22.0,79.755,0.014633333333333333,0.0010446352,0.007838984264309207,0.192,-0.1841610157356908,Low Potential
22.0,79.77,0.002,0.0005999806,0.0012999902935698629,0.1512,-0.14990000970643014,Low Potential
22.0,79.785,0.12358415526681779,0.0055206944,0.06455242484514236,0.2222,-0.15764757515485767,Low Potential
22.0,79.8,0.06598241040005746,0.0022278267,0.034105118571256414,0.3312,-0.2970948814287436,Low Potential
22.0,79.815,0.021077777777777775,0.0008823276,0.010980052696297772,0.154,-0.14301994730370224,Low Potential
22.0,79.83,0.008715686274509802,0.0005826192,0.004649152747729756,0.1632,-0.15855084725227025,Low Potential
22.0,79.845,0.044910364145658264,0.001023312,0.022966838064260458,0.303,-0.2800331619357395,Low Potential
22.0,79.86,0.013459722222222222,0.00044810964,0.006953915931248209,0.3991,-0.3921460840687518,Low Potential
22.0,79.875,0.03367346803952841,0.00035568367,0.017014575857049293,0.3494,-0.3323854241429507,Low Potential
22.0,79.89,0.017571428571428575,0.0018075833,0.009689505917286236,0.4176,-0.4079104940827138,Low Potential
22.0,79.905,0.027522222222222222,0.0016938396,0.014608030889379895,0.1662,-0.1515919691106201,Low Potential
22.0,79.92,0.013857142857142858,0.0021296416,0.00799339222575405,0.2727,-0.26470660777424593,Low Potential
22.0,79.935,0.0,0.00041281426,0.00020640713046304882,0.1822,-0.18199359286953695,Low Potential
22.0,79.95,0.014523809523809524,0.0035644341,0.0090441218249145,0.2907,-0.28165587817508553,Low Potential
22.0,79.965,0.004666666666666666,0.0008646811,0.0027656738779818016,0.2261,-0.2233343261220182,Low Potential
22.0,79.98,0.04790258499313961,0.0030447894,0.025473687208652847,0.5403,-0.5148263127913472,Low Potential
22.0,79.995,0.023395604395604397,0.0013320778,0.012363841087705774,0.1835,-0.17113615891229422,Low Potential
22.0,80.01,0.010266666666666667,0.0006495171,0.005458091888840621,0.4401,-0.4346419081111594,Low Potential
22.0,80.025,0.010694736842105262,0.00052008976,0.0056074132998670005,0.1186,-0.112992586700133,Low Potential
22.0,80.04,0.07466613903954597,0.0036112764,0.0391387077157198,0.5275,-0.48836129228428016,Low Potential
22.0,80.055,0.07419312155662243,0.0024258408,0.03830948118980112,0.4553,-0.4169905188101989,Low Potential
22.0,80.07,0.17596055002681463,0.001252415,0.08860648251736312,0.4137,-0.3250935174826369,Low Potential
22.0,80.085,0.0036,0.00025811887,0.001929059437313117,0.2601,-0.25817094056268686,Low Potential
22.0,80.1,0.06599087860496311,0.00523006,0.035610469226099395,0.1758,-0.14018953077390062,Low Potential
22.0,80.115,0.017433333333333332,0.00025466384,0.008843998587915363,0.4158,-0.40695600141208466,Low Potential
22.0,80.13,0.0135,0.0030323667,0.008266183372586965,0.1424,-0.13413381662741303,Low Potential
22.0,80.145,0.16770888854867178,0.003566013,0.08563745074964293,0.2647,-0.17906254925035706,Low Potential
22.0,80.16,0.00512280701754386,0.00031224202,0.002717524517102886,0.3492,-0.3464824754828971,Low Potential
22.0,80.175,0.0055,0.0011867699,0.0033433849606662987,0.1697,-0.1663566150393337,Low Potential
22.0,80.19,0.0063696969696969705,0.0015563286,0.003963012791969672,0.3419,-0.33793698720803034,Low Potential
22.0,80.205,0.0047,0.0016443289,0.003172164467535913,0.3063,-0.3031278355324641,Low Potential
22.0,80.22,0.020520867115174517,0.0021026386,0.011311752854990356,0.3597,-0.34838824714500966,Low Potential
22.0,80.235,0.047581140902108646,0.008200757,0.02789094905379747,0.2884,-0.2605090509462025,Low Potential
22.0,80.25,0.04532273974516776,0.010996299,0.028159519304825797,0.2355,-0.2073404806951742,Low Potential
22.0,80.265,0.007166666666666667,0.0012246013,0.004195633979359021,0.3608,-0.356604366020641,Low Potential
22.0,80.28,0.0226091927680163,0.009125935,0.015867563840885383,0.5112,-0.4953324361591146,Low Potential
22.0,80.295,0.03851585081585082,0.0019395384,0.020227694608235522,0.1963,-0.1760723053917645,Low Potential
22.0,80.31,0.02694252610134963,0.016808681,0.02187560364568176,0.4084,-0.38652439635431823,Low Potential
22.0,80.325,0.040281471490406257,0.011248267,0.025764869373064866,0.3699,-0.3441351306269351,Low Potential
22.0,80.34,0.23009238007733426,0.011402686,0.12074753310193222,0.2946,-0.17385246689806777,Low Potential
22.0,80.355,0.009369696969696969,0.0009876884,0.005178692699209645,0.3815,-0.3763213073007904,Low Potential
22.0,80.37,0.15424071489006544,0.007872974,0.08105684422940147,0.4572,-0.37614315577059854,Low Potential
22.0,80.385,0.03869283681214422,0.002509867,0.020601351943056137,0.1801,-0.15949864805694386,Low Potential
22.0,80.4,0.0647528222180396,0.0012417998,0.03299731100562288,0.1965,-0.16350268899437714,Low Potential
22.0,80.415,0.0160163887590255,0.0006748552,0.008345621977937007,0.1875,-0.179154378022063,Low Potential
22.0,80.43,0.05661357594509136,0.0022866172,0.029450096561780627,0.1888,-0.15934990343821936,Low Potential
22.0,80.445,0.047596153846153844,0.0008344018,0.02421527782974478,0.2138,-0.1895847221702552,Low Potential
22.0,80.46,0.045381537090360614,0.008000216,0.026690876768588768,0.1964,-0.1697091232314112,Low Potential
22.0,80.475,0.05041074636220664,0.06364887,0.057029809219835845,0.2607,-0.20367019078016413,Low Potential
22.0,80.49,0.1262833117419631,0.07894883,0.10261607239515338,0.4145,-0.3118839276048466,Low Potential
22.015,79.2,0.03897983017579791,0.0028388305,0.020909330319693074,0.2436,-0.22269066968030693,Low Potential
22.015,79.215,0.025629827688651217,0.00192964,0.01377973382185123,0.1991,-0.18532026617814876,Low Potential
22.015,79.23,0.08596610805241638,0.0011338466,0.04354997731856194,0.3966,-0.3530500226814381,Low Potential
22.015,79.245,0.07526862149718187,0.0012332874,0.03825095444282036,0.4343,-0.3960490455571797,Low Potential
22.015,79.26,0.06697462455844808,0.002421356,0.03469799029878491,0.39,-0.3553020097012151,Low Potential
22.015,79.275,0.11387677024539253,0.0015500314,0.05771340080281566,0.3789,-0.32118659919718434,Low Potential
22.015,79.29,0.00776388888888889,0.0010643856,0.00441413726279926,0.3683,-0.36388586273720075,Low Potential
22.015,79.305,0.008403703703703703,0.00055702834,0.004480366021474064,0.1447,-0.14021963397852594,Low Potential
22.015,79.32,0.09300405738052796,0.017004292,0.05500417491941189,0.2831,-0.22809582508058812,Low Potential
22.015,79.335,0.003333333333333333,0.0003884644,0.001860898864494326,0.496,-0.4941391011355057,Low Potential
22.015,79.35,0.02130201106083459,0.0010492172,0.011175614123385729,0.3402,-0.32902438587661426,Low Potential
22.015,79.365,0.008403703703703703,0.00036828054,0.004385992121845656,0.2351,-0.23071400787815435,Low Potential
22.015,79.38,0.004925925925925926,0.00042719324,0.002676559583559908,0.1466,-0.1439234404164401,Low Potential
22.015,79.395,0.04623110264348655,0.002311477,0.02427128980772033,0.3843,-0.36002871019227967,Low Potential
22.015,79.41,0.011800000000000001,0.0005524571,0.006176228558504955,0.4013,-0.395123771441495,Low Potential
22.015,79.425,0.12402170312143994,0.0030061377,0.06351392039805717,0.2843,-0.22078607960194283,Low Potential
22.015,79.44,0.00575,0.00064885046,0.0031994252293370664,0.2007,-0.19750057477066293,Low Potential
22.015,79.455,0.046456414289084716,0.0007241664,0.02359029034397634,0.272,-0.2484097096560237,Low Potential
22.015,79.47,0.04961626984126984,0.0030751622,0.026345716011450287,0.2706,-0.24425428398854973,Low Potential
22.015,79.485,0.0378519671079134,0.0024450214,0.020148494259658707,0.1721,-0.1519515057403413,Low Potential
22.015,79.5,0.00575,0.00064885046,0.0031994252293370664,0.2111,-0.20790057477066295,Low Potential
22.015,79.515,0.03128333333333333,0.00037126456,0.015827298944528834,0.362,-0.34617270105547115,Low Potential
22.015,79.53,0.028999399414169236,0.0014273524,0.015213375921302758,0.1734,-0.15818662407869724,Low Potential
22.015,79.545,0.013416666666666667,0.0011996307,0.007308148668923726,0.2147,-0.20739185133107627,Low Potential
22.015,79.56,0.00975,0.000342487,0.005046243504155427,0.1996,-0.19455375649584458,Low Potential
22.015,79.575,0.0715067947965646,0.0044709155,0.03798885516508342,0.2064,-0.1684111448349166,Low Potential
22.015,79.59,0.02238259259259259,0.000603188,0.011492890298235815,0.2608,-0.24930710970176417,Low Potential
22.015,79.605,0.03228333333333333,0.00047704327,0.016380188302431875,0.2069,-0.19051981169756813,Low Potential
22.015,79.62,0.05834672075726842,0.0005568001,0.0294517604321372,0.424,-0.3945482395678628,Low Potential
22.015,79.635,0.02650729667793043,0.0015406053,0.014023951002988108,0.5158,-0.5017760489970119,Low Potential
22.015,79.65,0.008846153846153847,0.00047742407,0.004661788956100981,0.5411,-0.536438211043899,Low Potential
22.015,79.665,0.002,0.0007436773,0.0013718386578839272,0.3933,-0.39192816134211605,Low Potential
22.015,79.68,0.006033333333333333,0.00083472783,0.003434030583888913,0.1405,-0.1370659694161111,Low Potential
22.015,79.695,0.006289473684210526,0.00027498926,0.0032822314717034858,0.3131,-0.3098177685282965,Low Potential
22.015,79.71,0.007779393939393939,0.00040345962,0.0040914267799115715,0.1679,-0.16380857322008843,Low Potential
22.015,79.725,0.0051428571428571435,0.00032390305,0.0027333800956340776,0.1239,-0.12116661990436592,Low Potential
22.015,79.74,0.1165970772404983,0.0014341131,0.059015595186167176,0.1681,-0.10908440481383283,Low Potential
22.015,79.755,0.011983068783068783,0.00056807155,0.006275570168974686,0.1702,-0.16392442983102531,Low Potential
22.015,79.77,0.08710886556104569,0.003589722,0.04534929382805153,0.5209,-0.4755507061719485,Low Potential
22.015,79.785,0.043131553369028325,0.0030447894,0.023088171396597204,0.3696,-0.3465118286034028,Low Potential
22.015,79.8,0.03975735294117647,0.000675331,0.020216341963722646,0.4079,-0.38768365803627736,Low Potential
22.015,79.815,0.03775714285714286,0.0015704526,0.01966379772194528,0.323,-0.30333620227805475,Low Potential
22.015,79.83,0.02885455720749839,0.0014849876,0.015169772383147696,0.3384,-0.3232302276168523,Low Potential
22.015,79.845,0.021598039215686274,0.0009785015,0.011288270364643312,0.18,-0.1687117296353567,Low Potential
22.015,79.86,0.003833333333333333,0.0004336755,0.0021335044207905106,0.2172,-0.21506649557920948,Low Potential
22.015,79.875,0.03665915032679739,0.00043990373,0.01854952702738141,0.1801,-0.1615504729726186,Low Potential
22.015,79.89,0.024916666666666663,0.0004318622,0.012674264430378872,0.5075,-0.49482573556962106,Low Potential
22.015,79.905,0.02156134453781513,0.0010973425,0.011329343501444,0.3459,-0.334570656498556,Low Potential
22.015,79.92,0.005,0.0019209519,0.0034604759397916496,0.2298,-0.22633952406020835,Low Potential
22.015,79.935,0.0037,0.0016443289,0.002672164467535913,0.3684,-0.3657278355324641,Low Potential
22.015,79.95,0.001,0.0012112291,0.0011056145648472011,0.2477,-0.2465943854351528,Low Potential
22.015,79.965,0.006,0.00082609267,0.0034130463348701597,0.2708,-0.2673869536651298,Low Potential
22.015,79.98,0.008592592592592591,0.0004154306,0.004504011600282629,0.134,-0.12949598839971738,Low Potential
22.015,79.995,0.0119,0.0005110879,0.0062055439423304055,0.1194,-0.1131944560576696,Low Potential
22.015,80.01,0.009723809523809525,0.0009111736,0.00531749155457309,0.3618,-0.3564825084454269,Low Potential
22.015,80.025,0.04112705239802014,0.0038469543,0.02248700335975444,0.1283,-0.10581299664024556,Low Potential
22.015,80.04,0.038151288950127954,0.0028678703,0.02050957960787296,0.2701,-0.24959042039212703,Low Potential
22.015,80.055,0.10224199134199133,0.0032058475,0.05272391940138395,0.1447,-0.09197608059861605,Low Potential
22.015,80.07,0.05127092731829574,0.0036992445,0.027485085891987334,0.1477,-0.12021491410801266,Low Potential
22.015,80.085,0.022884126984126982,0.0011913175,0.012037722218588053,0.3116,-0.2995622777814119,Low Potential
22.015,80.1,0.03565187969924812,0.0033561748,0.019504027248965227,0.1479,-0.1283959727510348,Low Potential
22.015,80.115,0.024657142857142857,0.0023729198,0.013515031335902001,0.2354,-0.221884968664098,Low Potential
22.015,80.13,0.03278178137651822,0.0020453085,0.01741354492455344,0.1605,-0.14308645507544657,Low Potential
22.015,80.145,0.009800000000000001,0.0006554777,0.0052277388459537185,0.1358,-0.1305722611540463,Low Potential
22.015,80.16,0.005475,0.00044615814,0.0029605790705652907,0.2842,-0.2812394209294347,Low Potential
22.015,80.175,0.005366666666666667,0.0015563286,0.003461497640454521,0.249,-0.24553850235954547,Low Potential
22.015,80.19,0.051473918128654976,0.0029017818,0.027187849972345243,0.1731,-0.14591215002765476,Low Potential
22.015,80.205,0.002,0.0007818495,0.00139092474617064,0.2058,-0.20440907525382937,Low Potential
22.015,80.22,0.011857142857142858,0.0038023966,0.00782976972351649,0.3925,-0.3846702302764835,Low Potential
22.015,80.235,0.02441783681214421,0.0016603328,0.013039084797169115,0.2552,-0.24216091520283087,Low Potential
22.015,80.25,0.013784503478810878,0.0011310073,0.00745775540511717,0.3463,-0.3388422445948828,Low Potential
22.015,80.265,0.002833333333333333,0.0006598561,0.0017465947027473399,0.1958,-0.19405340529725265,Low Potential
22.015,80.28,0.010166666666666664,0.0009550319,0.0055608492801741995,0.5452,-0.5396391507198258,Low Potential
22.015,80.295,0.012403030303030305,0.0016186461,0.007010838194146302,0.2837,-0.2766891618058537,Low Potential
22.015,80.31,0.11335332352360734,0.016808681,0.06508100235681061,0.3793,-0.3142189976431894,Low Potential
22.015,80.325,0.027037764196587728,0.0048931823,0.01596547325389739,0.5327,-0.5167345267461025,Low Potential
22.015,80.34,0.31821764760788107,0.023049382,0.17063351505039048,0.1855,-0.014866484949609515,Low Potential
22.015,80.355,0.1690425411190117,0.030078225,0.09956038297839585,0.2982,-0.19863961702160415,Low Potential
22.015,80.37,0.018840664711632454,0.0019252716,0.010382968149073732,0.2193,-0.20891703185092625,Low Potential
22.015,80.385,0.009366666666666666,0.00064139866,0.005004032661191498,0.1698,-0.1647959673388085,Low Potential
22.015,80.4,0.31176436085414416,0.051318746,0.18154155345713857,0.2737,-0.09215844654286143,Low Potential
22.015,80.415,0.2806189623701704,0.06080599,0.17071247683108512,0.2553,-0.08458752316891491,Low Potential
22.015,80.43,0.2873164210058947,0.064404175,0.17586029784568646,0.2349,-0.059039702154313534,Low Potential
22.015,80.445,0.0413401049148927,0.0042214165,0.022780760729530943,0.332,-0.30921923927046907,Low Potential
22.015,80.46,0.03597923823978591,0.006478251,0.021228744598905683,0.3141,-0.2928712554010943,Low Potential
22.015,80.475,0.046048203757027284,0.034936745,0.040492474238385506,0.4706,-0.4301075257616145,Low Potential
22.015,80.49,0.01590091575091575,0.026292203,0.02109655937257158,0.2643,-0.2432034406274284,Low Potential
22.03,79.2,0.04651662895927602,0.0012060319,0.02386133042167139,0.3076,-0.2837386695783286,Low Potential
22.03,79.215,0.10915817434199784,0.02698106,0.06806961690191494,0.2924,-0.22433038309808506,Low Potential
22.03,79.23,0.05361666666666667,0.0051471093,0.02938188797024389,0.269,-0.23961811202975614,Low Potential
22.03,79.245,0.034640476190476194,0.0017460438,0.018193259993097968,0.1941,-0.17590674000690204,Low Potential
22.03,79.26,0.0781382003191466,0.010321681,0.04422994085343455,0.301,-0.2567700591465654,Low Potential
22.03,79.275,0.006848684210526316,0.00083806406,0.0038433741376318626,0.3905,-0.38665662586236815,Low Potential
22.03,79.29,0.001875,0.00031509245,0.0010950462229084223,0.1295,-0.12840495377709157,Low Potential
22.03,79.305,0.024983415435139572,0.0004800512,0.012731733322877678,0.41,-0.3972682666771223,Low Potential
22.03,79.32,0.06099123609486041,0.0029678221,0.03197952911374627,0.3172,-0.2852204708862537,Low Potential
22.03,79.335,0.023390476190476194,0.0035437273,0.013467101761601158,0.274,-0.26053289823839887,Low Potential
22.03,79.35,0.03122564102564103,0.0014507634,0.01633820222944069,0.3858,-0.36946179777055926,Low Potential
22.03,79.365,0.020864102564102566,0.0012751555,0.01106962901228227,0.4572,-0.44613037098771774,Low Potential
22.03,79.38,0.043760940860824764,0.0013992337,0.022580087282628804,0.355,-0.3324199127173712,Low Potential
22.03,79.395,0.04935238095238097,0.007777993,0.0285651870270038,0.3079,-0.2793348129729962,Low Potential
22.03,79.41,0.046731053595527275,0.0019424149,0.02433673425116726,0.3804,-0.35606326574883274,Low Potential
22.03,79.425,0.04892002923976608,0.00052676344,0.024723396340170765,0.4341,-0.4093766036598292,Low Potential
22.03,79.44,0.06844572327434759,0.0015579173,0.03500182030424347,0.2955,-0.2604981796957565,Low Potential
22.03,79.455,0.09667346146323127,0.0156005835,0.05613702248964629,0.1812,-0.12506297751035372,Low Potential
22.03,79.47,0.03430251655846286,0.0044368375,0.01936967703386867,0.2073,-0.18793032296613135,Low Potential
22.03,79.485,0.023559126984126988,0.0010989242,0.01232902559208876,0.281,-0.26867097440791127,Low Potential
22.03,79.5,0.05636712340806768,0.0018317698,0.029099446617444832,0.2456,-0.2165005533825552,Low Potential
22.03,79.515,0.040351967107913396,0.0022787752,0.021315371158737193,0.1843,-0.1629846288412628,Low Potential
22.03,79.53,0.03357427213309566,0.002988187,0.018281229515402814,0.151,-0.13271877048459718,Low Potential
22.03,79.545,0.01813888888888889,0.0012076786,0.009673283733841445,0.2457,-0.23602671626615856,Low Potential
22.03,79.56,0.009119696969696969,0.00064353744,0.0048816172038529514,0.1903,-0.18541838279614706,Low Potential
22.03,79.575,0.010775,0.0006640703,0.005719535153405741,0.1494,-0.14368046484659427,Low Potential
22.03,79.59,0.0349189608636977,0.0010215124,0.017970236649257777,0.2437,-0.2257297633507422,Low Potential
22.03,79.605,0.03348333333333334,0.00056061003,0.017021971682288375,0.4247,-0.40767802831771166,Low Potential
22.03,79.62,0.046462820512820524,0.0008326243,0.023647722419407463,0.3268,-0.3031522775805925,Low Potential
22.03,79.635,0.006,0.0021738303,0.004086915144696832,0.2572,-0.25311308485530315,Low Potential
22.03,79.65,0.0045,0.0005997019,0.002549850944429636,0.1404,-0.13785014905557036,Low Potential
22.03,79.665,0.007536363636363637,0.0011384756,0.00433741962175647,0.1961,-0.19176258037824354,Low Potential
22.03,79.68,0.0008,0.0006920221,0.000746011045621708,0.1243,-0.12355398895437829,Low Potential
22.03,79.695,0.007633333333333333,0.00032236887,0.003977851101212824,0.3409,-0.33692214889878713,Low Potential
22.03,79.71,0.0038823529411764705,0.0009156041,0.0023989785304156077,0.3635,-0.3611010214695844,Low Potential
22.03,79.725,0.21658899108853955,0.011720108,0.11415454947842667,0.3988,-0.2846454505215733,Low Potential
22.03,79.74,0.0782608199420119,0.00131671,0.03978876498400766,0.3745,-0.3347112350159923,Low Potential
22.03,79.755,0.004,0.0004618607,0.002230930352699943,0.2702,-0.26796906964730005,Low Potential
22.03,79.77,0.008190476190476189,0.0019252716,0.005057873888495599,0.4493,-0.4442421261115044,Low Potential
22.03,79.785,0.0,0.0003002397,0.00015011985669843853,0.1866,-0.18644988014330155,Low Potential
22.03,79.8,0.09424250778461304,0.0013361959,0.04778935182000725,0.3088,-0.26101064817999275,Low Potential
22.03,79.815,0.019846153846153847,0.0021989567,0.011022555260059352,0.3191,-0.30807744473994064,Low Potential
22.03,79.83,0.052228740214034335,0.0014255206,0.026827130423690834,0.3037,-0.2768728695763092,Low Potential
22.03,79.845,0.001764705882352941,0.0007328252,0.0012487655391177051,0.348,-0.3467512344608823,Low Potential
22.03,79.86,0.03771169590643275,0.0011055497,0.01940862282584721,0.2538,-0.23439137717415282,Low Potential
22.03,79.875,0.030095256512493354,0.00061733153,0.015356294023325896,0.3558,-0.3404437059766741,Low Potential
22.03,79.89,0.07262502582621427,0.0015668216,0.0370959237095371,0.2907,-0.2536040762904629,Low Potential
22.03,79.905,0.0018571428571428571,0.0011413129,0.001499227869257863,0.2136,-0.21210077213074216,Low Potential
22.03,79.92,0.01,0.0030493161,0.006524658058770001,0.2107,-0.20417534194123,Low Potential
22.03,79.935,0.005857142857142858,0.0028019862,0.004329564517763044,0.3572,-0.35287043548223695,Low Potential
22.03,79.95,0.0183,0.0025550786,0.010427539297007024,0.2577,-0.24727246070299297,Low Potential
22.03,79.965,0.008459259259259258,0.00028983736,0.004374548311683314,0.1342,-0.1298254516883167,Low Potential
22.03,79.98,0.010492307692307693,0.0007912932,0.005641800455985448,0.4623,-0.45665819954401454,Low Potential
22.03,79.995,0.013828571428571428,0.002068041,0.007948306160526615,0.1649,-0.15695169383947338,Low Potential
22.03,80.01,0.09774887530769882,0.01604942,0.05689914788437872,0.1815,-0.12460085211562127,Low Potential
22.03,80.025,0.006,0.0011882518,0.0035941258859820665,0.1265,-0.12290587411401793,Low Potential
22.03,80.04,0.012000000000000002,0.00043779094,0.006218895467696712,0.1513,-0.14508110453230327,Low Potential
22.03,80.055,0.05981854636591479,0.0021959874,0.031007266875340566,0.1332,-0.10219273312465944,Low Potential
22.03,80.07,0.07080959208055983,0.006743996,0.03877679400950496,0.2378,-0.19902320599049506,Low Potential
22.03,80.085,0.02536666666666667,0.0025650067,0.013965836696078381,0.2596,-0.24563416330392163,Low Potential
22.03,80.1,0.05003045235638115,0.00051218004,0.02527131619569184,0.4611,-0.43582868380430817,Low Potential
22.03,80.115,0.001,0.00094756536,0.0009737826820928604,0.2289,-0.22792621731790713,Low Potential
22.03,80.13,0.015866666666666668,0.00038931612,0.008127991392960152,0.3103,-0.30217200860703985,Low Potential
22.03,80.145,0.0,0.00045462028,0.000227310141781345,0.1784,-0.17817268985821866,Low Potential
22.03,80.16,0.0,0.00042054933,0.00021027466573286802,0.142,-0.14178972533426712,Low Potential
22.03,80.175,0.007523809523809523,0.0019252716,0.004724540555162266,0.286,-0.2812754594448377,Low Potential
22.03,80.19,0.013899999999999997,0.0032393935,0.008569696733541785,0.254,-0.2454303032664582,Low Potential
22.03,80.205,0.027043703703703702,0.0030840514,0.015063877563239247,0.1712,-0.15613612243676075,Low Potential
22.03,80.22,0.03610320346320346,0.0033607043,0.019731953874613718,0.1857,-0.1659680461253863,Low Potential
22.03,80.235,0.004,0.00087231636,0.0024361581814009697,0.3299,-0.32746384181859906,Low Potential
22.03,80.25,0.011857142857142858,0.0038023966,0.00782976972351649,0.4499,-0.4420702302764835,Low Potential
22.03,80.265,0.0055,0.00083806406,0.0031690320323687045,0.5309,-0.5277309679676313,Low Potential
22.03,80.28,0.042197546957071744,0.005026317,0.02361193207931326,0.4944,-0.4707880679206867,Low Potential
22.03,80.295,0.036951170145477545,0.0048207915,0.020885980842141157,0.3271,-0.30621401915785884,Low Potential
22.03,80.31,0.011784503478810878,0.0022214584,0.00700298091875051,0.4696,-0.4625970190812495,Low Potential
22.03,80.325,0.02425680621633101,0.0013018778,0.012779341999505553,0.3347,-0.32192065800049446,Low Potential
22.03,80.34,0.002875,0.00067625585,0.0017756279238965362,0.2608,-0.25902437207610346,Low Potential
22.03,80.355,0.0027,0.001263063,0.0019815315258689225,0.3262,-0.32421846847413105,Low Potential
22.03,80.37,0.0135,0.0028084393,0.00815421965625137,0.2369,-0.22874578034374862,Low Potential
22.03,80.385,0.0,0.0003266319,0.0001633159554330632,0.2219,-0.22173668404456692,Low Potential
22.03,80.4,0.22167297457444513,0.042816456,0.13224471549087685,0.2833,-0.15105528450912314,Low Potential
22.03,80.415,0.16524496164398914,0.00717855,0.08621175588221612,0.2136,-0.12738824411778388,Low Potential
22.03,80.43,0.06612460317460317,0.0011595356,0.033642069389566126,0.203,-0.1693579306104339,Low Potential
22.03,80.445,0.01826282051282051,0.0015341603,0.009898490427909657,0.2766,-0.2667015095720904,Low Potential
22.03,80.46,0.030996376811594204,0.011269452,0.021132914430961228,0.4988,-0.4776670855690388,Low Potential
22.03,80.475,0.3894522908035061,0.47601518,0.432733735576428,0.4969,-0.06416626442357198,Low Potential
22.03,80.49,0.00966304347826087,0.011824176,0.010743609596853672,0.5205,-0.5097563904031462,Low Potential
22.045,79.2,0.034018633774580066,0.0030206766,0.01851965516298339,0.1854,-0.1668803448370166,Low Potential
22.045,79.215,0.04079615384615384,0.00040916904,0.020602661440709533,0.4989,-0.47829733855929046,Low Potential
22.045,79.23,0.06493649091743721,0.008931436,0.03693396328103191,0.2512,-0.21426603671896807,Low Potential
22.045,79.245,0.034738888888888896,0.00041017975,0.01757453432098911,0.3503,-0.3327254656790109,Low Potential
22.045,79.26,0.16691342517991123,0.015186531,0.09104997785890727,0.1753,-0.08425002214109274,Low Potential
22.045,79.275,0.07739430014430013,0.0064842687,0.04193928442157073,0.2046,-0.16266071557842926,Low Potential
22.045,79.29,0.07474824995303524,0.0043649883,0.039556619126992286,0.1778,-0.13824338087300772,Low Potential
22.045,79.305,0.1650489470971322,0.017709918,0.09137943270865559,0.3789,-0.28752056729134445,Low Potential
22.045,79.32,0.044985399562123704,0.004293788,0.0246395938932912,0.3015,-0.2768604061067088,Low Potential
22.045,79.335,0.05658663003663004,0.0034166507,0.030001640366178157,0.1862,-0.15619835963382184,Low Potential
22.045,79.35,0.1475852191890735,0.007608994,0.07759710654966327,0.2884,-0.2108028934503367,Low Potential
22.045,79.365,0.07443820031914661,0.0074293013,0.04093375079611217,0.2734,-0.2324662492038878,Low Potential
22.045,79.38,0.03609722222222222,0.002019428,0.019058325085892443,0.3937,-0.37464167491410755,Low Potential
22.045,79.395,0.08446758111494955,0.0012854958,0.04287653846677108,0.3026,-0.2597234615332289,Low Potential
22.045,79.41,0.06781084656084657,0.0058770026,0.0368439245844388,0.1433,-0.10645607541556121,Low Potential
22.045,79.425,0.01678333333333333,0.0008079281,0.008795630714685344,0.1822,-0.17340436928531466,Low Potential
22.045,79.44,0.08915435364938443,0.008176502,0.04866542774486872,0.1934,-0.14473457225513126,Low Potential
22.045,79.455,0.07110486698581328,0.0057327766,0.03841882179147775,0.346,-0.3075811782085222,Low Potential
22.045,79.47,0.07084012812989794,0.004195371,0.037517749653472716,0.3039,-0.2663822503465273,Low Potential
22.045,79.485,0.003875,0.00062567275,0.0022503363750874996,0.1629,-0.16064966362491248,Low Potential
22.045,79.5,0.004388888888888889,0.00092684873,0.0026578688113432793,0.2976,-0.2949421311886567,Low Potential
22.045,79.515,0.026693719064686806,0.0017252981,0.01420950859219785,0.1479,-0.13369049140780215,Low Potential
22.045,79.53,0.061096529396529396,0.0033788243,0.03223767686369787,0.2374,-0.20516232313630212,Low Potential
22.045,79.545,0.10457028282175339,0.0090963775,0.05683333017547864,0.1582,-0.10136666982452136,Low Potential
22.045,79.56,0.021841666666666665,0.00080354937,0.011322608016602074,0.1403,-0.12897739198339794,Low Potential
22.045,79.575,0.011857142857142858,0.00093906926,0.0063981060573631635,0.1715,-0.16510189394263686,Low Potential
22.045,79.59,0.01175,0.00032505012,0.0060375250588404015,0.1954,-0.1893624749411596,Low Potential
22.045,79.605,0.00375,0.00053610414,0.0021430520701687782,0.2839,-0.2817569479298312,Low Potential
22.045,79.62,0.13749446662633594,0.0023979694,0.06994621799572794,0.3516,-0.2816537820042721,Low Potential
22.045,79.635,0.0,0.00037993217,0.00018996608559973538,0.2386,-0.23841003391440027,Low Potential
22.045,79.65,0.04113448412698413,0.0012675686,0.02120102634225366,0.3915,-0.37029897365774633,Low Potential
22.045,79.665,0.1096750238409681,0.0039756615,0.056825342656227094,0.263,-0.2061746573437729,Low Potential
22.045,79.68,0.06273155883619796,0.0030447894,0.032888174130182024,0.4938,-0.460911825869818,Low Potential
22.045,79.695,0.0,0.0006615953,0.00033079765853472054,0.1947,-0.1943692023414653,Low Potential
22.045,79.71,0.0033888888888888888,0.0011421394,0.0022655141595233647,0.1864,-0.18413448584047665,Low Potential
22.045,79.725,0.06332142857142857,0.0016203746,0.03247090159569468,0.2596,-0.2271290984043053,Low Potential
22.045,79.74,0.002333333333333333,0.0019252716,0.0021293024599241712,0.2809,-0.27877069754007583,Low Potential
22.045,79.755,0.002,0.0011251271,0.0015625635385513306,0.133,-0.13143743646144868,Low Potential
22.045,79.77,0.008766666666666667,0.0010446352,0.004905650930975875,0.2223,-0.21739434906902413,Low Potential
22.045,79.785,0.01479041248606466,0.0004706095,0.007630510988761411,0.3126,-0.3049694890112386,Low Potential
22.045,79.8,0.013606162464985996,0.0009903989,0.007298280695823207,0.2808,-0.27350171930417677,Low Potential
22.045,79.815,0.00919047619047619,0.0005381974,0.004864336797357758,0.3795,-0.37463566320264224,Low Potential
22.045,79.83,0.04765208978328173,0.00067206234,0.024162076059175978,0.344,-0.319837923940824,Low Potential
22.045,79.845,0.019255197616480577,0.00057059655,0.009912897080741966,0.4014,-0.39148710291925803,Low Potential
22.045,79.86,0.013562407031778228,0.00055177085,0.007057088940232983,0.1846,-0.177542911059767,Low Potential
22.045,79.875,0.007697142857142857,0.00062074885,0.004158945852432932,0.2151,-0.2109410541475671,Low Potential
22.045,79.89,0.014366666666666663,0.0020521258,0.008209396210250753,0.3385,-0.3302906037897493,Low Potential
22.045,79.905,0.036611111111111115,0.0010109744,0.018811042757290935,0.236,-0.21718895724270906,Low Potential
22.045,79.92,0.0057,0.0006017264,0.0031508632047567518,0.1553,-0.15214913679524325,Low Potential
22.045,79.935,0.0026666666666666666,0.0019252716,0.0022959691265908378,0.2092,-0.20690403087340917,Low Potential
22.045,79.95,0.05563822550286464,0.0043378756,0.029988050570510884,0.5165,-0.48651194942948905,Low Potential
22.045,79.965,0.001,0.0007881446,0.0008940722963307053,0.2871,-0.2862059277036693,Low Potential
22.045,79.98,0.02883333333333333,0.0011714972,0.015002415247882404,0.1283,-0.1132975847521176,Low Potential
22.045,79.995,0.012146153846153846,0.0007399924,0.0064430731338699565,0.2805,-0.2740569268661301,Low Potential
22.045,80.01,0.006,0.00042399325,0.003211996622965671,0.1676,-0.16438800337703433,Low Potential
22.045,80.025,0.013179487179487179,0.0004520831,0.006815785139211071,0.3569,-0.35008421486078894,Low Potential
22.045,80.04,0.012792592592592593,0.00037769735,0.006585144969429476,0.16,-0.15341485503057053,Low Potential
22.045,80.055,0.007233333333333333,0.0005175977,0.0038754655231876918,0.1461,-0.14222453447681233,Low Potential
22.045,80.07,0.002,0.00022400806,0.0011120040324167349,0.1305,-0.12938799596758327,Low Potential
22.045,80.085,0.1467487351258676,0.0013015195,0.07402512729109356,0.1647,-0.09067487270890645,Low Potential
22.045,80.1,0.03777135948846475,0.00043546778,0.019103413634399814,0.5323,-0.5131965863656002,Low Potential
22.045,80.115,0.0679804765851157,0.0022349642,0.03510772037547614,0.3476,-0.31249227962452386,Low Potential
22.045,80.13,0.048616772322964276,0.00028307742,0.02444992487018573,0.5386,-0.5141500751298143,Low Potential
22.045,80.145,0.07777281072900268,0.0016396092,0.0397062099770485,0.3371,-0.2973937900229515,Low Potential
22.045,80.16,0.004333333333333333,0.0010994656,0.0027163994905228415,0.1775,-0.17478360050947714,Low Potential
22.045,80.175,0.011300000000000001,0.0011195905,0.0062097952404059475,0.1481,-0.14189020475959407,Low Potential
22.045,80.19,0.0022,0.0010501251,0.0016250625545158983,0.2786,-0.2769749374454841,Low Potential
22.045,80.205,0.0036666666666666666,0.0020769038,0.0028717852452148996,0.3106,-0.30772821475478507,Low Potential
22.045,80.22,0.0085,0.00065212813,0.004576064066030085,0.1428,-0.13822393593396992,Low Potential
22.045,80.235,0.013699999999999997,0.001985404,0.00784270197097212,0.2441,-0.2362572980290279,Low Potential
22.045,80.25,0.024103203463203465,0.0033607043,0.01373195387461372,0.2528,-0.2390680461253863,Low Potential
22.045,80.265,0.001,0.0014789511,0.001239475537557155,0.3689,-0.36766052446244285,Low Potential
22.045,80.28,0.004666666666666667,0.0008153225,0.0027409945864540837,0.509,-0.506259005413546,Low Potential
22.045,80.295,0.002333333333333333,0.001656936,0.0019951346746335426,0.2778,-0.27580486532536647,Low Potential
22.045,80.31,0.0,0.0015340794,0.0007670397171750665,0.3339,-0.3331329602828249,Low Potential
22.045,80.325,0.010966666666666666,0.003251125,0.0071088958856960136,0.4302,-0.423091104114304,Low Potential
22.045,80.34,0.0,0.0015340794,0.0007670397171750665,0.292,-0.2912329602828249,Low Potential
22.045,80.355,0.008,0.0041443952,0.0060721976179629565,0.3116,-0.30552780238203703,Low Potential
22.045,80.37,0.0057,0.0006017264,0.0031508632047567518,0.1879,-0.18474913679524327,Low Potential
22.045,80.385,0.004,0.000504491,0.0022522454888094217,0.1942,-0.1919477545111906,Low Potential
22.045,80.4,0.196956386793504,0.0049286904,0.10094253858742606,0.4522,-0.3512574614125739,Low Potential
22.045,80.415,0.10182892768747144,0.010152244,0.055990585848274495,0.4811,-0.42510941415172554,Low Potential
22.045,80.43,0.272315843109419,0.08680186,0.17955884993281465,0.2922,-0.11264115006718536,Low Potential
22.045,80.445,0.028667582417582417,0.0025950875,0.015631334965455008,0.2218,-0.20616866503454498,Low Potential
22.045,80.46,0.025775641025641026,0.0027208857,0.014248263351452083,0.2452,-0.23095173664854793,Low Potential
22.045,80.475,0.017416666666666664,0.00773544,0.012576053354268271,0.475,-0.4624239466457317,Low Potential
22.045,80.49,0.040747943763161154,0.028676335,0.03471213926584743,0.244,-0.20928786073415256,Low Potential
