{"type": "FeatureCollection", "name": "priority_zones", "crs": {"type": "name", "properties": {"name": "urn:ogc:def:crs:EPSG::4326"}}, "metadata": {"provenance": "DERIVED", "method": "Scores sorted descending with stable centroid tie-breaks; select ceil(10%) and ceil(25%). 8-neighbor connected components on regular centroid grid; discard components <2 cells; polygonize cell rectangles. Rank within threshold using 0.60 mean-score percentile, 0.15 log-area percentile, 0.10 mine-proximity score, 0.15 occurrence-proximity score.", "random_seed": 20260929}, "features": [{"type": "Feature", "id": "top_decile_001", "geometry": {"type": "MultiPolygon", "coordinates": [[[[80.39250000000001, 21.9625], [80.4075, 21.9625], [80.42250000000001, 21.9625], [80.42250000000001, 21.9775], [80.4075, 21.9775], [80.4075, 21.9925], [80.42250000000001, 21.9925], [80.4375, 21.9925], [80.45249999999999, 21.9925], [80.4675, 21.9925], [80.4675, 21.9775], [80.48249999999999, 21.9775], [80.4975, 21.9775], [80.4975, 21.9625], [80.4975, 21.947499999999998], [80.48249999999999, 21.947499999999998], [80.48249999999999, 21.9325], [80.4675, 21.9325], [80.4675, 21.947499999999998], [80.45249999999999, 21.947499999999998], [80.45249999999999, 21.9325], [80.4375, 21.9325], [80.4375, 21.947499999999998], [80.42250000000001, 21.947499999999998], [80.42250000000001, 21.9325], [80.4075, 21.9325], [80.4075, 21.947499999999998], [80.39250000000001, 21.947499999999998], [80.39250000000001, 21.9625]], [[80.4375, 21.9775], [80.4375, 21.9625], [80.4375, 21.9475], [80.45249999999999, 21.9475], [80.45249999999999, 21.9625], [80.45249999999999, 21.9775], [80.4375, 21.9775]]], [[[80.48249999999999, 21.9325], [80.4975, 21.9325], [80.4975, 21.9175], [80.48249999999999, 21.9175], [80.48249999999999, 21.9325]]]]}, "properties": {"zone_level": "top_decile", "rank": 1, "rank_score": 0.9420927812827311, "cell_count": 18, "grid_ids": ["g_21.92500_80.49000", "g_21.94000_80.41500", "g_21.94000_80.44500", "g_21.94000_80.47500", "g_21.95500_80.40000", "g_21.95500_80.41500", "g_21.95500_80.43000", "g_21.95500_80.46000", "g_21.95500_80.47500", "g_21.95500_80.49000", "g_21.97000_80.43000", "g_21.97000_80.46000", "g_21.97000_80.47500", "g_21.97000_80.49000", "g_21.98500_80.41500", "g_21.98500_80.43000", "g_21.98500_80.44500", "g_21.98500_80.46000"], "score_mean": 0.3165799698638001, "score_median": 0.1546924498552154, "score_min": 0.0923931983185994, "score_max": 0.990228110353974, "score_std": 0.29733044785419177, "area_km2": 46.287828735640915, "nearest_occurrence_km": 2.3008123253051984, "nearest_mine_km": 2.3008123253051984, "provenance": "DERIVED", "method": "Scores sorted descending with stable centroid tie-breaks; select ceil(10%) and ceil(25%). 8-neighbor connected components on regular centroid grid; discard components <2 cells; polygonize cell rectangles. Rank within threshold using 0.60 mean-score percentile, 0.15 log-area percentile, 0.10 mine-proximity score, 0.15 occurrence-proximity score.", "random_seed": 20260929, "source_ref": "grid_scores_v2.csv; known_occurrences.csv; moil_mines.geojson"}}, {"type": "Feature", "id": "top_decile_002", "geometry": {"type": "MultiPolygon", "coordinates": [[[[80.19749999999999, 21.8275], [80.19749999999999, 21.8125], [80.1825, 21.8125], [80.1825, 21.8275], [80.19749999999999, 21.8275]]], [[[80.1825, 21.8425], [80.1825, 21.8575], [80.19749999999999, 21.8575], [80.19749999999999, 21.8725], [80.1825, 21.8725], [80.1825, 21.8875], [80.19749999999999, 21.8875], [80.2125, 21.8875], [80.2125, 21.8725], [80.2125, 21.8575], [80.22749999999999, 21.8575], [80.22749999999999, 21.8425], [80.2425, 21.8425], [80.2425, 21.8275], [80.22749999999999, 21.8275], [80.2125, 21.8275], [80.19749999999999, 21.8275], [80.19749999999999, 21.8425], [80.1825, 21.8425]]], [[[80.22749999999999, 21.9025], [80.22749999999999, 21.9175], [80.2425, 21.9175], [80.2425, 21.9025], [80.22749999999999, 21.9025]]], [[[80.2425, 21.8575], [80.2575, 21.8575], [80.2575, 21.8725], [80.2575, 21.8875], [80.27250000000001, 21.8875], [80.27250000000001, 21.8725], [80.2875, 21.8725], [80.2875, 21.857499999999998], [80.27250000000001, 21.857499999999998], [80.27250000000001, 21.8425], [80.27250000000001, 21.8275], [80.2575, 21.8275], [80.2575, 21.8425], [80.2425, 21.8425], [80.2425, 21.8575]]], [[[80.30250000000001, 21.8725], [80.2875, 21.8725], [80.2875, 21.8875], [80.30250000000001, 21.8875], [80.30250000000001, 21.8725]]], [[[80.2425, 21.8875], [80.2425, 21.9025], [80.2575, 21.9025], [80.2575, 21.8875], [80.2425, 21.8875]]], [[[80.2425, 21.9175], [80.2425, 21.9325], [80.2575, 21.9325], [80.2575, 21.9175], [80.2425, 21.9175]]]]}, "properties": {"zone_level": "top_decile", "rank": 2, "rank_score": 0.9203287359446461, "cell_count": 20, "grid_ids": ["g_21.82000_80.19000", "g_21.83500_80.20500", "g_21.83500_80.22000", "g_21.83500_80.23500", "g_21.83500_80.26500", "g_21.85000_80.19000", "g_21.85000_80.20500", "g_21.85000_80.22000", "g_21.85000_80.25000", "g_21.85000_80.26500", "g_21.86500_80.20500", "g_21.86500_80.26500", "g_21.86500_80.28000", "g_21.88000_80.19000", "g_21.88000_80.20500", "g_21.88000_80.26500", "g_21.88000_80.29500", "g_21.89500_80.25000", "g_21.91000_80.23500", "g_21.92500_80.25000"], "score_mean": 0.30417287915106156, "score_median": 0.20101079797825255, "score_min": 0.0923732859313653, "score_max": 0.9981925656457684, "score_std": 0.24773957464358556, "area_km2": 51.46939093001859, "nearest_occurrence_km": 2.5392066582394532, "nearest_mine_km": 2.5392066582394532, "provenance": "DERIVED", "method": "Scores sorted descending with stable centroid tie-breaks; select ceil(10%) and ceil(25%). 8-neighbor connected components on regular centroid grid; discard components <2 cells; polygonize cell rectangles. Rank within threshold using 0.60 mean-score percentile, 0.15 log-area percentile, 0.10 mine-proximity score, 0.15 occurrence-proximity score.", "random_seed": 20260929, "source_ref": "grid_scores_v2.csv; known_occurrences.csv; moil_mines.geojson"}}, {"type": "Feature", "id": "top_decile_003", "geometry": {"type": "Polygon", "coordinates": [[[79.67250000000001, 21.5425], [79.67250000000001, 21.5575], [79.6875, 21.5575], [79.6875, 21.5725], [79.70249999999999, 21.5725], [79.70249999999999, 21.5575], [79.70249999999999, 21.5425], [79.6875, 21.5425], [79.67250000000001, 21.5425]]]}, "properties": {"zone_level": "top_decile", "rank": 3, "rank_score": 0.9147058823529411, "cell_count": 3, "grid_ids": ["g_21.55000_79.68000", "g_21.55000_79.69500", "g_21.56500_79.69500"], "score_mean": 0.4186835100364201, "score_median": 0.1644957385998821, "score_min": 0.097559226898629, "score_max": 0.9939955646107492, "score_std": 0.40772383975233767, "area_km2": 7.738874207498341, "nearest_occurrence_km": 0.6976314874309558, "nearest_mine_km": 0.6976314874309558, "provenance": "DERIVED", "method": "Scores sorted descending with stable centroid tie-breaks; select ceil(10%) and ceil(25%). 8-neighbor connected components on regular centroid grid; discard components <2 cells; polygonize cell rectangles. Rank within threshold using 0.60 mean-score percentile, 0.15 log-area percentile, 0.10 mine-proximity score, 0.15 occurrence-proximity score.", "random_seed": 20260929, "source_ref": "grid_scores_v2.csv; known_occurrences.csv; moil_mines.geojson"}}, {"type": "Feature", "id": "top_decile_004", "geometry": {"type": "MultiPolygon", "coordinates": [[[[79.70249999999999, 21.6175], [79.7175, 21.6175], [79.7175, 21.6025], [79.70249999999999, 21.6025], [79.6875, 21.6025], [79.6875, 21.6175], [79.6875, 21.6325], [79.70249999999999, 21.6325], [79.70249999999999, 21.6175]]], [[[79.6875, 21.677500000000002], [79.70249999999999, 21.677500000000002], [79.70249999999999, 21.6925], [79.6875, 21.6925], [79.6875, 21.7075], [79.70249999999999, 21.7075], [79.70249999999999, 21.7225], [79.7175, 21.7225], [79.7175, 21.7075], [79.7175, 21.6925], [79.73249999999999, 21.6925], [79.73249999999999, 21.7075], [79.73249999999999, 21.7225], [79.73249999999999, 21.7375], [79.7475, 21.7375], [79.7475, 21.7225], [79.7475, 21.7075], [79.76249999999999, 21.7075], [79.7775, 21.7075], [79.7775, 21.6925], [79.76249999999999, 21.6925], [79.7475, 21.6925], [79.7475, 21.677500000000002], [79.76249999999999, 21.677500000000002], [79.76249999999999, 21.6625], [79.7475, 21.6625], [79.7475, 21.6775], [79.73249999999999, 21.6775], [79.73249999999999, 21.6625], [79.7175, 21.6625], [79.7175, 21.6475], [79.70249999999999, 21.6475], [79.6875, 21.6475], [79.67250000000001, 21.6475], [79.6575, 21.6475], [79.64250000000001, 21.6475], [79.64250000000001, 21.6625], [79.64250000000001, 21.677500000000002], [79.6575, 21.677500000000002], [79.6575, 21.6625], [79.67250000000001, 21.6625], [79.67250000000001, 21.677500000000002], [79.6875, 21.677500000000002]], [[79.7175, 21.6775], [79.70249999999999, 21.6775], [79.70249999999999, 21.6625], [79.7175, 21.6625], [79.7175, 21.6775]]], [[[79.67250000000001, 21.7225], [79.6875, 21.7225], [79.6875, 21.7075], [79.67250000000001, 21.7075], [79.67250000000001, 21.7225]]], [[[79.6575, 21.7375], [79.67250000000001, 21.7375], [79.67250000000001, 21.7225], [79.6575, 21.7225], [79.6575, 21.7375]]], [[[79.6875, 21.7375], [79.70249999999999, 21.7375], [79.70249999999999, 21.7225], [79.6875, 21.7225], [79.6875, 21.7375]]], [[[79.7475, 21.572499999999998], [79.73249999999999, 21.572499999999998], [79.73249999999999, 21.5875], [79.7475, 21.5875], [79.7475, 21.5725], [79.76249999999999, 21.5725], [79.76249999999999, 21.5575], [79.7475, 21.5575], [79.7475, 21.572499999999998]]], [[[79.7175, 21.6025], [79.73249999999999, 21.6025], [79.73249999999999, 21.5875], [79.7175, 21.5875], [79.7175, 21.6025]]], [[[79.7475, 21.6175], [79.76249999999999, 21.6175], [79.76249999999999, 21.6325], [79.7775, 21.6325], [79.7775, 21.6475], [79.7775, 21.6625], [79.7775, 21.6775], [79.7775, 21.677500000000002], [79.7775, 21.6925], [79.79249999999999, 21.6925], [79.8075, 21.6925], [79.82249999999999, 21.6925], [79.8375, 21.6925], [79.8375, 21.6775], [79.82249999999999, 21.6775], [79.82249999999999, 21.6625], [79.82249999999999, 21.6475], [79.8375, 21.6475], [79.8375, 21.6325], [79.8375, 21.6175], [79.82249999999999, 21.6175], [79.8075, 21.6175], [79.79249999999999, 21.6175], [79.79249999999999, 21.6025], [79.7775, 21.6025], [79.76249999999999, 21.6025], [79.76249999999999, 21.5875], [79.7475, 21.5875], [79.7475, 21.6025], [79.7475, 21.6175]], [[79.79249999999999, 21.6775], [79.79249999999999, 21.6625], [79.8075, 21.6625], [79.8075, 21.6775], [79.79249999999999, 21.6775]]], [[[79.73249999999999, 21.6325], [79.7475, 21.6325], [79.7475, 21.6175], [79.73249999999999, 21.6175], [79.73249999999999, 21.6325]]], [[[79.76249999999999, 21.6325], [79.7475, 21.6325], [79.7475, 21.6475], [79.76249999999999, 21.6475], [79.76249999999999, 21.6325]]], [[[79.73249999999999, 21.6625], [79.7475, 21.6625], [79.7475, 21.6475], [79.73249999999999, 21.6475], [79.73249999999999, 21.6625]]]]}, "properties": {"zone_level": "top_decile", "rank": 4, "rank_score": 0.9124384935356786, "cell_count": 55, "grid_ids": ["g_21.56500_79.75500", "g_21.58000_79.74000", "g_21.59500_79.72500", "g_21.59500_79.75500", "g_21.61000_79.69500", "g_21.61000_79.71000", "g_21.61000_79.75500", "g_21.61000_79.77000", "g_21.61000_79.78500", "g_21.62500_79.69500", "g_21.62500_79.74000", "g_21.62500_79.77000", "g_21.62500_79.78500", "g_21.62500_79.80000", "g_21.62500_79.81500", "g_21.62500_79.83000", "g_21.64000_79.75500", "g_21.64000_79.78500", "g_21.64000_79.80000", "g_21.64000_79.81500", "g_21.64000_79.83000", "g_21.65500_79.65000", "g_21.65500_79.66500", "g_21.65500_79.68000", "g_21.65500_79.69500", "g_21.65500_79.71000", "g_21.65500_79.74000", "g_21.65500_79.78500", "g_21.65500_79.80000", "g_21.65500_79.81500", "g_21.67000_79.65000", "g_21.67000_79.68000", "g_21.67000_79.69500", "g_21.67000_79.72500", "g_21.67000_79.75500", "g_21.67000_79.78500", "g_21.67000_79.81500", "g_21.68500_79.71000", "g_21.68500_79.72500", "g_21.68500_79.74000", "g_21.68500_79.78500", "g_21.68500_79.80000", "g_21.68500_79.81500", "g_21.68500_79.83000", "g_21.70000_79.69500", "g_21.70000_79.71000", "g_21.70000_79.74000", "g_21.70000_79.75500", "g_21.70000_79.77000", "g_21.71500_79.68000", "g_21.71500_79.71000", "g_21.71500_79.74000", "g_21.73000_79.66500", "g_21.73000_79.69500", "g_21.73000_79.74000"], "score_mean": 0.2690156538806222, "score_median": 0.1960749068929344, "score_min": 0.0867429052836172, "score_max": 0.9946416850542376, "score_std": 0.20043501137775224, "area_km2": 141.77550716483674, "nearest_occurrence_km": 3.5426249221680988, "nearest_mine_km": 3.5426249221680988, "provenance": "DERIVED", "method": "Scores sorted descending with stable centroid tie-breaks; select ceil(10%) and ceil(25%). 8-neighbor connected components on regular centroid grid; discard components <2 cells; polygonize cell rectangles. Rank within threshold using 0.60 mean-score percentile, 0.15 log-area percentile, 0.10 mine-proximity score, 0.15 occurrence-proximity score.", "random_seed": 20260929, "source_ref": "grid_scores_v2.csv; known_occurrences.csv; moil_mines.geojson"}}, {"type": "Feature", "id": "top_decile_005", "geometry": {"type": "MultiPolygon", "coordinates": [[[[80.22749999999999, 21.6625], [80.22749999999999, 21.6775], [80.22749999999999, 21.677500000000002], [80.22749999999999, 21.6925], [80.2425, 21.6925], [80.2425, 21.677500000000002], [80.2425, 21.6775], [80.2425, 21.6625], [80.22749999999999, 21.6625]]], [[[80.27250000000001, 21.6775], [80.2575, 21.6775], [80.2575, 21.6925], [80.27250000000001, 21.6925], [80.27250000000001, 21.6775]]], [[[80.2425, 21.7075], [80.2575, 21.7075], [80.2575, 21.6925], [80.2425, 21.6925], [80.2425, 21.7075]]]]}, "properties": {"zone_level": "top_decile", "rank": 5, "rank_score": 0.8369131595486534, "cell_count": 4, "grid_ids": ["g_21.67000_80.23500", "g_21.68500_80.23500", "g_21.68500_80.26500", "g_21.70000_80.25000"], "score_mean": 0.3474266593978522, "score_median": 0.32141007729484944, "score_min": 0.1207644467679688, "score_max": 0.6261220362337412, "score_std": 0.22950132065291684, "area_km2": 10.306299931642343, "nearest_occurrence_km": 16.470029720646238, "nearest_mine_km": 16.470029720646238, "provenance": "DERIVED", "method": "Scores sorted descending with stable centroid tie-breaks; select ceil(10%) and ceil(25%). 8-neighbor connected components on regular centroid grid; discard components <2 cells; polygonize cell rectangles. Rank within threshold using 0.60 mean-score percentile, 0.15 log-area percentile, 0.10 mine-proximity score, 0.15 occurrence-proximity score.", "random_seed": 20260929, "source_ref": "grid_scores_v2.csv; known_occurrences.csv; moil_mines.geojson"}}, {"type": "Feature", "id": "top_decile_006", "geometry": {"type": "MultiPolygon", "coordinates": [[[[80.36250000000001, 21.6025], [80.3775, 21.6025], [80.39250000000001, 21.6025], [80.39250000000001, 21.6175], [80.3775, 21.6175], [80.3775, 21.6325], [80.39250000000001, 21.6325], [80.39250000000001, 21.6475], [80.4075, 21.6475], [80.4075, 21.6325], [80.4075, 21.6175], [80.42250000000001, 21.6175], [80.42250000000001, 21.6025], [80.4075, 21.6025], [80.4075, 21.5875], [80.39250000000001, 21.5875], [80.3775, 21.5875], [80.36250000000001, 21.5875], [80.36250000000001, 21.6025]]], [[[80.33250000000001, 21.6175], [80.33250000000001, 21.6325], [80.3475, 21.6325], [80.3475, 21.6475], [80.3475, 21.6625], [80.36250000000001, 21.6625], [80.3775, 21.6625], [80.39250000000001, 21.6625], [80.39250000000001, 21.6475], [80.3775, 21.6475], [80.3775, 21.6325], [80.36250000000001, 21.6325], [80.36250000000001, 21.6175], [80.36250000000001, 21.6025], [80.3475, 21.6025], [80.3475, 21.6175], [80.33250000000001, 21.6175]]], [[[80.33250000000001, 21.6625], [80.33250000000001, 21.6775], [80.33250000000001, 21.677500000000002], [80.33250000000001, 21.6925], [80.3175, 21.6925], [80.3175, 21.7075], [80.33250000000001, 21.7075], [80.3475, 21.7075], [80.3475, 21.6925], [80.36250000000001, 21.6925], [80.36250000000001, 21.6775], [80.3475, 21.6775], [80.3475, 21.6625], [80.33250000000001, 21.6625]]], [[[80.3775, 21.6925], [80.36250000000001, 21.6925], [80.36250000000001, 21.7075], [80.3475, 21.7075], [80.3475, 21.7225], [80.36250000000001, 21.7225], [80.36250000000001, 21.7375], [80.3775, 21.7375], [80.3775, 21.7225], [80.3775, 21.7075], [80.3775, 21.6925]]], [[[80.36250000000001, 21.767500000000002], [80.36250000000001, 21.7525], [80.36250000000001, 21.7375], [80.3475, 21.7375], [80.3475, 21.7525], [80.3475, 21.767500000000002], [80.36250000000001, 21.767500000000002]]], [[[80.4075, 21.6475], [80.4075, 21.6625], [80.42250000000001, 21.6625], [80.42250000000001, 21.6475], [80.4075, 21.6475]]], [[[80.3775, 21.6775], [80.3775, 21.6925], [80.39250000000001, 21.6925], [80.39250000000001, 21.6775], [80.3775, 21.6775]]], [[[80.3775, 21.7525], [80.39250000000001, 21.7525], [80.39250000000001, 21.7375], [80.3775, 21.7375], [80.3775, 21.7525]]]]}, "properties": {"zone_level": "top_decile", "rank": 6, "rank_score": 0.7872284295253694, "cell_count": 30, "grid_ids": ["g_21.59500_80.37000", "g_21.59500_80.38500", "g_21.59500_80.40000", "g_21.61000_80.35500", "g_21.61000_80.40000", "g_21.61000_80.41500", "g_21.62500_80.34000", "g_21.62500_80.35500", "g_21.62500_80.38500", "g_21.62500_80.40000", "g_21.64000_80.35500", "g_21.64000_80.37000", "g_21.64000_80.40000", "g_21.65500_80.35500", "g_21.65500_80.37000", "g_21.65500_80.38500", "g_21.65500_80.41500", "g_21.67000_80.34000", "g_21.68500_80.34000", "g_21.68500_80.35500", "g_21.68500_80.38500", "g_21.70000_80.32500", "g_21.70000_80.34000", "g_21.70000_80.37000", "g_21.71500_80.35500", "g_21.71500_80.37000", "g_21.73000_80.37000", "g_21.74500_80.35500", "g_21.74500_80.38500", "g_21.76000_80.35500"], "score_mean": 0.24179000009451368, "score_median": 0.19867408070249504, "score_min": 0.0799388449279657, "score_max": 0.8956136937419812, "score_std": 0.1850712511684635, "area_km2": 77.30525547953454, "nearest_occurrence_km": 23.56195677124706, "nearest_mine_km": 23.56195677124706, "provenance": "DERIVED", "method": "Scores sorted descending with stable centroid tie-breaks; select ceil(10%) and ceil(25%). 8-neighbor connected components on regular centroid grid; discard components <2 cells; polygonize cell rectangles. Rank within threshold using 0.60 mean-score percentile, 0.15 log-area percentile, 0.10 mine-proximity score, 0.15 occurrence-proximity score.", "random_seed": 20260929, "source_ref": "grid_scores_v2.csv; known_occurrences.csv; moil_mines.geojson"}}, {"type": "Feature", "id": "top_decile_007", "geometry": {"type": "MultiPolygon", "coordinates": [[[[79.2225, 21.3325], [79.23750000000001, 21.3325], [79.23750000000001, 21.3175], [79.2225, 21.3175], [79.2225, 21.3325]]], [[[79.23750000000001, 21.3475], [79.2225, 21.3475], [79.2225, 21.3625], [79.23750000000001, 21.3625], [79.2525, 21.3625], [79.2525, 21.3475], [79.26750000000001, 21.3475], [79.26750000000001, 21.3325], [79.2525, 21.3325], [79.23750000000001, 21.3325], [79.23750000000001, 21.3475]]], [[[79.2525, 21.3925], [79.23750000000001, 21.3925], [79.23750000000001, 21.4075], [79.23750000000001, 21.4225], [79.2225, 21.4225], [79.2225, 21.4375], [79.23750000000001, 21.4375], [79.23750000000001, 21.4525], [79.2525, 21.4525], [79.26750000000001, 21.4525], [79.26750000000001, 21.4675], [79.2825, 21.4675], [79.29750000000001, 21.4675], [79.29750000000001, 21.4525], [79.3125, 21.4525], [79.3125, 21.4675], [79.3125, 21.482499999999998], [79.29750000000001, 21.482499999999998], [79.2825, 21.482499999999998], [79.2825, 21.4975], [79.29750000000001, 21.4975], [79.3125, 21.4975], [79.3125, 21.4825], [79.32749999999999, 21.4825], [79.32749999999999, 21.4675], [79.32749999999999, 21.4525], [79.3425, 21.4525], [79.35749999999999, 21.4525], [79.35749999999999, 21.4375], [79.3425, 21.4375], [79.32749999999999, 21.4375], [79.32749999999999, 21.4225], [79.3425, 21.4225], [79.35749999999999, 21.4225], [79.3725, 21.4225], [79.38749999999999, 21.4225], [79.4025, 21.4225], [79.4025, 21.4075], [79.4025, 21.392500000000002], [79.4025, 21.3925], [79.4025, 21.3775], [79.38749999999999, 21.3775], [79.38749999999999, 21.3625], [79.3725, 21.3625], [79.3725, 21.3775], [79.35749999999999, 21.3775], [79.35749999999999, 21.3625], [79.3425, 21.3625], [79.3425, 21.3775], [79.32749999999999, 21.3775], [79.3125, 21.3775], [79.3125, 21.3625], [79.29750000000001, 21.3625], [79.2825, 21.3625], [79.26750000000001, 21.3625], [79.2525, 21.3625], [79.2525, 21.3775], [79.2525, 21.3925]], [[79.2825, 21.4525], [79.2825, 21.4375], [79.29750000000001, 21.4375], [79.29750000000001, 21.4525], [79.2825, 21.4525]], [[79.29750000000001, 21.4225], [79.3125, 21.4225], [79.3125, 21.4375], [79.29750000000001, 21.4375], [79.29750000000001, 21.4225]], [[79.3125, 21.3925], [79.29750000000001, 21.3925], [79.2825, 21.3925], [79.2825, 21.3775], [79.29750000000001, 21.3775], [79.3125, 21.3775], [79.3125, 21.3925]], [[79.2825, 21.4075], [79.26750000000001, 21.4075], [79.26750000000001, 21.392500000000002], [79.2825, 21.392500000000002], [79.2825, 21.4075]]], [[[79.23750000000001, 21.4675], [79.23750000000001, 21.4525], [79.2225, 21.4525], [79.2225, 21.4675], [79.23750000000001, 21.4675]]], [[[79.32749999999999, 21.3625], [79.32749999999999, 21.3475], [79.3125, 21.3475], [79.3125, 21.3625], [79.32749999999999, 21.3625]]], [[[79.3725, 21.4375], [79.3725, 21.4525], [79.38749999999999, 21.4525], [79.4025, 21.4525], [79.4025, 21.4675], [79.38749999999999, 21.4675], [79.38749999999999, 21.482499999999998], [79.3725, 21.482499999999998], [79.3725, 21.4975], [79.35749999999999, 21.4975], [79.35749999999999, 21.5125], [79.3725, 21.5125], [79.38749999999999, 21.5125], [79.4025, 21.5125], [79.4025, 21.4975], [79.4025, 21.4825], [79.41749999999999, 21.4825], [79.41749999999999, 21.4675], [79.41749999999999, 21.4525], [79.41749999999999, 21.4375], [79.4025, 21.4375], [79.38749999999999, 21.4375], [79.3725, 21.4375]]], [[[79.3725, 21.4675], [79.3725, 21.4525], [79.35749999999999, 21.4525], [79.35749999999999, 21.4675], [79.3725, 21.4675]]], [[[79.5075, 21.4825], [79.5075, 21.4975], [79.52250000000001, 21.4975], [79.52250000000001, 21.482499999999998], [79.5075, 21.482499999999998], [79.5075, 21.4675], [79.4925, 21.4675], [79.47749999999999, 21.4675], [79.47749999999999, 21.4825], [79.4925, 21.4825], [79.5075, 21.4825]]], [[[79.44749999999999, 21.5125], [79.44749999999999, 21.4975], [79.4325, 21.4975], [79.4325, 21.5125], [79.44749999999999, 21.5125]]], [[[79.4325, 21.5275], [79.4325, 21.5125], [79.41749999999999, 21.5125], [79.4025, 21.5125], [79.4025, 21.5275], [79.41749999999999, 21.5275], [79.4325, 21.5275]]], [[[79.47749999999999, 21.5275], [79.4625, 21.5275], [79.4625, 21.5125], [79.44749999999999, 21.5125], [79.44749999999999, 21.5275], [79.4325, 21.5275], [79.4325, 21.5425], [79.44749999999999, 21.5425], [79.44749999999999, 21.5575], [79.4325, 21.5575], [79.4325, 21.572499999999998], [79.41749999999999, 21.572499999999998], [79.41749999999999, 21.5875], [79.4325, 21.5875], [79.4325, 21.6025], [79.44749999999999, 21.6025], [79.4625, 21.6025], [79.4625, 21.5875], [79.4625, 21.5725], [79.4625, 21.572499999999998], [79.4625, 21.5575], [79.47749999999999, 21.5575], [79.47749999999999, 21.5425], [79.4925, 21.5425], [79.4925, 21.5575], [79.5075, 21.5575], [79.5075, 21.572499999999998], [79.4925, 21.572499999999998], [79.4925, 21.5875], [79.4925, 21.6025], [79.4925, 21.6175], [79.5075, 21.6175], [79.5075, 21.6025], [79.52250000000001, 21.6025], [79.5375, 21.6025], [79.55250000000001, 21.6025], [79.55250000000001, 21.5875], [79.5375, 21.5875], [79.52250000000001, 21.5875], [79.52250000000001, 21.5725], [79.5375, 21.5725], [79.55250000000001, 21.5725], [79.55250000000001, 21.5575], [79.55250000000001, 21.5425], [79.5675, 21.5425], [79.5675, 21.5575], [79.5675, 21.5725], [79.58250000000001, 21.5725], [79.5975, 21.5725], [79.61250000000001, 21.5725], [79.61250000000001, 21.5575], [79.6275, 21.5575], [79.6275, 21.5425], [79.6275, 21.5275], [79.6275, 21.5125], [79.61250000000001, 21.5125], [79.61250000000001, 21.4975], [79.5975, 21.4975], [79.5975, 21.482499999999998], [79.58250000000001, 21.482499999999998], [79.58250000000001, 21.4675], [79.5675, 21.4675], [79.5675, 21.482499999999998], [79.55250000000001, 21.482499999999998], [79.55250000000001, 21.4675], [79.5375, 21.4675], [79.5375, 21.482499999999998], [79.5375, 21.4825], [79.5375, 21.4975], [79.52250000000001, 21.4975], [79.52250000000001, 21.5125], [79.5075, 21.5125], [79.4925, 21.5125], [79.4925, 21.5275], [79.47749999999999, 21.5275]], [[79.5675, 21.5275], [79.5675, 21.5125], [79.5675, 21.4975], [79.5675, 21.4825], [79.58250000000001, 21.4825], [79.58250000000001, 21.4975], [79.58250000000001, 21.5125], [79.58250000000001, 21.5275], [79.5975, 21.5275], [79.61250000000001, 21.5275], [79.61250000000001, 21.5425], [79.5975, 21.5425], [79.5975, 21.5575], [79.58250000000001, 21.5575], [79.58250000000001, 21.5425], [79.5675, 21.5425], [79.5675, 21.5275]], [[79.55250000000001, 21.4975], [79.55250000000001, 21.5125], [79.5375, 21.5125], [79.5375, 21.4975], [79.55250000000001, 21.4975]]], [[[79.41749999999999, 21.6025], [79.41749999999999, 21.6175], [79.41749999999999, 21.6325], [79.4325, 21.6325], [79.4325, 21.6175], [79.4325, 21.6025], [79.41749999999999, 21.6025]]], [[[79.5675, 21.4675], [79.5675, 21.4525], [79.55250000000001, 21.4525], [79.55250000000001, 21.4675], [79.5675, 21.4675]]]]}, "properties": {"zone_level": "top_decile", "rank": 7, "rank_score": 0.7804381591263636, "cell_count": 139, "grid_ids": ["g_21.32500_79.23000", "g_21.34000_79.24500", "g_21.34000_79.26000", "g_21.35500_79.23000", "g_21.35500_79.24500", "g_21.35500_79.32000", "g_21.37000_79.26000", "g_21.37000_79.27500", "g_21.37000_79.29000", "g_21.37000_79.30500", "g_21.37000_79.35000", "g_21.37000_79.38000", "g_21.38500_79.26000", "g_21.38500_79.27500", "g_21.38500_79.32000", "g_21.38500_79.33500", "g_21.38500_79.35000", "g_21.38500_79.36500", "g_21.38500_79.38000", "g_21.38500_79.39500", "g_21.40000_79.24500", "g_21.40000_79.26000", "g_21.40000_79.29000", "g_21.40000_79.30500", "g_21.40000_79.32000", "g_21.40000_79.33500", "g_21.40000_79.35000", "g_21.40000_79.36500", "g_21.40000_79.38000", "g_21.40000_79.39500", "g_21.41500_79.24500", "g_21.41500_79.26000", "g_21.41500_79.27500", "g_21.41500_79.29000", "g_21.41500_79.30500", "g_21.41500_79.32000", "g_21.41500_79.33500", "g_21.41500_79.35000", "g_21.41500_79.36500", "g_21.41500_79.38000", "g_21.41500_79.39500", "g_21.43000_79.23000", "g_21.43000_79.24500", "g_21.43000_79.26000", "g_21.43000_79.27500", "g_21.43000_79.29000", "g_21.43000_79.32000", "g_21.44500_79.24500", "g_21.44500_79.26000", "g_21.44500_79.27500", "g_21.44500_79.30500", "g_21.44500_79.32000", "g_21.44500_79.33500", "g_21.44500_79.35000", "g_21.44500_79.38000", "g_21.44500_79.39500", "g_21.44500_79.41000", "g_21.46000_79.23000", "g_21.46000_79.27500", "g_21.46000_79.29000", "g_21.46000_79.32000", "g_21.46000_79.36500", "g_21.46000_79.41000", "g_21.46000_79.56000", "g_21.47500_79.32000", "g_21.47500_79.39500", "g_21.47500_79.41000", "g_21.47500_79.48500", "g_21.47500_79.50000", "g_21.47500_79.54500", "g_21.47500_79.57500", "g_21.49000_79.29000", "g_21.49000_79.30500", "g_21.49000_79.38000", "g_21.49000_79.39500", "g_21.49000_79.51500", "g_21.49000_79.54500", "g_21.49000_79.56000", "g_21.49000_79.59000", "g_21.50500_79.36500", "g_21.50500_79.38000", "g_21.50500_79.39500", "g_21.50500_79.44000", "g_21.50500_79.53000", "g_21.50500_79.56000", "g_21.50500_79.59000", "g_21.50500_79.60500", "g_21.52000_79.41000", "g_21.52000_79.42500", "g_21.52000_79.45500", "g_21.52000_79.50000", "g_21.52000_79.51500", "g_21.52000_79.53000", "g_21.52000_79.54500", "g_21.52000_79.56000", "g_21.52000_79.59000", "g_21.52000_79.60500", "g_21.52000_79.62000", "g_21.53500_79.44000", "g_21.53500_79.45500", "g_21.53500_79.47000", "g_21.53500_79.48500", "g_21.53500_79.50000", "g_21.53500_79.51500", "g_21.53500_79.53000", "g_21.53500_79.54500", "g_21.53500_79.56000", "g_21.53500_79.62000", "g_21.55000_79.45500", "g_21.55000_79.47000", "g_21.55000_79.50000", "g_21.55000_79.51500", "g_21.55000_79.53000", "g_21.55000_79.54500", "g_21.55000_79.57500", "g_21.55000_79.60500", "g_21.55000_79.62000", "g_21.56500_79.44000", "g_21.56500_79.45500", "g_21.56500_79.51500", "g_21.56500_79.53000", "g_21.56500_79.54500", "g_21.56500_79.57500", "g_21.56500_79.59000", "g_21.56500_79.60500", "g_21.58000_79.42500", "g_21.58000_79.44000", "g_21.58000_79.45500", "g_21.58000_79.50000", "g_21.58000_79.51500", "g_21.59500_79.44000", "g_21.59500_79.45500", "g_21.59500_79.50000", "g_21.59500_79.51500", "g_21.59500_79.53000", "g_21.59500_79.54500", "g_21.61000_79.42500", "g_21.61000_79.50000", "g_21.62500_79.42500"], "score_mean": 0.23267413205877144, "score_median": 0.1420088879843499, "score_min": 0.08190852517326, "score_max": 0.9894150941422696, "score_std": 0.19953596355244438, "area_km2": 358.83292009840824, "nearest_occurrence_km": 18.97547099241529, "nearest_mine_km": 18.97547099241529, "provenance": "DERIVED", "method": "Scores sorted descending with stable centroid tie-breaks; select ceil(10%) and ceil(25%). 8-neighbor connected components on regular centroid grid; discard components <2 cells; polygonize cell rectangles. Rank within threshold using 0.60 mean-score percentile, 0.15 log-area percentile, 0.10 mine-proximity score, 0.15 occurrence-proximity score.", "random_seed": 20260929, "source_ref": "grid_scores_v2.csv; known_occurrences.csv; moil_mines.geojson"}}, {"type": "Feature", "id": "top_decile_008", "geometry": {"type": "MultiPolygon", "coordinates": [[[[80.0025, 21.8125], [80.0025, 21.8275], [80.01750000000001, 21.8275], [80.01750000000001, 21.8125], [80.0025, 21.8125]]], [[[80.0325, 21.8125], [80.0325, 21.8275], [80.01750000000001, 21.8275], [80.01750000000001, 21.8425], [80.0325, 21.8425], [80.04750000000001, 21.8425], [80.04750000000001, 21.8275], [80.04750000000001, 21.8125], [80.0325, 21.8125]]], [[[80.0025, 21.8275], [79.98750000000001, 21.8275], [79.98750000000001, 21.8425], [80.0025, 21.8425], [80.0025, 21.8275]]], [[[80.04750000000001, 21.8575], [80.04750000000001, 21.8725], [80.0625, 21.8725], [80.0625, 21.8875], [80.07749999999999, 21.8875], [80.0925, 21.8875], [80.0925, 21.8725], [80.0925, 21.8575], [80.0925, 21.857499999999998], [80.0925, 21.8425], [80.07749999999999, 21.8425], [80.07749999999999, 21.857499999999998], [80.0625, 21.857499999999998], [80.0625, 21.8425], [80.04750000000001, 21.8425], [80.04750000000001, 21.857499999999998], [80.04750000000001, 21.8575]]]]}, "properties": {"zone_level": "top_decile", "rank": 8, "rank_score": 0.7763133829343365, "cell_count": 12, "grid_ids": ["g_21.82000_80.01000", "g_21.82000_80.04000", "g_21.83500_79.99500", "g_21.83500_80.02500", "g_21.83500_80.04000", "g_21.85000_80.05500", "g_21.85000_80.08500", "g_21.86500_80.05500", "g_21.86500_80.07000", "g_21.86500_80.08500", "g_21.88000_80.07000", "g_21.88000_80.08500"], "score_mean": 0.23353179869206073, "score_median": 0.14244720965886254, "score_min": 0.0877657398142941, "score_max": 0.6751283318530474, "score_std": 0.2072817948571501, "area_km2": 30.88688629826019, "nearest_occurrence_km": 18.619124030723725, "nearest_mine_km": 18.619124030723725, "provenance": "DERIVED", "method": "Scores sorted descending with stable centroid tie-breaks; select ceil(10%) and ceil(25%). 8-neighbor connected components on regular centroid grid; discard components <2 cells; polygonize cell rectangles. Rank within threshold using 0.60 mean-score percentile, 0.15 log-area percentile, 0.10 mine-proximity score, 0.15 occurrence-proximity score.", "random_seed": 20260929, "source_ref": "grid_scores_v2.csv; known_occurrences.csv; moil_mines.geojson"}}, {"type": "Feature", "id": "top_decile_009", "geometry": {"type": "MultiPolygon", "coordinates": [[[[79.76249999999999, 21.3475], [79.7775, 21.3475], [79.7775, 21.3625], [79.79249999999999, 21.3625], [79.79249999999999, 21.3475], [79.79249999999999, 21.3325], [79.7775, 21.3325], [79.76249999999999, 21.3325], [79.76249999999999, 21.3475]]], [[[79.79249999999999, 21.3775], [79.79249999999999, 21.392500000000002], [79.8075, 21.392500000000002], [79.82249999999999, 21.392500000000002], [79.82249999999999, 21.4075], [79.8375, 21.4075], [79.8375, 21.3925], [79.82249999999999, 21.3925], [79.82249999999999, 21.3775], [79.8075, 21.3775], [79.8075, 21.3625], [79.79249999999999, 21.3625], [79.79249999999999, 21.3775]]]]}, "properties": {"zone_level": "top_decile", "rank": 9, "rank_score": 0.7760277918978842, "cell_count": 7, "grid_ids": ["g_21.34000_79.77000", "g_21.34000_79.78500", "g_21.35500_79.78500", "g_21.37000_79.80000", "g_21.38500_79.80000", "g_21.38500_79.81500", "g_21.40000_79.83000"], "score_mean": 0.2516999698774331, "score_median": 0.1688833190250312, "score_min": 0.0844347018405066, "score_max": 0.4721508112704601, "score_std": 0.1597177878705591, "area_km2": 18.078755960511256, "nearest_occurrence_km": 22.851271841837196, "nearest_mine_km": 22.851271841837196, "provenance": "DERIVED", "method": "Scores sorted descending with stable centroid tie-breaks; select ceil(10%) and ceil(25%). 8-neighbor connected components on regular centroid grid; discard components <2 cells; polygonize cell rectangles. Rank within threshold using 0.60 mean-score percentile, 0.15 log-area percentile, 0.10 mine-proximity score, 0.15 occurrence-proximity score.", "random_seed": 20260929, "source_ref": "grid_scores_v2.csv; known_occurrences.csv; moil_mines.geojson"}}, {"type": "Feature", "id": "top_decile_010", "geometry": {"type": "MultiPolygon", "coordinates": [[[[80.0325, 21.7225], [80.01750000000001, 21.7225], [80.01750000000001, 21.7375], [80.0325, 21.7375], [80.0325, 21.7525], [80.0325, 21.7675], [80.01750000000001, 21.7675], [80.01750000000001, 21.7525], [80.0025, 21.7525], [80.0025, 21.7675], [80.0025, 21.767500000000002], [80.0025, 21.7825], [80.01750000000001, 21.7825], [80.0325, 21.7825], [80.0325, 21.7975], [80.04750000000001, 21.7975], [80.04750000000001, 21.7825], [80.04750000000001, 21.767500000000002], [80.0625, 21.767500000000002], [80.0625, 21.7825], [80.0625, 21.7975], [80.07749999999999, 21.7975], [80.0925, 21.7975], [80.0925, 21.8125], [80.10749999999999, 21.8125], [80.10749999999999, 21.7975], [80.1225, 21.7975], [80.13749999999999, 21.7975], [80.1525, 21.7975], [80.1525, 21.7825], [80.13749999999999, 21.7825], [80.1225, 21.7825], [80.10749999999999, 21.7825], [80.0925, 21.7825], [80.07749999999999, 21.7825], [80.07749999999999, 21.7675], [80.0625, 21.7675], [80.0625, 21.7525], [80.04750000000001, 21.7525], [80.04750000000001, 21.7375], [80.04750000000001, 21.7225], [80.04750000000001, 21.7075], [80.0325, 21.7075], [80.0325, 21.7225]]], [[[79.9725, 21.7375], [79.9725, 21.7525], [79.9725, 21.7675], [79.9725, 21.767500000000002], [79.9725, 21.7825], [79.98750000000001, 21.7825], [79.98750000000001, 21.767500000000002], [79.98750000000001, 21.7675], [79.98750000000001, 21.7525], [80.0025, 21.7525], [80.0025, 21.7375], [79.98750000000001, 21.7375], [79.98750000000001, 21.7225], [79.9725, 21.7225], [79.9725, 21.7375]]]]}, "properties": {"zone_level": "top_decile", "rank": 10, "rank_score": 0.7509881693062358, "cell_count": 24, "grid_ids": ["g_21.71500_80.04000", "g_21.73000_79.98000", "g_21.73000_80.02500", "g_21.73000_80.04000", "g_21.74500_79.98000", "g_21.74500_79.99500", "g_21.74500_80.04000", "g_21.76000_79.98000", "g_21.76000_80.01000", "g_21.76000_80.04000", "g_21.76000_80.05500", "g_21.77500_79.98000", "g_21.77500_80.01000", "g_21.77500_80.02500", "g_21.77500_80.04000", "g_21.77500_80.07000", "g_21.79000_80.04000", "g_21.79000_80.07000", "g_21.79000_80.08500", "g_21.79000_80.10000", "g_21.79000_80.11500", "g_21.79000_80.13000", "g_21.79000_80.14500", "g_21.80500_80.10000"], "score_mean": 0.22591549581495637, "score_median": 0.1769690518719762, "score_min": 0.080524512815776, "score_max": 0.5739789419770127, "score_std": 0.14415216207278636, "area_km2": 61.8092923743237, "nearest_occurrence_km": 20.7721830291037, "nearest_mine_km": 20.7721830291037, "provenance": "DERIVED", "method": "Scores sorted descending with stable centroid tie-breaks; select ceil(10%) and ceil(25%). 8-neighbor connected components on regular centroid grid; discard components <2 cells; polygonize cell rectangles. Rank within threshold using 0.60 mean-score percentile, 0.15 log-area percentile, 0.10 mine-proximity score, 0.15 occurrence-proximity score.", "random_seed": 20260929, "source_ref": "grid_scores_v2.csv; known_occurrences.csv; moil_mines.geojson"}}, {"type": "Feature", "id": "top_decile_011", "geometry": {"type": "MultiPolygon", "coordinates": [[[[80.13749999999999, 21.5275], [80.1225, 21.5275], [80.1225, 21.5425], [80.13749999999999, 21.5425], [80.13749999999999, 21.5275]]], [[[80.10749999999999, 21.5575], [80.1225, 21.5575], [80.1225, 21.5425], [80.10749999999999, 21.5425], [80.10749999999999, 21.5575]]], [[[80.13749999999999, 21.5575], [80.1525, 21.5575], [80.1525, 21.5425], [80.13749999999999, 21.5425], [80.13749999999999, 21.5575]]]]}, "properties": {"zone_level": "top_decile", "rank": 11, "rank_score": 0.7374512517574822, "cell_count": 3, "grid_ids": ["g_21.53500_80.13000", "g_21.55000_80.11500", "g_21.55000_80.14500"], "score_mean": 0.3865469610956385, "score_median": 0.2470655318423509, "score_min": 0.1010366523876278, "score_max": 0.8115386990569369, "score_std": 0.30637078995907796, "area_km2": 7.737428254800459, "nearest_occurrence_km": 33.65423073183139, "nearest_mine_km": 33.65423073183139, "provenance": "DERIVED", "method": "Scores sorted descending with stable centroid tie-breaks; select ceil(10%) and ceil(25%). 8-neighbor connected components on regular centroid grid; discard components <2 cells; polygonize cell rectangles. Rank within threshold using 0.60 mean-score percentile, 0.15 log-area percentile, 0.10 mine-proximity score, 0.15 occurrence-proximity score.", "random_seed": 20260929, "source_ref": "grid_scores_v2.csv; known_occurrences.csv; moil_mines.geojson"}}, {"type": "Feature", "id": "top_decile_012", "geometry": {"type": "Polygon", "coordinates": [[[79.5375, 21.6175], [79.5375, 21.6325], [79.55250000000001, 21.6325], [79.55250000000001, 21.6475], [79.5675, 21.6475], [79.5675, 21.6325], [79.5675, 21.6175], [79.55250000000001, 21.6175], [79.5375, 21.6175]]]}, "properties": {"zone_level": "top_decile", "rank": 12, "rank_score": 0.722989320354751, "cell_count": 3, "grid_ids": ["g_21.62500_79.54500", "g_21.62500_79.56000", "g_21.64000_79.56000"], "score_mean": 0.2386618330066219, "score_median": 0.172475704945629, "score_min": 0.098844842843642, "score_max": 0.4446649512305946, "score_std": 0.1487354239401193, "area_km2": 7.735716949796688, "nearest_occurrence_km": 16.907791881433862, "nearest_mine_km": 16.907791881433862, "provenance": "DERIVED", "method": "Scores sorted descending with stable centroid tie-breaks; select ceil(10%) and ceil(25%). 8-neighbor connected components on regular centroid grid; discard components <2 cells; polygonize cell rectangles. Rank within threshold using 0.60 mean-score percentile, 0.15 log-area percentile, 0.10 mine-proximity score, 0.15 occurrence-proximity score.", "random_seed": 20260929, "source_ref": "grid_scores_v2.csv; known_occurrences.csv; moil_mines.geojson"}}, {"type": "Feature", "id": "top_decile_013", "geometry": {"type": "MultiPolygon", "coordinates": [[[[79.2225, 21.482499999999998], [79.2225, 21.4975], [79.2225, 21.5125], [79.23750000000001, 21.5125], [79.2525, 21.5125], [79.2525, 21.4975], [79.23750000000001, 21.4975], [79.23750000000001, 21.482499999999998], [79.2225, 21.482499999999998]]], [[[79.2525, 21.5275], [79.26750000000001, 21.5275], [79.26750000000001, 21.5425], [79.2825, 21.5425], [79.2825, 21.5275], [79.2825, 21.5125], [79.26750000000001, 21.5125], [79.2525, 21.5125], [79.2525, 21.5275]]]]}, "properties": {"zone_level": "top_decile", "rank": 13, "rank_score": 0.6919899834679084, "cell_count": 6, "grid_ids": ["g_21.49000_79.23000", "g_21.50500_79.23000", "g_21.50500_79.24500", "g_21.52000_79.26000", "g_21.52000_79.27500", "g_21.53500_79.27500"], "score_mean": 0.19912506070276517, "score_median": 0.1604719810668599, "score_min": 0.0830770941831234, "score_max": 0.4680533815241062, "score_std": 0.1364490966870292, "area_km2": 15.487673216586188, "nearest_occurrence_km": 12.459105430969554, "nearest_mine_km": 12.459105430969554, "provenance": "DERIVED", "method": "Scores sorted descending with stable centroid tie-breaks; select ceil(10%) and ceil(25%). 8-neighbor connected components on regular centroid grid; discard components <2 cells; polygonize cell rectangles. Rank within threshold using 0.60 mean-score percentile, 0.15 log-area percentile, 0.10 mine-proximity score, 0.15 occurrence-proximity score.", "random_seed": 20260929, "source_ref": "grid_scores_v2.csv; known_occurrences.csv; moil_mines.geojson"}}, {"type": "Feature", "id": "top_decile_014", "geometry": {"type": "Polygon", "coordinates": [[[79.35749999999999, 21.0925], [79.3425, 21.0925], [79.3425, 21.107499999999998], [79.3425, 21.1075], [79.3425, 21.1225], [79.35749999999999, 21.1225], [79.35749999999999, 21.1075], [79.35749999999999, 21.107499999999998], [79.35749999999999, 21.0925]]]}, "properties": {"zone_level": "top_decile", "rank": 14, "rank_score": 0.6915898432578369, "cell_count": 2, "grid_ids": ["g_21.10000_79.35000", "g_21.11500_79.35000"], "score_mean": 0.3085837696328781, "score_median": 0.3085837696328781, "score_min": 0.1331687821856541, "score_max": 0.4839987570801021, "score_std": 0.175414987447224, "area_km2": 5.1760459857274, "nearest_occurrence_km": 34.0077766533125, "nearest_mine_km": 34.0077766533125, "provenance": "DERIVED", "method": "Scores sorted descending with stable centroid tie-breaks; select ceil(10%) and ceil(25%). 8-neighbor connected components on regular centroid grid; discard components <2 cells; polygonize cell rectangles. Rank within threshold using 0.60 mean-score percentile, 0.15 log-area percentile, 0.10 mine-proximity score, 0.15 occurrence-proximity score.", "random_seed": 20260929, "source_ref": "grid_scores_v2.csv; known_occurrences.csv; moil_mines.geojson"}}, {"type": "Feature", "id": "top_decile_015", "geometry": {"type": "MultiPolygon", "coordinates": [[[[80.3475, 21.8275], [80.3475, 21.8425], [80.36250000000001, 21.8425], [80.36250000000001, 21.8275], [80.36250000000001, 21.8125], [80.3475, 21.8125], [80.3475, 21.8275]]], [[[80.4075, 21.8275], [80.39250000000001, 21.8275], [80.39250000000001, 21.8425], [80.3775, 21.8425], [80.36250000000001, 21.8425], [80.36250000000001, 21.857499999999998], [80.3475, 21.857499999999998], [80.3475, 21.8725], [80.36250000000001, 21.8725], [80.3775, 21.8725], [80.3775, 21.8575], [80.39250000000001, 21.8575], [80.4075, 21.8575], [80.4075, 21.8425], [80.4075, 21.8275]]], [[[80.3475, 21.8725], [80.33250000000001, 21.8725], [80.33250000000001, 21.8875], [80.3475, 21.8875], [80.3475, 21.8725]]]]}, "properties": {"zone_level": "top_decile", "rank": 15, "rank_score": 0.6743469912349137, "cell_count": 9, "grid_ids": ["g_21.82000_80.35500", "g_21.83500_80.35500", "g_21.83500_80.40000", "g_21.85000_80.37000", "g_21.85000_80.38500", "g_21.85000_80.40000", "g_21.86500_80.35500", "g_21.86500_80.37000", "g_21.88000_80.34000"], "score_mean": 0.19069902098309657, "score_median": 0.1394689942659426, "score_min": 0.0831451128293389, "score_max": 0.3811493362298755, "score_std": 0.10091742345492566, "area_km2": 23.16208553472223, "nearest_occurrence_km": 14.247242866002342, "nearest_mine_km": 14.247242866002342, "provenance": "DERIVED", "method": "Scores sorted descending with stable centroid tie-breaks; select ceil(10%) and ceil(25%). 8-neighbor connected components on regular centroid grid; discard components <2 cells; polygonize cell rectangles. Rank within threshold using 0.60 mean-score percentile, 0.15 log-area percentile, 0.10 mine-proximity score, 0.15 occurrence-proximity score.", "random_seed": 20260929, "source_ref": "grid_scores_v2.csv; known_occurrences.csv; moil_mines.geojson"}}, {"type": "Feature", "id": "top_decile_016", "geometry": {"type": "Polygon", "coordinates": [[[79.3125, 21.197499999999998], [79.29750000000001, 21.197499999999998], [79.29750000000001, 21.2125], [79.29750000000001, 21.2275], [79.3125, 21.2275], [79.32749999999999, 21.2275], [79.32749999999999, 21.2125], [79.3125, 21.2125], [79.3125, 21.197499999999998]]]}, "properties": {"zone_level": "top_decile", "rank": 16, "rank_score": 0.6713797676769577, "cell_count": 3, "grid_ids": ["g_21.20500_79.30500", "g_21.22000_79.30500", "g_21.22000_79.32000"], "score_mean": 0.22246957839297443, "score_median": 0.1497867098700649, "score_min": 0.0810891936303634, "score_max": 0.436532831678495, "score_std": 0.1539418602151728, "area_km2": 7.758831409558078, "nearest_occurrence_km": 21.40837161651109, "nearest_mine_km": 21.40837161651109, "provenance": "DERIVED", "method": "Scores sorted descending with stable centroid tie-breaks; select ceil(10%) and ceil(25%). 8-neighbor connected components on regular centroid grid; discard components <2 cells; polygonize cell rectangles. Rank within threshold using 0.60 mean-score percentile, 0.15 log-area percentile, 0.10 mine-proximity score, 0.15 occurrence-proximity score.", "random_seed": 20260929, "source_ref": "grid_scores_v2.csv; known_occurrences.csv; moil_mines.geojson"}}, {"type": "Feature", "id": "top_decile_017", "geometry": {"type": "MultiPolygon", "coordinates": [[[[80.10749999999999, 21.8425], [80.1225, 21.8425], [80.13749999999999, 21.8425], [80.13749999999999, 21.8275], [80.1225, 21.8275], [80.10749999999999, 21.8275], [80.10749999999999, 21.8425]]], [[[80.1525, 21.8425], [80.13749999999999, 21.8425], [80.13749999999999, 21.857499999999998], [80.1225, 21.857499999999998], [80.10749999999999, 21.857499999999998], [80.10749999999999, 21.8725], [80.1225, 21.8725], [80.13749999999999, 21.8725], [80.13749999999999, 21.8575], [80.1525, 21.8575], [80.1525, 21.8425]]]]}, "properties": {"zone_level": "top_decile", "rank": 17, "rank_score": 0.6236300159649278, "cell_count": 5, "grid_ids": ["g_21.83500_80.11500", "g_21.83500_80.13000", "g_21.85000_80.14500", "g_21.86500_80.11500", "g_21.86500_80.13000"], "score_mean": 0.1533575810884403, "score_median": 0.141927008935666, "score_min": 0.0872192476522481, "score_max": 0.2365813068785488, "score_std": 0.05868513634648134, "area_km2": 12.869065180676419, "nearest_occurrence_km": 10.814685034084148, "nearest_mine_km": 10.814685034084148, "provenance": "DERIVED", "method": "Scores sorted descending with stable centroid tie-breaks; select ceil(10%) and ceil(25%). 8-neighbor connected components on regular centroid grid; discard components <2 cells; polygonize cell rectangles. Rank within threshold using 0.60 mean-score percentile, 0.15 log-area percentile, 0.10 mine-proximity score, 0.15 occurrence-proximity score.", "random_seed": 20260929, "source_ref": "grid_scores_v2.csv; known_occurrences.csv; moil_mines.geojson"}}, {"type": "Feature", "id": "top_decile_018", "geometry": {"type": "MultiPolygon", "coordinates": [[[[79.4325, 21.1225], [79.41749999999999, 21.1225], [79.41749999999999, 21.1375], [79.4325, 21.1375], [79.4325, 21.1225]]], [[[79.4025, 21.1525], [79.4025, 21.1675], [79.4025, 21.1825], [79.41749999999999, 21.1825], [79.41749999999999, 21.1675], [79.41749999999999, 21.1525], [79.41749999999999, 21.1375], [79.4025, 21.1375], [79.4025, 21.1525]]]]}, "properties": {"zone_level": "top_decile", "rank": 18, "rank_score": 0.6149958257334193, "cell_count": 4, "grid_ids": ["g_21.13000_79.42500", "g_21.14500_79.41000", "g_21.16000_79.41000", "g_21.17500_79.41000"], "score_mean": 0.20835597293932234, "score_median": 0.14518978997748955, "score_min": 0.0945376755012706, "score_max": 0.4485066363010396, "score_std": 0.14165384174024145, "area_km2": 10.34844956583687, "nearest_occurrence_km": 32.243839888322746, "nearest_mine_km": 32.243839888322746, "provenance": "DERIVED", "method": "Scores sorted descending with stable centroid tie-breaks; select ceil(10%) and ceil(25%). 8-neighbor connected components on regular centroid grid; discard components <2 cells; polygonize cell rectangles. Rank within threshold using 0.60 mean-score percentile, 0.15 log-area percentile, 0.10 mine-proximity score, 0.15 occurrence-proximity score.", "random_seed": 20260929, "source_ref": "grid_scores_v2.csv; known_occurrences.csv; moil_mines.geojson"}}, {"type": "Feature", "id": "top_decile_019", "geometry": {"type": "MultiPolygon", "coordinates": [[[[80.39250000000001, 22.0225], [80.39250000000001, 22.0375], [80.39250000000001, 22.052500000000002], [80.4075, 22.052500000000002], [80.4075, 22.0375], [80.42250000000001, 22.0375], [80.42250000000001, 22.0225], [80.4375, 22.0225], [80.4375, 22.0075], [80.42250000000001, 22.0075], [80.4075, 22.0075], [80.39250000000001, 22.0075], [80.39250000000001, 22.0225]]], [[[80.4375, 22.052500000000002], [80.4375, 22.0375], [80.42250000000001, 22.0375], [80.42250000000001, 22.052500000000002], [80.4375, 22.052500000000002]]]]}, "properties": {"zone_level": "top_decile", "rank": 19, "rank_score": 0.6075560620739577, "cell_count": 7, "grid_ids": ["g_22.01500_80.40000", "g_22.01500_80.41500", "g_22.01500_80.43000", "g_22.03000_80.40000", "g_22.03000_80.41500", "g_22.04500_80.40000", "g_22.04500_80.43000"], "score_mean": 0.14672459828960618, "score_median": 0.1707124768310851, "score_min": 0.0862117558822161, "score_max": 0.1815415534571385, "score_std": 0.037190789655333754, "area_km2": 17.992711058693025, "nearest_occurrence_km": 8.70677761996337, "nearest_mine_km": 8.70677761996337, "provenance": "DERIVED", "method": "Scores sorted descending with stable centroid tie-breaks; select ceil(10%) and ceil(25%). 8-neighbor connected components on regular centroid grid; discard components <2 cells; polygonize cell rectangles. Rank within threshold using 0.60 mean-score percentile, 0.15 log-area percentile, 0.10 mine-proximity score, 0.15 occurrence-proximity score.", "random_seed": 20260929, "source_ref": "grid_scores_v2.csv; known_occurrences.csv; moil_mines.geojson"}}, {"type": "Feature", "id": "top_decile_020", "geometry": {"type": "MultiPolygon", "coordinates": [[[[79.44749999999999, 21.1375], [79.4625, 21.1375], [79.47749999999999, 21.1375], [79.4925, 21.1375], [79.4925, 21.1225], [79.47749999999999, 21.1225], [79.4625, 21.1225], [79.44749999999999, 21.1225], [79.44749999999999, 21.1375]]], [[[79.5075, 21.1525], [79.5075, 21.1375], [79.4925, 21.1375], [79.4925, 21.1525], [79.5075, 21.1525]]]]}, "properties": {"zone_level": "top_decile", "rank": 20, "rank_score": 0.602457889589621, "cell_count": 4, "grid_ids": ["g_21.13000_79.45500", "g_21.13000_79.47000", "g_21.13000_79.48500", "g_21.14500_79.50000"], "score_mean": 0.2213256461389203, "score_median": 0.2167557690766292, "score_min": 0.1883394904968519, "score_max": 0.2634515559055709, "score_std": 0.02743812712946503, "area_km2": 10.34918477407338, "nearest_occurrence_km": 37.76749736210804, "nearest_mine_km": 37.76749736210804, "provenance": "DERIVED", "method": "Scores sorted descending with stable centroid tie-breaks; select ceil(10%) and ceil(25%). 8-neighbor connected components on regular centroid grid; discard components <2 cells; polygonize cell rectangles. Rank within threshold using 0.60 mean-score percentile, 0.15 log-area percentile, 0.10 mine-proximity score, 0.15 occurrence-proximity score.", "random_seed": 20260929, "source_ref": "grid_scores_v2.csv; known_occurrences.csv; moil_mines.geojson"}}, {"type": "Feature", "id": "top_decile_021", "geometry": {"type": "MultiPolygon", "coordinates": [[[[80.10749999999999, 21.4375], [80.10749999999999, 21.4525], [80.1225, 21.4525], [80.1225, 21.4375], [80.10749999999999, 21.4375]]], [[[80.10749999999999, 21.4675], [80.10749999999999, 21.4525], [80.0925, 21.4525], [80.0925, 21.4675], [80.10749999999999, 21.4675]]], [[[80.0925, 21.4825], [80.0925, 21.4675], [80.07749999999999, 21.4675], [80.07749999999999, 21.4825], [80.0925, 21.4825]]], [[[80.10749999999999, 21.4675], [80.10749999999999, 21.482499999999998], [80.10749999999999, 21.4825], [80.10749999999999, 21.4975], [80.1225, 21.4975], [80.13749999999999, 21.4975], [80.13749999999999, 21.4825], [80.1525, 21.4825], [80.1525, 21.4675], [80.13749999999999, 21.4675], [80.1225, 21.4675], [80.10749999999999, 21.4675]]]]}, "properties": {"zone_level": "top_decile", "rank": 21, "rank_score": 0.5833146300344153, "cell_count": 8, "grid_ids": ["g_21.44500_80.11500", "g_21.46000_80.10000", "g_21.47500_80.08500", "g_21.47500_80.11500", "g_21.47500_80.13000", "g_21.47500_80.14500", "g_21.49000_80.11500", "g_21.49000_80.13000"], "score_mean": 0.2066764510678526, "score_median": 0.18304013292234986, "score_min": 0.0898994149229518, "score_max": 0.3858992857520305, "score_std": 0.09738877542306541, "area_km2": 20.64323882167222, "nearest_occurrence_km": 41.64877445721782, "nearest_mine_km": 41.64877445721782, "provenance": "DERIVED", "method": "Scores sorted descending with stable centroid tie-breaks; select ceil(10%) and ceil(25%). 8-neighbor connected components on regular centroid grid; discard components <2 cells; polygonize cell rectangles. Rank within threshold using 0.60 mean-score percentile, 0.15 log-area percentile, 0.10 mine-proximity score, 0.15 occurrence-proximity score.", "random_seed": 20260929, "source_ref": "grid_scores_v2.csv; known_occurrences.csv; moil_mines.geojson"}}, {"type": "Feature", "id": "top_decile_022", "geometry": {"type": "MultiPolygon", "coordinates": [[[[80.2875, 21.7525], [80.2875, 21.767500000000002], [80.30250000000001, 21.767500000000002], [80.30250000000001, 21.7525], [80.3175, 21.7525], [80.3175, 21.7375], [80.30250000000001, 21.7375], [80.2875, 21.7375], [80.2875, 21.7525]]], [[[80.3175, 21.767500000000002], [80.33250000000001, 21.767500000000002], [80.33250000000001, 21.7525], [80.3175, 21.7525], [80.3175, 21.767500000000002]]]]}, "properties": {"zone_level": "top_decile", "rank": 22, "rank_score": 0.5722100140107446, "cell_count": 4, "grid_ids": ["g_21.74500_80.29500", "g_21.74500_80.31000", "g_21.76000_80.29500", "g_21.76000_80.32500"], "score_mean": 0.1508811031116491, "score_median": 0.14166623631665903, "score_min": 0.0854157548023293, "score_max": 0.2347761850109489, "score_std": 0.05426469334287388, "area_km2": 10.301338611276988, "nearest_occurrence_km": 11.698909681351685, "nearest_mine_km": 11.698909681351685, "provenance": "DERIVED", "method": "Scores sorted descending with stable centroid tie-breaks; select ceil(10%) and ceil(25%). 8-neighbor connected components on regular centroid grid; discard components <2 cells; polygonize cell rectangles. Rank within threshold using 0.60 mean-score percentile, 0.15 log-area percentile, 0.10 mine-proximity score, 0.15 occurrence-proximity score.", "random_seed": 20260929, "source_ref": "grid_scores_v2.csv; known_occurrences.csv; moil_mines.geojson"}}, {"type": "Feature", "id": "top_decile_023", "geometry": {"type": "MultiPolygon", "coordinates": [[[[79.8375, 21.3325], [79.8375, 21.3175], [79.82249999999999, 21.3175], [79.82249999999999, 21.3325], [79.8375, 21.3325]]], [[[79.8075, 21.3325], [79.8075, 21.3475], [79.82249999999999, 21.3475], [79.82249999999999, 21.3325], [79.8075, 21.3325]]]]}, "properties": {"zone_level": "top_decile", "rank": 23, "rank_score": 0.5559895902197466, "cell_count": 2, "grid_ids": ["g_21.32500_79.83000", "g_21.34000_79.81500"], "score_mean": 0.2035937805332756, "score_median": 0.2035937805332756, "score_min": 0.1864521487147392, "score_max": 0.220735412351812, "score_std": 0.017141631818536396, "area_km2": 5.166496313235851, "nearest_occurrence_km": 27.510318218516684, "nearest_mine_km": 27.510318218516684, "provenance": "DERIVED", "method": "Scores sorted descending with stable centroid tie-breaks; select ceil(10%) and ceil(25%). 8-neighbor connected components on regular centroid grid; discard components <2 cells; polygonize cell rectangles. Rank within threshold using 0.60 mean-score percentile, 0.15 log-area percentile, 0.10 mine-proximity score, 0.15 occurrence-proximity score.", "random_seed": 20260929, "source_ref": "grid_scores_v2.csv; known_occurrences.csv; moil_mines.geojson"}}, {"type": "Feature", "id": "top_decile_024", "geometry": {"type": "MultiPolygon", "coordinates": [[[[79.61250000000001, 21.2275], [79.61250000000001, 21.2425], [79.6275, 21.2425], [79.64250000000001, 21.2425], [79.64250000000001, 21.2275], [79.6275, 21.2275], [79.6275, 21.2125], [79.61250000000001, 21.2125], [79.61250000000001, 21.2275]]], [[[79.64250000000001, 21.2275], [79.6575, 21.2275], [79.6575, 21.2125], [79.64250000000001, 21.2125], [79.64250000000001, 21.2275]]]]}, "properties": {"zone_level": "top_decile", "rank": 24, "rank_score": 0.5450299466699673, "cell_count": 4, "grid_ids": ["g_21.22000_79.62000", "g_21.22000_79.65000", "g_21.23500_79.62000", "g_21.23500_79.63500"], "score_mean": 0.19798196364606493, "score_median": 0.2018754235787001, "score_min": 0.1064345045909609, "score_max": 0.2817425028358986, "score_std": 0.06321259872380525, "area_km2": 10.341545370333462, "nearest_occurrence_km": 36.29190228173242, "nearest_mine_km": 36.29190228173242, "provenance": "DERIVED", "method": "Scores sorted descending with stable centroid tie-breaks; select ceil(10%) and ceil(25%). 8-neighbor connected components on regular centroid grid; discard components <2 cells; polygonize cell rectangles. Rank within threshold using 0.60 mean-score percentile, 0.15 log-area percentile, 0.10 mine-proximity score, 0.15 occurrence-proximity score.", "random_seed": 20260929, "source_ref": "grid_scores_v2.csv; known_occurrences.csv; moil_mines.geojson"}}, {"type": "Feature", "id": "top_decile_025", "geometry": {"type": "MultiPolygon", "coordinates": [[[[79.52250000000001, 21.2425], [79.52250000000001, 21.2575], [79.5375, 21.2575], [79.5375, 21.2425], [79.52250000000001, 21.2425]]], [[[79.52250000000001, 21.2725], [79.52250000000001, 21.2575], [79.5075, 21.2575], [79.5075, 21.2725], [79.52250000000001, 21.2725]]], [[[79.5675, 21.2725], [79.58250000000001, 21.2725], [79.58250000000001, 21.2575], [79.5675, 21.2575], [79.55250000000001, 21.2575], [79.55250000000001, 21.2725], [79.5675, 21.2725]]], [[[79.52250000000001, 21.2725], [79.52250000000001, 21.2875], [79.52250000000001, 21.302500000000002], [79.5375, 21.302500000000002], [79.5375, 21.3175], [79.55250000000001, 21.3175], [79.55250000000001, 21.302500000000002], [79.5675, 21.302500000000002], [79.58250000000001, 21.302500000000002], [79.58250000000001, 21.2875], [79.5675, 21.2875], [79.55250000000001, 21.2875], [79.55250000000001, 21.2725], [79.5375, 21.2725], [79.52250000000001, 21.2725]], [[79.55250000000001, 21.3025], [79.5375, 21.3025], [79.5375, 21.2875], [79.55250000000001, 21.2875], [79.55250000000001, 21.3025]]]]}, "properties": {"zone_level": "top_decile", "rank": 25, "rank_score": 0.5234959765909026, "cell_count": 10, "grid_ids": ["g_21.25000_79.53000", "g_21.26500_79.51500", "g_21.26500_79.56000", "g_21.26500_79.57500", "g_21.28000_79.53000", "g_21.28000_79.54500", "g_21.29500_79.53000", "g_21.29500_79.56000", "g_21.29500_79.57500", "g_21.31000_79.54500"], "score_mean": 0.15324640091947533, "score_median": 0.1114343677521995, "score_min": 0.0858433632055918, "score_max": 0.3220218983546469, "score_std": 0.08846121999098279, "area_km2": 25.846501431064226, "nearest_occurrence_km": 33.502045861148936, "nearest_mine_km": 33.502045861148936, "provenance": "DERIVED", "method": "Scores sorted descending with stable centroid tie-breaks; select ceil(10%) and ceil(25%). 8-neighbor connected components on regular centroid grid; discard components <2 cells; polygonize cell rectangles. Rank within threshold using 0.60 mean-score percentile, 0.15 log-area percentile, 0.10 mine-proximity score, 0.15 occurrence-proximity score.", "random_seed": 20260929, "source_ref": "grid_scores_v2.csv; known_occurrences.csv; moil_mines.geojson"}}, {"type": "Feature", "id": "top_decile_026", "geometry": {"type": "Polygon", "coordinates": [[[80.45249999999999, 21.857499999999998], [80.45249999999999, 21.8575], [80.45249999999999, 21.8725], [80.4675, 21.8725], [80.4675, 21.8575], [80.48249999999999, 21.8575], [80.48249999999999, 21.8725], [80.48249999999999, 21.8875], [80.4975, 21.8875], [80.4975, 21.8725], [80.4975, 21.857499999999998], [80.48249999999999, 21.857499999999998], [80.48249999999999, 21.8425], [80.4675, 21.8425], [80.45249999999999, 21.8425], [80.45249999999999, 21.857499999999998]]]}, "properties": {"zone_level": "top_decile", "rank": 26, "rank_score": 0.5208948795625387, "cell_count": 5, "grid_ids": ["g_21.85000_80.46000", "g_21.85000_80.47500", "g_21.86500_80.46000", "g_21.86500_80.49000", "g_21.88000_80.49000"], "score_mean": 0.13160468628574976, "score_median": 0.1144242738100383, "score_min": 0.0959156555871422, "score_max": 0.2160494762848579, "score_std": 0.04448466891196293, "area_km2": 12.866356884478392, "nearest_occurrence_km": 11.96555190056684, "nearest_mine_km": 11.96555190056684, "provenance": "DERIVED", "method": "Scores sorted descending with stable centroid tie-breaks; select ceil(10%) and ceil(25%). 8-neighbor connected components on regular centroid grid; discard components <2 cells; polygonize cell rectangles. Rank within threshold using 0.60 mean-score percentile, 0.15 log-area percentile, 0.10 mine-proximity score, 0.15 occurrence-proximity score.", "random_seed": 20260929, "source_ref": "grid_scores_v2.csv; known_occurrences.csv; moil_mines.geojson"}}, {"type": "Feature", "id": "top_decile_027", "geometry": {"type": "Polygon", "coordinates": [[[80.19749999999999, 21.4375], [80.19749999999999, 21.4525], [80.1825, 21.4525], [80.1825, 21.4675], [80.1825, 21.482499999999998], [80.1825, 21.4825], [80.1825, 21.4975], [80.19749999999999, 21.4975], [80.2125, 21.4975], [80.2125, 21.482499999999998], [80.19749999999999, 21.482499999999998], [80.19749999999999, 21.4675], [80.2125, 21.4675], [80.2125, 21.4525], [80.2125, 21.4375], [80.19749999999999, 21.4375]]]}, "properties": {"zone_level": "top_decile", "rank": 27, "rank_score": 0.4924935763897594, "cell_count": 6, "grid_ids": ["g_21.44500_80.20500", "g_21.46000_80.19000", "g_21.46000_80.20500", "g_21.47500_80.19000", "g_21.49000_80.19000", "g_21.49000_80.20500"], "score_mean": 0.1568741795374382, "score_median": 0.1160544472594733, "score_min": 0.1043025577763327, "score_max": 0.3306146676653922, "score_std": 0.08076258167733494, "area_km2": 15.482194115890348, "nearest_occurrence_km": 40.384072732391395, "nearest_mine_km": 40.384072732391395, "provenance": "DERIVED", "method": "Scores sorted descending with stable centroid tie-breaks; select ceil(10%) and ceil(25%). 8-neighbor connected components on regular centroid grid; discard components <2 cells; polygonize cell rectangles. Rank within threshold using 0.60 mean-score percentile, 0.15 log-area percentile, 0.10 mine-proximity score, 0.15 occurrence-proximity score.", "random_seed": 20260929, "source_ref": "grid_scores_v2.csv; known_occurrences.csv; moil_mines.geojson"}}, {"type": "Feature", "id": "top_decile_028", "geometry": {"type": "Polygon", "coordinates": [[[79.8075, 21.572499999999998], [79.79249999999999, 21.572499999999998], [79.7775, 21.572499999999998], [79.7775, 21.5875], [79.79249999999999, 21.5875], [79.8075, 21.5875], [79.82249999999999, 21.5875], [79.82249999999999, 21.5725], [79.82249999999999, 21.572499999999998], [79.82249999999999, 21.5575], [79.8075, 21.5575], [79.8075, 21.572499999999998]]]}, "properties": {"zone_level": "top_decile", "rank": 28, "rank_score": 0.4868078716417258, "cell_count": 4, "grid_ids": ["g_21.56500_79.81500", "g_21.58000_79.78500", "g_21.58000_79.80000", "g_21.58000_79.81500"], "score_mean": 0.12627074524058038, "score_median": 0.11050181340936464, "score_min": 0.0837140185060841, "score_max": 0.2003653356375081, "score_std": 0.04579570854575534, "area_km2": 10.316241123001985, "nearest_occurrence_km": 11.72081158775586, "nearest_mine_km": 11.72081158775586, "provenance": "DERIVED", "method": "Scores sorted descending with stable centroid tie-breaks; select ceil(10%) and ceil(25%). 8-neighbor connected components on regular centroid grid; discard components <2 cells; polygonize cell rectangles. Rank within threshold using 0.60 mean-score percentile, 0.15 log-area percentile, 0.10 mine-proximity score, 0.15 occurrence-proximity score.", "random_seed": 20260929, "source_ref": "grid_scores_v2.csv; known_occurrences.csv; moil_mines.geojson"}}, {"type": "Feature", "id": "top_decile_029", "geometry": {"type": "Polygon", "coordinates": [[[79.2225, 21.0925], [79.2225, 21.1075], [79.23750000000001, 21.1075], [79.2525, 21.1075], [79.2525, 21.0925], [79.23750000000001, 21.0925], [79.2225, 21.0925]]]}, "properties": {"zone_level": "top_decile", "rank": 29, "rank_score": 0.48654444217117365, "cell_count": 2, "grid_ids": ["g_21.10000_79.23000", "g_21.10000_79.24500"], "score_mean": 0.17689433445997774, "score_median": 0.17689433445997774, "score_min": 0.0934725845350744, "score_max": 0.2603160843848811, "score_std": 0.08342174992490334, "area_km2": 5.176831993357591, "nearest_occurrence_km": 33.24176484177573, "nearest_mine_km": 33.24176484177573, "provenance": "DERIVED", "method": "Scores sorted descending with stable centroid tie-breaks; select ceil(10%) and ceil(25%). 8-neighbor connected components on regular centroid grid; discard components <2 cells; polygonize cell rectangles. Rank within threshold using 0.60 mean-score percentile, 0.15 log-area percentile, 0.10 mine-proximity score, 0.15 occurrence-proximity score.", "random_seed": 20260929, "source_ref": "grid_scores_v2.csv; known_occurrences.csv; moil_mines.geojson"}}, {"type": "Feature", "id": "top_decile_030", "geometry": {"type": "Polygon", "coordinates": [[[79.2225, 21.2425], [79.20750000000001, 21.2425], [79.20750000000001, 21.2575], [79.20750000000001, 21.2725], [79.2225, 21.2725], [79.2225, 21.2575], [79.2225, 21.2425]]]}, "properties": {"zone_level": "top_decile", "rank": 30, "rank_score": 0.47652745172882294, "cell_count": 2, "grid_ids": ["g_21.25000_79.21500", "g_21.26500_79.21500"], "score_mean": 0.13616913605186975, "score_median": 0.13616913605186975, "score_min": 0.0886743093235947, "score_max": 0.1836639627801448, "score_std": 0.047494826728275055, "area_km2": 5.17155024887913, "nearest_occurrence_km": 16.190439216279206, "nearest_mine_km": 16.190439216279206, "provenance": "DERIVED", "method": "Scores sorted descending with stable centroid tie-breaks; select ceil(10%) and ceil(25%). 8-neighbor connected components on regular centroid grid; discard components <2 cells; polygonize cell rectangles. Rank within threshold using 0.60 mean-score percentile, 0.15 log-area percentile, 0.10 mine-proximity score, 0.15 occurrence-proximity score.", "random_seed": 20260929, "source_ref": "grid_scores_v2.csv; known_occurrences.csv; moil_mines.geojson"}}, {"type": "Feature", "id": "top_decile_031", "geometry": {"type": "Polygon", "coordinates": [[[80.30250000000001, 21.6025], [80.2875, 21.6025], [80.2875, 21.6175], [80.27250000000001, 21.6175], [80.2575, 21.6175], [80.2425, 21.6175], [80.2425, 21.6325], [80.2575, 21.6325], [80.27250000000001, 21.6325], [80.27250000000001, 21.6475], [80.2575, 21.6475], [80.2575, 21.6625], [80.27250000000001, 21.6625], [80.2875, 21.6625], [80.2875, 21.6475], [80.2875, 21.6325], [80.30250000000001, 21.6325], [80.30250000000001, 21.6175], [80.30250000000001, 21.6025]]]}, "properties": {"zone_level": "top_decile", "rank": 31, "rank_score": 0.47399961785205474, "cell_count": 8, "grid_ids": ["g_21.61000_80.29500", "g_21.62500_80.25000", "g_21.62500_80.26500", "g_21.62500_80.28000", "g_21.62500_80.29500", "g_21.64000_80.28000", "g_21.65500_80.26500", "g_21.65500_80.28000"], "score_mean": 0.12645447666844806, "score_median": 0.09916476247533121, "score_min": 0.0814385668921264, "score_max": 0.3410481706107636, "score_std": 0.08204723761428635, "area_km2": 20.6196881653789, "nearest_occurrence_km": 22.666161495880853, "nearest_mine_km": 22.666161495880853, "provenance": "DERIVED", "method": "Scores sorted descending with stable centroid tie-breaks; select ceil(10%) and ceil(25%). 8-neighbor connected components on regular centroid grid; discard components <2 cells; polygonize cell rectangles. Rank within threshold using 0.60 mean-score percentile, 0.15 log-area percentile, 0.10 mine-proximity score, 0.15 occurrence-proximity score.", "random_seed": 20260929, "source_ref": "grid_scores_v2.csv; known_occurrences.csv; moil_mines.geojson"}}, {"type": "Feature", "id": "top_decile_032", "geometry": {"type": "Polygon", "coordinates": [[[80.22749999999999, 21.7825], [80.2125, 21.7825], [80.2125, 21.7975], [80.2125, 21.8125], [80.22749999999999, 21.8125], [80.22749999999999, 21.7975], [80.22749999999999, 21.7825]]]}, "properties": {"zone_level": "top_decile", "rank": 32, "rank_score": 0.47392939628471054, "cell_count": 2, "grid_ids": ["g_21.79000_80.22000", "g_21.80500_80.22000"], "score_mean": 0.132428824262794, "score_median": 0.132428824262794, "score_min": 0.1320996235452474, "score_max": 0.1327580249803406, "score_std": 0.0003292007175465933, "area_km2": 5.149263196360402, "nearest_occurrence_km": 4.194458882937068, "nearest_mine_km": 4.194458882937068, "provenance": "DERIVED", "method": "Scores sorted descending with stable centroid tie-breaks; select ceil(10%) and ceil(25%). 8-neighbor connected components on regular centroid grid; discard components <2 cells; polygonize cell rectangles. Rank within threshold using 0.60 mean-score percentile, 0.15 log-area percentile, 0.10 mine-proximity score, 0.15 occurrence-proximity score.", "random_seed": 20260929, "source_ref": "grid_scores_v2.csv; known_occurrences.csv; moil_mines.geojson"}}, {"type": "Feature", "id": "top_decile_033", "geometry": {"type": "MultiPolygon", "coordinates": [[[[79.7475, 21.3475], [79.73249999999999, 21.3475], [79.73249999999999, 21.3625], [79.7475, 21.3625], [79.7475, 21.3475]]], [[[79.7475, 21.3625], [79.7475, 21.3775], [79.7475, 21.392500000000002], [79.76249999999999, 21.392500000000002], [79.76249999999999, 21.3775], [79.76249999999999, 21.3625], [79.7475, 21.3625]]]]}, "properties": {"zone_level": "top_decile", "rank": 33, "rank_score": 0.4716786474828377, "cell_count": 3, "grid_ids": ["g_21.35500_79.74000", "g_21.37000_79.75500", "g_21.38500_79.75500"], "score_mean": 0.13552687125113483, "score_median": 0.1327326974934911, "score_min": 0.0892517141997548, "score_max": 0.1845962020601586, "score_std": 0.03897433682635793, "area_km2": 7.748168795743786, "nearest_occurrence_km": 20.751453384981218, "nearest_mine_km": 20.751453384981218, "provenance": "DERIVED", "method": "Scores sorted descending with stable centroid tie-breaks; select ceil(10%) and ceil(25%). 8-neighbor connected components on regular centroid grid; discard components <2 cells; polygonize cell rectangles. Rank within threshold using 0.60 mean-score percentile, 0.15 log-area percentile, 0.10 mine-proximity score, 0.15 occurrence-proximity score.", "random_seed": 20260929, "source_ref": "grid_scores_v2.csv; known_occurrences.csv; moil_mines.geojson"}}, {"type": "Feature", "id": "top_decile_034", "geometry": {"type": "Polygon", "coordinates": [[[79.5675, 21.1975], [79.5675, 21.1825], [79.55250000000001, 21.1825], [79.55250000000001, 21.197499999999998], [79.5375, 21.197499999999998], [79.5375, 21.2125], [79.55250000000001, 21.2125], [79.55250000000001, 21.1975], [79.5675, 21.1975]]]}, "properties": {"zone_level": "top_decile", "rank": 34, "rank_score": 0.46320010941388623, "cell_count": 2, "grid_ids": ["g_21.19000_79.56000", "g_21.20500_79.54500"], "score_mean": 0.17814112520518036, "score_median": 0.17814112520518036, "score_min": 0.0938773074010429, "score_max": 0.2624049430093178, "score_std": 0.08426381780413746, "area_km2": 5.172105584360073, "nearest_occurrence_km": 38.57112605140882, "nearest_mine_km": 38.57112605140882, "provenance": "DERIVED", "method": "Scores sorted descending with stable centroid tie-breaks; select ceil(10%) and ceil(25%). 8-neighbor connected components on regular centroid grid; discard components <2 cells; polygonize cell rectangles. Rank within threshold using 0.60 mean-score percentile, 0.15 log-area percentile, 0.10 mine-proximity score, 0.15 occurrence-proximity score.", "random_seed": 20260929, "source_ref": "grid_scores_v2.csv; known_occurrences.csv; moil_mines.geojson"}}, {"type": "Feature", "id": "top_decile_035", "geometry": {"type": "MultiPolygon", "coordinates": [[[[80.33250000000001, 22.0075], [80.33250000000001, 22.0225], [80.3475, 22.0225], [80.36250000000001, 22.0225], [80.36250000000001, 22.0075], [80.3475, 22.0075], [80.3475, 21.9925], [80.33250000000001, 21.9925], [80.33250000000001, 22.0075]]], [[[80.36250000000001, 22.0075], [80.3775, 22.0075], [80.3775, 21.9925], [80.36250000000001, 21.9925], [80.36250000000001, 22.0075]]]]}, "properties": {"zone_level": "top_decile", "rank": 35, "rank_score": 0.4454871974418676, "cell_count": 4, "grid_ids": ["g_22.00000_80.34000", "g_22.00000_80.37000", "g_22.01500_80.34000", "g_22.01500_80.35500"], "score_mean": 0.11799956884002995, "score_median": 0.11015395804016401, "score_min": 0.0810568442294014, "score_max": 0.1706335150503904, "score_std": 0.033476305344812315, "area_km2": 10.283199100042967, "nearest_occurrence_km": 12.942690016730278, "nearest_mine_km": 12.942690016730278, "provenance": "DERIVED", "method": "Scores sorted descending with stable centroid tie-breaks; select ceil(10%) and ceil(25%). 8-neighbor connected components on regular centroid grid; discard components <2 cells; polygonize cell rectangles. Rank within threshold using 0.60 mean-score percentile, 0.15 log-area percentile, 0.10 mine-proximity score, 0.15 occurrence-proximity score.", "random_seed": 20260929, "source_ref": "grid_scores_v2.csv; known_occurrences.csv; moil_mines.geojson"}}, {"type": "Feature", "id": "top_decile_036", "geometry": {"type": "Polygon", "coordinates": [[[79.85249999999999, 21.3475], [79.8375, 21.3475], [79.8375, 21.3625], [79.8375, 21.3775], [79.85249999999999, 21.3775], [79.85249999999999, 21.3625], [79.85249999999999, 21.3475]]]}, "properties": {"zone_level": "top_decile", "rank": 36, "rank_score": 0.43114546911931884, "cell_count": 2, "grid_ids": ["g_21.35500_79.84500", "g_21.37000_79.84500"], "score_mean": 0.1426702037497956, "score_median": 0.1426702037497956, "score_min": 0.1172342167725918, "score_max": 0.1681061907269994, "score_std": 0.025435986977203798, "area_km2": 5.165390808534468, "nearest_occurrence_km": 25.98791231431838, "nearest_mine_km": 25.98791231431838, "provenance": "DERIVED", "method": "Scores sorted descending with stable centroid tie-breaks; select ceil(10%) and ceil(25%). 8-neighbor connected components on regular centroid grid; discard components <2 cells; polygonize cell rectangles. Rank within threshold using 0.60 mean-score percentile, 0.15 log-area percentile, 0.10 mine-proximity score, 0.15 occurrence-proximity score.", "random_seed": 20260929, "source_ref": "grid_scores_v2.csv; known_occurrences.csv; moil_mines.geojson"}}, {"type": "Feature", "id": "top_decile_037", "geometry": {"type": "MultiPolygon", "coordinates": [[[[80.22749999999999, 21.7075], [80.2125, 21.7075], [80.2125, 21.7225], [80.22749999999999, 21.7225], [80.22749999999999, 21.7075]]], [[[80.19749999999999, 21.7375], [80.19749999999999, 21.7525], [80.2125, 21.7525], [80.22749999999999, 21.7525], [80.22749999999999, 21.7375], [80.2125, 21.7375], [80.2125, 21.7225], [80.19749999999999, 21.7225], [80.19749999999999, 21.7375]]]]}, "properties": {"zone_level": "top_decile", "rank": 37, "rank_score": 0.40100696367360167, "cell_count": 4, "grid_ids": ["g_21.71500_80.22000", "g_21.73000_80.20500", "g_21.74500_80.20500", "g_21.74500_80.22000"], "score_mean": 0.10859843988516435, "score_median": 0.1050780397991633, "score_min": 0.0895154554748317, "score_max": 0.1347222244674991, "score_std": 0.01906743469882678, "area_km2": 10.303030254605456, "nearest_occurrence_km": 11.227242184094592, "nearest_mine_km": 11.227242184094592, "provenance": "DERIVED", "method": "Scores sorted descending with stable centroid tie-breaks; select ceil(10%) and ceil(25%). 8-neighbor connected components on regular centroid grid; discard components <2 cells; polygonize cell rectangles. Rank within threshold using 0.60 mean-score percentile, 0.15 log-area percentile, 0.10 mine-proximity score, 0.15 occurrence-proximity score.", "random_seed": 20260929, "source_ref": "grid_scores_v2.csv; known_occurrences.csv; moil_mines.geojson"}}, {"type": "Feature", "id": "top_decile_038", "geometry": {"type": "Polygon", "coordinates": [[[80.16749999999999, 21.7375], [80.1525, 21.7375], [80.1525, 21.7525], [80.1525, 21.767500000000002], [80.16749999999999, 21.767500000000002], [80.16749999999999, 21.7525], [80.16749999999999, 21.7375]]]}, "properties": {"zone_level": "top_decile", "rank": 38, "rank_score": 0.3603292528319676, "cell_count": 2, "grid_ids": ["g_21.74500_80.16000", "g_21.76000_80.16000"], "score_mean": 0.1144847438576114, "score_median": 0.1144847438576114, "score_min": 0.1015183931847881, "score_max": 0.1274510945304347, "score_std": 0.012966350672823306, "area_km2": 5.1509744826684365, "nearest_occurrence_km": 11.722439778850392, "nearest_mine_km": 11.722439778850392, "provenance": "DERIVED", "method": "Scores sorted descending with stable centroid tie-breaks; select ceil(10%) and ceil(25%). 8-neighbor connected components on regular centroid grid; discard components <2 cells; polygonize cell rectangles. Rank within threshold using 0.60 mean-score percentile, 0.15 log-area percentile, 0.10 mine-proximity score, 0.15 occurrence-proximity score.", "random_seed": 20260929, "source_ref": "grid_scores_v2.csv; known_occurrences.csv; moil_mines.geojson"}}, {"type": "Feature", "id": "top_decile_039", "geometry": {"type": "Polygon", "coordinates": [[[79.4925, 21.4375], [79.4925, 21.4525], [79.5075, 21.4525], [79.52250000000001, 21.4525], [79.5375, 21.4525], [79.5375, 21.4375], [79.52250000000001, 21.4375], [79.5075, 21.4375], [79.4925, 21.4375]]]}, "properties": {"zone_level": "top_decile", "rank": 39, "rank_score": 0.34544326402856645, "cell_count": 3, "grid_ids": ["g_21.44500_79.50000", "g_21.44500_79.51500", "g_21.44500_79.53000"], "score_mean": 0.11182399251558654, "score_median": 0.0967932694524915, "score_min": 0.0847321616833623, "score_max": 0.1539465464109058, "score_std": 0.030189399244908186, "area_km2": 7.7456044072824275, "nearest_occurrence_km": 21.896407134549722, "nearest_mine_km": 21.896407134549722, "provenance": "DERIVED", "method": "Scores sorted descending with stable centroid tie-breaks; select ceil(10%) and ceil(25%). 8-neighbor connected components on regular centroid grid; discard components <2 cells; polygonize cell rectangles. Rank within threshold using 0.60 mean-score percentile, 0.15 log-area percentile, 0.10 mine-proximity score, 0.15 occurrence-proximity score.", "random_seed": 20260929, "source_ref": "grid_scores_v2.csv; known_occurrences.csv; moil_mines.geojson"}}, {"type": "Feature", "id": "top_decile_040", "geometry": {"type": "MultiPolygon", "coordinates": [[[[80.1225, 21.5875], [80.10749999999999, 21.5875], [80.10749999999999, 21.6025], [80.1225, 21.6025], [80.1225, 21.5875]]], [[[80.1225, 21.6175], [80.13749999999999, 21.6175], [80.13749999999999, 21.6025], [80.1225, 21.6025], [80.1225, 21.6175]]]]}, "properties": {"zone_level": "top_decile", "rank": 40, "rank_score": 0.332983777019327, "cell_count": 2, "grid_ids": ["g_21.59500_80.11500", "g_21.61000_80.13000"], "score_mean": 0.12044039492036426, "score_median": 0.12044039492036426, "score_min": 0.0903471026043373, "score_max": 0.1505336872363912, "score_std": 0.030093292316026955, "area_km2": 5.156303430482293, "nearest_occurrence_km": 28.00047976735395, "nearest_mine_km": 28.00047976735395, "provenance": "DERIVED", "method": "Scores sorted descending with stable centroid tie-breaks; select ceil(10%) and ceil(25%). 8-neighbor connected components on regular centroid grid; discard components <2 cells; polygonize cell rectangles. Rank within threshold using 0.60 mean-score percentile, 0.15 log-area percentile, 0.10 mine-proximity score, 0.15 occurrence-proximity score.", "random_seed": 20260929, "source_ref": "grid_scores_v2.csv; known_occurrences.csv; moil_mines.geojson"}}, {"type": "Feature", "id": "top_decile_041", "geometry": {"type": "MultiPolygon", "coordinates": [[[[79.89750000000001, 21.4225], [79.89750000000001, 21.4075], [79.8825, 21.4075], [79.8825, 21.4225], [79.89750000000001, 21.4225]]], [[[79.8675, 21.4225], [79.8675, 21.4375], [79.8825, 21.4375], [79.8825, 21.4225], [79.8675, 21.4225]]]]}, "properties": {"zone_level": "top_decile", "rank": 41, "rank_score": 0.33169184465690865, "cell_count": 2, "grid_ids": ["g_21.41500_79.89000", "g_21.43000_79.87500"], "score_mean": 0.114579517346629, "score_median": 0.114579517346629, "score_min": 0.0889149124924651, "score_max": 0.1402441222007929, "score_std": 0.025664604854163907, "area_km2": 5.163203162376849, "nearest_occurrence_km": 24.088173277796976, "nearest_mine_km": 24.088173277796976, "provenance": "DERIVED", "method": "Scores sorted descending with stable centroid tie-breaks; select ceil(10%) and ceil(25%). 8-neighbor connected components on regular centroid grid; discard components <2 cells; polygonize cell rectangles. Rank within threshold using 0.60 mean-score percentile, 0.15 log-area percentile, 0.10 mine-proximity score, 0.15 occurrence-proximity score.", "random_seed": 20260929, "source_ref": "grid_scores_v2.csv; known_occurrences.csv; moil_mines.geojson"}}, {"type": "Feature", "id": "top_decile_042", "geometry": {"type": "Polygon", "coordinates": [[[79.23750000000001, 21.2875], [79.23750000000001, 21.302500000000002], [79.2525, 21.302500000000002], [79.26750000000001, 21.302500000000002], [79.26750000000001, 21.2875], [79.2525, 21.2875], [79.23750000000001, 21.2875]]]}, "properties": {"zone_level": "top_decile", "rank": 42, "rank_score": 0.2843208546357002, "cell_count": 2, "grid_ids": ["g_21.29500_79.24500", "g_21.29500_79.26000"], "score_mean": 0.0866839298457111, "score_median": 0.0866839298457111, "score_min": 0.0835300703258973, "score_max": 0.0898377893655249, "score_std": 0.003153859519813805, "area_km2": 5.1700786981167655, "nearest_occurrence_km": 11.628731201850274, "nearest_mine_km": 11.628731201850274, "provenance": "DERIVED", "method": "Scores sorted descending with stable centroid tie-breaks; select ceil(10%) and ceil(25%). 8-neighbor connected components on regular centroid grid; discard components <2 cells; polygonize cell rectangles. Rank within threshold using 0.60 mean-score percentile, 0.15 log-area percentile, 0.10 mine-proximity score, 0.15 occurrence-proximity score.", "random_seed": 20260929, "source_ref": "grid_scores_v2.csv; known_occurrences.csv; moil_mines.geojson"}}, {"type": "Feature", "id": "top_decile_043", "geometry": {"type": "MultiPolygon", "coordinates": [[[[80.0325, 21.4675], [80.01750000000001, 21.4675], [80.01750000000001, 21.4825], [80.0325, 21.4825], [80.0325, 21.4975], [80.04750000000001, 21.4975], [80.04750000000001, 21.482499999999998], [80.0325, 21.482499999999998], [80.0325, 21.4675]]], [[[80.0625, 21.5125], [80.0625, 21.4975], [80.04750000000001, 21.4975], [80.04750000000001, 21.5125], [80.0625, 21.5125]]]]}, "properties": {"zone_level": "top_decile", "rank": 43, "rank_score": 0.28253697239618614, "cell_count": 3, "grid_ids": ["g_21.47500_80.02500", "g_21.49000_80.04000", "g_21.50500_80.05500"], "score_mean": 0.1129157945863792, "score_median": 0.1047133152975725, "score_min": 0.0988426352836505, "score_max": 0.1351914331779146, "score_std": 0.01593255110252784, "area_km2": 7.740628492350937, "nearest_occurrence_km": 36.439557983656684, "nearest_mine_km": 36.439557983656684, "provenance": "DERIVED", "method": "Scores sorted descending with stable centroid tie-breaks; select ceil(10%) and ceil(25%). 8-neighbor connected components on regular centroid grid; discard components <2 cells; polygonize cell rectangles. Rank within threshold using 0.60 mean-score percentile, 0.15 log-area percentile, 0.10 mine-proximity score, 0.15 occurrence-proximity score.", "random_seed": 20260929, "source_ref": "grid_scores_v2.csv; known_occurrences.csv; moil_mines.geojson"}}, {"type": "Feature", "id": "top_decile_044", "geometry": {"type": "MultiPolygon", "coordinates": [[[[79.32749999999999, 21.1225], [79.3125, 21.1225], [79.3125, 21.1375], [79.32749999999999, 21.1375], [79.32749999999999, 21.1225]]], [[[79.32749999999999, 21.1525], [79.3425, 21.1525], [79.3425, 21.1375], [79.32749999999999, 21.1375], [79.32749999999999, 21.1525]]]]}, "properties": {"zone_level": "top_decile", "rank": 44, "rank_score": 0.24882175976131576, "cell_count": 2, "grid_ids": ["g_21.13000_79.32000", "g_21.14500_79.33500"], "score_mean": 0.10169548325310304, "score_median": 0.10169548325310304, "score_min": 0.081995178694991, "score_max": 0.1213957878112151, "score_std": 0.01970030455811205, "area_km2": 5.175125207135566, "nearest_occurrence_km": 30.156230100440904, "nearest_mine_km": 30.156230100440904, "provenance": "DERIVED", "method": "Scores sorted descending with stable centroid tie-breaks; select ceil(10%) and ceil(25%). 8-neighbor connected components on regular centroid grid; discard components <2 cells; polygonize cell rectangles. Rank within threshold using 0.60 mean-score percentile, 0.15 log-area percentile, 0.10 mine-proximity score, 0.15 occurrence-proximity score.", "random_seed": 20260929, "source_ref": "grid_scores_v2.csv; known_occurrences.csv; moil_mines.geojson"}}, {"type": "Feature", "id": "top_decile_045", "geometry": {"type": "MultiPolygon", "coordinates": [[[[80.0925, 21.7075], [80.0925, 21.6925], [80.07749999999999, 21.6925], [80.07749999999999, 21.7075], [80.0925, 21.7075]]], [[[80.0625, 21.7075], [80.0625, 21.7225], [80.07749999999999, 21.7225], [80.07749999999999, 21.7075], [80.0625, 21.7075]]]]}, "properties": {"zone_level": "top_decile", "rank": 45, "rank_score": 0.2484167755627596, "cell_count": 2, "grid_ids": ["g_21.70000_80.08500", "g_21.71500_80.07000"], "score_mean": 0.09934949182652715, "score_median": 0.09934949182652715, "score_min": 0.0828421594531219, "score_max": 0.1158568241999324, "score_std": 0.01650733237340525, "area_km2": 5.152748652593272, "nearest_occurrence_km": 21.293530588033352, "nearest_mine_km": 21.293530588033352, "provenance": "DERIVED", "method": "Scores sorted descending with stable centroid tie-breaks; select ceil(10%) and ceil(25%). 8-neighbor connected components on regular centroid grid; discard components <2 cells; polygonize cell rectangles. Rank within threshold using 0.60 mean-score percentile, 0.15 log-area percentile, 0.10 mine-proximity score, 0.15 occurrence-proximity score.", "random_seed": 20260929, "source_ref": "grid_scores_v2.csv; known_occurrences.csv; moil_mines.geojson"}}, {"type": "Feature", "id": "top_decile_046", "geometry": {"type": "MultiPolygon", "coordinates": [[[[79.67250000000001, 21.8125], [79.67250000000001, 21.7975], [79.6575, 21.7975], [79.6575, 21.8125], [79.67250000000001, 21.8125]]], [[[79.64250000000001, 21.8125], [79.64250000000001, 21.8275], [79.6575, 21.8275], [79.6575, 21.8125], [79.64250000000001, 21.8125]]]]}, "properties": {"zone_level": "top_decile", "rank": 46, "rank_score": 0.24247446926637464, "cell_count": 2, "grid_ids": ["g_21.80500_79.66500", "g_21.82000_79.65000"], "score_mean": 0.0870615374695714, "score_median": 0.0870615374695714, "score_min": 0.0824168575654114, "score_max": 0.0917062173737314, "score_std": 0.004644679904160003, "area_km2": 5.15035999171061, "nearest_occurrence_km": 15.938800275164088, "nearest_mine_km": 15.938800275164088, "provenance": "DERIVED", "method": "Scores sorted descending with stable centroid tie-breaks; select ceil(10%) and ceil(25%). 8-neighbor connected components on regular centroid grid; discard components <2 cells; polygonize cell rectangles. Rank within threshold using 0.60 mean-score percentile, 0.15 log-area percentile, 0.10 mine-proximity score, 0.15 occurrence-proximity score.", "random_seed": 20260929, "source_ref": "grid_scores_v2.csv; known_occurrences.csv; moil_mines.geojson"}}, {"type": "Feature", "id": "top_decile_047", "geometry": {"type": "MultiPolygon", "coordinates": [[[[79.20750000000001, 21.6925], [79.1925, 21.6925], [79.1925, 21.7075], [79.20750000000001, 21.7075], [79.20750000000001, 21.6925]]], [[[79.20750000000001, 21.7225], [79.2225, 21.7225], [79.2225, 21.7075], [79.20750000000001, 21.7075], [79.20750000000001, 21.7225]]]]}, "properties": {"zone_level": "top_decile", "rank": 47, "rank_score": 0.21646288054140272, "cell_count": 2, "grid_ids": ["g_21.70000_79.20000", "g_21.71500_79.21500"], "score_mean": 0.10475272915520885, "score_median": 0.10475272915520885, "score_min": 0.0887843453809883, "score_max": 0.1207211129294294, "score_std": 0.01596838377422055, "area_km2": 5.155968996628959, "nearest_occurrence_km": 34.33167854156371, "nearest_mine_km": 34.33167854156371, "provenance": "DERIVED", "method": "Scores sorted descending with stable centroid tie-breaks; select ceil(10%) and ceil(25%). 8-neighbor connected components on regular centroid grid; discard components <2 cells; polygonize cell rectangles. Rank within threshold using 0.60 mean-score percentile, 0.15 log-area percentile, 0.10 mine-proximity score, 0.15 occurrence-proximity score.", "random_seed": 20260929, "source_ref": "grid_scores_v2.csv; known_occurrences.csv; moil_mines.geojson"}}, {"type": "Feature", "id": "top_decile_048", "geometry": {"type": "MultiPolygon", "coordinates": [[[[80.4675, 21.6325], [80.4675, 21.6175], [80.45249999999999, 21.6175], [80.45249999999999, 21.6325], [80.4675, 21.6325]]], [[[80.4375, 21.6325], [80.4375, 21.6475], [80.45249999999999, 21.6475], [80.45249999999999, 21.6325], [80.4375, 21.6325]]]]}, "properties": {"zone_level": "top_decile", "rank": 48, "rank_score": 0.19097270478964903, "cell_count": 2, "grid_ids": ["g_21.62500_80.46000", "g_21.64000_80.44500"], "score_mean": 0.09739673780524735, "score_median": 0.09739673780524735, "score_min": 0.0856556050514545, "score_max": 0.1091378705590402, "score_std": 0.011741132753792849, "area_km2": 5.154616174830886, "nearest_occurrence_km": 31.747618295953487, "nearest_mine_km": 31.747618295953487, "provenance": "DERIVED", "method": "Scores sorted descending with stable centroid tie-breaks; select ceil(10%) and ceil(25%). 8-neighbor connected components on regular centroid grid; discard components <2 cells; polygonize cell rectangles. Rank within threshold using 0.60 mean-score percentile, 0.15 log-area percentile, 0.10 mine-proximity score, 0.15 occurrence-proximity score.", "random_seed": 20260929, "source_ref": "grid_scores_v2.csv; known_occurrences.csv; moil_mines.geojson"}}, {"type": "Feature", "id": "top_decile_049", "geometry": {"type": "Polygon", "coordinates": [[[80.4075, 21.6925], [80.4075, 21.7075], [80.42250000000001, 21.7075], [80.4375, 21.7075], [80.4375, 21.6925], [80.42250000000001, 21.6925], [80.4075, 21.6925]]]}, "properties": {"zone_level": "top_decile", "rank": 49, "rank_score": 0.18258746373627588, "cell_count": 2, "grid_ids": ["g_21.70000_80.41500", "g_21.70000_80.43000"], "score_mean": 0.0848447683671516, "score_median": 0.0848447683671516, "score_min": 0.0803210504980923, "score_max": 0.0893684862362109, "score_std": 0.0045237178690593, "area_km2": 5.152305759599977, "nearest_occurrence_km": 24.502908032157027, "nearest_mine_km": 24.502908032157027, "provenance": "DERIVED", "method": "Scores sorted descending with stable centroid tie-breaks; select ceil(10%) and ceil(25%). 8-neighbor connected components on regular centroid grid; discard components <2 cells; polygonize cell rectangles. Rank within threshold using 0.60 mean-score percentile, 0.15 log-area percentile, 0.10 mine-proximity score, 0.15 occurrence-proximity score.", "random_seed": 20260929, "source_ref": "grid_scores_v2.csv; known_occurrences.csv; moil_mines.geojson"}}, {"type": "Feature", "id": "top_decile_050", "geometry": {"type": "MultiPolygon", "coordinates": [[[[79.5075, 21.9325], [79.5075, 21.9175], [79.4925, 21.9175], [79.4925, 21.9325], [79.5075, 21.9325]]], [[[79.47749999999999, 21.9325], [79.47749999999999, 21.9475], [79.4925, 21.9475], [79.4925, 21.9325], [79.47749999999999, 21.9325]]]]}, "properties": {"zone_level": "top_decile", "rank": 50, "rank_score": 0.08434299986447746, "cell_count": 2, "grid_ids": ["g_21.92500_79.50000", "g_21.94000_79.48500"], "score_mean": 0.0838144169518117, "score_median": 0.0838144169518117, "score_min": 0.0818147839791411, "score_max": 0.0858140499244823, "score_std": 0.001999632972670598, "area_km2": 5.146765366894007, "nearest_occurrence_km": 36.669708330281104, "nearest_mine_km": 36.669708330281104, "provenance": "DERIVED", "method": "Scores sorted descending with stable centroid tie-breaks; select ceil(10%) and ceil(25%). 8-neighbor connected components on regular centroid grid; discard components <2 cells; polygonize cell rectangles. Rank within threshold using 0.60 mean-score percentile, 0.15 log-area percentile, 0.10 mine-proximity score, 0.15 occurrence-proximity score.", "random_seed": 20260929, "source_ref": "grid_scores_v2.csv; known_occurrences.csv; moil_mines.geojson"}}, {"type": "Feature", "id": "top_decile_051", "geometry": {"type": "Polygon", "coordinates": [[[79.23750000000001, 21.7675], [79.23750000000001, 21.7825], [79.2525, 21.7825], [79.26750000000001, 21.7825], [79.26750000000001, 21.7675], [79.2525, 21.7675], [79.23750000000001, 21.7675]]]}, "properties": {"zone_level": "top_decile", "rank": 51, "rank_score": 0.0692300898250966, "cell_count": 2, "grid_ids": ["g_21.77500_79.24500", "g_21.77500_79.26000"], "score_mean": 0.08359720130642909, "score_median": 0.08359720130642909, "score_min": 0.080179188886053, "score_max": 0.0870152137268052, "score_std": 0.0034180124203761, "area_km2": 5.153382198364104, "nearest_occurrence_km": 41.522797947140546, "nearest_mine_km": 41.522797947140546, "provenance": "DERIVED", "method": "Scores sorted descending with stable centroid tie-breaks; select ceil(10%) and ceil(25%). 8-neighbor connected components on regular centroid grid; discard components <2 cells; polygonize cell rectangles. Rank within threshold using 0.60 mean-score percentile, 0.15 log-area percentile, 0.10 mine-proximity score, 0.15 occurrence-proximity score.", "random_seed": 20260929, "source_ref": "grid_scores_v2.csv; known_occurrences.csv; moil_mines.geojson"}}, {"type": "Feature", "id": "top_decile_052", "geometry": {"type": "MultiPolygon", "coordinates": [[[[79.3125, 21.9175], [79.3125, 21.9025], [79.29750000000001, 21.9025], [79.29750000000001, 21.9175], [79.3125, 21.9175]]], [[[79.2825, 21.9175], [79.2825, 21.9325], [79.29750000000001, 21.9325], [79.29750000000001, 21.9175], [79.2825, 21.9175]]]]}, "properties": {"zone_level": "top_decile", "rank": 52, "rank_score": 0.026470588235294117, "cell_count": 2, "grid_ids": ["g_21.91000_79.30500", "g_21.92500_79.29000"], "score_mean": 0.08414494809005715, "score_median": 0.08414494809005715, "score_min": 0.0840875474491432, "score_max": 0.0842023487309711, "score_std": 5.740064091395297e-05, "area_km2": 5.148145695042391, "nearest_occurrence_km": 51.38488623520392, "nearest_mine_km": 51.38488623520392, "provenance": "DERIVED", "method": "Scores sorted descending with stable centroid tie-breaks; select ceil(10%) and ceil(25%). 8-neighbor connected components on regular centroid grid; discard components <2 cells; polygonize cell rectangles. Rank within threshold using 0.60 mean-score percentile, 0.15 log-area percentile, 0.10 mine-proximity score, 0.15 occurrence-proximity score.", "random_seed": 20260929, "source_ref": "grid_scores_v2.csv; known_occurrences.csv; moil_mines.geojson"}}, {"type": "Feature", "id": "top_quartile_001", "geometry": {"type": "MultiPolygon", "coordinates": [[[[79.6575, 21.5275], [79.6575, 21.5125], [79.64250000000001, 21.5125], [79.64250000000001, 21.5275], [79.6575, 21.5275]]], [[[79.70249999999999, 21.5275], [79.70249999999999, 21.5125], [79.6875, 21.5125], [79.6875, 21.5275], [79.70249999999999, 21.5275]]], [[[79.6575, 21.5575], [79.67250000000001, 21.5575], [79.6875, 21.5575], [79.6875, 21.572499999999998], [79.6875, 21.5725], [79.6875, 21.5875], [79.70249999999999, 21.5875], [79.70249999999999, 21.5725], [79.7175, 21.5725], [79.7175, 21.5875], [79.7175, 21.6025], [79.70249999999999, 21.6025], [79.6875, 21.6025], [79.67250000000001, 21.6025], [79.67250000000001, 21.5875], [79.67250000000001, 21.572499999999998], [79.6575, 21.572499999999998], [79.6575, 21.5875], [79.6575, 21.6025], [79.64250000000001, 21.6025], [79.6275, 21.6025], [79.6275, 21.6175], [79.64250000000001, 21.6175], [79.64250000000001, 21.6325], [79.6575, 21.6325], [79.6575, 21.6475], [79.64250000000001, 21.6475], [79.6275, 21.6475], [79.6275, 21.6625], [79.6275, 21.6775], [79.6275, 21.677500000000002], [79.6275, 21.6925], [79.64250000000001, 21.6925], [79.64250000000001, 21.7075], [79.64250000000001, 21.7225], [79.6575, 21.7225], [79.6575, 21.7375], [79.67250000000001, 21.7375], [79.67250000000001, 21.7225], [79.6875, 21.7225], [79.6875, 21.7375], [79.6875, 21.7525], [79.70249999999999, 21.7525], [79.7175, 21.7525], [79.73249999999999, 21.7525], [79.73249999999999, 21.7375], [79.7475, 21.7375], [79.7475, 21.7225], [79.7475, 21.7075], [79.76249999999999, 21.7075], [79.76249999999999, 21.7225], [79.7775, 21.7225], [79.79249999999999, 21.7225], [79.8075, 21.7225], [79.8075, 21.7075], [79.82249999999999, 21.7075], [79.82249999999999, 21.6925], [79.8375, 21.6925], [79.85249999999999, 21.6925], [79.8675, 21.6925], [79.8825, 21.6925], [79.8825, 21.7075], [79.89750000000001, 21.7075], [79.9125, 21.7075], [79.9125, 21.6925], [79.9125, 21.677500000000002], [79.92750000000001, 21.677500000000002], [79.92750000000001, 21.6625], [79.9125, 21.6625], [79.89750000000001, 21.6625], [79.89750000000001, 21.6475], [79.8825, 21.6475], [79.8825, 21.6625], [79.8825, 21.6775], [79.8675, 21.6775], [79.85249999999999, 21.6775], [79.8375, 21.6775], [79.82249999999999, 21.6775], [79.82249999999999, 21.6625], [79.82249999999999, 21.6475], [79.8375, 21.6475], [79.85249999999999, 21.6475], [79.85249999999999, 21.6625], [79.8675, 21.6625], [79.8675, 21.6475], [79.8675, 21.6325], [79.85249999999999, 21.6325], [79.85249999999999, 21.6175], [79.8375, 21.6175], [79.82249999999999, 21.6175], [79.82249999999999, 21.6025], [79.8075, 21.6025], [79.79249999999999, 21.6025], [79.7775, 21.6025], [79.76249999999999, 21.6025], [79.76249999999999, 21.5875], [79.7775, 21.5875], [79.79249999999999, 21.5875], [79.8075, 21.5875], [79.82249999999999, 21.5875], [79.82249999999999, 21.5725], [79.8375, 21.5725], [79.8375, 21.5575], [79.82249999999999, 21.5575], [79.8075, 21.5575], [79.79249999999999, 21.5575], [79.79249999999999, 21.572499999999998], [79.7775, 21.572499999999998], [79.7775, 21.5575], [79.7775, 21.5425], [79.76249999999999, 21.5425], [79.7475, 21.5425], [79.73249999999999, 21.5425], [79.7175, 21.5425], [79.7175, 21.5275], [79.70249999999999, 21.5275], [79.70249999999999, 21.5425], [79.6875, 21.5425], [79.6875, 21.5275], [79.67250000000001, 21.5275], [79.6575, 21.5275], [79.6575, 21.5425], [79.6575, 21.5575]], [[79.6575, 21.6175], [79.67250000000001, 21.6175], [79.6875, 21.6175], [79.6875, 21.6325], [79.67250000000001, 21.6325], [79.6575, 21.6325], [79.6575, 21.6175]], [[79.70249999999999, 21.6325], [79.7175, 21.6325], [79.73249999999999, 21.6325], [79.73249999999999, 21.6475], [79.7175, 21.6475], [79.70249999999999, 21.6475], [79.6875, 21.6475], [79.6875, 21.6325], [79.70249999999999, 21.6325]], [[79.7175, 21.7375], [79.70249999999999, 21.7375], [79.70249999999999, 21.7225], [79.7175, 21.7225], [79.7175, 21.7075], [79.73249999999999, 21.7075], [79.73249999999999, 21.7225], [79.73249999999999, 21.7375], [79.7175, 21.7375]], [[79.73249999999999, 21.6025], [79.73249999999999, 21.5875], [79.7475, 21.5875], [79.7475, 21.6025], [79.73249999999999, 21.6025]], [[79.7175, 21.6625], [79.7175, 21.6775], [79.70249999999999, 21.6775], [79.70249999999999, 21.6625], [79.7175, 21.6625]], [[79.67250000000001, 21.6625], [79.67250000000001, 21.6775], [79.67250000000001, 21.677500000000002], [79.67250000000001, 21.6925], [79.6575, 21.6925], [79.6575, 21.677500000000002], [79.6575, 21.6775], [79.6575, 21.6625], [79.67250000000001, 21.6625]], [[79.7175, 21.572499999999998], [79.7175, 21.5575], [79.73249999999999, 21.5575], [79.73249999999999, 21.572499999999998], [79.7175, 21.572499999999998]], [[79.79249999999999, 21.6625], [79.8075, 21.6625], [79.8075, 21.6775], [79.79249999999999, 21.6775], [79.79249999999999, 21.6625]]], [[[79.7475, 21.4975], [79.7475, 21.482499999999998], [79.73249999999999, 21.482499999999998], [79.73249999999999, 21.4975], [79.7475, 21.4975]]], [[[79.73249999999999, 21.4975], [79.7175, 21.4975], [79.7175, 21.5125], [79.7175, 21.5275], [79.73249999999999, 21.5275], [79.73249999999999, 21.5125], [79.73249999999999, 21.4975]]], [[[79.73249999999999, 21.7825], [79.73249999999999, 21.767500000000002], [79.7475, 21.767500000000002], [79.76249999999999, 21.767500000000002], [79.76249999999999, 21.7825], [79.7775, 21.7825], [79.7775, 21.767500000000002], [79.7775, 21.7675], [79.7775, 21.7525], [79.76249999999999, 21.7525], [79.7475, 21.7525], [79.73249999999999, 21.7525], [79.73249999999999, 21.7675], [79.7175, 21.7675], [79.7175, 21.7825], [79.73249999999999, 21.7825]]], [[[79.79249999999999, 21.7525], [79.79249999999999, 21.7375], [79.7775, 21.7375], [79.7775, 21.7525], [79.79249999999999, 21.7525]]], [[[79.85249999999999, 21.6025], [79.85249999999999, 21.6175], [79.8675, 21.6175], [79.8675, 21.6025], [79.85249999999999, 21.6025]]], [[[79.82249999999999, 21.7375], [79.8375, 21.7375], [79.8375, 21.7225], [79.85249999999999, 21.7225], [79.85249999999999, 21.7075], [79.8375, 21.7075], [79.82249999999999, 21.7075], [79.82249999999999, 21.7225], [79.8075, 21.7225], [79.8075, 21.7375], [79.8075, 21.7525], [79.82249999999999, 21.7525], [79.82249999999999, 21.7375]]]]}, "properties": {"zone_level": "top_quartile", "rank": 1, "rank_score": 0.9814814814814814, "cell_count": 159, "grid_ids": ["g_21.49000_79.74000", "g_21.50500_79.72500", "g_21.52000_79.65000", "g_21.52000_79.69500", "g_21.52000_79.72500", "g_21.53500_79.66500", "g_21.53500_79.68000", "g_21.53500_79.71000", "g_21.55000_79.66500", "g_21.55000_79.68000", "g_21.55000_79.69500", "g_21.55000_79.71000", "g_21.55000_79.72500", "g_21.55000_79.74000", "g_21.55000_79.75500", "g_21.55000_79.77000", "g_21.56500_79.69500", "g_21.56500_79.71000", "g_21.56500_79.74000", "g_21.56500_79.75500", "g_21.56500_79.77000", "g_21.56500_79.80000", "g_21.56500_79.81500", "g_21.56500_79.83000", "g_21.58000_79.66500", "g_21.58000_79.69500", "g_21.58000_79.72500", "g_21.58000_79.74000", "g_21.58000_79.75500", "g_21.58000_79.77000", "g_21.58000_79.78500", "g_21.58000_79.80000", "g_21.58000_79.81500", "g_21.59500_79.66500", "g_21.59500_79.72500", "g_21.59500_79.75500", "g_21.61000_79.63500", "g_21.61000_79.65000", "g_21.61000_79.66500", "g_21.61000_79.68000", "g_21.61000_79.69500", "g_21.61000_79.71000", "g_21.61000_79.72500", "g_21.61000_79.74000", "g_21.61000_79.75500", "g_21.61000_79.77000", "g_21.61000_79.78500", "g_21.61000_79.80000", "g_21.61000_79.81500", "g_21.61000_79.86000", "g_21.62500_79.65000", "g_21.62500_79.69500", "g_21.62500_79.71000", "g_21.62500_79.72500", "g_21.62500_79.74000", "g_21.62500_79.75500", "g_21.62500_79.77000", "g_21.62500_79.78500", "g_21.62500_79.80000", "g_21.62500_79.81500", "g_21.62500_79.83000", "g_21.62500_79.84500", "g_21.64000_79.66500", "g_21.64000_79.68000", "g_21.64000_79.74000", "g_21.64000_79.75500", "g_21.64000_79.77000", "g_21.64000_79.78500", "g_21.64000_79.80000", "g_21.64000_79.81500", "g_21.64000_79.83000", "g_21.64000_79.84500", "g_21.64000_79.86000", "g_21.65500_79.63500", "g_21.65500_79.65000", "g_21.65500_79.66500", "g_21.65500_79.68000", "g_21.65500_79.69500", "g_21.65500_79.71000", "g_21.65500_79.72500", "g_21.65500_79.74000", "g_21.65500_79.75500", "g_21.65500_79.77000", "g_21.65500_79.78500", "g_21.65500_79.80000", "g_21.65500_79.81500", "g_21.65500_79.86000", "g_21.65500_79.89000", "g_21.67000_79.63500", "g_21.67000_79.65000", "g_21.67000_79.68000", "g_21.67000_79.69500", "g_21.67000_79.72500", "g_21.67000_79.74000", "g_21.67000_79.75500", "g_21.67000_79.77000", "g_21.67000_79.78500", "g_21.67000_79.81500", "g_21.67000_79.89000", "g_21.67000_79.90500", "g_21.67000_79.92000", "g_21.68500_79.63500", "g_21.68500_79.65000", "g_21.68500_79.68000", "g_21.68500_79.69500", "g_21.68500_79.71000", "g_21.68500_79.72500", "g_21.68500_79.74000", "g_21.68500_79.75500", "g_21.68500_79.77000", "g_21.68500_79.78500", "g_21.68500_79.80000", "g_21.68500_79.81500", "g_21.68500_79.83000", "g_21.68500_79.84500", "g_21.68500_79.86000", "g_21.68500_79.87500", "g_21.68500_79.89000", "g_21.68500_79.90500", "g_21.70000_79.65000", "g_21.70000_79.66500", "g_21.70000_79.68000", "g_21.70000_79.69500", "g_21.70000_79.71000", "g_21.70000_79.72500", "g_21.70000_79.74000", "g_21.70000_79.75500", "g_21.70000_79.77000", "g_21.70000_79.78500", "g_21.70000_79.80000", "g_21.70000_79.81500", "g_21.70000_79.89000", "g_21.70000_79.90500", "g_21.71500_79.65000", "g_21.71500_79.66500", "g_21.71500_79.68000", "g_21.71500_79.69500", "g_21.71500_79.71000", "g_21.71500_79.74000", "g_21.71500_79.77000", "g_21.71500_79.78500", "g_21.71500_79.80000", "g_21.71500_79.83000", "g_21.71500_79.84500", "g_21.73000_79.66500", "g_21.73000_79.69500", "g_21.73000_79.74000", "g_21.73000_79.81500", "g_21.73000_79.83000", "g_21.74500_79.69500", "g_21.74500_79.71000", "g_21.74500_79.72500", "g_21.74500_79.78500", "g_21.74500_79.81500", "g_21.76000_79.74000", "g_21.76000_79.75500", "g_21.76000_79.77000", "g_21.77500_79.72500", "g_21.77500_79.77000"], "score_mean": 0.1425069707514296, "score_median": 0.0716661649073068, "score_min": 0.0384500085453584, "score_max": 0.9946416850542376, "score_std": 0.16975430368637343, "area_km2": 409.8883314486659, "nearest_occurrence_km": 4.766032848003199, "nearest_mine_km": 4.766032848003199, "provenance": "DERIVED", "method": "Scores sorted descending with stable centroid tie-breaks; select ceil(10%) and ceil(25%). 8-neighbor connected components on regular centroid grid; discard components <2 cells; polygonize cell rectangles. Rank within threshold using 0.60 mean-score percentile, 0.15 log-area percentile, 0.10 mine-proximity score, 0.15 occurrence-proximity score.", "random_seed": 20260929, "source_ref": "grid_scores_v2.csv; known_occurrences.csv; moil_mines.geojson"}}, {"type": "Feature", "id": "top_quartile_002", "geometry": {"type": "MultiPolygon", "coordinates": [[[[80.07749999999999, 21.4825], [80.0925, 21.4825], [80.0925, 21.4675], [80.10749999999999, 21.4675], [80.10749999999999, 21.482499999999998], [80.10749999999999, 21.4825], [80.10749999999999, 21.4975], [80.10749999999999, 21.5125], [80.1225, 21.5125], [80.1225, 21.5275], [80.10749999999999, 21.5275], [80.0925, 21.5275], [80.0925, 21.5425], [80.10749999999999, 21.5425], [80.10749999999999, 21.5575], [80.1225, 21.5575], [80.13749999999999, 21.5575], [80.13749999999999, 21.5725], [80.1525, 21.5725], [80.16749999999999, 21.5725], [80.16749999999999, 21.5875], [80.1825, 21.5875], [80.1825, 21.572499999999998], [80.16749999999999, 21.572499999999998], [80.16749999999999, 21.5575], [80.1525, 21.5575], [80.1525, 21.5425], [80.13749999999999, 21.5425], [80.13749999999999, 21.5275], [80.13749999999999, 21.5125], [80.13749999999999, 21.4975], [80.1525, 21.4975], [80.1525, 21.4825], [80.16749999999999, 21.4825], [80.1825, 21.4825], [80.1825, 21.4975], [80.19749999999999, 21.4975], [80.2125, 21.4975], [80.2125, 21.4825], [80.2125, 21.482499999999998], [80.2125, 21.4675], [80.2125, 21.4525], [80.2125, 21.4375], [80.19749999999999, 21.4375], [80.19749999999999, 21.4525], [80.1825, 21.4525], [80.1825, 21.4675], [80.16749999999999, 21.4675], [80.1525, 21.4675], [80.13749999999999, 21.4675], [80.1225, 21.4675], [80.1225, 21.4525], [80.1225, 21.4375], [80.10749999999999, 21.4375], [80.10749999999999, 21.4525], [80.0925, 21.4525], [80.0925, 21.4375], [80.07749999999999, 21.4375], [80.0625, 21.4375], [80.0625, 21.4525], [80.07749999999999, 21.4525], [80.07749999999999, 21.4675], [80.0625, 21.4675], [80.04750000000001, 21.4675], [80.04750000000001, 21.482499999999998], [80.0325, 21.482499999999998], [80.0325, 21.4675], [80.01750000000001, 21.4675], [80.01750000000001, 21.4825], [80.0325, 21.4825], [80.0325, 21.4975], [80.04750000000001, 21.4975], [80.04750000000001, 21.4825], [80.0625, 21.4825], [80.07749999999999, 21.4825]]], [[[80.04750000000001, 21.4975], [80.04750000000001, 21.5125], [80.0625, 21.5125], [80.0625, 21.4975], [80.04750000000001, 21.4975]]], [[[80.04750000000001, 21.5875], [80.0625, 21.5875], [80.0625, 21.5725], [80.07749999999999, 21.5725], [80.07749999999999, 21.5875], [80.0925, 21.5875], [80.0925, 21.5725], [80.10749999999999, 21.5725], [80.10749999999999, 21.5575], [80.0925, 21.5575], [80.0925, 21.572499999999998], [80.07749999999999, 21.572499999999998], [80.07749999999999, 21.5575], [80.0625, 21.5575], [80.04750000000001, 21.5575], [80.04750000000001, 21.572499999999998], [80.04750000000001, 21.5725], [80.04750000000001, 21.5875]]], [[[79.98750000000001, 21.7225], [79.9725, 21.7225], [79.95750000000001, 21.7225], [79.95750000000001, 21.7375], [79.9725, 21.7375], [79.9725, 21.7525], [79.95750000000001, 21.7525], [79.95750000000001, 21.767500000000002], [79.9725, 21.767500000000002], [79.9725, 21.7825], [79.9725, 21.7975], [79.98750000000001, 21.7975], [79.98750000000001, 21.7825], [79.98750000000001, 21.767500000000002], [79.98750000000001, 21.7675], [79.98750000000001, 21.7525], [80.0025, 21.7525], [80.0025, 21.7675], [80.0025, 21.767500000000002], [80.0025, 21.7825], [80.01750000000001, 21.7825], [80.0325, 21.7825], [80.0325, 21.7975], [80.01750000000001, 21.7975], [80.01750000000001, 21.8125], [80.0025, 21.8125], [80.0025, 21.8275], [79.98750000000001, 21.8275], [79.98750000000001, 21.8425], [80.0025, 21.8425], [80.01750000000001, 21.8425], [80.0325, 21.8425], [80.04750000000001, 21.8425], [80.04750000000001, 21.857499999999998], [80.04750000000001, 21.8575], [80.04750000000001, 21.8725], [80.0625, 21.8725], [80.0625, 21.8875], [80.07749999999999, 21.8875], [80.0925, 21.8875], [80.0925, 21.8725], [80.10749999999999, 21.8725], [80.1225, 21.8725], [80.13749999999999, 21.8725], [80.13749999999999, 21.8575], [80.1525, 21.8575], [80.1525, 21.8425], [80.1525, 21.8275], [80.16749999999999, 21.8275], [80.16749999999999, 21.8125], [80.16749999999999, 21.7975], [80.1825, 21.7975], [80.1825, 21.8125], [80.1825, 21.8275], [80.19749999999999, 21.8275], [80.19749999999999, 21.8125], [80.19749999999999, 21.7975], [80.19749999999999, 21.7825], [80.2125, 21.7825], [80.2125, 21.7675], [80.19749999999999, 21.7675], [80.19749999999999, 21.7525], [80.2125, 21.7525], [80.22749999999999, 21.7525], [80.2425, 21.7525], [80.2425, 21.7375], [80.2425, 21.7225], [80.2575, 21.7225], [80.2575, 21.7075], [80.2575, 21.6925], [80.2425, 21.6925], [80.2425, 21.7075], [80.22749999999999, 21.7075], [80.22749999999999, 21.6925], [80.2125, 21.6925], [80.2125, 21.7075], [80.19749999999999, 21.7075], [80.19749999999999, 21.7225], [80.19749999999999, 21.7375], [80.1825, 21.7375], [80.1825, 21.7525], [80.16749999999999, 21.7525], [80.16749999999999, 21.7375], [80.1525, 21.7375], [80.1525, 21.7225], [80.13749999999999, 21.7225], [80.1225, 21.7225], [80.10749999999999, 21.7225], [80.10749999999999, 21.7375], [80.1225, 21.7375], [80.1225, 21.7525], [80.10749999999999, 21.7525], [80.0925, 21.7525], [80.0925, 21.7675], [80.0925, 21.767500000000002], [80.0925, 21.7825], [80.07749999999999, 21.7825], [80.07749999999999, 21.7675], [80.0625, 21.7675], [80.0625, 21.7525], [80.04750000000001, 21.7525], [80.04750000000001, 21.7375], [80.04750000000001, 21.7225], [80.04750000000001, 21.7075], [80.0325, 21.7075], [80.01750000000001, 21.7075], [80.01750000000001, 21.7225], [80.01750000000001, 21.7375], [80.0025, 21.7375], [80.0025, 21.7225], [79.98750000000001, 21.7225]], [[80.0325, 21.8125], [80.0325, 21.8275], [80.01750000000001, 21.8275], [80.01750000000001, 21.8125], [80.0325, 21.8125]], [[80.1525, 21.7975], [80.1525, 21.7825], [80.1525, 21.767500000000002], [80.16749999999999, 21.767500000000002], [80.1825, 21.767500000000002], [80.1825, 21.7825], [80.16749999999999, 21.7825], [80.16749999999999, 21.7975], [80.1525, 21.7975]], [[80.1525, 21.7525], [80.1525, 21.7675], [80.13749999999999, 21.7675], [80.13749999999999, 21.7525], [80.13749999999999, 21.7375], [80.1525, 21.7375], [80.1525, 21.7525]], [[80.0325, 21.7375], [80.0325, 21.7525], [80.01750000000001, 21.7525], [80.01750000000001, 21.7375], [80.0325, 21.7375]], [[80.07749999999999, 21.8275], [80.07749999999999, 21.8425], [80.0625, 21.8425], [80.0625, 21.8275], [80.07749999999999, 21.8275]], [[80.1225, 21.7975], [80.13749999999999, 21.7975], [80.13749999999999, 21.8125], [80.13749999999999, 21.8275], [80.1225, 21.8275], [80.10749999999999, 21.8275], [80.10749999999999, 21.8125], [80.1225, 21.8125], [80.1225, 21.7975]], [[80.1225, 21.767500000000002], [80.13749999999999, 21.767500000000002], [80.13749999999999, 21.7825], [80.1225, 21.7825], [80.1225, 21.767500000000002]], [[80.0625, 21.7975], [80.04750000000001, 21.7975], [80.04750000000001, 21.7825], [80.04750000000001, 21.767500000000002], [80.0625, 21.767500000000002], [80.0625, 21.7825], [80.0625, 21.7975]], [[80.1225, 21.8425], [80.13749999999999, 21.8425], [80.13749999999999, 21.857499999999998], [80.1225, 21.857499999999998], [80.10749999999999, 21.857499999999998], [80.10749999999999, 21.8425], [80.1225, 21.8425]]], [[[80.07749999999999, 21.7075], [80.0625, 21.7075], [80.0625, 21.7225], [80.07749999999999, 21.7225], [80.07749999999999, 21.7075]]], [[[79.92750000000001, 21.7525], [79.9425, 21.7525], [79.95750000000001, 21.7525], [79.95750000000001, 21.7375], [79.9425, 21.7375], [79.9425, 21.7225], [79.92750000000001, 21.7225], [79.92750000000001, 21.7375], [79.9125, 21.7375], [79.9125, 21.7525], [79.92750000000001, 21.7525]]], [[[79.98750000000001, 21.7975], [79.98750000000001, 21.8125], [80.0025, 21.8125], [80.0025, 21.7975], [79.98750000000001, 21.7975]]], [[[79.9725, 21.7975], [79.95750000000001, 21.7975], [79.95750000000001, 21.8125], [79.9725, 21.8125], [79.9725, 21.7975]]], [[[79.9725, 21.8425], [79.9725, 21.8575], [79.98750000000001, 21.8575], [79.98750000000001, 21.8425], [79.9725, 21.8425]]], [[[80.07749999999999, 21.5125], [80.07749999999999, 21.5275], [80.0925, 21.5275], [80.0925, 21.5125], [80.07749999999999, 21.5125]]], [[[80.0925, 21.6925], [80.07749999999999, 21.6925], [80.07749999999999, 21.7075], [80.0925, 21.7075], [80.10749999999999, 21.7075], [80.10749999999999, 21.6925], [80.0925, 21.6925]]], [[[80.0925, 21.7525], [80.0925, 21.7375], [80.0925, 21.7225], [80.07749999999999, 21.7225], [80.07749999999999, 21.7375], [80.0625, 21.7375], [80.0625, 21.7525], [80.07749999999999, 21.7525], [80.0925, 21.7525]]], [[[80.1525, 21.8875], [80.13749999999999, 21.8875], [80.1225, 21.8875], [80.1225, 21.9025], [80.13749999999999, 21.9025], [80.1525, 21.9025], [80.1525, 21.8875]]], [[[80.1825, 21.4225], [80.1825, 21.4375], [80.19749999999999, 21.4375], [80.19749999999999, 21.4225], [80.1825, 21.4225]]], [[[80.1525, 21.5425], [80.16749999999999, 21.5425], [80.1825, 21.5425], [80.1825, 21.5275], [80.16749999999999, 21.5275], [80.16749999999999, 21.5125], [80.1825, 21.5125], [80.1825, 21.4975], [80.16749999999999, 21.4975], [80.1525, 21.4975], [80.1525, 21.5125], [80.1525, 21.5275], [80.1525, 21.5425]]], [[[80.1525, 21.6475], [80.16749999999999, 21.6475], [80.16749999999999, 21.6325], [80.1825, 21.6325], [80.19749999999999, 21.6325], [80.2125, 21.6325], [80.2125, 21.6475], [80.22749999999999, 21.6475], [80.22749999999999, 21.6625], [80.22749999999999, 21.6775], [80.22749999999999, 21.677500000000002], [80.22749999999999, 21.6925], [80.2425, 21.6925], [80.2425, 21.677500000000002], [80.2425, 21.6775], [80.2425, 21.6625], [80.2575, 21.6625], [80.27250000000001, 21.6625], [80.27250000000001, 21.6775], [80.2575, 21.6775], [80.2575, 21.6925], [80.27250000000001, 21.6925], [80.27250000000001, 21.677500000000002], [80.2875, 21.677500000000002], [80.2875, 21.6925], [80.2875, 21.7075], [80.27250000000001, 21.7075], [80.27250000000001, 21.7225], [80.2575, 21.7225], [80.2575, 21.7375], [80.27250000000001, 21.7375], [80.2875, 21.7375], [80.2875, 21.7525], [80.2875, 21.7675], [80.2875, 21.767500000000002], [80.2875, 21.7825], [80.2875, 21.7975], [80.2875, 21.8125], [80.30250000000001, 21.8125], [80.30250000000001, 21.7975], [80.30250000000001, 21.7825], [80.30250000000001, 21.767500000000002], [80.3175, 21.767500000000002], [80.33250000000001, 21.767500000000002], [80.33250000000001, 21.7525], [80.3475, 21.7525], [80.3475, 21.767500000000002], [80.36250000000001, 21.767500000000002], [80.3775, 21.767500000000002], [80.39250000000001, 21.767500000000002], [80.39250000000001, 21.7525], [80.39250000000001, 21.7375], [80.39250000000001, 21.7225], [80.39250000000001, 21.7075], [80.3775, 21.7075], [80.3775, 21.6925], [80.39250000000001, 21.6925], [80.4075, 21.6925], [80.4075, 21.7075], [80.42250000000001, 21.7075], [80.4375, 21.7075], [80.4375, 21.6925], [80.4375, 21.6775], [80.42250000000001, 21.6775], [80.42250000000001, 21.6625], [80.42250000000001, 21.6475], [80.4075, 21.6475], [80.4075, 21.6325], [80.4075, 21.6175], [80.42250000000001, 21.6175], [80.4375, 21.6175], [80.45249999999999, 21.6175], [80.45249999999999, 21.6325], [80.4675, 21.6325], [80.4675, 21.6175], [80.4675, 21.6025], [80.4675, 21.5875], [80.45249999999999, 21.5875], [80.45249999999999, 21.6025], [80.4375, 21.6025], [80.42250000000001, 21.6025], [80.4075, 21.6025], [80.4075, 21.5875], [80.39250000000001, 21.5875], [80.3775, 21.5875], [80.36250000000001, 21.5875], [80.3475, 21.5875], [80.33250000000001, 21.5875], [80.3175, 21.5875], [80.3175, 21.6025], [80.33250000000001, 21.6025], [80.3475, 21.6025], [80.3475, 21.6175], [80.33250000000001, 21.6175], [80.3175, 21.6175], [80.30250000000001, 21.6175], [80.30250000000001, 21.6025], [80.2875, 21.6025], [80.2875, 21.6175], [80.27250000000001, 21.6175], [80.27250000000001, 21.6025], [80.27250000000001, 21.5875], [80.2575, 21.5875], [80.2425, 21.5875], [80.2425, 21.6025], [80.2425, 21.6175], [80.2425, 21.6325], [80.22749999999999, 21.6325], [80.22749999999999, 21.6175], [80.2125, 21.6175], [80.19749999999999, 21.6175], [80.19749999999999, 21.6025], [80.1825, 21.6025], [80.1825, 21.6175], [80.16749999999999, 21.6175], [80.16749999999999, 21.6025], [80.16749999999999, 21.5875], [80.1525, 21.5875], [80.1525, 21.6025], [80.1525, 21.6175], [80.1525, 21.6325], [80.1525, 21.6475]], [[80.3175, 21.7525], [80.3175, 21.7375], [80.3175, 21.7225], [80.33250000000001, 21.7225], [80.33250000000001, 21.7075], [80.3475, 21.7075], [80.3475, 21.7225], [80.36250000000001, 21.7225], [80.36250000000001, 21.7375], [80.3475, 21.7375], [80.33250000000001, 21.7375], [80.33250000000001, 21.7525], [80.3175, 21.7525]], [[80.3775, 21.7375], [80.3775, 21.7525], [80.36250000000001, 21.7525], [80.36250000000001, 21.7375], [80.3775, 21.7375]], [[80.4075, 21.677500000000002], [80.42250000000001, 21.677500000000002], [80.42250000000001, 21.6925], [80.4075, 21.6925], [80.4075, 21.677500000000002]], [[80.2575, 21.6325], [80.27250000000001, 21.6325], [80.27250000000001, 21.6475], [80.2575, 21.6475], [80.2425, 21.6475], [80.2425, 21.6325], [80.2575, 21.6325]], [[80.3175, 21.6625], [80.3175, 21.6475], [80.3175, 21.6325], [80.33250000000001, 21.6325], [80.33250000000001, 21.6475], [80.3475, 21.6475], [80.3475, 21.6625], [80.33250000000001, 21.6625], [80.33250000000001, 21.6775], [80.3175, 21.6775], [80.3175, 21.6625]], [[80.36250000000001, 21.6625], [80.3775, 21.6625], [80.3775, 21.6775], [80.36250000000001, 21.6775], [80.3475, 21.6775], [80.3475, 21.6625], [80.36250000000001, 21.6625]], [[80.36250000000001, 21.6025], [80.3775, 21.6025], [80.3775, 21.6175], [80.3775, 21.6325], [80.36250000000001, 21.6325], [80.36250000000001, 21.6175], [80.36250000000001, 21.6025]], [[80.30250000000001, 21.7075], [80.30250000000001, 21.6925], [80.3175, 21.6925], [80.3175, 21.7075], [80.30250000000001, 21.7075]], [[80.2875, 21.6625], [80.2875, 21.6475], [80.30250000000001, 21.6475], [80.30250000000001, 21.6625], [80.30250000000001, 21.6775], [80.2875, 21.6775], [80.2875, 21.6625]], [[80.4075, 21.6775], [80.39250000000001, 21.6775], [80.39250000000001, 21.6625], [80.4075, 21.6625], [80.4075, 21.6775]]], [[[80.19749999999999, 21.8275], [80.19749999999999, 21.8425], [80.1825, 21.8425], [80.1825, 21.8575], [80.19749999999999, 21.8575], [80.19749999999999, 21.8725], [80.1825, 21.8725], [80.1825, 21.8875], [80.19749999999999, 21.8875], [80.19749999999999, 21.9025], [80.2125, 21.9025], [80.2125, 21.8875], [80.2125, 21.8725], [80.22749999999999, 21.8725], [80.2425, 21.8725], [80.2425, 21.8575], [80.2575, 21.8575], [80.2575, 21.8725], [80.2575, 21.8875], [80.27250000000001, 21.8875], [80.2875, 21.8875], [80.30250000000001, 21.8875], [80.30250000000001, 21.8725], [80.2875, 21.8725], [80.2875, 21.8575], [80.2875, 21.857499999999998], [80.2875, 21.8425], [80.27250000000001, 21.8425], [80.27250000000001, 21.8275], [80.2575, 21.8275], [80.2575, 21.8125], [80.2425, 21.8125], [80.2425, 21.8275], [80.22749999999999, 21.8275], [80.22749999999999, 21.8125], [80.22749999999999, 21.7975], [80.2425, 21.7975], [80.2575, 21.7975], [80.27250000000001, 21.7975], [80.27250000000001, 21.7825], [80.27250000000001, 21.7675], [80.2575, 21.7675], [80.2575, 21.7525], [80.2425, 21.7525], [80.2425, 21.767500000000002], [80.2575, 21.767500000000002], [80.2575, 21.7825], [80.2425, 21.7825], [80.22749999999999, 21.7825], [80.2125, 21.7825], [80.2125, 21.7975], [80.2125, 21.8125], [80.2125, 21.8275], [80.19749999999999, 21.8275]], [[80.2425, 21.8425], [80.2425, 21.857499999999998], [80.22749999999999, 21.857499999999998], [80.22749999999999, 21.8425], [80.2425, 21.8425]]], [[[80.16749999999999, 21.8875], [80.16749999999999, 21.8725], [80.1525, 21.8725], [80.1525, 21.8875], [80.16749999999999, 21.8875]]], [[[80.16749999999999, 21.8875], [80.16749999999999, 21.9025], [80.1825, 21.9025], [80.1825, 21.8875], [80.16749999999999, 21.8875]]], [[[80.2125, 21.4975], [80.2125, 21.5125], [80.2125, 21.5275], [80.22749999999999, 21.5275], [80.22749999999999, 21.5125], [80.22749999999999, 21.4975], [80.2125, 21.4975]]], [[[80.2575, 21.9325], [80.2575, 21.9175], [80.2575, 21.9025], [80.2575, 21.8875], [80.2425, 21.8875], [80.2425, 21.9025], [80.22749999999999, 21.9025], [80.22749999999999, 21.9175], [80.2425, 21.9175], [80.2425, 21.9325], [80.2575, 21.9325]]], [[[80.30250000000001, 21.8275], [80.3175, 21.8275], [80.3175, 21.8125], [80.30250000000001, 21.8125], [80.30250000000001, 21.8275]]], [[[80.33250000000001, 21.8275], [80.3475, 21.8275], [80.3475, 21.8425], [80.3475, 21.857499999999998], [80.33250000000001, 21.857499999999998], [80.33250000000001, 21.8725], [80.33250000000001, 21.8875], [80.3475, 21.8875], [80.3475, 21.9025], [80.36250000000001, 21.9025], [80.36250000000001, 21.8875], [80.36250000000001, 21.8725], [80.3775, 21.8725], [80.39250000000001, 21.8725], [80.4075, 21.8725], [80.4075, 21.8575], [80.4075, 21.857499999999998], [80.4075, 21.8425], [80.4075, 21.8275], [80.39250000000001, 21.8275], [80.39250000000001, 21.8125], [80.3775, 21.8125], [80.3775, 21.8275], [80.3775, 21.8425], [80.36250000000001, 21.8425], [80.36250000000001, 21.8275], [80.36250000000001, 21.8125], [80.3475, 21.8125], [80.33250000000001, 21.8125], [80.33250000000001, 21.8275]]], [[[80.3175, 21.8275], [80.3175, 21.8425], [80.33250000000001, 21.8425], [80.33250000000001, 21.8275], [80.3175, 21.8275]]], [[[80.30250000000001, 21.8425], [80.30250000000001, 21.8275], [80.2875, 21.8275], [80.2875, 21.8425], [80.30250000000001, 21.8425]]], [[[80.30250000000001, 21.8425], [80.30250000000001, 21.8575], [80.3175, 21.8575], [80.3175, 21.8425], [80.30250000000001, 21.8425]]], [[[80.33250000000001, 21.9025], [80.33250000000001, 21.9175], [80.3475, 21.9175], [80.3475, 21.9025], [80.33250000000001, 21.9025]]], [[[80.3475, 21.9175], [80.3475, 21.9325], [80.36250000000001, 21.9325], [80.36250000000001, 21.9175], [80.3475, 21.9175]]], [[[80.3475, 21.9625], [80.36250000000001, 21.9625], [80.36250000000001, 21.9475], [80.3775, 21.9475], [80.39250000000001, 21.9475], [80.39250000000001, 21.9625], [80.4075, 21.9625], [80.4075, 21.9775], [80.4075, 21.9925], [80.42250000000001, 21.9925], [80.4375, 21.9925], [80.45249999999999, 21.9925], [80.4675, 21.9925], [80.4675, 21.9775], [80.48249999999999, 21.9775], [80.4975, 21.9775], [80.4975, 21.9625], [80.4975, 21.9475], [80.4975, 21.947499999999998], [80.4975, 21.9325], [80.4975, 21.9175], [80.48249999999999, 21.9175], [80.4675, 21.9175], [80.45249999999999, 21.9175], [80.45249999999999, 21.9325], [80.4375, 21.9325], [80.4375, 21.947499999999998], [80.42250000000001, 21.947499999999998], [80.42250000000001, 21.9325], [80.42250000000001, 21.9175], [80.42250000000001, 21.9025], [80.42250000000001, 21.8875], [80.4075, 21.8875], [80.4075, 21.9025], [80.4075, 21.9175], [80.4075, 21.9325], [80.39250000000001, 21.9325], [80.3775, 21.9325], [80.36250000000001, 21.9325], [80.36250000000001, 21.947499999999998], [80.3475, 21.947499999999998], [80.3475, 21.9625]], [[80.45249999999999, 21.9625], [80.45249999999999, 21.9775], [80.4375, 21.9775], [80.4375, 21.9625], [80.45249999999999, 21.9625]]], [[[80.45249999999999, 21.5875], [80.45249999999999, 21.572499999999998], [80.4375, 21.572499999999998], [80.4375, 21.5875], [80.45249999999999, 21.5875]]], [[[80.4375, 21.6325], [80.4375, 21.6475], [80.45249999999999, 21.6475], [80.45249999999999, 21.6325], [80.4375, 21.6325]]], [[[80.48249999999999, 21.677500000000002], [80.48249999999999, 21.6625], [80.4675, 21.6625], [80.4675, 21.6475], [80.45249999999999, 21.6475], [80.45249999999999, 21.6625], [80.45249999999999, 21.677500000000002], [80.4675, 21.677500000000002], [80.48249999999999, 21.677500000000002]]], [[[80.4375, 21.7075], [80.4375, 21.7225], [80.45249999999999, 21.7225], [80.45249999999999, 21.7075], [80.4375, 21.7075]]], [[[80.42250000000001, 21.8875], [80.4375, 21.8875], [80.4375, 21.8725], [80.42250000000001, 21.8725], [80.42250000000001, 21.8875]]], [[[80.4375, 21.9025], [80.4375, 21.9175], [80.45249999999999, 21.9175], [80.45249999999999, 21.9025], [80.4375, 21.9025]]], [[[80.48249999999999, 22.0225], [80.48249999999999, 22.0075], [80.4975, 22.0075], [80.4975, 21.9925], [80.48249999999999, 21.9925], [80.4675, 21.9925], [80.4675, 22.0075], [80.4675, 22.0225], [80.4675, 22.0375], [80.48249999999999, 22.0375], [80.48249999999999, 22.0225]]]]}, "properties": {"zone_level": "top_quartile", "rank": 2, "rank_score": 0.9584068902752998, "cell_count": 385, "grid_ids": ["g_21.43000_80.19000", "g_21.44500_80.07000", "g_21.44500_80.08500", "g_21.44500_80.11500", "g_21.44500_80.20500", "g_21.46000_80.08500", "g_21.46000_80.10000", "g_21.46000_80.11500", "g_21.46000_80.19000", "g_21.46000_80.20500", "g_21.47500_80.02500", "g_21.47500_80.05500", "g_21.47500_80.07000", "g_21.47500_80.08500", "g_21.47500_80.11500", "g_21.47500_80.13000", "g_21.47500_80.14500", "g_21.47500_80.16000", "g_21.47500_80.17500", "g_21.47500_80.19000", "g_21.47500_80.20500", "g_21.49000_80.04000", "g_21.49000_80.11500", "g_21.49000_80.13000", "g_21.49000_80.14500", "g_21.49000_80.19000", "g_21.49000_80.20500", "g_21.50500_80.05500", "g_21.50500_80.11500", "g_21.50500_80.13000", "g_21.50500_80.16000", "g_21.50500_80.17500", "g_21.50500_80.22000", "g_21.52000_80.08500", "g_21.52000_80.13000", "g_21.52000_80.16000", "g_21.52000_80.22000", "g_21.53500_80.10000", "g_21.53500_80.11500", "g_21.53500_80.13000", "g_21.53500_80.16000", "g_21.53500_80.17500", "g_21.55000_80.11500", "g_21.55000_80.13000", "g_21.55000_80.14500", "g_21.56500_80.05500", "g_21.56500_80.07000", "g_21.56500_80.10000", "g_21.56500_80.14500", "g_21.56500_80.16000", "g_21.58000_80.05500", "g_21.58000_80.08500", "g_21.58000_80.17500", "g_21.58000_80.44500", "g_21.59500_80.16000", "g_21.59500_80.25000", "g_21.59500_80.26500", "g_21.59500_80.32500", "g_21.59500_80.34000", "g_21.59500_80.35500", "g_21.59500_80.37000", "g_21.59500_80.38500", "g_21.59500_80.40000", "g_21.59500_80.46000", "g_21.61000_80.16000", "g_21.61000_80.19000", "g_21.61000_80.25000", "g_21.61000_80.26500", "g_21.61000_80.29500", "g_21.61000_80.35500", "g_21.61000_80.38500", "g_21.61000_80.40000", "g_21.61000_80.41500", "g_21.61000_80.43000", "g_21.61000_80.44500", "g_21.61000_80.46000", "g_21.62500_80.16000", "g_21.62500_80.17500", "g_21.62500_80.19000", "g_21.62500_80.20500", "g_21.62500_80.22000", "g_21.62500_80.25000", "g_21.62500_80.26500", "g_21.62500_80.28000", "g_21.62500_80.29500", "g_21.62500_80.31000", "g_21.62500_80.32500", "g_21.62500_80.34000", "g_21.62500_80.35500", "g_21.62500_80.38500", "g_21.62500_80.40000", "g_21.62500_80.46000", "g_21.64000_80.16000", "g_21.64000_80.22000", "g_21.64000_80.23500", "g_21.64000_80.28000", "g_21.64000_80.29500", "g_21.64000_80.31000", "g_21.64000_80.34000", "g_21.64000_80.35500", "g_21.64000_80.37000", "g_21.64000_80.38500", "g_21.64000_80.40000", "g_21.64000_80.44500", "g_21.65500_80.23500", "g_21.65500_80.25000", "g_21.65500_80.26500", "g_21.65500_80.28000", "g_21.65500_80.31000", "g_21.65500_80.35500", "g_21.65500_80.37000", "g_21.65500_80.38500", "g_21.65500_80.40000", "g_21.65500_80.41500", "g_21.65500_80.46000", "g_21.67000_80.23500", "g_21.67000_80.28000", "g_21.67000_80.31000", "g_21.67000_80.34000", "g_21.67000_80.38500", "g_21.67000_80.41500", "g_21.67000_80.46000", "g_21.67000_80.47500", "g_21.68500_80.23500", "g_21.68500_80.26500", "g_21.68500_80.29500", "g_21.68500_80.31000", "g_21.68500_80.32500", "g_21.68500_80.34000", "g_21.68500_80.35500", "g_21.68500_80.37000", "g_21.68500_80.38500", "g_21.68500_80.40000", "g_21.68500_80.43000", "g_21.70000_80.08500", "g_21.70000_80.10000", "g_21.70000_80.22000", "g_21.70000_80.25000", "g_21.70000_80.29500", "g_21.70000_80.32500", "g_21.70000_80.34000", "g_21.70000_80.35500", "g_21.70000_80.37000", "g_21.70000_80.41500", "g_21.70000_80.43000", "g_21.71500_80.02500", "g_21.71500_80.04000", "g_21.71500_80.07000", "g_21.71500_80.20500", "g_21.71500_80.22000", "g_21.71500_80.23500", "g_21.71500_80.25000", "g_21.71500_80.28000", "g_21.71500_80.29500", "g_21.71500_80.31000", "g_21.71500_80.32500", "g_21.71500_80.35500", "g_21.71500_80.37000", "g_21.71500_80.38500", "g_21.71500_80.44500", "g_21.73000_79.93500", "g_21.73000_79.96500", "g_21.73000_79.98000", "g_21.73000_79.99500", "g_21.73000_80.02500", "g_21.73000_80.04000", "g_21.73000_80.08500", "g_21.73000_80.11500", "g_21.73000_80.13000", "g_21.73000_80.14500", "g_21.73000_80.20500", "g_21.73000_80.22000", "g_21.73000_80.23500", "g_21.73000_80.26500", "g_21.73000_80.28000", "g_21.73000_80.29500", "g_21.73000_80.31000", "g_21.73000_80.37000", "g_21.73000_80.38500", "g_21.74500_79.92000", "g_21.74500_79.93500", "g_21.74500_79.95000", "g_21.74500_79.98000", "g_21.74500_79.99500", "g_21.74500_80.01000", "g_21.74500_80.04000", "g_21.74500_80.07000", "g_21.74500_80.08500", "g_21.74500_80.13000", "g_21.74500_80.16000", "g_21.74500_80.19000", "g_21.74500_80.20500", "g_21.74500_80.22000", "g_21.74500_80.23500", "g_21.74500_80.29500", "g_21.74500_80.31000", "g_21.74500_80.34000", "g_21.74500_80.35500", "g_21.74500_80.38500", "g_21.76000_79.96500", "g_21.76000_79.98000", "g_21.76000_80.01000", "g_21.76000_80.02500", "g_21.76000_80.04000", "g_21.76000_80.05500", "g_21.76000_80.10000", "g_21.76000_80.11500", "g_21.76000_80.13000", "g_21.76000_80.16000", "g_21.76000_80.17500", "g_21.76000_80.19000", "g_21.76000_80.25000", "g_21.76000_80.29500", "g_21.76000_80.31000", "g_21.76000_80.32500", "g_21.76000_80.35500", "g_21.76000_80.37000", "g_21.76000_80.38500", "g_21.77500_79.98000", "g_21.77500_80.01000", "g_21.77500_80.02500", "g_21.77500_80.04000", "g_21.77500_80.07000", "g_21.77500_80.10000", "g_21.77500_80.11500", "g_21.77500_80.14500", "g_21.77500_80.19000", "g_21.77500_80.20500", "g_21.77500_80.26500", "g_21.77500_80.29500", "g_21.79000_79.98000", "g_21.79000_80.04000", "g_21.79000_80.07000", "g_21.79000_80.08500", "g_21.79000_80.10000", "g_21.79000_80.11500", "g_21.79000_80.13000", "g_21.79000_80.14500", "g_21.79000_80.17500", "g_21.79000_80.19000", "g_21.79000_80.22000", "g_21.79000_80.23500", "g_21.79000_80.25000", "g_21.79000_80.26500", "g_21.79000_80.29500", "g_21.80500_79.96500", "g_21.80500_79.99500", "g_21.80500_80.02500", "g_21.80500_80.04000", "g_21.80500_80.05500", "g_21.80500_80.07000", "g_21.80500_80.08500", "g_21.80500_80.10000", "g_21.80500_80.11500", "g_21.80500_80.14500", "g_21.80500_80.16000", "g_21.80500_80.19000", "g_21.80500_80.22000", "g_21.80500_80.29500", "g_21.82000_80.01000", "g_21.82000_80.04000", "g_21.82000_80.05500", "g_21.82000_80.07000", "g_21.82000_80.08500", "g_21.82000_80.10000", "g_21.82000_80.14500", "g_21.82000_80.16000", "g_21.82000_80.19000", "g_21.82000_80.22000", "g_21.82000_80.25000", "g_21.82000_80.31000", "g_21.82000_80.34000", "g_21.82000_80.35500", "g_21.82000_80.38500", "g_21.83500_79.99500", "g_21.83500_80.01000", "g_21.83500_80.02500", "g_21.83500_80.04000", "g_21.83500_80.05500", "g_21.83500_80.08500", "g_21.83500_80.10000", "g_21.83500_80.11500", "g_21.83500_80.13000", "g_21.83500_80.14500", "g_21.83500_80.20500", "g_21.83500_80.22000", "g_21.83500_80.23500", "g_21.83500_80.25000", "g_21.83500_80.26500", "g_21.83500_80.29500", "g_21.83500_80.32500", "g_21.83500_80.35500", "g_21.83500_80.38500", "g_21.83500_80.40000", "g_21.85000_79.98000", "g_21.85000_80.05500", "g_21.85000_80.07000", "g_21.85000_80.08500", "g_21.85000_80.10000", "g_21.85000_80.14500", "g_21.85000_80.19000", "g_21.85000_80.20500", "g_21.85000_80.22000", "g_21.85000_80.25000", "g_21.85000_80.26500", "g_21.85000_80.28000", "g_21.85000_80.31000", "g_21.85000_80.35500", "g_21.85000_80.37000", "g_21.85000_80.38500", "g_21.85000_80.40000", "g_21.86500_80.05500", "g_21.86500_80.07000", "g_21.86500_80.08500", "g_21.86500_80.10000", "g_21.86500_80.11500", "g_21.86500_80.13000", "g_21.86500_80.20500", "g_21.86500_80.22000", "g_21.86500_80.23500", "g_21.86500_80.26500", "g_21.86500_80.28000", "g_21.86500_80.34000", "g_21.86500_80.35500", "g_21.86500_80.37000", "g_21.86500_80.38500", "g_21.86500_80.40000", "g_21.88000_80.07000", "g_21.88000_80.08500", "g_21.88000_80.16000", "g_21.88000_80.19000", "g_21.88000_80.20500", "g_21.88000_80.26500", "g_21.88000_80.28000", "g_21.88000_80.29500", "g_21.88000_80.34000", "g_21.88000_80.35500", "g_21.88000_80.43000", "g_21.89500_80.13000", "g_21.89500_80.14500", "g_21.89500_80.17500", "g_21.89500_80.20500", "g_21.89500_80.25000", "g_21.89500_80.35500", "g_21.89500_80.41500", "g_21.91000_80.23500", "g_21.91000_80.25000", "g_21.91000_80.34000", "g_21.91000_80.41500", "g_21.91000_80.44500", "g_21.92500_80.25000", "g_21.92500_80.35500", "g_21.92500_80.41500", "g_21.92500_80.46000", "g_21.92500_80.47500", "g_21.92500_80.49000", "g_21.94000_80.37000", "g_21.94000_80.38500", "g_21.94000_80.40000", "g_21.94000_80.41500", "g_21.94000_80.44500", "g_21.94000_80.46000", "g_21.94000_80.47500", "g_21.94000_80.49000", "g_21.95500_80.35500", "g_21.95500_80.40000", "g_21.95500_80.41500", "g_21.95500_80.43000", "g_21.95500_80.44500", "g_21.95500_80.46000", "g_21.95500_80.47500", "g_21.95500_80.49000", "g_21.97000_80.41500", "g_21.97000_80.43000", "g_21.97000_80.46000", "g_21.97000_80.47500", "g_21.97000_80.49000", "g_21.98500_80.41500", "g_21.98500_80.43000", "g_21.98500_80.44500", "g_21.98500_80.46000", "g_22.00000_80.47500", "g_22.00000_80.49000", "g_22.01500_80.47500", "g_22.03000_80.47500"], "score_mean": 0.1371094496309467, "score_median": 0.0789857738385543, "score_min": 0.0383198744096048, "score_max": 0.9981925656457684, "score_std": 0.15638220938037792, "area_km2": 991.6399552159737, "nearest_occurrence_km": 10.675559024200066, "nearest_mine_km": 10.675559024200066, "provenance": "DERIVED", "method": "Scores sorted descending with stable centroid tie-breaks; select ceil(10%) and ceil(25%). 8-neighbor connected components on regular centroid grid; discard components <2 cells; polygonize cell rectangles. Rank within threshold using 0.60 mean-score percentile, 0.15 log-area percentile, 0.10 mine-proximity score, 0.15 occurrence-proximity score.", "random_seed": 20260929, "source_ref": "grid_scores_v2.csv; known_occurrences.csv; moil_mines.geojson"}}, {"type": "Feature", "id": "top_quartile_003", "geometry": {"type": "MultiPolygon", "coordinates": [[[[79.23750000000001, 21.2125], [79.2525, 21.2125], [79.2525, 21.197499999999998], [79.23750000000001, 21.197499999999998], [79.23750000000001, 21.2125]]], [[[79.2225, 21.2275], [79.2225, 21.2425], [79.23750000000001, 21.2425], [79.23750000000001, 21.2275], [79.23750000000001, 21.2125], [79.2225, 21.2125], [79.2225, 21.2275]]], [[[79.1925, 21.2875], [79.1925, 21.302500000000002], [79.20750000000001, 21.302500000000002], [79.20750000000001, 21.3175], [79.2225, 21.3175], [79.2225, 21.3325], [79.20750000000001, 21.3325], [79.1925, 21.3325], [79.1925, 21.3475], [79.1925, 21.3625], [79.20750000000001, 21.3625], [79.20750000000001, 21.3775], [79.2225, 21.3775], [79.2225, 21.392500000000002], [79.23750000000001, 21.392500000000002], [79.23750000000001, 21.4075], [79.2225, 21.4075], [79.20750000000001, 21.4075], [79.1925, 21.4075], [79.1925, 21.4225], [79.20750000000001, 21.4225], [79.2225, 21.4225], [79.2225, 21.4375], [79.23750000000001, 21.4375], [79.23750000000001, 21.4525], [79.2225, 21.4525], [79.20750000000001, 21.4525], [79.20750000000001, 21.4675], [79.1925, 21.4675], [79.1925, 21.4825], [79.20750000000001, 21.4825], [79.20750000000001, 21.4975], [79.2225, 21.4975], [79.2225, 21.5125], [79.23750000000001, 21.5125], [79.23750000000001, 21.5275], [79.2525, 21.5275], [79.2525, 21.5425], [79.26750000000001, 21.5425], [79.2825, 21.5425], [79.2825, 21.5275], [79.2825, 21.5125], [79.29750000000001, 21.5125], [79.29750000000001, 21.4975], [79.3125, 21.4975], [79.3125, 21.4825], [79.32749999999999, 21.4825], [79.32749999999999, 21.4975], [79.3425, 21.4975], [79.35749999999999, 21.4975], [79.35749999999999, 21.5125], [79.3725, 21.5125], [79.38749999999999, 21.5125], [79.4025, 21.5125], [79.4025, 21.4975], [79.41749999999999, 21.4975], [79.4325, 21.4975], [79.4325, 21.4825], [79.44749999999999, 21.4825], [79.44749999999999, 21.4975], [79.4625, 21.4975], [79.4625, 21.4825], [79.4625, 21.482499999999998], [79.4625, 21.4675], [79.44749999999999, 21.4675], [79.44749999999999, 21.4525], [79.4325, 21.4525], [79.41749999999999, 21.4525], [79.41749999999999, 21.4375], [79.4025, 21.4375], [79.4025, 21.4225], [79.4025, 21.4075], [79.41749999999999, 21.4075], [79.4325, 21.4075], [79.4325, 21.3925], [79.41749999999999, 21.3925], [79.4025, 21.3925], [79.4025, 21.3775], [79.41749999999999, 21.3775], [79.41749999999999, 21.3625], [79.4025, 21.3625], [79.38749999999999, 21.3625], [79.38749999999999, 21.3475], [79.38749999999999, 21.3325], [79.4025, 21.3325], [79.4025, 21.3175], [79.38749999999999, 21.3175], [79.3725, 21.3175], [79.35749999999999, 21.3175], [79.35749999999999, 21.3325], [79.3725, 21.3325], [79.3725, 21.3475], [79.3725, 21.3625], [79.35749999999999, 21.3625], [79.3425, 21.3625], [79.3425, 21.3775], [79.32749999999999, 21.3775], [79.32749999999999, 21.3625], [79.32749999999999, 21.3475], [79.3125, 21.3475], [79.3125, 21.3625], [79.29750000000001, 21.3625], [79.2825, 21.3625], [79.26750000000001, 21.3625], [79.26750000000001, 21.3475], [79.26750000000001, 21.3325], [79.2525, 21.3325], [79.2525, 21.3175], [79.23750000000001, 21.3175], [79.23750000000001, 21.302500000000002], [79.2525, 21.302500000000002], [79.26750000000001, 21.302500000000002], [79.26750000000001, 21.3175], [79.2825, 21.3175], [79.2825, 21.3025], [79.26750000000001, 21.3025], [79.26750000000001, 21.2875], [79.2525, 21.2875], [79.23750000000001, 21.2875], [79.2225, 21.2875], [79.2225, 21.2725], [79.2225, 21.2575], [79.2225, 21.2425], [79.20750000000001, 21.2425], [79.20750000000001, 21.2575], [79.20750000000001, 21.2725], [79.1925, 21.2725], [79.1925, 21.2875]], [[79.23750000000001, 21.3325], [79.23750000000001, 21.3475], [79.2225, 21.3475], [79.2225, 21.3325], [79.23750000000001, 21.3325]], [[79.2225, 21.3625], [79.23750000000001, 21.3625], [79.23750000000001, 21.3775], [79.2225, 21.3775], [79.2225, 21.3625]], [[79.2525, 21.3775], [79.2525, 21.3925], [79.23750000000001, 21.3925], [79.23750000000001, 21.3775], [79.2525, 21.3775]], [[79.2525, 21.4525], [79.2525, 21.4675], [79.26750000000001, 21.4675], [79.26750000000001, 21.4825], [79.2825, 21.4825], [79.2825, 21.4975], [79.26750000000001, 21.4975], [79.2525, 21.4975], [79.23750000000001, 21.4975], [79.23750000000001, 21.4825], [79.23750000000001, 21.482499999999998], [79.23750000000001, 21.4675], [79.23750000000001, 21.4525], [79.2525, 21.4525]], [[79.35749999999999, 21.4825], [79.35749999999999, 21.482499999999998], [79.35749999999999, 21.4675], [79.3725, 21.4675], [79.38749999999999, 21.4675], [79.38749999999999, 21.482499999999998], [79.3725, 21.482499999999998], [79.3725, 21.4975], [79.35749999999999, 21.4975], [79.35749999999999, 21.4825]], [[79.2225, 21.3025], [79.20750000000001, 21.3025], [79.20750000000001, 21.2875], [79.2225, 21.2875], [79.2225, 21.3025]], [[79.3425, 21.4375], [79.3425, 21.4225], [79.35749999999999, 21.4225], [79.35749999999999, 21.4375], [79.3425, 21.4375]], [[79.2825, 21.4675], [79.29750000000001, 21.4675], [79.3125, 21.4675], [79.3125, 21.482499999999998], [79.29750000000001, 21.482499999999998], [79.2825, 21.482499999999998], [79.2825, 21.4675]]], [[[79.2525, 21.2425], [79.23750000000001, 21.2425], [79.23750000000001, 21.2575], [79.2525, 21.2575], [79.2525, 21.2425]]], [[[79.20750000000001, 21.4375], [79.1925, 21.4375], [79.1925, 21.4525], [79.20750000000001, 21.4525], [79.20750000000001, 21.4375]]], [[[79.26750000000001, 21.2725], [79.26750000000001, 21.2875], [79.2825, 21.2875], [79.2825, 21.2725], [79.26750000000001, 21.2725]]], [[[79.32749999999999, 21.5275], [79.3125, 21.5275], [79.3125, 21.5425], [79.32749999999999, 21.5425], [79.32749999999999, 21.5275]]], [[[79.32749999999999, 21.5275], [79.3425, 21.5275], [79.35749999999999, 21.5275], [79.35749999999999, 21.5125], [79.3425, 21.5125], [79.32749999999999, 21.5125], [79.32749999999999, 21.5275]]], [[[79.35749999999999, 21.5275], [79.35749999999999, 21.5425], [79.3725, 21.5425], [79.3725, 21.5275], [79.35749999999999, 21.5275]]], [[[79.38749999999999, 21.5275], [79.38749999999999, 21.5425], [79.4025, 21.5425], [79.4025, 21.5275], [79.38749999999999, 21.5275]]], [[[79.38749999999999, 21.5875], [79.38749999999999, 21.5725], [79.38749999999999, 21.572499999999998], [79.38749999999999, 21.5575], [79.38749999999999, 21.5425], [79.3725, 21.5425], [79.3725, 21.5575], [79.35749999999999, 21.5575], [79.35749999999999, 21.5725], [79.3725, 21.5725], [79.3725, 21.5875], [79.38749999999999, 21.5875]]], [[[79.38749999999999, 21.6025], [79.4025, 21.6025], [79.41749999999999, 21.6025], [79.41749999999999, 21.5875], [79.4025, 21.5875], [79.38749999999999, 21.5875], [79.38749999999999, 21.6025]]], [[[79.41749999999999, 21.4375], [79.4325, 21.4375], [79.44749999999999, 21.4375], [79.4625, 21.4375], [79.4625, 21.4225], [79.44749999999999, 21.4225], [79.4325, 21.4225], [79.41749999999999, 21.4225], [79.41749999999999, 21.4375]]], [[[79.4025, 21.5275], [79.41749999999999, 21.5275], [79.41749999999999, 21.5425], [79.4025, 21.5425], [79.4025, 21.5575], [79.4025, 21.5725], [79.41749999999999, 21.5725], [79.41749999999999, 21.5875], [79.4325, 21.5875], [79.4325, 21.6025], [79.44749999999999, 21.6025], [79.4625, 21.6025], [79.47749999999999, 21.6025], [79.4925, 21.6025], [79.4925, 21.6175], [79.5075, 21.6175], [79.5075, 21.6325], [79.52250000000001, 21.6325], [79.52250000000001, 21.6175], [79.5375, 21.6175], [79.5375, 21.6025], [79.55250000000001, 21.6025], [79.55250000000001, 21.5875], [79.55250000000001, 21.5725], [79.5675, 21.5725], [79.5675, 21.5875], [79.5675, 21.6025], [79.5675, 21.6175], [79.58250000000001, 21.6175], [79.5975, 21.6175], [79.5975, 21.6025], [79.5975, 21.5875], [79.58250000000001, 21.5875], [79.58250000000001, 21.5725], [79.5975, 21.5725], [79.61250000000001, 21.5725], [79.61250000000001, 21.5875], [79.6275, 21.5875], [79.6275, 21.5725], [79.6275, 21.572499999999998], [79.6275, 21.5575], [79.6275, 21.5425], [79.6275, 21.5275], [79.6275, 21.5125], [79.61250000000001, 21.5125], [79.61250000000001, 21.4975], [79.6275, 21.4975], [79.6275, 21.4825], [79.64250000000001, 21.4825], [79.6575, 21.4825], [79.6575, 21.4675], [79.64250000000001, 21.4675], [79.6275, 21.4675], [79.6275, 21.482499999999998], [79.61250000000001, 21.482499999999998], [79.5975, 21.482499999999998], [79.58250000000001, 21.482499999999998], [79.58250000000001, 21.4675], [79.5675, 21.4675], [79.5675, 21.4525], [79.55250000000001, 21.4525], [79.55250000000001, 21.4375], [79.55250000000001, 21.4225], [79.5375, 21.4225], [79.5375, 21.4375], [79.52250000000001, 21.4375], [79.5075, 21.4375], [79.4925, 21.4375], [79.4925, 21.4525], [79.4925, 21.4675], [79.47749999999999, 21.4675], [79.47749999999999, 21.482499999999998], [79.47749999999999, 21.4825], [79.47749999999999, 21.4975], [79.4625, 21.4975], [79.4625, 21.5125], [79.44749999999999, 21.5125], [79.44749999999999, 21.4975], [79.4325, 21.4975], [79.4325, 21.5125], [79.41749999999999, 21.5125], [79.4025, 21.5125], [79.4025, 21.5275]], [[79.55250000000001, 21.4675], [79.5375, 21.4675], [79.52250000000001, 21.4675], [79.52250000000001, 21.482499999999998], [79.5075, 21.482499999999998], [79.5075, 21.4675], [79.5075, 21.4525], [79.52250000000001, 21.4525], [79.5375, 21.4525], [79.55250000000001, 21.4525], [79.55250000000001, 21.4675]], [[79.4625, 21.572499999999998], [79.4625, 21.5575], [79.47749999999999, 21.5575], [79.4925, 21.5575], [79.5075, 21.5575], [79.5075, 21.572499999999998], [79.4925, 21.572499999999998], [79.4925, 21.5875], [79.47749999999999, 21.5875], [79.4625, 21.5875], [79.4625, 21.5725], [79.4625, 21.572499999999998]], [[79.52250000000001, 21.4825], [79.5375, 21.4825], [79.5375, 21.4975], [79.52250000000001, 21.4975], [79.52250000000001, 21.4825]], [[79.4925, 21.5275], [79.47749999999999, 21.5275], [79.47749999999999, 21.5125], [79.4925, 21.5125], [79.4925, 21.5275]], [[79.5075, 21.4825], [79.5075, 21.4975], [79.4925, 21.4975], [79.4925, 21.4825], [79.5075, 21.4825]], [[79.58250000000001, 21.5275], [79.58250000000001, 21.5425], [79.5675, 21.5425], [79.5675, 21.5275], [79.5675, 21.5125], [79.5675, 21.4975], [79.58250000000001, 21.4975], [79.58250000000001, 21.5125], [79.58250000000001, 21.5275]]], [[[79.4025, 21.6175], [79.4025, 21.6325], [79.41749999999999, 21.6325], [79.41749999999999, 21.6475], [79.4325, 21.6475], [79.4325, 21.6325], [79.4325, 21.6175], [79.4325, 21.6025], [79.41749999999999, 21.6025], [79.41749999999999, 21.6175], [79.4025, 21.6175]]], [[[79.44749999999999, 21.6475], [79.4625, 21.6475], [79.47749999999999, 21.6475], [79.4925, 21.6475], [79.4925, 21.6325], [79.47749999999999, 21.6325], [79.47749999999999, 21.6175], [79.4625, 21.6175], [79.4625, 21.6325], [79.44749999999999, 21.6325], [79.44749999999999, 21.6475]]], [[[79.52250000000001, 21.4075], [79.52250000000001, 21.4225], [79.5375, 21.4225], [79.5375, 21.4075], [79.52250000000001, 21.4075]]], [[[79.5375, 21.6475], [79.55250000000001, 21.6475], [79.5675, 21.6475], [79.5675, 21.6325], [79.5675, 21.6175], [79.55250000000001, 21.6175], [79.5375, 21.6175], [79.5375, 21.6325], [79.52250000000001, 21.6325], [79.52250000000001, 21.6475], [79.5375, 21.6475]]], [[[79.52250000000001, 21.6625], [79.52250000000001, 21.6475], [79.5075, 21.6475], [79.4925, 21.6475], [79.4925, 21.6625], [79.5075, 21.6625], [79.52250000000001, 21.6625]]], [[[79.5675, 21.6625], [79.58250000000001, 21.6625], [79.58250000000001, 21.6475], [79.5675, 21.6475], [79.5675, 21.6625]]]]}, "properties": {"zone_level": "top_quartile", "rank": 3, "rank_score": 0.9480628467920676, "cell_count": 300, "grid_ids": ["g_21.20500_79.24500", "g_21.22000_79.23000", "g_21.23500_79.23000", "g_21.25000_79.21500", "g_21.25000_79.24500", "g_21.26500_79.21500", "g_21.28000_79.20000", "g_21.28000_79.21500", "g_21.28000_79.27500", "g_21.29500_79.20000", "g_21.29500_79.23000", "g_21.29500_79.24500", "g_21.29500_79.26000", "g_21.31000_79.21500", "g_21.31000_79.23000", "g_21.31000_79.27500", "g_21.32500_79.23000", "g_21.32500_79.24500", "g_21.32500_79.36500", "g_21.32500_79.38000", "g_21.32500_79.39500", "g_21.34000_79.20000", "g_21.34000_79.21500", "g_21.34000_79.24500", "g_21.34000_79.26000", "g_21.34000_79.38000", "g_21.35500_79.20000", "g_21.35500_79.21500", "g_21.35500_79.23000", "g_21.35500_79.24500", "g_21.35500_79.26000", "g_21.35500_79.32000", "g_21.35500_79.38000", "g_21.37000_79.21500", "g_21.37000_79.24500", "g_21.37000_79.26000", "g_21.37000_79.27500", "g_21.37000_79.29000", "g_21.37000_79.30500", "g_21.37000_79.32000", "g_21.37000_79.35000", "g_21.37000_79.36500", "g_21.37000_79.38000", "g_21.37000_79.39500", "g_21.37000_79.41000", "g_21.38500_79.23000", "g_21.38500_79.26000", "g_21.38500_79.27500", "g_21.38500_79.29000", "g_21.38500_79.30500", "g_21.38500_79.32000", "g_21.38500_79.33500", "g_21.38500_79.35000", "g_21.38500_79.36500", "g_21.38500_79.38000", "g_21.38500_79.39500", "g_21.40000_79.24500", "g_21.40000_79.26000", "g_21.40000_79.27500", "g_21.40000_79.29000", "g_21.40000_79.30500", "g_21.40000_79.32000", "g_21.40000_79.33500", "g_21.40000_79.35000", "g_21.40000_79.36500", "g_21.40000_79.38000", "g_21.40000_79.39500", "g_21.40000_79.41000", "g_21.40000_79.42500", "g_21.41500_79.20000", "g_21.41500_79.21500", "g_21.41500_79.23000", "g_21.41500_79.24500", "g_21.41500_79.26000", "g_21.41500_79.27500", "g_21.41500_79.29000", "g_21.41500_79.30500", "g_21.41500_79.32000", "g_21.41500_79.33500", "g_21.41500_79.35000", "g_21.41500_79.36500", "g_21.41500_79.38000", "g_21.41500_79.39500", "g_21.41500_79.53000", "g_21.43000_79.23000", "g_21.43000_79.24500", "g_21.43000_79.26000", "g_21.43000_79.27500", "g_21.43000_79.29000", "g_21.43000_79.30500", "g_21.43000_79.32000", "g_21.43000_79.33500", "g_21.43000_79.36500", "g_21.43000_79.38000", "g_21.43000_79.39500", "g_21.43000_79.42500", "g_21.43000_79.44000", "g_21.43000_79.45500", "g_21.43000_79.54500", "g_21.44500_79.20000", "g_21.44500_79.24500", "g_21.44500_79.26000", "g_21.44500_79.27500", "g_21.44500_79.29000", "g_21.44500_79.30500", "g_21.44500_79.32000", "g_21.44500_79.33500", "g_21.44500_79.35000", "g_21.44500_79.36500", "g_21.44500_79.38000", "g_21.44500_79.39500", "g_21.44500_79.41000", "g_21.44500_79.50000", "g_21.44500_79.51500", "g_21.44500_79.53000", "g_21.44500_79.54500", "g_21.46000_79.21500", "g_21.46000_79.23000", "g_21.46000_79.26000", "g_21.46000_79.27500", "g_21.46000_79.29000", "g_21.46000_79.30500", "g_21.46000_79.32000", "g_21.46000_79.33500", "g_21.46000_79.35000", "g_21.46000_79.36500", "g_21.46000_79.38000", "g_21.46000_79.39500", "g_21.46000_79.41000", "g_21.46000_79.42500", "g_21.46000_79.44000", "g_21.46000_79.50000", "g_21.46000_79.56000", "g_21.47500_79.20000", "g_21.47500_79.21500", "g_21.47500_79.23000", "g_21.47500_79.27500", "g_21.47500_79.32000", "g_21.47500_79.33500", "g_21.47500_79.35000", "g_21.47500_79.39500", "g_21.47500_79.41000", "g_21.47500_79.42500", "g_21.47500_79.44000", "g_21.47500_79.45500", "g_21.47500_79.48500", "g_21.47500_79.50000", "g_21.47500_79.53000", "g_21.47500_79.54500", "g_21.47500_79.56000", "g_21.47500_79.57500", "g_21.47500_79.63500", "g_21.47500_79.65000", "g_21.49000_79.21500", "g_21.49000_79.23000", "g_21.49000_79.29000", "g_21.49000_79.30500", "g_21.49000_79.33500", "g_21.49000_79.35000", "g_21.49000_79.38000", "g_21.49000_79.39500", "g_21.49000_79.41000", "g_21.49000_79.42500", "g_21.49000_79.45500", "g_21.49000_79.48500", "g_21.49000_79.51500", "g_21.49000_79.54500", "g_21.49000_79.56000", "g_21.49000_79.57500", "g_21.49000_79.59000", "g_21.49000_79.60500", "g_21.49000_79.62000", "g_21.50500_79.23000", "g_21.50500_79.24500", "g_21.50500_79.26000", "g_21.50500_79.27500", "g_21.50500_79.29000", "g_21.50500_79.36500", "g_21.50500_79.38000", "g_21.50500_79.39500", "g_21.50500_79.44000", "g_21.50500_79.47000", "g_21.50500_79.48500", "g_21.50500_79.50000", "g_21.50500_79.51500", "g_21.50500_79.53000", "g_21.50500_79.54500", "g_21.50500_79.56000", "g_21.50500_79.59000", "g_21.50500_79.60500", "g_21.52000_79.24500", "g_21.52000_79.26000", "g_21.52000_79.27500", "g_21.52000_79.33500", "g_21.52000_79.35000", "g_21.52000_79.41000", "g_21.52000_79.42500", "g_21.52000_79.44000", "g_21.52000_79.45500", "g_21.52000_79.47000", "g_21.52000_79.50000", "g_21.52000_79.51500", "g_21.52000_79.53000", "g_21.52000_79.54500", "g_21.52000_79.56000", "g_21.52000_79.59000", "g_21.52000_79.60500", "g_21.52000_79.62000", "g_21.53500_79.26000", "g_21.53500_79.27500", "g_21.53500_79.32000", "g_21.53500_79.36500", "g_21.53500_79.39500", "g_21.53500_79.42500", "g_21.53500_79.44000", "g_21.53500_79.45500", "g_21.53500_79.47000", "g_21.53500_79.48500", "g_21.53500_79.50000", "g_21.53500_79.51500", "g_21.53500_79.53000", "g_21.53500_79.54500", "g_21.53500_79.56000", "g_21.53500_79.59000", "g_21.53500_79.60500", "g_21.53500_79.62000", "g_21.55000_79.38000", "g_21.55000_79.41000", "g_21.55000_79.42500", "g_21.55000_79.44000", "g_21.55000_79.45500", "g_21.55000_79.47000", "g_21.55000_79.48500", "g_21.55000_79.50000", "g_21.55000_79.51500", "g_21.55000_79.53000", "g_21.55000_79.54500", "g_21.55000_79.56000", "g_21.55000_79.57500", "g_21.55000_79.59000", "g_21.55000_79.60500", "g_21.55000_79.62000", "g_21.56500_79.36500", "g_21.56500_79.38000", "g_21.56500_79.41000", "g_21.56500_79.42500", "g_21.56500_79.44000", "g_21.56500_79.45500", "g_21.56500_79.51500", "g_21.56500_79.53000", "g_21.56500_79.54500", "g_21.56500_79.56000", "g_21.56500_79.57500", "g_21.56500_79.59000", "g_21.56500_79.60500", "g_21.56500_79.62000", "g_21.58000_79.38000", "g_21.58000_79.42500", "g_21.58000_79.44000", "g_21.58000_79.45500", "g_21.58000_79.50000", "g_21.58000_79.51500", "g_21.58000_79.53000", "g_21.58000_79.54500", "g_21.58000_79.57500", "g_21.58000_79.62000", "g_21.59500_79.39500", "g_21.59500_79.41000", "g_21.59500_79.44000", "g_21.59500_79.45500", "g_21.59500_79.47000", "g_21.59500_79.48500", "g_21.59500_79.50000", "g_21.59500_79.51500", "g_21.59500_79.53000", "g_21.59500_79.54500", "g_21.59500_79.57500", "g_21.59500_79.59000", "g_21.61000_79.42500", "g_21.61000_79.50000", "g_21.61000_79.51500", "g_21.61000_79.53000", "g_21.61000_79.57500", "g_21.61000_79.59000", "g_21.62500_79.41000", "g_21.62500_79.42500", "g_21.62500_79.47000", "g_21.62500_79.51500", "g_21.62500_79.54500", "g_21.62500_79.56000", "g_21.64000_79.42500", "g_21.64000_79.45500", "g_21.64000_79.47000", "g_21.64000_79.48500", "g_21.64000_79.53000", "g_21.64000_79.54500", "g_21.64000_79.56000", "g_21.65500_79.50000", "g_21.65500_79.51500", "g_21.65500_79.57500"], "score_mean": 0.14845772478968342, "score_median": 0.08888559776677885, "score_min": 0.0387305200502655, "score_max": 0.9894150941422696, "score_std": 0.16399351916698335, "area_km2": 774.4782307297262, "nearest_occurrence_km": 17.785887070086435, "nearest_mine_km": 17.785887070086435, "provenance": "DERIVED", "method": "Scores sorted descending with stable centroid tie-breaks; select ceil(10%) and ceil(25%). 8-neighbor connected components on regular centroid grid; discard components <2 cells; polygonize cell rectangles. Rank within threshold using 0.60 mean-score percentile, 0.15 log-area percentile, 0.10 mine-proximity score, 0.15 occurrence-proximity score.", "random_seed": 20260929, "source_ref": "grid_scores_v2.csv; known_occurrences.csv; moil_mines.geojson"}}, {"type": "Feature", "id": "top_quartile_004", "geometry": {"type": "Polygon", "coordinates": [[[80.39250000000001, 22.0375], [80.39250000000001, 22.052500000000002], [80.4075, 22.052500000000002], [80.42250000000001, 22.052500000000002], [80.4375, 22.052500000000002], [80.4375, 22.0375], [80.42250000000001, 22.0375], [80.42250000000001, 22.0225], [80.4375, 22.0225], [80.4375, 22.0075], [80.42250000000001, 22.0075], [80.4075, 22.0075], [80.39250000000001, 22.0075], [80.39250000000001, 22.0225], [80.39250000000001, 22.0375]]]}, "properties": {"zone_level": "top_quartile", "rank": 4, "rank_score": 0.9347142953156471, "cell_count": 8, "grid_ids": ["g_22.01500_80.40000", "g_22.01500_80.41500", "g_22.01500_80.43000", "g_22.03000_80.40000", "g_22.03000_80.41500", "g_22.04500_80.40000", "g_22.04500_80.41500", "g_22.04500_80.43000"], "score_mean": 0.13538284673443973, "score_median": 0.15147859616098094, "score_min": 0.0559905858482744, "score_max": 0.1815415534571385, "score_std": 0.04594243984773467, "area_km2": 20.56279244986299, "nearest_occurrence_km": 8.86433267813157, "nearest_mine_km": 8.86433267813157, "provenance": "DERIVED", "method": "Scores sorted descending with stable centroid tie-breaks; select ceil(10%) and ceil(25%). 8-neighbor connected components on regular centroid grid; discard components <2 cells; polygonize cell rectangles. Rank within threshold using 0.60 mean-score percentile, 0.15 log-area percentile, 0.10 mine-proximity score, 0.15 occurrence-proximity score.", "random_seed": 20260929, "source_ref": "grid_scores_v2.csv; known_occurrences.csv; moil_mines.geojson"}}, {"type": "Feature", "id": "top_quartile_005", "geometry": {"type": "Polygon", "coordinates": [[[80.45249999999999, 21.857499999999998], [80.45249999999999, 21.8575], [80.45249999999999, 21.8725], [80.4675, 21.8725], [80.4675, 21.8575], [80.48249999999999, 21.8575], [80.48249999999999, 21.8725], [80.48249999999999, 21.8875], [80.4975, 21.8875], [80.4975, 21.8725], [80.4975, 21.8575], [80.4975, 21.857499999999998], [80.4975, 21.8425], [80.48249999999999, 21.8425], [80.4675, 21.8425], [80.45249999999999, 21.8425], [80.45249999999999, 21.857499999999998]]]}, "properties": {"zone_level": "top_quartile", "rank": 5, "rank_score": 0.8978530652253274, "cell_count": 6, "grid_ids": ["g_21.85000_80.46000", "g_21.85000_80.47500", "g_21.85000_80.49000", "g_21.86500_80.46000", "g_21.86500_80.49000", "g_21.88000_80.49000"], "score_mean": 0.11742002207910157, "score_median": 0.10579238295693895, "score_min": 0.0464967010458606, "score_max": 0.2160494762848579, "score_std": 0.05152761363368803, "area_km2": 15.43982886395863, "nearest_occurrence_km": 12.200393878006539, "nearest_mine_km": 12.200393878006539, "provenance": "DERIVED", "method": "Scores sorted descending with stable centroid tie-breaks; select ceil(10%) and ceil(25%). 8-neighbor connected components on regular centroid grid; discard components <2 cells; polygonize cell rectangles. Rank within threshold using 0.60 mean-score percentile, 0.15 log-area percentile, 0.10 mine-proximity score, 0.15 occurrence-proximity score.", "random_seed": 20260929, "source_ref": "grid_scores_v2.csv; known_occurrences.csv; moil_mines.geojson"}}, {"type": "Feature", "id": "top_quartile_006", "geometry": {"type": "MultiPolygon", "coordinates": [[[[79.76249999999999, 21.302500000000002], [79.76249999999999, 21.3175], [79.76249999999999, 21.3325], [79.7475, 21.3325], [79.7475, 21.3475], [79.76249999999999, 21.3475], [79.7775, 21.3475], [79.7775, 21.3625], [79.79249999999999, 21.3625], [79.79249999999999, 21.3475], [79.79249999999999, 21.3325], [79.79249999999999, 21.3175], [79.79249999999999, 21.302500000000002], [79.79249999999999, 21.3025], [79.79249999999999, 21.2875], [79.7775, 21.2875], [79.7775, 21.3025], [79.76249999999999, 21.3025], [79.76249999999999, 21.2875], [79.76249999999999, 21.2725], [79.7475, 21.2725], [79.7475, 21.2875], [79.7475, 21.302500000000002], [79.76249999999999, 21.302500000000002]]], [[[79.7475, 21.3175], [79.73249999999999, 21.3175], [79.73249999999999, 21.3325], [79.7475, 21.3325], [79.7475, 21.3175]]], [[[79.73249999999999, 21.3625], [79.7475, 21.3625], [79.7475, 21.3475], [79.73249999999999, 21.3475], [79.73249999999999, 21.3625]]], [[[79.73249999999999, 21.4075], [79.7475, 21.4075], [79.76249999999999, 21.4075], [79.76249999999999, 21.392500000000002], [79.76249999999999, 21.3925], [79.76249999999999, 21.3775], [79.76249999999999, 21.3625], [79.7475, 21.3625], [79.7475, 21.3775], [79.7475, 21.3925], [79.73249999999999, 21.3925], [79.73249999999999, 21.4075]]], [[[79.7475, 21.4225], [79.73249999999999, 21.4225], [79.73249999999999, 21.4375], [79.73249999999999, 21.4525], [79.7475, 21.4525], [79.7475, 21.4375], [79.76249999999999, 21.4375], [79.7775, 21.4375], [79.7775, 21.4525], [79.79249999999999, 21.4525], [79.8075, 21.4525], [79.8075, 21.4375], [79.79249999999999, 21.4375], [79.79249999999999, 21.4225], [79.7775, 21.4225], [79.7775, 21.4075], [79.76249999999999, 21.4075], [79.76249999999999, 21.4225], [79.7475, 21.4225]]], [[[79.82249999999999, 21.3025], [79.8075, 21.3025], [79.8075, 21.3175], [79.82249999999999, 21.3175], [79.82249999999999, 21.3025]]], [[[79.8075, 21.3325], [79.8075, 21.3475], [79.82249999999999, 21.3475], [79.8375, 21.3475], [79.8375, 21.3625], [79.82249999999999, 21.3625], [79.82249999999999, 21.3775], [79.8075, 21.3775], [79.8075, 21.3625], [79.79249999999999, 21.3625], [79.79249999999999, 21.3775], [79.79249999999999, 21.3925], [79.79249999999999, 21.392500000000002], [79.79249999999999, 21.4075], [79.8075, 21.4075], [79.8075, 21.392500000000002], [79.82249999999999, 21.392500000000002], [79.82249999999999, 21.4075], [79.8375, 21.4075], [79.8375, 21.392500000000002], [79.85249999999999, 21.392500000000002], [79.85249999999999, 21.4075], [79.85249999999999, 21.4225], [79.85249999999999, 21.4375], [79.8675, 21.4375], [79.8825, 21.4375], [79.8825, 21.4225], [79.8675, 21.4225], [79.8675, 21.4075], [79.8675, 21.3925], [79.85249999999999, 21.3925], [79.85249999999999, 21.3775], [79.8675, 21.3775], [79.8825, 21.3775], [79.8825, 21.3625], [79.8675, 21.3625], [79.8675, 21.3475], [79.8675, 21.3325], [79.85249999999999, 21.3325], [79.8375, 21.3325], [79.8375, 21.3175], [79.82249999999999, 21.3175], [79.82249999999999, 21.3325], [79.8075, 21.3325]]], [[[79.82249999999999, 21.4375], [79.82249999999999, 21.4525], [79.8375, 21.4525], [79.8375, 21.4375], [79.8375, 21.4225], [79.82249999999999, 21.4225], [79.8075, 21.4225], [79.8075, 21.4375], [79.82249999999999, 21.4375]]], [[[79.8825, 21.4225], [79.89750000000001, 21.4225], [79.89750000000001, 21.4075], [79.8825, 21.4075], [79.8825, 21.4225]]], [[[79.9125, 21.4225], [79.92750000000001, 21.4225], [79.92750000000001, 21.4075], [79.9125, 21.4075], [79.9125, 21.4225]]], [[[79.89750000000001, 21.4375], [79.9125, 21.4375], [79.9125, 21.4225], [79.89750000000001, 21.4225], [79.89750000000001, 21.4375]]]]}, "properties": {"zone_level": "top_quartile", "rank": 6, "rank_score": 0.877138509046774, "cell_count": 54, "grid_ids": ["g_21.28000_79.75500", "g_21.29500_79.75500", "g_21.29500_79.78500", "g_21.31000_79.77000", "g_21.31000_79.78500", "g_21.31000_79.81500", "g_21.32500_79.74000", "g_21.32500_79.77000", "g_21.32500_79.78500", "g_21.32500_79.83000", "g_21.34000_79.75500", "g_21.34000_79.77000", "g_21.34000_79.78500", "g_21.34000_79.81500", "g_21.34000_79.83000", "g_21.34000_79.84500", "g_21.34000_79.86000", "g_21.35500_79.74000", "g_21.35500_79.78500", "g_21.35500_79.84500", "g_21.35500_79.86000", "g_21.37000_79.75500", "g_21.37000_79.80000", "g_21.37000_79.83000", "g_21.37000_79.84500", "g_21.37000_79.86000", "g_21.37000_79.87500", "g_21.38500_79.75500", "g_21.38500_79.80000", "g_21.38500_79.81500", "g_21.38500_79.83000", "g_21.38500_79.84500", "g_21.40000_79.74000", "g_21.40000_79.75500", "g_21.40000_79.80000", "g_21.40000_79.83000", "g_21.40000_79.86000", "g_21.41500_79.77000", "g_21.41500_79.86000", "g_21.41500_79.89000", "g_21.41500_79.92000", "g_21.43000_79.74000", "g_21.43000_79.75500", "g_21.43000_79.77000", "g_21.43000_79.78500", "g_21.43000_79.81500", "g_21.43000_79.83000", "g_21.43000_79.86000", "g_21.43000_79.87500", "g_21.43000_79.90500", "g_21.44500_79.74000", "g_21.44500_79.78500", "g_21.44500_79.80000", "g_21.44500_79.83000"], "score_mean": 0.11109800209672249, "score_median": 0.06324303176832499, "score_min": 0.038544318910172, "score_max": 0.4910792355739309, "score_std": 0.11687167627745748, "area_km2": 139.45540582546832, "nearest_occurrence_km": 22.47448074628775, "nearest_mine_km": 22.47448074628775, "provenance": "DERIVED", "method": "Scores sorted descending with stable centroid tie-breaks; select ceil(10%) and ceil(25%). 8-neighbor connected components on regular centroid grid; discard components <2 cells; polygonize cell rectangles. Rank within threshold using 0.60 mean-score percentile, 0.15 log-area percentile, 0.10 mine-proximity score, 0.15 occurrence-proximity score.", "random_seed": 20260929, "source_ref": "grid_scores_v2.csv; known_occurrences.csv; moil_mines.geojson"}}, {"type": "Feature", "id": "top_quartile_007", "geometry": {"type": "MultiPolygon", "coordinates": [[[[79.44749999999999, 21.1375], [79.4625, 21.1375], [79.47749999999999, 21.1375], [79.4925, 21.1375], [79.4925, 21.1225], [79.47749999999999, 21.1225], [79.4625, 21.1225], [79.44749999999999, 21.1225], [79.44749999999999, 21.1375]]], [[[79.5075, 21.1375], [79.4925, 21.1375], [79.4925, 21.1525], [79.5075, 21.1525], [79.5075, 21.1375]]], [[[79.47749999999999, 21.1675], [79.4925, 21.1675], [79.4925, 21.1525], [79.47749999999999, 21.1525], [79.47749999999999, 21.1675]]], [[[79.5075, 21.1675], [79.4925, 21.1675], [79.4925, 21.1825], [79.5075, 21.1825], [79.5075, 21.1675]]]]}, "properties": {"zone_level": "top_quartile", "rank": 7, "rank_score": 0.864258156119847, "cell_count": 6, "grid_ids": ["g_21.13000_79.45500", "g_21.13000_79.47000", "g_21.13000_79.48500", "g_21.14500_79.50000", "g_21.16000_79.48500", "g_21.17500_79.50000"], "score_mean": 0.1631273121166084, "score_median": 0.1988911801588385, "score_min": 0.0430174214803105, "score_max": 0.2634515559055709, "score_std": 0.08532636591463824, "area_km2": 15.522561075657405, "nearest_occurrence_km": 37.137957347975714, "nearest_mine_km": 37.137957347975714, "provenance": "DERIVED", "method": "Scores sorted descending with stable centroid tie-breaks; select ceil(10%) and ceil(25%). 8-neighbor connected components on regular centroid grid; discard components <2 cells; polygonize cell rectangles. Rank within threshold using 0.60 mean-score percentile, 0.15 log-area percentile, 0.10 mine-proximity score, 0.15 occurrence-proximity score.", "random_seed": 20260929, "source_ref": "grid_scores_v2.csv; known_occurrences.csv; moil_mines.geojson"}}, {"type": "Feature", "id": "top_quartile_008", "geometry": {"type": "MultiPolygon", "coordinates": [[[[80.3175, 21.9775], [80.3175, 21.9925], [80.33250000000001, 21.9925], [80.33250000000001, 21.9775], [80.3175, 21.9775]]], [[[80.3475, 21.9925], [80.33250000000001, 21.9925], [80.33250000000001, 22.0075], [80.33250000000001, 22.0225], [80.3475, 22.0225], [80.36250000000001, 22.0225], [80.36250000000001, 22.0075], [80.3475, 22.0075], [80.3475, 21.9925]]], [[[80.3775, 21.9925], [80.36250000000001, 21.9925], [80.36250000000001, 22.0075], [80.3775, 22.0075], [80.3775, 21.9925]]]]}, "properties": {"zone_level": "top_quartile", "rank": 8, "rank_score": 0.8553199368566794, "cell_count": 5, "grid_ids": ["g_21.98500_80.32500", "g_22.00000_80.34000", "g_22.00000_80.37000", "g_22.01500_80.34000", "g_22.01500_80.35500"], "score_mean": 0.10541372319947702, "score_median": 0.0995603829783958, "score_min": 0.0550703406372653, "score_max": 0.1706335150503904, "score_std": 0.039117060952768276, "area_km2": 12.85442086365606, "nearest_occurrence_km": 13.312151333374109, "nearest_mine_km": 13.312151333374109, "provenance": "DERIVED", "method": "Scores sorted descending with stable centroid tie-breaks; select ceil(10%) and ceil(25%). 8-neighbor connected components on regular centroid grid; discard components <2 cells; polygonize cell rectangles. Rank within threshold using 0.60 mean-score percentile, 0.15 log-area percentile, 0.10 mine-proximity score, 0.15 occurrence-proximity score.", "random_seed": 20260929, "source_ref": "grid_scores_v2.csv; known_occurrences.csv; moil_mines.geojson"}}, {"type": "Feature", "id": "top_quartile_009", "geometry": {"type": "MultiPolygon", "coordinates": [[[[79.3425, 21.1225], [79.35749999999999, 21.1225], [79.3725, 21.1225], [79.3725, 21.107499999999998], [79.35749999999999, 21.107499999999998], [79.35749999999999, 21.0925], [79.3425, 21.0925], [79.32749999999999, 21.0925], [79.3125, 21.0925], [79.3125, 21.1075], [79.32749999999999, 21.1075], [79.32749999999999, 21.1225], [79.3425, 21.1225]]], [[[79.32749999999999, 21.1225], [79.3125, 21.1225], [79.29750000000001, 21.1225], [79.29750000000001, 21.1375], [79.3125, 21.1375], [79.32749999999999, 21.1375], [79.32749999999999, 21.1225]]], [[[79.3125, 21.1525], [79.3125, 21.1675], [79.3125, 21.1825], [79.32749999999999, 21.1825], [79.32749999999999, 21.1675], [79.3425, 21.1675], [79.3425, 21.1525], [79.3425, 21.1375], [79.32749999999999, 21.1375], [79.32749999999999, 21.1525], [79.3125, 21.1525]]], [[[79.2825, 21.1675], [79.2825, 21.1825], [79.29750000000001, 21.1825], [79.29750000000001, 21.1675], [79.2825, 21.1675]]], [[[79.29750000000001, 21.2125], [79.29750000000001, 21.2275], [79.3125, 21.2275], [79.3125, 21.2425], [79.32749999999999, 21.2425], [79.32749999999999, 21.2275], [79.3425, 21.2275], [79.3425, 21.2125], [79.32749999999999, 21.2125], [79.32749999999999, 21.197499999999998], [79.3125, 21.197499999999998], [79.3125, 21.1825], [79.29750000000001, 21.1825], [79.29750000000001, 21.197499999999998], [79.29750000000001, 21.1975], [79.29750000000001, 21.2125]]], [[[79.41749999999999, 21.0925], [79.41749999999999, 21.107499999999998], [79.41749999999999, 21.1075], [79.41749999999999, 21.1225], [79.41749999999999, 21.1375], [79.4325, 21.1375], [79.4325, 21.1225], [79.4325, 21.1075], [79.4325, 21.107499999999998], [79.4325, 21.0925], [79.41749999999999, 21.0925]]], [[[79.4025, 21.1375], [79.38749999999999, 21.1375], [79.38749999999999, 21.1525], [79.4025, 21.1525], [79.4025, 21.1675], [79.38749999999999, 21.1675], [79.38749999999999, 21.1825], [79.4025, 21.1825], [79.41749999999999, 21.1825], [79.4325, 21.1825], [79.4325, 21.1675], [79.4325, 21.1525], [79.41749999999999, 21.1525], [79.41749999999999, 21.1375], [79.4025, 21.1375]]], [[[79.3725, 21.1525], [79.35749999999999, 21.1525], [79.35749999999999, 21.1675], [79.3425, 21.1675], [79.3425, 21.1825], [79.35749999999999, 21.1825], [79.3725, 21.1825], [79.3725, 21.1675], [79.38749999999999, 21.1675], [79.38749999999999, 21.1525], [79.3725, 21.1525]]]]}, "properties": {"zone_level": "top_quartile", "rank": 9, "rank_score": 0.8447201305028941, "cell_count": 34, "grid_ids": ["g_21.10000_79.32000", "g_21.10000_79.33500", "g_21.10000_79.35000", "g_21.10000_79.42500", "g_21.11500_79.33500", "g_21.11500_79.35000", "g_21.11500_79.36500", "g_21.11500_79.42500", "g_21.13000_79.30500", "g_21.13000_79.32000", "g_21.13000_79.42500", "g_21.14500_79.33500", "g_21.14500_79.39500", "g_21.14500_79.41000", "g_21.16000_79.32000", "g_21.16000_79.33500", "g_21.16000_79.36500", "g_21.16000_79.38000", "g_21.16000_79.41000", "g_21.16000_79.42500", "g_21.17500_79.29000", "g_21.17500_79.32000", "g_21.17500_79.35000", "g_21.17500_79.36500", "g_21.17500_79.39500", "g_21.17500_79.41000", "g_21.17500_79.42500", "g_21.19000_79.30500", "g_21.20500_79.30500", "g_21.20500_79.32000", "g_21.22000_79.30500", "g_21.22000_79.32000", "g_21.22000_79.33500", "g_21.23500_79.32000"], "score_mean": 0.1098544600375, "score_median": 0.06998146059062291, "score_min": 0.0394114492726895, "score_max": 0.4839987570801021, "score_std": 0.11245025508062567, "area_km2": 87.96316544345956, "nearest_occurrence_km": 28.974743298587835, "nearest_mine_km": 28.974743298587835, "provenance": "DERIVED", "method": "Scores sorted descending with stable centroid tie-breaks; select ceil(10%) and ceil(25%). 8-neighbor connected components on regular centroid grid; discard components <2 cells; polygonize cell rectangles. Rank within threshold using 0.60 mean-score percentile, 0.15 log-area percentile, 0.10 mine-proximity score, 0.15 occurrence-proximity score.", "random_seed": 20260929, "source_ref": "grid_scores_v2.csv; known_occurrences.csv; moil_mines.geojson"}}, {"type": "Feature", "id": "top_quartile_010", "geometry": {"type": "MultiPolygon", "coordinates": [[[[79.5375, 21.1675], [79.52250000000001, 21.1675], [79.52250000000001, 21.1825], [79.5375, 21.1825], [79.5375, 21.1675]]], [[[79.5375, 21.197499999999998], [79.52250000000001, 21.197499999999998], [79.5075, 21.197499999999998], [79.5075, 21.2125], [79.52250000000001, 21.2125], [79.52250000000001, 21.2275], [79.5375, 21.2275], [79.5375, 21.2125], [79.55250000000001, 21.2125], [79.55250000000001, 21.1975], [79.5675, 21.1975], [79.58250000000001, 21.1975], [79.58250000000001, 21.2125], [79.58250000000001, 21.2275], [79.5975, 21.2275], [79.5975, 21.2125], [79.61250000000001, 21.2125], [79.61250000000001, 21.1975], [79.6275, 21.1975], [79.6275, 21.1825], [79.6275, 21.1675], [79.61250000000001, 21.1675], [79.61250000000001, 21.1825], [79.61250000000001, 21.197499999999998], [79.5975, 21.197499999999998], [79.58250000000001, 21.197499999999998], [79.58250000000001, 21.1825], [79.5675, 21.1825], [79.5675, 21.1675], [79.55250000000001, 21.1675], [79.55250000000001, 21.1825], [79.5375, 21.1825], [79.5375, 21.197499999999998]]], [[[79.4925, 21.2275], [79.4925, 21.2425], [79.5075, 21.2425], [79.5075, 21.2275], [79.5075, 21.2125], [79.4925, 21.2125], [79.4925, 21.2275]]], [[[79.4925, 21.2725], [79.5075, 21.2725], [79.52250000000001, 21.2725], [79.52250000000001, 21.2875], [79.52250000000001, 21.3025], [79.52250000000001, 21.302500000000002], [79.52250000000001, 21.3175], [79.5375, 21.3175], [79.55250000000001, 21.3175], [79.55250000000001, 21.302500000000002], [79.5675, 21.302500000000002], [79.58250000000001, 21.302500000000002], [79.58250000000001, 21.3175], [79.58250000000001, 21.3325], [79.5975, 21.3325], [79.5975, 21.3175], [79.5975, 21.302500000000002], [79.61250000000001, 21.302500000000002], [79.61250000000001, 21.3175], [79.6275, 21.3175], [79.6275, 21.3025], [79.61250000000001, 21.3025], [79.61250000000001, 21.2875], [79.5975, 21.2875], [79.5975, 21.3025], [79.58250000000001, 21.3025], [79.58250000000001, 21.2875], [79.5675, 21.2875], [79.55250000000001, 21.2875], [79.55250000000001, 21.2725], [79.5675, 21.2725], [79.58250000000001, 21.2725], [79.5975, 21.2725], [79.5975, 21.2575], [79.58250000000001, 21.2575], [79.58250000000001, 21.2425], [79.5675, 21.2425], [79.5675, 21.2575], [79.55250000000001, 21.2575], [79.55250000000001, 21.2425], [79.55250000000001, 21.2275], [79.5375, 21.2275], [79.5375, 21.2425], [79.52250000000001, 21.2425], [79.5075, 21.2425], [79.5075, 21.2575], [79.4925, 21.2575], [79.4925, 21.2725]], [[79.52250000000001, 21.2575], [79.5375, 21.2575], [79.5375, 21.2725], [79.52250000000001, 21.2725], [79.52250000000001, 21.2575]], [[79.55250000000001, 21.3025], [79.5375, 21.3025], [79.5375, 21.2875], [79.55250000000001, 21.2875], [79.55250000000001, 21.3025]]], [[[79.5675, 21.1225], [79.5675, 21.1375], [79.5675, 21.1525], [79.5675, 21.1675], [79.58250000000001, 21.1675], [79.58250000000001, 21.1525], [79.58250000000001, 21.1375], [79.58250000000001, 21.1225], [79.58250000000001, 21.107499999999998], [79.5675, 21.107499999999998], [79.5675, 21.1225]]], [[[79.61250000000001, 21.1375], [79.6275, 21.1375], [79.6275, 21.1225], [79.61250000000001, 21.1225], [79.61250000000001, 21.1375]]], [[[79.64250000000001, 21.1525], [79.64250000000001, 21.1375], [79.6275, 21.1375], [79.6275, 21.1525], [79.6275, 21.1675], [79.64250000000001, 21.1675], [79.64250000000001, 21.1525]]], [[[79.58250000000001, 21.1675], [79.58250000000001, 21.1825], [79.5975, 21.1825], [79.5975, 21.1675], [79.58250000000001, 21.1675]]], [[[79.61250000000001, 21.2275], [79.5975, 21.2275], [79.5975, 21.2425], [79.61250000000001, 21.2425], [79.6275, 21.2425], [79.64250000000001, 21.2425], [79.64250000000001, 21.2275], [79.6575, 21.2275], [79.6575, 21.2125], [79.64250000000001, 21.2125], [79.6275, 21.2125], [79.61250000000001, 21.2125], [79.61250000000001, 21.2275]]]]}, "properties": {"zone_level": "top_quartile", "rank": 10, "rank_score": 0.7952030509083908, "cell_count": 52, "grid_ids": ["g_21.11500_79.57500", "g_21.13000_79.57500", "g_21.13000_79.62000", "g_21.14500_79.57500", "g_21.14500_79.63500", "g_21.16000_79.57500", "g_21.16000_79.63500", "g_21.17500_79.53000", "g_21.17500_79.56000", "g_21.17500_79.59000", "g_21.17500_79.62000", "g_21.19000_79.54500", "g_21.19000_79.56000", "g_21.19000_79.57500", "g_21.19000_79.62000", "g_21.20500_79.51500", "g_21.20500_79.53000", "g_21.20500_79.54500", "g_21.20500_79.59000", "g_21.20500_79.60500", "g_21.22000_79.50000", "g_21.22000_79.53000", "g_21.22000_79.59000", "g_21.22000_79.62000", "g_21.22000_79.63500", "g_21.22000_79.65000", "g_21.23500_79.50000", "g_21.23500_79.54500", "g_21.23500_79.60500", "g_21.23500_79.62000", "g_21.23500_79.63500", "g_21.25000_79.51500", "g_21.25000_79.53000", "g_21.25000_79.54500", "g_21.25000_79.57500", "g_21.26500_79.50000", "g_21.26500_79.51500", "g_21.26500_79.54500", "g_21.26500_79.56000", "g_21.26500_79.57500", "g_21.26500_79.59000", "g_21.28000_79.53000", "g_21.28000_79.54500", "g_21.29500_79.53000", "g_21.29500_79.56000", "g_21.29500_79.57500", "g_21.29500_79.60500", "g_21.31000_79.53000", "g_21.31000_79.54500", "g_21.31000_79.59000", "g_21.31000_79.62000", "g_21.32500_79.59000"], "score_mean": 0.10172758909935707, "score_median": 0.06915408238092145, "score_min": 0.0385235829614102, "score_max": 0.3220218983546469, "score_std": 0.08102146659698804, "area_km2": 134.44563955495022, "nearest_occurrence_km": 37.866604401388535, "nearest_mine_km": 37.866604401388535, "provenance": "DERIVED", "method": "Scores sorted descending with stable centroid tie-breaks; select ceil(10%) and ceil(25%). 8-neighbor connected components on regular centroid grid; discard components <2 cells; polygonize cell rectangles. Rank within threshold using 0.60 mean-score percentile, 0.15 log-area percentile, 0.10 mine-proximity score, 0.15 occurrence-proximity score.", "random_seed": 20260929, "source_ref": "grid_scores_v2.csv; known_occurrences.csv; moil_mines.geojson"}}, {"type": "Feature", "id": "top_quartile_011", "geometry": {"type": "MultiPolygon", "coordinates": [[[[79.9425, 21.6625], [79.9425, 21.6775], [79.9425, 21.677500000000002], [79.9425, 21.6925], [79.95750000000001, 21.6925], [79.95750000000001, 21.677500000000002], [79.95750000000001, 21.6775], [79.95750000000001, 21.6625], [79.9425, 21.6625]]], [[[79.92750000000001, 21.7075], [79.9425, 21.7075], [79.9425, 21.6925], [79.92750000000001, 21.6925], [79.92750000000001, 21.7075]]], [[[79.95750000000001, 21.7075], [79.9725, 21.7075], [79.9725, 21.6925], [79.95750000000001, 21.6925], [79.95750000000001, 21.7075]]]]}, "properties": {"zone_level": "top_quartile", "rank": 11, "rank_score": 0.7936766613809769, "cell_count": 4, "grid_ids": ["g_21.67000_79.95000", "g_21.68500_79.95000", "g_21.70000_79.93500", "g_21.70000_79.96500"], "score_mean": 0.09198802159797113, "score_median": 0.07302532053104616, "score_min": 0.0508997157517831, "score_max": 0.1710017295780091, "score_std": 0.04653300657527282, "area_km2": 10.307494679238843, "nearest_occurrence_km": 23.07863612136653, "nearest_mine_km": 23.07863612136653, "provenance": "DERIVED", "method": "Scores sorted descending with stable centroid tie-breaks; select ceil(10%) and ceil(25%). 8-neighbor connected components on regular centroid grid; discard components <2 cells; polygonize cell rectangles. Rank within threshold using 0.60 mean-score percentile, 0.15 log-area percentile, 0.10 mine-proximity score, 0.15 occurrence-proximity score.", "random_seed": 20260929, "source_ref": "grid_scores_v2.csv; known_occurrences.csv; moil_mines.geojson"}}, {"type": "Feature", "id": "top_quartile_012", "geometry": {"type": "Polygon", "coordinates": [[[79.6875, 21.3475], [79.6875, 21.3625], [79.70249999999999, 21.3625], [79.7175, 21.3625], [79.7175, 21.3475], [79.70249999999999, 21.3475], [79.6875, 21.3475]]]}, "properties": {"zone_level": "top_quartile", "rank": 12, "rank_score": 0.7781375865325876, "cell_count": 2, "grid_ids": ["g_21.35500_79.69500", "g_21.35500_79.71000"], "score_mean": 0.11451663265147939, "score_median": 0.11451663265147939, "score_min": 0.038782898315366, "score_max": 0.1902503669875928, "score_std": 0.0757337343361134, "area_km2": 5.166129255534547, "nearest_occurrence_km": 21.604740444235727, "nearest_mine_km": 21.604740444235727, "provenance": "DERIVED", "method": "Scores sorted descending with stable centroid tie-breaks; select ceil(10%) and ceil(25%). 8-neighbor connected components on regular centroid grid; discard components <2 cells; polygonize cell rectangles. Rank within threshold using 0.60 mean-score percentile, 0.15 log-area percentile, 0.10 mine-proximity score, 0.15 occurrence-proximity score.", "random_seed": 20260929, "source_ref": "grid_scores_v2.csv; known_occurrences.csv; moil_mines.geojson"}}, {"type": "Feature", "id": "top_quartile_013", "geometry": {"type": "MultiPolygon", "coordinates": [[[[80.1225, 21.5875], [80.10749999999999, 21.5875], [80.10749999999999, 21.6025], [80.1225, 21.6025], [80.1225, 21.5875]]], [[[80.1225, 21.6175], [80.13749999999999, 21.6175], [80.13749999999999, 21.6025], [80.1225, 21.6025], [80.1225, 21.6175]]]]}, "properties": {"zone_level": "top_quartile", "rank": 13, "rank_score": 0.7571729367062915, "cell_count": 2, "grid_ids": ["g_21.59500_80.11500", "g_21.61000_80.13000"], "score_mean": 0.12044039492036426, "score_median": 0.12044039492036426, "score_min": 0.0903471026043373, "score_max": 0.1505336872363912, "score_std": 0.030093292316026955, "area_km2": 5.156303430482293, "nearest_occurrence_km": 28.00047976735395, "nearest_mine_km": 28.00047976735395, "provenance": "DERIVED", "method": "Scores sorted descending with stable centroid tie-breaks; select ceil(10%) and ceil(25%). 8-neighbor connected components on regular centroid grid; discard components <2 cells; polygonize cell rectangles. Rank within threshold using 0.60 mean-score percentile, 0.15 log-area percentile, 0.10 mine-proximity score, 0.15 occurrence-proximity score.", "random_seed": 20260929, "source_ref": "grid_scores_v2.csv; known_occurrences.csv; moil_mines.geojson"}}, {"type": "Feature", "id": "top_quartile_014", "geometry": {"type": "MultiPolygon", "coordinates": [[[[79.2225, 21.1075], [79.23750000000001, 21.1075], [79.23750000000001, 21.1225], [79.2525, 21.1225], [79.2525, 21.1375], [79.26750000000001, 21.1375], [79.2825, 21.1375], [79.2825, 21.1225], [79.26750000000001, 21.1225], [79.26750000000001, 21.1075], [79.2825, 21.1075], [79.29750000000001, 21.1075], [79.29750000000001, 21.0925], [79.2825, 21.0925], [79.26750000000001, 21.0925], [79.26750000000001, 21.107499999999998], [79.2525, 21.107499999999998], [79.2525, 21.0925], [79.23750000000001, 21.0925], [79.2225, 21.0925], [79.20750000000001, 21.0925], [79.20750000000001, 21.1075], [79.2225, 21.1075]]], [[[79.23750000000001, 21.1375], [79.23750000000001, 21.1225], [79.2225, 21.1225], [79.2225, 21.1375], [79.23750000000001, 21.1375]]]]}, "properties": {"zone_level": "top_quartile", "rank": 14, "rank_score": 0.7536868253908787, "cell_count": 10, "grid_ids": ["g_21.10000_79.21500", "g_21.10000_79.23000", "g_21.10000_79.24500", "g_21.10000_79.27500", "g_21.10000_79.29000", "g_21.11500_79.24500", "g_21.11500_79.26000", "g_21.13000_79.23000", "g_21.13000_79.26000", "g_21.13000_79.27500"], "score_mean": 0.07812348021659418, "score_median": 0.05206516603351915, "score_min": 0.0429348548094793, "score_max": 0.2603160843848811, "score_std": 0.06268123097319868, "area_km2": 25.881751887466617, "nearest_occurrence_km": 31.88874255483434, "nearest_mine_km": 31.88874255483434, "provenance": "DERIVED", "method": "Scores sorted descending with stable centroid tie-breaks; select ceil(10%) and ceil(25%). 8-neighbor connected components on regular centroid grid; discard components <2 cells; polygonize cell rectangles. Rank within threshold using 0.60 mean-score percentile, 0.15 log-area percentile, 0.10 mine-proximity score, 0.15 occurrence-proximity score.", "random_seed": 20260929, "source_ref": "grid_scores_v2.csv; known_occurrences.csv; moil_mines.geojson"}}, {"type": "Feature", "id": "top_quartile_015", "geometry": {"type": "Polygon", "coordinates": [[[79.98750000000001, 21.8875], [80.0025, 21.8875], [80.0025, 21.9025], [80.01750000000001, 21.9025], [80.01750000000001, 21.8875], [80.0325, 21.8875], [80.0325, 21.8725], [80.01750000000001, 21.8725], [80.0025, 21.8725], [79.98750000000001, 21.8725], [79.98750000000001, 21.8875]]]}, "properties": {"zone_level": "top_quartile", "rank": 15, "rank_score": 0.7353661181999472, "cell_count": 4, "grid_ids": ["g_21.88000_79.99500", "g_21.88000_80.01000", "g_21.88000_80.02500", "g_21.89500_80.01000"], "score_mean": 0.07748961836083751, "score_median": 0.058905632086168946, "score_min": 0.0401282098268457, "score_max": 0.1520189994441664, "score_std": 0.044290613707672156, "area_km2": 10.293465933849003, "nearest_occurrence_km": 23.354158060885226, "nearest_mine_km": 23.354158060885226, "provenance": "DERIVED", "method": "Scores sorted descending with stable centroid tie-breaks; select ceil(10%) and ceil(25%). 8-neighbor connected components on regular centroid grid; discard components <2 cells; polygonize cell rectangles. Rank within threshold using 0.60 mean-score percentile, 0.15 log-area percentile, 0.10 mine-proximity score, 0.15 occurrence-proximity score.", "random_seed": 20260929, "source_ref": "grid_scores_v2.csv; known_occurrences.csv; moil_mines.geojson"}}, {"type": "Feature", "id": "top_quartile_016", "geometry": {"type": "MultiPolygon", "coordinates": [[[[80.2875, 21.9325], [80.27250000000001, 21.9325], [80.27250000000001, 21.947499999999998], [80.27250000000001, 21.9475], [80.27250000000001, 21.9625], [80.2875, 21.9625], [80.2875, 21.9475], [80.2875, 21.947499999999998], [80.2875, 21.9325]]], [[[80.2575, 21.9775], [80.27250000000001, 21.9775], [80.27250000000001, 21.9625], [80.2575, 21.9625], [80.2575, 21.9775]]]]}, "properties": {"zone_level": "top_quartile", "rank": 16, "rank_score": 0.7231789704334737, "cell_count": 3, "grid_ids": ["g_21.94000_80.28000", "g_21.95500_80.28000", "g_21.97000_80.26500"], "score_mean": 0.0752207334299012, "score_median": 0.0759857974412247, "score_min": 0.0410150013025993, "score_max": 0.1086614015458796, "score_std": 0.027621825412459437, "area_km2": 7.71539990493725, "nearest_occurrence_km": 13.513342090660233, "nearest_mine_km": 13.513342090660233, "provenance": "DERIVED", "method": "Scores sorted descending with stable centroid tie-breaks; select ceil(10%) and ceil(25%). 8-neighbor connected components on regular centroid grid; discard components <2 cells; polygonize cell rectangles. Rank within threshold using 0.60 mean-score percentile, 0.15 log-area percentile, 0.10 mine-proximity score, 0.15 occurrence-proximity score.", "random_seed": 20260929, "source_ref": "grid_scores_v2.csv; known_occurrences.csv; moil_mines.geojson"}}, {"type": "Feature", "id": "top_quartile_017", "geometry": {"type": "Polygon", "coordinates": [[[79.61250000000001, 21.3625], [79.61250000000001, 21.3775], [79.6275, 21.3775], [79.64250000000001, 21.3775], [79.6575, 21.3775], [79.6575, 21.3625], [79.64250000000001, 21.3625], [79.6275, 21.3625], [79.61250000000001, 21.3625]]]}, "properties": {"zone_level": "top_quartile", "rank": 17, "rank_score": 0.710251434164731, "cell_count": 3, "grid_ids": ["g_21.37000_79.62000", "g_21.37000_79.63500", "g_21.37000_79.65000"], "score_mean": 0.07455046648935587, "score_median": 0.0653656950729233, "score_min": 0.0408963827404695, "score_max": 0.1173893216546748, "score_std": 0.03189631583126985, "area_km2": 7.74878839181276, "nearest_occurrence_km": 20.846873706774335, "nearest_mine_km": 20.846873706774335, "provenance": "DERIVED", "method": "Scores sorted descending with stable centroid tie-breaks; select ceil(10%) and ceil(25%). 8-neighbor connected components on regular centroid grid; discard components <2 cells; polygonize cell rectangles. Rank within threshold using 0.60 mean-score percentile, 0.15 log-area percentile, 0.10 mine-proximity score, 0.15 occurrence-proximity score.", "random_seed": 20260929, "source_ref": "grid_scores_v2.csv; known_occurrences.csv; moil_mines.geojson"}}, {"type": "Feature", "id": "top_quartile_018", "geometry": {"type": "MultiPolygon", "coordinates": [[[[80.13749999999999, 21.9775], [80.1225, 21.9775], [80.1225, 21.9925], [80.13749999999999, 21.9925], [80.13749999999999, 21.9775]]], [[[80.16749999999999, 21.9775], [80.1525, 21.9775], [80.1525, 21.9925], [80.16749999999999, 21.9925], [80.16749999999999, 21.9775]]], [[[80.13749999999999, 22.0075], [80.1525, 22.0075], [80.1525, 21.9925], [80.13749999999999, 21.9925], [80.13749999999999, 22.0075]]]]}, "properties": {"zone_level": "top_quartile", "rank": 18, "rank_score": 0.7094358688399744, "cell_count": 3, "grid_ids": ["g_21.98500_80.13000", "g_21.98500_80.16000", "g_22.00000_80.14500"], "score_mean": 0.07729631664730878, "score_median": 0.0753900020084733, "score_min": 0.0708614971838101, "score_max": 0.0856374507496429, "score_std": 0.006181031606001837, "area_km2": 7.713959569155653, "nearest_occurrence_km": 18.83588358916623, "nearest_mine_km": 18.83588358916623, "provenance": "DERIVED", "method": "Scores sorted descending with stable centroid tie-breaks; select ceil(10%) and ceil(25%). 8-neighbor connected components on regular centroid grid; discard components <2 cells; polygonize cell rectangles. Rank within threshold using 0.60 mean-score percentile, 0.15 log-area percentile, 0.10 mine-proximity score, 0.15 occurrence-proximity score.", "random_seed": 20260929, "source_ref": "grid_scores_v2.csv; known_occurrences.csv; moil_mines.geojson"}}, {"type": "Feature", "id": "top_quartile_019", "geometry": {"type": "MultiPolygon", "coordinates": [[[[79.67250000000001, 21.8125], [79.67250000000001, 21.7975], [79.6575, 21.7975], [79.6575, 21.8125], [79.67250000000001, 21.8125]]], [[[79.64250000000001, 21.8125], [79.64250000000001, 21.8275], [79.6575, 21.8275], [79.6575, 21.8125], [79.64250000000001, 21.8125]]]]}, "properties": {"zone_level": "top_quartile", "rank": 19, "rank_score": 0.7041174287407647, "cell_count": 2, "grid_ids": ["g_21.80500_79.66500", "g_21.82000_79.65000"], "score_mean": 0.0870615374695714, "score_median": 0.0870615374695714, "score_min": 0.0824168575654114, "score_max": 0.0917062173737314, "score_std": 0.004644679904160003, "area_km2": 5.15035999171061, "nearest_occurrence_km": 15.938800275164088, "nearest_mine_km": 15.938800275164088, "provenance": "DERIVED", "method": "Scores sorted descending with stable centroid tie-breaks; select ceil(10%) and ceil(25%). 8-neighbor connected components on regular centroid grid; discard components <2 cells; polygonize cell rectangles. Rank within threshold using 0.60 mean-score percentile, 0.15 log-area percentile, 0.10 mine-proximity score, 0.15 occurrence-proximity score.", "random_seed": 20260929, "source_ref": "grid_scores_v2.csv; known_occurrences.csv; moil_mines.geojson"}}, {"type": "Feature", "id": "top_quartile_020", "geometry": {"type": "Polygon", "coordinates": [[[79.8375, 21.4675], [79.8375, 21.4825], [79.85249999999999, 21.4825], [79.85249999999999, 21.4975], [79.8675, 21.4975], [79.8675, 21.4825], [79.8675, 21.482499999999998], [79.8675, 21.4675], [79.85249999999999, 21.4675], [79.8375, 21.4675]]]}, "properties": {"zone_level": "top_quartile", "rank": 20, "rank_score": 0.7016684872565785, "cell_count": 3, "grid_ids": ["g_21.47500_79.84500", "g_21.47500_79.86000", "g_21.49000_79.86000"], "score_mean": 0.07267990960383885, "score_median": 0.062400438096354, "score_min": 0.0454289247132009, "score_max": 0.1102103660019617, "score_std": 0.02742759479936445, "area_km2": 7.741947999716734, "nearest_occurrence_km": 18.38075265228635, "nearest_mine_km": 18.38075265228635, "provenance": "DERIVED", "method": "Scores sorted descending with stable centroid tie-breaks; select ceil(10%) and ceil(25%). 8-neighbor connected components on regular centroid grid; discard components <2 cells; polygonize cell rectangles. Rank within threshold using 0.60 mean-score percentile, 0.15 log-area percentile, 0.10 mine-proximity score, 0.15 occurrence-proximity score.", "random_seed": 20260929, "source_ref": "grid_scores_v2.csv; known_occurrences.csv; moil_mines.geojson"}}, {"type": "Feature", "id": "top_quartile_021", "geometry": {"type": "Polygon", "coordinates": [[[79.4925, 21.6925], [79.4925, 21.7075], [79.5075, 21.7075], [79.52250000000001, 21.7075], [79.52250000000001, 21.6925], [79.5075, 21.6925], [79.4925, 21.6925]]]}, "properties": {"zone_level": "top_quartile", "rank": 21, "rank_score": 0.6965064310950029, "cell_count": 2, "grid_ids": ["g_21.70000_79.50000", "g_21.70000_79.51500"], "score_mean": 0.08810613361362696, "score_median": 0.08810613361362696, "score_min": 0.0570972005318232, "score_max": 0.1191150666954307, "score_std": 0.031008933081803754, "area_km2": 5.154887812076191, "nearest_occurrence_km": 22.78030021889694, "nearest_mine_km": 22.78030021889694, "provenance": "DERIVED", "method": "Scores sorted descending with stable centroid tie-breaks; select ceil(10%) and ceil(25%). 8-neighbor connected components on regular centroid grid; discard components <2 cells; polygonize cell rectangles. Rank within threshold using 0.60 mean-score percentile, 0.15 log-area percentile, 0.10 mine-proximity score, 0.15 occurrence-proximity score.", "random_seed": 20260929, "source_ref": "grid_scores_v2.csv; known_occurrences.csv; moil_mines.geojson"}}, {"type": "Feature", "id": "top_quartile_022", "geometry": {"type": "Polygon", "coordinates": [[[80.48249999999999, 21.7375], [80.4675, 21.7375], [80.4675, 21.7525], [80.4675, 21.767500000000002], [80.48249999999999, 21.767500000000002], [80.48249999999999, 21.7525], [80.48249999999999, 21.7375]]]}, "properties": {"zone_level": "top_quartile", "rank": 22, "rank_score": 0.6940972596487794, "cell_count": 2, "grid_ids": ["g_21.74500_80.47500", "g_21.76000_80.47500"], "score_mean": 0.08813214183044116, "score_median": 0.08813214183044116, "score_min": 0.0471019454473926, "score_max": 0.1291623382134897, "score_std": 0.041030196383048556, "area_km2": 5.150389111482411, "nearest_occurrence_km": 24.08022149065802, "nearest_mine_km": 24.08022149065802, "provenance": "DERIVED", "method": "Scores sorted descending with stable centroid tie-breaks; select ceil(10%) and ceil(25%). 8-neighbor connected components on regular centroid grid; discard components <2 cells; polygonize cell rectangles. Rank within threshold using 0.60 mean-score percentile, 0.15 log-area percentile, 0.10 mine-proximity score, 0.15 occurrence-proximity score.", "random_seed": 20260929, "source_ref": "grid_scores_v2.csv; known_occurrences.csv; moil_mines.geojson"}}, {"type": "Feature", "id": "top_quartile_023", "geometry": {"type": "MultiPolygon", "coordinates": [[[[79.20750000000001, 21.6925], [79.1925, 21.6925], [79.1925, 21.7075], [79.20750000000001, 21.7075], [79.20750000000001, 21.6925]]], [[[79.20750000000001, 21.7225], [79.2225, 21.7225], [79.2225, 21.7075], [79.20750000000001, 21.7075], [79.20750000000001, 21.7225]]]]}, "properties": {"zone_level": "top_quartile", "rank": 23, "rank_score": 0.6901235486130535, "cell_count": 2, "grid_ids": ["g_21.70000_79.20000", "g_21.71500_79.21500"], "score_mean": 0.10475272915520885, "score_median": 0.10475272915520885, "score_min": 0.0887843453809883, "score_max": 0.1207211129294294, "score_std": 0.01596838377422055, "area_km2": 5.155968996628959, "nearest_occurrence_km": 34.33167854156371, "nearest_mine_km": 34.33167854156371, "provenance": "DERIVED", "method": "Scores sorted descending with stable centroid tie-breaks; select ceil(10%) and ceil(25%). 8-neighbor connected components on regular centroid grid; discard components <2 cells; polygonize cell rectangles. Rank within threshold using 0.60 mean-score percentile, 0.15 log-area percentile, 0.10 mine-proximity score, 0.15 occurrence-proximity score.", "random_seed": 20260929, "source_ref": "grid_scores_v2.csv; known_occurrences.csv; moil_mines.geojson"}}, {"type": "Feature", "id": "top_quartile_024", "geometry": {"type": "MultiPolygon", "coordinates": [[[[79.73249999999999, 21.8725], [79.73249999999999, 21.8875], [79.7475, 21.8875], [79.7475, 21.8725], [79.73249999999999, 21.8725]]], [[[79.76249999999999, 21.9025], [79.7775, 21.9025], [79.7775, 21.8875], [79.76249999999999, 21.8875], [79.7475, 21.8875], [79.7475, 21.9025], [79.76249999999999, 21.9025]]], [[[79.73249999999999, 21.9175], [79.7475, 21.9175], [79.7475, 21.9025], [79.73249999999999, 21.9025], [79.73249999999999, 21.9175]]]]}, "properties": {"zone_level": "top_quartile", "rank": 24, "rank_score": 0.6775028474807641, "cell_count": 4, "grid_ids": ["g_21.88000_79.74000", "g_21.89500_79.75500", "g_21.89500_79.77000", "g_21.91000_79.74000"], "score_mean": 0.06714932085202018, "score_median": 0.06583586003384326, "score_min": 0.0494969814107767, "score_max": 0.0874285819296175, "score_std": 0.01506575630924511, "area_km2": 10.294245209919596, "nearest_occurrence_km": 23.49322944692067, "nearest_mine_km": 23.49322944692067, "provenance": "DERIVED", "method": "Scores sorted descending with stable centroid tie-breaks; select ceil(10%) and ceil(25%). 8-neighbor connected components on regular centroid grid; discard components <2 cells; polygonize cell rectangles. Rank within threshold using 0.60 mean-score percentile, 0.15 log-area percentile, 0.10 mine-proximity score, 0.15 occurrence-proximity score.", "random_seed": 20260929, "source_ref": "grid_scores_v2.csv; known_occurrences.csv; moil_mines.geojson"}}, {"type": "Feature", "id": "top_quartile_025", "geometry": {"type": "Polygon", "coordinates": [[[79.4025, 21.0925], [79.38749999999999, 21.0925], [79.38749999999999, 21.107499999999998], [79.38749999999999, 21.1075], [79.38749999999999, 21.1225], [79.4025, 21.1225], [79.4025, 21.1075], [79.4025, 21.107499999999998], [79.4025, 21.0925]]]}, "properties": {"zone_level": "top_quartile", "rank": 25, "rank_score": 0.6726394110752221, "cell_count": 2, "grid_ids": ["g_21.10000_79.39500", "g_21.11500_79.39500"], "score_mean": 0.08241058180300584, "score_median": 0.08241058180300584, "score_min": 0.0660410339510298, "score_max": 0.0987801296549819, "score_std": 0.01636954785197605, "area_km2": 5.175843778813346, "nearest_occurrence_km": 35.710964828468356, "nearest_mine_km": 35.710964828468356, "provenance": "DERIVED", "method": "Scores sorted descending with stable centroid tie-breaks; select ceil(10%) and ceil(25%). 8-neighbor connected components on regular centroid grid; discard components <2 cells; polygonize cell rectangles. Rank within threshold using 0.60 mean-score percentile, 0.15 log-area percentile, 0.10 mine-proximity score, 0.15 occurrence-proximity score.", "random_seed": 20260929, "source_ref": "grid_scores_v2.csv; known_occurrences.csv; moil_mines.geojson"}}, {"type": "Feature", "id": "top_quartile_026", "geometry": {"type": "Polygon", "coordinates": [[[80.1225, 21.947499999999998], [80.1225, 21.9475], [80.1225, 21.9625], [80.13749999999999, 21.9625], [80.1525, 21.9625], [80.1525, 21.9475], [80.16749999999999, 21.9475], [80.1825, 21.9475], [80.1825, 21.9325], [80.16749999999999, 21.9325], [80.1525, 21.9325], [80.1525, 21.947499999999998], [80.13749999999999, 21.947499999999998], [80.13749999999999, 21.9325], [80.1225, 21.9325], [80.1225, 21.947499999999998]]]}, "properties": {"zone_level": "top_quartile", "rank": 26, "rank_score": 0.6679658513278403, "cell_count": 5, "grid_ids": ["g_21.94000_80.13000", "g_21.94000_80.16000", "g_21.94000_80.17500", "g_21.95500_80.13000", "g_21.95500_80.14500"], "score_mean": 0.06138751465277372, "score_median": 0.0591998177707605, "score_min": 0.0479124534805035, "score_max": 0.0767640190806374, "score_std": 0.011740038989431215, "area_km2": 12.860475364911297, "nearest_occurrence_km": 14.5387724855698, "nearest_mine_km": 14.5387724855698, "provenance": "DERIVED", "method": "Scores sorted descending with stable centroid tie-breaks; select ceil(10%) and ceil(25%). 8-neighbor connected components on regular centroid grid; discard components <2 cells; polygonize cell rectangles. Rank within threshold using 0.60 mean-score percentile, 0.15 log-area percentile, 0.10 mine-proximity score, 0.15 occurrence-proximity score.", "random_seed": 20260929, "source_ref": "grid_scores_v2.csv; known_occurrences.csv; moil_mines.geojson"}}, {"type": "Feature", "id": "top_quartile_027", "geometry": {"type": "Polygon", "coordinates": [[[80.0625, 21.947499999999998], [80.0625, 21.9475], [80.0625, 21.9625], [80.07749999999999, 21.9625], [80.0925, 21.9625], [80.0925, 21.9475], [80.10749999999999, 21.9475], [80.10749999999999, 21.9325], [80.0925, 21.9325], [80.0925, 21.947499999999998], [80.07749999999999, 21.947499999999998], [80.07749999999999, 21.9325], [80.0625, 21.9325], [80.0625, 21.947499999999998]]]}, "properties": {"zone_level": "top_quartile", "rank": 27, "rank_score": 0.6553229562246365, "cell_count": 4, "grid_ids": ["g_21.94000_80.07000", "g_21.94000_80.10000", "g_21.95500_80.07000", "g_21.95500_80.08500"], "score_mean": 0.06295972142629369, "score_median": 0.0609886867127847, "score_min": 0.0395893296040336, "score_max": 0.0902721826755718, "score_std": 0.018070465414950325, "area_km2": 10.288594359926451, "nearest_occurrence_km": 19.52567117716824, "nearest_mine_km": 19.52567117716824, "provenance": "DERIVED", "method": "Scores sorted descending with stable centroid tie-breaks; select ceil(10%) and ceil(25%). 8-neighbor connected components on regular centroid grid; discard components <2 cells; polygonize cell rectangles. Rank within threshold using 0.60 mean-score percentile, 0.15 log-area percentile, 0.10 mine-proximity score, 0.15 occurrence-proximity score.", "random_seed": 20260929, "source_ref": "grid_scores_v2.csv; known_occurrences.csv; moil_mines.geojson"}}, {"type": "Feature", "id": "top_quartile_028", "geometry": {"type": "Polygon", "coordinates": [[[79.7475, 22.0075], [79.73249999999999, 22.0075], [79.73249999999999, 22.0225], [79.7175, 22.0225], [79.7175, 22.0375], [79.73249999999999, 22.0375], [79.7475, 22.0375], [79.7475, 22.0225], [79.7475, 22.0075]]]}, "properties": {"zone_level": "top_quartile", "rank": 28, "rank_score": 0.6085143799159269, "cell_count": 3, "grid_ids": ["g_22.01500_79.74000", "g_22.03000_79.72500", "g_22.03000_79.74000"], "score_mean": 0.07098630321620043, "score_median": 0.0590155951861671, "score_min": 0.0397887649840076, "score_max": 0.1141545494784266, "score_std": 0.03151762325982953, "area_km2": 7.713863441989554, "nearest_occurrence_km": 37.76032748149831, "nearest_mine_km": 37.76032748149831, "provenance": "DERIVED", "method": "Scores sorted descending with stable centroid tie-breaks; select ceil(10%) and ceil(25%). 8-neighbor connected components on regular centroid grid; discard components <2 cells; polygonize cell rectangles. Rank within threshold using 0.60 mean-score percentile, 0.15 log-area percentile, 0.10 mine-proximity score, 0.15 occurrence-proximity score.", "random_seed": 20260929, "source_ref": "grid_scores_v2.csv; known_occurrences.csv; moil_mines.geojson"}}, {"type": "Feature", "id": "top_quartile_029", "geometry": {"type": "MultiPolygon", "coordinates": [[[[79.23750000000001, 21.6625], [79.23750000000001, 21.6475], [79.2225, 21.6475], [79.2225, 21.6625], [79.23750000000001, 21.6625]]], [[[79.20750000000001, 21.6625], [79.20750000000001, 21.677500000000002], [79.2225, 21.677500000000002], [79.2225, 21.6625], [79.20750000000001, 21.6625]]]]}, "properties": {"zone_level": "top_quartile", "rank": 29, "rank_score": 0.606929305196635, "cell_count": 2, "grid_ids": ["g_21.65500_79.23000", "g_21.67000_79.21500"], "score_mean": 0.07180277006380095, "score_median": 0.07180277006380095, "score_min": 0.0511070474343182, "score_max": 0.0924984926932837, "score_std": 0.020695722629482747, "area_km2": 5.157471870931855, "nearest_occurrence_km": 29.204703413100255, "nearest_mine_km": 29.204703413100255, "provenance": "DERIVED", "method": "Scores sorted descending with stable centroid tie-breaks; select ceil(10%) and ceil(25%). 8-neighbor connected components on regular centroid grid; discard components <2 cells; polygonize cell rectangles. Rank within threshold using 0.60 mean-score percentile, 0.15 log-area percentile, 0.10 mine-proximity score, 0.15 occurrence-proximity score.", "random_seed": 20260929, "source_ref": "grid_scores_v2.csv; known_occurrences.csv; moil_mines.geojson"}}, {"type": "Feature", "id": "top_quartile_030", "geometry": {"type": "MultiPolygon", "coordinates": [[[[79.29750000000001, 21.9175], [79.3125, 21.9175], [79.3125, 21.9025], [79.29750000000001, 21.9025], [79.29750000000001, 21.9175]]], [[[79.26750000000001, 21.9325], [79.2825, 21.9325], [79.2825, 21.9475], [79.29750000000001, 21.9475], [79.3125, 21.9475], [79.3125, 21.9325], [79.29750000000001, 21.9325], [79.29750000000001, 21.9175], [79.2825, 21.9175], [79.26750000000001, 21.9175], [79.26750000000001, 21.9325]]]]}, "properties": {"zone_level": "top_quartile", "rank": 30, "rank_score": 0.60504939213262, "cell_count": 5, "grid_ids": ["g_21.91000_79.30500", "g_21.92500_79.27500", "g_21.92500_79.29000", "g_21.94000_79.29000", "g_21.94000_79.30500"], "score_mean": 0.0686416682875947, "score_median": 0.0688317281553252, "score_min": 0.0386640262260136, "score_max": 0.0842023487309711, "score_std": 0.01661861011750587, "area_km2": 12.869487642736694, "nearest_occurrence_km": 52.37618046192622, "nearest_mine_km": 52.37618046192622, "provenance": "DERIVED", "method": "Scores sorted descending with stable centroid tie-breaks; select ceil(10%) and ceil(25%). 8-neighbor connected components on regular centroid grid; discard components <2 cells; polygonize cell rectangles. Rank within threshold using 0.60 mean-score percentile, 0.15 log-area percentile, 0.10 mine-proximity score, 0.15 occurrence-proximity score.", "random_seed": 20260929, "source_ref": "grid_scores_v2.csv; known_occurrences.csv; moil_mines.geojson"}}, {"type": "Feature", "id": "top_quartile_031", "geometry": {"type": "MultiPolygon", "coordinates": [[[[79.3425, 21.857499999999998], [79.3425, 21.8575], [79.3425, 21.8725], [79.35749999999999, 21.8725], [79.35749999999999, 21.8575], [79.35749999999999, 21.857499999999998], [79.35749999999999, 21.8425], [79.3425, 21.8425], [79.3425, 21.857499999999998]]], [[[79.35749999999999, 21.8725], [79.35749999999999, 21.8875], [79.3725, 21.8875], [79.38749999999999, 21.8875], [79.38749999999999, 21.9025], [79.4025, 21.9025], [79.4025, 21.8875], [79.4025, 21.8725], [79.38749999999999, 21.8725], [79.3725, 21.8725], [79.35749999999999, 21.8725]]], [[[79.3425, 21.9025], [79.32749999999999, 21.9025], [79.32749999999999, 21.9175], [79.3425, 21.9175], [79.35749999999999, 21.9175], [79.35749999999999, 21.9325], [79.35749999999999, 21.9475], [79.3725, 21.9475], [79.3725, 21.9325], [79.38749999999999, 21.9325], [79.38749999999999, 21.9175], [79.38749999999999, 21.9025], [79.3725, 21.9025], [79.35749999999999, 21.9025], [79.35749999999999, 21.8875], [79.3425, 21.8875], [79.3425, 21.9025]]]]}, "properties": {"zone_level": "top_quartile", "rank": 31, "rank_score": 0.5929010460319369, "cell_count": 14, "grid_ids": ["g_21.85000_79.35000", "g_21.86500_79.35000", "g_21.88000_79.36500", "g_21.88000_79.38000", "g_21.88000_79.39500", "g_21.89500_79.35000", "g_21.89500_79.39500", "g_21.91000_79.33500", "g_21.91000_79.35000", "g_21.91000_79.36500", "g_21.91000_79.38000", "g_21.92500_79.36500", "g_21.92500_79.38000", "g_21.94000_79.36500"], "score_mean": 0.06090756902278706, "score_median": 0.05983554303346175, "score_min": 0.0386637232092677, "score_max": 0.0923456221321001, "score_std": 0.015509729306707463, "area_km2": 36.03961760739271, "nearest_occurrence_km": 44.21837470561282, "nearest_mine_km": 44.21837470561282, "provenance": "DERIVED", "method": "Scores sorted descending with stable centroid tie-breaks; select ceil(10%) and ceil(25%). 8-neighbor connected components on regular centroid grid; discard components <2 cells; polygonize cell rectangles. Rank within threshold using 0.60 mean-score percentile, 0.15 log-area percentile, 0.10 mine-proximity score, 0.15 occurrence-proximity score.", "random_seed": 20260929, "source_ref": "grid_scores_v2.csv; known_occurrences.csv; moil_mines.geojson"}}, {"type": "Feature", "id": "top_quartile_032", "geometry": {"type": "MultiPolygon", "coordinates": [[[[80.42250000000001, 21.3325], [80.42250000000001, 21.3175], [80.4075, 21.3175], [80.4075, 21.3325], [80.42250000000001, 21.3325]]], [[[80.39250000000001, 21.3325], [80.39250000000001, 21.3475], [80.4075, 21.3475], [80.4075, 21.3325], [80.39250000000001, 21.3325]]]]}, "properties": {"zone_level": "top_quartile", "rank": 32, "rank_score": 0.5801023537760726, "cell_count": 2, "grid_ids": ["g_21.32500_80.41500", "g_21.34000_80.40000"], "score_mean": 0.08594409875599235, "score_median": 0.08594409875599235, "score_min": 0.0710513094819437, "score_max": 0.100836888030041, "score_std": 0.014892789274048648, "area_km2": 5.16507422368711, "nearest_occurrence_km": 58.29198969849704, "nearest_mine_km": 58.29198969849704, "provenance": "DERIVED", "method": "Scores sorted descending with stable centroid tie-breaks; select ceil(10%) and ceil(25%). 8-neighbor connected components on regular centroid grid; discard components <2 cells; polygonize cell rectangles. Rank within threshold using 0.60 mean-score percentile, 0.15 log-area percentile, 0.10 mine-proximity score, 0.15 occurrence-proximity score.", "random_seed": 20260929, "source_ref": "grid_scores_v2.csv; known_occurrences.csv; moil_mines.geojson"}}, {"type": "Feature", "id": "top_quartile_033", "geometry": {"type": "MultiPolygon", "coordinates": [[[[80.01750000000001, 21.5125], [80.0025, 21.5125], [80.0025, 21.5275], [79.98750000000001, 21.5275], [79.98750000000001, 21.5425], [80.0025, 21.5425], [80.01750000000001, 21.5425], [80.01750000000001, 21.5275], [80.01750000000001, 21.5125]]], [[[79.9725, 21.5575], [79.98750000000001, 21.5575], [79.98750000000001, 21.5425], [79.9725, 21.5425], [79.9725, 21.5575]]]]}, "properties": {"zone_level": "top_quartile", "rank": 33, "rank_score": 0.5768707626680539, "cell_count": 4, "grid_ids": ["g_21.52000_80.01000", "g_21.53500_79.99500", "g_21.53500_80.01000", "g_21.55000_79.98000"], "score_mean": 0.060234570684729476, "score_median": 0.05141081212802, "score_min": 0.0462397087863984, "score_max": 0.0918769496964795, "score_std": 0.018391884428375877, "area_km2": 10.31793729005545, "nearest_occurrence_km": 31.59534968418963, "nearest_mine_km": 31.59534968418963, "provenance": "DERIVED", "method": "Scores sorted descending with stable centroid tie-breaks; select ceil(10%) and ceil(25%). 8-neighbor connected components on regular centroid grid; discard components <2 cells; polygonize cell rectangles. Rank within threshold using 0.60 mean-score percentile, 0.15 log-area percentile, 0.10 mine-proximity score, 0.15 occurrence-proximity score.", "random_seed": 20260929, "source_ref": "grid_scores_v2.csv; known_occurrences.csv; moil_mines.geojson"}}, {"type": "Feature", "id": "top_quartile_034", "geometry": {"type": "Polygon", "coordinates": [[[79.7475, 21.5275], [79.76249999999999, 21.5275], [79.7775, 21.5275], [79.79249999999999, 21.5275], [79.8075, 21.5275], [79.82249999999999, 21.5275], [79.82249999999999, 21.5125], [79.8075, 21.5125], [79.79249999999999, 21.5125], [79.7775, 21.5125], [79.76249999999999, 21.5125], [79.7475, 21.5125], [79.7475, 21.5275]]]}, "properties": {"zone_level": "top_quartile", "rank": 34, "rank_score": 0.5606750140440492, "cell_count": 5, "grid_ids": ["g_21.52000_79.75500", "g_21.52000_79.77000", "g_21.52000_79.78500", "g_21.52000_79.80000", "g_21.52000_79.81500"], "score_mean": 0.055602648367567675, "score_median": 0.0504648782596283, "score_min": 0.0417376669767785, "score_max": 0.0708664608317684, "score_std": 0.01205493246408747, "area_km2": 12.90034516924647, "nearest_occurrence_km": 9.983616707124288, "nearest_mine_km": 9.983616707124288, "provenance": "DERIVED", "method": "Scores sorted descending with stable centroid tie-breaks; select ceil(10%) and ceil(25%). 8-neighbor connected components on regular centroid grid; discard components <2 cells; polygonize cell rectangles. Rank within threshold using 0.60 mean-score percentile, 0.15 log-area percentile, 0.10 mine-proximity score, 0.15 occurrence-proximity score.", "random_seed": 20260929, "source_ref": "grid_scores_v2.csv; known_occurrences.csv; moil_mines.geojson"}}, {"type": "Feature", "id": "top_quartile_035", "geometry": {"type": "Polygon", "coordinates": [[[79.23750000000001, 21.7525], [79.23750000000001, 21.7675], [79.2225, 21.7675], [79.2225, 21.7825], [79.23750000000001, 21.7825], [79.2525, 21.7825], [79.26750000000001, 21.7825], [79.2825, 21.7825], [79.2825, 21.7975], [79.29750000000001, 21.7975], [79.29750000000001, 21.7825], [79.29750000000001, 21.7675], [79.2825, 21.7675], [79.26750000000001, 21.7675], [79.2525, 21.7675], [79.2525, 21.7525], [79.23750000000001, 21.7525]]]}, "properties": {"zone_level": "top_quartile", "rank": 35, "rank_score": 0.5368626321470914, "cell_count": 7, "grid_ids": ["g_21.76000_79.24500", "g_21.77500_79.23000", "g_21.77500_79.24500", "g_21.77500_79.26000", "g_21.77500_79.27500", "g_21.77500_79.29000", "g_21.79000_79.29000"], "score_mean": 0.05828042529605243, "score_median": 0.0557251917756481, "score_min": 0.0386842679823626, "score_max": 0.0870152137268052, "score_std": 0.01716795151497922, "area_km2": 18.036679364270398, "nearest_occurrence_km": 41.54093563516144, "nearest_mine_km": 41.54093563516144, "provenance": "DERIVED", "method": "Scores sorted descending with stable centroid tie-breaks; select ceil(10%) and ceil(25%). 8-neighbor connected components on regular centroid grid; discard components <2 cells; polygonize cell rectangles. Rank within threshold using 0.60 mean-score percentile, 0.15 log-area percentile, 0.10 mine-proximity score, 0.15 occurrence-proximity score.", "random_seed": 20260929, "source_ref": "grid_scores_v2.csv; known_occurrences.csv; moil_mines.geojson"}}, {"type": "Feature", "id": "top_quartile_036", "geometry": {"type": "MultiPolygon", "coordinates": [[[[79.2525, 21.947499999999998], [79.2525, 21.9625], [79.23750000000001, 21.9625], [79.2225, 21.9625], [79.2225, 21.9775], [79.23750000000001, 21.9775], [79.23750000000001, 21.9925], [79.2525, 21.9925], [79.2525, 21.9775], [79.26750000000001, 21.9775], [79.26750000000001, 21.9625], [79.26750000000001, 21.947499999999998], [79.2525, 21.947499999999998]]], [[[79.26750000000001, 22.0225], [79.2525, 22.0225], [79.2525, 22.0375], [79.2525, 22.052500000000002], [79.26750000000001, 22.052500000000002], [79.2825, 22.052500000000002], [79.29750000000001, 22.052500000000002], [79.3125, 22.052500000000002], [79.3125, 22.0375], [79.29750000000001, 22.0375], [79.2825, 22.0375], [79.26750000000001, 22.0375], [79.26750000000001, 22.0225]]], [[[79.26750000000001, 22.0075], [79.26750000000001, 22.0225], [79.2825, 22.0225], [79.2825, 22.0075], [79.2825, 21.9925], [79.2825, 21.9775], [79.26750000000001, 21.9775], [79.26750000000001, 21.9925], [79.26750000000001, 22.0075]]]]}, "properties": {"zone_level": "top_quartile", "rank": 36, "rank_score": 0.533751116508815, "cell_count": 13, "grid_ids": ["g_21.95500_79.26000", "g_21.97000_79.23000", "g_21.97000_79.24500", "g_21.97000_79.26000", "g_21.98500_79.24500", "g_21.98500_79.27500", "g_22.00000_79.27500", "g_22.01500_79.27500", "g_22.03000_79.26000", "g_22.04500_79.26000", "g_22.04500_79.27500", "g_22.04500_79.29000", "g_22.04500_79.30500"], "score_mean": 0.06080108723911031, "score_median": 0.0554727540555603, "score_min": 0.038631946902968, "score_max": 0.0957728042980849, "score_std": 0.019595743479932985, "area_km2": 33.44383685163355, "nearest_occurrence_km": 59.438649039175885, "nearest_mine_km": 59.438649039175885, "provenance": "DERIVED", "method": "Scores sorted descending with stable centroid tie-breaks; select ceil(10%) and ceil(25%). 8-neighbor connected components on regular centroid grid; discard components <2 cells; polygonize cell rectangles. Rank within threshold using 0.60 mean-score percentile, 0.15 log-area percentile, 0.10 mine-proximity score, 0.15 occurrence-proximity score.", "random_seed": 20260929, "source_ref": "grid_scores_v2.csv; known_occurrences.csv; moil_mines.geojson"}}, {"type": "Feature", "id": "top_quartile_037", "geometry": {"type": "MultiPolygon", "coordinates": [[[[80.1225, 21.3175], [80.1225, 21.3325], [80.13749999999999, 21.3325], [80.1525, 21.3325], [80.1525, 21.3175], [80.13749999999999, 21.3175], [80.1225, 21.3175]]], [[[80.16749999999999, 21.3475], [80.16749999999999, 21.3325], [80.1525, 21.3325], [80.1525, 21.3475], [80.16749999999999, 21.3475]]]]}, "properties": {"zone_level": "top_quartile", "rank": 37, "rank_score": 0.5280780845240082, "cell_count": 3, "grid_ids": ["g_21.32500_80.13000", "g_21.32500_80.14500", "g_21.34000_80.16000"], "score_mean": 0.0621298456506905, "score_median": 0.0604851386704969, "score_min": 0.0462834150889087, "score_max": 0.0796209831926659, "score_std": 0.01365960364374178, "area_km2": 7.748523245856721, "nearest_occurrence_km": 52.695097724605006, "nearest_mine_km": 52.695097724605006, "provenance": "DERIVED", "method": "Scores sorted descending with stable centroid tie-breaks; select ceil(10%) and ceil(25%). 8-neighbor connected components on regular centroid grid; discard components <2 cells; polygonize cell rectangles. Rank within threshold using 0.60 mean-score percentile, 0.15 log-area percentile, 0.10 mine-proximity score, 0.15 occurrence-proximity score.", "random_seed": 20260929, "source_ref": "grid_scores_v2.csv; known_occurrences.csv; moil_mines.geojson"}}, {"type": "Feature", "id": "top_quartile_038", "geometry": {"type": "Polygon", "coordinates": [[[79.58250000000001, 21.9925], [79.58250000000001, 22.0075], [79.5975, 22.0075], [79.61250000000001, 22.0075], [79.6275, 22.0075], [79.6275, 21.9925], [79.61250000000001, 21.9925], [79.5975, 21.9925], [79.58250000000001, 21.9925]]]}, "properties": {"zone_level": "top_quartile", "rank": 38, "rank_score": 0.514095796502903, "cell_count": 3, "grid_ids": ["g_22.00000_79.59000", "g_22.00000_79.60500", "g_22.00000_79.62000"], "score_mean": 0.0594584071179749, "score_median": 0.0609476053219189, "score_min": 0.0501347671961702, "score_max": 0.0672928488358356, "score_std": 0.007083465482202348, "area_km2": 7.715897157647384, "nearest_occurrence_km": 37.18748881142391, "nearest_mine_km": 37.18748881142391, "provenance": "DERIVED", "method": "Scores sorted descending with stable centroid tie-breaks; select ceil(10%) and ceil(25%). 8-neighbor connected components on regular centroid grid; discard components <2 cells; polygonize cell rectangles. Rank within threshold using 0.60 mean-score percentile, 0.15 log-area percentile, 0.10 mine-proximity score, 0.15 occurrence-proximity score.", "random_seed": 20260929, "source_ref": "grid_scores_v2.csv; known_occurrences.csv; moil_mines.geojson"}}, {"type": "Feature", "id": "top_quartile_039", "geometry": {"type": "MultiPolygon", "coordinates": [[[[79.41749999999999, 21.9025], [79.4325, 21.9025], [79.4325, 21.8875], [79.41749999999999, 21.8875], [79.41749999999999, 21.9025]]], [[[79.4625, 21.9175], [79.47749999999999, 21.9175], [79.47749999999999, 21.9025], [79.4625, 21.9025], [79.44749999999999, 21.9025], [79.4325, 21.9025], [79.4325, 21.9175], [79.4325, 21.9325], [79.41749999999999, 21.9325], [79.41749999999999, 21.9475], [79.4325, 21.9475], [79.44749999999999, 21.9475], [79.44749999999999, 21.9625], [79.4625, 21.9625], [79.4625, 21.947499999999998], [79.44749999999999, 21.947499999999998], [79.44749999999999, 21.9325], [79.44749999999999, 21.9175], [79.4625, 21.9175]]]]}, "properties": {"zone_level": "top_quartile", "rank": 39, "rank_score": 0.5102919154560479, "cell_count": 8, "grid_ids": ["g_21.89500_79.42500", "g_21.91000_79.44000", "g_21.91000_79.45500", "g_21.91000_79.47000", "g_21.92500_79.44000", "g_21.94000_79.42500", "g_21.94000_79.44000", "g_21.95500_79.45500"], "score_mean": 0.056718369112237724, "score_median": 0.05803231679585755, "score_min": 0.0392758912240381, "score_max": 0.0720407057275392, "score_std": 0.011700490470656246, "area_km2": 20.58919876962284, "nearest_occurrence_km": 39.477846886022604, "nearest_mine_km": 39.477846886022604, "provenance": "DERIVED", "method": "Scores sorted descending with stable centroid tie-breaks; select ceil(10%) and ceil(25%). 8-neighbor connected components on regular centroid grid; discard components <2 cells; polygonize cell rectangles. Rank within threshold using 0.60 mean-score percentile, 0.15 log-area percentile, 0.10 mine-proximity score, 0.15 occurrence-proximity score.", "random_seed": 20260929, "source_ref": "grid_scores_v2.csv; known_occurrences.csv; moil_mines.geojson"}}, {"type": "Feature", "id": "top_quartile_040", "geometry": {"type": "MultiPolygon", "coordinates": [[[[80.3775, 21.3325], [80.3775, 21.3175], [80.36250000000001, 21.3175], [80.36250000000001, 21.3325], [80.3775, 21.3325]]], [[[80.3475, 21.3325], [80.3475, 21.3475], [80.3475, 21.3625], [80.36250000000001, 21.3625], [80.36250000000001, 21.3475], [80.36250000000001, 21.3325], [80.3475, 21.3325]]]]}, "properties": {"zone_level": "top_quartile", "rank": 40, "rank_score": 0.5074757387423695, "cell_count": 3, "grid_ids": ["g_21.32500_80.37000", "g_21.34000_80.35500", "g_21.35500_80.35500"], "score_mean": 0.0618436493539532, "score_median": 0.0499682027511865, "score_min": 0.0385357697332099, "score_max": 0.0970269755774632, "score_std": 0.025312381216709944, "area_km2": 7.747344783951947, "nearest_occurrence_km": 56.15556213101346, "nearest_mine_km": 56.15556213101346, "provenance": "DERIVED", "method": "Scores sorted descending with stable centroid tie-breaks; select ceil(10%) and ceil(25%). 8-neighbor connected components on regular centroid grid; discard components <2 cells; polygonize cell rectangles. Rank within threshold using 0.60 mean-score percentile, 0.15 log-area percentile, 0.10 mine-proximity score, 0.15 occurrence-proximity score.", "random_seed": 20260929, "source_ref": "grid_scores_v2.csv; known_occurrences.csv; moil_mines.geojson"}}, {"type": "Feature", "id": "top_quartile_041", "geometry": {"type": "MultiPolygon", "coordinates": [[[[80.0625, 21.3925], [80.04750000000001, 21.3925], [80.04750000000001, 21.4075], [80.0625, 21.4075], [80.07749999999999, 21.4075], [80.07749999999999, 21.392500000000002], [80.0925, 21.392500000000002], [80.0925, 21.4075], [80.10749999999999, 21.4075], [80.1225, 21.4075], [80.1225, 21.4225], [80.13749999999999, 21.4225], [80.1525, 21.4225], [80.1525, 21.4075], [80.1525, 21.3925], [80.13749999999999, 21.3925], [80.1225, 21.3925], [80.10749999999999, 21.3925], [80.0925, 21.3925], [80.0925, 21.3775], [80.07749999999999, 21.3775], [80.07749999999999, 21.3925], [80.0625, 21.3925]]], [[[80.1525, 21.4525], [80.16749999999999, 21.4525], [80.16749999999999, 21.4375], [80.16749999999999, 21.4225], [80.1525, 21.4225], [80.1525, 21.4375], [80.1525, 21.4525]]]]}, "properties": {"zone_level": "top_quartile", "rank": 41, "rank_score": 0.5072670141509958, "cell_count": 11, "grid_ids": ["g_21.38500_80.08500", "g_21.40000_80.05500", "g_21.40000_80.07000", "g_21.40000_80.10000", "g_21.40000_80.11500", "g_21.40000_80.13000", "g_21.40000_80.14500", "g_21.41500_80.13000", "g_21.41500_80.14500", "g_21.43000_80.16000", "g_21.44500_80.16000"], "score_mean": 0.057284662977235404, "score_median": 0.0524422954136954, "score_min": 0.0419570567802158, "score_max": 0.1088068504781575, "score_std": 0.017481079828356696, "area_km2": 28.396797790451448, "nearest_occurrence_km": 46.615102231058344, "nearest_mine_km": 46.615102231058344, "provenance": "DERIVED", "method": "Scores sorted descending with stable centroid tie-breaks; select ceil(10%) and ceil(25%). 8-neighbor connected components on regular centroid grid; discard components <2 cells; polygonize cell rectangles. Rank within threshold using 0.60 mean-score percentile, 0.15 log-area percentile, 0.10 mine-proximity score, 0.15 occurrence-proximity score.", "random_seed": 20260929, "source_ref": "grid_scores_v2.csv; known_occurrences.csv; moil_mines.geojson"}}, {"type": "Feature", "id": "top_quartile_042", "geometry": {"type": "MultiPolygon", "coordinates": [[[[80.1525, 21.2875], [80.1525, 21.2725], [80.13749999999999, 21.2725], [80.13749999999999, 21.2875], [80.1525, 21.2875]]], [[[80.1225, 21.2875], [80.1225, 21.302500000000002], [80.13749999999999, 21.302500000000002], [80.13749999999999, 21.2875], [80.1225, 21.2875]]]]}, "properties": {"zone_level": "top_quartile", "rank": 42, "rank_score": 0.4966462319779432, "cell_count": 2, "grid_ids": ["g_21.28000_80.14500", "g_21.29500_80.13000"], "score_mean": 0.06316505207467596, "score_median": 0.06316505207467596, "score_min": 0.0595702438144715, "score_max": 0.0667598603348804, "score_std": 0.003594808260204453, "area_km2": 5.167160354465535, "nearest_occurrence_km": 54.37480483568955, "nearest_mine_km": 54.37480483568955, "provenance": "DERIVED", "method": "Scores sorted descending with stable centroid tie-breaks; select ceil(10%) and ceil(25%). 8-neighbor connected components on regular centroid grid; discard components <2 cells; polygonize cell rectangles. Rank within threshold using 0.60 mean-score percentile, 0.15 log-area percentile, 0.10 mine-proximity score, 0.15 occurrence-proximity score.", "random_seed": 20260929, "source_ref": "grid_scores_v2.csv; known_occurrences.csv; moil_mines.geojson"}}, {"type": "Feature", "id": "top_quartile_043", "geometry": {"type": "Polygon", "coordinates": [[[79.47749999999999, 21.2275], [79.4625, 21.2275], [79.4625, 21.2425], [79.4625, 21.2575], [79.47749999999999, 21.2575], [79.47749999999999, 21.2425], [79.47749999999999, 21.2275]]]}, "properties": {"zone_level": "top_quartile", "rank": 43, "rank_score": 0.49184347114693483, "cell_count": 2, "grid_ids": ["g_21.23500_79.47000", "g_21.25000_79.47000"], "score_mean": 0.057842788939728995, "score_median": 0.057842788939728995, "score_min": 0.0451976881793389, "score_max": 0.0704878897001191, "score_std": 0.012645100760390101, "area_km2": 5.170901599441854, "nearest_occurrence_km": 28.722434764905692, "nearest_mine_km": 28.722434764905692, "provenance": "DERIVED", "method": "Scores sorted descending with stable centroid tie-breaks; select ceil(10%) and ceil(25%). 8-neighbor connected components on regular centroid grid; discard components <2 cells; polygonize cell rectangles. Rank within threshold using 0.60 mean-score percentile, 0.15 log-area percentile, 0.10 mine-proximity score, 0.15 occurrence-proximity score.", "random_seed": 20260929, "source_ref": "grid_scores_v2.csv; known_occurrences.csv; moil_mines.geojson"}}, {"type": "Feature", "id": "top_quartile_044", "geometry": {"type": "MultiPolygon", "coordinates": [[[[79.4925, 21.7525], [79.4925, 21.7675], [79.4925, 21.767500000000002], [79.4925, 21.7825], [79.5075, 21.7825], [79.5075, 21.767500000000002], [79.5075, 21.7675], [79.5075, 21.7525], [79.4925, 21.7525]]], [[[79.47749999999999, 21.7825], [79.47749999999999, 21.7975], [79.4925, 21.7975], [79.4925, 21.7825], [79.47749999999999, 21.7825]]], [[[79.5075, 21.8125], [79.5075, 21.7975], [79.4925, 21.7975], [79.4925, 21.8125], [79.5075, 21.8125]]]]}, "properties": {"zone_level": "top_quartile", "rank": 44, "rank_score": 0.47775277222840196, "cell_count": 4, "grid_ids": ["g_21.76000_79.50000", "g_21.77500_79.50000", "g_21.79000_79.48500", "g_21.80500_79.50000"], "score_mean": 0.0549813364547415, "score_median": 0.04644757772058055, "score_min": 0.0426332514697541, "score_max": 0.0843969389080508, "score_std": 0.017183827754499177, "area_km2": 10.304078494101457, "nearest_occurrence_km": 26.24173016067114, "nearest_mine_km": 26.24173016067114, "provenance": "DERIVED", "method": "Scores sorted descending with stable centroid tie-breaks; select ceil(10%) and ceil(25%). 8-neighbor connected components on regular centroid grid; discard components <2 cells; polygonize cell rectangles. Rank within threshold using 0.60 mean-score percentile, 0.15 log-area percentile, 0.10 mine-proximity score, 0.15 occurrence-proximity score.", "random_seed": 20260929, "source_ref": "grid_scores_v2.csv; known_occurrences.csv; moil_mines.geojson"}}, {"type": "Feature", "id": "top_quartile_045", "geometry": {"type": "MultiPolygon", "coordinates": [[[[80.36250000000001, 21.3925], [80.3475, 21.3925], [80.33250000000001, 21.3925], [80.33250000000001, 21.4075], [80.3475, 21.4075], [80.36250000000001, 21.4075], [80.36250000000001, 21.392500000000002], [80.3775, 21.392500000000002], [80.3775, 21.3775], [80.36250000000001, 21.3775], [80.36250000000001, 21.3925]]], [[[80.3175, 21.4225], [80.33250000000001, 21.4225], [80.33250000000001, 21.4075], [80.3175, 21.4075], [80.3175, 21.4225]]], [[[80.3475, 21.4225], [80.33250000000001, 21.4225], [80.33250000000001, 21.4375], [80.3475, 21.4375], [80.3475, 21.4225]]]]}, "properties": {"zone_level": "top_quartile", "rank": 45, "rank_score": 0.47260845931230044, "cell_count": 5, "grid_ids": ["g_21.38500_80.37000", "g_21.40000_80.34000", "g_21.40000_80.35500", "g_21.41500_80.32500", "g_21.43000_80.34000"], "score_mean": 0.0567414114349928, "score_median": 0.0514011717248508, "score_min": 0.0410577558696733, "score_max": 0.0819849184513232, "score_std": 0.013820114467061096, "area_km2": 12.90661822129509, "nearest_occurrence_km": 48.714238481210316, "nearest_mine_km": 48.714238481210316, "provenance": "DERIVED", "method": "Scores sorted descending with stable centroid tie-breaks; select ceil(10%) and ceil(25%). 8-neighbor connected components on regular centroid grid; discard components <2 cells; polygonize cell rectangles. Rank within threshold using 0.60 mean-score percentile, 0.15 log-area percentile, 0.10 mine-proximity score, 0.15 occurrence-proximity score.", "random_seed": 20260929, "source_ref": "grid_scores_v2.csv; known_occurrences.csv; moil_mines.geojson"}}, {"type": "Feature", "id": "top_quartile_046", "geometry": {"type": "MultiPolygon", "coordinates": [[[[80.07749999999999, 21.9925], [80.0925, 21.9925], [80.10749999999999, 21.9925], [80.10749999999999, 21.9775], [80.0925, 21.9775], [80.07749999999999, 21.9775], [80.07749999999999, 21.9925]]], [[[80.04750000000001, 22.0075], [80.04750000000001, 21.9925], [80.0325, 21.9925], [80.0325, 22.0075], [80.04750000000001, 22.0075]]], [[[80.0625, 21.9925], [80.0625, 22.0075], [80.07749999999999, 22.0075], [80.07749999999999, 21.9925], [80.0625, 21.9925]]], [[[80.0625, 22.0225], [80.0625, 22.0075], [80.04750000000001, 22.0075], [80.04750000000001, 22.0225], [80.0625, 22.0225]]], [[[80.0625, 22.0375], [80.07749999999999, 22.0375], [80.07749999999999, 22.0225], [80.0625, 22.0225], [80.0625, 22.0375]]], [[[80.0925, 22.0375], [80.07749999999999, 22.0375], [80.07749999999999, 22.052500000000002], [80.0925, 22.052500000000002], [80.0925, 22.0375]]]]}, "properties": {"zone_level": "top_quartile", "rank": 46, "rank_score": 0.4693369058205668, "cell_count": 7, "grid_ids": ["g_21.98500_80.08500", "g_21.98500_80.10000", "g_22.00000_80.04000", "g_22.00000_80.07000", "g_22.01500_80.05500", "g_22.03000_80.07000", "g_22.04500_80.08500"], "score_mean": 0.05311374765642977, "score_median": 0.0395602680188559, "score_min": 0.0387767940095049, "score_max": 0.0886064825173631, "score_std": 0.018829716989944147, "area_km2": 17.997551038302216, "nearest_occurrence_km": 24.854535788973642, "nearest_mine_km": 24.854535788973642, "provenance": "DERIVED", "method": "Scores sorted descending with stable centroid tie-breaks; select ceil(10%) and ceil(25%). 8-neighbor connected components on regular centroid grid; discard components <2 cells; polygonize cell rectangles. Rank within threshold using 0.60 mean-score percentile, 0.15 log-area percentile, 0.10 mine-proximity score, 0.15 occurrence-proximity score.", "random_seed": 20260929, "source_ref": "grid_scores_v2.csv; known_occurrences.csv; moil_mines.geojson"}}, {"type": "Feature", "id": "top_quartile_047", "geometry": {"type": "MultiPolygon", "coordinates": [[[[79.4925, 21.9325], [79.5075, 21.9325], [79.52250000000001, 21.9325], [79.52250000000001, 21.9175], [79.5075, 21.9175], [79.4925, 21.9175], [79.4925, 21.9325]]], [[[79.55250000000001, 21.9325], [79.55250000000001, 21.9175], [79.5375, 21.9175], [79.5375, 21.9325], [79.55250000000001, 21.9325]]], [[[79.4925, 21.9475], [79.4925, 21.9625], [79.4925, 21.9775], [79.5075, 21.9775], [79.5075, 21.9625], [79.5075, 21.947499999999998], [79.4925, 21.947499999999998], [79.4925, 21.9325], [79.47749999999999, 21.9325], [79.47749999999999, 21.9475], [79.4925, 21.9475]]], [[[79.5375, 21.9475], [79.5375, 21.9325], [79.52250000000001, 21.9325], [79.52250000000001, 21.9475], [79.5375, 21.9475]]]]}, "properties": {"zone_level": "top_quartile", "rank": 47, "rank_score": 0.463954956756957, "cell_count": 7, "grid_ids": ["g_21.92500_79.50000", "g_21.92500_79.51500", "g_21.92500_79.54500", "g_21.94000_79.48500", "g_21.94000_79.53000", "g_21.95500_79.50000", "g_21.97000_79.50000"], "score_mean": 0.05469870689751418, "score_median": 0.0440129299517257, "score_min": 0.0385362926203462, "score_max": 0.0858140499244823, "score_std": 0.018885124960766483, "area_km2": 18.01249162070466, "nearest_occurrence_km": 36.10055679460722, "nearest_mine_km": 36.10055679460722, "provenance": "DERIVED", "method": "Scores sorted descending with stable centroid tie-breaks; select ceil(10%) and ceil(25%). 8-neighbor connected components on regular centroid grid; discard components <2 cells; polygonize cell rectangles. Rank within threshold using 0.60 mean-score percentile, 0.15 log-area percentile, 0.10 mine-proximity score, 0.15 occurrence-proximity score.", "random_seed": 20260929, "source_ref": "grid_scores_v2.csv; known_occurrences.csv; moil_mines.geojson"}}, {"type": "Feature", "id": "top_quartile_048", "geometry": {"type": "MultiPolygon", "coordinates": [[[[80.2875, 21.1375], [80.27250000000001, 21.1375], [80.27250000000001, 21.1525], [80.2875, 21.1525], [80.2875, 21.1375]]], [[[80.2875, 21.1675], [80.30250000000001, 21.1675], [80.30250000000001, 21.1525], [80.2875, 21.1525], [80.2875, 21.1675]]]]}, "properties": {"zone_level": "top_quartile", "rank": 48, "rank_score": 0.4531134405080887, "cell_count": 2, "grid_ids": ["g_21.14500_80.28000", "g_21.16000_80.29500"], "score_mean": 0.0663516997860997, "score_median": 0.0663516997860997, "score_min": 0.0605466465920968, "score_max": 0.0721567529801026, "score_std": 0.0058050531940029015, "area_km2": 5.171455785065271, "nearest_occurrence_km": 75.56475333768344, "nearest_mine_km": 75.56475333768344, "provenance": "DERIVED", "method": "Scores sorted descending with stable centroid tie-breaks; select ceil(10%) and ceil(25%). 8-neighbor connected components on regular centroid grid; discard components <2 cells; polygonize cell rectangles. Rank within threshold using 0.60 mean-score percentile, 0.15 log-area percentile, 0.10 mine-proximity score, 0.15 occurrence-proximity score.", "random_seed": 20260929, "source_ref": "grid_scores_v2.csv; known_occurrences.csv; moil_mines.geojson"}}, {"type": "Feature", "id": "top_quartile_049", "geometry": {"type": "MultiPolygon", "coordinates": [[[[80.22749999999999, 21.3175], [80.2425, 21.3175], [80.2425, 21.3325], [80.2575, 21.3325], [80.2575, 21.3175], [80.2575, 21.3025], [80.2425, 21.3025], [80.22749999999999, 21.3025], [80.22749999999999, 21.3175]]], [[[80.22749999999999, 21.3475], [80.2425, 21.3475], [80.2425, 21.3325], [80.22749999999999, 21.3325], [80.22749999999999, 21.3475]]]]}, "properties": {"zone_level": "top_quartile", "rank": 49, "rank_score": 0.4520325678959423, "cell_count": 4, "grid_ids": ["g_21.31000_80.23500", "g_21.31000_80.25000", "g_21.32500_80.25000", "g_21.34000_80.23500"], "score_mean": 0.05740732499596188, "score_median": 0.05854859847770645, "score_min": 0.0419271030865254, "score_max": 0.0706049999419092, "score_std": 0.010941047545877922, "area_km2": 10.33153387213624, "nearest_occurrence_km": 56.68622581956383, "nearest_mine_km": 56.68622581956383, "provenance": "DERIVED", "method": "Scores sorted descending with stable centroid tie-breaks; select ceil(10%) and ceil(25%). 8-neighbor connected components on regular centroid grid; discard components <2 cells; polygonize cell rectangles. Rank within threshold using 0.60 mean-score percentile, 0.15 log-area percentile, 0.10 mine-proximity score, 0.15 occurrence-proximity score.", "random_seed": 20260929, "source_ref": "grid_scores_v2.csv; known_occurrences.csv; moil_mines.geojson"}}, {"type": "Feature", "id": "top_quartile_050", "geometry": {"type": "Polygon", "coordinates": [[[80.19749999999999, 21.6475], [80.1825, 21.6475], [80.1825, 21.6625], [80.1825, 21.677500000000002], [80.19749999999999, 21.677500000000002], [80.19749999999999, 21.6625], [80.19749999999999, 21.6475]]]}, "properties": {"zone_level": "top_quartile", "rank": 50, "rank_score": 0.444528236847563, "cell_count": 2, "grid_ids": ["g_21.65500_80.19000", "g_21.67000_80.19000"], "score_mean": 0.056190370926802805, "score_median": 0.056190370926802805, "score_min": 0.0474897087863984, "score_max": 0.0648910330672072, "score_std": 0.008700662140404398, "area_km2": 5.1540556930958195, "nearest_occurrence_km": 19.42914874194229, "nearest_mine_km": 19.42914874194229, "provenance": "DERIVED", "method": "Scores sorted descending with stable centroid tie-breaks; select ceil(10%) and ceil(25%). 8-neighbor connected components on regular centroid grid; discard components <2 cells; polygonize cell rectangles. Rank within threshold using 0.60 mean-score percentile, 0.15 log-area percentile, 0.10 mine-proximity score, 0.15 occurrence-proximity score.", "random_seed": 20260929, "source_ref": "grid_scores_v2.csv; known_occurrences.csv; moil_mines.geojson"}}, {"type": "Feature", "id": "top_quartile_051", "geometry": {"type": "MultiPolygon", "coordinates": [[[[80.48249999999999, 21.1375], [80.48249999999999, 21.1225], [80.4675, 21.1225], [80.4675, 21.1375], [80.48249999999999, 21.1375]]], [[[80.45249999999999, 21.1375], [80.45249999999999, 21.1525], [80.4675, 21.1525], [80.4675, 21.1375], [80.45249999999999, 21.1375]]]]}, "properties": {"zone_level": "top_quartile", "rank": 51, "rank_score": 0.4305741044224634, "cell_count": 2, "grid_ids": ["g_21.13000_80.47500", "g_21.14500_80.46000"], "score_mean": 0.0631973456737717, "score_median": 0.0631973456737717, "score_min": 0.0383853255129311, "score_max": 0.0880093658346123, "score_std": 0.024812020160840602, "area_km2": 5.171658432640104, "nearest_occurrence_km": 80.74603868665835, "nearest_mine_km": 80.74603868665835, "provenance": "DERIVED", "method": "Scores sorted descending with stable centroid tie-breaks; select ceil(10%) and ceil(25%). 8-neighbor connected components on regular centroid grid; discard components <2 cells; polygonize cell rectangles. Rank within threshold using 0.60 mean-score percentile, 0.15 log-area percentile, 0.10 mine-proximity score, 0.15 occurrence-proximity score.", "random_seed": 20260929, "source_ref": "grid_scores_v2.csv; known_occurrences.csv; moil_mines.geojson"}}, {"type": "Feature", "id": "top_quartile_052", "geometry": {"type": "Polygon", "coordinates": [[[80.27250000000001, 21.3025], [80.27250000000001, 21.3175], [80.2875, 21.3175], [80.30250000000001, 21.3175], [80.30250000000001, 21.3025], [80.2875, 21.3025], [80.27250000000001, 21.3025]]]}, "properties": {"zone_level": "top_quartile", "rank": 52, "rank_score": 0.4267186505515876, "cell_count": 2, "grid_ids": ["g_21.31000_80.28000", "g_21.31000_80.29500"], "score_mean": 0.06057266740573815, "score_median": 0.06057266740573815, "score_min": 0.0546002890568386, "score_max": 0.0665450457546377, "score_std": 0.0059723783488995486, "area_km2": 5.166062881365273, "nearest_occurrence_km": 58.19436633415214, "nearest_mine_km": 58.19436633415214, "provenance": "DERIVED", "method": "Scores sorted descending with stable centroid tie-breaks; select ceil(10%) and ceil(25%). 8-neighbor connected components on regular centroid grid; discard components <2 cells; polygonize cell rectangles. Rank within threshold using 0.60 mean-score percentile, 0.15 log-area percentile, 0.10 mine-proximity score, 0.15 occurrence-proximity score.", "random_seed": 20260929, "source_ref": "grid_scores_v2.csv; known_occurrences.csv; moil_mines.geojson"}}, {"type": "Feature", "id": "top_quartile_053", "geometry": {"type": "MultiPolygon", "coordinates": [[[[79.4325, 21.3325], [79.41749999999999, 21.3325], [79.41749999999999, 21.3475], [79.4325, 21.3475], [79.4325, 21.3325]]], [[[79.4325, 21.3475], [79.4325, 21.3625], [79.44749999999999, 21.3625], [79.44749999999999, 21.3475], [79.4325, 21.3475]]], [[[79.4625, 21.3775], [79.4625, 21.3625], [79.44749999999999, 21.3625], [79.44749999999999, 21.3775], [79.4625, 21.3775]]]]}, "properties": {"zone_level": "top_quartile", "rank": 53, "rank_score": 0.41752179302435455, "cell_count": 3, "grid_ids": ["g_21.34000_79.42500", "g_21.35500_79.44000", "g_21.37000_79.45500"], "score_mean": 0.05123872545369093, "score_median": 0.0485976646668271, "score_min": 0.0476290003754127, "score_max": 0.057489511318833, "score_std": 0.00443762853907807, "area_km2": 7.750739087732459, "nearest_occurrence_km": 20.323734278540996, "nearest_mine_km": 20.323734278540996, "provenance": "DERIVED", "method": "Scores sorted descending with stable centroid tie-breaks; select ceil(10%) and ceil(25%). 8-neighbor connected components on regular centroid grid; discard components <2 cells; polygonize cell rectangles. Rank within threshold using 0.60 mean-score percentile, 0.15 log-area percentile, 0.10 mine-proximity score, 0.15 occurrence-proximity score.", "random_seed": 20260929, "source_ref": "grid_scores_v2.csv; known_occurrences.csv; moil_mines.geojson"}}, {"type": "Feature", "id": "top_quartile_054", "geometry": {"type": "Polygon", "coordinates": [[[79.89750000000001, 21.5875], [79.8825, 21.5875], [79.8825, 21.6025], [79.8825, 21.6175], [79.89750000000001, 21.6175], [79.9125, 21.6175], [79.9125, 21.6025], [79.89750000000001, 21.6025], [79.89750000000001, 21.5875]]]}, "properties": {"zone_level": "top_quartile", "rank": 54, "rank_score": 0.41478841091508234, "cell_count": 3, "grid_ids": ["g_21.59500_79.89000", "g_21.61000_79.89000", "g_21.61000_79.90500"], "score_mean": 0.05146172596891716, "score_median": 0.0516886999808183, "score_min": 0.0459030180157246, "score_max": 0.0567934599102086, "score_std": 0.0044489001686440766, "area_km2": 7.735248541839427, "nearest_occurrence_km": 19.46276660979344, "nearest_mine_km": 19.46276660979344, "provenance": "DERIVED", "method": "Scores sorted descending with stable centroid tie-breaks; select ceil(10%) and ceil(25%). 8-neighbor connected components on regular centroid grid; discard components <2 cells; polygonize cell rectangles. Rank within threshold using 0.60 mean-score percentile, 0.15 log-area percentile, 0.10 mine-proximity score, 0.15 occurrence-proximity score.", "random_seed": 20260929, "source_ref": "grid_scores_v2.csv; known_occurrences.csv; moil_mines.geojson"}}, {"type": "Feature", "id": "top_quartile_055", "geometry": {"type": "MultiPolygon", "coordinates": [[[[79.61250000000001, 21.4225], [79.61250000000001, 21.4075], [79.5975, 21.4075], [79.5975, 21.4225], [79.61250000000001, 21.4225]]], [[[79.58250000000001, 21.4225], [79.58250000000001, 21.4375], [79.5975, 21.4375], [79.5975, 21.4225], [79.58250000000001, 21.4225]]]]}, "properties": {"zone_level": "top_quartile", "rank": 55, "rank_score": 0.4070510543618495, "cell_count": 2, "grid_ids": ["g_21.41500_79.60500", "g_21.43000_79.59000"], "score_mean": 0.05313541432434505, "score_median": 0.05313541432434505, "score_min": 0.0514289642030897, "score_max": 0.0548418644456004, "score_std": 0.0017064501212553512, "area_km2": 5.16418796703569, "nearest_occurrence_km": 17.303628322897236, "nearest_mine_km": 17.303628322897236, "provenance": "DERIVED", "method": "Scores sorted descending with stable centroid tie-breaks; select ceil(10%) and ceil(25%). 8-neighbor connected components on regular centroid grid; discard components <2 cells; polygonize cell rectangles. Rank within threshold using 0.60 mean-score percentile, 0.15 log-area percentile, 0.10 mine-proximity score, 0.15 occurrence-proximity score.", "random_seed": 20260929, "source_ref": "grid_scores_v2.csv; known_occurrences.csv; moil_mines.geojson"}}, {"type": "Feature", "id": "top_quartile_056", "geometry": {"type": "MultiPolygon", "coordinates": [[[[79.38749999999999, 21.9925], [79.4025, 21.9925], [79.41749999999999, 21.9925], [79.41749999999999, 21.9775], [79.4025, 21.9775], [79.38749999999999, 21.9775], [79.38749999999999, 21.9925]]], [[[79.41749999999999, 21.9925], [79.41749999999999, 22.0075], [79.41749999999999, 22.0225], [79.4325, 22.0225], [79.4325, 22.0075], [79.4325, 21.9925], [79.41749999999999, 21.9925]]]]}, "properties": {"zone_level": "top_quartile", "rank": 56, "rank_score": 0.38073305462786955, "cell_count": 4, "grid_ids": ["g_21.98500_79.39500", "g_21.98500_79.41000", "g_22.00000_79.42500", "g_22.01500_79.42500"], "score_mean": 0.05320358632476832, "score_median": 0.0535968355129091, "score_min": 0.042106753875198, "score_max": 0.0635139203980571, "score_std": 0.010314091145571606, "area_km2": 10.289674124072846, "nearest_occurrence_km": 47.36554577422384, "nearest_mine_km": 47.36554577422384, "provenance": "DERIVED", "method": "Scores sorted descending with stable centroid tie-breaks; select ceil(10%) and ceil(25%). 8-neighbor connected components on regular centroid grid; discard components <2 cells; polygonize cell rectangles. Rank within threshold using 0.60 mean-score percentile, 0.15 log-area percentile, 0.10 mine-proximity score, 0.15 occurrence-proximity score.", "random_seed": 20260929, "source_ref": "grid_scores_v2.csv; known_occurrences.csv; moil_mines.geojson"}}, {"type": "Feature", "id": "top_quartile_057", "geometry": {"type": "Polygon", "coordinates": [[[79.3425, 22.0375], [79.3425, 22.052500000000002], [79.35749999999999, 22.052500000000002], [79.3725, 22.052500000000002], [79.3725, 22.0375], [79.35749999999999, 22.0375], [79.3425, 22.0375]]]}, "properties": {"zone_level": "top_quartile", "rank": 57, "rank_score": 0.3807214523696469, "cell_count": 2, "grid_ids": ["g_22.04500_79.35000", "g_22.04500_79.36500"], "score_mean": 0.05926542867288765, "score_median": 0.05926542867288765, "score_min": 0.0409337507961121, "score_max": 0.0775971065496632, "score_std": 0.018331677876775553, "area_km2": 5.143351212559814, "nearest_occurrence_km": 55.27837381219898, "nearest_mine_km": 55.27837381219898, "provenance": "DERIVED", "method": "Scores sorted descending with stable centroid tie-breaks; select ceil(10%) and ceil(25%). 8-neighbor connected components on regular centroid grid; discard components <2 cells; polygonize cell rectangles. Rank within threshold using 0.60 mean-score percentile, 0.15 log-area percentile, 0.10 mine-proximity score, 0.15 occurrence-proximity score.", "random_seed": 20260929, "source_ref": "grid_scores_v2.csv; known_occurrences.csv; moil_mines.geojson"}}, {"type": "Feature", "id": "top_quartile_058", "geometry": {"type": "Polygon", "coordinates": [[[80.2125, 21.1675], [80.2125, 21.1825], [80.22749999999999, 21.1825], [80.2425, 21.1825], [80.2425, 21.1675], [80.22749999999999, 21.1675], [80.2125, 21.1675]]]}, "properties": {"zone_level": "top_quartile", "rank": 58, "rank_score": 0.37227881238258065, "cell_count": 2, "grid_ids": ["g_21.17500_80.22000", "g_21.17500_80.23500"], "score_mean": 0.05923093135455875, "score_median": 0.05923093135455875, "score_min": 0.0555116950047649, "score_max": 0.0629501677043526, "score_std": 0.0037192363497938544, "area_km2": 5.170810516201893, "nearest_occurrence_km": 69.15297516046125, "nearest_mine_km": 69.15297516046125, "provenance": "DERIVED", "method": "Scores sorted descending with stable centroid tie-breaks; select ceil(10%) and ceil(25%). 8-neighbor connected components on regular centroid grid; discard components <2 cells; polygonize cell rectangles. Rank within threshold using 0.60 mean-score percentile, 0.15 log-area percentile, 0.10 mine-proximity score, 0.15 occurrence-proximity score.", "random_seed": 20260929, "source_ref": "grid_scores_v2.csv; known_occurrences.csv; moil_mines.geojson"}}, {"type": "Feature", "id": "top_quartile_059", "geometry": {"type": "Polygon", "coordinates": [[[79.8825, 21.4525], [79.8825, 21.4675], [79.89750000000001, 21.4675], [79.9125, 21.4675], [79.9125, 21.4525], [79.89750000000001, 21.4525], [79.8825, 21.4525]]]}, "properties": {"zone_level": "top_quartile", "rank": 59, "rank_score": 0.37070277405207713, "cell_count": 2, "grid_ids": ["g_21.46000_79.89000", "g_21.46000_79.90500"], "score_mean": 0.0530349373631676, "score_median": 0.0530349373631676, "score_min": 0.0504648782596283, "score_max": 0.0556049964667069, "score_std": 0.002570059103539298, "area_km2": 5.161860539026229, "nearest_occurrence_km": 23.30794851725324, "nearest_mine_km": 23.30794851725324, "provenance": "DERIVED", "method": "Scores sorted descending with stable centroid tie-breaks; select ceil(10%) and ceil(25%). 8-neighbor connected components on regular centroid grid; discard components <2 cells; polygonize cell rectangles. Rank within threshold using 0.60 mean-score percentile, 0.15 log-area percentile, 0.10 mine-proximity score, 0.15 occurrence-proximity score.", "random_seed": 20260929, "source_ref": "grid_scores_v2.csv; known_occurrences.csv; moil_mines.geojson"}}, {"type": "Feature", "id": "top_quartile_060", "geometry": {"type": "MultiPolygon", "coordinates": [[[[80.33250000000001, 21.1075], [80.33250000000001, 21.1225], [80.3475, 21.1225], [80.36250000000001, 21.1225], [80.3775, 21.1225], [80.3775, 21.1075], [80.39250000000001, 21.1075], [80.39250000000001, 21.1225], [80.4075, 21.1225], [80.4075, 21.107499999999998], [80.39250000000001, 21.107499999999998], [80.39250000000001, 21.0925], [80.3775, 21.0925], [80.3775, 21.107499999999998], [80.36250000000001, 21.107499999999998], [80.3475, 21.107499999999998], [80.3475, 21.0925], [80.33250000000001, 21.0925], [80.3175, 21.0925], [80.3175, 21.1075], [80.33250000000001, 21.1075]]], [[[80.39250000000001, 21.1375], [80.39250000000001, 21.1225], [80.3775, 21.1225], [80.3775, 21.1375], [80.39250000000001, 21.1375]]]]}, "properties": {"zone_level": "top_quartile", "rank": 60, "rank_score": 0.36851851851851847, "cell_count": 8, "grid_ids": ["g_21.10000_80.32500", "g_21.10000_80.34000", "g_21.10000_80.38500", "g_21.11500_80.34000", "g_21.11500_80.35500", "g_21.11500_80.37000", "g_21.11500_80.40000", "g_21.13000_80.38500"], "score_mean": 0.05623006904675233, "score_median": 0.0554556411136573, "score_min": 0.0387343811304809, "score_max": 0.0768862999447512, "score_std": 0.01443386301400649, "area_km2": 20.690891726875552, "nearest_occurrence_km": 81.03417202645993, "nearest_mine_km": 81.03417202645993, "provenance": "DERIVED", "method": "Scores sorted descending with stable centroid tie-breaks; select ceil(10%) and ceil(25%). 8-neighbor connected components on regular centroid grid; discard components <2 cells; polygonize cell rectangles. Rank within threshold using 0.60 mean-score percentile, 0.15 log-area percentile, 0.10 mine-proximity score, 0.15 occurrence-proximity score.", "random_seed": 20260929, "source_ref": "grid_scores_v2.csv; known_occurrences.csv; moil_mines.geojson"}}, {"type": "Feature", "id": "top_quartile_061", "geometry": {"type": "Polygon", "coordinates": [[[79.70249999999999, 21.2875], [79.6875, 21.2875], [79.6875, 21.3025], [79.67250000000001, 21.3025], [79.67250000000001, 21.3175], [79.6875, 21.3175], [79.6875, 21.302500000000002], [79.70249999999999, 21.302500000000002], [79.70249999999999, 21.3175], [79.7175, 21.3175], [79.7175, 21.3025], [79.70249999999999, 21.3025], [79.70249999999999, 21.2875]]]}, "properties": {"zone_level": "top_quartile", "rank": 61, "rank_score": 0.3600509081770783, "cell_count": 3, "grid_ids": ["g_21.29500_79.69500", "g_21.31000_79.68000", "g_21.31000_79.71000"], "score_mean": 0.04959343470035164, "score_median": 0.0450117828455809, "score_min": 0.0397219149733678, "score_max": 0.0640466062821062, "score_std": 0.010445614777027934, "area_km2": 7.751816310143957, "nearest_occurrence_km": 27.122489652611584, "nearest_mine_km": 27.122489652611584, "provenance": "DERIVED", "method": "Scores sorted descending with stable centroid tie-breaks; select ceil(10%) and ceil(25%). 8-neighbor connected components on regular centroid grid; discard components <2 cells; polygonize cell rectangles. Rank within threshold using 0.60 mean-score percentile, 0.15 log-area percentile, 0.10 mine-proximity score, 0.15 occurrence-proximity score.", "random_seed": 20260929, "source_ref": "grid_scores_v2.csv; known_occurrences.csv; moil_mines.geojson"}}, {"type": "Feature", "id": "top_quartile_062", "geometry": {"type": "Polygon", "coordinates": [[[80.48249999999999, 21.2875], [80.4675, 21.2875], [80.4675, 21.302500000000002], [80.48249999999999, 21.302500000000002], [80.48249999999999, 21.3175], [80.48249999999999, 21.3325], [80.4975, 21.3325], [80.4975, 21.3175], [80.4975, 21.3025], [80.48249999999999, 21.3025], [80.48249999999999, 21.2875]]]}, "properties": {"zone_level": "top_quartile", "rank": 62, "rank_score": 0.34631749888841046, "cell_count": 3, "grid_ids": ["g_21.29500_80.47500", "g_21.31000_80.49000", "g_21.32500_80.49000"], "score_mean": 0.0553988139530501, "score_median": 0.0573599516650273, "score_min": 0.0453918825297027, "score_max": 0.0634446076644203, "score_std": 0.007499322949058824, "area_km2": 7.7485945536087035, "nearest_occurrence_km": 63.51427914538462, "nearest_mine_km": 63.51427914538462, "provenance": "DERIVED", "method": "Scores sorted descending with stable centroid tie-breaks; select ceil(10%) and ceil(25%). 8-neighbor connected components on regular centroid grid; discard components <2 cells; polygonize cell rectangles. Rank within threshold using 0.60 mean-score percentile, 0.15 log-area percentile, 0.10 mine-proximity score, 0.15 occurrence-proximity score.", "random_seed": 20260929, "source_ref": "grid_scores_v2.csv; known_occurrences.csv; moil_mines.geojson"}}, {"type": "Feature", "id": "top_quartile_063", "geometry": {"type": "Polygon", "coordinates": [[[80.2875, 21.5125], [80.2875, 21.5275], [80.2875, 21.5425], [80.2875, 21.5575], [80.30250000000001, 21.5575], [80.30250000000001, 21.5425], [80.3175, 21.5425], [80.3175, 21.5275], [80.30250000000001, 21.5275], [80.30250000000001, 21.5125], [80.2875, 21.5125]]]}, "properties": {"zone_level": "top_quartile", "rank": 63, "rank_score": 0.34587867324053495, "cell_count": 4, "grid_ids": ["g_21.52000_80.29500", "g_21.53500_80.29500", "g_21.53500_80.31000", "g_21.55000_80.29500"], "score_mean": 0.049574893004082146, "score_median": 0.0434694292302763, "score_min": 0.0389969190997441, "score_max": 0.0723637944560319, "score_std": 0.013288608534373395, "area_km2": 10.316539924710508, "nearest_occurrence_km": 33.705846315450586, "nearest_mine_km": 33.705846315450586, "provenance": "DERIVED", "method": "Scores sorted descending with stable centroid tie-breaks; select ceil(10%) and ceil(25%). 8-neighbor connected components on regular centroid grid; discard components <2 cells; polygonize cell rectangles. Rank within threshold using 0.60 mean-score percentile, 0.15 log-area percentile, 0.10 mine-proximity score, 0.15 occurrence-proximity score.", "random_seed": 20260929, "source_ref": "grid_scores_v2.csv; known_occurrences.csv; moil_mines.geojson"}}, {"type": "Feature", "id": "top_quartile_064", "geometry": {"type": "Polygon", "coordinates": [[[80.0325, 21.6475], [80.01750000000001, 21.6475], [80.01750000000001, 21.6625], [80.01750000000001, 21.677500000000002], [80.0325, 21.677500000000002], [80.0325, 21.6625], [80.0325, 21.6475]]]}, "properties": {"zone_level": "top_quartile", "rank": 64, "rank_score": 0.33463682102619124, "cell_count": 2, "grid_ids": ["g_21.65500_80.02500", "g_21.67000_80.02500"], "score_mean": 0.05181263177794305, "score_median": 0.05181263177794305, "score_min": 0.0469148864082637, "score_max": 0.0567103771476224, "score_std": 0.004897745369679352, "area_km2": 5.154457452648129, "nearest_occurrence_km": 28.661189226184238, "nearest_mine_km": 28.661189226184238, "provenance": "DERIVED", "method": "Scores sorted descending with stable centroid tie-breaks; select ceil(10%) and ceil(25%). 8-neighbor connected components on regular centroid grid; discard components <2 cells; polygonize cell rectangles. Rank within threshold using 0.60 mean-score percentile, 0.15 log-area percentile, 0.10 mine-proximity score, 0.15 occurrence-proximity score.", "random_seed": 20260929, "source_ref": "grid_scores_v2.csv; known_occurrences.csv; moil_mines.geojson"}}, {"type": "Feature", "id": "top_quartile_065", "geometry": {"type": "Polygon", "coordinates": [[[80.2425, 21.4075], [80.22749999999999, 21.4075], [80.22749999999999, 21.4225], [80.22749999999999, 21.4375], [80.2425, 21.4375], [80.2575, 21.4375], [80.2575, 21.4225], [80.2425, 21.4225], [80.2425, 21.4075]]]}, "properties": {"zone_level": "top_quartile", "rank": 65, "rank_score": 0.30449862781322695, "cell_count": 3, "grid_ids": ["g_21.41500_80.23500", "g_21.43000_80.23500", "g_21.43000_80.25000"], "score_mean": 0.05011079948679123, "score_median": 0.0498495785253728, "score_min": 0.0463347993246555, "score_max": 0.0541480206103454, "score_std": 0.0031950778819722797, "area_km2": 7.743294975450077, "nearest_occurrence_km": 45.199864212694386, "nearest_mine_km": 45.199864212694386, "provenance": "DERIVED", "method": "Scores sorted descending with stable centroid tie-breaks; select ceil(10%) and ceil(25%). 8-neighbor connected components on regular centroid grid; discard components <2 cells; polygonize cell rectangles. Rank within threshold using 0.60 mean-score percentile, 0.15 log-area percentile, 0.10 mine-proximity score, 0.15 occurrence-proximity score.", "random_seed": 20260929, "source_ref": "grid_scores_v2.csv; known_occurrences.csv; moil_mines.geojson"}}, {"type": "Feature", "id": "top_quartile_066", "geometry": {"type": "Polygon", "coordinates": [[[79.79249999999999, 21.1975], [79.79249999999999, 21.1825], [79.7775, 21.1825], [79.7775, 21.197499999999998], [79.76249999999999, 21.197499999999998], [79.76249999999999, 21.2125], [79.7775, 21.2125], [79.7775, 21.1975], [79.79249999999999, 21.1975]]]}, "properties": {"zone_level": "top_quartile", "rank": 66, "rank_score": 0.3012749436433217, "cell_count": 2, "grid_ids": ["g_21.19000_79.78500", "g_21.20500_79.77000"], "score_mean": 0.05029425570847715, "score_median": 0.05029425570847715, "score_min": 0.0438076658325796, "score_max": 0.0567808455843747, "score_std": 0.00648658987589755, "area_km2": 5.171277995862659, "nearest_occurrence_km": 39.96888081434882, "nearest_mine_km": 39.96888081434882, "provenance": "DERIVED", "method": "Scores sorted descending with stable centroid tie-breaks; select ceil(10%) and ceil(25%). 8-neighbor connected components on regular centroid grid; discard components <2 cells; polygonize cell rectangles. Rank within threshold using 0.60 mean-score percentile, 0.15 log-area percentile, 0.10 mine-proximity score, 0.15 occurrence-proximity score.", "random_seed": 20260929, "source_ref": "grid_scores_v2.csv; known_occurrences.csv; moil_mines.geojson"}}, {"type": "Feature", "id": "top_quartile_067", "geometry": {"type": "MultiPolygon", "coordinates": [[[[80.0325, 21.9325], [80.0325, 21.9175], [80.01750000000001, 21.9175], [80.01750000000001, 21.9325], [80.0325, 21.9325]]], [[[79.98750000000001, 21.9475], [80.0025, 21.9475], [80.01750000000001, 21.9475], [80.01750000000001, 21.9325], [80.0025, 21.9325], [79.98750000000001, 21.9325], [79.98750000000001, 21.9475]]]]}, "properties": {"zone_level": "top_quartile", "rank": 67, "rank_score": 0.29800831778544046, "cell_count": 3, "grid_ids": ["g_21.92500_80.02500", "g_21.94000_79.99500", "g_21.94000_80.01000"], "score_mean": 0.04750890519374653, "score_median": 0.0478503192994501, "score_min": 0.045446630324444, "score_max": 0.0492297659573455, "score_std": 0.0015632128236236819, "area_km2": 7.717385318621263, "nearest_occurrence_km": 25.146861701849115, "nearest_mine_km": 25.146861701849115, "provenance": "DERIVED", "method": "Scores sorted descending with stable centroid tie-breaks; select ceil(10%) and ceil(25%). 8-neighbor connected components on regular centroid grid; discard components <2 cells; polygonize cell rectangles. Rank within threshold using 0.60 mean-score percentile, 0.15 log-area percentile, 0.10 mine-proximity score, 0.15 occurrence-proximity score.", "random_seed": 20260929, "source_ref": "grid_scores_v2.csv; known_occurrences.csv; moil_mines.geojson"}}, {"type": "Feature", "id": "top_quartile_068", "geometry": {"type": "MultiPolygon", "coordinates": [[[[79.5375, 21.9625], [79.52250000000001, 21.9625], [79.52250000000001, 21.9775], [79.52250000000001, 21.9925], [79.5375, 21.9925], [79.5375, 21.9775], [79.5375, 21.9625]]], [[[79.55250000000001, 22.0075], [79.55250000000001, 21.9925], [79.5375, 21.9925], [79.5375, 22.0075], [79.55250000000001, 22.0075]]]]}, "properties": {"zone_level": "top_quartile", "rank": 68, "rank_score": 0.2884851819839678, "cell_count": 3, "grid_ids": ["g_21.97000_79.53000", "g_21.98500_79.53000", "g_22.00000_79.54500"], "score_mean": 0.04922095519400807, "score_median": 0.0416485726420627, "score_min": 0.0409794998707845, "score_max": 0.065034793069177, "score_std": 0.011185407632265417, "area_km2": 7.71710175405376, "nearest_occurrence_km": 38.786143491631265, "nearest_mine_km": 38.786143491631265, "provenance": "DERIVED", "method": "Scores sorted descending with stable centroid tie-breaks; select ceil(10%) and ceil(25%). 8-neighbor connected components on regular centroid grid; discard components <2 cells; polygonize cell rectangles. Rank within threshold using 0.60 mean-score percentile, 0.15 log-area percentile, 0.10 mine-proximity score, 0.15 occurrence-proximity score.", "random_seed": 20260929, "source_ref": "grid_scores_v2.csv; known_occurrences.csv; moil_mines.geojson"}}, {"type": "Feature", "id": "top_quartile_069", "geometry": {"type": "MultiPolygon", "coordinates": [[[[79.23750000000001, 22.0225], [79.23750000000001, 22.0075], [79.2225, 22.0075], [79.2225, 22.0225], [79.23750000000001, 22.0225]]], [[[79.20750000000001, 22.0225], [79.20750000000001, 22.0375], [79.2225, 22.0375], [79.2225, 22.0225], [79.20750000000001, 22.0225]]]]}, "properties": {"zone_level": "top_quartile", "rank": 69, "rank_score": 0.28105568990812485, "cell_count": 2, "grid_ids": ["g_22.01500_79.23000", "g_22.03000_79.21500"], "score_mean": 0.0558097971102384, "score_median": 0.0558097971102384, "score_min": 0.0435499773185619, "score_max": 0.0680696169019149, "score_std": 0.0122598197916765, "area_km2": 5.1447765068618265, "nearest_occurrence_km": 64.21559397738065, "nearest_mine_km": 64.21559397738065, "provenance": "DERIVED", "method": "Scores sorted descending with stable centroid tie-breaks; select ceil(10%) and ceil(25%). 8-neighbor connected components on regular centroid grid; discard components <2 cells; polygonize cell rectangles. Rank within threshold using 0.60 mean-score percentile, 0.15 log-area percentile, 0.10 mine-proximity score, 0.15 occurrence-proximity score.", "random_seed": 20260929, "source_ref": "grid_scores_v2.csv; known_occurrences.csv; moil_mines.geojson"}}, {"type": "Feature", "id": "top_quartile_070", "geometry": {"type": "MultiPolygon", "coordinates": [[[[79.76249999999999, 21.9925], [79.7775, 21.9925], [79.7775, 21.9775], [79.76249999999999, 21.9775], [79.76249999999999, 21.9925]]], [[[79.79249999999999, 21.9925], [79.8075, 21.9925], [79.8075, 21.9775], [79.79249999999999, 21.9775], [79.79249999999999, 21.9925]]], [[[79.79249999999999, 21.9925], [79.7775, 21.9925], [79.7775, 22.0075], [79.79249999999999, 22.0075], [79.79249999999999, 21.9925]]], [[[79.76249999999999, 22.0225], [79.7775, 22.0225], [79.7775, 22.0075], [79.76249999999999, 22.0075], [79.76249999999999, 22.0225]]]]}, "properties": {"zone_level": "top_quartile", "rank": 70, "rank_score": 0.27675647815544, "cell_count": 4, "grid_ids": ["g_21.98500_79.77000", "g_21.98500_79.80000", "g_22.00000_79.78500", "g_22.01500_79.77000"], "score_mean": 0.0471553217685554, "score_median": 0.0428289269090973, "score_min": 0.0384110084108847, "score_max": 0.0645524248451423, "score_std": 0.010359320625971762, "area_km2": 10.286880242306262, "nearest_occurrence_km": 35.019909827243644, "nearest_mine_km": 35.019909827243644, "provenance": "DERIVED", "method": "Scores sorted descending with stable centroid tie-breaks; select ceil(10%) and ceil(25%). 8-neighbor connected components on regular centroid grid; discard components <2 cells; polygonize cell rectangles. Rank within threshold using 0.60 mean-score percentile, 0.15 log-area percentile, 0.10 mine-proximity score, 0.15 occurrence-proximity score.", "random_seed": 20260929, "source_ref": "grid_scores_v2.csv; known_occurrences.csv; moil_mines.geojson"}}, {"type": "Feature", "id": "top_quartile_071", "geometry": {"type": "Polygon", "coordinates": [[[80.22749999999999, 21.0925], [80.2125, 21.0925], [80.2125, 21.1075], [80.22749999999999, 21.1075], [80.22749999999999, 21.1225], [80.2425, 21.1225], [80.2425, 21.107499999999998], [80.22749999999999, 21.107499999999998], [80.22749999999999, 21.0925]]]}, "properties": {"zone_level": "top_quartile", "rank": 71, "rank_score": 0.26230863788066017, "cell_count": 2, "grid_ids": ["g_21.10000_80.22000", "g_21.11500_80.23500"], "score_mean": 0.05443088053406245, "score_median": 0.05443088053406245, "score_min": 0.0424834486473188, "score_max": 0.0663783124208061, "score_std": 0.011947431886743645, "area_km2": 5.173112459112063, "nearest_occurrence_km": 73.88944932394419, "nearest_mine_km": 73.88944932394419, "provenance": "DERIVED", "method": "Scores sorted descending with stable centroid tie-breaks; select ceil(10%) and ceil(25%). 8-neighbor connected components on regular centroid grid; discard components <2 cells; polygonize cell rectangles. Rank within threshold using 0.60 mean-score percentile, 0.15 log-area percentile, 0.10 mine-proximity score, 0.15 occurrence-proximity score.", "random_seed": 20260929, "source_ref": "grid_scores_v2.csv; known_occurrences.csv; moil_mines.geojson"}}, {"type": "Feature", "id": "top_quartile_072", "geometry": {"type": "Polygon", "coordinates": [[[79.92750000000001, 21.5125], [79.9125, 21.5125], [79.9125, 21.5275], [79.9125, 21.5425], [79.92750000000001, 21.5425], [79.92750000000001, 21.5275], [79.92750000000001, 21.5125]]]}, "properties": {"zone_level": "top_quartile", "rank": 72, "rank_score": 0.242200832320126, "cell_count": 2, "grid_ids": ["g_21.52000_79.92000", "g_21.53500_79.92000"], "score_mean": 0.0465929441141427, "score_median": 0.0465929441141427, "score_min": 0.045196179441887, "score_max": 0.0479897087863984, "score_std": 0.0013967646722556973, "area_km2": 5.15945310702438, "nearest_occurrence_km": 23.528871066232902, "nearest_mine_km": 23.528871066232902, "provenance": "DERIVED", "method": "Scores sorted descending with stable centroid tie-breaks; select ceil(10%) and ceil(25%). 8-neighbor connected components on regular centroid grid; discard components <2 cells; polygonize cell rectangles. Rank within threshold using 0.60 mean-score percentile, 0.15 log-area percentile, 0.10 mine-proximity score, 0.15 occurrence-proximity score.", "random_seed": 20260929, "source_ref": "grid_scores_v2.csv; known_occurrences.csv; moil_mines.geojson"}}, {"type": "Feature", "id": "top_quartile_073", "geometry": {"type": "MultiPolygon", "coordinates": [[[[80.42250000000001, 21.1375], [80.42250000000001, 21.1525], [80.42250000000001, 21.1675], [80.4375, 21.1675], [80.4375, 21.1525], [80.4375, 21.1375], [80.42250000000001, 21.1375]]], [[[80.4375, 21.1675], [80.4375, 21.1825], [80.45249999999999, 21.1825], [80.4675, 21.1825], [80.4675, 21.1675], [80.45249999999999, 21.1675], [80.4375, 21.1675]]], [[[80.48249999999999, 21.1675], [80.48249999999999, 21.1825], [80.4975, 21.1825], [80.4975, 21.1675], [80.48249999999999, 21.1675]]], [[[80.48249999999999, 21.1975], [80.48249999999999, 21.1825], [80.4675, 21.1825], [80.4675, 21.1975], [80.48249999999999, 21.1975]]]]}, "properties": {"zone_level": "top_quartile", "rank": 73, "rank_score": 0.23569002165051187, "cell_count": 6, "grid_ids": ["g_21.14500_80.43000", "g_21.16000_80.43000", "g_21.17500_80.44500", "g_21.17500_80.46000", "g_21.17500_80.49000", "g_21.19000_80.47500"], "score_mean": 0.049737549591160946, "score_median": 0.04603015256044445, "score_min": 0.0393976439124459, "score_max": 0.0674686379630267, "score_std": 0.009483397098935203, "area_km2": 15.511706356140193, "nearest_occurrence_km": 76.92551602156257, "nearest_mine_km": 76.92551602156257, "provenance": "DERIVED", "method": "Scores sorted descending with stable centroid tie-breaks; select ceil(10%) and ceil(25%). 8-neighbor connected components on regular centroid grid; discard components <2 cells; polygonize cell rectangles. Rank within threshold using 0.60 mean-score percentile, 0.15 log-area percentile, 0.10 mine-proximity score, 0.15 occurrence-proximity score.", "random_seed": 20260929, "source_ref": "grid_scores_v2.csv; known_occurrences.csv; moil_mines.geojson"}}, {"type": "Feature", "id": "top_quartile_074", "geometry": {"type": "Polygon", "coordinates": [[[79.61250000000001, 21.3325], [79.61250000000001, 21.3475], [79.6275, 21.3475], [79.64250000000001, 21.3475], [79.64250000000001, 21.3325], [79.6275, 21.3325], [79.61250000000001, 21.3325]]]}, "properties": {"zone_level": "top_quartile", "rank": 74, "rank_score": 0.2305741192230244, "cell_count": 2, "grid_ids": ["g_21.34000_79.62000", "g_21.34000_79.63500"], "score_mean": 0.04226787402662225, "score_median": 0.04226787402662225, "score_min": 0.0409878380744253, "score_max": 0.0435479099788192, "score_std": 0.001280035952196952, "area_km2": 5.166921137746315, "nearest_occurrence_km": 24.25111626144544, "nearest_mine_km": 24.25111626144544, "provenance": "DERIVED", "method": "Scores sorted descending with stable centroid tie-breaks; select ceil(10%) and ceil(25%). 8-neighbor connected components on regular centroid grid; discard components <2 cells; polygonize cell rectangles. Rank within threshold using 0.60 mean-score percentile, 0.15 log-area percentile, 0.10 mine-proximity score, 0.15 occurrence-proximity score.", "random_seed": 20260929, "source_ref": "grid_scores_v2.csv; known_occurrences.csv; moil_mines.geojson"}}, {"type": "Feature", "id": "top_quartile_075", "geometry": {"type": "Polygon", "coordinates": [[[79.4625, 22.0225], [79.44749999999999, 22.0225], [79.44749999999999, 22.0375], [79.4325, 22.0375], [79.4325, 22.052500000000002], [79.44749999999999, 22.052500000000002], [79.4625, 22.052500000000002], [79.4625, 22.0375], [79.4625, 22.0225]]]}, "properties": {"zone_level": "top_quartile", "rank": 75, "rank_score": 0.22075997579203616, "cell_count": 3, "grid_ids": ["g_22.03000_79.45500", "g_22.04500_79.44000", "g_22.04500_79.45500"], "score_mean": 0.047740424008664205, "score_median": 0.0486654277448687, "score_min": 0.0384188217914777, "score_max": 0.0561370224896462, "score_std": 0.007262937097765104, "area_km2": 7.714693636529867, "nearest_occurrence_km": 48.713210895681044, "nearest_mine_km": 48.713210895681044, "provenance": "DERIVED", "method": "Scores sorted descending with stable centroid tie-breaks; select ceil(10%) and ceil(25%). 8-neighbor connected components on regular centroid grid; discard components <2 cells; polygonize cell rectangles. Rank within threshold using 0.60 mean-score percentile, 0.15 log-area percentile, 0.10 mine-proximity score, 0.15 occurrence-proximity score.", "random_seed": 20260929, "source_ref": "grid_scores_v2.csv; known_occurrences.csv; moil_mines.geojson"}}, {"type": "Feature", "id": "top_quartile_076", "geometry": {"type": "Polygon", "coordinates": [[[79.1925, 21.9025], [79.1925, 21.9175], [79.20750000000001, 21.9175], [79.2225, 21.9175], [79.2225, 21.9025], [79.20750000000001, 21.9025], [79.1925, 21.9025]]]}, "properties": {"zone_level": "top_quartile", "rank": 76, "rank_score": 0.2132885397609605, "cell_count": 2, "grid_ids": ["g_21.91000_79.20000", "g_21.91000_79.21500"], "score_mean": 0.0511212234767906, "score_median": 0.0511212234767906, "score_min": 0.0474848559072036, "score_max": 0.0547575910463776, "score_std": 0.003636367569586997, "area_km2": 5.14883818210694, "nearest_occurrence_km": 56.6420327790019, "nearest_mine_km": 56.6420327790019, "provenance": "DERIVED", "method": "Scores sorted descending with stable centroid tie-breaks; select ceil(10%) and ceil(25%). 8-neighbor connected components on regular centroid grid; discard components <2 cells; polygonize cell rectangles. Rank within threshold using 0.60 mean-score percentile, 0.15 log-area percentile, 0.10 mine-proximity score, 0.15 occurrence-proximity score.", "random_seed": 20260929, "source_ref": "grid_scores_v2.csv; known_occurrences.csv; moil_mines.geojson"}}, {"type": "Feature", "id": "top_quartile_077", "geometry": {"type": "Polygon", "coordinates": [[[80.2875, 21.3325], [80.27250000000001, 21.3325], [80.27250000000001, 21.3475], [80.27250000000001, 21.3625], [80.2875, 21.3625], [80.2875, 21.3475], [80.2875, 21.3325]]]}, "properties": {"zone_level": "top_quartile", "rank": 77, "rank_score": 0.19235396448124398, "cell_count": 2, "grid_ids": ["g_21.34000_80.28000", "g_21.35500_80.28000"], "score_mean": 0.0487257035367205, "score_median": 0.0487257035367205, "score_min": 0.041572876799987, "score_max": 0.055878530273454, "score_std": 0.007152826736733498, "area_km2": 5.164787792762399, "nearest_occurrence_km": 53.98941031770823, "nearest_mine_km": 53.98941031770823, "provenance": "DERIVED", "method": "Scores sorted descending with stable centroid tie-breaks; select ceil(10%) and ceil(25%). 8-neighbor connected components on regular centroid grid; discard components <2 cells; polygonize cell rectangles. Rank within threshold using 0.60 mean-score percentile, 0.15 log-area percentile, 0.10 mine-proximity score, 0.15 occurrence-proximity score.", "random_seed": 20260929, "source_ref": "grid_scores_v2.csv; known_occurrences.csv; moil_mines.geojson"}}, {"type": "Feature", "id": "top_quartile_078", "geometry": {"type": "Polygon", "coordinates": [[[79.6575, 21.9775], [79.6575, 21.9925], [79.67250000000001, 21.9925], [79.6875, 21.9925], [79.6875, 21.9775], [79.67250000000001, 21.9775], [79.6575, 21.9775]]]}, "properties": {"zone_level": "top_quartile", "rank": 78, "rank_score": 0.17150893045566262, "cell_count": 2, "grid_ids": ["g_21.98500_79.66500", "g_21.98500_79.68000"], "score_mean": 0.04324250262004825, "score_median": 0.04324250262004825, "score_min": 0.0426246384148115, "score_max": 0.043860366825285, "score_std": 0.0006178642052367504, "area_km2": 5.144214175877083, "nearest_occurrence_km": 33.79604672499411, "nearest_mine_km": 33.79604672499411, "provenance": "DERIVED", "method": "Scores sorted descending with stable centroid tie-breaks; select ceil(10%) and ceil(25%). 8-neighbor connected components on regular centroid grid; discard components <2 cells; polygonize cell rectangles. Rank within threshold using 0.60 mean-score percentile, 0.15 log-area percentile, 0.10 mine-proximity score, 0.15 occurrence-proximity score.", "random_seed": 20260929, "source_ref": "grid_scores_v2.csv; known_occurrences.csv; moil_mines.geojson"}}, {"type": "Feature", "id": "top_quartile_079", "geometry": {"type": "Polygon", "coordinates": [[[79.6875, 21.107499999999998], [79.67250000000001, 21.107499999999998], [79.67250000000001, 21.1225], [79.67250000000001, 21.1375], [79.6875, 21.1375], [79.6875, 21.1225], [79.6875, 21.107499999999998]]]}, "properties": {"zone_level": "top_quartile", "rank": 79, "rank_score": 0.16597604516754885, "cell_count": 2, "grid_ids": ["g_21.11500_79.68000", "g_21.13000_79.68000"], "score_mean": 0.04119674431106225, "score_median": 0.04119674431106225, "score_min": 0.0385218606013449, "score_max": 0.0438716280207796, "score_std": 0.0026748837097173503, "area_km2": 5.174181738208076, "nearest_occurrence_km": 47.34791094693656, "nearest_mine_km": 47.34791094693656, "provenance": "DERIVED", "method": "Scores sorted descending with stable centroid tie-breaks; select ceil(10%) and ceil(25%). 8-neighbor connected components on regular centroid grid; discard components <2 cells; polygonize cell rectangles. Rank within threshold using 0.60 mean-score percentile, 0.15 log-area percentile, 0.10 mine-proximity score, 0.15 occurrence-proximity score.", "random_seed": 20260929, "source_ref": "grid_scores_v2.csv; known_occurrences.csv; moil_mines.geojson"}}, {"type": "Feature", "id": "top_quartile_080", "geometry": {"type": "MultiPolygon", "coordinates": [[[[80.3475, 21.2125], [80.3475, 21.197499999999998], [80.33250000000001, 21.197499999999998], [80.33250000000001, 21.2125], [80.3475, 21.2125]]], [[[80.3175, 21.2125], [80.3175, 21.2275], [80.33250000000001, 21.2275], [80.33250000000001, 21.2125], [80.3175, 21.2125]]]]}, "properties": {"zone_level": "top_quartile", "rank": 80, "rank_score": 0.14528610761558167, "cell_count": 2, "grid_ids": ["g_21.20500_80.34000", "g_21.22000_80.32500"], "score_mean": 0.04871555233805555, "score_median": 0.04871555233805555, "score_min": 0.0387340319101002, "score_max": 0.0586970727660109, "score_std": 0.009981520427955352, "area_km2": 5.169320386904091, "nearest_occurrence_km": 69.47842010895563, "nearest_mine_km": 69.47842010895563, "provenance": "DERIVED", "method": "Scores sorted descending with stable centroid tie-breaks; select ceil(10%) and ceil(25%). 8-neighbor connected components on regular centroid grid; discard components <2 cells; polygonize cell rectangles. Rank within threshold using 0.60 mean-score percentile, 0.15 log-area percentile, 0.10 mine-proximity score, 0.15 occurrence-proximity score.", "random_seed": 20260929, "source_ref": "grid_scores_v2.csv; known_occurrences.csv; moil_mines.geojson"}}, {"type": "Feature", "id": "top_quartile_081", "geometry": {"type": "MultiPolygon", "coordinates": [[[[80.2425, 21.197499999999998], [80.22749999999999, 21.197499999999998], [80.22749999999999, 21.2125], [80.2425, 21.2125], [80.2425, 21.197499999999998]]], [[[80.2425, 21.2275], [80.2575, 21.2275], [80.2575, 21.2125], [80.2425, 21.2125], [80.2425, 21.2275]]]]}, "properties": {"zone_level": "top_quartile", "rank": 81, "rank_score": 0.14447104854886095, "cell_count": 2, "grid_ids": ["g_21.20500_80.23500", "g_21.22000_80.25000"], "score_mean": 0.04853019044300155, "score_median": 0.04853019044300155, "score_min": 0.0448071026783735, "score_max": 0.0522532782076296, "score_std": 0.0037230877646280518, "area_km2": 5.169496939492181, "nearest_occurrence_km": 68.03222472501388, "nearest_mine_km": 68.03222472501388, "provenance": "DERIVED", "method": "Scores sorted descending with stable centroid tie-breaks; select ceil(10%) and ceil(25%). 8-neighbor connected components on regular centroid grid; discard components <2 cells; polygonize cell rectangles. Rank within threshold using 0.60 mean-score percentile, 0.15 log-area percentile, 0.10 mine-proximity score, 0.15 occurrence-proximity score.", "random_seed": 20260929, "source_ref": "grid_scores_v2.csv; known_occurrences.csv; moil_mines.geojson"}}, {"type": "Feature", "id": "top_quartile_082", "geometry": {"type": "Polygon", "coordinates": [[[79.3425, 21.9925], [79.3425, 22.0075], [79.35749999999999, 22.0075], [79.3725, 22.0075], [79.3725, 21.9925], [79.35749999999999, 21.9925], [79.3425, 21.9925]]]}, "properties": {"zone_level": "top_quartile", "rank": 82, "rank_score": 0.12362136006809457, "cell_count": 2, "grid_ids": ["g_22.00000_79.35000", "g_22.00000_79.36500"], "score_mean": 0.04340882838611565, "score_median": 0.04340882838611565, "score_min": 0.0405523414074897, "score_max": 0.0462653153647416, "score_std": 0.0028564869786259495, "area_km2": 5.144950101703361, "nearest_occurrence_km": 51.79492533254092, "nearest_mine_km": 51.79492533254092, "provenance": "DERIVED", "method": "Scores sorted descending with stable centroid tie-breaks; select ceil(10%) and ceil(25%). 8-neighbor connected components on regular centroid grid; discard components <2 cells; polygonize cell rectangles. Rank within threshold using 0.60 mean-score percentile, 0.15 log-area percentile, 0.10 mine-proximity score, 0.15 occurrence-proximity score.", "random_seed": 20260929, "source_ref": "grid_scores_v2.csv; known_occurrences.csv; moil_mines.geojson"}}]}