latitude,longitude,elevation,utc_offset_seconds,timezone,timezone_abbreviation
21.827766,80.20534,312.0,19800,Asia/Kolkata,GMT+5:30

time,precipitation_sum (mm),temperature_2m_mean (°C),temperature_2m_max (°C),temperature_2m_min (°C),et0_fao_evapotranspiration (mm),wind_speed_10m_max (km/h),flag_precipitation_sum (mm)_outlier,flag_temperature_2m_mean (°C)_outlier,flag_temperature_2m_max (°C)_outlier,flag_temperature_2m_min (°C)_outlier,flag_et0_fao_evapotranspiration (mm)_outlier,flag_wind_speed_10m_max (km/h)_outlier,outlier_feature_count,is_any_outlier,flag_extreme_rain_review
2015-01-01,0.0,21.1,24.4,18.2,2.52,13.1,0,0,0,0,0,0,0,0,0
2015-01-02,0.1,21.8,25.8,17.5,2.16,14.3,0,0,0,0,0,0,0,0,0
2015-01-03,4.9,20.3,24.3,17.5,1.74,7.6,0,0,0,0,0,0,0,0,0
2015-01-04,0.0,20.3,24.4,16.8,2.46,13.1,0,0,0,0,0,0,0,0,0
2015-01-05,0.0,17.6,23.7,13.1,3.47,12.0,0,0,0,0,0,0,0,0,0
2015-01-06,0.0,17.1,26.0,9.1,3.54,9.2,0,0,0,0,0,0,0,0,0
2015-01-07,0.0,17.5,25.9,9.3,3.45,7.2,0,0,0,0,0,0,0,0,0
2015-01-08,0.0,17.7,25.2,10.6,3.81,11.3,0,0,0,0,0,0,0,0,0
2015-01-09,0.0,17.1,24.6,9.8,3.61,9.4,0,0,0,0,0,0,0,0,0
2015-01-10,0.0,16.8,25.0,8.6,3.7,10.1,0,0,0,0,0,0,0,0,0
2015-01-11,0.0,17.4,26.2,8.8,3.8,9.0,0,0,0,0,0,0,0,0,0
2015-01-12,0.0,17.5,26.2,8.9,3.98,12.6,0,0,0,0,0,0,0,0,0
2015-01-13,0.0,17.1,25.4,8.9,3.68,8.7,0,0,0,0,0,0,0,0,0
2015-01-14,0.0,18.0,26.3,8.9,3.66,7.9,0,0,0,0,0,0,0,0,0
2015-01-15,0.0,18.2,27.0,9.4,3.56,6.9,0,0,0,0,0,0,0,0,0
2015-01-16,0.0,18.5,26.4,10.3,3.8,11.0,0,0,0,0,0,0,0,0,0
2015-01-17,0.0,18.5,25.3,12.0,4.0,11.8,0,0,0,0,0,0,0,0,0
2015-01-18,0.0,17.1,24.5,9.9,3.81,8.3,0,0,0,0,0,0,0,0,0
2015-01-19,0.0,16.8,25.5,8.5,3.69,7.7,0,0,0,0,0,0,0,0,0
2015-01-20,0.0,18.3,27.2,8.7,3.91,9.5,0,0,0,0,0,0,0,0,0
2015-01-21,0.0,20.3,27.9,13.1,4.15,9.0,0,0,0,0,0,0,0,0,0
2015-01-22,0.0,21.2,27.8,13.3,4.04,11.9,0,0,0,0,0,0,0,0,0
2015-01-23,0.0,21.2,27.2,15.2,3.09,8.2,0,0,0,0,0,0,0,0,0
2015-01-24,0.0,22.0,28.0,16.1,3.4,10.6,0,0,0,0,0,0,0,0,0
2015-01-25,0.0,22.3,28.4,15.3,3.78,14.1,0,0,0,0,0,0,0,0,0
2015-01-26,0.0,22.5,28.3,16.7,3.8,12.8,0,0,0,0,0,0,0,0,0
2015-01-27,0.0,22.0,28.4,15.1,3.89,11.2,0,0,0,0,0,0,0,0,0
2015-01-28,0.0,21.9,27.5,16.7,3.83,11.9,0,0,0,0,0,0,0,0,0
2015-01-29,0.0,20.8,26.3,15.8,3.56,12.6,0,0,0,0,0,0,0,0,0
2015-01-30,0.0,19.3,26.2,14.1,4.53,13.1,0,0,0,0,0,0,0,0,0
2015-01-31,0.0,18.4,26.4,10.6,4.27,8.7,0,0,0,0,0,0,0,0,0
2015-02-01,0.0,19.4,28.4,9.9,4.34,9.8,0,0,0,0,0,0,0,0,0
2015-02-02,0.0,21.1,30.0,11.7,4.84,11.2,0,0,0,0,0,0,0,0,0
2015-02-03,0.0,22.8,30.6,13.7,4.6,8.3,0,0,0,0,0,0,0,0,0
2015-02-04,0.0,22.8,30.2,14.9,4.21,10.5,0,0,0,0,0,0,0,0,0
2015-02-05,0.0,23.4,29.7,17.3,3.95,9.0,0,0,0,0,0,0,0,0,0
2015-02-06,0.0,23.2,30.2,15.3,4.24,8.2,0,0,0,0,0,0,0,0,0
2015-02-07,0.0,23.1,30.4,15.3,4.57,11.5,0,0,0,0,0,0,0,0,0
2015-02-08,0.0,22.9,29.1,16.3,4.29,13.7,0,0,0,0,0,0,0,0,0
2015-02-09,0.0,22.3,27.9,16.9,3.48,8.1,0,0,0,0,0,0,0,0,0
2015-02-10,0.0,22.9,29.4,16.5,4.08,11.9,0,0,0,0,0,0,0,0,0
2015-02-11,0.1,22.5,30.0,15.8,4.17,7.2,0,0,0,0,0,0,0,0,0
2015-02-12,3.1,21.3,27.5,16.4,3.65,12.8,0,0,0,0,0,0,0,0,0
2015-02-13,0.0,21.9,28.9,15.5,4.49,9.4,0,0,0,0,0,0,0,0,0
2015-02-14,0.0,22.0,30.2,13.0,4.65,10.2,0,0,0,0,0,0,0,0,0
2015-02-15,0.0,24.4,32.5,18.0,5.08,11.2,0,0,0,0,0,0,0,0,0
2015-02-16,0.0,23.8,32.6,15.0,4.98,8.2,0,0,0,0,0,0,0,0,0
2015-02-17,0.0,24.6,33.5,15.1,5.31,12.2,0,0,0,0,0,0,0,0,0
2015-02-18,0.0,24.8,33.1,16.4,4.99,9.7,0,0,0,0,0,0,0,0,0
2015-02-19,0.0,25.2,32.4,16.4,5.17,7.7,0,0,0,0,0,0,0,0,0
2015-02-20,0.0,24.9,32.3,16.4,4.59,7.8,0,0,0,0,0,0,0,0,0
2015-02-21,0.0,25.1,33.0,16.5,5.14,8.4,0,0,0,0,0,0,0,0,0
2015-02-22,0.0,25.4,33.9,16.2,5.72,12.1,0,0,0,0,0,0,0,0,0
2015-02-23,0.0,25.6,34.3,16.1,5.32,7.6,0,0,0,0,0,0,0,0,0
2015-02-24,0.0,26.3,34.8,16.7,5.26,10.5,0,0,0,0,0,0,0,0,0
2015-02-25,0.0,26.8,34.5,18.9,5.89,11.2,0,0,0,0,0,0,0,0,0
2015-02-26,0.0,27.2,34.0,20.4,6.1,15.9,0,0,0,0,0,0,0,0,0
2015-02-27,0.0,26.9,33.0,19.9,5.17,10.9,0,0,0,0,0,0,0,0,0
2015-02-28,0.0,26.5,33.1,19.0,5.3,15.4,0,0,0,0,0,0,0,0,0
2015-03-01,11.5,22.2,26.5,19.8,2.7,14.3,1,0,0,0,0,0,1,1,0
2015-03-02,25.7,21.4,25.2,19.4,2.36,10.0,1,0,0,0,0,0,1,1,0
2015-03-03,1.1,21.2,25.4,17.4,2.93,8.6,0,0,0,0,0,0,0,0,0
2015-03-04,0.0,20.6,26.2,15.6,4.81,10.4,0,0,0,0,0,0,0,0,0
2015-03-05,0.0,20.7,28.4,12.9,4.81,8.3,0,0,0,0,0,0,0,0,0
2015-03-06,0.0,21.6,29.2,13.9,4.75,7.6,0,0,0,0,0,0,0,0,0
2015-03-07,0.0,23.6,30.0,15.2,5.02,7.9,0,0,0,0,0,0,0,0,0
2015-03-08,0.0,24.5,32.0,17.0,5.19,7.4,0,0,0,0,0,0,0,0,0
2015-03-09,0.4,24.9,32.0,19.5,4.93,13.3,0,0,0,0,0,0,0,0,0
2015-03-10,0.0,25.1,32.3,19.1,5.01,9.4,0,0,0,0,0,0,0,0,0
2015-03-11,0.3,25.8,33.0,18.6,4.89,6.6,0,0,0,0,0,0,0,0,0
2015-03-12,0.0,25.4,32.6,19.2,4.95,14.7,0,0,0,0,0,0,0,0,0
2015-03-13,0.2,25.0,32.7,17.8,5.36,19.1,0,0,0,0,0,0,0,0,0
2015-03-14,0.3,24.7,30.9,18.4,4.96,15.5,0,0,0,0,0,0,0,0,0
2015-03-15,0.0,26.4,33.2,20.4,5.47,13.2,0,0,0,0,0,0,0,0,0
2015-03-16,0.4,25.3,31.8,19.6,4.77,15.2,0,0,0,0,0,0,0,0,0
2015-03-17,0.0,25.9,31.7,20.3,4.89,11.4,0,0,0,0,0,0,0,0,0
2015-03-18,0.0,25.6,31.9,20.4,5.96,13.8,0,0,0,0,0,0,0,0,0
2015-03-19,0.0,25.3,32.1,17.7,6.13,11.6,0,0,0,0,0,0,0,0,0
2015-03-20,0.0,26.3,33.8,17.9,5.99,9.3,0,0,0,0,0,0,0,0,0
2015-03-21,0.0,27.8,35.5,19.9,6.72,10.9,0,0,0,0,0,0,0,0,0
2015-03-22,0.0,28.2,36.7,18.2,6.21,8.9,0,0,0,0,0,0,0,0,0
2015-03-23,0.0,29.0,37.0,19.6,6.44,12.0,0,0,0,0,0,0,0,0,0
2015-03-24,0.0,29.7,37.5,20.5,6.88,12.5,0,0,0,0,0,0,0,0,0
2015-03-25,0.0,29.8,37.8,20.3,6.8,10.1,0,0,0,0,0,0,0,0,0
2015-03-26,0.0,30.3,37.9,20.9,6.95,10.9,0,0,0,0,0,0,0,0,0
2015-03-27,0.0,30.0,37.9,22.0,6.48,9.4,0,0,0,0,0,0,0,0,0
2015-03-28,0.0,30.7,36.9,23.2,6.12,9.6,0,0,0,0,0,0,0,0,0
2015-03-29,0.0,30.1,36.7,24.2,5.64,11.3,0,0,0,0,0,0,0,0,0
2015-03-30,1.0,26.6,30.4,22.8,3.85,7.0,0,0,0,0,0,0,0,0,0
2015-03-31,0.0,27.9,34.8,20.8,5.87,11.3,0,0,0,0,0,0,0,0,0
2015-04-01,0.0,30.5,36.8,24.1,6.76,12.1,0,0,0,0,0,0,0,0,0
2015-04-02,0.0,30.8,37.8,25.3,7.22,13.9,0,0,0,0,0,0,0,0,0
2015-04-03,0.0,31.1,38.4,24.1,7.01,10.2,0,0,0,0,0,0,0,0,0
2015-04-04,0.0,30.1,37.8,22.6,7.67,17.1,0,0,0,0,0,0,0,0,0
2015-04-05,0.0,29.9,37.1,21.8,7.19,15.6,0,0,0,0,0,0,0,0,0
2015-04-06,0.0,30.6,37.1,22.4,6.65,12.0,0,0,0,0,0,0,0,0,0
2015-04-07,0.0,30.5,38.0,22.4,6.65,13.4,0,0,0,0,0,0,0,0,0
2015-04-08,2.1,29.6,37.1,23.9,6.1,16.0,0,0,0,0,0,0,0,0,0
2015-04-09,0.0,29.2,36.0,23.5,5.6,9.3,0,0,0,0,0,0,0,0,0
2015-04-10,0.0,30.5,36.9,22.8,5.88,9.7,0,0,0,0,0,0,0,0,0
2015-04-11,0.0,27.8,31.9,24.3,3.96,17.7,0,0,0,0,0,0,0,0,0
2015-04-12,5.0,24.7,31.3,20.3,4.24,13.0,0,0,0,0,0,0,0,0,0
2015-04-13,7.2,23.3,29.4,19.0,4.11,12.2,0,0,0,0,0,0,0,0,0
2015-04-14,7.3,22.9,28.6,19.0,3.75,12.6,0,0,0,0,0,0,0,0,0
2015-04-15,2.2,24.5,30.1,18.9,4.73,8.8,0,0,0,0,0,0,0,0,0
2015-04-16,0.0,26.1,31.6,20.6,4.96,6.9,0,0,0,0,0,0,0,0,0
2015-04-17,0.0,28.2,34.5,22.1,5.79,8.6,0,0,0,0,0,0,0,0,0
2015-04-18,0.0,29.9,37.3,21.3,6.38,11.5,0,0,0,0,0,0,0,0,0
2015-04-19,0.0,31.9,39.8,23.4,7.32,11.2,0,0,0,0,0,0,0,0,0
2015-04-20,0.0,32.6,40.3,25.0,7.14,14.3,0,0,0,0,0,0,0,0,0
2015-04-21,0.0,33.2,40.7,24.2,7.4,14.6,0,0,0,0,0,0,0,0,0
2015-04-22,0.0,33.0,39.7,25.5,7.23,13.0,0,0,0,0,0,0,0,0,0
2015-04-23,0.0,33.1,39.3,25.4,7.01,14.0,0,0,0,0,0,0,0,0,0
2015-04-24,0.0,32.1,38.9,23.9,7.8,14.5,0,0,0,0,0,0,0,0,0
2015-04-25,1.6,30.3,37.2,24.0,6.96,17.4,0,0,0,0,0,0,0,0,0
2015-04-26,0.3,29.0,37.4,23.2,6.82,17.9,0,0,0,0,0,0,0,0,0
2015-04-27,1.2,30.3,37.8,22.6,6.8,18.0,0,0,0,0,0,0,0,0,0
2015-04-28,0.0,32.8,41.0,24.7,7.81,16.7,0,0,0,0,0,0,0,0,0
2015-04-29,0.0,32.9,40.6,22.8,7.61,11.1,0,0,0,0,0,0,0,0,0
2015-04-30,0.0,32.3,39.9,23.4,6.96,11.1,0,0,0,0,0,0,0,0,0
2015-05-01,0.0,33.5,41.2,26.0,7.47,11.3,0,0,0,0,0,0,0,0,0
2015-05-02,0.0,33.3,40.9,25.1,7.13,12.7,0,0,0,0,0,0,0,0,0
2015-05-03,0.0,33.0,39.9,24.9,7.11,12.1,0,0,0,0,0,0,0,0,0
2015-05-04,0.2,32.3,38.5,25.7,6.38,10.0,0,0,0,0,0,0,0,0,0
2015-05-05,0.0,32.6,38.5,27.4,6.84,12.4,0,0,0,0,0,0,0,0,0
2015-05-06,0.1,32.8,40.3,25.3,7.17,12.7,0,0,0,0,0,0,0,0,0
2015-05-07,0.0,33.3,41.2,26.0,7.96,13.7,0,0,0,0,0,0,0,0,0
2015-05-08,0.0,34.6,42.1,25.7,7.24,9.7,0,0,0,0,0,0,0,0,0
2015-05-09,0.0,34.6,42.3,25.7,6.62,8.6,0,0,0,0,0,0,0,0,0
2015-05-10,1.4,33.2,39.3,27.5,6.21,15.5,0,0,0,0,0,0,0,0,0
2015-05-11,1.1,32.2,38.7,26.8,6.23,9.7,0,0,0,0,0,0,0,0,0
2015-05-12,0.0,33.0,39.7,26.6,6.96,13.3,0,0,0,0,0,0,0,0,0
2015-05-13,0.0,34.0,40.1,27.6,6.95,10.3,0,0,0,0,0,0,0,0,0
2015-05-14,4.7,30.2,37.5,24.8,5.32,9.8,0,0,0,0,0,0,0,0,0
2015-05-15,5.6,29.9,36.1,25.4,4.71,12.6,0,0,0,0,0,0,0,0,0
2015-05-16,0.0,30.7,36.8,25.3,5.84,11.4,0,0,0,0,0,0,0,0,0
2015-05-17,0.0,32.1,37.7,26.2,6.59,13.5,0,0,0,0,0,0,0,0,0
2015-05-18,0.0,33.9,40.8,26.8,6.9,14.6,0,0,0,0,0,0,0,0,0
2015-05-19,0.0,36.5,44.4,27.9,7.27,11.5,0,1,1,0,0,0,2,1,0
2015-05-20,0.0,36.4,43.2,30.0,9.21,18.8,0,1,0,0,1,0,2,1,0
2015-05-21,0.0,36.5,44.4,27.0,8.0,14.1,0,1,1,0,0,0,2,1,0
2015-05-22,0.0,36.2,44.1,26.9,8.36,12.2,0,0,1,0,0,0,1,1,0
2015-05-23,0.0,36.9,43.9,29.8,8.64,15.9,0,1,1,0,0,0,2,1,0
2015-05-24,0.0,36.4,43.9,29.2,7.99,13.9,0,1,1,0,0,0,2,1,0
2015-05-25,0.0,36.6,44.1,29.5,8.88,15.7,0,1,1,0,0,0,2,1,0
2015-05-26,0.0,37.1,44.3,29.8,8.67,14.8,0,1,1,0,0,0,2,1,0
2015-05-27,0.0,37.0,43.8,29.7,8.76,18.2,0,1,1,0,0,0,2,1,0
2015-05-28,0.0,36.4,44.1,27.8,8.29,12.4,0,1,1,0,0,0,2,1,0
2015-05-29,0.0,36.5,44.2,27.3,7.46,9.9,0,1,1,0,0,0,2,1,0
2015-05-30,0.0,37.9,44.9,31.2,8.05,10.6,0,1,1,0,0,0,2,1,0
2015-05-31,0.0,37.1,43.6,29.8,6.59,17.6,0,1,1,0,0,0,2,1,0
2015-06-01,0.0,34.8,40.2,31.9,7.86,20.2,0,0,0,0,0,0,0,0,0
2015-06-02,0.4,33.6,39.1,28.8,6.48,20.3,0,0,0,0,0,0,0,0,0
2015-06-03,0.0,32.6,37.8,28.2,6.13,11.4,0,0,0,0,0,0,0,0,0
2015-06-04,0.2,32.6,37.3,28.1,5.15,6.9,0,0,0,0,0,0,0,0,0
2015-06-05,0.3,33.2,38.6,28.7,6.72,14.0,0,0,0,0,0,0,0,0,0
2015-06-06,0.9,32.8,38.6,28.1,5.69,12.9,0,0,0,0,0,0,0,0,0
2015-06-07,1.2,32.1,37.8,27.7,5.69,11.0,0,0,0,0,0,0,0,0,0
2015-06-08,0.3,33.6,39.1,28.8,6.06,13.2,0,0,0,0,0,0,0,0,0
2015-06-09,0.7,32.8,40.1,28.8,6.7,14.1,0,0,0,0,0,0,0,0,0
2015-06-10,0.4,33.7,40.7,28.7,6.4,14.3,0,0,0,0,0,0,0,0,0
2015-06-11,0.3,33.8,38.9,29.4,6.7,13.7,0,0,0,0,0,0,0,0,0
2015-06-12,16.2,28.8,33.2,25.7,3.74,10.7,1,0,0,0,0,0,1,1,0
2015-06-13,6.4,27.4,31.0,25.3,3.28,10.2,0,0,0,0,0,0,0,0,0
2015-06-14,47.0,26.0,29.1,24.3,1.81,8.4,1,0,0,0,0,0,1,1,0
2015-06-15,9.5,28.1,33.6,24.4,4.31,10.4,1,0,0,0,0,0,1,1,0
2015-06-16,41.3,27.0,33.0,24.3,3.26,11.3,1,0,0,0,0,0,1,1,0
2015-06-17,19.2,27.6,32.4,25.0,3.14,9.4,1,0,0,0,0,0,1,1,0
2015-06-18,9.0,28.3,33.2,24.9,4.04,9.5,1,0,0,0,0,0,1,1,0
2015-06-19,25.9,27.2,31.7,24.7,3.58,10.3,1,0,0,0,0,0,1,1,0
2015-06-20,36.7,27.6,33.1,24.8,4.05,9.0,1,0,0,0,0,0,1,1,0
2015-06-21,50.8,27.3,30.7,24.9,2.99,10.8,1,0,0,0,0,0,1,1,0
2015-06-22,30.8,25.4,27.4,24.4,1.31,14.5,1,0,0,0,0,0,1,1,0
2015-06-23,7.5,25.7,27.9,24.2,1.61,14.3,0,0,0,0,0,0,0,0,0
2015-06-24,7.1,26.1,29.2,24.6,2.07,15.0,0,0,0,0,0,0,0,0,0
2015-06-25,2.0,26.2,28.3,24.6,2.71,26.4,0,0,0,0,0,1,1,1,0
2015-06-26,0.1,27.6,31.4,24.8,4.44,17.3,0,0,0,0,0,0,0,0,0
2015-06-27,0.2,28.2,32.2,24.9,4.97,14.3,0,0,0,0,0,0,0,0,0
2015-06-28,6.4,27.2,31.9,24.3,3.53,9.7,0,0,0,0,0,0,0,0,0
2015-06-29,0.0,27.6,30.5,24.5,3.59,8.4,0,0,0,0,0,0,0,0,0
2015-06-30,3.7,27.7,31.6,25.1,3.78,10.1,0,0,0,0,0,0,0,0,0
2015-07-01,17.4,26.2,30.0,24.4,2.84,10.1,1,0,0,0,0,0,1,1,0
2015-07-02,11.3,25.7,27.9,23.9,1.84,8.2,1,0,0,0,0,0,1,1,0
2015-07-03,0.0,28.0,32.3,24.2,4.78,13.1,0,0,0,0,0,0,0,0,0
2015-07-04,0.0,28.0,31.9,24.2,4.64,13.2,0,0,0,0,0,0,0,0,0
2015-07-05,0.1,28.0,31.9,23.4,4.44,15.9,0,0,0,0,0,0,0,0,0
2015-07-06,0.0,27.5,30.4,24.5,3.65,17.8,0,0,0,0,0,0,0,0,0
2015-07-07,0.6,27.5,30.5,24.6,4.21,15.5,0,0,0,0,0,0,0,0,0
2015-07-08,2.6,27.2,30.3,25.6,2.47,15.6,0,0,0,0,0,0,0,0,0
2015-07-09,102.6,25.1,25.9,24.2,1.12,18.7,1,0,0,0,0,0,1,1,1
2015-07-10,72.5,24.3,24.9,23.9,0.8,14.5,1,0,0,0,0,0,1,1,0
2015-07-11,42.3,23.8,24.5,23.0,0.7,15.4,1,0,0,0,0,0,1,1,0
2015-07-12,0.0,27.2,31.4,23.5,4.39,11.6,0,0,0,0,0,0,0,0,0
2015-07-13,11.8,27.1,30.9,25.0,3.34,10.5,1,0,0,0,0,0,1,1,0
2015-07-14,3.7,28.5,33.1,25.5,4.4,12.1,0,0,0,0,0,0,0,0,0
2015-07-15,3.9,28.3,32.5,26.0,3.59,10.5,0,0,0,0,0,0,0,0,0
2015-07-16,0.0,28.7,31.6,25.3,4.54,10.7,0,0,0,0,0,0,0,0,0
2015-07-17,2.6,27.4,30.1,25.4,2.92,12.1,0,0,0,0,0,0,0,0,0
2015-07-18,4.3,26.0,29.0,24.5,2.44,9.4,0,0,0,0,0,0,0,0,0
2015-07-19,3.6,25.3,26.8,23.9,1.95,14.8,0,0,0,0,0,0,0,0,0
2015-07-20,3.8,25.7,27.8,24.6,2.17,18.6,0,0,0,0,0,0,0,0,0
2015-07-21,5.1,24.9,27.1,23.7,1.47,15.3,0,0,0,0,0,0,0,0,0
2015-07-22,12.3,25.6,29.9,24.1,2.42,9.8,1,0,0,0,0,0,1,1,0
2015-07-23,15.8,25.6,27.3,24.1,2.02,13.8,1,0,0,0,0,0,1,1,0
2015-07-24,9.0,25.1,27.0,23.9,1.96,19.3,1,0,0,0,0,0,1,1,0
2015-07-25,18.8,25.4,28.5,23.7,2.52,17.3,1,0,0,0,0,0,1,1,0
2015-07-26,3.3,25.4,28.6,22.8,2.98,16.0,0,0,0,0,0,0,0,0,0
2015-07-27,0.1,26.4,30.4,23.2,4.01,16.4,0,0,0,0,0,0,0,0,0
2015-07-28,0.3,26.7,29.9,23.1,3.91,14.8,0,0,0,0,0,0,0,0,0
2015-07-29,0.4,26.3,29.8,22.8,4.08,17.3,0,0,0,0,0,0,0,0,0
2015-07-30,8.4,26.4,30.0,23.8,3.17,16.6,1,0,0,0,0,0,1,1,0
2015-07-31,0.5,26.8,30.6,23.4,4.29,14.9,0,0,0,0,0,0,0,0,0
2015-08-01,0.0,26.9,30.3,23.5,3.69,11.7,0,0,0,0,0,0,0,0,0
2015-08-02,0.7,26.7,30.4,23.3,4.2,13.4,0,0,0,0,0,0,0,0,0
2015-08-03,33.7,24.1,25.5,23.6,0.79,13.0,1,0,0,0,0,0,1,1,0
2015-08-04,107.7,22.9,23.8,21.8,0.65,25.5,1,0,0,0,0,1,2,1,1
2015-08-05,13.2,22.8,24.4,21.8,1.43,23.6,1,0,0,0,0,1,2,1,0
2015-08-06,5.3,24.4,27.9,22.2,2.25,11.7,0,0,0,0,0,0,0,0,0
2015-08-07,2.1,26.2,30.3,23.1,3.34,5.2,0,0,0,0,0,0,0,0,0
2015-08-08,10.2,26.8,31.6,23.4,3.65,8.0,1,0,0,0,0,0,1,1,0
2015-08-09,5.1,27.2,32.0,23.9,3.65,10.4,0,0,0,0,0,0,0,0,0
2015-08-10,19.1,27.0,31.7,24.0,3.31,7.6,1,0,0,0,0,0,1,1,0
2015-08-11,20.8,26.5,30.6,24.1,2.74,8.3,1,0,0,0,0,0,1,1,0
2015-08-12,21.4,26.6,30.7,24.3,3.29,6.4,1,0,0,0,0,0,1,1,0
2015-08-13,28.8,25.2,29.3,23.8,1.76,6.4,1,0,0,0,0,0,1,1,0
2015-08-14,14.1,25.6,29.2,23.9,2.39,9.4,1,0,0,0,0,0,1,1,0
2015-08-15,6.1,25.9,28.9,24.3,2.26,10.3,0,0,0,0,0,0,0,0,0
2015-08-16,11.3,26.3,29.5,24.7,2.6,11.3,1,0,0,0,0,0,1,1,0
2015-08-17,7.1,25.9,28.4,24.4,2.1,9.4,0,0,0,0,0,0,0,0,0
2015-08-18,8.7,26.4,30.1,24.1,2.76,15.0,1,0,0,0,0,0,1,1,0
2015-08-19,0.1,27.3,30.5,24.5,3.45,13.8,0,0,0,0,0,0,0,0,0
2015-08-20,1.3,27.0,31.5,23.8,3.92,12.9,0,0,0,0,0,0,0,0,0
2015-08-21,0.1,27.0,30.8,23.3,4.31,13.8,0,0,0,0,0,0,0,0,0
2015-08-22,0.5,26.6,29.8,23.7,3.81,12.4,0,0,0,0,0,0,0,0,0
2015-08-23,0.0,26.9,30.7,23.0,4.47,11.4,0,0,0,0,0,0,0,0,0
2015-08-24,0.1,27.0,31.2,23.2,4.47,13.7,0,0,0,0,0,0,0,0,0
2015-08-25,0.0,27.4,31.5,23.5,4.47,15.3,0,0,0,0,0,0,0,0,0
2015-08-26,2.8,27.6,32.0,24.1,3.89,12.6,0,0,0,0,0,0,0,0,0
2015-08-27,12.5,26.7,29.7,24.4,2.94,13.3,1,0,0,0,0,0,1,1,0
2015-08-28,12.3,26.2,30.5,24.3,2.65,12.3,1,0,0,0,0,0,1,1,0
2015-08-29,33.0,25.3,27.7,23.8,1.68,14.4,1,0,0,0,0,0,1,1,0
2015-08-30,23.4,25.1,27.5,23.9,1.16,10.8,1,0,0,0,0,0,1,1,0
2015-08-31,14.5,26.2,30.4,23.6,3.19,9.6,1,0,0,0,0,0,1,1,0
2015-09-01,8.1,25.8,29.2,24.0,2.18,9.1,0,0,0,0,0,0,0,0,0
2015-09-02,0.6,26.3,30.3,24.0,3.53,12.8,0,0,0,0,0,0,0,0,0
2015-09-03,0.0,26.8,31.1,22.4,4.45,6.8,0,0,0,0,0,0,0,0,0
2015-09-04,0.7,26.9,31.4,23.1,4.36,9.5,0,0,0,0,0,0,0,0,0
2015-09-05,0.2,28.1,32.3,25.0,4.23,6.9,0,0,0,0,0,0,0,0,0
2015-09-06,0.0,28.5,32.3,25.5,4.46,7.4,0,0,0,0,0,0,0,0,0
2015-09-07,0.1,27.7,31.8,24.4,4.21,7.0,0,0,0,0,0,0,0,0,0
2015-09-08,0.8,27.1,31.5,23.5,4.1,7.2,0,0,0,0,0,0,0,0,0
2015-09-09,0.7,27.7,32.4,23.9,4.6,6.8,0,0,0,0,0,0,0,0,0
2015-09-10,0.0,28.0,32.6,23.1,4.6,8.2,0,0,0,0,0,0,0,0,0
2015-09-11,0.0,28.1,32.9,23.1,4.54,8.6,0,0,0,0,0,0,0,0,0
2015-09-12,0.0,28.5,33.0,24.3,4.28,7.6,0,0,0,0,0,0,0,0,0
2015-09-13,25.7,27.1,31.4,24.0,3.7,6.1,1,0,0,0,0,0,1,1,0
2015-09-14,8.9,26.7,31.2,23.8,3.68,5.4,1,0,0,0,0,0,1,1,0
2015-09-15,19.0,26.8,31.0,24.5,3.07,5.4,1,0,0,0,0,0,1,1,0
2015-09-16,18.9,26.2,30.1,24.5,2.59,17.7,1,0,0,0,0,0,1,1,0
2015-09-17,38.8,25.5,27.2,24.5,1.93,23.9,1,0,0,0,0,1,2,1,0
2015-09-18,0.9,27.1,30.8,24.9,3.57,21.4,0,0,0,0,0,0,0,0,0
2015-09-19,0.3,27.2,30.8,23.8,3.61,9.1,0,0,0,0,0,0,0,0,0
2015-09-20,14.7,25.9,29.2,24.5,1.67,8.4,1,0,0,0,0,0,1,1,0
2015-09-21,20.9,25.8,28.5,23.8,1.88,6.0,1,0,0,0,0,0,1,1,0
2015-09-22,0.3,26.8,30.5,23.4,3.88,11.7,0,0,0,0,0,0,0,0,0
2015-09-23,0.4,27.0,30.9,24.0,3.72,11.1,0,0,0,0,0,0,0,0,0
2015-09-24,0.2,27.1,30.7,23.3,3.95,9.0,0,0,0,0,0,0,0,0,0
2015-09-25,0.0,26.9,31.4,22.2,4.64,8.0,0,0,0,0,0,0,0,0,0
2015-09-26,0.0,25.5,31.3,20.2,4.62,8.2,0,0,0,0,0,0,0,0,0
2015-09-27,0.0,25.3,30.4,19.9,3.99,9.1,0,0,0,0,0,0,0,0,0
2015-09-28,0.0,26.0,30.8,20.6,3.88,7.4,0,0,0,0,0,0,0,0,0
2015-09-29,0.0,26.5,31.8,21.4,4.26,6.4,0,0,0,0,0,0,0,0,0
2015-09-30,0.0,27.1,32.6,21.2,4.43,6.5,0,0,0,0,0,0,0,0,0
2015-10-01,0.2,27.3,31.8,22.2,4.14,5.8,0,0,0,0,0,0,0,0,0
2015-10-02,1.6,27.9,32.5,23.7,3.97,5.7,0,0,0,0,0,0,0,0,0
2015-10-03,0.4,28.3,32.8,24.1,4.22,8.3,0,0,0,0,0,0,0,0,0
2015-10-04,0.0,27.2,34.2,21.4,4.97,7.6,0,0,0,0,0,0,0,0,0
2015-10-05,0.0,26.4,33.8,19.9,4.75,7.4,0,0,0,0,0,0,0,0,0
2015-10-06,0.0,26.3,33.9,19.8,5.15,12.0,0,0,0,0,0,0,0,0,0
2015-10-07,0.0,26.1,33.6,19.5,5.02,9.7,0,0,0,0,0,0,0,0,0
2015-10-08,0.0,26.1,32.8,20.8,4.65,7.4,0,0,0,0,0,0,0,0,0
2015-10-09,0.0,27.3,33.1,19.8,4.75,8.7,0,0,0,0,0,0,0,0,0
2015-10-10,0.0,28.3,33.3,23.9,4.27,8.8,0,0,0,0,0,0,0,0,0
2015-10-11,0.0,27.7,32.2,22.0,3.8,4.7,0,0,0,0,0,0,0,0,0
2015-10-12,0.0,27.6,33.3,21.3,3.83,4.8,0,0,0,0,0,0,0,0,0
2015-10-13,0.0,27.1,33.1,20.2,4.08,5.2,0,0,0,0,0,0,0,0,0
2015-10-14,0.0,26.5,33.0,20.0,4.22,9.7,0,0,0,0,0,0,0,0,0
2015-10-15,0.2,26.2,31.7,21.3,3.83,5.8,0,0,0,0,0,0,0,0,0
2015-10-16,0.0,26.2,31.6,21.5,3.86,4.7,0,0,0,0,0,0,0,0,0
2015-10-17,0.0,26.4,32.6,21.0,4.16,4.6,0,0,0,0,0,0,0,0,0
2015-10-18,0.0,26.6,31.4,21.3,3.69,6.5,0,0,0,0,0,0,0,0,0
2015-10-19,0.0,27.3,31.8,21.1,3.55,8.3,0,0,0,0,0,0,0,0,0
2015-10-20,0.0,27.6,32.5,23.6,3.7,7.1,0,0,0,0,0,0,0,0,0
2015-10-21,0.3,27.4,32.3,21.4,3.57,6.8,0,0,0,0,0,0,0,0,0
2015-10-22,0.5,26.6,31.8,21.3,3.82,7.0,0,0,0,0,0,0,0,0,0
2015-10-23,0.0,26.9,32.5,21.3,4.21,7.6,0,0,0,0,0,0,0,0,0
2015-10-24,0.2,26.3,31.9,20.6,3.79,6.7,0,0,0,0,0,0,0,0,0
2015-10-25,0.0,26.1,31.1,20.9,3.74,7.9,0,0,0,0,0,0,0,0,0
2015-10-26,0.0,25.8,31.3,19.9,3.88,7.0,0,0,0,0,0,0,0,0,0
2015-10-27,0.5,25.6,31.0,20.7,3.52,5.1,0,0,0,0,0,0,0,0,0
2015-10-28,0.1,26.0,31.1,20.5,4.04,8.1,0,0,0,0,0,0,0,0,0
2015-10-29,1.8,23.9,28.5,20.5,3.31,10.2,0,0,0,0,0,0,0,0,0
2015-10-30,0.7,22.9,27.0,19.1,3.03,7.9,0,0,0,0,0,0,0,0,0
2015-10-31,0.1,23.3,27.3,19.6,3.02,11.6,0,0,0,0,0,0,0,0,0
2015-11-01,0.3,23.4,28.5,18.6,3.13,9.7,0,0,0,0,0,0,0,0,0
2015-11-02,0.0,24.3,29.9,19.4,3.41,8.7,0,0,0,0,0,0,0,0,0
2015-11-03,0.0,24.6,30.0,18.7,3.44,6.5,0,0,0,0,0,0,0,0,0
2015-11-04,0.0,24.7,29.4,19.6,3.14,5.2,0,0,0,0,0,0,0,0,0
2015-11-05,0.0,25.1,30.2,18.9,3.45,6.6,0,0,0,0,0,0,0,0,0
2015-11-06,0.0,25.1,29.7,20.6,3.1,5.5,0,0,0,0,0,0,0,0,0
2015-11-07,0.0,25.0,30.0,19.9,3.17,4.9,0,0,0,0,0,0,0,0,0
2015-11-08,0.0,24.6,30.1,18.8,3.39,9.2,0,0,0,0,0,0,0,0,0
2015-11-09,0.0,24.3,30.2,18.4,3.54,6.5,0,0,0,0,0,0,0,0,0
2015-11-10,0.0,24.3,30.8,18.3,3.42,7.3,0,0,0,0,0,0,0,0,0
2015-11-11,0.0,24.5,31.4,17.8,4.1,8.0,0,0,0,0,0,0,0,0,0
2015-11-12,0.0,24.3,31.1,17.2,4.02,8.2,0,0,0,0,0,0,0,0,0
2015-11-13,0.0,24.3,31.2,17.3,4.23,9.2,0,0,0,0,0,0,0,0,0
2015-11-14,0.0,23.8,31.0,16.4,4.02,7.4,0,0,0,0,0,0,0,0,0
2015-11-15,0.0,24.1,31.5,16.8,3.89,7.7,0,0,0,0,0,0,0,0,0
2015-11-16,0.0,24.3,31.4,17.1,3.86,7.3,0,0,0,0,0,0,0,0,0
2015-11-17,0.0,24.0,31.2,16.8,3.79,7.3,0,0,0,0,0,0,0,0,0
2015-11-18,0.0,23.8,30.3,16.9,3.84,6.6,0,0,0,0,0,0,0,0,0
2015-11-19,0.0,23.5,30.0,17.9,4.23,10.2,0,0,0,0,0,0,0,0,0
2015-11-20,0.0,22.6,30.0,15.2,3.97,9.1,0,0,0,0,0,0,0,0,0
2015-11-21,0.0,22.5,29.5,14.8,3.69,6.9,0,0,0,0,0,0,0,0,0
2015-11-22,0.0,22.5,29.9,14.6,3.57,6.0,0,0,0,0,0,0,0,0,0
2015-11-23,0.0,22.7,29.6,15.9,3.36,6.4,0,0,0,0,0,0,0,0,0
2015-11-24,0.0,23.6,30.1,16.3,3.66,7.8,0,0,0,0,0,0,0,0,0
2015-11-25,0.0,23.8,30.4,17.5,3.62,7.1,0,0,0,0,0,0,0,0,0
2015-11-26,0.0,23.9,31.1,17.5,3.87,8.1,0,0,0,0,0,0,0,0,0
2015-11-27,0.0,24.0,30.8,16.9,3.72,7.3,0,0,0,0,0,0,0,0,0
2015-11-28,0.0,24.5,29.8,18.8,3.43,8.0,0,0,0,0,0,0,0,0,0
2015-11-29,0.0,24.6,30.8,18.9,3.76,9.7,0,0,0,0,0,0,0,0,0
2015-11-30,0.0,23.9,30.6,17.3,3.58,7.7,0,0,0,0,0,0,0,0,0
2015-12-01,0.0,23.6,31.0,16.2,3.75,8.5,0,0,0,0,0,0,0,0,0
2015-12-02,0.0,23.9,30.3,16.2,3.68,7.4,0,0,0,0,0,0,0,0,0
2015-12-03,0.0,24.1,29.6,20.1,3.22,8.6,0,0,0,0,0,0,0,0,0
2015-12-04,0.0,23.6,29.2,18.5,3.83,8.4,0,0,0,0,0,0,0,0,0
2015-12-05,0.0,22.2,29.3,15.3,3.94,8.8,0,0,0,0,0,0,0,0,0
2015-12-06,0.0,20.9,28.8,13.1,3.79,8.5,0,0,0,0,0,0,0,0,0
2015-12-07,0.0,20.4,29.1,12.3,3.73,8.6,0,0,0,0,0,0,0,0,0
2015-12-08,0.0,20.1,29.2,12.1,3.63,7.2,0,0,0,0,0,0,0,0,0
2015-12-09,0.0,20.8,28.6,11.8,3.62,6.8,0,0,0,0,0,0,0,0,0
2015-12-10,0.0,21.3,28.7,13.9,3.83,9.4,0,0,0,0,0,0,0,0,0
2015-12-11,0.0,23.9,29.1,19.1,3.42,11.4,0,0,0,0,0,0,0,0,0
2015-12-12,0.0,23.9,29.4,19.4,3.4,8.4,0,0,0,0,0,0,0,0,0
2015-12-13,0.0,22.8,28.8,16.5,3.44,10.9,0,0,0,0,0,0,0,0,0
2015-12-14,0.0,22.7,27.9,18.3,3.69,13.7,0,0,0,0,0,0,0,0,0
2015-12-15,0.0,20.5,26.7,15.5,3.99,10.2,0,0,0,0,0,0,0,0,0
2015-12-16,0.0,20.6,27.0,13.5,3.02,7.3,0,0,0,0,0,0,0,0,0
2015-12-17,1.9,21.6,27.4,17.7,2.55,10.9,0,0,0,0,0,0,0,0,0
2015-12-18,0.2,20.3,26.0,16.0,3.72,11.6,0,0,0,0,0,0,0,0,0
2015-12-19,0.0,18.4,26.0,11.0,3.32,7.4,0,0,0,0,0,0,0,0,0
2015-12-20,0.1,19.7,26.2,13.4,2.58,9.7,0,0,0,0,0,0,0,0,0
2015-12-21,0.7,20.8,26.3,15.5,2.42,6.4,0,0,0,0,0,0,0,0,0
2015-12-22,0.0,21.0,26.7,15.5,2.45,6.5,0,0,0,0,0,0,0,0,0
2015-12-23,0.3,21.3,26.4,16.9,2.65,11.9,0,0,0,0,0,0,0,0,0
2015-12-24,0.0,19.4,24.7,15.3,4.2,12.3,0,0,0,0,0,0,0,0,0
2015-12-25,0.0,16.4,22.3,11.3,3.91,13.7,0,0,0,0,0,0,0,0,0
2015-12-26,0.0,15.9,23.6,8.4,3.35,7.6,0,0,0,0,0,0,0,0,0
2015-12-27,0.0,17.8,26.8,9.5,3.82,9.0,0,0,0,0,0,0,0,0,0
2015-12-28,0.0,19.4,28.6,11.2,3.99,9.2,0,0,0,0,0,0,0,0,0
2015-12-29,0.0,20.0,29.3,11.5,3.87,9.4,0,0,0,0,0,0,0,0,0
2015-12-30,0.0,20.7,29.4,11.7,3.49,8.3,0,0,0,0,0,0,0,0,0
2015-12-31,0.0,21.6,30.5,12.5,3.55,7.5,0,0,0,0,0,0,0,0,0
2016-01-01,0.0,22.2,30.0,13.8,3.52,7.4,0,0,0,0,0,0,0,0,0
2016-01-02,0.0,22.0,29.1,14.9,3.74,9.8,0,0,0,0,0,0,0,0,0
2016-01-03,0.0,21.1,28.2,14.4,4.02,9.0,0,0,0,0,0,0,0,0,0
2016-01-04,0.0,19.9,28.2,12.0,3.69,8.1,0,0,0,0,0,0,0,0,0
2016-01-05,0.0,20.0,28.1,11.1,3.61,7.3,0,0,0,0,0,0,0,0,0
2016-01-06,0.0,21.0,28.6,12.3,3.78,8.8,0,0,0,0,0,0,0,0,0
2016-01-07,0.0,21.7,28.1,13.9,3.27,7.0,0,0,0,0,0,0,0,0,0
2016-01-08,0.0,21.7,28.1,14.3,3.55,8.7,0,0,0,0,0,0,0,0,0
2016-01-09,0.0,20.9,28.2,14.2,3.75,13.2,0,0,0,0,0,0,0,0,0
2016-01-10,0.0,19.5,27.2,12.0,3.6,7.1,0,0,0,0,0,0,0,0,0
2016-01-11,0.0,19.1,27.7,11.3,3.88,8.1,0,0,0,0,0,0,0,0,0
2016-01-12,0.0,19.1,27.8,10.5,3.74,7.1,0,0,0,0,0,0,0,0,0
2016-01-13,0.0,20.3,27.9,12.1,3.75,9.8,0,0,0,0,0,0,0,0,0
2016-01-14,0.0,21.6,28.0,15.2,3.82,9.4,0,0,0,0,0,0,0,0,0
2016-01-15,0.0,21.1,26.5,14.4,3.5,13.7,0,0,0,0,0,0,0,0,0
2016-01-16,0.0,21.0,26.6,14.8,3.03,10.0,0,0,0,0,0,0,0,0,0
2016-01-17,0.4,20.7,25.6,16.1,2.74,7.4,0,0,0,0,0,0,0,0,0
2016-01-18,0.1,20.3,25.1,16.2,2.49,9.7,0,0,0,0,0,0,0,0,0
2016-01-19,0.6,20.5,25.3,17.6,2.77,19.4,0,0,0,0,0,0,0,0,0
2016-01-20,0.0,18.3,22.5,14.6,3.48,12.7,0,0,0,0,0,0,0,0,0
2016-01-21,0.0,16.5,22.8,11.3,3.87,12.2,0,0,0,0,0,0,0,0,0
2016-01-22,0.0,15.5,22.9,8.1,3.71,8.3,0,0,0,0,0,0,0,0,0
2016-01-23,0.0,15.5,24.3,6.9,3.67,8.0,0,0,0,0,0,0,0,0,0
2016-01-24,0.0,17.0,25.6,7.5,3.7,7.2,0,0,0,0,0,0,0,0,0
2016-01-25,0.0,17.8,26.7,8.8,3.83,7.3,0,0,0,0,0,0,0,0,0
2016-01-26,0.0,19.6,27.6,10.5,4.0,9.2,0,0,0,0,0,0,0,0,0
2016-01-27,0.0,22.5,29.2,15.7,3.87,8.7,0,0,0,0,0,0,0,0,0
2016-01-28,0.0,21.0,29.4,12.4,4.32,10.8,0,0,0,0,0,0,0,0,0
2016-01-29,0.0,21.6,30.3,13.0,4.09,8.7,0,0,0,0,0,0,0,0,0
2016-01-30,0.0,22.6,31.7,13.3,4.36,9.5,0,0,0,0,0,0,0,0,0
2016-01-31,0.0,23.2,31.9,14.5,4.3,7.3,0,0,0,0,0,0,0,0,0
2016-02-01,0.0,23.4,31.5,14.6,4.5,10.6,0,0,0,0,0,0,0,0,0
2016-02-02,0.0,23.8,32.0,15.6,4.66,11.2,0,0,0,0,0,0,0,0,0
2016-02-03,0.0,22.3,29.5,15.5,4.8,12.6,0,0,0,0,0,0,0,0,0
2016-02-04,0.0,21.0,28.2,13.9,4.69,9.4,0,0,0,0,0,0,0,0,0
2016-02-05,0.0,20.9,29.1,11.7,4.26,7.2,0,0,0,0,0,0,0,0,0
2016-02-06,0.0,22.0,30.5,11.7,4.79,9.8,0,0,0,0,0,0,0,0,0
2016-02-07,0.0,24.1,29.7,18.5,4.06,13.5,0,0,0,0,0,0,0,0,0
2016-02-08,0.0,23.5,29.5,18.9,5.55,14.6,0,0,0,0,0,0,0,0,0
2016-02-09,0.0,21.7,29.2,14.2,4.49,8.3,0,0,0,0,0,0,0,0,0
2016-02-10,0.0,23.3,31.2,14.5,4.46,12.2,0,0,0,0,0,0,0,0,0
2016-02-11,0.0,25.3,31.4,19.6,4.44,13.1,0,0,0,0,0,0,0,0,0
2016-02-12,0.0,24.3,31.2,16.5,4.9,9.8,0,0,0,0,0,0,0,0,0
2016-02-13,0.5,25.3,30.9,19.4,4.0,10.5,0,0,0,0,0,0,0,0,0
2016-02-14,0.0,25.3,31.4,19.0,4.65,10.1,0,0,0,0,0,0,0,0,0
2016-02-15,0.0,25.8,30.5,20.1,3.96,11.0,0,0,0,0,0,0,0,0,0
2016-02-16,0.0,26.4,32.6,20.5,5.01,10.7,0,0,0,0,0,0,0,0,0
2016-02-17,0.0,26.3,33.1,18.9,4.47,6.6,0,0,0,0,0,0,0,0,0
2016-02-18,0.0,26.9,34.1,18.4,5.0,9.3,0,0,0,0,0,0,0,0,0
2016-02-19,0.0,27.3,34.3,20.4,5.35,10.2,0,0,0,0,0,0,0,0,0
2016-02-20,0.0,28.4,34.5,23.1,5.13,10.1,0,0,0,0,0,0,0,0,0
2016-02-21,0.0,27.5,33.6,21.3,4.86,12.6,0,0,0,0,0,0,0,0,0
2016-02-22,0.0,27.3,33.3,21.3,5.15,11.2,0,0,0,0,0,0,0,0,0
2016-02-23,0.0,27.1,33.2,21.4,5.21,9.8,0,0,0,0,0,0,0,0,0
2016-02-24,0.0,26.5,32.4,20.3,4.49,10.5,0,0,0,0,0,0,0,0,0
2016-02-25,0.4,27.0,33.1,21.5,4.37,8.8,0,0,0,0,0,0,0,0,0
2016-02-26,4.2,25.8,32.1,22.1,3.74,9.8,0,0,0,0,0,0,0,0,0
2016-02-27,0.6,24.7,29.7,20.0,3.59,8.0,0,0,0,0,0,0,0,0,0
2016-02-28,0.0,24.9,31.0,18.3,4.03,8.3,0,0,0,0,0,0,0,0,0
2016-02-29,0.9,25.2,30.5,21.0,3.79,6.8,0,0,0,0,0,0,0,0,0
2016-03-01,0.3,25.4,32.1,19.4,4.26,7.5,0,0,0,0,0,0,0,0,0
2016-03-02,0.0,26.7,34.3,17.9,4.94,8.2,0,0,0,0,0,0,0,0,0
2016-03-03,0.0,27.4,34.0,19.8,4.86,8.9,0,0,0,0,0,0,0,0,0
2016-03-04,0.0,27.9,35.1,20.6,5.13,10.0,0,0,0,0,0,0,0,0,0
2016-03-05,0.0,27.6,33.5,20.9,4.86,7.9,0,0,0,0,0,0,0,0,0
2016-03-06,13.5,25.7,31.3,20.8,4.31,10.7,1,0,0,0,0,0,1,1,0
2016-03-07,2.2,25.8,32.4,19.5,5.14,14.3,0,0,0,0,0,0,0,0,0
2016-03-08,0.0,26.3,32.6,19.5,5.24,13.7,0,0,0,0,0,0,0,0,0
2016-03-09,0.0,27.4,32.6,22.4,4.9,13.3,0,0,0,0,0,0,0,0,0
2016-03-10,0.0,28.6,34.9,23.1,5.16,9.5,0,0,0,0,0,0,0,0,0
2016-03-11,0.0,28.2,35.7,19.5,5.46,8.2,0,0,0,0,0,0,0,0,0
2016-03-12,1.8,28.5,36.2,20.3,6.04,14.0,0,0,0,0,0,0,0,0,0
2016-03-13,0.2,26.8,32.3,21.5,4.57,9.9,0,0,0,0,0,0,0,0,0
2016-03-14,0.0,26.4,31.9,20.8,5.1,11.5,0,0,0,0,0,0,0,0,0
2016-03-15,0.0,25.8,31.0,18.9,4.7,11.4,0,0,0,0,0,0,0,0,0
2016-03-16,0.0,26.5,32.6,19.3,5.38,9.2,0,0,0,0,0,0,0,0,0
2016-03-17,0.0,26.9,33.2,19.2,4.88,8.7,0,0,0,0,0,0,0,0,0
2016-03-18,0.0,29.1,35.0,23.5,5.23,11.4,0,0,0,0,0,0,0,0,0
2016-03-19,0.0,30.5,37.3,24.1,6.77,14.4,0,0,0,0,0,0,0,0,0
2016-03-20,0.0,29.4,37.4,20.8,6.88,14.3,0,0,0,0,0,0,0,0,0
2016-03-21,0.0,29.3,37.5,20.3,6.6,8.7,0,0,0,0,0,0,0,0,0
2016-03-22,0.0,28.5,36.7,19.1,7.14,13.0,0,0,0,0,0,0,0,0,0
2016-03-23,0.0,28.2,36.8,18.5,7.11,11.3,0,0,0,0,0,0,0,0,0
2016-03-24,0.0,28.5,38.3,17.3,6.63,9.3,0,0,0,0,0,0,0,0,0
2016-03-25,0.0,29.8,39.6,18.4,6.57,10.3,0,0,0,0,0,0,0,0,0
2016-03-26,0.0,31.2,39.4,20.1,6.85,12.0,0,0,0,0,0,0,0,0,0
2016-03-27,5.4,29.7,36.9,22.6,6.02,20.9,0,0,0,0,0,0,0,0,0
2016-03-28,0.1,28.2,35.1,21.6,6.01,12.4,0,0,0,0,0,0,0,0,0
2016-03-29,0.0,30.1,37.0,21.9,6.44,10.8,0,0,0,0,0,0,0,0,0
2016-03-30,0.0,29.9,37.9,22.5,6.36,9.4,0,0,0,0,0,0,0,0,0
2016-03-31,0.0,30.0,37.7,21.3,6.3,9.7,0,0,0,0,0,0,0,0,0
2016-04-01,0.0,31.2,38.6,21.9,6.53,9.9,0,0,0,0,0,0,0,0,0
2016-04-02,0.0,31.8,40.3,22.7,6.62,8.2,0,0,0,0,0,0,0,0,0
2016-04-03,0.0,33.0,40.8,24.5,7.04,12.1,0,0,0,0,0,0,0,0,0
2016-04-04,0.3,33.3,40.0,25.4,6.66,16.5,0,0,0,0,0,0,0,0,0
2016-04-05,1.4,32.8,39.6,27.7,6.57,18.7,0,0,0,0,0,0,0,0,0
2016-04-06,0.4,30.7,36.9,25.0,6.22,14.9,0,0,0,0,0,0,0,0,0
2016-04-07,0.1,31.0,37.2,26.5,6.39,12.9,0,0,0,0,0,0,0,0,0
2016-04-08,0.2,30.8,38.0,22.6,6.13,11.2,0,0,0,0,0,0,0,0,0
2016-04-09,0.0,31.7,37.9,23.9,6.54,14.3,0,0,0,0,0,0,0,0,0
2016-04-10,0.0,32.9,38.6,25.0,6.82,12.8,0,0,0,0,0,0,0,0,0
2016-04-11,0.0,33.4,40.3,26.8,7.25,11.6,0,0,0,0,0,0,0,0,0
2016-04-12,0.0,32.8,39.3,26.3,7.3,12.1,0,0,0,0,0,0,0,0,0
2016-04-13,0.0,32.3,39.2,24.9,7.81,11.2,0,0,0,0,0,0,0,0,0
2016-04-14,0.0,32.6,40.6,22.5,7.55,10.5,0,0,0,0,0,0,0,0,0
2016-04-15,0.0,33.2,40.9,23.3,7.39,11.3,0,0,0,0,0,0,0,0,0
2016-04-16,0.0,34.7,41.8,25.5,7.69,12.5,0,0,0,0,0,0,0,0,0
2016-04-17,0.0,34.5,40.8,27.3,7.65,12.6,0,0,0,0,0,0,0,0,0
2016-04-18,0.0,34.3,40.9,27.1,7.18,10.0,0,0,0,0,0,0,0,0,0
2016-04-19,0.0,34.9,41.0,27.9,6.99,10.1,0,0,0,0,0,0,0,0,0
2016-04-20,0.6,35.1,41.2,29.8,7.3,12.7,0,0,0,0,0,0,0,0,0
2016-04-21,0.0,35.8,42.7,28.8,7.92,12.0,0,0,0,0,0,0,0,0,0
2016-04-22,0.0,35.4,42.5,28.6,8.65,15.4,0,0,0,0,0,0,0,0,0
2016-04-23,0.0,33.9,40.3,26.8,8.68,15.5,0,0,0,0,0,0,0,0,0
2016-04-24,0.0,33.8,40.4,26.2,7.65,11.0,0,0,0,0,0,0,0,0,0
2016-04-25,0.0,34.0,41.1,24.9,7.55,12.0,0,0,0,0,0,0,0,0,0
2016-04-26,0.0,35.0,41.8,27.0,7.52,10.9,0,0,0,0,0,0,0,0,0
2016-04-27,0.5,34.5,41.0,27.6,7.3,14.8,0,0,0,0,0,0,0,0,0
2016-04-28,0.0,34.5,40.3,28.2,7.12,13.0,0,0,0,0,0,0,0,0,0
2016-04-29,3.3,34.1,40.9,28.0,7.7,15.5,0,0,0,0,0,0,0,0,0
2016-04-30,0.0,34.3,41.0,28.3,7.87,14.6,0,0,0,0,0,0,0,0,0
2016-05-01,0.4,33.3,40.9,25.8,8.0,11.3,0,0,0,0,0,0,0,0,0
2016-05-02,0.0,34.7,41.7,26.9,7.84,13.8,0,0,0,0,0,0,0,0,0
2016-05-03,0.0,33.9,40.4,28.4,7.7,16.9,0,0,0,0,0,0,0,0,0
2016-05-04,2.3,31.7,39.5,25.4,7.1,15.1,0,0,0,0,0,0,0,0,0
2016-05-05,0.6,30.8,37.3,25.9,6.86,25.9,0,0,0,0,0,1,1,1,0
2016-05-06,0.0,30.3,35.5,25.5,6.63,15.4,0,0,0,0,0,0,0,0,0
2016-05-07,0.0,31.2,36.9,25.5,6.58,11.3,0,0,0,0,0,0,0,0,0
2016-05-08,1.7,31.4,37.4,26.8,5.94,15.6,0,0,0,0,0,0,0,0,0
2016-05-09,0.0,32.0,38.3,25.7,6.44,9.2,0,0,0,0,0,0,0,0,0
2016-05-10,0.2,32.0,38.8,25.7,6.41,10.9,0,0,0,0,0,0,0,0,0
2016-05-11,0.8,33.1,39.8,27.3,6.61,16.8,0,0,0,0,0,0,0,0,0
2016-05-12,0.0,34.6,41.6,27.1,7.5,10.3,0,0,0,0,0,0,0,0,0
2016-05-13,0.0,35.8,42.0,29.6,8.15,14.6,0,0,0,0,0,0,0,0,0
2016-05-14,0.0,36.0,43.3,28.2,7.79,10.2,0,0,0,0,0,0,0,0,0
2016-05-15,0.0,36.3,42.7,30.2,8.49,14.8,0,1,0,0,0,0,1,1,0
2016-05-16,0.0,36.3,42.0,30.6,8.68,17.8,0,1,0,0,0,0,1,1,0
2016-05-17,0.0,36.6,41.7,31.6,8.33,17.9,0,1,0,0,0,0,1,1,0
2016-05-18,0.0,35.5,41.7,30.2,7.43,14.0,0,0,0,0,0,0,0,0,0
2016-05-19,0.0,35.2,39.9,30.3,6.24,11.4,0,0,0,0,0,0,0,0,0
2016-05-20,0.0,35.5,40.8,30.0,6.74,10.9,0,0,0,0,0,0,0,0,0
2016-05-21,0.4,36.8,45.0,29.0,8.5,23.4,0,1,1,0,0,1,3,1,0
2016-05-22,0.0,36.2,43.3,29.9,8.68,17.3,0,0,0,0,0,0,0,0,0
2016-05-23,0.0,35.6,41.7,29.5,7.93,14.5,0,0,0,0,0,0,0,0,0
2016-05-24,0.0,35.5,41.8,29.2,7.8,15.8,0,0,0,0,0,0,0,0,0
2016-05-25,0.0,35.3,42.1,29.4,9.12,23.3,0,0,0,0,1,1,2,1,0
2016-05-26,0.1,34.1,40.1,27.3,6.84,13.0,0,0,0,0,0,0,0,0,0
2016-05-27,0.0,35.6,41.4,29.3,7.52,15.5,0,0,0,0,0,0,0,0,0
2016-05-28,0.0,35.3,41.6,29.7,7.34,13.8,0,0,0,0,0,0,0,0,0
2016-05-29,0.0,35.1,40.3,30.0,7.26,12.0,0,0,0,0,0,0,0,0,0
2016-05-30,0.0,34.4,40.0,28.5,7.41,14.3,0,0,0,0,0,0,0,0,0
2016-05-31,0.7,34.5,40.5,27.4,6.68,10.5,0,0,0,0,0,0,0,0,0
2016-06-01,0.0,35.7,40.8,29.2,6.13,8.6,0,0,0,0,0,0,0,0,0
2016-06-02,0.0,35.6,41.5,29.3,6.26,10.2,0,0,0,0,0,0,0,0,0
2016-06-03,0.0,36.3,42.9,29.7,7.22,18.0,0,1,0,0,0,0,1,1,0
2016-06-04,0.0,35.2,41.5,29.0,7.24,14.8,0,0,0,0,0,0,0,0,0
2016-06-05,3.3,33.2,39.3,29.1,6.19,10.4,0,0,0,0,0,0,0,0,0
2016-06-06,0.7,33.0,39.2,28.1,6.27,10.8,0,0,0,0,0,0,0,0,0
2016-06-07,2.4,32.9,39.3,28.1,6.25,12.5,0,0,0,0,0,0,0,0,0
2016-06-08,0.0,33.3,38.3,28.2,6.18,11.1,0,0,0,0,0,0,0,0,0
2016-06-09,0.0,32.6,38.3,28.2,6.47,15.5,0,0,0,0,0,0,0,0,0
2016-06-10,0.0,34.2,40.4,27.9,7.26,14.5,0,0,0,0,0,0,0,0,0
2016-06-11,0.0,35.0,40.8,29.7,7.3,15.1,0,0,0,0,0,0,0,0,0
2016-06-12,0.0,33.7,40.4,27.2,6.84,13.0,0,0,0,0,0,0,0,0,0
2016-06-13,0.0,35.0,40.7,29.1,7.15,15.9,0,0,0,0,0,0,0,0,0
2016-06-14,0.0,34.8,40.2,29.0,7.56,13.9,0,0,0,0,0,0,0,0,0
2016-06-15,0.2,34.1,39.3,30.0,7.31,15.4,0,0,0,0,0,0,0,0,0
2016-06-16,0.0,34.0,38.4,30.1,6.34,10.9,0,0,0,0,0,0,0,0,0
2016-06-17,8.3,30.9,37.1,26.7,4.03,9.2,1,0,0,0,0,0,1,1,0
2016-06-18,22.2,27.0,29.4,25.2,2.18,9.2,1,0,0,0,0,0,1,1,0
2016-06-19,10.0,28.4,32.4,25.5,3.83,8.4,1,0,0,0,0,0,1,1,0
2016-06-20,2.1,29.1,33.2,25.3,4.69,11.9,0,0,0,0,0,0,0,0,0
2016-06-21,1.1,30.5,34.3,27.5,5.66,12.9,0,0,0,0,0,0,0,0,0
2016-06-22,0.0,31.2,35.3,27.9,5.84,13.1,0,0,0,0,0,0,0,0,0
2016-06-23,3.3,30.3,36.1,27.1,5.38,11.2,0,0,0,0,0,0,0,0,0
2016-06-24,25.4,27.8,31.7,24.7,3.22,9.5,1,0,0,0,0,0,1,1,0
2016-06-25,20.4,27.6,33.2,24.2,3.71,6.7,1,0,0,0,0,0,1,1,0
2016-06-26,9.7,28.4,33.3,25.4,4.27,7.9,1,0,0,0,0,0,1,1,0
2016-06-27,6.8,28.1,33.0,25.1,3.71,7.0,0,0,0,0,0,0,0,0,0
2016-06-28,31.8,27.5,30.2,24.8,2.98,15.9,1,0,0,0,0,0,1,1,0
2016-06-29,1.2,28.8,32.8,25.6,4.49,13.8,0,0,0,0,0,0,0,0,0
2016-06-30,7.0,30.0,34.5,26.3,4.98,9.1,0,0,0,0,0,0,0,0,0
2016-07-01,18.2,28.1,31.8,25.6,3.47,13.1,1,0,0,0,0,0,1,1,0
2016-07-02,28.7,26.6,29.8,24.9,2.11,12.5,1,0,0,0,0,0,1,1,0
2016-07-03,66.6,25.0,26.0,24.6,0.79,16.6,1,0,0,0,0,0,1,1,0
2016-07-04,27.9,25.1,26.9,24.5,1.17,16.7,1,0,0,0,0,0,1,1,0
2016-07-05,40.6,24.4,24.7,24.1,0.71,17.8,1,0,0,0,0,0,1,1,0
2016-07-06,53.6,24.8,26.3,23.9,1.58,17.1,1,0,0,0,0,0,1,1,0
2016-07-07,100.8,24.2,26.6,23.1,1.02,17.6,1,0,0,0,0,0,1,1,1
2016-07-08,61.8,24.9,27.9,23.0,1.46,13.6,1,0,0,0,0,0,1,1,0
2016-07-09,23.0,25.6,28.4,24.3,2.0,11.9,1,0,0,0,0,0,1,1,0
2016-07-10,44.7,25.8,29.9,23.6,2.25,12.1,1,0,0,0,0,0,1,1,0
2016-07-11,21.8,26.4,30.7,24.7,2.59,9.4,1,0,0,0,0,0,1,1,0
2016-07-12,9.8,25.1,26.5,24.4,1.31,17.3,1,0,0,0,0,0,1,1,0
2016-07-13,3.9,25.7,29.3,23.4,2.73,17.0,0,0,0,0,0,0,0,0,0
2016-07-14,0.1,27.5,31.1,24.5,4.25,15.3,0,0,0,0,0,0,0,0,0
2016-07-15,33.4,25.9,27.9,24.7,1.2,8.0,1,0,0,0,0,0,1,1,0
2016-07-16,9.4,25.4,27.9,24.2,1.38,12.3,1,0,0,0,0,0,1,1,0
2016-07-17,7.2,26.3,30.1,24.3,2.29,12.7,0,0,0,0,0,0,0,0,0
2016-07-18,16.5,25.1,27.1,23.7,1.74,11.9,1,0,0,0,0,0,1,1,0
2016-07-19,10.3,25.3,28.1,23.5,2.06,12.0,1,0,0,0,0,0,1,1,0
2016-07-20,3.3,26.7,30.9,23.9,3.09,8.6,0,0,0,0,0,0,0,0,0
2016-07-21,24.1,26.6,30.5,24.5,2.44,5.7,1,0,0,0,0,0,1,1,0
2016-07-22,40.9,25.7,29.5,24.1,2.2,5.9,1,0,0,0,0,0,1,1,0
2016-07-23,1.8,26.3,30.1,23.9,3.11,7.6,0,0,0,0,0,0,0,0,0
2016-07-24,2.6,27.0,30.2,24.0,3.67,8.2,0,0,0,0,0,0,0,0,0
2016-07-25,3.6,26.9,30.9,24.2,3.29,8.8,0,0,0,0,0,0,0,0,0
2016-07-26,7.3,25.5,27.5,23.9,2.04,11.2,0,0,0,0,0,0,0,0,0
2016-07-27,10.0,25.1,28.1,23.4,1.85,12.2,1,0,0,0,0,0,1,1,0
2016-07-28,2.6,26.4,30.2,24.0,3.44,14.7,0,0,0,0,0,0,0,0,0
2016-07-29,4.2,26.1,29.4,23.6,2.86,11.7,0,0,0,0,0,0,0,0,0
2016-07-30,2.6,26.3,29.7,23.5,3.01,6.1,0,0,0,0,0,0,0,0,0
2016-07-31,4.1,25.9,28.5,24.1,2.62,9.3,0,0,0,0,0,0,0,0,0
2016-08-01,13.8,25.0,28.7,23.7,2.06,11.1,1,0,0,0,0,0,1,1,0
2016-08-02,13.7,25.6,28.7,24.2,2.35,10.8,1,0,0,0,0,0,1,1,0
2016-08-03,19.8,25.0,27.9,23.8,1.89,12.2,1,0,0,0,0,0,1,1,0
2016-08-04,16.0,25.0,27.6,23.6,1.53,11.4,1,0,0,0,0,0,1,1,0
2016-08-05,57.6,24.7,26.0,23.9,1.02,13.8,1,0,0,0,0,0,1,1,0
2016-08-06,14.8,24.5,25.8,23.8,0.94,15.5,1,0,0,0,0,0,1,1,0
2016-08-07,6.3,24.6,26.4,23.3,1.37,14.6,0,0,0,0,0,0,0,0,0
2016-08-08,1.5,26.1,29.8,23.2,3.53,16.6,0,0,0,0,0,0,0,0,0
2016-08-09,1.9,25.7,28.1,24.5,2.38,18.5,0,0,0,0,0,0,0,0,0
2016-08-10,4.9,25.0,26.8,24.1,2.02,15.6,0,0,0,0,0,0,0,0,0
2016-08-11,0.9,25.5,27.7,23.6,1.93,11.6,0,0,0,0,0,0,0,0,0
2016-08-12,4.4,25.6,28.2,23.8,2.45,14.8,0,0,0,0,0,0,0,0,0
2016-08-13,14.8,24.9,27.8,23.3,1.54,10.0,1,0,0,0,0,0,1,1,0
2016-08-14,7.9,25.2,27.4,24.0,1.75,12.2,0,0,0,0,0,0,0,0,0
2016-08-15,16.8,24.6,26.2,23.7,1.08,14.0,1,0,0,0,0,0,1,1,0
2016-08-16,21.9,24.4,26.0,23.4,1.04,10.2,1,0,0,0,0,0,1,1,0
2016-08-17,13.5,24.2,25.6,23.0,1.13,11.5,1,0,0,0,0,0,1,1,0
2016-08-18,25.4,24.0,25.0,23.0,0.95,11.5,1,0,0,0,0,0,1,1,0
2016-08-19,0.5,24.7,26.7,23.3,2.14,18.7,0,0,0,0,0,0,0,0,0
2016-08-20,0.9,25.2,28.3,23.0,3.18,18.4,0,0,0,0,0,0,0,0,0
2016-08-21,0.7,25.4,29.3,21.1,3.97,15.8,0,0,0,0,0,0,0,0,0
2016-08-22,0.0,26.2,29.5,22.9,3.61,12.6,0,0,0,0,0,0,0,0,0
2016-08-23,7.2,25.3,28.8,23.5,2.49,14.5,0,0,0,0,0,0,0,0,0
2016-08-24,0.7,26.5,30.4,22.8,3.89,9.7,0,0,0,0,0,0,0,0,0
2016-08-25,2.0,27.1,31.1,24.0,3.14,7.0,0,0,0,0,0,0,0,0,0
2016-08-26,20.3,25.2,28.3,23.9,1.71,9.4,1,0,0,0,0,0,1,1,0
2016-08-27,6.3,25.9,29.9,24.1,2.44,7.6,0,0,0,0,0,0,0,0,0
2016-08-28,0.5,27.8,32.2,24.2,4.18,7.7,0,0,0,0,0,0,0,0,0
2016-08-29,4.5,28.1,32.2,24.5,4.22,7.1,0,0,0,0,0,0,0,0,0
2016-08-30,18.2,27.5,32.2,24.3,3.72,6.9,1,0,0,0,0,0,1,1,0
2016-08-31,15.6,25.9,29.2,24.1,2.52,7.1,1,0,0,0,0,0,1,1,0
2016-09-01,4.2,25.8,29.4,23.4,2.6,14.8,0,0,0,0,0,0,0,0,0
2016-09-02,18.0,25.4,27.8,23.7,2.01,10.5,1,0,0,0,0,0,1,1,0
2016-09-03,16.1,25.8,29.0,23.8,2.26,11.9,1,0,0,0,0,0,1,1,0
2016-09-04,2.2,25.7,28.7,23.8,1.9,9.4,0,0,0,0,0,0,0,0,0
2016-09-05,0.7,25.7,29.6,23.1,3.47,12.5,0,0,0,0,0,0,0,0,0
2016-09-06,0.2,25.5,29.3,22.5,3.98,13.8,0,0,0,0,0,0,0,0,0
2016-09-07,0.0,25.8,29.2,23.1,3.74,13.7,0,0,0,0,0,0,0,0,0
2016-09-08,3.1,25.8,28.9,23.6,2.45,11.8,0,0,0,0,0,0,0,0,0
2016-09-09,6.4,26.6,30.2,24.3,3.14,14.1,0,0,0,0,0,0,0,0,0
2016-09-10,2.9,26.9,30.0,25.0,2.75,12.5,0,0,0,0,0,0,0,0,0
2016-09-11,1.9,26.3,27.9,24.8,2.1,11.2,0,0,0,0,0,0,0,0,0
2016-09-12,4.2,26.8,30.7,24.4,3.16,10.6,0,0,0,0,0,0,0,0,0
2016-09-13,32.3,25.8,30.3,23.8,2.4,7.9,1,0,0,0,0,0,1,1,0
2016-09-14,9.9,26.0,30.2,23.9,2.53,7.3,1,0,0,0,0,0,1,1,0
2016-09-15,2.3,26.6,30.1,23.7,3.32,10.0,0,0,0,0,0,0,0,0,0
2016-09-16,2.1,26.8,30.3,23.7,3.26,6.3,0,0,0,0,0,0,0,0,0
2016-09-17,3.2,26.9,30.7,23.5,3.24,6.2,0,0,0,0,0,0,0,0,0
2016-09-18,3.0,26.5,29.4,24.5,2.87,5.8,0,0,0,0,0,0,0,0,0
2016-09-19,16.3,26.3,30.5,23.2,3.54,5.5,1,0,0,0,0,0,1,1,0
2016-09-20,2.4,25.9,28.9,23.4,2.47,7.2,0,0,0,0,0,0,0,0,0
2016-09-21,6.3,26.7,30.9,23.9,3.57,6.1,0,0,0,0,0,0,0,0,0
2016-09-22,0.4,27.0,30.6,24.5,3.57,13.3,0,0,0,0,0,0,0,0,0
2016-09-23,8.5,26.6,31.1,24.0,3.64,10.3,1,0,0,0,0,0,1,1,0
2016-09-24,11.1,26.3,30.1,23.8,3.0,12.5,1,0,0,0,0,0,1,1,0
2016-09-25,12.9,25.5,27.5,24.1,1.5,6.5,1,0,0,0,0,0,1,1,0
2016-09-26,19.7,24.7,27.1,23.2,1.34,5.1,1,0,0,0,0,0,1,1,0
2016-09-27,27.2,25.0,27.7,23.2,1.87,4.6,1,0,0,0,0,0,1,1,0
2016-09-28,12.3,25.3,28.5,23.4,2.04,8.0,1,0,0,0,0,0,1,1,0
2016-09-29,10.4,24.8,27.2,23.6,1.51,7.2,1,0,0,0,0,0,1,1,0
2016-09-30,10.1,25.3,28.9,23.3,2.55,7.0,1,0,0,0,0,0,1,1,0
2016-10-01,0.3,26.5,30.5,23.7,3.44,15.5,0,0,0,0,0,0,0,0,0
2016-10-02,10.6,25.8,28.7,23.7,2.46,13.0,1,0,0,0,0,0,1,1,0
2016-10-03,0.7,26.0,29.8,23.2,3.33,8.8,0,0,0,0,0,0,0,0,0
2016-10-04,0.2,26.3,30.3,22.7,3.71,8.7,0,0,0,0,0,0,0,0,0
2016-10-05,5.3,26.5,30.4,23.4,3.57,6.4,0,0,0,0,0,0,0,0,0
2016-10-06,3.3,26.0,30.4,23.2,3.16,8.7,0,0,0,0,0,0,0,0,0
2016-10-07,5.2,26.1,30.4,23.3,2.97,10.5,0,0,0,0,0,0,0,0,0
2016-10-08,17.4,25.0,28.0,23.4,1.52,7.9,1,0,0,0,0,0,1,1,0
2016-10-09,1.2,25.9,29.8,23.2,2.54,12.4,0,0,0,0,0,0,0,0,0
2016-10-10,0.0,25.5,31.1,20.1,4.2,12.9,0,0,0,0,0,0,0,0,0
2016-10-11,0.0,25.8,31.5,20.8,4.37,12.1,0,0,0,0,0,0,0,0,0
2016-10-12,0.0,25.6,31.3,20.5,4.31,7.7,0,0,0,0,0,0,0,0,0
2016-10-13,0.0,24.3,30.8,17.1,4.35,6.6,0,0,0,0,0,0,0,0,0
2016-10-14,0.0,24.4,30.7,18.3,3.79,7.3,0,0,0,0,0,0,0,0,0
2016-10-15,0.0,24.7,30.9,19.7,4.21,7.9,0,0,0,0,0,0,0,0,0
2016-10-16,0.0,24.0,30.5,17.8,4.32,8.7,0,0,0,0,0,0,0,0,0
2016-10-17,0.0,23.3,30.4,16.2,4.58,8.3,0,0,0,0,0,0,0,0,0
2016-10-18,0.0,23.7,30.7,17.0,4.65,10.9,0,0,0,0,0,0,0,0,0
2016-10-19,0.0,23.3,30.5,17.1,4.59,10.5,0,0,0,0,0,0,0,0,0
2016-10-20,0.0,22.7,30.4,15.4,4.55,10.1,0,0,0,0,0,0,0,0,0
2016-10-21,0.0,23.0,30.7,15.9,4.45,8.3,0,0,0,0,0,0,0,0,0
2016-10-22,0.0,23.5,30.9,16.5,4.36,8.7,0,0,0,0,0,0,0,0,0
2016-10-23,0.0,23.5,31.0,15.9,4.45,8.5,0,0,0,0,0,0,0,0,0
2016-10-24,0.0,24.2,31.3,17.4,4.21,7.6,0,0,0,0,0,0,0,0,0
2016-10-25,0.0,24.3,30.9,17.7,4.37,8.9,0,0,0,0,0,0,0,0,0
2016-10-26,0.0,24.3,30.7,18.1,4.4,11.4,0,0,0,0,0,0,0,0,0
2016-10-27,0.0,23.0,30.8,15.6,4.83,10.8,0,0,0,0,0,0,0,0,0
2016-10-28,0.0,22.5,29.9,15.2,4.37,9.0,0,0,0,0,0,0,0,0,0
2016-10-29,0.0,23.0,30.0,16.6,3.78,8.7,0,0,0,0,0,0,0,0,0
2016-10-30,0.0,23.0,29.6,17.0,3.84,8.8,0,0,0,0,0,0,0,0,0
2016-10-31,0.0,23.2,29.8,16.5,3.97,7.6,0,0,0,0,0,0,0,0,0
2016-11-01,0.0,23.2,29.7,17.3,4.08,7.0,0,0,0,0,0,0,0,0,0
2016-11-02,0.0,23.1,29.4,15.8,3.67,6.6,0,0,0,0,0,0,0,0,0
2016-11-03,0.0,23.7,30.2,17.3,3.79,6.9,0,0,0,0,0,0,0,0,0
2016-11-04,0.0,23.8,30.4,17.4,3.46,7.4,0,0,0,0,0,0,0,0,0
2016-11-05,0.3,24.7,29.6,21.2,3.67,10.5,0,0,0,0,0,0,0,0,0
2016-11-06,0.0,23.3,30.0,16.5,4.59,8.7,0,0,0,0,0,0,0,0,0
2016-11-07,0.0,22.1,30.3,14.2,4.6,11.6,0,0,0,0,0,0,0,0,0
2016-11-08,0.0,22.0,30.0,14.4,4.47,9.2,0,0,0,0,0,0,0,0,0
2016-11-09,0.0,21.1,28.9,12.8,4.33,9.2,0,0,0,0,0,0,0,0,0
2016-11-10,0.0,21.1,29.7,12.9,4.43,9.7,0,0,0,0,0,0,0,0,0
2016-11-11,0.0,20.8,29.4,12.5,3.98,7.6,0,0,0,0,0,0,0,0,0
2016-11-12,0.0,21.0,28.6,13.0,3.63,7.2,0,0,0,0,0,0,0,0,0
2016-11-13,0.0,21.7,28.8,13.8,3.61,7.0,0,0,0,0,0,0,0,0,0
2016-11-14,0.0,22.2,29.2,14.9,3.67,8.5,0,0,0,0,0,0,0,0,0
2016-11-15,0.0,22.3,29.2,16.1,3.69,7.0,0,0,0,0,0,0,0,0,0
2016-11-16,0.0,21.3,29.2,14.3,4.09,9.0,0,0,0,0,0,0,0,0,0
2016-11-17,0.0,20.6,28.4,13.1,3.94,8.1,0,0,0,0,0,0,0,0,0
2016-11-18,0.0,20.6,28.8,12.8,4.03,9.7,0,0,0,0,0,0,0,0,0
2016-11-19,0.0,20.5,29.1,11.7,3.75,7.9,0,0,0,0,0,0,0,0,0
2016-11-20,0.0,20.6,29.4,12.2,3.77,8.8,0,0,0,0,0,0,0,0,0
2016-11-21,0.0,20.5,29.2,11.9,3.98,9.4,0,0,0,0,0,0,0,0,0
2016-11-22,0.0,20.7,29.4,12.5,4.08,9.7,0,0,0,0,0,0,0,0,0
2016-11-23,0.0,20.3,29.3,11.8,3.75,7.4,0,0,0,0,0,0,0,0,0
2016-11-24,0.0,20.6,29.3,12.0,3.86,9.4,0,0,0,0,0,0,0,0,0
2016-11-25,0.0,20.7,29.3,12.4,4.15,9.3,0,0,0,0,0,0,0,0,0
2016-11-26,0.0,20.7,29.5,12.5,4.02,10.0,0,0,0,0,0,0,0,0,0
2016-11-27,0.0,21.1,30.0,13.3,4.26,12.3,0,0,0,0,0,0,0,0,0
2016-11-28,0.0,20.8,29.5,12.5,3.98,9.4,0,0,0,0,0,0,0,0,0
2016-11-29,0.0,21.2,29.7,12.9,3.93,9.5,0,0,0,0,0,0,0,0,0
2016-11-30,0.0,21.0,29.6,12.8,3.68,9.0,0,0,0,0,0,0,0,0,0
2016-12-01,0.0,20.9,29.0,12.6,3.36,8.4,0,0,0,0,0,0,0,0,0
2016-12-02,0.0,21.2,28.8,13.9,3.25,7.2,0,0,0,0,0,0,0,0,0
2016-12-03,0.0,21.6,29.1,14.5,3.28,7.9,0,0,0,0,0,0,0,0,0
2016-12-04,0.0,21.6,28.8,14.5,3.66,9.4,0,0,0,0,0,0,0,0,0
2016-12-05,0.0,20.9,27.5,14.7,3.62,8.0,0,0,0,0,0,0,0,0,0
2016-12-06,0.0,20.4,27.6,13.4,3.48,7.6,0,0,0,0,0,0,0,0,0
2016-12-07,0.0,20.0,27.3,12.7,3.52,9.0,0,0,0,0,0,0,0,0,0
2016-12-08,0.0,19.7,26.9,13.1,3.71,10.1,0,0,0,0,0,0,0,0,0
2016-12-09,0.0,19.0,26.6,12.7,3.8,10.1,0,0,0,0,0,0,0,0,0
2016-12-10,0.0,19.0,27.4,10.9,3.64,8.9,0,0,0,0,0,0,0,0,0
2016-12-11,0.0,20.1,29.7,11.9,3.49,8.8,0,0,0,0,0,0,0,0,0
2016-12-12,0.0,20.5,30.0,12.3,3.45,6.7,0,0,0,0,0,0,0,0,0
2016-12-13,0.0,20.6,29.2,13.2,3.53,7.9,0,0,0,0,0,0,0,0,0
2016-12-14,0.0,20.4,28.8,13.0,3.6,8.4,0,0,0,0,0,0,0,0,0
2016-12-15,0.0,20.1,28.1,12.6,3.74,9.8,0,0,0,0,0,0,0,0,0
2016-12-16,0.0,19.4,27.3,11.7,3.72,8.6,0,0,0,0,0,0,0,0,0
2016-12-17,0.0,18.7,26.3,11.1,3.83,11.0,0,0,0,0,0,0,0,0,0
2016-12-18,0.0,17.9,26.1,10.0,3.75,10.0,0,0,0,0,0,0,0,0,0
2016-12-19,0.0,17.6,26.1,9.4,3.63,9.3,0,0,0,0,0,0,0,0,0
2016-12-20,0.0,18.1,26.8,9.5,3.65,9.5,0,0,0,0,0,0,0,0,0
2016-12-21,0.0,18.4,27.6,9.7,3.8,8.6,0,0,0,0,0,0,0,0,0
2016-12-22,0.0,18.2,27.1,9.4,3.9,9.7,0,0,0,0,0,0,0,0,0
2016-12-23,0.0,17.9,26.5,9.8,3.88,11.9,0,0,0,0,0,0,0,0,0
2016-12-24,0.0,19.1,27.9,9.6,3.54,8.4,0,0,0,0,0,0,0,0,0
2016-12-25,0.0,20.0,27.8,12.2,3.62,9.2,0,0,0,0,0,0,0,0,0
2016-12-26,0.0,18.7,25.5,13.9,4.05,12.1,0,0,0,0,0,0,0,0,0
2016-12-27,0.0,18.2,26.2,10.8,3.39,8.8,0,0,0,0,0,0,0,0,0
2016-12-28,0.0,18.1,26.2,9.4,3.29,8.1,0,0,0,0,0,0,0,0,0
2016-12-29,0.0,18.8,27.8,10.1,3.44,8.4,0,0,0,0,0,0,0,0,0
2016-12-30,0.0,19.1,28.0,10.2,3.43,6.8,0,0,0,0,0,0,0,0,0
2016-12-31,0.0,20.2,28.0,11.1,3.58,8.4,0,0,0,0,0,0,0,0,0
2017-01-01,0.0,20.9,28.2,14.2,3.75,11.8,0,0,0,0,0,0,0,0,0
2017-01-02,0.0,21.4,28.4,15.6,4.21,17.5,0,0,0,0,0,0,0,0,0
2017-01-03,0.0,19.2,25.7,13.8,3.87,14.5,0,0,0,0,0,0,0,0,0
2017-01-04,0.0,18.2,25.1,12.2,3.4,9.7,0,0,0,0,0,0,0,0,0
2017-01-05,0.0,17.9,26.3,11.4,3.59,8.4,0,0,0,0,0,0,0,0,0
2017-01-06,0.0,19.2,27.0,12.0,3.75,10.9,0,0,0,0,0,0,0,0,0
2017-01-07,0.0,20.2,27.2,13.9,4.08,13.5,0,0,0,0,0,0,0,0,0
2017-01-08,0.0,20.5,26.9,14.8,3.48,10.2,0,0,0,0,0,0,0,0,0
2017-01-09,0.5,20.4,26.1,14.8,3.08,12.4,0,0,0,0,0,0,0,0,0
2017-01-10,0.2,19.1,24.4,15.6,3.51,16.7,0,0,0,0,0,0,0,0,0
2017-01-11,0.0,17.0,23.0,12.0,3.74,11.8,0,0,0,0,0,0,0,0,0
2017-01-12,0.0,16.1,22.0,11.4,3.84,9.5,0,0,0,0,0,0,0,0,0
2017-01-13,0.0,15.8,22.8,9.9,4.01,12.4,0,0,0,0,0,0,0,0,0
2017-01-14,0.0,16.3,23.8,10.3,3.76,10.9,0,0,0,0,0,0,0,0,0
2017-01-15,0.0,17.7,26.9,9.8,3.78,9.8,0,0,0,0,0,0,0,0,0
2017-01-16,0.0,20.1,27.9,12.1,3.74,7.6,0,0,0,0,0,0,0,0,0
2017-01-17,0.0,21.1,28.1,14.7,3.43,7.3,0,0,0,0,0,0,0,0,0
2017-01-18,0.0,21.5,28.7,14.7,3.89,8.9,0,0,0,0,0,0,0,0,0
2017-01-19,0.0,21.9,29.2,14.8,3.95,14.2,0,0,0,0,0,0,0,0,0
2017-01-20,0.0,21.8,28.6,15.6,4.07,13.4,0,0,0,0,0,0,0,0,0
2017-01-21,0.0,21.8,29.7,15.5,3.98,10.1,0,0,0,0,0,0,0,0,0
2017-01-22,0.0,22.3,29.9,15.5,4.55,15.6,0,0,0,0,0,0,0,0,0
2017-01-23,0.0,22.7,30.0,15.6,4.65,15.4,0,0,0,0,0,0,0,0,0
2017-01-24,0.0,22.3,30.2,15.2,4.27,9.9,0,0,0,0,0,0,0,0,0
2017-01-25,0.0,21.8,29.9,15.1,4.33,9.7,0,0,0,0,0,0,0,0,0
2017-01-26,0.5,20.2,26.3,13.6,2.57,8.3,0,0,0,0,0,0,0,0,0
2017-01-27,0.2,21.9,28.2,16.8,3.83,19.7,0,0,0,0,0,0,0,0,0
2017-01-28,0.0,20.4,27.0,15.8,4.99,15.8,0,0,0,0,0,0,0,0,0
2017-01-29,0.0,20.1,28.4,13.4,4.53,10.2,0,0,0,0,0,0,0,0,0
2017-01-30,0.0,20.5,29.7,12.8,4.56,10.1,0,0,0,0,0,0,0,0,0
2017-01-31,0.0,21.4,30.0,14.2,4.55,10.0,0,0,0,0,0,0,0,0,0
2017-02-01,0.0,22.0,30.1,14.9,4.33,8.8,0,0,0,0,0,0,0,0,0
2017-02-02,0.0,22.4,30.2,15.4,4.44,8.3,0,0,0,0,0,0,0,0,0
2017-02-03,0.0,22.2,30.6,15.1,4.79,11.2,0,0,0,0,0,0,0,0,0
2017-02-04,0.0,22.7,31.0,14.8,4.45,11.0,0,0,0,0,0,0,0,0,0
2017-02-05,0.0,23.0,31.2,15.3,4.64,10.6,0,0,0,0,0,0,0,0,0
2017-02-06,0.0,23.4,30.6,16.5,4.69,13.2,0,0,0,0,0,0,0,0,0
2017-02-07,0.0,22.6,29.5,16.4,4.95,11.9,0,0,0,0,0,0,0,0,0
2017-02-08,0.0,22.1,30.9,14.1,4.76,9.4,0,0,0,0,0,0,0,0,0
2017-02-09,0.0,23.4,31.6,15.2,4.7,12.2,0,0,0,0,0,0,0,0,0
2017-02-10,0.0,23.7,30.5,18.1,5.37,16.0,0,0,0,0,0,0,0,0,0
2017-02-11,0.5,22.3,29.6,18.0,4.06,17.3,0,0,0,0,0,0,0,0,0
2017-02-12,1.4,22.4,29.3,16.7,3.84,12.9,0,0,0,0,0,0,0,0,0
2017-02-13,0.0,22.8,28.7,16.3,3.77,11.5,0,0,0,0,0,0,0,0,0
2017-02-14,0.0,24.6,31.4,18.3,5.23,16.6,0,0,0,0,0,0,0,0,0
2017-02-15,0.0,24.2,31.1,17.5,5.37,13.3,0,0,0,0,0,0,0,0,0
2017-02-16,0.0,24.4,32.5,17.9,5.9,16.2,0,0,0,0,0,0,0,0,0
2017-02-17,0.0,25.5,33.0,18.5,6.38,16.9,0,0,0,0,0,0,0,0,0
2017-02-18,0.0,25.3,33.6,17.9,6.35,20.5,0,0,0,0,0,0,0,0,0
2017-02-19,0.0,24.6,33.3,17.5,5.98,18.4,0,0,0,0,0,0,0,0,0
2017-02-20,0.0,25.3,35.1,17.0,5.41,14.4,0,0,0,0,0,0,0,0,0
2017-02-21,0.0,26.1,34.5,18.2,5.65,16.8,0,0,0,0,0,0,0,0,0
2017-02-22,0.0,25.4,34.2,19.0,5.97,12.3,0,0,0,0,0,0,0,0,0
2017-02-23,0.0,24.8,32.3,17.7,5.55,12.9,0,0,0,0,0,0,0,0,0
2017-02-24,0.0,24.3,31.6,19.2,6.95,16.9,0,0,0,0,0,0,0,0,0
2017-02-25,0.0,23.1,31.3,15.9,6.52,16.1,0,0,0,0,0,0,0,0,0
2017-02-26,0.0,24.6,33.3,16.4,6.68,15.3,0,0,0,0,0,0,0,0,0
2017-02-27,0.0,25.1,33.6,16.6,6.76,16.7,0,0,0,0,0,0,0,0,0
2017-02-28,0.0,25.8,34.8,16.9,6.58,13.7,0,0,0,0,0,0,0,0,0
2017-03-01,0.0,27.2,35.3,17.9,5.67,11.6,0,0,0,0,0,0,0,0,0
2017-03-02,0.0,27.5,35.3,19.4,6.44,14.0,0,0,0,0,0,0,0,0,0
2017-03-03,0.0,27.3,34.7,20.0,6.4,16.0,0,0,0,0,0,0,0,0,0
2017-03-04,0.0,27.1,34.9,19.5,6.25,17.8,0,0,0,0,0,0,0,0,0
2017-03-05,0.0,26.4,33.1,19.8,6.58,15.7,0,0,0,0,0,0,0,0,0
2017-03-06,0.0,25.6,31.9,19.7,6.7,15.8,0,0,0,0,0,0,0,0,0
2017-03-07,0.0,25.5,32.1,19.6,5.12,11.0,0,0,0,0,0,0,0,0,0
2017-03-08,0.1,26.1,32.8,21.5,4.98,14.8,0,0,0,0,0,0,0,0,0
2017-03-09,0.0,26.7,33.7,19.9,5.38,17.0,0,0,0,0,0,0,0,0,0
2017-03-10,0.0,26.2,33.7,20.1,6.06,23.3,0,0,0,0,0,1,1,1,0
2017-03-11,0.0,24.4,31.1,18.2,5.67,19.2,0,0,0,0,0,0,0,0,0
2017-03-12,0.0,23.9,30.0,18.3,6.55,13.9,0,0,0,0,0,0,0,0,0
2017-03-13,0.0,23.8,31.0,16.7,5.71,11.5,0,0,0,0,0,0,0,0,0
2017-03-14,0.0,25.2,32.4,17.1,6.68,14.6,0,0,0,0,0,0,0,0,0
2017-03-15,0.0,25.8,33.0,19.1,6.7,12.1,0,0,0,0,0,0,0,0,0
2017-03-16,0.0,26.4,34.5,18.2,6.04,11.7,0,0,0,0,0,0,0,0,0
2017-03-17,0.0,27.7,35.7,20.8,6.85,18.8,0,0,0,0,0,0,0,0,0
2017-03-18,0.0,27.4,34.6,19.3,6.2,14.3,0,0,0,0,0,0,0,0,0
2017-03-19,0.1,27.4,33.5,21.6,6.52,20.8,0,0,0,0,0,0,0,0,0
2017-03-20,0.0,26.2,33.6,18.8,6.75,15.5,0,0,0,0,0,0,0,0,0
2017-03-21,0.0,27.4,35.3,19.1,7.02,13.2,0,0,0,0,0,0,0,0,0
2017-03-22,0.0,28.2,36.6,19.4,6.94,16.1,0,0,0,0,0,0,0,0,0
2017-03-23,0.0,30.0,38.5,21.2,6.44,10.5,0,0,0,0,0,0,0,0,0
2017-03-24,0.0,31.2,39.3,22.9,6.87,12.7,0,0,0,0,0,0,0,0,0
2017-03-25,0.0,31.2,39.6,23.3,7.64,12.9,0,0,0,0,0,0,0,0,0
2017-03-26,0.0,32.0,39.7,23.7,7.75,17.6,0,0,0,0,0,0,0,0,0
2017-03-27,0.0,31.9,39.6,23.3,7.72,16.5,0,0,0,0,0,0,0,0,0
2017-03-28,0.0,32.6,40.5,23.4,7.65,15.5,0,0,0,0,0,0,0,0,0
2017-03-29,0.0,32.3,41.2,24.7,7.4,15.1,0,0,0,0,0,0,0,0,0
2017-03-30,0.0,32.8,41.3,24.7,6.76,10.3,0,0,0,0,0,0,0,0,0
2017-03-31,0.0,32.6,41.4,24.2,7.08,9.9,0,0,0,0,0,0,0,0,0
2017-04-01,0.0,32.7,40.6,25.0,7.21,14.2,0,0,0,0,0,0,0,0,0
2017-04-02,0.0,32.3,39.6,25.6,7.11,20.1,0,0,0,0,0,0,0,0,0
2017-04-03,0.0,32.5,40.3,25.2,7.16,14.8,0,0,0,0,0,0,0,0,0
2017-04-04,0.0,32.8,40.3,25.9,7.29,21.6,0,0,0,0,0,0,0,0,0
2017-04-05,0.0,32.9,40.2,26.3,7.42,16.8,0,0,0,0,0,0,0,0,0
2017-04-06,0.0,32.9,40.1,26.2,7.33,14.8,0,0,0,0,0,0,0,0,0
2017-04-07,0.0,32.7,40.6,24.8,7.88,15.8,0,0,0,0,0,0,0,0,0
2017-04-08,0.0,32.8,40.6,26.5,8.42,14.7,0,0,0,0,0,0,0,0,0
2017-04-09,0.0,32.7,40.0,25.3,8.52,14.8,0,0,0,0,0,0,0,0,0
2017-04-10,0.0,31.0,38.2,24.2,9.72,20.1,0,0,0,0,1,0,1,1,0
2017-04-11,0.0,29.8,39.1,21.7,8.31,17.6,0,0,0,0,0,0,0,0,0
2017-04-12,0.0,31.0,40.1,21.3,7.58,13.5,0,0,0,0,0,0,0,0,0
2017-04-13,0.0,32.5,41.0,23.4,8.67,18.5,0,0,0,0,0,0,0,0,0
2017-04-14,0.0,32.8,41.5,23.2,7.67,10.9,0,0,0,0,0,0,0,0,0
2017-04-15,0.0,33.4,41.0,24.3,7.12,11.6,0,0,0,0,0,0,0,0,0
2017-04-16,0.0,33.9,42.8,23.7,9.46,22.5,0,0,0,0,1,0,1,1,0
2017-04-17,0.0,33.8,42.4,24.9,8.24,22.3,0,0,0,0,0,0,0,0,0
2017-04-18,0.0,34.0,42.8,24.7,7.67,12.6,0,0,0,0,0,0,0,0,0
2017-04-19,0.0,34.5,43.1,25.4,8.73,16.5,0,0,0,0,0,0,0,0,0
2017-04-20,0.0,34.3,43.1,25.8,8.77,22.5,0,0,0,0,0,0,0,0,0
2017-04-21,0.2,34.1,42.7,26.4,7.04,26.0,0,0,0,0,0,1,1,1,0
2017-04-22,0.0,35.0,43.5,28.5,8.4,20.2,0,0,1,0,0,0,1,1,0
2017-04-23,0.0,34.2,41.5,27.7,9.36,24.0,0,0,0,0,1,1,2,1,0
2017-04-24,0.0,33.6,41.3,26.3,8.94,19.9,0,0,0,0,1,0,1,1,0
2017-04-25,0.0,33.1,40.2,26.3,8.9,16.8,0,0,0,0,1,0,1,1,0
2017-04-26,0.0,33.9,41.4,26.9,9.42,22.7,0,0,0,0,1,0,1,1,0
2017-04-27,0.0,33.6,41.2,26.0,9.43,22.7,0,0,0,0,1,0,1,1,0
2017-04-28,0.0,33.8,42.0,24.5,8.84,24.2,0,0,0,0,0,1,1,1,0
2017-04-29,0.1,33.5,41.3,25.5,7.59,18.4,0,0,0,0,0,0,0,0,0
2017-04-30,0.0,33.3,40.5,25.7,7.14,13.4,0,0,0,0,0,0,0,0,0
2017-05-01,0.0,33.1,40.2,25.8,6.85,18.1,0,0,0,0,0,0,0,0,0
2017-05-02,0.0,32.6,39.1,26.4,7.05,15.3,0,0,0,0,0,0,0,0,0
2017-05-03,0.0,33.0,38.8,25.5,6.83,21.5,0,0,0,0,0,0,0,0,0
2017-05-04,0.3,33.3,39.7,26.6,6.72,15.5,0,0,0,0,0,0,0,0,0
2017-05-05,0.1,34.5,42.3,26.6,7.06,20.9,0,0,0,0,0,0,0,0,0
2017-05-06,5.7,33.9,40.7,29.3,7.25,26.0,0,0,0,0,0,1,1,1,0
2017-05-07,4.7,32.3,39.4,26.7,7.04,15.0,0,0,0,0,0,0,0,0,0
2017-05-08,0.0,33.0,40.8,26.1,6.57,15.9,0,0,0,0,0,0,0,0,0
2017-05-09,0.0,33.1,40.6,26.4,7.21,23.0,0,0,0,0,0,1,1,1,0
2017-05-10,0.4,31.4,38.0,26.4,6.15,12.3,0,0,0,0,0,0,0,0,0
2017-05-11,1.6,31.6,37.2,25.7,6.22,14.2,0,0,0,0,0,0,0,0,0
2017-05-12,1.2,32.4,38.4,26.3,6.5,14.8,0,0,0,0,0,0,0,0,0
2017-05-13,0.0,34.2,41.7,27.4,7.29,24.1,0,0,0,0,0,1,1,1,0
2017-05-14,0.0,35.2,42.8,28.5,7.45,12.5,0,0,0,0,0,0,0,0,0
2017-05-15,0.0,35.8,43.0,29.2,8.38,22.2,0,0,0,0,0,0,0,0,0
2017-05-16,0.0,36.5,43.7,29.9,9.26,22.0,0,1,1,0,1,0,3,1,0
2017-05-17,0.0,36.7,43.5,30.3,10.21,22.3,0,1,1,0,1,0,3,1,0
2017-05-18,0.0,35.9,42.6,28.7,8.44,16.8,0,0,0,0,0,0,0,0,0
2017-05-19,0.0,35.9,42.8,28.9,8.52,20.4,0,0,0,0,0,0,0,0,0
2017-05-20,0.0,35.2,42.9,27.4,7.92,17.6,0,0,0,0,0,0,0,0,0
2017-05-21,0.0,35.0,42.4,27.8,8.44,16.9,0,0,0,0,0,0,0,0,0
2017-05-22,0.0,35.4,42.2,27.9,9.58,20.4,0,0,0,0,1,0,1,1,0
2017-05-23,0.0,35.5,41.7,28.9,9.68,17.6,0,0,0,0,1,0,1,1,0
2017-05-24,0.0,36.0,42.8,28.2,7.11,12.3,0,0,0,0,0,0,0,0,0
2017-05-25,0.0,36.1,42.3,29.6,7.15,16.3,0,0,0,0,0,0,0,0,0
2017-05-26,0.0,37.1,42.8,30.1,7.54,18.7,0,1,0,0,0,0,1,1,0
2017-05-27,0.0,36.5,43.4,30.8,7.37,23.0,0,1,1,0,0,1,3,1,0
2017-05-28,0.0,34.0,40.7,28.0,7.27,13.4,0,0,0,0,0,0,0,0,0
2017-05-29,0.0,31.3,38.2,25.6,6.0,20.9,0,0,0,0,0,0,0,0,0
2017-05-30,0.0,31.4,37.9,26.4,6.01,15.6,0,0,0,0,0,0,0,0,0
2017-05-31,0.8,31.9,37.9,26.6,5.43,14.7,0,0,0,0,0,0,0,0,0
2017-06-01,1.8,32.5,36.9,27.7,5.46,24.2,0,0,0,0,0,1,1,1,0
2017-06-02,4.7,32.4,38.4,26.2,6.09,13.5,0,0,0,0,0,0,0,0,0
2017-06-03,0.0,34.8,40.2,29.0,6.25,10.2,0,0,0,0,0,0,0,0,0
2017-06-04,2.6,34.4,41.6,31.1,5.48,24.1,0,0,0,0,0,1,1,1,0
2017-06-05,1.4,33.8,41.2,30.0,6.17,21.2,0,0,0,0,0,0,0,0,0
2017-06-06,0.2,32.4,39.5,27.9,5.97,13.6,0,0,0,0,0,0,0,0,0
2017-06-07,0.4,31.3,36.7,27.1,5.62,16.0,0,0,0,0,0,0,0,0,0
2017-06-08,0.7,31.6,36.3,27.2,6.25,17.2,0,0,0,0,0,0,0,0,0
2017-06-09,0.6,31.5,38.0,27.1,5.6,16.9,0,0,0,0,0,0,0,0,0
2017-06-10,0.7,30.6,36.1,25.6,4.96,17.4,0,0,0,0,0,0,0,0,0
2017-06-11,2.1,29.8,34.4,26.2,4.42,15.0,0,0,0,0,0,0,0,0,0
2017-06-12,5.3,29.9,34.1,26.6,4.27,10.2,0,0,0,0,0,0,0,0,0
2017-06-13,0.0,30.6,36.3,26.5,5.27,11.1,0,0,0,0,0,0,0,0,0
2017-06-14,0.4,30.7,36.2,26.9,4.43,14.2,0,0,0,0,0,0,0,0,0
2017-06-15,0.1,32.5,39.4,27.5,6.16,22.7,0,0,0,0,0,0,0,0,0
2017-06-16,1.8,30.4,36.1,26.0,5.57,11.9,0,0,0,0,0,0,0,0,0
2017-06-17,1.4,30.5,35.5,25.9,5.36,14.4,0,0,0,0,0,0,0,0,0
2017-06-18,0.0,32.3,38.6,26.8,6.06,12.6,0,0,0,0,0,0,0,0,0
2017-06-19,0.2,32.8,39.4,27.5,6.32,17.3,0,0,0,0,0,0,0,0,0
2017-06-20,0.0,33.0,38.4,27.7,6.47,16.7,0,0,0,0,0,0,0,0,0
2017-06-21,3.8,31.2,37.3,27.7,5.21,20.7,0,0,0,0,0,0,0,0,0
2017-06-22,8.6,29.1,33.1,25.4,4.11,14.4,1,0,0,0,0,0,1,1,0
2017-06-23,7.6,28.7,33.8,25.4,4.54,15.0,0,0,0,0,0,0,0,0,0
2017-06-24,4.7,29.3,33.9,25.7,4.44,15.3,0,0,0,0,0,0,0,0,0
2017-06-25,21.0,28.0,29.6,25.3,2.61,11.3,1,0,0,0,0,0,1,1,0
2017-06-26,31.0,26.9,30.8,24.7,2.9,13.7,1,0,0,0,0,0,1,1,0
2017-06-27,10.2,26.9,29.4,24.8,2.97,10.2,1,0,0,0,0,0,1,1,0
2017-06-28,28.1,26.3,29.1,24.7,1.92,15.0,1,0,0,0,0,0,1,1,0
2017-06-29,28.8,26.4,28.9,24.0,2.11,7.7,1,0,0,0,0,0,1,1,0
2017-06-30,43.7,26.4,30.8,24.6,3.04,11.9,1,0,0,0,0,0,1,1,0
2017-07-01,8.1,27.0,30.1,25.1,2.9,12.3,0,0,0,0,0,0,0,0,0
2017-07-02,25.5,25.9,28.0,24.4,1.85,16.3,1,0,0,0,0,0,1,1,0
2017-07-03,9.8,26.5,29.1,24.8,2.07,13.8,1,0,0,0,0,0,1,1,0
2017-07-04,10.2,25.8,28.3,24.0,1.83,14.7,1,0,0,0,0,0,1,1,0
2017-07-05,4.9,26.4,30.5,23.3,3.32,13.4,0,0,0,0,0,0,0,0,0
2017-07-06,1.9,27.3,31.3,24.0,3.78,15.5,0,0,0,0,0,0,0,0,0
2017-07-07,0.2,28.9,32.8,24.5,5.05,15.6,0,0,0,0,0,0,0,0,0
2017-07-08,1.2,29.4,33.1,24.8,4.68,13.8,0,0,0,0,0,0,0,0,0
2017-07-09,16.6,27.3,29.8,25.4,2.29,17.6,1,0,0,0,0,0,1,1,0
2017-07-10,8.9,25.9,27.6,23.4,1.55,10.3,1,0,0,0,0,0,1,1,0
2017-07-11,13.0,25.5,28.9,23.5,1.72,11.5,1,0,0,0,0,0,1,1,0
2017-07-12,3.3,25.5,27.4,24.1,1.96,13.4,0,0,0,0,0,0,0,0,0
2017-07-13,5.7,25.2,27.8,23.6,1.86,16.7,0,0,0,0,0,0,0,0,0
2017-07-14,9.7,25.6,28.6,23.8,2.63,14.4,1,0,0,0,0,0,1,1,0
2017-07-15,73.5,24.9,26.9,23.7,1.93,9.7,1,0,0,0,0,0,1,1,0
2017-07-16,8.3,26.1,29.3,23.6,2.54,11.1,1,0,0,0,0,0,1,1,0
2017-07-17,8.3,26.2,30.3,23.7,2.48,12.7,1,0,0,0,0,0,1,1,0
2017-07-18,46.4,26.9,31.4,24.3,3.29,16.9,1,0,0,0,0,0,1,1,0
2017-07-19,31.5,26.3,29.8,24.2,2.73,15.6,1,0,0,0,0,0,1,1,0
2017-07-20,19.3,25.5,27.5,24.0,1.83,15.6,1,0,0,0,0,0,1,1,0
2017-07-21,15.3,26.4,29.7,24.3,3.14,17.3,1,0,0,0,0,0,1,1,0
2017-07-22,17.8,26.7,29.8,24.0,3.63,19.9,1,0,0,0,0,0,1,1,0
2017-07-23,11.7,25.9,28.4,24.7,1.99,13.5,1,0,0,0,0,0,1,1,0
2017-07-24,2.1,26.1,29.0,23.9,2.93,17.1,0,0,0,0,0,0,0,0,0
2017-07-25,4.7,25.1,27.1,23.5,1.57,15.5,0,0,0,0,0,0,0,0,0
2017-07-26,11.2,24.4,25.7,23.7,0.98,14.3,1,0,0,0,0,0,1,1,0
2017-07-27,65.1,24.0,25.1,23.2,1.0,16.9,1,0,0,0,0,0,1,1,0
2017-07-28,5.2,25.5,29.2,23.5,2.68,15.5,0,0,0,0,0,0,0,0,0
2017-07-29,1.2,26.7,31.0,23.5,3.67,10.8,0,0,0,0,0,0,0,0,0
2017-07-30,13.8,26.7,29.8,24.5,3.22,10.3,1,0,0,0,0,0,1,1,0
2017-07-31,5.8,26.6,29.7,24.3,3.26,12.0,0,0,0,0,0,0,0,0,0
2017-08-01,1.0,27.7,30.6,24.6,3.78,13.5,0,0,0,0,0,0,0,0,0
2017-08-02,5.2,27.3,29.7,24.1,3.58,11.6,0,0,0,0,0,0,0,0,0
2017-08-03,0.3,27.5,31.0,24.6,4.5,15.5,0,0,0,0,0,0,0,0,0
2017-08-04,13.6,25.8,29.5,24.5,2.24,9.4,1,0,0,0,0,0,1,1,0
2017-08-05,2.0,26.5,29.6,24.3,2.57,12.6,0,0,0,0,0,0,0,0,0
2017-08-06,19.6,26.2,29.4,24.6,2.24,10.1,1,0,0,0,0,0,1,1,0
2017-08-07,23.5,25.7,28.3,24.3,2.01,9.4,1,0,0,0,0,0,1,1,0
2017-08-08,142.1,25.4,27.2,24.1,1.35,9.3,1,0,0,0,0,0,1,1,1
2017-08-09,87.8,25.6,28.9,23.7,2.2,11.7,1,0,0,0,0,0,1,1,0
2017-08-10,0.9,26.8,31.0,23.9,3.51,12.8,0,0,0,0,0,0,0,0,0
2017-08-11,5.5,26.7,30.2,24.1,3.45,14.1,0,0,0,0,0,0,0,0,0
2017-08-12,0.2,26.8,30.0,24.7,3.0,13.0,0,0,0,0,0,0,0,0,0
2017-08-13,7.5,26.3,29.5,24.5,2.38,10.7,0,0,0,0,0,0,0,0,0
2017-08-14,5.0,26.1,30.1,24.3,2.76,8.4,0,0,0,0,0,0,0,0,0
2017-08-15,4.5,27.1,31.3,24.2,3.77,8.7,0,0,0,0,0,0,0,0,0
2017-08-16,4.4,27.1,31.4,24.3,3.79,10.5,0,0,0,0,0,0,0,0,0
2017-08-17,10.7,26.9,30.6,24.5,2.93,13.3,1,0,0,0,0,0,1,1,0
2017-08-18,10.9,26.8,29.9,24.7,3.13,15.8,1,0,0,0,0,0,1,1,0
2017-08-19,7.3,27.5,32.0,24.3,4.06,13.3,0,0,0,0,0,0,0,0,0
2017-08-20,3.5,27.3,30.9,24.9,3.89,15.3,0,0,0,0,0,0,0,0,0
2017-08-21,0.9,26.4,29.4,24.6,3.86,18.7,0,0,0,0,0,0,0,0,0
2017-08-22,0.5,26.4,30.0,22.8,3.85,10.2,0,0,0,0,0,0,0,0,0
2017-08-23,5.8,27.1,30.7,23.7,3.94,6.1,0,0,0,0,0,0,0,0,0
2017-08-24,4.9,27.1,30.9,24.8,3.6,12.8,0,0,0,0,0,0,0,0,0
2017-08-25,10.4,26.7,30.6,24.2,3.25,11.5,1,0,0,0,0,0,1,1,0
2017-08-26,8.7,26.6,30.1,24.2,3.08,11.5,1,0,0,0,0,0,1,1,0
2017-08-27,5.6,26.7,30.1,23.6,3.27,7.6,0,0,0,0,0,0,0,0,0
2017-08-28,42.3,25.5,26.7,24.1,1.29,8.1,1,0,0,0,0,0,1,1,0
2017-08-29,30.3,25.0,27.9,23.9,2.01,17.9,1,0,0,0,0,0,1,1,0
2017-08-30,10.1,26.2,29.5,23.4,3.29,16.6,1,0,0,0,0,0,1,1,0
2017-08-31,2.1,26.7,30.9,23.9,3.72,10.5,0,0,0,0,0,0,0,0,0
2017-09-01,1.5,27.0,31.2,23.7,4.09,10.4,0,0,0,0,0,0,0,0,0
2017-09-02,0.0,27.1,31.1,23.3,4.5,8.9,0,0,0,0,0,0,0,0,0
2017-09-03,12.4,26.5,29.5,23.1,3.76,12.1,1,0,0,0,0,0,1,1,0
2017-09-04,3.2,27.1,30.6,24.2,3.85,11.4,0,0,0,0,0,0,0,0,0
2017-09-05,2.4,27.4,31.2,23.8,3.89,12.4,0,0,0,0,0,0,0,0,0
2017-09-06,0.8,27.7,32.0,24.6,4.46,12.3,0,0,0,0,0,0,0,0,0
2017-09-07,2.3,27.5,30.7,24.5,4.03,11.3,0,0,0,0,0,0,0,0,0
2017-09-08,9.7,26.9,30.4,24.5,3.31,11.3,1,0,0,0,0,0,1,1,0
2017-09-09,4.7,27.1,31.3,24.4,3.5,8.7,0,0,0,0,0,0,0,0,0
2017-09-10,4.3,26.9,29.4,24.9,2.76,9.0,0,0,0,0,0,0,0,0,0
2017-09-11,13.4,27.8,30.7,24.9,3.33,7.1,1,0,0,0,0,0,1,1,0
2017-09-12,6.6,27.0,30.6,25.4,3.27,10.9,0,0,0,0,0,0,0,0,0
2017-09-13,6.7,25.5,28.8,23.6,2.49,12.8,0,0,0,0,0,0,0,0,0
2017-09-14,11.8,25.3,28.5,23.5,2.59,8.9,1,0,0,0,0,0,1,1,0
2017-09-15,7.0,26.1,29.2,23.4,2.89,13.2,0,0,0,0,0,0,0,0,0
2017-09-16,1.4,27.1,30.4,23.5,3.66,6.7,0,0,0,0,0,0,0,0,0
2017-09-17,9.9,27.2,31.2,24.5,4.03,8.7,1,0,0,0,0,0,1,1,0
2017-09-18,8.4,26.4,30.2,24.0,3.07,7.9,1,0,0,0,0,0,1,1,0
2017-09-19,11.2,26.3,30.1,24.1,2.86,9.7,1,0,0,0,0,0,1,1,0
2017-09-20,37.5,25.4,28.5,23.6,1.94,9.2,1,0,0,0,0,0,1,1,0
2017-09-21,24.0,25.0,29.0,23.0,2.38,15.0,1,0,0,0,0,0,1,1,0
2017-09-22,1.7,25.1,28.6,22.9,3.01,13.4,0,0,0,0,0,0,0,0,0
2017-09-23,0.3,26.4,30.8,21.8,4.27,10.6,0,0,0,0,0,0,0,0,0
2017-09-24,0.4,27.3,31.3,23.5,4.2,10.9,0,0,0,0,0,0,0,0,0
2017-09-25,0.0,27.3,32.0,23.7,4.43,12.8,0,0,0,0,0,0,0,0,0
2017-09-26,0.0,27.1,32.2,22.7,4.44,12.1,0,0,0,0,0,0,0,0,0
2017-09-27,0.0,27.7,33.2,23.5,4.83,12.3,0,0,0,0,0,0,0,0,0
2017-09-28,0.0,27.6,33.1,23.3,4.71,11.7,0,0,0,0,0,0,0,0,0
2017-09-29,0.2,27.4,32.6,23.3,4.39,12.8,0,0,0,0,0,0,0,0,0
2017-09-30,0.0,27.3,33.0,22.5,4.14,8.3,0,0,0,0,0,0,0,0,0
2017-10-01,0.2,27.2,31.8,24.0,3.23,5.8,0,0,0,0,0,0,0,0,0
2017-10-02,0.0,27.4,33.2,23.0,4.19,11.9,0,0,0,0,0,0,0,0,0
2017-10-03,0.0,26.6,33.5,20.6,5.16,14.5,0,0,0,0,0,0,0,0,0
2017-10-04,0.0,27.3,33.4,20.9,4.76,10.4,0,0,0,0,0,0,0,0,0
2017-10-05,8.9,26.7,31.2,23.4,3.39,7.9,1,0,0,0,0,0,1,1,0
2017-10-06,4.5,26.9,31.4,23.8,3.59,11.4,0,0,0,0,0,0,0,0,0
2017-10-07,9.3,26.2,29.7,24.1,2.91,12.0,1,0,0,0,0,0,1,1,0
2017-10-08,9.8,25.7,28.9,23.8,2.66,9.3,1,0,0,0,0,0,1,1,0
2017-10-09,8.5,25.4,27.8,23.6,2.47,8.2,1,0,0,0,0,0,1,1,0
2017-10-10,7.0,25.6,29.0,22.8,2.86,7.7,0,0,0,0,0,0,0,0,0
2017-10-11,10.2,26.2,30.0,22.9,3.33,6.5,1,0,0,0,0,0,1,1,0
2017-10-12,2.0,26.9,30.7,24.2,3.38,7.3,0,0,0,0,0,0,0,0,0
2017-10-13,4.3,26.3,30.0,23.5,2.98,7.4,0,0,0,0,0,0,0,0,0
2017-10-14,4.3,26.6,31.7,23.3,3.34,10.4,0,0,0,0,0,0,0,0,0
2017-10-15,0.1,27.3,32.5,23.3,3.98,7.1,0,0,0,0,0,0,0,0,0
2017-10-16,0.0,26.6,33.1,21.7,4.54,9.2,0,0,0,0,0,0,0,0,0
2017-10-17,0.0,25.2,32.9,19.3,4.87,11.9,0,0,0,0,0,0,0,0,0
2017-10-18,0.0,24.6,32.5,19.0,4.87,12.7,0,0,0,0,0,0,0,0,0
2017-10-19,0.3,25.8,32.2,20.3,4.0,9.4,0,0,0,0,0,0,0,0,0
2017-10-20,6.3,26.8,31.1,23.3,3.43,13.8,0,0,0,0,0,0,0,0,0
2017-10-21,1.5,27.1,32.0,23.0,3.78,9.7,0,0,0,0,0,0,0,0,0
2017-10-22,0.2,26.7,31.6,23.2,3.76,13.3,0,0,0,0,0,0,0,0,0
2017-10-23,0.0,26.2,31.7,21.4,3.77,8.0,0,0,0,0,0,0,0,0,0
2017-10-24,0.0,24.1,31.5,17.5,4.37,8.4,0,0,0,0,0,0,0,0,0
2017-10-25,0.0,24.8,31.1,19.1,4.43,8.0,0,0,0,0,0,0,0,0,0
2017-10-26,0.0,24.5,30.7,18.8,3.9,9.4,0,0,0,0,0,0,0,0,0
2017-10-27,0.0,24.2,28.6,20.1,3.14,12.7,0,0,0,0,0,0,0,0,0
2017-10-28,0.0,24.7,29.9,21.2,3.36,9.2,0,0,0,0,0,0,0,0,0
2017-10-29,0.0,23.9,29.9,20.0,3.33,5.6,0,0,0,0,0,0,0,0,0
2017-10-30,0.0,23.3,30.7,18.0,4.27,10.9,0,0,0,0,0,0,0,0,0
2017-10-31,0.0,22.1,29.7,15.8,4.36,9.8,0,0,0,0,0,0,0,0,0
2017-11-01,0.0,22.1,29.3,16.0,3.59,10.5,0,0,0,0,0,0,0,0,0
2017-11-02,0.0,22.5,29.9,16.9,3.74,9.8,0,0,0,0,0,0,0,0,0
2017-11-03,0.0,22.5,30.0,16.9,3.81,10.0,0,0,0,0,0,0,0,0,0
2017-11-04,0.0,22.5,29.8,16.7,3.76,10.0,0,0,0,0,0,0,0,0,0
2017-11-05,0.0,23.0,30.6,16.1,3.95,8.0,0,0,0,0,0,0,0,0,0
2017-11-06,0.0,23.4,30.6,16.0,3.81,7.9,0,0,0,0,0,0,0,0,0
2017-11-07,0.0,23.9,29.9,19.4,3.79,9.6,0,0,0,0,0,0,0,0,0
2017-11-08,0.0,24.2,30.3,17.7,3.88,8.5,0,0,0,0,0,0,0,0,0
2017-11-09,0.0,22.6,29.3,17.4,4.39,12.1,0,0,0,0,0,0,0,0,0
2017-11-10,0.0,21.5,29.8,15.2,4.02,8.9,0,0,0,0,0,0,0,0,0
2017-11-11,0.0,21.2,29.1,14.4,3.91,10.1,0,0,0,0,0,0,0,0,0
2017-11-12,0.0,21.1,28.5,15.0,3.81,9.7,0,0,0,0,0,0,0,0,0
2017-11-13,0.0,21.8,29.0,15.0,3.76,10.1,0,0,0,0,0,0,0,0,0
2017-11-14,0.0,22.1,29.4,14.5,3.62,8.2,0,0,0,0,0,0,0,0,0
2017-11-15,0.0,24.1,29.6,19.2,3.17,9.5,0,0,0,0,0,0,0,0,0
2017-11-16,0.8,23.6,28.4,19.6,2.67,7.3,0,0,0,0,0,0,0,0,0
2017-11-17,0.1,23.8,28.2,20.2,2.75,7.3,0,0,0,0,0,0,0,0,0
2017-11-18,0.2,23.6,28.7,19.4,2.77,5.4,0,0,0,0,0,0,0,0,0
2017-11-19,0.0,23.9,29.3,19.0,3.02,10.1,0,0,0,0,0,0,0,0,0
2017-11-20,0.0,25.0,31.1,19.8,4.09,14.4,0,0,0,0,0,0,0,0,0
2017-11-21,0.0,24.3,29.8,19.4,3.81,10.2,0,0,0,0,0,0,0,0,0
2017-11-22,0.0,23.2,28.2,19.5,2.95,12.7,0,0,0,0,0,0,0,0,0
2017-11-23,0.0,22.8,28.5,18.1,3.54,11.4,0,0,0,0,0,0,0,0,0
2017-11-24,0.0,21.5,28.2,16.2,4.11,10.5,0,0,0,0,0,0,0,0,0
2017-11-25,0.0,20.3,27.9,14.3,3.71,9.1,0,0,0,0,0,0,0,0,0
2017-11-26,0.0,20.5,28.9,13.7,4.08,10.1,0,0,0,0,0,0,0,0,0
2017-11-27,0.0,19.8,28.5,13.9,3.9,9.7,0,0,0,0,0,0,0,0,0
2017-11-28,0.0,20.3,28.8,13.1,3.6,8.7,0,0,0,0,0,0,0,0,0
2017-11-29,0.0,20.2,28.3,12.7,3.38,6.9,0,0,0,0,0,0,0,0,0
2017-11-30,0.0,20.8,28.1,14.7,3.76,10.6,0,0,0,0,0,0,0,0,0
2017-12-01,0.0,20.0,27.4,14.0,3.61,9.0,0,0,0,0,0,0,0,0,0
2017-12-02,0.0,19.6,27.3,13.3,3.47,8.6,0,0,0,0,0,0,0,0,0
2017-12-03,0.0,19.1,26.8,12.1,3.6,9.2,0,0,0,0,0,0,0,0,0
2017-12-04,0.0,19.0,27.0,11.7,3.22,7.6,0,0,0,0,0,0,0,0,0
2017-12-05,0.0,20.2,28.0,13.8,3.35,10.7,0,0,0,0,0,0,0,0,0
2017-12-06,0.0,20.6,27.6,14.9,2.69,7.6,0,0,0,0,0,0,0,0,0
2017-12-07,0.0,22.3,29.8,15.5,3.43,10.8,0,0,0,0,0,0,0,0,0
2017-12-08,0.0,23.1,30.0,17.9,3.96,12.4,0,0,0,0,0,0,0,0,0
2017-12-09,0.0,21.7,27.7,17.1,4.36,17.7,0,0,0,0,0,0,0,0,0
2017-12-10,0.0,19.5,27.0,13.7,3.88,10.6,0,0,0,0,0,0,0,0,0
2017-12-11,0.0,20.0,27.9,12.5,3.39,11.5,0,0,0,0,0,0,0,0,0
2017-12-12,0.0,21.3,28.4,15.9,3.23,8.2,0,0,0,0,0,0,0,0,0
2017-12-13,0.0,21.8,29.7,15.2,3.39,9.2,0,0,0,0,0,0,0,0,0
2017-12-14,0.0,22.5,29.7,16.1,3.34,7.6,0,0,0,0,0,0,0,0,0
2017-12-15,0.0,22.4,29.6,15.4,3.41,9.5,0,0,0,0,0,0,0,0,0
2017-12-16,0.0,22.1,28.3,17.1,3.23,11.2,0,0,0,0,0,0,0,0,0
2017-12-17,0.0,21.4,27.5,16.5,3.56,13.5,0,0,0,0,0,0,0,0,0
2017-12-18,0.0,19.2,26.6,13.8,4.2,12.2,0,0,0,0,0,0,0,0,0
2017-12-19,0.0,18.4,26.2,11.4,3.65,11.7,0,0,0,0,0,0,0,0,0
2017-12-20,0.0,19.4,26.0,13.5,3.65,11.2,0,0,0,0,0,0,0,0,0
2017-12-21,0.0,19.8,26.5,13.8,3.56,13.3,0,0,0,0,0,0,0,0,0
2017-12-22,0.0,20.4,27.6,14.5,3.78,13.3,0,0,0,0,0,0,0,0,0
2017-12-23,0.0,19.9,27.0,14.6,3.59,10.8,0,0,0,0,0,0,0,0,0
2017-12-24,0.0,19.1,27.2,12.9,3.31,7.7,0,0,0,0,0,0,0,0,0
2017-12-25,0.0,19.6,27.4,13.4,4.25,15.7,0,0,0,0,0,0,0,0,0
2017-12-26,0.0,18.9,26.8,12.2,3.97,13.0,0,0,0,0,0,0,0,0,0
2017-12-27,0.0,18.4,26.3,12.2,3.53,9.7,0,0,0,0,0,0,0,0,0
2017-12-28,0.0,18.3,26.9,11.6,3.31,8.4,0,0,0,0,0,0,0,0,0
2017-12-29,0.0,18.2,27.0,11.0,3.24,7.8,0,0,0,0,0,0,0,0,0
2017-12-30,0.0,18.5,26.9,11.6,3.3,8.0,0,0,0,0,0,0,0,0,0
2017-12-31,0.0,18.8,26.9,12.4,3.48,9.1,0,0,0,0,0,0,0,0,0
2018-01-01,0.0,18.7,26.7,12.0,3.62,10.8,0,0,0,0,0,0,0,0,0
2018-01-02,0.0,19.1,26.1,12.9,3.41,12.3,0,0,0,0,0,0,0,0,0
2018-01-03,0.0,17.8,24.8,12.0,3.77,10.3,0,0,0,0,0,0,0,0,0
2018-01-04,0.0,16.3,24.2,9.9,3.58,10.2,0,0,0,0,0,0,0,0,0
2018-01-05,0.0,17.3,25.1,9.4,3.45,12.2,0,0,0,0,0,0,0,0,0
2018-01-06,0.0,17.9,25.5,11.4,3.35,9.8,0,0,0,0,0,0,0,0,0
2018-01-07,0.0,18.2,25.7,12.1,3.41,11.3,0,0,0,0,0,0,0,0,0
2018-01-08,0.0,18.3,25.8,12.0,3.83,10.4,0,0,0,0,0,0,0,0,0
2018-01-09,0.0,17.9,25.5,10.7,3.94,12.3,0,0,0,0,0,0,0,0,0
2018-01-10,0.0,18.3,25.7,12.3,3.91,9.3,0,0,0,0,0,0,0,0,0
2018-01-11,0.0,19.3,26.8,13.0,4.12,12.3,0,0,0,0,0,0,0,0,0
2018-01-12,0.0,19.9,27.2,13.2,4.37,12.0,0,0,0,0,0,0,0,0,0
2018-01-13,0.0,20.9,28.9,14.4,4.14,10.5,0,0,0,0,0,0,0,0,0
2018-01-14,0.0,21.8,28.9,15.3,3.73,12.7,0,0,0,0,0,0,0,0,0
2018-01-15,0.0,21.3,28.8,15.3,4.24,14.5,0,0,0,0,0,0,0,0,0
2018-01-16,0.0,19.2,27.8,11.9,4.12,10.0,0,0,0,0,0,0,0,0,0
2018-01-17,0.0,19.5,28.4,11.5,4.26,13.7,0,0,0,0,0,0,0,0,0
2018-01-18,0.0,19.4,28.2,12.9,4.47,12.4,0,0,0,0,0,0,0,0,0
2018-01-19,0.0,19.0,28.0,12.3,4.13,12.0,0,0,0,0,0,0,0,0,0
2018-01-20,0.0,19.4,27.9,12.0,4.11,9.7,0,0,0,0,0,0,0,0,0
2018-01-21,0.0,19.6,28.1,12.6,4.0,10.5,0,0,0,0,0,0,0,0,0
2018-01-22,0.0,20.3,27.8,13.3,3.7,9.7,0,0,0,0,0,0,0,0,0
2018-01-23,0.0,21.0,28.1,13.2,4.12,11.1,0,0,0,0,0,0,0,0,0
2018-01-24,0.0,21.3,27.8,16.9,4.78,15.8,0,0,0,0,0,0,0,0,0
2018-01-25,0.0,18.5,25.8,12.5,4.31,10.3,0,0,0,0,0,0,0,0,0
2018-01-26,0.0,18.8,26.3,12.8,4.56,11.2,0,0,0,0,0,0,0,0,0
2018-01-27,0.0,18.2,27.0,10.7,4.25,10.5,0,0,0,0,0,0,0,0,0
2018-01-28,0.0,18.6,27.8,10.1,4.26,9.8,0,0,0,0,0,0,0,0,0
2018-01-29,0.0,19.6,28.8,11.8,4.85,15.6,0,0,0,0,0,0,0,0,0
2018-01-30,0.0,20.0,29.3,12.4,4.68,15.3,0,0,0,0,0,0,0,0,0
2018-01-31,0.0,21.3,31.1,14.3,5.13,17.1,0,0,0,0,0,0,0,0,0
2018-02-01,0.0,21.5,30.4,14.3,5.18,13.5,0,0,0,0,0,0,0,0,0
2018-02-02,0.0,22.3,30.3,12.7,4.02,9.0,0,0,0,0,0,0,0,0,0
2018-02-03,0.0,22.9,31.1,15.7,4.52,10.6,0,0,0,0,0,0,0,0,0
2018-02-04,0.0,23.2,30.8,16.1,4.42,9.1,0,0,0,0,0,0,0,0,0
2018-02-05,0.0,22.8,31.1,15.6,4.08,9.8,0,0,0,0,0,0,0,0,0
2018-02-06,0.0,23.6,31.5,17.4,4.33,9.7,0,0,0,0,0,0,0,0,0
2018-02-07,0.0,22.4,29.2,17.8,3.15,11.7,0,0,0,0,0,0,0,0,0
2018-02-08,0.0,22.9,29.3,16.0,3.72,10.0,0,0,0,0,0,0,0,0,0
2018-02-09,0.0,23.0,30.9,16.5,4.59,17.8,0,0,0,0,0,0,0,0,0
2018-02-10,0.0,22.2,28.6,16.0,3.36,11.3,0,0,0,0,0,0,0,0,0
2018-02-11,0.9,22.0,30.2,16.0,3.88,15.9,0,0,0,0,0,0,0,0,0
2018-02-12,5.9,21.3,26.8,16.7,3.1,14.7,0,0,0,0,0,0,0,0,0
2018-02-13,14.7,19.9,24.3,16.4,2.74,14.1,1,0,0,0,0,0,1,1,0
2018-02-14,0.0,19.5,26.4,15.0,4.09,15.2,0,0,0,0,0,0,0,0,0
2018-02-15,0.0,19.3,26.8,12.7,4.72,13.6,0,0,0,0,0,0,0,0,0
2018-02-16,0.0,20.6,28.7,12.9,4.86,13.2,0,0,0,0,0,0,0,0,0
2018-02-17,0.0,21.3,29.5,14.2,4.75,13.4,0,0,0,0,0,0,0,0,0
2018-02-18,0.0,22.2,30.6,14.4,4.36,8.0,0,0,0,0,0,0,0,0,0
2018-02-19,0.0,23.3,31.5,14.6,4.25,9.5,0,0,0,0,0,0,0,0,0
2018-02-20,0.0,24.2,31.5,18.2,4.85,10.5,0,0,0,0,0,0,0,0,0
2018-02-21,0.0,24.0,32.3,16.7,5.51,13.6,0,0,0,0,0,0,0,0,0
2018-02-22,0.0,24.6,33.0,16.2,4.8,9.8,0,0,0,0,0,0,0,0,0
2018-02-23,0.0,26.2,34.0,18.8,4.93,12.9,0,0,0,0,0,0,0,0,0
2018-02-24,0.0,26.1,34.0,19.0,4.88,10.1,0,0,0,0,0,0,0,0,0
2018-02-25,0.0,25.2,33.8,18.0,4.44,14.0,0,0,0,0,0,0,0,0,0
2018-02-26,0.0,25.8,33.6,19.1,5.94,14.7,0,0,0,0,0,0,0,0,0
2018-02-27,0.0,25.2,33.7,17.4,5.82,12.3,0,0,0,0,0,0,0,0,0
2018-02-28,0.0,25.6,34.9,17.3,5.74,12.3,0,0,0,0,0,0,0,0,0
2018-03-01,0.0,26.6,35.6,19.0,5.6,15.8,0,0,0,0,0,0,0,0,0
2018-03-02,0.0,27.0,35.4,18.8,5.46,15.5,0,0,0,0,0,0,0,0,0
2018-03-03,0.0,27.7,36.3,20.4,5.44,11.4,0,0,0,0,0,0,0,0,0
2018-03-04,0.0,27.8,35.6,19.9,5.51,11.7,0,0,0,0,0,0,0,0,0
2018-03-05,0.0,27.0,33.4,21.5,4.88,19.1,0,0,0,0,0,0,0,0,0
2018-03-06,0.0,27.0,33.9,20.5,5.39,11.9,0,0,0,0,0,0,0,0,0
2018-03-07,0.0,27.1,34.4,19.0,5.37,11.6,0,0,0,0,0,0,0,0,0
2018-03-08,0.1,27.6,34.3,22.9,6.32,16.6,0,0,0,0,0,0,0,0,0
2018-03-09,0.0,26.5,33.8,21.1,4.78,9.8,0,0,0,0,0,0,0,0,0
2018-03-10,0.5,27.1,34.6,19.6,5.38,14.2,0,0,0,0,0,0,0,0,0
2018-03-11,0.2,27.1,34.7,20.5,5.46,20.8,0,0,0,0,0,0,0,0,0
2018-03-12,0.4,27.9,35.7,20.8,5.49,15.5,0,0,0,0,0,0,0,0,0
2018-03-13,0.0,28.6,36.4,20.9,5.94,10.2,0,0,0,0,0,0,0,0,0
2018-03-14,0.0,29.9,37.2,22.1,6.07,14.1,0,0,0,0,0,0,0,0,0
2018-03-15,0.0,28.6,33.6,24.0,5.24,21.3,0,0,0,0,0,0,0,0,0
2018-03-16,1.0,24.8,29.3,18.9,3.78,17.5,0,0,0,0,0,0,0,0,0
2018-03-17,0.2,24.9,32.7,17.6,4.72,12.4,0,0,0,0,0,0,0,0,0
2018-03-18,0.0,26.9,33.4,20.4,4.49,7.1,0,0,0,0,0,0,0,0,0
2018-03-19,0.0,27.7,35.7,19.7,5.53,13.3,0,0,0,0,0,0,0,0,0
2018-03-20,0.0,28.3,35.7,20.0,4.74,9.6,0,0,0,0,0,0,0,0,0
2018-03-21,0.4,29.2,36.1,24.1,5.61,19.8,0,0,0,0,0,0,0,0,0
2018-03-22,0.0,29.6,37.0,22.6,7.62,19.3,0,0,0,0,0,0,0,0,0
2018-03-23,0.0,28.6,36.0,22.2,6.81,10.5,0,0,0,0,0,0,0,0,0
2018-03-24,0.0,29.3,37.3,22.2,7.37,16.9,0,0,0,0,0,0,0,0,0
2018-03-25,0.0,29.8,37.1,23.0,7.82,14.6,0,0,0,0,0,0,0,0,0
2018-03-26,0.0,28.9,37.0,21.0,7.15,13.8,0,0,0,0,0,0,0,0,0
2018-03-27,0.0,29.2,38.1,20.2,6.56,11.2,0,0,0,0,0,0,0,0,0
2018-03-28,0.0,29.7,39.2,20.9,6.74,10.6,0,0,0,0,0,0,0,0,0
2018-03-29,0.0,30.4,40.2,21.3,7.75,17.7,0,0,0,0,0,0,0,0,0
2018-03-30,0.0,30.5,39.8,21.5,7.53,13.3,0,0,0,0,0,0,0,0,0
2018-03-31,0.0,30.5,39.8,21.2,6.59,9.9,0,0,0,0,0,0,0,0,0
2018-04-01,2.9,28.2,37.6,22.5,5.85,18.0,0,0,0,0,0,0,0,0,0
2018-04-02,0.0,28.7,37.1,21.6,6.24,8.9,0,0,0,0,0,0,0,0,0
2018-04-03,0.0,30.4,38.7,22.7,7.34,24.1,0,0,0,0,0,1,1,1,0
2018-04-04,0.0,30.4,39.0,22.8,6.55,21.4,0,0,0,0,0,0,0,0,0
2018-04-05,0.8,30.0,38.3,23.8,6.28,13.6,0,0,0,0,0,0,0,0,0
2018-04-06,1.6,31.4,38.5,24.6,6.3,13.7,0,0,0,0,0,0,0,0,0
2018-04-07,0.5,30.4,37.4,24.6,5.72,13.8,0,0,0,0,0,0,0,0,0
2018-04-08,0.0,29.8,37.3,24.1,6.25,13.9,0,0,0,0,0,0,0,0,0
2018-04-09,0.7,29.5,37.0,24.0,5.94,18.2,0,0,0,0,0,0,0,0,0
2018-04-10,1.8,29.1,35.2,23.4,5.19,13.0,0,0,0,0,0,0,0,0,0
2018-04-11,0.3,29.7,36.6,23.7,5.76,13.5,0,0,0,0,0,0,0,0,0
2018-04-12,0.4,30.2,37.2,24.0,6.47,14.3,0,0,0,0,0,0,0,0,0
2018-04-13,0.9,30.0,36.8,25.0,5.92,13.8,0,0,0,0,0,0,0,0,0
2018-04-14,3.3,28.9,37.2,24.2,6.06,20.3,0,0,0,0,0,0,0,0,0
2018-04-15,2.4,28.8,36.5,22.9,5.72,17.4,0,0,0,0,0,0,0,0,0
2018-04-16,0.1,30.3,39.0,23.2,6.13,17.7,0,0,0,0,0,0,0,0,0
2018-04-17,0.1,32.6,40.5,25.0,7.29,18.8,0,0,0,0,0,0,0,0,0
2018-04-18,0.0,32.1,40.3,24.2,6.49,18.4,0,0,0,0,0,0,0,0,0
2018-04-19,0.0,32.4,41.1,23.4,7.36,12.2,0,0,0,0,0,0,0,0,0
2018-04-20,0.0,33.3,41.7,24.7,8.11,18.8,0,0,0,0,0,0,0,0,0
2018-04-21,0.0,33.4,41.1,24.8,8.25,18.3,0,0,0,0,0,0,0,0,0
2018-04-22,0.0,33.3,40.3,25.9,7.09,12.0,0,0,0,0,0,0,0,0,0
2018-04-23,0.0,32.6,39.9,25.1,7.07,11.4,0,0,0,0,0,0,0,0,0
2018-04-24,0.0,32.1,40.5,23.3,7.96,15.6,0,0,0,0,0,0,0,0,0
2018-04-25,0.0,31.4,40.1,21.8,7.13,9.2,0,0,0,0,0,0,0,0,0
2018-04-26,0.0,33.1,41.0,23.7,7.13,10.5,0,0,0,0,0,0,0,0,0
2018-04-27,0.0,33.3,41.6,25.0,6.92,14.2,0,0,0,0,0,0,0,0,0
2018-04-28,0.0,34.0,41.6,26.7,7.4,12.1,0,0,0,0,0,0,0,0,0
2018-04-29,1.0,34.1,40.0,28.5,7.23,20.3,0,0,0,0,0,0,0,0,0
2018-04-30,0.0,34.5,41.3,27.4,7.32,17.4,0,0,0,0,0,0,0,0,0
2018-05-01,1.5,33.9,41.0,27.4,8.19,19.1,0,0,0,0,0,0,0,0,0
2018-05-02,1.7,32.8,41.4,26.7,7.09,13.0,0,0,0,0,0,0,0,0,0
2018-05-03,2.7,32.1,38.8,27.2,6.79,16.2,0,0,0,0,0,0,0,0,0
2018-05-04,0.0,31.7,38.6,26.0,6.73,14.9,0,0,0,0,0,0,0,0,0
2018-05-05,0.0,33.4,40.4,26.6,7.2,14.5,0,0,0,0,0,0,0,0,0
2018-05-06,0.0,34.5,41.4,27.6,7.26,15.1,0,0,0,0,0,0,0,0,0
2018-05-07,0.0,35.1,42.2,29.4,7.62,14.4,0,0,0,0,0,0,0,0,0
2018-05-08,0.0,34.7,42.2,27.7,7.95,20.6,0,0,0,0,0,0,0,0,0
2018-05-09,0.0,34.2,42.1,26.4,7.83,15.8,0,0,0,0,0,0,0,0,0
2018-05-10,0.0,33.7,40.9,27.3,7.04,17.7,0,0,0,0,0,0,0,0,0
2018-05-11,0.0,34.4,41.5,27.8,7.51,13.4,0,0,0,0,0,0,0,0,0
2018-05-12,0.9,34.0,40.7,27.6,7.55,17.7,0,0,0,0,0,0,0,0,0
2018-05-13,0.1,34.3,41.4,28.3,7.65,16.1,0,0,0,0,0,0,0,0,0
2018-05-14,1.3,33.4,40.4,28.0,7.72,16.9,0,0,0,0,0,0,0,0,0
2018-05-15,0.0,32.6,39.6,27.1,7.33,16.1,0,0,0,0,0,0,0,0,0
2018-05-16,1.4,32.6,39.3,26.6,6.56,12.3,0,0,0,0,0,0,0,0,0
2018-05-17,0.0,33.3,40.3,27.1,6.82,13.3,0,0,0,0,0,0,0,0,0
2018-05-18,0.3,34.1,40.2,28.0,7.28,14.1,0,0,0,0,0,0,0,0,0
2018-05-19,0.0,34.2,41.1,26.8,6.85,10.7,0,0,0,0,0,0,0,0,0
2018-05-20,0.0,35.4,41.9,29.6,6.92,14.9,0,0,0,0,0,0,0,0,0
2018-05-21,0.0,34.3,40.2,30.2,7.54,19.9,0,0,0,0,0,0,0,0,0
2018-05-22,0.8,34.6,40.3,29.4,6.55,19.6,0,0,0,0,0,0,0,0,0
2018-05-23,0.1,34.4,40.3,29.8,6.71,18.0,0,0,0,0,0,0,0,0,0
2018-05-24,0.3,34.8,41.9,29.4,8.0,17.8,0,0,0,0,0,0,0,0,0
2018-05-25,0.1,34.9,42.1,29.6,7.45,16.9,0,0,0,0,0,0,0,0,0
2018-05-26,0.0,34.6,41.4,29.2,6.84,13.0,0,0,0,0,0,0,0,0,0
2018-05-27,0.0,33.6,40.2,28.3,6.58,13.6,0,0,0,0,0,0,0,0,0
2018-05-28,0.0,34.9,41.9,28.2,7.06,17.4,0,0,0,0,0,0,0,0,0
2018-05-29,0.0,35.6,42.6,29.9,7.14,16.2,0,0,0,0,0,0,0,0,0
2018-05-30,1.4,35.7,41.4,29.3,7.43,15.6,0,0,0,0,0,0,0,0,0
2018-05-31,0.0,34.6,41.6,29.9,7.16,16.9,0,0,0,0,0,0,0,0,0
2018-06-01,0.0,33.2,39.4,28.6,6.12,16.8,0,0,0,0,0,0,0,0,0
2018-06-02,0.6,33.0,38.1,29.5,6.24,16.3,0,0,0,0,0,0,0,0,0
2018-06-03,0.0,33.2,39.4,27.5,6.6,10.9,0,0,0,0,0,0,0,0,0
2018-06-04,0.1,32.4,39.5,27.7,6.77,20.6,0,0,0,0,0,0,0,0,0
2018-06-05,0.2,32.3,37.4,27.0,6.03,10.1,0,0,0,0,0,0,0,0,0
2018-06-06,1.8,33.2,38.1,28.0,6.06,14.0,0,0,0,0,0,0,0,0,0
2018-06-07,0.1,32.8,38.0,28.3,6.16,18.3,0,0,0,0,0,0,0,0,0
2018-06-08,9.3,30.6,37.3,27.3,5.21,22.1,1,0,0,0,0,0,1,1,0
2018-06-09,30.1,28.7,33.3,25.7,3.96,12.6,1,0,0,0,0,0,1,1,0
2018-06-10,12.9,27.3,30.7,25.2,2.6,13.5,1,0,0,0,0,0,1,1,0
2018-06-11,28.1,27.7,31.9,24.6,3.29,11.3,1,0,0,0,0,0,1,1,0
2018-06-12,9.0,29.1,33.2,25.0,4.52,13.6,1,0,0,0,0,0,1,1,0
2018-06-13,0.5,30.1,34.6,25.5,5.03,16.0,0,0,0,0,0,0,0,0,0
2018-06-14,0.0,30.1,34.6,25.8,6.34,17.3,0,0,0,0,0,0,0,0,0
2018-06-15,0.0,30.3,35.9,25.0,6.25,13.7,0,0,0,0,0,0,0,0,0
2018-06-16,0.0,30.8,36.1,25.4,6.28,13.4,0,0,0,0,0,0,0,0,0
2018-06-17,0.0,30.0,35.9,24.4,6.07,14.8,0,0,0,0,0,0,0,0,0
2018-06-18,0.6,29.3,34.7,25.7,5.01,15.0,0,0,0,0,0,0,0,0,0
2018-06-19,1.9,29.4,33.6,26.0,4.77,10.7,0,0,0,0,0,0,0,0,0
2018-06-20,10.1,30.0,34.7,25.2,5.09,9.5,1,0,0,0,0,0,1,1,0
2018-06-21,5.2,30.4,35.8,26.8,4.9,14.1,0,0,0,0,0,0,0,0,0
2018-06-22,6.9,28.0,31.2,24.4,3.22,10.9,0,0,0,0,0,0,0,0,0
2018-06-23,0.3,29.6,33.4,25.5,4.52,8.6,0,0,0,0,0,0,0,0,0
2018-06-24,1.1,29.4,33.4,26.5,4.68,15.8,0,0,0,0,0,0,0,0,0
2018-06-25,1.3,30.1,34.8,26.0,5.78,15.0,0,0,0,0,0,0,0,0,0
2018-06-26,6.1,28.8,33.9,25.7,4.94,17.1,0,0,0,0,0,0,0,0,0
2018-06-27,25.8,25.9,29.8,24.4,2.37,7.9,1,0,0,0,0,0,1,1,0
2018-06-28,32.3,25.0,27.4,24.0,1.81,12.0,1,0,0,0,0,0,1,1,0
2018-06-29,3.1,26.6,30.6,23.8,3.28,12.4,0,0,0,0,0,0,0,0,0
2018-06-30,9.6,27.3,31.3,24.0,3.84,10.6,1,0,0,0,0,0,1,1,0
2018-07-01,20.7,27.1,30.9,24.5,3.39,9.4,1,0,0,0,0,0,1,1,0
2018-07-02,4.2,26.8,29.4,25.0,2.51,11.8,0,0,0,0,0,0,0,0,0
2018-07-03,3.2,26.7,29.1,24.6,2.62,18.3,0,0,0,0,0,0,0,0,0
2018-07-04,18.6,26.4,29.5,24.6,2.38,13.0,1,0,0,0,0,0,1,1,0
2018-07-05,47.9,26.0,30.2,24.2,2.94,15.8,1,0,0,0,0,0,1,1,0
2018-07-06,38.9,26.2,29.9,23.7,2.88,24.9,1,0,0,0,0,1,2,1,0
2018-07-07,18.8,27.1,31.0,23.5,3.39,15.3,1,0,0,0,0,0,1,1,0
2018-07-08,44.0,27.4,31.4,24.1,3.27,12.9,1,0,0,0,0,0,1,1,0
2018-07-09,57.9,26.8,30.4,24.7,3.28,9.5,1,0,0,0,0,0,1,1,0
2018-07-10,15.1,26.5,30.1,24.4,2.7,11.4,1,0,0,0,0,0,1,1,0
2018-07-11,13.0,26.3,29.5,24.2,2.79,11.3,1,0,0,0,0,0,1,1,0
2018-07-12,12.6,26.0,29.0,24.5,2.33,11.0,1,0,0,0,0,0,1,1,0
2018-07-13,9.5,26.3,29.6,23.7,2.58,8.6,1,0,0,0,0,0,1,1,0
2018-07-14,11.3,26.6,29.3,24.5,2.9,9.1,1,0,0,0,0,0,1,1,0
2018-07-15,13.9,26.7,30.0,24.5,3.06,6.7,1,0,0,0,0,0,1,1,0
2018-07-16,21.9,26.7,30.2,24.6,2.91,10.5,1,0,0,0,0,0,1,1,0
2018-07-17,25.8,25.8,27.4,24.7,1.57,17.9,1,0,0,0,0,0,1,1,0
2018-07-18,3.6,26.7,30.2,24.6,2.94,20.5,0,0,0,0,0,0,0,0,0
2018-07-19,8.8,26.5,30.4,24.4,2.69,10.9,1,0,0,0,0,0,1,1,0
2018-07-20,5.4,26.9,30.3,24.7,3.14,12.1,0,0,0,0,0,0,0,0,0
2018-07-21,5.5,26.6,29.3,24.7,2.47,14.1,0,0,0,0,0,0,0,0,0
2018-07-22,19.5,25.7,28.5,24.4,1.7,16.7,1,0,0,0,0,0,1,1,0
2018-07-23,71.3,24.9,27.1,23.8,1.71,21.4,1,0,0,0,0,0,1,1,0
2018-07-24,1.9,25.8,28.8,23.8,2.18,16.8,0,0,0,0,0,0,0,0,0
2018-07-25,13.8,26.0,29.4,24.2,2.94,17.2,1,0,0,0,0,0,1,1,0
2018-07-26,10.1,25.1,28.6,23.3,1.97,14.2,1,0,0,0,0,0,1,1,0
2018-07-27,1.8,25.8,29.6,22.9,3.21,12.8,0,0,0,0,0,0,0,0,0
2018-07-28,8.5,26.3,29.7,24.0,3.32,10.1,1,0,0,0,0,0,1,1,0
2018-07-29,1.8,26.9,30.4,24.1,3.21,10.5,0,0,0,0,0,0,0,0,0
2018-07-30,3.1,27.1,30.7,24.3,3.84,12.6,0,0,0,0,0,0,0,0,0
2018-07-31,2.4,26.6,30.0,24.2,3.26,16.0,0,0,0,0,0,0,0,0,0
2018-08-01,4.7,26.3,29.3,24.3,2.53,10.8,0,0,0,0,0,0,0,0,0
2018-08-02,1.7,27.1,30.4,24.3,3.59,12.2,0,0,0,0,0,0,0,0,0
2018-08-03,0.8,27.0,30.9,24.1,4.23,16.8,0,0,0,0,0,0,0,0,0
2018-08-04,0.9,27.1,31.4,23.5,4.19,13.0,0,0,0,0,0,0,0,0,0
2018-08-05,4.7,26.7,30.9,24.0,3.31,11.5,0,0,0,0,0,0,0,0,0
2018-08-06,5.1,26.1,29.5,23.9,2.47,7.6,0,0,0,0,0,0,0,0,0
2018-08-07,9.3,25.5,27.3,24.3,1.84,13.1,1,0,0,0,0,0,1,1,0
2018-08-08,222.2,24.3,25.3,23.4,1.01,10.9,1,0,0,0,0,0,1,1,1
2018-08-09,14.8,25.7,29.9,22.9,2.8,10.8,1,0,0,0,0,0,1,1,0
2018-08-10,13.0,26.0,30.2,23.9,3.08,8.4,1,0,0,0,0,0,1,1,0
2018-08-11,7.6,26.5,29.9,24.2,2.71,19.1,0,0,0,0,0,0,0,0,0
2018-08-12,20.6,25.8,28.3,23.8,1.66,13.2,1,0,0,0,0,0,1,1,0
2018-08-13,1.5,26.4,29.4,23.8,2.78,9.0,0,0,0,0,0,0,0,0,0
2018-08-14,9.8,26.8,30.4,24.1,2.9,11.8,1,0,0,0,0,0,1,1,0
2018-08-15,13.7,27.1,31.3,25.0,3.46,19.2,1,0,0,0,0,0,1,1,0
2018-08-16,14.5,27.2,32.5,24.7,3.19,14.7,1,0,0,0,0,0,1,1,0
2018-08-17,2.9,26.8,29.9,24.6,3.81,15.3,0,0,0,0,0,0,0,0,0
2018-08-18,9.8,26.1,28.8,23.7,2.67,7.5,1,0,0,0,0,0,1,1,0
2018-08-19,22.3,26.4,29.3,24.3,2.22,13.7,1,0,0,0,0,0,1,1,0
2018-08-20,6.6,26.1,28.9,24.4,2.07,18.5,0,0,0,0,0,0,0,0,0
2018-08-21,9.3,25.6,28.6,23.8,2.64,22.2,1,0,0,0,0,0,1,1,0
2018-08-22,3.3,25.7,29.5,23.1,3.05,19.2,0,0,0,0,0,0,0,0,0
2018-08-23,7.1,25.6,28.5,23.9,2.25,11.3,0,0,0,0,0,0,0,0,0
2018-08-24,6.4,25.4,28.4,23.4,2.11,13.5,0,0,0,0,0,0,0,0,0
2018-08-25,5.9,25.4,28.2,23.2,2.26,11.2,0,0,0,0,0,0,0,0,0
2018-08-26,13.1,24.7,26.2,23.4,1.41,13.5,1,0,0,0,0,0,1,1,0
2018-08-27,12.3,25.0,28.7,23.1,1.9,14.3,1,0,0,0,0,0,1,1,0
2018-08-28,28.8,24.5,26.0,23.3,1.4,12.9,1,0,0,0,0,0,1,1,0
2018-08-29,21.1,24.8,27.8,23.1,1.68,10.7,1,0,0,0,0,0,1,1,0
2018-08-30,3.8,25.6,29.3,23.2,2.45,11.4,0,0,0,0,0,0,0,0,0
2018-08-31,19.5,25.0,27.5,23.6,1.93,12.1,1,0,0,0,0,0,1,1,0
2018-09-01,9.1,25.0,27.8,23.3,2.3,13.2,1,0,0,0,0,0,1,1,0
2018-09-02,10.4,25.1,28.4,23.0,2.52,12.3,1,0,0,0,0,0,1,1,0
2018-09-03,3.1,25.5,29.2,22.9,2.86,12.4,0,0,0,0,0,0,0,0,0
2018-09-04,3.5,26.1,29.9,23.0,3.35,11.1,0,0,0,0,0,0,0,0,0
2018-09-05,22.0,24.9,27.8,23.3,2.23,15.7,1,0,0,0,0,0,1,1,0
2018-09-06,7.3,24.9,28.2,23.3,2.14,16.1,0,0,0,0,0,0,0,0,0
2018-09-07,39.1,23.9,25.6,22.5,1.13,14.1,1,0,0,0,0,0,1,1,0
2018-09-08,1.2,24.5,28.5,21.8,3.0,14.5,0,0,0,0,0,0,0,0,0
2018-09-09,0.3,26.0,29.9,21.8,4.15,10.7,0,0,0,0,0,0,0,0,0
2018-09-10,0.3,26.4,30.4,22.3,4.48,8.4,0,0,0,0,0,0,0,0,0
2018-09-11,0.1,26.5,31.6,22.2,4.58,10.0,0,0,0,0,0,0,0,0,0
2018-09-12,0.1,26.6,31.4,22.5,4.71,14.5,0,0,0,0,0,0,0,0,0
2018-09-13,0.1,26.1,31.0,21.4,4.54,10.5,0,0,0,0,0,0,0,0,0
2018-09-14,0.8,26.0,29.6,21.3,4.17,7.9,0,0,0,0,0,0,0,0,0
2018-09-15,0.4,26.6,30.6,23.1,4.32,10.9,0,0,0,0,0,0,0,0,0
2018-09-16,1.3,26.3,30.9,23.0,4.14,13.2,0,0,0,0,0,0,0,0,0
2018-09-17,0.0,26.9,31.6,22.9,4.62,11.3,0,0,0,0,0,0,0,0,0
2018-09-18,0.0,27.3,32.2,23.3,4.41,11.6,0,0,0,0,0,0,0,0,0
2018-09-19,0.0,27.9,33.1,23.7,4.94,15.5,0,0,0,0,0,0,0,0,0
2018-09-20,0.1,27.8,33.0,23.2,4.81,15.3,0,0,0,0,0,0,0,0,0
2018-09-21,23.9,25.6,27.9,24.1,1.83,19.2,1,0,0,0,0,0,1,1,0
2018-09-22,5.3,24.8,28.6,22.2,2.9,23.4,0,0,0,0,0,1,1,1,0
2018-09-23,0.5,26.5,30.8,23.4,3.87,13.6,0,0,0,0,0,0,0,0,0
2018-09-24,1.9,26.6,31.0,22.9,4.19,9.2,0,0,0,0,0,0,0,0,0
2018-09-25,0.1,26.9,31.8,23.3,4.14,7.6,0,0,0,0,0,0,0,0,0
2018-09-26,0.3,26.6,31.8,22.0,4.22,8.0,0,0,0,0,0,0,0,0,0
2018-09-27,0.0,27.9,32.1,23.9,4.17,8.0,0,0,0,0,0,0,0,0,0
2018-09-28,0.0,27.0,32.7,22.3,4.69,8.6,0,0,0,0,0,0,0,0,0
2018-09-29,0.0,26.6,33.3,20.7,4.92,8.8,0,0,0,0,0,0,0,0,0
2018-09-30,0.0,26.4,33.1,20.4,4.89,8.3,0,0,0,0,0,0,0,0,0
2018-10-01,0.0,26.6,32.9,20.4,4.65,6.8,0,0,0,0,0,0,0,0,0
2018-10-02,0.0,27.5,33.3,22.0,4.48,7.5,0,0,0,0,0,0,0,0,0
2018-10-03,0.0,27.5,33.3,22.4,4.36,7.4,0,0,0,0,0,0,0,0,0
2018-10-04,0.0,27.8,33.3,22.6,4.4,6.1,0,0,0,0,0,0,0,0,0
2018-10-05,0.0,27.7,33.4,22.3,4.34,7.7,0,0,0,0,0,0,0,0,0
2018-10-06,0.0,27.5,33.2,22.4,4.34,10.1,0,0,0,0,0,0,0,0,0
2018-10-07,0.0,27.4,32.6,22.0,4.17,8.4,0,0,0,0,0,0,0,0,0
2018-10-08,0.1,26.9,32.2,21.4,4.04,5.9,0,0,0,0,0,0,0,0,0
2018-10-09,0.0,27.3,35.1,22.0,5.14,11.5,0,0,0,0,0,0,0,0,0
2018-10-10,0.0,26.6,34.9,19.8,5.17,20.0,0,0,0,0,0,0,0,0,0
2018-10-11,0.0,26.7,34.1,21.0,5.19,15.8,0,0,0,0,0,0,0,0,0
2018-10-12,0.2,26.8,32.2,23.2,4.68,16.6,0,0,0,0,0,0,0,0,0
2018-10-13,0.2,26.2,31.8,21.9,4.34,11.8,0,0,0,0,0,0,0,0,0
2018-10-14,0.0,26.0,32.1,21.2,4.29,11.1,0,0,0,0,0,0,0,0,0
2018-10-15,0.0,26.0,33.0,19.3,4.73,12.6,0,0,0,0,0,0,0,0,0
2018-10-16,0.0,26.2,32.3,20.5,4.28,6.2,0,0,0,0,0,0,0,0,0
2018-10-17,0.0,26.8,32.3,22.1,4.08,8.3,0,0,0,0,0,0,0,0,0
2018-10-18,0.0,26.9,31.7,22.6,3.81,7.9,0,0,0,0,0,0,0,0,0
2018-10-19,0.0,27.1,32.6,22.2,4.04,8.2,0,0,0,0,0,0,0,0,0
2018-10-20,0.0,27.2,32.8,21.5,4.13,7.9,0,0,0,0,0,0,0,0,0
2018-10-21,0.0,27.5,32.8,22.2,4.02,5.6,0,0,0,0,0,0,0,0,0
2018-10-22,0.0,26.9,32.9,21.8,4.28,9.4,0,0,0,0,0,0,0,0,0
2018-10-23,0.0,25.8,32.7,20.6,5.14,11.1,0,0,0,0,0,0,0,0,0
2018-10-24,0.0,24.4,31.6,18.3,4.84,15.0,0,0,0,0,0,0,0,0,0
2018-10-25,0.0,24.0,31.2,17.6,4.17,9.7,0,0,0,0,0,0,0,0,0
2018-10-26,0.0,24.3,31.6,17.8,4.39,10.6,0,0,0,0,0,0,0,0,0
2018-10-27,0.0,24.1,32.2,18.2,4.27,10.1,0,0,0,0,0,0,0,0,0
2018-10-28,0.0,23.1,31.0,17.0,4.14,11.5,0,0,0,0,0,0,0,0,0
2018-10-29,0.0,23.6,31.1,17.7,4.59,9.8,0,0,0,0,0,0,0,0,0
2018-10-30,0.0,24.7,31.6,19.3,4.28,9.7,0,0,0,0,0,0,0,0,0
2018-10-31,0.2,24.8,30.1,19.7,3.76,10.5,0,0,0,0,0,0,0,0,0
2018-11-01,0.4,25.5,30.6,20.7,3.58,7.9,0,0,0,0,0,0,0,0,0
2018-11-02,0.0,25.3,30.4,20.3,3.43,8.3,0,0,0,0,0,0,0,0,0
2018-11-03,0.0,25.5,31.1,20.6,3.58,8.4,0,0,0,0,0,0,0,0,0
2018-11-04,0.0,25.7,31.3,20.3,3.51,7.2,0,0,0,0,0,0,0,0,0
2018-11-05,0.0,26.0,31.1,21.9,3.39,8.1,0,0,0,0,0,0,0,0,0
2018-11-06,0.0,26.2,31.5,21.7,3.98,10.0,0,0,0,0,0,0,0,0,0
2018-11-07,0.0,24.6,30.6,20.0,4.14,9.2,0,0,0,0,0,0,0,0,0
2018-11-08,0.0,22.7,29.9,17.1,4.18,9.4,0,0,0,0,0,0,0,0,0
2018-11-09,0.0,22.1,30.0,15.8,4.49,10.9,0,0,0,0,0,0,0,0,0
2018-11-10,0.0,21.7,30.4,14.2,4.62,13.0,0,0,0,0,0,0,0,0,0
2018-11-11,0.0,22.0,30.3,14.5,4.55,12.4,0,0,0,0,0,0,0,0,0
2018-11-12,0.0,22.1,30.2,15.3,4.13,9.7,0,0,0,0,0,0,0,0,0
2018-11-13,0.0,22.9,30.4,15.5,3.71,5.4,0,0,0,0,0,0,0,0,0
2018-11-14,0.0,23.2,30.8,16.4,4.03,10.1,0,0,0,0,0,0,0,0,0
2018-11-15,0.0,23.9,31.0,16.8,3.99,8.7,0,0,0,0,0,0,0,0,0
2018-11-16,0.0,23.5,30.6,17.0,3.91,7.3,0,0,0,0,0,0,0,0,0
2018-11-17,0.0,22.9,30.6,16.9,3.72,8.3,0,0,0,0,0,0,0,0,0
2018-11-18,0.0,23.5,30.6,17.6,3.63,7.6,0,0,0,0,0,0,0,0,0
2018-11-19,0.0,23.8,31.3,17.3,3.75,8.8,0,0,0,0,0,0,0,0,0
2018-11-20,0.0,23.8,31.7,17.3,4.11,12.3,0,0,0,0,0,0,0,0,0
2018-11-21,0.0,22.9,31.8,16.2,3.92,9.0,0,0,0,0,0,0,0,0,0
2018-11-22,0.0,22.1,29.8,16.0,3.93,10.3,0,0,0,0,0,0,0,0,0
2018-11-23,0.0,22.5,30.4,15.4,4.29,13.1,0,0,0,0,0,0,0,0,0
2018-11-24,0.0,22.1,28.9,15.4,4.37,15.6,0,0,0,0,0,0,0,0,0
2018-11-25,0.0,20.8,28.5,13.7,4.03,11.2,0,0,0,0,0,0,0,0,0
2018-11-26,0.0,20.2,28.0,13.5,3.99,11.0,0,0,0,0,0,0,0,0,0
2018-11-27,0.0,20.4,27.9,13.2,3.53,9.5,0,0,0,0,0,0,0,0,0
2018-11-28,0.0,20.5,28.0,13.4,3.44,8.0,0,0,0,0,0,0,0,0,0
2018-11-29,0.0,21.1,28.0,14.4,3.48,9.0,0,0,0,0,0,0,0,0,0
2018-11-30,0.0,20.6,27.8,14.0,3.61,9.4,0,0,0,0,0,0,0,0,0
2018-12-01,0.0,20.5,27.1,15.0,3.55,8.8,0,0,0,0,0,0,0,0,0
2018-12-02,0.0,20.2,26.9,14.0,3.19,8.2,0,0,0,0,0,0,0,0,0
2018-12-03,0.0,20.4,27.1,14.0,3.31,6.8,0,0,0,0,0,0,0,0,0
2018-12-04,0.0,20.6,26.9,15.0,2.97,7.2,0,0,0,0,0,0,0,0,0
2018-12-05,0.0,20.4,26.3,16.1,2.77,10.2,0,0,0,0,0,0,0,0,0
2018-12-06,0.0,20.8,27.4,14.1,2.92,9.0,0,0,0,0,0,0,0,0,0
2018-12-07,0.0,21.0,27.6,15.5,3.2,8.5,0,0,0,0,0,0,0,0,0
2018-12-08,0.0,21.0,28.0,14.8,3.04,9.1,0,0,0,0,0,0,0,0,0
2018-12-09,0.0,21.5,27.2,16.5,2.85,9.0,0,0,0,0,0,0,0,0,0
2018-12-10,3.2,21.1,25.9,17.3,2.17,12.0,0,0,0,0,0,0,0,0,0
2018-12-11,0.2,20.6,26.6,16.2,3.36,11.3,0,0,0,0,0,0,0,0,0
2018-12-12,0.0,19.9,26.7,13.7,3.15,8.4,0,0,0,0,0,0,0,0,0
2018-12-13,0.0,20.0,27.0,14.4,3.18,9.8,0,0,0,0,0,0,0,0,0
2018-12-14,0.0,20.1,26.5,15.1,3.73,13.0,0,0,0,0,0,0,0,0,0
2018-12-15,0.0,19.6,26.2,15.1,3.49,13.0,0,0,0,0,0,0,0,0,0
2018-12-16,0.2,19.1,25.6,13.3,3.03,10.5,0,0,0,0,0,0,0,0,0
2018-12-17,22.5,16.9,18.4,15.4,0.8,12.3,1,0,1,0,0,0,2,1,0
2018-12-18,3.6,17.3,23.3,13.0,2.76,13.4,0,0,0,0,0,0,0,0,0
2018-12-19,0.0,16.0,22.8,10.8,2.9,10.7,0,0,0,0,0,0,0,0,0
2018-12-20,0.0,15.8,22.7,10.3,2.9,11.2,0,0,0,0,0,0,0,0,0
2018-12-21,0.0,15.4,23.9,9.4,3.23,11.7,0,0,0,0,0,0,0,0,0
2018-12-22,0.0,16.0,23.9,9.1,2.94,9.7,0,0,0,0,0,0,0,0,0
2018-12-23,0.0,16.1,24.4,9.3,2.93,8.6,0,0,0,0,0,0,0,0,0
2018-12-24,0.0,16.5,25.2,10.6,3.43,12.5,0,0,0,0,0,0,0,0,0
2018-12-25,0.0,16.8,25.8,9.7,3.24,9.7,0,0,0,0,0,0,0,0,0
2018-12-26,0.0,18.3,26.2,11.5,3.02,10.6,0,0,0,0,0,0,0,0,0
2018-12-27,0.0,18.4,25.3,14.1,3.85,17.1,0,0,0,0,0,0,0,0,0
2018-12-28,0.0,16.2,22.7,11.2,4.09,11.5,0,0,0,0,0,0,0,0,0
2018-12-29,0.0,14.7,22.1,9.5,3.42,10.1,0,1,0,0,0,0,1,1,0
2018-12-30,0.0,14.3,22.7,6.9,3.43,11.2,0,1,0,0,0,0,1,1,0
2018-12-31,0.0,15.5,25.6,8.1,3.64,10.9,0,0,0,0,0,0,0,0,0
2019-01-01,0.0,17.3,26.0,8.8,3.32,9.9,0,0,0,0,0,0,0,0,0
2019-01-02,0.0,18.8,27.2,10.7,3.5,8.3,0,0,0,0,0,0,0,0,0
2019-01-03,0.0,18.6,27.6,11.3,3.49,9.7,0,0,0,0,0,0,0,0,0
2019-01-04,0.0,19.1,27.3,12.0,3.41,8.0,0,0,0,0,0,0,0,0,0
2019-01-05,0.0,19.3,27.6,11.8,3.54,9.8,0,0,0,0,0,0,0,0,0
2019-01-06,0.0,20.4,28.0,14.2,3.75,11.5,0,0,0,0,0,0,0,0,0
2019-01-07,0.0,19.8,26.0,15.6,4.35,14.8,0,0,0,0,0,0,0,0,0
2019-01-08,0.0,17.3,24.6,11.7,3.55,13.3,0,0,0,0,0,0,0,0,0
2019-01-09,0.0,17.4,25.2,10.8,3.73,10.7,0,0,0,0,0,0,0,0,0
2019-01-10,0.0,17.9,25.6,11.4,3.68,9.4,0,0,0,0,0,0,0,0,0
2019-01-11,0.0,18.1,26.3,10.6,3.28,9.4,0,0,0,0,0,0,0,0,0
2019-01-12,0.0,19.8,27.4,12.6,3.56,9.7,0,0,0,0,0,0,0,0,0
2019-01-13,0.0,21.2,27.9,14.7,3.61,10.9,0,0,0,0,0,0,0,0,0
2019-01-14,0.0,20.3,26.8,15.1,4.05,15.8,0,0,0,0,0,0,0,0,0
2019-01-15,0.0,17.7,25.5,12.0,4.22,11.9,0,0,0,0,0,0,0,0,0
2019-01-16,0.0,17.3,26.0,10.4,3.77,9.2,0,0,0,0,0,0,0,0,0
2019-01-17,0.0,18.5,28.0,10.2,4.36,13.4,0,0,0,0,0,0,0,0,0
2019-01-18,0.0,19.1,27.6,12.5,4.57,12.8,0,0,0,0,0,0,0,0,0
2019-01-19,0.0,19.0,28.0,12.1,4.25,8.4,0,0,0,0,0,0,0,0,0
2019-01-20,0.0,19.8,29.7,11.4,3.69,8.7,0,0,0,0,0,0,0,0,0
2019-01-21,0.0,21.3,30.1,14.5,4.4,11.6,0,0,0,0,0,0,0,0,0
2019-01-22,0.0,20.9,28.4,13.9,3.99,13.9,0,0,0,0,0,0,0,0,0
2019-01-23,0.0,21.5,27.9,15.3,3.49,11.5,0,0,0,0,0,0,0,0,0
2019-01-24,5.9,20.2,26.6,16.4,2.93,20.7,0,0,0,0,0,0,0,0,0
2019-01-25,22.8,19.0,25.2,15.5,2.68,15.6,1,0,0,0,0,0,1,1,0
2019-01-26,3.9,18.9,22.5,16.2,2.32,12.3,0,0,0,0,0,0,0,0,0
2019-01-27,0.0,17.9,22.6,14.2,3.11,14.4,0,0,0,0,0,0,0,0,0
2019-01-28,0.0,15.8,21.9,11.6,4.01,16.0,0,0,0,0,0,0,0,0,0
2019-01-29,0.0,14.2,21.2,9.5,4.09,17.3,0,1,0,0,0,0,1,1,0
2019-01-30,0.0,14.8,23.0,7.4,3.59,9.4,0,1,0,0,0,0,1,1,0
2019-01-31,0.0,16.0,25.3,7.9,3.7,10.4,0,0,0,0,0,0,0,0,0
2019-02-01,0.0,18.6,27.0,9.8,3.7,9.8,0,0,0,0,0,0,0,0,0
2019-02-02,0.0,20.2,28.6,13.6,3.78,8.7,0,0,0,0,0,0,0,0,0
2019-02-03,0.0,20.9,29.2,13.6,3.9,8.8,0,0,0,0,0,0,0,0,0
2019-02-04,0.0,20.9,29.3,12.5,4.06,9.6,0,0,0,0,0,0,0,0,0
2019-02-05,0.0,22.0,29.5,13.6,4.16,9.9,0,0,0,0,0,0,0,0,0
2019-02-06,0.0,23.0,30.8,15.3,4.6,11.2,0,0,0,0,0,0,0,0,0
2019-02-07,0.5,22.4,29.6,16.8,3.96,20.6,0,0,0,0,0,0,0,0,0
2019-02-08,0.6,21.6,26.7,17.9,3.94,15.9,0,0,0,0,0,0,0,0,0
2019-02-09,0.0,17.7,23.3,13.1,5.11,19.1,0,0,0,0,0,0,0,0,0
2019-02-10,0.0,17.2,24.8,11.1,4.12,10.8,0,0,0,0,0,0,0,0,0
2019-02-11,0.0,18.7,28.0,9.9,4.27,9.6,0,0,0,0,0,0,0,0,0
2019-02-12,0.0,20.8,30.4,12.2,4.27,8.2,0,0,0,0,0,0,0,0,0
2019-02-13,0.0,22.8,32.0,15.1,4.32,7.7,0,0,0,0,0,0,0,0,0
2019-02-14,0.0,23.5,32.2,15.5,4.72,9.8,0,0,0,0,0,0,0,0,0
2019-02-15,3.1,21.9,29.3,17.9,3.3,18.2,0,0,0,0,0,0,0,0,0
2019-02-16,0.4,21.0,27.0,15.9,3.59,10.5,0,0,0,0,0,0,0,0,0
2019-02-17,0.0,20.4,27.6,15.2,4.86,13.2,0,0,0,0,0,0,0,0,0
2019-02-18,0.0,20.4,29.0,12.0,4.65,13.1,0,0,0,0,0,0,0,0,0
2019-02-19,0.0,23.6,31.3,16.6,4.6,11.0,0,0,0,0,0,0,0,0,0
2019-02-20,0.0,25.0,32.2,17.7,4.31,8.4,0,0,0,0,0,0,0,0,0
2019-02-21,0.0,26.0,33.3,19.8,4.64,10.8,0,0,0,0,0,0,0,0,0
2019-02-22,0.0,27.4,34.8,20.4,4.86,13.4,0,0,0,0,0,0,0,0,0
2019-02-23,0.0,26.3,32.7,21.0,5.3,17.6,0,0,0,0,0,0,0,0,0
2019-02-24,0.0,26.0,34.3,19.7,5.38,18.8,0,0,0,0,0,0,0,0,0
2019-02-25,0.0,25.0,32.8,18.8,5.79,19.3,0,0,0,0,0,0,0,0,0
2019-02-26,0.0,23.6,30.9,16.9,5.14,12.9,0,0,0,0,0,0,0,0,0
2019-02-27,0.0,23.2,30.1,16.5,5.29,20.0,0,0,0,0,0,0,0,0,0
2019-02-28,0.0,21.7,28.0,15.5,5.59,16.4,0,0,0,0,0,0,0,0,0
2019-03-01,0.0,21.9,29.3,15.2,5.12,11.0,0,0,0,0,0,0,0,0,0
2019-03-02,0.0,24.1,31.9,15.9,5.0,11.1,0,0,0,0,0,0,0,0,0
2019-03-03,1.2,25.9,33.2,21.1,4.91,18.9,0,0,0,0,0,0,0,0,0
2019-03-04,0.0,26.1,33.2,20.2,5.11,14.2,0,0,0,0,0,0,0,0,0
2019-03-05,0.0,25.5,31.6,20.3,5.59,14.0,0,0,0,0,0,0,0,0,0
2019-03-06,0.0,23.5,29.4,18.2,5.8,14.0,0,0,0,0,0,0,0,0,0
2019-03-07,0.0,23.4,30.5,16.9,5.63,13.0,0,0,0,0,0,0,0,0,0
2019-03-08,0.0,24.4,32.1,17.5,5.44,11.0,0,0,0,0,0,0,0,0,0
2019-03-09,0.0,26.0,34.1,18.2,5.76,15.9,0,0,0,0,0,0,0,0,0
2019-03-10,0.0,26.2,34.3,18.4,5.96,10.9,0,0,0,0,0,0,0,0,0
2019-03-11,0.0,27.3,35.0,19.2,5.53,11.5,0,0,0,0,0,0,0,0,0
2019-03-12,0.0,28.7,35.7,21.8,5.51,12.9,0,0,0,0,0,0,0,0,0
2019-03-13,0.0,27.9,35.4,21.5,5.49,25.8,0,0,0,0,0,1,1,1,0
2019-03-14,0.1,27.3,34.1,21.8,5.04,16.6,0,0,0,0,0,0,0,0,0
2019-03-15,1.1,26.5,32.0,21.5,4.47,13.9,0,0,0,0,0,0,0,0,0
2019-03-16,0.1,26.7,33.7,20.4,5.11,10.5,0,0,0,0,0,0,0,0,0
2019-03-17,0.7,26.5,34.9,20.6,5.54,20.1,0,0,0,0,0,0,0,0,0
2019-03-18,1.7,25.6,31.9,20.0,5.06,13.6,0,0,0,0,0,0,0,0,0
2019-03-19,0.0,26.9,32.7,21.2,4.85,10.8,0,0,0,0,0,0,0,0,0
2019-03-20,23.7,25.6,33.9,21.3,4.85,16.8,1,0,0,0,0,0,1,1,0
2019-03-21,0.0,26.1,32.8,19.6,5.0,11.6,0,0,0,0,0,0,0,0,0
2019-03-22,0.1,27.0,33.9,22.1,5.14,13.7,0,0,0,0,0,0,0,0,0
2019-03-23,0.0,27.0,34.5,20.4,6.84,14.1,0,0,0,0,0,0,0,0,0
2019-03-24,0.0,27.3,35.3,18.9,6.78,13.0,0,0,0,0,0,0,0,0,0
2019-03-25,0.0,28.5,36.7,19.2,6.23,9.2,0,0,0,0,0,0,0,0,0
2019-03-26,0.0,29.3,36.8,21.3,6.98,19.0,0,0,0,0,0,0,0,0,0
2019-03-27,0.0,28.3,35.7,20.4,6.88,12.9,0,0,0,0,0,0,0,0,0
2019-03-28,0.0,28.9,37.2,21.0,7.22,16.3,0,0,0,0,0,0,0,0,0
2019-03-29,0.0,30.0,38.6,20.8,7.04,21.2,0,0,0,0,0,0,0,0,0
2019-03-30,0.0,31.2,39.6,22.3,6.46,10.5,0,0,0,0,0,0,0,0,0
2019-03-31,0.0,32.2,40.7,23.7,6.81,19.7,0,0,0,0,0,0,0,0,0
2019-04-01,0.0,31.9,39.0,25.4,8.06,16.9,0,0,0,0,0,0,0,0,0
2019-04-02,0.0,30.8,38.5,22.4,6.93,10.9,0,0,0,0,0,0,0,0,0
2019-04-03,0.0,30.5,38.8,21.5,6.53,11.2,0,0,0,0,0,0,0,0,0
2019-04-04,0.0,31.7,39.5,24.2,6.7,15.2,0,0,0,0,0,0,0,0,0
2019-04-05,0.0,31.6,37.7,24.8,6.85,16.3,0,0,0,0,0,0,0,0,0
2019-04-06,0.0,31.9,39.9,24.1,7.04,14.3,0,0,0,0,0,0,0,0,0
2019-04-07,0.0,31.0,39.0,24.4,7.43,13.3,0,0,0,0,0,0,0,0,0
2019-04-08,0.0,31.5,39.4,23.7,7.39,17.1,0,0,0,0,0,0,0,0,0
2019-04-09,0.0,31.4,39.5,24.9,6.94,17.9,0,0,0,0,0,0,0,0,0
2019-04-10,0.0,31.4,39.6,23.6,6.85,11.3,0,0,0,0,0,0,0,0,0
2019-04-11,0.0,31.5,38.3,25.2,6.52,12.0,0,0,0,0,0,0,0,0,0
2019-04-12,0.0,30.9,37.8,24.0,6.13,13.3,0,0,0,0,0,0,0,0,0
2019-04-13,0.0,32.5,40.2,24.4,6.53,12.1,0,0,0,0,0,0,0,0,0
2019-04-14,0.0,33.0,40.8,25.1,6.66,10.1,0,0,0,0,0,0,0,0,0
2019-04-15,0.0,33.3,40.8,25.0,7.12,15.1,0,0,0,0,0,0,0,0,0
2019-04-16,0.2,29.1,33.7,25.9,5.33,17.7,0,0,0,0,0,0,0,0,0
2019-04-17,0.0,27.9,32.6,23.5,5.06,17.0,0,0,0,0,0,0,0,0,0
2019-04-18,0.2,29.0,34.4,23.1,5.63,11.5,0,0,0,0,0,0,0,0,0
2019-04-19,0.2,29.6,36.1,23.5,6.15,17.0,0,0,0,0,0,0,0,0,0
2019-04-20,0.0,30.0,36.1,23.5,6.0,12.4,0,0,0,0,0,0,0,0,0
2019-04-21,0.3,29.9,36.7,24.5,5.97,18.4,0,0,0,0,0,0,0,0,0
2019-04-22,0.0,31.1,38.3,22.9,6.93,13.9,0,0,0,0,0,0,0,0,0
2019-04-23,0.0,32.7,40.6,25.1,7.26,18.2,0,0,0,0,0,0,0,0,0
2019-04-24,0.0,33.1,40.9,24.7,6.65,12.4,0,0,0,0,0,0,0,0,0
2019-04-25,0.0,34.3,41.2,25.6,6.3,14.0,0,0,0,0,0,0,0,0,0
2019-04-26,0.0,34.9,42.1,26.6,6.49,10.8,0,0,0,0,0,0,0,0,0
2019-04-27,0.0,35.3,42.8,27.3,7.55,18.1,0,0,0,0,0,0,0,0,0
2019-04-28,0.0,35.6,43.4,26.4,7.39,14.8,0,0,1,0,0,0,1,1,0
2019-04-29,0.0,35.2,42.8,27.3,7.39,12.9,0,0,0,0,0,0,0,0,0
2019-04-30,0.0,36.5,43.6,28.9,7.62,12.7,0,1,1,0,0,0,2,1,0
2019-05-01,0.0,35.7,42.1,29.1,7.07,13.1,0,0,0,0,0,0,0,0,0
2019-05-02,0.0,35.0,41.0,29.0,6.58,18.7,0,0,0,0,0,0,0,0,0
2019-05-03,0.0,34.6,41.1,27.5,7.33,15.3,0,0,0,0,0,0,0,0,0
2019-05-04,0.1,33.2,39.0,27.6,6.71,17.4,0,0,0,0,0,0,0,0,0
2019-05-05,0.0,33.3,40.2,25.8,7.54,19.3,0,0,0,0,0,0,0,0,0
2019-05-06,0.0,33.5,40.4,24.6,7.38,13.4,0,0,0,0,0,0,0,0,0
2019-05-07,0.0,34.9,42.0,26.9,7.13,14.1,0,0,0,0,0,0,0,0,0
2019-05-08,0.0,35.9,42.5,29.6,9.61,21.0,0,0,0,0,1,0,1,1,0
2019-05-09,0.0,34.5,42.6,26.9,9.25,19.1,0,0,0,0,1,0,1,1,0
2019-05-10,0.0,35.2,42.2,27.5,8.72,19.2,0,0,0,0,0,0,0,0,0
2019-05-11,0.0,34.4,39.7,29.7,7.28,18.4,0,0,0,0,0,0,0,0,0
2019-05-12,0.0,34.8,42.4,26.8,7.74,15.8,0,0,0,0,0,0,0,0,0
2019-05-13,0.0,33.9,40.4,26.4,6.73,11.9,0,0,0,0,0,0,0,0,0
2019-05-14,0.0,34.3,41.0,26.6,7.77,15.1,0,0,0,0,0,0,0,0,0
2019-05-15,0.0,34.8,41.6,26.3,6.85,17.5,0,0,0,0,0,0,0,0,0
2019-05-16,0.0,35.6,42.1,28.8,7.24,15.4,0,0,0,0,0,0,0,0,0
2019-05-17,0.0,35.7,42.5,28.3,8.42,15.9,0,0,0,0,0,0,0,0,0
2019-05-18,0.0,35.4,41.1,30.4,9.23,20.2,0,0,0,0,1,0,1,1,0
2019-05-19,0.0,34.8,41.1,28.1,7.76,13.0,0,0,0,0,0,0,0,0,0
2019-05-20,0.0,35.6,42.4,28.5,7.22,13.9,0,0,0,0,0,0,0,0,0
2019-05-21,0.0,35.7,42.3,28.8,8.03,19.5,0,0,0,0,0,0,0,0,0
2019-05-22,0.0,36.1,43.0,28.9,7.52,13.8,0,0,0,0,0,0,0,0,0
2019-05-23,0.0,37.4,43.5,29.9,7.83,18.4,0,1,1,0,0,0,2,1,0
2019-05-24,0.0,37.2,43.5,31.6,8.49,17.9,0,1,1,0,0,0,2,1,0
2019-05-25,0.0,36.7,43.8,29.4,8.95,22.2,0,1,1,0,1,0,3,1,0
2019-05-26,0.0,36.8,43.0,29.3,7.43,11.2,0,1,0,0,0,0,1,1,0
2019-05-27,0.0,37.2,43.7,29.4,6.83,10.4,0,1,1,0,0,0,2,1,0
2019-05-28,0.0,37.4,43.7,31.1,7.99,16.8,0,1,1,0,0,0,2,1,0
2019-05-29,0.0,34.7,41.7,29.9,7.25,20.9,0,0,0,0,0,0,0,0,0
2019-05-30,0.0,35.7,42.2,29.4,6.94,12.3,0,0,0,0,0,0,0,0,0
2019-05-31,0.0,35.5,42.3,30.5,8.0,27.0,0,0,0,0,0,1,1,1,0
2019-06-01,0.8,35.2,40.0,30.9,6.49,17.3,0,0,0,0,0,0,0,0,0
2019-06-02,0.0,36.3,43.0,30.2,6.76,22.2,0,1,0,0,0,0,1,1,0
2019-06-03,0.0,36.8,42.6,31.9,7.19,12.0,0,1,0,0,0,0,1,1,0
2019-06-04,0.0,36.0,42.2,30.6,7.08,13.8,0,0,0,0,0,0,0,0,0
2019-06-05,0.0,37.1,43.8,31.7,7.87,19.5,0,1,1,0,0,0,2,1,0
2019-06-06,0.0,37.2,44.4,29.8,7.64,21.1,0,1,1,0,0,0,2,1,0
2019-06-07,0.0,36.0,42.6,31.1,7.34,29.2,0,0,0,0,0,1,1,1,0
2019-06-08,0.0,35.2,40.7,28.9,6.4,10.7,0,0,0,0,0,0,0,0,0
2019-06-09,0.0,35.5,41.4,30.0,6.73,13.3,0,0,0,0,0,0,0,0,0
2019-06-10,0.0,35.9,42.0,29.7,6.48,9.8,0,0,0,0,0,0,0,0,0
2019-06-11,0.0,36.8,42.8,31.6,8.29,17.9,0,1,0,0,0,0,1,1,0
2019-06-12,0.0,37.3,41.8,32.9,8.23,16.9,0,1,0,0,0,0,1,1,0
2019-06-13,0.6,35.5,40.0,32.2,7.1,15.7,0,0,0,0,0,0,0,0,0
2019-06-14,0.9,34.6,40.7,29.9,6.58,21.2,0,0,0,0,0,0,0,0,0
2019-06-15,5.3,33.2,38.5,28.3,5.65,15.6,0,0,0,0,0,0,0,0,0
2019-06-16,3.8,32.5,37.3,28.9,4.99,14.2,0,0,0,0,0,0,0,0,0
2019-06-17,4.9,32.2,36.8,28.6,5.15,16.5,0,0,0,0,0,0,0,0,0
2019-06-18,0.1,32.3,38.0,27.7,6.17,16.6,0,0,0,0,0,0,0,0,0
2019-06-19,0.0,33.5,38.4,28.1,6.38,12.4,0,0,0,0,0,0,0,0,0
2019-06-20,0.1,33.7,37.8,29.1,6.55,16.3,0,0,0,0,0,0,0,0,0
2019-06-21,0.0,32.8,38.5,26.9,5.97,17.7,0,0,0,0,0,0,0,0,0
2019-06-22,0.8,31.2,35.1,28.6,3.48,10.5,0,0,0,0,0,0,0,0,0
2019-06-23,19.2,28.2,34.3,25.3,3.79,11.4,1,0,0,0,0,0,1,1,0
2019-06-24,4.4,29.0,33.2,25.1,4.87,11.8,0,0,0,0,0,0,0,0,0
2019-06-25,0.2,31.4,36.6,26.6,5.88,12.9,0,0,0,0,0,0,0,0,0
2019-06-26,10.8,31.8,37.7,27.1,5.72,15.2,1,0,0,0,0,0,1,1,0
2019-06-27,11.4,30.0,34.2,26.4,4.53,12.1,1,0,0,0,0,0,1,1,0
2019-06-28,24.7,27.9,31.5,25.5,2.45,11.3,1,0,0,0,0,0,1,1,0
2019-06-29,16.5,27.9,29.8,25.8,2.95,10.5,1,0,0,0,0,0,1,1,0
2019-06-30,37.8,27.0,30.0,24.8,2.06,9.9,1,0,0,0,0,0,1,1,0
2019-07-01,20.1,27.4,30.9,24.4,2.74,14.7,1,0,0,0,0,0,1,1,0
2019-07-02,63.3,26.1,28.1,25.0,1.7,15.3,1,0,0,0,0,0,1,1,0
2019-07-03,28.9,26.4,30.0,24.5,2.66,16.6,1,0,0,0,0,0,1,1,0
2019-07-04,14.0,26.0,28.8,24.4,1.75,18.6,1,0,0,0,0,0,1,1,0
2019-07-05,26.5,26.0,28.3,24.6,2.0,19.1,1,0,0,0,0,0,1,1,0
2019-07-06,19.1,25.8,28.3,24.2,2.04,16.7,1,0,0,0,0,0,1,1,0
2019-07-07,16.3,26.3,29.7,24.2,2.47,15.8,1,0,0,0,0,0,1,1,0
2019-07-08,21.5,25.9,27.7,24.4,1.41,13.3,1,0,0,0,0,0,1,1,0
2019-07-09,12.6,26.8,30.3,24.9,2.91,15.3,1,0,0,0,0,0,1,1,0
2019-07-10,1.6,27.6,30.5,24.7,3.24,14.3,0,0,0,0,0,0,0,0,0
2019-07-11,2.8,27.6,30.2,25.4,2.88,12.5,0,0,0,0,0,0,0,0,0
2019-07-12,0.9,28.3,32.0,24.8,4.31,11.2,0,0,0,0,0,0,0,0,0
2019-07-13,1.0,28.6,32.5,24.8,4.55,14.7,0,0,0,0,0,0,0,0,0
2019-07-14,1.0,28.4,32.2,24.5,4.97,16.8,0,0,0,0,0,0,0,0,0
2019-07-15,0.4,28.9,32.8,24.8,5.19,14.1,0,0,0,0,0,0,0,0,0
2019-07-16,0.0,28.8,33.2,24.9,5.02,10.1,0,0,0,0,0,0,0,0,0
2019-07-17,0.0,29.7,34.2,24.7,5.64,13.0,0,0,0,0,0,0,0,0,0
2019-07-18,2.3,29.2,33.2,25.8,4.15,13.9,0,0,0,0,0,0,0,0,0
2019-07-19,23.2,28.4,31.4,26.2,3.9,13.1,1,0,0,0,0,0,1,1,0
2019-07-20,5.2,28.3,31.9,25.3,4.36,13.8,0,0,0,0,0,0,0,0,0
2019-07-21,7.9,28.0,31.6,24.9,4.47,11.2,0,0,0,0,0,0,0,0,0
2019-07-22,4.2,28.8,32.5,25.7,4.75,10.6,0,0,0,0,0,0,0,0,0
2019-07-23,0.1,29.5,33.3,25.8,4.86,10.8,0,0,0,0,0,0,0,0,0
2019-07-24,3.8,29.3,32.8,26.1,4.22,12.6,0,0,0,0,0,0,0,0,0
2019-07-25,34.8,27.3,32.0,25.2,3.43,15.0,1,0,0,0,0,0,1,1,0
2019-07-26,30.1,25.6,27.7,24.4,1.37,12.7,1,0,0,0,0,0,1,1,0
2019-07-27,26.3,25.3,26.6,24.3,1.54,13.0,1,0,0,0,0,0,1,1,0
2019-07-28,11.4,25.3,27.7,23.9,2.2,14.6,1,0,0,0,0,0,1,1,0
2019-07-29,43.8,25.3,28.0,23.5,2.04,16.6,1,0,0,0,0,0,1,1,0
2019-07-30,28.0,25.3,28.7,23.7,2.31,19.1,1,0,0,0,0,0,1,1,0
2019-07-31,36.6,24.3,25.5,23.5,1.17,18.9,1,0,0,0,0,0,1,1,0
2019-08-01,21.4,25.0,27.5,23.7,1.5,14.2,1,0,0,0,0,0,1,1,0
2019-08-02,20.6,25.8,29.2,24.1,2.53,10.7,1,0,0,0,0,0,1,1,0
2019-08-03,43.4,25.3,27.0,23.9,1.65,16.9,1,0,0,0,0,0,1,1,0
2019-08-04,13.0,26.4,29.9,24.0,3.14,15.3,1,0,0,0,0,0,1,1,0
2019-08-05,25.7,25.9,27.9,24.8,1.78,11.2,1,0,0,0,0,0,1,1,0
2019-08-06,7.5,26.7,29.5,25.0,2.54,10.3,0,0,0,0,0,0,0,0,0
2019-08-07,20.3,25.7,27.4,24.4,1.53,13.9,1,0,0,0,0,0,1,1,0
2019-08-08,83.6,24.3,25.2,23.2,0.83,20.2,1,0,0,0,0,0,1,1,0
2019-08-09,18.0,25.3,29.2,23.3,2.78,27.5,1,0,0,0,0,1,2,1,0
2019-08-10,6.3,26.9,30.9,23.8,4.04,12.0,0,0,0,0,0,0,0,0,0
2019-08-11,1.2,27.7,31.7,25.0,4.25,11.6,0,0,0,0,0,0,0,0,0
2019-08-12,5.6,27.2,30.5,24.4,3.35,13.8,0,0,0,0,0,0,0,0,0
2019-08-13,19.3,25.9,28.2,24.8,1.45,13.2,1,0,0,0,0,0,1,1,0
2019-08-14,65.4,24.9,25.8,24.0,0.9,15.0,1,0,0,0,0,0,1,1,0
2019-08-15,8.0,26.2,30.0,23.8,3.28,22.2,0,0,0,0,0,0,0,0,0
2019-08-16,1.2,27.3,31.5,23.7,4.8,16.8,0,0,0,0,0,0,0,0,0
2019-08-17,0.7,27.6,32.0,24.0,4.91,11.4,0,0,0,0,0,0,0,0,0
2019-08-18,4.2,27.6,31.3,24.7,3.66,10.8,0,0,0,0,0,0,0,0,0
2019-08-19,7.8,26.3,28.1,25.2,2.22,11.5,0,0,0,0,0,0,0,0,0
2019-08-20,7.5,26.1,28.5,24.1,2.21,12.2,0,0,0,0,0,0,0,0,0
2019-08-21,7.9,25.8,28.0,24.5,1.74,14.4,0,0,0,0,0,0,0,0,0
2019-08-22,18.6,25.8,29.3,23.9,2.58,14.8,1,0,0,0,0,0,1,1,0
2019-08-23,11.4,26.6,30.0,23.7,3.41,16.9,1,0,0,0,0,0,1,1,0
2019-08-24,9.6,25.8,28.3,24.2,1.87,6.9,1,0,0,0,0,0,1,1,0
2019-08-25,10.8,25.8,28.7,24.0,2.49,9.4,1,0,0,0,0,0,1,1,0
2019-08-26,28.4,25.3,28.2,23.4,2.4,12.9,1,0,0,0,0,0,1,1,0
2019-08-27,20.6,25.1,28.7,23.3,2.58,16.5,1,0,0,0,0,0,1,1,0
2019-08-28,5.9,25.5,29.4,22.9,2.91,12.1,0,0,0,0,0,0,0,0,0
2019-08-29,3.7,26.2,29.1,23.7,3.1,8.4,0,0,0,0,0,0,0,0,0
2019-08-30,18.2,26.3,29.2,23.6,2.89,8.7,1,0,0,0,0,0,1,1,0
2019-08-31,7.7,26.3,29.7,23.6,3.25,7.7,0,0,0,0,0,0,0,0,0
2019-09-01,8.3,26.7,30.9,24.6,3.18,10.0,1,0,0,0,0,0,1,1,0
2019-09-02,14.5,26.1,29.2,24.3,2.04,8.2,1,0,0,0,0,0,1,1,0
2019-09-03,17.6,26.3,29.8,23.8,3.05,12.8,1,0,0,0,0,0,1,1,0
2019-09-04,42.4,26.1,29.3,24.0,2.87,12.9,1,0,0,0,0,0,1,1,0
2019-09-05,10.1,26.7,31.0,23.9,3.4,10.5,1,0,0,0,0,0,1,1,0
2019-09-06,28.7,26.2,30.1,24.2,2.87,10.9,1,0,0,0,0,0,1,1,0
2019-09-07,21.9,26.4,30.8,23.8,2.77,9.7,1,0,0,0,0,0,1,1,0
2019-09-08,80.5,24.9,26.2,24.0,0.71,12.8,1,0,0,0,0,0,1,1,0
2019-09-09,15.4,26.1,29.3,23.9,2.49,19.6,1,0,0,0,0,0,1,1,0
2019-09-10,11.0,26.2,30.0,24.5,2.65,16.3,1,0,0,0,0,0,1,1,0
2019-09-11,38.3,25.4,27.7,24.2,1.51,14.5,1,0,0,0,0,0,1,1,0
2019-09-12,56.3,25.2,27.3,23.8,1.74,13.8,1,0,0,0,0,0,1,1,0
2019-09-13,30.2,25.5,29.0,23.5,3.08,20.3,1,0,0,0,0,0,1,1,0
2019-09-14,3.3,25.9,29.8,23.8,3.3,16.0,0,0,0,0,0,0,0,0,0
2019-09-15,1.9,26.5,30.1,23.9,3.7,14.3,0,0,0,0,0,0,0,0,0
2019-09-16,12.7,26.0,29.8,24.0,2.81,10.9,1,0,0,0,0,0,1,1,0
2019-09-17,14.2,26.3,28.9,24.5,2.54,10.7,1,0,0,0,0,0,1,1,0
2019-09-18,5.4,26.9,31.4,23.8,3.65,8.6,0,0,0,0,0,0,0,0,0
2019-09-19,3.9,27.0,31.2,24.1,4.04,12.3,0,0,0,0,0,0,0,0,0
2019-09-20,6.7,25.9,29.0,23.1,2.77,9.8,0,0,0,0,0,0,0,0,0
2019-09-21,7.2,26.3,30.4,23.3,3.47,8.7,0,0,0,0,0,0,0,0,0
2019-09-22,0.9,26.6,30.7,23.7,3.75,13.3,0,0,0,0,0,0,0,0,0
2019-09-23,6.3,26.6,30.4,23.2,3.56,9.5,0,0,0,0,0,0,0,0,0
2019-09-24,4.5,26.2,29.3,23.9,2.7,10.0,0,0,0,0,0,0,0,0,0
2019-09-25,36.2,24.4,25.7,23.5,1.04,10.9,1,0,0,0,0,0,1,1,0
2019-09-26,22.2,24.9,27.7,23.4,2.22,15.7,1,0,0,0,0,0,1,1,0
2019-09-27,16.9,25.0,28.3,23.3,2.01,13.1,1,0,0,0,0,0,1,1,0
2019-09-28,22.2,24.3,25.8,23.0,1.22,17.2,1,0,0,0,0,0,1,1,0
2019-09-29,17.7,24.2,26.1,23.0,1.49,10.6,1,0,0,0,0,0,1,1,0
2019-09-30,8.7,24.6,28.2,22.2,2.2,11.5,1,0,0,0,0,0,1,1,0
2019-10-01,4.0,25.6,29.6,22.6,3.22,10.4,0,0,0,0,0,0,0,0,0
2019-10-02,2.0,25.8,29.8,22.9,3.3,14.8,0,0,0,0,0,0,0,0,0
2019-10-03,0.6,25.5,30.0,21.4,3.8,8.9,0,0,0,0,0,0,0,0,0
2019-10-04,0.3,25.8,30.4,22.0,4.04,13.7,0,0,0,0,0,0,0,0,0
2019-10-05,0.3,25.8,31.0,20.6,4.13,7.7,0,0,0,0,0,0,0,0,0
2019-10-06,1.1,26.3,29.7,21.8,3.63,8.0,0,0,0,0,0,0,0,0,0
2019-10-07,7.9,25.7,29.6,22.3,3.44,7.4,0,0,0,0,0,0,0,0,0
2019-10-08,0.0,26.2,31.8,21.8,4.31,6.3,0,0,0,0,0,0,0,0,0
2019-10-09,0.8,25.1,29.7,20.8,3.54,8.0,0,0,0,0,0,0,0,0,0
2019-10-10,0.0,25.3,30.9,20.6,4.22,8.4,0,0,0,0,0,0,0,0,0
2019-10-11,0.0,25.3,30.6,20.7,3.91,6.8,0,0,0,0,0,0,0,0,0
2019-10-12,0.0,25.2,30.8,19.8,4.02,5.9,0,0,0,0,0,0,0,0,0
2019-10-13,0.0,25.3,30.8,20.3,3.99,6.8,0,0,0,0,0,0,0,0,0
2019-10-14,0.0,25.1,32.2,19.4,4.46,8.7,0,0,0,0,0,0,0,0,0
2019-10-15,0.0,24.2,30.0,18.2,3.89,6.6,0,0,0,0,0,0,0,0,0
2019-10-16,0.1,24.7,29.7,20.5,3.68,7.4,0,0,0,0,0,0,0,0,0
2019-10-17,0.0,24.8,31.3,19.4,4.27,6.6,0,0,0,0,0,0,0,0,0
2019-10-18,5.1,23.9,27.8,20.8,2.27,10.8,0,0,0,0,0,0,0,0,0
2019-10-19,0.9,24.5,28.8,21.3,2.68,9.1,0,0,0,0,0,0,0,0,0
2019-10-20,4.1,24.2,28.2,21.9,2.3,11.3,0,0,0,0,0,0,0,0,0
2019-10-21,8.7,24.5,27.9,21.8,2.54,10.2,1,0,0,0,0,0,1,1,0
2019-10-22,3.6,24.2,28.8,21.1,2.5,10.1,0,0,0,0,0,0,0,0,0
2019-10-23,0.5,24.5,28.8,21.2,2.56,8.6,0,0,0,0,0,0,0,0,0
2019-10-24,1.8,24.5,28.4,21.7,2.62,10.3,0,0,0,0,0,0,0,0,0
2019-10-25,0.5,23.7,27.5,20.9,1.99,7.3,0,0,0,0,0,0,0,0,0
2019-10-26,3.6,23.9,27.6,20.7,2.54,7.5,0,0,0,0,0,0,0,0,0
2019-10-27,4.9,24.8,28.6,21.7,2.86,8.0,0,0,0,0,0,0,0,0,0
2019-10-28,0.1,25.0,29.4,21.1,2.97,6.6,0,0,0,0,0,0,0,0,0
2019-10-29,0.7,25.0,29.4,21.4,3.13,13.0,0,0,0,0,0,0,0,0,0
2019-10-30,0.8,25.0,30.0,20.9,3.29,10.7,0,0,0,0,0,0,0,0,0
2019-10-31,0.0,25.2,31.1,20.8,3.77,7.7,0,0,0,0,0,0,0,0,0
2019-11-01,0.2,25.2,29.8,21.9,3.08,8.9,0,0,0,0,0,0,0,0,0
2019-11-02,0.0,24.3,28.3,20.1,2.09,8.2,0,0,0,0,0,0,0,0,0
2019-11-03,0.1,25.3,30.9,20.3,3.43,7.2,0,0,0,0,0,0,0,0,0
2019-11-04,0.0,25.6,30.6,21.9,3.68,9.7,0,0,0,0,0,0,0,0,0
2019-11-05,0.0,25.1,30.8,20.6,3.9,10.3,0,0,0,0,0,0,0,0,0
2019-11-06,0.0,24.4,30.0,19.1,3.34,8.2,0,0,0,0,0,0,0,0,0
2019-11-07,0.0,24.8,29.9,20.6,3.2,6.2,0,0,0,0,0,0,0,0,0
2019-11-08,0.0,24.6,30.8,19.9,3.45,6.7,0,0,0,0,0,0,0,0,0
2019-11-09,0.0,23.9,30.9,18.2,4.27,12.2,0,0,0,0,0,0,0,0,0
2019-11-10,0.0,24.2,30.6,19.1,3.96,9.0,0,0,0,0,0,0,0,0,0
2019-11-11,0.0,23.5,30.6,18.5,3.88,9.2,0,0,0,0,0,0,0,0,0
2019-11-12,0.0,22.5,30.2,16.6,3.81,7.9,0,0,0,0,0,0,0,0,0
2019-11-13,0.0,22.3,30.0,15.9,3.66,7.5,0,0,0,0,0,0,0,0,0
2019-11-14,0.0,21.8,29.5,15.0,3.57,6.2,0,0,0,0,0,0,0,0,0
2019-11-15,0.0,22.0,29.2,15.2,3.63,7.9,0,0,0,0,0,0,0,0,0
2019-11-16,0.0,23.0,29.3,17.6,3.51,6.2,0,0,0,0,0,0,0,0,0
2019-11-17,0.0,23.2,30.0,17.8,4.23,11.2,0,0,0,0,0,0,0,0,0
2019-11-18,0.0,23.0,30.3,17.9,4.07,10.2,0,0,0,0,0,0,0,0,0
2019-11-19,0.0,22.1,29.6,16.1,3.67,7.6,0,0,0,0,0,0,0,0,0
2019-11-20,0.0,22.0,28.9,16.3,3.49,8.4,0,0,0,0,0,0,0,0,0
2019-11-21,0.0,22.4,28.8,16.4,3.41,8.0,0,0,0,0,0,0,0,0,0
2019-11-22,0.0,22.3,28.7,16.3,3.35,6.6,0,0,0,0,0,0,0,0,0
2019-11-23,0.0,22.4,29.3,16.1,3.73,8.8,0,0,0,0,0,0,0,0,0
2019-11-24,0.0,21.8,29.0,15.9,3.54,7.7,0,0,0,0,0,0,0,0,0
2019-11-25,0.0,21.6,29.1,15.1,3.14,6.9,0,0,0,0,0,0,0,0,0
2019-11-26,0.0,21.9,29.6,15.7,3.42,8.5,0,0,0,0,0,0,0,0,0
2019-11-27,0.0,21.9,29.2,16.0,3.41,8.6,0,0,0,0,0,0,0,0,0
2019-11-28,0.0,22.7,29.7,16.6,3.49,9.5,0,0,0,0,0,0,0,0,0
2019-11-29,0.0,22.2,28.9,16.9,3.27,7.4,0,0,0,0,0,0,0,0,0
2019-11-30,0.0,22.4,28.4,16.9,3.21,6.4,0,0,0,0,0,0,0,0,0
2019-12-01,0.0,22.4,28.8,17.1,3.14,7.4,0,0,0,0,0,0,0,0,0
2019-12-02,0.0,22.2,28.0,16.6,2.9,5.2,0,0,0,0,0,0,0,0,0
2019-12-03,0.0,21.8,28.2,17.5,3.3,10.5,0,0,0,0,0,0,0,0,0
2019-12-04,0.0,21.8,27.6,17.2,3.59,11.1,0,0,0,0,0,0,0,0,0
2019-12-05,0.0,18.9,26.0,13.3,3.55,10.2,0,0,0,0,0,0,0,0,0
2019-12-06,0.0,18.9,26.6,13.0,3.17,6.5,0,0,0,0,0,0,0,0,0
2019-12-07,0.0,19.0,26.1,12.8,3.11,6.5,0,0,0,0,0,0,0,0,0
2019-12-08,0.0,20.5,26.7,14.6,3.17,9.1,0,0,0,0,0,0,0,0,0
2019-12-09,0.0,20.7,27.2,14.9,3.18,8.9,0,0,0,0,0,0,0,0,0
2019-12-10,0.0,19.4,26.9,13.6,3.17,9.9,0,0,0,0,0,0,0,0,0
2019-12-11,0.0,20.4,26.9,14.5,3.13,9.3,0,0,0,0,0,0,0,0,0
2019-12-12,0.0,21.6,28.0,15.8,3.42,12.1,0,0,0,0,0,0,0,0,0
2019-12-13,0.6,21.1,26.1,17.2,2.48,11.0,0,0,0,0,0,0,0,0,0
2019-12-14,1.2,21.5,26.0,18.3,2.44,9.4,0,0,0,0,0,0,0,0,0
2019-12-15,4.6,20.2,24.1,17.6,2.04,14.7,0,0,0,0,0,0,0,0,0
2019-12-16,1.1,19.5,23.1,16.3,1.87,12.4,0,0,0,0,0,0,0,0,0
2019-12-17,0.0,19.3,25.0,15.7,2.95,11.9,0,0,0,0,0,0,0,0,0
2019-12-18,0.0,17.9,24.2,12.9,2.74,10.4,0,0,0,0,0,0,0,0,0
2019-12-19,0.0,18.4,25.0,13.4,2.76,10.8,0,0,0,0,0,0,0,0,0
2019-12-20,0.0,18.4,25.5,12.8,3.25,12.4,0,0,0,0,0,0,0,0,0
2019-12-21,0.0,18.8,26.7,12.2,3.01,8.7,0,0,0,0,0,0,0,0,0
2019-12-22,0.0,19.7,26.1,14.9,2.78,9.3,0,0,0,0,0,0,0,0,0
2019-12-23,0.0,20.5,26.7,16.1,2.93,8.5,0,0,0,0,0,0,0,0,0
2019-12-24,0.0,20.4,27.2,14.6,3.1,8.3,0,0,0,0,0,0,0,0,0
2019-12-25,0.1,21.5,27.7,15.8,2.89,12.3,0,0,0,0,0,0,0,0,0
2019-12-26,5.1,19.6,23.0,17.0,1.74,12.0,0,0,0,0,0,0,0,0,0
2019-12-27,0.0,15.6,21.3,11.0,3.76,14.0,0,0,0,0,0,0,0,0,0
2019-12-28,0.0,13.1,21.3,6.8,3.11,10.1,0,1,0,0,0,0,1,1,0
2019-12-29,0.0,13.8,22.3,6.6,2.99,8.9,0,1,0,0,0,0,1,1,0
2019-12-30,0.0,16.2,24.0,8.4,3.25,9.9,0,0,0,0,0,0,0,0,0
2019-12-31,9.0,17.9,21.8,13.9,2.35,9.8,1,0,0,0,0,0,1,1,0
2020-01-01,6.6,17.6,21.7,14.6,1.97,12.3,0,0,0,0,0,0,0,0,0
2020-01-02,9.9,17.8,21.7,14.9,2.03,9.2,1,0,0,0,0,0,1,1,0
2020-01-03,0.8,18.4,22.9,15.0,2.16,8.4,0,0,0,0,0,0,0,0,0
2020-01-04,2.7,18.4,23.1,14.4,2.42,11.9,0,0,0,0,0,0,0,0,0
2020-01-05,0.0,16.0,22.6,11.6,3.16,11.2,0,0,0,0,0,0,0,0,0
2020-01-06,0.0,15.1,22.8,9.0,2.86,7.6,0,0,0,0,0,0,0,0,0
2020-01-07,0.0,17.2,24.6,9.2,2.9,8.4,0,0,0,0,0,0,0,0,0
2020-01-08,10.4,18.7,21.2,16.2,1.47,10.1,1,0,0,0,0,0,1,1,0
2020-01-09,1.7,18.3,22.7,12.9,3.22,18.0,0,0,0,0,0,0,0,0,0
2020-01-10,0.0,13.8,20.1,9.3,3.22,14.2,0,1,0,0,0,0,1,1,0
2020-01-11,0.0,13.2,21.0,7.2,2.96,9.7,0,1,0,0,0,0,1,1,0
2020-01-12,0.0,14.5,22.7,8.3,2.92,8.2,0,1,0,0,0,0,1,1,0
2020-01-13,0.0,17.4,24.8,9.9,3.24,10.5,0,0,0,0,0,0,0,0,0
2020-01-14,0.0,18.5,26.0,12.8,3.3,7.3,0,0,0,0,0,0,0,0,0
2020-01-15,0.0,19.9,27.2,14.3,3.46,10.2,0,0,0,0,0,0,0,0,0
2020-01-16,0.0,19.6,25.6,14.0,3.08,13.8,0,0,0,0,0,0,0,0,0
2020-01-17,0.2,19.6,23.7,16.1,2.27,11.6,0,0,0,0,0,0,0,0,0
2020-01-18,3.0,19.3,24.6,16.2,2.53,9.1,0,0,0,0,0,0,0,0,0
2020-01-19,0.0,18.5,24.3,14.6,2.81,15.6,0,0,0,0,0,0,0,0,0
2020-01-20,0.0,16.7,23.5,12.0,3.09,10.3,0,0,0,0,0,0,0,0,0
2020-01-21,0.0,18.7,26.5,11.3,3.02,7.3,0,0,0,0,0,0,0,0,0
2020-01-22,0.0,21.4,27.4,15.5,3.24,12.3,0,0,0,0,0,0,0,0,0
2020-01-23,1.8,20.4,25.7,16.3,3.41,13.7,0,0,0,0,0,0,0,0,0
2020-01-24,0.0,18.3,25.1,13.5,3.73,11.7,0,0,0,0,0,0,0,0,0
2020-01-25,0.0,18.6,25.8,13.1,3.66,9.4,0,0,0,0,0,0,0,0,0
2020-01-26,0.0,18.2,26.2,12.3,3.81,11.5,0,0,0,0,0,0,0,0,0
2020-01-27,0.0,19.6,27.8,11.6,3.6,7.3,0,0,0,0,0,0,0,0,0
2020-01-28,0.3,22.3,29.0,16.7,3.86,15.9,0,0,0,0,0,0,0,0,0
2020-01-29,0.1,20.7,25.8,17.2,3.43,15.5,0,0,0,0,0,0,0,0,0
2020-01-30,0.0,18.9,24.8,14.6,4.17,14.6,0,0,0,0,0,0,0,0,0
2020-01-31,0.0,17.2,24.5,11.8,3.81,9.7,0,0,0,0,0,0,0,0,0
2020-02-01,0.0,17.5,24.5,11.2,3.02,9.7,0,0,0,0,0,0,0,0,0
2020-02-02,0.0,18.3,25.6,11.7,3.89,9.8,0,0,0,0,0,0,0,0,0
2020-02-03,0.0,18.4,26.4,12.3,3.38,8.4,0,0,0,0,0,0,0,0,0
2020-02-04,7.2,18.1,22.6,13.5,1.66,7.9,0,0,0,0,0,0,0,0,0
2020-02-05,0.2,19.2,25.8,14.6,3.17,7.5,0,0,0,0,0,0,0,0,0
2020-02-06,0.0,18.7,25.6,12.9,2.91,12.4,0,0,0,0,0,0,0,0,0
2020-02-07,5.3,18.3,21.9,15.3,2.02,7.9,0,0,0,0,0,0,0,0,0
2020-02-08,0.0,18.6,25.0,13.7,3.57,12.5,0,0,0,0,0,0,0,0,0
2020-02-09,0.0,17.1,24.7,10.9,3.75,10.8,0,0,0,0,0,0,0,0,0
2020-02-10,0.0,16.6,24.8,9.4,3.8,10.2,0,0,0,0,0,0,0,0,0
2020-02-11,0.0,18.4,26.6,10.7,3.88,10.7,0,0,0,0,0,0,0,0,0
2020-02-12,0.0,19.6,27.8,12.5,4.47,13.6,0,0,0,0,0,0,0,0,0
2020-02-13,0.0,20.3,29.7,11.0,4.53,10.8,0,0,0,0,0,0,0,0,0
2020-02-14,0.0,22.0,30.4,15.5,5.01,14.6,0,0,0,0,0,0,0,0,0
2020-02-15,0.0,21.6,29.6,16.0,5.04,12.8,0,0,0,0,0,0,0,0,0
2020-02-16,0.0,20.8,30.1,12.3,4.98,11.2,0,0,0,0,0,0,0,0,0
2020-02-17,0.0,21.6,30.8,14.5,5.55,12.4,0,0,0,0,0,0,0,0,0
2020-02-18,0.0,21.2,31.3,12.1,5.29,10.5,0,0,0,0,0,0,0,0,0
2020-02-19,0.0,21.3,30.7,11.5,4.58,9.1,0,0,0,0,0,0,0,0,0
2020-02-20,0.0,23.2,30.9,16.0,4.68,11.9,0,0,0,0,0,0,0,0,0
2020-02-21,0.3,24.0,30.3,18.4,4.41,15.6,0,0,0,0,0,0,0,0,0
2020-02-22,0.3,24.4,29.2,19.6,3.66,14.4,0,0,0,0,0,0,0,0,0
2020-02-23,0.3,23.2,30.9,19.0,3.82,19.4,0,0,0,0,0,0,0,0,0
2020-02-24,13.4,21.6,28.4,18.1,3.16,14.5,1,0,0,0,0,0,1,1,0
2020-02-25,0.0,21.0,27.2,16.4,4.47,15.5,0,0,0,0,0,0,0,0,0
2020-02-26,0.0,20.8,28.0,14.7,5.14,17.7,0,0,0,0,0,0,0,0,0
2020-02-27,0.0,21.2,28.8,13.3,4.9,15.7,0,0,0,0,0,0,0,0,0
2020-02-28,0.0,22.1,29.7,14.9,4.46,9.8,0,0,0,0,0,0,0,0,0
2020-02-29,0.0,23.0,31.0,14.7,4.51,8.0,0,0,0,0,0,0,0,0,0
2020-03-01,0.0,24.4,32.4,17.2,4.72,9.0,0,0,0,0,0,0,0,0,0
2020-03-02,0.0,24.9,31.1,19.1,4.47,14.9,0,0,0,0,0,0,0,0,0
2020-03-03,0.1,24.8,31.3,19.2,4.39,14.4,0,0,0,0,0,0,0,0,0
2020-03-04,0.0,25.0,31.7,17.8,4.72,10.0,0,0,0,0,0,0,0,0,0
2020-03-05,0.0,24.1,30.7,17.6,4.66,9.3,0,0,0,0,0,0,0,0,0
2020-03-06,2.9,23.5,28.8,18.4,4.03,24.7,0,0,0,0,0,1,1,1,0
2020-03-07,4.1,23.6,30.1,18.9,4.3,11.1,0,0,0,0,0,0,0,0,0
2020-03-08,0.0,24.0,31.1,18.2,5.57,14.1,0,0,0,0,0,0,0,0,0
2020-03-09,0.0,24.3,31.1,18.0,4.95,10.9,0,0,0,0,0,0,0,0,0
2020-03-10,1.7,24.3,29.6,20.4,3.77,14.6,0,0,0,0,0,0,0,0,0
2020-03-11,4.1,24.2,30.5,20.0,3.91,14.4,0,0,0,0,0,0,0,0,0
2020-03-12,3.0,24.1,29.3,20.5,3.62,8.7,0,0,0,0,0,0,0,0,0
2020-03-13,5.7,23.1,28.2,20.0,3.24,15.7,0,0,0,0,0,0,0,0,0
2020-03-14,5.2,22.7,27.5,19.1,3.53,15.8,0,0,0,0,0,0,0,0,0
2020-03-15,0.0,23.0,29.7,18.1,4.83,10.4,0,0,0,0,0,0,0,0,0
2020-03-16,0.0,23.2,29.9,17.2,4.9,10.5,0,0,0,0,0,0,0,0,0
2020-03-17,0.0,24.0,31.3,17.5,4.89,9.4,0,0,0,0,0,0,0,0,0
2020-03-18,1.5,23.8,30.1,19.4,3.95,9.9,0,0,0,0,0,0,0,0,0
2020-03-19,17.9,22.5,29.7,18.8,3.47,16.5,1,0,0,0,0,0,1,1,0
2020-03-20,0.0,23.5,31.3,17.1,4.38,9.7,0,0,0,0,0,0,0,0,0
2020-03-21,1.2,24.2,30.4,19.6,4.72,13.6,0,0,0,0,0,0,0,0,0
2020-03-22,0.0,24.3,32.4,17.7,5.19,10.2,0,0,0,0,0,0,0,0,0
2020-03-23,0.0,25.3,32.5,16.7,4.73,10.1,0,0,0,0,0,0,0,0,0
2020-03-24,0.0,26.6,33.4,20.4,5.05,15.1,0,0,0,0,0,0,0,0,0
2020-03-25,0.0,26.7,33.2,20.0,4.71,12.9,0,0,0,0,0,0,0,0,0
2020-03-26,0.0,26.7,32.9,22.5,4.3,14.9,0,0,0,0,0,0,0,0,0
2020-03-27,0.0,27.9,34.9,22.1,5.64,23.0,0,0,0,0,0,1,1,1,0
2020-03-28,0.0,27.0,32.5,22.3,4.85,14.5,0,0,0,0,0,0,0,0,0
2020-03-29,0.9,27.4,34.0,21.9,5.24,12.0,0,0,0,0,0,0,0,0,0
2020-03-30,0.0,27.8,34.2,22.1,4.4,11.2,0,0,0,0,0,0,0,0,0
2020-03-31,0.0,28.8,36.3,21.8,5.83,11.3,0,0,0,0,0,0,0,0,0
2020-04-01,0.0,29.4,36.6,22.6,5.7,12.2,0,0,0,0,0,0,0,0,0
2020-04-02,0.0,28.4,35.4,20.3,5.7,10.8,0,0,0,0,0,0,0,0,0
2020-04-03,0.0,28.7,34.7,23.8,5.71,15.1,0,0,0,0,0,0,0,0,0
2020-04-04,5.8,27.2,34.2,22.7,4.72,15.9,0,0,0,0,0,0,0,0,0
2020-04-05,0.0,27.7,35.0,21.0,5.12,9.4,0,0,0,0,0,0,0,0,0
2020-04-06,0.1,28.8,34.6,21.8,5.3,13.2,0,0,0,0,0,0,0,0,0
2020-04-07,0.0,29.4,36.1,22.9,5.98,13.7,0,0,0,0,0,0,0,0,0
2020-04-08,0.0,28.8,37.0,22.1,6.38,15.2,0,0,0,0,0,0,0,0,0
2020-04-09,0.3,28.5,35.3,19.7,5.71,13.2,0,0,0,0,0,0,0,0,0
2020-04-10,0.1,28.0,36.3,21.5,5.72,18.3,0,0,0,0,0,0,0,0,0
2020-04-11,0.0,28.9,35.9,20.9,5.72,11.5,0,0,0,0,0,0,0,0,0
2020-04-12,0.0,30.5,38.1,22.9,6.08,10.2,0,0,0,0,0,0,0,0,0
2020-04-13,0.0,30.1,37.1,21.6,5.74,14.2,0,0,0,0,0,0,0,0,0
2020-04-14,0.0,31.1,38.8,24.2,6.43,12.2,0,0,0,0,0,0,0,0,0
2020-04-15,0.0,30.3,37.2,24.5,6.38,20.5,0,0,0,0,0,0,0,0,0
2020-04-16,0.0,31.3,38.1,23.8,6.62,20.4,0,0,0,0,0,0,0,0,0
2020-04-17,0.0,31.5,38.3,24.2,6.83,14.3,0,0,0,0,0,0,0,0,0
2020-04-18,0.0,30.6,37.4,23.3,6.9,24.2,0,0,0,0,0,1,1,1,0
2020-04-19,0.0,29.9,36.3,24.5,5.81,16.6,0,0,0,0,0,0,0,0,0
2020-04-20,0.0,30.3,37.5,23.3,6.32,10.7,0,0,0,0,0,0,0,0,0
2020-04-21,0.0,31.4,38.3,25.3,7.41,20.9,0,0,0,0,0,0,0,0,0
2020-04-22,0.0,29.6,36.0,23.1,5.69,9.6,0,0,0,0,0,0,0,0,0
2020-04-23,0.0,30.4,36.9,23.7,6.64,13.6,0,0,0,0,0,0,0,0,0
2020-04-24,0.0,31.2,38.5,24.0,7.36,20.0,0,0,0,0,0,0,0,0,0
2020-04-25,0.0,31.2,38.3,25.4,6.76,22.5,0,0,0,0,0,0,0,0,0
2020-04-26,0.0,31.2,37.8,24.8,7.27,22.5,0,0,0,0,0,0,0,0,0
2020-04-27,0.1,28.6,34.3,24.4,5.5,16.2,0,0,0,0,0,0,0,0,0
2020-04-28,0.0,28.5,35.6,22.9,5.33,31.1,0,0,0,0,0,1,1,1,0
2020-04-29,0.0,29.4,36.4,22.6,5.87,13.9,0,0,0,0,0,0,0,0,0
2020-04-30,0.0,29.9,36.1,22.6,5.84,10.5,0,0,0,0,0,0,0,0,0
2020-05-01,0.0,30.8,37.7,23.5,6.52,16.4,0,0,0,0,0,0,0,0,0
2020-05-02,0.0,32.4,39.7,24.5,6.86,13.0,0,0,0,0,0,0,0,0,0
2020-05-03,0.0,32.4,40.3,25.0,6.5,10.2,0,0,0,0,0,0,0,0,0
2020-05-04,0.0,32.2,39.1,24.9,6.3,10.4,0,0,0,0,0,0,0,0,0
2020-05-05,0.0,31.9,37.8,24.9,6.95,17.7,0,0,0,0,0,0,0,0,0
2020-05-06,0.0,31.7,37.2,25.4,6.72,14.8,0,0,0,0,0,0,0,0,0
2020-05-07,0.0,31.0,37.8,23.8,6.84,12.8,0,0,0,0,0,0,0,0,0
2020-05-08,0.0,29.9,38.7,25.7,6.14,29.2,0,0,0,0,0,1,1,1,0
2020-05-09,0.0,30.4,38.6,24.1,6.09,13.4,0,0,0,0,0,0,0,0,0
2020-05-10,0.0,29.5,37.2,24.0,5.31,15.1,0,0,0,0,0,0,0,0,0
2020-05-11,0.0,29.5,37.5,23.0,5.99,16.9,0,0,0,0,0,0,0,0,0
2020-05-12,0.2,29.9,36.3,23.5,5.9,11.3,0,0,0,0,0,0,0,0,0
2020-05-13,0.0,30.9,37.1,24.6,6.18,12.9,0,0,0,0,0,0,0,0,0
2020-05-14,0.0,31.5,37.9,25.0,5.97,11.2,0,0,0,0,0,0,0,0,0
2020-05-15,0.0,32.3,38.7,26.2,6.41,19.1,0,0,0,0,0,0,0,0,0
2020-05-16,0.0,31.8,37.9,26.8,6.32,20.4,0,0,0,0,0,0,0,0,0
2020-05-17,0.0,31.1,37.4,24.9,5.56,8.9,0,0,0,0,0,0,0,0,0
2020-05-18,0.4,31.7,36.4,26.2,6.29,16.5,0,0,0,0,0,0,0,0,0
2020-05-19,0.0,31.0,37.4,24.4,6.53,15.0,0,0,0,0,0,0,0,0,0
2020-05-20,0.0,30.5,39.2,22.8,7.42,20.2,0,0,0,0,0,0,0,0,0
2020-05-21,0.0,30.0,39.2,21.6,7.24,14.8,0,0,0,0,0,0,0,0,0
2020-05-22,0.0,33.2,40.8,22.2,6.89,13.4,0,0,0,0,0,0,0,0,0
2020-05-23,0.0,34.0,41.5,24.3,7.65,15.7,0,0,0,0,0,0,0,0,0
2020-05-24,0.0,34.6,42.4,26.9,6.98,12.2,0,0,0,0,0,0,0,0,0
2020-05-25,0.0,34.3,41.8,26.6,6.84,10.3,0,0,0,0,0,0,0,0,0
2020-05-26,0.0,34.6,42.1,27.7,7.86,14.0,0,0,0,0,0,0,0,0,0
2020-05-27,0.0,34.9,41.3,28.4,8.21,19.6,0,0,0,0,0,0,0,0,0
2020-05-28,0.0,34.1,41.6,27.2,7.31,14.1,0,0,0,0,0,0,0,0,0
2020-05-29,0.0,34.1,40.6,27.0,6.1,9.3,0,0,0,0,0,0,0,0,0
2020-05-30,0.0,33.1,38.0,29.5,6.23,15.1,0,0,0,0,0,0,0,0,0
2020-05-31,0.1,33.5,38.5,28.0,6.33,10.8,0,0,0,0,0,0,0,0,0
2020-06-01,0.0,32.4,36.0,27.9,5.31,13.4,0,0,0,0,0,0,0,0,0
2020-06-02,19.3,28.3,32.8,25.6,3.37,11.1,1,0,0,0,0,0,1,1,0
2020-06-03,6.6,26.9,29.9,25.0,2.78,9.7,0,0,0,0,0,0,0,0,0
2020-06-04,6.3,27.8,32.0,23.7,5.18,26.8,0,0,0,0,0,1,1,1,0
2020-06-05,0.7,28.0,32.7,23.7,5.63,17.1,0,0,0,0,0,0,0,0,0
2020-06-06,0.3,28.4,33.7,24.4,4.48,9.0,0,0,0,0,0,0,0,0,0
2020-06-07,0.8,29.1,33.4,25.2,4.8,11.5,0,0,0,0,0,0,0,0,0
2020-06-08,0.2,30.3,35.2,25.9,5.15,15.3,0,0,0,0,0,0,0,0,0
2020-06-09,0.6,30.3,36.6,25.3,5.36,13.2,0,0,0,0,0,0,0,0,0
2020-06-10,0.3,31.4,36.1,25.4,5.19,15.8,0,0,0,0,0,0,0,0,0
2020-06-11,0.8,31.0,36.6,26.8,5.27,10.7,0,0,0,0,0,0,0,0,0
2020-06-12,23.4,28.2,32.9,25.6,3.42,8.0,1,0,0,0,0,0,1,1,0
2020-06-13,8.6,27.1,30.9,25.2,2.46,8.9,1,0,0,0,0,0,1,1,0
2020-06-14,2.9,27.4,31.0,25.2,2.82,10.9,0,0,0,0,0,0,0,0,0
2020-06-15,20.8,26.8,29.6,24.6,2.3,7.9,1,0,0,0,0,0,1,1,0
2020-06-16,11.8,27.1,31.3,24.6,2.12,9.1,1,0,0,0,0,0,1,1,0
2020-06-17,27.2,26.2,29.8,24.4,2.27,14.9,1,0,0,0,0,0,1,1,0
2020-06-18,4.4,26.9,29.4,24.4,2.27,12.7,0,0,0,0,0,0,0,0,0
2020-06-19,0.4,27.9,31.7,24.1,3.18,10.9,0,0,0,0,0,0,0,0,0
2020-06-20,3.3,28.5,33.4,25.0,3.88,14.8,0,0,0,0,0,0,0,0,0
2020-06-21,9.6,28.3,33.0,25.0,4.46,22.3,1,0,0,0,0,0,1,1,0
2020-06-22,51.6,26.3,29.8,24.0,1.93,12.2,1,0,0,0,0,0,1,1,0
2020-06-23,93.7,26.0,28.5,24.6,2.02,15.0,1,0,0,0,0,0,1,1,0
2020-06-24,3.0,27.8,31.8,24.5,4.29,10.0,0,0,0,0,0,0,0,0,0
2020-06-25,6.5,28.3,32.1,24.8,4.19,11.5,0,0,0,0,0,0,0,0,0
2020-06-26,8.1,27.9,30.8,25.1,3.27,13.0,0,0,0,0,0,0,0,0,0
2020-06-27,19.4,27.3,30.4,25.5,2.81,9.0,1,0,0,0,0,0,1,1,0
2020-06-28,7.7,26.8,29.9,24.9,2.0,9.2,0,0,0,0,0,0,0,0,0
2020-06-29,6.0,27.2,30.7,23.6,3.59,7.9,0,0,0,0,0,0,0,0,0
2020-06-30,7.1,27.8,31.3,25.3,3.35,10.4,0,0,0,0,0,0,0,0,0
2020-07-01,1.4,27.8,31.8,24.7,4.36,8.2,0,0,0,0,0,0,0,0,0
2020-07-02,7.6,27.7,31.8,25.1,4.03,9.8,0,0,0,0,0,0,0,0,0
2020-07-03,22.1,27.3,30.2,25.6,3.16,7.8,1,0,0,0,0,0,1,1,0
2020-07-04,23.2,27.1,31.6,24.7,3.56,10.0,1,0,0,0,0,0,1,1,0
2020-07-05,13.8,26.0,27.5,24.9,1.71,9.8,1,0,0,0,0,0,1,1,0
2020-07-06,22.6,25.2,26.2,24.4,1.4,12.2,1,0,0,0,0,0,1,1,0
2020-07-07,3.0,27.0,31.4,24.1,3.63,12.6,0,0,0,0,0,0,0,0,0
2020-07-08,0.6,28.2,32.6,24.2,4.99,13.3,0,0,0,0,0,0,0,0,0
2020-07-09,17.2,27.1,30.9,24.7,3.43,12.4,1,0,0,0,0,0,1,1,0
2020-07-10,18.6,26.7,30.2,24.8,2.61,11.8,1,0,0,0,0,0,1,1,0
2020-07-11,2.6,27.3,30.8,24.9,3.12,11.2,0,0,0,0,0,0,0,0,0
2020-07-12,4.5,26.9,30.5,25.0,2.25,7.9,0,0,0,0,0,0,0,0,0
2020-07-13,8.3,26.7,30.3,24.1,3.75,10.0,1,0,0,0,0,0,1,1,0
2020-07-14,10.5,25.9,28.6,24.4,1.85,7.1,1,0,0,0,0,0,1,1,0
2020-07-15,28.9,26.0,29.7,23.7,2.6,7.6,1,0,0,0,0,0,1,1,0
2020-07-16,3.5,27.1,31.5,24.2,4.35,14.5,0,0,0,0,0,0,0,0,0
2020-07-17,4.5,26.8,30.6,24.5,3.83,10.8,0,0,0,0,0,0,0,0,0
2020-07-18,2.2,27.7,31.8,24.5,4.35,10.6,0,0,0,0,0,0,0,0,0
2020-07-19,23.8,27.2,31.5,25.1,3.29,8.9,1,0,0,0,0,0,1,1,0
2020-07-20,20.7,26.4,28.6,25.1,2.14,13.2,1,0,0,0,0,0,1,1,0
2020-07-21,16.0,26.2,28.6,24.6,2.11,11.5,1,0,0,0,0,0,1,1,0
2020-07-22,17.4,26.5,31.2,24.5,3.13,14.5,1,0,0,0,0,0,1,1,0
2020-07-23,18.7,25.6,29.3,24.3,2.14,9.7,1,0,0,0,0,0,1,1,0
2020-07-24,0.5,26.6,30.0,23.8,3.37,8.3,0,0,0,0,0,0,0,0,0
2020-07-25,14.3,26.2,29.7,24.5,2.99,13.4,1,0,0,0,0,0,1,1,0
2020-07-26,0.7,27.6,31.8,23.4,4.72,8.4,0,0,0,0,0,0,0,0,0
2020-07-27,2.8,28.2,32.2,25.1,4.48,5.8,0,0,0,0,0,0,0,0,0
2020-07-28,6.7,27.8,31.7,25.1,3.83,7.9,0,0,0,0,0,0,0,0,0
2020-07-29,2.4,27.5,30.5,24.5,3.67,9.0,0,0,0,0,0,0,0,0,0
2020-07-30,2.0,28.0,32.2,24.8,4.43,10.4,0,0,0,0,0,0,0,0,0
2020-07-31,1.5,28.5,32.8,24.5,4.6,8.4,0,0,0,0,0,0,0,0,0
2020-08-01,9.2,28.3,31.5,25.5,3.74,7.3,1,0,0,0,0,0,1,1,0
2020-08-02,10.5,27.8,30.7,25.3,3.65,10.1,1,0,0,0,0,0,1,1,0
2020-08-03,28.6,26.5,29.2,25.1,2.01,9.3,1,0,0,0,0,0,1,1,0
2020-08-04,32.5,26.5,29.0,25.0,2.3,9.8,1,0,0,0,0,0,1,1,0
2020-08-05,9.6,25.8,27.9,24.6,1.55,8.1,1,0,0,0,0,0,1,1,0
2020-08-06,15.9,26.2,30.4,24.3,2.97,15.9,1,0,0,0,0,0,1,1,0
2020-08-07,7.4,27.0,31.2,24.3,3.47,16.3,0,0,0,0,0,0,0,0,0
2020-08-08,50.9,25.5,27.0,24.6,1.24,11.8,1,0,0,0,0,0,1,1,0
2020-08-09,41.9,25.3,27.0,24.4,1.23,12.7,1,0,0,0,0,0,1,1,0
2020-08-10,14.9,26.5,31.0,24.4,2.93,11.9,1,0,0,0,0,0,1,1,0
2020-08-11,11.8,26.5,30.0,24.9,2.59,10.2,1,0,0,0,0,0,1,1,0
2020-08-12,21.0,26.2,29.3,24.6,2.14,14.0,1,0,0,0,0,0,1,1,0
2020-08-13,27.1,25.8,28.7,24.3,2.2,12.9,1,0,0,0,0,0,1,1,0
2020-08-14,7.3,25.3,28.0,23.9,1.96,11.8,0,0,0,0,0,0,0,0,0
2020-08-15,4.9,25.6,28.0,23.9,1.93,12.0,0,0,0,0,0,0,0,0,0
2020-08-16,64.4,25.2,26.4,24.1,0.94,10.2,1,0,0,0,0,0,1,1,0
2020-08-17,47.8,25.0,26.4,24.1,1.19,14.8,1,0,0,0,0,0,1,1,0
2020-08-18,19.5,25.2,27.4,24.0,1.56,13.8,1,0,0,0,0,0,1,1,0
2020-08-19,10.3,25.8,28.9,23.7,2.49,14.6,1,0,0,0,0,0,1,1,0
2020-08-20,20.9,26.6,30.1,24.5,3.23,15.7,1,0,0,0,0,0,1,1,0
2020-08-21,25.0,24.9,26.7,24.0,1.3,19.0,1,0,0,0,0,0,1,1,0
2020-08-22,3.1,25.8,28.4,24.0,2.94,21.1,0,0,0,0,0,0,0,0,0
2020-08-23,2.7,26.8,30.7,23.8,4.04,16.4,0,0,0,0,0,0,0,0,0
2020-08-24,2.4,27.0,31.0,23.9,4.08,13.0,0,0,0,0,0,0,0,0,0
2020-08-25,0.6,27.5,31.6,24.1,4.35,12.6,0,0,0,0,0,0,0,0,0
2020-08-26,6.9,26.1,29.7,24.5,2.33,12.3,0,0,0,0,0,0,0,0,0
2020-08-27,52.8,25.0,26.9,23.9,1.5,17.0,1,0,0,0,0,0,1,1,0
2020-08-28,141.3,23.8,24.5,23.2,0.87,27.2,1,0,0,0,0,1,2,1,1
2020-08-29,30.7,24.9,26.7,23.5,2.54,25.0,1,0,0,0,0,1,2,1,0
2020-08-30,3.4,26.2,30.5,23.5,4.24,16.4,0,0,0,0,0,0,0,0,0
2020-08-31,0.9,26.9,31.5,23.2,4.69,12.2,0,0,0,0,0,0,0,0,0
2020-09-01,0.3,27.6,32.1,23.2,4.59,9.1,0,0,0,0,0,0,0,0,0
2020-09-02,3.4,26.3,27.7,25.0,1.93,12.2,0,0,0,0,0,0,0,0,0
2020-09-03,2.8,26.4,30.3,23.8,3.56,10.4,0,0,0,0,0,0,0,0,0
2020-09-04,2.0,27.6,31.9,23.9,4.56,6.9,0,0,0,0,0,0,0,0,0
2020-09-05,5.8,27.0,31.0,24.1,3.61,12.7,0,0,0,0,0,0,0,0,0
2020-09-06,19.7,27.2,31.7,23.8,4.07,7.8,1,0,0,0,0,0,1,1,0
2020-09-07,4.7,26.8,31.1,23.7,3.59,12.5,0,0,0,0,0,0,0,0,0
2020-09-08,3.7,27.4,31.4,24.5,4.1,6.9,0,0,0,0,0,0,0,0,0
2020-09-09,10.0,27.2,29.8,24.6,3.14,7.4,1,0,0,0,0,0,1,1,0
2020-09-10,25.4,26.4,28.6,24.7,2.4,7.4,1,0,0,0,0,0,1,1,0
2020-09-11,6.7,26.4,30.3,24.0,3.2,5.3,0,0,0,0,0,0,0,0,0
2020-09-12,1.5,26.9,30.6,23.7,3.39,6.5,0,0,0,0,0,0,0,0,0
2020-09-13,3.7,27.7,32.2,23.9,4.09,15.5,0,0,0,0,0,0,0,0,0
2020-09-14,1.2,28.4,33.2,24.6,4.46,7.4,0,0,0,0,0,0,0,0,0
2020-09-15,5.1,28.2,32.5,24.3,4.35,7.6,0,0,0,0,0,0,0,0,0
2020-09-16,7.1,27.8,32.4,24.9,4.0,7.3,0,0,0,0,0,0,0,0,0
2020-09-17,2.2,28.2,31.0,24.7,3.63,8.3,0,0,0,0,0,0,0,0,0
2020-09-18,3.7,28.3,32.1,24.7,3.81,9.8,0,0,0,0,0,0,0,0,0
2020-09-19,12.8,27.3,30.4,24.8,3.3,13.8,1,0,0,0,0,0,1,1,0
2020-09-20,2.3,27.6,31.7,24.7,4.01,11.1,0,0,0,0,0,0,0,0,0
2020-09-21,21.5,26.3,29.0,24.4,1.82,8.0,1,0,0,0,0,0,1,1,0
2020-09-22,28.9,25.6,28.1,24.2,1.93,12.4,1,0,0,0,0,0,1,1,0
2020-09-23,20.7,25.8,29.5,23.9,2.44,20.1,1,0,0,0,0,0,1,1,0
2020-09-24,11.6,25.7,28.0,24.4,2.37,14.0,1,0,0,0,0,0,1,1,0
2020-09-25,1.0,26.9,31.3,24.1,3.77,10.5,0,0,0,0,0,0,0,0,0
2020-09-26,0.8,26.6,31.1,23.6,3.77,13.1,0,0,0,0,0,0,0,0,0
2020-09-27,0.3,26.6,30.5,23.5,3.68,12.3,0,0,0,0,0,0,0,0,0
2020-09-28,1.8,26.9,30.8,23.6,4.1,11.5,0,0,0,0,0,0,0,0,0
2020-09-29,8.0,26.5,30.5,23.7,3.73,13.1,0,0,0,0,0,0,0,0,0
2020-09-30,0.1,27.0,31.6,23.1,4.37,13.6,0,0,0,0,0,0,0,0,0
2020-10-01,0.0,27.2,32.3,23.7,4.73,14.7,0,0,0,0,0,0,0,0,0
2020-10-02,0.0,26.9,32.8,23.2,4.87,15.8,0,0,0,0,0,0,0,0,0
2020-10-03,0.0,26.7,32.6,21.9,5.33,16.6,0,0,0,0,0,0,0,0,0
2020-10-04,0.0,26.7,31.8,22.0,4.29,16.6,0,0,0,0,0,0,0,0,0
2020-10-05,2.1,26.3,31.0,23.6,2.86,12.7,0,0,0,0,0,0,0,0,0
2020-10-06,6.9,25.6,28.6,23.4,2.25,10.8,0,0,0,0,0,0,0,0,0
2020-10-07,16.7,25.5,27.9,23.6,2.21,10.9,1,0,0,0,0,0,1,1,0
2020-10-08,12.5,25.7,29.8,23.5,3.22,11.9,1,0,0,0,0,0,1,1,0
2020-10-09,3.2,26.3,30.7,22.8,3.27,7.4,0,0,0,0,0,0,0,0,0
2020-10-10,2.6,26.2,29.5,22.9,2.93,7.0,0,0,0,0,0,0,0,0,0
2020-10-11,8.6,26.0,29.9,23.9,2.8,6.9,1,0,0,0,0,0,1,1,0
2020-10-12,0.0,27.2,32.4,22.7,4.01,8.0,0,0,0,0,0,0,0,0,0
2020-10-13,0.1,27.5,32.4,23.6,4.45,14.9,0,0,0,0,0,0,0,0,0
2020-10-14,0.4,27.3,31.4,25.2,3.37,14.5,0,0,0,0,0,0,0,0,0
2020-10-15,9.0,26.2,29.3,23.7,2.9,14.8,1,0,0,0,0,0,1,1,0
2020-10-16,3.4,26.5,30.4,22.9,3.47,13.3,0,0,0,0,0,0,0,0,0
2020-10-17,1.7,26.6,31.3,23.4,3.52,9.0,0,0,0,0,0,0,0,0,0
2020-10-18,0.2,26.7,31.8,22.6,3.75,7.1,0,0,0,0,0,0,0,0,0
2020-10-19,0.1,27.1,32.2,23.0,3.71,9.2,0,0,0,0,0,0,0,0,0
2020-10-20,0.1,26.7,32.2,22.1,4.07,6.6,0,0,0,0,0,0,0,0,0
2020-10-21,0.0,26.2,32.5,20.3,4.06,7.4,0,0,0,0,0,0,0,0,0
2020-10-22,0.0,25.8,33.5,20.4,4.78,10.1,0,0,0,0,0,0,0,0,0
2020-10-23,0.0,24.9,32.3,18.7,4.45,12.0,0,0,0,0,0,0,0,0,0
2020-10-24,0.0,25.2,31.7,20.0,3.76,7.1,0,0,0,0,0,0,0,0,0
2020-10-25,0.0,25.2,31.6,19.6,3.7,5.8,0,0,0,0,0,0,0,0,0
2020-10-26,0.2,25.8,30.5,20.3,3.62,7.2,0,0,0,0,0,0,0,0,0
2020-10-27,0.0,25.0,30.3,20.7,3.3,7.7,0,0,0,0,0,0,0,0,0
2020-10-28,0.0,24.7,30.1,19.5,3.4,7.3,0,0,0,0,0,0,0,0,0
2020-10-29,0.0,25.2,30.5,19.4,3.43,7.0,0,0,0,0,0,0,0,0,0
2020-10-30,0.0,25.0,31.8,19.1,4.73,14.3,0,0,0,0,0,0,0,0,0
2020-10-31,0.0,24.4,31.6,18.4,5.04,13.8,0,0,0,0,0,0,0,0,0
2020-11-01,0.0,24.8,32.2,18.3,5.22,12.5,0,0,0,0,0,0,0,0,0
2020-11-02,0.0,25.0,32.2,19.3,5.33,14.1,0,0,0,0,0,0,0,0,0
2020-11-03,0.0,23.9,31.3,18.1,5.21,13.5,0,0,0,0,0,0,0,0,0
2020-11-04,0.0,22.5,30.2,16.1,5.06,13.0,0,0,0,0,0,0,0,0,0
2020-11-05,0.0,21.9,30.3,13.6,4.4,8.6,0,0,0,0,0,0,0,0,0
2020-11-06,0.0,22.6,30.4,15.5,4.61,9.9,0,0,0,0,0,0,0,0,0
2020-11-07,0.0,22.2,31.1,14.8,4.38,10.0,0,0,0,0,0,0,0,0,0
2020-11-08,0.0,21.8,30.9,14.7,4.28,9.2,0,0,0,0,0,0,0,0,0
2020-11-09,0.0,21.4,29.8,13.9,4.76,13.1,0,0,0,0,0,0,0,0,0
2020-11-10,0.0,21.1,29.0,13.5,4.23,9.7,0,0,0,0,0,0,0,0,0
2020-11-11,0.0,22.6,30.2,14.7,3.97,8.9,0,0,0,0,0,0,0,0,0
2020-11-12,0.3,24.9,30.2,19.4,3.31,10.5,0,0,0,0,0,0,0,0,0
2020-11-13,0.0,25.7,31.9,19.8,3.89,8.4,0,0,0,0,0,0,0,0,0
2020-11-14,0.0,25.8,32.3,19.7,3.85,7.8,0,0,0,0,0,0,0,0,0
2020-11-15,0.0,25.5,32.2,19.2,4.38,11.8,0,0,0,0,0,0,0,0,0
2020-11-16,0.0,25.9,32.3,18.9,3.92,10.0,0,0,0,0,0,0,0,0,0
2020-11-17,0.0,26.1,32.1,20.7,3.7,7.7,0,0,0,0,0,0,0,0,0
2020-11-18,0.0,25.4,30.7,19.9,3.67,11.8,0,0,0,0,0,0,0,0,0
2020-11-19,0.0,25.6,31.1,19.8,3.6,11.8,0,0,0,0,0,0,0,0,0
2020-11-20,1.3,24.6,28.7,21.2,2.86,13.2,0,0,0,0,0,0,0,0,0
2020-11-21,0.0,22.5,28.2,17.4,4.26,15.5,0,0,0,0,0,0,0,0,0
2020-11-22,0.0,20.2,27.5,14.3,4.25,11.1,0,0,0,0,0,0,0,0,0
2020-11-23,0.0,20.1,28.1,12.7,3.72,8.7,0,0,0,0,0,0,0,0,0
2020-11-24,0.0,20.5,28.5,13.2,3.61,7.8,0,0,0,0,0,0,0,0,0
2020-11-25,0.0,20.9,29.4,13.8,3.71,8.3,0,0,0,0,0,0,0,0,0
2020-11-26,2.8,21.7,29.6,15.5,3.33,12.9,0,0,0,0,0,0,0,0,0
2020-11-27,0.0,21.4,25.6,18.8,2.37,12.0,0,0,0,0,0,0,0,0,0
2020-11-28,0.0,21.7,29.7,15.1,3.35,9.0,0,0,0,0,0,0,0,0,0
2020-11-29,0.0,22.3,30.1,15.7,3.85,9.0,0,0,0,0,0,0,0,0,0
2020-11-30,0.0,21.8,29.8,14.5,3.91,12.8,0,0,0,0,0,0,0,0,0
2020-12-01,0.0,21.5,28.9,15.0,3.74,9.4,0,0,0,0,0,0,0,0,0
2020-12-02,0.0,21.1,29.9,13.8,4.13,10.5,0,0,0,0,0,0,0,0,0
2020-12-03,0.0,21.0,29.7,14.1,3.98,10.5,0,0,0,0,0,0,0,0,0
2020-12-04,0.0,20.8,29.4,13.1,3.8,9.0,0,0,0,0,0,0,0,0,0
2020-12-05,0.0,21.9,28.9,15.3,3.41,7.7,0,0,0,0,0,0,0,0,0
2020-12-06,0.0,22.1,29.8,15.3,3.6,8.3,0,0,0,0,0,0,0,0,0
2020-12-07,0.0,21.7,30.1,14.7,3.67,9.4,0,0,0,0,0,0,0,0,0
2020-12-08,0.0,22.0,29.8,13.6,3.4,6.5,0,0,0,0,0,0,0,0,0
2020-12-09,0.0,21.5,29.8,14.8,3.73,9.1,0,0,0,0,0,0,0,0,0
2020-12-10,0.0,21.9,29.4,16.0,3.61,9.1,0,0,0,0,0,0,0,0,0
2020-12-11,0.0,22.2,29.1,15.5,3.31,7.9,0,0,0,0,0,0,0,0,0
2020-12-12,0.0,22.4,27.4,18.0,2.63,12.3,0,0,0,0,0,0,0,0,0
2020-12-13,0.0,22.4,26.5,19.6,2.54,11.3,0,0,0,0,0,0,0,0,0
2020-12-14,0.2,22.3,27.0,18.5,2.26,6.8,0,0,0,0,0,0,0,0,0
2020-12-15,0.2,22.4,27.9,17.9,2.6,7.3,0,0,0,0,0,0,0,0,0
2020-12-16,0.0,22.5,27.7,17.8,3.11,13.7,0,0,0,0,0,0,0,0,0
2020-12-17,0.0,21.2,26.3,16.8,3.11,12.6,0,0,0,0,0,0,0,0,0
2020-12-18,0.0,19.5,25.7,14.9,3.52,11.7,0,0,0,0,0,0,0,0,0
2020-12-19,0.0,18.4,26.0,12.7,4.06,12.6,0,0,0,0,0,0,0,0,0
2020-12-20,0.0,18.2,27.5,10.4,4.28,12.2,0,0,0,0,0,0,0,0,0
2020-12-21,0.0,18.3,27.3,10.9,4.28,11.4,0,0,0,0,0,0,0,0,0
2020-12-22,0.0,18.3,28.1,10.8,3.77,8.6,0,0,0,0,0,0,0,0,0
2020-12-23,0.0,18.1,26.8,10.0,3.39,9.7,0,0,0,0,0,0,0,0,0
2020-12-24,0.0,18.8,27.1,12.6,3.61,11.0,0,0,0,0,0,0,0,0,0
2020-12-25,0.0,18.7,27.2,11.6,3.82,9.8,0,0,0,0,0,0,0,0,0
2020-12-26,0.0,18.4,27.2,11.5,3.65,9.4,0,0,0,0,0,0,0,0,0
2020-12-27,0.0,19.1,28.0,11.4,3.57,8.7,0,0,0,0,0,0,0,0,0
2020-12-28,0.0,20.7,27.7,14.3,3.45,11.2,0,0,0,0,0,0,0,0,0
2020-12-29,0.0,20.8,27.5,15.1,3.54,12.7,0,0,0,0,0,0,0,0,0
2020-12-30,0.0,20.7,28.1,14.0,3.34,8.4,0,0,0,0,0,0,0,0,0
2020-12-31,0.0,20.0,27.6,13.9,3.43,9.1,0,0,0,0,0,0,0,0,0
2021-01-01,0.0,20.0,28.3,13.0,3.5,8.4,0,0,0,0,0,0,0,0,0
2021-01-02,0.0,20.2,28.1,13.0,3.49,8.9,0,0,0,0,0,0,0,0,0
2021-01-03,0.0,20.9,28.8,14.0,3.6,8.6,0,0,0,0,0,0,0,0,0
2021-01-04,0.0,21.5,29.0,16.3,3.35,10.7,0,0,0,0,0,0,0,0,0
2021-01-05,0.0,22.9,31.0,15.3,3.67,9.4,0,0,0,0,0,0,0,0,0
2021-01-06,0.0,24.4,29.7,19.7,3.26,11.1,0,0,0,0,0,0,0,0,0
2021-01-07,0.0,24.3,29.7,18.9,3.39,10.8,0,0,0,0,0,0,0,0,0
2021-01-08,0.0,24.2,28.8,19.8,2.89,10.9,0,0,0,0,0,0,0,0,0
2021-01-09,0.0,24.7,31.0,18.8,3.62,9.0,0,0,0,0,0,0,0,0,0
2021-01-10,0.0,24.1,31.0,18.9,3.81,10.7,0,0,0,0,0,0,0,0,0
2021-01-11,0.0,24.2,30.7,18.5,3.79,12.9,0,0,0,0,0,0,0,0,0
2021-01-12,0.0,23.0,29.1,18.5,4.02,12.4,0,0,0,0,0,0,0,0,0
2021-01-13,0.0,19.8,27.4,14.6,4.63,11.7,0,0,0,0,0,0,0,0,0
2021-01-14,0.0,18.5,27.3,12.0,4.56,11.1,0,0,0,0,0,0,0,0,0
2021-01-15,0.0,18.0,27.4,10.5,4.12,10.1,0,0,0,0,0,0,0,0,0
2021-01-16,0.0,20.1,29.1,13.0,4.64,14.2,0,0,0,0,0,0,0,0,0
2021-01-17,0.0,21.3,30.5,13.4,4.31,12.4,0,0,0,0,0,0,0,0,0
2021-01-18,0.0,21.8,29.5,14.4,3.89,9.7,0,0,0,0,0,0,0,0,0
2021-01-19,0.0,23.8,30.6,16.5,3.7,11.9,0,0,0,0,0,0,0,0,0
2021-01-20,0.0,23.8,29.7,19.2,3.89,12.6,0,0,0,0,0,0,0,0,0
2021-01-21,0.0,22.1,29.8,16.4,4.81,13.0,0,0,0,0,0,0,0,0,0
2021-01-22,0.0,21.1,29.0,13.0,4.06,9.4,0,0,0,0,0,0,0,0,0
2021-01-23,0.0,21.2,29.5,12.8,4.11,8.9,0,0,0,0,0,0,0,0,0
2021-01-24,0.0,23.0,30.5,15.9,4.11,11.3,0,0,0,0,0,0,0,0,0
2021-01-25,0.0,22.8,29.7,17.0,4.49,11.6,0,0,0,0,0,0,0,0,0
2021-01-26,0.0,21.7,29.3,15.4,4.37,14.8,0,0,0,0,0,0,0,0,0
2021-01-27,0.0,21.3,28.8,15.2,4.04,13.8,0,0,0,0,0,0,0,0,0
2021-01-28,0.7,22.1,28.9,16.3,3.57,14.7,0,0,0,0,0,0,0,0,0
2021-01-29,4.6,20.3,26.7,16.1,3.76,14.9,0,0,0,0,0,0,0,0,0
2021-01-30,0.0,18.0,26.4,11.8,4.95,13.7,0,0,0,0,0,0,0,0,0
2021-01-31,0.0,17.6,26.8,10.1,4.34,9.4,0,0,0,0,0,0,0,0,0
2021-02-01,0.0,18.2,27.3,10.5,4.41,10.7,0,0,0,0,0,0,0,0,0
2021-02-02,0.0,19.2,29.8,10.3,4.66,13.2,0,0,0,0,0,0,0,0,0
2021-02-03,0.0,20.9,29.7,13.0,4.54,11.1,0,0,0,0,0,0,0,0,0
2021-02-04,0.0,21.4,29.8,12.9,4.54,11.0,0,0,0,0,0,0,0,0,0
2021-02-05,0.0,21.9,29.6,15.0,4.57,10.4,0,0,0,0,0,0,0,0,0
2021-02-06,0.0,20.8,27.4,16.1,5.06,20.6,0,0,0,0,0,0,0,0,0
2021-02-07,0.0,19.2,26.3,13.1,4.91,12.0,0,0,0,0,0,0,0,0,0
2021-02-08,0.0,18.9,27.1,11.8,4.24,10.1,0,0,0,0,0,0,0,0,0
2021-02-09,0.0,19.6,29.0,11.0,4.68,10.1,0,0,0,0,0,0,0,0,0
2021-02-10,0.0,20.9,30.3,12.0,4.6,9.7,0,0,0,0,0,0,0,0,0
2021-02-11,0.0,21.7,30.9,13.6,4.77,10.6,0,0,0,0,0,0,0,0,0
2021-02-12,0.0,22.5,31.1,14.5,4.47,8.8,0,0,0,0,0,0,0,0,0
2021-02-13,0.0,23.4,31.4,15.8,4.6,8.9,0,0,0,0,0,0,0,0,0
2021-02-14,0.0,23.8,30.8,17.1,4.2,10.0,0,0,0,0,0,0,0,0,0
2021-02-15,0.0,24.3,30.8,17.3,4.21,10.2,0,0,0,0,0,0,0,0,0
2021-02-16,0.0,23.3,29.2,18.4,3.78,17.0,0,0,0,0,0,0,0,0,0
2021-02-17,8.6,20.4,25.6,16.4,3.09,14.1,1,0,0,0,0,0,1,1,0
2021-02-18,0.1,20.0,27.4,15.0,3.64,11.2,0,0,0,0,0,0,0,0,0
2021-02-19,0.4,20.2,25.6,15.4,2.96,15.5,0,0,0,0,0,0,0,0,0
2021-02-20,0.1,21.0,28.5,14.9,3.86,7.6,0,0,0,0,0,0,0,0,0
2021-02-21,0.0,21.4,29.8,15.2,4.83,12.2,0,0,0,0,0,0,0,0,0
2021-02-22,0.0,21.5,30.4,14.0,5.25,13.2,0,0,0,0,0,0,0,0,0
2021-02-23,0.0,21.8,31.1,14.1,5.2,10.7,0,0,0,0,0,0,0,0,0
2021-02-24,0.0,22.3,32.0,14.1,5.27,12.7,0,0,0,0,0,0,0,0,0
2021-02-25,0.0,23.9,33.1,15.4,5.07,9.8,0,0,0,0,0,0,0,0,0
2021-02-26,0.0,24.6,33.7,17.5,5.55,10.9,0,0,0,0,0,0,0,0,0
2021-02-27,0.0,24.3,33.1,17.0,5.23,10.8,0,0,0,0,0,0,0,0,0
2021-02-28,0.0,25.7,33.4,18.2,4.71,8.4,0,0,0,0,0,0,0,0,0
2021-03-01,0.0,25.8,34.6,17.4,5.03,10.4,0,0,0,0,0,0,0,0,0
2021-03-02,0.0,24.6,32.5,16.1,6.18,13.4,0,0,0,0,0,0,0,0,0
2021-03-03,0.0,23.3,32.2,14.8,5.72,11.2,0,0,0,0,0,0,0,0,0
2021-03-04,0.0,24.4,34.2,14.3,5.64,8.4,0,0,0,0,0,0,0,0,0
2021-03-05,0.0,26.3,35.6,18.1,6.2,14.9,0,0,0,0,0,0,0,0,0
2021-03-06,0.0,25.4,34.2,18.1,6.69,15.2,0,0,0,0,0,0,0,0,0
2021-03-07,0.0,26.0,34.7,16.9,5.71,8.2,0,0,0,0,0,0,0,0,0
2021-03-08,0.0,26.9,35.2,18.4,6.0,11.6,0,0,0,0,0,0,0,0,0
2021-03-09,0.0,27.7,35.5,20.0,5.34,10.5,0,0,0,0,0,0,0,0,0
2021-03-10,0.0,27.8,34.9,21.6,5.28,9.3,0,0,0,0,0,0,0,0,0
2021-03-11,0.0,27.8,35.0,20.9,5.21,11.6,0,0,0,0,0,0,0,0,0
2021-03-12,0.0,27.7,34.3,20.1,5.43,19.1,0,0,0,0,0,0,0,0,0
2021-03-13,0.0,26.2,33.0,19.4,5.61,21.4,0,0,0,0,0,0,0,0,0
2021-03-14,0.0,26.2,32.6,19.0,4.56,10.1,0,0,0,0,0,0,0,0,0
2021-03-15,0.0,27.2,34.2,19.8,5.44,10.9,0,0,0,0,0,0,0,0,0
2021-03-16,0.0,27.0,33.5,19.8,5.33,10.0,0,0,0,0,0,0,0,0,0
2021-03-17,0.0,27.9,34.4,21.7,4.76,9.8,0,0,0,0,0,0,0,0,0
2021-03-18,0.0,27.9,34.6,20.9,5.14,13.8,0,0,0,0,0,0,0,0,0
2021-03-19,0.6,26.1,32.4,22.0,4.35,15.0,0,0,0,0,0,0,0,0,0
2021-03-20,0.0,26.3,33.5,20.5,5.06,8.9,0,0,0,0,0,0,0,0,0
2021-03-21,0.0,27.6,34.3,20.9,5.51,9.6,0,0,0,0,0,0,0,0,0
2021-03-22,0.1,26.7,32.8,20.4,5.03,18.0,0,0,0,0,0,0,0,0,0
2021-03-23,0.0,24.3,30.0,20.1,3.25,11.8,0,0,0,0,0,0,0,0,0
2021-03-24,0.0,26.4,34.7,19.6,5.77,13.4,0,0,0,0,0,0,0,0,0
2021-03-25,0.0,26.8,34.9,18.4,6.16,12.4,0,0,0,0,0,0,0,0,0
2021-03-26,0.0,27.4,35.0,21.0,6.76,13.8,0,0,0,0,0,0,0,0,0
2021-03-27,0.0,27.5,36.1,18.7,6.6,9.7,0,0,0,0,0,0,0,0,0
2021-03-28,0.0,28.4,37.4,19.5,5.8,10.2,0,0,0,0,0,0,0,0,0
2021-03-29,0.0,30.0,38.5,20.5,6.38,11.2,0,0,0,0,0,0,0,0,0
2021-03-30,0.0,30.4,40.0,21.8,7.81,22.7,0,0,0,0,0,0,0,0,0
2021-03-31,0.0,30.2,38.5,23.0,8.22,19.6,0,0,0,0,0,0,0,0,0
2021-04-01,0.0,30.2,38.5,21.8,7.5,13.5,0,0,0,0,0,0,0,0,0
2021-04-02,0.0,29.1,37.8,20.5,6.53,9.2,0,0,0,0,0,0,0,0,0
2021-04-03,0.0,29.4,38.8,19.9,7.32,14.4,0,0,0,0,0,0,0,0,0
2021-04-04,0.0,30.3,38.4,22.1,7.52,12.1,0,0,0,0,0,0,0,0,0
2021-04-05,0.0,30.2,38.6,20.9,7.15,11.4,0,0,0,0,0,0,0,0,0
2021-04-06,0.0,30.7,39.3,21.4,6.87,10.4,0,0,0,0,0,0,0,0,0
2021-04-07,0.0,32.2,39.8,22.8,6.04,9.1,0,0,0,0,0,0,0,0,0
2021-04-08,0.0,31.8,38.9,25.1,6.46,10.6,0,0,0,0,0,0,0,0,0
2021-04-09,0.4,29.9,37.3,25.6,5.85,19.5,0,0,0,0,0,0,0,0,0
2021-04-10,0.0,29.3,37.2,22.4,6.19,19.9,0,0,0,0,0,0,0,0,0
2021-04-11,0.0,28.3,34.9,21.9,4.71,8.6,0,0,0,0,0,0,0,0,0
2021-04-12,0.0,29.5,36.6,23.1,6.11,14.1,0,0,0,0,0,0,0,0,0
2021-04-13,0.0,29.1,37.5,21.8,6.64,13.6,0,0,0,0,0,0,0,0,0
2021-04-14,0.0,29.2,36.8,20.7,6.4,18.0,0,0,0,0,0,0,0,0,0
2021-04-15,0.0,27.9,33.4,22.1,4.6,12.8,0,0,0,0,0,0,0,0,0
2021-04-16,0.0,29.0,36.7,21.0,5.95,9.9,0,0,0,0,0,0,0,0,0
2021-04-17,0.0,31.2,36.9,23.6,5.59,11.6,0,0,0,0,0,0,0,0,0
2021-04-18,0.0,30.8,38.1,22.8,6.85,14.1,0,0,0,0,0,0,0,0,0
2021-04-19,0.0,30.6,37.6,23.3,5.9,9.7,0,0,0,0,0,0,0,0,0
2021-04-20,0.0,31.2,38.5,25.1,6.71,15.4,0,0,0,0,0,0,0,0,0
2021-04-21,0.0,29.8,35.7,25.0,5.27,14.7,0,0,0,0,0,0,0,0,0
2021-04-22,0.0,29.9,36.8,23.2,6.43,12.2,0,0,0,0,0,0,0,0,0
2021-04-23,0.0,29.6,37.6,20.0,6.8,11.2,0,0,0,0,0,0,0,0,0
2021-04-24,0.0,31.1,37.7,22.7,5.66,11.1,0,0,0,0,0,0,0,0,0
2021-04-25,0.0,30.9,38.4,22.5,6.78,14.0,0,0,0,0,0,0,0,0,0
2021-04-26,0.0,30.9,38.9,21.7,6.59,10.5,0,0,0,0,0,0,0,0,0
2021-04-27,0.0,30.3,38.9,22.4,6.27,9.7,0,0,0,0,0,0,0,0,0
2021-04-28,0.0,31.3,39.3,22.9,6.6,12.7,0,0,0,0,0,0,0,0,0
2021-04-29,0.0,32.0,39.8,23.6,6.94,10.2,0,0,0,0,0,0,0,0,0
2021-04-30,0.0,32.0,39.8,25.2,7.07,10.5,0,0,0,0,0,0,0,0,0
2021-05-01,0.0,32.6,39.5,25.6,7.89,20.6,0,0,0,0,0,0,0,0,0
2021-05-02,0.0,30.3,35.4,25.7,5.42,18.7,0,0,0,0,0,0,0,0,0
2021-05-03,0.8,29.0,34.6,23.9,5.3,12.1,0,0,0,0,0,0,0,0,0
2021-05-04,0.0,30.4,37.0,23.0,6.08,8.4,0,0,0,0,0,0,0,0,0
2021-05-05,0.0,31.4,38.3,25.0,6.71,14.1,0,0,0,0,0,0,0,0,0
2021-05-06,0.0,31.5,38.1,25.7,6.76,19.4,0,0,0,0,0,0,0,0,0
2021-05-07,0.2,31.1,36.7,26.1,6.56,15.6,0,0,0,0,0,0,0,0,0
2021-05-08,0.1,30.3,37.5,24.6,6.17,20.2,0,0,0,0,0,0,0,0,0
2021-05-09,16.0,29.2,34.1,25.0,4.82,20.0,1,0,0,0,0,0,1,1,0
2021-05-10,0.0,30.5,38.0,23.7,6.15,14.2,0,0,0,0,0,0,0,0,0
2021-05-11,0.4,30.0,35.6,24.7,5.79,13.9,0,0,0,0,0,0,0,0,0
2021-05-12,0.0,31.5,38.3,24.9,6.49,16.2,0,0,0,0,0,0,0,0,0
2021-05-13,0.0,31.2,38.7,25.1,6.83,17.6,0,0,0,0,0,0,0,0,0
2021-05-14,0.0,31.3,37.7,24.0,6.29,13.0,0,0,0,0,0,0,0,0,0
2021-05-15,0.0,31.5,36.1,26.6,6.02,15.0,0,0,0,0,0,0,0,0,0
2021-05-16,0.0,32.5,37.9,27.1,7.17,19.7,0,0,0,0,0,0,0,0,0
2021-05-17,0.0,32.2,36.9,27.8,6.18,16.7,0,0,0,0,0,0,0,0,0
2021-05-18,4.1,31.2,37.1,27.0,5.56,13.8,0,0,0,0,0,0,0,0,0
2021-05-19,7.8,30.8,37.0,25.2,6.12,19.2,0,0,0,0,0,0,0,0,0
2021-05-20,2.5,29.6,34.8,25.3,5.79,19.4,0,0,0,0,0,0,0,0,0
2021-05-21,0.0,29.9,36.7,23.5,7.11,17.7,0,0,0,0,0,0,0,0,0
2021-05-22,0.0,30.5,38.6,22.1,6.08,19.1,0,0,0,0,0,0,0,0,0
2021-05-23,0.0,31.1,37.2,24.7,5.75,16.6,0,0,0,0,0,0,0,0,0
2021-05-24,0.0,32.2,38.2,27.0,7.53,23.2,0,0,0,0,0,1,1,1,0
2021-05-25,0.0,31.4,38.4,24.3,8.41,25.9,0,0,0,0,0,1,1,1,0
2021-05-26,0.0,32.0,39.4,23.3,9.6,29.4,0,0,0,0,1,1,2,1,0
2021-05-27,0.0,33.1,40.0,25.6,8.36,24.7,0,0,0,0,0,1,1,1,0
2021-05-28,0.1,33.2,40.7,26.3,7.1,23.0,0,0,0,0,0,1,1,1,0
2021-05-29,0.0,33.7,40.4,26.7,6.86,15.4,0,0,0,0,0,0,0,0,0
2021-05-30,0.0,33.6,39.2,27.4,5.89,17.2,0,0,0,0,0,0,0,0,0
2021-05-31,0.0,33.4,36.4,29.7,4.83,13.2,0,0,0,0,0,0,0,0,0
2021-06-01,0.0,33.4,38.9,28.0,5.85,14.3,0,0,0,0,0,0,0,0,0
2021-06-02,0.0,30.6,35.1,27.2,3.75,15.3,0,0,0,0,0,0,0,0,0
2021-06-03,0.1,30.5,36.8,25.8,5.11,11.1,0,0,0,0,0,0,0,0,0
2021-06-04,1.2,28.7,31.2,26.6,3.89,12.1,0,0,0,0,0,0,0,0,0
2021-06-05,0.0,29.6,35.0,25.1,5.45,13.0,0,0,0,0,0,0,0,0,0
2021-06-06,6.0,29.9,35.5,26.0,4.55,13.0,0,0,0,0,0,0,0,0,0
2021-06-07,0.5,31.8,37.6,26.9,5.82,18.1,0,0,0,0,0,0,0,0,0
2021-06-08,13.5,29.5,37.2,26.1,5.06,19.2,1,0,0,0,0,0,1,1,0
2021-06-09,6.1,28.5,32.8,24.8,3.78,10.6,0,0,0,0,0,0,0,0,0
2021-06-10,33.2,26.2,30.2,24.5,2.27,12.8,1,0,0,0,0,0,1,1,0
2021-06-11,28.2,25.3,27.4,23.7,1.55,9.1,1,0,0,0,0,0,1,1,0
2021-06-12,26.3,26.5,29.7,23.6,3.45,14.8,1,0,0,0,0,0,1,1,0
2021-06-13,9.6,27.5,32.0,24.2,3.49,12.8,1,0,0,0,0,0,1,1,0
2021-06-14,2.7,27.0,31.6,23.9,3.24,12.1,0,0,0,0,0,0,0,0,0
2021-06-15,3.6,27.4,31.3,24.2,3.6,16.2,0,0,0,0,0,0,0,0,0
2021-06-16,4.5,27.4,31.6,24.9,3.85,13.5,0,0,0,0,0,0,0,0,0
2021-06-17,29.9,26.8,31.9,24.4,3.42,12.4,1,0,0,0,0,0,1,1,0
2021-06-18,16.3,25.6,27.6,23.9,1.71,16.4,1,0,0,0,0,0,1,1,0
2021-06-19,2.4,26.3,29.8,23.8,2.61,15.5,0,0,0,0,0,0,0,0,0
2021-06-20,2.8,27.1,31.4,23.6,4.87,16.4,0,0,0,0,0,0,0,0,0
2021-06-21,0.2,27.8,31.6,24.1,4.77,14.0,0,0,0,0,0,0,0,0,0
2021-06-22,11.5,27.2,31.6,24.4,3.74,10.9,1,0,0,0,0,0,1,1,0
2021-06-23,16.9,26.4,29.5,24.7,2.38,10.2,1,0,0,0,0,0,1,1,0
2021-06-24,38.1,25.8,28.9,23.8,1.98,15.8,1,0,0,0,0,0,1,1,0
2021-06-25,16.6,26.4,29.6,24.1,2.78,10.2,1,0,0,0,0,0,1,1,0
2021-06-26,0.8,27.9,31.4,24.1,3.79,10.8,0,0,0,0,0,0,0,0,0
2021-06-27,16.7,27.6,31.3,24.8,3.48,11.1,1,0,0,0,0,0,1,1,0
2021-06-28,7.5,27.3,31.4,24.7,4.0,10.9,0,0,0,0,0,0,0,0,0
2021-06-29,3.8,27.9,31.8,25.0,4.27,11.8,0,0,0,0,0,0,0,0,0
2021-06-30,16.2,28.2,31.7,25.5,3.66,11.1,1,0,0,0,0,0,1,1,0
2021-07-01,7.4,28.1,32.4,25.3,3.61,10.8,0,0,0,0,0,0,0,0,0
2021-07-02,7.9,26.1,27.7,24.4,1.83,13.5,0,0,0,0,0,0,0,0,0
2021-07-03,2.9,27.2,31.5,23.6,4.3,9.3,0,0,0,0,0,0,0,0,0
2021-07-04,0.0,28.2,33.1,24.5,4.46,9.3,0,0,0,0,0,0,0,0,0
2021-07-05,6.8,28.0,31.4,25.5,3.43,8.5,0,0,0,0,0,0,0,0,0
2021-07-06,0.6,28.2,32.4,24.8,3.99,8.3,0,0,0,0,0,0,0,0,0
2021-07-07,2.1,28.7,32.6,25.3,4.54,9.7,0,0,0,0,0,0,0,0,0
2021-07-08,48.5,25.7,27.9,24.7,1.62,13.7,1,0,0,0,0,0,1,1,0
2021-07-09,5.7,27.1,30.5,24.3,3.64,7.0,0,0,0,0,0,0,0,0,0
2021-07-10,14.0,27.2,30.7,24.0,3.92,8.3,1,0,0,0,0,0,1,1,0
2021-07-11,9.1,28.0,32.4,24.5,4.34,12.5,1,0,0,0,0,0,1,1,0
2021-07-12,1.3,28.3,32.6,25.1,5.08,13.4,0,0,0,0,0,0,0,0,0
2021-07-13,1.0,28.4,33.1,24.9,5.08,11.4,0,0,0,0,0,0,0,0,0
2021-07-14,3.0,27.8,31.9,24.6,4.46,11.3,0,0,0,0,0,0,0,0,0
2021-07-15,1.2,28.0,31.8,24.7,4.71,16.4,0,0,0,0,0,0,0,0,0
2021-07-16,0.3,28.6,32.7,25.3,5.01,11.8,0,0,0,0,0,0,0,0,0
2021-07-17,1.1,28.8,32.9,24.9,4.96,8.9,0,0,0,0,0,0,0,0,0
2021-07-18,3.6,28.5,31.9,25.6,4.11,11.2,0,0,0,0,0,0,0,0,0
2021-07-19,5.5,28.0,32.1,24.9,4.25,8.4,0,0,0,0,0,0,0,0,0
2021-07-20,22.8,26.3,29.4,24.3,1.94,11.2,1,0,0,0,0,0,1,1,0
2021-07-21,34.2,25.2,27.6,24.2,1.98,13.2,1,0,0,0,0,0,1,1,0
2021-07-22,22.5,26.2,29.5,24.1,2.61,10.3,1,0,0,0,0,0,1,1,0
2021-07-23,13.0,26.3,30.3,24.3,3.29,10.4,1,0,0,0,0,0,1,1,0
2021-07-24,26.0,25.2,26.5,23.8,1.04,13.8,1,0,0,0,0,0,1,1,0
2021-07-25,15.8,26.0,29.5,24.3,2.14,19.3,1,0,0,0,0,0,1,1,0
2021-07-26,2.9,26.7,29.3,24.7,3.36,21.0,0,0,0,0,0,0,0,0,0
2021-07-27,17.4,25.7,29.5,24.1,2.39,22.7,1,0,0,0,0,0,1,1,0
2021-07-28,21.3,24.6,26.0,23.6,1.42,13.6,1,0,0,0,0,0,1,1,0
2021-07-29,9.8,24.9,27.7,23.8,1.64,16.9,1,0,0,0,0,0,1,1,0
2021-07-30,12.8,24.2,25.4,23.3,1.45,16.3,1,0,0,0,0,0,1,1,0
2021-07-31,20.6,25.1,28.1,23.5,1.77,16.0,1,0,0,0,0,0,1,1,0
2021-08-01,5.4,25.9,29.9,23.5,3.83,24.3,0,0,0,0,0,1,1,1,0
2021-08-02,11.5,25.4,29.6,23.5,2.67,20.3,1,0,0,0,0,0,1,1,0
2021-08-03,1.8,25.6,29.1,23.6,3.19,18.8,0,0,0,0,0,0,0,0,0
2021-08-04,1.5,25.9,30.6,22.6,3.35,15.1,0,0,0,0,0,0,0,0,0
2021-08-05,3.6,25.5,28.4,24.0,2.12,14.5,0,0,0,0,0,0,0,0,0
2021-08-06,5.2,25.9,29.5,23.4,3.16,14.5,0,0,0,0,0,0,0,0,0
2021-08-07,4.5,26.4,30.3,23.7,3.25,12.9,0,0,0,0,0,0,0,0,0
2021-08-08,1.9,27.0,30.5,23.9,3.61,13.6,0,0,0,0,0,0,0,0,0
2021-08-09,1.0,27.5,31.6,24.1,4.55,15.7,0,0,0,0,0,0,0,0,0
2021-08-10,17.5,26.8,30.5,24.4,3.24,11.4,1,0,0,0,0,0,1,1,0
2021-08-11,0.5,27.0,31.3,24.3,3.65,13.5,0,0,0,0,0,0,0,0,0
2021-08-12,1.5,27.5,31.9,23.8,4.65,14.1,0,0,0,0,0,0,0,0,0
2021-08-13,6.3,27.3,31.6,24.4,4.04,9.9,0,0,0,0,0,0,0,0,0
2021-08-14,1.8,27.3,31.3,24.4,4.32,14.3,0,0,0,0,0,0,0,0,0
2021-08-15,0.6,27.4,31.5,24.5,4.2,10.8,0,0,0,0,0,0,0,0,0
2021-08-16,3.7,27.7,32.2,24.9,4.19,12.5,0,0,0,0,0,0,0,0,0
2021-08-17,52.3,26.6,30.1,24.5,2.55,11.6,1,0,0,0,0,0,1,1,0
2021-08-18,20.3,25.9,29.1,24.3,2.28,7.6,1,0,0,0,0,0,1,1,0
2021-08-19,34.6,25.6,28.7,23.6,2.56,8.7,1,0,0,0,0,0,1,1,0
2021-08-20,4.6,25.9,29.0,24.0,3.07,14.8,0,0,0,0,0,0,0,0,0
2021-08-21,4.4,26.4,29.8,24.0,3.39,13.5,0,0,0,0,0,0,0,0,0
2021-08-22,7.4,26.3,30.6,24.1,4.05,11.5,0,0,0,0,0,0,0,0,0
2021-08-23,4.8,26.6,30.7,23.7,3.95,11.5,0,0,0,0,0,0,0,0,0
2021-08-24,5.6,26.6,30.9,23.9,3.3,13.2,0,0,0,0,0,0,0,0,0
2021-08-25,3.1,27.4,32.0,23.8,4.07,10.4,0,0,0,0,0,0,0,0,0
2021-08-26,1.0,26.8,30.6,23.5,4.1,9.4,0,0,0,0,0,0,0,0,0
2021-08-27,0.1,27.3,31.3,23.8,4.7,9.8,0,0,0,0,0,0,0,0,0
2021-08-28,8.8,26.9,31.3,24.4,3.97,12.7,1,0,0,0,0,0,1,1,0
2021-08-29,20.5,26.7,30.2,24.3,3.55,10.2,1,0,0,0,0,0,1,1,0
2021-08-30,15.8,27.1,30.8,24.2,3.93,10.1,1,0,0,0,0,0,1,1,0
2021-08-31,6.8,27.0,30.9,24.3,4.34,16.6,0,0,0,0,0,0,0,0,0
2021-09-01,6.9,26.3,29.7,24.0,3.53,13.3,0,0,0,0,0,0,0,0,0
2021-09-02,4.0,26.8,30.3,23.6,4.16,10.7,0,0,0,0,0,0,0,0,0
2021-09-03,12.9,26.7,29.9,23.6,3.4,6.3,1,0,0,0,0,0,1,1,0
2021-09-04,8.8,26.2,28.6,24.2,2.85,11.7,1,0,0,0,0,0,1,1,0
2021-09-05,7.4,26.8,30.0,23.9,3.86,10.7,0,0,0,0,0,0,0,0,0
2021-09-06,22.7,27.4,30.5,25.0,3.68,10.1,1,0,0,0,0,0,1,1,0
2021-09-07,8.5,26.8,30.6,24.6,3.57,16.2,1,0,0,0,0,0,1,1,0
2021-09-08,7.6,25.5,29.0,23.7,2.77,15.6,0,0,0,0,0,0,0,0,0
2021-09-09,43.2,24.6,26.2,23.4,1.03,15.5,1,0,0,0,0,0,1,1,0
2021-09-10,32.6,25.5,29.1,23.7,2.52,7.6,1,0,0,0,0,0,1,1,0
2021-09-11,12.0,26.2,29.3,23.6,3.09,10.0,1,0,0,0,0,0,1,1,0
2021-09-12,18.7,25.7,29.2,24.2,2.43,8.5,1,0,0,0,0,0,1,1,0
2021-09-13,17.9,26.2,30.3,23.4,3.38,8.7,1,0,0,0,0,0,1,1,0
2021-09-14,24.4,25.8,28.5,24.0,2.37,14.0,1,0,0,0,0,0,1,1,0
2021-09-15,69.8,24.4,25.9,23.7,0.97,17.7,1,0,0,0,0,0,1,1,0
2021-09-16,14.7,24.6,26.7,23.5,1.59,17.1,1,0,0,0,0,0,1,1,0
2021-09-17,3.0,25.0,27.9,23.4,2.41,14.6,0,0,0,0,0,0,0,0,0
2021-09-18,1.3,25.8,29.5,22.9,3.66,10.7,0,0,0,0,0,0,0,0,0
2021-09-19,1.0,26.4,30.0,22.5,3.6,5.9,0,0,0,0,0,0,0,0,0
2021-09-20,15.6,24.9,26.7,23.8,1.6,8.1,1,0,0,0,0,0,1,1,0
2021-09-21,4.0,25.8,29.8,23.3,3.13,7.2,0,0,0,0,0,0,0,0,0
2021-09-22,1.6,26.6,30.8,23.4,3.79,11.9,0,0,0,0,0,0,0,0,0
2021-09-23,3.1,26.4,30.3,23.9,3.22,13.7,0,0,0,0,0,0,0,0,0
2021-09-24,3.7,25.9,28.6,23.6,2.68,9.9,0,0,0,0,0,0,0,0,0
2021-09-25,2.5,26.1,29.5,23.7,3.32,9.2,0,0,0,0,0,0,0,0,0
2021-09-26,8.2,26.9,31.5,22.8,4.05,9.6,0,0,0,0,0,0,0,0,0
2021-09-27,3.7,27.2,31.3,24.1,4.13,15.3,0,0,0,0,0,0,0,0,0
2021-09-28,4.5,26.7,29.8,24.5,3.92,21.0,0,0,0,0,0,0,0,0,0
2021-09-29,1.5,26.3,30.3,23.5,3.54,10.4,0,0,0,0,0,0,0,0,0
2021-09-30,3.3,26.9,30.2,24.0,3.56,9.7,0,0,0,0,0,0,0,0,0
2021-10-01,0.3,27.0,31.8,23.3,4.2,6.5,0,0,0,0,0,0,0,0,0
2021-10-02,0.0,26.8,31.6,23.0,4.08,9.7,0,0,0,0,0,0,0,0,0
2021-10-03,4.4,27.1,31.1,23.6,3.8,6.3,0,0,0,0,0,0,0,0,0
2021-10-04,0.0,27.9,32.1,23.5,4.06,7.6,0,0,0,0,0,0,0,0,0
2021-10-05,4.2,27.1,31.2,24.5,3.48,9.3,0,0,0,0,0,0,0,0,0
2021-10-06,5.8,26.4,30.0,23.5,3.42,8.6,0,0,0,0,0,0,0,0,0
2021-10-07,1.7,27.4,30.8,23.7,3.68,6.4,0,0,0,0,0,0,0,0,0
2021-10-08,0.2,27.9,32.0,24.0,3.86,8.4,0,0,0,0,0,0,0,0,0
2021-10-09,0.0,27.1,32.8,22.6,4.94,13.8,0,0,0,0,0,0,0,0,0
2021-10-10,0.0,26.6,33.6,21.0,4.82,13.7,0,0,0,0,0,0,0,0,0
2021-10-11,0.0,26.4,33.1,20.3,4.7,8.9,0,0,0,0,0,0,0,0,0
2021-10-12,0.0,26.2,33.1,19.3,4.63,9.4,0,0,0,0,0,0,0,0,0
2021-10-13,0.0,27.1,33.3,20.7,5.07,15.0,0,0,0,0,0,0,0,0,0
2021-10-14,0.0,27.4,33.7,22.4,5.66,15.0,0,0,0,0,0,0,0,0,0
2021-10-15,0.3,27.3,32.6,22.8,4.28,12.2,0,0,0,0,0,0,0,0,0
2021-10-16,2.7,28.4,33.8,23.8,4.59,11.5,0,0,0,0,0,0,0,0,0
2021-10-17,13.6,26.5,31.8,23.6,3.14,12.9,1,0,0,0,0,0,1,1,0
2021-10-18,12.9,25.6,29.1,22.8,3.27,14.6,1,0,0,0,0,0,1,1,0
2021-10-19,0.3,26.3,31.5,22.2,4.12,12.0,0,0,0,0,0,0,0,0,0
2021-10-20,0.0,25.4,30.4,21.1,4.12,9.2,0,0,0,0,0,0,0,0,0
2021-10-21,0.0,25.0,31.6,19.2,5.04,13.1,0,0,0,0,0,0,0,0,0
2021-10-22,0.0,24.1,31.3,18.0,4.81,11.1,0,0,0,0,0,0,0,0,0
2021-10-23,0.0,23.7,30.7,16.9,4.41,11.7,0,0,0,0,0,0,0,0,0
2021-10-24,0.0,24.1,31.0,18.1,4.18,8.3,0,0,0,0,0,0,0,0,0
2021-10-25,0.0,24.0,30.0,19.1,3.83,10.1,0,0,0,0,0,0,0,0,0
2021-10-26,0.0,23.7,29.9,17.9,3.77,8.6,0,0,0,0,0,0,0,0,0
2021-10-27,0.0,24.6,31.3,18.5,4.4,11.2,0,0,0,0,0,0,0,0,0
2021-10-28,0.0,24.3,30.4,19.6,5.13,14.3,0,0,0,0,0,0,0,0,0
2021-10-29,0.0,24.0,30.6,19.0,5.08,12.6,0,0,0,0,0,0,0,0,0
2021-10-30,0.0,23.8,30.5,18.9,5.07,13.3,0,0,0,0,0,0,0,0,0
2021-10-31,0.0,23.0,29.8,17.9,4.97,12.0,0,0,0,0,0,0,0,0,0
2021-11-01,0.0,22.4,29.9,15.3,4.28,7.9,0,0,0,0,0,0,0,0,0
2021-11-02,0.0,23.3,30.3,16.9,3.95,7.1,0,0,0,0,0,0,0,0,0
2021-11-03,0.0,23.9,30.1,18.0,3.52,7.6,0,0,0,0,0,0,0,0,0
2021-11-04,0.1,24.2,29.9,18.5,3.63,8.7,0,0,0,0,0,0,0,0,0
2021-11-05,0.0,23.8,30.0,18.2,3.52,7.5,0,0,0,0,0,0,0,0,0
2021-11-06,0.0,23.0,29.7,16.6,4.41,15.6,0,0,0,0,0,0,0,0,0
2021-11-07,0.0,22.6,30.1,16.0,4.33,9.3,0,0,0,0,0,0,0,0,0
2021-11-08,0.0,22.7,31.0,15.5,4.51,9.7,0,0,0,0,0,0,0,0,0
2021-11-09,0.0,23.0,31.1,16.4,4.37,10.5,0,0,0,0,0,0,0,0,0
2021-11-10,0.0,22.8,30.8,15.8,4.54,11.9,0,0,0,0,0,0,0,0,0
2021-11-11,0.0,22.8,30.0,17.5,4.0,11.9,0,0,0,0,0,0,0,0,0
2021-11-12,0.7,24.5,30.1,19.7,3.46,10.9,0,0,0,0,0,0,0,0,0
2021-11-13,3.9,24.7,30.0,22.0,2.81,11.6,0,0,0,0,0,0,0,0,0
2021-11-14,2.2,25.0,29.0,22.3,2.64,8.1,0,0,0,0,0,0,0,0,0
2021-11-15,1.9,24.6,29.1,21.0,3.27,11.8,0,0,0,0,0,0,0,0,0
2021-11-16,0.0,24.7,30.8,19.7,3.61,12.1,0,0,0,0,0,0,0,0,0
2021-11-17,0.0,24.9,31.7,18.7,3.46,9.7,0,0,0,0,0,0,0,0,0
2021-11-18,0.0,24.9,31.5,19.5,3.72,8.0,0,0,0,0,0,0,0,0,0
2021-11-19,0.0,25.9,31.8,21.1,3.5,9.6,0,0,0,0,0,0,0,0,0
2021-11-20,0.0,25.6,30.1,22.5,2.16,10.2,0,0,0,0,0,0,0,0,0
2021-11-21,13.0,24.9,29.0,21.9,2.85,10.8,1,0,0,0,0,0,1,1,0
2021-11-22,0.7,24.6,29.6,21.4,2.78,9.3,0,0,0,0,0,0,0,0,0
2021-11-23,0.0,24.2,30.4,19.4,3.66,11.0,0,0,0,0,0,0,0,0,0
2021-11-24,0.0,23.7,30.0,18.3,3.51,8.4,0,0,0,0,0,0,0,0,0
2021-11-25,0.0,23.3,30.1,17.2,3.63,9.7,0,0,0,0,0,0,0,0,0
2021-11-26,0.0,22.2,29.9,16.4,3.87,9.7,0,0,0,0,0,0,0,0,0
2021-11-27,0.0,20.7,29.6,13.2,3.78,10.1,0,0,0,0,0,0,0,0,0
2021-11-28,0.0,20.2,28.7,14.1,3.74,8.5,0,0,0,0,0,0,0,0,0
2021-11-29,0.0,19.5,27.9,12.9,3.53,9.8,0,0,0,0,0,0,0,0,0
2021-11-30,0.0,20.1,27.6,13.3,3.78,9.8,0,0,0,0,0,0,0,0,0
2021-12-01,0.0,20.4,28.4,14.3,3.27,8.5,0,0,0,0,0,0,0,0,0
2021-12-02,0.0,20.3,27.4,14.3,3.25,8.1,0,0,0,0,0,0,0,0,0
2021-12-03,0.0,21.2,28.7,15.3,3.25,9.0,0,0,0,0,0,0,0,0,0
2021-12-04,0.0,21.6,28.5,15.4,3.36,8.3,0,0,0,0,0,0,0,0,0
2021-12-05,0.0,21.5,29.5,15.4,3.51,8.7,0,0,0,0,0,0,0,0,0
2021-12-06,0.0,22.5,28.9,16.6,3.59,13.4,0,0,0,0,0,0,0,0,0
2021-12-07,0.0,22.9,28.9,17.9,3.74,16.2,0,0,0,0,0,0,0,0,0
2021-12-08,0.0,22.4,28.7,17.1,3.36,10.0,0,0,0,0,0,0,0,0,0
2021-12-09,0.0,22.5,28.4,18.3,3.05,8.9,0,0,0,0,0,0,0,0,0
2021-12-10,0.0,21.7,27.6,16.3,3.23,9.2,0,0,0,0,0,0,0,0,0
2021-12-11,0.0,21.1,27.0,16.2,3.56,11.4,0,0,0,0,0,0,0,0,0
2021-12-12,0.0,19.9,26.3,13.5,3.35,9.2,0,0,0,0,0,0,0,0,0
2021-12-13,0.0,19.1,26.5,12.7,3.28,9.2,0,0,0,0,0,0,0,0,0
2021-12-14,0.0,18.7,25.8,12.3,3.19,7.3,0,0,0,0,0,0,0,0,0
2021-12-15,0.0,18.8,26.4,13.2,3.17,9.5,0,0,0,0,0,0,0,0,0
2021-12-16,0.0,19.4,25.8,13.1,2.96,9.0,0,0,0,0,0,0,0,0,0
2021-12-17,0.0,19.3,26.2,12.6,3.01,7.5,0,0,0,0,0,0,0,0,0
2021-12-18,0.0,19.3,25.4,15.1,3.7,16.4,0,0,0,0,0,0,0,0,0
2021-12-19,0.0,16.1,22.9,11.6,4.06,13.7,0,0,0,0,0,0,0,0,0
2021-12-20,0.0,15.0,23.2,7.9,3.54,9.7,0,1,0,0,0,0,1,1,0
2021-12-21,0.0,15.5,23.4,8.2,3.21,8.7,0,0,0,0,0,0,0,0,0
2021-12-22,0.0,16.2,24.7,9.0,3.24,7.9,0,0,0,0,0,0,0,0,0
2021-12-23,0.0,17.7,25.9,9.9,3.16,8.0,0,0,0,0,0,0,0,0,0
2021-12-24,0.0,20.0,27.0,13.0,3.34,10.5,0,0,0,0,0,0,0,0,0
2021-12-25,0.0,20.3,26.9,15.2,3.43,9.9,0,0,0,0,0,0,0,0,0
2021-12-26,0.0,19.9,26.9,13.4,3.12,9.1,0,0,0,0,0,0,0,0,0
2021-12-27,0.0,19.8,26.7,14.8,3.09,9.7,0,0,0,0,0,0,0,0,0
2021-12-28,25.9,19.0,26.9,13.2,2.5,14.0,1,0,0,0,0,0,1,1,0
2021-12-29,7.2,18.1,22.7,14.6,2.18,10.5,0,0,0,0,0,0,0,0,0
2021-12-30,0.0,16.8,22.5,12.5,2.59,9.4,0,0,0,0,0,0,0,0,0
2021-12-31,0.0,17.0,23.4,11.8,2.89,10.5,0,0,0,0,0,0,0,0,0
2022-01-01,0.0,17.8,23.9,12.2,2.84,7.6,0,0,0,0,0,0,0,0,0
2022-01-02,0.0,18.0,23.8,13.3,2.9,10.0,0,0,0,0,0,0,0,0,0
2022-01-03,0.0,17.1,23.8,12.5,3.11,11.2,0,0,0,0,0,0,0,0,0
2022-01-04,0.0,16.8,25.0,10.7,3.03,7.6,0,0,0,0,0,0,0,0,0
2022-01-05,0.0,17.5,25.2,11.1,3.06,8.2,0,0,0,0,0,0,0,0,0
2022-01-06,0.0,19.5,26.3,13.7,3.15,9.9,0,0,0,0,0,0,0,0,0
2022-01-07,0.0,19.6,26.9,13.3,3.43,13.7,0,0,0,0,0,0,0,0,0
2022-01-08,0.0,21.2,26.4,16.2,3.31,13.3,0,0,0,0,0,0,0,0,0
2022-01-09,3.8,19.0,22.7,16.7,1.82,10.4,0,0,0,0,0,0,0,0,0
2022-01-10,1.2,18.4,22.4,15.5,1.75,7.2,0,0,0,0,0,0,0,0,0
2022-01-11,2.5,17.3,21.8,13.9,1.86,7.9,0,0,0,0,0,0,0,0,0
2022-01-12,0.7,16.8,21.5,13.3,1.97,10.3,0,0,0,0,0,0,0,0,0
2022-01-13,0.0,16.8,23.3,11.7,2.94,9.0,0,0,0,0,0,0,0,0,0
2022-01-14,3.9,16.4,20.1,12.9,1.25,15.9,0,0,0,0,0,0,0,0,0
2022-01-15,0.0,17.7,22.9,14.3,2.53,10.7,0,0,0,0,0,0,0,0,0
2022-01-16,0.0,16.7,23.0,11.8,3.05,11.8,0,0,0,0,0,0,0,0,0
2022-01-17,0.0,17.0,23.3,10.9,3.09,10.6,0,0,0,0,0,0,0,0,0
2022-01-18,0.0,16.9,23.3,11.8,3.33,12.1,0,0,0,0,0,0,0,0,0
2022-01-19,0.0,15.9,23.5,10.7,3.43,9.3,0,0,0,0,0,0,0,0,0
2022-01-20,0.0,16.5,24.6,9.8,3.35,10.7,0,0,0,0,0,0,0,0,0
2022-01-21,0.0,18.4,25.6,12.9,3.2,8.4,0,0,0,0,0,0,0,0,0
2022-01-22,0.0,18.9,26.6,10.9,3.44,14.8,0,0,0,0,0,0,0,0,0
2022-01-23,1.5,19.6,25.2,16.6,3.33,14.5,0,0,0,0,0,0,0,0,0
2022-01-24,0.0,17.4,22.5,13.4,3.58,12.2,0,0,0,0,0,0,0,0,0
2022-01-25,0.0,15.8,21.2,11.6,3.6,12.6,0,0,0,0,0,0,0,0,0
2022-01-26,0.0,15.1,21.2,10.4,3.66,10.5,0,0,0,0,0,0,0,0,0
2022-01-27,0.0,14.7,21.4,8.5,3.74,12.3,0,1,0,0,0,0,1,1,0
2022-01-28,0.0,14.5,22.0,9.1,3.57,10.5,0,1,0,0,0,0,1,1,0
2022-01-29,0.0,14.9,23.8,7.4,3.53,10.1,0,1,0,0,0,0,1,1,0
2022-01-30,0.0,16.7,25.2,8.0,3.68,10.7,0,0,0,0,0,0,0,0,0
2022-01-31,0.0,18.5,27.4,9.5,3.84,10.1,0,0,0,0,0,0,0,0,0
2022-02-01,0.0,18.5,27.9,11.5,4.02,9.4,0,0,0,0,0,0,0,0,0
2022-02-02,0.0,19.8,27.7,12.5,3.99,10.0,0,0,0,0,0,0,0,0,0
2022-02-03,0.9,21.7,28.4,15.3,4.27,20.0,0,0,0,0,0,0,0,0,0
2022-02-04,0.0,18.7,24.5,14.3,4.18,14.7,0,0,0,0,0,0,0,0,0
2022-02-05,0.0,16.8,24.8,9.3,3.96,12.0,0,0,0,0,0,0,0,0,0
2022-02-06,0.0,18.3,26.9,9.9,3.97,9.7,0,0,0,0,0,0,0,0,0
2022-02-07,0.0,19.7,28.5,12.3,4.1,12.4,0,0,0,0,0,0,0,0,0
2022-02-08,0.0,19.9,28.7,11.3,4.13,9.7,0,0,0,0,0,0,0,0,0
2022-02-09,2.4,21.5,27.9,16.4,3.27,14.8,0,0,0,0,0,0,0,0,0
2022-02-10,0.0,20.6,27.2,15.8,4.35,15.0,0,0,0,0,0,0,0,0,0
2022-02-11,0.0,18.1,25.2,13.3,4.37,14.5,0,0,0,0,0,0,0,0,0
2022-02-12,0.0,18.0,26.5,10.8,4.55,11.5,0,0,0,0,0,0,0,0,0
2022-02-13,0.0,18.6,27.1,10.1,4.09,9.4,0,0,0,0,0,0,0,0,0
2022-02-14,0.0,19.5,27.9,12.1,4.23,10.2,0,0,0,0,0,0,0,0,0
2022-02-15,0.0,21.2,28.6,14.1,4.2,9.3,0,0,0,0,0,0,0,0,0
2022-02-16,0.0,21.6,28.5,14.9,4.02,11.6,0,0,0,0,0,0,0,0,0
2022-02-17,0.0,20.3,25.5,15.7,3.18,10.5,0,0,0,0,0,0,0,0,0
2022-02-18,0.0,21.6,27.6,14.5,3.41,7.6,0,0,0,0,0,0,0,0,0
2022-02-19,0.3,20.8,25.9,17.4,2.37,15.1,0,0,0,0,0,0,0,0,0
2022-02-20,0.1,21.7,29.7,16.3,4.64,16.9,0,0,0,0,0,0,0,0,0
2022-02-21,0.0,21.1,29.9,13.7,5.13,13.0,0,0,0,0,0,0,0,0,0
2022-02-22,0.0,21.7,30.6,12.7,4.66,11.5,0,0,0,0,0,0,0,0,0
2022-02-23,0.0,22.5,31.4,14.7,5.19,13.3,0,0,0,0,0,0,0,0,0
2022-02-24,0.6,23.8,31.9,16.9,4.99,15.3,0,0,0,0,0,0,0,0,0
2022-02-25,0.0,23.3,31.5,17.7,5.22,11.7,0,0,0,0,0,0,0,0,0
2022-02-26,0.4,23.8,31.0,16.4,4.74,15.2,0,0,0,0,0,0,0,0,0
2022-02-27,0.0,24.2,31.5,18.6,4.82,14.3,0,0,0,0,0,0,0,0,0
2022-02-28,0.0,24.5,31.4,18.3,4.66,11.0,0,0,0,0,0,0,0,0,0
2022-03-01,0.0,24.2,31.1,17.9,4.56,9.5,0,0,0,0,0,0,0,0,0
2022-03-02,0.0,24.6,31.8,18.0,5.02,10.9,0,0,0,0,0,0,0,0,0
2022-03-03,0.0,24.3,30.2,18.0,3.84,9.0,0,0,0,0,0,0,0,0,0
2022-03-04,0.0,25.7,32.0,19.2,4.8,10.2,0,0,0,0,0,0,0,0,0
2022-03-05,0.0,25.1,32.2,19.2,5.92,15.5,0,0,0,0,0,0,0,0,0
2022-03-06,0.0,24.6,32.5,17.6,5.37,11.5,0,0,0,0,0,0,0,0,0
2022-03-07,0.0,24.7,33.9,16.4,5.61,15.1,0,0,0,0,0,0,0,0,0
2022-03-08,0.0,25.6,34.0,18.8,5.99,17.2,0,0,0,0,0,0,0,0,0
2022-03-09,0.0,25.6,33.2,18.8,5.4,9.8,0,0,0,0,0,0,0,0,0
2022-03-10,0.0,26.1,33.1,19.6,5.38,10.5,0,0,0,0,0,0,0,0,0
2022-03-11,0.0,26.4,33.4,19.8,5.77,13.1,0,0,0,0,0,0,0,0,0
2022-03-12,0.0,26.0,33.6,19.8,6.34,11.8,0,0,0,0,0,0,0,0,0
2022-03-13,0.0,25.7,34.2,16.8,6.26,12.5,0,0,0,0,0,0,0,0,0
2022-03-14,0.0,26.3,35.5,16.6,6.39,14.8,0,0,0,0,0,0,0,0,0
2022-03-15,0.0,27.9,37.5,18.5,6.59,21.5,0,0,0,0,0,0,0,0,0
2022-03-16,0.0,28.6,38.7,21.2,6.65,17.6,0,0,0,0,0,0,0,0,0
2022-03-17,0.0,28.7,39.0,19.4,6.92,18.5,0,0,0,0,0,0,0,0,0
2022-03-18,0.0,29.7,37.1,22.7,6.09,11.9,0,0,0,0,0,0,0,0,0
2022-03-19,0.0,29.2,37.0,21.7,6.12,16.5,0,0,0,0,0,0,0,0,0
2022-03-20,0.4,29.2,34.6,23.8,4.11,14.0,0,0,0,0,0,0,0,0,0
2022-03-21,0.0,29.2,35.7,24.2,4.24,10.6,0,0,0,0,0,0,0,0,0
2022-03-22,0.0,29.5,38.4,20.5,7.32,13.5,0,0,0,0,0,0,0,0,0
2022-03-23,0.0,29.8,38.1,22.6,6.97,20.6,0,0,0,0,0,0,0,0,0
2022-03-24,0.0,29.5,38.0,20.8,5.72,11.2,0,0,0,0,0,0,0,0,0
2022-03-25,0.0,30.8,37.1,24.4,5.4,13.7,0,0,0,0,0,0,0,0,0
2022-03-26,0.0,31.4,39.3,24.4,6.94,18.1,0,0,0,0,0,0,0,0,0
2022-03-27,0.0,29.2,37.9,20.1,7.07,14.8,0,0,0,0,0,0,0,0,0
2022-03-28,0.0,29.8,39.7,20.2,6.88,15.7,0,0,0,0,0,0,0,0,0
2022-03-29,0.0,31.5,40.2,22.1,6.99,14.7,0,0,0,0,0,0,0,0,0
2022-03-30,0.0,30.8,39.8,22.8,7.19,13.1,0,0,0,0,0,0,0,0,0
2022-03-31,0.0,31.1,40.0,22.5,6.85,11.2,0,0,0,0,0,0,0,0,0
2022-04-01,0.0,31.6,40.4,22.3,6.8,12.2,0,0,0,0,0,0,0,0,0
2022-04-02,0.0,31.7,40.3,23.3,6.67,10.0,0,0,0,0,0,0,0,0,0
2022-04-03,0.0,31.5,39.9,21.9,6.42,10.3,0,0,0,0,0,0,0,0,0
2022-04-04,0.0,31.4,40.1,22.3,6.81,11.1,0,0,0,0,0,0,0,0,0
2022-04-05,0.0,32.6,40.6,24.4,6.71,16.3,0,0,0,0,0,0,0,0,0
2022-04-06,0.0,32.4,39.5,23.0,6.28,10.0,0,0,0,0,0,0,0,0,0
2022-04-07,0.0,32.4,39.4,24.2,6.08,9.2,0,0,0,0,0,0,0,0,0
2022-04-08,0.0,32.7,39.4,25.8,6.51,10.7,0,0,0,0,0,0,0,0,0
2022-04-09,0.0,33.0,40.0,25.8,6.65,12.2,0,0,0,0,0,0,0,0,0
2022-04-10,0.0,33.7,40.3,25.8,6.24,13.2,0,0,0,0,0,0,0,0,0
2022-04-11,0.0,33.2,40.4,25.9,6.49,11.5,0,0,0,0,0,0,0,0,0
2022-04-12,0.0,33.3,40.0,25.8,6.42,12.2,0,0,0,0,0,0,0,0,0
2022-04-13,0.0,33.7,40.4,26.3,6.73,11.7,0,0,0,0,0,0,0,0,0
2022-04-14,0.0,32.6,39.6,27.3,6.19,13.4,0,0,0,0,0,0,0,0,0
2022-04-15,0.0,32.7,40.6,24.9,7.39,21.3,0,0,0,0,0,0,0,0,0
2022-04-16,0.0,33.2,41.3,25.4,7.91,22.9,0,0,0,0,0,1,1,1,0
2022-04-17,0.0,32.6,40.8,24.3,7.02,11.9,0,0,0,0,0,0,0,0,0
2022-04-18,0.0,33.4,41.0,25.7,6.52,10.7,0,0,0,0,0,0,0,0,0
2022-04-19,0.0,33.8,42.5,25.5,7.28,15.8,0,0,0,0,0,0,0,0,0
2022-04-20,0.0,34.6,42.8,25.8,8.06,19.4,0,0,0,0,0,0,0,0,0
2022-04-21,0.0,34.3,41.4,26.0,6.66,14.5,0,0,0,0,0,0,0,0,0
2022-04-22,0.0,31.7,36.7,26.6,7.32,25.0,0,0,0,0,0,1,1,1,0
2022-04-23,0.0,32.8,39.5,25.5,6.17,10.6,0,0,0,0,0,0,0,0,0
2022-04-24,0.0,33.4,41.8,26.1,7.17,15.3,0,0,0,0,0,0,0,0,0
2022-04-25,0.0,33.6,43.1,26.1,7.45,17.7,0,0,0,0,0,0,0,0,0
2022-04-26,0.0,33.1,42.0,25.3,7.0,14.1,0,0,0,0,0,0,0,0,0
2022-04-27,0.0,34.7,42.9,26.4,7.49,16.0,0,0,0,0,0,0,0,0,0
2022-04-28,0.0,34.4,42.7,24.9,7.05,10.8,0,0,0,0,0,0,0,0,0
2022-04-29,0.0,34.9,42.5,27.1,7.43,12.6,0,0,0,0,0,0,0,0,0
2022-04-30,0.0,36.2,43.2,29.4,7.95,16.4,0,0,0,0,0,0,0,0,0
2022-05-01,0.0,34.8,42.9,27.3,7.87,19.6,0,0,0,0,0,0,0,0,0
2022-05-02,0.0,35.0,42.4,27.8,7.09,14.7,0,0,0,0,0,0,0,0,0
2022-05-03,0.0,34.7,41.4,26.4,7.13,15.6,0,0,0,0,0,0,0,0,0
2022-05-04,0.0,34.5,42.0,27.9,7.39,12.5,0,0,0,0,0,0,0,0,0
2022-05-05,0.0,33.7,41.9,27.1,6.89,13.7,0,0,0,0,0,0,0,0,0
2022-05-06,0.0,33.2,39.5,26.5,7.13,18.0,0,0,0,0,0,0,0,0,0
2022-05-07,0.0,32.8,39.3,25.8,6.9,20.5,0,0,0,0,0,0,0,0,0
2022-05-08,0.0,34.6,41.2,27.6,8.03,20.5,0,0,0,0,0,0,0,0,0
2022-05-09,0.0,35.2,43.1,27.2,8.8,20.9,0,0,0,0,0,0,0,0,0
2022-05-10,0.0,34.9,41.7,28.3,8.29,22.5,0,0,0,0,0,0,0,0,0
2022-05-11,0.0,34.3,40.8,27.6,6.56,16.6,0,0,0,0,0,0,0,0,0
2022-05-12,0.0,34.1,40.5,28.8,6.55,14.3,0,0,0,0,0,0,0,0,0
2022-05-13,0.0,35.0,41.5,29.5,7.21,15.1,0,0,0,0,0,0,0,0,0
2022-05-14,0.0,36.0,43.4,29.3,7.59,16.4,0,0,1,0,0,0,1,1,0
2022-05-15,0.0,36.3,42.8,30.2,7.23,13.2,0,1,0,0,0,0,1,1,0
2022-05-16,0.0,35.3,42.1,29.4,7.08,13.8,0,0,0,0,0,0,0,0,0
2022-05-17,0.0,35.3,41.8,29.7,6.9,11.6,0,0,0,0,0,0,0,0,0
2022-05-18,0.0,34.2,40.7,28.1,5.92,21.6,0,0,0,0,0,0,0,0,0
2022-05-19,0.0,34.5,39.8,28.7,7.0,13.3,0,0,0,0,0,0,0,0,0
2022-05-20,0.0,35.3,41.9,29.0,6.86,13.8,0,0,0,0,0,0,0,0,0
2022-05-21,0.0,36.3,43.7,30.3,8.42,21.5,0,1,1,0,0,0,2,1,0
2022-05-22,0.0,34.8,40.6,29.9,7.79,17.3,0,0,0,0,0,0,0,0,0
2022-05-23,0.0,33.1,40.4,27.3,7.68,26.5,0,0,0,0,0,1,1,1,0
2022-05-24,7.2,29.0,36.6,24.4,5.06,23.1,0,0,0,0,0,1,1,1,0
2022-05-25,0.0,31.7,39.4,23.9,6.5,22.8,0,0,0,0,0,1,1,1,0
2022-05-26,0.1,31.7,38.7,25.8,5.92,21.6,0,0,0,0,0,0,0,0,0
2022-05-27,0.0,33.4,40.6,26.5,7.4,16.8,0,0,0,0,0,0,0,0,0
2022-05-28,0.0,33.1,40.4,25.8,6.74,14.9,0,0,0,0,0,0,0,0,0
2022-05-29,0.0,34.7,41.5,26.7,7.19,15.1,0,0,0,0,0,0,0,0,0
2022-05-30,0.5,32.4,40.1,26.8,4.99,19.5,0,0,0,0,0,0,0,0,0
2022-05-31,0.0,34.5,41.2,28.6,6.84,17.1,0,0,0,0,0,0,0,0,0
2022-06-01,0.0,34.9,42.1,27.2,7.64,21.4,0,0,0,0,0,0,0,0,0
2022-06-02,0.0,35.1,42.6,26.9,7.18,14.5,0,0,0,0,0,0,0,0,0
2022-06-03,0.0,35.9,43.6,28.1,7.49,15.5,0,0,1,0,0,0,1,1,0
2022-06-04,0.0,36.6,43.2,29.7,7.79,15.9,0,1,0,0,0,0,1,1,0
2022-06-05,0.0,36.2,43.5,28.1,7.57,18.3,0,0,1,0,0,0,1,1,0
2022-06-06,0.0,36.1,43.9,29.2,7.75,18.3,0,0,1,0,0,0,1,1,0
2022-06-07,0.0,35.6,43.6,28.0,7.74,16.5,0,0,1,0,0,0,1,1,0
2022-06-08,0.0,36.7,43.0,28.9,9.09,20.7,0,1,0,0,1,0,2,1,0
2022-06-09,0.0,35.8,41.8,29.8,7.6,19.1,0,0,0,0,0,0,0,0,0
2022-06-10,0.0,35.1,40.3,29.9,6.69,22.1,0,0,0,0,0,0,0,0,0
2022-06-11,1.0,32.9,39.9,29.1,6.75,27.9,0,0,0,0,0,1,1,1,0
2022-06-12,0.8,30.6,37.3,25.9,4.35,13.4,0,0,0,0,0,0,0,0,0
2022-06-13,0.2,33.2,39.2,28.4,6.42,13.0,0,0,0,0,0,0,0,0,0
2022-06-14,0.2,33.5,39.8,28.8,5.87,16.4,0,0,0,0,0,0,0,0,0
2022-06-15,5.1,29.8,37.9,25.6,4.92,23.4,0,0,0,0,0,1,1,1,0
2022-06-16,3.5,28.5,32.5,25.1,3.65,13.7,0,0,0,0,0,0,0,0,0
2022-06-17,7.7,27.8,33.7,25.9,3.54,13.1,0,0,0,0,0,0,0,0,0
2022-06-18,21.3,27.7,31.8,25.4,3.8,16.1,1,0,0,0,0,0,1,1,0
2022-06-19,29.0,26.7,30.3,24.5,2.81,12.2,1,0,0,0,0,0,1,1,0
2022-06-20,18.6,25.6,29.7,23.5,2.57,13.5,1,0,0,0,0,0,1,1,0
2022-06-21,3.0,26.2,30.3,23.2,3.96,13.9,0,0,0,0,0,0,0,0,0
2022-06-22,8.6,27.5,31.5,23.4,4.0,11.2,1,0,0,0,0,0,1,1,0
2022-06-23,19.1,26.9,31.3,25.0,2.91,7.3,1,0,0,0,0,0,1,1,0
2022-06-24,1.3,28.4,32.9,24.6,4.87,14.0,0,0,0,0,0,0,0,0,0
2022-06-25,2.6,27.8,32.3,25.1,2.88,13.3,0,0,0,0,0,0,0,0,0
2022-06-26,22.2,26.5,30.4,24.0,3.41,10.8,1,0,0,0,0,0,1,1,0
2022-06-27,1.2,27.6,31.5,23.7,4.48,9.6,0,0,0,0,0,0,0,0,0
2022-06-28,3.5,28.5,32.8,25.0,4.77,12.5,0,0,0,0,0,0,0,0,0
2022-06-29,13.2,27.4,32.5,25.6,3.43,9.7,1,0,0,0,0,0,1,1,0
2022-06-30,21.5,26.4,30.2,24.6,2.96,8.7,1,0,0,0,0,0,1,1,0
2022-07-01,12.9,27.4,31.8,23.8,3.71,12.1,1,0,0,0,0,0,1,1,0
2022-07-02,12.3,26.1,28.3,24.3,2.5,11.2,1,0,0,0,0,0,1,1,0
2022-07-03,23.9,26.0,30.2,23.8,2.82,12.3,1,0,0,0,0,0,1,1,0
2022-07-04,40.3,25.3,28.9,24.1,2.04,13.4,1,0,0,0,0,0,1,1,0
2022-07-05,20.1,26.0,29.5,23.9,2.49,13.5,1,0,0,0,0,0,1,1,0
2022-07-06,39.1,25.7,28.3,23.9,2.54,9.4,1,0,0,0,0,0,1,1,0
2022-07-07,24.3,26.0,30.6,24.1,3.17,10.4,1,0,0,0,0,0,1,1,0
2022-07-08,9.1,27.0,31.2,24.3,3.93,8.2,1,0,0,0,0,0,1,1,0
2022-07-09,35.7,26.2,30.9,23.4,3.89,16.6,1,0,0,0,0,0,1,1,0
2022-07-10,18.6,25.9,29.7,23.3,3.15,15.8,1,0,0,0,0,0,1,1,0
2022-07-11,24.5,26.4,30.6,23.8,3.61,12.4,1,0,0,0,0,0,1,1,0
2022-07-12,37.6,26.5,29.5,24.4,3.2,13.9,1,0,0,0,0,0,1,1,0
2022-07-13,12.4,26.8,31.3,24.2,3.46,12.4,1,0,0,0,0,0,1,1,0
2022-07-14,23.0,26.0,28.7,23.6,2.4,8.9,1,0,0,0,0,0,1,1,0
2022-07-15,12.7,25.8,29.0,23.3,3.3,16.1,1,0,0,0,0,0,1,1,0
2022-07-16,21.5,25.9,28.9,23.8,3.09,9.0,1,0,0,0,0,0,1,1,0
2022-07-17,52.9,26.0,30.4,23.7,2.38,16.3,1,0,0,0,0,0,1,1,0
2022-07-18,10.5,26.4,31.5,24.3,3.56,18.5,1,0,0,0,0,0,1,1,0
2022-07-19,5.6,25.2,28.7,23.5,2.32,18.0,0,0,0,0,0,0,0,0,0
2022-07-20,13.6,25.6,30.2,23.2,3.21,12.1,1,0,0,0,0,0,1,1,0
2022-07-21,23.8,25.6,29.4,23.7,2.85,13.0,1,0,0,0,0,0,1,1,0
2022-07-22,12.2,26.3,29.8,24.3,2.96,16.9,1,0,0,0,0,0,1,1,0
2022-07-23,27.2,25.6,29.3,24.0,2.66,9.2,1,0,0,0,0,0,1,1,0
2022-07-24,25.2,24.9,27.9,23.7,1.7,10.6,1,0,0,0,0,0,1,1,0
2022-07-25,15.6,25.0,27.5,23.5,1.95,10.8,1,0,0,0,0,0,1,1,0
2022-07-26,10.2,25.6,29.8,23.3,3.3,7.9,1,0,0,0,0,0,1,1,0
2022-07-27,9.1,25.4,28.5,23.0,2.87,9.7,1,0,0,0,0,0,1,1,0
2022-07-28,12.6,26.2,30.5,23.3,3.99,11.5,1,0,0,0,0,0,1,1,0
2022-07-29,5.9,25.7,30.3,23.4,3.41,11.3,0,0,0,0,0,0,0,0,0
2022-07-30,3.8,26.2,31.0,23.6,3.91,13.1,0,0,0,0,0,0,0,0,0
2022-07-31,5.9,26.9,31.1,23.8,4.37,10.9,0,0,0,0,0,0,0,0,0
2022-08-01,4.2,27.3,31.2,24.2,4.16,9.7,0,0,0,0,0,0,0,0,0
2022-08-02,2.7,27.6,31.1,24.6,4.02,7.1,0,0,0,0,0,0,0,0,0
2022-08-03,13.1,27.3,30.9,24.3,3.9,10.0,1,0,0,0,0,0,1,1,0
2022-08-04,1.9,27.2,31.1,24.5,3.73,7.3,0,0,0,0,0,0,0,0,0
2022-08-05,5.5,26.9,30.3,23.8,4.06,6.5,0,0,0,0,0,0,0,0,0
2022-08-06,31.7,26.7,31.8,23.8,4.05,14.1,1,0,0,0,0,0,1,1,0
2022-08-07,13.4,26.7,30.6,24.1,3.22,17.4,1,0,0,0,0,0,1,1,0
2022-08-08,6.8,26.9,32.0,24.3,3.7,9.2,0,0,0,0,0,0,0,0,0
2022-08-09,61.6,26.1,29.7,24.4,2.92,10.3,1,0,0,0,0,0,1,1,0
2022-08-10,51.6,24.5,25.5,23.9,1.07,20.5,1,0,0,0,0,0,1,1,0
2022-08-11,26.6,24.5,26.7,23.6,1.44,18.0,1,0,0,0,0,0,1,1,0
2022-08-12,10.9,26.4,30.8,23.5,3.66,18.0,1,0,0,0,0,0,1,1,0
2022-08-13,34.9,25.0,26.7,24.1,1.32,10.1,1,0,0,0,0,0,1,1,0
2022-08-14,33.0,24.6,26.3,23.5,1.36,17.8,1,0,0,0,0,0,1,1,0
2022-08-15,47.0,24.1,25.3,23.4,1.39,28.5,1,0,0,0,0,1,2,1,0
2022-08-16,3.9,25.4,30.0,22.9,3.82,21.2,0,0,0,0,0,0,0,0,0
2022-08-17,1.2,26.7,31.3,23.1,4.82,14.8,0,0,0,0,0,0,0,0,0
2022-08-18,1.0,27.4,31.7,23.6,4.78,12.5,0,0,0,0,0,0,0,0,0
2022-08-19,3.2,26.2,30.1,23.9,3.26,15.6,0,0,0,0,0,0,0,0,0
2022-08-20,35.2,25.0,28.3,22.9,1.9,18.9,1,0,0,0,0,0,1,1,0
2022-08-21,48.2,24.8,27.3,23.6,1.75,18.7,1,0,0,0,0,0,1,1,0
2022-08-22,17.1,25.2,29.0,23.0,3.49,22.1,1,0,0,0,0,0,1,1,0
2022-08-23,1.1,26.0,30.3,22.3,4.4,12.1,0,0,0,0,0,0,0,0,0
2022-08-24,0.4,26.9,31.4,23.6,4.44,9.7,0,0,0,0,0,0,0,0,0
2022-08-25,1.8,25.6,28.7,23.3,2.99,12.8,0,0,0,0,0,0,0,0,0
2022-08-26,0.6,26.3,31.3,22.0,4.73,15.2,0,0,0,0,0,0,0,0,0
2022-08-27,6.3,26.1,30.2,22.8,3.9,16.0,0,0,0,0,0,0,0,0,0
2022-08-28,6.1,26.1,29.5,23.8,3.08,10.2,0,0,0,0,0,0,0,0,0
2022-08-29,8.9,26.3,30.0,23.7,3.29,8.8,1,0,0,0,0,0,1,1,0
2022-08-30,9.3,26.6,31.2,23.2,4.23,10.2,1,0,0,0,0,0,1,1,0
2022-08-31,8.1,27.0,30.5,24.0,3.65,9.4,0,0,0,0,0,0,0,0,0
2022-09-01,10.2,26.4,30.7,23.8,3.99,10.7,1,0,0,0,0,0,1,1,0
2022-09-02,1.1,27.0,31.0,23.4,4.32,6.4,0,0,0,0,0,0,0,0,0
2022-09-03,3.7,27.2,31.5,24.1,3.59,9.7,0,0,0,0,0,0,0,0,0
2022-09-04,8.3,25.4,27.3,24.2,1.81,7.6,1,0,0,0,0,0,1,1,0
2022-09-05,9.1,26.0,29.2,22.5,3.07,12.0,1,0,0,0,0,0,1,1,0
2022-09-06,11.3,26.4,29.9,23.1,3.64,10.0,1,0,0,0,0,0,1,1,0
2022-09-07,26.0,26.7,30.5,23.7,3.64,11.3,1,0,0,0,0,0,1,1,0
2022-09-08,10.1,27.4,31.4,24.2,4.27,11.6,1,0,0,0,0,0,1,1,0
2022-09-09,0.9,28.3,33.2,24.2,4.52,9.7,0,0,0,0,0,0,0,0,0
2022-09-10,2.7,27.6,32.0,24.1,4.51,14.4,0,0,0,0,0,0,0,0,0
2022-09-11,18.1,26.6,30.8,24.3,3.25,10.4,1,0,0,0,0,0,1,1,0
2022-09-12,29.2,24.9,27.3,23.8,2.02,15.8,1,0,0,0,0,0,1,1,0
2022-09-13,39.2,24.3,26.4,22.9,1.77,21.1,1,0,0,0,0,0,1,1,0
2022-09-14,29.5,25.1,28.9,23.0,2.44,19.2,1,0,0,0,0,0,1,1,0
2022-09-15,13.6,25.4,28.8,23.2,2.88,20.6,1,0,0,0,0,0,1,1,0
2022-09-16,14.5,25.0,29.0,23.3,2.51,18.6,1,0,0,0,0,0,1,1,0
2022-09-17,4.0,25.0,28.6,22.7,2.78,17.0,0,0,0,0,0,0,0,0,0
2022-09-18,0.1,26.7,31.1,22.6,4.43,11.7,0,0,0,0,0,0,0,0,0
2022-09-19,0.7,27.0,31.5,23.4,4.53,13.8,0,0,0,0,0,0,0,0,0
2022-09-20,16.2,25.6,28.8,23.1,2.64,12.5,1,0,0,0,0,0,1,1,0
2022-09-21,11.4,25.3,28.3,23.6,2.54,11.2,1,0,0,0,0,0,1,1,0
2022-09-22,10.6,25.0,28.5,23.2,2.39,10.6,1,0,0,0,0,0,1,1,0
2022-09-23,6.1,24.9,28.2,22.9,2.31,10.8,0,0,0,0,0,0,0,0,0
2022-09-24,7.6,24.4,29.3,21.3,3.34,15.9,0,0,0,0,0,0,0,0,0
2022-09-25,2.2,25.2,28.8,22.1,3.46,9.2,0,0,0,0,0,0,0,0,0
2022-09-26,2.5,25.7,30.1,22.0,3.82,13.4,0,0,0,0,0,0,0,0,0
2022-09-27,9.9,25.9,30.4,22.8,3.54,9.8,1,0,0,0,0,0,1,1,0
2022-09-28,6.1,25.7,30.4,23.1,3.43,10.4,0,0,0,0,0,0,0,0,0
2022-09-29,0.1,26.9,32.4,22.6,4.68,12.6,0,0,0,0,0,0,0,0,0
2022-09-30,0.1,26.3,31.9,21.7,4.62,12.3,0,0,0,0,0,0,0,0,0
2022-10-01,0.0,26.4,31.5,21.8,4.79,15.6,0,0,0,0,0,0,0,0,0
2022-10-02,0.0,26.5,31.8,22.1,4.75,16.0,0,0,0,0,0,0,0,0,0
2022-10-03,0.0,26.4,31.5,21.6,4.87,16.8,0,0,0,0,0,0,0,0,0
2022-10-04,21.1,25.6,29.9,23.2,2.61,9.8,1,0,0,0,0,0,1,1,0
2022-10-05,15.3,25.7,29.1,23.3,2.79,9.7,1,0,0,0,0,0,1,1,0
2022-10-06,9.0,25.7,29.7,22.4,3.62,16.1,1,0,0,0,0,0,1,1,0
2022-10-07,7.5,26.0,29.6,23.4,4.02,15.9,0,0,0,0,0,0,0,0,0
2022-10-08,4.4,25.8,29.9,22.9,3.77,12.9,0,0,0,0,0,0,0,0,0
2022-10-09,0.4,26.4,30.7,22.3,4.1,11.8,0,0,0,0,0,0,0,0,0
2022-10-10,4.5,25.5,29.7,22.8,3.35,10.0,0,0,0,0,0,0,0,0,0
2022-10-11,22.6,24.6,26.7,22.9,2.1,12.3,1,0,0,0,0,0,1,1,0
2022-10-12,22.7,24.2,28.0,22.0,2.55,7.8,1,0,0,0,0,0,1,1,0
2022-10-13,9.0,24.5,28.4,21.1,3.35,10.4,1,0,0,0,0,0,1,1,0
2022-10-14,0.7,25.3,29.3,22.2,3.68,9.4,0,0,0,0,0,0,0,0,0
2022-10-15,0.0,25.2,30.1,21.4,4.18,10.5,0,0,0,0,0,0,0,0,0
2022-10-16,1.2,24.8,29.3,21.5,3.41,8.2,0,0,0,0,0,0,0,0,0
2022-10-17,10.0,24.8,29.0,21.9,3.42,6.9,1,0,0,0,0,0,1,1,0
2022-10-18,10.7,24.3,27.6,21.2,2.83,16.3,1,0,0,0,0,0,1,1,0
2022-10-19,0.1,24.0,28.8,19.9,3.73,8.6,0,0,0,0,0,0,0,0,0
2022-10-20,0.0,23.6,30.3,18.2,4.29,8.7,0,0,0,0,0,0,0,0,0
2022-10-21,0.0,22.7,30.7,16.8,4.48,9.5,0,0,0,0,0,0,0,0,0
2022-10-22,0.0,23.0,30.2,17.3,4.81,13.2,0,0,0,0,0,0,0,0,0
2022-10-23,0.0,22.7,29.8,17.4,4.76,14.9,0,0,0,0,0,0,0,0,0
2022-10-24,0.0,21.8,28.3,16.7,4.56,16.3,0,0,0,0,0,0,0,0,0
2022-10-25,0.0,22.7,28.8,17.1,4.29,9.0,0,0,0,0,0,0,0,0,0
2022-10-26,0.0,21.7,29.0,15.6,4.2,9.8,0,0,0,0,0,0,0,0,0
2022-10-27,0.0,21.7,29.3,15.4,4.24,11.1,0,0,0,0,0,0,0,0,0
2022-10-28,0.0,21.3,29.6,14.5,4.27,11.4,0,0,0,0,0,0,0,0,0
2022-10-29,0.0,21.9,29.9,15.0,4.37,10.8,0,0,0,0,0,0,0,0,0
2022-10-30,0.0,20.9,28.7,14.9,4.25,11.8,0,0,0,0,0,0,0,0,0
2022-10-31,0.0,21.5,28.9,13.9,4.02,9.2,0,0,0,0,0,0,0,0,0
2022-11-01,0.0,21.7,28.3,14.9,3.97,7.9,0,0,0,0,0,0,0,0,0
2022-11-02,0.0,22.2,30.3,16.3,4.25,9.3,0,0,0,0,0,0,0,0,0
2022-11-03,0.0,21.7,30.5,13.9,4.17,9.4,0,0,0,0,0,0,0,0,0
2022-11-04,0.0,22.6,30.6,16.1,4.14,9.5,0,0,0,0,0,0,0,0,0
2022-11-05,0.0,23.5,31.1,16.8,4.19,10.7,0,0,0,0,0,0,0,0,0
2022-11-06,0.0,23.8,30.8,17.1,4.44,11.8,0,0,0,0,0,0,0,0,0
2022-11-07,0.0,22.8,30.9,16.5,4.35,11.2,0,0,0,0,0,0,0,0,0
2022-11-08,0.0,21.8,30.0,15.3,4.01,9.5,0,0,0,0,0,0,0,0,0
2022-11-09,0.0,22.0,30.4,14.6,3.8,10.1,0,0,0,0,0,0,0,0,0
2022-11-10,0.0,22.1,29.4,16.1,3.74,11.6,0,0,0,0,0,0,0,0,0
2022-11-11,0.0,22.8,30.3,16.6,4.04,11.2,0,0,0,0,0,0,0,0,0
2022-11-12,0.0,23.2,29.1,19.0,4.19,14.3,0,0,0,0,0,0,0,0,0
2022-11-13,0.0,21.0,28.2,15.1,4.07,11.0,0,0,0,0,0,0,0,0,0
2022-11-14,0.0,20.4,28.1,13.8,3.9,10.0,0,0,0,0,0,0,0,0,0
2022-11-15,0.0,20.6,28.6,14.4,4.03,9.7,0,0,0,0,0,0,0,0,0
2022-11-16,0.0,20.5,28.1,13.9,3.93,9.2,0,0,0,0,0,0,0,0,0
2022-11-17,0.0,21.5,28.9,13.8,4.3,14.2,0,0,0,0,0,0,0,0,0
2022-11-18,0.0,21.4,27.5,17.3,4.68,13.3,0,0,0,0,0,0,0,0,0
2022-11-19,0.0,19.9,25.9,14.9,4.39,11.2,0,0,0,0,0,0,0,0,0
2022-11-20,0.0,19.1,25.6,12.8,3.83,9.2,0,0,0,0,0,0,0,0,0
2022-11-21,0.0,19.8,27.2,12.8,3.96,10.2,0,0,0,0,0,0,0,0,0
2022-11-22,0.0,21.2,29.0,14.9,4.24,11.3,0,0,0,0,0,0,0,0,0
2022-11-23,0.0,21.1,28.5,14.7,4.29,11.5,0,0,0,0,0,0,0,0,0
2022-11-24,0.0,20.6,28.5,13.8,4.16,10.8,0,0,0,0,0,0,0,0,0
2022-11-25,0.0,20.1,27.5,13.9,4.15,11.5,0,0,0,0,0,0,0,0,0
2022-11-26,0.0,19.1,26.8,13.0,3.84,9.8,0,0,0,0,0,0,0,0,0
2022-11-27,0.0,18.9,27.5,11.9,3.94,10.5,0,0,0,0,0,0,0,0,0
2022-11-28,0.0,19.3,27.6,12.2,3.64,8.7,0,0,0,0,0,0,0,0,0
2022-11-29,0.0,19.4,27.5,12.2,3.52,9.3,0,0,0,0,0,0,0,0,0
2022-11-30,0.0,19.6,27.5,12.1,3.42,8.8,0,0,0,0,0,0,0,0,0
2022-12-01,0.0,20.1,27.9,12.9,3.3,7.6,0,0,0,0,0,0,0,0,0
2022-12-02,0.0,20.3,28.1,13.6,3.3,7.9,0,0,0,0,0,0,0,0,0
2022-12-03,0.0,21.1,28.4,14.6,3.58,9.0,0,0,0,0,0,0,0,0,0
2022-12-04,0.0,21.0,28.7,14.7,3.93,13.0,0,0,0,0,0,0,0,0,0
2022-12-05,0.0,21.0,29.1,13.5,3.87,13.2,0,0,0,0,0,0,0,0,0
2022-12-06,0.0,21.4,28.6,15.4,4.31,17.9,0,0,0,0,0,0,0,0,0
2022-12-07,0.0,20.0,27.0,15.1,4.21,18.7,0,0,0,0,0,0,0,0,0
2022-12-08,0.0,19.3,28.0,12.5,3.95,10.9,0,0,0,0,0,0,0,0,0
2022-12-09,0.0,19.0,27.8,11.8,3.61,9.8,0,0,0,0,0,0,0,0,0
2022-12-10,0.0,20.4,29.5,13.0,3.33,9.7,0,0,0,0,0,0,0,0,0
2022-12-11,0.0,22.7,29.8,16.5,2.87,7.0,0,0,0,0,0,0,0,0,0
2022-12-12,4.5,23.7,29.8,19.0,2.61,7.9,0,0,0,0,0,0,0,0,0
2022-12-13,0.1,23.6,29.3,19.4,2.92,15.5,0,0,0,0,0,0,0,0,0
2022-12-14,0.0,24.3,30.6,18.9,4.06,13.3,0,0,0,0,0,0,0,0,0
2022-12-15,0.0,23.9,29.6,19.1,3.71,10.0,0,0,0,0,0,0,0,0,0
2022-12-16,0.0,23.2,29.6,18.0,3.83,13.0,0,0,0,0,0,0,0,0,0
2022-12-17,0.0,21.3,29.1,15.0,4.19,12.1,0,0,0,0,0,0,0,0,0
2022-12-18,0.0,20.0,27.9,14.4,3.95,10.1,0,0,0,0,0,0,0,0,0
2022-12-19,0.0,19.4,27.7,12.4,3.59,9.2,0,0,0,0,0,0,0,0,0
2022-12-20,0.0,20.3,29.6,13.3,4.12,12.2,0,0,0,0,0,0,0,0,0
2022-12-21,0.0,20.4,29.7,13.5,3.85,11.3,0,0,0,0,0,0,0,0,0
2022-12-22,0.0,20.6,28.9,13.2,3.42,8.3,0,0,0,0,0,0,0,0,0
2022-12-23,0.0,21.3,29.0,13.4,3.49,10.3,0,0,0,0,0,0,0,0,0
2022-12-24,0.0,21.6,29.2,15.0,3.61,11.2,0,0,0,0,0,0,0,0,0
2022-12-25,0.0,21.7,28.3,16.1,3.42,11.1,0,0,0,0,0,0,0,0,0
2022-12-26,0.0,22.2,29.2,16.6,3.41,10.3,0,0,0,0,0,0,0,0,0
2022-12-27,0.0,22.5,28.6,17.2,3.3,12.3,0,0,0,0,0,0,0,0,0
2022-12-28,0.0,21.3,27.5,16.7,4.24,15.5,0,0,0,0,0,0,0,0,0
2022-12-29,0.0,19.2,27.3,12.8,3.54,9.7,0,0,0,0,0,0,0,0,0
2022-12-30,0.0,20.7,27.8,13.1,3.2,7.6,0,0,0,0,0,0,0,0,0
2022-12-31,0.0,21.0,27.8,15.7,3.96,12.6,0,0,0,0,0,0,0,0,0
2023-01-01,0.0,19.6,26.1,14.4,3.46,10.1,0,0,0,0,0,0,0,0,0
2023-01-02,0.0,19.3,26.3,13.8,3.46,10.2,0,0,0,0,0,0,0,0,0
2023-01-03,0.0,19.3,26.3,13.1,3.18,11.2,0,0,0,0,0,0,0,0,0
2023-01-04,0.0,18.9,24.2,14.3,3.0,13.3,0,0,0,0,0,0,0,0,0
2023-01-05,0.0,18.5,24.3,13.8,2.77,10.2,0,0,0,0,0,0,0,0,0
2023-01-06,0.0,18.3,25.7,13.5,3.63,12.3,0,0,0,0,0,0,0,0,0
2023-01-07,0.0,16.1,24.1,9.7,3.66,10.5,0,0,0,0,0,0,0,0,0
2023-01-08,0.0,16.4,25.4,8.9,3.95,11.5,0,0,0,0,0,0,0,0,0
2023-01-09,0.0,17.2,26.5,9.5,3.56,9.7,0,0,0,0,0,0,0,0,0
2023-01-10,0.0,18.4,27.7,10.9,4.03,11.3,0,0,0,0,0,0,0,0,0
2023-01-11,0.0,19.4,27.3,12.5,3.66,9.5,0,0,0,0,0,0,0,0,0
2023-01-12,0.0,19.4,27.4,13.0,3.65,9.7,0,0,0,0,0,0,0,0,0
2023-01-13,0.0,19.9,28.0,13.0,3.74,10.1,0,0,0,0,0,0,0,0,0
2023-01-14,0.0,20.2,27.0,13.9,3.73,11.7,0,0,0,0,0,0,0,0,0
2023-01-15,0.0,19.0,25.8,13.6,3.85,11.9,0,0,0,0,0,0,0,0,0
2023-01-16,0.0,19.3,26.6,13.2,3.48,10.5,0,0,0,0,0,0,0,0,0
2023-01-17,0.0,20.2,27.4,14.1,3.72,12.6,0,0,0,0,0,0,0,0,0
2023-01-18,0.0,20.3,27.6,15.0,3.73,13.3,0,0,0,0,0,0,0,0,0
2023-01-19,0.0,20.2,28.0,13.5,3.42,9.5,0,0,0,0,0,0,0,0,0
2023-01-20,0.0,21.5,29.3,14.3,3.85,11.5,0,0,0,0,0,0,0,0,0
2023-01-21,0.0,22.2,28.9,16.0,3.76,9.7,0,0,0,0,0,0,0,0,0
2023-01-22,0.0,22.3,29.7,16.3,4.07,12.4,0,0,0,0,0,0,0,0,0
2023-01-23,0.0,22.1,29.3,16.6,3.91,10.5,0,0,0,0,0,0,0,0,0
2023-01-24,0.0,22.6,29.3,16.3,3.86,8.6,0,0,0,0,0,0,0,0,0
2023-01-25,0.0,24.0,29.8,18.2,4.06,10.4,0,0,0,0,0,0,0,0,0
2023-01-26,0.0,23.0,29.3,16.6,3.88,11.8,0,0,0,0,0,0,0,0,0
2023-01-27,0.0,22.6,29.7,16.5,4.39,15.7,0,0,0,0,0,0,0,0,0
2023-01-28,0.0,23.1,30.2,17.4,4.29,12.2,0,0,0,0,0,0,0,0,0
2023-01-29,0.0,23.4,30.7,16.5,4.32,12.3,0,0,0,0,0,0,0,0,0
2023-01-30,1.5,24.3,30.9,18.3,4.17,19.2,0,0,0,0,0,0,0,0,0
2023-01-31,0.0,23.6,30.5,18.5,4.66,20.9,0,0,0,0,0,0,0,0,0
2023-02-01,0.0,21.6,28.9,16.6,5.32,17.6,0,0,0,0,0,0,0,0,0
2023-02-02,0.0,19.6,28.3,12.7,5.29,15.8,0,0,0,0,0,0,0,0,0
2023-02-03,0.0,20.4,29.7,13.4,5.34,13.4,0,0,0,0,0,0,0,0,0
2023-02-04,0.0,20.5,29.6,12.8,5.21,13.6,0,0,0,0,0,0,0,0,0
2023-02-05,0.0,20.4,29.8,12.3,5.03,13.0,0,0,0,0,0,0,0,0,0
2023-02-06,0.0,22.0,30.5,13.0,4.41,8.0,0,0,0,0,0,0,0,0,0
2023-02-07,0.0,22.7,31.1,15.0,4.67,10.1,0,0,0,0,0,0,0,0,0
2023-02-08,0.0,22.3,30.1,16.7,5.54,16.1,0,0,0,0,0,0,0,0,0
2023-02-09,0.0,21.8,31.3,13.4,4.73,10.0,0,0,0,0,0,0,0,0,0
2023-02-10,0.0,22.8,32.7,13.8,4.7,10.1,0,0,0,0,0,0,0,0,0
2023-02-11,0.0,24.7,33.6,17.4,5.8,16.9,0,0,0,0,0,0,0,0,0
2023-02-12,0.0,22.8,30.4,16.5,5.79,20.9,0,0,0,0,0,0,0,0,0
2023-02-13,0.0,20.0,28.2,14.0,5.29,16.3,0,0,0,0,0,0,0,0,0
2023-02-14,0.0,20.9,29.9,13.6,5.47,14.1,0,0,0,0,0,0,0,0,0
2023-02-15,0.0,22.3,31.9,14.9,5.69,17.4,0,0,0,0,0,0,0,0,0
2023-02-16,0.0,23.6,32.6,16.0,5.85,18.8,0,0,0,0,0,0,0,0,0
2023-02-17,0.0,23.4,31.4,15.6,5.63,15.4,0,0,0,0,0,0,0,0,0
2023-02-18,0.0,24.2,31.6,17.0,5.3,13.0,0,0,0,0,0,0,0,0,0
2023-02-19,0.0,24.6,32.8,17.4,5.4,11.2,0,0,0,0,0,0,0,0,0
2023-02-20,0.0,24.5,33.9,14.9,5.14,10.1,0,0,0,0,0,0,0,0,0
2023-02-21,0.0,25.3,34.9,16.8,5.35,10.7,0,0,0,0,0,0,0,0,0
2023-02-22,0.0,25.2,34.8,16.1,5.62,14.4,0,0,0,0,0,0,0,0,0
2023-02-23,0.0,24.4,33.1,15.7,5.17,10.1,0,0,0,0,0,0,0,0,0
2023-02-24,0.0,25.4,33.9,17.2,5.64,10.9,0,0,0,0,0,0,0,0,0
2023-02-25,0.0,25.4,34.1,17.2,5.46,9.8,0,0,0,0,0,0,0,0,0
2023-02-26,0.0,25.6,34.3,17.0,5.16,10.4,0,0,0,0,0,0,0,0,0
2023-02-27,0.0,25.8,34.0,18.1,5.6,13.0,0,0,0,0,0,0,0,0,0
2023-02-28,0.0,26.6,33.9,19.4,5.27,12.8,0,0,0,0,0,0,0,0,0
2023-03-01,0.0,26.3,33.4,17.7,5.03,12.0,0,0,0,0,0,0,0,0,0
2023-03-02,0.0,27.5,34.1,20.6,5.21,9.4,0,0,0,0,0,0,0,0,0
2023-03-03,0.0,27.6,35.9,19.6,5.94,15.5,0,0,0,0,0,0,0,0,0
2023-03-04,0.0,27.3,35.0,19.5,5.99,12.8,0,0,0,0,0,0,0,0,0
2023-03-05,0.0,26.5,34.1,18.9,5.88,15.3,0,0,0,0,0,0,0,0,0
2023-03-06,0.0,26.9,35.0,20.4,5.92,18.7,0,0,0,0,0,0,0,0,0
2023-03-07,0.3,25.1,30.6,20.3,5.87,18.0,0,0,0,0,0,0,0,0,0
2023-03-08,0.0,24.6,32.6,17.4,5.44,9.1,0,0,0,0,0,0,0,0,0
2023-03-09,0.0,25.8,33.3,19.2,5.74,12.7,0,0,0,0,0,0,0,0,0
2023-03-10,0.0,25.6,32.8,19.4,5.46,15.3,0,0,0,0,0,0,0,0,0
2023-03-11,0.0,26.1,33.9,19.3,5.91,12.4,0,0,0,0,0,0,0,0,0
2023-03-12,0.0,26.7,35.0,19.2,5.78,9.3,0,0,0,0,0,0,0,0,0
2023-03-13,0.0,27.3,34.9,20.8,5.52,11.1,0,0,0,0,0,0,0,0,0
2023-03-14,0.0,27.2,35.0,21.7,5.14,18.0,0,0,0,0,0,0,0,0,0
2023-03-15,0.0,27.4,33.7,19.3,5.51,14.4,0,0,0,0,0,0,0,0,0
2023-03-16,3.3,25.4,29.6,22.0,4.61,14.8,0,0,0,0,0,0,0,0,0
2023-03-17,0.0,25.9,32.2,19.3,5.4,15.5,0,0,0,0,0,0,0,0,0
2023-03-18,4.8,23.2,28.7,19.4,4.06,11.6,0,0,0,0,0,0,0,0,0
2023-03-19,5.6,22.1,30.0,17.4,4.14,16.9,0,0,0,0,0,0,0,0,0
2023-03-20,0.3,22.8,29.5,16.9,4.68,15.5,0,0,0,0,0,0,0,0,0
2023-03-21,0.4,22.8,29.4,18.4,3.82,17.3,0,0,0,0,0,0,0,0,0
2023-03-22,0.2,23.7,30.8,18.1,4.39,13.1,0,0,0,0,0,0,0,0,0
2023-03-23,0.0,25.2,32.2,18.1,4.92,9.1,0,0,0,0,0,0,0,0,0
2023-03-24,0.0,27.0,33.8,19.1,5.2,9.2,0,0,0,0,0,0,0,0,0
2023-03-25,0.0,27.5,34.8,20.5,5.17,8.6,0,0,0,0,0,0,0,0,0
2023-03-26,2.9,26.6,34.3,19.8,5.1,15.1,0,0,0,0,0,0,0,0,0
2023-03-27,0.0,27.6,35.2,21.2,6.13,14.1,0,0,0,0,0,0,0,0,0
2023-03-28,0.0,27.4,35.6,19.3,6.23,13.7,0,0,0,0,0,0,0,0,0
2023-03-29,0.0,28.2,35.2,20.5,5.99,12.5,0,0,0,0,0,0,0,0,0
2023-03-30,0.1,29.0,36.5,22.8,6.02,14.5,0,0,0,0,0,0,0,0,0
2023-03-31,0.2,27.6,33.9,21.4,5.48,16.6,0,0,0,0,0,0,0,0,0
2023-04-01,0.7,26.3,33.1,20.5,5.78,17.7,0,0,0,0,0,0,0,0,0
2023-04-02,0.0,26.2,33.1,18.7,5.52,13.9,0,0,0,0,0,0,0,0,0
2023-04-03,0.0,27.4,35.1,19.1,5.77,10.7,0,0,0,0,0,0,0,0,0
2023-04-04,0.0,29.2,36.4,22.0,6.41,16.3,0,0,0,0,0,0,0,0,0
2023-04-05,0.0,28.1,35.2,20.5,6.0,11.1,0,0,0,0,0,0,0,0,0
2023-04-06,0.0,28.4,36.1,20.2,5.69,10.4,0,0,0,0,0,0,0,0,0
2023-04-07,9.4,27.1,37.0,21.3,5.59,29.6,1,0,0,0,0,1,2,1,0
2023-04-08,0.1,25.7,30.7,21.0,3.51,11.0,0,0,0,0,0,0,0,0,0
2023-04-09,1.0,26.9,33.4,21.1,4.6,15.0,0,0,0,0,0,0,0,0,0
2023-04-10,0.0,29.1,36.0,21.4,5.5,11.4,0,0,0,0,0,0,0,0,0
2023-04-11,0.0,30.1,38.1,21.7,6.84,13.8,0,0,0,0,0,0,0,0,0
2023-04-12,0.0,31.1,39.3,21.9,6.48,9.7,0,0,0,0,0,0,0,0,0
2023-04-13,0.0,31.8,40.0,24.2,7.1,15.6,0,0,0,0,0,0,0,0,0
2023-04-14,0.0,31.9,39.7,24.5,7.04,17.7,0,0,0,0,0,0,0,0,0
2023-04-15,0.6,29.7,37.6,24.1,5.63,24.1,0,0,0,0,0,1,1,1,0
2023-04-16,0.0,30.9,38.9,22.9,6.63,12.0,0,0,0,0,0,0,0,0,0
2023-04-17,0.0,32.4,39.9,23.4,6.64,12.0,0,0,0,0,0,0,0,0,0
2023-04-18,0.0,32.3,40.4,23.9,7.18,13.0,0,0,0,0,0,0,0,0,0
2023-04-19,0.0,32.1,40.1,23.3,7.18,25.9,0,0,0,0,0,1,1,1,0
2023-04-20,0.0,30.4,38.9,24.6,6.28,21.4,0,0,0,0,0,0,0,0,0
2023-04-21,0.0,29.6,36.4,22.2,6.57,13.1,0,0,0,0,0,0,0,0,0
2023-04-22,0.3,27.1,34.4,22.6,5.19,19.6,0,0,0,0,0,0,0,0,0
2023-04-23,0.0,26.4,34.0,21.4,5.41,25.5,0,0,0,0,0,1,1,1,0
2023-04-24,0.2,26.6,34.0,20.0,5.85,16.1,0,0,0,0,0,0,0,0,0
2023-04-25,0.1,27.4,34.0,20.3,5.4,19.4,0,0,0,0,0,0,0,0,0
2023-04-26,0.2,27.3,33.2,20.8,5.1,9.7,0,0,0,0,0,0,0,0,0
2023-04-27,0.9,26.2,32.1,21.5,5.1,23.8,0,0,0,0,0,1,1,1,0
2023-04-28,2.8,26.8,32.7,21.2,5.17,13.3,0,0,0,0,0,0,0,0,0
2023-04-29,9.7,25.3,31.8,21.2,4.6,14.8,1,0,0,0,0,0,1,1,0
2023-04-30,23.5,23.5,28.7,20.8,3.67,14.4,1,0,0,0,0,0,1,1,0
2023-05-01,2.1,23.3,28.2,19.5,3.46,18.8,0,0,0,0,0,0,0,0,0
2023-05-02,5.2,24.3,29.7,20.0,4.62,12.0,0,0,0,0,0,0,0,0,0
2023-05-03,13.2,23.5,27.5,20.5,2.75,8.2,1,0,0,0,0,0,1,1,0
2023-05-04,0.8,25.0,31.5,20.3,4.62,18.4,0,0,0,0,0,0,0,0,0
2023-05-05,2.3,26.2,31.3,21.8,4.81,13.4,0,0,0,0,0,0,0,0,0
2023-05-06,0.0,27.4,34.2,20.7,5.97,15.4,0,0,0,0,0,0,0,0,0
2023-05-07,0.1,27.8,35.5,20.9,5.64,16.0,0,0,0,0,0,0,0,0,0
2023-05-08,0.5,29.4,36.3,23.7,5.75,14.0,0,0,0,0,0,0,0,0,0
2023-05-09,0.0,30.2,36.7,24.1,5.96,13.8,0,0,0,0,0,0,0,0,0
2023-05-10,0.0,30.1,38.8,23.0,7.35,18.6,0,0,0,0,0,0,0,0,0
2023-05-11,0.0,30.1,39.0,21.2,8.47,22.6,0,0,0,0,0,0,0,0,0
2023-05-12,0.0,30.1,39.1,20.3,8.66,22.3,0,0,0,0,0,0,0,0,0
2023-05-13,0.0,31.0,40.4,20.9,8.76,23.2,0,0,0,0,0,1,1,1,0
2023-05-14,0.0,31.3,40.6,21.7,7.69,19.0,0,0,0,0,0,0,0,0,0
2023-05-15,0.0,32.1,40.2,22.2,8.19,17.3,0,0,0,0,0,0,0,0,0
2023-05-16,0.0,32.1,38.5,23.9,7.37,18.7,0,0,0,0,0,0,0,0,0
2023-05-17,0.0,32.2,39.1,24.3,6.68,13.0,0,0,0,0,0,0,0,0,0
2023-05-18,0.0,33.0,39.6,26.3,6.94,16.3,0,0,0,0,0,0,0,0,0
2023-05-19,0.0,33.4,40.0,24.9,6.95,15.0,0,0,0,0,0,0,0,0,0
2023-05-20,0.0,33.2,40.8,25.4,6.93,14.4,0,0,0,0,0,0,0,0,0
2023-05-21,0.0,33.9,41.2,27.1,6.42,17.4,0,0,0,0,0,0,0,0,0
2023-05-22,0.0,32.4,39.2,26.1,6.42,17.1,0,0,0,0,0,0,0,0,0
2023-05-23,0.1,32.8,39.5,24.5,7.0,13.8,0,0,0,0,0,0,0,0,0
2023-05-24,0.0,34.2,40.9,26.1,7.36,16.4,0,0,0,0,0,0,0,0,0
2023-05-25,0.0,33.9,40.8,27.1,7.97,21.1,0,0,0,0,0,0,0,0,0
2023-05-26,0.0,33.1,39.1,27.1,8.06,22.2,0,0,0,0,0,0,0,0,0
2023-05-27,0.0,32.2,39.8,25.3,7.33,19.9,0,0,0,0,0,0,0,0,0
2023-05-28,1.5,30.1,39.3,24.5,5.71,14.6,0,0,0,0,0,0,0,0,0
2023-05-29,0.0,31.4,38.1,24.4,6.38,23.5,0,0,0,0,0,1,1,1,0
2023-05-30,0.0,32.9,39.1,26.7,6.32,10.8,0,0,0,0,0,0,0,0,0
2023-05-31,0.0,33.5,40.2,27.3,8.08,14.9,0,0,0,0,0,0,0,0,0
2023-06-01,0.0,33.9,40.7,26.8,8.31,17.4,0,0,0,0,0,0,0,0,0
2023-06-02,0.0,33.9,41.4,24.6,8.64,17.7,0,0,0,0,0,0,0,0,0
2023-06-03,0.0,33.3,40.0,27.7,6.62,15.3,0,0,0,0,0,0,0,0,0
2023-06-04,0.4,32.8,38.8,26.6,7.17,21.6,0,0,0,0,0,0,0,0,0
2023-06-05,0.0,33.5,39.7,26.1,7.46,16.7,0,0,0,0,0,0,0,0,0
2023-06-06,0.0,33.8,40.7,26.5,8.04,17.7,0,0,0,0,0,0,0,0,0
2023-06-07,0.0,34.3,40.7,28.8,7.81,19.6,0,0,0,0,0,0,0,0,0
2023-06-08,0.0,34.1,41.6,27.3,8.2,18.8,0,0,0,0,0,0,0,0,0
2023-06-09,0.0,34.7,40.6,28.7,8.45,23.2,0,0,0,0,0,1,1,1,0
2023-06-10,0.1,35.0,41.1,28.1,7.87,19.4,0,0,0,0,0,0,0,0,0
2023-06-11,0.0,34.7,40.6,28.0,7.56,20.9,0,0,0,0,0,0,0,0,0
2023-06-12,0.0,35.0,41.3,28.7,7.36,24.3,0,0,0,0,0,1,1,1,0
2023-06-13,0.8,33.8,41.3,29.0,6.46,18.4,0,0,0,0,0,0,0,0,0
2023-06-14,0.0,34.7,41.0,29.0,7.41,18.6,0,0,0,0,0,0,0,0,0
2023-06-15,0.4,34.1,39.8,28.8,6.77,14.8,0,0,0,0,0,0,0,0,0
2023-06-16,0.0,34.4,40.4,28.1,7.72,20.6,0,0,0,0,0,0,0,0,0
2023-06-17,0.0,35.1,40.0,29.8,7.43,14.5,0,0,0,0,0,0,0,0,0
2023-06-18,0.0,34.9,40.2,29.1,8.1,14.7,0,0,0,0,0,0,0,0,0
2023-06-19,0.0,35.0,39.8,29.1,8.07,16.1,0,0,0,0,0,0,0,0,0
2023-06-20,0.0,34.8,39.9,29.4,7.76,16.8,0,0,0,0,0,0,0,0,0
2023-06-21,4.5,32.1,37.9,27.0,6.28,21.7,0,0,0,0,0,0,0,0,0
2023-06-22,3.4,30.5,36.5,26.6,4.95,21.3,0,0,0,0,0,0,0,0,0
2023-06-23,14.4,26.8,30.4,25.4,2.36,12.4,1,0,0,0,0,0,1,1,0
2023-06-24,3.1,28.6,33.4,25.1,3.8,12.6,0,0,0,0,0,0,0,0,0
2023-06-25,26.8,27.5,31.3,25.0,2.42,9.3,1,0,0,0,0,0,1,1,0
2023-06-26,86.5,25.6,27.9,24.6,1.62,18.3,1,0,0,0,0,0,1,1,0
2023-06-27,87.4,25.6,28.8,24.4,2.19,20.0,1,0,0,0,0,0,1,1,0
2023-06-28,42.1,25.5,28.0,23.8,1.74,13.2,1,0,0,0,0,0,1,1,0
2023-06-29,11.6,26.7,31.0,23.5,3.35,16.3,1,0,0,0,0,0,1,1,0
2023-06-30,2.9,27.6,31.5,24.7,4.19,17.4,0,0,0,0,0,0,0,0,0
2023-07-01,0.8,28.3,32.7,24.9,4.92,15.3,0,0,0,0,0,0,0,0,0
2023-07-02,1.6,28.2,31.4,25.2,4.45,12.6,0,0,0,0,0,0,0,0,0
2023-07-03,0.5,29.8,33.4,26.2,4.91,7.6,0,0,0,0,0,0,0,0,0
2023-07-04,9.9,29.2,32.5,25.8,4.66,12.2,1,0,0,0,0,0,1,1,0
2023-07-05,15.0,28.0,33.3,24.7,3.6,10.1,1,0,0,0,0,0,1,1,0
2023-07-06,14.9,27.8,32.7,24.7,4.36,10.7,1,0,0,0,0,0,1,1,0
2023-07-07,31.3,26.1,28.8,24.4,2.12,14.6,1,0,0,0,0,0,1,1,0
2023-07-08,34.5,25.7,28.5,23.7,2.6,13.4,1,0,0,0,0,0,1,1,0
2023-07-09,11.5,25.9,28.7,23.8,3.13,17.0,1,0,0,0,0,0,1,1,0
2023-07-10,10.4,27.0,30.7,24.2,3.55,9.7,1,0,0,0,0,0,1,1,0
2023-07-11,12.8,26.2,29.4,24.5,2.83,13.4,1,0,0,0,0,0,1,1,0
2023-07-12,11.8,26.8,31.4,24.3,3.69,10.4,1,0,0,0,0,0,1,1,0
2023-07-13,10.9,27.3,31.7,24.4,3.93,14.8,1,0,0,0,0,0,1,1,0
2023-07-14,17.3,26.7,30.7,24.2,3.14,11.7,1,0,0,0,0,0,1,1,0
2023-07-15,26.0,25.7,29.6,24.6,2.3,15.1,1,0,0,0,0,0,1,1,0
2023-07-16,15.1,25.8,28.9,24.0,2.93,13.0,1,0,0,0,0,0,1,1,0
2023-07-17,49.3,25.9,28.4,24.2,2.45,15.8,1,0,0,0,0,0,1,1,0
2023-07-18,26.6,26.9,31.4,24.2,3.42,13.2,1,0,0,0,0,0,1,1,0
2023-07-19,36.0,27.3,30.2,24.4,3.66,6.6,1,0,0,0,0,0,1,1,0
2023-07-20,5.6,27.6,30.6,24.2,3.89,15.2,0,0,0,0,0,0,0,0,0
2023-07-21,26.2,26.9,30.8,24.5,2.91,14.0,1,0,0,0,0,0,1,1,0
2023-07-22,21.6,27.0,32.1,23.9,3.98,15.8,1,0,0,0,0,0,1,1,0
2023-07-23,16.2,26.3,30.4,24.3,3.23,14.8,1,0,0,0,0,0,1,1,0
2023-07-24,3.5,27.2,31.5,24.3,3.62,13.5,0,0,0,0,0,0,0,0,0
2023-07-25,5.8,28.1,31.7,23.9,4.67,10.0,0,0,0,0,0,0,0,0,0
2023-07-26,23.4,28.6,33.9,24.6,4.95,16.7,1,0,0,0,0,0,1,1,0
2023-07-27,23.6,28.0,31.9,25.2,4.18,13.2,1,0,0,0,0,0,1,1,0
2023-07-28,34.7,26.9,30.7,24.7,2.52,14.3,1,0,0,0,0,0,1,1,0
2023-07-29,12.8,27.1,32.0,24.7,3.66,16.3,1,0,0,0,0,0,1,1,0
2023-07-30,23.4,26.7,30.7,24.0,3.32,14.3,1,0,0,0,0,0,1,1,0
2023-07-31,11.3,26.3,31.0,23.6,3.25,12.8,1,0,0,0,0,0,1,1,0
2023-08-01,13.1,26.8,31.5,24.3,3.23,12.6,1,0,0,0,0,0,1,1,0
2023-08-02,19.4,25.5,28.3,23.3,1.57,16.0,1,0,0,0,0,0,1,1,0
2023-08-03,111.1,24.4,25.5,23.2,1.31,21.5,1,0,0,0,0,0,1,1,1
2023-08-04,29.5,25.8,29.7,23.0,2.77,18.8,1,0,0,0,0,0,1,1,0
2023-08-05,3.4,27.0,31.9,23.3,4.0,14.4,0,0,0,0,0,0,0,0,0
2023-08-06,16.9,26.6,31.8,23.8,3.05,13.0,1,0,0,0,0,0,1,1,0
2023-08-07,2.7,27.1,31.3,24.3,4.29,17.0,0,0,0,0,0,0,0,0,0
2023-08-08,1.5,27.0,31.6,23.0,4.45,13.8,0,0,0,0,0,0,0,0,0
2023-08-09,1.3,27.5,32.7,23.0,4.8,11.5,0,0,0,0,0,0,0,0,0
2023-08-10,0.8,28.0,32.1,24.3,4.96,10.0,0,0,0,0,0,0,0,0,0
2023-08-11,0.3,28.1,32.5,23.7,5.06,11.2,0,0,0,0,0,0,0,0,0
2023-08-12,0.4,28.0,32.0,24.5,4.75,12.8,0,0,0,0,0,0,0,0,0
2023-08-13,4.2,27.1,31.5,23.9,4.9,11.7,0,0,0,0,0,0,0,0,0
2023-08-14,0.7,27.1,31.8,23.8,4.52,11.0,0,0,0,0,0,0,0,0,0
2023-08-15,7.7,27.4,31.5,23.8,4.35,9.0,0,0,0,0,0,0,0,0,0
2023-08-16,0.8,27.9,32.2,24.6,4.25,10.5,0,0,0,0,0,0,0,0,0
2023-08-17,27.7,26.7,31.4,24.4,3.23,13.2,1,0,0,0,0,0,1,1,0
2023-08-18,47.4,25.5,30.5,23.8,2.45,13.5,1,0,0,0,0,0,1,1,0
2023-08-19,27.4,26.0,29.3,23.8,3.07,18.8,1,0,0,0,0,0,1,1,0
2023-08-20,7.4,26.4,29.8,24.3,3.7,12.1,0,0,0,0,0,0,0,0,0
2023-08-21,9.6,26.8,31.1,24.5,3.41,11.0,1,0,0,0,0,0,1,1,0
2023-08-22,5.4,27.3,31.3,24.2,3.9,8.1,0,0,0,0,0,0,0,0,0
2023-08-23,24.8,26.2,29.5,24.3,3.22,8.2,1,0,0,0,0,0,1,1,0
2023-08-24,9.4,26.1,29.9,24.1,2.93,14.1,1,0,0,0,0,0,1,1,0
2023-08-25,0.3,27.6,32.0,24.1,5.05,14.2,0,0,0,0,0,0,0,0,0
2023-08-26,0.9,27.8,32.2,24.4,5.0,11.1,0,0,0,0,0,0,0,0,0
2023-08-27,0.1,27.5,31.9,23.4,5.07,11.5,0,0,0,0,0,0,0,0,0
2023-08-28,0.1,26.7,31.2,22.3,4.96,12.0,0,0,0,0,0,0,0,0,0
2023-08-29,0.7,26.3,31.6,21.8,4.82,13.7,0,0,0,0,0,0,0,0,0
2023-08-30,0.6,26.8,31.0,23.1,4.59,15.7,0,0,0,0,0,0,0,0,0
2023-08-31,0.2,27.3,32.7,23.4,4.11,7.7,0,0,0,0,0,0,0,0,0
2023-09-01,0.7,28.1,33.0,24.1,4.38,11.1,0,0,0,0,0,0,0,0,0
2023-09-02,1.0,28.3,33.2,24.6,4.01,12.0,0,0,0,0,0,0,0,0,0
2023-09-03,2.5,27.7,33.3,24.6,3.98,11.3,0,0,0,0,0,0,0,0,0
2023-09-04,0.8,28.3,34.5,23.4,4.93,16.9,0,0,0,0,0,0,0,0,0
2023-09-05,9.2,27.0,31.7,23.9,3.87,16.7,1,0,0,0,0,0,1,1,0
2023-09-06,9.9,26.5,30.2,24.4,3.21,8.7,1,0,0,0,0,0,1,1,0
2023-09-07,17.8,25.8,28.4,23.9,2.52,8.5,1,0,0,0,0,0,1,1,0
2023-09-08,28.5,25.8,28.8,24.3,2.55,12.4,1,0,0,0,0,0,1,1,0
2023-09-09,8.4,26.0,29.3,24.3,2.6,11.9,1,0,0,0,0,0,1,1,0
2023-09-10,32.3,25.8,29.1,24.3,2.59,10.3,1,0,0,0,0,0,1,1,0
2023-09-11,11.1,26.3,30.6,24.1,3.05,9.0,1,0,0,0,0,0,1,1,0
2023-09-12,22.4,25.8,29.0,23.5,2.6,11.5,1,0,0,0,0,0,1,1,0
2023-09-13,23.1,25.9,31.1,23.3,3.4,10.5,1,0,0,0,0,0,1,1,0
2023-09-14,27.6,26.1,30.0,23.4,2.98,14.3,1,0,0,0,0,0,1,1,0
2023-09-15,47.6,24.8,25.9,23.9,1.39,36.7,1,0,0,0,0,1,2,1,0
2023-09-16,6.3,26.2,29.8,23.7,3.96,18.7,0,0,0,0,0,0,0,0,0
2023-09-17,0.8,26.5,30.9,23.0,4.41,12.8,0,0,0,0,0,0,0,0,0
2023-09-18,0.2,26.7,31.2,22.4,4.34,8.6,0,0,0,0,0,0,0,0,0
2023-09-19,14.6,27.1,32.5,23.5,4.49,10.4,1,0,0,0,0,0,1,1,0
2023-09-20,6.0,26.5,32.1,23.9,3.91,11.3,0,0,0,0,0,0,0,0,0
2023-09-21,14.7,25.7,30.1,23.7,2.35,9.7,1,0,0,0,0,0,1,1,0
2023-09-22,5.1,25.8,30.7,23.7,2.94,13.8,0,0,0,0,0,0,0,0,0
2023-09-23,16.1,25.1,28.3,23.0,2.19,12.5,1,0,0,0,0,0,1,1,0
2023-09-24,6.0,26.5,31.1,23.5,3.76,10.2,0,0,0,0,0,0,0,0,0
2023-09-25,0.2,27.0,32.5,23.1,3.71,12.8,0,0,0,0,0,0,0,0,0
2023-09-26,1.3,27.1,31.9,23.3,3.81,12.0,0,0,0,0,0,0,0,0,0
2023-09-27,4.0,26.5,30.4,23.3,3.11,14.2,0,0,0,0,0,0,0,0,0
2023-09-28,2.1,27.0,31.5,23.8,3.91,9.9,0,0,0,0,0,0,0,0,0
2023-09-29,10.9,26.1,31.1,23.7,3.13,10.3,1,0,0,0,0,0,1,1,0
2023-09-30,1.4,26.2,31.3,23.3,3.06,8.4,0,0,0,0,0,0,0,0,0
2023-10-01,0.1,27.5,32.4,23.3,4.22,13.3,0,0,0,0,0,0,0,0,0
2023-10-02,0.0,27.6,31.7,24.5,4.23,20.9,0,0,0,0,0,0,0,0,0
2023-10-03,0.6,27.6,32.4,23.2,5.34,23.1,0,0,0,0,0,1,1,1,0
2023-10-04,0.0,25.3,32.2,20.4,5.59,18.0,0,0,0,0,0,0,0,0,0
2023-10-05,0.0,24.8,32.1,18.6,5.17,14.2,0,0,0,0,0,0,0,0,0
2023-10-06,0.0,25.8,33.0,20.1,5.18,12.9,0,0,0,0,0,0,0,0,0
2023-10-07,0.0,26.1,33.0,19.5,5.23,14.5,0,0,0,0,0,0,0,0,0
2023-10-08,0.0,26.9,33.6,19.8,5.15,13.6,0,0,0,0,0,0,0,0,0
2023-10-09,0.0,27.7,34.3,21.4,5.17,12.8,0,0,0,0,0,0,0,0,0
2023-10-10,0.0,27.5,34.0,21.6,4.84,12.9,0,0,0,0,0,0,0,0,0
2023-10-11,0.0,26.9,34.5,19.6,4.86,9.7,0,0,0,0,0,0,0,0,0
2023-10-12,0.0,27.0,33.8,20.8,4.29,8.7,0,0,0,0,0,0,0,0,0
2023-10-13,0.0,26.6,33.3,21.1,4.39,11.4,0,0,0,0,0,0,0,0,0
2023-10-14,0.0,26.2,33.1,19.5,4.08,8.7,0,0,0,0,0,0,0,0,0
2023-10-15,0.0,26.2,32.7,20.9,3.99,9.0,0,0,0,0,0,0,0,0,0
2023-10-16,0.0,25.8,32.2,21.1,4.34,10.9,0,0,0,0,0,0,0,0,0
2023-10-17,0.3,25.7,32.5,20.7,4.2,12.6,0,0,0,0,0,0,0,0,0
2023-10-18,0.0,26.0,32.2,20.5,4.3,8.7,0,0,0,0,0,0,0,0,0
2023-10-19,0.0,25.5,31.6,20.9,3.88,6.4,0,0,0,0,0,0,0,0,0
2023-10-20,0.2,25.3,32.3,19.7,4.25,9.4,0,0,0,0,0,0,0,0,0
2023-10-21,0.0,24.8,33.3,17.0,5.14,13.5,0,0,0,0,0,0,0,0,0
2023-10-22,0.0,25.0,32.3,18.0,5.23,16.0,0,0,0,0,0,0,0,0,0
2023-10-23,0.0,24.4,31.3,18.1,5.34,14.2,0,0,0,0,0,0,0,0,0
2023-10-24,0.0,24.3,31.3,17.3,5.29,15.3,0,0,0,0,0,0,0,0,0
2023-10-25,0.0,23.9,31.4,16.7,5.25,17.0,0,0,0,0,0,0,0,0,0
2023-10-26,0.0,23.4,31.0,16.1,5.41,18.0,0,0,0,0,0,0,0,0,0
2023-10-27,0.0,23.2,31.2,16.2,4.95,15.5,0,0,0,0,0,0,0,0,0
2023-10-28,0.0,23.8,30.6,17.0,4.45,9.7,0,0,0,0,0,0,0,0,0
2023-10-29,0.0,23.6,30.6,16.6,4.46,11.8,0,0,0,0,0,0,0,0,0
2023-10-30,0.0,23.8,31.7,16.7,4.22,7.9,0,0,0,0,0,0,0,0,0
2023-10-31,0.0,24.6,32.3,16.9,4.48,12.8,0,0,0,0,0,0,0,0,0
2023-11-01,0.0,24.9,31.3,18.8,4.16,10.8,0,0,0,0,0,0,0,0,0
2023-11-02,1.0,23.8,29.9,19.4,3.07,9.2,0,0,0,0,0,0,0,0,0
2023-11-03,0.0,25.2,31.5,19.3,4.3,10.4,0,0,0,0,0,0,0,0,0
2023-11-04,0.0,24.9,32.1,18.9,4.89,11.8,0,0,0,0,0,0,0,0,0
2023-11-05,0.0,23.7,32.4,17.0,4.38,8.7,0,0,0,0,0,0,0,0,0
2023-11-06,0.0,23.3,32.1,16.4,4.32,8.4,0,0,0,0,0,0,0,0,0
2023-11-07,0.0,22.9,31.8,15.3,4.33,9.1,0,0,0,0,0,0,0,0,0
2023-11-08,0.0,22.9,31.0,15.6,4.33,12.8,0,0,0,0,0,0,0,0,0
2023-11-09,0.0,23.6,31.1,17.6,3.99,7.7,0,0,0,0,0,0,0,0,0
2023-11-10,0.0,24.1,30.8,18.0,3.88,8.7,0,0,0,0,0,0,0,0,0
2023-11-11,0.0,24.5,31.8,18.7,3.86,8.6,0,0,0,0,0,0,0,0,0
2023-11-12,0.0,23.7,30.7,18.5,4.41,12.4,0,0,0,0,0,0,0,0,0
2023-11-13,0.0,22.5,29.8,15.9,3.63,7.2,0,0,0,0,0,0,0,0,0
2023-11-14,0.0,22.7,28.9,18.2,3.72,10.1,0,0,0,0,0,0,0,0,0
2023-11-15,0.0,22.0,29.3,16.0,3.66,10.0,0,0,0,0,0,0,0,0,0
2023-11-16,0.0,22.0,29.3,16.1,3.66,8.1,0,0,0,0,0,0,0,0,0
2023-11-17,0.0,21.7,28.5,15.6,3.65,9.2,0,0,0,0,0,0,0,0,0
2023-11-18,0.0,21.9,29.2,15.7,3.48,8.3,0,0,0,0,0,0,0,0,0
2023-11-19,0.0,22.3,29.9,15.8,3.45,8.6,0,0,0,0,0,0,0,0,0
2023-11-20,0.0,23.5,30.3,17.4,3.64,9.2,0,0,0,0,0,0,0,0,0
2023-11-21,0.0,23.3,29.6,18.0,3.61,8.7,0,0,0,0,0,0,0,0,0
2023-11-22,0.0,22.1,28.9,16.4,3.28,8.0,0,0,0,0,0,0,0,0,0
2023-11-23,0.0,21.9,28.8,15.8,3.32,8.0,0,0,0,0,0,0,0,0,0
2023-11-24,0.0,22.1,29.1,16.5,3.3,7.3,0,0,0,0,0,0,0,0,0
2023-11-25,0.0,21.8,28.5,16.1,3.66,11.2,0,0,0,0,0,0,0,0,0
2023-11-26,0.0,21.6,28.5,15.3,3.44,12.2,0,0,0,0,0,0,0,0,0
2023-11-27,0.1,20.8,24.7,17.5,2.02,10.4,0,0,0,0,0,0,0,0,0
2023-11-28,5.2,19.5,24.1,16.1,1.92,12.5,0,0,0,0,0,0,0,0,0
2023-11-29,5.9,20.4,26.2,15.6,2.45,10.4,0,0,0,0,0,0,0,0,0
2023-11-30,9.7,23.0,28.3,19.2,2.78,8.2,1,0,0,0,0,0,1,1,0
2023-12-01,0.6,23.3,29.0,18.8,2.74,10.1,0,0,0,0,0,0,0,0,0
2023-12-02,0.0,23.4,30.4,19.5,3.25,15.5,0,0,0,0,0,0,0,0,0
2023-12-03,0.0,23.1,29.8,18.5,3.42,11.0,0,0,0,0,0,0,0,0,0
2023-12-04,0.3,23.4,29.6,18.2,3.18,10.6,0,0,0,0,0,0,0,0,0
2023-12-05,1.8,22.9,27.7,20.7,2.66,8.6,0,0,0,0,0,0,0,0,0
2023-12-06,11.7,21.3,25.0,19.8,1.74,12.3,1,0,0,0,0,0,1,1,0
2023-12-07,1.4,20.5,22.9,17.7,1.09,9.7,0,0,0,0,0,0,0,0,0
2023-12-08,0.4,20.0,25.1,16.7,2.49,10.5,0,0,0,0,0,0,0,0,0
2023-12-09,0.0,19.5,25.9,14.8,3.3,11.2,0,0,0,0,0,0,0,0,0
2023-12-10,0.0,18.5,25.3,13.2,3.25,8.3,0,0,0,0,0,0,0,0,0
2023-12-11,0.0,18.2,24.9,12.1,2.85,5.5,0,0,0,0,0,0,0,0,0
2023-12-12,0.0,18.8,25.4,13.1,2.84,8.6,0,0,0,0,0,0,0,0,0
2023-12-13,0.0,19.5,25.6,14.5,3.41,11.0,0,0,0,0,0,0,0,0,0
2023-12-14,0.0,18.4,25.3,12.3,3.11,9.0,0,0,0,0,0,0,0,0,0
2023-12-15,0.0,18.1,25.4,11.9,3.12,7.6,0,0,0,0,0,0,0,0,0
2023-12-16,0.0,17.7,25.2,11.3,3.32,10.2,0,0,0,0,0,0,0,0,0
2023-12-17,0.0,18.5,25.8,11.8,3.28,10.9,0,0,0,0,0,0,0,0,0
2023-12-18,0.0,18.2,24.4,14.0,3.61,11.9,0,0,0,0,0,0,0,0,0
2023-12-19,0.0,17.0,23.9,12.2,3.68,11.7,0,0,0,0,0,0,0,0,0
2023-12-20,0.0,17.1,24.9,11.0,3.57,11.2,0,0,0,0,0,0,0,0,0
2023-12-21,0.0,17.7,25.6,11.4,3.32,9.7,0,0,0,0,0,0,0,0,0
2023-12-22,0.0,18.3,26.7,12.1,3.44,10.4,0,0,0,0,0,0,0,0,0
2023-12-23,0.0,19.5,27.7,13.5,3.15,10.8,0,0,0,0,0,0,0,0,0
2023-12-24,0.0,19.0,28.6,12.0,3.17,9.6,0,0,0,0,0,0,0,0,0
2023-12-25,0.0,19.3,28.6,13.1,3.19,8.7,0,0,0,0,0,0,0,0,0
2023-12-26,0.0,19.0,28.5,11.3,3.26,8.7,0,0,0,0,0,0,0,0,0
2023-12-27,0.0,19.0,27.9,11.2,3.11,7.8,0,0,0,0,0,0,0,0,0
2023-12-28,0.0,19.8,27.7,13.6,3.18,9.4,0,0,0,0,0,0,0,0,0
2023-12-29,0.0,20.5,28.2,15.1,3.18,8.6,0,0,0,0,0,0,0,0,0
2023-12-30,0.0,20.5,27.9,15.5,3.4,9.2,0,0,0,0,0,0,0,0,0
2023-12-31,0.0,20.7,28.1,14.8,3.4,10.4,0,0,0,0,0,0,0,0,0
2024-01-01,0.0,20.7,28.0,14.6,3.12,6.6,0,0,0,0,0,0,0,0,0
2024-01-02,0.0,21.2,28.1,16.1,3.33,7.6,0,0,0,0,0,0,0,0,0
2024-01-03,0.0,20.9,27.9,14.0,3.34,9.3,0,0,0,0,0,0,0,0,0
2024-01-04,0.0,20.8,27.6,14.3,2.91,9.5,0,0,0,0,0,0,0,0,0
2024-01-05,0.2,20.7,27.6,14.8,3.35,13.6,0,0,0,0,0,0,0,0,0
2024-01-06,1.3,19.3,22.9,16.8,1.38,16.4,0,0,0,0,0,0,0,0,0
2024-01-07,0.0,21.1,27.7,15.6,3.26,14.1,0,0,0,0,0,0,0,0,0
2024-01-08,0.0,21.2,27.9,15.4,3.29,8.9,0,0,0,0,0,0,0,0,0
2024-01-09,0.0,22.2,29.5,14.7,3.62,9.0,0,0,0,0,0,0,0,0,0
2024-01-10,4.0,21.7,28.2,17.3,2.37,11.8,0,0,0,0,0,0,0,0,0
2024-01-11,0.0,21.6,28.1,16.4,3.47,11.5,0,0,0,0,0,0,0,0,0
2024-01-12,0.0,21.7,28.6,15.5,3.56,10.5,0,0,0,0,0,0,0,0,0
2024-01-13,0.0,22.4,29.7,15.6,4.01,14.4,0,0,0,0,0,0,0,0,0
2024-01-14,0.0,22.3,29.6,15.2,3.79,13.5,0,0,0,0,0,0,0,0,0
2024-01-15,0.0,21.3,27.9,16.1,3.96,14.1,0,0,0,0,0,0,0,0,0
2024-01-16,0.0,20.7,28.0,14.2,3.63,10.1,0,0,0,0,0,0,0,0,0
2024-01-17,1.8,20.6,26.8,15.2,2.91,11.3,0,0,0,0,0,0,0,0,0
2024-01-18,2.2,20.4,26.4,16.7,2.92,10.9,0,0,0,0,0,0,0,0,0
2024-01-19,0.2,19.3,26.0,14.9,3.26,10.5,0,0,0,0,0,0,0,0,0
2024-01-20,7.9,19.4,25.9,14.4,2.69,20.5,0,0,0,0,0,0,0,0,0
2024-01-21,1.3,19.3,25.5,15.0,3.36,13.6,0,0,0,0,0,0,0,0,0
2024-01-22,0.0,19.0,25.9,12.4,3.43,10.1,0,0,0,0,0,0,0,0,0
2024-01-23,2.2,19.3,25.5,15.5,2.72,16.6,0,0,0,0,0,0,0,0,0
2024-01-24,0.0,18.1,25.0,13.9,3.93,12.6,0,0,0,0,0,0,0,0,0
2024-01-25,0.0,16.4,24.4,10.1,3.68,10.4,0,0,0,0,0,0,0,0,0
2024-01-26,0.0,16.8,25.2,8.6,3.47,10.1,0,0,0,0,0,0,0,0,0
2024-01-27,0.0,17.3,26.5,10.1,3.87,9.7,0,0,0,0,0,0,0,0,0
2024-01-28,0.0,17.9,27.1,9.6,3.86,10.9,0,0,0,0,0,0,0,0,0
2024-01-29,0.0,20.1,28.1,13.1,3.97,11.9,0,0,0,0,0,0,0,0,0
2024-01-30,0.0,21.3,28.8,16.1,3.96,10.9,0,0,0,0,0,0,0,0,0
2024-01-31,0.1,20.7,27.2,13.4,3.18,10.1,0,0,0,0,0,0,0,0,0
2024-02-01,0.0,22.2,28.8,16.4,3.53,10.8,0,0,0,0,0,0,0,0,0
2024-02-02,0.0,22.1,28.5,15.6,4.4,13.5,0,0,0,0,0,0,0,0,0
2024-02-03,0.0,20.5,28.6,14.0,4.23,9.5,0,0,0,0,0,0,0,0,0
2024-02-04,0.0,21.3,29.9,13.3,4.25,10.5,0,0,0,0,0,0,0,0,0
2024-02-05,0.0,24.1,31.5,16.9,4.21,10.5,0,0,0,0,0,0,0,0,0
2024-02-06,0.0,24.3,32.2,18.3,4.73,17.5,0,0,0,0,0,0,0,0,0
2024-02-07,0.0,22.9,29.4,16.5,4.32,15.1,0,0,0,0,0,0,0,0,0
2024-02-08,0.0,20.8,27.0,15.9,5.1,15.2,0,0,0,0,0,0,0,0,0
2024-02-09,0.0,19.3,27.3,12.0,4.23,10.6,0,0,0,0,0,0,0,0,0
2024-02-10,2.7,20.1,28.3,13.6,3.86,15.8,0,0,0,0,0,0,0,0,0
2024-02-11,6.1,21.2,28.5,15.7,3.58,23.7,0,0,0,0,0,1,1,1,0
2024-02-12,0.3,22.2,29.0,16.3,3.84,15.1,0,0,0,0,0,0,0,0,0
2024-02-13,0.0,23.2,29.8,17.9,4.17,13.7,0,0,0,0,0,0,0,0,0
2024-02-14,0.0,22.8,30.9,17.6,4.12,10.0,0,0,0,0,0,0,0,0,0
2024-02-15,7.6,21.9,28.3,16.4,3.62,13.4,0,0,0,0,0,0,0,0,0
2024-02-16,0.0,23.7,30.6,16.6,4.3,10.1,0,0,0,0,0,0,0,0,0
2024-02-17,0.0,24.3,31.7,16.0,4.42,13.9,0,0,0,0,0,0,0,0,0
2024-02-18,0.0,24.0,31.8,16.0,4.01,11.9,0,0,0,0,0,0,0,0,0
2024-02-19,0.0,24.8,32.7,17.4,5.19,14.8,0,0,0,0,0,0,0,0,0
2024-02-20,0.0,25.0,33.3,18.8,4.59,10.3,0,0,0,0,0,0,0,0,0
2024-02-21,0.0,24.9,32.5,17.9,5.13,14.0,0,0,0,0,0,0,0,0,0
2024-02-22,0.0,23.9,30.6,18.4,5.53,14.9,0,0,0,0,0,0,0,0,0
2024-02-23,0.0,22.3,29.5,15.6,4.71,10.5,0,0,0,0,0,0,0,0,0
2024-02-24,0.0,23.3,30.5,15.0,5.15,17.2,0,0,0,0,0,0,0,0,0
2024-02-25,0.0,23.6,30.9,15.8,4.71,12.3,0,0,0,0,0,0,0,0,0
2024-02-26,4.8,23.3,29.0,18.3,3.75,20.5,0,0,0,0,0,0,0,0,0
2024-02-27,16.0,23.3,30.0,18.6,4.12,18.1,1,0,0,0,0,0,1,1,0
2024-02-28,0.0,23.1,30.0,16.7,4.38,10.5,0,0,0,0,0,0,0,0,0
2024-02-29,0.0,24.0,32.8,15.2,4.93,13.1,0,0,0,0,0,0,0,0,0
2024-03-01,0.0,25.0,34.4,16.4,5.63,14.8,0,0,0,0,0,0,0,0,0
2024-03-02,0.2,24.0,29.7,18.1,4.01,17.5,0,0,0,0,0,0,0,0,0
2024-03-03,0.3,25.5,32.1,20.0,4.9,13.9,0,0,0,0,0,0,0,0,0
2024-03-04,0.0,24.9,30.8,20.7,5.74,16.8,0,0,0,0,0,0,0,0,0
2024-03-05,0.0,24.4,32.7,16.8,5.82,16.9,0,0,0,0,0,0,0,0,0
2024-03-06,0.0,25.2,33.3,16.4,5.4,16.6,0,0,0,0,0,0,0,0,0
2024-03-07,0.0,25.7,33.5,18.8,6.25,15.1,0,0,0,0,0,0,0,0,0
2024-03-08,0.0,25.0,32.7,17.5,5.59,12.9,0,0,0,0,0,0,0,0,0
2024-03-09,0.0,25.1,33.9,16.3,5.8,11.8,0,0,0,0,0,0,0,0,0
2024-03-10,0.0,26.5,35.0,17.5,5.88,9.8,0,0,0,0,0,0,0,0,0
2024-03-11,0.0,27.8,36.3,19.3,6.12,12.3,0,0,0,0,0,0,0,0,0
2024-03-12,0.0,27.9,37.1,18.9,6.32,16.8,0,0,0,0,0,0,0,0,0
2024-03-13,0.0,28.7,36.8,19.4,7.13,18.9,0,0,0,0,0,0,0,0,0
2024-03-14,0.0,27.5,36.6,17.5,6.55,22.5,0,0,0,0,0,0,0,0,0
2024-03-15,0.0,28.2,35.7,19.4,6.98,16.3,0,0,0,0,0,0,0,0,0
2024-03-16,0.0,27.4,34.9,19.0,5.56,15.0,0,0,0,0,0,0,0,0,0
2024-03-17,0.0,27.1,34.2,20.3,5.41,16.5,0,0,0,0,0,0,0,0,0
2024-03-18,20.1,25.1,32.5,21.2,4.93,20.8,1,0,0,0,0,0,1,1,0
2024-03-19,16.8,22.4,28.6,19.1,3.68,22.2,1,0,0,0,0,0,1,1,0
2024-03-20,1.0,22.1,29.1,16.2,4.71,13.0,0,0,0,0,0,0,0,0,0
2024-03-21,0.0,23.8,31.9,15.8,5.41,9.4,0,0,0,0,0,0,0,0,0
2024-03-22,0.0,25.3,34.0,16.4,5.93,12.2,0,0,0,0,0,0,0,0,0
2024-03-23,0.0,27.2,36.1,17.5,5.93,11.6,0,0,0,0,0,0,0,0,0
2024-03-24,0.0,28.5,37.6,19.2,6.04,11.9,0,0,0,0,0,0,0,0,0
2024-03-25,0.0,29.1,37.3,21.3,5.97,17.5,0,0,0,0,0,0,0,0,0
2024-03-26,0.0,28.8,36.4,19.9,6.03,11.9,0,0,0,0,0,0,0,0,0
2024-03-27,0.0,29.5,37.7,20.7,6.3,11.2,0,0,0,0,0,0,0,0,0
2024-03-28,0.0,31.1,39.3,22.2,6.39,13.2,0,0,0,0,0,0,0,0,0
2024-03-29,0.0,32.1,39.8,23.7,6.23,15.5,0,0,0,0,0,0,0,0,0
2024-03-30,0.4,29.6,37.2,24.7,5.7,22.3,0,0,0,0,0,0,0,0,0
2024-03-31,0.4,29.2,37.5,23.2,5.76,20.1,0,0,0,0,0,0,0,0,0
2024-04-01,0.0,31.0,39.7,23.7,6.65,21.3,0,0,0,0,0,0,0,0,0
2024-04-02,0.0,31.8,39.6,24.2,7.97,15.8,0,0,0,0,0,0,0,0,0
2024-04-03,0.0,30.6,39.2,21.1,6.19,9.9,0,0,0,0,0,0,0,0,0
2024-04-04,0.0,31.9,40.2,23.7,6.71,11.9,0,0,0,0,0,0,0,0,0
2024-04-05,0.0,31.9,39.7,22.9,8.03,19.7,0,0,0,0,0,0,0,0,0
2024-04-06,0.0,32.2,38.7,25.1,7.6,13.1,0,0,0,0,0,0,0,0,0
2024-04-07,1.4,28.3,33.6,22.6,6.02,25.7,0,0,0,0,0,1,1,1,0
2024-04-08,8.9,26.1,33.9,21.4,5.01,15.6,1,0,0,0,0,0,1,1,0
2024-04-09,14.9,25.9,33.5,20.8,5.29,22.2,1,0,0,0,0,0,1,1,0
2024-04-10,13.9,25.7,33.2,20.3,4.83,18.4,1,0,0,0,0,0,1,1,0
2024-04-11,1.9,25.1,31.4,20.6,4.39,13.9,0,0,0,0,0,0,0,0,0
2024-04-12,1.8,25.6,31.9,20.9,4.31,10.3,0,0,0,0,0,0,0,0,0
2024-04-13,0.0,25.9,32.0,19.5,5.23,15.5,0,0,0,0,0,0,0,0,0
2024-04-14,0.0,27.6,34.6,21.8,5.56,10.4,0,0,0,0,0,0,0,0,0
2024-04-15,1.3,28.2,37.0,22.5,5.28,16.4,0,0,0,0,0,0,0,0,0
2024-04-16,0.0,30.6,37.6,23.3,6.0,12.2,0,0,0,0,0,0,0,0,0
2024-04-17,0.0,31.0,38.5,23.2,7.03,13.2,0,0,0,0,0,0,0,0,0
2024-04-18,0.0,30.3,39.1,22.0,7.01,13.2,0,0,0,0,0,0,0,0,0
2024-04-19,0.0,31.3,40.0,21.2,6.58,11.7,0,0,0,0,0,0,0,0,0
2024-04-20,0.0,32.4,39.5,25.9,7.41,20.3,0,0,0,0,0,0,0,0,0
2024-04-21,0.0,32.1,39.5,24.3,7.19,14.2,0,0,0,0,0,0,0,0,0
2024-04-22,0.0,30.0,36.1,25.5,5.85,24.2,0,0,0,0,0,1,1,1,0
2024-04-23,2.6,28.4,35.9,23.1,6.09,18.3,0,0,0,0,0,0,0,0,0
2024-04-24,0.0,29.2,37.7,21.7,6.01,21.6,0,0,0,0,0,0,0,0,0
2024-04-25,0.0,31.3,38.9,23.7,6.51,19.7,0,0,0,0,0,0,0,0,0
2024-04-26,0.2,31.6,39.5,24.6,6.82,16.3,0,0,0,0,0,0,0,0,0
2024-04-27,0.0,31.7,39.1,25.5,6.75,14.4,0,0,0,0,0,0,0,0,0
2024-04-28,2.6,30.8,37.6,25.2,5.75,11.5,0,0,0,0,0,0,0,0,0
2024-04-29,0.3,31.0,37.4,25.5,5.96,18.8,0,0,0,0,0,0,0,0,0
2024-04-30,0.0,32.8,40.9,24.7,7.51,21.3,0,0,0,0,0,0,0,0,0
2024-05-01,0.0,32.3,40.3,26.1,7.77,19.1,0,0,0,0,0,0,0,0,0
2024-05-02,0.0,30.5,38.2,24.1,7.88,13.4,0,0,0,0,0,0,0,0,0
2024-05-03,0.0,29.7,39.1,19.2,7.25,11.2,0,0,0,0,0,0,0,0,0
2024-05-04,0.0,30.8,39.9,20.8,6.77,9.9,0,0,0,0,0,0,0,0,0
2024-05-05,0.0,32.4,40.3,23.7,6.87,10.1,0,0,0,0,0,0,0,0,0
2024-05-06,0.0,33.3,39.5,27.3,7.04,19.4,0,0,0,0,0,0,0,0,0
2024-05-07,0.1,31.3,37.8,25.7,6.79,23.5,0,0,0,0,0,1,1,1,0
2024-05-08,4.9,30.0,37.2,23.1,6.29,14.5,0,0,0,0,0,0,0,0,0
2024-05-09,10.3,29.3,35.7,24.6,5.91,20.7,1,0,0,0,0,0,1,1,0
2024-05-10,1.6,29.9,38.4,25.3,6.04,15.3,0,0,0,0,0,0,0,0,0
2024-05-11,0.5,31.5,37.3,25.9,6.22,13.0,0,0,0,0,0,0,0,0,0
2024-05-12,0.1,30.4,38.0,25.3,5.48,20.6,0,0,0,0,0,0,0,0,0
2024-05-13,0.0,30.4,36.1,26.3,5.75,15.1,0,0,0,0,0,0,0,0,0
2024-05-14,0.0,31.8,38.0,24.3,6.32,13.8,0,0,0,0,0,0,0,0,0
2024-05-15,0.0,30.0,37.8,23.6,5.71,15.3,0,0,0,0,0,0,0,0,0
2024-05-16,12.2,28.9,36.4,23.6,4.64,21.1,1,0,0,0,0,0,1,1,0
2024-05-17,0.3,28.7,32.8,26.2,2.73,8.7,0,0,0,0,0,0,0,0,0
2024-05-18,0.0,30.9,37.3,24.1,6.25,15.8,0,0,0,0,0,0,0,0,0
2024-05-19,7.7,29.4,37.1,25.2,5.09,23.2,0,0,0,0,0,1,1,1,0
2024-05-20,0.1,31.3,38.6,25.6,5.73,13.7,0,0,0,0,0,0,0,0,0
2024-05-21,8.2,32.5,38.9,25.1,5.96,18.5,0,0,0,0,0,0,0,0,0
2024-05-22,0.0,33.3,40.1,27.7,6.3,12.9,0,0,0,0,0,0,0,0,0
2024-05-23,0.1,32.8,39.5,27.7,5.96,15.1,0,0,0,0,0,0,0,0,0
2024-05-24,0.0,33.3,40.5,24.7,7.2,14.7,0,0,0,0,0,0,0,0,0
2024-05-25,0.2,32.9,38.7,27.9,6.02,15.7,0,0,0,0,0,0,0,0,0
2024-05-26,0.0,35.3,43.6,27.9,7.35,23.7,0,0,1,0,0,1,2,1,0
2024-05-27,0.0,35.3,43.7,26.4,8.28,19.4,0,0,1,0,0,0,1,1,0
2024-05-28,0.0,36.4,44.2,28.3,7.17,14.8,0,1,1,0,0,0,2,1,0
2024-05-29,0.0,35.3,42.3,29.0,6.98,13.1,0,0,0,0,0,0,0,0,0
2024-05-30,0.0,35.4,42.5,28.0,7.29,12.6,0,0,0,0,0,0,0,0,0
2024-05-31,0.0,35.8,42.6,28.5,7.48,14.5,0,0,0,0,0,0,0,0,0
2024-06-01,0.0,36.0,42.7,30.0,7.9,14.3,0,0,0,0,0,0,0,0,0
2024-06-02,0.1,35.1,41.7,29.2,7.16,17.4,0,0,0,0,0,0,0,0,0
2024-06-03,0.8,32.6,37.4,28.1,6.55,17.4,0,0,0,0,0,0,0,0,0
2024-06-04,0.4,33.2,39.8,28.9,5.02,14.0,0,0,0,0,0,0,0,0,0
2024-06-05,0.1,32.9,39.7,27.9,6.58,12.7,0,0,0,0,0,0,0,0,0
2024-06-06,0.0,34.0,40.1,28.5,6.56,10.2,0,0,0,0,0,0,0,0,0
2024-06-07,0.0,33.6,39.6,28.7,6.39,11.4,0,0,0,0,0,0,0,0,0
2024-06-08,8.8,32.4,38.1,26.7,6.36,12.4,1,0,0,0,0,0,1,1,0
2024-06-09,2.9,31.2,36.5,25.9,5.1,9.2,0,0,0,0,0,0,0,0,0
2024-06-10,14.9,31.4,38.3,24.7,6.06,23.7,1,0,0,0,0,1,2,1,0
2024-06-11,0.4,32.6,40.3,26.9,6.54,23.2,0,0,0,0,0,1,1,1,0
2024-06-12,0.0,31.4,39.9,27.0,6.09,16.1,0,0,0,0,0,0,0,0,0
2024-06-13,5.6,31.3,37.5,27.1,5.03,21.2,0,0,0,0,0,0,0,0,0
2024-06-14,0.1,32.6,38.5,26.7,6.19,12.4,0,0,0,0,0,0,0,0,0
2024-06-15,0.0,32.3,39.1,27.0,6.01,14.5,0,0,0,0,0,0,0,0,0
2024-06-16,4.7,30.5,36.3,25.7,4.88,9.4,0,0,0,0,0,0,0,0,0
2024-06-17,0.1,31.5,36.8,27.7,5.22,10.1,0,0,0,0,0,0,0,0,0
2024-06-18,14.7,30.1,37.4,27.0,4.81,11.4,1,0,0,0,0,0,1,1,0
2024-06-19,34.4,28.5,32.8,25.8,3.61,10.8,1,0,0,0,0,0,1,1,0
2024-06-20,16.9,27.5,33.3,24.8,3.42,10.5,1,0,0,0,0,0,1,1,0
2024-06-21,14.4,27.1,31.4,24.8,2.94,11.2,1,0,0,0,0,0,1,1,0
2024-06-22,22.7,26.5,30.7,24.4,2.66,9.4,1,0,0,0,0,0,1,1,0
2024-06-23,18.4,27.4,31.1,23.6,4.23,10.2,1,0,0,0,0,0,1,1,0
2024-06-24,8.2,27.7,31.4,24.6,4.02,11.1,0,0,0,0,0,0,0,0,0
2024-06-25,3.0,29.2,34.1,24.4,5.14,9.7,0,0,0,0,0,0,0,0,0
2024-06-26,0.0,30.0,33.7,26.4,4.86,12.2,0,0,0,0,0,0,0,0,0
2024-06-27,21.3,28.0,31.1,25.0,4.05,11.9,1,0,0,0,0,0,1,1,0
2024-06-28,7.0,27.5,32.0,25.2,3.4,15.6,0,0,0,0,0,0,0,0,0
2024-06-29,12.4,26.9,30.7,25.2,2.82,13.7,1,0,0,0,0,0,1,1,0
2024-06-30,13.4,26.5,28.4,24.5,2.23,12.3,1,0,0,0,0,0,1,1,0
2024-07-01,24.3,26.1,29.5,24.4,2.57,15.5,1,0,0,0,0,0,1,1,0
2024-07-02,12.6,25.8,27.7,24.4,2.14,17.1,1,0,0,0,0,0,1,1,0
2024-07-03,3.2,26.8,31.1,24.6,3.1,14.8,0,0,0,0,0,0,0,0,0
2024-07-04,15.0,26.1,29.3,24.4,2.39,13.1,1,0,0,0,0,0,1,1,0
2024-07-05,5.2,26.7,30.2,24.3,3.2,14.8,0,0,0,0,0,0,0,0,0
2024-07-06,3.4,27.3,31.8,24.4,3.72,13.5,0,0,0,0,0,0,0,0,0
2024-07-07,5.2,26.5,30.1,24.8,2.75,11.2,0,0,0,0,0,0,0,0,0
2024-07-08,13.3,27.0,31.1,24.5,3.8,10.1,1,0,0,0,0,0,1,1,0
2024-07-09,10.4,27.2,31.5,24.3,3.71,11.2,1,0,0,0,0,0,1,1,0
2024-07-10,6.7,27.1,30.6,24.6,3.57,9.7,0,0,0,0,0,0,0,0,0
2024-07-11,10.7,26.8,30.7,24.3,3.04,17.8,1,0,0,0,0,0,1,1,0
2024-07-12,7.1,27.0,31.0,24.2,2.74,11.3,0,0,0,0,0,0,0,0,0
2024-07-13,38.5,26.3,29.6,23.7,2.76,10.7,1,0,0,0,0,0,1,1,0
2024-07-14,32.9,26.6,30.4,24.6,3.02,12.1,1,0,0,0,0,0,1,1,0
2024-07-15,12.6,27.4,32.0,24.3,3.96,7.4,1,0,0,0,0,0,1,1,0
2024-07-16,14.9,27.5,30.5,25.5,3.68,9.2,1,0,0,0,0,0,1,1,0
2024-07-17,10.2,27.3,31.3,24.6,4.0,9.5,1,0,0,0,0,0,1,1,0
2024-07-18,12.2,27.2,32.0,24.7,3.61,11.5,1,0,0,0,0,0,1,1,0
2024-07-19,22.1,27.7,31.3,24.2,3.94,14.6,1,0,0,0,0,0,1,1,0
2024-07-20,45.3,27.4,31.4,24.6,3.36,16.0,1,0,0,0,0,0,1,1,0
2024-07-21,31.8,27.2,31.0,25.0,3.46,13.3,1,0,0,0,0,0,1,1,0
2024-07-22,61.6,26.7,30.4,25.0,2.77,15.5,1,0,0,0,0,0,1,1,0
2024-07-23,44.1,26.0,28.5,24.9,1.79,16.9,1,0,0,0,0,0,1,1,0
2024-07-24,30.4,25.4,26.9,24.5,1.43,15.0,1,0,0,0,0,0,1,1,0
2024-07-25,40.3,26.0,29.2,23.9,2.76,12.8,1,0,0,0,0,0,1,1,0
2024-07-26,28.9,26.0,29.9,24.2,2.23,11.9,1,0,0,0,0,0,1,1,0
2024-07-27,50.3,26.2,30.2,24.4,2.18,19.1,1,0,0,0,0,0,1,1,0
2024-07-28,26.6,26.2,29.9,24.7,2.67,15.2,1,0,0,0,0,0,1,1,0
2024-07-29,7.2,25.8,29.0,23.4,2.42,14.9,0,0,0,0,0,0,0,0,0
2024-07-30,11.3,26.9,32.1,23.8,4.17,14.7,1,0,0,0,0,0,1,1,0
2024-07-31,35.8,26.3,29.3,24.7,2.28,8.9,1,0,0,0,0,0,1,1,0
2024-08-01,33.7,25.3,27.6,24.2,1.58,12.8,1,0,0,0,0,0,1,1,0
2024-08-02,35.5,24.8,25.7,24.1,1.12,15.1,1,0,0,0,0,0,1,1,0
2024-08-03,27.1,24.8,26.4,24.1,1.39,18.9,1,0,0,0,0,0,1,1,0
2024-08-04,15.7,24.8,26.8,23.8,1.83,21.8,1,0,0,0,0,0,1,1,0
2024-08-05,6.1,26.2,30.9,23.7,3.5,11.8,0,0,0,0,0,0,0,0,0
2024-08-06,7.0,26.5,30.5,24.3,3.42,10.8,0,0,0,0,0,0,0,0,0
2024-08-07,19.1,25.1,27.4,24.0,1.68,7.6,1,0,0,0,0,0,1,1,0
2024-08-08,22.0,25.5,28.9,23.9,1.95,10.8,1,0,0,0,0,0,1,1,0
2024-08-09,3.2,25.8,28.7,23.9,2.63,8.2,0,0,0,0,0,0,0,0,0
2024-08-10,5.9,26.3,30.7,22.9,4.07,11.0,0,0,0,0,0,0,0,0,0
2024-08-11,8.9,26.1,30.1,23.6,3.69,16.3,1,0,0,0,0,0,1,1,0
2024-08-12,0.5,26.7,31.1,23.8,3.93,11.2,0,0,0,0,0,0,0,0,0
2024-08-13,0.2,27.4,31.8,23.5,4.37,8.1,0,0,0,0,0,0,0,0,0
2024-08-14,30.4,26.6,28.9,24.9,2.42,11.0,1,0,0,0,0,0,1,1,0
2024-08-15,23.4,26.0,29.3,24.6,2.32,12.2,1,0,0,0,0,0,1,1,0
2024-08-16,19.4,25.6,27.5,24.3,1.85,8.7,1,0,0,0,0,0,1,1,0
2024-08-17,4.1,26.3,30.5,23.1,3.33,8.2,0,0,0,0,0,0,0,0,0
2024-08-18,3.5,26.7,30.4,23.5,3.34,6.5,0,0,0,0,0,0,0,0,0
2024-08-19,13.5,26.2,29.5,23.3,2.99,10.1,1,0,0,0,0,0,1,1,0
2024-08-20,5.3,26.5,29.7,23.9,2.85,11.0,0,0,0,0,0,0,0,0,0
2024-08-21,5.0,26.9,29.7,24.4,2.94,8.8,0,0,0,0,0,0,0,0,0
2024-08-22,35.7,26.0,30.0,23.9,2.36,10.8,1,0,0,0,0,0,1,1,0
2024-08-23,23.9,25.6,29.4,23.5,2.95,9.7,1,0,0,0,0,0,1,1,0
2024-08-24,40.1,24.8,26.7,23.7,1.54,16.5,1,0,0,0,0,0,1,1,0
2024-08-25,35.1,23.9,25.0,23.3,1.17,19.4,1,0,0,0,0,0,1,1,0
2024-08-26,4.3,25.2,29.0,23.1,2.57,15.2,0,0,0,0,0,0,0,0,0
2024-08-27,0.8,26.5,30.4,23.8,3.62,12.4,0,0,0,0,0,0,0,0,0
2024-08-28,1.8,26.7,31.1,23.2,4.08,9.7,0,0,0,0,0,0,0,0,0
2024-08-29,3.8,26.0,28.7,23.5,2.62,10.6,0,0,0,0,0,0,0,0,0
2024-08-30,26.5,26.0,29.9,23.1,3.36,10.2,1,0,0,0,0,0,1,1,0
2024-08-31,23.8,27.0,32.1,24.1,4.09,14.4,1,0,0,0,0,0,1,1,0
2024-09-01,9.5,28.3,33.0,24.1,4.89,15.7,1,0,0,0,0,0,1,1,0
2024-09-02,2.8,27.6,31.3,25.4,3.82,13.4,0,0,0,0,0,0,0,0,0
2024-09-03,0.8,27.7,31.8,24.8,4.58,14.0,0,0,0,0,0,0,0,0,0
2024-09-04,13.9,26.8,30.8,23.8,3.36,8.4,1,0,0,0,0,0,1,1,0
2024-09-05,14.8,25.7,28.8,23.8,2.32,9.7,1,0,0,0,0,0,1,1,0
2024-09-06,13.6,26.3,29.6,24.1,3.21,8.7,1,0,0,0,0,0,1,1,0
2024-09-07,2.2,26.6,31.5,23.4,3.62,12.8,0,0,0,0,0,0,0,0,0
2024-09-08,5.4,26.6,30.0,23.7,2.98,13.9,0,0,0,0,0,0,0,0,0
2024-09-09,18.9,26.9,31.1,24.5,3.34,16.6,1,0,0,0,0,0,1,1,0
2024-09-10,140.1,24.7,25.4,24.1,0.69,21.2,1,0,0,0,0,0,1,1,1
2024-09-11,6.6,26.2,29.7,24.4,3.29,22.6,0,0,0,0,0,0,0,0,0
2024-09-12,4.6,26.3,30.5,23.7,3.59,14.6,0,0,0,0,0,0,0,0,0
2024-09-13,4.3,26.1,30.8,23.2,3.92,10.8,0,0,0,0,0,0,0,0,0
2024-09-14,0.1,26.2,30.0,22.8,3.57,13.9,0,0,0,0,0,0,0,0,0
2024-09-15,0.1,26.1,30.0,22.2,4.24,13.4,0,0,0,0,0,0,0,0,0
2024-09-16,5.5,25.3,27.8,22.8,2.34,19.4,0,0,0,0,0,0,0,0,0
2024-09-17,4.5,26.1,29.7,24.0,3.5,23.8,0,0,0,0,0,1,1,1,0
2024-09-18,1.9,25.6,29.9,23.1,3.43,10.5,0,0,0,0,0,0,0,0,0
2024-09-19,0.3,26.5,31.5,21.7,4.49,6.2,0,0,0,0,0,0,0,0,0
2024-09-20,5.0,27.0,31.9,23.3,4.34,11.2,0,0,0,0,0,0,0,0,0
2024-09-21,4.1,27.1,31.7,23.9,3.96,9.4,0,0,0,0,0,0,0,0,0
2024-09-22,8.5,27.2,32.4,23.8,3.64,10.2,1,0,0,0,0,0,1,1,0
2024-09-23,10.9,26.6,29.6,23.9,3.0,9.2,1,0,0,0,0,0,1,1,0
2024-09-24,4.0,26.0,28.5,24.3,2.03,7.6,0,0,0,0,0,0,0,0,0
2024-09-25,13.6,25.8,29.0,24.1,2.24,8.8,1,0,0,0,0,0,1,1,0
2024-09-26,21.3,25.6,28.8,23.8,2.18,10.6,1,0,0,0,0,0,1,1,0
2024-09-27,36.9,25.0,27.5,24.0,1.55,17.4,1,0,0,0,0,0,1,1,0
2024-09-28,0.7,26.5,30.2,23.5,3.87,17.7,0,0,0,0,0,0,0,0,0
2024-09-29,2.0,26.9,31.1,23.8,3.92,12.4,0,0,0,0,0,0,0,0,0
2024-09-30,1.0,27.0,31.2,23.2,3.54,11.4,0,0,0,0,0,0,0,0,0
2024-10-01,0.3,27.6,31.8,23.4,4.16,8.2,0,0,0,0,0,0,0,0,0
2024-10-02,0.0,28.0,33.4,23.5,4.73,12.3,0,0,0,0,0,0,0,0,0
2024-10-03,0.0,28.0,33.6,23.9,4.91,13.7,0,0,0,0,0,0,0,0,0
2024-10-04,0.0,27.4,33.4,22.9,4.58,8.5,0,0,0,0,0,0,0,0,0
2024-10-05,0.0,26.6,33.1,21.4,4.88,11.0,0,0,0,0,0,0,0,0,0
2024-10-06,0.0,27.1,33.7,21.6,4.77,9.5,0,0,0,0,0,0,0,0,0
2024-10-07,0.0,26.5,32.0,21.5,4.33,8.2,0,0,0,0,0,0,0,0,0
2024-10-08,1.3,26.0,31.1,22.6,3.37,8.7,0,0,0,0,0,0,0,0,0
2024-10-09,5.1,25.8,30.5,22.7,3.6,11.6,0,0,0,0,0,0,0,0,0
2024-10-10,0.1,26.2,31.0,21.8,3.82,9.3,0,0,0,0,0,0,0,0,0
2024-10-11,1.0,25.9,30.8,22.2,3.41,15.5,0,0,0,0,0,0,0,0,0
2024-10-12,1.3,25.2,28.4,22.6,2.21,10.8,0,0,0,0,0,0,0,0,0
2024-10-13,4.5,26.1,31.6,22.8,3.56,12.9,0,0,0,0,0,0,0,0,0
2024-10-14,0.2,26.6,31.8,22.3,3.95,8.7,0,0,0,0,0,0,0,0,0
2024-10-15,0.0,26.9,31.9,22.2,4.06,6.8,0,0,0,0,0,0,0,0,0
2024-10-16,0.5,26.6,31.2,22.6,3.42,6.2,0,0,0,0,0,0,0,0,0
2024-10-17,3.0,26.7,31.5,22.8,3.58,9.3,0,0,0,0,0,0,0,0,0
2024-10-18,2.7,26.9,31.3,22.8,3.54,6.6,0,0,0,0,0,0,0,0,0
2024-10-19,9.7,26.4,31.0,22.5,3.5,11.8,1,0,0,0,0,0,1,1,0
2024-10-20,3.4,25.7,31.0,22.7,3.22,13.1,0,0,0,0,0,0,0,0,0
2024-10-21,3.1,25.6,30.8,22.3,3.73,12.6,0,0,0,0,0,0,0,0,0
2024-10-22,0.0,25.7,32.5,20.0,4.13,8.4,0,0,0,0,0,0,0,0,0
2024-10-23,0.0,25.0,32.4,20.5,4.98,13.9,0,0,0,0,0,0,0,0,0
2024-10-24,0.0,24.6,31.0,18.5,4.82,15.3,0,0,0,0,0,0,0,0,0
2024-10-25,0.0,25.9,32.1,21.6,4.71,18.1,0,0,0,0,0,0,0,0,0
2024-10-26,0.0,25.6,32.9,19.9,4.72,15.8,0,0,0,0,0,0,0,0,0
2024-10-27,0.0,25.5,31.0,20.2,3.75,10.8,0,0,0,0,0,0,0,0,0
2024-10-28,1.3,25.6,30.8,21.6,3.29,7.5,0,0,0,0,0,0,0,0,0
2024-10-29,0.0,26.1,31.3,21.8,3.36,5.2,0,0,0,0,0,0,0,0,0
2024-10-30,0.0,26.9,32.6,21.6,3.97,7.8,0,0,0,0,0,0,0,0,0
2024-10-31,0.0,26.2,34.0,20.9,3.91,7.7,0,0,0,0,0,0,0,0,0
2024-11-01,0.0,25.7,32.7,20.6,4.13,9.9,0,0,0,0,0,0,0,0,0
2024-11-02,0.0,25.4,32.2,18.6,3.95,6.9,0,0,0,0,0,0,0,0,0
2024-11-03,0.0,25.4,31.1,20.7,3.83,9.4,0,0,0,0,0,0,0,0,0
2024-11-04,0.0,24.2,30.4,17.7,3.79,10.5,0,0,0,0,0,0,0,0,0
2024-11-05,0.0,24.1,30.5,17.8,4.27,11.4,0,0,0,0,0,0,0,0,0
2024-11-06,0.0,23.5,30.3,17.5,3.81,11.6,0,0,0,0,0,0,0,0,0
2024-11-07,0.0,23.4,29.3,17.8,3.49,5.9,0,0,0,0,0,0,0,0,0
2024-11-08,0.0,23.1,29.0,17.8,3.39,6.7,0,0,0,0,0,0,0,0,0
2024-11-09,0.0,23.7,29.3,18.5,3.29,7.2,0,0,0,0,0,0,0,0,0
2024-11-10,0.0,24.1,30.0,19.6,3.22,7.7,0,0,0,0,0,0,0,0,0
2024-11-11,0.0,23.6,30.2,17.7,3.5,7.3,0,0,0,0,0,0,0,0,0
2024-11-12,0.0,23.0,30.1,17.1,3.69,7.2,0,0,0,0,0,0,0,0,0
2024-11-13,0.0,23.3,30.5,17.1,3.85,10.5,0,0,0,0,0,0,0,0,0
2024-11-14,0.0,22.8,30.3,16.2,3.89,9.1,0,0,0,0,0,0,0,0,0
2024-11-15,0.0,22.3,29.1,16.2,4.12,11.0,0,0,0,0,0,0,0,0,0
2024-11-16,0.0,21.3,29.1,14.5,3.71,6.7,0,0,0,0,0,0,0,0,0
2024-11-17,0.0,21.6,29.6,14.9,3.77,7.8,0,0,0,0,0,0,0,0,0
2024-11-18,0.0,21.4,29.3,15.2,3.68,6.3,0,0,0,0,0,0,0,0,0
2024-11-19,0.0,21.3,28.2,15.4,3.86,11.8,0,0,0,0,0,0,0,0,0
2024-11-20,0.0,20.9,27.2,14.6,3.44,8.5,0,0,0,0,0,0,0,0,0
2024-11-21,0.0,20.6,27.4,14.8,3.76,10.8,0,0,0,0,0,0,0,0,0
2024-11-22,0.0,20.0,26.9,13.2,4.0,11.4,0,0,0,0,0,0,0,0,0
2024-11-23,0.0,19.4,27.1,12.9,3.86,10.4,0,0,0,0,0,0,0,0,0
2024-11-24,0.0,19.3,27.2,13.2,3.49,11.8,0,0,0,0,0,0,0,0,0
2024-11-25,0.0,20.3,28.4,13.2,3.54,10.5,0,0,0,0,0,0,0,0,0
2024-11-26,0.0,19.8,28.5,13.1,3.72,9.6,0,0,0,0,0,0,0,0,0
2024-11-27,0.0,19.6,27.5,12.8,4.03,10.0,0,0,0,0,0,0,0,0,0
2024-11-28,0.0,19.5,27.2,13.8,3.61,9.8,0,0,0,0,0,0,0,0,0
2024-11-29,0.0,19.4,27.8,12.7,3.42,11.1,0,0,0,0,0,0,0,0,0
2024-11-30,0.0,20.8,28.6,13.8,3.63,11.8,0,0,0,0,0,0,0,0,0
2024-12-01,0.0,22.3,29.4,16.6,2.94,12.4,0,0,0,0,0,0,0,0,0
2024-12-02,0.3,23.0,28.5,17.9,2.68,8.3,0,0,0,0,0,0,0,0,0
2024-12-03,1.6,24.1,28.9,19.7,2.82,8.8,0,0,0,0,0,0,0,0,0
2024-12-04,0.2,23.9,29.7,19.4,3.01,9.6,0,0,0,0,0,0,0,0,0
2024-12-05,0.0,23.7,30.0,18.0,3.4,10.0,0,0,0,0,0,0,0,0,0
2024-12-06,0.0,23.3,29.5,17.9,3.68,12.9,0,0,0,0,0,0,0,0,0
2024-12-07,0.0,23.1,29.2,17.3,3.18,9.9,0,0,0,0,0,0,0,0,0
2024-12-08,0.3,23.4,29.1,18.3,3.16,11.0,0,0,0,0,0,0,0,0,0
2024-12-09,0.1,22.4,27.5,18.0,4.32,18.0,0,0,0,0,0,0,0,0,0
2024-12-10,0.0,18.9,25.0,14.3,4.24,16.9,0,0,0,0,0,0,0,0,0
2024-12-11,0.0,17.2,24.4,10.5,3.5,10.1,0,0,0,0,0,0,0,0,0
2024-12-12,0.0,17.3,25.2,10.2,3.34,10.5,0,0,0,0,0,0,0,0,0
2024-12-13,0.0,17.5,25.0,11.8,4.18,14.7,0,0,0,0,0,0,0,0,0
2024-12-14,0.0,17.4,24.8,11.9,4.26,14.8,0,0,0,0,0,0,0,0,0
2024-12-15,0.0,16.7,25.8,8.2,3.85,12.9,0,0,0,0,0,0,0,0,0
2024-12-16,0.0,16.4,25.3,8.4,3.43,10.4,0,0,0,0,0,0,0,0,0
2024-12-17,0.0,17.2,26.1,9.9,3.1,10.4,0,0,0,0,0,0,0,0,0
2024-12-18,0.0,17.2,26.1,9.5,3.12,10.3,0,0,0,0,0,0,0,0,0
2024-12-19,0.0,18.8,27.6,10.4,3.28,9.5,0,0,0,0,0,0,0,0,0
2024-12-20,0.1,21.9,28.1,16.4,2.91,9.2,0,0,0,0,0,0,0,0,0
2024-12-21,1.3,21.5,28.5,17.1,3.85,13.5,0,0,0,0,0,0,0,0,0
2024-12-22,0.0,19.7,26.8,13.4,3.32,9.6,0,0,0,0,0,0,0,0,0
2024-12-23,0.0,21.0,28.3,14.2,3.21,10.4,0,0,0,0,0,0,0,0,0
2024-12-24,0.0,21.6,27.6,14.9,3.44,12.3,0,0,0,0,0,0,0,0,0
2024-12-25,0.0,21.8,26.9,17.0,2.82,9.6,0,0,0,0,0,0,0,0,0
2024-12-26,0.0,21.0,27.9,15.1,3.09,6.8,0,0,0,0,0,0,0,0,0
2024-12-27,0.0,22.3,28.2,16.6,3.35,13.8,0,0,0,0,0,0,0,0,0
2024-12-28,0.7,22.2,27.9,17.9,2.82,14.5,0,0,0,0,0,0,0,0,0
2024-12-29,0.1,20.9,26.1,16.6,2.85,10.5,0,0,0,0,0,0,0,0,0
2024-12-30,0.0,21.0,26.6,16.2,3.31,11.9,0,0,0,0,0,0,0,0,0
2024-12-31,0.0,19.8,26.3,14.2,3.59,14.2,0,0,0,0,0,0,0,0,0
2025-01-01,0.0,17.6,25.2,11.9,3.68,13.6,0,0,0,0,0,0,0,0,0
2025-01-02,0.0,17.8,26.4,10.7,4.2,14.4,0,0,0,0,0,0,0,0,0
2025-01-03,0.0,18.2,27.3,10.3,4.08,13.9,0,0,0,0,0,0,0,0,0
2025-01-04,0.0,18.5,27.6,11.8,3.95,11.9,0,0,0,0,0,0,0,0,0
2025-01-05,0.0,17.6,25.9,8.8,3.27,9.5,0,0,0,0,0,0,0,0,0
2025-01-06,0.0,19.3,26.2,13.4,2.95,9.1,0,0,0,0,0,0,0,0,0
2025-01-07,0.0,18.3,25.6,13.8,3.97,16.8,0,0,0,0,0,0,0,0,0
2025-01-08,0.0,15.8,23.5,9.1,3.43,10.3,0,0,0,0,0,0,0,0,0
2025-01-09,0.0,16.2,25.4,8.4,3.29,11.2,0,0,0,0,0,0,0,0,0
2025-01-10,0.0,17.6,26.2,10.4,3.29,9.4,0,0,0,0,0,0,0,0,0
2025-01-11,0.0,18.6,26.9,10.8,3.49,9.1,0,0,0,0,0,0,0,0,0
2025-01-12,0.0,20.0,26.7,13.8,3.25,15.0,0,0,0,0,0,0,0,0,0
2025-01-13,0.5,19.8,25.6,15.9,3.38,13.0,0,0,0,0,0,0,0,0,0
2025-01-14,0.0,18.9,26.7,12.6,3.3,12.1,0,0,0,0,0,0,0,0,0
2025-01-15,0.0,20.0,27.4,12.9,3.44,11.6,0,0,0,0,0,0,0,0,0
2025-01-16,0.0,19.9,24.6,15.3,2.14,9.9,0,0,0,0,0,0,0,0,0
2025-01-17,0.0,20.1,26.3,15.3,3.35,13.2,0,0,0,0,0,0,0,0,0
2025-01-18,0.0,18.9,27.4,12.0,4.03,13.7,0,0,0,0,0,0,0,0,0
2025-01-19,0.0,18.7,27.6,11.5,4.28,13.5,0,0,0,0,0,0,0,0,0
2025-01-20,0.0,19.4,28.6,11.4,4.2,13.0,0,0,0,0,0,0,0,0,0
2025-01-21,0.0,19.9,29.1,12.8,3.8,10.8,0,0,0,0,0,0,0,0,0
2025-01-22,0.0,20.0,29.3,11.7,3.78,10.3,0,0,0,0,0,0,0,0,0
2025-01-23,0.0,21.9,29.4,13.6,3.74,9.2,0,0,0,0,0,0,0,0,0
2025-01-24,0.0,22.4,29.3,16.2,3.99,15.5,0,0,0,0,0,0,0,0,0
2025-01-25,0.0,21.8,28.9,15.3,3.89,13.9,0,0,0,0,0,0,0,0,0
2025-01-26,0.0,21.0,28.5,14.2,4.44,12.8,0,0,0,0,0,0,0,0,0
2025-01-27,0.0,19.9,28.1,13.3,4.49,12.0,0,0,0,0,0,0,0,0,0
2025-01-28,0.0,20.8,29.4,12.5,4.31,12.5,0,0,0,0,0,0,0,0,0
2025-01-29,0.0,22.3,30.3,14.2,3.98,10.9,0,0,0,0,0,0,0,0,0
2025-01-30,0.0,24.5,31.6,18.5,4.26,15.7,0,0,0,0,0,0,0,0,0
2025-01-31,0.0,23.9,30.8,17.1,3.89,7.9,0,0,0,0,0,0,0,0,0
2025-02-01,0.0,25.0,32.0,18.5,4.46,14.5,0,0,0,0,0,0,0,0,0
2025-02-02,0.0,24.9,31.7,18.6,4.44,11.8,0,0,0,0,0,0,0,0,0
2025-02-03,0.0,25.2,32.9,17.7,4.17,11.1,0,0,0,0,0,0,0,0,0
2025-02-04,0.0,25.3,33.2,17.8,4.26,8.0,0,0,0,0,0,0,0,0,0
2025-02-05,0.0,26.1,32.6,19.9,4.87,15.3,0,0,0,0,0,0,0,0,0
2025-02-06,0.0,23.7,30.2,19.2,5.76,17.8,0,0,0,0,0,0,0,0,0
2025-02-07,0.0,22.3,29.4,16.9,5.78,17.5,0,0,0,0,0,0,0,0,0
2025-02-08,0.0,23.0,30.8,16.6,5.62,15.9,0,0,0,0,0,0,0,0,0
2025-02-09,0.0,22.2,31.5,13.8,4.58,9.8,0,0,0,0,0,0,0,0,0
2025-02-10,0.0,24.1,33.3,15.9,4.64,16.8,0,0,0,0,0,0,0,0,0
2025-02-11,0.0,25.6,33.3,18.8,5.01,15.7,0,0,0,0,0,0,0,0,0
2025-02-12,0.0,24.7,32.7,17.8,5.31,13.4,0,0,0,0,0,0,0,0,0
2025-02-13,0.0,23.2,29.9,18.1,6.16,16.2,0,0,0,0,0,0,0,0,0
2025-02-14,0.0,22.5,30.6,14.8,5.8,13.4,0,0,0,0,0,0,0,0,0
2025-02-15,0.0,22.9,32.1,13.8,4.26,7.9,0,0,0,0,0,0,0,0,0
2025-02-16,0.0,25.4,34.0,18.1,5.19,17.1,0,0,0,0,0,0,0,0,0
2025-02-17,0.0,25.5,33.2,16.6,5.13,12.9,0,0,0,0,0,0,0,0,0
2025-02-18,0.0,25.6,33.2,18.0,4.7,10.9,0,0,0,0,0,0,0,0,0
2025-02-19,0.0,25.8,32.9,18.5,4.93,11.6,0,0,0,0,0,0,0,0,0
2025-02-20,0.0,26.0,33.2,18.2,5.38,13.5,0,0,0,0,0,0,0,0,0
2025-02-21,0.0,25.3,32.9,17.4,5.21,15.6,0,0,0,0,0,0,0,0,0
2025-02-22,0.0,25.0,32.2,18.3,6.24,16.2,0,0,0,0,0,0,0,0,0
2025-02-23,0.0,24.4,31.5,17.2,6.02,13.8,0,0,0,0,0,0,0,0,0
2025-02-24,0.0,24.7,31.8,16.9,5.07,13.8,0,0,0,0,0,0,0,0,0
2025-02-25,0.0,25.2,32.3,17.7,5.4,14.9,0,0,0,0,0,0,0,0,0
2025-02-26,0.0,25.6,33.8,17.7,5.78,14.5,0,0,0,0,0,0,0,0,0
2025-02-27,0.0,25.8,33.7,17.9,5.28,10.4,0,0,0,0,0,0,0,0,0
2025-02-28,0.0,26.8,34.8,19.6,5.34,11.0,0,0,0,0,0,0,0,0,0
2025-03-01,0.0,27.4,35.0,19.7,5.62,14.3,0,0,0,0,0,0,0,0,0
2025-03-02,0.0,27.8,35.7,20.2,5.29,17.4,0,0,0,0,0,0,0,0,0
2025-03-03,0.0,27.6,34.7,20.7,6.79,15.6,0,0,0,0,0,0,0,0,0
2025-03-04,0.0,27.6,36.4,18.4,6.48,20.2,0,0,0,0,0,0,0,0,0
2025-03-05,0.0,24.3,30.9,19.6,7.05,19.9,0,0,0,0,0,0,0,0,0
2025-03-06,0.0,23.4,32.1,15.4,6.87,14.5,0,0,0,0,0,0,0,0,0
2025-03-07,0.0,24.4,33.6,15.2,6.16,14.7,0,0,0,0,0,0,0,0,0
2025-03-08,0.0,25.9,35.8,15.6,5.74,9.3,0,0,0,0,0,0,0,0,0
2025-03-09,0.0,26.9,35.4,18.9,5.82,10.3,0,0,0,0,0,0,0,0,0
2025-03-10,0.0,27.7,35.8,19.6,6.45,13.9,0,0,0,0,0,0,0,0,0
2025-03-11,0.0,27.6,36.8,19.6,6.03,10.3,0,0,0,0,0,0,0,0,0
2025-03-12,0.0,28.5,38.7,19.1,5.98,14.9,0,0,0,0,0,0,0,0,0
2025-03-13,0.0,30.1,40.2,21.8,6.34,23.5,0,0,0,0,0,1,1,1,0
2025-03-14,0.0,30.1,39.7,21.9,5.92,18.8,0,0,0,0,0,0,0,0,0
2025-03-15,0.0,30.5,38.3,21.9,6.02,11.0,0,0,0,0,0,0,0,0,0
2025-03-16,0.0,30.8,37.9,23.8,6.35,16.3,0,0,0,0,0,0,0,0,0
2025-03-17,0.0,30.4,37.8,23.5,6.95,21.9,0,0,0,0,0,0,0,0,0
2025-03-18,0.0,29.8,36.9,22.7,6.18,13.8,0,0,0,0,0,0,0,0,0
2025-03-19,0.0,30.4,38.1,21.9,6.78,15.6,0,0,0,0,0,0,0,0,0
2025-03-20,0.0,30.8,37.7,24.9,7.1,17.6,0,0,0,0,0,0,0,0,0
2025-03-21,0.1,29.2,36.9,24.4,6.88,18.9,0,0,0,0,0,0,0,0,0
2025-03-22,0.0,27.6,34.0,21.6,5.41,12.1,0,0,0,0,0,0,0,0,0
2025-03-23,0.0,27.3,35.5,21.1,6.22,15.3,0,0,0,0,0,0,0,0,0
2025-03-24,0.0,27.6,35.8,18.5,7.21,17.0,0,0,0,0,0,0,0,0,0
2025-03-25,0.0,27.8,36.7,18.3,7.18,18.3,0,0,0,0,0,0,0,0,0
2025-03-26,0.0,28.5,38.0,18.3,7.32,19.7,0,0,0,0,0,0,0,0,0
2025-03-27,0.0,30.5,40.2,22.1,6.11,11.4,0,0,0,0,0,0,0,0,0
2025-03-28,0.0,31.8,40.1,23.0,8.39,17.8,0,0,0,0,0,0,0,0,0
2025-03-29,0.0,31.4,39.1,23.8,8.55,18.1,0,0,0,0,0,0,0,0,0
2025-03-30,0.0,31.5,39.9,24.2,7.56,15.2,0,0,0,0,0,0,0,0,0
2025-03-31,0.0,31.2,39.1,24.5,7.17,13.2,0,0,0,0,0,0,0,0,0
2025-04-01,0.0,30.7,38.2,22.6,6.63,15.7,0,0,0,0,0,0,0,0,0
2025-04-02,0.0,29.8,36.2,24.9,6.85,19.6,0,0,0,0,0,0,0,0,0
2025-04-03,2.2,27.1,32.3,23.8,4.59,17.1,0,0,0,0,0,0,0,0,0
2025-04-04,0.0,28.9,36.8,23.1,5.97,14.6,0,0,0,0,0,0,0,0,0
2025-04-05,0.0,29.9,38.3,22.2,6.05,10.3,0,0,0,0,0,0,0,0,0
2025-04-06,0.0,30.7,39.9,20.8,7.47,21.3,0,0,0,0,0,0,0,0,0
2025-04-07,0.0,30.9,40.1,20.3,6.96,22.1,0,0,0,0,0,0,0,0,0
2025-04-08,0.0,31.3,39.3,22.9,6.16,12.1,0,0,0,0,0,0,0,0,0
2025-04-09,0.0,31.8,38.5,25.4,7.02,18.1,0,0,0,0,0,0,0,0,0
2025-04-10,0.1,31.7,39.0,25.9,6.79,13.9,0,0,0,0,0,0,0,0,0
2025-04-11,0.0,31.8,40.3,24.2,6.35,10.4,0,0,0,0,0,0,0,0,0
2025-04-12,0.0,32.0,38.8,24.4,7.5,20.9,0,0,0,0,0,0,0,0,0
2025-04-13,0.0,31.5,39.4,22.7,7.04,17.0,0,0,0,0,0,0,0,0,0
2025-04-14,0.0,30.6,37.5,23.2,6.62,21.0,0,0,0,0,0,0,0,0,0
2025-04-15,0.0,31.9,39.1,24.5,6.86,16.8,0,0,0,0,0,0,0,0,0
2025-04-16,0.0,31.6,37.9,25.7,6.86,12.5,0,0,0,0,0,0,0,0,0
2025-04-17,0.0,32.2,39.2,25.3,6.46,13.9,0,0,0,0,0,0,0,0,0
2025-04-18,0.0,33.7,41.1,26.4,7.16,14.0,0,0,0,0,0,0,0,0,0
2025-04-19,0.0,33.5,40.8,27.6,7.19,16.1,0,0,0,0,0,0,0,0,0
2025-04-20,0.0,34.1,42.4,25.6,7.49,20.0,0,0,0,0,0,0,0,0,0
2025-04-21,0.0,34.2,42.2,26.3,6.6,14.4,0,0,0,0,0,0,0,0,0
2025-04-22,0.0,34.5,43.3,26.4,6.72,9.7,0,0,0,0,0,0,0,0,0
2025-04-23,0.0,33.8,41.7,24.8,7.41,13.9,0,0,0,0,0,0,0,0,0
2025-04-24,0.0,33.1,41.5,23.8,7.14,14.4,0,0,0,0,0,0,0,0,0
2025-04-25,0.0,34.0,41.5,24.4,6.7,10.0,0,0,0,0,0,0,0,0,0
2025-04-26,0.0,34.0,41.6,27.1,7.2,25.9,0,0,0,0,0,1,1,1,0
2025-04-27,0.0,31.1,37.7,26.4,6.78,18.5,0,0,0,0,0,0,0,0,0
2025-04-28,0.0,30.8,38.9,25.0,7.17,17.9,0,0,0,0,0,0,0,0,0
2025-04-29,0.2,30.6,38.1,24.8,7.19,18.8,0,0,0,0,0,0,0,0,0
2025-04-30,0.0,31.2,39.0,25.2,7.3,16.6,0,0,0,0,0,0,0,0,0
2025-05-01,0.5,30.2,38.3,25.5,6.87,19.7,0,0,0,0,0,0,0,0,0
2025-05-02,0.0,29.5,37.9,23.0,6.56,14.3,0,0,0,0,0,0,0,0,0
2025-05-03,4.1,29.3,37.2,23.5,5.95,16.7,0,0,0,0,0,0,0,0,0
2025-05-04,0.7,28.6,37.4,22.5,5.89,14.9,0,0,0,0,0,0,0,0,0
2025-05-05,2.6,29.3,36.9,22.2,6.09,16.6,0,0,0,0,0,0,0,0,0
2025-05-06,0.0,29.9,37.0,22.3,6.36,10.9,0,0,0,0,0,0,0,0,0
2025-05-07,0.0,30.3,36.8,24.2,6.9,16.6,0,0,0,0,0,0,0,0,0
2025-05-08,0.0,30.8,37.7,23.6,6.55,13.9,0,0,0,0,0,0,0,0,0
2025-05-09,0.0,31.3,38.1,24.7,6.34,9.5,0,0,0,0,0,0,0,0,0
2025-05-10,0.5,32.6,40.0,25.9,6.3,13.0,0,0,0,0,0,0,0,0,0
2025-05-11,0.1,32.4,39.8,27.3,6.45,13.8,0,0,0,0,0,0,0,0,0
2025-05-12,0.3,32.0,38.5,26.3,6.68,17.4,0,0,0,0,0,0,0,0,0
2025-05-13,0.2,33.4,39.4,28.1,6.22,13.8,0,0,0,0,0,0,0,0,0
2025-05-14,0.1,32.7,38.9,27.7,6.22,12.8,0,0,0,0,0,0,0,0,0
2025-05-15,0.0,32.4,39.2,27.5,5.39,22.7,0,0,0,0,0,0,0,0,0
2025-05-16,0.0,33.0,39.8,27.5,5.94,18.7,0,0,0,0,0,0,0,0,0
2025-05-17,0.1,32.8,40.1,27.2,6.24,21.4,0,0,0,0,0,0,0,0,0
2025-05-18,0.0,33.1,39.1,27.5,6.84,14.7,0,0,0,0,0,0,0,0,0
2025-05-19,2.4,32.9,40.0,26.7,7.07,24.3,0,0,0,0,0,1,1,1,0
2025-05-20,0.0,33.6,39.9,26.8,6.3,16.9,0,0,0,0,0,0,0,0,0
2025-05-21,0.3,33.0,39.4,26.3,6.11,17.3,0,0,0,0,0,0,0,0,0
2025-05-22,0.0,28.3,31.1,24.7,2.79,13.2,0,0,0,0,0,0,0,0,0
2025-05-23,0.1,30.4,35.4,25.5,5.38,11.0,0,0,0,0,0,0,0,0,0
2025-05-24,2.9,28.4,31.9,26.0,3.13,11.9,0,0,0,0,0,0,0,0,0
2025-05-25,4.5,28.3,33.9,24.9,4.18,10.5,0,0,0,0,0,0,0,0,0
2025-05-26,1.4,29.3,34.2,24.8,4.44,12.9,0,0,0,0,0,0,0,0,0
2025-05-27,9.6,30.1,35.9,25.3,4.92,20.2,1,0,0,0,0,0,1,1,0
2025-05-28,0.1,30.7,36.9,25.8,5.49,10.4,0,0,0,0,0,0,0,0,0
2025-05-29,0.2,31.1,37.1,26.0,5.44,14.1,0,0,0,0,0,0,0,0,0
2025-05-30,1.5,30.6,36.6,26.9,5.27,15.9,0,0,0,0,0,0,0,0,0
2025-05-31,0.0,31.6,37.2,26.6,5.95,13.5,0,0,0,0,0,0,0,0,0
2025-06-01,0.0,30.5,37.4,24.1,6.33,22.0,0,0,0,0,0,0,0,0,0
2025-06-02,0.7,29.5,36.2,23.8,5.96,18.2,0,0,0,0,0,0,0,0,0
2025-06-03,0.0,30.0,35.6,25.0,6.3,21.0,0,0,0,0,0,0,0,0,0
2025-06-04,4.1,27.6,32.3,24.7,4.08,15.3,0,0,0,0,0,0,0,0,0
2025-06-05,0.0,30.2,35.9,24.0,5.61,9.1,0,0,0,0,0,0,0,0,0
2025-06-06,0.0,31.0,38.5,24.6,5.93,9.6,0,0,0,0,0,0,0,0,0
2025-06-07,0.0,31.3,37.5,23.6,5.65,12.2,0,0,0,0,0,0,0,0,0
2025-06-08,0.0,33.2,40.4,26.3,6.6,19.8,0,0,0,0,0,0,0,0,0
2025-06-09,0.0,33.4,41.5,26.0,7.23,22.1,0,0,0,0,0,0,0,0,0
2025-06-10,0.1,33.3,42.0,27.0,6.8,12.4,0,0,0,0,0,0,0,0,0
2025-06-11,0.0,32.7,38.7,27.2,6.46,11.1,0,0,0,0,0,0,0,0,0
2025-06-12,0.2,32.8,38.6,27.2,6.73,14.1,0,0,0,0,0,0,0,0,0
2025-06-13,0.2,32.5,37.5,27.9,6.19,12.0,0,0,0,0,0,0,0,0,0
2025-06-14,0.0,32.7,38.1,26.9,6.22,13.5,0,0,0,0,0,0,0,0,0
2025-06-15,0.0,32.0,37.2,27.5,6.35,17.6,0,0,0,0,0,0,0,0,0
2025-06-16,3.9,30.9,34.5,26.3,5.5,13.5,0,0,0,0,0,0,0,0,0
2025-06-17,12.5,27.7,30.9,25.6,3.11,14.4,1,0,0,0,0,0,1,1,0
2025-06-18,0.0,30.3,34.6,27.2,4.69,18.5,0,0,0,0,0,0,0,0,0
2025-06-19,27.8,27.6,30.8,25.1,2.71,17.3,1,0,0,0,0,0,1,1,0
2025-06-20,18.6,25.9,28.9,23.6,1.46,12.8,1,0,0,0,0,0,1,1,0
2025-06-21,1.1,28.6,33.0,25.5,4.67,16.8,0,0,0,0,0,0,0,0,0
2025-06-22,9.1,26.8,30.6,24.7,3.11,16.0,1,0,0,0,0,0,1,1,0
2025-06-23,10.8,27.5,33.2,24.8,4.1,18.9,1,0,0,0,0,0,1,1,0
2025-06-24,47.0,26.3,30.2,24.4,2.59,14.5,1,0,0,0,0,0,1,1,0
2025-06-25,6.3,27.2,31.5,24.1,3.53,9.8,0,0,0,0,0,0,0,0,0
2025-06-26,11.5,26.3,29.6,24.7,2.46,10.2,1,0,0,0,0,0,1,1,0
2025-06-27,20.0,26.4,30.4,24.0,3.04,18.9,1,0,0,0,0,0,1,1,0
2025-06-28,17.3,26.7,30.0,24.6,2.32,12.0,1,0,0,0,0,0,1,1,0
2025-06-29,20.4,25.3,28.6,23.8,2.87,20.4,1,0,0,0,0,0,1,1,0
2025-06-30,37.2,25.2,28.0,23.4,2.7,15.2,1,0,0,0,0,0,1,1,0
2025-07-01,55.2,25.1,28.4,23.2,2.32,10.3,1,0,0,0,0,0,1,1,0
2025-07-02,17.1,25.9,29.2,23.3,2.67,14.0,1,0,0,0,0,0,1,1,0
2025-07-03,40.2,25.9,29.6,23.9,2.21,12.5,1,0,0,0,0,0,1,1,0
2025-07-04,47.4,25.3,26.8,23.9,1.67,16.1,1,0,0,0,0,0,1,1,0
2025-07-05,12.0,25.7,28.2,24.1,1.97,13.5,1,0,0,0,0,0,1,1,0
2025-07-06,53.1,25.0,26.2,24.1,1.03,11.4,1,0,0,0,0,0,1,1,0
2025-07-07,91.9,24.8,28.4,23.6,1.62,11.7,1,0,0,0,0,0,1,1,0
2025-07-08,35.2,25.3,29.1,23.6,2.18,17.9,1,0,0,0,0,0,1,1,0
2025-07-09,28.2,25.6,29.7,23.4,2.13,13.7,1,0,0,0,0,0,1,1,0
2025-07-10,6.4,26.8,31.4,23.6,3.86,19.3,0,0,0,0,0,0,0,0,0
2025-07-11,18.1,26.5,31.0,23.4,3.53,18.3,1,0,0,0,0,0,1,1,0
2025-07-12,12.7,26.9,32.0,23.5,4.31,17.0,1,0,0,0,0,0,1,1,0
2025-07-13,5.7,27.2,30.8,24.6,3.58,11.6,0,0,0,0,0,0,0,0,0
2025-07-14,1.0,27.4,30.9,24.3,3.6,9.3,0,0,0,0,0,0,0,0,0
2025-07-15,5.1,27.4,30.5,25.0,3.23,8.8,0,0,0,0,0,0,0,0,0
2025-07-16,7.6,26.3,29.2,24.7,2.17,8.4,0,0,0,0,0,0,0,0,0
2025-07-17,10.6,26.2,29.0,24.5,2.34,13.6,1,0,0,0,0,0,1,1,0
2025-07-18,1.3,27.2,31.4,24.4,4.29,11.8,0,0,0,0,0,0,0,0,0
2025-07-19,0.0,28.6,33.1,23.8,5.3,6.6,0,0,0,0,0,0,0,0,0
2025-07-20,4.8,27.6,31.9,24.0,3.19,9.0,0,0,0,0,0,0,0,0,0
2025-07-21,17.3,27.6,32.1,24.6,3.99,12.9,1,0,0,0,0,0,1,1,0
2025-07-22,11.2,27.3,30.7,25.0,3.01,8.3,1,0,0,0,0,0,1,1,0
2025-07-23,49.5,26.8,31.5,24.4,3.5,11.9,1,0,0,0,0,0,1,1,0
2025-07-24,17.6,25.6,27.1,24.7,1.57,14.6,1,0,0,0,0,0,1,1,0
2025-07-25,40.3,25.1,27.2,23.7,1.32,13.6,1,0,0,0,0,0,1,1,0
2025-07-26,48.2,25.0,27.8,24.1,1.42,19.9,1,0,0,0,0,0,1,1,0
2025-07-27,5.2,26.2,30.7,23.7,3.21,21.3,0,0,0,0,0,0,0,0,0
2025-07-28,10.6,25.9,28.8,24.5,2.24,18.3,1,0,0,0,0,0,1,1,0
2025-07-29,35.8,24.7,26.6,23.8,1.36,19.4,1,0,0,0,0,0,1,1,0
2025-07-30,2.5,26.3,30.3,23.4,3.68,18.7,0,0,0,0,0,0,0,0,0
2025-07-31,3.0,26.2,31.1,22.8,4.01,15.2,0,0,0,0,0,0,0,0,0
2025-08-01,0.5,27.6,32.4,23.2,5.07,12.3,0,0,0,0,0,0,0,0,0
2025-08-02,0.2,28.1,31.4,24.7,4.22,9.9,0,0,0,0,0,0,0,0,0
2025-08-03,1.6,27.3,31.2,24.0,4.12,13.5,0,0,0,0,0,0,0,0,0
2025-08-04,0.4,28.3,32.9,24.0,5.04,8.9,0,0,0,0,0,0,0,0,0
2025-08-05,2.7,27.9,32.2,24.5,4.8,8.7,0,0,0,0,0,0,0,0,0
2025-08-06,5.6,28.1,32.4,24.4,4.84,8.8,0,0,0,0,0,0,0,0,0
2025-08-07,1.8,27.3,32.1,24.8,3.66,19.5,0,0,0,0,0,0,0,0,0
2025-08-08,6.8,25.9,29.5,23.6,2.91,12.8,0,0,0,0,0,0,0,0,0
2025-08-09,2.5,26.3,30.5,23.5,4.09,13.3,0,0,0,0,0,0,0,0,0
2025-08-10,2.8,27.1,31.2,23.5,4.59,7.7,0,0,0,0,0,0,0,0,0
2025-08-11,3.8,27.0,31.2,23.8,4.38,14.7,0,0,0,0,0,0,0,0,0
2025-08-12,6.3,27.1,30.7,24.0,3.94,18.2,0,0,0,0,0,0,0,0,0
2025-08-13,49.0,26.2,29.6,24.2,2.89,9.6,1,0,0,0,0,0,1,1,0
2025-08-14,8.3,27.1,31.5,23.9,4.43,10.7,1,0,0,0,0,0,1,1,0
2025-08-15,16.4,26.2,28.7,24.1,2.71,9.3,1,0,0,0,0,0,1,1,0
2025-08-16,28.9,26.8,31.1,23.7,3.75,10.3,1,0,0,0,0,0,1,1,0
2025-08-17,0.5,27.7,31.4,24.7,4.66,15.6,0,0,0,0,0,0,0,0,0
2025-08-18,24.8,27.0,30.9,24.8,3.82,11.2,1,0,0,0,0,0,1,1,0
2025-08-19,28.2,26.1,30.7,24.0,3.44,10.8,1,0,0,0,0,0,1,1,0
2025-08-20,13.8,25.3,27.8,23.9,2.07,14.7,1,0,0,0,0,0,1,1,0
2025-08-21,21.7,25.8,29.5,23.5,2.95,15.7,1,0,0,0,0,0,1,1,0
2025-08-22,23.2,25.1,26.4,23.8,1.76,14.2,1,0,0,0,0,0,1,1,0
2025-08-23,20.7,24.6,27.0,23.6,1.83,19.2,1,0,0,0,0,0,1,1,0
2025-08-24,23.6,25.2,28.2,23.1,2.8,18.7,1,0,0,0,0,0,1,1,0
2025-08-25,14.9,25.2,29.4,23.2,2.49,12.0,1,0,0,0,0,0,1,1,0
2025-08-26,11.5,26.1,29.4,23.2,3.87,6.2,1,0,0,0,0,0,1,1,0
2025-08-27,6.8,26.4,29.9,23.6,3.96,8.8,0,0,0,0,0,0,0,0,0
2025-08-28,9.2,25.8,29.2,23.5,3.15,9.5,1,0,0,0,0,0,1,1,0
2025-08-29,1.9,26.9,30.9,23.9,3.93,10.4,0,0,0,0,0,0,0,0,0
2025-08-30,3.1,26.7,30.0,24.3,3.77,11.8,0,0,0,0,0,0,0,0,0
2025-08-31,13.9,26.3,30.1,24.3,3.66,12.4,1,0,0,0,0,0,1,1,0
2025-09-01,42.5,25.7,30.0,24.2,2.88,7.1,1,0,0,0,0,0,1,1,0
2025-09-02,26.8,26.1,30.2,23.3,3.75,14.8,1,0,0,0,0,0,1,1,0
2025-09-03,28.8,25.1,28.2,23.1,2.68,11.2,1,0,0,0,0,0,1,1,0
2025-09-04,13.3,25.4,28.3,23.9,2.66,15.3,1,0,0,0,0,0,1,1,0
2025-09-05,1.0,26.4,30.1,23.2,4.14,16.8,0,0,0,0,0,0,0,0,0
2025-09-06,3.4,26.5,30.2,23.8,4.13,13.7,0,0,0,0,0,0,0,0,0
2025-09-07,12.2,25.9,29.5,23.1,3.66,7.8,1,0,0,0,0,0,1,1,0
2025-09-08,2.6,26.2,29.9,23.0,3.63,9.3,0,0,0,0,0,0,0,0,0
2025-09-09,5.2,26.5,31.0,23.5,3.96,11.7,0,0,0,0,0,0,0,0,0
2025-09-10,3.6,27.2,31.8,24.2,4.14,11.9,0,0,0,0,0,0,0,0,0
2025-09-11,9.4,26.8,30.0,24.8,3.2,15.0,1,0,0,0,0,0,1,1,0
2025-09-12,11.7,26.4,31.4,24.0,3.68,14.9,1,0,0,0,0,0,1,1,0
2025-09-13,40.1,26.4,30.3,23.8,3.35,12.1,1,0,0,0,0,0,1,1,0
2025-09-14,5.2,26.5,30.2,23.7,3.69,7.7,0,0,0,0,0,0,0,0,0
2025-09-15,20.1,26.2,29.4,24.0,2.81,9.0,1,0,0,0,0,0,1,1,0
2025-09-16,7.3,26.3,30.0,24.4,3.56,5.9,0,0,0,0,0,0,0,0,0
2025-09-17,2.0,26.1,28.7,24.4,2.82,6.4,0,0,0,0,0,0,0,0,0
2025-09-18,5.1,26.4,29.7,23.5,3.36,7.3,0,0,0,0,0,0,0,0,0
2025-09-19,0.3,27.3,31.1,23.1,4.24,7.7,0,0,0,0,0,0,0,0,0
2025-09-20,2.9,27.0,31.3,23.6,4.14,8.6,0,0,0,0,0,0,0,0,0
2025-09-21,0.2,27.8,32.0,24.3,4.38,12.2,0,0,0,0,0,0,0,0,0
2025-09-22,0.0,27.8,32.8,23.6,4.89,12.3,0,0,0,0,0,0,0,0,0
2025-09-23,0.1,27.0,31.8,22.6,4.59,14.4,0,0,0,0,0,0,0,0,0
2025-09-24,7.4,26.8,31.7,24.1,3.73,19.9,0,0,0,0,0,0,0,0,0
2025-09-25,10.6,25.4,29.0,23.2,2.88,16.9,1,0,0,0,0,0,1,1,0
2025-09-26,10.8,27.0,31.9,24.5,3.85,13.4,1,0,0,0,0,0,1,1,0
2025-09-27,17.5,26.1,29.8,24.2,2.65,15.1,1,0,0,0,0,0,1,1,0
2025-09-28,2.4,26.3,30.0,23.8,3.57,15.6,0,0,0,0,0,0,0,0,0
2025-09-29,0.8,26.3,30.1,23.2,3.92,8.8,0,0,0,0,0,0,0,0,0
2025-09-30,3.1,26.4,31.1,23.0,4.21,8.5,0,0,0,0,0,0,0,0,0
2025-10-01,6.8,25.9,31.1,22.8,3.93,15.3,0,0,0,0,0,0,0,0,0
2025-10-02,8.5,26.1,30.5,23.4,3.37,13.9,1,0,0,0,0,0,1,1,0
2025-10-03,1.9,25.7,28.1,23.9,2.1,15.1,0,0,0,0,0,0,0,0,0
2025-10-04,1.4,26.3,31.0,24.2,3.52,13.9,0,0,0,0,0,0,0,0,0
2025-10-05,15.3,25.4,29.9,23.2,2.93,15.5,1,0,0,0,0,0,1,1,0
2025-10-06,7.2,25.7,29.0,23.3,3.22,7.1,0,0,0,0,0,0,0,0,0
2025-10-07,7.0,25.6,30.3,21.4,4.05,11.9,0,0,0,0,0,0,0,0,0
2025-10-08,0.0,26.1,30.5,22.3,4.48,11.0,0,0,0,0,0,0,0,0,0
2025-10-09,0.4,26.1,30.4,22.6,4.34,12.7,0,0,0,0,0,0,0,0,0
2025-10-10,1.6,24.6,28.8,21.7,3.63,11.8,0,0,0,0,0,0,0,0,0
2025-10-11,0.3,24.8,29.0,21.5,4.0,9.7,0,0,0,0,0,0,0,0,0
2025-10-12,0.2,24.5,29.2,19.8,3.89,9.5,0,0,0,0,0,0,0,0,0
2025-10-13,0.7,24.8,29.2,20.7,3.76,9.3,0,0,0,0,0,0,0,0,0
2025-10-14,0.1,25.5,30.5,21.0,3.96,10.6,0,0,0,0,0,0,0,0,0
2025-10-15,0.1,25.9,30.9,21.7,4.12,12.3,0,0,0,0,0,0,0,0,0
2025-10-16,0.1,25.3,30.3,20.9,3.85,7.8,0,0,0,0,0,0,0,0,0
2025-10-17,0.0,25.6,30.6,20.7,3.9,8.4,0,0,0,0,0,0,0,0,0
2025-10-18,0.1,25.2,31.2,20.7,4.32,10.3,0,0,0,0,0,0,0,0,0
2025-10-19,0.0,24.4,31.3,18.4,4.45,10.6,0,0,0,0,0,0,0,0,0
2025-10-20,0.8,24.3,30.4,18.0,3.81,11.4,0,0,0,0,0,0,0,0,0
2025-10-21,0.2,26.0,31.5,22.4,4.01,13.3,0,0,0,0,0,0,0,0,0
2025-10-22,0.0,26.5,31.7,22.1,4.2,9.0,0,0,0,0,0,0,0,0,0
2025-10-23,0.1,26.4,32.1,20.8,4.34,8.9,0,0,0,0,0,0,0,0,0
2025-10-24,0.0,26.5,31.9,21.6,4.17,8.1,0,0,0,0,0,0,0,0,0
2025-10-25,3.8,24.8,27.3,22.8,1.44,10.5,0,0,0,0,0,0,0,0,0
2025-10-26,9.9,23.8,27.8,21.9,1.9,9.8,1,0,0,0,0,0,1,1,0
2025-10-27,0.0,25.6,30.7,21.4,3.9,15.7,0,0,0,0,0,0,0,0,0
2025-10-28,1.2,25.8,29.0,23.5,2.59,14.3,0,0,0,0,0,0,0,0,0
2025-10-29,3.5,26.5,29.7,24.3,3.36,19.2,0,0,0,0,0,0,0,0,0
2025-10-30,14.9,24.1,25.8,22.9,1.27,18.3,1,0,0,0,0,0,1,1,0
2025-10-31,13.1,24.5,29.0,22.4,2.58,18.4,1,0,0,0,0,0,1,1,0
2025-11-01,0.2,25.4,30.0,22.0,3.45,9.9,0,0,0,0,0,0,0,0,0
2025-11-02,1.0,25.5,29.5,22.0,3.35,11.6,0,0,0,0,0,0,0,0,0
2025-11-03,0.2,25.5,30.3,21.4,3.77,10.7,0,0,0,0,0,0,0,0,0
2025-11-04,0.0,24.4,29.8,19.4,3.67,9.1,0,0,0,0,0,0,0,0,0
2025-11-05,0.0,24.5,29.1,20.6,3.65,10.7,0,0,0,0,0,0,0,0,0
2025-11-06,0.0,24.6,29.7,20.6,4.13,13.7,0,0,0,0,0,0,0,0,0
2025-11-07,0.0,22.8,29.0,18.0,4.42,11.9,0,0,0,0,0,0,0,0,0
2025-11-08,0.0,21.1,27.6,15.5,4.37,11.1,0,0,0,0,0,0,0,0,0
2025-11-09,0.0,19.5,26.6,13.3,4.3,10.9,0,0,0,0,0,0,0,0,0
2025-11-10,0.0,18.8,27.1,11.4,4.07,9.6,0,0,0,0,0,0,0,0,0
2025-11-11,0.0,18.9,27.1,11.9,4.14,10.9,0,0,0,0,0,0,0,0,0
2025-11-12,0.0,19.4,27.7,11.7,4.12,11.1,0,0,0,0,0,0,0,0,0
2025-11-13,0.0,19.6,28.0,12.9,4.24,11.8,0,0,0,0,0,0,0,0,0
2025-11-14,0.0,19.2,27.9,11.5,4.01,10.0,0,0,0,0,0,0,0,0,0
2025-11-15,0.0,19.2,27.4,12.2,4.07,11.4,0,0,0,0,0,0,0,0,0
2025-11-16,0.0,19.0,26.7,12.4,4.19,11.9,0,0,0,0,0,0,0,0,0
2025-11-17,0.0,18.7,25.9,12.3,3.87,10.1,0,0,0,0,0,0,0,0,0
2025-11-18,0.0,18.5,25.8,11.9,3.58,8.4,0,0,0,0,0,0,0,0,0
2025-11-19,0.0,18.7,26.5,11.6,3.54,8.0,0,0,0,0,0,0,0,0,0
2025-11-20,0.0,19.6,27.4,12.9,3.63,9.6,0,0,0,0,0,0,0,0,0
2025-11-21,0.0,20.6,28.2,14.2,3.47,9.0,0,0,0,0,0,0,0,0,0
2025-11-22,0.0,21.0,28.4,14.0,3.42,8.5,0,0,0,0,0,0,0,0,0
2025-11-23,0.0,21.2,28.6,15.2,3.59,11.3,0,0,0,0,0,0,0,0,0
2025-11-24,0.0,21.9,28.7,16.4,3.63,11.4,0,0,0,0,0,0,0,0,0
2025-11-25,0.0,21.8,28.1,16.1,3.22,11.8,0,0,0,0,0,0,0,0,0
2025-11-26,0.0,21.7,28.1,17.0,3.17,9.8,0,0,0,0,0,0,0,0,0
2025-11-27,0.0,21.2,28.4,15.9,3.8,14.3,0,0,0,0,0,0,0,0,0
2025-11-28,0.0,18.3,25.9,11.8,3.65,10.0,0,0,0,0,0,0,0,0,0
2025-11-29,0.0,18.3,26.3,11.4,3.49,9.0,0,0,0,0,0,0,0,0,0
2025-11-30,0.0,18.9,26.3,12.0,3.4,10.9,0,0,0,0,0,0,0,0,0
2025-12-01,0.0,19.7,26.9,13.8,3.42,9.0,0,0,0,0,0,0,0,0,0
2025-12-02,0.0,19.4,27.5,13.9,3.52,10.5,0,0,0,0,0,0,0,0,0
2025-12-03,0.0,19.0,27.1,12.8,3.35,10.7,0,0,0,0,0,0,0,0,0
2025-12-04,0.0,18.9,27.1,12.4,3.58,11.8,0,0,0,0,0,0,0,0,0
2025-12-05,0.0,18.7,26.6,12.2,3.75,12.1,0,0,0,0,0,0,0,0,0
2025-12-06,0.0,17.7,25.7,11.3,3.84,12.9,0,0,0,0,0,0,0,0,0
2025-12-07,0.0,18.3,28.0,10.2,3.87,11.9,0,0,0,0,0,0,0,0,0
2025-12-08,0.0,18.6,28.6,10.9,4.08,11.9,0,0,0,0,0,0,0,0,0
2025-12-09,0.0,18.7,28.3,11.0,4.23,13.5,0,0,0,0,0,0,0,0,0
2025-12-10,0.0,18.6,27.3,11.4,4.22,13.3,0,0,0,0,0,0,0,0,0
2025-12-11,0.0,18.1,27.0,10.0,3.63,11.7,0,0,0,0,0,0,0,0,0
2025-12-12,0.0,18.1,27.0,10.5,3.72,10.9,0,0,0,0,0,0,0,0,0
2025-12-13,0.0,18.3,26.8,10.5,3.62,11.7,0,0,0,0,0,0,0,0,0
2025-12-14,0.0,18.2,25.9,10.8,3.53,10.4,0,0,0,0,0,0,0,0,0
2025-12-15,0.0,18.1,25.6,11.2,3.21,9.7,0,0,0,0,0,0,0,0,0
2025-12-16,0.0,18.0,25.9,11.1,3.15,11.5,0,0,0,0,0,0,0,0,0
2025-12-17,0.0,18.2,28.0,10.1,3.94,12.4,0,0,0,0,0,0,0,0,0
2025-12-18,0.0,18.6,27.1,11.0,4.07,15.9,0,0,0,0,0,0,0,0,0
2025-12-19,0.0,17.3,25.3,10.3,3.57,14.2,0,0,0,0,0,0,0,0,0
2025-12-20,0.0,17.4,26.4,10.2,3.65,14.0,0,0,0,0,0,0,0,0,0
2025-12-21,0.0,17.2,26.3,9.4,3.59,13.3,0,0,0,0,0,0,0,0,0
2025-12-22,0.0,18.2,26.7,10.9,3.81,14.9,0,0,0,0,0,0,0,0,0
2025-12-23,0.0,18.5,27.4,11.1,3.9,12.6,0,0,0,0,0,0,0,0,0
2025-12-24,0.0,18.9,27.0,11.2,3.76,13.4,0,0,0,0,0,0,0,0,0
2025-12-25,0.0,18.4,26.2,11.8,3.51,9.2,0,0,0,0,0,0,0,0,0
2025-12-26,0.0,18.0,25.9,10.8,3.75,11.6,0,0,0,0,0,0,0,0,0
2025-12-27,0.0,17.4,25.6,10.1,3.82,11.0,0,0,0,0,0,0,0,0,0
2025-12-28,0.0,17.0,26.0,8.9,3.82,10.3,0,0,0,0,0,0,0,0,0
2025-12-29,0.0,17.0,26.4,9.5,3.56,10.3,0,0,0,0,0,0,0,0,0
2025-12-30,0.0,17.4,26.7,9.1,3.26,10.3,0,0,0,0,0,0,0,0,0
2025-12-31,0.0,18.8,26.7,12.2,3.41,6.7,0,0,0,0,0,0,0,0,0
2026-01-01,0.0,18.9,26.7,11.3,3.4,9.4,0,0,0,0,0,0,0,0,0
2026-01-02,0.0,19.5,27.2,12.4,3.15,8.9,0,0,0,0,0,0,0,0,0
2026-01-03,0.0,19.8,26.9,13.7,3.27,12.6,0,0,0,0,0,0,0,0,0
2026-01-04,0.0,19.6,26.3,14.1,3.59,15.2,0,0,0,0,0,0,0,0,0
2026-01-05,0.0,17.6,24.7,12.1,4.01,14.4,0,0,0,0,0,0,0,0,0
2026-01-06,0.0,16.2,25.5,8.5,3.52,10.3,0,0,0,0,0,0,0,0,0
2026-01-07,0.0,17.5,26.6,9.6,3.79,12.5,0,0,0,0,0,0,0,0,0
2026-01-08,0.0,18.4,26.2,11.3,3.8,14.6,0,0,0,0,0,0,0,0,0
2026-01-09,0.0,18.3,26.7,11.4,3.71,11.8,0,0,0,0,0,0,0,0,0
2026-01-10,0.0,17.6,26.9,9.5,3.52,8.1,0,0,0,0,0,0,0,0,0
2026-01-11,0.0,18.2,26.8,10.4,3.53,9.6,0,0,0,0,0,0,0,0,0
2026-01-12,0.0,18.7,26.9,12.2,3.42,7.5,0,0,0,0,0,0,0,0,0
2026-01-13,0.0,19.0,27.1,12.2,4.07,13.6,0,0,0,0,0,0,0,0,0
2026-01-14,0.0,19.2,27.2,11.4,3.51,14.3,0,0,0,0,0,0,0,0,0
2026-01-15,0.0,19.3,27.0,12.6,4.21,12.9,0,0,0,0,0,0,0,0,0
2026-01-16,0.0,18.2,27.5,10.2,4.08,10.7,0,0,0,0,0,0,0,0,0
2026-01-17,0.0,19.3,29.0,10.8,3.7,8.3,0,0,0,0,0,0,0,0,0
2026-01-18,0.0,20.7,29.0,13.1,3.82,9.7,0,0,0,0,0,0,0,0,0
2026-01-19,0.0,21.4,29.0,15.0,3.64,9.3,0,0,0,0,0,0,0,0,0
2026-01-20,0.0,21.4,29.2,15.8,3.77,11.4,0,0,0,0,0,0,0,0,0
2026-01-21,0.0,21.0,27.9,14.3,3.39,10.6,0,0,0,0,0,0,0,0,0
2026-01-22,0.0,20.7,28.0,14.0,3.89,12.3,0,0,0,0,0,0,0,0,0
2026-01-23,0.0,21.6,28.8,15.6,4.14,11.8,0,0,0,0,0,0,0,0,0
2026-01-24,0.0,21.3,28.1,15.7,3.67,10.2,0,0,0,0,0,0,0,0,0
2026-01-25,0.0,20.9,28.4,13.1,3.68,11.5,0,0,0,0,0,0,0,0,0
2026-01-26,0.0,21.3,28.8,13.9,4.01,11.3,0,0,0,0,0,0,0,0,0
2026-01-27,0.0,22.1,29.4,15.7,4.0,9.2,0,0,0,0,0,0,0,0,0
2026-01-28,0.0,22.2,27.8,16.4,3.76,13.0,0,0,0,0,0,0,0,0,0
2026-01-29,0.0,21.6,27.8,16.6,4.14,14.9,0,0,0,0,0,0,0,0,0
2026-01-30,0.0,20.9,28.6,14.4,4.09,11.6,0,0,0,0,0,0,0,0,0
2026-01-31,0.0,21.5,30.6,14.1,4.96,15.9,0,0,0,0,0,0,0,0,0
2026-02-01,0.0,22.1,29.9,15.2,4.21,11.4,0,0,0,0,0,0,0,0,0
2026-02-02,0.0,22.5,29.9,15.7,4.23,12.3,0,0,0,0,0,0,0,0,0
2026-02-03,0.0,22.5,29.9,15.4,4.06,12.2,0,0,0,0,0,0,0,0,0
2026-02-04,0.0,22.4,29.3,16.5,4.12,11.6,0,0,0,0,0,0,0,0,0
2026-02-05,0.0,22.2,29.4,15.6,4.31,12.4,0,0,0,0,0,0,0,0,0
2026-02-06,0.0,22.2,29.7,15.7,5.19,16.5,0,0,0,0,0,0,0,0,0
2026-02-07,0.0,21.8,29.0,15.2,5.48,16.6,0,0,0,0,0,0,0,0,0
2026-02-08,0.0,21.4,29.0,13.6,4.94,12.1,0,0,0,0,0,0,0,0,0
2026-02-09,0.0,21.3,29.2,13.4,4.2,9.1,0,0,0,0,0,0,0,0,0
2026-02-10,0.0,22.0,30.7,13.4,4.7,10.6,0,0,0,0,0,0,0,0,0
2026-02-11,0.0,23.1,31.8,15.8,5.04,17.0,0,0,0,0,0,0,0,0,0
2026-02-12,0.0,23.5,31.0,16.7,4.65,8.8,0,0,0,0,0,0,0,0,0
2026-02-13,0.0,23.3,30.8,15.2,4.55,10.7,0,0,0,0,0,0,0,0,0
2026-02-14,0.0,24.1,31.9,16.5,4.65,12.4,0,0,0,0,0,0,0,0,0
2026-02-15,0.0,24.2,31.6,16.9,5.7,15.8,0,0,0,0,0,0,0,0,0
2026-02-16,0.0,23.8,31.7,16.2,5.33,13.7,0,0,0,0,0,0,0,0,0
2026-02-17,0.0,23.7,32.3,15.2,5.56,16.2,0,0,0,0,0,0,0,0,0
2026-02-18,0.0,24.0,31.3,16.8,4.88,11.8,0,0,0,0,0,0,0,0,0
2026-02-19,0.0,23.5,31.6,15.4,5.17,13.7,0,0,0,0,0,0,0,0,0
2026-02-20,0.0,24.5,32.6,16.6,5.18,12.3,0,0,0,0,0,0,0,0,0
2026-02-21,0.0,24.7,32.7,17.0,5.21,18.7,0,0,0,0,0,0,0,0,0
2026-02-22,0.0,25.2,33.3,16.9,4.85,11.7,0,0,0,0,0,0,0,0,0
2026-02-23,0.0,24.1,30.6,18.1,4.35,16.2,0,0,0,0,0,0,0,0,0
2026-02-24,0.0,24.3,31.5,17.6,4.81,16.2,0,0,0,0,0,0,0,0,0
2026-02-25,0.0,24.3,31.6,16.9,4.95,14.2,0,0,0,0,0,0,0,0,0
2026-02-26,0.0,24.5,33.8,16.0,5.51,23.9,0,0,0,0,0,1,1,1,0
2026-02-27,0.0,25.3,33.3,17.2,4.74,10.1,0,0,0,0,0,0,0,0,0
2026-02-28,0.0,26.8,33.4,19.7,4.83,12.5,0,0,0,0,0,0,0,0,0
2026-03-01,0.0,27.8,35.1,21.6,6.62,19.9,0,0,0,0,0,0,0,0,0
2026-03-02,0.0,27.0,34.2,19.8,6.55,15.4,0,0,0,0,0,0,0,0,0
2026-03-03,0.0,26.6,34.5,17.3,6.53,16.3,0,0,0,0,0,0,0,0,0
2026-03-04,0.0,27.6,36.1,18.9,7.48,20.0,0,0,0,0,0,0,0,0,0
2026-03-05,0.0,27.7,36.4,19.9,7.36,17.5,0,0,0,0,0,0,0,0,0
2026-03-06,0.0,28.7,36.8,22.2,7.8,19.1,0,0,0,0,0,0,0,0,0
2026-03-07,0.0,28.3,36.3,19.5,7.64,18.3,0,0,0,0,0,0,0,0,0
2026-03-08,0.0,28.8,37.5,20.2,6.93,16.6,0,0,0,0,0,0,0,0,0
2026-03-09,0.0,29.4,38.3,20.4,6.83,17.7,0,0,0,0,0,0,0,0,0
2026-03-10,0.0,29.5,38.2,21.9,7.45,19.8,0,0,0,0,0,0,0,0,0
2026-03-11,0.0,29.3,37.5,20.8,7.17,18.0,0,0,0,0,0,0,0,0,0
2026-03-12,0.0,28.6,37.8,20.5,5.54,9.0,0,0,0,0,0,0,0,0,0
2026-03-13,0.0,29.2,37.8,21.0,6.26,15.1,0,0,0,0,0,0,0,0,0
2026-03-14,0.0,29.6,38.1,22.0,6.65,15.4,0,0,0,0,0,0,0,0,0
2026-03-15,0.0,29.8,37.4,23.3,6.3,14.3,0,0,0,0,0,0,0,0,0
2026-03-16,0.0,29.2,36.4,22.7,6.31,11.8,0,0,0,0,0,0,0,0,0
2026-03-17,0.0,29.3,36.0,23.8,6.25,16.0,0,0,0,0,0,0,0,0,0
2026-03-18,0.0,28.2,33.4,22.8,5.93,16.2,0,0,0,0,0,0,0,0,0
2026-03-19,0.0,27.0,34.2,20.5,5.65,17.6,0,0,0,0,0,0,0,0,0
2026-03-20,0.4,24.7,32.0,20.4,4.24,17.1,0,0,0,0,0,0,0,0,0
2026-03-21,0.0,25.3,31.9,19.3,6.85,16.1,0,0,0,0,0,0,0,0,0
2026-03-22,0.0,26.1,32.8,19.2,6.81,19.0,0,0,0,0,0,0,0,0,0
2026-03-23,0.0,27.4,34.6,19.4,5.16,8.9,0,0,0,0,0,0,0,0,0
2026-03-24,0.0,28.6,35.2,21.4,5.09,11.6,0,0,0,0,0,0,0,0,0
2026-03-25,0.0,29.0,35.9,21.0,6.05,13.6,0,0,0,0,0,0,0,0,0
2026-03-26,0.0,29.8,36.9,21.6,5.94,14.5,0,0,0,0,0,0,0,0,0
2026-03-27,0.0,31.1,38.8,23.8,7.38,20.4,0,0,0,0,0,0,0,0,0
2026-03-28,0.0,30.5,38.6,22.9,6.79,16.7,0,0,0,0,0,0,0,0,0
2026-03-29,0.0,31.2,39.1,23.1,7.12,17.8,0,0,0,0,0,0,0,0,0
2026-03-30,0.2,31.6,38.5,23.8,6.3,16.6,0,0,0,0,0,0,0,0,0
2026-03-31,1.7,28.7,34.7,22.0,5.62,17.1,0,0,0,0,0,0,0,0,0
2026-04-01,0.0,29.8,36.6,24.1,5.54,10.7,0,0,0,0,0,0,0,0,0
2026-04-02,0.0,28.5,34.6,23.6,4.74,12.1,0,0,0,0,0,0,0,0,0
2026-04-03,0.0,29.4,36.1,24.4,6.2,19.0,0,0,0,0,0,0,0,0,0
2026-04-04,0.0,28.4,33.8,21.7,5.51,14.2,0,0,0,0,0,0,0,0,0
2026-04-05,0.0,28.3,34.1,23.0,5.94,15.8,0,0,0,0,0,0,0,0,0
2026-04-06,0.0,28.5,35.2,22.6,6.5,12.2,0,0,0,0,0,0,0,0,0
2026-04-07,0.0,28.0,35.5,20.5,6.53,17.1,0,0,0,0,0,0,0,0,0
2026-04-08,0.0,28.2,34.7,20.8,6.37,24.3,0,0,0,0,0,1,1,1,0
2026-04-09,0.0,28.4,34.6,22.1,6.11,15.0,0,0,0,0,0,0,0,0,0
2026-04-10,0.0,28.8,35.5,22.0,7.45,14.6,0,0,0,0,0,0,0,0,0
2026-04-11,0.0,28.1,36.3,20.4,7.35,14.3,0,0,0,0,0,0,0,0,0
2026-04-12,0.0,29.2,38.1,19.0,6.85,11.8,0,0,0,0,0,0,0,0,0
2026-04-13,0.0,30.8,38.6,22.9,6.86,13.2,0,0,0,0,0,0,0,0,0
2026-04-14,0.0,31.5,39.1,23.6,6.7,12.3,0,0,0,0,0,0,0,0,0
2026-04-15,0.0,32.1,40.9,24.9,6.96,17.2,0,0,0,0,0,0,0,0,0
2026-04-16,0.0,32.4,40.2,23.5,6.43,15.3,0,0,0,0,0,0,0,0,0
2026-04-17,0.0,32.5,40.7,23.6,6.97,11.8,0,0,0,0,0,0,0,0,0
2026-04-18,0.0,32.7,41.2,24.6,6.6,11.2,0,0,0,0,0,0,0,0,0
2026-04-19,0.0,33.5,40.6,26.6,7.41,15.1,0,0,0,0,0,0,0,0,0
2026-04-20,0.0,33.0,41.1,27.0,6.46,19.4,0,0,0,0,0,0,0,0,0
2026-04-21,0.0,33.1,40.6,26.2,6.86,13.9,0,0,0,0,0,0,0,0,0
2026-04-22,0.0,32.6,39.1,25.6,6.23,12.8,0,0,0,0,0,0,0,0,0
2026-04-23,0.0,31.9,40.6,23.7,7.58,17.1,0,0,0,0,0,0,0,0,0
2026-04-24,0.0,33.4,40.8,25.5,6.9,14.9,0,0,0,0,0,0,0,0,0
2026-04-25,0.0,33.9,42.5,25.8,6.77,18.2,0,0,0,0,0,0,0,0,0
2026-04-26,0.0,34.5,41.9,27.3,6.72,10.5,0,0,0,0,0,0,0,0,0
2026-04-27,0.0,33.9,40.4,27.6,7.24,13.6,0,0,0,0,0,0,0,0,0
2026-04-28,0.0,34.0,42.6,25.1,8.24,21.3,0,0,0,0,0,0,0,0,0
2026-04-29,0.0,34.4,41.4,27.7,9.0,27.8,0,0,0,0,1,1,2,1,0
2026-04-30,0.0,32.9,40.3,25.6,7.66,21.0,0,0,0,0,0,0,0,0,0
2026-05-01,0.0,31.5,38.7,24.2,6.43,16.8,0,0,0,0,0,0,0,0,0
2026-05-02,0.4,32.2,40.2,25.5,7.32,38.1,0,0,0,0,0,1,1,1,0
2026-05-03,0.0,31.6,39.1,23.0,6.83,15.5,0,0,0,0,0,0,0,0,0
2026-05-04,0.0,32.7,40.0,26.7,7.57,15.0,0,0,0,0,0,0,0,0,0
2026-05-05,0.0,31.8,38.0,26.1,7.42,17.1,0,0,0,0,0,0,0,0,0
2026-05-06,0.0,29.9,35.9,23.5,6.09,11.4,0,0,0,0,0,0,0,0,0
2026-05-07,0.0,30.5,36.9,22.1,6.4,15.0,0,0,0,0,0,0,0,0,0
2026-05-08,0.0,30.7,37.2,23.1,6.25,10.0,0,0,0,0,0,0,0,0,0
2026-05-09,0.7,29.6,37.5,23.7,6.59,28.1,0,0,0,0,0,1,1,1,0
2026-05-10,0.0,30.3,36.7,23.3,6.44,12.2,0,0,0,0,0,0,0,0,0
2026-05-11,0.0,32.2,38.3,25.7,6.71,13.1,0,0,0,0,0,0,0,0,0
2026-05-12,2.0,33.5,39.7,28.2,6.97,14.3,0,0,0,0,0,0,0,0,0
2026-05-13,0.1,33.3,39.9,27.9,7.07,13.5,0,0,0,0,0,0,0,0,0
2026-05-14,0.1,33.5,39.3,27.5,6.95,13.8,0,0,0,0,0,0,0,0,0
2026-05-15,0.3,34.1,39.2,29.2,7.47,16.0,0,0,0,0,0,0,0,0,0
2026-05-16,0.0,34.3,39.6,29.3,7.02,12.4,0,0,0,0,0,0,0,0,0
2026-05-17,0.0,33.5,39.6,27.6,6.84,16.0,0,0,0,0,0,0,0,0,0
2026-05-18,0.0,34.7,40.6,28.5,7.15,14.1,0,0,0,0,0,0,0,0,0
2026-05-19,0.1,35.1,41.1,29.7,6.69,13.7,0,0,0,0,0,0,0,0,0
2026-05-20,0.0,36.0,43.0,29.7,6.51,10.8,0,0,0,0,0,0,0,0,0
2026-05-21,0.0,36.4,42.9,31.2,10.13,25.1,0,1,0,0,1,1,3,1,0
2026-05-22,0.0,35.7,42.8,29.6,9.16,19.0,0,0,0,0,1,0,1,1,0
2026-05-23,0.0,35.8,43.0,28.3,9.33,19.4,0,0,0,0,1,0,1,1,0
2026-05-24,0.0,35.4,42.6,28.3,7.66,17.4,0,0,0,0,0,0,0,0,0
2026-05-25,0.0,36.0,43.6,27.8,7.9,16.2,0,0,1,0,0,0,1,1,0
2026-05-26,0.0,36.7,43.0,29.5,7.71,16.0,0,1,0,0,0,0,1,1,0
2026-05-27,0.0,36.6,43.6,29.2,7.26,13.8,0,1,1,0,0,0,2,1,0
2026-05-28,0.0,37.2,43.8,31.1,7.23,19.0,0,1,1,0,0,0,2,1,0
2026-05-29,0.1,35.4,41.3,28.2,7.25,15.2,0,0,0,0,0,0,0,0,0
2026-05-30,3.6,31.6,38.9,25.4,6.82,19.8,0,0,0,0,0,0,0,0,0
2026-05-31,0.0,31.9,38.6,24.6,7.0,17.6,0,0,0,0,0,0,0,0,0
2026-06-01,0.0,32.5,37.9,26.6,5.93,8.6,0,0,0,0,0,0,0,0,0
2026-06-02,0.0,32.4,38.2,27.2,6.97,12.4,0,0,0,0,0,0,0,0,0
2026-06-03,0.1,33.7,38.5,28.0,6.67,9.4,0,0,0,0,0,0,0,0,0
2026-06-04,4.1,33.4,39.1,24.6,6.62,11.2,0,0,0,0,0,0,0,0,0
2026-06-05,0.0,32.7,37.0,27.8,6.64,15.7,0,0,0,0,0,0,0,0,0
2026-06-06,0.2,32.4,37.2,28.0,7.42,22.4,0,0,0,0,0,0,0,0,0
2026-06-07,0.0,33.9,38.6,27.9,6.64,15.5,0,0,0,0,0,0,0,0,0
2026-06-08,1.1,34.6,40.3,29.9,6.58,16.3,0,0,0,0,0,0,0,0,0
2026-06-09,1.5,34.1,40.3,25.7,6.69,13.2,0,0,0,0,0,0,0,0,0
2026-06-10,0.7,34.3,40.2,29.5,7.26,17.3,0,0,0,0,0,0,0,0,0
2026-06-11,0.1,33.6,39.7,27.2,6.79,14.0,0,0,0,0,0,0,0,0,0
2026-06-12,0.2,32.7,38.4,28.1,6.82,17.1,0,0,0,0,0,0,0,0,0
2026-06-13,0.2,30.8,35.2,26.8,5.61,15.9,0,0,0,0,0,0,0,0,0
2026-06-14,10.6,29.9,36.9,23.7,5.94,28.9,1,0,0,0,0,1,2,1,0
2026-06-15,0.0,31.8,37.1,26.9,6.84,15.6,0,0,0,0,0,0,0,0,0
2026-06-16,0.2,32.8,38.5,27.7,6.91,13.9,0,0,0,0,0,0,0,0,0
2026-06-17,0.8,31.9,37.7,26.7,6.62,20.4,0,0,0,0,0,0,0,0,0
2026-06-18,3.1,31.3,35.9,26.8,5.86,14.7,0,0,0,0,0,0,0,0,0
2026-06-19,0.8,31.2,36.2,25.7,5.81,13.0,0,0,0,0,0,0,0,0,0
2026-06-20,0.1,32.3,38.3,26.2,6.47,13.1,0,0,0,0,0,0,0,0,0
2026-06-21,0.8,32.5,38.0,28.1,7.02,24.0,0,0,0,0,0,1,1,1,0
2026-06-22,1.7,31.5,36.0,26.7,5.72,14.2,0,0,0,0,0,0,0,0,0
2026-06-23,6.5,29.0,34.5,25.3,5.31,10.9,0,0,0,0,0,0,0,0,0
2026-06-24,3.4,28.7,34.2,24.6,5.09,13.0,0,0,0,0,0,0,0,0,0
2026-06-25,1.2,30.2,35.2,25.8,5.38,14.3,0,0,0,0,0,0,0,0,0
2026-06-26,4.0,29.7,35.2,27.3,4.82,13.0,0,0,0,0,0,0,0,0,0
2026-06-27,4.1,30.1,36.3,26.8,4.85,17.0,0,0,0,0,0,0,0,0,0
2026-06-28,0.4,30.7,35.5,26.7,4.83,10.5,0,0,0,0,0,0,0,0,0
2026-06-29,5.3,29.3,33.6,25.5,5.0,16.2,0,0,0,0,0,0,0,0,0
2026-06-30,30.7,26.5,30.0,25.1,2.21,13.3,1,0,0,0,0,0,1,1,0
2026-07-01,27.1,26.0,29.4,24.1,2.44,9.7,1,0,0,0,0,0,1,1,0
2026-07-02,35.3,25.6,27.6,24.1,1.34,9.0,1,0,0,0,0,0,1,1,0
2026-07-03,30.3,26.1,29.6,24.6,2.36,12.3,1,0,0,0,0,0,1,1,0
2026-07-04,18.8,26.9,30.9,24.4,2.71,13.6,1,0,0,0,0,0,1,1,0
2026-07-05,12.7,26.5,31.5,24.7,2.78,12.3,1,0,0,0,0,0,1,1,0
2026-07-06,25.9,26.6,29.5,25.2,2.08,11.3,1,0,0,0,0,0,1,1,0
2026-07-07,17.4,26.8,30.3,24.7,3.67,24.0,1,0,0,0,0,1,2,1,0
2026-07-08,9.2,26.9,30.4,24.6,3.69,22.9,1,0,0,0,0,1,2,1,0
2026-07-09,16.9,27.2,32.1,24.5,3.3,20.9,1,0,0,0,0,0,1,1,0
2026-07-10,6.4,28.4,33.1,24.2,4.92,16.1,0,0,0,0,0,0,0,0,0
2026-07-11,1.3,28.8,32.6,25.1,5.63,18.6,0,0,0,0,0,0,0,0,0
2026-07-12,0.5,29.0,33.0,25.5,5.45,17.7,0,0,0,0,0,0,0,0,0
2026-07-13,0.9,29.5,33.8,25.5,5.54,15.4,0,0,0,0,0,0,0,0,0
2026-07-14,1.1,29.9,34.0,25.9,5.69,19.5,0,0,0,0,0,0,0,0,0
2026-07-15,0.1,29.1,32.3,26.3,4.18,12.3,0,0,0,0,0,0,0,0,0
2026-07-16,15.8,28.1,32.4,25.9,3.57,16.7,1,0,0,0,0,0,1,1,0
2026-07-17,34.9,25.7,28.1,24.4,1.36,14.3,1,0,0,0,0,0,1,1,0
2026-07-18,14.2,26.5,30.7,24.0,2.98,13.6,1,0,0,0,0,0,1,1,0
2026-07-19,13.3,27.2,32.1,24.3,3.88,11.7,1,0,0,0,0,0,1,1,0
2026-07-20,15.7,26.5,29.8,24.4,2.81,13.4,1,0,0,0,0,0,1,1,0
2026-07-21,46.4,25.0,26.2,24.1,1.31,13.9,1,0,0,0,0,0,1,1,0
2026-07-22,16.7,24.8,26.5,23.8,1.72,16.9,1,0,0,0,0,0,1,1,0
2026-07-23,10.7,24.5,27.4,23.5,1.72,21.4,1,0,0,0,0,0,1,1,0
2026-07-24,3.8,26.8,30.5,23.9,4.55,16.0,0,0,0,0,0,0,0,0,0
2026-07-25,1.3,28.0,31.7,24.2,4.72,11.6,0,0,0,0,0,0,0,0,0
2026-07-26,4.1,28.0,31.8,24.9,4.3,10.1,0,0,0,0,0,0,0,0,0
2026-07-27,20.2,26.8,32.1,24.3,3.87,12.6,1,0,0,0,0,0,1,1,0
2026-07-28,16.1,26.7,30.7,24.2,3.29,12.0,1,0,0,0,0,0,1,1,0
2026-07-29,41.2,26.5,30.5,24.5,3.24,23.1,1,0,0,0,0,1,2,1,0
2026-07-30,3.9,27.2,30.9,24.9,4.01,18.2,0,0,0,0,0,0,0,0,0
2026-07-31,3.1,26.1,29.2,24.6,3.06,30.4,0,0,0,0,0,1,1,1,0
2026-08-01,3.0,27.4,30.4,24.7,4.62,16.4,0,0,0,0,0,0,0,0,0
2026-08-02,1.7,28.3,32.0,25.5,4.89,13.0,0,0,0,0,0,0,0,0,0
2026-08-03,0.9,28.7,31.9,25.9,4.61,11.3,0,0,0,0,0,0,0,0,0
2026-08-04,9.3,27.4,30.9,24.8,3.34,10.0,1,0,0,0,0,0,1,1,0
2026-08-05,10.9,26.9,30.8,23.8,3.22,12.9,1,0,0,0,0,0,1,1,0
2026-08-06,10.2,26.9,30.6,23.7,3.74,17.3,1,0,0,0,0,0,1,1,0
2026-08-07,13.5,25.5,28.0,24.0,2.66,9.4,1,0,0,0,0,0,1,1,0
2026-08-08,21.0,26.1,30.3,24.2,3.11,14.2,1,0,0,0,0,0,1,1,0
2026-08-09,38.0,24.9,27.5,23.7,1.72,13.0,1,0,0,0,0,0,1,1,0
2026-08-10,10.3,26.4,30.8,24.0,3.87,14.4,1,0,0,0,0,0,1,1,0
2026-08-11,3.5,26.1,29.0,23.6,3.1,9.6,0,0,0,0,0,0,0,0,0
2026-08-12,7.8,26.5,29.6,24.1,3.19,14.6,0,0,0,0,0,0,0,0,0
2026-08-13,4.2,26.9,29.8,24.4,2.81,11.2,0,0,0,0,0,0,0,0,0
2026-08-14,4.4,26.6,29.6,24.7,3.0,11.9,0,0,0,0,0,0,0,0,0
2026-08-15,28.2,25.9,29.1,24.0,2.38,12.5,1,0,0,0,0,0,1,1,0
2026-08-16,9.5,26.0,28.6,24.6,2.29,12.3,1,0,0,0,0,0,1,1,0
2026-08-17,16.1,25.9,28.3,24.0,2.51,10.2,1,0,0,0,0,0,1,1,0
2026-08-18,10.4,25.4,27.2,24.2,1.79,7.4,1,0,0,0,0,0,1,1,0
2026-08-19,24.2,25.2,26.7,24.2,1.29,11.8,1,0,0,0,0,0,1,1,0
2026-08-20,13.9,26.3,29.9,24.3,3.81,15.2,1,0,0,0,0,0,1,1,0
2026-08-21,13.8,26.0,28.5,24.2,2.5,11.7,1,0,0,0,0,0,1,1,0
2026-08-22,27.7,25.6,27.7,24.0,2.1,19.0,1,0,0,0,0,0,1,1,0
2026-08-23,7.0,26.3,29.5,23.9,3.09,16.2,0,0,0,0,0,0,0,0,0
2026-08-24,18.6,25.8,28.1,24.3,1.55,12.9,1,0,0,0,0,0,1,1,0
2026-08-25,27.2,26.1,29.6,23.9,3.18,12.3,1,0,0,0,0,0,1,1,0
2026-08-26,8.2,26.4,30.6,24.2,3.31,9.9,0,0,0,0,0,0,0,0,0
2026-08-27,32.1,25.8,29.6,24.3,2.58,15.7,1,0,0,0,0,0,1,1,0
2026-08-28,5.4,26.0,30.3,23.5,3.92,15.7,0,0,0,0,0,0,0,0,0
2026-08-29,52.8,25.2,27.3,24.4,1.65,11.9,1,0,0,0,0,0,1,1,0
2026-08-30,1.7,26.0,28.3,24.1,2.38,17.4,0,0,0,0,0,0,0,0,0
2026-08-31,5.9,25.6,28.0,23.7,2.07,20.3,0,0,0,0,0,0,0,0,0
2026-09-01,2.2,26.1,29.2,23.4,3.1,15.4,0,0,0,0,0,0,0,0,0
2026-09-02,12.6,24.6,25.8,23.3,1.34,10.7,1,0,0,0,0,0,1,1,0
2026-09-03,26.2,24.4,26.5,22.6,1.74,15.6,1,0,0,0,0,0,1,1,0
2026-09-04,2.0,25.6,29.0,23.4,4.01,18.5,0,0,0,0,0,0,0,0,0
2026-09-05,15.0,24.9,28.4,23.0,2.59,12.0,1,0,0,0,0,0,1,1,0
2026-09-06,0.8,26.6,30.4,23.5,4.47,14.1,0,0,0,0,0,0,0,0,0
2026-09-07,1.5,26.6,30.2,23.5,4.23,12.2,0,0,0,0,0,0,0,0,0
2026-09-08,0.8,27.5,32.1,24.1,4.56,10.4,0,0,0,0,0,0,0,0,0
2026-09-09,0.0,27.8,31.8,24.0,4.85,13.9,0,0,0,0,0,0,0,0,0
2026-09-10,0.0,28.2,31.9,25.1,5.1,17.5,0,0,0,0,0,0,0,0,0
2026-09-11,25.2,26.6,29.3,24.9,3.2,14.2,1,0,0,0,0,0,1,1,0
2026-09-12,10.5,26.3,30.0,24.2,3.48,13.2,1,0,0,0,0,0,1,1,0
2026-09-13,28.9,24.7,26.2,23.7,1.72,19.8,1,0,0,0,0,0,1,1,0
2026-09-14,4.8,25.5,28.7,22.9,3.67,15.2,0,0,0,0,0,0,0,0,0
2026-09-15,2.3,26.2,29.7,23.3,4.14,7.7,0,0,0,0,0,0,0,0,0
2026-09-16,0.2,27.3,31.2,24.2,4.48,6.2,0,0,0,0,0,0,0,0,0
2026-09-17,2.9,27.1,30.8,24.6,4.22,12.8,0,0,0,0,0,0,0,0,0
2026-09-18,4.6,26.7,31.0,24.2,4.2,15.7,0,0,0,0,0,0,0,0,0
2026-09-19,4.1,26.8,30.4,23.5,4.2,6.5,0,0,0,0,0,0,0,0,0
2026-09-20,5.7,26.5,30.4,24.1,3.49,13.4,0,0,0,0,0,0,0,0,0
2026-09-21,8.7,26.3,29.5,24.0,3.56,8.3,1,0,0,0,0,0,1,1,0
2026-09-22,10.5,26.5,30.8,24.4,3.49,9.4,1,0,0,0,0,0,1,1,0
2026-09-23,8.1,27.2,31.8,24.7,4.08,17.2,0,0,0,0,0,0,0,0,0
