latitude,longitude,elevation,utc_offset_seconds,timezone,timezone_abbreviation
21.968365,80.09259,314.0,19800,Asia/Kolkata,GMT+5:30

time,precipitation_sum (mm),temperature_2m_mean (°C),temperature_2m_max (°C),temperature_2m_min (°C),et0_fao_evapotranspiration (mm),wind_speed_10m_max (km/h),flag_precipitation_sum (mm)_outlier,flag_temperature_2m_mean (°C)_outlier,flag_temperature_2m_max (°C)_outlier,flag_temperature_2m_min (°C)_outlier,flag_et0_fao_evapotranspiration (mm)_outlier,flag_wind_speed_10m_max (km/h)_outlier,outlier_feature_count,is_any_outlier,flag_extreme_rain_review
2015-01-01,0.1,20.7,24.1,17.3,2.01,10.7,0,0,0,0,0,0,0,0,0
2015-01-02,1.8,21.4,25.5,17.6,1.93,12.5,0,0,0,0,0,0,0,0,0
2015-01-03,8.6,20.1,24.2,17.3,1.86,9.0,1,0,0,0,0,0,1,1,0
2015-01-04,0.2,19.7,23.7,16.4,2.19,13.7,0,0,0,0,0,0,0,0,0
2015-01-05,0.0,16.9,22.7,12.4,3.28,12.6,0,0,0,0,0,0,0,0,0
2015-01-06,0.0,16.7,25.3,9.0,3.42,9.6,0,0,0,0,0,0,0,0,0
2015-01-07,0.0,17.4,25.8,9.8,3.29,8.5,0,0,0,0,0,0,0,0,0
2015-01-08,0.0,17.5,24.7,10.9,3.84,13.1,0,0,0,0,0,0,0,0,0
2015-01-09,0.0,16.7,24.0,9.7,3.62,11.4,0,0,0,0,0,0,0,0,0
2015-01-10,0.0,16.5,24.5,8.8,3.66,11.5,0,0,0,0,0,0,0,0,0
2015-01-11,0.0,17.1,25.8,9.0,3.85,12.3,0,0,0,0,0,0,0,0,0
2015-01-12,0.0,17.1,25.5,9.1,4.0,14.1,0,0,0,0,0,0,0,0,0
2015-01-13,0.0,16.7,24.8,9.2,3.83,11.5,0,0,0,0,0,0,0,0,0
2015-01-14,0.0,17.9,26.3,9.5,3.65,10.1,0,0,0,0,0,0,0,0,0
2015-01-15,0.0,18.6,27.1,10.1,3.76,11.2,0,0,0,0,0,0,0,0,0
2015-01-16,0.0,18.9,26.2,11.2,3.9,13.6,0,0,0,0,0,0,0,0,0
2015-01-17,0.0,18.2,24.9,12.2,4.1,14.3,0,0,0,0,0,0,0,0,0
2015-01-18,0.0,16.9,24.1,10.0,3.92,11.0,0,0,0,0,0,0,0,0,0
2015-01-19,0.0,17.0,25.4,8.9,3.77,9.5,0,0,0,0,0,0,0,0,0
2015-01-20,0.0,18.5,27.4,9.7,3.74,8.7,0,0,0,0,0,0,0,0,0
2015-01-21,0.0,20.2,28.1,12.9,3.78,8.0,0,0,0,0,0,0,0,0,0
2015-01-22,0.0,21.4,28.1,14.5,4.04,13.0,0,0,0,0,0,0,0,0,0
2015-01-23,0.0,21.3,26.6,16.2,2.99,11.4,0,0,0,0,0,0,0,0,0
2015-01-24,0.0,21.7,27.6,16.8,3.28,13.4,0,0,0,0,0,0,0,0,0
2015-01-25,0.0,22.5,28.4,15.8,3.75,15.5,0,0,0,0,0,0,0,0,0
2015-01-26,0.0,22.8,28.6,17.0,4.01,14.4,0,0,0,0,0,0,0,0,0
2015-01-27,0.0,21.9,28.2,15.2,3.75,15.2,0,0,0,0,0,0,0,0,0
2015-01-28,0.0,21.5,27.3,16.8,3.77,14.9,0,0,0,0,0,0,0,0,0
2015-01-29,0.1,20.2,25.4,16.0,3.53,15.3,0,0,0,0,0,0,0,0,0
2015-01-30,0.0,18.4,25.3,13.0,4.58,14.9,0,0,0,0,0,0,0,0,0
2015-01-31,0.0,18.0,26.1,10.4,4.41,9.8,0,0,0,0,0,0,0,0,0
2015-02-01,0.0,19.8,28.7,10.4,4.24,9.1,0,0,0,0,0,0,0,0,0
2015-02-02,0.0,21.5,30.4,12.9,4.83,11.4,0,0,0,0,0,0,0,0,0
2015-02-03,0.0,23.1,30.9,14.9,4.78,10.5,0,0,0,0,0,0,0,0,0
2015-02-04,0.0,23.2,30.3,15.6,4.3,13.0,0,0,0,0,0,0,0,0,0
2015-02-05,0.0,23.3,29.7,17.6,4.31,12.1,0,0,0,0,0,0,0,0,0
2015-02-06,0.0,23.5,30.6,15.6,4.31,8.5,0,0,0,0,0,0,0,0,0
2015-02-07,0.0,23.9,30.7,16.8,4.55,12.3,0,0,0,0,0,0,0,0,0
2015-02-08,0.0,23.2,29.5,16.7,4.6,15.5,0,0,0,0,0,0,0,0,0
2015-02-09,0.0,22.4,27.4,17.4,3.74,12.4,0,0,0,0,0,0,0,0,0
2015-02-10,0.0,22.8,29.2,16.7,4.16,11.9,0,0,0,0,0,0,0,0,0
2015-02-11,2.4,22.3,30.3,16.2,4.02,8.1,0,0,0,0,0,0,0,0,0
2015-02-12,1.9,21.5,27.7,16.3,3.75,13.2,0,0,0,0,0,0,0,0,0
2015-02-13,0.0,21.7,28.9,15.0,4.58,10.4,0,0,0,0,0,0,0,0,0
2015-02-14,0.0,22.1,30.4,13.6,4.46,9.1,0,0,0,0,0,0,0,0,0
2015-02-15,0.0,25.0,33.0,18.7,5.16,10.0,0,0,0,0,0,0,0,0,0
2015-02-16,0.0,24.1,32.6,15.6,5.37,10.6,0,0,0,0,0,0,0,0,0
2015-02-17,0.0,24.9,33.9,15.9,5.26,10.3,0,0,0,0,0,0,0,0,0
2015-02-18,0.0,25.4,33.5,17.2,5.29,11.5,0,0,0,0,0,0,0,0,0
2015-02-19,0.0,25.1,32.7,17.0,5.2,10.8,0,0,0,0,0,0,0,0,0
2015-02-20,0.0,25.3,32.7,17.1,4.77,9.1,0,0,0,0,0,0,0,0,0
2015-02-21,0.0,25.8,33.4,17.2,5.51,10.5,0,0,0,0,0,0,0,0,0
2015-02-22,0.0,25.9,33.9,17.6,6.06,15.1,0,0,0,0,0,0,0,0,0
2015-02-23,0.0,25.9,34.6,16.6,5.64,9.7,0,0,0,0,0,0,0,0,0
2015-02-24,0.0,26.9,35.1,17.3,4.92,7.9,0,0,0,0,0,0,0,0,0
2015-02-25,0.0,27.8,35.2,20.0,6.19,12.4,0,0,0,0,0,0,0,0,0
2015-02-26,0.0,27.6,34.4,20.5,6.23,15.5,0,0,0,0,0,0,0,0,0
2015-02-27,0.0,27.4,33.3,20.9,4.91,13.4,0,0,0,0,0,0,0,0,0
2015-02-28,0.0,26.7,33.2,20.1,5.73,18.3,0,0,0,0,0,0,0,0,0
2015-03-01,27.9,21.6,25.8,19.5,1.87,12.0,1,0,0,0,0,0,1,1,0
2015-03-02,33.6,21.4,25.3,19.3,2.48,11.9,1,0,0,0,0,0,1,1,0
2015-03-03,2.5,20.9,25.4,17.4,2.76,9.3,0,0,0,0,0,0,0,0,0
2015-03-04,0.0,20.4,25.7,15.7,4.78,12.5,0,0,0,0,0,0,0,0,0
2015-03-05,0.0,20.8,28.3,13.0,4.8,8.8,0,0,0,0,0,0,0,0,0
2015-03-06,0.0,21.9,29.2,14.7,4.95,9.8,0,0,0,0,0,0,0,0,0
2015-03-07,0.0,23.7,29.9,15.8,5.01,7.4,0,0,0,0,0,0,0,0,0
2015-03-08,0.2,24.9,31.8,18.7,5.06,7.6,0,0,0,0,0,0,0,0,0
2015-03-09,1.5,24.6,31.9,19.4,4.72,12.1,0,0,0,0,0,0,0,0,0
2015-03-10,0.2,24.9,31.7,19.4,5.32,12.6,0,0,0,0,0,0,0,0,0
2015-03-11,0.0,25.7,32.5,18.7,5.01,10.2,0,0,0,0,0,0,0,0,0
2015-03-12,1.4,25.1,31.7,19.7,5.06,14.4,0,0,0,0,0,0,0,0,0
2015-03-13,1.7,24.5,32.4,18.0,5.16,17.2,0,0,0,0,0,0,0,0,0
2015-03-14,6.6,23.9,29.8,18.3,4.62,14.4,0,0,0,0,0,0,0,0,0
2015-03-15,0.3,25.7,32.3,20.2,5.22,13.3,0,0,0,0,0,0,0,0,0
2015-03-16,3.4,24.7,31.4,19.6,4.79,12.2,0,0,0,0,0,0,0,0,0
2015-03-17,0.7,25.3,31.0,19.3,4.81,12.3,0,0,0,0,0,0,0,0,0
2015-03-18,0.0,24.8,30.8,20.0,5.97,14.9,0,0,0,0,0,0,0,0,0
2015-03-19,0.0,24.4,31.2,17.1,6.08,13.0,0,0,0,0,0,0,0,0,0
2015-03-20,0.0,25.5,33.1,17.5,6.15,10.9,0,0,0,0,0,0,0,0,0
2015-03-21,0.0,27.0,34.8,19.2,6.79,11.0,0,0,0,0,0,0,0,0,0
2015-03-22,0.0,27.9,36.2,18.7,5.97,9.2,0,0,0,0,0,0,0,0,0
2015-03-23,0.0,28.5,36.7,19.7,6.59,12.9,0,0,0,0,0,0,0,0,0
2015-03-24,0.0,29.2,37.0,20.2,7.12,13.4,0,0,0,0,0,0,0,0,0
2015-03-25,0.0,29.6,37.6,20.2,7.13,14.4,0,0,0,0,0,0,0,0,0
2015-03-26,0.0,30.1,37.6,21.4,6.65,14.4,0,0,0,0,0,0,0,0,0
2015-03-27,0.0,30.4,37.8,22.7,6.56,12.3,0,0,0,0,0,0,0,0,0
2015-03-28,0.0,30.7,37.0,24.0,5.95,9.8,0,0,0,0,0,0,0,0,0
2015-03-29,1.1,30.0,36.7,25.0,5.49,9.7,0,0,0,0,0,0,0,0,0
2015-03-30,0.4,26.6,30.9,22.8,4.02,8.0,0,0,0,0,0,0,0,0,0
2015-03-31,0.0,28.1,34.8,21.0,5.76,11.0,0,0,0,0,0,0,0,0,0
2015-04-01,0.0,30.2,36.9,23.2,6.54,10.5,0,0,0,0,0,0,0,0,0
2015-04-02,0.0,30.6,38.0,23.0,6.8,12.1,0,0,0,0,0,0,0,0,0
2015-04-03,0.0,30.8,38.5,22.7,7.15,12.2,0,0,0,0,0,0,0,0,0
2015-04-04,0.0,30.3,37.7,23.3,7.88,17.1,0,0,0,0,0,0,0,0,0
2015-04-05,0.0,30.2,37.3,22.8,7.29,14.2,0,0,0,0,0,0,0,0,0
2015-04-06,0.0,30.7,37.3,23.2,6.74,11.3,0,0,0,0,0,0,0,0,0
2015-04-07,0.0,30.6,38.4,22.8,6.87,11.7,0,0,0,0,0,0,0,0,0
2015-04-08,2.7,29.2,37.1,24.0,6.06,16.3,0,0,0,0,0,0,0,0,0
2015-04-09,2.4,28.9,35.9,24.1,5.23,9.8,0,0,0,0,0,0,0,0,0
2015-04-10,1.9,30.5,37.1,22.7,5.83,9.5,0,0,0,0,0,0,0,0,0
2015-04-11,0.8,27.8,32.0,24.3,4.19,16.3,0,0,0,0,0,0,0,0,0
2015-04-12,10.6,24.5,31.0,20.3,4.47,15.6,1,0,0,0,0,0,1,1,0
2015-04-13,7.3,23.2,29.0,19.0,4.03,14.1,0,0,0,0,0,0,0,0,0
2015-04-14,5.0,22.8,28.5,18.9,3.88,13.0,0,0,0,0,0,0,0,0,0
2015-04-15,5.7,24.6,29.9,18.7,4.76,9.8,0,0,0,0,0,0,0,0,0
2015-04-16,0.0,25.9,31.3,21.0,4.93,6.3,0,0,0,0,0,0,0,0,0
2015-04-17,0.0,27.8,34.4,21.3,5.92,10.6,0,0,0,0,0,0,0,0,0
2015-04-18,0.0,29.6,37.4,21.2,6.29,11.9,0,0,0,0,0,0,0,0,0
2015-04-19,0.0,31.7,39.8,23.5,6.78,9.5,0,0,0,0,0,0,0,0,0
2015-04-20,0.0,32.4,40.3,24.6,7.02,12.9,0,0,0,0,0,0,0,0,0
2015-04-21,0.0,32.9,40.3,23.7,6.7,11.4,0,0,0,0,0,0,0,0,0
2015-04-22,0.0,32.4,39.8,24.7,6.77,11.2,0,0,0,0,0,0,0,0,0
2015-04-23,0.0,32.8,39.2,28.0,6.9,13.4,0,0,0,0,0,0,0,0,0
2015-04-24,0.0,31.8,38.8,23.9,7.33,12.6,0,0,0,0,0,0,0,0,0
2015-04-25,1.0,29.7,36.7,23.2,6.93,13.7,0,0,0,0,0,0,0,0,0
2015-04-26,1.0,28.4,37.0,23.1,6.48,18.2,0,0,0,0,0,0,0,0,0
2015-04-27,0.0,30.2,38.0,22.5,6.55,18.0,0,0,0,0,0,0,0,0,0
2015-04-28,0.0,32.4,41.4,24.8,7.88,16.6,0,0,0,0,0,0,0,0,0
2015-04-29,0.0,32.4,41.1,22.8,7.3,11.1,0,0,0,0,0,0,0,0,0
2015-04-30,0.0,32.2,39.7,23.8,7.01,11.9,0,0,0,0,0,0,0,0,0
2015-05-01,0.0,33.2,41.1,25.6,7.52,10.9,0,0,0,0,0,0,0,0,0
2015-05-02,0.0,33.2,40.7,25.7,6.87,13.3,0,0,0,0,0,0,0,0,0
2015-05-03,0.0,32.6,39.8,24.9,6.81,8.8,0,0,0,0,0,0,0,0,0
2015-05-04,0.0,32.0,38.5,25.5,6.67,10.8,0,0,0,0,0,0,0,0,0
2015-05-05,0.4,32.0,38.6,25.9,6.56,10.5,0,0,0,0,0,0,0,0,0
2015-05-06,0.0,32.6,40.5,24.4,6.83,12.2,0,0,0,0,0,0,0,0,0
2015-05-07,0.0,33.0,41.3,24.4,7.54,12.9,0,0,0,0,0,0,0,0,0
2015-05-08,0.0,34.1,42.3,25.4,7.28,10.5,0,0,0,0,0,0,0,0,0
2015-05-09,0.0,34.7,42.3,26.1,6.7,8.4,0,0,0,0,0,0,0,0,0
2015-05-10,0.0,33.5,40.4,27.3,6.06,13.8,0,0,0,0,0,0,0,0,0
2015-05-11,3.9,32.3,39.1,26.8,6.31,15.2,0,0,0,0,0,0,0,0,0
2015-05-12,0.3,32.7,39.7,25.8,6.92,14.4,0,0,0,0,0,0,0,0,0
2015-05-13,0.0,33.6,40.4,27.6,6.74,18.3,0,0,0,0,0,0,0,0,0
2015-05-14,3.2,30.1,37.8,24.9,5.16,11.4,0,0,0,0,0,0,0,0,0
2015-05-15,2.3,30.1,35.6,25.6,5.09,13.8,0,0,0,0,0,0,0,0,0
2015-05-16,0.0,30.9,37.2,25.6,6.03,11.6,0,0,0,0,0,0,0,0,0
2015-05-17,0.0,32.2,37.6,26.3,6.45,15.0,0,0,0,0,0,0,0,0,0
2015-05-18,0.0,34.1,41.5,26.9,6.73,15.0,0,0,0,0,0,0,0,0,0
2015-05-19,0.0,36.2,44.3,27.4,8.19,15.8,0,0,1,0,0,0,1,1,0
2015-05-20,0.0,36.4,42.8,30.4,10.1,20.3,0,0,0,0,1,0,1,1,0
2015-05-21,0.0,36.6,44.2,27.7,8.4,17.6,0,0,1,0,0,0,1,1,0
2015-05-22,0.0,36.3,43.8,27.2,8.76,14.5,0,0,1,0,0,0,1,1,0
2015-05-23,0.0,36.9,43.7,30.3,9.14,19.3,0,1,0,0,1,0,2,1,0
2015-05-24,0.0,36.5,43.7,30.4,8.34,14.1,0,0,0,0,0,0,0,0,0
2015-05-25,0.0,36.8,44.1,30.4,9.41,19.0,0,0,1,0,1,0,2,1,0
2015-05-26,0.0,37.6,44.2,31.7,9.21,18.0,0,1,1,0,1,0,3,1,0
2015-05-27,0.0,37.0,43.7,30.7,9.15,21.2,0,1,0,0,1,0,2,1,0
2015-05-28,0.0,36.5,43.9,28.1,9.05,13.8,0,0,1,0,1,0,2,1,0
2015-05-29,0.0,36.7,44.2,28.2,8.23,13.3,0,0,1,0,0,0,1,1,0
2015-05-30,0.0,37.9,44.8,31.2,9.21,13.9,0,1,1,0,1,0,3,1,0
2015-05-31,0.0,37.3,43.9,29.9,7.77,18.0,0,1,1,0,0,0,2,1,0
2015-06-01,0.0,35.1,40.8,31.2,8.55,22.3,0,0,0,0,0,0,0,0,0
2015-06-02,0.8,33.6,39.1,28.4,6.53,13.7,0,0,0,0,0,0,0,0,0
2015-06-03,0.4,32.7,38.5,27.6,6.29,9.0,0,0,0,0,0,0,0,0,0
2015-06-04,0.8,32.7,37.9,27.9,5.46,8.5,0,0,0,0,0,0,0,0,0
2015-06-05,0.0,33.6,39.2,28.5,6.91,14.7,0,0,0,0,0,0,0,0,0
2015-06-06,0.0,33.2,39.3,28.5,6.06,10.5,0,0,0,0,0,0,0,0,0
2015-06-07,0.5,32.0,38.3,27.9,5.85,12.6,0,0,0,0,0,0,0,0,0
2015-06-08,0.5,33.5,39.7,28.6,6.25,12.2,0,0,0,0,0,0,0,0,0
2015-06-09,2.4,32.8,40.8,28.9,6.49,12.7,0,0,0,0,0,0,0,0,0
2015-06-10,0.5,33.9,40.8,29.1,6.64,11.8,0,0,0,0,0,0,0,0,0
2015-06-11,0.4,33.6,38.3,29.7,6.8,16.7,0,0,0,0,0,0,0,0,0
2015-06-12,32.3,28.6,33.3,25.7,3.95,10.1,1,0,0,0,0,0,1,1,0
2015-06-13,16.2,27.1,30.5,25.2,2.71,8.3,1,0,0,0,0,0,1,1,0
2015-06-14,14.6,26.7,30.7,24.3,3.01,9.8,1,0,0,0,0,0,1,1,0
2015-06-15,4.2,28.7,33.9,24.4,4.72,11.0,0,0,0,0,0,0,0,0,0
2015-06-16,15.7,27.6,33.3,24.4,3.56,10.5,1,0,0,0,0,0,1,1,0
2015-06-17,13.5,28.2,33.4,25.3,3.99,9.7,1,0,0,0,0,0,1,1,0
2015-06-18,3.3,28.5,33.3,25.3,4.15,9.3,0,0,0,0,0,0,0,0,0
2015-06-19,20.2,27.5,32.4,24.8,3.91,11.6,1,0,0,0,0,0,1,1,0
2015-06-20,46.7,27.8,33.3,24.8,4.19,10.4,1,0,0,0,0,0,1,1,0
2015-06-21,34.3,27.5,31.0,25.4,3.14,11.3,1,0,0,0,0,0,1,1,0
2015-06-22,25.7,25.9,28.8,24.8,1.67,13.3,1,0,0,0,0,0,1,1,0
2015-06-23,8.1,25.9,28.3,24.3,1.58,14.1,1,0,0,0,0,0,1,1,0
2015-06-24,2.0,26.4,29.2,25.1,2.16,15.5,0,0,0,0,0,0,0,0,0
2015-06-25,0.8,26.5,28.5,24.7,2.78,26.6,0,0,0,0,0,1,1,1,0
2015-06-26,0.0,27.9,31.6,25.3,4.48,17.0,0,0,0,0,0,0,0,0,0
2015-06-27,0.1,28.5,32.5,25.1,4.91,13.8,0,0,0,0,0,0,0,0,0
2015-06-28,3.1,27.7,32.1,24.9,3.73,9.3,0,0,0,0,0,0,0,0,0
2015-06-29,0.0,27.6,30.3,24.9,3.09,8.5,0,0,0,0,0,0,0,0,0
2015-06-30,2.5,27.6,31.6,25.2,3.48,8.4,0,0,0,0,0,0,0,0,0
2015-07-01,6.8,26.4,30.5,24.2,3.01,10.7,0,0,0,0,0,0,0,0,0
2015-07-02,14.3,26.0,28.3,24.1,1.82,9.2,1,0,0,0,0,0,1,1,0
2015-07-03,0.1,28.1,32.5,24.6,4.65,14.6,0,0,0,0,0,0,0,0,0
2015-07-04,0.2,28.3,32.1,24.6,4.76,13.1,0,0,0,0,0,0,0,0,0
2015-07-05,0.1,28.3,32.1,23.8,4.56,16.4,0,0,0,0,0,0,0,0,0
2015-07-06,0.0,27.6,30.5,24.5,3.19,18.0,0,0,0,0,0,0,0,0,0
2015-07-07,0.8,27.6,30.2,24.9,4.13,15.6,0,0,0,0,0,0,0,0,0
2015-07-08,2.2,27.3,30.5,25.7,2.65,16.3,0,0,0,0,0,0,0,0,0
2015-07-09,114.6,25.1,26.1,24.5,1.02,17.0,1,0,0,0,0,0,1,1,1
2015-07-10,53.6,24.5,24.9,23.9,0.88,16.8,1,0,0,0,0,0,1,1,0
2015-07-11,20.5,24.2,24.8,23.3,0.84,14.8,1,0,0,0,0,0,1,1,0
2015-07-12,0.9,27.2,31.8,23.8,4.18,10.5,0,0,0,0,0,0,0,0,0
2015-07-13,10.3,27.1,31.3,24.2,3.04,8.4,1,0,0,0,0,0,1,1,0
2015-07-14,3.9,28.6,32.9,25.2,4.42,14.3,0,0,0,0,0,0,0,0,0
2015-07-15,3.8,28.3,32.7,25.6,3.46,9.3,0,0,0,0,0,0,0,0,0
2015-07-16,0.0,28.7,31.7,25.3,4.31,8.8,0,0,0,0,0,0,0,0,0
2015-07-17,3.1,27.6,30.5,25.6,3.1,11.3,0,0,0,0,0,0,0,0,0
2015-07-18,4.1,26.1,29.7,24.7,2.53,11.4,0,0,0,0,0,0,0,0,0
2015-07-19,2.0,25.5,26.9,23.7,1.77,16.5,0,0,0,0,0,0,0,0,0
2015-07-20,6.6,25.8,28.4,24.3,2.22,19.1,0,0,0,0,0,0,0,0,0
2015-07-21,1.8,25.3,27.9,23.9,1.79,12.4,0,0,0,0,0,0,0,0,0
2015-07-22,15.7,25.7,29.9,24.2,2.44,11.2,1,0,0,0,0,0,1,1,0
2015-07-23,13.4,25.6,27.4,24.1,1.92,13.0,1,0,0,0,0,0,1,1,0
2015-07-24,5.2,25.4,27.7,23.9,2.3,17.3,0,0,0,0,0,0,0,0,0
2015-07-25,8.0,25.4,28.8,23.9,2.36,18.3,1,0,0,0,0,0,1,1,0
2015-07-26,1.4,25.4,28.7,22.7,2.91,15.8,0,0,0,0,0,0,0,0,0
2015-07-27,0.0,26.4,30.4,23.3,3.84,17.4,0,0,0,0,0,0,0,0,0
2015-07-28,0.1,26.5,30.3,22.9,4.04,14.5,0,0,0,0,0,0,0,0,0
2015-07-29,0.4,26.3,29.9,22.8,3.84,17.1,0,0,0,0,0,0,0,0,0
2015-07-30,9.5,26.6,30.4,23.9,3.33,16.9,1,0,0,0,0,0,1,1,0
2015-07-31,0.5,26.9,30.6,23.4,4.2,15.0,0,0,0,0,0,0,0,0,0
2015-08-01,0.0,26.8,30.2,23.6,3.58,10.4,0,0,0,0,0,0,0,0,0
2015-08-02,0.9,26.7,30.3,23.5,4.23,14.4,0,0,0,0,0,0,0,0,0
2015-08-03,31.7,24.1,25.5,23.5,0.83,14.8,1,0,0,0,0,0,1,1,0
2015-08-04,96.4,23.0,24.3,21.7,0.73,22.7,1,0,0,0,0,0,1,1,0
2015-08-05,4.0,22.9,24.4,21.8,1.33,20.9,0,0,0,0,0,0,0,0,0
2015-08-06,4.0,24.6,27.7,22.3,1.98,10.5,0,0,0,0,0,0,0,0,0
2015-08-07,2.4,26.3,30.6,22.6,3.4,5.5,0,0,0,0,0,0,0,0,0
2015-08-08,7.3,26.9,31.3,23.8,3.72,9.8,0,0,0,0,0,0,0,0,0
2015-08-09,1.1,27.3,32.2,24.1,3.9,12.0,0,0,0,0,0,0,0,0,0
2015-08-10,10.9,27.1,32.2,24.3,3.46,10.5,1,0,0,0,0,0,1,1,0
2015-08-11,31.9,26.4,30.8,24.2,2.79,9.3,1,0,0,0,0,0,1,1,0
2015-08-12,12.4,26.8,31.0,24.2,3.28,5.3,1,0,0,0,0,0,1,1,0
2015-08-13,29.9,25.6,29.9,24.2,1.87,11.3,1,0,0,0,0,0,1,1,0
2015-08-14,9.6,25.7,28.9,23.8,2.44,8.9,1,0,0,0,0,0,1,1,0
2015-08-15,6.8,26.0,28.5,24.3,1.96,7.4,0,0,0,0,0,0,0,0,0
2015-08-16,18.2,26.4,29.8,24.7,2.63,10.7,1,0,0,0,0,0,1,1,0
2015-08-17,10.7,25.8,28.1,24.4,1.61,8.9,1,0,0,0,0,0,1,1,0
2015-08-18,5.4,26.3,30.0,24.1,2.48,15.7,0,0,0,0,0,0,0,0,0
2015-08-19,0.1,27.4,30.6,24.6,3.41,12.6,0,0,0,0,0,0,0,0,0
2015-08-20,0.8,27.2,31.2,23.8,3.96,12.2,0,0,0,0,0,0,0,0,0
2015-08-21,0.5,27.0,30.5,23.1,4.1,13.0,0,0,0,0,0,0,0,0,0
2015-08-22,0.8,26.6,29.8,23.9,3.73,11.5,0,0,0,0,0,0,0,0,0
2015-08-23,0.0,26.9,30.8,23.0,4.42,12.5,0,0,0,0,0,0,0,0,0
2015-08-24,0.1,27.1,30.9,23.5,4.47,15.3,0,0,0,0,0,0,0,0,0
2015-08-25,0.0,27.6,31.6,24.1,4.61,16.6,0,0,0,0,0,0,0,0,0
2015-08-26,1.4,27.6,32.0,24.2,4.12,14.7,0,0,0,0,0,0,0,0,0
2015-08-27,12.6,26.8,29.9,24.6,3.16,15.3,1,0,0,0,0,0,1,1,0
2015-08-28,18.9,26.3,30.5,24.4,2.93,14.1,1,0,0,0,0,0,1,1,0
2015-08-29,22.2,25.4,27.8,23.9,1.81,15.4,1,0,0,0,0,0,1,1,0
2015-08-30,25.1,25.2,27.6,24.0,1.22,10.8,1,0,0,0,0,0,1,1,0
2015-08-31,9.9,26.6,30.3,23.8,3.34,11.1,1,0,0,0,0,0,1,1,0
2015-09-01,6.5,26.0,28.8,24.2,2.18,9.2,0,0,0,0,0,0,0,0,0
2015-09-02,0.7,26.4,30.5,24.1,3.31,11.6,0,0,0,0,0,0,0,0,0
2015-09-03,0.2,26.8,30.9,23.2,4.28,6.7,0,0,0,0,0,0,0,0,0
2015-09-04,1.5,26.9,31.6,23.4,4.36,9.7,0,0,0,0,0,0,0,0,0
2015-09-05,0.8,28.1,32.3,25.1,4.15,5.4,0,0,0,0,0,0,0,0,0
2015-09-06,0.2,28.4,32.3,25.3,4.49,8.0,0,0,0,0,0,0,0,0,0
2015-09-07,0.1,27.9,31.7,24.6,4.33,7.4,0,0,0,0,0,0,0,0,0
2015-09-08,0.4,27.3,32.0,23.6,4.28,8.0,0,0,0,0,0,0,0,0,0
2015-09-09,0.2,27.8,32.6,24.0,4.7,8.6,0,0,0,0,0,0,0,0,0
2015-09-10,0.5,28.0,32.7,23.6,4.9,10.1,0,0,0,0,0,0,0,0,0
2015-09-11,0.2,28.2,32.9,23.3,4.58,10.3,0,0,0,0,0,0,0,0,0
2015-09-12,0.2,28.7,33.2,24.5,4.56,8.4,0,0,0,0,0,0,0,0,0
2015-09-13,8.8,27.4,31.9,24.2,3.99,5.6,1,0,0,0,0,0,1,1,0
2015-09-14,5.8,26.9,31.7,23.7,3.82,6.7,0,0,0,0,0,0,0,0,0
2015-09-15,9.5,27.1,31.5,24.8,3.54,11.2,1,0,0,0,0,0,1,1,0
2015-09-16,17.4,26.1,29.8,24.4,2.72,20.5,1,0,0,0,0,0,1,1,0
2015-09-17,61.4,25.5,26.6,24.4,1.86,30.6,1,0,0,0,0,1,2,1,0
2015-09-18,1.2,27.1,30.6,24.9,3.43,23.4,0,0,0,0,0,1,1,1,0
2015-09-19,0.2,27.3,30.9,24.1,3.69,11.2,0,0,0,0,0,0,0,0,0
2015-09-20,8.8,26.0,29.7,24.4,1.77,8.7,1,0,0,0,0,0,1,1,0
2015-09-21,16.0,25.6,28.0,23.9,1.64,6.0,1,0,0,0,0,0,1,1,0
2015-09-22,0.5,26.9,30.8,23.8,3.92,10.3,0,0,0,0,0,0,0,0,0
2015-09-23,0.6,27.0,30.9,24.1,3.63,9.4,0,0,0,0,0,0,0,0,0
2015-09-24,0.6,26.7,30.6,22.9,4.01,9.8,0,0,0,0,0,0,0,0,0
2015-09-25,0.0,26.5,31.4,22.2,4.71,8.5,0,0,0,0,0,0,0,0,0
2015-09-26,0.0,25.5,31.1,20.3,4.55,9.7,0,0,0,0,0,0,0,0,0
2015-09-27,0.0,25.4,30.5,20.3,4.08,10.8,0,0,0,0,0,0,0,0,0
2015-09-28,0.0,26.1,30.8,20.9,4.02,8.7,0,0,0,0,0,0,0,0,0
2015-09-29,0.0,26.8,32.0,21.6,4.51,10.5,0,0,0,0,0,0,0,0,0
2015-09-30,0.0,27.1,32.6,21.6,4.65,7.6,0,0,0,0,0,0,0,0,0
2015-10-01,0.0,27.6,32.1,22.6,4.21,5.4,0,0,0,0,0,0,0,0,0
2015-10-02,0.8,28.1,32.6,24.1,4.06,5.2,0,0,0,0,0,0,0,0,0
2015-10-03,0.0,28.6,32.9,24.5,4.4,10.4,0,0,0,0,0,0,0,0,0
2015-10-04,0.0,27.1,34.1,21.0,5.32,11.0,0,0,0,0,0,0,0,0,0
2015-10-05,0.0,26.7,33.8,20.4,5.12,9.8,0,0,0,0,0,0,0,0,0
2015-10-06,0.0,26.5,33.7,20.0,5.31,14.8,0,0,0,0,0,0,0,0,0
2015-10-07,0.0,26.5,33.6,20.2,5.08,12.1,0,0,0,0,0,0,0,0,0
2015-10-08,0.0,26.8,33.0,21.8,4.76,6.9,0,0,0,0,0,0,0,0,0
2015-10-09,0.0,27.5,33.3,20.9,4.87,10.5,0,0,0,0,0,0,0,0,0
2015-10-10,0.0,28.3,33.6,24.1,4.07,5.4,0,0,0,0,0,0,0,0,0
2015-10-11,0.0,28.2,32.9,22.9,3.96,7.3,0,0,0,0,0,0,0,0,0
2015-10-12,0.0,28.3,33.6,22.2,4.12,7.1,0,0,0,0,0,0,0,0,0
2015-10-13,0.0,27.9,33.6,21.2,4.4,6.2,0,0,0,0,0,0,0,0,0
2015-10-14,0.2,26.8,33.3,20.7,4.47,12.6,0,0,0,0,0,0,0,0,0
2015-10-15,0.0,26.5,31.8,21.8,4.08,7.9,0,0,0,0,0,0,0,0,0
2015-10-16,0.0,26.5,31.6,21.9,4.01,5.9,0,0,0,0,0,0,0,0,0
2015-10-17,0.0,26.7,33.1,21.4,4.56,6.3,0,0,0,0,0,0,0,0,0
2015-10-18,0.0,27.1,32.3,22.2,4.05,6.9,0,0,0,0,0,0,0,0,0
2015-10-19,0.0,27.9,32.6,23.4,3.85,7.9,0,0,0,0,0,0,0,0,0
2015-10-20,0.0,27.8,33.0,23.8,3.98,7.0,0,0,0,0,0,0,0,0,0
2015-10-21,0.0,27.8,32.7,22.2,3.93,7.5,0,0,0,0,0,0,0,0,0
2015-10-22,2.0,26.7,31.5,22.1,3.77,5.7,0,0,0,0,0,0,0,0,0
2015-10-23,0.0,27.1,32.7,21.6,4.3,10.7,0,0,0,0,0,0,0,0,0
2015-10-24,0.4,26.5,32.0,21.0,3.88,7.4,0,0,0,0,0,0,0,0,0
2015-10-25,0.0,26.5,31.3,21.6,3.9,8.4,0,0,0,0,0,0,0,0,0
2015-10-26,0.0,26.1,31.0,20.9,3.73,7.6,0,0,0,0,0,0,0,0,0
2015-10-27,0.4,25.6,31.1,21.0,3.59,6.3,0,0,0,0,0,0,0,0,0
2015-10-28,0.0,25.9,31.1,21.1,3.93,8.6,0,0,0,0,0,0,0,0,0
2015-10-29,3.0,23.5,27.4,20.5,3.22,13.8,0,0,0,0,0,0,0,0,0
2015-10-30,1.6,22.4,26.8,18.4,3.04,8.0,0,0,0,0,0,0,0,0,0
2015-10-31,0.7,23.0,27.2,19.2,2.88,9.0,0,0,0,0,0,0,0,0,0
2015-11-01,0.7,23.3,28.3,18.5,3.04,8.3,0,0,0,0,0,0,0,0,0
2015-11-02,0.0,24.2,29.6,19.1,3.4,6.6,0,0,0,0,0,0,0,0,0
2015-11-03,0.0,24.7,29.6,19.1,3.31,7.9,0,0,0,0,0,0,0,0,0
2015-11-04,0.0,24.8,29.7,20.3,3.15,5.4,0,0,0,0,0,0,0,0,0
2015-11-05,0.0,25.4,30.7,19.2,3.55,5.2,0,0,0,0,0,0,0,0,0
2015-11-06,0.0,25.7,29.6,21.2,2.98,4.6,0,0,0,0,0,0,0,0,0
2015-11-07,0.0,25.2,30.1,20.5,3.14,5.2,0,0,0,0,0,0,0,0,0
2015-11-08,0.0,24.7,30.1,19.2,3.35,7.9,0,0,0,0,0,0,0,0,0
2015-11-09,0.0,24.6,30.1,18.9,3.54,6.4,0,0,0,0,0,0,0,0,0
2015-11-10,0.0,24.7,30.8,18.4,3.86,8.8,0,0,0,0,0,0,0,0,0
2015-11-11,0.0,24.7,31.3,18.3,4.23,9.9,0,0,0,0,0,0,0,0,0
2015-11-12,0.0,24.5,31.1,17.8,4.12,8.7,0,0,0,0,0,0,0,0,0
2015-11-13,0.0,24.3,31.1,17.5,4.33,11.2,0,0,0,0,0,0,0,0,0
2015-11-14,0.0,23.9,30.9,17.0,4.12,8.7,0,0,0,0,0,0,0,0,0
2015-11-15,0.0,24.3,31.5,17.0,4.14,8.6,0,0,0,0,0,0,0,0,0
2015-11-16,0.0,24.3,31.5,17.4,3.86,6.6,0,0,0,0,0,0,0,0,0
2015-11-17,0.0,24.4,31.3,17.4,3.92,6.4,0,0,0,0,0,0,0,0,0
2015-11-18,0.0,24.4,30.2,17.7,4.09,9.5,0,0,0,0,0,0,0,0,0
2015-11-19,0.0,23.9,30.2,18.5,4.1,9.6,0,0,0,0,0,0,0,0,0
2015-11-20,0.0,22.9,30.1,15.9,3.74,8.0,0,0,0,0,0,0,0,0,0
2015-11-21,0.0,22.8,29.6,15.6,3.63,5.9,0,0,0,0,0,0,0,0,0
2015-11-22,0.0,22.6,29.9,15.5,3.68,6.6,0,0,0,0,0,0,0,0,0
2015-11-23,0.0,23.1,29.7,16.9,3.31,5.6,0,0,0,0,0,0,0,0,0
2015-11-24,0.0,23.9,30.3,17.0,3.84,10.9,0,0,0,0,0,0,0,0,0
2015-11-25,0.0,24.1,30.5,17.8,3.95,10.1,0,0,0,0,0,0,0,0,0
2015-11-26,0.0,24.2,31.1,18.0,4.08,10.1,0,0,0,0,0,0,0,0,0
2015-11-27,0.0,24.5,31.1,17.5,3.72,7.1,0,0,0,0,0,0,0,0,0
2015-11-28,0.0,25.0,30.0,19.7,3.51,10.4,0,0,0,0,0,0,0,0,0
2015-11-29,0.0,24.9,31.0,19.0,3.75,10.1,0,0,0,0,0,0,0,0,0
2015-11-30,0.0,24.4,31.0,17.8,3.68,8.7,0,0,0,0,0,0,0,0,0
2015-12-01,0.0,24.4,31.2,17.1,3.76,8.2,0,0,0,0,0,0,0,0,0
2015-12-02,0.0,24.3,30.4,17.1,3.67,6.9,0,0,0,0,0,0,0,0,0
2015-12-03,0.0,24.4,30.2,19.9,3.5,8.0,0,0,0,0,0,0,0,0,0
2015-12-04,0.0,23.4,29.1,18.5,3.95,11.5,0,0,0,0,0,0,0,0,0
2015-12-05,0.0,22.0,29.2,15.1,4.05,10.5,0,0,0,0,0,0,0,0,0
2015-12-06,0.0,21.1,28.9,13.2,3.79,8.3,0,0,0,0,0,0,0,0,0
2015-12-07,0.0,20.7,29.0,12.6,3.96,10.1,0,0,0,0,0,0,0,0,0
2015-12-08,0.0,20.5,29.2,12.5,3.81,8.3,0,0,0,0,0,0,0,0,0
2015-12-09,0.0,20.8,28.9,12.5,3.74,9.0,0,0,0,0,0,0,0,0,0
2015-12-10,0.0,22.4,29.0,15.9,3.74,9.0,0,0,0,0,0,0,0,0,0
2015-12-11,0.0,23.9,29.4,19.1,3.65,13.5,0,0,0,0,0,0,0,0,0
2015-12-12,0.0,23.8,29.5,19.4,3.72,11.4,0,0,0,0,0,0,0,0,0
2015-12-13,0.0,22.6,28.8,16.7,3.81,13.4,0,0,0,0,0,0,0,0,0
2015-12-14,0.0,22.1,27.6,17.9,4.19,14.8,0,0,0,0,0,0,0,0,0
2015-12-15,0.0,19.7,26.2,14.6,4.35,13.3,0,0,0,0,0,0,0,0,0
2015-12-16,0.0,20.0,26.9,12.7,3.06,8.3,0,0,0,0,0,0,0,0,0
2015-12-17,1.8,21.0,27.1,17.1,2.37,11.4,0,0,0,0,0,0,0,0,0
2015-12-18,0.0,19.5,25.4,15.1,4.01,14.0,0,0,0,0,0,0,0,0,0
2015-12-19,0.0,18.2,25.8,10.7,3.49,9.6,0,0,0,0,0,0,0,0,0
2015-12-20,0.0,19.7,26.3,13.4,2.58,10.7,0,0,0,0,0,0,0,0,0
2015-12-21,0.6,20.7,26.0,15.3,2.63,9.7,0,0,0,0,0,0,0,0,0
2015-12-22,0.1,21.1,26.7,15.5,2.96,11.9,0,0,0,0,0,0,0,0,0
2015-12-23,0.0,21.3,26.4,16.9,3.18,13.3,0,0,0,0,0,0,0,0,0
2015-12-24,0.0,18.8,24.2,14.8,4.41,14.4,0,0,0,0,0,0,0,0,0
2015-12-25,0.0,16.1,21.7,11.2,4.07,15.3,0,0,0,0,0,0,0,0,0
2015-12-26,0.0,16.0,23.5,8.6,3.47,8.5,0,0,0,0,0,0,0,0,0
2015-12-27,0.0,18.0,26.6,10.4,4.05,9.6,0,0,0,0,0,0,0,0,0
2015-12-28,0.0,19.2,28.4,11.0,4.06,10.1,0,0,0,0,0,0,0,0,0
2015-12-29,0.0,20.0,29.2,11.7,3.96,10.1,0,0,0,0,0,0,0,0,0
2015-12-30,0.0,20.6,29.3,11.8,3.42,7.9,0,0,0,0,0,0,0,0,0
2015-12-31,0.0,21.5,30.6,13.0,3.39,7.6,0,0,0,0,0,0,0,0,0
2016-01-01,0.0,22.3,30.3,14.5,3.44,6.4,0,0,0,0,0,0,0,0,0
2016-01-02,0.0,22.1,29.3,15.1,3.91,11.6,0,0,0,0,0,0,0,0,0
2016-01-03,0.0,21.1,28.1,14.8,4.17,9.8,0,0,0,0,0,0,0,0,0
2016-01-04,0.0,20.1,28.2,12.1,3.77,8.3,0,0,0,0,0,0,0,0,0
2016-01-05,0.0,20.5,28.4,12.1,3.48,6.4,0,0,0,0,0,0,0,0,0
2016-01-06,0.0,21.1,28.8,13.1,3.74,8.9,0,0,0,0,0,0,0,0,0
2016-01-07,0.0,21.9,28.4,15.0,3.35,8.7,0,0,0,0,0,0,0,0,0
2016-01-08,0.0,21.9,28.4,14.8,3.51,8.8,0,0,0,0,0,0,0,0,0
2016-01-09,0.0,21.0,28.1,14.4,3.83,11.6,0,0,0,0,0,0,0,0,0
2016-01-10,0.0,19.5,27.1,12.0,3.61,7.2,0,0,0,0,0,0,0,0,0
2016-01-11,0.0,19.4,27.6,11.4,3.96,8.6,0,0,0,0,0,0,0,0,0
2016-01-12,0.0,19.6,27.8,11.1,3.85,7.1,0,0,0,0,0,0,0,0,0
2016-01-13,0.0,20.8,28.2,13.1,3.73,9.2,0,0,0,0,0,0,0,0,0
2016-01-14,0.0,22.2,28.2,16.4,3.7,10.0,0,0,0,0,0,0,0,0,0
2016-01-15,0.0,21.5,26.7,15.3,3.4,14.7,0,0,0,0,0,0,0,0,0
2016-01-16,0.4,21.0,26.6,15.4,3.0,10.0,0,0,0,0,0,0,0,0,0
2016-01-17,3.8,20.2,25.3,15.5,2.65,9.7,0,0,0,0,0,0,0,0,0
2016-01-18,1.3,20.1,25.0,16.0,2.47,10.7,0,0,0,0,0,0,0,0,0
2016-01-19,1.0,20.3,25.0,17.1,2.68,20.6,0,0,0,0,0,0,0,0,0
2016-01-20,0.0,17.8,21.7,14.0,3.35,14.5,0,0,0,0,0,0,0,0,0
2016-01-21,0.0,16.0,22.2,10.7,3.82,12.6,0,0,0,0,0,0,0,0,0
2016-01-22,0.0,15.1,22.4,8.1,3.75,10.1,0,0,0,0,0,0,0,0,0
2016-01-23,0.0,15.3,24.0,7.0,3.62,7.6,0,0,0,0,0,0,0,0,0
2016-01-24,0.0,16.8,25.6,8.1,3.56,6.5,0,0,0,0,0,0,0,0,0
2016-01-25,0.0,17.9,26.8,9.4,3.73,6.4,0,0,0,0,0,0,0,0,0
2016-01-26,0.0,19.9,27.7,11.0,3.96,9.7,0,0,0,0,0,0,0,0,0
2016-01-27,0.0,22.0,29.4,16.5,3.97,8.7,0,0,0,0,0,0,0,0,0
2016-01-28,0.0,20.9,29.3,12.6,4.49,12.2,0,0,0,0,0,0,0,0,0
2016-01-29,0.0,21.7,30.2,13.1,4.15,8.7,0,0,0,0,0,0,0,0,0
2016-01-30,0.0,23.0,32.3,14.3,4.17,7.6,0,0,0,0,0,0,0,0,0
2016-01-31,0.0,23.5,32.1,15.0,4.52,9.3,0,0,0,0,0,0,0,0,0
2016-02-01,0.0,23.3,31.7,14.9,4.27,7.9,0,0,0,0,0,0,0,0,0
2016-02-02,0.0,23.7,32.1,15.7,4.71,13.7,0,0,0,0,0,0,0,0,0
2016-02-03,0.0,22.1,29.1,16.1,5.03,13.7,0,0,0,0,0,0,0,0,0
2016-02-04,0.0,20.6,27.9,14.1,4.99,11.9,0,0,0,0,0,0,0,0,0
2016-02-05,0.0,20.7,29.3,11.8,4.21,9.2,0,0,0,0,0,0,0,0,0
2016-02-06,0.0,22.1,30.8,12.3,4.73,9.6,0,0,0,0,0,0,0,0,0
2016-02-07,0.0,24.2,29.7,18.8,4.11,16.3,0,0,0,0,0,0,0,0,0
2016-02-08,0.0,23.1,29.0,18.5,5.78,15.4,0,0,0,0,0,0,0,0,0
2016-02-09,0.0,21.6,29.2,13.8,4.67,10.4,0,0,0,0,0,0,0,0,0
2016-02-10,0.0,23.5,31.5,15.0,4.36,13.0,0,0,0,0,0,0,0,0,0
2016-02-11,0.1,25.5,32.2,19.9,4.69,12.1,0,0,0,0,0,0,0,0,0
2016-02-12,0.0,24.4,31.4,16.7,5.09,10.3,0,0,0,0,0,0,0,0,0
2016-02-13,0.6,24.8,31.5,18.3,4.23,10.7,0,0,0,0,0,0,0,0,0
2016-02-14,0.0,25.4,32.0,19.0,4.85,11.9,0,0,0,0,0,0,0,0,0
2016-02-15,0.1,25.6,30.6,19.7,4.12,12.8,0,0,0,0,0,0,0,0,0
2016-02-16,0.0,26.4,32.9,20.2,5.09,12.6,0,0,0,0,0,0,0,0,0
2016-02-17,0.0,26.7,33.4,19.4,4.75,7.4,0,0,0,0,0,0,0,0,0
2016-02-18,0.0,27.2,34.4,19.2,5.12,8.4,0,0,0,0,0,0,0,0,0
2016-02-19,0.0,27.8,35.0,21.4,5.4,9.2,0,0,0,0,0,0,0,0,0
2016-02-20,0.0,28.5,35.0,23.1,5.08,9.3,0,0,0,0,0,0,0,0,0
2016-02-21,0.0,27.5,33.2,21.7,4.62,11.5,0,0,0,0,0,0,0,0,0
2016-02-22,0.0,27.0,33.3,20.9,5.44,13.0,0,0,0,0,0,0,0,0,0
2016-02-23,0.0,26.8,33.1,21.5,5.74,12.3,0,0,0,0,0,0,0,0,0
2016-02-24,0.0,26.7,33.0,20.7,5.18,10.2,0,0,0,0,0,0,0,0,0
2016-02-25,0.2,27.1,32.8,21.9,4.53,9.1,0,0,0,0,0,0,0,0,0
2016-02-26,10.9,25.6,32.1,21.7,3.66,9.4,1,0,0,0,0,0,1,1,0
2016-02-27,1.2,24.3,29.6,19.4,3.43,7.2,0,0,0,0,0,0,0,0,0
2016-02-28,0.0,24.9,31.0,17.8,4.07,7.9,0,0,0,0,0,0,0,0,0
2016-02-29,0.0,24.9,30.2,20.7,3.83,6.1,0,0,0,0,0,0,0,0,0
2016-03-01,0.3,25.2,32.2,19.0,4.37,6.6,0,0,0,0,0,0,0,0,0
2016-03-02,0.0,26.2,34.2,17.8,5.26,7.0,0,0,0,0,0,0,0,0,0
2016-03-03,0.0,27.3,34.3,20.3,4.82,7.6,0,0,0,0,0,0,0,0,0
2016-03-04,0.3,28.1,35.2,21.8,5.28,11.2,0,0,0,0,0,0,0,0,0
2016-03-05,0.0,27.6,33.7,21.0,4.69,7.4,0,0,0,0,0,0,0,0,0
2016-03-06,11.2,25.7,31.3,20.7,4.46,12.0,1,0,0,0,0,0,1,1,0
2016-03-07,1.9,25.7,32.1,20.0,5.04,15.2,0,0,0,0,0,0,0,0,0
2016-03-08,0.0,26.5,32.6,20.0,5.1,14.1,0,0,0,0,0,0,0,0,0
2016-03-09,0.0,27.5,32.6,23.0,4.63,12.1,0,0,0,0,0,0,0,0,0
2016-03-10,0.0,28.4,34.8,23.1,5.08,7.2,0,0,0,0,0,0,0,0,0
2016-03-11,0.0,28.3,35.9,19.7,5.07,6.5,0,0,0,0,0,0,0,0,0
2016-03-12,0.6,28.4,36.1,21.2,5.95,18.4,0,0,0,0,0,0,0,0,0
2016-03-13,1.2,26.2,31.5,21.3,4.55,11.6,0,0,0,0,0,0,0,0,0
2016-03-14,0.0,26.1,32.0,20.2,5.07,8.4,0,0,0,0,0,0,0,0,0
2016-03-15,0.0,25.6,31.3,18.7,5.2,15.5,0,0,0,0,0,0,0,0,0
2016-03-16,0.0,26.5,32.8,19.5,5.9,12.9,0,0,0,0,0,0,0,0,0
2016-03-17,0.0,27.0,33.1,19.2,5.1,9.5,0,0,0,0,0,0,0,0,0
2016-03-18,0.0,29.5,35.8,23.7,5.26,11.9,0,0,0,0,0,0,0,0,0
2016-03-19,0.0,29.8,37.2,22.3,6.95,14.9,0,0,0,0,0,0,0,0,0
2016-03-20,0.0,29.4,37.2,21.3,7.19,15.8,0,0,0,0,0,0,0,0,0
2016-03-21,0.0,29.5,37.6,20.3,6.94,11.0,0,0,0,0,0,0,0,0,0
2016-03-22,0.0,28.7,36.5,20.5,7.52,13.6,0,0,0,0,0,0,0,0,0
2016-03-23,0.0,28.1,36.7,18.6,7.54,12.7,0,0,0,0,0,0,0,0,0
2016-03-24,0.0,28.8,38.3,17.5,6.97,11.8,0,0,0,0,0,0,0,0,0
2016-03-25,0.0,30.2,39.9,19.1,6.37,8.1,0,0,0,0,0,0,0,0,0
2016-03-26,0.0,31.6,40.3,20.9,6.73,12.0,0,0,0,0,0,0,0,0,0
2016-03-27,5.2,30.2,37.4,22.8,5.69,16.0,0,0,0,0,0,0,0,0,0
2016-03-28,0.0,28.6,35.4,22.0,6.04,11.9,0,0,0,0,0,0,0,0,0
2016-03-29,0.0,30.4,37.5,22.2,6.26,10.7,0,0,0,0,0,0,0,0,0
2016-03-30,0.0,30.2,38.4,21.8,6.09,9.0,0,0,0,0,0,0,0,0,0
2016-03-31,0.0,30.6,38.1,21.8,6.26,10.8,0,0,0,0,0,0,0,0,0
2016-04-01,0.0,31.7,39.0,22.2,6.34,8.2,0,0,0,0,0,0,0,0,0
2016-04-02,0.0,32.5,40.8,23.3,6.65,8.1,0,0,0,0,0,0,0,0,0
2016-04-03,0.0,33.4,41.3,24.6,6.74,11.3,0,0,0,0,0,0,0,0,0
2016-04-04,0.3,33.4,40.7,25.9,6.15,9.5,0,0,0,0,0,0,0,0,0
2016-04-05,0.6,33.2,40.2,27.8,6.2,12.5,0,0,0,0,0,0,0,0,0
2016-04-06,2.2,31.1,38.1,25.5,6.42,14.8,0,0,0,0,0,0,0,0,0
2016-04-07,1.3,30.6,37.8,26.0,6.12,13.3,0,0,0,0,0,0,0,0,0
2016-04-08,0.6,31.4,37.9,23.3,5.96,11.5,0,0,0,0,0,0,0,0,0
2016-04-09,0.0,32.6,38.4,25.1,6.67,14.0,0,0,0,0,0,0,0,0,0
2016-04-10,0.0,33.0,39.0,25.3,6.87,12.4,0,0,0,0,0,0,0,0,0
2016-04-11,0.0,33.7,40.4,27.5,7.33,13.4,0,0,0,0,0,0,0,0,0
2016-04-12,0.0,33.3,39.7,27.0,7.97,15.0,0,0,0,0,0,0,0,0,0
2016-04-13,0.0,32.7,39.2,25.6,8.58,14.4,0,0,0,0,0,0,0,0,0
2016-04-14,0.0,33.0,40.9,24.0,7.15,9.4,0,0,0,0,0,0,0,0,0
2016-04-15,0.0,34.0,41.4,26.0,7.17,9.0,0,0,0,0,0,0,0,0,0
2016-04-16,0.0,35.3,42.4,26.1,7.45,9.8,0,0,0,0,0,0,0,0,0
2016-04-17,0.0,34.6,41.3,27.3,7.39,11.5,0,0,0,0,0,0,0,0,0
2016-04-18,0.0,34.5,41.3,26.6,7.2,9.4,0,0,0,0,0,0,0,0,0
2016-04-19,0.0,35.1,41.6,28.5,6.88,8.4,0,0,0,0,0,0,0,0,0
2016-04-20,0.0,35.5,42.3,29.4,7.15,10.8,0,0,0,0,0,0,0,0,0
2016-04-21,0.0,35.7,42.9,27.7,8.24,15.6,0,0,0,0,0,0,0,0,0
2016-04-22,0.0,35.8,42.8,29.9,9.51,17.4,0,0,0,0,1,0,1,1,0
2016-04-23,0.0,34.0,40.1,27.8,9.22,18.1,0,0,0,0,1,0,1,1,0
2016-04-24,0.0,34.1,40.7,26.4,7.67,9.8,0,0,0,0,0,0,0,0,0
2016-04-25,0.0,34.2,41.6,25.4,7.7,13.4,0,0,0,0,0,0,0,0,0
2016-04-26,0.0,35.2,42.1,27.2,7.3,9.2,0,0,0,0,0,0,0,0,0
2016-04-27,0.7,34.8,41.5,28.6,7.35,12.2,0,0,0,0,0,0,0,0,0
2016-04-28,1.0,34.6,40.5,27.0,7.58,12.9,0,0,0,0,0,0,0,0,0
2016-04-29,2.3,34.3,41.5,28.0,7.84,16.1,0,0,0,0,0,0,0,0,0
2016-04-30,0.2,34.6,41.6,28.1,7.76,13.9,0,0,0,0,0,0,0,0,0
2016-05-01,0.0,33.5,42.0,25.3,7.51,12.7,0,0,0,0,0,0,0,0,0
2016-05-02,0.0,35.0,42.5,27.9,7.98,16.1,0,0,0,0,0,0,0,0,0
2016-05-03,0.1,34.0,40.9,27.9,7.54,18.8,0,0,0,0,0,0,0,0,0
2016-05-04,0.6,32.2,39.6,26.6,6.93,15.3,0,0,0,0,0,0,0,0,0
2016-05-05,1.7,30.7,37.9,26.1,6.93,20.4,0,0,0,0,0,0,0,0,0
2016-05-06,1.1,30.2,35.9,25.4,6.84,15.0,0,0,0,0,0,0,0,0,0
2016-05-07,0.0,31.3,37.0,25.5,6.49,9.6,0,0,0,0,0,0,0,0,0
2016-05-08,2.3,31.5,38.1,27.0,6.11,14.6,0,0,0,0,0,0,0,0,0
2016-05-09,0.0,31.8,38.5,25.5,6.49,11.2,0,0,0,0,0,0,0,0,0
2016-05-10,0.0,31.8,38.4,25.2,6.29,12.3,0,0,0,0,0,0,0,0,0
2016-05-11,2.2,32.9,39.9,27.2,6.32,15.6,0,0,0,0,0,0,0,0,0
2016-05-12,0.0,34.4,42.0,26.8,7.27,10.3,0,0,0,0,0,0,0,0,0
2016-05-13,0.0,35.4,42.2,29.5,7.77,13.4,0,0,0,0,0,0,0,0,0
2016-05-14,0.0,35.9,43.6,27.6,6.85,7.4,0,0,0,0,0,0,0,0,0
2016-05-15,0.0,36.4,43.2,30.2,8.46,14.7,0,0,0,0,0,0,0,0,0
2016-05-16,0.0,36.7,42.4,30.9,8.84,17.1,0,0,0,0,1,0,1,1,0
2016-05-17,0.0,37.0,42.2,32.0,8.09,14.5,0,1,0,0,0,0,1,1,0
2016-05-18,0.0,36.0,42.4,30.4,7.69,15.4,0,0,0,0,0,0,0,0,0
2016-05-19,0.0,35.6,40.3,30.8,7.15,13.0,0,0,0,0,0,0,0,0,0
2016-05-20,0.0,35.8,41.2,30.4,7.1,12.2,0,0,0,0,0,0,0,0,0
2016-05-21,0.0,36.9,45.0,29.4,8.76,24.1,0,1,1,0,0,1,3,1,0
2016-05-22,0.0,36.5,43.4,31.0,8.78,16.2,0,0,0,0,0,0,0,0,0
2016-05-23,0.0,36.0,41.9,31.1,8.06,14.7,0,0,0,0,0,0,0,0,0
2016-05-24,0.0,35.6,41.9,29.2,8.08,17.3,0,0,0,0,0,0,0,0,0
2016-05-25,0.0,35.4,41.9,31.0,9.53,26.7,0,0,0,0,1,1,2,1,0
2016-05-26,0.0,34.0,40.3,27.4,6.96,13.0,0,0,0,0,0,0,0,0,0
2016-05-27,0.0,35.9,41.6,30.5,8.31,18.1,0,0,0,0,0,0,0,0,0
2016-05-28,0.4,35.7,41.4,29.4,7.3,15.9,0,0,0,0,0,0,0,0,0
2016-05-29,0.0,35.2,40.4,29.7,7.27,13.6,0,0,0,0,0,0,0,0,0
2016-05-30,0.0,34.4,40.1,28.3,7.31,16.6,0,0,0,0,0,0,0,0,0
2016-05-31,0.0,34.7,40.5,28.5,6.54,10.8,0,0,0,0,0,0,0,0,0
2016-06-01,0.0,35.9,41.2,29.4,6.39,9.3,0,0,0,0,0,0,0,0,0
2016-06-02,0.0,35.9,41.5,29.6,6.55,11.6,0,0,0,0,0,0,0,0,0
2016-06-03,0.0,36.8,42.9,30.5,8.3,20.0,0,0,0,0,0,0,0,0,0
2016-06-04,0.2,35.8,41.7,29.7,7.86,20.2,0,0,0,0,0,0,0,0,0
2016-06-05,1.2,33.8,40.0,29.8,6.9,16.2,0,0,0,0,0,0,0,0,0
2016-06-06,0.9,33.5,39.7,28.5,6.75,16.9,0,0,0,0,0,0,0,0,0
2016-06-07,0.1,34.0,40.4,28.7,6.37,15.9,0,0,0,0,0,0,0,0,0
2016-06-08,0.0,33.9,38.9,28.8,6.24,16.1,0,0,0,0,0,0,0,0,0
2016-06-09,1.2,33.2,39.8,29.1,6.77,16.5,0,0,0,0,0,0,0,0,0
2016-06-10,0.0,34.5,40.8,28.0,7.32,13.8,0,0,0,0,0,0,0,0,0
2016-06-11,0.0,35.2,40.8,30.1,7.36,16.6,0,0,0,0,0,0,0,0,0
2016-06-12,0.0,34.1,40.4,27.7,7.1,15.2,0,0,0,0,0,0,0,0,0
2016-06-13,0.0,35.0,40.6,29.2,7.18,16.3,0,0,0,0,0,0,0,0,0
2016-06-14,0.0,35.0,40.2,30.2,7.65,13.7,0,0,0,0,0,0,0,0,0
2016-06-15,0.1,34.1,39.1,30.2,7.12,15.8,0,0,0,0,0,0,0,0,0
2016-06-16,1.7,33.6,38.4,30.2,6.02,14.6,0,0,0,0,0,0,0,0,0
2016-06-17,5.6,30.7,37.3,26.7,4.2,15.1,0,0,0,0,0,0,0,0,0
2016-06-18,24.9,27.1,30.0,25.1,2.09,11.9,1,0,0,0,0,0,1,1,0
2016-06-19,5.3,28.5,32.6,25.5,3.88,10.2,0,0,0,0,0,0,0,0,0
2016-06-20,2.2,29.2,33.3,25.3,4.8,12.3,0,0,0,0,0,0,0,0,0
2016-06-21,0.1,30.7,34.6,27.6,5.96,13.3,0,0,0,0,0,0,0,0,0
2016-06-22,0.3,31.4,35.8,28.1,6.09,13.9,0,0,0,0,0,0,0,0,0
2016-06-23,6.4,30.1,36.3,27.0,4.93,9.5,0,0,0,0,0,0,0,0,0
2016-06-24,32.9,27.9,31.7,24.9,3.31,11.4,1,0,0,0,0,0,1,1,0
2016-06-25,7.6,27.9,33.4,24.6,3.81,7.9,0,0,0,0,0,0,0,0,0
2016-06-26,9.5,28.6,33.6,25.5,4.55,5.9,1,0,0,0,0,0,1,1,0
2016-06-27,23.5,28.1,33.5,25.4,3.86,7.9,1,0,0,0,0,0,1,1,0
2016-06-28,28.9,27.2,29.8,24.7,2.53,16.2,1,0,0,0,0,0,1,1,0
2016-06-29,3.0,29.0,33.1,25.3,4.61,11.6,0,0,0,0,0,0,0,0,0
2016-06-30,2.9,29.8,34.2,26.1,4.74,11.7,0,0,0,0,0,0,0,0,0
2016-07-01,30.0,28.0,32.1,25.5,3.15,12.0,1,0,0,0,0,0,1,1,0
2016-07-02,25.0,26.8,30.1,25.0,2.22,9.4,1,0,0,0,0,0,1,1,0
2016-07-03,43.4,25.3,26.6,24.8,0.95,15.5,1,0,0,0,0,0,1,1,0
2016-07-04,28.8,25.3,27.2,24.7,1.29,14.2,1,0,0,0,0,0,1,1,0
2016-07-05,39.6,24.7,25.1,24.2,0.78,19.0,1,0,0,0,0,0,1,1,0
2016-07-06,79.9,24.8,26.2,23.9,1.51,19.5,1,0,0,0,0,0,1,1,0
2016-07-07,123.7,24.4,26.7,23.6,1.07,19.9,1,0,0,0,0,0,1,1,1
2016-07-08,45.7,25.2,28.9,23.5,1.89,19.0,1,0,0,0,0,0,1,1,0
2016-07-09,24.1,26.0,29.0,24.5,2.18,10.4,1,0,0,0,0,0,1,1,0
2016-07-10,31.9,26.0,30.0,24.0,2.35,11.2,1,0,0,0,0,0,1,1,0
2016-07-11,30.9,26.6,30.8,24.8,2.61,10.7,1,0,0,0,0,0,1,1,0
2016-07-12,15.7,25.3,26.4,24.6,1.26,15.1,1,0,0,0,0,0,1,1,0
2016-07-13,4.2,25.8,29.6,23.4,2.78,17.7,0,0,0,0,0,0,0,0,0
2016-07-14,0.0,27.6,31.2,24.7,4.25,14.2,0,0,0,0,0,0,0,0,0
2016-07-15,22.0,26.1,28.5,24.8,1.41,8.7,1,0,0,0,0,0,1,1,0
2016-07-16,4.6,25.7,28.2,24.4,1.6,12.4,0,0,0,0,0,0,0,0,0
2016-07-17,8.1,26.4,30.0,24.5,2.65,12.9,1,0,0,0,0,0,1,1,0
2016-07-18,7.1,25.3,27.4,23.9,1.79,12.3,0,0,0,0,0,0,0,0,0
2016-07-19,11.0,25.6,28.8,23.6,2.29,11.1,1,0,0,0,0,0,1,1,0
2016-07-20,2.1,27.0,31.4,24.1,3.32,9.7,0,0,0,0,0,0,0,0,0
2016-07-21,12.9,26.9,30.6,24.6,2.53,6.0,1,0,0,0,0,0,1,1,0
2016-07-22,39.2,25.8,29.5,24.3,2.07,6.5,1,0,0,0,0,0,1,1,0
2016-07-23,2.0,26.3,30.2,24.0,3.1,6.3,0,0,0,0,0,0,0,0,0
2016-07-24,2.1,27.1,30.3,24.2,3.63,10.1,0,0,0,0,0,0,0,0,0
2016-07-25,6.3,27.1,31.3,24.3,3.56,9.2,0,0,0,0,0,0,0,0,0
2016-07-26,8.2,25.6,28.5,23.9,2.39,11.4,1,0,0,0,0,0,1,1,0
2016-07-27,11.0,25.0,28.5,23.5,1.72,14.1,1,0,0,0,0,0,1,1,0
2016-07-28,4.9,26.3,30.4,24.0,3.45,15.6,0,0,0,0,0,0,0,0,0
2016-07-29,3.9,26.2,29.9,23.8,2.84,11.6,0,0,0,0,0,0,0,0,0
2016-07-30,7.9,26.2,29.6,23.6,2.74,7.6,1,0,0,0,0,0,1,1,0
2016-07-31,3.5,26.0,28.6,24.3,2.47,9.2,0,0,0,0,0,0,0,0,0
2016-08-01,13.8,25.2,29.2,23.6,1.92,8.4,1,0,0,0,0,0,1,1,0
2016-08-02,10.3,25.9,29.2,24.4,2.78,10.0,1,0,0,0,0,0,1,1,0
2016-08-03,20.9,25.5,29.0,24.1,2.07,8.4,1,0,0,0,0,0,1,1,0
2016-08-04,13.4,25.3,28.0,23.9,1.73,11.4,1,0,0,0,0,0,1,1,0
2016-08-05,25.6,25.0,26.6,24.0,1.09,14.2,1,0,0,0,0,0,1,1,0
2016-08-06,12.0,24.8,26.4,24.0,1.11,16.3,1,0,0,0,0,0,1,1,0
2016-08-07,6.1,24.5,25.9,23.5,1.21,15.4,0,0,0,0,0,0,0,0,0
2016-08-08,0.5,26.0,29.7,23.2,3.24,17.6,0,0,0,0,0,0,0,0,0
2016-08-09,1.3,25.8,28.1,24.5,2.28,17.8,0,0,0,0,0,0,0,0,0
2016-08-10,8.2,24.9,26.5,23.9,1.73,14.1,1,0,0,0,0,0,1,1,0
2016-08-11,2.2,25.5,27.9,23.6,1.77,9.8,0,0,0,0,0,0,0,0,0
2016-08-12,3.7,25.6,28.2,23.7,2.35,14.5,0,0,0,0,0,0,0,0,0
2016-08-13,24.9,25.0,27.3,23.4,1.54,11.5,1,0,0,0,0,0,1,1,0
2016-08-14,4.8,25.3,27.2,24.1,1.99,17.8,0,0,0,0,0,0,0,0,0
2016-08-15,14.8,24.7,26.1,23.8,1.07,15.4,1,0,0,0,0,0,1,1,0
2016-08-16,27.4,24.4,26.1,23.5,1.21,13.6,1,0,0,0,0,0,1,1,0
2016-08-17,6.0,24.2,25.9,23.0,1.24,13.1,0,0,0,0,0,0,0,0,0
2016-08-18,33.0,24.0,25.0,23.2,0.91,12.5,1,0,0,0,0,0,1,1,0
2016-08-19,4.3,24.2,25.6,23.2,1.36,15.3,0,0,0,0,0,0,0,0,0
2016-08-20,0.9,25.0,28.2,23.1,2.65,20.2,0,0,0,0,0,0,0,0,0
2016-08-21,0.2,25.5,29.5,21.1,3.8,17.1,0,0,0,0,0,0,0,0,0
2016-08-22,0.0,26.2,29.7,22.8,3.48,11.3,0,0,0,0,0,0,0,0,0
2016-08-23,6.6,25.3,28.5,23.6,2.11,13.2,0,0,0,0,0,0,0,0,0
2016-08-24,0.8,26.6,30.5,23.1,3.83,9.5,0,0,0,0,0,0,0,0,0
2016-08-25,1.8,26.9,31.1,23.7,3.23,8.3,0,0,0,0,0,0,0,0,0
2016-08-26,21.7,25.1,28.3,23.9,1.8,12.6,1,0,0,0,0,0,1,1,0
2016-08-27,9.6,25.9,30.0,24.0,2.42,9.0,1,0,0,0,0,0,1,1,0
2016-08-28,1.6,27.8,32.4,24.2,4.36,8.8,0,0,0,0,0,0,0,0,0
2016-08-29,3.4,28.2,32.3,24.6,4.27,7.4,0,0,0,0,0,0,0,0,0
2016-08-30,9.7,27.4,32.3,24.2,3.88,9.5,1,0,0,0,0,0,1,1,0
2016-08-31,21.2,25.7,29.3,24.1,2.11,6.0,1,0,0,0,0,0,1,1,0
2016-09-01,10.3,25.8,29.7,23.5,2.6,12.1,1,0,0,0,0,0,1,1,0
2016-09-02,20.6,25.5,28.1,23.8,2.03,11.7,1,0,0,0,0,0,1,1,0
2016-09-03,10.0,26.1,29.3,24.1,2.56,13.2,1,0,0,0,0,0,1,1,0
2016-09-04,0.7,25.9,29.0,23.9,2.24,10.0,0,0,0,0,0,0,0,0,0
2016-09-05,0.5,25.8,29.6,23.1,3.56,13.8,0,0,0,0,0,0,0,0,0
2016-09-06,0.1,25.6,29.1,22.9,4.11,15.9,0,0,0,0,0,0,0,0,0
2016-09-07,0.0,25.9,29.1,23.4,3.84,14.2,0,0,0,0,0,0,0,0,0
2016-09-08,0.5,25.8,28.8,23.9,2.64,12.7,0,0,0,0,0,0,0,0,0
2016-09-09,1.7,26.7,30.2,24.4,3.46,16.5,0,0,0,0,0,0,0,0,0
2016-09-10,2.6,27.1,30.1,25.2,3.43,17.1,0,0,0,0,0,0,0,0,0
2016-09-11,0.6,26.5,28.2,25.1,2.37,12.3,0,0,0,0,0,0,0,0,0
2016-09-12,1.6,27.1,30.6,24.6,3.61,13.7,0,0,0,0,0,0,0,0,0
2016-09-13,29.8,25.9,30.4,24.0,2.54,11.9,1,0,0,0,0,0,1,1,0
2016-09-14,11.4,26.1,30.2,24.2,2.41,7.7,1,0,0,0,0,0,1,1,0
2016-09-15,3.6,26.6,30.3,23.8,3.14,7.6,0,0,0,0,0,0,0,0,0
2016-09-16,1.4,27.0,30.4,23.9,3.27,5.8,0,0,0,0,0,0,0,0,0
2016-09-17,2.5,27.0,31.1,23.7,3.49,7.9,0,0,0,0,0,0,0,0,0
2016-09-18,1.8,26.6,29.3,24.5,2.96,7.6,0,0,0,0,0,0,0,0,0
2016-09-19,5.0,26.6,30.7,23.5,3.58,6.5,0,0,0,0,0,0,0,0,0
2016-09-20,2.6,26.1,29.2,23.6,2.54,7.7,0,0,0,0,0,0,0,0,0
2016-09-21,3.2,26.8,31.4,23.8,3.52,9.7,0,0,0,0,0,0,0,0,0
2016-09-22,0.4,27.1,30.7,24.4,3.54,10.7,0,0,0,0,0,0,0,0,0
2016-09-23,11.6,26.7,31.1,24.0,3.67,10.3,1,0,0,0,0,0,1,1,0
2016-09-24,9.3,26.2,30.2,23.9,3.07,11.0,1,0,0,0,0,0,1,1,0
2016-09-25,21.8,25.3,27.7,24.1,1.67,6.9,1,0,0,0,0,0,1,1,0
2016-09-26,13.4,24.8,26.7,23.4,1.45,6.8,1,0,0,0,0,0,1,1,0
2016-09-27,25.5,25.1,27.9,23.4,1.93,6.0,1,0,0,0,0,0,1,1,0
2016-09-28,15.2,25.4,28.3,23.6,2.2,10.8,1,0,0,0,0,0,1,1,0
2016-09-29,19.1,24.8,27.1,23.6,1.66,9.2,1,0,0,0,0,0,1,1,0
2016-09-30,8.1,25.5,28.9,23.7,2.68,7.7,1,0,0,0,0,0,1,1,0
2016-10-01,0.5,26.6,30.8,23.7,3.42,13.0,0,0,0,0,0,0,0,0,0
2016-10-02,10.1,25.8,28.8,23.8,2.34,12.4,1,0,0,0,0,0,1,1,0
2016-10-03,1.2,26.2,29.8,23.3,3.42,9.0,0,0,0,0,0,0,0,0,0
2016-10-04,0.1,26.4,30.5,22.8,3.78,9.7,0,0,0,0,0,0,0,0,0
2016-10-05,7.6,26.6,30.5,23.4,3.64,7.4,0,0,0,0,0,0,0,0,0
2016-10-06,1.8,26.1,30.3,22.6,3.24,10.1,0,0,0,0,0,0,0,0,0
2016-10-07,3.7,26.2,30.4,23.3,3.05,10.7,0,0,0,0,0,0,0,0,0
2016-10-08,10.1,25.2,28.8,23.6,1.78,9.4,1,0,0,0,0,0,1,1,0
2016-10-09,5.6,26.0,29.9,23.5,3.03,15.9,0,0,0,0,0,0,0,0,0
2016-10-10,0.3,25.7,31.1,20.5,4.29,14.5,0,0,0,0,0,0,0,0,0
2016-10-11,0.0,26.0,31.4,21.1,4.45,12.9,0,0,0,0,0,0,0,0,0
2016-10-12,0.0,25.6,31.3,21.0,4.3,8.4,0,0,0,0,0,0,0,0,0
2016-10-13,0.0,24.1,30.8,17.3,4.27,7.2,0,0,0,0,0,0,0,0,0
2016-10-14,0.0,24.6,30.8,18.5,4.02,6.1,0,0,0,0,0,0,0,0,0
2016-10-15,0.0,24.9,31.0,19.9,4.51,7.6,0,0,0,0,0,0,0,0,0
2016-10-16,0.0,24.2,30.6,18.2,4.45,10.1,0,0,0,0,0,0,0,0,0
2016-10-17,0.0,23.5,30.3,16.6,4.74,10.1,0,0,0,0,0,0,0,0,0
2016-10-18,0.0,23.7,30.6,17.1,4.67,12.6,0,0,0,0,0,0,0,0,0
2016-10-19,0.0,23.7,30.7,18.0,4.69,13.3,0,0,0,0,0,0,0,0,0
2016-10-20,0.0,23.1,30.4,16.2,4.69,13.3,0,0,0,0,0,0,0,0,0
2016-10-21,0.0,23.4,30.8,16.6,4.54,11.2,0,0,0,0,0,0,0,0,0
2016-10-22,0.0,23.9,31.0,17.2,4.48,9.8,0,0,0,0,0,0,0,0,0
2016-10-23,0.0,24.2,31.2,17.0,4.51,9.6,0,0,0,0,0,0,0,0,0
2016-10-24,0.0,24.6,31.6,18.9,4.45,10.5,0,0,0,0,0,0,0,0,0
2016-10-25,0.0,24.6,31.2,18.4,4.51,10.9,0,0,0,0,0,0,0,0,0
2016-10-26,0.0,24.4,30.6,18.4,4.41,13.3,0,0,0,0,0,0,0,0,0
2016-10-27,0.0,23.4,30.8,16.1,5.21,14.0,0,0,0,0,0,0,0,0,0
2016-10-28,0.0,22.8,30.0,15.5,4.54,9.4,0,0,0,0,0,0,0,0,0
2016-10-29,0.0,23.5,30.3,16.9,4.12,9.0,0,0,0,0,0,0,0,0,0
2016-10-30,0.0,23.6,29.8,17.3,4.03,9.7,0,0,0,0,0,0,0,0,0
2016-10-31,0.0,23.7,30.0,17.0,4.34,9.8,0,0,0,0,0,0,0,0,0
2016-11-01,0.0,23.5,29.8,17.3,4.53,9.0,0,0,0,0,0,0,0,0,0
2016-11-02,0.0,23.2,29.5,16.2,3.86,7.9,0,0,0,0,0,0,0,0,0
2016-11-03,0.0,24.2,30.2,18.3,3.69,7.3,0,0,0,0,0,0,0,0,0
2016-11-04,0.0,24.3,30.6,18.0,3.95,9.8,0,0,0,0,0,0,0,0,0
2016-11-05,0.0,25.1,29.9,21.7,4.55,12.8,0,0,0,0,0,0,0,0,0
2016-11-06,0.0,23.3,30.1,16.5,4.74,11.6,0,0,0,0,0,0,0,0,0
2016-11-07,0.0,22.7,30.5,15.3,4.71,13.9,0,0,0,0,0,0,0,0,0
2016-11-08,0.0,22.5,30.0,15.4,4.67,10.4,0,0,0,0,0,0,0,0,0
2016-11-09,0.0,21.2,29.0,13.3,4.37,9.0,0,0,0,0,0,0,0,0,0
2016-11-10,0.0,21.2,29.6,13.5,4.68,13.8,0,0,0,0,0,0,0,0,0
2016-11-11,0.0,21.0,29.4,13.0,4.28,8.9,0,0,0,0,0,0,0,0,0
2016-11-12,0.0,21.1,28.8,13.7,3.71,6.2,0,0,0,0,0,0,0,0,0
2016-11-13,0.0,21.8,29.0,14.1,3.63,6.2,0,0,0,0,0,0,0,0,0
2016-11-14,0.0,22.3,29.5,14.9,3.92,9.9,0,0,0,0,0,0,0,0,0
2016-11-15,0.0,22.6,29.4,16.5,4.3,9.0,0,0,0,0,0,0,0,0,0
2016-11-16,0.0,21.7,29.2,14.6,4.46,10.3,0,0,0,0,0,0,0,0,0
2016-11-17,0.0,21.1,28.4,13.5,4.26,10.5,0,0,0,0,0,0,0,0,0
2016-11-18,0.0,20.9,28.7,13.5,4.32,11.1,0,0,0,0,0,0,0,0,0
2016-11-19,0.0,20.6,29.1,12.1,3.99,9.4,0,0,0,0,0,0,0,0,0
2016-11-20,0.0,20.9,29.4,12.8,3.85,7.6,0,0,0,0,0,0,0,0,0
2016-11-21,0.0,20.9,29.1,12.7,4.07,9.0,0,0,0,0,0,0,0,0,0
2016-11-22,0.0,20.9,29.3,12.8,4.11,10.0,0,0,0,0,0,0,0,0,0
2016-11-23,0.0,20.7,29.2,12.4,3.98,9.3,0,0,0,0,0,0,0,0,0
2016-11-24,0.0,20.9,29.2,12.7,4.16,11.4,0,0,0,0,0,0,0,0,0
2016-11-25,0.0,20.8,28.9,13.0,4.3,11.9,0,0,0,0,0,0,0,0,0
2016-11-26,0.0,20.7,29.3,12.9,4.09,11.7,0,0,0,0,0,0,0,0,0
2016-11-27,0.0,21.2,29.7,13.8,4.37,14.3,0,0,0,0,0,0,0,0,0
2016-11-28,0.0,21.0,29.4,13.1,4.08,10.1,0,0,0,0,0,0,0,0,0
2016-11-29,0.0,21.3,29.6,13.3,3.96,9.7,0,0,0,0,0,0,0,0,0
2016-11-30,0.0,21.3,29.7,13.0,3.87,10.4,0,0,0,0,0,0,0,0,0
2016-12-01,0.0,21.4,29.2,13.3,3.25,8.3,0,0,0,0,0,0,0,0,0
2016-12-02,0.0,21.4,28.8,14.1,3.5,8.6,0,0,0,0,0,0,0,0,0
2016-12-03,0.0,21.9,29.1,15.0,3.48,9.0,0,0,0,0,0,0,0,0,0
2016-12-04,0.0,21.9,28.7,15.2,3.77,11.9,0,0,0,0,0,0,0,0,0
2016-12-05,0.0,20.8,27.2,14.9,3.83,11.3,0,0,0,0,0,0,0,0,0
2016-12-06,0.0,20.5,27.4,13.7,3.81,11.9,0,0,0,0,0,0,0,0,0
2016-12-07,0.0,20.2,27.3,13.4,3.74,10.9,0,0,0,0,0,0,0,0,0
2016-12-08,0.0,19.5,26.5,13.3,3.9,12.1,0,0,0,0,0,0,0,0,0
2016-12-09,0.0,18.7,26.2,12.8,4.02,12.6,0,0,0,0,0,0,0,0,0
2016-12-10,0.0,18.9,27.3,10.9,3.98,12.2,0,0,0,0,0,0,0,0,0
2016-12-11,0.0,20.7,29.8,12.6,4.17,12.5,0,0,0,0,0,0,0,0,0
2016-12-12,0.0,21.2,30.0,13.1,3.92,11.2,0,0,0,0,0,0,0,0,0
2016-12-13,0.0,21.4,29.2,14.1,4.04,11.5,0,0,0,0,0,0,0,0,0
2016-12-14,0.0,21.1,28.9,13.7,4.2,12.3,0,0,0,0,0,0,0,0,0
2016-12-15,0.0,20.5,28.1,13.1,4.02,10.2,0,0,0,0,0,0,0,0,0
2016-12-16,0.0,19.9,27.3,12.4,3.89,10.9,0,0,0,0,0,0,0,0,0
2016-12-17,0.0,18.8,26.1,11.5,3.92,12.8,0,0,0,0,0,0,0,0,0
2016-12-18,0.0,17.9,25.8,10.2,3.89,12.0,0,0,0,0,0,0,0,0,0
2016-12-19,0.0,17.9,25.8,10.0,3.78,10.6,0,0,0,0,0,0,0,0,0
2016-12-20,0.0,18.1,26.5,10.0,3.72,9.8,0,0,0,0,0,0,0,0,0
2016-12-21,0.0,18.3,27.4,9.9,3.85,10.1,0,0,0,0,0,0,0,0,0
2016-12-22,0.0,18.2,26.9,9.8,4.0,10.9,0,0,0,0,0,0,0,0,0
2016-12-23,0.0,18.0,26.1,10.6,3.98,13.9,0,0,0,0,0,0,0,0,0
2016-12-24,0.0,19.3,27.8,10.0,3.42,8.4,0,0,0,0,0,0,0,0,0
2016-12-25,0.0,20.8,28.3,13.9,3.46,9.1,0,0,0,0,0,0,0,0,0
2016-12-26,0.0,18.5,25.0,13.9,4.19,13.8,0,0,0,0,0,0,0,0,0
2016-12-27,0.0,18.0,26.0,11.0,3.75,11.9,0,0,0,0,0,0,0,0,0
2016-12-28,0.0,18.2,26.4,10.2,3.17,8.3,0,0,0,0,0,0,0,0,0
2016-12-29,0.0,18.9,28.0,10.4,3.51,8.3,0,0,0,0,0,0,0,0,0
2016-12-30,0.0,19.4,28.2,11.1,3.54,7.6,0,0,0,0,0,0,0,0,0
2016-12-31,0.0,20.5,28.4,12.1,3.65,9.7,0,0,0,0,0,0,0,0,0
2017-01-01,0.0,20.8,28.1,13.3,3.72,10.0,0,0,0,0,0,0,0,0,0
2017-01-02,0.0,21.3,28.8,15.3,4.03,16.5,0,0,0,0,0,0,0,0,0
2017-01-03,0.0,18.7,25.2,13.6,3.8,15.1,0,0,0,0,0,0,0,0,0
2017-01-04,0.0,18.2,24.8,12.3,3.35,10.6,0,0,0,0,0,0,0,0,0
2017-01-05,0.0,17.9,26.1,11.5,3.64,11.0,0,0,0,0,0,0,0,0,0
2017-01-06,0.0,18.3,26.9,11.4,3.79,12.4,0,0,0,0,0,0,0,0,0
2017-01-07,0.0,20.3,26.9,14.7,4.03,16.5,0,0,0,0,0,0,0,0,0
2017-01-08,0.0,20.3,26.5,14.4,3.21,10.7,0,0,0,0,0,0,0,0,0
2017-01-09,0.6,19.9,25.7,14.8,2.89,13.0,0,0,0,0,0,0,0,0,0
2017-01-10,0.4,18.5,24.0,14.6,3.17,17.3,0,0,0,0,0,0,0,0,0
2017-01-11,0.0,16.4,22.6,11.5,3.57,11.3,0,0,0,0,0,0,0,0,0
2017-01-12,0.0,15.2,21.6,10.3,3.72,11.9,0,0,0,0,0,0,0,0,0
2017-01-13,0.0,15.0,22.5,9.1,3.88,12.8,0,0,0,0,0,0,0,0,0
2017-01-14,0.0,15.5,23.5,9.3,3.77,13.1,0,0,0,0,0,0,0,0,0
2017-01-15,0.0,17.4,26.9,9.5,3.79,10.1,0,0,0,0,0,0,0,0,0
2017-01-16,0.0,19.6,27.6,12.0,3.77,11.3,0,0,0,0,0,0,0,0,0
2017-01-17,0.0,20.7,28.2,14.6,3.49,9.8,0,0,0,0,0,0,0,0,0
2017-01-18,0.0,21.5,28.8,15.0,3.68,9.7,0,0,0,0,0,0,0,0,0
2017-01-19,0.0,21.6,28.4,14.7,4.04,15.9,0,0,0,0,0,0,0,0,0
2017-01-20,0.0,21.9,28.4,15.5,4.17,13.5,0,0,0,0,0,0,0,0,0
2017-01-21,0.0,21.5,29.3,15.4,4.03,11.3,0,0,0,0,0,0,0,0,0
2017-01-22,0.0,21.9,29.7,14.7,4.3,13.1,0,0,0,0,0,0,0,0,0
2017-01-23,0.0,22.1,29.8,15.8,4.51,10.8,0,0,0,0,0,0,0,0,0
2017-01-24,0.0,21.5,30.0,15.2,4.39,10.6,0,0,0,0,0,0,0,0,0
2017-01-25,0.0,21.8,29.7,14.8,4.25,9.3,0,0,0,0,0,0,0,0,0
2017-01-26,0.9,19.6,25.1,13.6,2.34,11.9,0,0,0,0,0,0,0,0,0
2017-01-27,0.0,21.3,28.2,16.2,3.69,18.0,0,0,0,0,0,0,0,0,0
2017-01-28,0.0,19.4,26.6,14.4,4.64,18.0,0,0,0,0,0,0,0,0,0
2017-01-29,0.0,19.0,28.0,12.4,4.28,12.0,0,0,0,0,0,0,0,0,0
2017-01-30,0.0,20.0,29.4,12.8,4.45,12.3,0,0,0,0,0,0,0,0,0
2017-01-31,0.0,20.9,30.2,13.5,4.47,11.7,0,0,0,0,0,0,0,0,0
2017-02-01,0.0,21.4,29.8,14.7,4.41,11.2,0,0,0,0,0,0,0,0,0
2017-02-02,0.0,22.0,30.0,15.4,4.46,10.6,0,0,0,0,0,0,0,0,0
2017-02-03,0.0,21.9,30.7,15.0,4.87,11.3,0,0,0,0,0,0,0,0,0
2017-02-04,0.0,22.8,31.3,15.0,4.39,10.7,0,0,0,0,0,0,0,0,0
2017-02-05,0.0,21.9,31.2,14.0,4.73,11.9,0,0,0,0,0,0,0,0,0
2017-02-06,0.0,23.2,30.4,16.1,4.54,13.0,0,0,0,0,0,0,0,0,0
2017-02-07,0.0,22.0,29.4,16.1,4.92,13.4,0,0,0,0,0,0,0,0,0
2017-02-08,0.0,21.7,30.9,14.3,4.83,12.1,0,0,0,0,0,0,0,0,0
2017-02-09,0.0,22.7,32.0,14.5,4.67,11.0,0,0,0,0,0,0,0,0,0
2017-02-10,0.0,23.0,29.6,17.7,5.25,18.4,0,0,0,0,0,0,0,0,0
2017-02-11,0.4,21.6,29.3,17.9,4.06,19.8,0,0,0,0,0,0,0,0,0
2017-02-12,1.6,21.9,29.0,16.0,3.78,13.0,0,0,0,0,0,0,0,0,0
2017-02-13,0.0,22.4,28.8,16.5,3.7,10.1,0,0,0,0,0,0,0,0,0
2017-02-14,0.0,23.9,31.0,17.7,5.11,12.7,0,0,0,0,0,0,0,0,0
2017-02-15,0.0,23.5,31.0,17.1,5.17,13.4,0,0,0,0,0,0,0,0,0
2017-02-16,0.0,23.3,31.8,16.5,5.78,16.5,0,0,0,0,0,0,0,0,0
2017-02-17,0.0,24.2,32.2,17.2,5.83,14.4,0,0,0,0,0,0,0,0,0
2017-02-18,0.0,24.3,33.2,17.4,6.11,21.1,0,0,0,0,0,0,0,0,0
2017-02-19,0.0,23.8,33.2,16.7,5.86,19.8,0,0,0,0,0,0,0,0,0
2017-02-20,0.0,25.1,34.9,16.5,5.52,14.0,0,0,0,0,0,0,0,0,0
2017-02-21,0.0,26.0,35.1,17.7,5.61,14.4,0,0,0,0,0,0,0,0,0
2017-02-22,0.0,24.7,34.2,17.7,5.7,12.0,0,0,0,0,0,0,0,0,0
2017-02-23,0.0,24.2,33.0,17.0,5.79,13.8,0,0,0,0,0,0,0,0,0
2017-02-24,0.0,23.1,30.8,17.4,6.57,16.8,0,0,0,0,0,0,0,0,0
2017-02-25,0.0,21.9,31.0,14.6,6.04,15.3,0,0,0,0,0,0,0,0,0
2017-02-26,0.0,23.4,33.3,14.4,6.11,14.5,0,0,0,0,0,0,0,0,0
2017-02-27,0.0,24.3,33.3,16.5,6.47,15.5,0,0,0,0,0,0,0,0,0
2017-02-28,0.0,24.9,34.2,16.6,6.5,14.2,0,0,0,0,0,0,0,0,0
2017-03-01,0.0,26.2,34.9,17.4,5.58,10.0,0,0,0,0,0,0,0,0,0
2017-03-02,0.0,27.3,35.4,18.4,6.73,14.5,0,0,0,0,0,0,0,0,0
2017-03-03,0.0,27.4,34.8,20.1,6.22,16.3,0,0,0,0,0,0,0,0,0
2017-03-04,0.0,26.6,34.7,19.6,6.33,18.4,0,0,0,0,0,0,0,0,0
2017-03-05,0.0,25.9,32.8,19.6,6.75,17.7,0,0,0,0,0,0,0,0,0
2017-03-06,0.0,24.7,31.4,19.1,6.86,17.9,0,0,0,0,0,0,0,0,0
2017-03-07,0.2,24.7,31.8,18.6,5.06,12.0,0,0,0,0,0,0,0,0,0
2017-03-08,0.2,25.5,33.0,19.5,5.05,16.7,0,0,0,0,0,0,0,0,0
2017-03-09,0.0,26.3,33.8,18.9,4.88,16.2,0,0,0,0,0,0,0,0,0
2017-03-10,0.0,25.9,33.6,19.2,6.16,21.2,0,0,0,0,0,0,0,0,0
2017-03-11,0.0,24.3,31.0,18.0,5.45,17.2,0,0,0,0,0,0,0,0,0
2017-03-12,0.0,23.6,30.0,17.9,6.62,17.6,0,0,0,0,0,0,0,0,0
2017-03-13,0.0,23.3,30.8,16.1,6.06,13.7,0,0,0,0,0,0,0,0,0
2017-03-14,0.0,24.7,32.0,17.4,6.61,13.5,0,0,0,0,0,0,0,0,0
2017-03-15,0.0,25.3,32.9,17.9,6.93,13.6,0,0,0,0,0,0,0,0,0
2017-03-16,0.0,26.0,34.6,17.8,6.49,18.5,0,0,0,0,0,0,0,0,0
2017-03-17,0.0,27.5,36.1,20.0,6.76,18.8,0,0,0,0,0,0,0,0,0
2017-03-18,0.0,27.4,35.2,19.0,5.71,12.6,0,0,0,0,0,0,0,0,0
2017-03-19,0.6,27.2,32.9,21.8,6.34,18.6,0,0,0,0,0,0,0,0,0
2017-03-20,0.0,26.0,33.2,19.2,6.96,14.9,0,0,0,0,0,0,0,0,0
2017-03-21,0.0,26.6,35.0,18.4,6.73,11.2,0,0,0,0,0,0,0,0,0
2017-03-22,0.0,27.9,36.7,19.3,6.48,11.1,0,0,0,0,0,0,0,0,0
2017-03-23,0.0,30.0,38.7,20.6,6.2,9.3,0,0,0,0,0,0,0,0,0
2017-03-24,0.0,31.0,39.4,21.7,6.58,12.3,0,0,0,0,0,0,0,0,0
2017-03-25,0.0,31.2,39.6,23.6,7.67,11.9,0,0,0,0,0,0,0,0,0
2017-03-26,0.0,31.4,39.5,23.8,7.81,17.0,0,0,0,0,0,0,0,0,0
2017-03-27,0.0,31.6,39.2,23.5,7.8,13.7,0,0,0,0,0,0,0,0,0
2017-03-28,0.0,32.2,40.4,23.9,7.38,12.8,0,0,0,0,0,0,0,0,0
2017-03-29,0.0,32.2,41.3,23.8,7.02,10.5,0,0,0,0,0,0,0,0,0
2017-03-30,0.0,33.1,42.0,24.6,7.49,17.1,0,0,0,0,0,0,0,0,0
2017-03-31,0.0,32.4,41.7,22.2,7.08,13.0,0,0,0,0,0,0,0,0,0
2017-04-01,0.0,32.4,40.8,24.6,7.06,16.0,0,0,0,0,0,0,0,0,0
2017-04-02,0.1,32.2,40.2,25.4,6.85,17.2,0,0,0,0,0,0,0,0,0
2017-04-03,0.0,32.2,40.1,24.1,7.42,18.8,0,0,0,0,0,0,0,0,0
2017-04-04,0.0,32.6,41.4,26.0,7.85,19.0,0,0,0,0,0,0,0,0,0
2017-04-05,0.0,33.2,40.3,25.6,6.86,14.1,0,0,0,0,0,0,0,0,0
2017-04-06,0.0,33.0,40.9,26.0,6.91,12.8,0,0,0,0,0,0,0,0,0
2017-04-07,0.0,32.7,40.9,24.8,7.78,15.4,0,0,0,0,0,0,0,0,0
2017-04-08,0.0,32.3,40.7,24.8,7.97,11.9,0,0,0,0,0,0,0,0,0
2017-04-09,0.0,32.1,39.8,24.6,8.48,14.9,0,0,0,0,0,0,0,0,0
2017-04-10,0.0,30.0,37.7,23.1,9.33,20.3,0,0,0,0,1,0,1,1,0
2017-04-11,0.0,29.3,39.0,20.6,8.07,16.4,0,0,0,0,0,0,0,0,0
2017-04-12,0.0,30.6,40.0,20.9,7.44,11.1,0,0,0,0,0,0,0,0,0
2017-04-13,0.0,32.1,41.0,23.0,8.57,19.0,0,0,0,0,0,0,0,0,0
2017-04-14,0.0,32.2,41.7,22.7,7.62,11.6,0,0,0,0,0,0,0,0,0
2017-04-15,0.0,33.4,41.6,24.2,7.9,21.6,0,0,0,0,0,0,0,0,0
2017-04-16,0.0,33.3,42.6,23.3,9.23,22.7,0,0,0,0,1,0,1,1,0
2017-04-17,0.0,33.1,42.8,24.2,8.38,22.0,0,0,0,0,0,0,0,0,0
2017-04-18,0.0,33.6,42.7,24.6,8.25,15.8,0,0,0,0,0,0,0,0,0
2017-04-19,0.0,34.1,43.1,26.5,8.81,16.3,0,0,0,0,0,0,0,0,0
2017-04-20,0.0,33.9,43.1,25.6,8.85,22.7,0,0,0,0,1,0,1,1,0
2017-04-21,0.0,35.3,42.4,29.0,7.73,17.0,0,0,0,0,0,0,0,0,0
2017-04-22,0.0,35.3,43.5,28.4,8.64,18.3,0,0,0,0,0,0,0,0,0
2017-04-23,0.0,34.2,41.3,27.4,9.38,25.8,0,0,0,0,1,1,2,1,0
2017-04-24,0.0,34.2,41.5,26.7,8.97,18.0,0,0,0,0,1,0,1,1,0
2017-04-25,0.0,33.5,39.9,26.4,9.2,17.1,0,0,0,0,1,0,1,1,0
2017-04-26,0.0,33.7,41.2,26.4,9.36,22.8,0,0,0,0,1,1,2,1,0
2017-04-27,0.0,32.9,40.9,24.2,9.38,21.2,0,0,0,0,1,0,1,1,0
2017-04-28,0.0,33.0,42.2,23.4,8.99,24.2,0,0,0,0,1,1,2,1,0
2017-04-29,0.4,33.2,41.3,26.2,7.36,18.5,0,0,0,0,0,0,0,0,0
2017-04-30,0.0,32.9,40.6,25.0,7.26,22.6,0,0,0,0,0,0,0,0,0
2017-05-01,0.6,33.3,40.0,26.7,7.16,21.3,0,0,0,0,0,0,0,0,0
2017-05-02,0.0,33.0,40.1,25.5,7.27,15.5,0,0,0,0,0,0,0,0,0
2017-05-03,0.0,33.0,39.1,25.7,7.28,17.7,0,0,0,0,0,0,0,0,0
2017-05-04,0.1,33.6,41.0,27.8,7.13,21.4,0,0,0,0,0,0,0,0,0
2017-05-05,0.0,34.6,41.9,26.0,7.5,15.5,0,0,0,0,0,0,0,0,0
2017-05-06,0.7,33.8,41.5,27.8,7.16,28.0,0,0,0,0,0,1,1,1,0
2017-05-07,2.6,32.4,40.2,26.7,7.48,18.2,0,0,0,0,0,0,0,0,0
2017-05-08,0.0,33.4,41.3,25.4,6.99,13.8,0,0,0,0,0,0,0,0,0
2017-05-09,0.2,33.4,41.1,26.1,6.78,19.3,0,0,0,0,0,0,0,0,0
2017-05-10,1.1,31.6,38.5,26.4,6.3,15.1,0,0,0,0,0,0,0,0,0
2017-05-11,2.9,32.0,37.3,25.8,6.87,20.2,0,0,0,0,0,0,0,0,0
2017-05-12,0.5,32.9,40.1,26.6,6.77,16.4,0,0,0,0,0,0,0,0,0
2017-05-13,0.0,34.9,42.0,27.9,7.5,14.0,0,0,0,0,0,0,0,0,0
2017-05-14,0.0,35.5,43.1,28.2,7.71,17.2,0,0,0,0,0,0,0,0,0
2017-05-15,0.0,36.3,43.5,29.7,8.68,21.3,0,0,0,0,0,0,0,0,0
2017-05-16,0.0,36.9,43.8,30.7,9.38,21.9,0,1,1,0,1,0,3,1,0
2017-05-17,0.0,37.2,43.9,31.0,10.04,21.9,0,1,1,0,1,0,3,1,0
2017-05-18,0.0,35.9,43.5,29.5,8.48,19.8,0,0,0,0,0,0,0,0,0
2017-05-19,0.0,35.9,43.0,28.0,8.74,19.2,0,0,0,0,0,0,0,0,0
2017-05-20,0.0,35.3,42.6,27.3,8.02,18.1,0,0,0,0,0,0,0,0,0
2017-05-21,0.0,34.9,43.0,27.4,8.23,17.5,0,0,0,0,0,0,0,0,0
2017-05-22,0.0,34.8,42.4,26.7,8.92,20.9,0,0,0,0,1,0,1,1,0
2017-05-23,0.0,34.9,41.5,28.6,9.23,18.2,0,0,0,0,1,0,1,1,0
2017-05-24,0.0,35.8,43.0,27.3,7.46,16.2,0,0,0,0,0,0,0,0,0
2017-05-25,0.0,35.5,42.9,28.6,6.93,18.0,0,0,0,0,0,0,0,0,0
2017-05-26,0.0,37.0,43.3,29.5,7.58,22.1,0,1,0,0,0,0,1,1,0
2017-05-27,0.0,36.4,42.9,30.2,7.7,30.7,0,0,0,0,0,1,1,1,0
2017-05-28,0.0,34.1,40.8,28.3,7.68,16.9,0,0,0,0,0,0,0,0,0
2017-05-29,1.1,31.9,38.4,25.7,5.96,14.5,0,0,0,0,0,0,0,0,0
2017-05-30,0.2,31.3,37.3,26.2,5.75,19.6,0,0,0,0,0,0,0,0,0
2017-05-31,3.4,31.7,37.3,26.7,5.59,18.0,0,0,0,0,0,0,0,0,0
2017-06-01,1.3,32.4,37.0,28.4,5.68,12.7,0,0,0,0,0,0,0,0,0
2017-06-02,2.0,32.2,38.1,26.2,6.09,17.1,0,0,0,0,0,0,0,0,0
2017-06-03,0.0,34.9,40.2,28.8,6.94,14.7,0,0,0,0,0,0,0,0,0
2017-06-04,1.0,34.7,41.8,30.1,6.19,15.1,0,0,0,0,0,0,0,0,0
2017-06-05,3.7,34.0,41.7,29.6,6.04,14.3,0,0,0,0,0,0,0,0,0
2017-06-06,1.6,32.8,40.6,28.2,6.41,24.4,0,0,0,0,0,1,1,1,0
2017-06-07,2.8,31.8,36.8,27.3,6.01,20.0,0,0,0,0,0,0,0,0,0
2017-06-08,0.3,32.0,37.1,27.3,6.61,17.6,0,0,0,0,0,0,0,0,0
2017-06-09,2.8,31.9,36.6,27.8,5.9,17.2,0,0,0,0,0,0,0,0,0
2017-06-10,2.6,30.9,36.2,26.3,5.22,14.3,0,0,0,0,0,0,0,0,0
2017-06-11,1.7,30.1,35.0,26.5,4.68,13.0,0,0,0,0,0,0,0,0,0
2017-06-12,1.7,30.1,34.6,26.8,4.47,12.6,0,0,0,0,0,0,0,0,0
2017-06-13,0.2,30.9,36.7,26.7,5.14,11.3,0,0,0,0,0,0,0,0,0
2017-06-14,0.2,30.7,36.4,26.9,4.85,18.3,0,0,0,0,0,0,0,0,0
2017-06-15,1.8,32.6,39.0,27.8,6.2,18.4,0,0,0,0,0,0,0,0,0
2017-06-16,2.3,30.8,36.8,25.8,5.76,14.8,0,0,0,0,0,0,0,0,0
2017-06-17,4.3,30.6,36.3,25.9,5.58,20.8,0,0,0,0,0,0,0,0,0
2017-06-18,0.1,33.2,39.4,27.2,6.29,17.1,0,0,0,0,0,0,0,0,0
2017-06-19,0.1,33.4,39.8,27.8,6.09,12.1,0,0,0,0,0,0,0,0,0
2017-06-20,0.0,33.2,38.5,27.9,6.4,17.3,0,0,0,0,0,0,0,0,0
2017-06-21,0.6,31.6,37.5,27.9,5.25,16.4,0,0,0,0,0,0,0,0,0
2017-06-22,6.2,29.7,34.9,25.1,4.34,13.8,0,0,0,0,0,0,0,0,0
2017-06-23,6.8,28.9,34.1,25.4,4.61,14.6,0,0,0,0,0,0,0,0,0
2017-06-24,6.0,29.4,33.8,25.7,4.27,12.6,0,0,0,0,0,0,0,0,0
2017-06-25,22.0,27.8,30.3,25.2,2.62,12.0,1,0,0,0,0,0,1,1,0
2017-06-26,25.4,27.2,30.6,24.9,3.13,13.1,1,0,0,0,0,0,1,1,0
2017-06-27,13.8,27.2,30.1,24.9,3.06,10.6,1,0,0,0,0,0,1,1,0
2017-06-28,26.1,26.5,29.8,24.8,1.91,10.8,1,0,0,0,0,0,1,1,0
2017-06-29,25.7,26.5,29.7,24.4,2.26,10.8,1,0,0,0,0,0,1,1,0
2017-06-30,18.3,26.5,31.0,24.5,2.97,10.8,1,0,0,0,0,0,1,1,0
2017-07-01,6.6,27.2,30.5,25.1,3.06,12.7,0,0,0,0,0,0,0,0,0
2017-07-02,28.5,26.2,28.3,24.7,1.99,14.4,1,0,0,0,0,0,1,1,0
2017-07-03,15.2,26.5,29.4,24.7,1.88,13.2,1,0,0,0,0,0,1,1,0
2017-07-04,10.1,26.0,28.4,24.3,1.71,15.1,1,0,0,0,0,0,1,1,0
2017-07-05,1.6,26.6,31.0,23.6,3.25,12.2,0,0,0,0,0,0,0,0,0
2017-07-06,1.7,27.5,31.1,24.4,3.84,16.4,0,0,0,0,0,0,0,0,0
2017-07-07,0.1,28.7,33.0,24.5,5.17,17.3,0,0,0,0,0,0,0,0,0
2017-07-08,2.0,29.3,32.9,25.1,4.89,14.3,0,0,0,0,0,0,0,0,0
2017-07-09,17.5,27.5,29.6,25.8,1.9,17.3,1,0,0,0,0,0,1,1,0
2017-07-10,9.8,25.9,27.9,23.5,1.59,11.0,1,0,0,0,0,0,1,1,0
2017-07-11,10.2,25.7,29.0,23.6,1.91,13.0,1,0,0,0,0,0,1,1,0
2017-07-12,5.5,25.9,28.1,24.2,2.14,10.9,0,0,0,0,0,0,0,0,0
2017-07-13,4.6,25.4,28.6,23.8,2.18,17.2,0,0,0,0,0,0,0,0,0
2017-07-14,3.5,26.0,29.4,23.8,3.1,16.5,0,0,0,0,0,0,0,0,0
2017-07-15,60.4,25.1,27.8,23.6,2.02,10.0,1,0,0,0,0,0,1,1,0
2017-07-16,6.5,26.2,29.7,23.7,2.48,11.8,0,0,0,0,0,0,0,0,0
2017-07-17,7.8,26.5,30.9,23.9,2.6,13.3,1,0,0,0,0,0,1,1,0
2017-07-18,43.0,26.8,31.6,24.4,3.21,17.3,1,0,0,0,0,0,1,1,0
2017-07-19,37.5,26.2,30.1,24.0,2.74,15.9,1,0,0,0,0,0,1,1,0
2017-07-20,20.5,25.6,28.4,24.2,1.97,13.0,1,0,0,0,0,0,1,1,0
2017-07-21,5.5,26.6,30.3,24.6,3.25,16.5,0,0,0,0,0,0,0,0,0
2017-07-22,16.0,26.8,30.0,24.2,3.71,20.7,1,0,0,0,0,0,1,1,0
2017-07-23,7.7,26.2,28.7,24.8,2.57,16.8,0,0,0,0,0,0,0,0,0
2017-07-24,3.1,26.2,29.3,24.0,3.07,17.6,0,0,0,0,0,0,0,0,0
2017-07-25,6.0,25.3,27.6,23.6,1.67,16.5,0,0,0,0,0,0,0,0,0
2017-07-26,9.5,24.6,26.6,23.6,1.12,14.6,1,0,0,0,0,0,1,1,0
2017-07-27,77.4,24.1,25.3,23.1,1.07,19.4,1,0,0,0,0,0,1,1,0
2017-07-28,5.1,25.6,29.5,23.4,2.72,16.7,0,0,0,0,0,0,0,0,0
2017-07-29,1.5,27.0,31.2,23.7,3.73,11.1,0,0,0,0,0,0,0,0,0
2017-07-30,4.9,26.7,29.7,24.4,3.14,7.6,0,0,0,0,0,0,0,0,0
2017-07-31,6.2,27.1,30.0,24.9,3.2,6.2,0,0,0,0,0,0,0,0,0
2017-08-01,3.7,27.4,30.8,24.5,3.59,11.4,0,0,0,0,0,0,0,0,0
2017-08-02,10.1,27.7,30.8,24.5,3.62,14.0,1,0,0,0,0,0,1,1,0
2017-08-03,0.6,27.4,31.0,25.0,4.2,14.6,0,0,0,0,0,0,0,0,0
2017-08-04,25.9,25.9,30.0,24.4,2.43,14.8,1,0,0,0,0,0,1,1,0
2017-08-05,0.4,26.7,30.0,24.6,2.6,12.9,0,0,0,0,0,0,0,0,0
2017-08-06,13.7,26.4,29.2,24.6,1.99,10.0,1,0,0,0,0,0,1,1,0
2017-08-07,31.6,25.9,28.5,24.4,2.02,7.7,1,0,0,0,0,0,1,1,0
2017-08-08,96.1,25.5,27.4,24.1,1.3,10.6,1,0,0,0,0,0,1,1,0
2017-08-09,134.8,25.6,28.9,23.8,2.14,16.0,1,0,0,0,0,0,1,1,1
2017-08-10,0.4,27.0,31.3,24.0,3.53,12.2,0,0,0,0,0,0,0,0,0
2017-08-11,7.5,26.9,31.1,24.1,3.41,11.3,0,0,0,0,0,0,0,0,0
2017-08-12,0.5,26.9,29.6,24.7,2.8,13.1,0,0,0,0,0,0,0,0,0
2017-08-13,1.9,26.4,29.7,24.6,2.33,10.7,0,0,0,0,0,0,0,0,0
2017-08-14,19.1,26.1,30.1,23.8,2.76,9.5,1,0,0,0,0,0,1,1,0
2017-08-15,0.6,27.3,31.4,24.2,3.87,8.4,0,0,0,0,0,0,0,0,0
2017-08-16,1.2,27.6,31.6,24.7,3.96,12.3,0,0,0,0,0,0,0,0,0
2017-08-17,5.4,27.0,30.6,24.5,3.22,13.7,0,0,0,0,0,0,0,0,0
2017-08-18,13.3,26.7,30.5,24.5,3.19,18.0,1,0,0,0,0,0,1,1,0
2017-08-19,12.4,27.5,32.2,24.4,3.92,12.6,1,0,0,0,0,0,1,1,0
2017-08-20,4.4,27.3,31.0,25.1,3.72,13.5,0,0,0,0,0,0,0,0,0
2017-08-21,0.5,26.4,29.3,24.7,3.89,20.1,0,0,0,0,0,0,0,0,0
2017-08-22,0.1,26.5,30.0,22.7,3.94,13.0,0,0,0,0,0,0,0,0,0
2017-08-23,4.9,26.9,31.1,23.5,3.95,9.9,0,0,0,0,0,0,0,0,0
2017-08-24,10.6,27.1,31.4,24.9,3.73,12.4,1,0,0,0,0,0,1,1,0
2017-08-25,6.0,26.8,31.1,24.1,3.49,14.0,0,0,0,0,0,0,0,0,0
2017-08-26,12.8,26.7,30.2,24.4,2.99,12.2,1,0,0,0,0,0,1,1,0
2017-08-27,14.9,26.5,29.9,23.8,3.09,10.4,1,0,0,0,0,0,1,1,0
2017-08-28,39.0,25.6,27.5,24.3,1.37,7.1,1,0,0,0,0,0,1,1,0
2017-08-29,32.4,24.9,28.1,23.9,1.9,18.8,1,0,0,0,0,0,1,1,0
2017-08-30,5.0,26.2,29.7,23.3,3.27,19.1,0,0,0,0,0,0,0,0,0
2017-08-31,2.7,27.0,31.5,24.1,3.87,12.2,0,0,0,0,0,0,0,0,0
2017-09-01,0.4,27.1,31.6,23.7,4.02,11.3,0,0,0,0,0,0,0,0,0
2017-09-02,0.0,26.9,31.0,23.0,4.27,9.0,0,0,0,0,0,0,0,0,0
2017-09-03,10.7,26.4,29.5,22.9,3.52,15.1,1,0,0,0,0,0,1,1,0
2017-09-04,3.5,27.1,31.0,24.3,3.71,7.9,0,0,0,0,0,0,0,0,0
2017-09-05,1.6,27.5,31.3,24.8,4.0,12.9,0,0,0,0,0,0,0,0,0
2017-09-06,1.6,27.6,32.1,24.3,4.51,14.4,0,0,0,0,0,0,0,0,0
2017-09-07,1.2,27.6,31.2,24.4,4.0,10.5,0,0,0,0,0,0,0,0,0
2017-09-08,7.5,27.0,29.9,24.3,3.25,8.0,0,0,0,0,0,0,0,0,0
2017-09-09,4.8,27.2,31.4,24.4,3.63,9.4,0,0,0,0,0,0,0,0,0
2017-09-10,6.7,27.3,30.2,24.9,2.91,7.6,0,0,0,0,0,0,0,0,0
2017-09-11,10.3,27.7,31.3,24.6,3.5,10.8,1,0,0,0,0,0,1,1,0
2017-09-12,3.6,27.0,30.7,25.2,3.34,14.3,0,0,0,0,0,0,0,0,0
2017-09-13,13.0,25.6,29.1,23.7,2.49,13.3,1,0,0,0,0,0,1,1,0
2017-09-14,6.9,25.4,28.8,23.5,2.74,12.7,0,0,0,0,0,0,0,0,0
2017-09-15,9.7,26.0,29.1,23.3,3.19,10.4,1,0,0,0,0,0,1,1,0
2017-09-16,7.5,27.1,30.7,23.6,3.72,8.3,0,0,0,0,0,0,0,0,0
2017-09-17,13.3,27.3,31.8,24.1,4.08,8.7,1,0,0,0,0,0,1,1,0
2017-09-18,4.9,26.4,30.6,23.8,2.96,9.7,0,0,0,0,0,0,0,0,0
2017-09-19,12.2,26.5,31.2,23.7,2.99,7.5,1,0,0,0,0,0,1,1,0
2017-09-20,40.0,25.7,28.4,24.1,2.13,11.2,1,0,0,0,0,0,1,1,0
2017-09-21,20.3,25.1,29.1,23.2,2.33,16.3,1,0,0,0,0,0,1,1,0
2017-09-22,1.1,25.2,29.4,22.5,3.07,15.3,0,0,0,0,0,0,0,0,0
2017-09-23,1.3,26.2,31.0,21.9,4.12,8.2,0,0,0,0,0,0,0,0,0
2017-09-24,0.4,27.1,31.7,23.1,4.3,12.4,0,0,0,0,0,0,0,0,0
2017-09-25,0.3,27.2,32.4,23.2,4.56,14.4,0,0,0,0,0,0,0,0,0
2017-09-26,0.3,26.9,32.2,22.5,4.52,14.1,0,0,0,0,0,0,0,0,0
2017-09-27,0.0,27.4,32.6,23.2,4.81,13.7,0,0,0,0,0,0,0,0,0
2017-09-28,0.0,27.4,32.6,22.9,4.82,13.8,0,0,0,0,0,0,0,0,0
2017-09-29,0.0,27.1,32.3,22.7,4.48,14.1,0,0,0,0,0,0,0,0,0
2017-09-30,0.0,27.4,33.1,22.5,4.43,9.7,0,0,0,0,0,0,0,0,0
2017-10-01,0.1,27.4,31.8,23.8,3.79,10.6,0,0,0,0,0,0,0,0,0
2017-10-02,0.0,27.5,33.1,23.4,4.9,16.3,0,0,0,0,0,0,0,0,0
2017-10-03,0.0,26.5,33.1,20.9,5.34,16.2,0,0,0,0,0,0,0,0,0
2017-10-04,0.0,26.9,33.1,20.9,5.08,11.3,0,0,0,0,0,0,0,0,0
2017-10-05,7.5,26.5,30.4,23.3,3.12,9.5,0,0,0,0,0,0,0,0,0
2017-10-06,17.8,26.7,31.7,23.7,3.53,10.4,1,0,0,0,0,0,1,1,0
2017-10-07,11.3,26.3,29.6,23.7,3.04,8.9,1,0,0,0,0,0,1,1,0
2017-10-08,11.8,25.8,29.5,23.7,2.76,11.5,1,0,0,0,0,0,1,1,0
2017-10-09,8.1,25.6,28.4,23.6,2.72,11.3,1,0,0,0,0,0,1,1,0
2017-10-10,11.4,25.6,28.9,23.0,2.94,9.6,1,0,0,0,0,0,1,1,0
2017-10-11,1.5,26.3,31.3,23.2,3.59,6.5,0,0,0,0,0,0,0,0,0
2017-10-12,1.2,26.7,30.8,23.2,3.6,8.4,0,0,0,0,0,0,0,0,0
2017-10-13,6.7,26.3,30.7,23.3,3.05,10.1,0,0,0,0,0,0,0,0,0
2017-10-14,5.0,27.0,31.9,23.9,3.54,10.5,0,0,0,0,0,0,0,0,0
2017-10-15,0.0,27.4,32.8,22.7,4.07,8.1,0,0,0,0,0,0,0,0,0
2017-10-16,0.0,26.2,33.8,20.6,4.67,10.6,0,0,0,0,0,0,0,0,0
2017-10-17,0.0,25.2,33.3,19.5,4.89,11.3,0,0,0,0,0,0,0,0,0
2017-10-18,0.0,24.2,32.0,18.2,4.88,12.4,0,0,0,0,0,0,0,0,0
2017-10-19,1.0,25.6,32.4,19.9,4.23,12.6,0,0,0,0,0,0,0,0,0
2017-10-20,3.1,26.8,31.4,23.4,3.71,12.6,0,0,0,0,0,0,0,0,0
2017-10-21,0.3,27.0,32.0,23.0,3.9,10.8,0,0,0,0,0,0,0,0,0
2017-10-22,0.0,26.9,32.1,23.2,3.83,12.6,0,0,0,0,0,0,0,0,0
2017-10-23,0.0,26.4,32.9,20.8,3.83,9.6,0,0,0,0,0,0,0,0,0
2017-10-24,0.0,24.2,31.9,17.6,4.31,7.6,0,0,0,0,0,0,0,0,0
2017-10-25,0.0,24.2,31.4,17.7,4.36,9.1,0,0,0,0,0,0,0,0,0
2017-10-26,0.0,24.0,30.5,17.9,3.86,9.7,0,0,0,0,0,0,0,0,0
2017-10-27,1.2,23.8,28.7,19.4,3.05,10.2,0,0,0,0,0,0,0,0,0
2017-10-28,0.0,24.6,30.5,20.6,3.26,9.4,0,0,0,0,0,0,0,0,0
2017-10-29,0.0,23.4,30.1,17.8,3.42,9.1,0,0,0,0,0,0,0,0,0
2017-10-30,0.0,23.4,30.9,18.2,4.53,11.5,0,0,0,0,0,0,0,0,0
2017-10-31,0.0,22.3,30.0,16.4,4.46,10.0,0,0,0,0,0,0,0,0,0
2017-11-01,0.0,22.4,29.2,16.7,3.95,11.1,0,0,0,0,0,0,0,0,0
2017-11-02,0.0,22.9,29.8,17.1,4.14,9.4,0,0,0,0,0,0,0,0,0
2017-11-03,0.0,22.3,30.1,16.0,4.12,10.5,0,0,0,0,0,0,0,0,0
2017-11-04,0.0,22.8,30.0,16.8,3.76,10.0,0,0,0,0,0,0,0,0,0
2017-11-05,0.0,23.8,30.6,17.3,3.96,9.1,0,0,0,0,0,0,0,0,0
2017-11-06,0.0,23.5,30.7,17.0,3.99,9.8,0,0,0,0,0,0,0,0,0
2017-11-07,0.0,23.8,30.2,17.9,4.0,9.4,0,0,0,0,0,0,0,0,0
2017-11-08,0.0,23.5,30.4,17.6,4.09,8.0,0,0,0,0,0,0,0,0,0
2017-11-09,0.0,22.3,29.6,16.9,4.46,10.4,0,0,0,0,0,0,0,0,0
2017-11-10,0.0,21.8,29.7,14.4,4.39,10.5,0,0,0,0,0,0,0,0,0
2017-11-11,0.0,21.0,29.5,14.4,4.04,10.7,0,0,0,0,0,0,0,0,0
2017-11-12,0.0,21.2,28.8,15.3,3.96,11.2,0,0,0,0,0,0,0,0,0
2017-11-13,0.0,22.0,29.0,15.2,3.7,10.7,0,0,0,0,0,0,0,0,0
2017-11-14,0.0,22.0,29.3,14.9,3.59,9.7,0,0,0,0,0,0,0,0,0
2017-11-15,0.0,24.2,29.9,18.8,3.33,8.6,0,0,0,0,0,0,0,0,0
2017-11-16,0.3,23.8,28.6,19.8,2.93,8.6,0,0,0,0,0,0,0,0,0
2017-11-17,0.2,23.9,28.5,19.9,2.87,8.3,0,0,0,0,0,0,0,0,0
2017-11-18,0.2,23.9,28.9,19.5,2.72,8.6,0,0,0,0,0,0,0,0,0
2017-11-19,0.0,24.3,30.2,19.9,3.43,11.7,0,0,0,0,0,0,0,0,0
2017-11-20,0.0,24.8,30.8,19.7,4.1,12.5,0,0,0,0,0,0,0,0,0
2017-11-21,0.0,24.2,29.6,19.4,3.77,12.3,0,0,0,0,0,0,0,0,0
2017-11-22,0.0,23.2,27.7,19.9,2.98,11.2,0,0,0,0,0,0,0,0,0
2017-11-23,0.0,22.7,28.9,18.1,3.61,10.9,0,0,0,0,0,0,0,0,0
2017-11-24,0.0,21.1,28.6,15.5,4.08,10.8,0,0,0,0,0,0,0,0,0
2017-11-25,0.0,20.2,28.1,13.5,3.77,11.8,0,0,0,0,0,0,0,0,0
2017-11-26,0.0,19.8,29.1,12.5,4.05,12.2,0,0,0,0,0,0,0,0,0
2017-11-27,0.0,19.6,28.6,13.0,4.15,11.7,0,0,0,0,0,0,0,0,0
2017-11-28,0.0,20.4,28.9,12.9,3.55,11.1,0,0,0,0,0,0,0,0,0
2017-11-29,0.0,20.6,28.3,13.0,3.32,8.0,0,0,0,0,0,0,0,0,0
2017-11-30,0.0,20.2,28.2,13.4,3.71,10.0,0,0,0,0,0,0,0,0,0
2017-12-01,0.0,19.6,27.5,14.2,3.69,8.9,0,0,0,0,0,0,0,0,0
2017-12-02,0.0,19.2,27.3,13.5,3.62,10.3,0,0,0,0,0,0,0,0,0
2017-12-03,0.0,18.6,26.9,12.0,3.57,10.7,0,0,0,0,0,0,0,0,0
2017-12-04,0.0,19.6,27.1,13.0,3.17,10.3,0,0,0,0,0,0,0,0,0
2017-12-05,0.0,19.9,27.7,13.1,3.4,10.4,0,0,0,0,0,0,0,0,0
2017-12-06,0.0,20.8,27.3,15.1,2.67,8.8,0,0,0,0,0,0,0,0,0
2017-12-07,0.0,22.7,30.4,16.0,3.83,14.9,0,0,0,0,0,0,0,0,0
2017-12-08,0.0,22.8,29.5,17.7,4.22,14.5,0,0,0,0,0,0,0,0,0
2017-12-09,0.0,21.1,27.6,15.7,4.27,18.8,0,0,0,0,0,0,0,0,0
2017-12-10,0.0,19.0,26.6,12.9,3.82,11.5,0,0,0,0,0,0,0,0,0
2017-12-11,0.0,20.0,28.0,12.6,3.44,11.2,0,0,0,0,0,0,0,0,0
2017-12-12,0.0,21.1,28.3,13.7,3.19,7.9,0,0,0,0,0,0,0,0,0
2017-12-13,0.0,21.6,29.5,15.1,3.36,10.1,0,0,0,0,0,0,0,0,0
2017-12-14,0.0,22.2,29.7,15.3,3.27,9.8,0,0,0,0,0,0,0,0,0
2017-12-15,0.0,22.0,29.3,14.9,3.4,10.7,0,0,0,0,0,0,0,0,0
2017-12-16,0.0,21.7,29.1,16.0,3.45,12.9,0,0,0,0,0,0,0,0,0
2017-12-17,0.0,21.0,27.3,16.2,3.66,14.6,0,0,0,0,0,0,0,0,0
2017-12-18,0.0,18.2,25.7,12.8,3.87,14.8,0,0,0,0,0,0,0,0,0
2017-12-19,0.0,18.3,26.6,12.0,3.87,11.4,0,0,0,0,0,0,0,0,0
2017-12-20,0.0,18.9,27.1,12.7,3.72,13.0,0,0,0,0,0,0,0,0,0
2017-12-21,0.0,19.6,27.6,13.1,3.61,12.4,0,0,0,0,0,0,0,0,0
2017-12-22,0.0,19.7,27.1,13.7,3.71,14.1,0,0,0,0,0,0,0,0,0
2017-12-23,0.0,19.2,27.0,13.8,3.62,11.6,0,0,0,0,0,0,0,0,0
2017-12-24,0.0,19.0,27.1,12.7,3.45,11.8,0,0,0,0,0,0,0,0,0
2017-12-25,0.0,19.2,27.2,12.6,4.21,15.7,0,0,0,0,0,0,0,0,0
2017-12-26,0.0,18.1,26.3,11.7,4.09,13.5,0,0,0,0,0,0,0,0,0
2017-12-27,0.0,17.9,26.5,10.9,3.48,12.1,0,0,0,0,0,0,0,0,0
2017-12-28,0.0,18.8,27.1,11.7,3.36,11.2,0,0,0,0,0,0,0,0,0
2017-12-29,0.0,18.5,27.2,10.9,3.34,11.1,0,0,0,0,0,0,0,0,0
2017-12-30,0.0,18.9,27.2,12.0,3.33,9.6,0,0,0,0,0,0,0,0,0
2017-12-31,0.0,18.6,26.9,11.9,3.53,11.4,0,0,0,0,0,0,0,0,0
2018-01-01,0.0,18.8,26.8,12.5,3.45,12.0,0,0,0,0,0,0,0,0,0
2018-01-02,0.0,18.7,25.6,13.6,3.22,9.3,0,0,0,0,0,0,0,0,0
2018-01-03,0.0,17.2,25.0,12.0,3.69,13.7,0,0,0,0,0,0,0,0,0
2018-01-04,0.0,15.7,23.8,9.7,3.56,12.8,0,0,0,0,0,0,0,0,0
2018-01-05,0.0,16.7,25.1,9.7,3.44,9.4,0,0,0,0,0,0,0,0,0
2018-01-06,0.0,17.8,25.4,11.5,3.24,9.8,0,0,0,0,0,0,0,0,0
2018-01-07,0.0,18.1,25.7,12.3,3.46,11.2,0,0,0,0,0,0,0,0,0
2018-01-08,0.0,17.9,25.8,12.3,3.81,11.8,0,0,0,0,0,0,0,0,0
2018-01-09,0.0,17.6,25.5,11.1,3.89,11.4,0,0,0,0,0,0,0,0,0
2018-01-10,0.0,17.9,26.1,11.3,3.96,13.0,0,0,0,0,0,0,0,0,0
2018-01-11,0.0,18.8,27.2,12.2,4.15,12.1,0,0,0,0,0,0,0,0,0
2018-01-12,0.0,19.3,27.4,12.9,4.18,12.0,0,0,0,0,0,0,0,0,0
2018-01-13,0.0,20.4,28.3,13.9,4.38,13.0,0,0,0,0,0,0,0,0,0
2018-01-14,0.0,21.4,28.8,14.8,3.65,9.0,0,0,0,0,0,0,0,0,0
2018-01-15,0.0,21.1,28.9,15.3,4.23,12.8,0,0,0,0,0,0,0,0,0
2018-01-16,0.0,18.9,27.7,12.1,3.95,9.9,0,0,0,0,0,0,0,0,0
2018-01-17,0.0,19.4,28.2,11.7,4.19,12.3,0,0,0,0,0,0,0,0,0
2018-01-18,0.0,19.2,27.7,12.2,4.66,13.0,0,0,0,0,0,0,0,0,0
2018-01-19,0.0,18.9,28.0,12.1,4.22,11.3,0,0,0,0,0,0,0,0,0
2018-01-20,0.0,19.2,27.7,12.7,4.07,9.8,0,0,0,0,0,0,0,0,0
2018-01-21,0.0,19.2,27.9,12.9,4.06,10.6,0,0,0,0,0,0,0,0,0
2018-01-22,0.0,19.9,28.0,12.8,3.88,13.3,0,0,0,0,0,0,0,0,0
2018-01-23,0.0,20.1,28.2,11.9,4.29,14.4,0,0,0,0,0,0,0,0,0
2018-01-24,0.0,20.7,28.0,15.8,4.66,15.3,0,0,0,0,0,0,0,0,0
2018-01-25,0.0,18.0,26.1,11.4,4.29,13.6,0,0,0,0,0,0,0,0,0
2018-01-26,0.0,17.7,26.0,11.4,4.33,13.0,0,0,0,0,0,0,0,0,0
2018-01-27,0.0,18.3,26.9,10.8,4.23,10.8,0,0,0,0,0,0,0,0,0
2018-01-28,0.0,18.4,28.3,10.7,4.4,12.7,0,0,0,0,0,0,0,0,0
2018-01-29,0.0,19.1,28.8,11.6,4.64,14.5,0,0,0,0,0,0,0,0,0
2018-01-30,0.0,19.7,29.8,12.2,4.62,13.5,0,0,0,0,0,0,0,0,0
2018-01-31,0.0,20.4,31.2,12.5,4.91,17.7,0,0,0,0,0,0,0,0,0
2018-02-01,0.0,20.3,30.6,12.7,4.95,14.1,0,0,0,0,0,0,0,0,0
2018-02-02,0.0,21.6,30.9,13.1,4.39,12.6,0,0,0,0,0,0,0,0,0
2018-02-03,0.0,22.5,31.5,14.2,4.63,11.3,0,0,0,0,0,0,0,0,0
2018-02-04,0.0,22.9,31.2,15.5,4.5,10.7,0,0,0,0,0,0,0,0,0
2018-02-05,0.0,23.5,31.7,15.8,4.09,9.7,0,0,0,0,0,0,0,0,0
2018-02-06,0.0,23.9,31.9,16.7,4.33,9.9,0,0,0,0,0,0,0,0,0
2018-02-07,0.0,22.6,29.7,17.9,3.35,16.8,0,0,0,0,0,0,0,0,0
2018-02-08,0.0,22.8,29.7,16.1,3.91,10.0,0,0,0,0,0,0,0,0,0
2018-02-09,0.4,22.8,30.9,16.9,4.5,13.9,0,0,0,0,0,0,0,0,0
2018-02-10,0.0,22.0,28.9,16.2,3.33,11.6,0,0,0,0,0,0,0,0,0
2018-02-11,0.8,21.7,30.2,16.0,3.62,15.3,0,0,0,0,0,0,0,0,0
2018-02-12,8.5,21.3,27.5,16.8,3.25,17.6,1,0,0,0,0,0,1,1,0
2018-02-13,14.0,19.5,24.5,16.7,2.71,13.6,1,0,0,0,0,0,1,1,0
2018-02-14,0.0,19.1,26.1,14.8,3.83,18.1,0,0,0,0,0,0,0,0,0
2018-02-15,0.0,18.6,26.6,12.1,4.46,13.6,0,0,0,0,0,0,0,0,0
2018-02-16,0.0,19.9,28.3,12.9,4.69,13.6,0,0,0,0,0,0,0,0,0
2018-02-17,0.0,20.8,29.5,13.8,4.64,11.7,0,0,0,0,0,0,0,0,0
2018-02-18,0.0,22.8,31.5,14.5,4.69,11.4,0,0,0,0,0,0,0,0,0
2018-02-19,0.0,23.6,32.2,16.0,4.4,14.1,0,0,0,0,0,0,0,0,0
2018-02-20,0.0,24.1,31.9,17.5,4.96,11.9,0,0,0,0,0,0,0,0,0
2018-02-21,0.0,23.9,32.8,16.8,5.51,12.2,0,0,0,0,0,0,0,0,0
2018-02-22,0.0,24.4,33.7,16.2,4.74,10.2,0,0,0,0,0,0,0,0,0
2018-02-23,0.0,26.3,34.4,18.5,5.0,12.8,0,0,0,0,0,0,0,0,0
2018-02-24,0.0,26.5,34.8,19.6,5.05,12.0,0,0,0,0,0,0,0,0,0
2018-02-25,0.0,25.3,34.5,19.3,4.13,11.8,0,0,0,0,0,0,0,0,0
2018-02-26,0.0,25.4,34.0,18.7,5.86,14.5,0,0,0,0,0,0,0,0,0
2018-02-27,0.0,24.9,34.1,16.6,5.66,13.0,0,0,0,0,0,0,0,0,0
2018-02-28,0.0,25.7,35.1,17.9,5.68,10.7,0,0,0,0,0,0,0,0,0
2018-03-01,0.0,26.7,35.9,19.4,5.55,14.8,0,0,0,0,0,0,0,0,0
2018-03-02,0.0,27.2,35.9,18.6,5.31,17.6,0,0,0,0,0,0,0,0,0
2018-03-03,0.0,27.6,36.6,20.1,5.49,11.2,0,0,0,0,0,0,0,0,0
2018-03-04,0.0,27.3,36.3,19.8,5.48,9.8,0,0,0,0,0,0,0,0,0
2018-03-05,0.0,26.9,34.0,21.7,5.33,17.8,0,0,0,0,0,0,0,0,0
2018-03-06,0.0,26.6,34.1,20.3,5.42,13.9,0,0,0,0,0,0,0,0,0
2018-03-07,0.0,27.2,34.5,19.3,5.5,12.9,0,0,0,0,0,0,0,0,0
2018-03-08,0.0,27.0,33.6,22.3,6.52,17.8,0,0,0,0,0,0,0,0,0
2018-03-09,0.1,26.3,33.9,20.6,4.93,10.9,0,0,0,0,0,0,0,0,0
2018-03-10,0.0,26.8,35.5,19.4,5.37,17.8,0,0,0,0,0,0,0,0,0
2018-03-11,0.1,26.8,34.7,19.6,5.49,16.9,0,0,0,0,0,0,0,0,0
2018-03-12,0.0,27.9,35.8,20.0,5.6,18.4,0,0,0,0,0,0,0,0,0
2018-03-13,0.0,28.4,37.2,20.2,5.76,10.6,0,0,0,0,0,0,0,0,0
2018-03-14,0.0,29.6,37.1,21.5,6.28,17.6,0,0,0,0,0,0,0,0,0
2018-03-15,0.0,28.3,33.2,23.8,5.44,22.3,0,0,0,0,0,0,0,0,0
2018-03-16,0.3,25.2,30.3,19.6,4.4,20.7,0,0,0,0,0,0,0,0,0
2018-03-17,0.4,25.1,32.8,18.1,4.77,12.5,0,0,0,0,0,0,0,0,0
2018-03-18,0.0,26.9,33.5,20.3,4.59,9.2,0,0,0,0,0,0,0,0,0
2018-03-19,0.0,27.9,36.0,19.9,5.72,11.3,0,0,0,0,0,0,0,0,0
2018-03-20,0.0,28.3,36.3,20.9,5.14,15.8,0,0,0,0,0,0,0,0,0
2018-03-21,1.2,29.0,36.1,22.4,5.98,17.5,0,0,0,0,0,0,0,0,0
2018-03-22,0.0,29.1,36.8,22.5,7.11,14.8,0,0,0,0,0,0,0,0,0
2018-03-23,0.0,28.2,36.2,21.5,6.99,13.2,0,0,0,0,0,0,0,0,0
2018-03-24,0.0,28.6,36.9,20.9,7.16,15.6,0,0,0,0,0,0,0,0,0
2018-03-25,0.0,28.9,36.9,21.9,7.7,15.3,0,0,0,0,0,0,0,0,0
2018-03-26,0.0,28.2,37.1,20.1,6.91,10.0,0,0,0,0,0,0,0,0,0
2018-03-27,0.0,28.9,38.5,19.8,6.79,11.0,0,0,0,0,0,0,0,0,0
2018-03-28,0.0,29.6,39.2,20.5,7.09,11.8,0,0,0,0,0,0,0,0,0
2018-03-29,0.0,30.3,39.8,22.0,7.88,14.7,0,0,0,0,0,0,0,0,0
2018-03-30,0.0,31.4,40.4,22.1,7.05,14.4,0,0,0,0,0,0,0,0,0
2018-03-31,0.0,31.0,40.1,20.7,6.45,11.4,0,0,0,0,0,0,0,0,0
2018-04-01,1.2,28.9,37.6,22.8,6.59,27.1,0,0,0,0,0,1,1,1,0
2018-04-02,0.0,29.1,37.6,21.7,6.37,11.6,0,0,0,0,0,0,0,0,0
2018-04-03,0.1,30.1,38.7,21.4,7.5,23.2,0,0,0,0,0,1,1,1,0
2018-04-04,0.0,30.6,38.8,23.1,6.79,24.5,0,0,0,0,0,1,1,1,0
2018-04-05,1.4,30.1,38.6,23.4,6.62,19.4,0,0,0,0,0,0,0,0,0
2018-04-06,3.3,31.5,39.1,24.4,7.12,19.5,0,0,0,0,0,0,0,0,0
2018-04-07,2.4,30.8,38.3,25.0,5.92,19.1,0,0,0,0,0,0,0,0,0
2018-04-08,0.0,30.3,37.7,24.7,6.91,17.1,0,0,0,0,0,0,0,0,0
2018-04-09,0.1,29.6,37.5,23.8,6.02,14.4,0,0,0,0,0,0,0,0,0
2018-04-10,0.8,29.2,35.8,23.2,5.42,19.1,0,0,0,0,0,0,0,0,0
2018-04-11,2.6,29.7,37.0,23.6,6.09,15.1,0,0,0,0,0,0,0,0,0
2018-04-12,0.3,29.8,37.1,22.9,6.01,13.7,0,0,0,0,0,0,0,0,0
2018-04-13,0.3,30.0,36.8,24.6,5.85,16.2,0,0,0,0,0,0,0,0,0
2018-04-14,0.7,28.8,37.2,24.0,6.05,24.3,0,0,0,0,0,1,1,1,0
2018-04-15,3.0,28.7,37.1,22.7,5.8,17.0,0,0,0,0,0,0,0,0,0
2018-04-16,0.1,30.2,38.6,23.1,6.08,21.3,0,0,0,0,0,0,0,0,0
2018-04-17,0.0,32.6,40.5,24.1,6.87,18.1,0,0,0,0,0,0,0,0,0
2018-04-18,0.0,32.2,40.5,25.4,6.32,18.0,0,0,0,0,0,0,0,0,0
2018-04-19,0.0,32.4,41.0,23.4,7.24,14.0,0,0,0,0,0,0,0,0,0
2018-04-20,0.0,33.3,42.3,23.6,8.04,21.0,0,0,0,0,0,0,0,0,0
2018-04-21,0.0,33.8,40.8,27.0,8.23,16.7,0,0,0,0,0,0,0,0,0
2018-04-22,0.0,32.8,40.6,25.1,6.59,13.3,0,0,0,0,0,0,0,0,0
2018-04-23,0.0,32.2,39.7,24.5,6.78,9.1,0,0,0,0,0,0,0,0,0
2018-04-24,0.0,31.5,40.5,22.3,8.21,17.6,0,0,0,0,0,0,0,0,0
2018-04-25,0.0,31.2,40.5,22.2,7.32,10.3,0,0,0,0,0,0,0,0,0
2018-04-26,0.0,32.9,41.5,22.6,6.77,14.8,0,0,0,0,0,0,0,0,0
2018-04-27,0.0,33.4,41.9,24.3,7.54,16.6,0,0,0,0,0,0,0,0,0
2018-04-28,0.0,34.2,41.7,26.5,7.57,13.8,0,0,0,0,0,0,0,0,0
2018-04-29,0.0,34.1,40.5,28.5,7.68,18.1,0,0,0,0,0,0,0,0,0
2018-04-30,0.3,34.4,41.3,28.3,7.52,17.7,0,0,0,0,0,0,0,0,0
2018-05-01,0.0,33.8,41.2,27.5,8.29,22.5,0,0,0,0,0,0,0,0,0
2018-05-02,0.1,33.0,41.6,26.9,7.56,17.1,0,0,0,0,0,0,0,0,0
2018-05-03,0.1,32.1,39.1,26.7,6.95,16.3,0,0,0,0,0,0,0,0,0
2018-05-04,0.0,31.7,38.8,26.1,6.72,15.5,0,0,0,0,0,0,0,0,0
2018-05-05,0.0,33.4,40.0,27.1,7.52,15.3,0,0,0,0,0,0,0,0,0
2018-05-06,0.0,34.5,41.6,27.2,7.14,17.3,0,0,0,0,0,0,0,0,0
2018-05-07,0.0,35.4,42.5,29.6,8.26,22.6,0,0,0,0,0,0,0,0,0
2018-05-08,0.0,34.5,42.3,28.5,7.7,23.5,0,0,0,0,0,1,1,1,0
2018-05-09,0.0,34.2,42.2,25.8,7.64,16.3,0,0,0,0,0,0,0,0,0
2018-05-10,0.0,34.0,40.9,27.0,7.29,15.8,0,0,0,0,0,0,0,0,0
2018-05-11,0.0,34.1,41.4,27.3,7.38,12.8,0,0,0,0,0,0,0,0,0
2018-05-12,0.0,34.3,41.7,27.7,8.06,18.0,0,0,0,0,0,0,0,0,0
2018-05-13,0.0,34.6,41.6,28.2,8.2,19.9,0,0,0,0,0,0,0,0,0
2018-05-14,0.1,33.7,41.2,28.4,8.09,20.4,0,0,0,0,0,0,0,0,0
2018-05-15,0.8,32.7,39.5,27.5,7.72,20.0,0,0,0,0,0,0,0,0,0
2018-05-16,0.0,33.0,40.7,27.3,6.88,14.6,0,0,0,0,0,0,0,0,0
2018-05-17,0.0,33.6,41.0,27.3,6.98,14.6,0,0,0,0,0,0,0,0,0
2018-05-18,0.0,34.7,41.5,28.3,7.91,16.0,0,0,0,0,0,0,0,0,0
2018-05-19,0.0,34.5,41.7,26.0,7.38,21.8,0,0,0,0,0,0,0,0,0
2018-05-20,0.0,35.2,42.2,27.9,6.86,13.8,0,0,0,0,0,0,0,0,0
2018-05-21,0.0,34.4,40.5,30.3,7.98,20.9,0,0,0,0,0,0,0,0,0
2018-05-22,0.0,34.8,40.5,29.6,6.94,13.9,0,0,0,0,0,0,0,0,0
2018-05-23,3.2,34.2,40.2,30.1,7.25,22.0,0,0,0,0,0,0,0,0,0
2018-05-24,0.0,35.3,42.3,30.0,8.5,20.8,0,0,0,0,0,0,0,0,0
2018-05-25,0.0,35.2,40.8,29.6,7.67,23.9,0,0,0,0,0,1,1,1,0
2018-05-26,0.0,34.6,41.9,29.7,7.17,15.2,0,0,0,0,0,0,0,0,0
2018-05-27,0.0,34.2,40.5,28.6,7.38,15.0,0,0,0,0,0,0,0,0,0
2018-05-28,0.2,35.4,41.5,28.9,7.51,17.5,0,0,0,0,0,0,0,0,0
2018-05-29,0.0,36.0,42.8,30.0,7.37,18.6,0,0,0,0,0,0,0,0,0
2018-05-30,0.0,35.8,42.0,28.0,7.35,15.9,0,0,0,0,0,0,0,0,0
2018-05-31,0.1,34.7,41.6,30.0,7.44,15.5,0,0,0,0,0,0,0,0,0
2018-06-01,0.0,33.1,40.3,28.6,6.03,16.6,0,0,0,0,0,0,0,0,0
2018-06-02,0.0,33.1,38.9,28.6,6.26,18.8,0,0,0,0,0,0,0,0,0
2018-06-03,0.0,33.7,40.0,27.6,6.46,12.6,0,0,0,0,0,0,0,0,0
2018-06-04,0.0,32.9,39.6,27.7,6.98,18.4,0,0,0,0,0,0,0,0,0
2018-06-05,0.6,32.3,37.8,27.2,6.22,13.6,0,0,0,0,0,0,0,0,0
2018-06-06,0.0,33.5,38.5,28.7,6.1,12.8,0,0,0,0,0,0,0,0,0
2018-06-07,3.7,32.9,37.9,28.7,6.27,16.9,0,0,0,0,0,0,0,0,0
2018-06-08,10.8,31.0,37.6,27.6,5.52,17.8,1,0,0,0,0,0,1,1,0
2018-06-09,27.6,28.8,33.4,26.1,3.62,12.7,1,0,0,0,0,0,1,1,0
2018-06-10,16.2,27.6,30.8,25.5,2.64,11.2,1,0,0,0,0,0,1,1,0
2018-06-11,29.6,28.3,33.4,25.1,3.38,11.2,1,0,0,0,0,0,1,1,0
2018-06-12,8.6,29.4,34.2,25.1,4.75,12.5,1,0,0,0,0,0,1,1,0
2018-06-13,1.1,30.3,34.5,25.7,5.31,16.7,0,0,0,0,0,0,0,0,0
2018-06-14,0.0,30.2,34.7,26.1,6.43,15.7,0,0,0,0,0,0,0,0,0
2018-06-15,0.0,30.8,35.8,26.8,6.4,15.0,0,0,0,0,0,0,0,0,0
2018-06-16,0.0,31.0,36.2,26.1,6.59,14.1,0,0,0,0,0,0,0,0,0
2018-06-17,0.0,30.4,36.2,25.1,6.18,13.8,0,0,0,0,0,0,0,0,0
2018-06-18,2.6,29.4,35.2,26.2,4.74,20.1,0,0,0,0,0,0,0,0,0
2018-06-19,1.6,29.6,33.8,26.1,4.89,10.0,0,0,0,0,0,0,0,0,0
2018-06-20,14.2,29.9,34.8,25.2,5.11,8.5,1,0,0,0,0,0,1,1,0
2018-06-21,0.7,30.5,35.5,26.3,4.98,13.5,0,0,0,0,0,0,0,0,0
2018-06-22,3.6,28.2,31.4,24.4,3.73,13.1,0,0,0,0,0,0,0,0,0
2018-06-23,0.1,29.7,33.4,25.9,4.83,10.5,0,0,0,0,0,0,0,0,0
2018-06-24,1.5,29.4,33.0,26.6,4.65,16.1,0,0,0,0,0,0,0,0,0
2018-06-25,0.6,30.2,34.6,26.1,5.87,15.7,0,0,0,0,0,0,0,0,0
2018-06-26,5.4,28.9,33.5,25.6,4.96,16.8,0,0,0,0,0,0,0,0,0
2018-06-27,15.9,26.1,29.2,24.5,2.4,8.4,1,0,0,0,0,0,1,1,0
2018-06-28,33.5,25.4,28.7,24.0,1.91,13.3,1,0,0,0,0,0,1,1,0
2018-06-29,2.6,26.8,30.7,23.7,3.74,15.5,0,0,0,0,0,0,0,0,0
2018-06-30,12.8,27.2,31.1,23.9,4.02,11.4,1,0,0,0,0,0,1,1,0
2018-07-01,21.7,27.4,30.7,24.6,3.36,10.4,1,0,0,0,0,0,1,1,0
2018-07-02,7.0,26.8,30.0,25.0,2.92,13.4,0,0,0,0,0,0,0,0,0
2018-07-03,6.2,27.1,29.8,24.7,3.27,19.5,0,0,0,0,0,0,0,0,0
2018-07-04,28.0,26.7,29.7,24.7,2.66,13.3,1,0,0,0,0,0,1,1,0
2018-07-05,50.1,26.1,30.5,24.2,2.88,14.8,1,0,0,0,0,0,1,1,0
2018-07-06,33.8,26.3,30.1,23.7,3.05,17.7,1,0,0,0,0,0,1,1,0
2018-07-07,20.8,27.1,31.5,23.7,3.51,14.8,1,0,0,0,0,0,1,1,0
2018-07-08,39.6,27.5,32.4,23.9,3.44,16.1,1,0,0,0,0,0,1,1,0
2018-07-09,61.0,26.9,31.7,24.5,3.34,12.2,1,0,0,0,0,0,1,1,0
2018-07-10,13.5,26.6,30.1,24.5,2.84,10.9,1,0,0,0,0,0,1,1,0
2018-07-11,14.9,26.3,30.7,24.5,2.75,11.4,1,0,0,0,0,0,1,1,0
2018-07-12,12.9,26.3,29.6,24.3,2.57,13.4,1,0,0,0,0,0,1,1,0
2018-07-13,11.6,26.5,30.1,24.2,2.61,9.5,1,0,0,0,0,0,1,1,0
2018-07-14,13.1,26.9,30.3,24.6,2.7,9.4,1,0,0,0,0,0,1,1,0
2018-07-15,9.1,26.9,30.1,24.5,3.09,9.0,1,0,0,0,0,0,1,1,0
2018-07-16,16.6,27.0,31.4,24.2,3.02,11.9,1,0,0,0,0,0,1,1,0
2018-07-17,21.8,26.1,27.8,24.7,1.67,15.6,1,0,0,0,0,0,1,1,0
2018-07-18,4.7,26.8,30.4,24.9,2.72,19.8,0,0,0,0,0,0,0,0,0
2018-07-19,6.6,26.9,30.9,24.5,2.91,12.0,0,0,0,0,0,0,0,0,0
2018-07-20,3.7,27.2,30.7,24.4,3.14,10.9,0,0,0,0,0,0,0,0,0
2018-07-21,4.6,27.1,29.9,25.0,2.69,13.6,0,0,0,0,0,0,0,0,0
2018-07-22,15.9,26.1,29.0,24.6,1.9,14.8,1,0,0,0,0,0,1,1,0
2018-07-23,83.9,25.3,27.3,24.0,2.05,19.8,1,0,0,0,0,0,1,1,0
2018-07-24,1.5,26.0,29.4,23.9,2.43,18.7,0,0,0,0,0,0,0,0,0
2018-07-25,8.3,26.2,29.5,24.4,2.95,16.0,1,0,0,0,0,0,1,1,0
2018-07-26,10.8,25.3,28.8,23.3,1.84,11.9,1,0,0,0,0,0,1,1,0
2018-07-27,1.3,26.1,29.8,23.1,3.14,13.9,0,0,0,0,0,0,0,0,0
2018-07-28,15.7,26.3,29.7,23.8,3.33,11.8,1,0,0,0,0,0,1,1,0
2018-07-29,2.4,27.1,31.0,24.3,3.47,10.0,0,0,0,0,0,0,0,0,0
2018-07-30,3.2,27.4,31.0,24.6,3.99,13.9,0,0,0,0,0,0,0,0,0
2018-07-31,4.6,26.8,30.6,24.5,3.19,14.1,0,0,0,0,0,0,0,0,0
2018-08-01,2.4,26.7,29.8,24.6,2.36,10.5,0,0,0,0,0,0,0,0,0
2018-08-02,1.9,27.2,30.8,24.5,3.64,13.0,0,0,0,0,0,0,0,0,0
2018-08-03,1.0,27.3,31.0,24.3,4.31,17.4,0,0,0,0,0,0,0,0,0
2018-08-04,1.3,27.3,31.8,23.6,4.3,11.3,0,0,0,0,0,0,0,0,0
2018-08-05,8.0,27.0,30.0,24.3,3.22,13.8,1,0,0,0,0,0,1,1,0
2018-08-06,3.3,26.2,29.8,23.9,2.3,7.2,0,0,0,0,0,0,0,0,0
2018-08-07,6.2,25.7,27.4,24.4,1.8,12.0,0,0,0,0,0,0,0,0,0
2018-08-08,132.9,24.7,26.4,23.7,1.18,17.8,1,0,0,0,0,0,1,1,1
2018-08-09,21.5,25.9,30.0,23.1,2.66,12.2,1,0,0,0,0,0,1,1,0
2018-08-10,11.4,26.3,30.3,24.1,2.87,7.5,1,0,0,0,0,0,1,1,0
2018-08-11,10.0,26.6,29.8,24.2,2.84,16.6,1,0,0,0,0,0,1,1,0
2018-08-12,7.4,26.2,29.2,23.7,1.98,15.9,0,0,0,0,0,0,0,0,0
2018-08-13,1.3,26.6,30.0,23.9,2.63,9.6,0,0,0,0,0,0,0,0,0
2018-08-14,13.1,27.0,30.5,24.0,3.22,14.7,1,0,0,0,0,0,1,1,0
2018-08-15,8.4,27.1,30.6,24.7,3.61,21.3,1,0,0,0,0,0,1,1,0
2018-08-16,10.0,27.2,31.3,24.8,3.29,16.7,1,0,0,0,0,0,1,1,0
2018-08-17,3.5,26.9,30.2,24.5,3.82,16.4,0,0,0,0,0,0,0,0,0
2018-08-18,15.3,26.0,29.4,23.7,2.77,6.9,1,0,0,0,0,0,1,1,0
2018-08-19,22.0,26.5,29.8,24.4,2.31,14.1,1,0,0,0,0,0,1,1,0
2018-08-20,18.7,26.2,29.7,24.4,2.15,19.6,1,0,0,0,0,0,1,1,0
2018-08-21,6.2,26.0,29.7,24.0,3.03,21.3,0,0,0,0,0,0,0,0,0
2018-08-22,1.9,26.0,29.7,23.5,3.1,17.9,0,0,0,0,0,0,0,0,0
2018-08-23,5.8,26.1,29.1,24.0,2.58,13.7,0,0,0,0,0,0,0,0,0
2018-08-24,9.0,25.9,29.2,23.5,2.18,12.9,1,0,0,0,0,0,1,1,0
2018-08-25,5.3,25.9,28.7,23.4,2.62,14.3,0,0,0,0,0,0,0,0,0
2018-08-26,13.4,25.0,26.9,23.8,1.48,10.7,1,0,0,0,0,0,1,1,0
2018-08-27,7.8,25.7,29.8,23.4,2.34,14.3,1,0,0,0,0,0,1,1,0
2018-08-28,27.5,24.8,26.5,23.6,1.47,13.0,1,0,0,0,0,0,1,1,0
2018-08-29,20.1,25.2,27.9,23.5,1.7,11.6,1,0,0,0,0,0,1,1,0
2018-08-30,9.0,25.7,28.6,23.5,2.33,9.3,1,0,0,0,0,0,1,1,0
2018-08-31,24.6,25.3,28.8,23.7,1.93,8.1,1,0,0,0,0,0,1,1,0
2018-09-01,10.8,25.5,28.7,23.7,2.59,14.2,1,0,0,0,0,0,1,1,0
2018-09-02,4.8,25.5,29.1,23.3,2.73,12.2,0,0,0,0,0,0,0,0,0
2018-09-03,4.0,25.7,30.2,23.2,2.87,10.3,0,0,0,0,0,0,0,0,0
2018-09-04,1.6,26.3,30.0,23.2,3.17,7.9,0,0,0,0,0,0,0,0,0
2018-09-05,17.7,25.5,28.7,23.6,2.45,13.0,1,0,0,0,0,0,1,1,0
2018-09-06,6.3,25.1,28.1,23.3,2.26,17.9,0,0,0,0,0,0,0,0,0
2018-09-07,37.6,24.2,25.9,22.7,1.29,15.1,1,0,0,0,0,0,1,1,0
2018-09-08,0.4,24.6,28.6,21.7,2.99,15.1,0,0,0,0,0,0,0,0,0
2018-09-09,0.8,26.0,30.2,22.4,4.09,10.6,0,0,0,0,0,0,0,0,0
2018-09-10,0.2,26.5,31.2,22.4,4.45,9.8,0,0,0,0,0,0,0,0,0
2018-09-11,0.2,26.3,31.8,21.9,4.46,12.4,0,0,0,0,0,0,0,0,0
2018-09-12,0.2,26.6,31.0,22.8,4.49,14.1,0,0,0,0,0,0,0,0,0
2018-09-13,0.2,26.3,30.9,21.8,4.35,9.9,0,0,0,0,0,0,0,0,0
2018-09-14,0.9,25.9,29.3,21.3,3.86,7.0,0,0,0,0,0,0,0,0,0
2018-09-15,0.9,26.4,30.7,22.6,4.25,11.8,0,0,0,0,0,0,0,0,0
2018-09-16,0.2,26.5,30.9,22.6,4.39,13.7,0,0,0,0,0,0,0,0,0
2018-09-17,0.0,26.6,31.5,22.6,4.69,12.6,0,0,0,0,0,0,0,0,0
2018-09-18,0.0,27.2,31.9,22.7,4.73,14.1,0,0,0,0,0,0,0,0,0
2018-09-19,0.0,27.7,32.6,23.4,5.03,18.1,0,0,0,0,0,0,0,0,0
2018-09-20,0.4,27.7,32.8,22.4,5.2,18.6,0,0,0,0,0,0,0,0,0
2018-09-21,21.6,25.8,28.0,24.3,1.92,20.2,1,0,0,0,0,0,1,1,0
2018-09-22,5.0,24.9,28.4,22.3,2.87,25.8,0,0,0,0,0,1,1,1,0
2018-09-23,0.9,26.3,30.5,23.4,3.8,16.6,0,0,0,0,0,0,0,0,0
2018-09-24,2.3,26.5,31.0,22.9,4.17,11.6,0,0,0,0,0,0,0,0,0
2018-09-25,0.2,27.0,32.4,23.0,4.4,10.2,0,0,0,0,0,0,0,0,0
2018-09-26,0.0,27.3,32.2,22.0,4.22,7.7,0,0,0,0,0,0,0,0,0
2018-09-27,0.0,27.4,32.5,22.7,4.16,8.2,0,0,0,0,0,0,0,0,0
2018-09-28,0.0,26.9,33.0,22.1,4.84,9.7,0,0,0,0,0,0,0,0,0
2018-09-29,0.0,26.8,33.8,20.9,5.14,9.6,0,0,0,0,0,0,0,0,0
2018-09-30,0.0,26.5,33.7,20.3,4.92,10.9,0,0,0,0,0,0,0,0,0
2018-10-01,0.0,27.0,33.6,20.8,4.85,9.7,0,0,0,0,0,0,0,0,0
2018-10-02,0.0,27.6,33.8,21.6,4.39,7.9,0,0,0,0,0,0,0,0,0
2018-10-03,0.0,27.6,33.7,21.6,4.48,8.8,0,0,0,0,0,0,0,0,0
2018-10-04,0.0,27.6,33.3,22.0,4.5,9.8,0,0,0,0,0,0,0,0,0
2018-10-05,0.0,27.9,33.8,22.0,4.49,8.6,0,0,0,0,0,0,0,0,0
2018-10-06,0.0,27.6,34.1,21.9,4.45,7.2,0,0,0,0,0,0,0,0,0
2018-10-07,0.0,27.3,33.0,22.0,4.34,7.5,0,0,0,0,0,0,0,0,0
2018-10-08,0.1,26.9,33.1,20.6,4.37,8.7,0,0,0,0,0,0,0,0,0
2018-10-09,0.0,27.5,35.0,21.5,5.41,14.2,0,0,0,0,0,0,0,0,0
2018-10-10,0.0,26.6,34.8,19.6,5.66,20.0,0,0,0,0,0,0,0,0,0
2018-10-11,0.0,26.9,33.6,21.0,5.89,20.9,0,0,0,0,0,0,0,0,0
2018-10-12,0.2,26.9,32.5,23.1,5.08,20.7,0,0,0,0,0,0,0,0,0
2018-10-13,0.1,26.2,31.8,21.9,4.53,12.8,0,0,0,0,0,0,0,0,0
2018-10-14,0.0,26.0,32.4,20.7,4.45,9.8,0,0,0,0,0,0,0,0,0
2018-10-15,0.0,25.9,33.2,18.8,4.86,11.5,0,0,0,0,0,0,0,0,0
2018-10-16,0.0,25.7,32.9,18.7,4.48,10.0,0,0,0,0,0,0,0,0,0
2018-10-17,0.0,26.6,32.9,20.7,4.0,9.1,0,0,0,0,0,0,0,0,0
2018-10-18,0.0,26.8,32.6,21.6,4.15,9.7,0,0,0,0,0,0,0,0,0
2018-10-19,0.0,26.9,33.0,20.8,4.08,8.5,0,0,0,0,0,0,0,0,0
2018-10-20,0.0,27.2,33.3,21.1,4.16,6.4,0,0,0,0,0,0,0,0,0
2018-10-21,0.0,27.4,33.3,21.7,4.06,7.4,0,0,0,0,0,0,0,0,0
2018-10-22,0.0,26.7,33.6,21.1,4.41,10.6,0,0,0,0,0,0,0,0,0
2018-10-23,0.0,25.6,33.0,19.9,5.04,12.5,0,0,0,0,0,0,0,0,0
2018-10-24,0.0,24.3,32.0,18.4,4.91,12.6,0,0,0,0,0,0,0,0,0
2018-10-25,0.0,24.3,31.5,17.5,4.08,7.2,0,0,0,0,0,0,0,0,0
2018-10-26,0.0,24.1,31.8,17.4,4.41,12.0,0,0,0,0,0,0,0,0,0
2018-10-27,0.0,24.4,32.3,17.3,4.62,13.2,0,0,0,0,0,0,0,0,0
2018-10-28,0.0,23.5,31.0,18.1,4.55,16.2,0,0,0,0,0,0,0,0,0
2018-10-29,0.0,23.7,31.0,17.7,5.02,13.0,0,0,0,0,0,0,0,0,0
2018-10-30,0.0,24.3,31.4,18.7,4.75,12.2,0,0,0,0,0,0,0,0,0
2018-10-31,0.3,24.8,30.9,19.4,3.8,9.6,0,0,0,0,0,0,0,0,0
2018-11-01,0.1,25.6,31.3,20.5,3.62,6.9,0,0,0,0,0,0,0,0,0
2018-11-02,0.0,25.6,30.7,20.5,3.52,8.8,0,0,0,0,0,0,0,0,0
2018-11-03,0.0,25.9,31.3,21.1,3.72,9.6,0,0,0,0,0,0,0,0,0
2018-11-04,0.0,25.5,31.5,19.8,3.46,8.4,0,0,0,0,0,0,0,0,0
2018-11-05,0.0,26.1,31.5,21.1,3.41,9.4,0,0,0,0,0,0,0,0,0
2018-11-06,0.0,26.1,32.1,21.4,4.22,12.2,0,0,0,0,0,0,0,0,0
2018-11-07,0.0,24.2,30.9,19.5,4.46,11.4,0,0,0,0,0,0,0,0,0
2018-11-08,0.0,22.4,30.1,16.6,4.33,11.6,0,0,0,0,0,0,0,0,0
2018-11-09,0.0,21.6,30.2,15.4,4.48,11.2,0,0,0,0,0,0,0,0,0
2018-11-10,0.0,21.5,30.3,14.0,4.64,12.1,0,0,0,0,0,0,0,0,0
2018-11-11,0.0,21.7,30.4,14.4,4.52,12.0,0,0,0,0,0,0,0,0,0
2018-11-12,0.0,21.8,30.7,14.9,4.5,14.2,0,0,0,0,0,0,0,0,0
2018-11-13,0.0,22.7,30.9,14.1,3.74,8.0,0,0,0,0,0,0,0,0,0
2018-11-14,0.0,22.6,31.0,15.2,4.08,10.1,0,0,0,0,0,0,0,0,0
2018-11-15,0.0,23.4,31.6,15.9,3.92,9.4,0,0,0,0,0,0,0,0,0
2018-11-16,0.0,22.7,30.8,16.2,3.95,9.4,0,0,0,0,0,0,0,0,0
2018-11-17,0.0,23.0,30.7,16.8,3.76,10.5,0,0,0,0,0,0,0,0,0
2018-11-18,0.0,23.1,31.0,16.2,3.77,9.1,0,0,0,0,0,0,0,0,0
2018-11-19,0.0,23.9,31.7,16.9,3.78,7.5,0,0,0,0,0,0,0,0,0
2018-11-20,0.0,24.0,31.7,18.1,4.2,10.5,0,0,0,0,0,0,0,0,0
2018-11-21,0.0,23.4,31.7,16.7,4.33,15.2,0,0,0,0,0,0,0,0,0
2018-11-22,0.0,22.1,30.0,16.6,4.06,11.0,0,0,0,0,0,0,0,0,0
2018-11-23,0.0,22.2,29.7,15.7,4.24,15.2,0,0,0,0,0,0,0,0,0
2018-11-24,0.0,21.6,29.1,15.4,4.13,13.4,0,0,0,0,0,0,0,0,0
2018-11-25,0.0,20.5,28.3,14.2,3.93,9.6,0,0,0,0,0,0,0,0,0
2018-11-26,0.0,19.8,28.0,13.5,3.94,11.0,0,0,0,0,0,0,0,0,0
2018-11-27,0.0,20.8,28.1,13.9,3.57,9.7,0,0,0,0,0,0,0,0,0
2018-11-28,0.0,20.4,28.0,13.6,3.45,8.6,0,0,0,0,0,0,0,0,0
2018-11-29,0.0,20.6,28.3,13.5,3.48,9.4,0,0,0,0,0,0,0,0,0
2018-11-30,0.0,20.5,27.9,14.4,3.68,10.6,0,0,0,0,0,0,0,0,0
2018-12-01,0.0,19.8,27.2,14.1,3.52,12.6,0,0,0,0,0,0,0,0,0
2018-12-02,0.0,20.1,27.1,13.7,3.14,8.9,0,0,0,0,0,0,0,0,0
2018-12-03,0.0,19.6,27.1,13.4,3.22,8.9,0,0,0,0,0,0,0,0,0
2018-12-04,0.0,20.6,26.8,14.4,3.02,10.0,0,0,0,0,0,0,0,0,0
2018-12-05,0.0,20.0,26.3,15.4,2.74,10.4,0,0,0,0,0,0,0,0,0
2018-12-06,0.0,20.3,27.2,13.9,2.8,8.6,0,0,0,0,0,0,0,0,0
2018-12-07,0.0,20.8,27.8,16.3,3.34,11.4,0,0,0,0,0,0,0,0,0
2018-12-08,0.0,20.9,27.9,14.8,3.05,9.0,0,0,0,0,0,0,0,0,0
2018-12-09,0.2,21.5,27.0,16.4,2.91,7.8,0,0,0,0,0,0,0,0,0
2018-12-10,4.3,20.7,25.4,16.8,2.09,13.6,0,0,0,0,0,0,0,0,0
2018-12-11,0.0,19.9,26.3,16.0,3.08,13.2,0,0,0,0,0,0,0,0,0
2018-12-12,0.0,19.8,26.9,13.3,3.23,10.2,0,0,0,0,0,0,0,0,0
2018-12-13,0.0,20.1,27.1,14.4,3.35,10.8,0,0,0,0,0,0,0,0,0
2018-12-14,0.0,19.9,26.1,15.4,3.8,15.6,0,0,0,0,0,0,0,0,0
2018-12-15,0.0,19.0,25.5,14.1,3.77,14.3,0,0,0,0,0,0,0,0,0
2018-12-16,0.3,18.3,24.6,12.4,3.29,15.2,0,0,0,0,0,0,0,0,0
2018-12-17,16.6,16.5,18.0,15.2,1.12,15.2,1,0,1,0,0,0,2,1,0
2018-12-18,3.2,17.1,23.0,13.1,2.87,15.6,0,0,0,0,0,0,0,0,0
2018-12-19,0.0,15.7,23.1,10.9,2.89,10.2,0,0,0,0,0,0,0,0,0
2018-12-20,0.0,15.6,23.1,10.6,2.9,9.8,0,0,0,0,0,0,0,0,0
2018-12-21,0.0,15.2,23.9,8.8,3.34,12.6,0,0,0,0,0,0,0,0,0
2018-12-22,0.0,15.1,24.4,8.3,3.19,11.0,0,0,0,0,0,0,0,0,0
2018-12-23,0.0,15.9,25.2,9.2,3.21,11.7,0,0,0,0,0,0,0,0,0
2018-12-24,0.0,16.1,25.0,9.9,3.4,12.3,0,0,0,0,0,0,0,0,0
2018-12-25,0.0,16.7,25.8,10.4,3.27,10.2,0,0,0,0,0,0,0,0,0
2018-12-26,0.0,18.4,26.2,11.7,3.18,11.9,0,0,0,0,0,0,0,0,0
2018-12-27,0.0,18.1,24.8,13.6,3.88,17.1,0,0,0,0,0,0,0,0,0
2018-12-28,0.0,15.1,22.4,9.1,3.78,12.7,0,0,0,0,0,0,0,0,0
2018-12-29,0.0,14.2,22.3,8.1,3.37,11.1,0,1,0,0,0,0,1,1,0
2018-12-30,0.0,14.3,23.1,7.3,3.48,11.8,0,1,0,0,0,0,1,1,0
2018-12-31,0.0,15.4,25.0,7.9,3.88,11.4,0,0,0,0,0,0,0,0,0
2019-01-01,0.0,17.0,26.2,9.5,3.37,12.0,0,0,0,0,0,0,0,0,0
2019-01-02,0.0,17.3,27.5,9.2,3.55,11.5,0,0,0,0,0,0,0,0,0
2019-01-03,0.0,18.4,27.5,11.3,3.66,11.5,0,0,0,0,0,0,0,0,0
2019-01-04,0.0,19.0,27.2,11.5,3.36,11.2,0,0,0,0,0,0,0,0,0
2019-01-05,0.0,18.8,27.8,10.3,3.57,10.6,0,0,0,0,0,0,0,0,0
2019-01-06,0.0,20.1,27.9,12.9,3.66,11.9,0,0,0,0,0,0,0,0,0
2019-01-07,0.0,19.3,25.9,14.8,4.25,15.4,0,0,0,0,0,0,0,0,0
2019-01-08,0.0,16.6,24.3,10.9,3.46,12.7,0,0,0,0,0,0,0,0,0
2019-01-09,0.0,16.6,24.7,10.2,3.51,10.3,0,0,0,0,0,0,0,0,0
2019-01-10,0.0,16.7,25.2,10.4,3.59,12.0,0,0,0,0,0,0,0,0,0
2019-01-11,0.0,17.5,26.2,10.5,3.37,11.2,0,0,0,0,0,0,0,0,0
2019-01-12,0.0,19.0,27.5,11.8,3.55,9.7,0,0,0,0,0,0,0,0,0
2019-01-13,0.0,21.0,28.0,15.1,3.48,10.7,0,0,0,0,0,0,0,0,0
2019-01-14,0.1,19.7,26.3,13.9,4.04,16.6,0,0,0,0,0,0,0,0,0
2019-01-15,0.0,16.8,24.9,10.6,3.96,13.4,0,0,0,0,0,0,0,0,0
2019-01-16,0.0,16.8,26.0,9.8,3.75,10.8,0,0,0,0,0,0,0,0,0
2019-01-17,0.0,17.9,27.7,9.4,4.25,11.3,0,0,0,0,0,0,0,0,0
2019-01-18,0.0,18.1,26.7,11.2,4.38,14.1,0,0,0,0,0,0,0,0,0
2019-01-19,0.0,17.9,27.9,10.5,4.2,12.1,0,0,0,0,0,0,0,0,0
2019-01-20,0.0,19.5,29.9,11.2,4.02,11.7,0,0,0,0,0,0,0,0,0
2019-01-21,0.0,19.6,30.0,11.6,4.43,13.0,0,0,0,0,0,0,0,0,0
2019-01-22,0.0,20.7,28.2,14.2,4.11,16.3,0,0,0,0,0,0,0,0,0
2019-01-23,0.0,21.3,27.8,15.0,3.43,10.5,0,0,0,0,0,0,0,0,0
2019-01-24,3.2,19.5,26.3,15.8,2.96,22.7,0,0,0,0,0,0,0,0,0
2019-01-25,15.4,18.7,25.5,15.2,2.47,15.2,1,0,0,0,0,0,1,1,0
2019-01-26,1.1,18.8,23.5,16.3,2.64,16.0,0,0,0,0,0,0,0,0,0
2019-01-27,0.0,17.7,22.8,13.2,3.3,14.9,0,0,0,0,0,0,0,0,0
2019-01-28,0.0,15.2,21.4,11.0,3.97,17.3,0,0,0,0,0,0,0,0,0
2019-01-29,0.0,13.5,20.8,8.2,3.93,18.8,0,1,0,0,0,0,1,1,0
2019-01-30,0.0,14.1,23.0,7.0,3.61,11.3,0,1,0,0,0,0,1,1,0
2019-01-31,0.0,16.8,25.3,8.3,3.78,13.1,0,0,0,0,0,0,0,0,0
2019-02-01,0.0,18.2,27.2,9.5,3.81,9.7,0,0,0,0,0,0,0,0,0
2019-02-02,0.0,19.8,28.4,12.4,3.78,11.4,0,0,0,0,0,0,0,0,0
2019-02-03,0.0,21.2,29.2,13.6,4.0,12.2,0,0,0,0,0,0,0,0,0
2019-02-04,0.0,20.9,29.5,13.0,3.99,10.3,0,0,0,0,0,0,0,0,0
2019-02-05,0.0,21.1,29.9,12.9,4.18,11.2,0,0,0,0,0,0,0,0,0
2019-02-06,0.0,22.8,31.0,14.8,4.5,13.3,0,0,0,0,0,0,0,0,0
2019-02-07,0.2,22.4,29.4,17.2,4.15,22.7,0,0,0,0,0,0,0,0,0
2019-02-08,0.4,21.2,27.0,17.2,4.05,16.2,0,0,0,0,0,0,0,0,0
2019-02-09,0.0,17.2,23.4,12.2,4.99,18.0,0,0,0,0,0,0,0,0,0
2019-02-10,0.0,16.4,24.7,9.8,4.09,12.0,0,0,0,0,0,0,0,0,0
2019-02-11,0.0,18.3,27.9,9.8,4.32,10.9,0,0,0,0,0,0,0,0,0
2019-02-12,0.0,21.1,30.5,12.4,4.11,9.3,0,0,0,0,0,0,0,0,0
2019-02-13,0.0,22.1,32.3,14.5,4.54,11.3,0,0,0,0,0,0,0,0,0
2019-02-14,0.0,23.0,32.4,14.7,4.97,12.0,0,0,0,0,0,0,0,0,0
2019-02-15,6.4,22.3,28.9,17.5,3.42,18.7,0,0,0,0,0,0,0,0,0
2019-02-16,0.6,20.8,27.3,15.4,3.59,8.6,0,0,0,0,0,0,0,0,0
2019-02-17,0.0,19.9,27.5,14.4,4.75,14.3,0,0,0,0,0,0,0,0,0
2019-02-18,0.0,19.8,28.7,11.7,4.46,10.8,0,0,0,0,0,0,0,0,0
2019-02-19,0.0,23.0,31.7,14.7,4.51,10.3,0,0,0,0,0,0,0,0,0
2019-02-20,0.0,24.3,32.4,16.6,4.41,10.1,0,0,0,0,0,0,0,0,0
2019-02-21,0.0,26.3,33.6,18.4,4.91,15.2,0,0,0,0,0,0,0,0,0
2019-02-22,0.0,27.6,35.1,20.5,4.92,12.5,0,0,0,0,0,0,0,0,0
2019-02-23,0.0,25.8,32.7,20.4,5.23,16.4,0,0,0,0,0,0,0,0,0
2019-02-24,0.0,25.6,34.5,19.2,5.24,17.8,0,0,0,0,0,0,0,0,0
2019-02-25,0.0,24.6,32.6,18.0,5.6,17.3,0,0,0,0,0,0,0,0,0
2019-02-26,0.0,23.6,31.2,17.0,5.19,13.6,0,0,0,0,0,0,0,0,0
2019-02-27,0.0,22.9,30.1,15.8,5.11,18.6,0,0,0,0,0,0,0,0,0
2019-02-28,0.0,21.2,27.4,15.9,5.48,15.9,0,0,0,0,0,0,0,0,0
2019-03-01,0.0,21.4,28.8,14.9,5.34,12.1,0,0,0,0,0,0,0,0,0
2019-03-02,0.0,23.8,31.8,15.7,5.1,10.2,0,0,0,0,0,0,0,0,0
2019-03-03,0.6,25.8,33.3,20.6,5.03,21.3,0,0,0,0,0,0,0,0,0
2019-03-04,0.0,25.6,32.7,19.2,4.79,15.1,0,0,0,0,0,0,0,0,0
2019-03-05,0.0,24.9,31.3,19.5,5.47,13.1,0,0,0,0,0,0,0,0,0
2019-03-06,0.0,22.9,29.4,17.5,5.6,16.2,0,0,0,0,0,0,0,0,0
2019-03-07,0.0,22.6,30.2,15.7,5.64,11.4,0,0,0,0,0,0,0,0,0
2019-03-08,0.0,23.5,32.0,16.2,5.32,9.9,0,0,0,0,0,0,0,0,0
2019-03-09,0.0,25.2,34.3,17.0,5.58,17.1,0,0,0,0,0,0,0,0,0
2019-03-10,0.0,25.6,34.7,17.7,5.7,12.7,0,0,0,0,0,0,0,0,0
2019-03-11,0.0,26.9,35.4,18.9,5.63,12.3,0,0,0,0,0,0,0,0,0
2019-03-12,0.0,27.7,35.5,21.2,5.65,12.5,0,0,0,0,0,0,0,0,0
2019-03-13,0.2,27.2,35.1,21.2,5.61,19.4,0,0,0,0,0,0,0,0,0
2019-03-14,0.0,26.5,33.5,21.2,4.68,16.5,0,0,0,0,0,0,0,0,0
2019-03-15,0.8,25.9,31.3,20.1,4.3,10.5,0,0,0,0,0,0,0,0,0
2019-03-16,0.0,26.1,33.0,20.1,5.01,12.7,0,0,0,0,0,0,0,0,0
2019-03-17,0.7,25.3,34.7,19.4,5.16,26.5,0,0,0,0,0,1,1,1,0
2019-03-18,0.6,25.1,31.6,19.1,4.78,14.5,0,0,0,0,0,0,0,0,0
2019-03-19,0.0,26.2,32.8,20.2,4.8,8.7,0,0,0,0,0,0,0,0,0
2019-03-20,10.0,25.0,34.1,20.0,4.9,16.9,1,0,0,0,0,0,1,1,0
2019-03-21,0.0,25.7,32.8,19.6,4.94,14.5,0,0,0,0,0,0,0,0,0
2019-03-22,0.1,27.2,34.6,21.2,5.35,9.6,0,0,0,0,0,0,0,0,0
2019-03-23,0.0,26.5,34.0,20.2,6.92,14.8,0,0,0,0,0,0,0,0,0
2019-03-24,0.0,26.4,35.1,18.5,6.52,12.3,0,0,0,0,0,0,0,0,0
2019-03-25,0.0,27.9,36.3,18.4,5.97,11.0,0,0,0,0,0,0,0,0,0
2019-03-26,0.0,29.0,36.8,21.0,7.38,17.4,0,0,0,0,0,0,0,0,0
2019-03-27,0.0,28.2,35.7,21.4,7.1,12.9,0,0,0,0,0,0,0,0,0
2019-03-28,0.0,28.7,37.0,19.6,7.17,12.9,0,0,0,0,0,0,0,0,0
2019-03-29,0.0,30.0,38.8,20.5,6.79,13.8,0,0,0,0,0,0,0,0,0
2019-03-30,0.0,31.0,40.3,21.4,6.22,12.2,0,0,0,0,0,0,0,0,0
2019-03-31,0.0,32.3,41.1,22.4,7.77,23.9,0,0,0,0,0,1,1,1,0
2019-04-01,0.0,31.7,39.3,24.8,8.32,17.9,0,0,0,0,0,0,0,0,0
2019-04-02,0.0,30.6,38.8,22.0,6.66,13.9,0,0,0,0,0,0,0,0,0
2019-04-03,0.0,30.8,39.7,21.4,6.74,15.5,0,0,0,0,0,0,0,0,0
2019-04-04,0.0,31.8,40.3,23.8,6.89,16.3,0,0,0,0,0,0,0,0,0
2019-04-05,0.0,32.2,38.9,25.4,7.45,22.1,0,0,0,0,0,0,0,0,0
2019-04-06,0.0,32.3,40.4,24.7,7.52,14.8,0,0,0,0,0,0,0,0,0
2019-04-07,0.0,31.9,39.7,24.6,7.36,13.4,0,0,0,0,0,0,0,0,0
2019-04-08,0.0,31.5,39.6,23.2,7.12,17.5,0,0,0,0,0,0,0,0,0
2019-04-09,0.0,31.7,40.4,22.7,7.24,15.4,0,0,0,0,0,0,0,0,0
2019-04-10,0.0,32.1,40.5,24.2,6.81,13.8,0,0,0,0,0,0,0,0,0
2019-04-11,0.0,31.9,39.2,24.8,6.48,15.2,0,0,0,0,0,0,0,0,0
2019-04-12,0.1,31.1,38.5,23.9,6.45,16.0,0,0,0,0,0,0,0,0,0
2019-04-13,0.0,32.9,41.2,23.8,6.73,14.2,0,0,0,0,0,0,0,0,0
2019-04-14,0.0,33.6,41.4,25.9,6.61,11.5,0,0,0,0,0,0,0,0,0
2019-04-15,0.0,33.0,41.1,25.2,6.86,13.2,0,0,0,0,0,0,0,0,0
2019-04-16,0.2,28.7,33.3,25.6,4.96,19.1,0,0,0,0,0,0,0,0,0
2019-04-17,0.4,27.4,32.4,22.9,4.89,16.9,0,0,0,0,0,0,0,0,0
2019-04-18,0.2,28.7,34.6,22.8,5.6,14.8,0,0,0,0,0,0,0,0,0
2019-04-19,0.0,29.2,36.5,22.4,5.96,17.4,0,0,0,0,0,0,0,0,0
2019-04-20,0.0,29.9,35.8,22.7,5.59,12.7,0,0,0,0,0,0,0,0,0
2019-04-21,0.0,30.6,37.2,24.1,6.09,21.1,0,0,0,0,0,0,0,0,0
2019-04-22,0.0,31.3,38.8,23.0,6.96,12.8,0,0,0,0,0,0,0,0,0
2019-04-23,0.0,32.4,40.8,25.0,7.51,20.3,0,0,0,0,0,0,0,0,0
2019-04-24,0.0,33.0,41.4,23.5,7.22,13.7,0,0,0,0,0,0,0,0,0
2019-04-25,0.0,33.8,41.3,25.2,6.79,16.2,0,0,0,0,0,0,0,0,0
2019-04-26,0.0,34.8,42.4,26.4,6.77,10.6,0,0,0,0,0,0,0,0,0
2019-04-27,0.0,35.1,43.2,27.0,8.01,20.1,0,0,0,0,0,0,0,0,0
2019-04-28,0.0,35.2,43.7,26.0,7.55,11.5,0,0,0,0,0,0,0,0,0
2019-04-29,0.0,35.3,43.1,26.6,7.41,13.7,0,0,0,0,0,0,0,0,0
2019-04-30,0.0,36.9,44.1,28.7,7.53,13.2,0,1,1,0,0,0,2,1,0
2019-05-01,0.0,35.8,42.5,28.7,7.13,11.2,0,0,0,0,0,0,0,0,0
2019-05-02,0.0,34.9,41.0,28.5,6.05,16.3,0,0,0,0,0,0,0,0,0
2019-05-03,0.0,35.0,41.7,28.3,6.46,11.7,0,0,0,0,0,0,0,0,0
2019-05-04,0.0,32.9,38.5,27.4,6.5,18.2,0,0,0,0,0,0,0,0,0
2019-05-05,0.0,33.0,40.2,25.9,7.55,17.9,0,0,0,0,0,0,0,0,0
2019-05-06,0.0,33.0,40.3,23.9,6.88,12.3,0,0,0,0,0,0,0,0,0
2019-05-07,0.0,34.7,42.0,26.8,6.9,14.3,0,0,0,0,0,0,0,0,0
2019-05-08,0.0,35.3,42.5,28.6,9.21,20.6,0,0,0,0,1,0,1,1,0
2019-05-09,0.0,34.9,42.4,27.4,9.47,18.3,0,0,0,0,1,0,1,1,0
2019-05-10,0.0,34.7,41.9,27.4,7.96,18.0,0,0,0,0,0,0,0,0,0
2019-05-11,0.0,34.1,39.6,28.8,6.95,19.7,0,0,0,0,0,0,0,0,0
2019-05-12,0.0,34.5,41.8,26.7,7.85,15.8,0,0,0,0,0,0,0,0,0
2019-05-13,0.0,34.0,40.4,26.0,7.21,18.1,0,0,0,0,0,0,0,0,0
2019-05-14,0.0,33.9,41.5,26.6,7.22,18.1,0,0,0,0,0,0,0,0,0
2019-05-15,0.0,34.6,41.5,25.7,7.11,14.2,0,0,0,0,0,0,0,0,0
2019-05-16,0.0,35.2,42.0,27.3,7.18,17.1,0,0,0,0,0,0,0,0,0
2019-05-17,0.0,35.8,42.2,28.7,8.58,14.8,0,0,0,0,0,0,0,0,0
2019-05-18,0.0,35.2,41.0,29.7,9.11,20.3,0,0,0,0,1,0,1,1,0
2019-05-19,0.0,34.5,40.5,27.3,7.57,15.1,0,0,0,0,0,0,0,0,0
2019-05-20,0.0,35.4,41.9,28.0,7.55,13.7,0,0,0,0,0,0,0,0,0
2019-05-21,0.0,35.4,42.8,27.8,7.98,17.5,0,0,0,0,0,0,0,0,0
2019-05-22,0.0,36.4,43.4,29.0,7.63,15.7,0,0,0,0,0,0,0,0,0
2019-05-23,0.0,37.3,43.6,30.1,7.92,18.0,0,1,0,0,0,0,1,1,0
2019-05-24,0.0,37.6,43.7,31.7,8.59,14.3,0,1,0,0,0,0,1,1,0
2019-05-25,0.0,37.3,43.0,30.2,9.52,20.2,0,1,0,0,1,0,2,1,0
2019-05-26,0.0,36.5,43.3,29.3,7.13,16.9,0,0,0,0,0,0,0,0,0
2019-05-27,0.0,36.9,43.5,29.1,6.41,11.2,0,1,0,0,0,0,1,1,0
2019-05-28,0.0,37.2,44.1,29.7,7.74,13.6,0,1,1,0,0,0,2,1,0
2019-05-29,0.0,34.9,41.9,29.0,6.87,21.6,0,0,0,0,0,0,0,0,0
2019-05-30,0.0,35.7,42.5,28.6,7.04,13.6,0,0,0,0,0,0,0,0,0
2019-05-31,0.0,35.3,42.4,30.6,7.98,25.2,0,0,0,0,0,1,1,1,0
2019-06-01,0.0,35.0,39.6,30.4,6.79,16.6,0,0,0,0,0,0,0,0,0
2019-06-02,0.0,36.5,43.0,29.9,7.03,21.2,0,0,0,0,0,0,0,0,0
2019-06-03,0.0,36.9,43.0,31.3,7.75,14.5,0,1,0,0,0,0,1,1,0
2019-06-04,0.0,36.5,43.6,30.9,7.42,15.9,0,0,0,0,0,0,0,0,0
2019-06-05,0.0,37.4,43.8,31.7,8.04,17.1,0,1,1,0,0,0,2,1,0
2019-06-06,0.0,37.5,44.3,29.6,8.16,18.5,0,1,1,0,0,0,2,1,0
2019-06-07,0.0,36.1,42.9,31.4,7.17,25.4,0,0,0,0,0,1,1,1,0
2019-06-08,0.0,35.4,40.6,28.9,6.54,11.2,0,0,0,0,0,0,0,0,0
2019-06-09,0.0,35.7,41.6,30.0,6.49,14.8,0,0,0,0,0,0,0,0,0
2019-06-10,0.0,36.1,42.2,29.5,6.66,17.0,0,0,0,0,0,0,0,0,0
2019-06-11,0.0,37.5,43.4,31.3,9.0,24.0,0,1,0,0,1,1,3,1,0
2019-06-12,0.0,37.7,42.4,33.0,8.94,18.3,0,1,0,0,1,0,2,1,0
2019-06-13,0.0,35.7,39.9,32.7,7.1,21.2,0,0,0,0,0,0,0,0,0
2019-06-14,0.4,34.6,40.4,29.5,6.36,20.5,0,0,0,0,0,0,0,0,0
2019-06-15,3.5,33.3,38.8,27.8,5.64,17.3,0,0,0,0,0,0,0,0,0
2019-06-16,3.4,32.5,36.1,28.3,5.02,20.3,0,0,0,0,0,0,0,0,0
2019-06-17,8.1,32.3,36.9,28.2,5.3,15.1,1,0,0,0,0,0,1,1,0
2019-06-18,0.1,32.4,37.7,27.7,6.04,17.0,0,0,0,0,0,0,0,0,0
2019-06-19,0.0,33.5,38.4,28.2,6.24,10.9,0,0,0,0,0,0,0,0,0
2019-06-20,0.2,33.7,37.7,28.6,6.51,14.3,0,0,0,0,0,0,0,0,0
2019-06-21,0.0,33.3,40.0,27.2,6.71,17.4,0,0,0,0,0,0,0,0,0
2019-06-22,0.2,31.7,35.8,28.7,4.03,12.4,0,0,0,0,0,0,0,0,0
2019-06-23,26.4,28.8,35.8,25.9,4.28,12.6,1,0,0,0,0,0,1,1,0
2019-06-24,3.1,29.2,33.6,25.1,4.9,13.9,0,0,0,0,0,0,0,0,0
2019-06-25,0.2,31.6,37.1,26.6,6.02,15.2,0,0,0,0,0,0,0,0,0
2019-06-26,14.2,32.1,37.9,27.2,6.0,12.5,1,0,0,0,0,0,1,1,0
2019-06-27,17.2,30.1,35.0,26.4,4.59,11.4,1,0,0,0,0,0,1,1,0
2019-06-28,22.1,28.1,32.1,25.5,2.51,12.7,1,0,0,0,0,0,1,1,0
2019-06-29,10.6,28.4,32.2,25.9,3.33,14.2,1,0,0,0,0,0,1,1,0
2019-06-30,49.8,27.2,31.4,24.8,2.22,10.1,1,0,0,0,0,0,1,1,0
2019-07-01,17.7,27.8,31.6,24.8,2.89,15.3,1,0,0,0,0,0,1,1,0
2019-07-02,57.5,26.4,29.5,25.2,1.73,10.1,1,0,0,0,0,0,1,1,0
2019-07-03,28.5,26.7,30.2,24.8,2.86,16.4,1,0,0,0,0,0,1,1,0
2019-07-04,10.5,26.2,28.6,24.4,1.95,19.1,1,0,0,0,0,0,1,1,0
2019-07-05,20.0,26.2,28.6,24.7,2.1,18.7,1,0,0,0,0,0,1,1,0
2019-07-06,23.4,26.1,28.6,24.6,2.01,15.4,1,0,0,0,0,0,1,1,0
2019-07-07,18.3,26.4,30.7,24.4,2.4,13.8,1,0,0,0,0,0,1,1,0
2019-07-08,21.3,26.2,28.5,24.7,1.62,11.1,1,0,0,0,0,0,1,1,0
2019-07-09,8.9,27.2,31.0,25.2,3.13,17.1,1,0,0,0,0,0,1,1,0
2019-07-10,0.9,27.9,31.0,24.8,3.63,16.8,0,0,0,0,0,0,0,0,0
2019-07-11,2.1,27.9,30.9,25.4,3.27,14.3,0,0,0,0,0,0,0,0,0
2019-07-12,0.7,28.6,32.2,25.4,4.31,9.7,0,0,0,0,0,0,0,0,0
2019-07-13,0.8,29.0,32.9,25.1,4.9,14.8,0,0,0,0,0,0,0,0,0
2019-07-14,0.5,28.9,32.7,25.4,5.07,17.0,0,0,0,0,0,0,0,0,0
2019-07-15,1.2,29.3,32.8,25.8,5.42,15.1,0,0,0,0,0,0,0,0,0
2019-07-16,0.2,29.1,33.8,24.6,4.94,10.4,0,0,0,0,0,0,0,0,0
2019-07-17,0.0,29.9,34.4,24.7,5.69,13.7,0,0,0,0,0,0,0,0,0
2019-07-18,0.8,29.3,33.5,26.1,4.18,15.6,0,0,0,0,0,0,0,0,0
2019-07-19,19.2,28.6,32.3,26.1,4.13,11.1,1,0,0,0,0,0,1,1,0
2019-07-20,15.7,28.3,31.3,25.6,4.38,10.8,1,0,0,0,0,0,1,1,0
2019-07-21,6.4,28.2,31.6,24.8,4.5,12.6,0,0,0,0,0,0,0,0,0
2019-07-22,1.3,28.8,32.3,25.6,4.94,13.0,0,0,0,0,0,0,0,0,0
2019-07-23,0.0,29.6,33.4,25.6,5.02,13.9,0,0,0,0,0,0,0,0,0
2019-07-24,1.8,29.6,33.1,26.5,4.62,16.7,0,0,0,0,0,0,0,0,0
2019-07-25,36.1,27.5,31.9,25.1,3.44,14.1,1,0,0,0,0,0,1,1,0
2019-07-26,28.0,25.8,28.6,24.6,1.51,12.0,1,0,0,0,0,0,1,1,0
2019-07-27,16.7,25.6,28.0,24.5,1.64,12.7,1,0,0,0,0,0,1,1,0
2019-07-28,15.2,25.8,28.9,24.1,2.44,15.6,1,0,0,0,0,0,1,1,0
2019-07-29,36.8,25.8,29.8,23.5,2.63,11.0,1,0,0,0,0,0,1,1,0
2019-07-30,25.5,25.9,29.9,24.0,2.75,16.1,1,0,0,0,0,0,1,1,0
2019-07-31,22.0,24.8,26.8,23.7,1.46,17.7,1,0,0,0,0,0,1,1,0
2019-08-01,20.4,25.4,28.6,23.8,1.75,12.8,1,0,0,0,0,0,1,1,0
2019-08-02,22.4,26.0,29.2,24.4,2.38,10.3,1,0,0,0,0,0,1,1,0
2019-08-03,44.2,25.4,27.6,23.8,1.65,15.8,1,0,0,0,0,0,1,1,0
2019-08-04,9.1,26.6,30.3,24.1,3.25,16.5,1,0,0,0,0,0,1,1,0
2019-08-05,114.8,25.9,28.3,25.0,1.53,10.5,1,0,0,0,0,0,1,1,1
2019-08-06,23.3,26.9,30.6,24.6,2.62,16.8,1,0,0,0,0,0,1,1,0
2019-08-07,18.9,26.1,28.1,24.9,1.52,14.1,1,0,0,0,0,0,1,1,0
2019-08-08,78.8,25.0,26.7,23.4,1.01,19.7,1,0,0,0,0,0,1,1,0
2019-08-09,18.1,25.3,29.2,23.2,2.69,28.9,1,0,0,0,0,1,2,1,0
2019-08-10,3.3,26.9,31.0,23.9,4.07,13.5,0,0,0,0,0,0,0,0,0
2019-08-11,1.2,27.9,31.8,24.5,4.11,10.4,0,0,0,0,0,0,0,0,0
2019-08-12,4.1,27.4,31.1,24.3,3.49,13.5,0,0,0,0,0,0,0,0,0
2019-08-13,14.9,26.4,29.2,25.4,1.62,13.4,1,0,0,0,0,0,1,1,0
2019-08-14,77.0,25.3,26.6,24.5,0.97,15.3,1,0,0,0,0,0,1,1,0
2019-08-15,8.1,26.2,29.9,23.9,3.19,22.4,1,0,0,0,0,0,1,1,0
2019-08-16,1.0,27.5,31.7,24.0,4.97,18.3,0,0,0,0,0,0,0,0,0
2019-08-17,0.8,28.0,32.3,24.1,4.86,10.8,0,0,0,0,0,0,0,0,0
2019-08-18,5.1,27.2,31.0,24.0,3.63,10.2,0,0,0,0,0,0,0,0,0
2019-08-19,14.1,26.0,28.3,25.0,1.57,10.9,1,0,0,0,0,0,1,1,0
2019-08-20,10.8,26.2,28.5,24.5,1.88,10.0,1,0,0,0,0,0,1,1,0
2019-08-21,9.8,25.7,28.0,24.4,1.76,13.2,1,0,0,0,0,0,1,1,0
2019-08-22,18.4,25.8,29.1,23.7,2.53,17.5,1,0,0,0,0,0,1,1,0
2019-08-23,9.3,26.5,30.3,23.7,3.44,15.0,1,0,0,0,0,0,1,1,0
2019-08-24,9.8,25.9,29.3,24.6,2.06,10.1,1,0,0,0,0,0,1,1,0
2019-08-25,10.2,25.7,28.6,24.2,2.33,10.1,1,0,0,0,0,0,1,1,0
2019-08-26,12.1,25.5,28.0,24.1,2.46,10.9,1,0,0,0,0,0,1,1,0
2019-08-27,25.0,25.4,29.0,23.4,2.77,17.1,1,0,0,0,0,0,1,1,0
2019-08-28,1.0,25.7,30.1,23.0,3.02,12.9,0,0,0,0,0,0,0,0,0
2019-08-29,9.6,26.1,29.5,23.7,2.9,9.7,1,0,0,0,0,0,1,1,0
2019-08-30,21.3,26.4,29.0,23.9,2.87,10.7,1,0,0,0,0,0,1,1,0
2019-08-31,9.4,26.6,30.2,23.8,3.36,8.3,1,0,0,0,0,0,1,1,0
2019-09-01,5.6,26.7,30.9,24.7,3.29,11.4,0,0,0,0,0,0,0,0,0
2019-09-02,9.7,26.3,29.4,24.7,2.07,8.9,1,0,0,0,0,0,1,1,0
2019-09-03,22.6,26.4,30.6,23.9,3.05,13.8,1,0,0,0,0,0,1,1,0
2019-09-04,30.8,26.3,29.8,24.2,2.92,15.1,1,0,0,0,0,0,1,1,0
2019-09-05,11.4,27.0,30.9,24.3,3.49,9.2,1,0,0,0,0,0,1,1,0
2019-09-06,21.5,26.6,30.8,24.3,3.16,10.9,1,0,0,0,0,0,1,1,0
2019-09-07,17.1,26.6,31.1,23.9,2.92,9.7,1,0,0,0,0,0,1,1,0
2019-09-08,78.4,25.2,26.6,24.0,0.73,8.2,1,0,0,0,0,0,1,1,0
2019-09-09,16.3,26.3,29.9,23.9,2.4,16.6,1,0,0,0,0,0,1,1,0
2019-09-10,13.6,26.3,30.0,24.5,2.58,14.1,1,0,0,0,0,0,1,1,0
2019-09-11,35.4,25.6,28.5,24.3,1.68,10.5,1,0,0,0,0,0,1,1,0
2019-09-12,46.0,25.5,28.2,24.0,1.71,13.0,1,0,0,0,0,0,1,1,0
2019-09-13,19.2,25.6,29.0,23.6,3.16,20.6,1,0,0,0,0,0,1,1,0
2019-09-14,2.7,25.9,29.4,23.8,3.08,18.0,0,0,0,0,0,0,0,0,0
2019-09-15,1.9,26.6,30.4,24.0,3.83,14.3,0,0,0,0,0,0,0,0,0
2019-09-16,19.8,25.9,29.3,23.9,2.67,12.7,1,0,0,0,0,0,1,1,0
2019-09-17,20.0,26.1,29.0,24.0,2.51,8.7,1,0,0,0,0,0,1,1,0
2019-09-18,6.3,26.5,31.0,24.3,3.47,6.8,0,0,0,0,0,0,0,0,0
2019-09-19,5.5,26.9,30.9,24.2,3.93,8.9,0,0,0,0,0,0,0,0,0
2019-09-20,7.7,25.7,28.9,23.2,2.84,10.3,0,0,0,0,0,0,0,0,0
2019-09-21,7.6,26.2,30.7,23.5,3.39,13.6,0,0,0,0,0,0,0,0,0
2019-09-22,2.5,26.6,30.9,23.1,3.86,10.8,0,0,0,0,0,0,0,0,0
2019-09-23,4.1,26.7,31.1,23.5,3.71,8.3,0,0,0,0,0,0,0,0,0
2019-09-24,13.8,25.9,29.2,24.0,2.62,9.1,1,0,0,0,0,0,1,1,0
2019-09-25,33.3,24.5,25.8,23.5,1.26,10.2,1,0,0,0,0,0,1,1,0
2019-09-26,27.7,24.7,27.2,23.5,1.91,15.8,1,0,0,0,0,0,1,1,0
2019-09-27,12.6,25.1,28.5,23.4,2.17,16.3,1,0,0,0,0,0,1,1,0
2019-09-28,11.6,24.4,25.8,23.4,1.22,14.8,1,0,0,0,0,0,1,1,0
2019-09-29,18.4,24.3,27.0,23.1,1.61,12.6,1,0,0,0,0,0,1,1,0
2019-09-30,16.0,24.6,28.6,22.5,2.28,11.4,1,0,0,0,0,0,1,1,0
2019-10-01,5.6,25.6,29.9,22.5,3.19,12.2,0,0,0,0,0,0,0,0,0
2019-10-02,2.5,25.9,29.7,23.2,3.39,13.9,0,0,0,0,0,0,0,0,0
2019-10-03,0.5,25.6,30.1,21.1,3.77,9.2,0,0,0,0,0,0,0,0,0
2019-10-04,1.0,25.7,30.2,21.8,3.87,9.8,0,0,0,0,0,0,0,0,0
2019-10-05,0.1,25.8,30.8,21.3,4.12,8.9,0,0,0,0,0,0,0,0,0
2019-10-06,0.1,26.1,30.0,21.7,3.87,8.4,0,0,0,0,0,0,0,0,0
2019-10-07,0.3,26.2,31.2,22.2,3.92,10.9,0,0,0,0,0,0,0,0,0
2019-10-08,0.0,26.0,31.4,21.6,4.57,10.5,0,0,0,0,0,0,0,0,0
2019-10-09,0.0,25.5,30.4,21.1,3.99,8.9,0,0,0,0,0,0,0,0,0
2019-10-10,0.0,25.5,31.3,20.8,4.46,10.1,0,0,0,0,0,0,0,0,0
2019-10-11,0.0,25.4,31.0,20.5,4.09,9.9,0,0,0,0,0,0,0,0,0
2019-10-12,0.0,25.2,31.0,19.9,4.21,7.0,0,0,0,0,0,0,0,0,0
2019-10-13,0.0,25.3,30.8,20.4,4.0,8.5,0,0,0,0,0,0,0,0,0
2019-10-14,0.0,24.9,32.1,19.1,4.73,9.2,0,0,0,0,0,0,0,0,0
2019-10-15,0.0,24.8,30.8,18.5,4.02,6.0,0,0,0,0,0,0,0,0,0
2019-10-16,0.0,24.7,30.0,20.4,3.79,7.7,0,0,0,0,0,0,0,0,0
2019-10-17,0.0,25.1,30.6,19.7,4.26,7.0,0,0,0,0,0,0,0,0,0
2019-10-18,2.5,24.1,28.1,20.7,2.59,10.7,0,0,0,0,0,0,0,0,0
2019-10-19,1.3,24.5,29.0,21.7,2.72,10.0,0,0,0,0,0,0,0,0,0
2019-10-20,5.7,23.9,27.5,21.7,2.33,16.2,0,0,0,0,0,0,0,0,0
2019-10-21,3.4,24.5,28.7,21.5,2.8,12.0,0,0,0,0,0,0,0,0,0
2019-10-22,0.9,24.4,29.2,21.1,2.71,10.7,0,0,0,0,0,0,0,0,0
2019-10-23,0.1,24.7,29.3,21.0,2.82,10.1,0,0,0,0,0,0,0,0,0
2019-10-24,0.9,24.8,28.6,21.5,3.01,12.6,0,0,0,0,0,0,0,0,0
2019-10-25,0.1,23.7,27.4,21.4,2.22,10.6,0,0,0,0,0,0,0,0,0
2019-10-26,12.4,23.9,28.4,20.8,2.59,9.7,1,0,0,0,0,0,1,1,0
2019-10-27,3.9,24.6,28.6,21.8,3.06,7.9,0,0,0,0,0,0,0,0,0
2019-10-28,0.4,25.0,29.4,21.7,2.88,7.0,0,0,0,0,0,0,0,0,0
2019-10-29,1.3,25.1,29.9,21.5,3.15,8.7,0,0,0,0,0,0,0,0,0
2019-10-30,0.1,25.6,30.3,21.6,3.57,11.0,0,0,0,0,0,0,0,0,0
2019-10-31,0.0,25.1,31.6,19.6,4.0,8.0,0,0,0,0,0,0,0,0,0
2019-11-01,0.0,25.1,29.8,22.0,2.56,8.0,0,0,0,0,0,0,0,0,0
2019-11-02,0.0,24.1,28.1,20.9,1.84,10.0,0,0,0,0,0,0,0,0,0
2019-11-03,0.1,25.3,31.4,19.9,3.46,7.8,0,0,0,0,0,0,0,0,0
2019-11-04,0.0,25.3,30.6,21.5,3.63,10.5,0,0,0,0,0,0,0,0,0
2019-11-05,0.0,25.0,30.9,20.3,3.9,9.4,0,0,0,0,0,0,0,0,0
2019-11-06,0.0,24.7,30.2,19.7,3.33,8.2,0,0,0,0,0,0,0,0,0
2019-11-07,0.0,25.3,29.9,20.1,3.18,7.6,0,0,0,0,0,0,0,0,0
2019-11-08,0.0,25.0,31.0,20.3,3.65,9.9,0,0,0,0,0,0,0,0,0
2019-11-09,0.0,24.3,30.8,18.7,4.53,14.3,0,0,0,0,0,0,0,0,0
2019-11-10,0.0,24.1,30.6,18.9,4.06,10.2,0,0,0,0,0,0,0,0,0
2019-11-11,0.0,23.8,30.6,18.7,4.02,10.5,0,0,0,0,0,0,0,0,0
2019-11-12,0.0,22.6,30.4,17.1,3.88,9.9,0,0,0,0,0,0,0,0,0
2019-11-13,0.0,22.6,29.9,16.6,3.66,8.9,0,0,0,0,0,0,0,0,0
2019-11-14,0.0,22.2,29.2,15.8,3.66,9.6,0,0,0,0,0,0,0,0,0
2019-11-15,0.0,21.9,29.2,15.7,3.58,9.5,0,0,0,0,0,0,0,0,0
2019-11-16,0.0,22.6,29.6,16.4,3.57,9.1,0,0,0,0,0,0,0,0,0
2019-11-17,0.0,22.7,29.9,17.4,4.07,12.2,0,0,0,0,0,0,0,0,0
2019-11-18,0.0,22.4,29.9,16.8,4.01,12.2,0,0,0,0,0,0,0,0,0
2019-11-19,0.0,22.0,29.5,15.6,3.72,10.9,0,0,0,0,0,0,0,0,0
2019-11-20,0.0,21.8,28.9,16.2,3.35,8.2,0,0,0,0,0,0,0,0,0
2019-11-21,0.0,22.6,28.7,17.0,3.42,8.9,0,0,0,0,0,0,0,0,0
2019-11-22,0.0,22.1,29.1,15.8,3.4,8.4,0,0,0,0,0,0,0,0,0
2019-11-23,0.0,22.2,29.6,16.4,3.76,9.6,0,0,0,0,0,0,0,0,0
2019-11-24,0.0,21.8,29.6,16.0,3.75,11.0,0,0,0,0,0,0,0,0,0
2019-11-25,0.0,22.3,28.8,16.4,3.18,8.5,0,0,0,0,0,0,0,0,0
2019-11-26,0.0,22.3,29.5,16.0,3.36,7.6,0,0,0,0,0,0,0,0,0
2019-11-27,0.0,21.8,29.2,15.5,3.27,8.7,0,0,0,0,0,0,0,0,0
2019-11-28,0.0,22.3,29.6,16.3,3.36,8.8,0,0,0,0,0,0,0,0,0
2019-11-29,0.0,22.0,29.2,16.8,3.19,8.3,0,0,0,0,0,0,0,0,0
2019-11-30,0.0,21.9,29.1,16.5,3.27,9.6,0,0,0,0,0,0,0,0,0
2019-12-01,0.0,21.7,29.1,16.1,3.2,10.0,0,0,0,0,0,0,0,0,0
2019-12-02,0.0,22.1,28.2,16.2,2.89,6.5,0,0,0,0,0,0,0,0,0
2019-12-03,0.0,21.8,28.1,17.1,3.43,12.0,0,0,0,0,0,0,0,0,0
2019-12-04,0.0,21.4,27.9,16.5,3.72,11.2,0,0,0,0,0,0,0,0,0
2019-12-05,0.0,18.8,26.6,13.0,3.65,11.7,0,0,0,0,0,0,0,0,0
2019-12-06,0.0,19.1,26.4,13.5,3.34,10.3,0,0,0,0,0,0,0,0,0
2019-12-07,0.0,19.2,26.1,12.9,3.13,10.4,0,0,0,0,0,0,0,0,0
2019-12-08,0.0,19.7,27.4,14.0,3.27,10.5,0,0,0,0,0,0,0,0,0
2019-12-09,0.0,20.2,27.6,13.8,3.17,10.4,0,0,0,0,0,0,0,0,0
2019-12-10,0.0,19.7,27.2,13.6,3.2,10.6,0,0,0,0,0,0,0,0,0
2019-12-11,0.0,20.3,27.4,14.1,3.17,9.5,0,0,0,0,0,0,0,0,0
2019-12-12,0.0,21.5,28.0,16.5,3.36,14.4,0,0,0,0,0,0,0,0,0
2019-12-13,1.2,21.1,26.3,17.7,2.54,13.8,0,0,0,0,0,0,0,0,0
2019-12-14,1.8,21.7,26.7,17.7,2.53,10.6,0,0,0,0,0,0,0,0,0
2019-12-15,6.6,20.0,24.2,17.9,1.94,14.1,0,0,0,0,0,0,0,0,0
2019-12-16,0.9,19.4,23.9,16.2,1.99,14.0,0,0,0,0,0,0,0,0,0
2019-12-17,0.0,18.8,24.6,15.2,2.94,12.4,0,0,0,0,0,0,0,0,0
2019-12-18,0.0,17.6,24.7,12.4,2.71,12.5,0,0,0,0,0,0,0,0,0
2019-12-19,0.0,18.4,25.4,13.3,2.96,10.6,0,0,0,0,0,0,0,0,0
2019-12-20,0.0,17.9,25.5,12.7,3.14,11.4,0,0,0,0,0,0,0,0,0
2019-12-21,0.0,18.9,26.8,12.9,3.04,10.0,0,0,0,0,0,0,0,0,0
2019-12-22,0.0,19.1,25.9,14.4,2.64,9.8,0,0,0,0,0,0,0,0,0
2019-12-23,0.0,20.5,26.9,15.4,3.09,12.4,0,0,0,0,0,0,0,0,0
2019-12-24,0.0,20.8,27.4,14.0,3.1,10.4,0,0,0,0,0,0,0,0,0
2019-12-25,0.2,21.1,28.1,15.4,2.86,14.4,0,0,0,0,0,0,0,0,0
2019-12-26,3.9,19.4,23.6,16.0,1.93,12.6,0,0,0,0,0,0,0,0,0
2019-12-27,0.0,15.0,21.3,10.4,3.8,17.0,0,0,0,0,0,0,0,0,0
2019-12-28,0.0,13.3,21.6,7.4,3.19,11.2,0,1,0,0,0,0,1,1,0
2019-12-29,0.0,14.1,22.4,6.8,2.95,11.9,0,1,0,0,0,0,1,1,0
2019-12-30,0.0,16.4,24.1,8.5,3.23,8.4,0,0,0,0,0,0,0,0,0
2019-12-31,10.0,17.8,22.2,14.2,2.09,9.2,1,0,0,0,0,0,1,1,0
2020-01-01,2.7,17.6,21.7,14.5,1.84,9.4,0,0,0,0,0,0,0,0,0
2020-01-02,8.1,17.7,21.1,14.2,1.96,7.7,1,0,0,0,0,0,1,1,0
2020-01-03,0.8,18.3,23.1,14.9,2.24,9.5,0,0,0,0,0,0,0,0,0
2020-01-04,1.0,18.3,23.0,14.1,2.62,12.3,0,0,0,0,0,0,0,0,0
2020-01-05,0.0,15.5,21.9,11.5,3.02,13.7,0,0,0,0,0,0,0,0,0
2020-01-06,0.0,15.5,22.7,9.5,2.82,10.3,0,0,0,0,0,0,0,0,0
2020-01-07,0.0,17.0,24.4,9.3,2.92,8.3,0,0,0,0,0,0,0,0,0
2020-01-08,11.8,18.8,22.1,16.3,1.54,14.1,1,0,0,0,0,0,1,1,0
2020-01-09,1.3,17.8,22.0,12.3,3.11,18.4,0,0,0,0,0,0,0,0,0
2020-01-10,0.0,13.4,19.7,8.9,3.22,15.5,0,1,1,0,0,0,2,1,0
2020-01-11,0.0,13.1,21.4,7.5,2.97,12.3,0,1,0,0,0,0,1,1,0
2020-01-12,0.0,14.9,23.6,8.3,2.94,11.2,0,0,0,0,0,0,0,0,0
2020-01-13,0.0,17.0,25.5,9.6,3.33,10.8,0,0,0,0,0,0,0,0,0
2020-01-14,0.0,18.3,26.5,11.7,3.28,8.7,0,0,0,0,0,0,0,0,0
2020-01-15,0.0,19.6,27.4,12.1,3.4,12.4,0,0,0,0,0,0,0,0,0
2020-01-16,0.0,19.8,26.0,14.1,3.22,17.4,0,0,0,0,0,0,0,0,0
2020-01-17,0.6,19.4,23.8,16.6,2.16,10.9,0,0,0,0,0,0,0,0,0
2020-01-18,0.1,19.2,24.4,15.3,2.57,11.9,0,0,0,0,0,0,0,0,0
2020-01-19,0.1,18.5,25.0,14.2,2.98,17.1,0,0,0,0,0,0,0,0,0
2020-01-20,0.0,16.5,23.7,11.5,3.17,13.0,0,0,0,0,0,0,0,0,0
2020-01-21,0.0,18.5,26.6,10.9,3.06,9.4,0,0,0,0,0,0,0,0,0
2020-01-22,0.7,21.3,27.6,15.6,3.22,11.5,0,0,0,0,0,0,0,0,0
2020-01-23,2.2,20.2,25.7,15.6,3.53,16.2,0,0,0,0,0,0,0,0,0
2020-01-24,0.0,18.0,26.0,12.3,3.72,14.2,0,0,0,0,0,0,0,0,0
2020-01-25,0.0,18.2,26.7,12.2,3.78,12.6,0,0,0,0,0,0,0,0,0
2020-01-26,0.0,18.0,26.8,11.7,3.8,11.9,0,0,0,0,0,0,0,0,0
2020-01-27,0.0,19.7,28.3,12.2,3.78,10.5,0,0,0,0,0,0,0,0,0
2020-01-28,0.0,22.4,29.7,16.6,3.98,16.6,0,0,0,0,0,0,0,0,0
2020-01-29,0.1,20.5,26.3,16.6,3.26,15.6,0,0,0,0,0,0,0,0,0
2020-01-30,0.0,18.6,25.1,14.4,4.13,15.5,0,0,0,0,0,0,0,0,0
2020-01-31,0.0,16.7,24.4,11.1,3.83,10.8,0,0,0,0,0,0,0,0,0
2020-02-01,0.0,17.8,25.1,11.1,3.85,14.1,0,0,0,0,0,0,0,0,0
2020-02-02,0.0,18.3,25.6,12.4,4.16,11.6,0,0,0,0,0,0,0,0,0
2020-02-03,0.0,18.5,26.5,12.6,3.61,10.1,0,0,0,0,0,0,0,0,0
2020-02-04,8.5,18.1,22.9,13.5,1.73,8.5,1,0,0,0,0,0,1,1,0
2020-02-05,0.0,19.2,26.2,14.9,3.4,8.6,0,0,0,0,0,0,0,0,0
2020-02-06,0.1,18.7,25.6,13.4,2.83,10.7,0,0,0,0,0,0,0,0,0
2020-02-07,0.8,18.4,23.1,14.4,2.33,9.3,0,0,0,0,0,0,0,0,0
2020-02-08,0.0,18.7,25.0,14.2,3.95,14.1,0,0,0,0,0,0,0,0,0
2020-02-09,0.0,16.9,24.7,10.9,3.95,9.8,0,0,0,0,0,0,0,0,0
2020-02-10,0.0,16.7,24.9,10.1,3.81,9.7,0,0,0,0,0,0,0,0,0
2020-02-11,0.0,18.2,26.9,11.5,3.84,10.1,0,0,0,0,0,0,0,0,0
2020-02-12,0.0,19.5,28.4,12.8,4.51,11.7,0,0,0,0,0,0,0,0,0
2020-02-13,0.0,20.2,30.6,11.8,4.46,10.9,0,0,0,0,0,0,0,0,0
2020-02-14,0.0,21.7,30.9,14.3,4.97,13.6,0,0,0,0,0,0,0,0,0
2020-02-15,0.0,21.4,30.2,15.1,4.91,12.3,0,0,0,0,0,0,0,0,0
2020-02-16,0.0,20.8,30.1,13.2,5.01,10.9,0,0,0,0,0,0,0,0,0
2020-02-17,0.0,21.1,30.9,13.2,5.68,13.8,0,0,0,0,0,0,0,0,0
2020-02-18,0.0,20.7,31.3,12.2,5.4,11.9,0,0,0,0,0,0,0,0,0
2020-02-19,0.0,21.1,31.1,11.9,5.01,11.1,0,0,0,0,0,0,0,0,0
2020-02-20,0.0,23.5,31.4,14.8,4.76,14.4,0,0,0,0,0,0,0,0,0
2020-02-21,0.1,24.5,30.5,17.8,4.54,18.6,0,0,0,0,0,0,0,0,0
2020-02-22,0.7,23.7,30.2,18.3,3.54,15.4,0,0,0,0,0,0,0,0,0
2020-02-23,2.5,22.5,30.8,18.5,3.41,18.0,0,0,0,0,0,0,0,0,0
2020-02-24,11.1,21.4,28.2,17.4,3.17,10.2,1,0,0,0,0,0,1,1,0
2020-02-25,0.0,20.4,27.1,15.3,4.18,12.3,0,0,0,0,0,0,0,0,0
2020-02-26,0.0,20.2,28.0,13.3,4.82,16.6,0,0,0,0,0,0,0,0,0
2020-02-27,0.0,20.8,28.8,13.0,4.74,13.3,0,0,0,0,0,0,0,0,0
2020-02-28,0.0,22.3,30.0,14.3,4.41,7.9,0,0,0,0,0,0,0,0,0
2020-02-29,0.0,22.8,31.2,14.4,4.57,10.1,0,0,0,0,0,0,0,0,0
2020-03-01,0.0,24.0,32.3,16.1,4.69,10.1,0,0,0,0,0,0,0,0,0
2020-03-02,0.0,24.4,30.9,18.6,4.41,14.0,0,0,0,0,0,0,0,0,0
2020-03-03,0.0,25.0,32.1,19.6,4.39,15.0,0,0,0,0,0,0,0,0,0
2020-03-04,0.0,24.4,32.2,16.6,4.92,11.5,0,0,0,0,0,0,0,0,0
2020-03-05,0.0,23.6,30.8,16.3,4.73,11.4,0,0,0,0,0,0,0,0,0
2020-03-06,1.8,23.0,29.6,17.7,4.15,17.7,0,0,0,0,0,0,0,0,0
2020-03-07,3.2,23.4,29.8,18.7,4.29,10.3,0,0,0,0,0,0,0,0,0
2020-03-08,0.0,23.6,30.8,17.8,5.59,14.1,0,0,0,0,0,0,0,0,0
2020-03-09,0.0,23.7,30.8,17.4,5.13,14.5,0,0,0,0,0,0,0,0,0
2020-03-10,7.0,23.9,29.5,19.9,3.8,15.4,0,0,0,0,0,0,0,0,0
2020-03-11,2.7,24.0,30.2,19.7,3.91,12.1,0,0,0,0,0,0,0,0,0
2020-03-12,5.7,23.9,29.5,20.3,3.69,8.4,0,0,0,0,0,0,0,0,0
2020-03-13,6.9,22.6,28.2,19.7,3.08,13.5,0,0,0,0,0,0,0,0,0
2020-03-14,3.1,22.8,28.3,18.6,3.92,9.2,0,0,0,0,0,0,0,0,0
2020-03-15,0.0,22.6,29.6,17.0,5.02,14.3,0,0,0,0,0,0,0,0,0
2020-03-16,0.0,22.8,30.2,16.8,5.03,13.4,0,0,0,0,0,0,0,0,0
2020-03-17,0.0,23.9,31.6,17.1,4.85,12.1,0,0,0,0,0,0,0,0,0
2020-03-18,1.7,24.0,30.6,19.4,4.14,14.2,0,0,0,0,0,0,0,0,0
2020-03-19,18.6,22.3,31.2,18.8,3.35,23.4,1,0,0,0,0,1,2,1,0
2020-03-20,0.0,23.6,31.0,16.5,4.22,13.2,0,0,0,0,0,0,0,0,0
2020-03-21,0.7,24.1,30.8,19.1,4.69,13.5,0,0,0,0,0,0,0,0,0
2020-03-22,0.0,24.2,32.8,17.2,5.14,11.3,0,0,0,0,0,0,0,0,0
2020-03-23,0.0,25.1,32.8,17.3,4.68,9.9,0,0,0,0,0,0,0,0,0
2020-03-24,0.2,26.3,33.7,18.5,4.92,12.9,0,0,0,0,0,0,0,0,0
2020-03-25,0.0,26.8,33.0,20.6,4.86,12.8,0,0,0,0,0,0,0,0,0
2020-03-26,0.0,26.7,33.2,22.0,4.97,12.3,0,0,0,0,0,0,0,0,0
2020-03-27,0.3,27.1,35.2,20.8,5.38,21.7,0,0,0,0,0,0,0,0,0
2020-03-28,0.0,26.7,32.4,22.2,4.72,13.6,0,0,0,0,0,0,0,0,0
2020-03-29,0.2,27.1,33.5,21.1,5.23,12.6,0,0,0,0,0,0,0,0,0
2020-03-30,0.0,27.6,35.0,21.5,4.97,12.2,0,0,0,0,0,0,0,0,0
2020-03-31,0.0,28.9,37.2,20.8,5.92,11.8,0,0,0,0,0,0,0,0,0
2020-04-01,0.0,29.3,36.8,22.0,6.11,13.9,0,0,0,0,0,0,0,0,0
2020-04-02,0.0,28.3,35.8,20.3,5.9,14.3,0,0,0,0,0,0,0,0,0
2020-04-03,0.0,28.3,35.1,22.5,5.85,13.4,0,0,0,0,0,0,0,0,0
2020-04-04,8.1,26.6,33.9,21.5,4.45,18.7,1,0,0,0,0,0,1,1,0
2020-04-05,0.0,27.3,34.3,21.2,5.01,11.2,0,0,0,0,0,0,0,0,0
2020-04-06,0.1,27.9,34.7,21.1,5.24,22.0,0,0,0,0,0,0,0,0,0
2020-04-07,0.0,29.0,36.6,22.7,6.17,16.2,0,0,0,0,0,0,0,0,0
2020-04-08,0.0,28.6,37.2,21.4,6.52,12.6,0,0,0,0,0,0,0,0,0
2020-04-09,0.0,28.4,35.3,20.1,5.96,12.5,0,0,0,0,0,0,0,0,0
2020-04-10,0.1,27.3,35.4,20.4,5.52,15.5,0,0,0,0,0,0,0,0,0
2020-04-11,0.0,28.8,35.8,19.8,5.5,9.6,0,0,0,0,0,0,0,0,0
2020-04-12,0.0,30.5,38.5,21.6,5.84,10.5,0,0,0,0,0,0,0,0,0
2020-04-13,0.0,29.3,37.0,21.5,5.92,10.5,0,0,0,0,0,0,0,0,0
2020-04-14,0.0,30.7,38.3,22.9,5.93,13.0,0,0,0,0,0,0,0,0,0
2020-04-15,0.0,30.2,36.5,25.0,6.07,14.6,0,0,0,0,0,0,0,0,0
2020-04-16,0.0,30.5,38.4,23.4,6.26,12.7,0,0,0,0,0,0,0,0,0
2020-04-17,0.0,30.9,38.8,23.8,6.59,12.3,0,0,0,0,0,0,0,0,0
2020-04-18,0.0,30.0,36.7,22.6,6.64,20.4,0,0,0,0,0,0,0,0,0
2020-04-19,0.1,29.9,36.4,24.1,5.78,20.6,0,0,0,0,0,0,0,0,0
2020-04-20,0.0,30.3,37.8,24.1,6.53,12.3,0,0,0,0,0,0,0,0,0
2020-04-21,0.0,31.1,38.3,25.2,7.24,18.8,0,0,0,0,0,0,0,0,0
2020-04-22,0.0,29.6,35.7,22.9,5.69,10.1,0,0,0,0,0,0,0,0,0
2020-04-23,0.0,30.4,37.5,23.6,6.13,14.7,0,0,0,0,0,0,0,0,0
2020-04-24,0.0,30.9,38.6,23.5,7.25,19.1,0,0,0,0,0,0,0,0,0
2020-04-25,0.0,31.4,38.2,24.9,6.58,19.8,0,0,0,0,0,0,0,0,0
2020-04-26,0.0,30.8,37.8,23.0,7.51,19.7,0,0,0,0,0,0,0,0,0
2020-04-27,0.1,28.8,34.5,23.9,5.26,15.3,0,0,0,0,0,0,0,0,0
2020-04-28,1.0,28.0,35.9,22.4,5.16,12.1,0,0,0,0,0,0,0,0,0
2020-04-29,0.0,29.2,36.5,21.6,5.83,14.5,0,0,0,0,0,0,0,0,0
2020-04-30,0.0,29.9,36.0,22.4,5.6,10.7,0,0,0,0,0,0,0,0,0
2020-05-01,0.0,30.8,37.9,23.1,6.62,14.2,0,0,0,0,0,0,0,0,0
2020-05-02,0.0,32.2,40.5,23.2,6.84,14.9,0,0,0,0,0,0,0,0,0
2020-05-03,0.0,32.8,41.0,24.7,6.53,13.1,0,0,0,0,0,0,0,0,0
2020-05-04,0.0,32.3,39.4,24.6,6.11,10.7,0,0,0,0,0,0,0,0,0
2020-05-05,0.0,31.3,37.8,24.8,6.67,15.8,0,0,0,0,0,0,0,0,0
2020-05-06,0.0,31.7,37.2,25.8,6.76,11.9,0,0,0,0,0,0,0,0,0
2020-05-07,0.0,31.1,38.2,24.1,6.77,14.9,0,0,0,0,0,0,0,0,0
2020-05-08,2.3,29.5,38.7,24.9,5.88,22.0,0,0,0,0,0,0,0,0,0
2020-05-09,0.0,30.6,38.8,23.6,6.37,18.3,0,0,0,0,0,0,0,0,0
2020-05-10,0.0,29.9,37.3,24.7,5.63,15.5,0,0,0,0,0,0,0,0,0
2020-05-11,0.0,30.0,37.7,23.0,5.77,14.3,0,0,0,0,0,0,0,0,0
2020-05-12,0.3,30.2,36.9,24.0,5.74,14.0,0,0,0,0,0,0,0,0,0
2020-05-13,0.0,31.0,37.4,24.8,6.41,14.1,0,0,0,0,0,0,0,0,0
2020-05-14,0.0,31.6,38.5,24.9,5.94,13.8,0,0,0,0,0,0,0,0,0
2020-05-15,0.0,32.8,39.1,26.5,6.76,20.4,0,0,0,0,0,0,0,0,0
2020-05-16,0.4,32.3,38.4,26.4,6.31,12.7,0,0,0,0,0,0,0,0,0
2020-05-17,0.0,31.4,37.4,24.9,5.66,13.7,0,0,0,0,0,0,0,0,0
2020-05-18,0.0,31.5,37.5,25.8,6.14,20.1,0,0,0,0,0,0,0,0,0
2020-05-19,0.0,31.1,37.9,24.4,6.84,19.0,0,0,0,0,0,0,0,0,0
2020-05-20,0.0,31.3,40.1,23.0,8.14,21.2,0,0,0,0,0,0,0,0,0
2020-05-21,0.0,31.3,40.0,22.5,7.8,17.5,0,0,0,0,0,0,0,0,0
2020-05-22,0.0,32.9,41.9,22.3,7.5,16.0,0,0,0,0,0,0,0,0,0
2020-05-23,0.0,34.6,42.6,24.4,8.02,17.5,0,0,0,0,0,0,0,0,0
2020-05-24,0.0,36.0,43.3,29.0,7.45,12.9,0,0,0,0,0,0,0,0,0
2020-05-25,0.0,35.1,43.1,27.3,7.12,13.9,0,0,0,0,0,0,0,0,0
2020-05-26,0.0,35.9,43.1,28.6,8.51,18.0,0,0,0,0,0,0,0,0,0
2020-05-27,0.0,35.3,41.8,28.6,8.91,21.1,0,0,0,0,1,0,1,1,0
2020-05-28,0.0,35.1,42.8,27.5,7.47,12.6,0,0,0,0,0,0,0,0,0
2020-05-29,0.0,34.6,41.5,26.7,6.57,13.9,0,0,0,0,0,0,0,0,0
2020-05-30,0.0,33.5,38.2,28.6,6.58,17.1,0,0,0,0,0,0,0,0,0
2020-05-31,0.0,34.0,38.9,28.6,7.14,14.8,0,0,0,0,0,0,0,0,0
2020-06-01,0.0,32.6,36.0,28.6,5.52,15.0,0,0,0,0,0,0,0,0,0
2020-06-02,6.6,28.5,32.9,25.5,3.59,15.7,0,0,0,0,0,0,0,0,0
2020-06-03,7.4,27.0,29.8,25.4,2.69,8.1,0,0,0,0,0,0,0,0,0
2020-06-04,5.0,27.7,32.1,23.7,5.26,29.7,0,0,0,0,0,1,1,1,0
2020-06-05,0.8,28.3,32.7,23.5,5.57,17.1,0,0,0,0,0,0,0,0,0
2020-06-06,2.1,28.2,32.8,24.2,4.35,16.3,0,0,0,0,0,0,0,0,0
2020-06-07,1.4,29.0,33.0,24.9,4.48,11.7,0,0,0,0,0,0,0,0,0
2020-06-08,0.9,30.0,35.5,26.0,5.01,15.3,0,0,0,0,0,0,0,0,0
2020-06-09,1.1,30.3,37.1,25.4,5.44,12.2,0,0,0,0,0,0,0,0,0
2020-06-10,0.1,31.4,36.6,25.9,5.25,13.8,0,0,0,0,0,0,0,0,0
2020-06-11,0.7,31.5,37.0,26.9,5.42,12.7,0,0,0,0,0,0,0,0,0
2020-06-12,54.2,28.6,33.6,26.1,3.7,10.2,1,0,0,0,0,0,1,1,0
2020-06-13,11.2,27.3,31.2,25.5,2.53,9.0,1,0,0,0,0,0,1,1,0
2020-06-14,14.2,26.9,30.3,24.7,2.19,10.1,1,0,0,0,0,0,1,1,0
2020-06-15,24.6,26.7,30.0,24.7,2.13,7.5,1,0,0,0,0,0,1,1,0
2020-06-16,9.9,27.2,30.6,24.4,2.15,12.4,1,0,0,0,0,0,1,1,0
2020-06-17,20.4,26.5,30.8,24.6,2.39,15.5,1,0,0,0,0,0,1,1,0
2020-06-18,5.2,27.1,30.0,24.6,2.3,13.7,0,0,0,0,0,0,0,0,0
2020-06-19,0.8,28.2,32.2,24.3,3.36,11.7,0,0,0,0,0,0,0,0,0
2020-06-20,7.6,28.6,34.0,25.2,3.83,15.3,0,0,0,0,0,0,0,0,0
2020-06-21,8.3,28.6,33.3,24.7,4.66,21.8,1,0,0,0,0,0,1,1,0
2020-06-22,50.8,26.8,30.2,24.0,1.98,14.0,1,0,0,0,0,0,1,1,0
2020-06-23,119.7,26.1,28.6,24.5,1.57,14.6,1,0,0,0,0,0,1,1,1
2020-06-24,3.4,27.8,32.3,24.5,4.21,10.2,0,0,0,0,0,0,0,0,0
2020-06-25,9.7,28.2,31.6,25.1,4.21,15.1,1,0,0,0,0,0,1,1,0
2020-06-26,8.3,27.8,31.1,25.2,3.15,13.5,1,0,0,0,0,0,1,1,0
2020-06-27,10.1,27.2,30.5,25.5,2.63,10.5,1,0,0,0,0,0,1,1,0
2020-06-28,6.4,26.8,30.5,24.9,2.35,10.5,0,0,0,0,0,0,0,0,0
2020-06-29,10.4,27.1,30.8,24.1,3.37,7.9,1,0,0,0,0,0,1,1,0
2020-06-30,6.5,27.9,31.9,25.3,3.27,11.3,0,0,0,0,0,0,0,0,0
2020-07-01,1.6,28.1,31.9,24.8,4.32,9.8,0,0,0,0,0,0,0,0,0
2020-07-02,13.1,28.0,31.6,25.3,4.06,15.5,1,0,0,0,0,0,1,1,0
2020-07-03,18.1,27.5,30.7,25.7,3.14,9.8,1,0,0,0,0,0,1,1,0
2020-07-04,20.9,27.2,30.7,24.8,3.52,9.0,1,0,0,0,0,0,1,1,0
2020-07-05,16.6,26.0,28.1,24.8,1.79,10.1,1,0,0,0,0,0,1,1,0
2020-07-06,28.8,25.4,26.7,24.4,1.52,12.5,1,0,0,0,0,0,1,1,0
2020-07-07,2.2,27.1,31.4,24.0,3.94,15.3,0,0,0,0,0,0,0,0,0
2020-07-08,0.7,28.4,33.0,24.3,5.14,14.0,0,0,0,0,0,0,0,0,0
2020-07-09,10.0,27.4,31.1,24.8,3.61,15.4,1,0,0,0,0,0,1,1,0
2020-07-10,17.1,27.0,30.8,25.0,2.9,11.9,1,0,0,0,0,0,1,1,0
2020-07-11,0.4,27.6,30.8,24.8,2.88,10.2,0,0,0,0,0,0,0,0,0
2020-07-12,4.2,27.1,30.8,25.1,2.44,10.2,0,0,0,0,0,0,0,0,0
2020-07-13,13.6,27.0,30.9,24.2,3.66,11.6,1,0,0,0,0,0,1,1,0
2020-07-14,9.8,26.3,29.6,24.4,2.03,9.9,1,0,0,0,0,0,1,1,0
2020-07-15,33.1,26.2,30.1,24.0,2.72,7.8,1,0,0,0,0,0,1,1,0
2020-07-16,2.3,27.2,31.4,24.2,4.31,16.0,0,0,0,0,0,0,0,0,0
2020-07-17,4.9,26.8,30.5,24.5,3.83,13.0,0,0,0,0,0,0,0,0,0
2020-07-18,4.9,27.9,31.6,24.4,4.4,11.1,0,0,0,0,0,0,0,0,0
2020-07-19,17.9,27.3,32.0,25.4,2.91,9.0,1,0,0,0,0,0,1,1,0
2020-07-20,20.8,26.6,29.7,25.3,2.28,12.7,1,0,0,0,0,0,1,1,0
2020-07-21,7.1,26.5,29.1,24.8,2.11,12.9,0,0,0,0,0,0,0,0,0
2020-07-22,18.3,26.5,30.5,24.7,2.95,10.8,1,0,0,0,0,0,1,1,0
2020-07-23,12.5,25.8,29.3,24.4,2.05,10.2,1,0,0,0,0,0,1,1,0
2020-07-24,1.7,26.6,30.2,23.6,3.34,8.5,0,0,0,0,0,0,0,0,0
2020-07-25,8.7,26.3,29.5,24.4,3.15,12.7,1,0,0,0,0,0,1,1,0
2020-07-26,1.2,27.3,32.0,23.7,4.59,9.7,0,0,0,0,0,0,0,0,0
2020-07-27,2.3,28.1,32.5,24.4,4.25,10.5,0,0,0,0,0,0,0,0,0
2020-07-28,9.0,27.6,31.6,25.0,3.67,8.7,1,0,0,0,0,0,1,1,0
2020-07-29,5.0,27.1,30.5,24.5,3.37,8.1,0,0,0,0,0,0,0,0,0
2020-07-30,1.0,27.9,32.0,24.6,4.47,11.8,0,0,0,0,0,0,0,0,0
2020-07-31,0.6,28.6,32.9,24.5,4.62,11.6,0,0,0,0,0,0,0,0,0
2020-08-01,5.8,28.3,31.3,25.8,3.52,9.1,0,0,0,0,0,0,0,0,0
2020-08-02,12.6,27.9,31.6,25.5,3.72,11.4,1,0,0,0,0,0,1,1,0
2020-08-03,27.9,26.8,29.0,25.4,1.97,11.5,1,0,0,0,0,0,1,1,0
2020-08-04,18.4,26.6,29.8,24.9,2.58,9.6,1,0,0,0,0,0,1,1,0
2020-08-05,9.4,26.1,28.6,24.5,1.77,8.7,1,0,0,0,0,0,1,1,0
2020-08-06,12.2,26.1,29.9,24.4,2.88,21.3,1,0,0,0,0,0,1,1,0
2020-08-07,5.9,27.0,31.5,24.3,3.44,15.8,0,0,0,0,0,0,0,0,0
2020-08-08,19.3,26.0,28.8,24.8,1.76,13.1,1,0,0,0,0,0,1,1,0
2020-08-09,22.0,26.2,28.8,24.6,1.66,10.9,1,0,0,0,0,0,1,1,0
2020-08-10,14.6,27.1,31.0,25.0,2.91,7.6,1,0,0,0,0,0,1,1,0
2020-08-11,9.1,26.9,30.5,25.0,2.76,9.3,1,0,0,0,0,0,1,1,0
2020-08-12,27.0,26.6,29.6,25.1,2.04,12.0,1,0,0,0,0,0,1,1,0
2020-08-13,40.7,26.1,28.9,24.6,2.2,13.0,1,0,0,0,0,0,1,1,0
2020-08-14,8.3,25.7,28.7,24.1,2.04,9.9,1,0,0,0,0,0,1,1,0
2020-08-15,7.5,26.0,28.5,24.1,1.95,11.0,0,0,0,0,0,0,0,0,0
2020-08-16,74.4,25.8,27.9,24.5,1.0,9.0,1,0,0,0,0,0,1,1,0
2020-08-17,54.8,25.7,28.1,24.1,1.57,13.2,1,0,0,0,0,0,1,1,0
2020-08-18,20.1,25.7,28.1,24.1,1.89,13.9,1,0,0,0,0,0,1,1,0
2020-08-19,17.3,26.1,29.4,23.9,2.24,13.8,1,0,0,0,0,0,1,1,0
2020-08-20,20.4,26.8,30.4,24.6,3.39,16.7,1,0,0,0,0,0,1,1,0
2020-08-21,23.8,25.1,26.5,24.2,1.34,20.5,1,0,0,0,0,0,1,1,0
2020-08-22,4.4,25.7,28.6,24.0,3.04,23.7,0,0,0,0,0,1,1,1,0
2020-08-23,1.7,26.9,30.7,24.0,4.07,16.3,0,0,0,0,0,0,0,0,0
2020-08-24,0.9,27.1,31.2,24.0,3.69,11.5,0,0,0,0,0,0,0,0,0
2020-08-25,1.3,27.6,31.7,23.6,4.16,12.3,0,0,0,0,0,0,0,0,0
2020-08-26,7.3,26.3,29.4,24.5,2.46,14.5,0,0,0,0,0,0,0,0,0
2020-08-27,56.8,25.2,26.5,24.2,1.48,16.7,1,0,0,0,0,0,1,1,0
2020-08-28,130.6,24.5,25.4,24.0,1.02,26.5,1,0,0,0,0,1,2,1,1
2020-08-29,24.5,25.1,27.2,23.6,2.84,27.0,1,0,0,0,0,1,2,1,0
2020-08-30,1.6,26.4,30.4,23.7,4.24,18.4,0,0,0,0,0,0,0,0,0
2020-08-31,0.9,27.0,31.6,23.0,4.74,13.1,0,0,0,0,0,0,0,0,0
2020-09-01,0.7,27.7,32.7,23.0,4.67,9.2,0,0,0,0,0,0,0,0,0
2020-09-02,2.6,26.2,28.4,24.6,2.04,13.0,0,0,0,0,0,0,0,0,0
2020-09-03,1.9,26.5,30.8,23.8,3.55,13.7,0,0,0,0,0,0,0,0,0
2020-09-04,4.3,27.6,32.0,24.1,4.55,8.3,0,0,0,0,0,0,0,0,0
2020-09-05,5.2,27.1,30.6,24.2,3.67,10.8,0,0,0,0,0,0,0,0,0
2020-09-06,20.5,27.1,32.1,24.2,4.05,9.1,1,0,0,0,0,0,1,1,0
2020-09-07,3.6,27.1,31.1,23.9,3.61,9.9,0,0,0,0,0,0,0,0,0
2020-09-08,7.4,27.4,31.6,24.8,3.97,8.6,0,0,0,0,0,0,0,0,0
2020-09-09,9.3,27.2,30.6,24.9,3.18,9.2,1,0,0,0,0,0,1,1,0
2020-09-10,23.6,26.4,29.2,24.6,2.44,7.6,1,0,0,0,0,0,1,1,0
2020-09-11,6.0,26.5,30.5,23.7,3.3,6.7,0,0,0,0,0,0,0,0,0
2020-09-12,1.4,27.2,31.1,23.6,3.46,6.2,0,0,0,0,0,0,0,0,0
2020-09-13,5.7,27.7,31.8,24.2,4.21,8.2,0,0,0,0,0,0,0,0,0
2020-09-14,2.4,28.3,33.2,24.3,4.44,8.4,0,0,0,0,0,0,0,0,0
2020-09-15,3.3,28.0,32.4,24.5,4.43,7.1,0,0,0,0,0,0,0,0,0
2020-09-16,2.2,27.7,32.1,24.8,3.94,7.9,0,0,0,0,0,0,0,0,0
2020-09-17,1.2,28.1,31.4,25.0,3.75,8.6,0,0,0,0,0,0,0,0,0
2020-09-18,2.3,28.6,33.5,25.1,4.16,8.8,0,0,0,0,0,0,0,0,0
2020-09-19,14.5,27.2,30.5,24.8,3.07,12.2,1,0,0,0,0,0,1,1,0
2020-09-20,3.7,27.5,31.7,25.0,4.08,12.6,0,0,0,0,0,0,0,0,0
2020-09-21,20.3,26.4,29.3,24.7,2.06,11.5,1,0,0,0,0,0,1,1,0
2020-09-22,34.8,25.7,29.1,24.2,1.99,14.2,1,0,0,0,0,0,1,1,0
2020-09-23,12.2,25.7,29.3,23.9,2.65,19.0,1,0,0,0,0,0,1,1,0
2020-09-24,8.7,26.1,29.2,24.3,2.57,14.4,1,0,0,0,0,0,1,1,0
2020-09-25,1.3,27.2,31.6,24.2,3.74,10.8,0,0,0,0,0,0,0,0,0
2020-09-26,1.4,26.6,31.4,23.7,3.7,13.8,0,0,0,0,0,0,0,0,0
2020-09-27,0.8,26.6,30.2,23.3,3.58,13.7,0,0,0,0,0,0,0,0,0
2020-09-28,0.1,26.9,31.6,23.4,4.17,13.7,0,0,0,0,0,0,0,0,0
2020-09-29,1.9,26.6,31.3,23.7,3.84,14.2,0,0,0,0,0,0,0,0,0
2020-09-30,0.0,26.9,31.6,22.8,4.41,15.5,0,0,0,0,0,0,0,0,0
2020-10-01,0.0,27.1,32.6,23.2,4.75,16.3,0,0,0,0,0,0,0,0,0
2020-10-02,0.0,26.8,33.0,22.5,5.0,16.9,0,0,0,0,0,0,0,0,0
2020-10-03,0.0,26.6,32.6,21.4,5.39,18.5,0,0,0,0,0,0,0,0,0
2020-10-04,0.1,26.7,32.2,22.1,4.56,18.3,0,0,0,0,0,0,0,0,0
2020-10-05,0.2,26.6,31.3,23.4,3.45,16.4,0,0,0,0,0,0,0,0,0
2020-10-06,3.9,25.9,30.2,23.3,2.52,14.2,0,0,0,0,0,0,0,0,0
2020-10-07,29.6,25.6,28.9,23.6,2.09,10.3,1,0,0,0,0,0,1,1,0
2020-10-08,8.0,25.9,30.0,24.1,3.05,10.0,1,0,0,0,0,0,1,1,0
2020-10-09,2.5,26.4,30.4,23.0,3.51,10.1,0,0,0,0,0,0,0,0,0
2020-10-10,1.7,26.4,29.9,23.5,2.92,10.7,0,0,0,0,0,0,0,0,0
2020-10-11,13.4,26.0,29.3,23.6,2.71,7.4,1,0,0,0,0,0,1,1,0
2020-10-12,0.6,27.0,32.1,23.1,3.94,6.9,0,0,0,0,0,0,0,0,0
2020-10-13,0.0,27.5,32.5,23.7,4.37,14.5,0,0,0,0,0,0,0,0,0
2020-10-14,0.6,27.6,31.8,25.0,3.94,13.9,0,0,0,0,0,0,0,0,0
2020-10-15,6.9,26.3,28.9,23.9,2.95,13.3,0,0,0,0,0,0,0,0,0
2020-10-16,5.6,26.7,30.6,23.6,3.39,9.7,0,0,0,0,0,0,0,0,0
2020-10-17,1.3,26.7,30.8,23.3,3.55,5.8,0,0,0,0,0,0,0,0,0
2020-10-18,0.7,26.4,31.6,22.6,3.68,7.1,0,0,0,0,0,0,0,0,0
2020-10-19,0.1,27.2,32.5,23.5,3.74,6.9,0,0,0,0,0,0,0,0,0
2020-10-20,0.3,26.6,32.0,22.3,3.93,7.6,0,0,0,0,0,0,0,0,0
2020-10-21,0.0,26.1,31.9,21.7,4.19,10.8,0,0,0,0,0,0,0,0,0
2020-10-22,0.0,25.3,32.8,20.2,4.82,11.5,0,0,0,0,0,0,0,0,0
2020-10-23,0.0,25.1,32.1,19.1,4.43,10.2,0,0,0,0,0,0,0,0,0
2020-10-24,0.0,25.5,32.2,19.4,3.81,8.2,0,0,0,0,0,0,0,0,0
2020-10-25,0.0,25.4,31.7,19.8,3.71,8.3,0,0,0,0,0,0,0,0,0
2020-10-26,0.5,25.3,30.2,19.9,3.63,8.4,0,0,0,0,0,0,0,0,0
2020-10-27,0.0,24.9,30.5,19.9,3.41,7.2,0,0,0,0,0,0,0,0,0
2020-10-28,0.0,24.4,30.3,18.9,3.72,9.4,0,0,0,0,0,0,0,0,0
2020-10-29,0.0,24.7,30.4,18.5,3.25,8.2,0,0,0,0,0,0,0,0,0
2020-10-30,0.0,24.0,31.0,17.5,4.56,11.2,0,0,0,0,0,0,0,0,0
2020-10-31,0.0,23.6,30.8,17.9,4.95,14.8,0,0,0,0,0,0,0,0,0
2020-11-01,0.0,23.8,31.3,17.4,5.12,14.4,0,0,0,0,0,0,0,0,0
2020-11-02,0.0,23.9,31.3,18.2,5.11,14.8,0,0,0,0,0,0,0,0,0
2020-11-03,0.0,22.7,30.5,17.0,4.75,11.3,0,0,0,0,0,0,0,0,0
2020-11-04,0.0,21.1,29.8,14.7,4.68,10.5,0,0,0,0,0,0,0,0,0
2020-11-05,0.0,21.2,30.3,14.1,4.35,11.0,0,0,0,0,0,0,0,0,0
2020-11-06,0.0,21.3,30.1,14.4,4.44,10.9,0,0,0,0,0,0,0,0,0
2020-11-07,0.0,21.2,30.5,14.2,4.61,10.8,0,0,0,0,0,0,0,0,0
2020-11-08,0.0,21.0,30.2,13.7,4.55,10.8,0,0,0,0,0,0,0,0,0
2020-11-09,0.0,20.2,28.8,13.5,4.52,12.5,0,0,0,0,0,0,0,0,0
2020-11-10,0.0,19.9,28.3,13.1,4.17,9.8,0,0,0,0,0,0,0,0,0
2020-11-11,0.0,21.7,29.5,14.3,3.88,9.4,0,0,0,0,0,0,0,0,0
2020-11-12,0.0,24.2,30.0,18.8,3.3,8.8,0,0,0,0,0,0,0,0,0
2020-11-13,0.0,25.4,31.4,19.1,3.77,7.5,0,0,0,0,0,0,0,0,0
2020-11-14,0.0,25.6,31.7,19.7,3.81,8.4,0,0,0,0,0,0,0,0,0
2020-11-15,0.0,25.2,32.0,18.9,4.26,12.3,0,0,0,0,0,0,0,0,0
2020-11-16,0.0,25.2,32.2,18.3,3.89,8.1,0,0,0,0,0,0,0,0,0
2020-11-17,0.0,25.3,32.0,19.4,3.71,8.8,0,0,0,0,0,0,0,0,0
2020-11-18,0.0,25.2,30.9,19.2,3.81,13.8,0,0,0,0,0,0,0,0,0
2020-11-19,0.0,25.3,30.8,19.6,3.43,13.5,0,0,0,0,0,0,0,0,0
2020-11-20,2.1,24.0,28.5,20.3,2.55,12.8,0,0,0,0,0,0,0,0,0
2020-11-21,0.0,21.8,28.0,16.0,4.12,14.5,0,0,0,0,0,0,0,0,0
2020-11-22,0.0,19.3,27.0,13.3,4.1,11.3,0,0,0,0,0,0,0,0,0
2020-11-23,0.0,19.6,27.9,12.9,3.69,9.7,0,0,0,0,0,0,0,0,0
2020-11-24,0.0,20.4,28.4,13.7,3.79,9.6,0,0,0,0,0,0,0,0,0
2020-11-25,0.0,20.3,28.9,12.7,3.58,9.7,0,0,0,0,0,0,0,0,0
2020-11-26,0.4,21.4,29.0,14.6,3.17,17.5,0,0,0,0,0,0,0,0,0
2020-11-27,0.7,21.3,25.6,18.3,2.27,12.4,0,0,0,0,0,0,0,0,0
2020-11-28,0.0,21.4,29.2,15.7,3.69,11.5,0,0,0,0,0,0,0,0,0
2020-11-29,0.0,21.7,30.1,15.3,3.9,11.6,0,0,0,0,0,0,0,0,0
2020-11-30,0.0,21.5,29.5,15.0,3.89,11.8,0,0,0,0,0,0,0,0,0
2020-12-01,0.0,21.2,29.6,15.2,3.81,11.2,0,0,0,0,0,0,0,0,0
2020-12-02,0.0,20.9,29.5,14.1,4.23,12.0,0,0,0,0,0,0,0,0,0
2020-12-03,0.0,20.5,30.0,13.7,4.07,10.8,0,0,0,0,0,0,0,0,0
2020-12-04,0.0,20.6,29.9,13.2,3.96,11.1,0,0,0,0,0,0,0,0,0
2020-12-05,0.0,21.5,29.7,13.6,3.4,9.6,0,0,0,0,0,0,0,0,0
2020-12-06,0.0,21.8,30.3,13.7,3.45,10.0,0,0,0,0,0,0,0,0,0
2020-12-07,0.0,21.6,30.5,14.0,3.73,10.5,0,0,0,0,0,0,0,0,0
2020-12-08,0.0,21.8,30.4,14.6,3.54,10.8,0,0,0,0,0,0,0,0,0
2020-12-09,0.0,21.5,30.1,14.5,3.86,10.6,0,0,0,0,0,0,0,0,0
2020-12-10,0.0,21.5,29.5,15.1,3.64,10.2,0,0,0,0,0,0,0,0,0
2020-12-11,0.0,22.0,29.7,15.6,3.45,8.6,0,0,0,0,0,0,0,0,0
2020-12-12,0.0,22.3,27.1,18.3,2.31,12.3,0,0,0,0,0,0,0,0,0
2020-12-13,0.1,21.9,25.9,19.3,2.34,11.3,0,0,0,0,0,0,0,0,0
2020-12-14,2.4,21.6,26.4,18.8,1.96,8.7,0,0,0,0,0,0,0,0,0
2020-12-15,0.7,22.2,27.1,17.7,2.23,8.1,0,0,0,0,0,0,0,0,0
2020-12-16,0.3,22.1,27.8,17.0,3.07,13.7,0,0,0,0,0,0,0,0,0
2020-12-17,0.0,20.8,26.4,16.8,3.11,15.8,0,0,0,0,0,0,0,0,0
2020-12-18,0.0,18.8,25.5,13.9,3.37,12.1,0,0,0,0,0,0,0,0,0
2020-12-19,0.0,17.3,25.1,11.6,3.88,12.4,0,0,0,0,0,0,0,0,0
2020-12-20,0.0,17.1,26.2,10.0,4.2,13.3,0,0,0,0,0,0,0,0,0
2020-12-21,0.0,16.9,26.2,9.6,3.93,13.3,0,0,0,0,0,0,0,0,0
2020-12-22,0.0,17.4,27.3,10.0,3.97,11.8,0,0,0,0,0,0,0,0,0
2020-12-23,0.0,17.7,27.3,10.4,3.62,10.8,0,0,0,0,0,0,0,0,0
2020-12-24,0.0,17.9,27.3,9.9,3.59,11.0,0,0,0,0,0,0,0,0,0
2020-12-25,0.0,18.4,27.1,11.9,3.96,13.1,0,0,0,0,0,0,0,0,0
2020-12-26,0.0,18.3,27.2,11.1,3.72,11.0,0,0,0,0,0,0,0,0,0
2020-12-27,0.0,19.0,28.0,10.8,3.55,9.6,0,0,0,0,0,0,0,0,0
2020-12-28,0.0,20.7,28.7,12.7,3.47,11.6,0,0,0,0,0,0,0,0,0
2020-12-29,0.0,20.5,27.3,14.4,3.61,14.5,0,0,0,0,0,0,0,0,0
2020-12-30,0.0,20.6,28.0,13.8,3.36,13.7,0,0,0,0,0,0,0,0,0
2020-12-31,0.0,20.5,27.7,14.0,3.18,12.2,0,0,0,0,0,0,0,0,0
2021-01-01,0.0,20.2,28.2,13.5,3.46,9.7,0,0,0,0,0,0,0,0,0
2021-01-02,0.0,20.3,28.1,13.3,3.5,9.5,0,0,0,0,0,0,0,0,0
2021-01-03,0.0,20.9,28.9,14.1,3.67,10.5,0,0,0,0,0,0,0,0,0
2021-01-04,0.0,21.4,29.0,15.8,3.46,11.7,0,0,0,0,0,0,0,0,0
2021-01-05,0.0,22.3,31.0,15.5,3.59,12.7,0,0,0,0,0,0,0,0,0
2021-01-06,0.0,24.1,29.8,18.5,3.24,11.3,0,0,0,0,0,0,0,0,0
2021-01-07,0.0,24.3,30.1,18.1,3.54,11.8,0,0,0,0,0,0,0,0,0
2021-01-08,0.0,24.4,29.1,19.4,2.96,10.5,0,0,0,0,0,0,0,0,0
2021-01-09,0.0,24.4,31.0,18.6,3.61,8.6,0,0,0,0,0,0,0,0,0
2021-01-10,0.0,24.1,31.0,18.5,3.73,10.8,0,0,0,0,0,0,0,0,0
2021-01-11,0.0,24.2,30.9,18.2,3.83,15.2,0,0,0,0,0,0,0,0,0
2021-01-12,0.0,22.5,29.4,17.8,3.96,14.1,0,0,0,0,0,0,0,0,0
2021-01-13,0.0,18.9,26.9,13.4,4.46,13.4,0,0,0,0,0,0,0,0,0
2021-01-14,0.0,17.6,26.8,10.6,4.48,11.5,0,0,0,0,0,0,0,0,0
2021-01-15,0.0,17.7,27.7,10.0,4.3,11.0,0,0,0,0,0,0,0,0,0
2021-01-16,0.0,19.3,28.8,11.7,4.61,13.0,0,0,0,0,0,0,0,0,0
2021-01-17,0.0,21.4,30.2,13.8,4.37,11.7,0,0,0,0,0,0,0,0,0
2021-01-18,0.0,21.7,30.1,14.0,3.97,11.8,0,0,0,0,0,0,0,0,0
2021-01-19,0.0,24.0,30.9,16.6,3.79,14.3,0,0,0,0,0,0,0,0,0
2021-01-20,0.0,23.7,29.8,18.8,3.91,14.0,0,0,0,0,0,0,0,0,0
2021-01-21,0.0,21.4,29.5,15.7,4.76,11.9,0,0,0,0,0,0,0,0,0
2021-01-22,0.0,21.0,29.1,13.2,3.99,10.1,0,0,0,0,0,0,0,0,0
2021-01-23,0.0,21.0,30.6,12.6,4.17,9.7,0,0,0,0,0,0,0,0,0
2021-01-24,0.0,22.9,31.3,15.6,4.2,10.5,0,0,0,0,0,0,0,0,0
2021-01-25,0.0,22.2,29.7,16.3,4.55,14.6,0,0,0,0,0,0,0,0,0
2021-01-26,0.0,21.4,29.3,15.3,4.51,18.0,0,0,0,0,0,0,0,0,0
2021-01-27,0.0,20.8,28.5,14.3,4.09,15.6,0,0,0,0,0,0,0,0,0
2021-01-28,0.7,21.8,28.6,16.0,3.75,13.4,0,0,0,0,0,0,0,0,0
2021-01-29,2.8,19.7,26.4,14.7,3.91,16.2,0,0,0,0,0,0,0,0,0
2021-01-30,0.0,17.2,25.9,10.7,4.82,15.9,0,0,0,0,0,0,0,0,0
2021-01-31,0.0,17.1,26.8,9.9,4.38,12.2,0,0,0,0,0,0,0,0,0
2021-02-01,0.0,17.9,27.5,10.5,4.32,10.9,0,0,0,0,0,0,0,0,0
2021-02-02,0.0,19.4,29.5,11.1,4.5,10.4,0,0,0,0,0,0,0,0,0
2021-02-03,0.0,20.2,29.9,11.4,4.48,10.1,0,0,0,0,0,0,0,0,0
2021-02-04,0.0,20.6,29.9,11.5,4.59,11.2,0,0,0,0,0,0,0,0,0
2021-02-05,0.0,22.4,29.9,14.3,4.84,13.4,0,0,0,0,0,0,0,0,0
2021-02-06,0.0,20.9,27.4,16.5,5.01,18.0,0,0,0,0,0,0,0,0,0
2021-02-07,0.0,18.6,26.3,12.2,4.82,13.0,0,0,0,0,0,0,0,0,0
2021-02-08,0.0,18.9,27.7,11.4,4.23,11.0,0,0,0,0,0,0,0,0,0
2021-02-09,0.0,19.5,29.5,11.4,4.63,11.6,0,0,0,0,0,0,0,0,0
2021-02-10,0.0,21.1,30.9,12.7,4.55,10.9,0,0,0,0,0,0,0,0,0
2021-02-11,0.0,22.0,31.4,13.8,4.69,10.4,0,0,0,0,0,0,0,0,0
2021-02-12,0.0,22.8,31.3,14.6,4.64,10.2,0,0,0,0,0,0,0,0,0
2021-02-13,0.0,23.7,32.3,15.7,4.57,9.5,0,0,0,0,0,0,0,0,0
2021-02-14,0.0,24.2,31.7,17.0,4.1,9.7,0,0,0,0,0,0,0,0,0
2021-02-15,0.0,24.5,31.3,17.3,4.29,11.1,0,0,0,0,0,0,0,0,0
2021-02-16,0.2,22.7,28.8,17.8,3.78,17.3,0,0,0,0,0,0,0,0,0
2021-02-17,8.8,20.3,25.3,16.2,2.91,13.3,1,0,0,0,0,0,1,1,0
2021-02-18,0.3,20.0,27.6,14.6,3.6,11.8,0,0,0,0,0,0,0,0,0
2021-02-19,0.0,20.2,26.5,14.3,3.03,14.8,0,0,0,0,0,0,0,0,0
2021-02-20,0.0,20.8,28.3,14.9,3.95,11.1,0,0,0,0,0,0,0,0,0
2021-02-21,0.0,21.0,29.7,14.7,4.9,11.9,0,0,0,0,0,0,0,0,0
2021-02-22,0.0,21.1,30.5,14.0,5.13,11.2,0,0,0,0,0,0,0,0,0
2021-02-23,0.0,22.0,31.3,13.8,4.99,10.2,0,0,0,0,0,0,0,0,0
2021-02-24,0.0,22.7,32.1,14.2,5.04,9.7,0,0,0,0,0,0,0,0,0
2021-02-25,0.0,23.7,33.8,14.9,5.06,10.4,0,0,0,0,0,0,0,0,0
2021-02-26,0.0,24.4,34.0,17.1,5.53,10.5,0,0,0,0,0,0,0,0,0
2021-02-27,0.0,24.3,33.9,16.7,5.12,10.6,0,0,0,0,0,0,0,0,0
2021-02-28,0.0,25.0,34.1,17.5,4.39,11.2,0,0,0,0,0,0,0,0,0
2021-03-01,0.0,25.4,35.2,17.2,5.4,12.1,0,0,0,0,0,0,0,0,0
2021-03-02,0.0,24.3,32.7,17.6,6.23,14.5,0,0,0,0,0,0,0,0,0
2021-03-03,0.0,23.1,32.4,15.2,5.64,12.8,0,0,0,0,0,0,0,0,0
2021-03-04,0.0,24.3,34.3,14.9,5.59,11.9,0,0,0,0,0,0,0,0,0
2021-03-05,0.0,25.9,35.7,18.1,6.25,16.6,0,0,0,0,0,0,0,0,0
2021-03-06,0.0,24.9,34.5,16.5,6.58,15.4,0,0,0,0,0,0,0,0,0
2021-03-07,0.0,25.3,34.7,16.2,5.88,12.4,0,0,0,0,0,0,0,0,0
2021-03-08,0.0,26.8,35.3,17.5,6.23,13.7,0,0,0,0,0,0,0,0,0
2021-03-09,0.0,28.1,35.1,21.9,5.01,9.3,0,0,0,0,0,0,0,0,0
2021-03-10,0.0,28.1,35.2,21.6,5.29,9.4,0,0,0,0,0,0,0,0,0
2021-03-11,0.0,27.4,34.7,19.9,5.31,16.6,0,0,0,0,0,0,0,0,0
2021-03-12,0.0,27.5,34.1,20.4,5.23,13.8,0,0,0,0,0,0,0,0,0
2021-03-13,0.0,26.2,32.9,18.9,5.66,21.2,0,0,0,0,0,0,0,0,0
2021-03-14,0.0,26.2,32.5,18.6,4.65,7.9,0,0,0,0,0,0,0,0,0
2021-03-15,0.0,27.2,33.9,19.6,5.12,9.2,0,0,0,0,0,0,0,0,0
2021-03-16,0.0,26.8,33.9,20.2,5.26,18.0,0,0,0,0,0,0,0,0,0
2021-03-17,0.0,28.0,34.7,21.4,4.86,8.7,0,0,0,0,0,0,0,0,0
2021-03-18,0.0,27.6,34.5,20.5,5.07,12.7,0,0,0,0,0,0,0,0,0
2021-03-19,1.0,25.6,32.5,21.6,4.3,14.8,0,0,0,0,0,0,0,0,0
2021-03-20,0.0,26.4,33.8,19.8,4.89,11.8,0,0,0,0,0,0,0,0,0
2021-03-21,0.0,27.5,34.8,20.7,5.59,9.0,0,0,0,0,0,0,0,0,0
2021-03-22,0.8,26.5,34.7,20.0,4.44,11.6,0,0,0,0,0,0,0,0,0
2021-03-23,0.2,24.2,30.1,20.1,3.04,11.1,0,0,0,0,0,0,0,0,0
2021-03-24,0.0,26.1,34.9,18.7,5.67,10.9,0,0,0,0,0,0,0,0,0
2021-03-25,0.0,27.0,35.8,18.7,6.18,12.9,0,0,0,0,0,0,0,0,0
2021-03-26,0.0,26.9,35.6,20.3,6.88,13.7,0,0,0,0,0,0,0,0,0
2021-03-27,0.0,27.0,36.5,18.1,6.51,11.6,0,0,0,0,0,0,0,0,0
2021-03-28,0.0,28.1,37.9,18.3,6.0,11.4,0,0,0,0,0,0,0,0,0
2021-03-29,0.0,29.7,39.4,19.6,6.41,10.0,0,0,0,0,0,0,0,0,0
2021-03-30,0.0,31.7,40.3,22.3,7.97,21.7,0,0,0,0,0,0,0,0,0
2021-03-31,0.0,31.2,38.6,24.7,8.66,19.1,0,0,0,0,0,0,0,0,0
2021-04-01,0.0,30.3,38.6,22.9,7.58,16.1,0,0,0,0,0,0,0,0,0
2021-04-02,0.0,28.9,38.1,20.5,6.45,11.4,0,0,0,0,0,0,0,0,0
2021-04-03,0.0,29.3,38.8,20.2,7.04,11.8,0,0,0,0,0,0,0,0,0
2021-04-04,0.0,30.0,38.8,21.1,7.6,13.0,0,0,0,0,0,0,0,0,0
2021-04-05,0.0,30.0,39.1,19.9,7.08,12.2,0,0,0,0,0,0,0,0,0
2021-04-06,0.0,30.8,39.7,21.7,7.23,11.8,0,0,0,0,0,0,0,0,0
2021-04-07,0.0,31.3,40.2,22.7,6.81,14.1,0,0,0,0,0,0,0,0,0
2021-04-08,0.0,32.1,39.0,25.6,6.64,11.0,0,0,0,0,0,0,0,0,0
2021-04-09,0.1,30.1,37.1,23.9,6.39,16.6,0,0,0,0,0,0,0,0,0
2021-04-10,0.0,28.9,37.0,22.6,6.19,34.0,0,0,0,0,0,1,1,1,0
2021-04-11,0.1,28.8,35.2,22.3,5.32,13.2,0,0,0,0,0,0,0,0,0
2021-04-12,0.0,29.9,37.4,22.6,6.44,12.6,0,0,0,0,0,0,0,0,0
2021-04-13,0.0,29.7,38.0,22.0,6.9,13.1,0,0,0,0,0,0,0,0,0
2021-04-14,0.0,29.7,37.1,21.0,6.25,15.3,0,0,0,0,0,0,0,0,0
2021-04-15,0.5,28.6,33.8,22.6,5.35,16.6,0,0,0,0,0,0,0,0,0
2021-04-16,0.0,28.9,37.2,20.0,6.5,10.9,0,0,0,0,0,0,0,0,0
2021-04-17,0.0,31.2,38.2,24.1,6.34,13.4,0,0,0,0,0,0,0,0,0
2021-04-18,0.0,31.0,38.7,22.4,7.22,13.4,0,0,0,0,0,0,0,0,0
2021-04-19,0.0,31.2,38.6,23.1,6.18,12.7,0,0,0,0,0,0,0,0,0
2021-04-20,0.0,31.8,38.6,24.9,6.89,19.9,0,0,0,0,0,0,0,0,0
2021-04-21,1.0,30.0,36.1,24.2,5.35,17.9,0,0,0,0,0,0,0,0,0
2021-04-22,0.0,30.4,37.2,23.7,6.19,11.3,0,0,0,0,0,0,0,0,0
2021-04-23,0.0,29.5,37.7,20.6,7.02,10.5,0,0,0,0,0,0,0,0,0
2021-04-24,0.0,31.9,38.5,22.6,6.35,12.5,0,0,0,0,0,0,0,0,0
2021-04-25,0.0,31.7,39.4,23.5,7.54,16.5,0,0,0,0,0,0,0,0,0
2021-04-26,0.0,31.1,39.4,22.0,7.07,10.2,0,0,0,0,0,0,0,0,0
2021-04-27,0.0,30.8,39.8,22.7,6.79,10.3,0,0,0,0,0,0,0,0,0
2021-04-28,0.0,31.5,40.2,21.4,7.01,12.5,0,0,0,0,0,0,0,0,0
2021-04-29,0.0,32.7,40.2,23.5,6.52,11.4,0,0,0,0,0,0,0,0,0
2021-04-30,0.0,32.4,40.3,25.5,7.55,11.8,0,0,0,0,0,0,0,0,0
2021-05-01,0.0,33.0,40.2,25.3,8.0,18.9,0,0,0,0,0,0,0,0,0
2021-05-02,0.6,30.4,35.6,25.7,5.16,19.6,0,0,0,0,0,0,0,0,0
2021-05-03,5.4,28.3,34.8,24.1,4.88,22.2,0,0,0,0,0,0,0,0,0
2021-05-04,0.0,30.3,37.5,23.0,5.99,8.4,0,0,0,0,0,0,0,0,0
2021-05-05,0.0,31.9,38.5,24.9,6.71,15.0,0,0,0,0,0,0,0,0,0
2021-05-06,0.0,32.2,38.4,26.9,7.37,21.6,0,0,0,0,0,0,0,0,0
2021-05-07,0.1,31.6,37.2,26.1,6.88,18.8,0,0,0,0,0,0,0,0,0
2021-05-08,0.0,30.3,37.8,25.1,6.15,15.0,0,0,0,0,0,0,0,0,0
2021-05-09,18.2,29.1,35.9,24.6,5.01,22.3,1,0,0,0,0,0,1,1,0
2021-05-10,0.0,30.3,37.6,23.4,6.11,16.5,0,0,0,0,0,0,0,0,0
2021-05-11,0.3,30.1,36.2,24.5,5.84,14.5,0,0,0,0,0,0,0,0,0
2021-05-12,0.0,31.7,38.2,24.7,7.1,16.6,0,0,0,0,0,0,0,0,0
2021-05-13,0.0,31.0,38.6,24.4,6.52,15.8,0,0,0,0,0,0,0,0,0
2021-05-14,0.0,31.1,37.5,22.8,6.27,11.5,0,0,0,0,0,0,0,0,0
2021-05-15,0.0,31.5,36.8,26.7,6.57,16.8,0,0,0,0,0,0,0,0,0
2021-05-16,0.0,32.6,38.5,27.0,7.22,17.7,0,0,0,0,0,0,0,0,0
2021-05-17,0.0,32.3,37.1,27.6,6.25,19.3,0,0,0,0,0,0,0,0,0
2021-05-18,2.4,31.3,37.2,26.5,5.66,15.6,0,0,0,0,0,0,0,0,0
2021-05-19,4.3,30.8,37.1,25.2,6.27,24.0,0,0,0,0,0,1,1,1,0
2021-05-20,0.4,30.1,35.3,25.3,6.39,20.9,0,0,0,0,0,0,0,0,0
2021-05-21,0.0,30.0,36.8,23.5,7.12,18.0,0,0,0,0,0,0,0,0,0
2021-05-22,0.0,31.0,38.8,23.2,6.31,20.5,0,0,0,0,0,0,0,0,0
2021-05-23,0.0,31.8,37.8,25.4,6.11,19.1,0,0,0,0,0,0,0,0,0
2021-05-24,0.0,32.2,38.4,26.0,7.66,23.5,0,0,0,0,0,1,1,1,0
2021-05-25,0.0,31.6,39.0,24.4,8.62,25.3,0,0,0,0,0,1,1,1,0
2021-05-26,0.0,32.2,39.9,23.7,9.63,28.8,0,0,0,0,1,1,2,1,0
2021-05-27,0.0,33.5,40.4,25.4,8.56,26.3,0,0,0,0,0,1,1,1,0
2021-05-28,0.0,33.6,40.8,26.4,6.98,19.8,0,0,0,0,0,0,0,0,0
2021-05-29,0.0,34.1,40.8,27.5,6.69,16.9,0,0,0,0,0,0,0,0,0
2021-05-30,0.0,34.1,40.0,28.2,5.86,16.9,0,0,0,0,0,0,0,0,0
2021-05-31,0.0,33.4,37.1,30.0,4.55,12.2,0,0,0,0,0,0,0,0,0
2021-06-01,0.1,33.7,39.1,28.7,5.86,13.6,0,0,0,0,0,0,0,0,0
2021-06-02,0.0,31.5,35.7,27.3,4.15,14.8,0,0,0,0,0,0,0,0,0
2021-06-03,0.0,31.0,37.2,26.3,5.21,12.6,0,0,0,0,0,0,0,0,0
2021-06-04,0.7,28.8,31.2,26.8,3.77,12.0,0,0,0,0,0,0,0,0,0
2021-06-05,0.2,29.6,35.3,25.1,5.45,12.4,0,0,0,0,0,0,0,0,0
2021-06-06,6.8,29.7,35.8,25.9,4.42,12.5,0,0,0,0,0,0,0,0,0
2021-06-07,1.2,31.7,37.8,27.1,5.51,19.7,0,0,0,0,0,0,0,0,0
2021-06-08,8.5,29.7,36.4,26.2,5.07,17.4,1,0,0,0,0,0,1,1,0
2021-06-09,10.1,28.8,33.1,25.0,3.67,10.9,1,0,0,0,0,0,1,1,0
2021-06-10,32.1,26.6,31.7,24.7,2.65,11.6,1,0,0,0,0,0,1,1,0
2021-06-11,27.1,25.6,28.3,23.6,1.52,10.1,1,0,0,0,0,0,1,1,0
2021-06-12,24.0,26.6,30.7,23.7,3.13,12.7,1,0,0,0,0,0,1,1,0
2021-06-13,9.1,27.9,32.7,24.1,3.75,13.4,1,0,0,0,0,0,1,1,0
2021-06-14,4.0,27.8,32.5,24.3,3.49,10.8,0,0,0,0,0,0,0,0,0
2021-06-15,9.5,27.8,32.2,24.4,4.04,12.2,1,0,0,0,0,0,1,1,0
2021-06-16,4.7,27.6,32.4,24.9,3.87,11.5,0,0,0,0,0,0,0,0,0
2021-06-17,13.7,27.0,31.9,24.3,3.31,10.5,1,0,0,0,0,0,1,1,0
2021-06-18,14.6,25.7,28.7,23.9,1.86,16.8,1,0,0,0,0,0,1,1,0
2021-06-19,3.5,26.4,29.7,23.8,2.67,17.1,0,0,0,0,0,0,0,0,0
2021-06-20,2.4,27.2,31.6,23.6,4.93,16.6,0,0,0,0,0,0,0,0,0
2021-06-21,1.2,28.1,32.2,24.1,4.84,12.3,0,0,0,0,0,0,0,0,0
2021-06-22,14.9,27.6,32.2,24.9,3.91,11.2,1,0,0,0,0,0,1,1,0
2021-06-23,15.7,26.5,29.6,24.8,2.43,13.1,1,0,0,0,0,0,1,1,0
2021-06-24,41.1,26.0,29.6,23.9,2.23,10.7,1,0,0,0,0,0,1,1,0
2021-06-25,11.6,26.7,29.3,24.3,2.5,14.5,1,0,0,0,0,0,1,1,0
2021-06-26,1.0,28.3,32.8,24.4,4.12,12.5,0,0,0,0,0,0,0,0,0
2021-06-27,7.0,27.8,32.2,24.7,3.67,9.8,0,0,0,0,0,0,0,0,0
2021-06-28,8.8,27.3,31.5,24.7,4.11,9.9,1,0,0,0,0,0,1,1,0
2021-06-29,5.8,28.1,32.1,25.1,4.43,12.9,0,0,0,0,0,0,0,0,0
2021-06-30,17.1,28.6,32.1,25.9,3.82,10.5,1,0,0,0,0,0,1,1,0
2021-07-01,9.3,28.3,32.8,25.6,3.5,13.2,1,0,0,0,0,0,1,1,0
2021-07-02,7.5,26.6,28.4,25.0,2.45,14.1,0,0,0,0,0,0,0,0,0
2021-07-03,3.1,27.7,32.0,23.8,4.67,10.9,0,0,0,0,0,0,0,0,0
2021-07-04,0.0,28.7,33.6,24.8,4.68,13.0,0,0,0,0,0,0,0,0,0
2021-07-05,2.3,28.4,32.7,25.3,3.53,10.5,0,0,0,0,0,0,0,0,0
2021-07-06,0.5,28.6,33.7,25.1,4.07,10.1,0,0,0,0,0,0,0,0,0
2021-07-07,7.7,28.8,33.1,25.4,4.5,10.6,0,0,0,0,0,0,0,0,0
2021-07-08,44.0,26.0,28.9,24.8,1.79,10.5,1,0,0,0,0,0,1,1,0
2021-07-09,8.4,27.3,30.9,24.1,3.73,9.1,1,0,0,0,0,0,1,1,0
2021-07-10,13.7,27.3,30.8,24.7,3.87,10.8,1,0,0,0,0,0,1,1,0
2021-07-11,14.8,27.9,31.8,24.7,4.19,9.2,1,0,0,0,0,0,1,1,0
2021-07-12,2.1,28.2,32.6,24.9,4.95,12.5,0,0,0,0,0,0,0,0,0
2021-07-13,2.5,28.6,32.5,24.8,4.94,10.5,0,0,0,0,0,0,0,0,0
2021-07-14,5.4,27.8,31.8,24.8,4.31,8.4,0,0,0,0,0,0,0,0,0
2021-07-15,1.1,28.0,31.8,24.8,4.64,14.9,0,0,0,0,0,0,0,0,0
2021-07-16,0.3,28.6,32.4,25.5,5.09,13.4,0,0,0,0,0,0,0,0,0
2021-07-17,0.5,28.9,33.1,24.9,4.99,9.6,0,0,0,0,0,0,0,0,0
2021-07-18,3.3,28.7,32.1,25.9,4.27,12.9,0,0,0,0,0,0,0,0,0
2021-07-19,4.6,28.1,32.1,24.9,4.34,10.8,0,0,0,0,0,0,0,0,0
2021-07-20,24.3,26.4,29.5,24.5,2.0,10.4,1,0,0,0,0,0,1,1,0
2021-07-21,31.4,25.6,29.2,24.2,1.93,9.7,1,0,0,0,0,0,1,1,0
2021-07-22,17.0,26.3,29.3,24.4,2.59,12.1,1,0,0,0,0,0,1,1,0
2021-07-23,10.4,26.6,30.8,24.3,3.32,10.8,1,0,0,0,0,0,1,1,0
2021-07-24,27.6,25.5,27.1,24.0,1.15,13.2,1,0,0,0,0,0,1,1,0
2021-07-25,13.9,26.1,29.3,24.3,2.13,17.1,1,0,0,0,0,0,1,1,0
2021-07-26,4.9,26.6,29.7,24.9,3.31,20.9,0,0,0,0,0,0,0,0,0
2021-07-27,29.0,25.9,30.2,24.2,2.54,23.7,1,0,0,0,0,1,2,1,0
2021-07-28,21.1,24.9,26.4,23.6,1.43,11.6,1,0,0,0,0,0,1,1,0
2021-07-29,8.9,25.5,28.5,23.9,2.01,17.3,1,0,0,0,0,0,1,1,0
2021-07-30,12.7,24.5,25.6,23.8,1.36,13.9,1,0,0,0,0,0,1,1,0
2021-07-31,14.5,25.6,28.6,23.9,1.91,18.8,1,0,0,0,0,0,1,1,0
2021-08-01,3.2,26.1,29.9,23.8,3.7,24.5,0,0,0,0,0,1,1,1,0
2021-08-02,11.0,25.4,29.8,23.8,2.34,17.1,1,0,0,0,0,0,1,1,0
2021-08-03,1.6,25.7,29.3,23.4,3.25,17.4,0,0,0,0,0,0,0,0,0
2021-08-04,1.0,26.1,30.9,22.7,3.47,17.4,0,0,0,0,0,0,0,0,0
2021-08-05,1.8,25.7,28.4,24.1,2.1,14.3,0,0,0,0,0,0,0,0,0
2021-08-06,2.1,26.0,29.8,23.2,3.14,14.1,0,0,0,0,0,0,0,0,0
2021-08-07,1.8,26.5,31.1,23.7,3.52,13.0,0,0,0,0,0,0,0,0,0
2021-08-08,1.5,27.0,30.3,24.1,3.26,14.4,0,0,0,0,0,0,0,0,0
2021-08-09,1.4,27.5,32.0,24.4,4.19,13.1,0,0,0,0,0,0,0,0,0
2021-08-10,10.1,26.8,30.4,24.5,2.97,12.3,1,0,0,0,0,0,1,1,0
2021-08-11,0.6,27.2,31.7,24.3,3.84,13.5,0,0,0,0,0,0,0,0,0
2021-08-12,1.4,27.5,32.0,23.4,4.53,13.6,0,0,0,0,0,0,0,0,0
2021-08-13,1.8,27.4,31.7,24.2,4.05,8.2,0,0,0,0,0,0,0,0,0
2021-08-14,4.6,27.4,31.7,24.4,4.46,9.5,0,0,0,0,0,0,0,0,0
2021-08-15,0.8,27.3,31.0,24.3,4.14,11.2,0,0,0,0,0,0,0,0,0
2021-08-16,4.5,27.7,32.2,24.4,4.22,13.4,0,0,0,0,0,0,0,0,0
2021-08-17,41.1,26.7,29.6,24.7,2.71,12.3,1,0,0,0,0,0,1,1,0
2021-08-18,26.4,26.1,29.0,24.3,2.53,9.4,1,0,0,0,0,0,1,1,0
2021-08-19,35.6,25.7,29.0,23.5,2.64,8.2,1,0,0,0,0,0,1,1,0
2021-08-20,3.5,26.0,29.3,24.1,3.12,16.3,0,0,0,0,0,0,0,0,0
2021-08-21,3.7,26.4,29.7,24.0,3.48,15.9,0,0,0,0,0,0,0,0,0
2021-08-22,4.5,26.4,30.8,24.0,3.97,13.4,0,0,0,0,0,0,0,0,0
2021-08-23,4.7,26.6,30.8,23.8,3.84,11.8,0,0,0,0,0,0,0,0,0
2021-08-24,5.4,26.8,30.8,24.1,3.4,8.8,0,0,0,0,0,0,0,0,0
2021-08-25,2.6,27.4,31.9,24.1,4.13,13.8,0,0,0,0,0,0,0,0,0
2021-08-26,1.0,27.2,30.8,23.5,4.13,9.0,0,0,0,0,0,0,0,0,0
2021-08-27,0.3,27.3,31.6,23.7,4.67,11.4,0,0,0,0,0,0,0,0,0
2021-08-28,8.1,27.0,30.7,24.3,3.98,9.0,1,0,0,0,0,0,1,1,0
2021-08-29,18.6,26.9,31.2,24.4,3.72,10.3,1,0,0,0,0,0,1,1,0
2021-08-30,12.1,27.1,30.5,24.4,3.7,10.2,1,0,0,0,0,0,1,1,0
2021-08-31,3.8,27.1,30.9,24.5,4.37,16.1,0,0,0,0,0,0,0,0,0
2021-09-01,5.9,26.3,29.8,24.3,3.54,14.8,0,0,0,0,0,0,0,0,0
2021-09-02,3.7,26.5,30.3,23.5,4.09,12.7,0,0,0,0,0,0,0,0,0
2021-09-03,9.0,26.8,30.2,23.9,3.6,7.0,1,0,0,0,0,0,1,1,0
2021-09-04,5.9,26.2,29.3,24.1,2.66,13.0,0,0,0,0,0,0,0,0,0
2021-09-05,2.9,26.8,30.2,24.1,3.81,10.4,0,0,0,0,0,0,0,0,0
2021-09-06,14.4,27.2,30.4,24.7,3.45,14.5,1,0,0,0,0,0,1,1,0
2021-09-07,12.7,27.1,30.7,24.9,3.61,15.4,1,0,0,0,0,0,1,1,0
2021-09-08,6.7,25.2,28.2,23.9,2.25,18.1,0,0,0,0,0,0,0,0,0
2021-09-09,27.7,24.9,26.6,23.6,1.47,15.9,1,0,0,0,0,0,1,1,0
2021-09-10,12.9,25.4,28.3,23.8,2.28,9.4,1,0,0,0,0,0,1,1,0
2021-09-11,16.8,25.9,28.8,23.6,2.89,8.0,1,0,0,0,0,0,1,1,0
2021-09-12,13.3,25.8,29.4,23.9,2.59,8.9,1,0,0,0,0,0,1,1,0
2021-09-13,16.5,26.3,30.3,23.6,3.28,8.0,1,0,0,0,0,0,1,1,0
2021-09-14,21.5,26.3,29.6,24.1,2.56,13.3,1,0,0,0,0,0,1,1,0
2021-09-15,72.8,24.6,25.8,23.7,1.03,17.3,1,0,0,0,0,0,1,1,0
2021-09-16,24.9,24.8,27.2,23.6,1.89,17.8,1,0,0,0,0,0,1,1,0
2021-09-17,1.3,25.4,28.8,23.3,2.87,16.2,0,0,0,0,0,0,0,0,0
2021-09-18,0.6,26.1,30.7,22.9,3.95,13.3,0,0,0,0,0,0,0,0,0
2021-09-19,1.0,26.5,30.4,22.6,3.71,8.6,0,0,0,0,0,0,0,0,0
2021-09-20,13.3,25.1,27.3,23.7,1.79,8.5,1,0,0,0,0,0,1,1,0
2021-09-21,2.5,26.2,30.6,23.5,3.34,6.9,0,0,0,0,0,0,0,0,0
2021-09-22,1.2,26.5,30.2,23.4,3.85,13.0,0,0,0,0,0,0,0,0,0
2021-09-23,15.3,26.3,30.4,23.8,3.21,8.2,1,0,0,0,0,0,1,1,0
2021-09-24,11.8,25.9,28.7,23.8,2.88,12.6,1,0,0,0,0,0,1,1,0
2021-09-25,6.1,26.1,29.6,23.8,3.5,11.0,0,0,0,0,0,0,0,0,0
2021-09-26,6.1,26.8,31.2,23.5,4.04,11.6,0,0,0,0,0,0,0,0,0
2021-09-27,3.6,27.3,31.5,24.1,4.16,15.8,0,0,0,0,0,0,0,0,0
2021-09-28,6.3,26.7,29.8,24.3,3.79,20.2,0,0,0,0,0,0,0,0,0
2021-09-29,1.3,26.4,30.4,23.4,3.57,11.2,0,0,0,0,0,0,0,0,0
2021-09-30,5.7,26.6,31.1,23.8,3.55,10.1,0,0,0,0,0,0,0,0,0
2021-10-01,0.2,26.9,31.9,23.4,4.34,8.7,0,0,0,0,0,0,0,0,0
2021-10-02,0.9,26.8,31.7,22.9,4.29,9.4,0,0,0,0,0,0,0,0,0
2021-10-03,2.0,27.0,31.3,23.7,3.75,8.1,0,0,0,0,0,0,0,0,0
2021-10-04,0.6,27.5,32.1,23.4,4.02,8.0,0,0,0,0,0,0,0,0,0
2021-10-05,1.9,27.2,32.4,23.9,3.87,7.8,0,0,0,0,0,0,0,0,0
2021-10-06,5.4,27.0,31.2,23.7,3.58,11.4,0,0,0,0,0,0,0,0,0
2021-10-07,0.9,27.5,31.8,23.6,3.86,7.2,0,0,0,0,0,0,0,0,0
2021-10-08,0.5,27.9,32.8,24.0,3.89,6.9,0,0,0,0,0,0,0,0,0
2021-10-09,0.0,26.8,32.8,22.1,4.85,13.0,0,0,0,0,0,0,0,0,0
2021-10-10,0.0,26.6,33.0,21.2,4.99,16.2,0,0,0,0,0,0,0,0,0
2021-10-11,0.0,26.2,32.4,20.7,4.76,10.7,0,0,0,0,0,0,0,0,0
2021-10-12,0.0,26.2,32.8,19.6,4.9,11.6,0,0,0,0,0,0,0,0,0
2021-10-13,0.0,27.1,33.1,21.1,5.11,12.7,0,0,0,0,0,0,0,0,0
2021-10-14,0.0,27.1,33.1,22.1,5.86,17.7,0,0,0,0,0,0,0,0,0
2021-10-15,1.0,26.7,32.6,21.8,4.41,12.9,0,0,0,0,0,0,0,0,0
2021-10-16,4.3,27.7,33.8,23.4,4.32,9.3,0,0,0,0,0,0,0,0,0
2021-10-17,10.0,26.0,30.4,23.2,2.91,15.9,1,0,0,0,0,0,1,1,0
2021-10-18,9.1,25.6,29.0,22.9,3.25,15.3,1,0,0,0,0,0,1,1,0
2021-10-19,0.4,26.1,31.5,22.2,4.02,11.7,0,0,0,0,0,0,0,0,0
2021-10-20,0.0,24.8,30.3,20.8,3.89,8.4,0,0,0,0,0,0,0,0,0
2021-10-21,0.0,24.4,31.7,18.8,4.65,10.4,0,0,0,0,0,0,0,0,0
2021-10-22,0.0,23.2,31.1,17.0,4.62,11.9,0,0,0,0,0,0,0,0,0
2021-10-23,0.0,23.3,30.4,16.2,4.35,9.0,0,0,0,0,0,0,0,0,0
2021-10-24,0.0,23.8,30.7,17.2,3.97,7.3,0,0,0,0,0,0,0,0,0
2021-10-25,0.0,23.9,30.1,18.8,3.95,10.1,0,0,0,0,0,0,0,0,0
2021-10-26,0.0,23.5,29.7,18.0,3.89,10.2,0,0,0,0,0,0,0,0,0
2021-10-27,0.0,24.2,30.1,18.9,4.67,13.8,0,0,0,0,0,0,0,0,0
2021-10-28,0.0,23.5,29.6,18.6,5.08,13.5,0,0,0,0,0,0,0,0,0
2021-10-29,0.0,22.9,29.7,17.5,4.92,12.4,0,0,0,0,0,0,0,0,0
2021-10-30,0.0,22.5,29.5,17.3,4.71,12.8,0,0,0,0,0,0,0,0,0
2021-10-31,0.0,22.0,29.2,16.2,4.59,11.8,0,0,0,0,0,0,0,0,0
2021-11-01,0.0,22.3,29.7,15.2,4.09,9.3,0,0,0,0,0,0,0,0,0
2021-11-02,0.0,22.4,29.7,16.0,4.06,8.5,0,0,0,0,0,0,0,0,0
2021-11-03,0.0,23.4,30.3,17.2,3.68,7.6,0,0,0,0,0,0,0,0,0
2021-11-04,0.0,23.7,29.6,18.1,3.85,10.0,0,0,0,0,0,0,0,0,0
2021-11-05,0.0,23.4,30.0,17.8,3.76,8.9,0,0,0,0,0,0,0,0,0
2021-11-06,0.0,22.8,29.8,16.6,4.47,11.5,0,0,0,0,0,0,0,0,0
2021-11-07,0.0,22.4,30.2,16.1,4.7,12.0,0,0,0,0,0,0,0,0,0
2021-11-08,0.0,22.4,30.7,15.1,4.74,13.0,0,0,0,0,0,0,0,0,0
2021-11-09,0.0,22.5,30.8,15.7,4.72,13.7,0,0,0,0,0,0,0,0,0
2021-11-10,0.0,22.2,30.2,15.7,4.71,14.8,0,0,0,0,0,0,0,0,0
2021-11-11,0.0,22.4,29.7,16.2,4.34,11.7,0,0,0,0,0,0,0,0,0
2021-11-12,0.1,24.2,30.3,19.0,3.62,13.6,0,0,0,0,0,0,0,0,0
2021-11-13,1.6,24.7,30.3,21.6,3.12,14.7,0,0,0,0,0,0,0,0,0
2021-11-14,2.6,24.8,29.8,21.5,3.04,9.8,0,0,0,0,0,0,0,0,0
2021-11-15,1.2,24.7,30.6,20.1,4.01,13.4,0,0,0,0,0,0,0,0,0
2021-11-16,0.0,24.6,31.3,19.2,4.23,12.0,0,0,0,0,0,0,0,0,0
2021-11-17,0.0,25.0,32.0,18.7,3.43,8.1,0,0,0,0,0,0,0,0,0
2021-11-18,0.0,25.0,31.4,19.4,3.63,7.6,0,0,0,0,0,0,0,0,0
2021-11-19,0.0,26.0,32.0,21.8,3.46,7.7,0,0,0,0,0,0,0,0,0
2021-11-20,0.0,25.4,30.0,22.2,2.23,14.0,0,0,0,0,0,0,0,0,0
2021-11-21,10.0,24.4,28.3,22.2,2.55,10.0,1,0,0,0,0,0,1,1,0
2021-11-22,1.4,24.7,29.8,21.4,2.52,7.9,0,0,0,0,0,0,0,0,0
2021-11-23,0.0,24.2,30.9,19.3,3.51,9.5,0,0,0,0,0,0,0,0,0
2021-11-24,0.0,23.6,30.1,18.4,3.48,8.4,0,0,0,0,0,0,0,0,0
2021-11-25,0.0,23.2,30.7,17.2,3.55,10.5,0,0,0,0,0,0,0,0,0
2021-11-26,0.0,22.3,29.8,16.7,4.14,12.2,0,0,0,0,0,0,0,0,0
2021-11-27,0.0,20.4,29.8,13.6,3.87,10.0,0,0,0,0,0,0,0,0,0
2021-11-28,0.0,20.1,28.7,13.6,3.9,11.5,0,0,0,0,0,0,0,0,0
2021-11-29,0.0,19.8,27.8,14.0,3.82,11.8,0,0,0,0,0,0,0,0,0
2021-11-30,0.0,20.0,27.3,13.3,3.98,11.7,0,0,0,0,0,0,0,0,0
2021-12-01,0.0,20.7,28.3,14.8,3.69,11.0,0,0,0,0,0,0,0,0,0
2021-12-02,0.0,20.9,27.3,14.9,3.26,9.7,0,0,0,0,0,0,0,0,0
2021-12-03,0.0,21.6,28.5,15.7,3.51,13.1,0,0,0,0,0,0,0,0,0
2021-12-04,0.0,21.9,28.8,16.4,3.42,10.7,0,0,0,0,0,0,0,0,0
2021-12-05,0.0,22.2,29.6,15.9,3.86,12.3,0,0,0,0,0,0,0,0,0
2021-12-06,0.0,22.9,29.7,17.0,3.8,13.7,0,0,0,0,0,0,0,0,0
2021-12-07,0.0,22.9,29.2,17.9,3.9,15.5,0,0,0,0,0,0,0,0,0
2021-12-08,0.0,22.6,28.6,17.0,3.3,11.4,0,0,0,0,0,0,0,0,0
2021-12-09,0.0,22.6,28.1,17.3,3.16,10.8,0,0,0,0,0,0,0,0,0
2021-12-10,0.0,22.0,27.8,16.6,3.33,10.4,0,0,0,0,0,0,0,0,0
2021-12-11,0.0,21.1,27.5,16.0,3.77,12.5,0,0,0,0,0,0,0,0,0
2021-12-12,0.0,19.7,26.4,14.2,3.4,10.1,0,0,0,0,0,0,0,0,0
2021-12-13,0.0,19.4,27.0,13.3,3.4,10.0,0,0,0,0,0,0,0,0,0
2021-12-14,0.0,19.8,26.8,13.4,3.37,11.6,0,0,0,0,0,0,0,0,0
2021-12-15,0.0,19.5,26.7,13.6,3.35,10.5,0,0,0,0,0,0,0,0,0
2021-12-16,0.0,19.6,26.4,13.3,3.15,9.4,0,0,0,0,0,0,0,0,0
2021-12-17,0.0,19.8,26.7,12.4,3.06,10.1,0,0,0,0,0,0,0,0,0
2021-12-18,0.0,19.1,25.4,15.0,3.72,17.0,0,0,0,0,0,0,0,0,0
2021-12-19,0.0,15.6,22.8,10.6,4.09,15.5,0,0,0,0,0,0,0,0,0
2021-12-20,0.0,14.7,23.2,7.9,3.58,10.9,0,0,0,0,0,0,0,0,0
2021-12-21,0.0,15.6,24.1,8.7,3.3,10.2,0,0,0,0,0,0,0,0,0
2021-12-22,0.0,16.1,25.4,8.7,3.44,10.7,0,0,0,0,0,0,0,0,0
2021-12-23,0.0,17.8,26.6,9.9,3.26,10.2,0,0,0,0,0,0,0,0,0
2021-12-24,0.0,19.8,27.6,12.4,3.59,11.2,0,0,0,0,0,0,0,0,0
2021-12-25,0.0,20.1,27.8,14.1,3.39,9.5,0,0,0,0,0,0,0,0,0
2021-12-26,0.0,20.1,27.1,13.8,3.59,12.0,0,0,0,0,0,0,0,0,0
2021-12-27,0.0,20.2,27.9,14.9,3.49,10.9,0,0,0,0,0,0,0,0,0
2021-12-28,21.1,19.0,26.6,13.9,2.37,14.4,1,0,0,0,0,0,1,1,0
2021-12-29,4.3,18.1,22.8,14.3,2.2,11.9,0,0,0,0,0,0,0,0,0
2021-12-30,0.0,16.8,22.8,12.6,2.81,11.9,0,0,0,0,0,0,0,0,0
2021-12-31,0.0,17.0,23.8,11.4,3.06,13.0,0,0,0,0,0,0,0,0,0
2022-01-01,0.0,17.7,24.2,12.4,2.94,11.3,0,0,0,0,0,0,0,0,0
2022-01-02,0.0,18.1,24.5,13.3,2.97,11.7,0,0,0,0,0,0,0,0,0
2022-01-03,0.0,17.4,25.0,12.4,3.24,11.7,0,0,0,0,0,0,0,0,0
2022-01-04,0.0,17.8,26.2,11.3,3.19,10.8,0,0,0,0,0,0,0,0,0
2022-01-05,0.0,17.7,25.6,11.3,3.26,9.8,0,0,0,0,0,0,0,0,0
2022-01-06,0.0,19.6,26.6,13.9,3.2,10.5,0,0,0,0,0,0,0,0,0
2022-01-07,0.0,20.1,27.4,13.8,3.5,15.6,0,0,0,0,0,0,0,0,0
2022-01-08,0.0,20.8,26.8,15.7,3.31,15.9,0,0,0,0,0,0,0,0,0
2022-01-09,9.4,18.7,21.4,16.4,1.58,10.9,1,0,0,0,0,0,1,1,0
2022-01-10,4.0,18.2,21.6,15.2,1.54,9.6,0,0,0,0,0,0,0,0,0
2022-01-11,0.3,17.3,21.8,14.4,1.74,13.6,0,0,0,0,0,0,0,0,0
2022-01-12,0.0,16.8,21.6,13.3,2.17,12.3,0,0,0,0,0,0,0,0,0
2022-01-13,0.0,16.8,23.3,12.1,2.89,10.7,0,0,0,0,0,0,0,0,0
2022-01-14,7.9,15.9,18.8,12.4,1.14,13.5,1,0,1,0,0,0,2,1,0
2022-01-15,0.0,17.7,22.9,14.2,2.58,12.6,0,0,0,0,0,0,0,0,0
2022-01-16,0.0,16.7,23.3,12.0,3.04,10.9,0,0,0,0,0,0,0,0,0
2022-01-17,0.0,16.9,23.8,11.3,3.08,11.0,0,0,0,0,0,0,0,0,0
2022-01-18,0.0,17.0,23.9,12.0,3.35,12.3,0,0,0,0,0,0,0,0,0
2022-01-19,0.0,15.9,23.6,10.4,3.52,12.7,0,0,0,0,0,0,0,0,0
2022-01-20,0.0,17.1,25.4,10.0,3.5,10.9,0,0,0,0,0,0,0,0,0
2022-01-21,0.0,18.3,26.8,11.6,3.52,10.9,0,0,0,0,0,0,0,0,0
2022-01-22,0.0,19.1,27.3,11.3,3.68,16.5,0,0,0,0,0,0,0,0,0
2022-01-23,1.5,19.9,26.1,16.0,3.62,15.8,0,0,0,0,0,0,0,0,0
2022-01-24,0.0,17.6,23.0,13.2,3.7,14.4,0,0,0,0,0,0,0,0,0
2022-01-25,0.0,15.9,21.9,11.1,3.67,13.0,0,0,0,0,0,0,0,0,0
2022-01-26,0.0,15.3,21.9,10.0,3.78,13.0,0,0,0,0,0,0,0,0,0
2022-01-27,0.0,14.8,22.2,9.0,3.8,12.6,0,0,0,0,0,0,0,0,0
2022-01-28,0.0,14.8,22.6,8.7,3.76,10.5,0,0,0,0,0,0,0,0,0
2022-01-29,0.0,16.2,25.1,8.4,3.62,10.8,0,0,0,0,0,0,0,0,0
2022-01-30,0.0,17.3,27.0,8.8,3.83,9.8,0,0,0,0,0,0,0,0,0
2022-01-31,0.0,18.9,28.9,11.1,4.07,9.0,0,0,0,0,0,0,0,0,0
2022-02-01,0.0,19.7,29.5,11.8,4.01,10.2,0,0,0,0,0,0,0,0,0
2022-02-02,0.0,20.3,28.9,12.8,4.27,10.2,0,0,0,0,0,0,0,0,0
2022-02-03,0.0,22.2,29.8,14.8,4.75,22.0,0,0,0,0,0,0,0,0,0
2022-02-04,0.0,19.7,25.3,14.4,4.55,16.5,0,0,0,0,0,0,0,0,0
2022-02-05,0.0,17.4,26.6,9.4,4.05,8.6,0,0,0,0,0,0,0,0,0
2022-02-06,0.0,18.9,27.9,11.0,4.14,10.1,0,0,0,0,0,0,0,0,0
2022-02-07,0.0,20.5,29.8,12.1,4.37,9.8,0,0,0,0,0,0,0,0,0
2022-02-08,0.0,21.2,30.4,12.3,4.29,13.0,0,0,0,0,0,0,0,0,0
2022-02-09,2.3,21.9,28.4,16.9,3.4,14.1,0,0,0,0,0,0,0,0,0
2022-02-10,0.0,20.9,28.0,16.5,4.52,15.0,0,0,0,0,0,0,0,0,0
2022-02-11,0.0,18.2,25.7,12.9,4.49,15.7,0,0,0,0,0,0,0,0,0
2022-02-12,0.0,18.3,27.3,10.6,4.55,11.7,0,0,0,0,0,0,0,0,0
2022-02-13,0.0,19.2,27.9,11.3,4.34,13.4,0,0,0,0,0,0,0,0,0
2022-02-14,0.0,20.0,28.9,12.2,4.28,10.4,0,0,0,0,0,0,0,0,0
2022-02-15,0.0,21.4,28.9,14.3,4.03,9.8,0,0,0,0,0,0,0,0,0
2022-02-16,0.0,22.1,29.0,15.9,4.25,10.8,0,0,0,0,0,0,0,0,0
2022-02-17,0.0,21.1,26.8,15.9,3.78,12.4,0,0,0,0,0,0,0,0,0
2022-02-18,0.0,21.7,28.2,15.5,3.42,9.7,0,0,0,0,0,0,0,0,0
2022-02-19,0.3,21.0,26.1,17.2,2.54,14.9,0,0,0,0,0,0,0,0,0
2022-02-20,0.1,21.9,30.3,15.4,4.82,16.8,0,0,0,0,0,0,0,0,0
2022-02-21,0.0,20.9,30.7,13.3,5.24,13.5,0,0,0,0,0,0,0,0,0
2022-02-22,0.0,21.8,31.3,13.1,5.16,11.5,0,0,0,0,0,0,0,0,0
2022-02-23,0.0,23.8,32.2,15.5,5.22,15.0,0,0,0,0,0,0,0,0,0
2022-02-24,0.1,24.7,32.8,17.7,5.41,20.9,0,0,0,0,0,0,0,0,0
2022-02-25,0.0,23.6,32.0,17.1,5.41,12.4,0,0,0,0,0,0,0,0,0
2022-02-26,0.1,24.2,31.6,16.6,4.85,13.7,0,0,0,0,0,0,0,0,0
2022-02-27,0.0,25.2,32.4,18.9,4.89,14.1,0,0,0,0,0,0,0,0,0
2022-02-28,0.1,24.7,32.1,17.9,4.85,11.9,0,0,0,0,0,0,0,0,0
2022-03-01,0.0,24.5,31.7,18.6,4.65,11.4,0,0,0,0,0,0,0,0,0
2022-03-02,0.0,24.8,32.3,18.4,5.05,11.3,0,0,0,0,0,0,0,0,0
2022-03-03,0.0,25.0,31.6,18.8,3.88,9.7,0,0,0,0,0,0,0,0,0
2022-03-04,0.0,25.9,32.9,19.9,4.8,10.5,0,0,0,0,0,0,0,0,0
2022-03-05,0.0,25.2,32.7,19.0,5.99,17.8,0,0,0,0,0,0,0,0,0
2022-03-06,0.0,24.6,33.1,17.5,5.58,11.4,0,0,0,0,0,0,0,0,0
2022-03-07,0.0,25.4,34.0,17.2,6.04,16.1,0,0,0,0,0,0,0,0,0
2022-03-08,0.0,25.7,34.1,18.3,6.31,20.8,0,0,0,0,0,0,0,0,0
2022-03-09,0.0,25.7,33.6,18.3,5.35,11.4,0,0,0,0,0,0,0,0,0
2022-03-10,0.0,26.4,33.7,19.9,5.4,11.8,0,0,0,0,0,0,0,0,0
2022-03-11,0.0,26.5,34.1,20.2,5.97,12.7,0,0,0,0,0,0,0,0,0
2022-03-12,0.0,25.9,34.2,19.3,6.42,13.0,0,0,0,0,0,0,0,0,0
2022-03-13,0.0,25.7,34.7,17.6,6.17,11.4,0,0,0,0,0,0,0,0,0
2022-03-14,0.0,26.7,35.8,17.7,6.53,13.4,0,0,0,0,0,0,0,0,0
2022-03-15,0.0,28.2,37.9,18.9,6.77,21.3,0,0,0,0,0,0,0,0,0
2022-03-16,0.0,29.1,39.4,21.1,7.17,19.7,0,0,0,0,0,0,0,0,0
2022-03-17,0.0,29.1,39.5,19.7,7.07,19.1,0,0,0,0,0,0,0,0,0
2022-03-18,0.0,29.6,37.7,22.8,6.19,11.8,0,0,0,0,0,0,0,0,0
2022-03-19,0.0,29.5,37.4,21.3,6.06,13.0,0,0,0,0,0,0,0,0,0
2022-03-20,1.1,29.2,34.6,23.5,4.31,12.4,0,0,0,0,0,0,0,0,0
2022-03-21,0.0,30.2,36.9,24.0,4.8,10.5,0,0,0,0,0,0,0,0,0
2022-03-22,0.0,29.2,38.9,20.7,7.14,11.9,0,0,0,0,0,0,0,0,0
2022-03-23,0.0,29.5,38.3,20.7,7.4,16.3,0,0,0,0,0,0,0,0,0
2022-03-24,0.0,29.6,38.1,20.4,5.6,13.0,0,0,0,0,0,0,0,0,0
2022-03-25,0.0,30.7,38.1,24.5,5.26,12.4,0,0,0,0,0,0,0,0,0
2022-03-26,0.0,31.4,39.8,23.2,7.17,18.7,0,0,0,0,0,0,0,0,0
2022-03-27,0.0,30.0,38.6,20.9,7.15,12.9,0,0,0,0,0,0,0,0,0
2022-03-28,0.0,30.7,40.1,20.3,7.16,14.3,0,0,0,0,0,0,0,0,0
2022-03-29,0.0,31.5,40.6,21.5,7.31,12.6,0,0,0,0,0,0,0,0,0
2022-03-30,0.0,31.0,40.8,22.6,6.6,9.9,0,0,0,0,0,0,0,0,0
2022-03-31,0.0,31.9,41.0,23.3,6.96,15.0,0,0,0,0,0,0,0,0,0
2022-04-01,0.0,31.6,41.3,22.1,7.2,15.3,0,0,0,0,0,0,0,0,0
2022-04-02,0.0,32.0,40.5,24.0,6.76,13.5,0,0,0,0,0,0,0,0,0
2022-04-03,0.0,31.3,40.1,22.1,6.75,13.0,0,0,0,0,0,0,0,0,0
2022-04-04,0.0,31.9,40.7,22.1,7.16,17.0,0,0,0,0,0,0,0,0,0
2022-04-05,0.0,33.1,40.8,24.8,7.02,16.1,0,0,0,0,0,0,0,0,0
2022-04-06,0.0,31.7,40.2,22.0,6.78,13.0,0,0,0,0,0,0,0,0,0
2022-04-07,0.0,32.7,39.9,25.1,6.2,10.5,0,0,0,0,0,0,0,0,0
2022-04-08,0.0,33.0,39.9,25.0,6.58,12.1,0,0,0,0,0,0,0,0,0
2022-04-09,0.0,33.2,40.9,25.7,7.11,13.8,0,0,0,0,0,0,0,0,0
2022-04-10,0.0,33.8,41.0,26.0,7.11,14.6,0,0,0,0,0,0,0,0,0
2022-04-11,0.0,34.1,41.6,27.3,7.19,12.7,0,0,0,0,0,0,0,0,0
2022-04-12,0.0,33.9,41.2,26.8,6.68,14.1,0,0,0,0,0,0,0,0,0
2022-04-13,0.0,34.2,40.9,27.4,7.02,12.5,0,0,0,0,0,0,0,0,0
2022-04-14,0.0,33.3,40.7,28.0,6.6,18.8,0,0,0,0,0,0,0,0,0
2022-04-15,0.0,33.1,42.6,24.5,7.33,20.0,0,0,0,0,0,0,0,0,0
2022-04-16,0.0,32.9,42.8,24.7,7.67,19.2,0,0,0,0,0,0,0,0,0
2022-04-17,0.0,33.2,41.4,24.5,6.99,12.2,0,0,0,0,0,0,0,0,0
2022-04-18,0.0,34.1,42.3,26.6,6.82,12.8,0,0,0,0,0,0,0,0,0
2022-04-19,0.0,34.2,43.4,25.4,7.29,15.8,0,0,0,0,0,0,0,0,0
2022-04-20,0.0,34.8,42.5,27.4,8.19,15.8,0,0,0,0,0,0,0,0,0
2022-04-21,0.0,34.6,41.9,26.4,7.46,17.1,0,0,0,0,0,0,0,0,0
2022-04-22,0.1,32.4,37.9,27.8,7.21,24.5,0,0,0,0,0,1,1,1,0
2022-04-23,0.0,33.1,40.2,25.4,6.47,13.4,0,0,0,0,0,0,0,0,0
2022-04-24,0.0,34.2,42.2,26.9,7.35,17.4,0,0,0,0,0,0,0,0,0
2022-04-25,0.0,34.5,43.2,26.0,8.3,24.2,0,0,0,0,0,1,1,1,0
2022-04-26,0.0,34.0,42.9,24.2,6.77,11.3,0,0,0,0,0,0,0,0,0
2022-04-27,0.0,34.6,43.4,27.1,8.04,15.1,0,0,0,0,0,0,0,0,0
2022-04-28,0.0,34.8,42.9,25.3,6.94,14.2,0,0,0,0,0,0,0,0,0
2022-04-29,0.0,35.4,44.0,27.6,7.43,12.8,0,0,1,0,0,0,1,1,0
2022-04-30,0.0,36.5,44.1,30.2,8.26,16.3,0,0,1,0,0,0,1,1,0
2022-05-01,0.0,35.4,43.1,26.6,8.17,20.6,0,0,0,0,0,0,0,0,0
2022-05-02,0.0,35.0,43.1,27.2,7.41,17.5,0,0,0,0,0,0,0,0,0
2022-05-03,0.0,35.0,41.8,27.2,7.57,19.4,0,0,0,0,0,0,0,0,0
2022-05-04,0.0,35.0,43.0,28.5,7.77,16.0,0,0,0,0,0,0,0,0,0
2022-05-05,0.0,34.1,41.9,27.4,7.4,17.6,0,0,0,0,0,0,0,0,0
2022-05-06,0.0,33.1,39.8,25.0,7.45,13.6,0,0,0,0,0,0,0,0,0
2022-05-07,0.0,32.9,39.0,25.9,6.63,16.7,0,0,0,0,0,0,0,0,0
2022-05-08,0.0,34.4,42.1,26.0,8.25,22.1,0,0,0,0,0,0,0,0,0
2022-05-09,0.0,35.3,42.7,26.4,8.99,20.1,0,0,0,0,1,0,1,1,0
2022-05-10,0.0,34.8,42.3,27.4,8.43,20.9,0,0,0,0,0,0,0,0,0
2022-05-11,0.0,34.3,41.3,27.7,7.03,20.5,0,0,0,0,0,0,0,0,0
2022-05-12,0.2,34.5,40.7,29.2,6.73,15.6,0,0,0,0,0,0,0,0,0
2022-05-13,0.0,35.2,41.8,29.5,7.52,17.9,0,0,0,0,0,0,0,0,0
2022-05-14,0.0,36.6,44.2,30.0,7.24,18.4,0,0,1,0,0,0,1,1,0
2022-05-15,0.0,36.6,43.7,30.3,7.62,16.2,0,0,0,0,0,0,0,0,0
2022-05-16,0.0,35.6,42.7,29.7,7.53,15.8,0,0,0,0,0,0,0,0,0
2022-05-17,0.0,35.8,42.7,29.4,7.51,20.7,0,0,0,0,0,0,0,0,0
2022-05-18,0.0,34.9,41.6,28.7,6.48,16.4,0,0,0,0,0,0,0,0,0
2022-05-19,0.0,35.2,41.1,28.9,7.29,12.5,0,0,0,0,0,0,0,0,0
2022-05-20,0.0,36.0,42.7,29.7,7.44,17.5,0,0,0,0,0,0,0,0,0
2022-05-21,0.0,37.0,43.5,31.0,9.03,28.0,0,1,0,0,1,1,3,1,0
2022-05-22,0.0,35.5,41.0,30.2,8.3,18.8,0,0,0,0,0,0,0,0,0
2022-05-23,0.0,33.7,40.7,27.7,8.18,29.3,0,0,0,0,0,1,1,1,0
2022-05-24,5.1,29.2,37.7,24.2,5.1,22.6,0,0,0,0,0,0,0,0,0
2022-05-25,0.0,31.9,40.2,25.0,5.9,20.4,0,0,0,0,0,0,0,0,0
2022-05-26,0.8,32.3,38.9,25.5,5.92,24.3,0,0,0,0,0,1,1,1,0
2022-05-27,0.0,34.1,41.4,27.1,7.82,14.5,0,0,0,0,0,0,0,0,0
2022-05-28,0.0,34.1,40.7,26.8,6.61,15.3,0,0,0,0,0,0,0,0,0
2022-05-29,0.0,35.5,42.4,28.1,7.68,18.6,0,0,0,0,0,0,0,0,0
2022-05-30,0.5,33.5,40.8,28.0,4.99,11.6,0,0,0,0,0,0,0,0,0
2022-05-31,0.0,35.0,41.4,28.4,6.96,17.9,0,0,0,0,0,0,0,0,0
2022-06-01,0.0,34.8,42.4,27.2,7.58,22.0,0,0,0,0,0,0,0,0,0
2022-06-02,0.0,35.1,43.0,26.1,6.59,14.3,0,0,0,0,0,0,0,0,0
2022-06-03,0.0,36.2,44.0,27.6,8.29,17.8,0,0,1,0,0,0,1,1,0
2022-06-04,0.0,37.0,43.7,30.6,8.4,19.3,0,1,0,0,0,0,1,1,0
2022-06-05,0.0,36.7,43.5,28.5,7.31,17.1,0,0,0,0,0,0,0,0,0
2022-06-06,0.0,36.7,43.9,30.1,8.45,21.3,0,0,1,0,0,0,1,1,0
2022-06-07,0.0,36.1,43.8,28.9,7.92,18.3,0,0,1,0,0,0,1,1,0
2022-06-08,0.0,37.1,42.9,30.0,9.51,23.0,0,1,0,0,1,1,3,1,0
2022-06-09,0.0,36.1,41.9,30.3,7.46,19.1,0,0,0,0,0,0,0,0,0
2022-06-10,0.3,35.2,41.1,30.4,6.58,19.8,0,0,0,0,0,0,0,0,0
2022-06-11,1.1,33.5,39.9,29.7,6.79,27.7,0,0,0,0,0,1,1,1,0
2022-06-12,0.2,31.3,37.2,27.3,4.72,13.3,0,0,0,0,0,0,0,0,0
2022-06-13,1.1,33.8,39.4,29.3,6.3,12.3,0,0,0,0,0,0,0,0,0
2022-06-14,0.4,33.8,39.5,29.1,5.78,21.7,0,0,0,0,0,0,0,0,0
2022-06-15,11.1,29.4,38.1,25.5,4.59,18.8,1,0,0,0,0,0,1,1,0
2022-06-16,8.9,28.2,31.5,25.0,3.54,15.0,1,0,0,0,0,0,1,1,0
2022-06-17,22.6,28.3,34.9,26.0,3.84,14.3,1,0,0,0,0,0,1,1,0
2022-06-18,6.7,28.4,33.6,25.9,4.24,17.3,0,0,0,0,0,0,0,0,0
2022-06-19,33.7,26.9,30.2,24.7,2.7,13.2,1,0,0,0,0,0,1,1,0
2022-06-20,25.9,26.0,30.4,23.7,2.87,13.7,1,0,0,0,0,0,1,1,0
2022-06-21,3.8,26.4,31.4,23.2,3.67,12.1,0,0,0,0,0,0,0,0,0
2022-06-22,4.6,27.8,31.8,23.7,4.32,13.0,0,0,0,0,0,0,0,0,0
2022-06-23,5.3,27.2,31.3,25.2,3.13,8.8,0,0,0,0,0,0,0,0,0
2022-06-24,8.9,28.5,33.1,24.2,5.06,13.8,1,0,0,0,0,0,1,1,0
2022-06-25,0.9,28.0,32.9,25.1,2.94,11.6,0,0,0,0,0,0,0,0,0
2022-06-26,7.6,26.8,30.5,24.3,3.55,10.8,0,0,0,0,0,0,0,0,0
2022-06-27,1.0,27.8,31.7,24.2,4.49,10.1,0,0,0,0,0,0,0,0,0
2022-06-28,8.7,28.5,33.1,24.9,4.64,11.4,1,0,0,0,0,0,1,1,0
2022-06-29,19.5,27.4,31.6,25.3,3.12,12.0,1,0,0,0,0,0,1,1,0
2022-06-30,38.4,26.1,30.3,24.4,2.57,11.5,1,0,0,0,0,0,1,1,0
2022-07-01,9.6,27.8,32.1,23.9,3.75,11.3,1,0,0,0,0,0,1,1,0
2022-07-02,32.2,26.3,28.8,24.8,2.48,10.0,1,0,0,0,0,0,1,1,0
2022-07-03,17.4,26.2,30.5,24.2,2.79,9.5,1,0,0,0,0,0,1,1,0
2022-07-04,41.7,25.5,29.9,23.9,2.34,11.0,1,0,0,0,0,0,1,1,0
2022-07-05,15.0,26.3,29.9,23.9,2.64,12.9,1,0,0,0,0,0,1,1,0
2022-07-06,38.8,25.6,28.4,24.0,2.56,10.8,1,0,0,0,0,0,1,1,0
2022-07-07,18.4,26.1,30.7,24.2,3.01,11.4,1,0,0,0,0,0,1,1,0
2022-07-08,27.6,27.1,31.9,24.1,4.14,11.5,1,0,0,0,0,0,1,1,0
2022-07-09,37.2,26.1,30.6,23.7,3.59,15.8,1,0,0,0,0,0,1,1,0
2022-07-10,14.5,26.1,29.2,23.6,3.14,15.3,1,0,0,0,0,0,1,1,0
2022-07-11,25.3,26.8,31.2,24.0,3.91,16.2,1,0,0,0,0,0,1,1,0
2022-07-12,22.6,26.4,29.9,24.3,3.1,17.9,1,0,0,0,0,0,1,1,0
2022-07-13,16.3,26.9,32.4,24.4,3.42,14.6,1,0,0,0,0,0,1,1,0
2022-07-14,30.6,26.1,29.0,23.5,2.47,12.5,1,0,0,0,0,0,1,1,0
2022-07-15,25.3,25.9,29.6,23.1,3.59,16.8,1,0,0,0,0,0,1,1,0
2022-07-16,14.9,26.1,29.1,23.7,2.95,9.8,1,0,0,0,0,0,1,1,0
2022-07-17,58.7,26.0,30.5,23.7,2.55,15.7,1,0,0,0,0,0,1,1,0
2022-07-18,3.2,26.8,31.7,24.4,3.84,17.5,0,0,0,0,0,0,0,0,0
2022-07-19,6.4,25.5,28.8,23.7,2.34,18.3,0,0,0,0,0,0,0,0,0
2022-07-20,14.5,25.7,30.3,23.5,3.51,13.4,1,0,0,0,0,0,1,1,0
2022-07-21,14.1,25.9,29.1,24.1,2.58,15.5,1,0,0,0,0,0,1,1,0
2022-07-22,12.1,26.4,30.2,24.4,3.08,15.3,1,0,0,0,0,0,1,1,0
2022-07-23,18.6,25.9,29.7,23.8,2.82,15.2,1,0,0,0,0,0,1,1,0
2022-07-24,31.2,25.1,27.8,23.6,1.95,14.8,1,0,0,0,0,0,1,1,0
2022-07-25,14.5,25.2,27.5,23.9,1.95,7.6,1,0,0,0,0,0,1,1,0
2022-07-26,10.5,25.7,29.9,23.2,3.37,9.2,1,0,0,0,0,0,1,1,0
2022-07-27,11.0,25.9,28.9,23.2,3.16,10.1,1,0,0,0,0,0,1,1,0
2022-07-28,19.2,26.2,30.0,23.2,3.8,13.4,1,0,0,0,0,0,1,1,0
2022-07-29,9.7,25.8,30.0,23.5,3.15,9.6,1,0,0,0,0,0,1,1,0
2022-07-30,7.9,26.2,31.1,23.5,3.73,8.7,1,0,0,0,0,0,1,1,0
2022-07-31,5.1,26.9,30.8,23.8,3.96,12.4,0,0,0,0,0,0,0,0,0
2022-08-01,4.5,27.6,31.4,24.3,3.98,8.4,0,0,0,0,0,0,0,0,0
2022-08-02,10.6,28.0,31.6,24.5,4.13,10.0,1,0,0,0,0,0,1,1,0
2022-08-03,5.9,27.5,32.2,24.3,4.03,15.5,0,0,0,0,0,0,0,0,0
2022-08-04,1.4,27.2,31.4,24.4,3.68,5.6,0,0,0,0,0,0,0,0,0
2022-08-05,10.2,26.9,31.3,24.0,4.02,15.7,1,0,0,0,0,0,1,1,0
2022-08-06,29.2,26.8,32.0,23.9,4.1,10.5,1,0,0,0,0,0,1,1,0
2022-08-07,10.3,26.8,30.5,24.0,3.18,13.4,1,0,0,0,0,0,1,1,0
2022-08-08,13.1,27.2,32.7,24.4,3.95,9.6,1,0,0,0,0,0,1,1,0
2022-08-09,67.6,26.1,30.2,24.2,2.92,10.5,1,0,0,0,0,0,1,1,0
2022-08-10,18.0,24.9,26.4,24.2,1.38,18.9,1,0,0,0,0,0,1,1,0
2022-08-11,13.4,24.7,26.7,23.9,1.68,19.0,1,0,0,0,0,0,1,1,0
2022-08-12,9.1,26.6,31.2,23.4,3.78,17.9,1,0,0,0,0,0,1,1,0
2022-08-13,33.7,25.1,26.7,24.1,1.11,9.8,1,0,0,0,0,0,1,1,0
2022-08-14,42.6,25.0,26.6,23.7,1.49,17.1,1,0,0,0,0,0,1,1,0
2022-08-15,50.3,24.6,27.4,23.4,1.96,23.7,1,0,0,0,0,1,2,1,0
2022-08-16,5.5,25.5,29.7,23.1,3.95,23.3,0,0,0,0,0,1,1,1,0
2022-08-17,2.8,26.8,31.6,23.0,4.85,15.5,0,0,0,0,0,0,0,0,0
2022-08-18,2.6,27.6,32.0,23.8,4.67,12.0,0,0,0,0,0,0,0,0,0
2022-08-19,3.9,26.4,30.9,24.0,3.5,16.4,0,0,0,0,0,0,0,0,0
2022-08-20,33.2,25.3,28.3,23.3,1.96,21.4,1,0,0,0,0,0,1,1,0
2022-08-21,44.1,25.2,28.0,24.1,2.05,20.3,1,0,0,0,0,0,1,1,0
2022-08-22,11.6,25.5,29.2,23.3,3.75,24.5,1,0,0,0,0,1,2,1,0
2022-08-23,1.4,26.1,30.5,22.4,4.59,13.6,0,0,0,0,0,0,0,0,0
2022-08-24,0.9,26.7,30.8,23.1,4.42,8.2,0,0,0,0,0,0,0,0,0
2022-08-25,1.5,25.6,29.1,23.3,2.62,14.5,0,0,0,0,0,0,0,0,0
2022-08-26,1.4,26.1,31.1,22.1,4.51,14.4,0,0,0,0,0,0,0,0,0
2022-08-27,8.1,26.1,30.4,22.8,3.66,13.4,1,0,0,0,0,0,1,1,0
2022-08-28,2.9,26.1,29.5,23.6,3.24,10.8,0,0,0,0,0,0,0,0,0
2022-08-29,8.4,26.4,30.7,23.8,3.52,9.1,1,0,0,0,0,0,1,1,0
2022-08-30,4.3,27.0,31.2,23.5,4.35,12.4,0,0,0,0,0,0,0,0,0
2022-08-31,7.2,26.9,30.7,23.6,3.76,11.5,0,0,0,0,0,0,0,0,0
2022-09-01,2.5,26.8,30.8,23.9,4.04,11.5,0,0,0,0,0,0,0,0,0
2022-09-02,3.1,27.4,31.3,23.5,4.14,7.3,0,0,0,0,0,0,0,0,0
2022-09-03,4.7,27.3,31.4,24.6,3.29,7.9,0,0,0,0,0,0,0,0,0
2022-09-04,17.3,25.3,28.1,23.5,1.95,7.1,1,0,0,0,0,0,1,1,0
2022-09-05,7.6,26.0,29.6,22.6,3.08,9.8,0,0,0,0,0,0,0,0,0
2022-09-06,1.9,26.7,30.7,23.2,3.85,10.2,0,0,0,0,0,0,0,0,0
2022-09-07,17.4,26.7,30.6,24.1,3.6,15.9,1,0,0,0,0,0,1,1,0
2022-09-08,4.2,27.2,31.3,24.4,4.19,17.4,0,0,0,0,0,0,0,0,0
2022-09-09,0.7,27.9,33.1,24.7,4.28,12.8,0,0,0,0,0,0,0,0,0
2022-09-10,4.4,27.2,31.5,24.0,4.29,17.4,0,0,0,0,0,0,0,0,0
2022-09-11,18.7,26.5,30.2,24.0,3.4,14.4,1,0,0,0,0,0,1,1,0
2022-09-12,60.2,25.1,28.9,23.6,2.3,17.1,1,0,0,0,0,0,1,1,0
2022-09-13,35.6,24.4,27.5,23.0,1.98,21.0,1,0,0,0,0,0,1,1,0
2022-09-14,27.3,24.8,28.2,23.0,2.3,22.0,1,0,0,0,0,0,1,1,0
2022-09-15,3.7,25.4,28.7,23.3,3.06,21.9,0,0,0,0,0,0,0,0,0
2022-09-16,29.4,25.2,29.5,23.5,2.64,19.8,1,0,0,0,0,0,1,1,0
2022-09-17,5.2,25.0,28.8,22.7,2.48,10.2,0,0,0,0,0,0,0,0,0
2022-09-18,0.1,26.5,31.3,22.1,4.48,12.1,0,0,0,0,0,0,0,0,0
2022-09-19,1.1,26.9,31.5,23.5,4.54,14.0,0,0,0,0,0,0,0,0,0
2022-09-20,31.1,25.5,29.1,22.8,2.88,17.4,1,0,0,0,0,0,1,1,0
2022-09-21,16.3,25.5,28.6,23.7,2.58,11.3,1,0,0,0,0,0,1,1,0
2022-09-22,13.6,25.1,28.9,23.0,2.56,10.9,1,0,0,0,0,0,1,1,0
2022-09-23,10.7,25.2,28.7,22.6,2.78,11.2,1,0,0,0,0,0,1,1,0
2022-09-24,23.9,24.1,29.5,21.1,2.85,8.4,1,0,0,0,0,0,1,1,0
2022-09-25,1.6,25.3,29.8,21.8,3.32,5.9,0,0,0,0,0,0,0,0,0
2022-09-26,1.8,25.8,30.3,22.3,4.01,13.1,0,0,0,0,0,0,0,0,0
2022-09-27,2.3,26.3,30.9,22.8,3.98,11.7,0,0,0,0,0,0,0,0,0
2022-09-28,3.5,26.2,30.9,23.2,3.65,9.8,0,0,0,0,0,0,0,0,0
2022-09-29,0.0,26.8,32.0,22.7,4.74,15.9,0,0,0,0,0,0,0,0,0
2022-09-30,0.0,26.4,31.5,22.1,4.75,15.5,0,0,0,0,0,0,0,0,0
2022-10-01,0.0,26.4,31.5,21.6,4.7,16.5,0,0,0,0,0,0,0,0,0
2022-10-02,0.0,26.6,31.7,22.1,4.86,18.4,0,0,0,0,0,0,0,0,0
2022-10-03,0.0,26.5,31.6,21.5,5.06,19.5,0,0,0,0,0,0,0,0,0
2022-10-04,8.9,25.8,30.4,23.2,2.98,13.7,1,0,0,0,0,0,1,1,0
2022-10-05,7.6,25.7,29.2,23.4,2.75,11.8,0,0,0,0,0,0,0,0,0
2022-10-06,7.6,25.8,29.7,22.9,3.63,11.3,0,0,0,0,0,0,0,0,0
2022-10-07,4.7,25.9,29.4,23.3,3.87,16.5,0,0,0,0,0,0,0,0,0
2022-10-08,7.6,25.7,29.6,22.6,3.51,15.4,0,0,0,0,0,0,0,0,0
2022-10-09,0.0,26.3,30.6,22.6,4.09,12.5,0,0,0,0,0,0,0,0,0
2022-10-10,5.6,25.6,29.7,22.8,3.47,11.0,0,0,0,0,0,0,0,0,0
2022-10-11,15.7,24.4,26.8,22.8,2.08,11.9,1,0,0,0,0,0,1,1,0
2022-10-12,19.3,24.2,28.2,22.2,2.43,8.0,1,0,0,0,0,0,1,1,0
2022-10-13,1.2,24.9,29.4,21.4,3.59,7.2,0,0,0,0,0,0,0,0,0
2022-10-14,0.3,25.0,29.3,21.6,3.9,11.3,0,0,0,0,0,0,0,0,0
2022-10-15,0.0,24.6,30.0,20.1,4.56,12.1,0,0,0,0,0,0,0,0,0
2022-10-16,4.6,24.6,28.6,21.3,3.51,9.8,0,0,0,0,0,0,0,0,0
2022-10-17,7.6,24.7,29.6,21.8,3.31,9.2,0,0,0,0,0,0,0,0,0
2022-10-18,4.9,24.4,29.2,21.6,3.09,13.7,0,0,0,0,0,0,0,0,0
2022-10-19,0.3,23.9,30.2,19.8,4.09,9.7,0,0,0,0,0,0,0,0,0
2022-10-20,0.0,23.2,30.1,18.2,4.34,9.6,0,0,0,0,0,0,0,0,0
2022-10-21,0.0,22.5,30.2,17.2,4.57,10.9,0,0,0,0,0,0,0,0,0
2022-10-22,0.0,22.4,29.8,16.7,4.7,16.5,0,0,0,0,0,0,0,0,0
2022-10-23,0.0,22.3,29.5,16.5,4.64,17.5,0,0,0,0,0,0,0,0,0
2022-10-24,0.0,21.6,28.2,16.4,4.41,15.6,0,0,0,0,0,0,0,0,0
2022-10-25,0.0,21.9,29.3,16.1,4.12,9.5,0,0,0,0,0,0,0,0,0
2022-10-26,0.0,21.7,29.6,15.5,4.34,9.5,0,0,0,0,0,0,0,0,0
2022-10-27,0.0,21.6,29.8,15.0,4.46,12.8,0,0,0,0,0,0,0,0,0
2022-10-28,0.0,21.5,29.6,14.8,4.51,14.2,0,0,0,0,0,0,0,0,0
2022-10-29,0.0,21.5,29.8,15.3,4.42,14.1,0,0,0,0,0,0,0,0,0
2022-10-30,0.0,21.1,28.4,15.4,4.32,13.1,0,0,0,0,0,0,0,0,0
2022-10-31,0.0,21.4,28.7,14.7,4.1,9.1,0,0,0,0,0,0,0,0,0
2022-11-01,0.0,21.4,28.8,15.4,3.94,9.7,0,0,0,0,0,0,0,0,0
2022-11-02,0.0,22.0,29.8,16.3,4.29,11.3,0,0,0,0,0,0,0,0,0
2022-11-03,0.0,22.1,30.7,15.0,4.29,12.0,0,0,0,0,0,0,0,0,0
2022-11-04,0.0,22.8,31.0,15.6,4.23,12.3,0,0,0,0,0,0,0,0,0
2022-11-05,0.0,23.5,31.4,16.6,4.43,11.9,0,0,0,0,0,0,0,0,0
2022-11-06,0.0,23.7,31.3,17.3,4.31,12.0,0,0,0,0,0,0,0,0,0
2022-11-07,0.0,22.7,30.4,17.0,4.25,12.2,0,0,0,0,0,0,0,0,0
2022-11-08,0.0,21.9,30.4,16.1,4.43,13.0,0,0,0,0,0,0,0,0,0
2022-11-09,0.0,22.0,30.0,15.5,4.23,13.1,0,0,0,0,0,0,0,0,0
2022-11-10,0.0,22.5,30.5,16.1,4.07,12.2,0,0,0,0,0,0,0,0,0
2022-11-11,0.0,23.1,29.9,17.0,4.3,14.0,0,0,0,0,0,0,0,0,0
2022-11-12,0.0,22.8,28.7,18.4,4.27,12.9,0,0,0,0,0,0,0,0,0
2022-11-13,0.0,20.9,28.2,15.3,4.09,11.5,0,0,0,0,0,0,0,0,0
2022-11-14,0.0,20.4,28.4,14.7,3.96,10.0,0,0,0,0,0,0,0,0,0
2022-11-15,0.0,20.0,28.7,13.5,3.97,9.7,0,0,0,0,0,0,0,0,0
2022-11-16,0.0,20.4,28.4,14.3,3.99,11.0,0,0,0,0,0,0,0,0,0
2022-11-17,0.0,20.8,28.3,14.2,4.38,15.2,0,0,0,0,0,0,0,0,0
2022-11-18,0.0,20.2,26.9,15.2,4.37,13.4,0,0,0,0,0,0,0,0,0
2022-11-19,0.0,18.7,25.6,13.5,4.12,12.0,0,0,0,0,0,0,0,0,0
2022-11-20,0.0,18.4,25.6,12.5,3.72,9.8,0,0,0,0,0,0,0,0,0
2022-11-21,0.0,19.2,26.9,12.9,3.9,12.0,0,0,0,0,0,0,0,0,0
2022-11-22,0.0,20.3,28.3,13.8,4.2,12.6,0,0,0,0,0,0,0,0,0
2022-11-23,0.0,20.0,27.9,13.6,4.05,12.2,0,0,0,0,0,0,0,0,0
2022-11-24,0.0,19.5,27.3,13.1,4.01,11.9,0,0,0,0,0,0,0,0,0
2022-11-25,0.0,19.1,27.0,13.3,4.03,12.4,0,0,0,0,0,0,0,0,0
2022-11-26,0.0,18.6,26.9,12.2,3.85,11.8,0,0,0,0,0,0,0,0,0
2022-11-27,0.0,18.3,27.0,11.5,3.83,11.5,0,0,0,0,0,0,0,0,0
2022-11-28,0.0,18.9,27.5,12.1,3.7,10.9,0,0,0,0,0,0,0,0,0
2022-11-29,0.0,19.4,27.4,12.7,3.56,10.3,0,0,0,0,0,0,0,0,0
2022-11-30,0.0,19.3,27.2,13.0,3.39,10.5,0,0,0,0,0,0,0,0,0
2022-12-01,0.0,19.8,27.5,13.8,3.44,11.7,0,0,0,0,0,0,0,0,0
2022-12-02,0.0,20.2,28.0,13.8,3.29,10.7,0,0,0,0,0,0,0,0,0
2022-12-03,0.0,20.5,28.0,14.1,3.54,9.2,0,0,0,0,0,0,0,0,0
2022-12-04,0.0,20.4,28.0,14.5,3.82,11.9,0,0,0,0,0,0,0,0,0
2022-12-05,0.0,20.4,28.2,13.8,3.83,12.0,0,0,0,0,0,0,0,0,0
2022-12-06,0.0,20.7,28.1,14.7,4.11,18.4,0,0,0,0,0,0,0,0,0
2022-12-07,0.0,19.1,26.3,14.3,4.15,19.9,0,0,0,0,0,0,0,0,0
2022-12-08,0.0,18.5,26.8,11.8,4.11,16.2,0,0,0,0,0,0,0,0,0
2022-12-09,0.0,18.7,27.2,11.7,3.81,12.7,0,0,0,0,0,0,0,0,0
2022-12-10,0.0,19.6,28.9,12.0,3.42,12.2,0,0,0,0,0,0,0,0,0
2022-12-11,0.0,22.5,29.3,16.0,2.91,9.3,0,0,0,0,0,0,0,0,0
2022-12-12,5.8,23.3,29.0,18.6,2.61,7.0,0,0,0,0,0,0,0,0,0
2022-12-13,5.4,23.1,28.9,19.1,2.84,12.2,0,0,0,0,0,0,0,0,0
2022-12-14,0.0,23.9,29.9,18.8,4.24,13.6,0,0,0,0,0,0,0,0,0
2022-12-15,0.0,23.6,29.3,19.1,3.9,11.5,0,0,0,0,0,0,0,0,0
2022-12-16,0.0,22.9,29.3,17.9,4.04,12.6,0,0,0,0,0,0,0,0,0
2022-12-17,0.0,20.6,28.3,14.6,4.26,13.7,0,0,0,0,0,0,0,0,0
2022-12-18,0.0,19.4,27.9,12.9,4.04,11.7,0,0,0,0,0,0,0,0,0
2022-12-19,0.0,19.5,27.9,13.0,3.79,12.2,0,0,0,0,0,0,0,0,0
2022-12-20,0.0,19.8,28.7,12.7,4.08,12.3,0,0,0,0,0,0,0,0,0
2022-12-21,0.0,20.4,29.0,13.9,4.12,12.0,0,0,0,0,0,0,0,0,0
2022-12-22,0.0,20.8,28.9,13.7,3.52,9.3,0,0,0,0,0,0,0,0,0
2022-12-23,0.0,20.7,29.2,12.9,3.41,9.7,0,0,0,0,0,0,0,0,0
2022-12-24,0.0,21.7,29.3,14.3,3.65,10.4,0,0,0,0,0,0,0,0,0
2022-12-25,0.0,21.3,28.4,15.8,3.29,13.2,0,0,0,0,0,0,0,0,0
2022-12-26,0.0,21.7,29.3,15.8,3.49,10.0,0,0,0,0,0,0,0,0,0
2022-12-27,0.0,22.1,29.3,16.5,3.18,11.4,0,0,0,0,0,0,0,0,0
2022-12-28,0.0,20.6,27.4,15.6,4.18,14.5,0,0,0,0,0,0,0,0,0
2022-12-29,0.0,19.1,27.5,12.4,3.78,10.8,0,0,0,0,0,0,0,0,0
2022-12-30,0.0,20.2,28.3,12.7,3.33,8.3,0,0,0,0,0,0,0,0,0
2022-12-31,0.0,20.5,28.1,14.1,3.87,11.8,0,0,0,0,0,0,0,0,0
2023-01-01,0.0,19.3,26.0,14.3,3.58,13.6,0,0,0,0,0,0,0,0,0
2023-01-02,0.0,18.8,26.1,13.5,3.48,12.8,0,0,0,0,0,0,0,0,0
2023-01-03,0.0,19.2,26.5,12.8,3.35,13.9,0,0,0,0,0,0,0,0,0
2023-01-04,0.1,18.4,24.1,14.2,3.07,16.3,0,0,0,0,0,0,0,0,0
2023-01-05,0.0,18.1,24.8,13.2,2.9,13.1,0,0,0,0,0,0,0,0,0
2023-01-06,0.0,17.7,25.3,12.9,3.7,14.8,0,0,0,0,0,0,0,0,0
2023-01-07,0.0,15.9,24.9,9.0,3.76,13.2,0,0,0,0,0,0,0,0,0
2023-01-08,0.0,16.3,25.1,8.7,4.19,13.7,0,0,0,0,0,0,0,0,0
2023-01-09,0.0,17.3,27.0,9.9,3.75,12.3,0,0,0,0,0,0,0,0,0
2023-01-10,0.0,18.2,27.6,11.1,4.11,13.5,0,0,0,0,0,0,0,0,0
2023-01-11,0.0,18.9,27.1,11.6,3.72,12.8,0,0,0,0,0,0,0,0,0
2023-01-12,0.0,19.1,27.6,12.6,3.58,10.3,0,0,0,0,0,0,0,0,0
2023-01-13,0.0,19.6,28.2,12.8,3.7,10.2,0,0,0,0,0,0,0,0,0
2023-01-14,0.0,19.9,27.1,14.3,3.68,13.4,0,0,0,0,0,0,0,0,0
2023-01-15,0.0,18.4,25.8,13.2,3.81,13.3,0,0,0,0,0,0,0,0,0
2023-01-16,0.0,18.5,26.4,12.2,3.48,12.2,0,0,0,0,0,0,0,0,0
2023-01-17,0.0,19.8,27.2,14.3,3.9,13.9,0,0,0,0,0,0,0,0,0
2023-01-18,0.0,19.9,27.0,14.2,3.98,14.5,0,0,0,0,0,0,0,0,0
2023-01-19,0.0,20.0,28.0,13.5,3.69,12.0,0,0,0,0,0,0,0,0,0
2023-01-20,0.0,21.2,29.4,13.6,3.9,13.0,0,0,0,0,0,0,0,0,0
2023-01-21,0.0,21.9,29.1,16.1,3.78,11.3,0,0,0,0,0,0,0,0,0
2023-01-22,0.0,22.9,29.9,16.1,4.08,13.7,0,0,0,0,0,0,0,0,0
2023-01-23,0.0,21.9,29.4,15.9,3.96,11.0,0,0,0,0,0,0,0,0,0
2023-01-24,0.0,22.8,29.3,16.9,3.96,10.5,0,0,0,0,0,0,0,0,0
2023-01-25,0.0,24.2,30.0,17.9,4.2,13.2,0,0,0,0,0,0,0,0,0
2023-01-26,0.0,22.2,29.3,16.6,3.74,13.9,0,0,0,0,0,0,0,0,0
2023-01-27,0.0,22.7,29.7,17.4,4.2,19.1,0,0,0,0,0,0,0,0,0
2023-01-28,0.0,22.8,30.0,17.1,4.26,13.8,0,0,0,0,0,0,0,0,0
2023-01-29,0.0,23.2,30.8,16.2,4.28,11.7,0,0,0,0,0,0,0,0,0
2023-01-30,0.1,24.2,31.3,18.0,4.12,14.6,0,0,0,0,0,0,0,0,0
2023-01-31,0.0,23.2,30.2,18.0,4.8,21.3,0,0,0,0,0,0,0,0,0
2023-02-01,0.0,20.7,28.4,15.4,5.13,19.2,0,0,0,0,0,0,0,0,0
2023-02-02,0.0,18.8,27.7,11.9,5.13,15.4,0,0,0,0,0,0,0,0,0
2023-02-03,0.0,19.7,29.3,11.7,5.13,14.0,0,0,0,0,0,0,0,0,0
2023-02-04,0.0,19.6,29.2,12.4,5.09,12.6,0,0,0,0,0,0,0,0,0
2023-02-05,0.0,19.6,29.6,11.7,4.9,11.8,0,0,0,0,0,0,0,0,0
2023-02-06,0.0,21.6,30.7,13.0,4.54,9.7,0,0,0,0,0,0,0,0,0
2023-02-07,0.0,22.3,31.8,14.3,4.7,12.4,0,0,0,0,0,0,0,0,0
2023-02-08,0.0,21.6,29.7,15.7,5.29,15.1,0,0,0,0,0,0,0,0,0
2023-02-09,0.0,21.9,31.2,14.2,4.68,10.1,0,0,0,0,0,0,0,0,0
2023-02-10,0.0,22.6,33.6,13.3,4.7,10.1,0,0,0,0,0,0,0,0,0
2023-02-11,0.0,24.0,33.4,16.5,5.71,15.8,0,0,0,0,0,0,0,0,0
2023-02-12,0.0,22.3,29.7,16.0,5.88,22.7,0,0,0,0,0,0,0,0,0
2023-02-13,0.0,19.6,28.5,13.0,5.14,15.0,0,0,0,0,0,0,0,0,0
2023-02-14,0.0,20.2,30.2,12.3,5.16,12.3,0,0,0,0,0,0,0,0,0
2023-02-15,0.0,21.7,32.3,13.9,5.63,16.6,0,0,0,0,0,0,0,0,0
2023-02-16,0.0,22.8,33.1,14.5,5.57,18.7,0,0,0,0,0,0,0,0,0
2023-02-17,0.0,23.1,31.2,15.8,5.67,16.1,0,0,0,0,0,0,0,0,0
2023-02-18,0.0,23.7,32.3,16.4,5.34,12.9,0,0,0,0,0,0,0,0,0
2023-02-19,0.0,24.3,33.4,16.9,5.38,11.5,0,0,0,0,0,0,0,0,0
2023-02-20,0.0,24.4,34.5,15.6,5.23,9.7,0,0,0,0,0,0,0,0,0
2023-02-21,0.0,25.2,35.7,16.3,5.37,10.3,0,0,0,0,0,0,0,0,0
2023-02-22,0.0,24.9,34.9,16.0,5.72,12.8,0,0,0,0,0,0,0,0,0
2023-02-23,0.0,24.6,34.1,15.2,5.28,14.6,0,0,0,0,0,0,0,0,0
2023-02-24,0.0,25.4,34.3,17.6,5.73,13.8,0,0,0,0,0,0,0,0,0
2023-02-25,0.0,25.7,33.8,17.5,5.22,12.9,0,0,0,0,0,0,0,0,0
2023-02-26,0.0,25.8,34.3,17.7,5.55,11.5,0,0,0,0,0,0,0,0,0
2023-02-27,0.0,26.0,34.1,18.3,5.7,13.7,0,0,0,0,0,0,0,0,0
2023-02-28,0.0,26.4,33.9,19.2,5.32,13.0,0,0,0,0,0,0,0,0,0
2023-03-01,0.0,26.6,33.4,19.0,5.15,12.4,0,0,0,0,0,0,0,0,0
2023-03-02,0.0,27.2,34.2,20.2,5.02,10.2,0,0,0,0,0,0,0,0,0
2023-03-03,0.0,27.3,35.4,20.1,5.95,12.2,0,0,0,0,0,0,0,0,0
2023-03-04,0.0,27.2,36.2,19.2,5.97,12.0,0,0,0,0,0,0,0,0,0
2023-03-05,0.0,26.3,33.8,20.3,6.0,18.0,0,0,0,0,0,0,0,0,0
2023-03-06,0.0,26.6,35.2,19.9,6.0,16.6,0,0,0,0,0,0,0,0,0
2023-03-07,1.3,24.5,30.1,19.0,5.41,16.3,0,0,0,0,0,0,0,0,0
2023-03-08,0.0,24.1,32.7,16.0,5.25,10.8,0,0,0,0,0,0,0,0,0
2023-03-09,0.0,25.6,32.5,18.8,5.6,14.8,0,0,0,0,0,0,0,0,0
2023-03-10,0.0,26.0,33.5,19.2,5.43,13.7,0,0,0,0,0,0,0,0,0
2023-03-11,0.0,25.9,34.7,18.9,6.01,13.0,0,0,0,0,0,0,0,0,0
2023-03-12,0.0,27.0,35.2,19.6,5.79,11.4,0,0,0,0,0,0,0,0,0
2023-03-13,0.0,27.6,35.6,20.4,6.02,12.7,0,0,0,0,0,0,0,0,0
2023-03-14,0.0,27.1,35.5,21.0,5.49,20.1,0,0,0,0,0,0,0,0,0
2023-03-15,0.0,27.2,34.5,19.6,5.47,10.9,0,0,0,0,0,0,0,0,0
2023-03-16,3.0,25.3,29.7,21.9,4.47,19.6,0,0,0,0,0,0,0,0,0
2023-03-17,0.2,25.8,32.6,19.9,5.26,14.6,0,0,0,0,0,0,0,0,0
2023-03-18,3.6,23.1,28.7,19.3,3.88,15.5,0,0,0,0,0,0,0,0,0
2023-03-19,28.7,22.4,30.0,17.9,4.17,21.6,1,0,0,0,0,0,1,1,0
2023-03-20,0.1,23.4,30.4,17.4,4.89,15.4,0,0,0,0,0,0,0,0,0
2023-03-21,0.9,23.3,29.3,18.7,3.86,16.6,0,0,0,0,0,0,0,0,0
2023-03-22,0.4,23.9,32.1,18.9,4.14,19.1,0,0,0,0,0,0,0,0,0
2023-03-23,0.0,24.8,32.5,17.7,4.77,10.8,0,0,0,0,0,0,0,0,0
2023-03-24,0.0,27.2,34.4,19.6,5.23,9.0,0,0,0,0,0,0,0,0,0
2023-03-25,0.0,27.9,35.4,20.8,5.53,9.2,0,0,0,0,0,0,0,0,0
2023-03-26,0.2,27.3,35.2,20.9,5.2,13.0,0,0,0,0,0,0,0,0,0
2023-03-27,0.0,27.8,36.1,21.0,6.62,20.3,0,0,0,0,0,0,0,0,0
2023-03-28,0.0,27.7,37.0,20.4,6.22,10.9,0,0,0,0,0,0,0,0,0
2023-03-29,0.0,28.7,36.2,20.7,6.49,15.5,0,0,0,0,0,0,0,0,0
2023-03-30,1.2,29.3,36.9,22.4,6.29,19.4,0,0,0,0,0,0,0,0,0
2023-03-31,0.1,27.7,33.9,22.5,5.5,16.3,0,0,0,0,0,0,0,0,0
2023-04-01,0.0,27.0,34.3,20.4,6.09,15.8,0,0,0,0,0,0,0,0,0
2023-04-02,0.0,26.7,34.1,19.1,5.94,19.4,0,0,0,0,0,0,0,0,0
2023-04-03,0.0,28.1,35.1,20.0,5.42,13.0,0,0,0,0,0,0,0,0,0
2023-04-04,0.0,29.3,37.0,21.6,6.47,16.5,0,0,0,0,0,0,0,0,0
2023-04-05,0.0,28.8,35.8,21.8,6.05,11.7,0,0,0,0,0,0,0,0,0
2023-04-06,0.0,29.5,36.6,21.6,5.45,11.8,0,0,0,0,0,0,0,0,0
2023-04-07,3.8,27.2,37.2,21.2,5.45,26.8,0,0,0,0,0,1,1,1,0
2023-04-08,0.0,25.9,31.1,20.1,3.67,14.4,0,0,0,0,0,0,0,0,0
2023-04-09,0.4,26.6,32.5,20.9,4.36,10.1,0,0,0,0,0,0,0,0,0
2023-04-10,0.1,28.8,36.6,20.9,5.5,14.7,0,0,0,0,0,0,0,0,0
2023-04-11,0.0,30.2,38.8,21.8,6.85,11.7,0,0,0,0,0,0,0,0,0
2023-04-12,0.0,30.9,39.5,21.6,6.48,12.6,0,0,0,0,0,0,0,0,0
2023-04-13,0.0,32.2,40.4,22.8,7.41,15.9,0,0,0,0,0,0,0,0,0
2023-04-14,0.0,31.5,40.2,24.4,6.76,26.0,0,0,0,0,0,1,1,1,0
2023-04-15,0.5,29.8,37.6,23.8,5.41,18.3,0,0,0,0,0,0,0,0,0
2023-04-16,0.0,30.6,38.9,22.6,6.15,8.6,0,0,0,0,0,0,0,0,0
2023-04-17,0.0,31.8,40.1,22.7,6.72,11.3,0,0,0,0,0,0,0,0,0
2023-04-18,0.0,32.1,40.5,23.7,7.13,14.8,0,0,0,0,0,0,0,0,0
2023-04-19,0.0,32.3,39.2,23.0,7.07,25.6,0,0,0,0,0,1,1,1,0
2023-04-20,0.0,31.0,38.5,24.1,6.86,20.9,0,0,0,0,0,0,0,0,0
2023-04-21,0.0,29.7,36.4,22.3,6.9,16.1,0,0,0,0,0,0,0,0,0
2023-04-22,3.7,27.1,34.7,22.6,4.75,24.7,0,0,0,0,0,1,1,1,0
2023-04-23,0.3,26.5,33.7,21.3,5.54,15.6,0,0,0,0,0,0,0,0,0
2023-04-24,8.0,26.6,33.8,19.3,5.84,16.3,1,0,0,0,0,0,1,1,0
2023-04-25,0.0,27.9,34.7,20.7,5.74,13.8,0,0,0,0,0,0,0,0,0
2023-04-26,0.0,28.2,34.5,21.6,5.45,11.8,0,0,0,0,0,0,0,0,0
2023-04-27,0.3,27.3,34.9,22.0,5.59,17.3,0,0,0,0,0,0,0,0,0
2023-04-28,1.3,27.7,34.4,21.8,5.64,19.2,0,0,0,0,0,0,0,0,0
2023-04-29,15.5,25.1,31.6,21.4,4.53,16.1,1,0,0,0,0,0,1,1,0
2023-04-30,32.5,23.2,28.6,20.7,3.59,14.4,1,0,0,0,0,0,1,1,0
2023-05-01,0.5,23.3,27.9,19.6,3.56,16.6,0,0,0,0,0,0,0,0,0
2023-05-02,3.3,24.4,29.5,20.2,4.68,13.2,0,0,0,0,0,0,0,0,0
2023-05-03,14.2,23.6,27.5,21.2,2.7,9.3,1,0,0,0,0,0,1,1,0
2023-05-04,0.6,24.5,30.5,19.7,4.27,18.0,0,0,0,0,0,0,0,0,0
2023-05-05,1.3,26.2,31.2,21.6,4.7,11.4,0,0,0,0,0,0,0,0,0
2023-05-06,0.0,27.6,34.3,21.4,6.01,13.4,0,0,0,0,0,0,0,0,0
2023-05-07,0.1,28.2,35.5,22.1,5.53,13.2,0,0,0,0,0,0,0,0,0
2023-05-08,0.0,29.5,36.6,22.6,5.72,11.5,0,0,0,0,0,0,0,0,0
2023-05-09,0.0,30.3,37.2,23.3,6.0,11.4,0,0,0,0,0,0,0,0,0
2023-05-10,0.0,30.5,39.0,23.9,7.54,15.9,0,0,0,0,0,0,0,0,0
2023-05-11,0.0,30.0,39.3,21.0,8.05,18.6,0,0,0,0,0,0,0,0,0
2023-05-12,0.0,30.3,39.5,21.4,8.8,25.9,0,0,0,0,0,1,1,1,0
2023-05-13,0.0,30.9,40.8,21.9,8.65,25.1,0,0,0,0,0,1,1,1,0
2023-05-14,0.0,31.8,40.9,22.1,7.71,18.7,0,0,0,0,0,0,0,0,0
2023-05-15,0.0,32.8,40.7,23.5,8.39,18.4,0,0,0,0,0,0,0,0,0
2023-05-16,0.3,32.6,38.4,24.2,7.67,22.8,0,0,0,0,0,1,1,1,0
2023-05-17,0.0,32.8,39.9,24.9,6.8,13.3,0,0,0,0,0,0,0,0,0
2023-05-18,0.0,34.0,40.4,27.3,7.3,14.4,0,0,0,0,0,0,0,0,0
2023-05-19,0.0,34.0,40.5,26.5,7.39,14.7,0,0,0,0,0,0,0,0,0
2023-05-20,0.0,34.0,41.5,26.7,7.19,15.6,0,0,0,0,0,0,0,0,0
2023-05-21,0.0,34.3,41.9,25.7,6.68,17.1,0,0,0,0,0,0,0,0,0
2023-05-22,0.0,33.3,40.3,25.4,7.01,19.4,0,0,0,0,0,0,0,0,0
2023-05-23,0.0,33.1,39.9,25.6,6.81,13.8,0,0,0,0,0,0,0,0,0
2023-05-24,0.0,34.4,41.5,26.8,7.31,14.6,0,0,0,0,0,0,0,0,0
2023-05-25,0.0,34.7,41.2,27.2,8.11,18.4,0,0,0,0,0,0,0,0,0
2023-05-26,0.0,33.7,39.5,28.2,8.39,25.6,0,0,0,0,0,1,1,1,0
2023-05-27,0.0,32.7,40.6,25.5,7.31,17.6,0,0,0,0,0,0,0,0,0
2023-05-28,2.2,30.9,39.7,24.7,5.76,16.1,0,0,0,0,0,0,0,0,0
2023-05-29,0.0,30.8,38.3,24.4,6.19,20.4,0,0,0,0,0,0,0,0,0
2023-05-30,0.0,33.0,39.8,25.4,5.91,13.7,0,0,0,0,0,0,0,0,0
2023-05-31,0.0,33.4,40.5,27.2,8.24,20.7,0,0,0,0,0,0,0,0,0
2023-06-01,0.0,33.3,40.6,25.8,8.52,17.4,0,0,0,0,0,0,0,0,0
2023-06-02,0.0,34.0,41.0,26.0,8.32,18.1,0,0,0,0,0,0,0,0,0
2023-06-03,0.0,32.5,40.1,27.0,6.36,35.4,0,0,0,0,0,1,1,1,0
2023-06-04,0.1,32.5,39.0,25.3,7.13,14.8,0,0,0,0,0,0,0,0,0
2023-06-05,0.0,33.6,39.8,26.4,7.28,15.5,0,0,0,0,0,0,0,0,0
2023-06-06,0.0,34.3,41.3,27.0,8.04,16.6,0,0,0,0,0,0,0,0,0
2023-06-07,0.0,34.5,40.8,28.6,7.49,13.3,0,0,0,0,0,0,0,0,0
2023-06-08,0.0,34.2,42.2,27.2,8.26,18.6,0,0,0,0,0,0,0,0,0
2023-06-09,0.0,34.9,40.5,29.2,8.41,22.1,0,0,0,0,0,0,0,0,0
2023-06-10,1.1,35.2,41.2,27.6,7.88,18.7,0,0,0,0,0,0,0,0,0
2023-06-11,0.0,35.2,41.4,28.9,7.72,19.8,0,0,0,0,0,0,0,0,0
2023-06-12,0.0,35.1,41.9,28.4,7.21,21.0,0,0,0,0,0,0,0,0,0
2023-06-13,0.2,34.2,41.8,29.3,6.56,22.8,0,0,0,0,0,1,1,1,0
2023-06-14,0.0,35.2,41.5,28.5,7.29,18.8,0,0,0,0,0,0,0,0,0
2023-06-15,0.0,35.0,40.2,30.7,6.93,17.8,0,0,0,0,0,0,0,0,0
2023-06-16,0.0,35.7,41.2,30.7,8.47,19.3,0,0,0,0,0,0,0,0,0
2023-06-17,0.0,35.7,40.4,29.7,8.02,17.2,0,0,0,0,0,0,0,0,0
2023-06-18,0.0,35.4,40.9,30.1,8.16,16.0,0,0,0,0,0,0,0,0,0
2023-06-19,0.0,35.2,39.9,29.6,8.27,17.3,0,0,0,0,0,0,0,0,0
2023-06-20,0.0,35.0,40.2,29.5,7.84,18.1,0,0,0,0,0,0,0,0,0
2023-06-21,9.1,32.2,39.0,26.4,5.9,24.5,1,0,0,0,0,1,2,1,0
2023-06-22,9.4,30.4,37.0,26.1,4.85,13.9,1,0,0,0,0,0,1,1,0
2023-06-23,6.1,27.4,30.7,25.8,2.68,18.1,0,0,0,0,0,0,0,0,0
2023-06-24,3.8,28.7,33.4,25.3,4.2,10.7,0,0,0,0,0,0,0,0,0
2023-06-25,14.0,27.6,32.2,24.4,2.6,11.3,1,0,0,0,0,0,1,1,0
2023-06-26,78.3,26.0,29.6,24.8,1.72,18.1,1,0,0,0,0,0,1,1,0
2023-06-27,52.3,26.1,29.3,24.4,2.53,18.1,1,0,0,0,0,0,1,1,0
2023-06-28,42.2,25.7,28.7,24.1,1.74,11.1,1,0,0,0,0,0,1,1,0
2023-06-29,8.9,27.1,31.5,23.9,3.73,15.9,1,0,0,0,0,0,1,1,0
2023-06-30,1.3,28.0,31.9,25.5,4.12,17.3,0,0,0,0,0,0,0,0,0
2023-07-01,0.9,28.8,32.8,25.3,5.15,15.9,0,0,0,0,0,0,0,0,0
2023-07-02,3.9,28.3,31.8,25.6,4.14,11.8,0,0,0,0,0,0,0,0,0
2023-07-03,0.4,29.6,33.9,25.0,4.65,8.1,0,0,0,0,0,0,0,0,0
2023-07-04,3.6,29.1,32.8,26.4,4.53,16.8,0,0,0,0,0,0,0,0,0
2023-07-05,7.2,28.2,33.0,24.7,3.62,12.2,0,0,0,0,0,0,0,0,0
2023-07-06,14.4,28.1,32.9,24.8,4.41,11.1,1,0,0,0,0,0,1,1,0
2023-07-07,35.9,26.3,29.4,24.4,2.23,10.7,1,0,0,0,0,0,1,1,0
2023-07-08,19.4,26.1,29.2,24.2,2.76,14.5,1,0,0,0,0,0,1,1,0
2023-07-09,17.8,26.3,29.3,24.0,3.18,16.1,1,0,0,0,0,0,1,1,0
2023-07-10,27.8,27.0,31.3,24.2,3.54,9.7,1,0,0,0,0,0,1,1,0
2023-07-11,21.7,26.4,29.6,24.5,2.95,13.8,1,0,0,0,0,0,1,1,0
2023-07-12,6.9,27.2,31.8,24.4,3.66,10.3,0,0,0,0,0,0,0,0,0
2023-07-13,9.9,27.4,31.2,24.5,4.01,15.5,1,0,0,0,0,0,1,1,0
2023-07-14,36.7,26.7,30.8,24.0,2.99,13.3,1,0,0,0,0,0,1,1,0
2023-07-15,38.0,25.8,28.8,24.1,2.38,15.5,1,0,0,0,0,0,1,1,0
2023-07-16,15.6,26.5,29.5,24.0,2.96,9.5,1,0,0,0,0,0,1,1,0
2023-07-17,38.8,26.4,29.4,24.6,2.64,14.4,1,0,0,0,0,0,1,1,0
2023-07-18,20.8,27.1,31.0,24.2,3.68,13.8,1,0,0,0,0,0,1,1,0
2023-07-19,17.4,27.3,31.0,24.5,3.68,9.7,1,0,0,0,0,0,1,1,0
2023-07-20,9.8,27.9,31.3,24.2,4.01,13.0,1,0,0,0,0,0,1,1,0
2023-07-21,36.8,27.0,31.4,24.7,3.02,14.2,1,0,0,0,0,0,1,1,0
2023-07-22,12.3,27.2,32.6,24.2,3.86,13.4,1,0,0,0,0,0,1,1,0
2023-07-23,7.6,26.6,30.5,24.5,3.45,13.4,0,0,0,0,0,0,0,0,0
2023-07-24,2.8,27.4,31.4,24.2,3.92,10.8,0,0,0,0,0,0,0,0,0
2023-07-25,1.9,28.3,33.1,24.6,4.8,11.1,0,0,0,0,0,0,0,0,0
2023-07-26,18.4,28.9,33.6,25.1,5.22,18.8,1,0,0,0,0,0,1,1,0
2023-07-27,13.2,28.1,31.1,25.7,4.11,12.4,1,0,0,0,0,0,1,1,0
2023-07-28,10.1,27.1,31.4,25.0,2.75,15.6,1,0,0,0,0,0,1,1,0
2023-07-29,1.8,27.6,32.4,24.9,3.97,16.8,0,0,0,0,0,0,0,0,0
2023-07-30,22.2,27.1,30.8,24.2,3.77,14.2,1,0,0,0,0,0,1,1,0
2023-07-31,19.8,26.2,29.7,23.8,2.89,16.3,1,0,0,0,0,0,1,1,0
2023-08-01,8.1,27.3,32.1,24.6,3.49,12.6,1,0,0,0,0,0,1,1,0
2023-08-02,12.7,26.3,29.0,24.7,1.84,17.7,1,0,0,0,0,0,1,1,0
2023-08-03,118.0,24.9,26.1,23.8,1.29,19.5,1,0,0,0,0,0,1,1,1
2023-08-04,29.9,26.1,29.7,23.4,2.46,15.3,1,0,0,0,0,0,1,1,0
2023-08-05,5.0,27.3,32.1,23.6,4.18,14.8,0,0,0,0,0,0,0,0,0
2023-08-06,12.6,26.9,31.6,24.3,3.29,13.8,1,0,0,0,0,0,1,1,0
2023-08-07,2.2,27.4,31.5,24.8,4.05,15.9,0,0,0,0,0,0,0,0,0
2023-08-08,1.0,27.3,31.8,23.2,4.5,14.3,0,0,0,0,0,0,0,0,0
2023-08-09,0.4,27.6,32.5,23.2,4.8,11.9,0,0,0,0,0,0,0,0,0
2023-08-10,0.3,28.0,32.3,24.3,4.93,10.0,0,0,0,0,0,0,0,0,0
2023-08-11,0.1,28.2,32.5,24.0,5.1,11.1,0,0,0,0,0,0,0,0,0
2023-08-12,0.3,27.9,32.2,24.2,4.82,12.3,0,0,0,0,0,0,0,0,0
2023-08-13,2.9,27.4,31.7,24.5,4.75,10.4,0,0,0,0,0,0,0,0,0
2023-08-14,2.0,27.3,31.9,23.8,4.26,6.9,0,0,0,0,0,0,0,0,0
2023-08-15,0.5,27.2,31.5,23.8,4.02,9.9,0,0,0,0,0,0,0,0,0
2023-08-16,2.6,27.8,33.1,24.1,4.31,11.1,0,0,0,0,0,0,0,0,0
2023-08-17,25.2,26.7,31.7,24.4,3.26,12.8,1,0,0,0,0,0,1,1,0
2023-08-18,37.0,25.7,30.6,23.8,2.5,15.5,1,0,0,0,0,0,1,1,0
2023-08-19,26.2,26.1,29.9,23.8,3.24,19.2,1,0,0,0,0,0,1,1,0
2023-08-20,7.5,26.6,30.4,24.2,3.82,12.7,0,0,0,0,0,0,0,0,0
2023-08-21,7.7,26.8,30.9,24.7,3.0,10.7,0,0,0,0,0,0,0,0,0
2023-08-22,3.5,27.2,31.7,24.3,3.64,6.2,0,0,0,0,0,0,0,0,0
2023-08-23,22.1,26.7,30.0,24.3,3.36,9.0,1,0,0,0,0,0,1,1,0
2023-08-24,7.0,26.3,30.6,23.9,3.16,11.2,0,0,0,0,0,0,0,0,0
2023-08-25,0.1,27.8,32.7,23.9,5.1,12.3,0,0,0,0,0,0,0,0,0
2023-08-26,0.3,27.9,32.2,23.7,5.04,10.4,0,0,0,0,0,0,0,0,0
2023-08-27,0.0,27.5,32.2,23.5,5.1,11.5,0,0,0,0,0,0,0,0,0
2023-08-28,0.3,26.8,31.1,22.4,4.81,10.5,0,0,0,0,0,0,0,0,0
2023-08-29,0.3,26.6,31.7,21.3,4.71,13.8,0,0,0,0,0,0,0,0,0
2023-08-30,0.4,26.9,31.2,22.5,4.58,16.2,0,0,0,0,0,0,0,0,0
2023-08-31,0.0,27.8,32.6,23.3,4.31,10.2,0,0,0,0,0,0,0,0,0
2023-09-01,0.9,28.5,33.8,24.4,4.5,9.8,0,0,0,0,0,0,0,0,0
2023-09-02,1.7,29.1,34.0,24.8,4.52,10.5,0,0,0,0,0,0,0,0,0
2023-09-03,0.8,28.2,34.5,25.0,4.59,15.5,0,0,0,0,0,0,0,0,0
2023-09-04,0.2,28.7,34.5,23.7,5.27,20.1,0,0,0,0,0,0,0,0,0
2023-09-05,25.0,27.0,31.2,24.5,4.09,18.4,1,0,0,0,0,0,1,1,0
2023-09-06,19.5,26.5,30.9,24.0,3.2,9.7,1,0,0,0,0,0,1,1,0
2023-09-07,11.2,26.0,29.1,23.9,2.43,8.5,1,0,0,0,0,0,1,1,0
2023-09-08,24.5,26.0,28.4,24.1,2.61,13.3,1,0,0,0,0,0,1,1,0
2023-09-09,6.0,26.1,29.1,24.4,2.83,14.5,0,0,0,0,0,0,0,0,0
2023-09-10,17.4,25.9,29.3,24.3,2.46,12.1,1,0,0,0,0,0,1,1,0
2023-09-11,6.6,26.7,31.6,24.1,3.1,11.2,0,0,0,0,0,0,0,0,0
2023-09-12,15.0,26.4,29.8,24.2,2.78,11.8,1,0,0,0,0,0,1,1,0
2023-09-13,14.4,26.1,31.7,23.5,3.4,11.7,1,0,0,0,0,0,1,1,0
2023-09-14,21.3,26.2,30.1,23.6,3.29,16.3,1,0,0,0,0,0,1,1,0
2023-09-15,60.1,24.9,25.7,24.1,1.46,28.6,1,0,0,0,0,1,2,1,0
2023-09-16,2.7,26.2,29.9,23.8,3.85,23.1,0,0,0,0,0,1,1,1,0
2023-09-17,0.4,26.5,31.1,23.1,4.51,13.9,0,0,0,0,0,0,0,0,0
2023-09-18,0.4,26.7,31.4,22.1,4.34,8.8,0,0,0,0,0,0,0,0,0
2023-09-19,8.1,27.1,32.9,23.3,4.42,9.7,1,0,0,0,0,0,1,1,0
2023-09-20,10.8,26.8,32.5,24.1,4.18,12.1,1,0,0,0,0,0,1,1,0
2023-09-21,16.1,25.8,30.4,23.9,2.46,11.1,1,0,0,0,0,0,1,1,0
2023-09-22,3.2,26.5,31.3,23.8,3.45,13.6,0,0,0,0,0,0,0,0,0
2023-09-23,18.1,25.6,30.7,23.1,2.95,8.4,1,0,0,0,0,0,1,1,0
2023-09-24,1.7,26.8,31.8,23.5,3.75,12.8,0,0,0,0,0,0,0,0,0
2023-09-25,0.0,27.1,32.0,22.3,4.09,13.6,0,0,0,0,0,0,0,0,0
2023-09-26,0.1,27.7,33.0,22.7,4.27,9.4,0,0,0,0,0,0,0,0,0
2023-09-27,7.1,26.8,31.4,23.1,3.48,6.0,0,0,0,0,0,0,0,0,0
2023-09-28,0.8,27.0,31.6,23.4,3.97,16.0,0,0,0,0,0,0,0,0,0
2023-09-29,8.8,26.2,31.2,23.8,3.04,10.6,1,0,0,0,0,0,1,1,0
2023-09-30,1.8,26.5,32.0,23.5,3.43,15.9,0,0,0,0,0,0,0,0,0
2023-10-01,0.0,27.9,32.7,23.7,4.47,13.5,0,0,0,0,0,0,0,0,0
2023-10-02,0.3,27.6,31.8,24.2,4.39,20.7,0,0,0,0,0,0,0,0,0
2023-10-03,2.3,27.8,32.4,23.2,5.75,25.6,0,0,0,0,0,1,1,1,0
2023-10-04,0.0,25.5,32.4,20.3,5.66,19.3,0,0,0,0,0,0,0,0,0
2023-10-05,0.0,24.9,32.1,17.7,5.17,15.2,0,0,0,0,0,0,0,0,0
2023-10-06,0.0,26.2,33.5,20.4,5.37,13.1,0,0,0,0,0,0,0,0,0
2023-10-07,0.0,26.4,33.4,20.1,5.15,13.7,0,0,0,0,0,0,0,0,0
2023-10-08,0.0,27.0,33.9,20.7,5.12,13.1,0,0,0,0,0,0,0,0,0
2023-10-09,0.0,27.5,34.7,21.7,5.06,12.1,0,0,0,0,0,0,0,0,0
2023-10-10,0.0,27.7,34.6,21.7,4.92,12.5,0,0,0,0,0,0,0,0,0
2023-10-11,0.0,27.2,34.9,20.6,4.85,10.5,0,0,0,0,0,0,0,0,0
2023-10-12,0.0,27.6,34.5,21.3,4.4,10.8,0,0,0,0,0,0,0,0,0
2023-10-13,0.0,26.8,33.8,21.3,4.49,9.0,0,0,0,0,0,0,0,0,0
2023-10-14,0.0,26.6,33.7,19.8,3.94,8.5,0,0,0,0,0,0,0,0,0
2023-10-15,0.0,26.8,33.0,20.8,3.58,8.1,0,0,0,0,0,0,0,0,0
2023-10-16,0.0,26.2,32.8,20.1,4.18,13.0,0,0,0,0,0,0,0,0,0
2023-10-17,0.1,25.6,32.0,21.0,3.96,12.0,0,0,0,0,0,0,0,0,0
2023-10-18,0.0,26.1,32.2,20.5,4.44,8.7,0,0,0,0,0,0,0,0,0
2023-10-19,0.0,25.9,31.7,21.4,4.09,10.1,0,0,0,0,0,0,0,0,0
2023-10-20,0.0,25.3,32.6,19.7,4.57,13.5,0,0,0,0,0,0,0,0,0
2023-10-21,0.0,24.5,32.5,17.7,5.22,13.1,0,0,0,0,0,0,0,0,0
2023-10-22,0.0,24.3,31.6,17.3,5.28,15.7,0,0,0,0,0,0,0,0,0
2023-10-23,0.0,23.8,30.5,17.8,5.21,15.9,0,0,0,0,0,0,0,0,0
2023-10-24,0.0,23.3,30.6,17.1,4.95,15.4,0,0,0,0,0,0,0,0,0
2023-10-25,0.0,23.1,30.6,16.9,4.96,16.0,0,0,0,0,0,0,0,0,0
2023-10-26,0.0,22.7,30.5,16.0,5.09,15.1,0,0,0,0,0,0,0,0,0
2023-10-27,0.0,22.6,30.5,15.5,4.68,10.4,0,0,0,0,0,0,0,0,0
2023-10-28,0.0,23.2,30.5,16.1,4.48,12.1,0,0,0,0,0,0,0,0,0
2023-10-29,0.0,23.0,30.6,15.9,4.51,9.4,0,0,0,0,0,0,0,0,0
2023-10-30,0.0,23.4,31.2,16.7,4.2,8.6,0,0,0,0,0,0,0,0,0
2023-10-31,0.0,24.7,32.3,18.0,3.99,7.8,0,0,0,0,0,0,0,0,0
2023-11-01,0.1,24.8,31.4,19.2,3.75,8.6,0,0,0,0,0,0,0,0,0
2023-11-02,0.5,23.9,30.0,19.2,3.28,11.2,0,0,0,0,0,0,0,0,0
2023-11-03,0.0,24.4,31.2,18.4,4.23,10.5,0,0,0,0,0,0,0,0,0
2023-11-04,0.0,24.0,31.6,18.0,4.86,11.7,0,0,0,0,0,0,0,0,0
2023-11-05,0.0,23.1,31.9,15.9,4.74,12.3,0,0,0,0,0,0,0,0,0
2023-11-06,0.0,23.1,32.1,14.9,4.26,9.0,0,0,0,0,0,0,0,0,0
2023-11-07,0.0,22.9,31.3,15.6,4.61,13.8,0,0,0,0,0,0,0,0,0
2023-11-08,0.0,23.0,31.3,16.2,4.3,11.3,0,0,0,0,0,0,0,0,0
2023-11-09,0.0,23.4,31.6,16.6,4.19,10.6,0,0,0,0,0,0,0,0,0
2023-11-10,0.0,23.7,31.9,16.2,3.81,9.0,0,0,0,0,0,0,0,0,0
2023-11-11,0.0,24.5,32.7,17.6,3.76,8.5,0,0,0,0,0,0,0,0,0
2023-11-12,0.0,23.9,31.2,18.9,4.3,12.0,0,0,0,0,0,0,0,0,0
2023-11-13,0.0,23.1,30.3,16.5,3.87,10.5,0,0,0,0,0,0,0,0,0
2023-11-14,0.0,22.7,29.8,16.7,3.96,10.1,0,0,0,0,0,0,0,0,0
2023-11-15,0.0,22.1,29.2,16.5,3.87,10.0,0,0,0,0,0,0,0,0,0
2023-11-16,0.0,22.3,29.6,16.0,3.96,10.4,0,0,0,0,0,0,0,0,0
2023-11-17,0.0,22.0,29.0,16.1,3.84,10.2,0,0,0,0,0,0,0,0,0
2023-11-18,0.0,22.4,29.8,16.2,3.6,9.0,0,0,0,0,0,0,0,0,0
2023-11-19,0.0,22.9,30.1,16.3,3.47,7.8,0,0,0,0,0,0,0,0,0
2023-11-20,0.0,23.9,30.8,17.4,3.43,8.3,0,0,0,0,0,0,0,0,0
2023-11-21,0.0,23.4,29.7,18.0,3.8,10.7,0,0,0,0,0,0,0,0,0
2023-11-22,0.0,22.9,29.7,17.3,3.44,9.4,0,0,0,0,0,0,0,0,0
2023-11-23,0.0,22.2,29.2,16.3,3.37,8.0,0,0,0,0,0,0,0,0,0
2023-11-24,0.0,22.4,29.5,16.4,3.3,8.5,0,0,0,0,0,0,0,0,0
2023-11-25,0.0,22.0,29.2,16.4,3.88,11.5,0,0,0,0,0,0,0,0,0
2023-11-26,0.0,21.6,28.8,15.8,3.6,9.0,0,0,0,0,0,0,0,0,0
2023-11-27,0.6,20.8,25.1,16.9,1.83,11.1,0,0,0,0,0,0,0,0,0
2023-11-28,26.1,19.1,22.8,16.2,1.45,13.0,1,0,0,0,0,0,1,1,0
2023-11-29,25.5,20.3,25.4,16.4,2.29,13.2,1,0,0,0,0,0,1,1,0
2023-11-30,1.2,22.7,28.1,18.7,2.65,12.9,0,0,0,0,0,0,0,0,0
2023-12-01,0.3,22.9,28.4,19.3,2.46,13.6,0,0,0,0,0,0,0,0,0
2023-12-02,0.0,22.8,29.0,19.3,3.21,17.7,0,0,0,0,0,0,0,0,0
2023-12-03,0.0,22.9,30.4,18.0,3.31,9.9,0,0,0,0,0,0,0,0,0
2023-12-04,0.6,23.3,30.0,17.7,3.13,10.4,0,0,0,0,0,0,0,0,0
2023-12-05,0.4,23.1,27.8,20.5,2.45,7.6,0,0,0,0,0,0,0,0,0
2023-12-06,7.3,21.3,24.5,19.6,1.69,10.9,0,0,0,0,0,0,0,0,0
2023-12-07,1.1,20.7,23.8,17.6,1.32,11.5,0,0,0,0,0,0,0,0,0
2023-12-08,0.1,19.9,25.0,16.4,2.31,12.6,0,0,0,0,0,0,0,0,0
2023-12-09,0.0,19.3,26.1,14.9,3.25,11.1,0,0,0,0,0,0,0,0,0
2023-12-10,0.0,18.2,25.3,13.1,3.19,8.9,0,0,0,0,0,0,0,0,0
2023-12-11,0.0,18.3,25.3,12.8,3.0,9.4,0,0,0,0,0,0,0,0,0
2023-12-12,0.0,18.8,25.8,12.4,2.9,8.8,0,0,0,0,0,0,0,0,0
2023-12-13,0.0,19.3,26.1,13.7,3.35,11.0,0,0,0,0,0,0,0,0,0
2023-12-14,0.0,18.5,26.0,13.0,3.17,9.3,0,0,0,0,0,0,0,0,0
2023-12-15,0.0,18.2,26.2,12.1,3.3,9.4,0,0,0,0,0,0,0,0,0
2023-12-16,0.0,17.9,25.6,12.1,3.36,10.5,0,0,0,0,0,0,0,0,0
2023-12-17,0.0,18.6,25.7,12.4,3.46,11.7,0,0,0,0,0,0,0,0,0
2023-12-18,0.0,17.8,24.5,12.8,3.7,14.9,0,0,0,0,0,0,0,0,0
2023-12-19,0.0,16.4,23.9,10.8,3.7,14.3,0,0,0,0,0,0,0,0,0
2023-12-20,0.0,16.8,25.0,10.2,3.68,12.7,0,0,0,0,0,0,0,0,0
2023-12-21,0.0,17.9,26.3,10.7,3.64,11.4,0,0,0,0,0,0,0,0,0
2023-12-22,0.0,18.8,26.9,11.7,3.73,10.8,0,0,0,0,0,0,0,0,0
2023-12-23,0.0,19.8,28.8,13.9,3.39,14.1,0,0,0,0,0,0,0,0,0
2023-12-24,0.0,20.0,29.3,12.7,3.47,9.8,0,0,0,0,0,0,0,0,0
2023-12-25,0.0,20.0,29.7,12.7,3.56,11.2,0,0,0,0,0,0,0,0,0
2023-12-26,0.0,20.0,29.6,12.6,3.57,10.5,0,0,0,0,0,0,0,0,0
2023-12-27,0.0,20.0,28.9,12.3,3.39,9.2,0,0,0,0,0,0,0,0,0
2023-12-28,0.0,20.3,28.4,13.4,3.35,10.5,0,0,0,0,0,0,0,0,0
2023-12-29,0.0,20.5,28.7,13.7,3.43,8.9,0,0,0,0,0,0,0,0,0
2023-12-30,0.0,20.4,28.4,14.0,3.43,11.4,0,0,0,0,0,0,0,0,0
2023-12-31,0.0,20.5,28.5,14.3,3.42,9.7,0,0,0,0,0,0,0,0,0
2024-01-01,0.0,20.6,28.4,14.2,3.18,7.7,0,0,0,0,0,0,0,0,0
2024-01-02,0.0,21.2,28.8,14.0,3.32,7.7,0,0,0,0,0,0,0,0,0
2024-01-03,0.0,21.2,28.6,13.6,3.5,10.6,0,0,0,0,0,0,0,0,0
2024-01-04,0.0,20.5,27.7,13.9,2.87,12.0,0,0,0,0,0,0,0,0,0
2024-01-05,0.0,21.0,28.4,14.8,3.41,15.5,0,0,0,0,0,0,0,0,0
2024-01-06,7.9,18.8,22.4,16.7,1.22,20.5,1,0,0,0,0,0,1,1,0
2024-01-07,0.0,20.8,27.8,15.6,3.23,15.3,0,0,0,0,0,0,0,0,0
2024-01-08,0.0,20.7,28.1,14.8,3.27,10.1,0,0,0,0,0,0,0,0,0
2024-01-09,0.0,21.9,29.6,14.3,3.54,10.5,0,0,0,0,0,0,0,0,0
2024-01-10,0.3,21.5,28.0,17.0,2.73,12.1,0,0,0,0,0,0,0,0,0
2024-01-11,0.0,21.2,27.8,16.0,3.39,12.7,0,0,0,0,0,0,0,0,0
2024-01-12,0.0,21.4,28.3,15.7,3.53,11.2,0,0,0,0,0,0,0,0,0
2024-01-13,0.0,22.1,30.3,15.5,3.93,14.2,0,0,0,0,0,0,0,0,0
2024-01-14,0.0,22.2,30.0,15.2,3.71,12.8,0,0,0,0,0,0,0,0,0
2024-01-15,0.0,21.1,27.8,16.0,4.04,12.4,0,0,0,0,0,0,0,0,0
2024-01-16,0.0,20.4,28.1,13.8,3.64,11.7,0,0,0,0,0,0,0,0,0
2024-01-17,0.2,20.5,27.5,13.9,3.13,10.9,0,0,0,0,0,0,0,0,0
2024-01-18,0.0,21.0,27.4,16.5,3.48,13.4,0,0,0,0,0,0,0,0,0
2024-01-19,0.0,20.4,27.6,15.4,3.74,12.9,0,0,0,0,0,0,0,0,0
2024-01-20,6.6,19.3,25.5,14.7,2.59,12.1,0,0,0,0,0,0,0,0,0
2024-01-21,1.6,19.1,26.2,14.1,3.63,14.2,0,0,0,0,0,0,0,0,0
2024-01-22,0.0,19.2,26.8,12.3,3.63,11.6,0,0,0,0,0,0,0,0,0
2024-01-23,4.2,19.5,26.0,15.9,3.43,15.1,0,0,0,0,0,0,0,0,0
2024-01-24,0.0,18.7,25.8,13.4,4.55,13.2,0,0,0,0,0,0,0,0,0
2024-01-25,0.0,17.0,25.1,9.9,3.78,10.5,0,0,0,0,0,0,0,0,0
2024-01-26,0.0,18.0,26.4,9.9,3.6,10.5,0,0,0,0,0,0,0,0,0
2024-01-27,0.0,18.3,27.1,10.9,4.12,9.9,0,0,0,0,0,0,0,0,0
2024-01-28,0.0,18.9,28.6,10.9,4.18,10.5,0,0,0,0,0,0,0,0,0
2024-01-29,0.0,21.0,29.8,12.6,4.27,13.1,0,0,0,0,0,0,0,0,0
2024-01-30,0.0,21.7,29.8,15.0,4.27,12.8,0,0,0,0,0,0,0,0,0
2024-01-31,0.1,21.4,28.4,14.4,3.33,10.7,0,0,0,0,0,0,0,0,0
2024-02-01,0.2,23.0,30.4,16.2,4.23,15.5,0,0,0,0,0,0,0,0,0
2024-02-02,0.0,22.6,29.6,16.6,4.4,13.7,0,0,0,0,0,0,0,0,0
2024-02-03,0.0,21.7,29.9,14.8,4.67,10.6,0,0,0,0,0,0,0,0,0
2024-02-04,0.0,22.4,31.3,14.7,4.59,10.1,0,0,0,0,0,0,0,0,0
2024-02-05,0.0,24.4,33.0,16.4,4.58,11.6,0,0,0,0,0,0,0,0,0
2024-02-06,0.0,25.2,34.5,17.7,5.14,18.0,0,0,0,0,0,0,0,0,0
2024-02-07,0.0,23.3,30.5,16.9,4.7,18.4,0,0,0,0,0,0,0,0,0
2024-02-08,0.0,20.9,27.4,15.9,5.31,16.2,0,0,0,0,0,0,0,0,0
2024-02-09,0.0,19.9,28.4,12.2,4.61,10.0,0,0,0,0,0,0,0,0,0
2024-02-10,0.0,20.7,29.6,14.2,4.25,13.8,0,0,0,0,0,0,0,0,0
2024-02-11,5.4,21.5,29.3,15.8,3.73,15.1,0,0,0,0,0,0,0,0,0
2024-02-12,0.5,22.2,29.6,16.3,3.99,17.1,0,0,0,0,0,0,0,0,0
2024-02-13,0.0,23.2,30.4,17.3,4.31,16.6,0,0,0,0,0,0,0,0,0
2024-02-14,0.3,22.9,31.9,16.5,4.16,17.4,0,0,0,0,0,0,0,0,0
2024-02-15,3.8,22.2,28.5,16.6,3.82,14.0,0,0,0,0,0,0,0,0,0
2024-02-16,0.0,23.7,30.9,16.6,4.42,11.0,0,0,0,0,0,0,0,0,0
2024-02-17,0.0,24.5,32.4,16.8,4.45,13.0,0,0,0,0,0,0,0,0,0
2024-02-18,0.0,24.7,32.5,17.4,3.98,10.5,0,0,0,0,0,0,0,0,0
2024-02-19,0.0,25.0,33.8,17.8,5.15,13.7,0,0,0,0,0,0,0,0,0
2024-02-20,0.0,25.3,33.7,18.1,4.95,15.9,0,0,0,0,0,0,0,0,0
2024-02-21,0.0,24.8,33.3,17.7,5.2,18.0,0,0,0,0,0,0,0,0,0
2024-02-22,0.0,24.1,30.8,17.6,5.49,13.1,0,0,0,0,0,0,0,0,0
2024-02-23,0.0,22.5,29.1,16.3,4.79,14.1,0,0,0,0,0,0,0,0,0
2024-02-24,0.0,23.5,31.0,15.8,5.2,13.4,0,0,0,0,0,0,0,0,0
2024-02-25,0.0,23.7,31.4,16.3,4.73,11.5,0,0,0,0,0,0,0,0,0
2024-02-26,5.8,22.8,29.2,17.1,3.67,22.0,0,0,0,0,0,0,0,0,0
2024-02-27,3.7,23.3,30.6,19.1,4.09,26.0,0,0,0,0,0,1,1,1,0
2024-02-28,0.0,23.3,30.4,17.1,4.31,8.8,0,0,0,0,0,0,0,0,0
2024-02-29,0.0,24.5,32.3,16.0,5.13,14.8,0,0,0,0,0,0,0,0,0
2024-03-01,0.0,25.1,34.3,16.8,5.24,11.1,0,0,0,0,0,0,0,0,0
2024-03-02,0.1,24.2,29.6,19.8,4.06,19.1,0,0,0,0,0,0,0,0,0
2024-03-03,0.8,25.0,32.2,19.5,4.82,14.2,0,0,0,0,0,0,0,0,0
2024-03-04,0.0,24.5,30.6,20.3,5.67,15.9,0,0,0,0,0,0,0,0,0
2024-03-05,0.0,24.0,32.3,16.4,5.73,16.6,0,0,0,0,0,0,0,0,0
2024-03-06,0.0,25.1,33.4,16.5,5.63,15.9,0,0,0,0,0,0,0,0,0
2024-03-07,0.0,25.6,33.1,18.1,6.42,13.4,0,0,0,0,0,0,0,0,0
2024-03-08,0.0,24.9,33.2,17.5,5.57,11.8,0,0,0,0,0,0,0,0,0
2024-03-09,0.0,25.5,33.9,17.3,5.61,12.3,0,0,0,0,0,0,0,0,0
2024-03-10,0.0,26.8,35.5,17.4,6.0,14.0,0,0,0,0,0,0,0,0,0
2024-03-11,0.0,27.9,37.4,19.0,6.42,16.1,0,0,0,0,0,0,0,0,0
2024-03-12,0.0,28.0,37.0,20.0,6.06,18.7,0,0,0,0,0,0,0,0,0
2024-03-13,0.0,27.8,37.3,19.0,6.65,18.7,0,0,0,0,0,0,0,0,0
2024-03-14,0.0,27.1,36.6,17.5,6.67,16.4,0,0,0,0,0,0,0,0,0
2024-03-15,0.0,27.5,36.5,19.1,6.54,13.0,0,0,0,0,0,0,0,0,0
2024-03-16,0.0,28.0,35.9,19.4,5.94,19.2,0,0,0,0,0,0,0,0,0
2024-03-17,0.0,27.1,35.6,20.2,5.28,16.7,0,0,0,0,0,0,0,0,0
2024-03-18,13.9,25.1,32.2,21.3,4.57,19.8,1,0,0,0,0,0,1,1,0
2024-03-19,10.8,23.1,29.8,18.7,3.81,15.9,1,0,0,0,0,0,1,1,0
2024-03-20,0.0,22.6,30.5,16.1,4.82,15.0,0,0,0,0,0,0,0,0,0
2024-03-21,0.0,24.3,33.0,14.8,5.48,10.6,0,0,0,0,0,0,0,0,0
2024-03-22,0.0,26.0,35.1,17.6,6.14,13.3,0,0,0,0,0,0,0,0,0
2024-03-23,0.0,28.1,37.4,19.5,6.04,10.5,0,0,0,0,0,0,0,0,0
2024-03-24,0.0,28.7,38.4,19.5,6.12,12.5,0,0,0,0,0,0,0,0,0
2024-03-25,0.0,29.3,38.4,20.5,6.23,15.3,0,0,0,0,0,0,0,0,0
2024-03-26,0.0,29.3,37.7,22.0,6.07,12.6,0,0,0,0,0,0,0,0,0
2024-03-27,0.0,30.2,38.7,21.6,6.03,11.4,0,0,0,0,0,0,0,0,0
2024-03-28,0.0,31.6,40.1,21.9,6.57,13.4,0,0,0,0,0,0,0,0,0
2024-03-29,0.0,32.7,40.8,23.6,6.23,14.8,0,0,0,0,0,0,0,0,0
2024-03-30,0.8,30.3,38.9,25.0,5.63,13.2,0,0,0,0,0,0,0,0,0
2024-03-31,0.0,29.5,38.0,22.4,5.53,20.0,0,0,0,0,0,0,0,0,0
2024-04-01,0.0,31.0,40.6,23.0,6.69,21.6,0,0,0,0,0,0,0,0,0
2024-04-02,0.0,30.6,40.6,20.5,7.72,18.4,0,0,0,0,0,0,0,0,0
2024-04-03,0.0,31.0,39.7,21.4,6.21,11.3,0,0,0,0,0,0,0,0,0
2024-04-04,0.0,31.5,40.4,23.0,6.65,17.3,0,0,0,0,0,0,0,0,0
2024-04-05,0.0,31.3,40.0,23.1,7.15,10.7,0,0,0,0,0,0,0,0,0
2024-04-06,0.0,31.9,39.1,24.9,7.19,13.4,0,0,0,0,0,0,0,0,0
2024-04-07,0.9,27.8,32.9,22.9,5.14,23.4,0,0,0,0,0,1,1,1,0
2024-04-08,9.9,26.4,33.9,21.8,4.84,16.3,1,0,0,0,0,0,1,1,0
2024-04-09,10.7,26.2,34.0,20.2,5.33,20.6,1,0,0,0,0,0,1,1,0
2024-04-10,22.6,25.7,34.5,20.7,4.74,18.7,1,0,0,0,0,0,1,1,0
2024-04-11,1.7,25.2,30.7,20.8,4.34,14.8,0,0,0,0,0,0,0,0,0
2024-04-12,1.2,25.8,31.6,21.3,4.5,12.8,0,0,0,0,0,0,0,0,0
2024-04-13,0.0,26.0,32.2,19.7,5.36,17.3,0,0,0,0,0,0,0,0,0
2024-04-14,0.0,27.9,35.6,21.1,5.48,10.8,0,0,0,0,0,0,0,0,0
2024-04-15,3.6,28.3,36.8,22.3,4.96,14.3,0,0,0,0,0,0,0,0,0
2024-04-16,0.0,30.4,38.3,23.2,5.99,10.1,0,0,0,0,0,0,0,0,0
2024-04-17,0.0,30.8,39.0,23.0,7.11,14.4,0,0,0,0,0,0,0,0,0
2024-04-18,0.0,30.9,39.3,22.8,7.33,12.6,0,0,0,0,0,0,0,0,0
2024-04-19,0.0,32.0,41.2,22.3,6.49,11.8,0,0,0,0,0,0,0,0,0
2024-04-20,0.0,32.5,40.2,24.8,7.64,19.2,0,0,0,0,0,0,0,0,0
2024-04-21,0.0,32.6,40.1,25.7,7.49,16.7,0,0,0,0,0,0,0,0,0
2024-04-22,1.8,29.8,36.0,24.2,5.95,25.5,0,0,0,0,0,1,1,1,0
2024-04-23,0.0,28.8,36.3,23.6,6.15,17.6,0,0,0,0,0,0,0,0,0
2024-04-24,0.0,29.8,38.6,22.5,5.96,17.6,0,0,0,0,0,0,0,0,0
2024-04-25,0.0,31.0,39.1,22.5,5.85,14.1,0,0,0,0,0,0,0,0,0
2024-04-26,0.1,31.7,40.0,24.4,6.84,17.8,0,0,0,0,0,0,0,0,0
2024-04-27,0.0,31.3,39.0,24.1,6.5,17.6,0,0,0,0,0,0,0,0,0
2024-04-28,0.8,31.1,37.9,25.2,5.88,14.8,0,0,0,0,0,0,0,0,0
2024-04-29,0.0,31.7,38.2,24.8,6.14,19.2,0,0,0,0,0,0,0,0,0
2024-04-30,0.0,32.7,41.4,24.8,7.18,16.2,0,0,0,0,0,0,0,0,0
2024-05-01,0.0,31.8,40.2,24.6,7.48,16.3,0,0,0,0,0,0,0,0,0
2024-05-02,0.0,30.1,38.2,23.3,7.72,11.5,0,0,0,0,0,0,0,0,0
2024-05-03,0.0,29.7,39.1,20.8,7.08,10.6,0,0,0,0,0,0,0,0,0
2024-05-04,0.0,30.8,40.5,21.5,6.68,10.9,0,0,0,0,0,0,0,0,0
2024-05-05,0.0,32.8,41.4,24.2,6.78,10.8,0,0,0,0,0,0,0,0,0
2024-05-06,0.0,34.1,39.4,29.0,7.33,18.9,0,0,0,0,0,0,0,0,0
2024-05-07,0.2,31.3,36.3,25.8,7.06,25.3,0,0,0,0,0,1,1,1,0
2024-05-08,5.6,29.9,36.9,23.1,6.33,16.7,0,0,0,0,0,0,0,0,0
2024-05-09,3.5,29.2,35.2,23.9,5.74,17.8,0,0,0,0,0,0,0,0,0
2024-05-10,4.2,29.9,38.2,25.7,6.26,19.3,0,0,0,0,0,0,0,0,0
2024-05-11,1.1,30.9,36.3,25.5,6.01,11.0,0,0,0,0,0,0,0,0,0
2024-05-12,0.0,30.4,38.0,23.5,5.52,16.9,0,0,0,0,0,0,0,0,0
2024-05-13,0.0,30.4,36.8,25.2,5.56,12.7,0,0,0,0,0,0,0,0,0
2024-05-14,0.1,31.6,38.3,24.3,6.46,15.3,0,0,0,0,0,0,0,0,0
2024-05-15,0.0,29.8,37.2,23.9,5.46,23.8,0,0,0,0,0,1,1,1,0
2024-05-16,2.7,29.4,35.3,24.8,4.77,15.2,0,0,0,0,0,0,0,0,0
2024-05-17,0.1,28.9,32.9,25.6,3.62,11.4,0,0,0,0,0,0,0,0,0
2024-05-18,0.0,30.9,37.0,24.2,6.23,12.6,0,0,0,0,0,0,0,0,0
2024-05-19,5.4,29.4,36.3,25.5,5.34,12.2,0,0,0,0,0,0,0,0,0
2024-05-20,1.1,30.8,38.6,24.9,5.68,15.4,0,0,0,0,0,0,0,0,0
2024-05-21,8.4,32.0,39.7,24.4,5.9,15.5,1,0,0,0,0,0,1,1,0
2024-05-22,0.0,33.1,40.5,27.1,6.36,12.5,0,0,0,0,0,0,0,0,0
2024-05-23,0.0,32.1,38.4,26.9,6.01,16.1,0,0,0,0,0,0,0,0,0
2024-05-24,0.0,33.0,40.4,25.3,7.14,18.4,0,0,0,0,0,0,0,0,0
2024-05-25,0.0,32.9,39.3,27.2,5.95,16.9,0,0,0,0,0,0,0,0,0
2024-05-26,0.0,35.0,43.3,28.0,7.99,27.4,0,0,0,0,0,1,1,1,0
2024-05-27,0.0,35.3,43.1,26.3,7.72,17.7,0,0,0,0,0,0,0,0,0
2024-05-28,0.0,35.5,43.6,26.5,7.85,19.3,0,0,0,0,0,0,0,0,0
2024-05-29,0.0,35.1,42.6,27.1,6.71,11.9,0,0,0,0,0,0,0,0,0
2024-05-30,0.0,35.3,41.9,28.5,7.02,11.6,0,0,0,0,0,0,0,0,0
2024-05-31,0.0,35.6,42.5,28.2,7.14,14.8,0,0,0,0,0,0,0,0,0
2024-06-01,0.0,35.5,42.3,28.9,7.38,13.6,0,0,0,0,0,0,0,0,0
2024-06-02,0.0,34.6,41.5,28.8,6.51,17.2,0,0,0,0,0,0,0,0,0
2024-06-03,1.6,32.3,37.3,26.8,7.12,17.6,0,0,0,0,0,0,0,0,0
2024-06-04,0.2,32.9,40.0,28.3,5.41,20.6,0,0,0,0,0,0,0,0,0
2024-06-05,0.1,33.1,40.4,28.1,6.52,21.0,0,0,0,0,0,0,0,0,0
2024-06-06,0.0,33.8,39.7,28.9,6.53,12.5,0,0,0,0,0,0,0,0,0
2024-06-07,0.0,33.4,39.3,28.4,6.52,10.5,0,0,0,0,0,0,0,0,0
2024-06-08,1.0,32.1,38.1,26.6,6.45,16.4,0,0,0,0,0,0,0,0,0
2024-06-09,8.8,30.9,36.2,25.8,4.86,12.3,1,0,0,0,0,0,1,1,0
2024-06-10,12.9,31.4,38.0,24.8,5.82,15.7,1,0,0,0,0,0,1,1,0
2024-06-11,0.0,32.8,40.1,26.6,6.66,21.7,0,0,0,0,0,0,0,0,0
2024-06-12,1.0,31.4,39.8,27.1,6.14,17.6,0,0,0,0,0,0,0,0,0
2024-06-13,2.4,31.4,38.8,26.6,5.07,14.8,0,0,0,0,0,0,0,0,0
2024-06-14,0.0,33.0,38.7,27.6,6.53,15.9,0,0,0,0,0,0,0,0,0
2024-06-15,0.2,32.6,40.1,27.1,6.14,17.6,0,0,0,0,0,0,0,0,0
2024-06-16,1.1,30.7,37.1,26.1,5.17,13.0,0,0,0,0,0,0,0,0,0
2024-06-17,0.2,31.6,37.3,26.9,5.21,9.8,0,0,0,0,0,0,0,0,0
2024-06-18,4.4,30.4,37.7,27.4,4.82,12.1,0,0,0,0,0,0,0,0,0
2024-06-19,12.2,28.9,33.8,26.0,3.67,11.4,1,0,0,0,0,0,1,1,0
2024-06-20,23.7,27.7,32.9,24.7,3.56,14.6,1,0,0,0,0,0,1,1,0
2024-06-21,17.0,27.2,32.3,24.7,3.18,10.7,1,0,0,0,0,0,1,1,0
2024-06-22,13.0,26.7,31.4,24.8,2.64,7.7,1,0,0,0,0,0,1,1,0
2024-06-23,15.8,27.6,31.4,23.8,4.34,13.8,1,0,0,0,0,0,1,1,0
2024-06-24,3.5,27.9,31.6,24.9,4.2,14.0,0,0,0,0,0,0,0,0,0
2024-06-25,1.1,29.3,33.8,24.3,5.25,10.1,0,0,0,0,0,0,0,0,0
2024-06-26,0.9,30.2,33.9,26.4,4.79,12.3,0,0,0,0,0,0,0,0,0
2024-06-27,21.1,28.2,31.7,25.0,4.25,13.0,1,0,0,0,0,0,1,1,0
2024-06-28,12.9,27.5,32.1,25.0,3.27,16.6,1,0,0,0,0,0,1,1,0
2024-06-29,10.5,27.2,31.8,25.0,2.88,12.0,1,0,0,0,0,0,1,1,0
2024-06-30,16.3,26.9,28.9,24.9,2.54,14.2,1,0,0,0,0,0,1,1,0
2024-07-01,31.7,26.5,30.6,24.7,3.01,14.8,1,0,0,0,0,0,1,1,0
2024-07-02,17.8,26.0,28.4,24.6,2.1,17.8,1,0,0,0,0,0,1,1,0
2024-07-03,3.6,27.2,31.8,24.7,3.63,13.8,0,0,0,0,0,0,0,0,0
2024-07-04,11.4,26.2,29.5,24.9,2.13,11.3,1,0,0,0,0,0,1,1,0
2024-07-05,13.1,27.0,31.3,24.4,3.55,15.2,1,0,0,0,0,0,1,1,0
2024-07-06,3.4,27.6,32.4,24.7,4.18,14.9,0,0,0,0,0,0,0,0,0
2024-07-07,4.1,26.8,30.7,24.8,2.8,11.3,0,0,0,0,0,0,0,0,0
2024-07-08,14.4,27.2,31.3,24.6,3.92,12.1,1,0,0,0,0,0,1,1,0
2024-07-09,15.8,27.4,31.6,24.6,3.83,11.0,1,0,0,0,0,0,1,1,0
2024-07-10,4.1,27.3,31.0,24.7,3.39,10.9,0,0,0,0,0,0,0,0,0
2024-07-11,7.7,27.1,31.4,24.9,3.22,11.7,0,0,0,0,0,0,0,0,0
2024-07-12,12.6,27.3,31.4,24.4,2.66,11.8,1,0,0,0,0,0,1,1,0
2024-07-13,44.4,26.3,29.8,23.8,2.78,10.1,1,0,0,0,0,0,1,1,0
2024-07-14,23.1,26.9,31.2,24.3,3.13,10.4,1,0,0,0,0,0,1,1,0
2024-07-15,11.1,27.6,31.8,23.8,3.99,10.6,1,0,0,0,0,0,1,1,0
2024-07-16,14.1,27.4,30.8,25.2,3.68,10.2,1,0,0,0,0,0,1,1,0
2024-07-17,17.4,27.3,32.2,24.7,4.18,9.8,1,0,0,0,0,0,1,1,0
2024-07-18,12.3,27.4,32.9,24.9,3.64,14.0,1,0,0,0,0,0,1,1,0
2024-07-19,18.0,27.9,31.9,24.3,3.92,14.8,1,0,0,0,0,0,1,1,0
2024-07-20,43.3,27.4,31.4,24.8,3.23,18.9,1,0,0,0,0,0,1,1,0
2024-07-21,11.2,27.3,31.5,25.0,3.66,14.8,1,0,0,0,0,0,1,1,0
2024-07-22,34.1,26.9,30.2,25.0,2.66,17.3,1,0,0,0,0,0,1,1,0
2024-07-23,58.0,26.3,28.5,25.2,1.66,14.0,1,0,0,0,0,0,1,1,0
2024-07-24,30.7,26.0,27.5,24.8,1.52,13.0,1,0,0,0,0,0,1,1,0
2024-07-25,59.9,26.1,30.4,24.1,2.63,9.8,1,0,0,0,0,0,1,1,0
2024-07-26,41.8,26.6,31.2,24.5,2.4,9.7,1,0,0,0,0,0,1,1,0
2024-07-27,51.9,26.5,30.5,24.9,2.33,18.5,1,0,0,0,0,0,1,1,0
2024-07-28,14.8,26.8,30.3,24.9,3.12,17.4,1,0,0,0,0,0,1,1,0
2024-07-29,5.0,26.4,30.4,23.6,2.75,15.7,0,0,0,0,0,0,0,0,0
2024-07-30,13.3,27.4,32.7,24.0,4.19,13.3,1,0,0,0,0,0,1,1,0
2024-07-31,36.9,26.7,29.9,24.8,2.41,8.6,1,0,0,0,0,0,1,1,0
2024-08-01,32.3,25.6,27.9,24.2,1.62,9.2,1,0,0,0,0,0,1,1,0
2024-08-02,45.1,25.2,26.5,24.3,1.19,12.1,1,0,0,0,0,0,1,1,0
2024-08-03,27.9,25.1,27.2,24.3,1.58,16.6,1,0,0,0,0,0,1,1,0
2024-08-04,17.3,25.0,27.1,24.0,1.91,21.3,1,0,0,0,0,0,1,1,0
2024-08-05,2.8,26.5,31.6,23.9,3.59,13.0,0,0,0,0,0,0,0,0,0
2024-08-06,9.7,26.8,31.2,24.4,3.63,10.0,1,0,0,0,0,0,1,1,0
2024-08-07,15.0,25.4,27.6,23.8,1.73,7.7,1,0,0,0,0,0,1,1,0
2024-08-08,16.1,26.0,29.9,24.1,2.45,11.3,1,0,0,0,0,0,1,1,0
2024-08-09,3.0,25.9,28.9,24.0,2.67,8.6,0,0,0,0,0,0,0,0,0
2024-08-10,5.0,26.3,30.7,23.3,3.88,13.6,0,0,0,0,0,0,0,0,0
2024-08-11,15.5,26.3,30.6,23.6,3.5,16.6,1,0,0,0,0,0,1,1,0
2024-08-12,2.5,26.8,31.5,24.1,3.4,12.8,0,0,0,0,0,0,0,0,0
2024-08-13,5.1,27.4,32.2,23.4,4.09,7.4,0,0,0,0,0,0,0,0,0
2024-08-14,26.4,26.6,29.7,24.8,2.34,9.5,1,0,0,0,0,0,1,1,0
2024-08-15,25.7,26.5,31.0,24.7,2.9,12.1,1,0,0,0,0,0,1,1,0
2024-08-16,20.4,25.7,27.8,24.4,1.82,9.4,1,0,0,0,0,0,1,1,0
2024-08-17,12.3,26.4,31.2,23.3,3.34,9.8,1,0,0,0,0,0,1,1,0
2024-08-18,1.7,26.7,30.5,23.7,3.26,10.5,0,0,0,0,0,0,0,0,0
2024-08-19,8.2,26.3,30.3,23.6,3.0,7.8,1,0,0,0,0,0,1,1,0
2024-08-20,11.3,26.6,30.2,24.2,2.92,9.0,1,0,0,0,0,0,1,1,0
2024-08-21,3.8,26.9,30.3,23.8,3.05,10.5,0,0,0,0,0,0,0,0,0
2024-08-22,40.1,26.1,30.2,24.2,2.29,9.1,1,0,0,0,0,0,1,1,0
2024-08-23,34.8,25.5,30.6,23.3,2.61,10.1,1,0,0,0,0,0,1,1,0
2024-08-24,35.6,24.9,27.4,23.6,1.86,16.8,1,0,0,0,0,0,1,1,0
2024-08-25,34.9,24.1,24.9,23.3,1.18,17.9,1,0,0,0,0,0,1,1,0
2024-08-26,3.3,25.6,29.3,23.4,2.81,15.5,0,0,0,0,0,0,0,0,0
2024-08-27,1.1,26.9,31.3,24.0,3.58,11.1,0,0,0,0,0,0,0,0,0
2024-08-28,1.7,26.8,31.0,23.3,4.01,9.2,0,0,0,0,0,0,0,0,0
2024-08-29,7.6,26.1,29.5,23.4,3.1,12.8,0,0,0,0,0,0,0,0,0
2024-08-30,13.1,26.4,30.6,23.5,3.44,11.2,1,0,0,0,0,0,1,1,0
2024-08-31,19.5,27.1,31.5,23.9,4.01,16.4,1,0,0,0,0,0,1,1,0
2024-09-01,6.9,28.4,33.2,24.1,4.8,15.1,0,0,0,0,0,0,0,0,0
2024-09-02,5.6,27.4,31.5,25.1,3.4,14.1,0,0,0,0,0,0,0,0,0
2024-09-03,0.9,27.9,32.2,24.9,4.57,11.9,0,0,0,0,0,0,0,0,0
2024-09-04,6.3,26.9,31.3,23.6,3.69,14.7,0,0,0,0,0,0,0,0,0
2024-09-05,21.1,25.9,28.5,23.9,2.36,9.5,1,0,0,0,0,0,1,1,0
2024-09-06,11.5,26.8,31.0,23.5,3.51,9.4,1,0,0,0,0,0,1,1,0
2024-09-07,2.3,26.8,32.4,23.8,3.71,10.1,0,0,0,0,0,0,0,0,0
2024-09-08,9.3,26.7,30.7,23.7,3.14,14.0,1,0,0,0,0,0,1,1,0
2024-09-09,16.9,26.9,31.7,24.4,3.7,16.7,1,0,0,0,0,0,1,1,0
2024-09-10,150.6,25.0,25.8,24.1,0.73,23.2,1,0,0,0,0,1,2,1,1
2024-09-11,7.3,26.7,30.6,24.6,3.83,20.7,0,0,0,0,0,0,0,0,0
2024-09-12,4.2,26.4,31.2,24.0,3.59,13.0,0,0,0,0,0,0,0,0,0
2024-09-13,1.3,26.3,30.8,23.2,3.72,8.0,0,0,0,0,0,0,0,0,0
2024-09-14,0.1,26.2,30.4,22.5,3.82,14.8,0,0,0,0,0,0,0,0,0
2024-09-15,0.0,26.1,30.1,22.4,4.03,13.5,0,0,0,0,0,0,0,0,0
2024-09-16,5.1,25.6,28.4,23.0,2.57,18.8,0,0,0,0,0,0,0,0,0
2024-09-17,5.1,26.2,29.5,23.7,3.81,22.9,0,0,0,0,0,1,1,1,0
2024-09-18,1.1,25.9,29.8,23.3,3.17,9.1,0,0,0,0,0,0,0,0,0
2024-09-19,0.3,26.7,31.9,22.3,4.48,6.0,0,0,0,0,0,0,0,0,0
2024-09-20,0.8,27.0,32.2,23.2,4.38,9.7,0,0,0,0,0,0,0,0,0
2024-09-21,3.5,27.2,32.3,24.0,3.94,10.7,0,0,0,0,0,0,0,0,0
2024-09-22,2.0,28.0,32.4,24.1,4.01,10.5,0,0,0,0,0,0,0,0,0
2024-09-23,6.1,26.7,30.7,24.0,2.84,7.8,0,0,0,0,0,0,0,0,0
2024-09-24,9.9,26.4,28.7,24.7,2.36,7.4,1,0,0,0,0,0,1,1,0
2024-09-25,13.3,25.8,29.4,24.0,2.34,12.6,1,0,0,0,0,0,1,1,0
2024-09-26,12.5,25.6,28.8,23.9,1.98,11.7,1,0,0,0,0,0,1,1,0
2024-09-27,26.7,25.2,27.9,23.8,1.93,17.4,1,0,0,0,0,0,1,1,0
2024-09-28,0.4,26.5,30.2,23.8,3.82,18.9,0,0,0,0,0,0,0,0,0
2024-09-29,1.4,26.9,31.1,23.9,3.97,13.0,0,0,0,0,0,0,0,0,0
2024-09-30,0.6,27.1,31.3,22.9,3.47,10.7,0,0,0,0,0,0,0,0,0
2024-10-01,0.5,27.8,32.1,23.4,4.23,7.0,0,0,0,0,0,0,0,0,0
2024-10-02,0.0,27.9,33.3,23.1,4.67,13.1,0,0,0,0,0,0,0,0,0
2024-10-03,0.0,27.9,33.7,23.2,4.9,14.2,0,0,0,0,0,0,0,0,0
2024-10-04,0.0,27.6,34.2,23.0,4.69,8.8,0,0,0,0,0,0,0,0,0
2024-10-05,0.0,26.7,33.1,21.6,4.75,10.1,0,0,0,0,0,0,0,0,0
2024-10-06,0.0,27.0,33.5,21.6,4.87,11.1,0,0,0,0,0,0,0,0,0
2024-10-07,0.0,26.7,32.4,21.7,4.47,9.1,0,0,0,0,0,0,0,0,0
2024-10-08,0.2,26.3,31.3,22.6,3.69,8.6,0,0,0,0,0,0,0,0,0
2024-10-09,5.2,25.4,30.8,22.1,3.29,10.3,0,0,0,0,0,0,0,0,0
2024-10-10,0.6,26.0,31.4,21.8,3.84,8.2,0,0,0,0,0,0,0,0,0
2024-10-11,3.6,26.0,31.0,22.7,3.57,10.2,0,0,0,0,0,0,0,0,0
2024-10-12,0.4,25.9,30.2,22.7,3.37,7.4,0,0,0,0,0,0,0,0,0
2024-10-13,4.9,26.2,31.9,22.7,3.77,13.7,0,0,0,0,0,0,0,0,0
2024-10-14,0.3,26.6,32.1,22.6,3.96,8.2,0,0,0,0,0,0,0,0,0
2024-10-15,0.0,26.9,31.8,22.6,4.03,6.8,0,0,0,0,0,0,0,0,0
2024-10-16,1.2,26.7,31.5,23.0,3.5,7.4,0,0,0,0,0,0,0,0,0
2024-10-17,0.6,26.8,31.6,23.2,3.71,10.3,0,0,0,0,0,0,0,0,0
2024-10-18,0.4,27.1,31.4,23.4,3.49,7.1,0,0,0,0,0,0,0,0,0
2024-10-19,7.4,26.4,30.9,22.9,3.69,10.7,0,0,0,0,0,0,0,0,0
2024-10-20,1.8,25.8,30.8,23.0,3.21,9.9,0,0,0,0,0,0,0,0,0
2024-10-21,0.3,26.0,31.7,22.4,3.83,13.0,0,0,0,0,0,0,0,0,0
2024-10-22,0.0,25.7,32.5,20.4,4.28,7.8,0,0,0,0,0,0,0,0,0
2024-10-23,0.0,24.8,32.2,19.4,5.0,16.9,0,0,0,0,0,0,0,0,0
2024-10-24,0.0,24.7,30.8,18.5,4.92,17.1,0,0,0,0,0,0,0,0,0
2024-10-25,0.0,25.8,31.7,21.4,4.72,21.4,0,0,0,0,0,0,0,0,0
2024-10-26,0.0,25.5,32.4,19.8,4.8,18.2,0,0,0,0,0,0,0,0,0
2024-10-27,0.0,25.6,31.3,20.4,4.0,12.5,0,0,0,0,0,0,0,0,0
2024-10-28,0.8,25.8,30.6,21.8,3.51,8.0,0,0,0,0,0,0,0,0,0
2024-10-29,0.2,26.6,31.9,21.5,3.69,6.6,0,0,0,0,0,0,0,0,0
2024-10-30,0.0,26.8,32.7,21.7,4.14,9.0,0,0,0,0,0,0,0,0,0
2024-10-31,0.0,26.9,33.9,21.8,4.45,9.1,0,0,0,0,0,0,0,0,0
2024-11-01,0.0,25.7,32.8,20.0,4.44,13.2,0,0,0,0,0,0,0,0,0
2024-11-02,0.0,25.7,32.6,19.1,4.11,7.6,0,0,0,0,0,0,0,0,0
2024-11-03,0.0,25.5,31.7,20.5,4.1,9.0,0,0,0,0,0,0,0,0,0
2024-11-04,0.0,24.1,31.3,18.3,3.89,9.4,0,0,0,0,0,0,0,0,0
2024-11-05,0.0,24.0,30.7,18.4,4.24,8.9,0,0,0,0,0,0,0,0,0
2024-11-06,0.0,23.7,30.6,17.7,3.88,9.2,0,0,0,0,0,0,0,0,0
2024-11-07,0.0,23.3,29.6,18.2,3.57,6.9,0,0,0,0,0,0,0,0,0
2024-11-08,0.0,23.6,29.5,18.0,3.49,7.6,0,0,0,0,0,0,0,0,0
2024-11-09,0.0,23.8,29.8,18.3,3.34,7.5,0,0,0,0,0,0,0,0,0
2024-11-10,0.0,24.1,30.1,19.3,3.63,9.5,0,0,0,0,0,0,0,0,0
2024-11-11,0.0,23.5,30.7,17.8,3.92,9.4,0,0,0,0,0,0,0,0,0
2024-11-12,0.0,22.6,30.0,16.9,3.81,7.5,0,0,0,0,0,0,0,0,0
2024-11-13,0.0,22.1,30.0,16.2,3.76,8.0,0,0,0,0,0,0,0,0,0
2024-11-14,0.0,21.7,29.6,15.6,3.82,10.3,0,0,0,0,0,0,0,0,0
2024-11-15,0.0,21.2,28.4,15.5,3.9,10.7,0,0,0,0,0,0,0,0,0
2024-11-16,0.0,20.7,28.6,14.2,3.91,11.4,0,0,0,0,0,0,0,0,0
2024-11-17,0.0,20.8,28.7,14.2,3.67,8.7,0,0,0,0,0,0,0,0,0
2024-11-18,0.0,20.5,28.6,14.2,3.61,8.3,0,0,0,0,0,0,0,0,0
2024-11-19,0.0,20.2,27.4,13.9,3.64,9.3,0,0,0,0,0,0,0,0,0
2024-11-20,0.0,20.1,26.8,14.2,3.33,9.7,0,0,0,0,0,0,0,0,0
2024-11-21,0.0,19.9,27.0,14.5,3.5,10.5,0,0,0,0,0,0,0,0,0
2024-11-22,0.0,19.1,26.6,12.8,3.64,10.9,0,0,0,0,0,0,0,0,0
2024-11-23,0.0,18.8,27.0,12.2,3.67,10.2,0,0,0,0,0,0,0,0,0
2024-11-24,0.0,19.0,27.0,12.3,3.61,10.7,0,0,0,0,0,0,0,0,0
2024-11-25,0.0,19.6,27.8,12.8,3.51,10.1,0,0,0,0,0,0,0,0,0
2024-11-26,0.0,19.4,28.0,12.4,3.78,10.3,0,0,0,0,0,0,0,0,0
2024-11-27,0.0,18.9,27.0,12.8,3.87,11.3,0,0,0,0,0,0,0,0,0
2024-11-28,0.0,18.5,26.7,12.1,3.66,9.4,0,0,0,0,0,0,0,0,0
2024-11-29,0.0,18.8,27.3,12.1,3.67,12.9,0,0,0,0,0,0,0,0,0
2024-11-30,0.0,20.2,28.0,13.4,3.8,14.8,0,0,0,0,0,0,0,0,0
2024-12-01,0.0,21.4,28.3,15.6,3.25,13.3,0,0,0,0,0,0,0,0,0
2024-12-02,1.1,22.5,29.1,17.2,2.91,9.8,0,0,0,0,0,0,0,0,0
2024-12-03,1.0,23.3,28.6,19.3,2.55,9.2,0,0,0,0,0,0,0,0,0
2024-12-04,0.1,23.6,29.1,19.3,2.94,9.3,0,0,0,0,0,0,0,0,0
2024-12-05,0.0,23.3,29.9,18.6,3.71,11.8,0,0,0,0,0,0,0,0,0
2024-12-06,0.0,23.0,30.0,17.2,3.73,11.9,0,0,0,0,0,0,0,0,0
2024-12-07,0.0,22.6,29.3,17.1,3.2,10.8,0,0,0,0,0,0,0,0,0
2024-12-08,0.2,22.8,29.3,17.3,2.86,10.3,0,0,0,0,0,0,0,0,0
2024-12-09,0.1,21.3,28.0,16.0,3.89,13.5,0,0,0,0,0,0,0,0,0
2024-12-10,0.0,18.0,24.6,13.1,4.08,14.4,0,0,0,0,0,0,0,0,0
2024-12-11,0.0,16.7,24.5,10.3,3.41,12.5,0,0,0,0,0,0,0,0,0
2024-12-12,0.0,17.0,25.4,9.8,3.28,11.9,0,0,0,0,0,0,0,0,0
2024-12-13,0.0,16.8,24.8,11.8,4.19,15.8,0,0,0,0,0,0,0,0,0
2024-12-14,0.0,16.2,24.6,10.2,4.01,13.6,0,0,0,0,0,0,0,0,0
2024-12-15,0.0,16.1,25.9,8.1,3.98,13.7,0,0,0,0,0,0,0,0,0
2024-12-16,0.0,16.3,25.8,9.0,3.69,11.8,0,0,0,0,0,0,0,0,0
2024-12-17,0.0,16.3,26.2,8.4,3.17,10.8,0,0,0,0,0,0,0,0,0
2024-12-18,0.0,16.8,26.3,9.2,3.26,12.4,0,0,0,0,0,0,0,0,0
2024-12-19,0.0,18.0,27.0,9.6,3.14,10.5,0,0,0,0,0,0,0,0,0
2024-12-20,0.0,20.9,28.0,14.7,3.02,9.4,0,0,0,0,0,0,0,0,0
2024-12-21,0.0,20.8,28.3,15.9,3.89,12.4,0,0,0,0,0,0,0,0,0
2024-12-22,0.0,19.2,26.3,13.4,3.1,10.7,0,0,0,0,0,0,0,0,0
2024-12-23,0.0,20.2,28.1,12.7,3.02,7.2,0,0,0,0,0,0,0,0,0
2024-12-24,0.0,21.0,27.6,13.8,3.21,10.0,0,0,0,0,0,0,0,0,0
2024-12-25,0.0,21.4,27.2,16.1,2.95,9.1,0,0,0,0,0,0,0,0,0
2024-12-26,0.0,20.8,27.9,14.9,3.08,8.1,0,0,0,0,0,0,0,0,0
2024-12-27,0.0,21.8,28.3,15.5,3.2,13.8,0,0,0,0,0,0,0,0,0
2024-12-28,0.3,22.1,28.2,18.0,2.83,12.3,0,0,0,0,0,0,0,0,0
2024-12-29,0.3,20.5,25.4,17.0,2.33,12.4,0,0,0,0,0,0,0,0,0
2024-12-30,0.0,20.7,27.3,15.8,3.32,13.6,0,0,0,0,0,0,0,0,0
2024-12-31,0.0,19.3,26.8,13.5,3.49,14.0,0,0,0,0,0,0,0,0,0
2025-01-01,0.0,17.2,25.0,11.8,3.84,14.6,0,0,0,0,0,0,0,0,0
2025-01-02,0.0,17.1,26.5,10.1,3.94,15.7,0,0,0,0,0,0,0,0,0
2025-01-03,0.0,17.6,27.3,10.1,3.86,12.2,0,0,0,0,0,0,0,0,0
2025-01-04,0.0,18.0,27.9,10.2,3.89,12.0,0,0,0,0,0,0,0,0,0
2025-01-05,0.0,17.7,26.8,10.0,3.44,11.0,0,0,0,0,0,0,0,0,0
2025-01-06,0.0,18.6,26.9,11.5,3.26,10.4,0,0,0,0,0,0,0,0,0
2025-01-07,0.0,17.7,25.8,13.0,3.8,16.8,0,0,0,0,0,0,0,0,0
2025-01-08,0.0,15.7,23.8,9.8,3.34,10.5,0,0,0,0,0,0,0,0,0
2025-01-09,0.0,16.3,26.2,8.5,3.22,12.5,0,0,0,0,0,0,0,0,0
2025-01-10,0.0,17.3,26.7,9.1,3.36,10.5,0,0,0,0,0,0,0,0,0
2025-01-11,0.0,18.2,27.1,10.1,3.53,10.4,0,0,0,0,0,0,0,0,0
2025-01-12,0.1,19.6,27.1,12.6,3.13,11.1,0,0,0,0,0,0,0,0,0
2025-01-13,0.3,19.3,25.4,15.1,3.29,12.6,0,0,0,0,0,0,0,0,0
2025-01-14,0.0,18.7,26.3,12.0,3.15,13.1,0,0,0,0,0,0,0,0,0
2025-01-15,0.0,19.9,27.5,12.9,3.27,9.6,0,0,0,0,0,0,0,0,0
2025-01-16,0.0,19.6,25.3,14.3,2.32,9.7,0,0,0,0,0,0,0,0,0
2025-01-17,0.0,19.3,25.3,14.7,3.3,15.5,0,0,0,0,0,0,0,0,0
2025-01-18,0.0,18.4,27.0,12.0,3.98,13.3,0,0,0,0,0,0,0,0,0
2025-01-19,0.0,18.2,27.6,10.8,4.08,12.3,0,0,0,0,0,0,0,0,0
2025-01-20,0.0,18.8,28.4,10.7,3.97,11.9,0,0,0,0,0,0,0,0,0
2025-01-21,0.0,19.9,29.1,12.8,3.67,11.6,0,0,0,0,0,0,0,0,0
2025-01-22,0.0,19.8,29.4,12.6,3.68,9.9,0,0,0,0,0,0,0,0,0
2025-01-23,0.0,20.9,29.4,13.1,3.84,11.5,0,0,0,0,0,0,0,0,0
2025-01-24,0.0,21.6,29.9,15.1,3.83,12.8,0,0,0,0,0,0,0,0,0
2025-01-25,0.0,21.6,29.7,15.2,3.96,13.5,0,0,0,0,0,0,0,0,0
2025-01-26,0.0,20.5,29.0,13.7,4.31,10.3,0,0,0,0,0,0,0,0,0
2025-01-27,0.0,19.6,28.6,13.0,4.38,12.8,0,0,0,0,0,0,0,0,0
2025-01-28,0.0,20.3,29.9,12.4,4.37,13.5,0,0,0,0,0,0,0,0,0
2025-01-29,0.0,21.6,30.2,13.5,4.28,11.4,0,0,0,0,0,0,0,0,0
2025-01-30,0.0,23.8,33.0,16.6,4.26,12.0,0,0,0,0,0,0,0,0,0
2025-01-31,0.0,23.2,31.4,16.0,4.01,9.5,0,0,0,0,0,0,0,0,0
2025-02-01,0.0,24.4,32.5,17.1,4.56,14.7,0,0,0,0,0,0,0,0,0
2025-02-02,0.0,24.5,32.5,17.9,4.4,12.1,0,0,0,0,0,0,0,0,0
2025-02-03,0.0,25.2,33.6,18.2,4.65,10.9,0,0,0,0,0,0,0,0,0
2025-02-04,0.0,25.2,33.5,18.1,4.43,9.4,0,0,0,0,0,0,0,0,0
2025-02-05,0.0,25.5,33.2,19.2,4.47,15.5,0,0,0,0,0,0,0,0,0
2025-02-06,0.0,23.2,29.7,18.8,5.77,19.6,0,0,0,0,0,0,0,0,0
2025-02-07,0.0,21.6,29.2,16.2,5.47,19.1,0,0,0,0,0,0,0,0,0
2025-02-08,0.0,22.4,31.3,15.8,5.41,13.9,0,0,0,0,0,0,0,0,0
2025-02-09,0.0,22.5,32.0,14.2,4.94,17.7,0,0,0,0,0,0,0,0,0
2025-02-10,0.0,24.0,33.2,15.5,4.52,12.6,0,0,0,0,0,0,0,0,0
2025-02-11,0.0,25.3,34.1,18.1,4.71,12.0,0,0,0,0,0,0,0,0,0
2025-02-12,0.0,24.3,32.9,16.9,5.23,11.2,0,0,0,0,0,0,0,0,0
2025-02-13,0.0,22.3,29.8,16.9,5.64,15.9,0,0,0,0,0,0,0,0,0
2025-02-14,0.0,21.8,30.9,14.0,5.48,13.4,0,0,0,0,0,0,0,0,0
2025-02-15,0.0,22.9,32.8,13.7,4.41,11.5,0,0,0,0,0,0,0,0,0
2025-02-16,0.0,24.5,34.4,16.0,5.02,15.5,0,0,0,0,0,0,0,0,0
2025-02-17,0.0,24.8,33.9,16.5,4.64,8.7,0,0,0,0,0,0,0,0,0
2025-02-18,0.0,25.1,33.7,17.8,4.82,18.9,0,0,0,0,0,0,0,0,0
2025-02-19,0.0,25.6,33.2,18.8,4.8,12.6,0,0,0,0,0,0,0,0,0
2025-02-20,0.0,25.9,33.8,18.7,5.52,14.7,0,0,0,0,0,0,0,0,0
2025-02-21,0.0,25.1,33.5,17.1,5.29,13.1,0,0,0,0,0,0,0,0,0
2025-02-22,0.0,24.4,32.3,17.9,5.88,15.2,0,0,0,0,0,0,0,0,0
2025-02-23,0.0,23.6,31.8,16.0,5.59,10.8,0,0,0,0,0,0,0,0,0
2025-02-24,0.0,24.4,32.1,16.3,5.44,14.9,0,0,0,0,0,0,0,0,0
2025-02-25,0.0,24.8,32.6,17.7,5.51,14.2,0,0,0,0,0,0,0,0,0
2025-02-26,0.0,25.1,33.5,17.3,6.05,13.2,0,0,0,0,0,0,0,0,0
2025-02-27,0.0,25.7,34.4,17.6,5.0,11.2,0,0,0,0,0,0,0,0,0
2025-02-28,0.0,26.5,35.3,18.8,5.53,13.2,0,0,0,0,0,0,0,0,0
2025-03-01,0.0,27.0,35.8,18.6,5.53,13.7,0,0,0,0,0,0,0,0,0
2025-03-02,0.0,27.5,36.3,19.7,5.3,19.3,0,0,0,0,0,0,0,0,0
2025-03-03,0.0,27.0,34.9,20.0,6.26,12.2,0,0,0,0,0,0,0,0,0
2025-03-04,0.0,27.4,36.3,18.8,6.48,16.6,0,0,0,0,0,0,0,0,0
2025-03-05,0.0,23.7,31.1,18.3,6.86,20.0,0,0,0,0,0,0,0,0,0
2025-03-06,0.0,22.3,32.5,13.6,6.14,15.7,0,0,0,0,0,0,0,0,0
2025-03-07,0.0,24.1,33.7,14.9,5.99,13.4,0,0,0,0,0,0,0,0,0
2025-03-08,0.0,25.5,35.8,15.6,6.09,15.2,0,0,0,0,0,0,0,0,0
2025-03-09,0.0,26.7,35.9,18.2,5.84,11.0,0,0,0,0,0,0,0,0,0
2025-03-10,0.0,27.9,36.2,20.1,6.59,12.9,0,0,0,0,0,0,0,0,0
2025-03-11,0.0,28.0,37.5,19.1,6.08,10.8,0,0,0,0,0,0,0,0,0
2025-03-12,0.0,28.8,38.7,18.7,5.87,13.4,0,0,0,0,0,0,0,0,0
2025-03-13,0.0,29.7,40.1,20.9,6.45,20.6,0,0,0,0,0,0,0,0,0
2025-03-14,0.0,30.0,40.1,21.2,6.41,22.3,0,0,0,0,0,0,0,0,0
2025-03-15,0.0,29.8,38.7,21.2,6.52,17.7,0,0,0,0,0,0,0,0,0
2025-03-16,0.0,29.9,38.1,22.1,5.8,14.7,0,0,0,0,0,0,0,0,0
2025-03-17,0.0,30.1,37.9,23.6,6.59,15.9,0,0,0,0,0,0,0,0,0
2025-03-18,0.0,29.2,37.6,21.9,6.2,11.9,0,0,0,0,0,0,0,0,0
2025-03-19,0.0,30.0,38.2,21.6,6.84,16.9,0,0,0,0,0,0,0,0,0
2025-03-20,0.0,30.3,37.7,23.4,7.0,19.1,0,0,0,0,0,0,0,0,0
2025-03-21,0.0,29.3,37.8,23.8,6.84,19.2,0,0,0,0,0,0,0,0,0
2025-03-22,0.0,27.3,35.2,20.7,5.07,8.9,0,0,0,0,0,0,0,0,0
2025-03-23,0.0,26.8,35.9,20.0,6.1,17.4,0,0,0,0,0,0,0,0,0
2025-03-24,0.0,27.0,35.7,18.4,6.76,12.2,0,0,0,0,0,0,0,0,0
2025-03-25,0.0,27.4,36.8,18.0,6.87,12.5,0,0,0,0,0,0,0,0,0
2025-03-26,0.0,27.9,38.0,18.2,6.53,14.1,0,0,0,0,0,0,0,0,0
2025-03-27,0.0,29.4,39.9,19.5,6.04,12.1,0,0,0,0,0,0,0,0,0
2025-03-28,0.0,30.3,39.0,21.3,7.53,15.5,0,0,0,0,0,0,0,0,0
2025-03-29,0.0,29.9,38.2,22.2,8.13,17.8,0,0,0,0,0,0,0,0,0
2025-03-30,0.0,30.1,39.3,21.2,8.08,14.5,0,0,0,0,0,0,0,0,0
2025-03-31,0.0,30.2,38.8,22.3,6.78,12.2,0,0,0,0,0,0,0,0,0
2025-04-01,0.0,29.9,38.1,22.1,6.08,19.0,0,0,0,0,0,0,0,0,0
2025-04-02,0.0,28.8,34.9,24.6,6.63,22.3,0,0,0,0,0,0,0,0,0
2025-04-03,0.7,26.3,31.5,22.1,3.73,24.1,0,0,0,0,0,1,1,1,0
2025-04-04,0.0,28.4,37.0,22.2,5.5,12.7,0,0,0,0,0,0,0,0,0
2025-04-05,0.0,29.1,39.1,19.4,5.84,9.8,0,0,0,0,0,0,0,0,0
2025-04-06,0.0,30.0,39.8,19.7,7.15,15.8,0,0,0,0,0,0,0,0,0
2025-04-07,0.0,30.6,40.3,20.8,7.04,18.3,0,0,0,0,0,0,0,0,0
2025-04-08,0.0,30.8,39.6,21.8,6.68,15.4,0,0,0,0,0,0,0,0,0
2025-04-09,0.0,31.4,38.8,23.7,6.67,16.9,0,0,0,0,0,0,0,0,0
2025-04-10,0.6,31.0,40.1,24.2,6.45,22.7,0,0,0,0,0,0,0,0,0
2025-04-11,0.0,31.5,41.4,23.3,6.58,19.6,0,0,0,0,0,0,0,0,0
2025-04-12,0.0,31.7,39.9,23.2,7.27,18.8,0,0,0,0,0,0,0,0,0
2025-04-13,0.0,31.1,39.6,22.3,6.74,13.9,0,0,0,0,0,0,0,0,0
2025-04-14,0.0,30.3,38.3,22.7,6.44,16.8,0,0,0,0,0,0,0,0,0
2025-04-15,0.0,31.1,38.7,22.5,6.64,15.0,0,0,0,0,0,0,0,0,0
2025-04-16,0.0,31.1,38.4,24.3,6.61,15.9,0,0,0,0,0,0,0,0,0
2025-04-17,0.0,31.8,40.9,23.6,6.45,16.0,0,0,0,0,0,0,0,0,0
2025-04-18,0.0,33.3,42.0,25.3,7.33,17.3,0,0,0,0,0,0,0,0,0
2025-04-19,0.0,33.4,42.2,26.6,6.74,14.3,0,0,0,0,0,0,0,0,0
2025-04-20,0.0,33.8,43.3,24.3,7.33,21.0,0,0,0,0,0,0,0,0,0
2025-04-21,0.0,34.3,42.8,25.4,6.52,7.1,0,0,0,0,0,0,0,0,0
2025-04-22,0.0,34.1,43.7,24.4,7.61,15.6,0,0,0,0,0,0,0,0,0
2025-04-23,0.0,33.5,42.7,24.0,7.19,11.7,0,0,0,0,0,0,0,0,0
2025-04-24,0.0,33.3,42.8,24.0,7.61,16.6,0,0,0,0,0,0,0,0,0
2025-04-25,0.0,33.9,42.6,24.4,6.47,12.3,0,0,0,0,0,0,0,0,0
2025-04-26,0.0,34.3,41.4,26.7,6.88,20.0,0,0,0,0,0,0,0,0,0
2025-04-27,0.0,31.0,38.2,26.2,6.85,20.9,0,0,0,0,0,0,0,0,0
2025-04-28,0.0,30.8,38.7,23.9,6.66,21.9,0,0,0,0,0,0,0,0,0
2025-04-29,0.1,30.6,38.9,23.9,7.1,20.9,0,0,0,0,0,0,0,0,0
2025-04-30,0.0,31.0,39.8,24.8,6.78,16.4,0,0,0,0,0,0,0,0,0
2025-05-01,1.5,29.9,38.6,25.0,6.31,18.7,0,0,0,0,0,0,0,0,0
2025-05-02,0.2,29.0,37.0,23.0,6.34,17.3,0,0,0,0,0,0,0,0,0
2025-05-03,1.4,29.3,38.7,22.8,6.13,19.9,0,0,0,0,0,0,0,0,0
2025-05-04,0.0,28.3,36.9,22.0,6.03,16.7,0,0,0,0,0,0,0,0,0
2025-05-05,4.0,29.5,37.1,22.3,5.95,11.0,0,0,0,0,0,0,0,0,0
2025-05-06,0.0,29.9,37.2,22.1,6.68,13.1,0,0,0,0,0,0,0,0,0
2025-05-07,0.0,30.1,36.7,23.8,7.05,19.7,0,0,0,0,0,0,0,0,0
2025-05-08,0.0,30.7,37.5,24.2,6.51,14.4,0,0,0,0,0,0,0,0,0
2025-05-09,0.0,30.9,37.9,23.7,6.17,8.3,0,0,0,0,0,0,0,0,0
2025-05-10,0.0,32.1,39.2,24.3,6.61,16.2,0,0,0,0,0,0,0,0,0
2025-05-11,0.2,32.0,39.9,26.6,6.13,15.5,0,0,0,0,0,0,0,0,0
2025-05-12,0.1,31.6,38.7,25.6,6.24,29.7,0,0,0,0,0,1,1,1,0
2025-05-13,0.0,33.1,39.3,27.1,6.29,15.5,0,0,0,0,0,0,0,0,0
2025-05-14,2.1,32.2,39.7,26.9,5.39,32.5,0,0,0,0,0,1,1,1,0
2025-05-15,1.5,31.9,39.7,26.7,4.92,22.3,0,0,0,0,0,0,0,0,0
2025-05-16,0.0,32.7,40.1,27.0,5.99,19.3,0,0,0,0,0,0,0,0,0
2025-05-17,0.0,32.7,40.9,26.9,6.5,19.2,0,0,0,0,0,0,0,0,0
2025-05-18,0.0,33.0,39.2,27.2,6.67,14.4,0,0,0,0,0,0,0,0,0
2025-05-19,0.1,33.3,40.5,28.0,6.89,20.7,0,0,0,0,0,0,0,0,0
2025-05-20,0.0,34.0,40.0,27.0,6.54,12.3,0,0,0,0,0,0,0,0,0
2025-05-21,0.2,32.8,39.7,27.0,5.96,25.8,0,0,0,0,0,1,1,1,0
2025-05-22,0.0,28.6,31.3,25.0,2.9,12.8,0,0,0,0,0,0,0,0,0
2025-05-23,0.0,30.7,35.7,25.6,5.99,12.6,0,0,0,0,0,0,0,0,0
2025-05-24,3.5,28.5,31.5,26.1,3.19,14.0,0,0,0,0,0,0,0,0,0
2025-05-25,12.0,28.1,34.0,24.5,4.07,11.2,1,0,0,0,0,0,1,1,0
2025-05-26,3.7,29.5,35.6,24.5,4.69,11.6,0,0,0,0,0,0,0,0,0
2025-05-27,8.0,30.5,36.1,25.2,5.32,14.7,1,0,0,0,0,0,1,1,0
2025-05-28,0.0,31.0,37.4,26.1,5.79,16.9,0,0,0,0,0,0,0,0,0
2025-05-29,0.0,31.3,37.2,25.7,5.75,13.0,0,0,0,0,0,0,0,0,0
2025-05-30,3.0,30.4,38.2,26.7,4.89,19.1,0,0,0,0,0,0,0,0,0
2025-05-31,0.0,31.7,37.4,26.5,5.99,12.0,0,0,0,0,0,0,0,0,0
2025-06-01,0.0,30.7,38.0,24.6,6.06,16.9,0,0,0,0,0,0,0,0,0
2025-06-02,0.5,29.4,35.6,23.2,5.73,17.2,0,0,0,0,0,0,0,0,0
2025-06-03,0.4,29.9,36.0,24.7,6.05,18.9,0,0,0,0,0,0,0,0,0
2025-06-04,16.0,27.2,33.9,23.4,3.6,22.5,1,0,0,0,0,0,1,1,0
2025-06-05,0.0,29.8,36.1,23.9,5.64,13.3,0,0,0,0,0,0,0,0,0
2025-06-06,0.0,30.7,39.1,23.3,5.84,15.9,0,0,0,0,0,0,0,0,0
2025-06-07,0.0,31.3,38.1,24.5,5.35,7.6,0,0,0,0,0,0,0,0,0
2025-06-08,0.0,33.0,40.7,25.8,6.51,19.4,0,0,0,0,0,0,0,0,0
2025-06-09,0.0,33.4,41.6,26.0,6.92,21.3,0,0,0,0,0,0,0,0,0
2025-06-10,0.2,33.0,41.8,26.1,6.46,14.5,0,0,0,0,0,0,0,0,0
2025-06-11,0.0,32.3,38.3,26.8,6.04,10.9,0,0,0,0,0,0,0,0,0
2025-06-12,0.0,32.6,38.4,27.1,6.4,12.8,0,0,0,0,0,0,0,0,0
2025-06-13,0.0,32.3,37.5,27.3,6.06,12.6,0,0,0,0,0,0,0,0,0
2025-06-14,0.4,32.5,37.6,27.1,6.32,14.5,0,0,0,0,0,0,0,0,0
2025-06-15,0.0,31.8,36.8,27.5,6.45,20.4,0,0,0,0,0,0,0,0,0
2025-06-16,0.8,30.9,35.1,27.3,5.74,17.8,0,0,0,0,0,0,0,0,0
2025-06-17,22.7,27.7,31.1,25.5,3.25,13.6,1,0,0,0,0,0,1,1,0
2025-06-18,0.0,30.6,35.0,26.9,5.38,20.8,0,0,0,0,0,0,0,0,0
2025-06-19,11.8,27.8,31.4,25.3,3.01,18.8,1,0,0,0,0,0,1,1,0
2025-06-20,34.3,25.7,28.9,23.2,1.52,12.7,1,0,0,0,0,0,1,1,0
2025-06-21,0.8,28.6,32.8,25.0,4.25,15.7,0,0,0,0,0,0,0,0,0
2025-06-22,25.1,26.7,30.9,24.9,2.12,13.0,1,0,0,0,0,0,1,1,0
2025-06-23,15.2,27.4,33.2,24.8,3.9,13.9,1,0,0,0,0,0,1,1,0
2025-06-24,31.4,26.0,29.8,24.5,2.04,10.4,1,0,0,0,0,0,1,1,0
2025-06-25,4.1,27.3,32.9,24.0,3.74,12.5,0,0,0,0,0,0,0,0,0
2025-06-26,15.8,26.0,29.6,24.4,2.37,10.7,1,0,0,0,0,0,1,1,0
2025-06-27,13.1,26.5,31.2,24.3,3.04,17.9,1,0,0,0,0,0,1,1,0
2025-06-28,8.8,26.7,29.8,24.6,2.09,10.4,1,0,0,0,0,0,1,1,0
2025-06-29,30.5,25.6,29.5,23.6,3.06,14.9,1,0,0,0,0,0,1,1,0
2025-06-30,45.8,25.1,29.3,23.5,2.46,14.4,1,0,0,0,0,0,1,1,0
2025-07-01,28.5,25.5,30.0,23.3,2.51,16.1,1,0,0,0,0,0,1,1,0
2025-07-02,22.8,25.8,29.8,23.6,2.54,14.3,1,0,0,0,0,0,1,1,0
2025-07-03,28.0,25.9,29.7,24.0,2.05,9.3,1,0,0,0,0,0,1,1,0
2025-07-04,48.8,25.0,26.0,24.0,1.23,12.5,1,0,0,0,0,0,1,1,0
2025-07-05,12.3,25.6,27.6,23.8,1.63,10.5,1,0,0,0,0,0,1,1,0
2025-07-06,62.0,25.3,26.8,24.1,1.16,8.1,1,0,0,0,0,0,1,1,0
2025-07-07,65.5,25.1,29.3,23.6,1.67,17.0,1,0,0,0,0,0,1,1,0
2025-07-08,53.9,25.6,29.2,23.4,2.45,16.6,1,0,0,0,0,0,1,1,0
2025-07-09,25.8,25.8,30.5,23.4,2.58,18.6,1,0,0,0,0,0,1,1,0
2025-07-10,3.5,27.0,30.7,23.7,4.05,21.1,0,0,0,0,0,0,0,0,0
2025-07-11,12.4,26.7,31.3,23.5,4.02,19.1,1,0,0,0,0,0,1,1,0
2025-07-12,12.8,26.8,32.2,23.1,4.18,15.8,1,0,0,0,0,0,1,1,0
2025-07-13,3.9,27.1,30.7,24.4,3.32,9.6,0,0,0,0,0,0,0,0,0
2025-07-14,5.6,27.1,30.5,24.3,3.28,9.1,0,0,0,0,0,0,0,0,0
2025-07-15,4.6,27.2,30.0,24.4,3.02,6.2,0,0,0,0,0,0,0,0,0
2025-07-16,9.4,26.2,29.3,24.8,2.42,12.1,1,0,0,0,0,0,1,1,0
2025-07-17,16.2,26.0,29.7,24.4,2.37,10.6,1,0,0,0,0,0,1,1,0
2025-07-18,1.0,27.3,31.9,24.4,4.27,10.9,0,0,0,0,0,0,0,0,0
2025-07-19,0.2,28.6,33.4,23.9,5.27,5.2,0,0,0,0,0,0,0,0,0
2025-07-20,5.5,27.3,32.3,23.9,3.27,12.6,0,0,0,0,0,0,0,0,0
2025-07-21,10.4,27.6,32.6,24.2,4.16,12.7,1,0,0,0,0,0,1,1,0
2025-07-22,19.5,27.2,30.7,24.8,3.01,13.1,1,0,0,0,0,0,1,1,0
2025-07-23,52.2,26.7,32.0,24.3,3.5,14.3,1,0,0,0,0,0,1,1,0
2025-07-24,23.3,25.7,27.0,24.3,1.37,12.6,1,0,0,0,0,0,1,1,0
2025-07-25,39.8,25.2,27.5,23.6,1.38,13.4,1,0,0,0,0,0,1,1,0
2025-07-26,50.9,25.3,28.1,23.8,1.73,16.8,1,0,0,0,0,0,1,1,0
2025-07-27,6.7,26.3,31.4,23.6,3.38,20.3,0,0,0,0,0,0,0,0,0
2025-07-28,7.6,26.1,29.8,24.4,2.53,18.4,0,0,0,0,0,0,0,0,0
2025-07-29,38.8,24.9,27.5,23.8,1.65,18.0,1,0,0,0,0,0,1,1,0
2025-07-30,0.6,26.5,30.9,23.0,3.93,15.4,0,0,0,0,0,0,0,0,0
2025-07-31,1.4,26.3,31.2,23.0,3.87,16.6,0,0,0,0,0,0,0,0,0
2025-08-01,0.1,27.7,32.4,23.3,5.06,11.1,0,0,0,0,0,0,0,0,0
2025-08-02,0.1,28.4,31.9,25.6,4.2,10.3,0,0,0,0,0,0,0,0,0
2025-08-03,1.8,27.1,31.9,24.2,4.08,14.7,0,0,0,0,0,0,0,0,0
2025-08-04,0.3,28.3,33.4,23.6,4.88,7.7,0,0,0,0,0,0,0,0,0
2025-08-05,7.7,27.7,32.5,24.3,4.69,6.6,0,0,0,0,0,0,0,0,0
2025-08-06,5.9,28.1,32.9,24.3,4.72,16.2,0,0,0,0,0,0,0,0,0
2025-08-07,4.0,27.2,32.3,24.5,3.83,19.1,0,0,0,0,0,0,0,0,0
2025-08-08,3.7,26.2,30.0,23.7,3.22,12.8,0,0,0,0,0,0,0,0,0
2025-08-09,5.4,26.0,30.4,23.3,3.62,11.0,0,0,0,0,0,0,0,0,0
2025-08-10,6.2,26.7,30.8,23.7,4.17,7.1,0,0,0,0,0,0,0,0,0
2025-08-11,3.8,26.7,31.6,23.4,4.13,11.8,0,0,0,0,0,0,0,0,0
2025-08-12,4.7,26.9,30.6,23.8,3.72,14.4,0,0,0,0,0,0,0,0,0
2025-08-13,37.3,25.9,29.2,24.2,2.61,14.4,1,0,0,0,0,0,1,1,0
2025-08-14,8.0,26.8,31.4,23.8,4.3,10.4,1,0,0,0,0,0,1,1,0
2025-08-15,8.8,26.1,29.0,24.0,2.77,10.4,1,0,0,0,0,0,1,1,0
2025-08-16,26.6,26.8,31.1,24.1,3.83,13.9,1,0,0,0,0,0,1,1,0
2025-08-17,2.2,27.5,30.9,24.3,4.3,10.1,0,0,0,0,0,0,0,0,0
2025-08-18,38.7,26.8,30.4,24.5,3.73,9.6,1,0,0,0,0,0,1,1,0
2025-08-19,33.7,26.1,30.5,23.7,3.41,11.2,1,0,0,0,0,0,1,1,0
2025-08-20,13.0,25.2,27.4,23.4,2.08,13.2,1,0,0,0,0,0,1,1,0
2025-08-21,24.6,25.7,29.1,23.7,2.53,13.7,1,0,0,0,0,0,1,1,0
2025-08-22,13.2,25.0,26.4,23.9,1.65,13.4,1,0,0,0,0,0,1,1,0
2025-08-23,20.7,24.6,27.6,23.2,1.92,19.0,1,0,0,0,0,0,1,1,0
2025-08-24,15.7,25.3,28.8,23.0,2.98,19.1,1,0,0,0,0,0,1,1,0
2025-08-25,20.4,25.2,29.6,23.2,2.56,11.9,1,0,0,0,0,0,1,1,0
2025-08-26,17.6,26.2,30.1,23.1,3.88,7.2,1,0,0,0,0,0,1,1,0
2025-08-27,6.8,26.3,30.3,23.7,3.71,10.7,0,0,0,0,0,0,0,0,0
2025-08-28,7.8,26.2,29.9,23.3,3.58,10.2,1,0,0,0,0,0,1,1,0
2025-08-29,2.0,26.7,30.5,23.7,3.78,11.0,0,0,0,0,0,0,0,0,0
2025-08-30,4.0,26.6,29.9,24.1,3.75,12.4,0,0,0,0,0,0,0,0,0
2025-08-31,9.5,26.3,30.5,24.1,3.66,13.3,1,0,0,0,0,0,1,1,0
2025-09-01,42.2,25.5,29.7,23.7,3.06,14.6,1,0,0,0,0,0,1,1,0
2025-09-02,32.3,25.9,30.3,23.4,3.71,16.1,1,0,0,0,0,0,1,1,0
2025-09-03,16.0,25.1,29.2,23.1,2.72,12.8,1,0,0,0,0,0,1,1,0
2025-09-04,16.3,25.4,28.7,23.9,2.73,14.0,1,0,0,0,0,0,1,1,0
2025-09-05,1.6,26.3,29.9,23.2,4.17,20.2,0,0,0,0,0,0,0,0,0
2025-09-06,3.2,26.3,29.9,23.3,4.13,16.6,0,0,0,0,0,0,0,0,0
2025-09-07,16.2,25.7,29.6,23.3,3.36,8.2,1,0,0,0,0,0,1,1,0
2025-09-08,4.7,25.9,30.6,23.1,3.63,10.8,0,0,0,0,0,0,0,0,0
2025-09-09,17.3,26.3,31.8,23.2,4.09,13.4,1,0,0,0,0,0,1,1,0
2025-09-10,0.3,26.9,31.5,23.7,4.27,13.5,0,0,0,0,0,0,0,0,0
2025-09-11,9.6,26.3,30.1,24.0,3.12,14.1,1,0,0,0,0,0,1,1,0
2025-09-12,18.4,26.1,30.4,23.2,3.5,16.6,1,0,0,0,0,0,1,1,0
2025-09-13,17.9,26.1,29.9,23.6,3.23,11.2,1,0,0,0,0,0,1,1,0
2025-09-14,2.8,26.5,30.0,23.5,3.82,7.4,0,0,0,0,0,0,0,0,0
2025-09-15,12.3,26.0,29.4,24.0,2.83,8.8,1,0,0,0,0,0,1,1,0
2025-09-16,6.1,25.8,29.8,24.1,3.36,8.3,0,0,0,0,0,0,0,0,0
2025-09-17,10.1,25.7,28.6,23.6,2.51,7.4,1,0,0,0,0,0,1,1,0
2025-09-18,8.1,26.2,29.9,23.2,3.39,8.6,1,0,0,0,0,0,1,1,0
2025-09-19,1.3,26.8,31.0,23.2,4.1,8.7,0,0,0,0,0,0,0,0,0
2025-09-20,2.3,26.9,31.5,23.7,4.14,7.4,0,0,0,0,0,0,0,0,0
2025-09-21,0.0,27.6,31.9,23.7,4.56,14.6,0,0,0,0,0,0,0,0,0
2025-09-22,0.0,27.6,32.6,23.8,4.87,13.9,0,0,0,0,0,0,0,0,0
2025-09-23,0.1,27.0,32.1,22.0,4.65,15.1,0,0,0,0,0,0,0,0,0
2025-09-24,5.9,26.8,31.8,23.1,4.14,22.7,0,0,0,0,0,0,0,0,0
2025-09-25,12.5,25.1,28.6,23.0,2.47,14.8,1,0,0,0,0,0,1,1,0
2025-09-26,15.1,26.6,31.5,23.8,3.9,15.3,1,0,0,0,0,0,1,1,0
2025-09-27,23.4,25.6,29.2,24.0,2.33,15.2,1,0,0,0,0,0,1,1,0
2025-09-28,2.5,26.2,29.8,23.7,3.47,15.4,0,0,0,0,0,0,0,0,0
2025-09-29,0.8,26.2,30.1,23.2,3.89,10.1,0,0,0,0,0,0,0,0,0
2025-09-30,7.5,26.1,31.1,22.6,4.13,7.7,0,0,0,0,0,0,0,0,0
2025-10-01,5.3,25.8,31.3,22.8,3.96,14.6,0,0,0,0,0,0,0,0,0
2025-10-02,2.3,26.1,30.5,23.4,3.43,13.8,0,0,0,0,0,0,0,0,0
2025-10-03,3.8,25.5,28.3,24.0,1.93,14.8,0,0,0,0,0,0,0,0,0
2025-10-04,4.1,26.4,30.8,24.0,3.71,14.1,0,0,0,0,0,0,0,0,0
2025-10-05,17.7,25.5,29.9,23.7,2.86,7.7,1,0,0,0,0,0,1,1,0
2025-10-06,12.0,25.3,29.3,22.5,2.96,7.5,1,0,0,0,0,0,1,1,0
2025-10-07,2.2,25.7,30.4,21.9,4.05,12.8,0,0,0,0,0,0,0,0,0
2025-10-08,0.0,25.8,30.5,21.8,4.31,11.5,0,0,0,0,0,0,0,0,0
2025-10-09,0.3,25.7,30.2,21.8,4.35,12.6,0,0,0,0,0,0,0,0,0
2025-10-10,1.0,24.3,28.7,21.2,3.64,10.9,0,0,0,0,0,0,0,0,0
2025-10-11,0.8,24.5,29.2,21.1,3.98,11.8,0,0,0,0,0,0,0,0,0
2025-10-12,0.1,24.1,29.3,19.5,4.08,10.6,0,0,0,0,0,0,0,0,0
2025-10-13,1.0,24.5,29.6,20.0,3.74,10.3,0,0,0,0,0,0,0,0,0
2025-10-14,0.1,25.3,30.4,20.8,3.88,8.3,0,0,0,0,0,0,0,0,0
2025-10-15,0.2,25.5,30.9,21.5,4.0,7.4,0,0,0,0,0,0,0,0,0
2025-10-16,0.2,25.3,30.2,21.4,3.82,9.4,0,0,0,0,0,0,0,0,0
2025-10-17,0.0,25.4,30.7,21.2,3.92,8.0,0,0,0,0,0,0,0,0,0
2025-10-18,0.0,24.7,30.8,20.3,4.32,11.7,0,0,0,0,0,0,0,0,0
2025-10-19,0.0,24.0,30.7,18.5,4.42,13.0,0,0,0,0,0,0,0,0,0
2025-10-20,0.3,24.2,30.3,18.4,3.8,9.5,0,0,0,0,0,0,0,0,0
2025-10-21,0.2,25.6,31.1,21.9,3.78,11.1,0,0,0,0,0,0,0,0,0
2025-10-22,0.0,26.1,31.9,21.3,3.96,6.7,0,0,0,0,0,0,0,0,0
2025-10-23,0.0,26.0,31.9,20.3,4.05,6.5,0,0,0,0,0,0,0,0,0
2025-10-24,0.0,26.1,32.0,20.6,4.04,6.7,0,0,0,0,0,0,0,0,0
2025-10-25,13.6,24.5,27.8,22.4,1.43,8.1,1,0,0,0,0,0,1,1,0
2025-10-26,8.8,23.7,27.5,22.2,1.87,12.6,1,0,0,0,0,0,1,1,0
2025-10-27,0.2,25.1,30.4,20.9,3.78,14.1,0,0,0,0,0,0,0,0,0
2025-10-28,0.3,25.3,29.5,22.4,2.6,15.5,0,0,0,0,0,0,0,0,0
2025-10-29,9.3,25.9,29.9,23.5,3.09,16.3,1,0,0,0,0,0,1,1,0
2025-10-30,11.5,24.0,26.2,22.7,1.29,13.5,1,0,0,0,0,0,1,1,0
2025-10-31,16.0,24.5,29.0,22.1,2.57,13.8,1,0,0,0,0,0,1,1,0
2025-11-01,0.9,25.2,30.0,22.1,3.23,11.2,0,0,0,0,0,0,0,0,0
2025-11-02,0.6,25.3,29.9,21.8,3.41,10.5,0,0,0,0,0,0,0,0,0
2025-11-03,0.1,25.2,30.8,20.9,3.78,10.7,0,0,0,0,0,0,0,0,0
2025-11-04,0.0,24.4,30.1,19.3,3.5,7.0,0,0,0,0,0,0,0,0,0
2025-11-05,0.0,24.2,29.6,19.8,3.52,9.0,0,0,0,0,0,0,0,0,0
2025-11-06,0.0,23.9,29.6,19.2,3.83,14.4,0,0,0,0,0,0,0,0,0
2025-11-07,0.0,21.8,28.8,16.7,4.16,13.1,0,0,0,0,0,0,0,0,0
2025-11-08,0.0,20.4,27.6,15.0,4.19,12.4,0,0,0,0,0,0,0,0,0
2025-11-09,0.0,18.6,26.5,12.5,3.94,11.0,0,0,0,0,0,0,0,0,0
2025-11-10,0.0,18.3,26.9,11.3,3.8,9.3,0,0,0,0,0,0,0,0,0
2025-11-11,0.0,18.2,26.9,11.0,3.85,9.7,0,0,0,0,0,0,0,0,0
2025-11-12,0.0,18.5,27.5,11.1,3.87,9.4,0,0,0,0,0,0,0,0,0
2025-11-13,0.0,18.6,27.5,11.7,3.99,11.2,0,0,0,0,0,0,0,0,0
2025-11-14,0.0,18.6,27.4,11.1,3.95,11.1,0,0,0,0,0,0,0,0,0
2025-11-15,0.0,18.6,26.9,11.9,3.98,11.6,0,0,0,0,0,0,0,0,0
2025-11-16,0.0,18.1,26.2,11.5,4.05,12.4,0,0,0,0,0,0,0,0,0
2025-11-17,0.0,18.1,26.1,11.2,3.74,9.7,0,0,0,0,0,0,0,0,0
2025-11-18,0.0,18.3,26.1,11.7,3.49,10.3,0,0,0,0,0,0,0,0,0
2025-11-19,0.0,18.6,26.6,11.9,3.45,9.8,0,0,0,0,0,0,0,0,0
2025-11-20,0.0,19.2,27.4,12.1,3.58,10.7,0,0,0,0,0,0,0,0,0
2025-11-21,0.0,20.1,28.0,13.4,3.38,11.0,0,0,0,0,0,0,0,0,0
2025-11-22,0.0,20.3,28.4,13.7,3.38,9.0,0,0,0,0,0,0,0,0,0
2025-11-23,0.0,20.4,28.2,13.8,3.29,9.6,0,0,0,0,0,0,0,0,0
2025-11-24,0.0,21.1,28.5,15.2,3.33,9.8,0,0,0,0,0,0,0,0,0
2025-11-25,0.0,21.4,27.9,15.7,3.02,9.3,0,0,0,0,0,0,0,0,0
2025-11-26,0.0,21.1,27.6,15.7,3.02,8.8,0,0,0,0,0,0,0,0,0
2025-11-27,0.0,20.6,28.0,15.0,3.77,14.9,0,0,0,0,0,0,0,0,0
2025-11-28,0.0,18.1,25.8,11.7,3.69,10.9,0,0,0,0,0,0,0,0,0
2025-11-29,0.0,17.9,26.2,11.1,3.5,10.9,0,0,0,0,0,0,0,0,0
2025-11-30,0.0,18.6,26.7,11.6,3.45,11.8,0,0,0,0,0,0,0,0,0
2025-12-01,0.0,19.0,26.9,12.7,3.4,12.4,0,0,0,0,0,0,0,0,0
2025-12-02,0.0,18.5,26.8,12.4,3.44,12.6,0,0,0,0,0,0,0,0,0
2025-12-03,0.0,18.4,27.0,11.9,3.47,11.0,0,0,0,0,0,0,0,0,0
2025-12-04,0.0,18.4,26.7,11.9,3.53,10.8,0,0,0,0,0,0,0,0,0
2025-12-05,0.0,18.0,25.9,11.9,3.65,12.6,0,0,0,0,0,0,0,0,0
2025-12-06,0.0,16.7,25.2,9.8,3.58,12.3,0,0,0,0,0,0,0,0,0
2025-12-07,0.0,17.4,27.2,10.1,3.6,10.7,0,0,0,0,0,0,0,0,0
2025-12-08,0.0,17.9,27.9,10.3,3.85,14.1,0,0,0,0,0,0,0,0,0
2025-12-09,0.0,17.9,27.9,10.6,3.98,14.4,0,0,0,0,0,0,0,0,0
2025-12-10,0.0,17.3,27.2,9.8,3.82,12.0,0,0,0,0,0,0,0,0,0
2025-12-11,0.0,17.4,27.0,9.8,3.32,9.9,0,0,0,0,0,0,0,0,0
2025-12-12,0.0,17.6,26.8,10.4,3.53,11.7,0,0,0,0,0,0,0,0,0
2025-12-13,0.0,17.8,27.0,10.3,3.45,11.5,0,0,0,0,0,0,0,0,0
2025-12-14,0.0,17.6,25.9,10.2,3.32,11.3,0,0,0,0,0,0,0,0,0
2025-12-15,0.0,17.6,26.0,11.1,3.12,11.8,0,0,0,0,0,0,0,0,0
2025-12-16,0.0,17.5,26.3,10.8,3.11,12.0,0,0,0,0,0,0,0,0,0
2025-12-17,0.0,17.6,28.1,9.7,3.7,12.4,0,0,0,0,0,0,0,0,0
2025-12-18,0.0,17.9,27.6,10.6,3.78,15.8,0,0,0,0,0,0,0,0,0
2025-12-19,0.0,17.0,25.4,10.5,3.57,16.7,0,0,0,0,0,0,0,0,0
2025-12-20,0.0,16.7,26.2,9.8,3.56,12.4,0,0,0,0,0,0,0,0,0
2025-12-21,0.0,17.0,26.2,9.3,3.61,11.7,0,0,0,0,0,0,0,0,0
2025-12-22,0.0,17.5,26.1,10.6,3.7,13.0,0,0,0,0,0,0,0,0,0
2025-12-23,0.0,17.9,27.3,10.5,3.81,13.9,0,0,0,0,0,0,0,0,0
2025-12-24,0.0,18.0,26.6,10.6,3.58,13.4,0,0,0,0,0,0,0,0,0
2025-12-25,0.0,17.9,26.1,11.1,3.34,9.7,0,0,0,0,0,0,0,0,0
2025-12-26,0.0,17.6,26.1,10.9,3.51,11.6,0,0,0,0,0,0,0,0,0
2025-12-27,0.0,16.8,26.0,9.7,3.6,12.5,0,0,0,0,0,0,0,0,0
2025-12-28,0.0,16.5,26.0,8.9,3.55,12.0,0,0,0,0,0,0,0,0,0
2025-12-29,0.0,16.9,26.6,9.8,3.52,12.5,0,0,0,0,0,0,0,0,0
2025-12-30,0.0,17.2,27.1,9.0,3.27,12.3,0,0,0,0,0,0,0,0,0
2025-12-31,0.0,17.7,26.9,10.2,3.42,9.0,0,0,0,0,0,0,0,0,0
2026-01-01,0.0,18.4,27.5,10.6,3.43,11.0,0,0,0,0,0,0,0,0,0
2026-01-02,0.0,19.3,27.5,12.0,3.08,13.0,0,0,0,0,0,0,0,0,0
2026-01-03,0.0,19.7,27.3,13.6,3.18,11.9,0,0,0,0,0,0,0,0,0
2026-01-04,0.0,19.1,26.5,13.3,3.45,14.2,0,0,0,0,0,0,0,0,0
2026-01-05,0.0,16.7,24.3,11.1,3.79,14.2,0,0,0,0,0,0,0,0,0
2026-01-06,0.0,16.1,25.6,8.9,3.61,12.2,0,0,0,0,0,0,0,0,0
2026-01-07,0.0,17.2,26.5,9.5,3.68,11.6,0,0,0,0,0,0,0,0,0
2026-01-08,0.0,18.2,26.4,11.4,3.66,9.8,0,0,0,0,0,0,0,0,0
2026-01-09,0.0,17.8,26.5,10.9,3.64,12.1,0,0,0,0,0,0,0,0,0
2026-01-10,0.0,17.5,26.9,9.7,3.52,8.6,0,0,0,0,0,0,0,0,0
2026-01-11,0.0,18.0,26.6,10.7,3.62,9.4,0,0,0,0,0,0,0,0,0
2026-01-12,0.0,18.5,26.6,11.3,3.39,8.6,0,0,0,0,0,0,0,0,0
2026-01-13,0.0,18.6,27.5,11.4,3.89,12.6,0,0,0,0,0,0,0,0,0
2026-01-14,0.0,19.2,28.2,11.7,3.25,10.3,0,0,0,0,0,0,0,0,0
2026-01-15,0.0,18.7,27.3,12.0,3.98,12.1,0,0,0,0,0,0,0,0,0
2026-01-16,0.0,17.8,27.7,9.8,3.9,10.9,0,0,0,0,0,0,0,0,0
2026-01-17,0.0,18.9,29.2,10.0,3.73,10.7,0,0,0,0,0,0,0,0,0
2026-01-18,0.0,19.7,29.3,11.4,3.92,8.7,0,0,0,0,0,0,0,0,0
2026-01-19,0.0,20.2,29.0,12.5,3.76,9.3,0,0,0,0,0,0,0,0,0
2026-01-20,0.0,20.8,28.8,14.7,3.4,9.9,0,0,0,0,0,0,0,0,0
2026-01-21,0.0,20.9,28.2,14.1,3.44,13.1,0,0,0,0,0,0,0,0,0
2026-01-22,0.0,20.4,28.0,13.4,3.6,10.7,0,0,0,0,0,0,0,0,0
2026-01-23,0.0,21.0,29.2,13.6,4.07,13.2,0,0,0,0,0,0,0,0,0
2026-01-24,0.0,20.7,28.0,14.2,3.27,9.7,0,0,0,0,0,0,0,0,0
2026-01-25,0.0,20.5,28.6,13.2,3.53,11.7,0,0,0,0,0,0,0,0,0
2026-01-26,0.0,20.5,28.8,12.9,3.63,8.7,0,0,0,0,0,0,0,0,0
2026-01-27,0.0,21.2,29.3,13.5,3.98,11.8,0,0,0,0,0,0,0,0,0
2026-01-28,0.1,21.7,28.2,15.6,3.44,12.5,0,0,0,0,0,0,0,0,0
2026-01-29,0.0,20.9,27.7,16.0,3.92,17.1,0,0,0,0,0,0,0,0,0
2026-01-30,0.0,20.4,28.4,14.0,4.08,12.3,0,0,0,0,0,0,0,0,0
2026-01-31,0.0,20.4,29.5,13.1,4.57,14.7,0,0,0,0,0,0,0,0,0
2026-02-01,0.0,21.9,30.7,14.8,4.4,12.7,0,0,0,0,0,0,0,0,0
2026-02-02,0.0,22.1,29.5,15.5,3.94,10.2,0,0,0,0,0,0,0,0,0
2026-02-03,0.0,21.8,29.7,14.6,3.86,9.3,0,0,0,0,0,0,0,0,0
2026-02-04,0.0,21.7,28.9,15.5,3.72,11.6,0,0,0,0,0,0,0,0,0
2026-02-05,0.0,21.7,29.2,15.6,4.05,12.8,0,0,0,0,0,0,0,0,0
2026-02-06,0.0,21.4,29.6,15.0,4.78,14.1,0,0,0,0,0,0,0,0,0
2026-02-07,0.0,20.7,29.1,13.7,4.97,16.9,0,0,0,0,0,0,0,0,0
2026-02-08,0.0,20.4,28.8,12.6,4.4,9.7,0,0,0,0,0,0,0,0,0
2026-02-09,0.0,21.2,29.8,13.1,4.65,15.5,0,0,0,0,0,0,0,0,0
2026-02-10,0.0,21.6,31.0,13.2,4.68,14.4,0,0,0,0,0,0,0,0,0
2026-02-11,0.0,22.7,31.5,14.7,4.6,14.8,0,0,0,0,0,0,0,0,0
2026-02-12,0.0,23.2,31.7,15.5,4.66,14.1,0,0,0,0,0,0,0,0,0
2026-02-13,0.0,23.6,31.9,15.7,4.47,10.4,0,0,0,0,0,0,0,0,0
2026-02-14,0.0,24.1,32.0,16.6,4.9,15.3,0,0,0,0,0,0,0,0,0
2026-02-15,0.0,23.5,31.8,16.3,5.39,13.4,0,0,0,0,0,0,0,0,0
2026-02-16,0.0,23.0,31.3,15.5,4.83,8.7,0,0,0,0,0,0,0,0,0
2026-02-17,0.0,23.0,32.1,14.5,5.16,10.6,0,0,0,0,0,0,0,0,0
2026-02-18,0.0,23.3,31.5,14.9,4.87,12.2,0,0,0,0,0,0,0,0,0
2026-02-19,0.0,23.5,31.5,15.9,5.07,12.0,0,0,0,0,0,0,0,0,0
2026-02-20,0.0,24.2,32.5,16.2,4.82,9.9,0,0,0,0,0,0,0,0,0
2026-02-21,0.0,24.4,32.8,17.7,4.93,19.7,0,0,0,0,0,0,0,0,0
2026-02-22,0.0,25.1,33.4,16.7,4.67,12.8,0,0,0,0,0,0,0,0,0
2026-02-23,0.0,24.6,32.1,18.8,4.57,14.3,0,0,0,0,0,0,0,0,0
2026-02-24,0.0,24.2,31.6,17.5,4.51,14.2,0,0,0,0,0,0,0,0,0
2026-02-25,0.0,23.6,32.2,16.3,4.67,15.7,0,0,0,0,0,0,0,0,0
2026-02-26,0.0,23.8,32.4,15.4,5.29,18.6,0,0,0,0,0,0,0,0,0
2026-02-27,0.0,24.7,33.5,16.1,4.6,12.5,0,0,0,0,0,0,0,0,0
2026-02-28,0.0,25.9,33.3,18.3,4.53,13.4,0,0,0,0,0,0,0,0,0
2026-03-01,0.0,27.1,35.3,20.4,6.28,19.3,0,0,0,0,0,0,0,0,0
2026-03-02,0.0,26.1,34.1,18.7,6.2,11.9,0,0,0,0,0,0,0,0,0
2026-03-03,0.0,25.8,35.2,17.1,6.01,15.8,0,0,0,0,0,0,0,0,0
2026-03-04,0.0,26.2,36.0,17.2,6.67,18.2,0,0,0,0,0,0,0,0,0
2026-03-05,0.0,26.3,36.5,17.5,6.48,16.4,0,0,0,0,0,0,0,0,0
2026-03-06,0.0,27.3,37.0,19.1,6.79,18.6,0,0,0,0,0,0,0,0,0
2026-03-07,0.0,27.4,36.6,18.9,6.93,19.6,0,0,0,0,0,0,0,0,0
2026-03-08,0.0,27.9,36.9,19.7,6.96,15.4,0,0,0,0,0,0,0,0,0
2026-03-09,0.0,28.6,37.9,19.6,6.98,14.9,0,0,0,0,0,0,0,0,0
2026-03-10,0.0,28.6,37.9,20.4,6.74,19.0,0,0,0,0,0,0,0,0,0
2026-03-11,0.0,28.5,37.6,20.3,7.02,15.8,0,0,0,0,0,0,0,0,0
2026-03-12,0.0,28.4,38.6,19.5,5.86,14.4,0,0,0,0,0,0,0,0,0
2026-03-13,0.0,28.9,38.7,19.8,5.95,9.7,0,0,0,0,0,0,0,0,0
2026-03-14,0.0,28.8,38.8,19.7,6.69,14.3,0,0,0,0,0,0,0,0,0
2026-03-15,0.0,29.4,38.0,22.9,6.31,14.1,0,0,0,0,0,0,0,0,0
2026-03-16,0.0,28.9,36.9,22.7,6.26,13.6,0,0,0,0,0,0,0,0,0
2026-03-17,0.0,29.2,36.7,22.8,6.21,14.3,0,0,0,0,0,0,0,0,0
2026-03-18,0.0,28.3,33.7,22.5,6.36,18.1,0,0,0,0,0,0,0,0,0
2026-03-19,0.0,26.9,35.1,20.3,5.91,20.1,0,0,0,0,0,0,0,0,0
2026-03-20,0.6,24.3,32.2,20.4,4.17,17.1,0,0,0,0,0,0,0,0,0
2026-03-21,0.0,24.6,31.7,18.8,6.49,16.4,0,0,0,0,0,0,0,0,0
2026-03-22,0.0,25.5,33.0,18.4,6.44,20.0,0,0,0,0,0,0,0,0,0
2026-03-23,0.0,26.9,34.3,18.2,4.97,10.3,0,0,0,0,0,0,0,0,0
2026-03-24,0.0,28.0,35.3,20.6,5.27,12.8,0,0,0,0,0,0,0,0,0
2026-03-25,0.0,28.7,36.3,21.3,5.76,12.7,0,0,0,0,0,0,0,0,0
2026-03-26,0.0,29.0,37.4,21.1,5.32,8.7,0,0,0,0,0,0,0,0,0
2026-03-27,0.0,30.2,38.9,23.0,7.0,23.6,0,0,0,0,0,1,1,1,0
2026-03-28,0.0,30.3,38.0,23.1,6.69,15.9,0,0,0,0,0,0,0,0,0
2026-03-29,0.0,30.7,39.6,21.8,6.42,14.1,0,0,0,0,0,0,0,0,0
2026-03-30,0.4,31.8,38.6,24.1,6.0,15.5,0,0,0,0,0,0,0,0,0
2026-03-31,0.4,29.0,35.1,23.1,5.92,13.8,0,0,0,0,0,0,0,0,0
2026-04-01,0.1,29.2,37.0,22.8,5.37,11.6,0,0,0,0,0,0,0,0,0
2026-04-02,0.0,28.3,34.8,22.7,5.14,16.0,0,0,0,0,0,0,0,0,0
2026-04-03,0.0,29.1,36.5,23.9,5.81,13.8,0,0,0,0,0,0,0,0,0
2026-04-04,0.0,27.8,33.3,22.1,5.17,12.5,0,0,0,0,0,0,0,0,0
2026-04-05,0.1,28.0,34.4,22.6,5.87,14.8,0,0,0,0,0,0,0,0,0
2026-04-06,0.0,27.6,35.1,21.4,6.27,13.2,0,0,0,0,0,0,0,0,0
2026-04-07,0.0,27.9,35.7,19.6,6.41,17.3,0,0,0,0,0,0,0,0,0
2026-04-08,0.0,28.3,34.2,22.1,5.64,20.3,0,0,0,0,0,0,0,0,0
2026-04-09,0.0,28.0,34.4,21.4,5.75,12.6,0,0,0,0,0,0,0,0,0
2026-04-10,0.0,28.1,36.0,21.5,7.18,15.7,0,0,0,0,0,0,0,0,0
2026-04-11,0.0,27.6,36.5,19.4,6.8,11.3,0,0,0,0,0,0,0,0,0
2026-04-12,0.0,29.1,39.2,18.7,6.73,12.1,0,0,0,0,0,0,0,0,0
2026-04-13,0.0,30.4,39.2,22.1,6.94,18.1,0,0,0,0,0,0,0,0,0
2026-04-14,0.0,31.1,39.3,22.7,6.95,19.5,0,0,0,0,0,0,0,0,0
2026-04-15,0.0,31.9,41.6,23.7,7.07,19.5,0,0,0,0,0,0,0,0,0
2026-04-16,0.0,32.2,41.7,23.2,6.59,17.4,0,0,0,0,0,0,0,0,0
2026-04-17,0.0,32.7,41.4,24.3,6.94,11.4,0,0,0,0,0,0,0,0,0
2026-04-18,0.0,33.2,41.7,25.5,6.89,11.9,0,0,0,0,0,0,0,0,0
2026-04-19,0.0,33.4,41.5,25.7,7.91,16.5,0,0,0,0,0,0,0,0,0
2026-04-20,0.0,33.6,40.9,27.4,6.68,18.7,0,0,0,0,0,0,0,0,0
2026-04-21,0.0,33.2,41.1,25.6,6.82,13.0,0,0,0,0,0,0,0,0,0
2026-04-22,0.0,33.2,41.0,25.5,6.6,18.1,0,0,0,0,0,0,0,0,0
2026-04-23,0.0,32.3,41.6,24.0,7.73,19.2,0,0,0,0,0,0,0,0,0
2026-04-24,0.0,33.1,41.1,23.8,7.19,14.3,0,0,0,0,0,0,0,0,0
2026-04-25,0.0,33.7,43.1,24.8,7.12,15.5,0,0,0,0,0,0,0,0,0
2026-04-26,0.0,33.9,42.4,26.0,6.79,13.5,0,0,0,0,0,0,0,0,0
2026-04-27,0.2,33.5,41.2,25.9,7.07,21.3,0,0,0,0,0,0,0,0,0
2026-04-28,0.0,33.9,43.0,25.3,7.97,21.0,0,0,0,0,0,0,0,0,0
2026-04-29,0.0,34.8,42.5,26.2,9.3,20.9,0,0,0,0,1,0,1,1,0
2026-04-30,0.0,34.1,40.2,29.0,8.28,25.3,0,0,0,0,0,1,1,1,0
2026-05-01,0.0,31.7,39.4,24.3,6.3,16.2,0,0,0,0,0,0,0,0,0
2026-05-02,0.9,31.9,40.7,24.7,7.08,28.0,0,0,0,0,0,1,1,1,0
2026-05-03,0.0,31.3,39.4,21.9,6.08,10.5,0,0,0,0,0,0,0,0,0
2026-05-04,0.0,32.6,40.5,26.1,7.27,14.6,0,0,0,0,0,0,0,0,0
2026-05-05,0.0,31.4,38.2,25.6,6.84,17.7,0,0,0,0,0,0,0,0,0
2026-05-06,0.0,29.9,36.3,22.7,6.05,12.5,0,0,0,0,0,0,0,0,0
2026-05-07,0.0,30.5,37.5,22.4,6.92,16.1,0,0,0,0,0,0,0,0,0
2026-05-08,0.0,30.3,37.5,22.8,6.6,14.3,0,0,0,0,0,0,0,0,0
2026-05-09,0.6,29.2,38.6,23.7,6.36,23.9,0,0,0,0,0,1,1,1,0
2026-05-10,0.0,29.6,37.1,22.4,6.49,12.4,0,0,0,0,0,0,0,0,0
2026-05-11,0.0,31.5,39.2,23.9,6.54,16.3,0,0,0,0,0,0,0,0,0
2026-05-12,0.2,33.1,39.8,26.3,7.35,15.8,0,0,0,0,0,0,0,0,0
2026-05-13,0.0,33.5,40.6,28.0,7.15,15.5,0,0,0,0,0,0,0,0,0
2026-05-14,0.8,33.3,39.4,27.8,7.25,15.6,0,0,0,0,0,0,0,0,0
2026-05-15,1.0,33.5,39.3,27.2,7.16,18.6,0,0,0,0,0,0,0,0,0
2026-05-16,0.0,33.7,39.3,27.9,6.36,13.9,0,0,0,0,0,0,0,0,0
2026-05-17,0.0,33.1,39.6,27.6,6.86,17.4,0,0,0,0,0,0,0,0,0
2026-05-18,0.2,33.7,40.1,28.0,7.14,14.4,0,0,0,0,0,0,0,0,0
2026-05-19,0.0,34.4,40.8,29.0,7.39,14.9,0,0,0,0,0,0,0,0,0
2026-05-20,0.0,34.8,42.0,28.7,6.42,11.7,0,0,0,0,0,0,0,0,0
2026-05-21,0.0,34.8,41.7,28.9,8.55,23.8,0,0,0,0,0,1,1,1,0
2026-05-22,0.0,34.7,42.2,28.0,8.73,20.7,0,0,0,0,0,0,0,0,0
2026-05-23,0.0,35.0,42.3,27.5,8.56,18.9,0,0,0,0,0,0,0,0,0
2026-05-24,0.0,35.0,42.3,27.4,7.73,19.3,0,0,0,0,0,0,0,0,0
2026-05-25,0.0,35.6,42.8,27.8,7.69,18.4,0,0,0,0,0,0,0,0,0
2026-05-26,0.0,36.1,42.8,29.6,7.25,14.1,0,0,0,0,0,0,0,0,0
2026-05-27,0.0,35.9,43.1,27.8,7.53,16.2,0,0,0,0,0,0,0,0,0
2026-05-28,0.0,37.0,44.0,30.7,7.32,17.3,0,1,1,0,0,0,2,1,0
2026-05-29,0.1,35.1,40.8,28.7,7.21,18.6,0,0,0,0,0,0,0,0,0
2026-05-30,6.6,31.0,39.0,25.6,6.45,16.9,0,0,0,0,0,0,0,0,0
2026-05-31,0.0,31.1,38.5,23.7,6.23,13.2,0,0,0,0,0,0,0,0,0
2026-06-01,0.0,31.8,36.9,26.2,6.2,9.3,0,0,0,0,0,0,0,0,0
2026-06-02,0.1,31.6,37.6,26.2,6.32,13.5,0,0,0,0,0,0,0,0,0
2026-06-03,0.1,32.3,37.8,25.7,6.39,9.8,0,0,0,0,0,0,0,0,0
2026-06-04,0.1,32.8,38.6,26.4,6.45,16.4,0,0,0,0,0,0,0,0,0
2026-06-05,0.1,32.1,36.5,27.2,6.3,19.4,0,0,0,0,0,0,0,0,0
2026-06-06,0.9,31.8,36.1,27.1,6.61,20.9,0,0,0,0,0,0,0,0,0
2026-06-07,0.1,33.2,38.5,27.0,6.54,13.0,0,0,0,0,0,0,0,0,0
2026-06-08,3.0,34.0,39.9,27.7,6.25,15.0,0,0,0,0,0,0,0,0,0
2026-06-09,1.3,33.5,40.1,25.3,6.02,10.8,0,0,0,0,0,0,0,0,0
2026-06-10,0.3,34.1,40.1,28.8,7.47,19.8,0,0,0,0,0,0,0,0,0
2026-06-11,0.0,33.3,39.5,26.9,6.78,13.0,0,0,0,0,0,0,0,0,0
2026-06-12,5.1,32.2,37.4,27.8,6.56,17.3,0,0,0,0,0,0,0,0,0
2026-06-13,0.4,30.3,34.8,26.5,4.95,12.4,0,0,0,0,0,0,0,0,0
2026-06-14,15.1,29.8,37.3,24.3,5.38,23.6,1,0,0,0,0,1,2,1,0
2026-06-15,0.0,31.4,36.9,26.0,6.23,15.7,0,0,0,0,0,0,0,0,0
2026-06-16,0.2,32.3,37.8,27.6,6.69,19.2,0,0,0,0,0,0,0,0,0
2026-06-17,2.9,31.0,37.5,26.5,6.06,27.4,0,0,0,0,0,1,1,1,0
2026-06-18,2.4,30.9,36.4,26.4,5.6,19.5,0,0,0,0,0,0,0,0,0
2026-06-19,5.4,30.8,36.1,26.5,5.39,14.2,0,0,0,0,0,0,0,0,0
2026-06-20,0.0,32.3,38.5,26.6,6.45,11.6,0,0,0,0,0,0,0,0,0
2026-06-21,1.5,31.5,37.5,27.7,5.89,14.9,0,0,0,0,0,0,0,0,0
2026-06-22,6.0,31.3,37.1,26.5,5.82,16.7,0,0,0,0,0,0,0,0,0
2026-06-23,16.0,28.5,35.0,25.1,4.97,13.1,1,0,0,0,0,0,1,1,0
2026-06-24,5.5,28.2,32.3,24.5,4.93,11.8,0,0,0,0,0,0,0,0,0
2026-06-25,2.0,29.5,34.2,25.5,5.1,15.7,0,0,0,0,0,0,0,0,0
2026-06-26,3.8,29.4,34.5,26.7,4.85,10.8,0,0,0,0,0,0,0,0,0
2026-06-27,3.1,29.6,35.1,26.3,4.84,12.0,0,0,0,0,0,0,0,0,0
2026-06-28,0.6,30.1,35.0,26.3,4.49,9.0,0,0,0,0,0,0,0,0,0
2026-06-29,8.8,29.2,33.8,25.4,4.97,14.5,1,0,0,0,0,0,1,1,0
2026-06-30,31.0,26.5,30.2,25.1,2.16,15.0,1,0,0,0,0,0,1,1,0
2026-07-01,26.8,26.5,30.4,24.6,2.76,7.6,1,0,0,0,0,0,1,1,0
2026-07-02,33.6,25.7,28.0,23.8,1.42,8.3,1,0,0,0,0,0,1,1,0
2026-07-03,31.4,26.3,30.4,24.4,2.45,15.1,1,0,0,0,0,0,1,1,0
2026-07-04,16.5,27.0,31.6,24.1,3.12,15.5,1,0,0,0,0,0,1,1,0
2026-07-05,15.0,26.9,33.3,24.6,3.33,12.8,1,0,0,0,0,0,1,1,0
2026-07-06,28.8,26.4,28.6,24.5,1.93,10.1,1,0,0,0,0,0,1,1,0
2026-07-07,13.2,26.8,30.6,24.7,3.76,23.9,1,0,0,0,0,1,2,1,0
2026-07-08,7.8,26.9,30.6,24.8,3.8,23.8,1,0,0,0,0,1,2,1,0
2026-07-09,15.9,27.3,33.0,24.6,3.25,13.7,1,0,0,0,0,0,1,1,0
2026-07-10,1.6,28.4,33.6,23.5,4.65,14.7,0,0,0,0,0,0,0,0,0
2026-07-11,0.9,29.2,33.1,25.4,5.83,18.7,0,0,0,0,0,0,0,0,0
2026-07-12,0.3,29.4,33.5,25.9,5.5,14.9,0,0,0,0,0,0,0,0,0
2026-07-13,0.6,29.8,34.1,25.8,5.54,16.1,0,0,0,0,0,0,0,0,0
2026-07-14,0.5,30.0,34.4,26.1,5.8,19.5,0,0,0,0,0,0,0,0,0
2026-07-15,0.2,29.4,32.7,26.4,4.32,12.5,0,0,0,0,0,0,0,0,0
2026-07-16,8.0,28.7,33.5,25.9,4.1,18.7,1,0,0,0,0,0,1,1,0
2026-07-17,24.1,26.0,28.4,24.8,1.68,15.9,1,0,0,0,0,0,1,1,0
2026-07-18,13.0,27.2,31.7,23.9,3.66,14.0,1,0,0,0,0,0,1,1,0
2026-07-19,7.9,27.4,31.4,24.8,3.76,11.2,1,0,0,0,0,0,1,1,0
2026-07-20,20.9,26.6,31.1,25.1,2.72,11.6,1,0,0,0,0,0,1,1,0
2026-07-21,41.9,25.0,26.3,24.0,1.21,11.8,1,0,0,0,0,0,1,1,0
2026-07-22,24.9,24.7,26.3,23.9,1.75,16.3,1,0,0,0,0,0,1,1,0
2026-07-23,5.5,24.8,27.7,23.6,2.07,21.6,0,0,0,0,0,0,0,0,0
2026-07-24,3.9,27.0,30.6,23.8,4.69,15.7,0,0,0,0,0,0,0,0,0
2026-07-25,1.8,28.0,32.2,24.3,4.72,10.8,0,0,0,0,0,0,0,0,0
2026-07-26,3.2,28.1,32.8,24.6,4.42,10.5,0,0,0,0,0,0,0,0,0
2026-07-27,14.7,27.0,32.4,24.1,3.96,17.0,1,0,0,0,0,0,1,1,0
2026-07-28,14.5,26.9,32.0,24.5,3.56,10.2,1,0,0,0,0,0,1,1,0
2026-07-29,37.2,26.7,31.3,24.5,3.39,22.9,1,0,0,0,0,1,2,1,0
2026-07-30,8.3,27.2,31.3,24.7,4.05,19.6,1,0,0,0,0,0,1,1,0
2026-07-31,2.6,26.3,29.6,24.5,3.08,31.7,0,0,0,0,0,1,1,1,0
2026-08-01,3.6,27.4,30.5,24.6,4.63,17.5,0,0,0,0,0,0,0,0,0
2026-08-02,1.8,28.4,32.1,25.6,5.04,12.3,0,0,0,0,0,0,0,0,0
2026-08-03,0.9,28.8,32.2,25.7,4.67,11.5,0,0,0,0,0,0,0,0,0
2026-08-04,5.3,27.4,31.3,24.9,3.27,12.5,0,0,0,0,0,0,0,0,0
2026-08-05,7.5,27.1,31.4,23.9,3.0,11.2,0,0,0,0,0,0,0,0,0
2026-08-06,5.2,27.4,31.7,23.6,3.71,10.8,0,0,0,0,0,0,0,0,0
2026-08-07,29.7,25.6,29.8,23.7,2.96,9.4,1,0,0,0,0,0,1,1,0
2026-08-08,21.9,26.2,30.4,24.2,3.19,15.2,1,0,0,0,0,0,1,1,0
2026-08-09,37.8,24.9,26.6,23.9,1.46,11.6,1,0,0,0,0,0,1,1,0
2026-08-10,12.1,26.4,31.0,24.0,3.87,12.4,1,0,0,0,0,0,1,1,0
2026-08-11,4.0,26.1,29.4,23.4,3.44,12.9,0,0,0,0,0,0,0,0,0
2026-08-12,13.9,26.4,30.2,24.2,3.46,15.8,1,0,0,0,0,0,1,1,0
2026-08-13,4.4,26.9,29.9,24.4,2.73,10.2,0,0,0,0,0,0,0,0,0
2026-08-14,4.6,26.9,29.8,24.7,3.1,13.0,0,0,0,0,0,0,0,0,0
2026-08-15,32.5,26.3,29.5,24.8,2.72,14.1,1,0,0,0,0,0,1,1,0
2026-08-16,7.5,26.3,29.0,24.3,2.36,14.6,0,0,0,0,0,0,0,0,0
2026-08-17,11.4,26.1,28.8,24.6,2.56,9.7,1,0,0,0,0,0,1,1,0
2026-08-18,5.6,25.5,27.8,24.2,1.73,10.3,0,0,0,0,0,0,0,0,0
2026-08-19,25.8,25.2,26.2,24.4,1.27,11.9,1,0,0,0,0,0,1,1,0
2026-08-20,24.1,26.2,30.4,24.5,3.63,11.7,1,0,0,0,0,0,1,1,0
2026-08-21,17.2,26.0,28.7,24.3,2.33,14.2,1,0,0,0,0,0,1,1,0
2026-08-22,16.3,25.7,28.2,23.8,2.31,20.3,1,0,0,0,0,0,1,1,0
2026-08-23,6.3,26.3,30.0,23.7,3.11,15.5,0,0,0,0,0,0,0,0,0
2026-08-24,19.7,25.7,28.2,23.9,1.61,11.7,1,0,0,0,0,0,1,1,0
2026-08-25,27.5,26.2,29.9,23.8,3.28,12.9,1,0,0,0,0,0,1,1,0
2026-08-26,13.2,26.6,31.2,24.3,3.24,11.0,1,0,0,0,0,0,1,1,0
2026-08-27,15.3,26.4,30.3,24.6,2.91,14.2,1,0,0,0,0,0,1,1,0
2026-08-28,3.0,26.5,30.4,23.6,3.84,16.1,0,0,0,0,0,0,0,0,0
2026-08-29,55.7,25.5,27.4,24.6,1.6,10.8,1,0,0,0,0,0,1,1,0
2026-08-30,0.3,26.3,29.0,23.9,3.0,19.7,0,0,0,0,0,0,0,0,0
2026-08-31,7.1,25.6,27.8,23.6,1.95,19.5,0,0,0,0,0,0,0,0,0
2026-09-01,1.7,26.2,29.5,23.5,3.01,17.7,0,0,0,0,0,0,0,0,0
2026-09-02,14.6,24.6,26.0,23.3,1.19,9.9,1,0,0,0,0,0,1,1,0
2026-09-03,31.6,24.4,26.6,22.9,1.48,10.2,1,0,0,0,0,0,1,1,0
2026-09-04,1.9,25.6,29.2,23.1,3.79,17.0,0,0,0,0,0,0,0,0,0
2026-09-05,4.9,25.0,28.4,22.5,2.84,13.5,0,0,0,0,0,0,0,0,0
2026-09-06,1.1,26.6,30.7,23.2,4.5,13.0,0,0,0,0,0,0,0,0,0
2026-09-07,5.3,26.4,30.5,23.6,3.82,10.1,0,0,0,0,0,0,0,0,0
2026-09-08,0.4,27.5,32.5,23.8,4.79,13.8,0,0,0,0,0,0,0,0,0
2026-09-09,0.0,27.7,32.1,24.0,4.89,14.4,0,0,0,0,0,0,0,0,0
2026-09-10,0.0,28.1,32.0,25.0,5.22,18.7,0,0,0,0,0,0,0,0,0
2026-09-11,15.4,26.3,29.3,24.4,3.34,16.0,1,0,0,0,0,0,1,1,0
2026-09-12,14.9,26.3,30.1,23.9,3.41,13.4,1,0,0,0,0,0,1,1,0
2026-09-13,24.5,24.9,26.4,23.7,2.18,23.2,1,0,0,0,0,1,2,1,0
2026-09-14,3.0,25.4,28.6,23.0,3.55,16.6,0,0,0,0,0,0,0,0,0
2026-09-15,4.2,26.0,30.0,23.3,4.09,8.9,0,0,0,0,0,0,0,0,0
2026-09-16,1.0,26.8,31.5,23.4,4.45,5.3,0,0,0,0,0,0,0,0,0
2026-09-17,3.6,26.8,31.1,23.9,3.85,8.7,0,0,0,0,0,0,0,0,0
2026-09-18,11.6,26.2,31.2,23.8,3.78,17.1,1,0,0,0,0,0,1,1,0
2026-09-19,2.0,26.7,31.5,23.2,4.32,7.1,0,0,0,0,0,0,0,0,0
2026-09-20,15.5,26.4,30.8,24.1,3.77,10.7,1,0,0,0,0,0,1,1,0
2026-09-21,2.3,26.3,29.7,24.1,3.83,10.3,0,0,0,0,0,0,0,0,0
2026-09-22,8.1,26.5,31.3,24.1,3.74,11.9,1,0,0,0,0,0,1,1,0
2026-09-23,8.6,27.2,31.5,24.6,4.19,21.0,1,0,0,0,0,0,1,1,0
