{"type": "FeatureCollection", "features": [{"type": "Feature", "properties": {"block": "Western Ukwa", "nuid": "CRO-23290-2016", "layer": "Lithology_DM", "age": "Pre- Cambrian", "supergroup": null, "group": "Sausar", "unit": "Mn Ore", "major_mineral": null, "remarks": null}, "geometry": {"type": "MultiPolygon", "coordinates": [[[[80.44690638100008, 21.966059512000072], [80.44690672300004, 21.966070693000063], [80.44691644100004, 21.96608009700003], [80.44692600200005, 21.966083232000074], [80.44694966900005, 21.96608636700006], [80.44695923000006, 21.96608338900006], [80.44696753800008, 21.96607806000003], [80.44697082900007, 21.966071320000026], [80.44697231800006, 21.966068969000048], [80.44697255300008, 21.966065521000075], [80.44697250100006, 21.966059735000044], [80.44690638100008, 21.966059512000072]]]]}}, {"type": "Feature", "properties": {"block": "Western Ukwa", "nuid": "CRO-23290-2016", "layer": "Lithology_DM", "age": null, "supergroup": null, "group": null, "unit": "Dump", "major_mineral": null, "remarks": null}, "geometry": {"type": "MultiPolygon", "coordinates": [[[[80.46299376000007, 21.97351486100007], [80.46301621700007, 21.97357122300008], [80.46304395700008, 21.97359808300007], [80.46306509300007, 21.973614816000065], [80.46310428300006, 21.973622301000034], [80.46316284700004, 21.97364123600005], [80.46324122600004, 21.973665894000078], [80.46325972000005, 21.973675581000066], [80.46328305700007, 21.97368614900006], [80.46331828400008, 21.97370156100004], [80.46340502900006, 21.973747356000047], [80.46351467200003, 21.973779500000035], [80.46362343400006, 21.97381604700007], [80.46368067700007, 21.973831459000053], [80.46376786200005, 21.973830578000047], [80.46376478000008, 21.973773335000033], [80.46371326100007, 21.973707726000043], [80.46370577600004, 21.97366545400007], [80.46363532300006, 21.973632429000077], [80.46353008300008, 21.97359147800006], [80.46346623500006, 21.97358311200003], [80.46341295500008, 21.973588836000033], [80.46338829700005, 21.973588836000033], [80.46333986000008, 21.97357166300003], [80.46329098300004, 21.97355096800004], [80.46324562900008, 21.97353555600006], [80.46322845600008, 21.97351045700003], [80.46316548900006, 21.973506935000046], [80.46311000700007, 21.973509577000073], [80.46307698200008, 21.973510017000024], [80.46299376000007, 21.97351486100007]]]]}}, {"type": "Feature", "properties": {"block": "Western Ukwa", "nuid": "CRO-23290-2016", "layer": "Lithology_DM", "age": null, "supergroup": null, "group": null, "unit": "Dump", "major_mineral": null, "remarks": null}, "geometry": {"type": "MultiPolygon", "coordinates": [[[[80.46299992400003, 21.97320662900006], [80.46295853300006, 21.973242295000034], [80.46295104800004, 21.973300419000054], [80.46296910100006, 21.973349296000038], [80.46302326200004, 21.973349296000038], [80.46304880100007, 21.97333124200003], [80.46306377200005, 21.973325518000024], [80.46307830300003, 21.973310987000048], [80.46310120100003, 21.97329293300004], [80.46311088800007, 21.97325858800008], [80.46311705200003, 21.97322952600007], [80.46310692500003, 21.973219398000026], [80.46309327500006, 21.973207950000074], [80.46306333200005, 21.973201345000064], [80.46302854600003, 21.97320442700004], [80.46299992400003, 21.97320662900006]]]]}}, {"type": "Feature", "properties": {"block": "Western Ukwa", "nuid": "CRO-23290-2016", "layer": "Lithology_DM", "age": null, "supergroup": null, "group": null, "unit": "Dump", "major_mineral": null, "remarks": null}, "geometry": {"type": "MultiPolygon", "coordinates": [[[[80.45602287300005, 21.971609106000074], [80.45603520200007, 21.971672514000034], [80.45607791400005, 21.971732839000026], [80.45609464700004, 21.97175397500007], [80.45616730200004, 21.97179492600003], [80.45623159000007, 21.97180813600005], [80.45626945900005, 21.97180329200006], [80.45632097700008, 21.971793605000073], [80.45635752500004, 21.97175221400005], [80.45637910100004, 21.97172315200004], [80.45639759500006, 21.97165534100003], [80.45637822000003, 21.971582686000033], [80.45629984100003, 21.97151619600004], [80.45622058200007, 21.971473924000065], [80.45620737200005, 21.97146820000006], [80.45613735900008, 21.97147128200004], [80.45605193500006, 21.97147128200004], [80.45594581500006, 21.971504307000032], [80.45583485100008, 21.971539534000044], [80.45580534900006, 21.971602501000064], [80.45584630000008, 21.971655781000038], [80.45589693800008, 21.971661506000032], [80.45591631300005, 21.97165754300005], [80.45595726400006, 21.97165093800004], [80.45597399600007, 21.971644773000037], [80.45600834200008, 21.971618353000054], [80.45602287300005, 21.971609106000074]]]]}}, {"type": "Feature", "properties": {"block": "Western Ukwa", "nuid": "CRO-23290-2016", "layer": "Lithology_DM", "age": null, "supergroup": null, "group": null, "unit": "Dump", "major_mineral": null, "remarks": null}, "geometry": {"type": "MultiPolygon", "coordinates": [[[[80.45639010900004, 21.971853930000066], [80.45636236800004, 21.97194111600004], [80.45637998200004, 21.971973701000024], [80.45651956700004, 21.971977223000067], [80.45656888400003, 21.97199263500005], [80.45661644000006, 21.971996598000032], [80.45664374000006, 21.972002762000045], [80.45668028800003, 21.972022577000075], [80.45674809900004, 21.972049878000064], [80.45682119400004, 21.972078499000077], [80.45684144900008, 21.972083343000065], [80.45688548200008, 21.972085545000027], [80.45692203000004, 21.972076738000055], [80.45692379100007, 21.972113726000032], [80.45689561000006, 21.972159520000048], [80.45683880700005, 21.97220135200007], [80.45681987300003, 21.972249788000056], [80.45681855200007, 21.972251990000075], [80.45684673300008, 21.972272686000053], [80.45692026800003, 21.972280612000077], [80.45699424400004, 21.972274007000067], [80.45701009600003, 21.972263879000025], [80.45702682900009, 21.972255953000058], [80.45705765200006, 21.972243624000043], [80.45707526500007, 21.972227331000056], [80.45710652900004, 21.972202673000027], [80.45713955300005, 21.972178455000062], [80.45714483700004, 21.97217229000006], [80.45716421200007, 21.972172730000068], [80.45717742200003, 21.972172730000068], [80.45719723700006, 21.97218373900006], [80.45722145500008, 21.972196288000077], [80.45723334400003, 21.972233276000054], [80.45722762000008, 21.97225066900006], [80.45721463000007, 21.972283694000055], [80.45718314600003, 21.972298885000043], [80.45717588100007, 21.972303289000024], [80.45712106000008, 21.972339176000048], [80.45709177700007, 21.972360972000047], [80.45703365400004, 21.972387832000038], [80.45695593500005, 21.972421077000035], [80.45692258000008, 21.972433957000078], [80.45689439900008, 21.97247666900006], [80.45688405100003, 21.972496044000025], [80.45693557000004, 21.972533472000066], [80.45698863000007, 21.972544920000075], [80.45699941800007, 21.972541398000033], [80.45704279100005, 21.97253193100005], [80.45706855000003, 21.972511015000066], [80.45710443700005, 21.972482614000057], [80.45713085700004, 21.972465000000057], [80.45714450700007, 21.972455093000065], [80.45717445000008, 21.972440342000027], [80.45720153000008, 21.972428453000077], [80.45720703400008, 21.97242471000004], [80.45722574800004, 21.972396969000044], [80.45724380200005, 21.972368348000032], [80.45726361700008, 21.972336644000052], [80.45727946900007, 21.97231462700006], [80.45728475300007, 21.972303399000054], [80.45729840300004, 21.972266191000074], [80.45730654900007, 21.97224439400003], [80.45732218100005, 21.972241532000055], [80.45733693200003, 21.97224241300006], [80.45735080200006, 21.972241092000047], [80.45736291200006, 21.972239771000034], [80.45740848600008, 21.972260246000076], [80.45748268200003, 21.97227037400006], [80.45748664500007, 21.972243734000074], [80.45748862600004, 21.97222854200004], [80.45749038700006, 21.97221511200007], [80.45747805800005, 21.97217570300006], [80.45747255400005, 21.972149943000034], [80.45746286700006, 21.97209732400006], [80.45747585700008, 21.972070463000023], [80.45750227600007, 21.972038319000035], [80.45751086300004, 21.972023568000054], [80.45752297200005, 21.97199054300006], [80.45753133800008, 21.971970068000076], [80.45754256700008, 21.971942987000034], [80.45754564900005, 21.97189146900007], [80.45752627500008, 21.971852720000072], [80.45751680700005, 21.97183708800003], [80.45745802300007, 21.97181529100004], [80.45743622700007, 21.971819034000077], [80.45740650400006, 21.97182123600004], [80.45738900100008, 21.97182299700006], [80.45735795800005, 21.97184050000004], [80.45734496800003, 21.97184578400004], [80.45728200100007, 21.971903688000054], [80.45725679200007, 21.97192306200003], [80.45724600400007, 21.971931319000078], [80.45720703400008, 21.971947831000023], [80.45719206300004, 21.971953115000076], [80.45714825000005, 21.97193528200006], [80.45713085700004, 21.971892129000025], [80.45712799500006, 21.971869232000074], [80.45711720700007, 21.971821456000043], [80.45710047400007, 21.971766194000054], [80.45703046100004, 21.971787110000037], [80.45700932500006, 21.97179503600006], [80.45695406400006, 21.97185756300007], [80.45693446900003, 21.971896092000065], [80.45688823400008, 21.97192977700007], [80.45686203500009, 21.97192427300007], [80.45681932200006, 21.97191943000007], [80.45678585700006, 21.971904899000037], [80.45674578700005, 21.97188002000007], [80.45670615700004, 21.971868792000066], [80.45668986500004, 21.971863948000077], [80.45665595900005, 21.971857343000067], [80.45662161400008, 21.971841271000073], [80.45659827600008, 21.97183444600006], [80.45659123100006, 21.97183268400005], [80.45655534400004, 21.971834005000062], [80.45653156600008, 21.97183444600006], [80.45650228400007, 21.97183158400003], [80.45645472800004, 21.971831804000033], [80.45642720700005, 21.97183158400003], [80.45639308200003, 21.971851178000065], [80.45639010900004, 21.971853930000066]]]]}}, {"type": "Feature", "properties": {"block": "Western Ukwa", "nuid": "CRO-23290-2016", "layer": "Lithology_DM", "age": "Pre- Cambrian", "supergroup": null, "group": "Sausar", "unit": "Sericite Muscovite Schist", "major_mineral": null, "remarks": null}, "geometry": {"type": "MultiPolygon", "coordinates": [[[[80.44747240700008, 21.97155461500006], [80.44746316000004, 21.97157222800007], [80.44746624300006, 21.971600410000065], [80.44753361300008, 21.97164884600005], [80.44757808700007, 21.97168715500004], [80.44762696400005, 21.971740875000023], [80.44768420700007, 21.971828061000053], [80.44770666400007, 21.971852279000075], [80.44772119500004, 21.971861966000063], [80.44774893600004, 21.971894551000048], [80.44781938900007, 21.97190555900005], [80.44786210100006, 21.97189587200006], [80.44789468500005, 21.97188926700005], [80.44792242600005, 21.971885744000076], [80.44797438500007, 21.97188002000007], [80.44801665700004, 21.97187165400004], [80.44808755000008, 21.971858884000028], [80.44816108600008, 21.97183554700007], [80.44818310200003, 21.97182674000004], [80.44822229200008, 21.971818374000065], [80.44833149400006, 21.971796357000073], [80.44838961800008, 21.971782707000045], [80.44846711600007, 21.971759810000037], [80.44850454400006, 21.97174351700005], [80.44853140400005, 21.97173427000007], [80.44859305100005, 21.971713134000026], [80.44865337600004, 21.97169376000005], [80.44880352900003, 21.97164708500003], [80.44885460800003, 21.97163123300004], [80.44892153800004, 21.97161053700006], [80.44898494600005, 21.971594245000063], [80.44901224600005, 21.97158631900004], [80.44906728800004, 21.971556817000078], [80.44908358000004, 21.97154757000004], [80.44913377800003, 21.971522031000063], [80.44919850700006, 21.971488565000072], [80.44926147400008, 21.971467870000026], [80.44932488200004, 21.971443211000064], [80.44940810400004, 21.97141767200003], [80.44945610000008, 21.971399618000078], [80.44949088700008, 21.97138596800005], [80.44952611300005, 21.971379804000037], [80.44956530300004, 21.971366594000074], [80.44960801500008, 21.97135646600003], [80.44963311400005, 21.97134545800003], [80.44966878100007, 21.971335770000053], [80.44970973100004, 21.971317717000034], [80.44972514300008, 21.97130714900004], [80.44975156300006, 21.97130054400003], [80.44979295400003, 21.971288655000023], [80.44984799500008, 21.97128028900005], [80.44989995500003, 21.971270161000064], [80.44993562100007, 21.971264877000067], [80.44996160100004, 21.971263556000054], [80.44999110300006, 21.97125739100005], [80.45004790600007, 21.971242420000067], [80.45007696800008, 21.971232733000022], [80.45012760600008, 21.97121908300005], [80.45014830100007, 21.971212037000043], [80.45019145400005, 21.971202790000063], [80.45024737600005, 21.97118825900003], [80.45027555700005, 21.97117901200005], [80.45029757400005, 21.97116976500007], [80.45032751600007, 21.971162720000052], [80.45036186200008, 21.971152593000056], [80.45039973100006, 21.971142905000022], [80.45041558300005, 21.971135420000053], [80.45044464400007, 21.97112485200006], [80.45040853700004, 21.97110503700003], [80.45036626500007, 21.971098872000027], [80.45031959000005, 21.97107289300004], [80.45029096900004, 21.971053958000027], [80.45023284500007, 21.971018291000064], [80.45022315800009, 21.971009045000073], [80.45017648300006, 21.970983946000047], [80.45014588000004, 21.97097095600003], [80.45011142400006, 21.970938812000043], [80.45008368300006, 21.970912997000028], [80.45007047300004, 21.970899787000064], [80.45005148400008, 21.970890540000028], [80.45001730300004, 21.970878321000043], [80.44999088300005, 21.97088096300007], [80.44996215100008, 21.97088525600003], [80.44992813600004, 21.970902264000074], [80.44989147800004, 21.970917951000047], [80.44985052700008, 21.970933142000035], [80.44982592400004, 21.97094354500007], [80.44977242400006, 21.970965672000034], [80.44975805800004, 21.970970460000046], [80.44972074000003, 21.97098598200006], [80.44966525800004, 21.97100596200005], [80.44960548300008, 21.971028254000032], [80.44949088700008, 21.97107151700004], [80.44937265800007, 21.971111146000055], [80.44924749300003, 21.97115738100007], [80.44917549900003, 21.971183471000074], [80.44910086300007, 21.97121220200006], [80.44900806300006, 21.971248200000048], [80.44892153800004, 21.971281555000076], [80.44879274100003, 21.971323496000025], [80.44874947900007, 21.971338357000036], [80.44871050900008, 21.971351898000023], [80.44868375900006, 21.971358503000033], [80.44863389200003, 21.97137138200003], [80.44856718100004, 21.971389876000046], [80.44846579500006, 21.971414975000073], [80.44839281000003, 21.971439083000064], [80.44830529400008, 21.971468145000074], [80.44822438300008, 21.97149027200004], [80.44816923200005, 21.971500509000066], [80.44814215100007, 21.971507114000076], [80.44809327500008, 21.971517022000057], [80.44805199400008, 21.971527260000073], [80.44800542900003, 21.971539479000057], [80.44793541600006, 21.971557973000074], [80.44788521800007, 21.97156358700005], [80.44784988100008, 21.97156523800004], [80.44782412200004, 21.97156589900004], [80.44774552300004, 21.971567220000054], [80.44768739900007, 21.971564578000027], [80.44764578800005, 21.971559954000043], [80.44758072900004, 21.97155434000007], [80.44751996300005, 21.97155169800004], [80.44747240700008, 21.97155461500006]]]]}}, {"type": "Feature", "properties": {"block": "Western Ukwa", "nuid": "CRO-23290-2016", "layer": "Lithology_DM", "age": "Pre- Cambrian", "supergroup": null, "group": "Sausar", "unit": "Sericite Muscovite Schist", "major_mineral": null, "remarks": null}, "geometry": {"type": "MultiPolygon", "coordinates": [[[[80.44530663700004, 21.971305002000065], [80.44527262200006, 21.97134628300006], [80.44527064000005, 21.97137369400008], [80.44527229100004, 21.97142455200003], [80.44528550100006, 21.971458238000025], [80.44529970200006, 21.971502161000046], [80.44531984700006, 21.97153188300007], [80.44535056000007, 21.97159397000007], [80.44536013800007, 21.97161180300003], [80.44538523600005, 21.971643507000067], [80.44540538200005, 21.971673560000056], [80.44542552700005, 21.97167488100007], [80.44544005800003, 21.971677853000074], [80.44547968800003, 21.971668606000037], [80.44551832700006, 21.97165671700003], [80.44553516900004, 21.97165506600004], [80.44556885500003, 21.97165407500006], [80.44558900000004, 21.971653084000025], [80.44562664800003, 21.97165242400007], [80.44566198500007, 21.97164416800007], [80.44569798200007, 21.97162666400004], [80.44571416400004, 21.97160916100006], [80.44575643600007, 21.971551368000064], [80.44576997600007, 21.971527920000028], [80.44576139000003, 21.97147607100004], [80.44575676600004, 21.97144700900003], [80.44573662100004, 21.971381620000045], [80.44572902500005, 21.97132481700004], [80.44570739400007, 21.971281885000053], [80.44568790900007, 21.971249025000077], [80.44565191200007, 21.971221945000025], [80.44563705100006, 21.971212698000045], [80.44560435600005, 21.971205432000033], [80.44553104100004, 21.97120229500007], [80.44543213200006, 21.971223596000073], [80.44539597000005, 21.97123300800007], [80.44534973500004, 21.97126306100006], [80.44530663700004, 21.971305002000065]]]]}}, {"type": "Feature", "properties": {"block": "Western Ukwa", "nuid": "CRO-23290-2016", "layer": "Lithology_DM", "age": "Pre- Cambrian", "supergroup": null, "group": "Sausar", "unit": "Mn Ore", "major_mineral": null, "remarks": null}, "geometry": {"type": "MultiPolygon", "coordinates": [[[[80.44769883400005, 21.966421452000077], [80.44769425200008, 21.966427561000046], [80.44768839000005, 21.966427355000064], [80.44768855500007, 21.966429419000065], [80.44768661500007, 21.96642946000003], [80.44768661500007, 21.966431483000065], [80.44768863800005, 21.966431483000065], [80.44768855500007, 21.966435363000073], [80.44769057800005, 21.96643548700007], [80.44769057800005, 21.966439368000067], [80.44769264200005, 21.966439491000074], [80.44769247700003, 21.966441432000067], [80.44769452000008, 21.96644147300003], [80.44769452000008, 21.966445477000036], [80.44769654300006, 21.96644549800004], [80.44769656400007, 21.966447438000046], [80.44770056800007, 21.966447479000067], [80.44770050600005, 21.96644948100004], [80.44770337500006, 21.96644952300005], [80.44771055800004, 21.96644948100004], [80.44771054800003, 21.966451504000077], [80.44771181700008, 21.966451473000063], [80.44771453600003, 21.96645149400007], [80.44771453100003, 21.96645297500004], [80.44771453600003, 21.966453486000034], [80.44771534100005, 21.96645349100004], [80.44771704200008, 21.966453493000074], [80.44771914700004, 21.966453493000074], [80.44772010700007, 21.966453496000042], [80.44772326000003, 21.966453483000066], [80.44772632200005, 21.966453493000074], [80.44773018200004, 21.96645349100004], [80.44773288100004, 21.966453493000074], [80.44773453600004, 21.96645349000005], [80.44773453400006, 21.966452995000054], [80.44773453300007, 21.966452783000022], [80.44773453400006, 21.966452549000053], [80.44773453300007, 21.96645208600006], [80.44773452900006, 21.96645157100005], [80.44773453400006, 21.966450988000076], [80.44773453400006, 21.966450560000055], [80.44773453200008, 21.966450132000034], [80.44773453300007, 21.966449707000038], [80.44773453400006, 21.966449494000074], [80.44773484300003, 21.966449492000038], [80.44773552100008, 21.966449492000038], [80.44773637600008, 21.966449492000038], [80.44773653400006, 21.966449493000027], [80.44773653400006, 21.966449402000023], [80.44773653400006, 21.966449304000037], [80.44773653400006, 21.96644920700004], [80.44773653400006, 21.966449131000047], [80.44773653400006, 21.966448901000035], [80.44773653300007, 21.96644855200003], [80.44773653100003, 21.966441490000022], [80.44773854300007, 21.966441490000022], [80.44773850200005, 21.966437538000037], [80.44773652100008, 21.966437496000026], [80.44773653100003, 21.966435489000048], [80.44773593200006, 21.966435510000053], [80.44773452900006, 21.966435489000048], [80.44773452400005, 21.966433513000027], [80.44773340400008, 21.966433487000074], [80.44773148900003, 21.966433508000023], [80.44773051400006, 21.96643349200008], [80.44773054000007, 21.96643150500006], [80.44772892200007, 21.966431493000073], [80.44772853500007, 21.966431493000073], [80.44772853400008, 21.96643117900004], [80.44772853500007, 21.966430457000058], [80.44772853400008, 21.966430143000025], [80.44772853500007, 21.96642983600003], [80.44772853600006, 21.966429567000034], [80.44772853400008, 21.966429493000078], [80.44772851300007, 21.966429493000078], [80.44772845100005, 21.966429493000078], [80.44772808800008, 21.966429494000067], [80.44772777800006, 21.96642949200003], [80.44772770500003, 21.966429493000078], [80.44772767100005, 21.966429493000078], [80.44772762400004, 21.966429493000078], [80.44772758600004, 21.966429493000078], [80.44772754000007, 21.966429493000078], [80.44772749000003, 21.966429493000078], [80.44772744500006, 21.966429493000078], [80.44772739700005, 21.966429493000078], [80.44772735000004, 21.966429493000078], [80.44772730300008, 21.966429493000078], [80.44772725600006, 21.966429493000078], [80.44772721400005, 21.966429493000078], [80.44772695400007, 21.966429493000078], [80.44772686500005, 21.966429493000078], [80.44772678300006, 21.966429493000078], [80.44772670300006, 21.966429493000078], [80.44772653400008, 21.966429493000078], [80.44772653400008, 21.966429450000078], [80.44772653500007, 21.96642915500007], [80.44772653400008, 21.966429063000078], [80.44772653400008, 21.96642879700005], [80.44772653400008, 21.966428669000038], [80.44772653500007, 21.966428506000057], [80.44772653500007, 21.966428161000067], [80.44772653500007, 21.966427493000026], [80.44772643700009, 21.966427492000037], [80.44772618800005, 21.966427493000026], [80.44772584300006, 21.966427493000026], [80.44772553900003, 21.966427493000026], [80.44772517900003, 21.966427493000026], [80.44772484000003, 21.966427492000037], [80.44772376400005, 21.966427494000072], [80.44772272700004, 21.966427493000026], [80.44772253500008, 21.966427493000026], [80.44772253400004, 21.966427430000067], [80.44772253500008, 21.966426995000063], [80.44772253600007, 21.966426443000046], [80.44772253500008, 21.966425487000038], [80.44772204700007, 21.966425491000052], [80.44772094400008, 21.96642549300003], [80.44772052900004, 21.966425495000067], [80.44772053800006, 21.966425008000044], [80.44772053000008, 21.966423501000065], [80.44771923000008, 21.96642349600006], [80.44771852800005, 21.966423493000036], [80.44771853200007, 21.966421487000048], [80.44771822900003, 21.96642149300004], [80.44771703000004, 21.966421491000062], [80.44771002600004, 21.966421491000062], [80.44770560800004, 21.96642149400003], [80.44769883400005, 21.966421452000077]]]]}}, {"type": "Feature", "properties": {"block": "Western Ukwa", "nuid": "CRO-23290-2016", "layer": "Lithology_DM", "age": "Pre- Cambrian", "supergroup": null, "group": "Sausar", "unit": "Mn Ore", "major_mineral": null, "remarks": null}, "geometry": {"type": "MultiPolygon", "coordinates": [[[[80.44706568700008, 21.966087833000074], [80.44704042300003, 21.966094892000058], [80.44702259000007, 21.966112353000028], [80.44702296100007, 21.966125729000055], [80.44705491300004, 21.96614244700004], [80.44708314900004, 21.966150993000042], [80.44709522400007, 21.966153129000077], [80.44711658700004, 21.966153129000077], [80.44710924900005, 21.966138453000042], [80.44709903200004, 21.966124242000035], [80.44709132300005, 21.966109010000025], [80.44708268500005, 21.96610000000004], [80.44707599700007, 21.96609126900006], [80.44707153900004, 21.96608941200003], [80.44706568700008, 21.966087833000074]]]]}}, {"type": "Feature", "properties": {"block": "Western Ukwa", "nuid": "CRO-23290-2016", "layer": "Lithology_DM", "age": "Pre- Cambrian", "supergroup": null, "group": "Sausar", "unit": "Mn Ore", "major_mineral": null, "remarks": null}, "geometry": {"type": "MultiPolygon", "coordinates": [[[[80.44715916200005, 21.966142981000075], [80.44715228800004, 21.966157285000065], [80.44715488900005, 21.96616527300006], [80.44716213400005, 21.96617511900007], [80.44716659200003, 21.966178463000062], [80.44718182500003, 21.966186265000033], [80.44720393100005, 21.966200197000035], [80.44720671700009, 21.96618477900006], [80.44720374500008, 21.96616861700005], [80.44719780100007, 21.966152270000066], [80.44718795500006, 21.966146139000045], [80.44717439400006, 21.966141124000046], [80.44715916200005, 21.966142981000075]]]]}}, {"type": "Feature", "properties": {"block": "Western Ukwa", "nuid": "CRO-23290-2016", "layer": "Lithology_DM", "age": "Pre- Cambrian", "supergroup": null, "group": "Sausar", "unit": "Mn Ore", "major_mineral": null, "remarks": null}, "geometry": {"type": "MultiPolygon", "coordinates": [[[[80.44790129200004, 21.96671550900004], [80.44787064100007, 21.966750061000027], [80.44785317900005, 21.966782384000055], [80.44785076400007, 21.96679464400006], [80.44785819500004, 21.966802261000055], [80.44786451100003, 21.96679836000004], [80.44787435600006, 21.966783313000064], [80.44788290100007, 21.96676975200006], [80.44789813400007, 21.966751361000036], [80.44790556500004, 21.966734271000064], [80.44791132300008, 21.966729998000062], [80.44792191200008, 21.96672201000007], [80.44793435800005, 21.966718481000044], [80.44794197500005, 21.966717552000034], [80.44796129400004, 21.966717738000057], [80.44796779600006, 21.966717552000034], [80.44797021100004, 21.966714394000064], [80.44797076800006, 21.96670770700007], [80.44796445200006, 21.966703434000067], [80.44795237800008, 21.96670027600004], [80.44794290400006, 21.966701391000072], [80.44792785700008, 21.966704177000054], [80.44791336700007, 21.966708821000054], [80.44790129200004, 21.96671550900004]]]]}}, {"type": "Feature", "properties": {"block": "Western Ukwa", "nuid": "CRO-23290-2016", "layer": "Lithology_DM", "age": "Pre- Cambrian", "supergroup": null, "group": "Sausar", "unit": "Mn Ore", "major_mineral": null, "remarks": null}, "geometry": {"type": "MultiPolygon", "coordinates": [[[[80.44731659700005, 21.96632150100004], [80.44731065300005, 21.96632577400004], [80.44730860900006, 21.966333948000056], [80.44730870200004, 21.96633775600003], [80.44731269600004, 21.96634332900004], [80.44732096300004, 21.966347694000035], [80.44732848600006, 21.966347601000052], [80.44733405900007, 21.96634481500007], [80.44733851800004, 21.966341193000062], [80.44733842500005, 21.966332369000042], [80.44733861100008, 21.966331440000033], [80.44733628800003, 21.966331533000073], [80.44733666000008, 21.96632577400004], [80.44733480200006, 21.966325495000035], [80.44733452400004, 21.966322709000053], [80.44733433800008, 21.966321409000045], [80.44731659700005, 21.96632150100004]]]]}}, {"type": "Feature", "properties": {"block": "Western Ukwa", "nuid": "CRO-23290-2016", "layer": "Lithology_DM", "age": "Pre- Cambrian", "supergroup": null, "group": "Sausar", "unit": "Sericite Muscovite Schist", "major_mineral": null, "remarks": null}, "geometry": {"type": "MultiPolygon", "coordinates": [[[[80.45031344800003, 21.969798276000063], [80.45028484100004, 21.969819639000036], [80.45026347800007, 21.969875554000055], [80.45031140500004, 21.969922738000037], [80.45040075800006, 21.97000150300005], [80.45043159500005, 21.970027696000045], [80.45049958500005, 21.97009345600003], [80.45060454200006, 21.97018243800005], [80.45070225400008, 21.97026417400008], [80.45078529100005, 21.970338480000066], [80.45082876000004, 21.97037526200006], [80.45086405500007, 21.970397925000043], [80.45092944500004, 21.970427647000065], [80.45095953900005, 21.97043953600007], [80.45101601100004, 21.970474460000048], [80.45104982000004, 21.97048932100006], [80.45108697300003, 21.970506040000032], [80.45113044200008, 21.970509384000025], [80.45115867800007, 21.970482262000075], [80.45118097000005, 21.97043842200003], [80.45118542900008, 21.970388637000042], [80.45118617200006, 21.970297612000024], [80.45116573700005, 21.97026751800007], [80.45114716100005, 21.970232594000038], [80.45109366100007, 21.970166090000077], [80.45104982000004, 21.970138597000073], [80.45100932400004, 21.970111847000055], [80.45092610100005, 21.97005426000004], [80.45091569800007, 21.97004868700003], [80.45086739900006, 21.97002565200006], [80.45078937800008, 21.969989242000054], [80.45067643300007, 21.96993722800005], [80.45054454000007, 21.969880384000078], [80.45048286600007, 21.969845460000045], [80.45042044900003, 21.969814623000048], [80.45038329600004, 21.969800134000025], [80.45034279900005, 21.969791960000066], [80.45031344800003, 21.969798276000063]]]]}}, {"type": "Feature", "properties": {"block": "Western Ukwa", "nuid": "CRO-23290-2016", "layer": "Lithology_DM", "age": "Pre- Cambrian", "supergroup": null, "group": "Sausar", "unit": "Mn Ore", "major_mineral": null, "remarks": null}, "geometry": {"type": "MultiPolygon", "coordinates": [[[[80.44764549400008, 21.966472157000055], [80.44763862100007, 21.96647382900005], [80.44763862100007, 21.966475454000033], [80.44763249000005, 21.966475547000073], [80.44763244400008, 21.966477590000068], [80.44762840400006, 21.966477497000028], [80.44762849700004, 21.966479494000055], [80.44761652600005, 21.966479483000057], [80.44761653800003, 21.966481491000025], [80.44761094200004, 21.966481491000025], [80.44759257400005, 21.966481480000027], [80.44759252800003, 21.966479367000034], [80.44758600300008, 21.966479553000056], [80.44757648200004, 21.966479483000057], [80.44757650600008, 21.966481503000068], [80.44757051500005, 21.966481526000052], [80.44757049100008, 21.96648545100004], [80.44756854100007, 21.966485497000065], [80.44756851800008, 21.96648691300004], [80.44756852400008, 21.96648949100006], [80.44756721200008, 21.966489479000074], [80.44756652900008, 21.966489485000068], [80.44756652700005, 21.966489825000053], [80.44756653200005, 21.966491328000075], [80.44756653300004, 21.966491493000035], [80.44756623300003, 21.966491493000035], [80.44756559100006, 21.966491492000046], [80.44756492800008, 21.966491492000046], [80.44756453400004, 21.966491493000035], [80.44756453300005, 21.966491549000068], [80.44756453400004, 21.966491693000023], [80.44756451800004, 21.966495543000065], [80.44756248000004, 21.966495473000066], [80.44756251500007, 21.966498364000074], [80.44756258400008, 21.966499618000057], [80.44756479600005, 21.96650167300004], [80.44756897600007, 21.96650574800003], [80.44757265100003, 21.966509527000028], [80.44757456600007, 21.966511495000077], [80.44760781200006, 21.966529364000053], [80.44761840100006, 21.966539952000062], [80.44764236500004, 21.966553745000056], [80.44765769000009, 21.966552770000078], [80.44767162300008, 21.966560712000046], [80.44767817100006, 21.966558064000026], [80.44769349600006, 21.966555139000036], [80.44769600400008, 21.966531454000062], [80.44770129800008, 21.966509162000023], [80.44770937900006, 21.966490492000048], [80.44771077200005, 21.966479625000034], [80.44769433200008, 21.966473216000054], [80.44764549400008, 21.966472157000055]]]]}}, {"type": "Feature", "properties": {"block": "Western Ukwa", "nuid": "CRO-23290-2016", "layer": "Lithology_DM", "age": "Pre- Cambrian", "supergroup": null, "group": "Sausar", "unit": "Mn Ore", "major_mineral": null, "remarks": null}, "geometry": {"type": "MultiPolygon", "coordinates": [[[[80.44768402200003, 21.966572693000046], [80.44766897500006, 21.966577570000027], [80.44766256700007, 21.966583700000058], [80.44766800000008, 21.966589551000027], [80.44767970300006, 21.96659749300005], [80.44770338800004, 21.966603484000075], [80.44771300200006, 21.96660181200008], [80.44772010700007, 21.966596657000025], [80.44772442600004, 21.966590109000038], [80.44771495200007, 21.966583700000058], [80.44770506000003, 21.966578406000053], [80.44769335700005, 21.96657366900007], [80.44768402200003, 21.966572693000046]]]]}}, {"type": "Feature", "properties": {"block": "Western Ukwa", "nuid": "CRO-23290-2016", "layer": "Lithology_DM", "age": "Pre- Cambrian", "supergroup": null, "group": "Sausar", "unit": "Mn Ore", "major_mineral": null, "remarks": null}, "geometry": {"type": "MultiPolygon", "coordinates": [[[[80.44798928000006, 21.96679129200004], [80.44797444200003, 21.966800069000044], [80.44797465100004, 21.966803483000035], [80.44797883100006, 21.966811564000068], [80.44799297200007, 21.966817137000078], [80.44799917200004, 21.96681936600004], [80.44800767100008, 21.966821665000055], [80.44801024900005, 21.966821525000057], [80.44801493300008, 21.96681715400007], [80.44801745900008, 21.96681452400003], [80.44801883400004, 21.966813131000038], [80.44801852100005, 21.96681135500006], [80.44801637900008, 21.96680938700007], [80.44801408000006, 21.966807071000062], [80.44801242600005, 21.966805364000038], [80.44801023100007, 21.966803291000076], [80.44800828100006, 21.966801201000067], [80.44800638200007, 21.966799355000035], [80.44800247300003, 21.966797462000045], [80.44800044800007, 21.96679542000004], [80.44799252400009, 21.966791501000046], [80.44798928000006, 21.96679129200004]]]]}}, {"type": "Feature", "properties": {"block": "Western Ukwa", "nuid": "CRO-23290-2016", "layer": "Lithology_DM", "age": null, "supergroup": null, "group": null, "unit": "Dump", "major_mineral": null, "remarks": null}, "geometry": {"type": "MultiPolygon", "coordinates": [[[[80.45730289500005, 21.971246687000075], [80.45729787900007, 21.971306318000074], [80.45733298900007, 21.971392698000045], [80.45735249400008, 21.971447313000056], [80.45752469800004, 21.971456787000022], [80.45759324500006, 21.971463475000064], [80.45764730300004, 21.97145121400007], [80.45765454700006, 21.971413876000042], [80.45766123500005, 21.971364834000042], [80.45766402100008, 21.971319136000034], [80.45766736500008, 21.97122272400003], [80.45767474900003, 21.971119346000023], [80.45767600300007, 21.971059715000024], [80.45767321700004, 21.97100454300005], [80.45766179200007, 21.970958566000036], [80.45764284400008, 21.970893641000032], [80.45760216200006, 21.970860482000035], [80.45758014900008, 21.970846550000033], [80.45752804200004, 21.970839305000027], [80.45748513000007, 21.97083066700003], [80.45738314500005, 21.970861875000026], [80.45734413400004, 21.970874136000077], [80.45729397800005, 21.970922621000057], [80.45725775400007, 21.970983923000063], [80.45727196500007, 21.971011230000045], [80.45729620700007, 21.971056650000037], [80.45730986100006, 21.971081171000037], [80.45734803500005, 21.971101512000075], [80.45739178300005, 21.97112101700003], [80.45739289800008, 21.971123247000037], [80.45736781900007, 21.971147768000037], [80.45734302000005, 21.971171174000062], [80.45730763200004, 21.971183434000068], [80.45730289500005, 21.971246687000075]]]]}}, {"type": "Feature", "properties": {"block": "Western Ukwa", "nuid": "CRO-23290-2016", "layer": "Lithology_DM", "age": null, "supergroup": null, "group": null, "unit": "Dump", "major_mineral": null, "remarks": null}, "geometry": {"type": "MultiPolygon", "coordinates": [[[[80.45321290200008, 21.97125726400003], [80.45322166900007, 21.971254634000047], [80.45325263400008, 21.97124906700003], [80.45329380400005, 21.971240717000057], [80.45332430500008, 21.971237934000044], [80.45334935500006, 21.971228076000045], [80.45335967600005, 21.971222742000066], [80.45338727700005, 21.971213464000073], [80.45341255900007, 21.971201635000057], [80.45343134700005, 21.971195140000077], [80.45345500500008, 21.971184239000024], [80.45346289100007, 21.971172178000074], [80.45347193700007, 21.971155710000062], [80.45348515800003, 21.97113205100004], [80.45350580100006, 21.971076849000042], [80.45351415100004, 21.971056902000043], [80.45354314400004, 21.97103231500006], [80.45355938000006, 21.97101863100005], [80.45356680200007, 21.97101909500003], [80.45358489400007, 21.971021182000072], [80.45361179900004, 21.971022806000065], [80.45363406600006, 21.971028372000035], [80.45367442400004, 21.971048320000023], [80.45370248900008, 21.971062932000052], [80.45372777100005, 21.97108241500007], [80.45374609500004, 21.971100275000026], [80.45375305300007, 21.97110398600006], [80.45376975300007, 21.971119758000043], [80.45377671200004, 21.971123470000066], [80.45379549900008, 21.971143881000046], [80.45382449200008, 21.97117356900003], [80.45383562500007, 21.97117542500007], [80.45386322700006, 21.97116916300007], [80.45393304200007, 21.971155014000033], [80.45399010000006, 21.97114643200007], [80.45403069000008, 21.97113831400003], [80.45413193400003, 21.97112439700004], [80.45418412100008, 21.97111883100007], [80.45429684600003, 21.971106306000024], [80.45444297100005, 21.971102479000024], [80.45456369800007, 21.971094476000076], [80.45466946500005, 21.971082995000074], [80.45481524100006, 21.971072906000074], [80.45488030200005, 21.97106942700003], [80.45492622700004, 21.971058989000028], [80.45488099800008, 21.971054466000055], [80.45482324300008, 21.971048204000056], [80.45474426600003, 21.97104402900004], [80.45467955400005, 21.97104020200004], [80.45462354000006, 21.971031504000052], [80.45457413500003, 21.971020718000034], [80.45452264400006, 21.971012716000075], [80.45444610200008, 21.970994972000028], [80.45439948200004, 21.97098836200007], [80.45434973000005, 21.97097862000004], [80.45429388900004, 21.970970270000066], [80.45425648800006, 21.970965748000026], [80.45421960900006, 21.970960529000024], [80.45419247100006, 21.970951831000036], [80.45414324100005, 21.97093704400004], [80.45409401100005, 21.97092208400005], [80.45403991000006, 21.970909733000042], [80.45401660000005, 21.97090695000003], [80.45398946200004, 21.97089825200004], [80.45392562000006, 21.970878768000034], [80.45388978400007, 21.970859459000053], [80.45377566800005, 21.97081805700003], [80.45375235700004, 21.97081022900005], [80.45374679100007, 21.970810925000023], [80.45370469300008, 21.970843803000037], [80.45362258500006, 21.970903297000064], [80.45356465700007, 21.97094087200003], [80.45351525300003, 21.970977229000027], [80.45348046100008, 21.971009585000047], [80.45342792600007, 21.97104889900004], [80.45339730900008, 21.971068383000045], [80.45336530100008, 21.97110039100005], [80.45334894900003, 21.971107697000036], [80.45333746700004, 21.97110665400004], [80.45332215900004, 21.971094824000033], [80.45331450500004, 21.97107186200003], [80.45331485300005, 21.97106803500003], [80.45333016100005, 21.971058989000028], [80.45335138400003, 21.971041941000067], [80.45336286500003, 21.971035679000067], [80.45337852200004, 21.971018979000064], [80.45339069900007, 21.97100993300006], [80.45341714000006, 21.970990450000045], [80.45342688200003, 21.970977577000042], [80.45343627600005, 21.970974098000056], [80.45345575900006, 21.970954962000064], [80.45346306500005, 21.970951135000064], [80.45348359200005, 21.97093304300006], [80.45352777800008, 21.97089059800004], [80.45354169400008, 21.97087424600005], [80.45358031300003, 21.97083667100003], [80.45361058200007, 21.97081022900005], [80.45363911100003, 21.970782744000076], [80.45365859400005, 21.97076708700007], [80.45364259000007, 21.97075943300007], [80.45359701300004, 21.970743777000052], [80.45355909000006, 21.970724294000036], [80.45354273800007, 21.970715248000033], [80.45349785700006, 21.970711421000033], [80.45344566900008, 21.970702027000073], [80.45339556900007, 21.970681848000027], [80.45336182200003, 21.97065923300005], [80.45334268600004, 21.970661321000023], [80.45333816300007, 21.970667931000037], [80.45333224900008, 21.97067906500007], [80.45332355100004, 21.970690198000057], [80.45327623400004, 21.970759085000054], [80.45321743600005, 21.97084641200007], [80.45318020900004, 21.97091042900007], [80.45314889700006, 21.970964356000025], [80.45310540700007, 21.971047508000026], [80.45306644100003, 21.971115351000037], [80.45304660900007, 21.971147012000074], [80.45302991000005, 21.97117467100003], [80.45303130100007, 21.971180238000045], [80.45304417400007, 21.971198677000075], [80.45306122200003, 21.971225119000053], [80.45306765800007, 21.971235557000057], [80.45309357800005, 21.971247038000058], [80.45311062600007, 21.97125382200005], [80.45313828500008, 21.971264086000076], [80.45314663500005, 21.97126704300007], [80.45315555900004, 21.971266852000042], [80.45316785800003, 21.97126275200003], [80.45321100000007, 21.971256953000022], [80.45321290200008, 21.97125726400003]]]]}}, {"type": "Feature", "properties": {"block": "Western Ukwa", "nuid": "CRO-23290-2016", "layer": "Lithology_DM", "age": "Pre- Cambrian", "supergroup": null, "group": "Sausar", "unit": "Sericite Muscovite Schist", "major_mineral": null, "remarks": null}, "geometry": {"type": "MultiPolygon", "coordinates": [[[[80.45012536000007, 21.96996440500004], [80.45009949800004, 21.96998901300003], [80.45008570500005, 21.97001503200005], [80.45006125300006, 21.970063151000033], [80.45003304000005, 21.97011126900003], [80.44999887100005, 21.970182429000033], [80.44998507800005, 21.970216598000036], [80.44996909100007, 21.970295281000062], [80.44996783700003, 21.970345124000062], [80.44998288400006, 21.970378039000025], [80.45002018800005, 21.970445124000037], [80.45005937300004, 21.97050437100006], [80.45006188000008, 21.970527255000036], [80.45007222500004, 21.970557976000066], [80.45008445100007, 21.970620671000063], [80.45008978000004, 21.970664872000043], [80.45010357300004, 21.970734151000045], [80.45011141000003, 21.970779291000042], [80.45012394900004, 21.970812520000038], [80.45015310200006, 21.970845749000034], [80.45018883900008, 21.97087615600003], [80.45023492000007, 21.970912833000057], [80.45029448100007, 21.970945748000076], [80.45033335200003, 21.97096236300007], [80.45037661200007, 21.970979604000036], [80.45039886900008, 21.970989949000057], [80.45043648700005, 21.971005309000077], [80.45045466800008, 21.97101408700007], [80.45048977800008, 21.971024431000046], [80.45056469900004, 21.971024431000046], [80.45062488700006, 21.971022237000057], [80.45066595300005, 21.97101847500005], [80.45073021600007, 21.971007190000023], [80.45077034100007, 21.97100029300003], [80.45083648500008, 21.97098900800006], [80.45087504300005, 21.97098399300006], [80.45092802000005, 21.97097364800004], [80.45102081000005, 21.970958601000063], [80.45107034000006, 21.970946689000073], [80.45112112300006, 21.970919416000072], [80.45119290900004, 21.970890890000078], [80.45124996300007, 21.970866752000063], [80.45130294000006, 21.970845435000058], [80.45131673300006, 21.970809072000065], [80.45130294000006, 21.970797787000038], [80.45128538600005, 21.970783994000044], [80.45126062100007, 21.97077020100005], [80.45124337900006, 21.970759229000066], [80.45120827000005, 21.970752959000038], [80.45116501000007, 21.970739166000044], [80.45112049600004, 21.970714401000066], [80.45104494800006, 21.970680859000026], [80.45100513600005, 21.970655468000075], [80.45095529300005, 21.970630076000077], [80.45089698600003, 21.97059433900006], [80.45083429000005, 21.97054919800007], [80.45077943200005, 21.970513462000042], [80.45074400900006, 21.97049245900007], [80.45070999600006, 21.97047208300006], [80.45063209700004, 21.970406566000065], [80.45059918200008, 21.97038305500007], [80.45057441700004, 21.97036487300005], [80.45053993500005, 21.970332428000063], [80.45049518600007, 21.970292225000037], [80.45044902600006, 21.970246692000046], [80.45042880700004, 21.970220046000065], [80.45039620500006, 21.970178824000072], [80.45037034300003, 21.97014771100004], [80.45032081300008, 21.970109467000043], [80.45029902700009, 21.97009144200007], [80.45027081400008, 21.970069342000045], [80.45012536000007, 21.96996440500004]]]]}}, {"type": "Feature", "properties": {"block": "Western Ukwa", "nuid": "CRO-23290-2016", "layer": "Lithology_DM", "age": null, "supergroup": null, "group": null, "unit": "Dump", "major_mineral": null, "remarks": null}, "geometry": {"type": "MultiPolygon", "coordinates": [[[[80.45433646800006, 21.97052905700008], [80.45430668800003, 21.97057451200004], [80.45429900800008, 21.97058940200003], [80.45431766000007, 21.97063140800003], [80.45434070000005, 21.97068454300006], [80.45438019900007, 21.97069676800004], [80.45442565300004, 21.970707740000023], [80.45445809800003, 21.97071620400004], [80.45446718900007, 21.970717458000024], [80.45452486900007, 21.970718712000064], [80.45456217300006, 21.970718085000044], [80.45459289300004, 21.970718085000044], [80.45462769000005, 21.970711815000072], [80.45464211000007, 21.970708994000063], [80.45465088700007, 21.97071212900005], [80.45470825300004, 21.97071683100006], [80.45474837900008, 21.97071965200007], [80.45481546300005, 21.97072968300006], [80.45485245300006, 21.970738147000077], [80.45488411500008, 21.970743477000042], [80.45496781300005, 21.970764793000058], [80.45501859700005, 21.970773257000076], [80.45508536800008, 21.970794260000048], [80.45510104200008, 21.97079692500006], [80.45517047700008, 21.97081808400003], [80.45523489700008, 21.97083407200006], [80.45525010000006, 21.97084034100004], [80.45527706000007, 21.970856015000038], [80.45531467700005, 21.970868084000074], [80.45536389300008, 21.970885012000053], [80.45544555400005, 21.97090993300003], [80.45547345400007, 21.970916516000045], [80.45553379800003, 21.97091745700004], [80.45555872000006, 21.970918711000024], [80.45561326500007, 21.970930623000072], [80.45563834300003, 21.970936736000056], [80.45567658700008, 21.97094065400006], [80.45570182200004, 21.97094488600004], [80.45574680700008, 21.970933131000038], [80.45577596000004, 21.970910090000075], [80.45578896900008, 21.97090272300005], [80.45579915700006, 21.970886579000023], [80.45580965900007, 21.970868711000037], [80.45581342100007, 21.970857269000078], [80.45581843600007, 21.970823100000075], [80.45581969000006, 21.970805545000076], [80.45580730800003, 21.97076886800005], [80.45580746500008, 21.97075679900007], [80.45577878100005, 21.970718085000044], [80.45575840500004, 21.970688775000042], [80.45573066200006, 21.970678900000053], [80.45570605400007, 21.970667615000025], [80.45568379700006, 21.970658210000067], [80.45565495700004, 21.970655859000033], [80.45563787300006, 21.970655703000034], [80.45561357800005, 21.97065444900005], [80.45559680700006, 21.970652881000035], [80.45558019300006, 21.970651000000032], [80.45553129000007, 21.970649903000037], [80.45550966000008, 21.970648179000023], [80.45549069500004, 21.970648179000023], [80.45546530300004, 21.97064755200006], [80.45543458200007, 21.970646298000077], [80.45540213700008, 21.970645828000045], [80.45536655800004, 21.970646455000065], [80.45533364200008, 21.970647709000048], [80.45531812500008, 21.97064410400003], [80.45528427000005, 21.97062733300004], [80.45526185600005, 21.970618712000032], [80.45523442600006, 21.970615891000023], [80.45515182500003, 21.970607897000036], [80.45513050800008, 21.97061197200003], [80.45510370600005, 21.970615421000048], [80.45506279700004, 21.970623101000058], [80.45504477200006, 21.97062028000005], [80.45499837700004, 21.97061526400006], [80.45496844000007, 21.97061024800007], [80.45494775100008, 21.97060821100007], [80.45492220200003, 21.970594574000074], [80.45488035300008, 21.970576079000068], [80.45483301800004, 21.97056212900003], [80.45479837800008, 21.970553822000056], [80.45476765800004, 21.97055570300006], [80.45473380200008, 21.97055774100005], [80.45468333200006, 21.97056212900003], [80.45464837900005, 21.97056683200003], [80.45462048000007, 21.97056542100006], [80.45457957100007, 21.970562913000037], [80.45454493100004, 21.97055288200005], [80.45450809800008, 21.970541753000077], [80.45447236100006, 21.970536111000058], [80.45444979100006, 21.97053109500007], [80.45443458700004, 21.970527333000064], [80.45441264400006, 21.970525923000025], [80.45438787900008, 21.970526393000057], [80.45437298900003, 21.970527960000027], [80.45433646800006, 21.97052905700008]]]]}}, {"type": "Feature", "properties": {"block": "Western Ukwa", "nuid": "CRO-23290-2016", "layer": "Lithology_DM", "age": null, "supergroup": null, "group": null, "unit": "Dump", "major_mineral": null, "remarks": null}, "geometry": {"type": "MultiPolygon", "coordinates": [[[[80.46338909000008, 21.97335036100003], [80.46337153500008, 21.973374655000043], [80.46338078300005, 21.973416818000032], [80.46338720900008, 21.97344017200004], [80.46340586100007, 21.973453965000033], [80.46343344700006, 21.973474968000062], [80.46345680200005, 21.973479827000062], [80.46348783600007, 21.973487978000037], [80.46351698900008, 21.973486881000042], [80.46352216200006, 21.97348421600003], [80.46354003000005, 21.973466348000045], [80.46354159700007, 21.97346478000003], [80.46354363500006, 21.973429671000076], [80.46354504600004, 21.973382806000075], [80.46352827500004, 21.973379514000044], [80.46349175400007, 21.97337261800004], [80.46347655100004, 21.973369169000023], [80.46344567300008, 21.973361176000026], [80.46342811800008, 21.973353966000047], [80.46341401200004, 21.97335114400005], [80.46338909000008, 21.97335036100003]]]]}}, {"type": "Feature", "properties": {"block": "Western Ukwa", "nuid": "CRO-23290-2016", "layer": "Lithology_DM", "age": null, "supergroup": null, "group": null, "unit": "NO LABLE", "major_mineral": null, "remarks": null}, "geometry": {"type": "MultiPolygon", "coordinates": [[[[80.45652125800007, 21.971245984000063], [80.45652316700006, 21.971251075000055], [80.45652890800005, 21.971260077000068], [80.45653999800004, 21.97128056100007], [80.45654821700003, 21.97129686900007], [80.45654863200008, 21.97129719700007], [80.45654852700005, 21.97129551200004], [80.45656482800007, 21.97129269000004], [80.45658551700006, 21.971281092000027], [80.45659680300008, 21.971272941000052], [80.45657266500007, 21.971259775000078], [80.45656357400003, 21.971255073000066], [80.45654225700008, 21.971252252000056], [80.45652752400008, 21.97124849000005], [80.45652125800007, 21.971245984000063]]]]}}, {"type": "Feature", "properties": {"block": "Western Ukwa", "nuid": "CRO-23290-2016", "layer": "Lithology_DM", "age": null, "supergroup": null, "group": null, "unit": "NO LABLE", "major_mineral": null, "remarks": null}, "geometry": {"type": "MultiPolygon", "coordinates": [[[[80.45662971500008, 21.97132160500007], [80.45662913100006, 21.971328363000055], [80.45663005900008, 21.971337061000042], [80.45663411800007, 21.97134436700003], [80.45664502000005, 21.971346571000026], [80.45666183600008, 21.971345411000073], [80.45666833000007, 21.97134146800005], [80.45669338000005, 21.97136443000005], [80.45670602100006, 21.97136443000005], [80.45671437100003, 21.971348310000053], [80.45671974800007, 21.97133793300003], [80.45671843200006, 21.97133751800004], [80.45671937200007, 21.971329367000067], [80.45671623800007, 21.97132341100007], [80.45669711600004, 21.971314007000046], [80.45668457600004, 21.971305856000072], [80.45666733500008, 21.97130052700004], [80.45665918500003, 21.971300214000053], [80.45664507800007, 21.97128924200007], [80.45663880900008, 21.971287675000042], [80.45663253900005, 21.971294258000057], [80.45663065800005, 21.971321844000045], [80.45662971500008, 21.97132160500007]]]]}}, {"type": "Feature", "properties": {"block": "Western Ukwa", "nuid": "CRO-23290-2016", "layer": "Lithology_DM", "age": "Pre- Cambrian", "supergroup": null, "group": "Sausar", "unit": "Mn Ore", "major_mineral": null, "remarks": null}, "geometry": {"type": "MultiPolygon", "coordinates": [[[[80.45654863200008, 21.97129719700007], [80.45654821700003, 21.97129686900007], [80.45653999800004, 21.97128056100007], [80.45652890800005, 21.971260077000068], [80.45652316700006, 21.971251075000055], [80.45652125800007, 21.971245984000063], [80.45651968700008, 21.971245355000065], [80.45651435800005, 21.971229995000044], [80.45649084700005, 21.971235324000077], [80.45647423300005, 21.971244101000025], [80.45646859000004, 21.97124849000005], [80.45646044000006, 21.971250057000077], [80.45645401300004, 21.971254759000033], [80.45644978100006, 21.971260245000053], [80.45644946800007, 21.971264477000034], [80.45645495400004, 21.971272784000064], [80.45645384700003, 21.971272681000073], [80.45645923800004, 21.971279778000053], [80.45648415700003, 21.971293608000053], [80.45652147100003, 21.971304436000025], [80.45653373500005, 21.97130939400006], [80.45654495600007, 21.971309786000063], [80.45655304500008, 21.97130626300003], [80.45655239200005, 21.971303393000028], [80.45655043500005, 21.97130247900003], [80.45655034600009, 21.971300924000047], [80.45654884000004, 21.97130052700004], [80.45654863200008, 21.97129719700007]]]]}}, {"type": "Feature", "properties": {"block": "Western Ukwa", "nuid": "CRO-23290-2016", "layer": "Lithology_DM", "age": null, "supergroup": null, "group": null, "unit": "NO LABALE", "major_mineral": null, "remarks": null}, "geometry": {"type": "MultiPolygon", "coordinates": [[[[80.45433975600008, 21.97119630000003], [80.45435552800006, 21.97119630000003], [80.45443160600007, 21.971193285000027], [80.45445619200007, 21.971188878000078], [80.45452600700008, 21.97118168700007], [80.45456195800006, 21.97117588900005], [80.45458376100004, 21.97117519300008], [80.45461205800007, 21.971170786000073], [80.45465056100005, 21.971164756000064], [80.45469347100004, 21.971158725000066], [80.45470831500006, 21.971158029000037], [80.45474264300003, 21.971150839000074], [80.45478114600007, 21.97114712800004], [80.45481106600005, 21.971144344000038], [80.45482985400008, 21.971142257000054], [80.45485699100004, 21.971141329000034], [80.45488065000006, 21.97113808200004], [80.45492657500006, 21.97113182000004], [80.45499012700003, 21.97112532500006], [80.45501448100003, 21.971123933000058], [80.45505066500004, 21.971122310000055], [80.45509751700007, 21.97112671700006], [80.45516478100006, 21.971128572000055], [80.45520398000008, 21.971131356000058], [80.45522833400008, 21.97113228300003], [80.45527704200003, 21.971129036000036], [80.45532899800008, 21.97112509300007], [80.45538814300005, 21.971120222000025], [80.45545795900006, 21.97111767100006], [80.45548393600006, 21.971115583000028], [80.45552151100003, 21.971119526000052], [80.45553102100007, 21.971122426000022], [80.45554725000005, 21.97112362100006], [80.45555038800006, 21.97112219400003], [80.45559329800005, 21.971120106000058], [80.45562739400003, 21.97112312200005], [80.45565174800004, 21.971126601000037], [80.45567007100004, 21.971124049000025], [80.45567818900008, 21.971095288000072], [80.45567262300005, 21.97107279000005], [80.45566914400007, 21.97106281600003], [80.45562182700007, 21.971060265000062], [80.45557056700005, 21.971060961000035], [80.45554783700004, 21.971061193000025], [80.45550284000007, 21.971065831000033], [80.45546480100006, 21.97106490400006], [80.45544369400005, 21.971063280000067], [80.45539104300008, 21.97106281600003], [80.45535648300006, 21.971060729000044], [80.45531635700007, 21.971060961000035], [80.45524491800006, 21.971066527000062], [80.45520873500004, 21.971068151000054], [80.45515399600004, 21.97107116600006], [80.45512871400007, 21.97107255800006], [80.45507119200005, 21.97107279000005], [80.45501993200008, 21.97107232600007], [80.45493504100006, 21.971075805000055], [80.45488308500006, 21.971080676000042], [80.45483553700006, 21.971085779000077], [80.45477662300004, 21.971091345000048], [80.45472513100003, 21.971095056000024], [80.45467572700005, 21.97109992700007], [80.45458758800004, 21.971109437000052], [80.45451986100005, 21.97111454000003], [80.45447764700003, 21.971118715000046], [80.45440945500008, 21.971117787000026], [80.45433245000004, 21.97112196200004], [80.45429325100008, 21.97112312200005], [80.45424500700005, 21.97112845600003], [80.45422877100003, 21.97113054400006], [80.45416382600007, 21.97113541500005], [80.45411813300007, 21.971140054000045], [80.45405342100008, 21.971151419000023], [80.45397850300003, 21.97116487200003], [80.45389987400006, 21.97117786000007], [80.45383005900004, 21.971190617000047], [80.45377091300008, 21.971196880000036], [80.45368741300007, 21.97120731700005], [80.45364311200007, 21.971211724000057], [80.45358999700005, 21.971218683000075], [80.45352551600007, 21.971222858000033], [80.45348423000007, 21.97122796000008], [80.45342949100007, 21.971239326000045], [80.45336524300006, 21.971252546000073], [80.45332372500008, 21.971258345000024], [80.45327780000008, 21.971261128000037], [80.45322236500004, 21.971258809000062], [80.45321100000007, 21.971256953000022], [80.45316785800003, 21.97126275200003], [80.45315394200009, 21.971267391000026], [80.45317713600008, 21.97126971000006], [80.45319221200003, 21.97127017400004], [80.45321007200005, 21.97127040600003], [80.45326968200004, 21.97127017400004], [80.45327988700006, 21.97127040600003], [80.45328823700004, 21.971268319000046], [80.45330702500007, 21.971269246000077], [80.45331583900008, 21.971266463000063], [80.45333648200005, 21.971267391000026], [80.45335503700005, 21.971265999000025], [80.45336779400003, 21.971268551000037], [80.45339585900007, 21.971268783000028], [80.45341603800006, 21.971266463000063], [80.45343505800008, 21.971266695000054], [80.45346660200005, 21.97126344800006], [80.45348747700007, 21.97126252000004], [80.45349443600008, 21.971260433000054], [80.45351136800008, 21.971260433000054], [80.45352203700008, 21.971259273000044], [80.45355427700008, 21.971255330000076], [80.45358582200004, 21.971251619000043], [80.45362641200006, 21.971246284000074], [80.45368996400003, 21.971236542000042], [80.45373426600008, 21.971232135000037], [80.45376882500005, 21.97122772800003], [80.45381428700006, 21.97122239400005], [80.45384559900003, 21.971218915000065], [80.45389871400005, 21.97121589900007], [80.45394243600003, 21.971214044000078], [80.45395867200006, 21.971212768000044], [80.45398198200007, 21.971210565000035], [80.45403069000008, 21.971206737000045], [80.45406026300003, 21.971203954000032], [80.45410352100004, 21.971202446000063], [80.45414318300004, 21.971201171000075], [80.45416092700003, 21.97119966300005], [80.45418760100006, 21.971200243000055], [80.45419734200004, 21.971198619000063], [80.45422250800004, 21.97119630000003], [80.45425289300005, 21.97119247300003], [80.45427318800006, 21.97118934200006], [80.45430682000006, 21.97118934200006], [80.45433279800005, 21.971195140000077], [80.45433975600008, 21.97119630000003]]]]}}, {"type": "Feature", "properties": {"block": "Western Ukwa", "nuid": "CRO-23290-2016", "layer": "Lithology_DM", "age": null, "supergroup": null, "group": null, "unit": "Dump", "major_mineral": null, "remarks": null}, "geometry": {"type": "MultiPolygon", "coordinates": [[[[80.45554725000005, 21.97112362100006], [80.45553102100007, 21.971122426000022], [80.45552151100003, 21.971119526000052], [80.45548393600006, 21.971115583000028], [80.45545795900006, 21.97111767100006], [80.45538814300005, 21.971120222000025], [80.45532899800008, 21.97112509300007], [80.45527704200003, 21.971129036000036], [80.45522833400008, 21.97113228300003], [80.45520398000008, 21.971131356000058], [80.45516478100006, 21.971128572000055], [80.45509751700007, 21.97112671700006], [80.45505066500004, 21.971122310000055], [80.45501448100003, 21.971123933000058], [80.45499012700003, 21.97112532500006], [80.45492657500006, 21.97113182000004], [80.45488065000006, 21.97113808200004], [80.45485699100004, 21.971141329000034], [80.45482985400008, 21.971142257000054], [80.45481106600005, 21.971144344000038], [80.45478114600007, 21.97114712800004], [80.45474264300003, 21.971150839000074], [80.45470831500006, 21.971158029000037], [80.45469347100004, 21.971158725000066], [80.45465056100005, 21.971164756000064], [80.45461205800007, 21.971170786000073], [80.45458376100004, 21.97117519300008], [80.45456195800006, 21.97117588900005], [80.45452600700008, 21.97118168700007], [80.45445619200007, 21.971188878000078], [80.45443160600007, 21.971193285000027], [80.45435552800006, 21.97119630000003], [80.45433975600008, 21.97119630000003], [80.45434393100004, 21.97119699600006], [80.45432665100003, 21.971198967000078], [80.45423085800007, 21.97120754900004], [80.45418029400008, 21.971209869000063], [80.45407707900006, 21.971213116000058], [80.45401955700004, 21.971222858000033], [80.45396435400005, 21.971238398000025], [80.45395182900006, 21.971281771000065], [80.45397525600004, 21.97132004200006], [80.45397896700007, 21.971328392000032], [80.45398662100007, 21.971331639000027], [80.45403927200005, 21.971342309000022], [80.45407406400005, 21.971338598000045], [80.45411163900008, 21.971336974000053], [80.45414271900006, 21.97134068500003], [80.45416591400004, 21.971350659000052], [80.45418446900004, 21.97136272000006], [80.45423944000004, 21.971366895000074], [80.45428397300003, 21.971366663000026], [80.45436237000007, 21.97136967800003], [80.45438231800006, 21.971373621000055], [80.45439832200003, 21.971379420000062], [80.45441618200005, 21.971371302000023], [80.45442917000008, 21.971367591000046], [80.45444610200008, 21.971360400000037], [80.45446489000005, 21.971360168000047], [80.45452032400004, 21.971360632000028], [80.45453818400006, 21.971358313000053], [80.45458063000007, 21.971352050000064], [80.45459524200004, 21.97135019500007], [80.45462469900008, 21.971351587000072], [80.45464116700003, 21.971352050000064], [80.45466366600004, 21.971352282000055], [80.45469613800003, 21.971361328000057], [80.45473765600008, 21.971376405000058], [80.45475482000006, 21.971381971000028], [80.45476015500003, 21.971385218000023], [80.45482393900005, 21.97139820700005], [80.45483924800004, 21.971400991000053], [80.45485803500003, 21.971393800000044], [80.45490256800008, 21.971379884000044], [80.45491347000006, 21.971376405000058], [80.45493527200006, 21.97137037400006], [80.45496357000007, 21.97136341600003], [80.45500555200005, 21.971353906000047], [80.45503199300003, 21.97134949900004], [80.45506075400004, 21.971346484000037], [80.45509763300004, 21.97134949900004], [80.45511317400008, 21.971350891000043], [80.45518345300007, 21.97135019500007], [80.45520386400005, 21.97135019500007], [80.45523610400005, 21.971351819000063], [80.45529826500007, 21.971352050000064], [80.45532865000007, 21.971352050000064], [80.45535416400008, 21.971346484000037], [80.45537666200005, 21.97134161300005], [80.45539173900005, 21.97134207700003], [80.45541864400008, 21.97133558200005], [80.45543720000006, 21.97132769600006], [80.45547338300008, 21.97131911400004], [80.45548706800008, 21.971315635000053], [80.45549541800005, 21.971311924000076], [80.45551003000008, 21.971307981000052], [80.45555549100004, 21.97129986300007], [80.45558193300008, 21.971294760000035], [80.45561997200008, 21.971284323000077], [80.45563667200008, 21.971282003000056], [80.45564293400008, 21.971280612000044], [80.45565685100007, 21.971261824000067], [80.45567355100007, 21.971240949000048], [80.45569117800005, 21.971216363000053], [80.45568561200008, 21.971173453000063], [80.45568282800008, 21.97115791300007], [80.45564594900003, 21.971136342000023], [80.45562994500006, 21.971129848000032], [80.45559097900008, 21.97112776000006], [80.45556569700005, 21.971125209000036], [80.45554273400006, 21.971125673000074], [80.45554725000005, 21.97112362100006]]]]}}, {"type": "Feature", "properties": {"block": "Western Ukwa", "nuid": "CRO-23290-2016", "layer": "Lithology_DM", "age": null, "supergroup": null, "group": null, "unit": "NO LABLE", "major_mineral": null, "remarks": null}, "geometry": {"type": "MultiPolygon", "coordinates": [[[[80.45961962700005, 21.972052506000068], [80.45960925500003, 21.972048879000056], [80.45958611800006, 21.97203165800005], [80.45957307100008, 21.972021742000038], [80.45955271800005, 21.972052707000046], [80.45953688800006, 21.97204853200003], [80.45950331400007, 21.972034267000026], [80.45947374100007, 21.972013740000023], [80.45943947100005, 21.971998606000056], [80.45941755300004, 21.97199077700003], [80.45941824900007, 21.97199547400004], [80.45943668800004, 21.97201321800003], [80.45944782100008, 21.972039660000064], [80.45945860700004, 21.972063666000054], [80.45947478500005, 21.97207566900005], [80.45950087900007, 21.972101589000033], [80.45951514300003, 21.972111330000075], [80.45953949700004, 21.972127856000043], [80.45954993500004, 21.97214125100004], [80.45956402500008, 21.97216873700006], [80.45958542200003, 21.97218735000007], [80.45960386200005, 21.972208399000067], [80.45962647600004, 21.972229448000064], [80.45964456800004, 21.972255890000042], [80.45965552700005, 21.97226684900005], [80.45968092500004, 21.972281461000023], [80.45969484200003, 21.972279722000053], [80.45970632300003, 21.972247192000054], [80.45970928000008, 21.97222649100007], [80.45969866900003, 21.972187872000063], [80.45968544800007, 21.972162300000036], [80.45967657600005, 21.972137076000024], [80.45967379300004, 21.97212872600005], [80.45967365300004, 21.972125434000077], [80.45967361900006, 21.972125421000044], [80.45965518000008, 21.97209097700005], [80.45962212700005, 21.97205688200006], [80.45961962700005, 21.972052506000068]]]]}}, {"type": "Feature", "properties": {"block": "Western Ukwa", "nuid": "CRO-23290-2016", "layer": "Lithology_DM", "age": "Pre- Cambrian", "supergroup": null, "group": "Sausar", "unit": "Mn Ore", "major_mineral": null, "remarks": null}, "geometry": {"type": "MultiPolygon", "coordinates": [[[[80.45661454800006, 21.971215435000033], [80.45660648800003, 21.971215464000068], [80.45660657500008, 21.97122335000006], [80.45660466100009, 21.971223292000047], [80.45660466100009, 21.97123732500006], [80.45660640100004, 21.971245791000058], [80.45661405500005, 21.97125054600008], [80.45662078100008, 21.97125367700005], [80.45664432400008, 21.971253561000026], [80.45665105000006, 21.971249502000035], [80.45665487700006, 21.971240572000056], [80.45665441300008, 21.97123500600003], [80.45665232600004, 21.971226424000065], [80.45664177200007, 21.971218770000064], [80.45663829300008, 21.971217378000063], [80.45663040700003, 21.971215522000023], [80.45662217300008, 21.971213899000077], [80.45661475100007, 21.971212971000057], [80.45661454800006, 21.971215435000033]]]]}}, {"type": "Feature", "properties": {"block": "Western Ukwa", "nuid": "CRO-23290-2016", "layer": "Lithology_DM", "age": null, "supergroup": null, "group": null, "unit": "NO LABLE", "major_mineral": null, "remarks": null}, "geometry": {"type": "MultiPolygon", "coordinates": [[[[80.45683632100008, 21.97136692400005], [80.45683741700003, 21.97137475200003], [80.45684692700007, 21.971386581000047], [80.45686571400006, 21.97139609100003], [80.45687777600006, 21.97139562700005], [80.45688937300008, 21.97139678700006], [80.45689679500003, 21.97138913300006], [80.45690084700004, 21.97138474600007], [80.45690056300003, 21.97138453900004], [80.45689836800005, 21.97137325400007], [80.45687861900007, 21.971358207000037], [80.45686545300003, 21.97135381800007], [80.45685040600006, 21.971354132000045], [80.45684319600008, 21.97136008800004], [80.45683912100003, 21.97136761200005], [80.45683632100008, 21.97136692400005]]]]}}, {"type": "Feature", "properties": {"block": "Western Ukwa", "nuid": "CRO-23290-2016", "layer": "Lithology_DM", "age": "Pre- Cambrian", "supergroup": null, "group": "Sausar", "unit": "Mn Ore", "major_mineral": null, "remarks": null}, "geometry": {"type": "MultiPolygon", "coordinates": [[[[80.45608926600005, 21.97115360400005], [80.45609316700006, 21.971159914000054], [80.45610070500004, 21.97116745200003], [80.45611009800007, 21.97116942300005], [80.45612552300008, 21.97116942300005], [80.45613259700008, 21.971169539000073], [80.45613360200008, 21.971168593000073], [80.45613113100006, 21.971167769000033], [80.45613677300008, 21.97116651500005], [80.45613661700008, 21.971157738000045], [80.45612815300007, 21.971148334000077], [80.45611733800007, 21.971141594000073], [80.45610746300008, 21.971140967000053], [80.45609978300007, 21.971143788000063], [80.45609131900005, 21.97115397600004], [80.45608926600005, 21.97115360400005]]]]}}, {"type": "Feature", "properties": {"block": "Western Ukwa", "nuid": "CRO-23290-2016", "layer": "Lithology_DM", "age": "Pre- Cambrian", "supergroup": null, "group": "Sausar", "unit": "Sericite Muscovite Schist", "major_mineral": null, "remarks": null}, "geometry": {"type": "MultiPolygon", "coordinates": [[[[80.45808845400006, 21.97177484900004], [80.45809026300003, 21.97177050700003], [80.45809185500008, 21.97176696300005], [80.45809049500008, 21.97176737500007], [80.45809095900006, 21.971762737000063], [80.45806938800007, 21.971748356000035], [80.45799887700008, 21.971719595000025], [80.45791723300005, 21.971687819000067], [80.45788963200005, 21.971676221000052], [80.45783118200006, 21.971655114000043], [80.45779523000004, 21.97163887800008], [80.45777087600004, 21.97163215200004], [80.45774397100007, 21.971618699000032], [80.45773817200006, 21.97161846700004], [80.45773167800007, 21.971618931000023], [80.45774049200008, 21.97162542600006], [80.45774489900003, 21.971634703000063], [80.45773121400003, 21.971634008000024], [80.45770082900003, 21.971623570000077], [80.45765954300003, 21.97160965300003], [80.45763611700005, 21.971607798000036], [80.45760851500006, 21.97159040200006], [80.45755702400004, 21.97158298000005], [80.45751898500004, 21.97157555800004], [80.45746911700007, 21.97157416600004], [80.45740440500003, 21.97156790300005], [80.45737981900004, 21.971566048000057], [80.45736659800008, 21.971574862000068], [80.45736126300005, 21.97157300600003], [80.45734850600007, 21.971572774000037], [80.45733227000005, 21.971572774000037], [80.45731788900008, 21.971556538000073], [80.45730049400004, 21.971542158000034], [80.45727150100004, 21.971550276000073], [80.45724250800004, 21.97155421900004], [80.45721258700007, 21.971546101000058], [80.45720678800006, 21.97153404000005], [80.45717663600004, 21.971515948000047], [80.45714254000006, 21.971514324000054], [80.45713790100007, 21.971516412000028], [80.45712282400007, 21.971522906000075], [80.45710983600003, 21.97151989100007], [80.45707805900008, 21.971507598000073], [80.45704906600008, 21.971497856000042], [80.45702680000005, 21.971491826000033], [80.45699363200004, 21.971479069000054], [80.45693147100008, 21.971456802000034], [80.45686745400008, 21.971439174000068], [80.45681132400006, 21.97141876300003], [80.45676076000007, 21.97139928000007], [80.45673617400007, 21.971395337000047], [80.45671344300007, 21.97139023400007], [80.45664803500006, 21.971370055000023], [80.45659144000007, 21.971351268000035], [80.45653577400003, 21.971337583000036], [80.45652092900008, 21.971332248000067], [80.45649819900007, 21.97131902700005], [80.45646827800005, 21.97131253300006], [80.45646201600005, 21.971316708000074], [80.45642467300007, 21.971316476000027], [80.45641238000007, 21.97131276500005], [80.45640194200007, 21.971294209000064], [80.45639312800006, 21.97129049800003], [80.45633862100004, 21.97126892700004], [80.45629617600008, 21.97126289700003], [80.45627762000004, 21.971267536000028], [80.45627530100006, 21.971282380000048], [80.45626347100006, 21.97129281800005], [80.45625117800006, 21.971294209000064], [80.45619690400008, 21.971296993000067], [80.45618066700007, 21.97129049800003], [80.45615028300006, 21.971275422000076], [80.45614634000003, 21.97126985500006], [80.45614146900004, 21.97125570700007], [80.45613775800007, 21.971236687000044], [80.45612801600004, 21.971229033000043], [80.45610505400003, 21.971215348000044], [80.45608232300003, 21.97121326100006], [80.45606492700006, 21.971208854000054], [80.45603315100004, 21.971194705000073], [80.45600415800004, 21.97119215400005], [80.45599101700003, 21.971186743000032], [80.45599335700007, 21.971192377000023], [80.45599649200005, 21.971200214000078], [80.45603034700008, 21.97121212600007], [80.45605323100006, 21.971215261000054], [80.45609837200004, 21.971232502000078], [80.45611906200008, 21.97123657800006], [80.45612721200007, 21.971239712000056], [80.45613191400008, 21.971245355000065], [80.45612815300007, 21.971261342000048], [80.45613755700003, 21.971277330000078], [80.45616451600006, 21.971292377000054], [80.45619523700003, 21.971306483000035], [80.45625761900004, 21.97130805100005], [80.45627783000003, 21.97130081100005], [80.45628063500004, 21.971295601000065], [80.45628666600004, 21.971289339000066], [80.45630730900007, 21.971280525000054], [80.45631913800008, 21.97128539600004], [80.45635068200005, 21.971295601000065], [80.45638129900004, 21.97130511100005], [80.45639498400004, 21.97131044500003], [80.45642119300004, 21.971322507000025], [80.45644578000008, 21.971328537000034], [80.45645946400003, 21.971323434000055], [80.45646874200008, 21.97132760900007], [80.45650051800004, 21.971338975000037], [80.45653855700004, 21.971351732000073], [80.45658401800006, 21.971366112000055], [80.45662507200007, 21.97138327600004], [80.45665174600003, 21.97139116200003], [80.45669627900008, 21.97140438300005], [80.45673849300005, 21.971416676000047], [80.45676934200003, 21.97142595400004], [80.45678836100006, 21.97143430400007], [80.45683475000004, 21.97144822000007], [80.45691917800008, 21.971479301000045], [80.45697809100005, 21.971498320000023], [80.45701566600007, 21.97151177300003], [80.45707504400008, 21.971527081000033], [80.45710426900007, 21.971541926000043], [80.45712143300005, 21.971562337000023], [80.45712792700004, 21.971564192000073], [80.45717338800006, 21.971592490000035], [80.45720725200005, 21.971612437000033], [80.45725688800007, 21.97162681700007], [80.45729771000003, 21.971637487000066], [80.45736311900004, 21.971646301000078], [80.45741832100003, 21.97165928900006], [80.45745960700003, 21.971661609000023], [80.45754078800007, 21.97166949500007], [80.45765026500004, 21.971685731000036], [80.45771474600008, 21.971691298000053], [80.45775464000008, 21.971686659000056], [80.45782004800003, 21.971700112000065], [80.45790215700004, 21.97171124500005], [80.45795643200006, 21.97173142400004], [80.45800745900004, 21.971747196000024], [80.45803970000003, 21.971756474000074], [80.45807078000007, 21.971768303000033], [80.45808845400006, 21.97177484900004]]]]}}, {"type": "Feature", "properties": {"block": "Western Ukwa", "nuid": "CRO-23290-2016", "layer": "Lithology_DM", "age": "Pre- Cambrian", "supergroup": null, "group": "Sausar", "unit": "Mn Ore", "major_mineral": null, "remarks": null}, "geometry": {"type": "MultiPolygon", "coordinates": [[[[80.45809185500008, 21.97176696300005], [80.45809026300003, 21.97177050700003], [80.45808845400006, 21.97177484900004], [80.45808956800005, 21.97177526100006], [80.45811021100008, 21.971785003000036], [80.45814036300004, 21.971796832000052], [80.45814268300006, 21.971796136000023], [80.45814384200008, 21.97178662700003], [80.45811809700007, 21.971772478000048], [80.45810348400005, 21.971763432000046], [80.45809185500008, 21.97176696300005]]]]}}, {"type": "Feature", "properties": {"block": "Western Ukwa", "nuid": "CRO-23290-2016", "layer": "Lithology_DM", "age": "Pre- Cambrian", "supergroup": null, "group": "Sausar", "unit": "Mn Ore", "major_mineral": null, "remarks": null}, "geometry": {"type": "MultiPolygon", "coordinates": [[[[80.45628208400007, 21.971266420000063], [80.45628051900007, 21.971265448000054], [80.45627460500003, 21.97126510000004], [80.45627402500008, 21.971267304000037], [80.45626695100003, 21.97126742000006], [80.45626590700004, 21.971269275000054], [80.45625906500004, 21.971269391000078], [80.45625790500003, 21.971271711000043], [80.45624874300006, 21.971271131000037], [80.45624897500005, 21.971269391000078], [80.45623517400008, 21.97126962300007], [80.45623447800006, 21.971267536000028], [80.45622346100004, 21.971267072000046], [80.45622311300008, 21.97126626000005], [80.45621882200004, 21.97126405700004], [80.45621105200007, 21.971262317000026], [80.45620606500006, 21.97125976600006], [80.45619702000005, 21.97124967600007], [80.45619052500007, 21.971248632000027], [80.45617858000008, 21.97124608100006], [80.45616965000005, 21.971245733000046], [80.45615735700005, 21.97124828400007], [80.45614506400005, 21.971253619000038], [80.45614170500005, 21.971256394000022], [80.45614634000003, 21.97126985500006], [80.45615028300006, 21.971275422000076], [80.45618066700007, 21.97129049800003], [80.45619690400008, 21.971296993000067], [80.45625117800006, 21.971294209000064], [80.45626347100006, 21.97129281800005], [80.45627530100006, 21.971282380000048], [80.45627762000004, 21.971267536000028], [80.45628208400007, 21.971266420000063]]]]}}, {"type": "Feature", "properties": {"block": "Western Ukwa", "nuid": "CRO-23290-2016", "layer": "Lithology_DM", "age": "Pre- Cambrian", "supergroup": null, "group": "Sausar", "unit": "Mn Ore", "major_mineral": null, "remarks": null}, "geometry": {"type": "MultiPolygon", "coordinates": [[[[80.45602032100004, 21.971193576000076], [80.45602051000003, 21.971191342000054], [80.45602074200008, 21.971187515000054], [80.45601877000007, 21.971187341000075], [80.45601871200006, 21.971185544000036], [80.45601662500007, 21.97118542800007], [80.45601668300003, 21.971181485000045], [80.45601465300007, 21.97118160100007], [80.45601453700004, 21.97117939700007], [80.45601065200003, 21.97117933900006], [80.45601065200003, 21.97117551200006], [80.45600862300006, 21.971175164000044], [80.45600879700004, 21.971169539000073], [80.45600647700007, 21.97116942300005], [80.45600676700008, 21.971165480000025], [80.45600033100004, 21.97116542200007], [80.45600056300003, 21.97116745200003], [80.45599267700004, 21.971167336000065], [80.45599227100007, 21.97116948100006], [80.45598844400007, 21.97116942300005], [80.45598856000004, 21.971171569000035], [80.45598537000006, 21.971171569000035], [80.45598405500004, 21.97117167400006], [80.45598489300005, 21.97117200100007], [80.45599101700003, 21.971186743000032], [80.45600415800004, 21.97119215400005], [80.45602032100004, 21.971193576000076]]]]}}, {"type": "Feature", "properties": {"block": "Western Ukwa", "nuid": "CRO-23290-2016", "layer": "Lithology_DM", "age": "Pre- Cambrian", "supergroup": null, "group": "Sausar", "unit": "Mn Ore", "major_mineral": null, "remarks": null}, "geometry": {"type": "MultiPolygon", "coordinates": [[[[80.45754571600008, 21.971481807000032], [80.45754316500006, 21.971488231000023], [80.45753991800007, 21.971496001000048], [80.45753261200008, 21.971516180000037], [80.45753226400006, 21.97151919500004], [80.45754177400005, 21.971530444000052], [80.45755534200003, 21.97154679700003], [80.45755685000006, 21.971549812000035], [80.45755928500006, 21.97154900000004], [80.45757181000005, 21.97154296900004], [80.45758236400007, 21.97153740300007], [80.45759349700006, 21.97152905300004], [80.45759952800006, 21.97152023900003], [80.45760358700005, 21.971516180000037], [80.45760242700004, 21.971503307000035], [80.45759512100005, 21.971494145000065], [80.45758595900008, 21.97148881000004], [80.45758004400005, 21.971486491000064], [80.45757505800003, 21.97148521500003], [80.45756833100006, 21.971483360000036], [80.45756090900005, 21.97148324400007], [80.45756045300004, 21.971479532000046], [80.45754571600008, 21.971481807000032]]]]}}, {"type": "Feature", "properties": {"block": "Western Ukwa", "nuid": "CRO-23290-2016", "layer": "Lithology_DM", "age": "Pre- Cambrian", "supergroup": null, "group": "Sausar", "unit": "Mn Ore", "major_mineral": null, "remarks": null}, "geometry": {"type": "MultiPolygon", "coordinates": [[[[80.45646506700007, 21.97131467400004], [80.45646474100005, 21.97130986600007], [80.45645720300007, 21.971304415000077], [80.45644270600008, 21.971295949000023], [80.45643250100005, 21.97129026600004], [80.45642206300005, 21.971275306000052], [80.45639689700005, 21.971274958000038], [80.45639573800008, 21.971276814000078], [80.45639840500007, 21.971287947000064], [80.45640058000004, 21.97129363600004], [80.45640194200007, 21.971294209000064], [80.45641238000007, 21.97131276500005], [80.45642467300007, 21.971316476000027], [80.45646201600005, 21.971316708000074], [80.45646506700007, 21.97131467400004]]]]}}, {"type": "Feature", "properties": {"block": "Western Ukwa", "nuid": "CRO-23290-2016", "layer": "Lithology_DM", "age": "Pre- Cambrian", "supergroup": null, "group": "Sausar", "unit": "Mn Ore", "major_mineral": null, "remarks": null}, "geometry": {"type": "MultiPolygon", "coordinates": [[[[80.45710008400005, 21.971516118000068], [80.45710061600005, 21.971510265000063], [80.45710316700007, 21.971508062000055], [80.45709678900005, 21.971503307000035], [80.45708762700008, 21.97149762400005], [80.45707765300006, 21.97149762400005], [80.45706663600004, 21.971492870000077], [80.45704402100006, 21.97148394000004], [80.45702732100006, 21.971473850000052], [80.45700018400004, 21.97146503600004], [80.45696214500003, 21.97145517900003], [80.45694347400007, 21.971448568000028], [80.45693013700003, 21.971446713000034], [80.45692631000009, 21.971444277000046], [80.45690288300005, 21.971433724000065], [80.45688038500003, 21.971428273000072], [80.45685881400004, 21.97142189500005], [80.45684675300004, 21.971420503000047], [80.45684397000008, 21.971418879000055], [80.45681057000007, 21.97140484700003], [80.45679502900003, 21.971397656000022], [80.45677183500004, 21.971390002000078], [80.45675072800003, 21.971385595000072], [80.45674249400008, 21.971385131000034], [80.45674237800006, 21.971391510000046], [80.45674435000006, 21.971395105000056], [80.45674920400006, 21.971397427000056], [80.45676076000007, 21.97139928000007], [80.45681132400006, 21.97141876300003], [80.45686745400008, 21.971439174000068], [80.45693147100008, 21.971456802000034], [80.45699363200004, 21.971479069000054], [80.45702680000005, 21.971491826000033], [80.45704906600008, 21.971497856000042], [80.45707805900008, 21.971507598000073], [80.45710008400005, 21.971516118000068]]]]}}, {"type": "Feature", "properties": {"block": "Western Ukwa", "nuid": "CRO-23290-2016", "layer": "Lithology_DM", "age": "Pre- Cambrian", "supergroup": null, "group": "Sausar", "unit": "Mn Ore", "major_mineral": null, "remarks": null}, "geometry": {"type": "MultiPolygon", "coordinates": [[[[80.45730065300006, 21.97154228900007], [80.45730090000006, 21.97154007000006], [80.45729475300004, 21.971534272000042], [80.45729057800008, 21.971527313000024], [80.45727863300004, 21.971527197000057], [80.45727886500003, 21.971525342000064], [80.45727422600004, 21.971523602000048], [80.45726610800006, 21.971523138000066], [80.45724546500009, 21.97152522600004], [80.45723421600007, 21.971530908000034], [80.45722053100008, 21.971537171000023], [80.45721032700004, 21.971541400000035], [80.45721258700007, 21.971546101000058], [80.45724250800004, 21.97155421900004], [80.45727150100004, 21.971550276000073], [80.45730049400004, 21.971542158000034], [80.45730065300006, 21.97154228900007]]]]}}, {"type": "Feature", "properties": {"block": "Western Ukwa", "nuid": "CRO-23290-2016", "layer": "Lithology_DM", "age": "Pre- Cambrian", "supergroup": null, "group": "Sausar", "unit": "Mn Ore", "major_mineral": null, "remarks": null}, "geometry": {"type": "MultiPolygon", "coordinates": [[[[80.45737744800005, 21.97156762800006], [80.45737686100006, 21.971564192000073], [80.45737233800008, 21.971557698000026], [80.45736909100003, 21.97155375500006], [80.45735946500008, 21.971551783000052], [80.45735030400004, 21.971548304000066], [80.45734462100006, 21.971546217000025], [80.45733603900004, 21.971544361000042], [80.45733105200003, 21.971542158000034], [80.45732244100003, 21.971541375000072], [80.45730927900007, 21.971541433000027], [80.45730252300007, 21.971541520000073], [80.45730129300006, 21.971542818000046], [80.45731788900008, 21.971556538000073], [80.45733227000005, 21.971572774000037], [80.45734850600007, 21.971572774000037], [80.45736126300005, 21.97157300600003], [80.45736659800008, 21.971574862000068], [80.45737744800005, 21.97156762800006]]]]}}, {"type": "Feature", "properties": {"block": "Western Ukwa", "nuid": "CRO-23290-2016", "layer": "Lithology_DM", "age": null, "supergroup": null, "group": null, "unit": "NO LABALE", "major_mineral": null, "remarks": null}, "geometry": {"type": "MultiPolygon", "coordinates": [[[[80.45761069800005, 21.97159177800006], [80.45762863700008, 21.97159156200007], [80.45762863700008, 21.971593417000065], [80.45765693400006, 21.971593533000032], [80.45765670200007, 21.971595273000048], [80.45767340200007, 21.971597592000023], [80.45770030700004, 21.971606638000026], [80.45770854100004, 21.97160965300003], [80.45771955900005, 21.971611857000028], [80.45772906800005, 21.971615800000052], [80.45773305900008, 21.971618833000036], [80.45773817200006, 21.97161846700004], [80.45774397100007, 21.971618699000032], [80.45777087600004, 21.97163215200004], [80.45779523000004, 21.97163887800008], [80.45783118200006, 21.971655114000043], [80.45788963200005, 21.971676221000052], [80.45791723300005, 21.971687819000067], [80.45799887700008, 21.971719595000025], [80.45806938800007, 21.971748356000035], [80.45809095900006, 21.971762737000063], [80.45809049500008, 21.97176737500007], [80.45810348400005, 21.971763432000046], [80.45811809700007, 21.971772478000048], [80.45814384200008, 21.97178662700003], [80.45814268300006, 21.971796136000023], [80.45814036300004, 21.971796832000052], [80.45811021100008, 21.971785003000036], [80.45808956800005, 21.97177526100006], [80.45807078000007, 21.971768303000033], [80.45803970000003, 21.971756474000074], [80.45800745900004, 21.971747196000024], [80.45795643200006, 21.97173142400004], [80.45790215700004, 21.97171124500005], [80.45782004800003, 21.971700112000065], [80.45775464000008, 21.971686659000056], [80.45771474600008, 21.971691298000053], [80.45765026500004, 21.971685731000036], [80.45754078800007, 21.97166949500007], [80.45745960700003, 21.971661609000023], [80.45741832100003, 21.97165928900006], [80.45736311900004, 21.971646301000078], [80.45729771000003, 21.971637487000066], [80.45725688800007, 21.97162681700007], [80.45720725200005, 21.971612437000033], [80.45717338800006, 21.971592490000035], [80.45712792700004, 21.971564192000073], [80.45712143300005, 21.971562337000023], [80.45710426900007, 21.971541926000043], [80.45707504400008, 21.971527081000033], [80.45701566600007, 21.97151177300003], [80.45697809100005, 21.971498320000023], [80.45691917800008, 21.971479301000045], [80.45683475000004, 21.97144822000007], [80.45678836100006, 21.97143430400007], [80.45676934200003, 21.97142595400004], [80.45673849300005, 21.971416676000047], [80.45669627900008, 21.97140438300005], [80.45665174600003, 21.97139116200003], [80.45662507200007, 21.97138327600004], [80.45658401800006, 21.971366112000055], [80.45653855700004, 21.971351732000073], [80.45650051800004, 21.971338975000037], [80.45646874200008, 21.97132760900007], [80.45645946400003, 21.971323434000055], [80.45644578000008, 21.971328537000034], [80.45642119300004, 21.971322507000025], [80.45639498400004, 21.97131044500003], [80.45638129900004, 21.97130511100005], [80.45635068200005, 21.971295601000065], [80.45631913800008, 21.97128539600004], [80.45630730900007, 21.971280525000054], [80.45628666600004, 21.971289339000066], [80.45628063500004, 21.971295601000065], [80.45627783000003, 21.97130081100005], [80.45627862200007, 21.97130052700004], [80.45630370000003, 21.97130115400006], [80.45633881000003, 21.971311499000024], [80.45638614500007, 21.971325292000074], [80.45640746200007, 21.97133281500004], [80.45643943600004, 21.971337204000065], [80.45645855900005, 21.971345041000063], [80.45647862100003, 21.971357580000074], [80.45649805700003, 21.971361655000067], [80.45652376200007, 21.971368552000058], [80.45657485900006, 21.971385793000024], [80.45659648900005, 21.971391749000077], [80.45662250800007, 21.971402408000074], [80.45663567400004, 21.97141212500003], [80.45665009400005, 21.971416514000055], [80.45668708400007, 21.97143783100006], [80.45671090900004, 21.971452878000036], [80.45676231900006, 21.971463536000044], [80.45678144100003, 21.971469178000063], [80.45683065700007, 21.971486733000063], [80.45688488900004, 21.971503348000056], [80.45692313300003, 21.971511185000054], [80.45694225500006, 21.97151996200006], [80.45696952800006, 21.971536263000075], [80.45699742800008, 21.971551310000052], [80.45702595400007, 21.971557579000034], [80.45704601700004, 21.971563222000043], [80.45706733300005, 21.971565416000033], [80.45709711400008, 21.971580777000042], [80.45715510700006, 21.971604914000068], [80.45718896300008, 21.971615573000065], [80.45722469900005, 21.971634381000058], [80.45725197200005, 21.97164409900006], [80.45729523200004, 21.971655071000043], [80.45733786500006, 21.97166228100008], [80.45743222200008, 21.971676074000072], [80.45752407100008, 21.971689867000066], [80.45757516800006, 21.971694883000055], [80.45767548100008, 21.971706168000026], [80.45773002600004, 21.971712124000078], [80.45776607600004, 21.97171118400007], [80.45782501000008, 21.971722469000042], [80.45787203200007, 21.971726544000035], [80.45789522900003, 21.971729365000044], [80.45791748600004, 21.971733441000026], [80.45795823800006, 21.971751936000032], [80.45799209400008, 21.97176604200007], [80.45801184300007, 21.97177795400006], [80.45805040100004, 21.971800211000073], [80.45812250100005, 21.97183563400006], [80.45813911500005, 21.971844098000076], [80.45815604300003, 21.97185507000006], [80.45818206100006, 21.97182560300007], [80.45819679500005, 21.971803660000035], [80.45820619900007, 21.971778895000057], [80.45821842500004, 21.97173312700005], [80.45822093300006, 21.97171557200005], [80.45821340900005, 21.971696764000058], [80.45819522800008, 21.971680149000065], [80.45815823700008, 21.971666043000027], [80.45811152900006, 21.971645353000042], [80.45809616800005, 21.971636889000024], [80.45805729700004, 21.97162873900004], [80.45799993100007, 21.971617454000068], [80.45795196900008, 21.97160334700004], [80.45792406900006, 21.971596137000063], [80.45790651400006, 21.971587673000045], [80.45789585600005, 21.97157670100006], [80.45787171800004, 21.971566043000053], [80.45783316000006, 21.971552877000022], [80.45781905400008, 21.97154723400007], [80.45780933600008, 21.971535009000036], [80.45776231400004, 21.971514633000027], [80.45774475900004, 21.971503348000056], [80.45770933600005, 21.97149112200003], [80.45770181300009, 21.971486733000063], [80.45765604500008, 21.971481718000064], [80.45762344300005, 21.97148140400003], [80.45758081000008, 21.971476388000042], [80.45756045300004, 21.971479532000046], [80.45756090900005, 21.97148324400007], [80.45756833100006, 21.971483360000036], [80.45757505800003, 21.97148521500003], [80.45758004400005, 21.971486491000064], [80.45758595900008, 21.97148881000004], [80.45759512100005, 21.971494145000065], [80.45760242700004, 21.971503307000035], [80.45760358700005, 21.971516180000037], [80.45759952800006, 21.97152023900003], [80.45759349700006, 21.97152905300004], [80.45758236400007, 21.97153740300007], [80.45757181000005, 21.97154296900004], [80.45755928500006, 21.97154900000004], [80.45755685000006, 21.971549812000035], [80.45755534200003, 21.97154679700003], [80.45754177400005, 21.971530444000052], [80.45753226400006, 21.97151919500004], [80.45753261200008, 21.971516180000037], [80.45753991800007, 21.971496001000048], [80.45754316500006, 21.971488231000023], [80.45754571600008, 21.971481807000032], [80.45753817700006, 21.971482971000057], [80.45752062300005, 21.971486733000063], [80.45750024700004, 21.971482971000057], [80.45748394600008, 21.97148203100005], [80.45747172000006, 21.971481091000044], [80.45744068600004, 21.971475761000022], [80.45741874200007, 21.971476075000055], [80.45739021600008, 21.971469805000027], [80.45736670500008, 21.971472000000063], [80.45733504400005, 21.971468238000057], [80.45730996500004, 21.971462909000024], [80.45726169000005, 21.971462909000024], [80.45722783400004, 21.971463222000068], [80.45720902500005, 21.97145977400004], [80.45718112600008, 21.97145820700007], [80.45715291300007, 21.971454445000063], [80.45712250500003, 21.97144754800007], [80.45710275600004, 21.97144692100005], [80.45707830500004, 21.971443787000055], [80.45705291300004, 21.971438771000066], [80.45697579800003, 21.97141275200005], [80.45692595500003, 21.971396138000046], [80.45690401100006, 21.971387047000064], [80.45690084700004, 21.97138474600007], [80.45689679500003, 21.97138913300006], [80.45688937300008, 21.97139678700006], [80.45687777600006, 21.97139562700005], [80.45686571400006, 21.97139609100003], [80.45684692700007, 21.971386581000047], [80.45683741700003, 21.97137475200003], [80.45683632100008, 21.97136692400005], [80.45680463900004, 21.971359148000033], [80.45675855700006, 21.971350057000052], [80.45672438800005, 21.971339398000055], [80.45671974800007, 21.97133793300003], [80.45671437100003, 21.971348310000053], [80.45670602100006, 21.97136443000005], [80.45669338000005, 21.97136443000005], [80.45666833000007, 21.97134146800005], [80.45666183600008, 21.971345411000073], [80.45664502000005, 21.971346571000026], [80.45663411800007, 21.97134436700003], [80.45663005900008, 21.971337061000042], [80.45662913100006, 21.971328363000055], [80.45662971500008, 21.97132160500007], [80.45660840100004, 21.971316201000036], [80.45655034600009, 21.971300924000047], [80.45655043500005, 21.97130247900003], [80.45655239200005, 21.971303393000028], [80.45655304500008, 21.97130626300003], [80.45654495600007, 21.971309786000063], [80.45653373500005, 21.97130939400006], [80.45652147100003, 21.971304436000025], [80.45648415700003, 21.971293608000053], [80.45645923800004, 21.971279778000053], [80.45645384700003, 21.971272681000073], [80.45644492200006, 21.971271844000057], [80.45641906000003, 21.971265731000074], [80.45639351200003, 21.971259618000033], [80.45634194500008, 21.97124566900004], [80.45632345000007, 21.971240026000032], [80.45627909200005, 21.971225136000044], [80.45625934300006, 21.97121682900007], [80.45624304200004, 21.97120711100007], [80.45623191400006, 21.971198490000063], [80.45622956300008, 21.97119676600005], [80.45620511200008, 21.971190810000053], [80.45617062900004, 21.971180935000064], [80.45613360200008, 21.971168593000073], [80.45613259700008, 21.971169539000073], [80.45612552300008, 21.97116942300005], [80.45611009800007, 21.97116942300005], [80.45610070500004, 21.97116745200003], [80.45609316700006, 21.971159914000054], [80.45608926600005, 21.97115360400005], [80.45606968900006, 21.971150058000035], [80.45605197700007, 21.971144258000038], [80.45602595900004, 21.971136578000028], [80.45600432900005, 21.971130779000077], [80.45596247900005, 21.971114948000036], [80.45595464300004, 21.971107738000057], [80.45595056700006, 21.97109708000005], [80.45594994000004, 21.971095512000034], [80.45596012800007, 21.97109504200006], [80.45598755800006, 21.97109692300006], [80.45601059800003, 21.97109425900004], [80.45604680500008, 21.97109284800007], [80.45608426600006, 21.971089556000038], [80.45611812100003, 21.971081092000077], [80.45614116200005, 21.97107686100003], [80.45622203900007, 21.971068632000026], [80.45624225900008, 21.971066046000033], [80.45632102000008, 21.97106345900005], [80.45633818300007, 21.971062519000043], [80.45638614500007, 21.971054525000056], [80.45643105100004, 21.971065340000052], [80.45646373100004, 21.971069572000033], [80.45648183400004, 21.971071453000036], [80.45650769600007, 21.97106698600004], [80.45652603500008, 21.971066046000033], [80.45656459300005, 21.971074745000067], [80.45661490600008, 21.97107450900006], [80.45664311900003, 21.971079212000063], [80.45671083000008, 21.971102252000037], [80.45677078300008, 21.97111518300005], [80.45679288300005, 21.971120591000044], [80.45682838400006, 21.971137989000056], [80.45685401100008, 21.971151390000045], [80.45692571900008, 21.97116784800005], [80.45697015500008, 21.971169023000073], [80.45699155000005, 21.97117066900006], [80.45700800700007, 21.97117278500008], [80.45703575000005, 21.971166907000054], [80.45704891600008, 21.971163381000054], [80.45710581300006, 21.971165967000047], [80.45712086000003, 21.971168083000066], [80.45714154900008, 21.97116925800003], [80.45716835200005, 21.97116996400007], [80.45719891600004, 21.971176782000043], [80.45723065500005, 21.97117842700004], [80.45728896200006, 21.971177957000066], [80.45729248900005, 21.971169493000048], [80.45730048300004, 21.971141986000077], [80.45730083500007, 21.971127762000037], [80.45729742600008, 21.971103780000078], [80.45729002000007, 21.971078154000054], [80.45727897000006, 21.971062166000024], [80.45726415800004, 21.971042417000035], [80.45725569400008, 21.971025019000024], [80.45725169800005, 21.971020552000027], [80.45721431500004, 21.97101467400006], [80.45719104000005, 21.971012793000057], [80.45717505200008, 21.971012088000066], [80.45715295200006, 21.971023373000037], [80.45713531900003, 21.971029016000045], [80.45709582100005, 21.971029486000077], [80.45708171400008, 21.971027840000033], [80.45705185500003, 21.971026195000036], [80.45701847000004, 21.97101749600006], [80.45700060200005, 21.971013499000037], [80.45698014700008, 21.971012088000066], [80.45695687100005, 21.971010677000038], [80.45692607200004, 21.971003154000073], [80.45690397200008, 21.970999862000042], [80.45688398800007, 21.970999392000067], [80.45686306300007, 21.97099563100005], [80.45683884700009, 21.970993044000068], [80.45679699700008, 21.970995866000067], [80.45676643300004, 21.970991869000045], [80.45673422300007, 21.970987167000033], [80.45670554000003, 21.970987167000033], [80.45668931800003, 21.970986226000036], [80.45667027400003, 21.970980584000074], [80.45664464700008, 21.97097188500004], [80.45663665300003, 21.970974941000065], [80.45661690400004, 21.970979408000062], [80.45658093300005, 21.970980819000033], [80.45655648100006, 21.97098505100007], [80.45652333100008, 21.970988342000055], [80.45651275100005, 21.970992574000036], [80.45647395800006, 21.970991869000045], [80.45644033800005, 21.970993279000027], [80.45641165400008, 21.970999392000067], [80.45636886500006, 21.971001038000054], [80.45632513500004, 21.970997511000064], [80.45630891200005, 21.97100127300007], [80.45626729800006, 21.971013029000062], [80.45620593400008, 21.971019141000056], [80.45616055800008, 21.97101820100005], [80.45613986900008, 21.971024314000033], [80.45611259600008, 21.971029721000036], [80.45607356800008, 21.97103089700005], [80.45601314500004, 21.971035834000077], [80.45597200100008, 21.971036539000067], [80.45592380400007, 21.971036069000036], [80.45587513700008, 21.97104500300003], [80.45581800500008, 21.971045944000025], [80.45578175900005, 21.971049745000073], [80.45576796600005, 21.971068553000066], [80.45576765300007, 21.97110460300007], [80.45584915700005, 21.971133443000042], [80.45590370200006, 21.971141594000073], [80.45597204100005, 21.97116698600007], [80.45598405500004, 21.97117167400006], [80.45598537000006, 21.971171569000035], [80.45598856000004, 21.971171569000035], [80.45598844400007, 21.97116942300005], [80.45599227100007, 21.97116948100006], [80.45599267700004, 21.971167336000065], [80.45600056300003, 21.97116745200003], [80.45600033100004, 21.97116542200007], [80.45600676700008, 21.971165480000025], [80.45600647700007, 21.97116942300005], [80.45600879700004, 21.971169539000073], [80.45600862300006, 21.971175164000044], [80.45601065200003, 21.97117551200006], [80.45601065200003, 21.97117933900006], [80.45601453700004, 21.97117939700007], [80.45601465300007, 21.97118160100007], [80.45601668300003, 21.971181485000045], [80.45601662500007, 21.97118542800007], [80.45601871200006, 21.971185544000036], [80.45601877000007, 21.971187341000075], [80.45602074200008, 21.971187515000054], [80.45602051000003, 21.971191342000054], [80.45602032100004, 21.971193576000076], [80.45603315100004, 21.971194705000073], [80.45606492700006, 21.971208854000054], [80.45608232300003, 21.97121326100006], [80.45610505400003, 21.971215348000044], [80.45612801600004, 21.971229033000043], [80.45613775800007, 21.971236687000044], [80.45614146900004, 21.97125570700007], [80.45614170500005, 21.971256394000022], [80.45614506400005, 21.971253619000038], [80.45615735700005, 21.97124828400007], [80.45616965000005, 21.971245733000046], [80.45617858000008, 21.97124608100006], [80.45619052500007, 21.971248632000027], [80.45619702000005, 21.97124967600007], [80.45620606500006, 21.97125976600006], [80.45621105200007, 21.971262317000026], [80.45621882200004, 21.97126405700004], [80.45622311300008, 21.97126626000005], [80.45622346100004, 21.971267072000046], [80.45623447800006, 21.971267536000028], [80.45623517400008, 21.97126962300007], [80.45624897500005, 21.971269391000078], [80.45624874300006, 21.971271131000037], [80.45625790500003, 21.971271711000043], [80.45625906500004, 21.971269391000078], [80.45626590700004, 21.971269275000054], [80.45626695100003, 21.97126742000006], [80.45627402500008, 21.971267304000037], [80.45627460500003, 21.97126510000004], [80.45628051900007, 21.971265448000054], [80.45628208400007, 21.971266420000063], [80.45629617600008, 21.97126289700003], [80.45633862100004, 21.97126892700004], [80.45639312800006, 21.97129049800003], [80.45640058000004, 21.97129363600004], [80.45639840500007, 21.971287947000064], [80.45639573800008, 21.971276814000078], [80.45639689700005, 21.971274958000038], [80.45642206300005, 21.971275306000052], [80.45643250100005, 21.97129026600004], [80.45644270600008, 21.971295949000023], [80.45645720300007, 21.971304415000077], [80.45646474100005, 21.97130986600007], [80.45646506700007, 21.97131467400004], [80.45646827800005, 21.97131253300006], [80.45649819900007, 21.97131902700005], [80.45652092900008, 21.971332248000067], [80.45653577400003, 21.971337583000036], [80.45659144000007, 21.971351268000035], [80.45664803500006, 21.971370055000023], [80.45671344300007, 21.97139023400007], [80.45673617400007, 21.971395337000047], [80.45674920400006, 21.971397427000056], [80.45674435000006, 21.971395105000056], [80.45674237800006, 21.971391510000046], [80.45674249400008, 21.971385131000034], [80.45675072800003, 21.971385595000072], [80.45677183500004, 21.971390002000078], [80.45679502900003, 21.971397656000022], [80.45681057000007, 21.97140484700003], [80.45684397000008, 21.971418879000055], [80.45684675300004, 21.971420503000047], [80.45685881400004, 21.97142189500005], [80.45688038500003, 21.971428273000072], [80.45690288300005, 21.971433724000065], [80.45692631000009, 21.971444277000046], [80.45693013700003, 21.971446713000034], [80.45694347400007, 21.971448568000028], [80.45696214500003, 21.97145517900003], [80.45700018400004, 21.97146503600004], [80.45702732100006, 21.971473850000052], [80.45704402100006, 21.97148394000004], [80.45706663600004, 21.971492870000077], [80.45707765300006, 21.97149762400005], [80.45708762700008, 21.97149762400005], [80.45709678900005, 21.971503307000035], [80.45710316700007, 21.971508062000055], [80.45710061600005, 21.971510265000063], [80.45710008400005, 21.971516118000068], [80.45710983600003, 21.97151989100007], [80.45712282400007, 21.971522906000075], [80.45713790100007, 21.971516412000028], [80.45714254000006, 21.971514324000054], [80.45717663600004, 21.971515948000047], [80.45720678800006, 21.97153404000005], [80.45721032700004, 21.971541400000035], [80.45722053100008, 21.971537171000023], [80.45723421600007, 21.971530908000034], [80.45724546500009, 21.97152522600004], [80.45726610800006, 21.971523138000066], [80.45727422600004, 21.971523602000048], [80.45727886500003, 21.971525342000064], [80.45727863300004, 21.971527197000057], [80.45729057800008, 21.971527313000024], [80.45729475300004, 21.971534272000042], [80.45730090000006, 21.97154007000006], [80.45730065300006, 21.97154228900007], [80.45730129300006, 21.971542818000046], [80.45730252300007, 21.971541520000073], [80.45730927900007, 21.971541433000027], [80.45732244100003, 21.971541375000072], [80.45733105200003, 21.971542158000034], [80.45733603900004, 21.971544361000042], [80.45734462100006, 21.971546217000025], [80.45735030400004, 21.971548304000066], [80.45735946500008, 21.971551783000052], [80.45736909100003, 21.97155375500006], [80.45737233800008, 21.971557698000026], [80.45737686100006, 21.971564192000073], [80.45737744800005, 21.97156762800006], [80.45737981900004, 21.971566048000057], [80.45740440500003, 21.97156790300005], [80.45746911700007, 21.97157416600004], [80.45751898500004, 21.97157555800004], [80.45755702400004, 21.97158298000005], [80.45760851500006, 21.97159040200006], [80.45761069800005, 21.97159177800006]], [[80.45580091700003, 21.97106818000003], [80.45580857100003, 21.97106678800003], [80.45581970400008, 21.97106655600004], [80.45583710000005, 21.971068412000022], [80.45584231900006, 21.971070847000078], [80.45585136500006, 21.97107490600007], [80.45585785900005, 21.971079081000028], [80.45587270400006, 21.971089403000065], [80.45587258800003, 21.97109288200005], [80.45586829700005, 21.971103551000056], [80.45586354200003, 21.971103319000065], [80.45584603000003, 21.971099260000074], [80.45581205000008, 21.97109056200003], [80.45579036300006, 21.971083024000052], [80.45580091700003, 21.97106818000003]], [[80.45817131700005, 21.971731145000035], [80.45818232000005, 21.97173144900006], [80.45818610300006, 21.97173310200003], [80.45818845200006, 21.97173527600006], [80.45819240900005, 21.971739365000076], [80.45819645400007, 21.97174149500006], [80.45819662800005, 21.971744888000046], [80.45819462700007, 21.971753325000066], [80.45819267000007, 21.971757500000024], [80.45816992500005, 21.97175767400006], [80.45816070600006, 21.97175558600003], [80.45815653100004, 21.971753586000034], [80.45815600900005, 21.971750541000063], [80.45816114000007, 21.97174149500006], [80.45817131700005, 21.971731145000035]], [[80.45811643300004, 21.971743409000055], [80.45811856400007, 21.97174784500004], [80.45812039100008, 21.971751889000075], [80.45812269600003, 21.971755934000043], [80.45812258700005, 21.971757608000075], [80.45811854200008, 21.971757543000024], [80.45811847700008, 21.971755608000024], [80.45811254100005, 21.97175549900004], [80.45810645200004, 21.971753499000044], [80.45810199500005, 21.971751107000046], [80.45809542800004, 21.971749171000056], [80.45808966500005, 21.97174721400006], [80.45808557700008, 21.97174508300003], [80.45808172900007, 21.971743039000046], [80.45807766200005, 21.971738386000027], [80.45807246500004, 21.971737473000076], [80.45807046500005, 21.971735472000034], [80.45807044300005, 21.97172555700007], [80.45807051900005, 21.971719501000052], [80.45806846400006, 21.97171951200005], [80.45806849700006, 21.971713401000045], [80.45807291100004, 21.971713499000032], [80.45808081500007, 21.971713434000037], [80.45808242400005, 21.971713434000037], [80.45808249000004, 21.97171140100005], [80.45808607800006, 21.971711455000047], [80.45809254700004, 21.971711422000055], [80.45809254700004, 21.97171342300004], [80.45810057000006, 21.97171342300004], [80.45810057000006, 21.97171544500003], [80.45811063800005, 21.97171544500003], [80.45811059500005, 21.97171753300006], [80.45811459600003, 21.97171748900007], [80.45811898800008, 21.97171983800007], [80.45812072800004, 21.971721708000075], [80.45812051000007, 21.971723447000045], [80.45811868400006, 21.971723578000024], [80.45811851000008, 21.97172555700007], [80.45811664000007, 21.971725622000065], [80.45811650900004, 21.971727514000065], [80.45811457400004, 21.971727557000065], [80.45811453100004, 21.971729492000065], [80.45811061600006, 21.971729710000034], [80.45811042100007, 21.97172734000003], [80.45810257100004, 21.971727405000024], [80.45809311200009, 21.97172375200006], [80.45808893700007, 21.971723491000034], [80.45808684900004, 21.97172688300003], [80.45809415600007, 21.971731754000075], [80.45809824400004, 21.971735929000033], [80.45809920000005, 21.971737407000035], [80.45810720300005, 21.97173758100007], [80.45811137800007, 21.971740278000027], [80.45811643300004, 21.971743409000055]]]]}}, {"type": "Feature", "properties": {"block": "Western Ukwa", "nuid": "CRO-23290-2016", "layer": "Lithology_DM", "age": "Pre- Cambrian", "supergroup": null, "group": "Sausar", "unit": "Mn Ore", "major_mineral": null, "remarks": null}, "geometry": {"type": "MultiPolygon", "coordinates": [[[[80.45773305900008, 21.971618833000036], [80.45772906800005, 21.971615800000052], [80.45771955900005, 21.971611857000028], [80.45770854100004, 21.97160965300003], [80.45770030700004, 21.971606638000026], [80.45767340200007, 21.971597592000023], [80.45765670200007, 21.971595273000048], [80.45765693400006, 21.971593533000032], [80.45762863700008, 21.971593417000065], [80.45762863700008, 21.97159156200007], [80.45761069800005, 21.97159177800006], [80.45763611700005, 21.971607798000036], [80.45765954300003, 21.97160965300003], [80.45770082900003, 21.971623570000077], [80.45773121400003, 21.971634008000024], [80.45774489900003, 21.971634703000063], [80.45774049200008, 21.97162542600006], [80.45773167800007, 21.971618931000023], [80.45773305900008, 21.971618833000036]]]]}}, {"type": "Feature", "properties": {"block": "Western Ukwa", "nuid": "CRO-23290-2016", "layer": "Lithology_DM", "age": "Pre- Cambrian", "supergroup": null, "group": "Sausar", "unit": "Mn Ore", "major_mineral": null, "remarks": null}, "geometry": {"type": "MultiPolygon", "coordinates": [[[[80.45580091700003, 21.97106818000003], [80.45579036300006, 21.971083024000052], [80.45581205000008, 21.97109056200003], [80.45584603000003, 21.971099260000074], [80.45586354200003, 21.971103319000065], [80.45586829700005, 21.971103551000056], [80.45587258800003, 21.97109288200005], [80.45587270400006, 21.971089403000065], [80.45585785900005, 21.971079081000028], [80.45585136500006, 21.97107490600007], [80.45584231900006, 21.971070847000078], [80.45583710000005, 21.971068412000022], [80.45581970400008, 21.97106655600004], [80.45580857100003, 21.97106678800003], [80.45580091700003, 21.97106818000003]]]]}}, {"type": "Feature", "properties": {"block": "Western Ukwa", "nuid": "CRO-23290-2016", "layer": "Lithology_DM", "age": null, "supergroup": null, "group": null, "unit": "NO LABALE", "major_mineral": null, "remarks": null}, "geometry": {"type": "MultiPolygon", "coordinates": [[[[80.45332804500003, 21.971084184000063], [80.45334915200004, 21.97109624500007], [80.45339391700008, 21.971059598000068], [80.45341780700005, 21.971041042000024], [80.45344448100008, 21.971020399000054], [80.45347277800005, 21.97100230800004], [80.45348251900003, 21.97099604500005], [80.45349643600008, 21.970982824000032], [80.45350780100006, 21.970973779000076], [80.45351731100004, 21.970962645000043], [80.45352287800006, 21.970958470000028], [80.45353377900005, 21.970952672000067], [80.45355975700005, 21.97093434800007], [80.45358689400007, 21.970913241000062], [80.45360962500007, 21.970894918000056], [80.45364163300007, 21.970873811000047], [80.45367735300005, 21.97084736900007], [80.45370889700007, 21.970824870000058], [80.45373255500004, 21.970807011000034], [80.45374693600007, 21.970802372000037], [80.45376827500007, 21.97080422700003], [80.45380561800005, 21.970816057000036], [80.45384365600006, 21.97083298800004], [80.45387218600007, 21.970838323000066], [80.45390071500003, 21.97085409500005], [80.45395267000004, 21.970873811000047], [80.45402550100005, 21.970893758000045], [80.45407884800005, 21.970908138000027], [80.45410668100004, 21.970912545000033], [80.45416721900006, 21.970934580000062], [80.45418925300004, 21.97093991500003], [80.45421407100008, 21.970950584000036], [80.45424747100003, 21.970958238000037], [80.45427136100005, 21.970955919000062], [80.45429478800008, 21.970952904000058], [80.45432262100007, 21.970958702000075], [80.45437712800003, 21.970966356000076], [80.45440067000004, 21.970973083000047], [80.45443986900005, 21.970983056000023], [80.45447593600005, 21.97098642000003], [80.45450342200007, 21.97099453800007], [80.45453844500008, 21.97099871300003], [80.45455514500003, 21.97100219200007], [80.45459979400005, 21.97101378900004], [80.45464525500006, 21.97102144300004], [80.45468619300004, 21.97102527000004], [80.45471599800004, 21.97102619800006], [80.45475484900004, 21.971029561000023], [80.45478987300004, 21.971032576000027], [80.45481759000006, 21.971035476000054], [80.45484194400007, 21.971034780000025], [80.45486351500006, 21.971038607000025], [80.45489958200005, 21.97104231800006], [80.45492973500006, 21.971046957000055], [80.45495652400007, 21.97105113200007], [80.45499688300004, 21.97105264000004], [80.45500302900007, 21.971052060000034], [80.45501590200007, 21.97104162200003], [80.45502367200004, 21.971029561000023], [80.45502726700005, 21.971022487000027], [80.45505475300007, 21.971024922000026], [80.45508826900004, 21.971030953000025], [80.45511076700006, 21.971033852000062], [80.45516863700004, 21.97104255000005], [80.45517281200006, 21.971042898000064], [80.45520621200006, 21.971044290000066], [80.45523520500006, 21.971044058000075], [80.45526176300007, 21.971040578000043], [80.45531290600007, 21.97104162200003], [80.45532960600008, 21.971038259000068], [80.45535442400006, 21.97104011500005], [80.45536683400007, 21.971042898000064], [80.45538249000003, 21.971031881000044], [80.45541206300004, 21.971024458000045], [80.45545613200005, 21.971012397000038], [80.45548976400005, 21.970998945000076], [80.45549730200008, 21.97099361000005], [80.45549312700007, 21.970972967000023], [80.45547897800003, 21.97095568700007], [80.45547190400004, 21.970945018000066], [80.45544975400009, 21.97094014700008], [80.45542122400008, 21.970933652000042], [80.45539837800004, 21.970927506000066], [80.45537703900004, 21.970914981000078], [80.45533853600006, 21.970898281000075], [80.45529122000005, 21.970882509000035], [80.45525271700006, 21.970867896000073], [80.45522442000004, 21.970861402000025], [80.45519774600007, 21.970854907000046], [80.45516249100007, 21.970839367000053], [80.45513720900004, 21.970827770000028], [80.45511007100004, 21.970817100000033], [80.45509290800004, 21.970815709000078], [80.45506414600004, 21.970814549000067], [80.45501891700007, 21.970795530000032], [80.45499386700004, 21.97078718000006], [80.45497693500005, 21.970785788000057], [80.45495606000003, 21.970778366000047], [80.45491848600005, 21.970768160000034], [80.45489969800008, 21.970763521000038], [80.45487673600007, 21.970763985000076], [80.45486026800006, 21.970761434000053], [80.45484565500004, 21.970760506000033], [80.45481132700007, 21.970744038000078], [80.45478952500008, 21.970739167000033], [80.45476609800005, 21.97073615200003], [80.45473293000003, 21.97073035300008], [80.45469118000005, 21.97073128100004], [80.45465754800006, 21.970726410000054], [80.45463435400006, 21.97072988900004], [80.45461811800004, 21.970733137000025], [80.45458912500004, 21.970732673000043], [80.45457335300006, 21.970732441000052], [80.45457149700007, 21.97072965700005], [80.45454783900004, 21.970732905000034], [80.45451768600003, 21.970736848000058], [80.45449611500004, 21.970734760000028], [80.45446735400003, 21.97073197700007], [80.45443163500005, 21.970727802000056], [80.45441052800004, 21.970726410000054], [80.45440449700004, 21.97072385900003], [80.45439985800004, 21.97072293100007], [80.45438246300006, 21.970721307000076], [80.45436738600006, 21.97072107500003], [80.45434303200005, 21.970717828000033], [80.45431589500004, 21.970707391000076], [80.45429617900004, 21.970697185000063], [80.45428829300005, 21.970696721000024], [80.45426881000003, 21.970693706000077], [80.45424167300007, 21.970691850000037], [80.45422636400008, 21.970687676000068], [80.45421963800004, 21.97068582000003], [80.45419203700004, 21.97068698000004], [80.45415075000005, 21.97068721200003], [80.45413451400003, 21.970689067000023], [80.45410598500007, 21.97068698000004], [80.45409415600005, 21.970689067000023], [80.45408302300007, 21.97068721200003], [80.45407699200007, 21.97068118100003], [80.45407119400005, 21.97067375900008], [80.45405101500006, 21.970664249000038], [80.45403222700008, 21.970656131000055], [80.45401529500003, 21.970654739000054], [80.45399233300003, 21.970647085000053], [80.45396937000004, 21.970638735000023], [80.45394269700006, 21.970636416000048], [80.45392970800003, 21.97063200900004], [80.45390628100006, 21.97062319500003], [80.45388146300007, 21.970620412000073], [80.45385223800008, 21.970613917000037], [80.45383577000007, 21.97060881500005], [80.45381396800008, 21.970603480000023], [80.45380144300003, 21.970600233000027], [80.45378195900008, 21.970599305000064], [80.45375343000006, 21.97059582600008], [80.45373441100008, 21.970589563000033], [80.45372582900006, 21.97058863500007], [80.45368871800008, 21.970591419000073], [80.45363676200003, 21.970592115000045], [80.45361148000006, 21.97059536200004], [80.45359663600004, 21.97059420200003], [80.45358225500007, 21.970586084000047], [80.45355720500004, 21.970577734000074], [80.45352844400009, 21.970573327000068], [80.45351336800007, 21.970569152000053], [80.45349434900004, 21.97056660100003], [80.45348553500008, 21.970562194000024], [80.45347486500003, 21.970548509000025], [80.45345770100005, 21.970541551000053], [80.45343195600003, 21.970533897000053], [80.45341873500007, 21.97053111300005], [80.45339577200008, 21.970550828000057], [80.45337976800005, 21.970584692000045], [80.45337118600008, 21.970606495000027], [80.45336909900004, 21.970628066000074], [80.45336933100003, 21.97064070700003], [80.45337733300005, 21.970659030000036], [80.45338939400006, 21.970664945000067], [80.45339322100006, 21.970677006000074], [80.45341850300008, 21.97068338500003], [80.45345480200007, 21.97068964700003], [80.45348217200007, 21.97069799700006], [80.45351731100004, 21.97070066400005], [80.45353064800008, 21.97070159200007], [80.45357425300006, 21.97071574100005], [80.45360359400007, 21.97072988900004], [80.45366007300004, 21.970754127000077], [80.45368129600007, 21.970761550000077], [80.45365926100004, 21.970783932000074], [80.45362423700004, 21.970822551000026], [80.45351638300008, 21.970920431000025], [80.45347422700007, 21.970957542000065], [80.45346338400003, 21.97096821200006], [80.45345764300004, 21.970973721000064], [80.45344772800007, 21.970980273000066], [80.45342476500008, 21.970998191000035], [80.45337831900008, 21.97103489600005], [80.45336127100006, 21.971051016000047], [80.45333401700003, 21.971075718000066], [80.45332804500003, 21.971084184000063]], [[80.45339606200008, 21.970594318000053], [80.45345462800003, 21.970624703000055], [80.45347295200008, 21.970637923000027], [80.45349707400004, 21.970644882000045], [80.45354160700003, 21.970659958000056], [80.45357407900008, 21.970671555000024], [80.45360933500007, 21.970690111000067], [80.45364807000004, 21.970710290000056], [80.45370396800007, 21.97073371600004], [80.45373667200005, 21.970745082000064], [80.45375777900006, 21.970758071000034], [80.45376520100007, 21.97074137100003], [80.45377355100004, 21.97074113900004], [80.45379767400004, 21.970746705000067], [80.45382202800005, 21.97075366400003], [80.45386679300003, 21.970766421000064], [80.45391828400005, 21.970779409000045], [80.45396096200005, 21.970789383000067], [80.45400665500006, 21.970797037000068], [80.45403773600003, 21.97080376400004], [80.45404678200003, 21.97080631500006], [80.45406069800003, 21.970809330000066], [80.45408528400003, 21.970816289000027], [80.45410546300008, 21.970821391000072], [80.45415904200007, 21.97083507600007], [80.45420009700007, 21.970845977000067], [80.45423651200008, 21.970850384000073], [80.45426457700006, 21.970855719000042], [80.45429565800004, 21.970863605000034], [80.45433972700005, 21.97087427500003], [80.45437614200006, 21.97088192900003], [80.45441278900006, 21.970888887000058], [80.45444595700008, 21.970894918000056], [80.45447958900007, 21.970896309000068], [80.45450904600006, 21.970894222000027], [80.45452481800004, 21.970893990000036], [80.45454754900004, 21.97089074300004], [80.45455752200007, 21.970887263000066], [80.45458512400006, 21.970883552000032], [80.45459857700007, 21.97088332000004], [80.45462733800008, 21.970879841000055], [80.45463963100008, 21.970878450000043], [80.45467651000007, 21.970886800000073], [80.45473217600005, 21.970886336000035], [80.45477671000003, 21.97088911900005], [80.45484142200007, 21.970900020000045], [80.45485510700007, 21.970902340000066], [80.45486971900004, 21.970909762000076], [80.45488943500004, 21.97091834400004], [80.45491077300005, 21.970932493000078], [80.45494324600008, 21.970942466000054], [80.45497154300006, 21.97094849700005], [80.45498499500007, 21.970951048000074], [80.45498638700008, 21.970952904000058], [80.45500262300004, 21.97095359900004], [80.45502489000006, 21.970954991000042], [80.45504947600006, 21.97095963000004], [80.45506710400008, 21.97096125400003], [80.45508426800006, 21.970963573000063], [80.45511047700006, 21.97096125400003], [80.45512184300003, 21.970959166000057], [80.45513877400003, 21.970958702000075], [80.45519629700004, 21.97095963000004], [80.45524639700005, 21.970971227000064], [80.45529324900008, 21.970977722000043], [80.45531829900006, 21.97096937200007], [80.45536700700006, 21.970959398000048], [80.45538765000003, 21.97095359900004], [80.45539159400005, 21.970951048000074], [80.45541038100004, 21.97095220800003], [80.45543380700008, 21.97095359900004], [80.45545630600003, 21.970954991000042], [80.45546743900007, 21.97095986200003], [80.45547463000008, 21.97097563400007], [80.45547138200004, 21.97098259200004], [80.45543566300006, 21.97098236100004], [80.45540597400003, 21.97097702600007], [80.45538904200004, 21.97098328800007], [80.45536283200005, 21.970988159000058], [80.45534520500007, 21.970998133000023], [80.45532989600008, 21.971016688000077], [80.45529139400008, 21.97101645600003], [80.45527539000005, 21.971013673000073], [80.45522969700005, 21.97100393100004], [80.45521578000006, 21.971006251000063], [80.45516776700003, 21.971005555000033], [80.45508565900008, 21.97100462700007], [80.45505017200009, 21.971001148000028], [80.45502465800007, 21.970999524000035], [80.45499891200006, 21.97103106900005], [80.45499218600008, 21.971034780000025], [80.45495020400006, 21.97103918700003], [80.45493002500007, 21.971036635000075], [80.45489732100003, 21.97103130100004], [80.45486299300006, 21.971021095000026], [80.45482170700006, 21.971019240000032], [80.45473751100008, 21.971008338000047], [80.45469715300004, 21.97100254000003], [80.45463197700008, 21.970999756000026], [80.45461666800009, 21.970992334000073], [80.45457700600008, 21.970991638000044], [80.45455450700007, 21.970986767000056], [80.45446404900008, 21.970966820000058], [80.45441696400007, 21.970960094000077], [80.45437498200005, 21.970944554000027], [80.45432928900004, 21.97093226100003], [80.45430818300008, 21.97093202900004], [80.45428754000005, 21.97093968300004], [80.45427037600007, 21.970941770000024], [80.45425158800003, 21.970937131000028], [80.45421795600004, 21.97092553400006], [80.45420056000006, 21.970919620000075], [80.45416310200005, 21.970912313000042], [80.45414524200004, 21.97090779000007], [80.45409514200009, 21.97089387400007], [80.45405733500007, 21.97088332000004], [80.45401744100008, 21.970869868000023], [80.45398728800006, 21.970862213000032], [80.45395841100003, 21.970853168000076], [80.45392640300008, 21.97084423800004], [80.45388801600006, 21.97082916100004], [80.45385450000003, 21.970813505000024], [80.45382597100007, 21.97080469100007], [80.45378422100003, 21.970787759000075], [80.45376740500006, 21.970782541000062], [80.45372669900007, 21.97076653700003], [80.45369190700006, 21.970750532000068], [80.45367219200006, 21.970741950000047], [80.45365618800008, 21.970736964000025], [80.45364099500006, 21.97073128100004], [80.45361710500003, 21.970718872000077], [80.45359599800008, 21.970711218000076], [80.45357744300009, 21.97070159200007], [80.45356178600008, 21.97069533000007], [80.45353128600004, 21.970684196000036], [80.45349510200003, 21.970666221000045], [80.45348025800007, 21.970661466000024], [80.45345799100005, 21.970648593000078], [80.45343352100008, 21.970636764000062], [80.45340708000003, 21.970619948000035], [80.45338933600004, 21.970613221000065], [80.45339606200008, 21.970594318000053]], [[80.45375685100004, 21.97063514000007], [80.45375956600003, 21.970635180000045], [80.45377626600003, 21.970635412000036], [80.45377855600003, 21.97063558600007], [80.45377861400004, 21.97063741200003], [80.45378258600005, 21.970637383000053], [80.45378270200007, 21.970639471000027], [80.45378655800005, 21.97063935500006], [80.45378661600006, 21.970641414000056], [80.45378851500004, 21.97064146400004], [80.45378855200005, 21.970643479000046], [80.45379254500006, 21.970643487000075], [80.45379254500006, 21.970645502000025], [80.45379653900005, 21.97064548700007], [80.45379653200007, 21.970647480000025], [80.45379762600004, 21.970647488000054], [80.45380054000003, 21.970647495000037], [80.45380051800004, 21.970649495000032], [80.45380254100007, 21.970649430000037], [80.45380255500004, 21.970651489000034], [80.45380654200005, 21.970651489000034], [80.45380655600007, 21.97065350400004], [80.45380855000008, 21.970653496000068], [80.45381055000007, 21.970653424000034], [80.45381058600003, 21.97065548200004], [80.45381458700007, 21.97065539500005], [80.45381452900006, 21.970657483000025], [80.45381655900007, 21.970657396000036], [80.45381661700003, 21.97066139700007], [80.45381855900007, 21.97066133900006], [80.45381853800006, 21.970664275000047], [80.45381855200003, 21.97066548500004], [80.45382051600006, 21.970665478000058], [80.45382053500003, 21.970666659000074], [80.45382054200007, 21.970667493000064], [80.45381854900006, 21.97066748900005], [80.45381852000008, 21.970669482000062], [80.45381653300007, 21.970669540000074], [80.45381654800008, 21.970671483000046], [80.45381454700004, 21.970671526000046], [80.45381460500005, 21.97067352700003], [80.45381251800006, 21.970673469000076], [80.45381257600008, 21.970675484000026], [80.45380583500008, 21.97067549800005], [80.45379077300004, 21.970675614000072], [80.45378799000008, 21.97067422300006], [80.45377117400005, 21.970664017000047], [80.45376705700005, 21.970659436000062], [80.45375882300004, 21.97065155000007], [80.45375424200006, 21.97064523000006], [80.45375464800009, 21.97063983700008], [80.45375685100004, 21.97063514000007]], [[80.45391630200004, 21.970673857000065], [80.45393671300008, 21.970671305000053], [80.45396025500008, 21.970671769000035], [80.45398379800008, 21.970670725000048], [80.45399110400007, 21.970672929000045], [80.45400594800003, 21.970674900000063], [80.45401882100003, 21.970678032000023], [80.45403853700003, 21.97068383000004], [80.45405454100006, 21.97068870100003], [80.45406080300006, 21.970694268000045], [80.45407947500007, 21.97071004000003], [80.45408527300003, 21.97072221700006], [80.45409594300008, 21.97073903300003], [80.45409652300003, 21.970743208000044], [80.45409130400003, 21.970755965000023], [80.45408492500007, 21.970755617000066], [80.45407564800007, 21.97075816800003], [80.45404862600003, 21.97075364500006], [80.45403818900007, 21.97075074600008], [80.45401928500007, 21.97074518000005], [80.45397997100008, 21.970725464000054], [80.45396118300005, 21.970713751000062], [80.45393984400005, 21.970698327000036], [80.45391630200004, 21.970673857000065]], [[80.45411878900006, 21.970755501000042], [80.45412992300004, 21.970755153000027], [80.45413896800005, 21.970756893000043], [80.45414325900003, 21.970758748000037], [80.45414940600006, 21.97076419900003], [80.45415068200003, 21.970768838000026], [80.45414662300004, 21.97077637600006], [80.45413676500004, 21.97078762500007], [80.45412168900003, 21.970787741000038], [80.45410835200005, 21.970777420000047], [80.45410835200005, 21.970772201000045], [80.45411403400004, 21.970759908000048], [80.45411878900006, 21.970755501000042]], [[80.45419104000007, 21.970691311000053], [80.45420698600003, 21.970691716000033], [80.45421446600005, 21.97069612300004], [80.45422368600003, 21.97070244400004], [80.45422838300004, 21.970707257000072], [80.45422873100006, 21.970712939000066], [80.45422681700006, 21.97071659200003], [80.45422293200005, 21.970725464000054], [80.45421742400003, 21.970727088000046], [80.45420866800004, 21.970729523000045], [80.45420043400003, 21.970729349000067], [80.45419121400005, 21.970723957000075], [80.45418037000007, 21.970717230000048], [80.45417660100009, 21.970711374000075], [80.45417636900004, 21.970704067000042], [80.45417851500008, 21.970697631000064], [80.45419104000007, 21.970691311000053]], [[80.45425818800004, 21.970741584000052], [80.45426282700004, 21.97073972900006], [80.45427732300004, 21.97073775700005], [80.45428428100007, 21.970737409000037], [80.45429506700003, 21.97073880100004], [80.45430782400007, 21.97074146800003], [80.45431791300007, 21.970745875000034], [80.45433820800008, 21.97076245900007], [80.45434713800006, 21.970775100000026], [80.45435664800004, 21.970790988000033], [80.45435653200008, 21.97079319200003], [80.45435282100004, 21.97079365600007], [80.45433960000008, 21.97079156800004], [80.45432893100008, 21.970789481000054], [80.45431327400007, 21.970786002000068], [80.45429205200008, 21.970780667000042], [80.45428219400003, 21.970776956000066], [80.45426653800007, 21.97076130000005], [80.45425946300008, 21.970747035000045], [80.45425818800004, 21.970741584000052]], [[80.45456302000008, 21.97080913800005], [80.45457484900004, 21.970809428000052], [80.45458354700008, 21.97081116800007], [80.45458836000006, 21.97081313900003], [80.45458899800008, 21.970814241000028], [80.45459850800006, 21.970819402000075], [80.45460036300005, 21.97082311300005], [80.45460076900008, 21.970824852000078], [80.45459897200004, 21.970828505000043], [80.45459462300005, 21.97083702900005], [80.45459259300003, 21.97083946500004], [80.45458656300008, 21.970839349000073], [80.45457919800003, 21.970837377000066], [80.45456823900008, 21.970835348000037], [80.45456244000007, 21.970834246000038], [80.45455600400004, 21.970831753000027], [80.45455368500006, 21.970830883000076], [80.45454666800003, 21.970823403000054], [80.45454637800003, 21.97081766200006], [80.45454840800005, 21.970813371000077], [80.45456302000008, 21.97080913800005]]]]}}, {"type": "Feature", "properties": {"block": "Western Ukwa", "nuid": "CRO-23290-2016", "layer": "Lithology_DM", "age": "Pre- Cambrian", "supergroup": null, "group": "Sausar", "unit": "Mn Ore", "major_mineral": null, "remarks": null}, "geometry": {"type": "MultiPolygon", "coordinates": [[[[80.45455519900008, 21.970888074000072], [80.45456401700005, 21.97089027900006], [80.45459022700004, 21.970893990000036], [80.45461156500005, 21.970895150000047], [80.45465725800005, 21.970900716000074], [80.45470735800006, 21.970909762000076], [80.45471524400006, 21.970911154000078], [80.45478552400004, 21.970922751000046], [80.45480918200008, 21.97092530200007], [80.45485023600008, 21.970927622000033], [80.45489639300007, 21.970941538000034], [80.45493373600004, 21.970951976000038], [80.45496667200007, 21.970964037000044], [80.45500471100007, 21.970971691000045], [80.45501978700008, 21.970978417000026], [80.45505852200006, 21.970979577000037], [80.45511349300006, 21.970983056000023], [80.45512253800007, 21.97098096900004], [80.45516428800005, 21.970980041000075], [80.45517240600003, 21.970977722000043], [80.45519328100005, 21.970977954000034], [80.45520024000007, 21.97098096900004], [80.45523178400003, 21.970983056000023], [80.45528652300004, 21.970991174000062], [80.45531203700006, 21.970999060000054], [80.45532641700004, 21.970997901000032], [80.45534079800007, 21.970987231000038], [80.45535703400003, 21.970983056000023], [80.45538092400005, 21.970978186000025], [80.45539437700006, 21.970971691000045], [80.45539507300003, 21.970964733000073], [80.45539637400003, 21.970951343000024], [80.45539159400005, 21.970951048000074], [80.45538765000003, 21.97095359900004], [80.45536700700006, 21.970959398000048], [80.45531829900006, 21.97096937200007], [80.45529324900008, 21.970977722000043], [80.45524639700005, 21.970971227000064], [80.45519629700004, 21.97095963000004], [80.45513877400003, 21.970958702000075], [80.45512184300003, 21.970959166000057], [80.45511047700006, 21.97096125400003], [80.45508426800006, 21.970963573000063], [80.45506710400008, 21.97096125400003], [80.45504947600006, 21.97095963000004], [80.45502489000006, 21.970954991000042], [80.45500262300004, 21.97095359900004], [80.45498638700008, 21.970952904000058], [80.45498499500007, 21.970951048000074], [80.45497154300006, 21.97094849700005], [80.45494324600008, 21.970942466000054], [80.45491077300005, 21.970932493000078], [80.45488943500004, 21.97091834400004], [80.45486971900004, 21.970909762000076], [80.45485510700007, 21.970902340000066], [80.45484142200007, 21.970900020000045], [80.45477671000003, 21.97088911900005], [80.45473217600005, 21.970886336000035], [80.45467651000007, 21.970886800000073], [80.45463963100008, 21.970878450000043], [80.45462733800008, 21.970879841000055], [80.45459857700007, 21.97088332000004], [80.45458512400006, 21.970883552000032], [80.45455752200007, 21.970887263000066], [80.45455519900008, 21.970888074000072]]]]}}, {"type": "Feature", "properties": {"block": "Western Ukwa", "nuid": "CRO-23290-2016", "layer": "Lithology_DM", "age": "Pre- Cambrian", "supergroup": null, "group": "Sausar", "unit": "Sericite Muscovite Schist", "major_mineral": null, "remarks": null}, "geometry": {"type": "MultiPolygon", "coordinates": [[[[80.45539637400003, 21.970951343000024], [80.45539507300003, 21.970964733000073], [80.45539437700006, 21.970971691000045], [80.45538092400005, 21.970978186000025], [80.45535703400003, 21.970983056000023], [80.45534079800007, 21.970987231000038], [80.45532641700004, 21.970997901000032], [80.45531203700006, 21.970999060000054], [80.45528652300004, 21.970991174000062], [80.45523178400003, 21.970983056000023], [80.45520024000007, 21.97098096900004], [80.45519328100005, 21.970977954000034], [80.45517240600003, 21.970977722000043], [80.45516428800005, 21.970980041000075], [80.45512253800007, 21.97098096900004], [80.45511349300006, 21.970983056000023], [80.45505852200006, 21.970979577000037], [80.45501978700008, 21.970978417000026], [80.45500471100007, 21.970971691000045], [80.45496667200007, 21.970964037000044], [80.45493373600004, 21.970951976000038], [80.45489639300007, 21.970941538000034], [80.45485023600008, 21.970927622000033], [80.45480918200008, 21.97092530200007], [80.45478552400004, 21.970922751000046], [80.45471524400006, 21.970911154000078], [80.45470735800006, 21.970909762000076], [80.45465725800005, 21.970900716000074], [80.45461156500005, 21.970895150000047], [80.45459022700004, 21.970893990000036], [80.45456401700005, 21.97089027900006], [80.45455519900008, 21.970888074000072], [80.45454754900004, 21.97089074300004], [80.45452481800004, 21.970893990000036], [80.45450904600006, 21.970894222000027], [80.45447958900007, 21.970896309000068], [80.45444595700008, 21.970894918000056], [80.45441278900006, 21.970888887000058], [80.45437614200006, 21.97088192900003], [80.45433972700005, 21.97087427500003], [80.45429565800004, 21.970863605000034], [80.45426457700006, 21.970855719000042], [80.45423651200008, 21.970850384000073], [80.45420009700007, 21.970845977000067], [80.45415904200007, 21.97083507600007], [80.45410546300008, 21.970821391000072], [80.45408528400003, 21.970816289000027], [80.45406069800003, 21.970809330000066], [80.45404678200003, 21.97080631500006], [80.45403773600003, 21.97080376400004], [80.45400665500006, 21.970797037000068], [80.45396096200005, 21.970789383000067], [80.45391828400005, 21.970779409000045], [80.45386679300003, 21.970766421000064], [80.45382202800005, 21.97075366400003], [80.45379767400004, 21.970746705000067], [80.45377355100004, 21.97074113900004], [80.45376520100007, 21.97074137100003], [80.45375777900006, 21.970758071000034], [80.45373667200005, 21.970745082000064], [80.45370396800007, 21.97073371600004], [80.45364807000004, 21.970710290000056], [80.45360933500007, 21.970690111000067], [80.45357407900008, 21.970671555000024], [80.45354160700003, 21.970659958000056], [80.45349707400004, 21.970644882000045], [80.45347295200008, 21.970637923000027], [80.45345462800003, 21.970624703000055], [80.45339606200008, 21.970594318000053], [80.45338933600004, 21.970613221000065], [80.45340708000003, 21.970619948000035], [80.45343352100008, 21.970636764000062], [80.45345799100005, 21.970648593000078], [80.45348025800007, 21.970661466000024], [80.45349510200003, 21.970666221000045], [80.45353128600004, 21.970684196000036], [80.45356178600008, 21.97069533000007], [80.45357744300009, 21.97070159200007], [80.45359599800008, 21.970711218000076], [80.45361710500003, 21.970718872000077], [80.45364099500006, 21.97073128100004], [80.45365618800008, 21.970736964000025], [80.45367219200006, 21.970741950000047], [80.45369190700006, 21.970750532000068], [80.45372669900007, 21.97076653700003], [80.45376740500006, 21.970782541000062], [80.45378422100003, 21.970787759000075], [80.45382597100007, 21.97080469100007], [80.45385450000003, 21.970813505000024], [80.45388801600006, 21.97082916100004], [80.45392640300008, 21.97084423800004], [80.45395841100003, 21.970853168000076], [80.45398728800006, 21.970862213000032], [80.45401744100008, 21.970869868000023], [80.45405733500007, 21.97088332000004], [80.45409514200009, 21.97089387400007], [80.45414524200004, 21.97090779000007], [80.45416310200005, 21.970912313000042], [80.45420056000006, 21.970919620000075], [80.45421795600004, 21.97092553400006], [80.45425158800003, 21.970937131000028], [80.45427037600007, 21.970941770000024], [80.45428754000005, 21.97093968300004], [80.45430818300008, 21.97093202900004], [80.45432928900004, 21.97093226100003], [80.45437498200005, 21.970944554000027], [80.45441696400007, 21.970960094000077], [80.45446404900008, 21.970966820000058], [80.45455450700007, 21.970986767000056], [80.45457700600008, 21.970991638000044], [80.45461666800009, 21.970992334000073], [80.45463197700008, 21.970999756000026], [80.45469715300004, 21.97100254000003], [80.45473751100008, 21.971008338000047], [80.45482170700006, 21.971019240000032], [80.45486299300006, 21.971021095000026], [80.45489732100003, 21.97103130100004], [80.45493002500007, 21.971036635000075], [80.45495020400006, 21.97103918700003], [80.45499218600008, 21.971034780000025], [80.45499891200006, 21.97103106900005], [80.45502465800007, 21.970999524000035], [80.45505017200009, 21.971001148000028], [80.45508565900008, 21.97100462700007], [80.45516776700003, 21.971005555000033], [80.45521578000006, 21.971006251000063], [80.45522969700005, 21.97100393100004], [80.45527539000005, 21.971013673000073], [80.45529139400008, 21.97101645600003], [80.45532989600008, 21.971016688000077], [80.45534520500007, 21.970998133000023], [80.45536283200005, 21.970988159000058], [80.45538904200004, 21.97098328800007], [80.45540597400003, 21.97097702600007], [80.45543566300006, 21.97098236100004], [80.45547138200004, 21.97098259200004], [80.45547463000008, 21.97097563400007], [80.45546743900007, 21.97095986200003], [80.45545630600003, 21.970954991000042], [80.45543380700008, 21.97095359900004], [80.45541038100004, 21.97095220800003], [80.45539637400003, 21.970951343000024]]]]}}, {"type": "Feature", "properties": {"block": "Western Ukwa", "nuid": "CRO-23290-2016", "layer": "Lithology_DM", "age": "Pre- Cambrian", "supergroup": null, "group": "Sausar", "unit": "Mn Ore", "major_mineral": null, "remarks": null}, "geometry": {"type": "MultiPolygon", "coordinates": [[[[80.45375685100004, 21.97063514000007], [80.45375464800009, 21.97063983700008], [80.45375424200006, 21.97064523000006], [80.45375882300004, 21.97065155000007], [80.45376705700005, 21.970659436000062], [80.45377117400005, 21.970664017000047], [80.45378799000008, 21.97067422300006], [80.45379077300004, 21.970675614000072], [80.45380583500008, 21.97067549800005], [80.45381257600008, 21.970675484000026], [80.45381251800006, 21.970673469000076], [80.45381460500005, 21.97067352700003], [80.45381454700004, 21.970671526000046], [80.45381654800008, 21.970671483000046], [80.45381653300007, 21.970669540000074], [80.45381852000008, 21.970669482000062], [80.45381854900006, 21.97066748900005], [80.45382054200007, 21.970667493000064], [80.45382053500003, 21.970666659000074], [80.45382051600006, 21.970665478000058], [80.45381855200003, 21.97066548500004], [80.45381853800006, 21.970664275000047], [80.45381855900007, 21.97066133900006], [80.45381661700003, 21.97066139700007], [80.45381655900007, 21.970657396000036], [80.45381452900006, 21.970657483000025], [80.45381458700007, 21.97065539500005], [80.45381058600003, 21.97065548200004], [80.45381055000007, 21.970653424000034], [80.45380855000008, 21.970653496000068], [80.45380655600007, 21.97065350400004], [80.45380654200005, 21.970651489000034], [80.45380255500004, 21.970651489000034], [80.45380254100007, 21.970649430000037], [80.45380051800004, 21.970649495000032], [80.45380054000003, 21.970647495000037], [80.45379762600004, 21.970647488000054], [80.45379653200007, 21.970647480000025], [80.45379653900005, 21.97064548700007], [80.45379254500006, 21.970645502000025], [80.45379254500006, 21.970643487000075], [80.45378855200005, 21.970643479000046], [80.45378851500004, 21.97064146400004], [80.45378661600006, 21.970641414000056], [80.45378655800005, 21.97063935500006], [80.45378270200007, 21.970639471000027], [80.45378258600005, 21.970637383000053], [80.45377861400004, 21.97063741200003], [80.45377855600003, 21.97063558600007], [80.45377626600003, 21.970635412000036], [80.45375956600003, 21.970635180000045], [80.45375685100004, 21.97063514000007]]]]}}, {"type": "Feature", "properties": {"block": "Western Ukwa", "nuid": "CRO-23290-2016", "layer": "Lithology_DM", "age": "Pre- Cambrian", "supergroup": null, "group": "Sausar", "unit": "Mn Ore", "major_mineral": null, "remarks": null}, "geometry": {"type": "MultiPolygon", "coordinates": [[[[80.45391630200004, 21.970673857000065], [80.45393984400005, 21.970698327000036], [80.45396118300005, 21.970713751000062], [80.45397997100008, 21.970725464000054], [80.45401928500007, 21.97074518000005], [80.45403818900007, 21.97075074600008], [80.45404862600003, 21.97075364500006], [80.45407564800007, 21.97075816800003], [80.45408492500007, 21.970755617000066], [80.45409130400003, 21.970755965000023], [80.45409652300003, 21.970743208000044], [80.45409594300008, 21.97073903300003], [80.45408527300003, 21.97072221700006], [80.45407947500007, 21.97071004000003], [80.45406080300006, 21.970694268000045], [80.45405454100006, 21.97068870100003], [80.45403853700003, 21.97068383000004], [80.45401882100003, 21.970678032000023], [80.45400594800003, 21.970674900000063], [80.45399110400007, 21.970672929000045], [80.45398379800008, 21.970670725000048], [80.45396025500008, 21.970671769000035], [80.45393671300008, 21.970671305000053], [80.45391630200004, 21.970673857000065]]]]}}, {"type": "Feature", "properties": {"block": "Western Ukwa", "nuid": "CRO-23290-2016", "layer": "Lithology_DM", "age": "Pre- Cambrian", "supergroup": null, "group": "Sausar", "unit": "Mn Ore", "major_mineral": null, "remarks": null}, "geometry": {"type": "MultiPolygon", "coordinates": [[[[80.45411878900006, 21.970755501000042], [80.45411403400004, 21.970759908000048], [80.45410835200005, 21.970772201000045], [80.45410835200005, 21.970777420000047], [80.45412168900003, 21.970787741000038], [80.45413676500004, 21.97078762500007], [80.45414662300004, 21.97077637600006], [80.45415068200003, 21.970768838000026], [80.45414940600006, 21.97076419900003], [80.45414325900003, 21.970758748000037], [80.45413896800005, 21.970756893000043], [80.45412992300004, 21.970755153000027], [80.45411878900006, 21.970755501000042]]]]}}, {"type": "Feature", "properties": {"block": "Western Ukwa", "nuid": "CRO-23290-2016", "layer": "Lithology_DM", "age": "Pre- Cambrian", "supergroup": null, "group": "Sausar", "unit": "Mn Ore", "major_mineral": null, "remarks": null}, "geometry": {"type": "MultiPolygon", "coordinates": [[[[80.45419104000007, 21.970691311000053], [80.45417851500008, 21.970697631000064], [80.45417636900004, 21.970704067000042], [80.45417660100009, 21.970711374000075], [80.45418037000007, 21.970717230000048], [80.45419121400005, 21.970723957000075], [80.45420043400003, 21.970729349000067], [80.45420866800004, 21.970729523000045], [80.45421742400003, 21.970727088000046], [80.45422293200005, 21.970725464000054], [80.45422681700006, 21.97071659200003], [80.45422873100006, 21.970712939000066], [80.45422838300004, 21.970707257000072], [80.45422368600003, 21.97070244400004], [80.45421446600005, 21.97069612300004], [80.45420698600003, 21.970691716000033], [80.45419104000007, 21.970691311000053]]]]}}, {"type": "Feature", "properties": {"block": "Western Ukwa", "nuid": "CRO-23290-2016", "layer": "Lithology_DM", "age": "Pre- Cambrian", "supergroup": null, "group": "Sausar", "unit": "Mn Ore", "major_mineral": null, "remarks": null}, "geometry": {"type": "MultiPolygon", "coordinates": [[[[80.45425818800004, 21.970741584000052], [80.45425946300008, 21.970747035000045], [80.45426653800007, 21.97076130000005], [80.45428219400003, 21.970776956000066], [80.45429205200008, 21.970780667000042], [80.45431327400007, 21.970786002000068], [80.45432893100008, 21.970789481000054], [80.45433960000008, 21.97079156800004], [80.45435282100004, 21.97079365600007], [80.45435653200008, 21.97079319200003], [80.45435664800004, 21.970790988000033], [80.45434713800006, 21.970775100000026], [80.45433820800008, 21.97076245900007], [80.45431791300007, 21.970745875000034], [80.45430782400007, 21.97074146800003], [80.45429506700003, 21.97073880100004], [80.45428428100007, 21.970737409000037], [80.45427732300004, 21.97073775700005], [80.45426282700004, 21.97073972900006], [80.45425818800004, 21.970741584000052]]]]}}, {"type": "Feature", "properties": {"block": "Western Ukwa", "nuid": "CRO-23290-2016", "layer": "Lithology_DM", "age": "Pre- Cambrian", "supergroup": null, "group": "Sausar", "unit": "Mn Ore", "major_mineral": null, "remarks": null}, "geometry": {"type": "MultiPolygon", "coordinates": [[[[80.45456302000008, 21.97080913800005], [80.45454840800005, 21.970813371000077], [80.45454637800003, 21.97081766200006], [80.45454666800003, 21.970823403000054], [80.45455368500006, 21.970830883000076], [80.45455600400004, 21.970831753000027], [80.45456244000007, 21.970834246000038], [80.45456823900008, 21.970835348000037], [80.45457919800003, 21.970837377000066], [80.45458656300008, 21.970839349000073], [80.45459259300003, 21.97083946500004], [80.45459462300005, 21.97083702900005], [80.45459897200004, 21.970828505000043], [80.45460076900008, 21.970824852000078], [80.45460036300005, 21.97082311300005], [80.45459850800006, 21.970819402000075], [80.45458899800008, 21.970814241000028], [80.45458836000006, 21.97081313900003], [80.45458354700008, 21.97081116800007], [80.45457484900004, 21.970809428000052], [80.45456302000008, 21.97080913800005]]]]}}, {"type": "Feature", "properties": {"block": "Western Ukwa", "nuid": "CRO-23290-2016", "layer": "Lithology_DM", "age": null, "supergroup": null, "group": null, "unit": "Forest", "major_mineral": null, "remarks": null}, "geometry": {"type": "MultiPolygon", "coordinates": [[[[80.44930966600003, 21.966068223000036], [80.44933383000006, 21.966085218000046], [80.44942164300005, 21.966145523000023], [80.44954260700007, 21.966229457000054], [80.44983990200006, 21.96643576500003], [80.45021443000007, 21.966696735000028], [80.45056215500006, 21.966942894000056], [80.45099804700004, 21.96724477400005], [80.45162578600008, 21.96768269300003], [80.45182177900006, 21.967679519000058], [80.45210505500006, 21.967676609000023], [80.45242827100003, 21.967672906000075], [80.45390469400007, 21.96765306900005], [80.45406947600003, 21.96765068900004], [80.45418691300006, 21.967648573000076], [80.45420701400008, 21.96764883700007], [80.45421282200004, 21.967649411000025], [80.45421281700004, 21.967649352000024], [80.45424921800003, 21.967646417000026], [80.45424833700008, 21.967531050000048], [80.45424569500005, 21.96712565200005], [80.45423982400007, 21.966778670000053], [80.45423571500004, 21.96608823100007], [80.45396505700006, 21.96609116600007], [80.44931985500006, 21.96606826900006], [80.44930966600003, 21.966068223000036]]]]}}, {"type": "Feature", "properties": {"block": "Western Ukwa", "nuid": "CRO-23290-2016", "layer": "Lithology_DM", "age": "Archaean", "supergroup": null, "group": null, "unit": "Granite Gneiss", "major_mineral": null, "remarks": null}, "geometry": {"type": "MultiPolygon", "coordinates": [[[[80.45909767000006, 21.971703542000057], [80.45911312600003, 21.97169974600007], [80.45911834500004, 21.971694527000068], [80.45911277800008, 21.971671912000033], [80.45909886200008, 21.97165521200003], [80.45905954700004, 21.971622508000053], [80.45903971600006, 21.971608244000038], [80.45902023200006, 21.971594327000048], [80.45898300500005, 21.971576235000043], [80.45896317400008, 21.97156197100003], [80.45894021200007, 21.971564406000027], [80.45893394900008, 21.971569973000044], [80.45893798900005, 21.971586368000033], [80.45895934700008, 21.97159484900004], [80.45898196200005, 21.97161433200006], [80.45901466600003, 21.971636251000064], [80.45907555100007, 21.97168391500003], [80.45909767000006, 21.971703542000057]]]]}}, {"type": "Feature", "properties": {"block": "Western Ukwa", "nuid": "CRO-23290-2016", "layer": "Lithology_DM", "age": "Archaean", "supergroup": null, "group": null, "unit": "Granite Gneiss", "major_mineral": null, "remarks": null}, "geometry": {"type": "MultiPolygon", "coordinates": [[[[80.45924307300004, 21.97179176900005], [80.45924655200008, 21.971804990000066], [80.45925994700008, 21.971812644000067], [80.45929299900007, 21.97183247600003], [80.45930656700006, 21.971850045000053], [80.45932431100005, 21.97186865900005], [80.45936119000004, 21.97190118900005], [80.45938136900008, 21.971922412000026], [80.45941076800005, 21.971955638000054], [80.45942520700004, 21.971967815000028], [80.45944138500005, 21.971977209000045], [80.45945930300007, 21.97197912200005], [80.45947495900003, 21.971974599000077], [80.45947252400003, 21.971951985000032], [80.45945373600006, 21.971921542000075], [80.45943773200008, 21.971902407000073], [80.45942572900003, 21.971888664000062], [80.45941772700007, 21.97188188000007], [80.45940659300004, 21.97187718300006], [80.45939911300007, 21.971873878000054], [80.45938641400005, 21.97186326600007], [80.45937562900008, 21.971854046000033], [80.45935597200008, 21.97183960800004], [80.45934640400003, 21.971830388000058], [80.45933492300009, 21.971822038000028], [80.45931787500007, 21.97180690400006], [80.45931004700003, 21.97180168500006], [80.45929282500003, 21.971796814000072], [80.45927716900007, 21.971792117000064], [80.45924307300004, 21.97179176900005]]]]}}, {"type": "Feature", "properties": {"block": "Western Ukwa", "nuid": "CRO-23290-2016", "layer": "Lithology_DM", "age": "Pre- Cambrian", "supergroup": null, "group": "Sausar", "unit": "Mn Ore", "major_mineral": null, "remarks": null}, "geometry": {"type": "MultiPolygon", "coordinates": [[[[80.46076327700007, 21.972434374000045], [80.46075934000004, 21.972441383000046], [80.46075640500004, 21.972445933000074], [80.46076168900004, 21.97246105100004], [80.46078179700004, 21.972470152000028], [80.46078810900008, 21.97247426100006], [80.46081834500006, 21.972473527000034], [80.46081878500007, 21.972463693000066], [80.46081218000006, 21.972455767000042], [80.46081218000006, 21.97245158000004], [80.46081164200007, 21.972451853000052], [80.46079168000006, 21.97244128500006], [80.46077759000008, 21.972437567000043], [80.46076800000003, 21.972436197000036], [80.46076369500008, 21.972435219000033], [80.46076327700007, 21.972434374000045]]]]}}, {"type": "Feature", "properties": {"block": "Western Ukwa", "nuid": "CRO-23290-2016", "layer": "Lithology_DM", "age": "Archaean", "supergroup": null, "group": null, "unit": "Granite Gneiss", "major_mineral": null, "remarks": null}, "geometry": {"type": "MultiPolygon", "coordinates": [[[[80.45833344600004, 21.971383142000036], [80.45832805300006, 21.971385577000035], [80.45832492200003, 21.971399146000067], [80.45832735700003, 21.97140732200006], [80.45834231800006, 21.971412367000028], [80.45835849600007, 21.97141201900007], [80.45836684600005, 21.97140975700006], [80.45836962900006, 21.97140610400004], [80.45836510600003, 21.971396363000053], [80.45835988800007, 21.97138609900003], [80.45834858000006, 21.97138053200007], [80.45833344600004, 21.971383142000036]]]]}}, {"type": "Feature", "properties": {"block": "Western Ukwa", "nuid": "CRO-23290-2016", "layer": "Lithology_DM", "age": "Archaean", "supergroup": null, "group": null, "unit": "Granite Gneiss", "major_mineral": null, "remarks": null}, "geometry": {"type": "MultiPolygon", "coordinates": [[[[80.45872241600006, 21.97145237700005], [80.45870293300004, 21.971454117000064], [80.45869301700003, 21.971458640000037], [80.45870397700008, 21.971470817000068], [80.45871528400005, 21.971479515000055], [80.45873320200008, 21.97148369000007], [80.45874781400005, 21.97148021000004], [80.45875755600008, 21.971474644000068], [80.45874955400006, 21.971459509000056], [80.45874120400003, 21.971454465000022], [80.45873059200005, 21.971450290000064], [80.45872241600006, 21.97145237700005]]]]}}, {"type": "Feature", "properties": {"block": "Western Ukwa", "nuid": "CRO-23290-2016", "layer": "Lithology_DM", "age": "Pre- Cambrian", "supergroup": null, "group": "Sausar", "unit": "Quartz vein", "major_mineral": null, "remarks": null}, "geometry": {"type": "MultiPolygon", "coordinates": [[[[80.45794569300006, 21.971278419000043], [80.45794273600006, 21.971279811000045], [80.45794865100004, 21.97128937800005], [80.45795769600005, 21.971291988000075], [80.45797787600003, 21.971296859000063], [80.45799179200003, 21.971294597000053], [80.45800344700007, 21.97129407500006], [80.45800971000006, 21.97128798700004], [80.45802171300005, 21.97128416000004], [80.45801371100004, 21.97127250400007], [80.45800083800003, 21.97127180900003], [80.45799735900005, 21.971269721000056], [80.45798935700003, 21.971272157000044], [80.45798118100004, 21.97128155000007], [80.45797665800006, 21.971284334000075], [80.45796656800007, 21.97128033300004], [80.45795560900007, 21.971275984000044], [80.45794569300006, 21.971278419000043]]]]}}, {"type": "Feature", "properties": {"block": "Western Ukwa", "nuid": "CRO-23290-2016", "layer": "Lithology_DM", "age": "Pre- Cambrian", "supergroup": null, "group": "Sausar", "unit": "Quartz vein", "major_mineral": null, "remarks": null}, "geometry": {"type": "MultiPolygon", "coordinates": [[[[80.45830187100006, 21.97143486400006], [80.45830143800003, 21.97143289400003], [80.45829839300006, 21.971426718000032], [80.45829152200008, 21.97141906400003], [80.45828491200007, 21.97141123600005], [80.45827856200003, 21.971404104000044], [80.45826229700003, 21.97139958100007], [80.45823976900004, 21.971392449000064], [80.45822046000006, 21.971387056000026], [80.45819601900007, 21.971376531000033], [80.45817062100008, 21.97136331100006], [80.45814905000003, 21.971357570000066], [80.45811878200004, 21.971346437000022], [80.45809286200006, 21.971338261000028], [80.45806276700006, 21.971331650000025], [80.45804224000005, 21.97132486600003], [80.45800118600005, 21.97131808200004], [80.45797578800006, 21.971311123000078], [80.45795334800005, 21.971307470000056], [80.45792708000005, 21.971296685000027], [80.45790568300004, 21.971293901000024], [80.45787384900007, 21.97128868300007], [80.45784914700005, 21.97128259400006], [80.45783401200003, 21.971275984000044], [80.45780844000006, 21.971275984000044], [80.45778252100007, 21.971273548000056], [80.45775294800006, 21.97127424400003], [80.45771885200008, 21.97127389600007], [80.45771563000005, 21.97129059100007], [80.45777817200008, 21.97130016400007], [80.45784532000005, 21.97130399100007], [80.45791072800006, 21.971322083000075], [80.45798518200007, 21.971337739000035], [80.45803075900005, 21.97135269900008], [80.45811808600007, 21.971377053000026], [80.45815496500006, 21.97138609900003], [80.45819706300006, 21.97140349500006], [80.45824820600006, 21.97142367400005], [80.45829134800005, 21.971433068000067], [80.45830187100006, 21.97143486400006]]]]}}, {"type": "Feature", "properties": {"block": "Western Ukwa", "nuid": "CRO-23290-2016", "layer": "Lithology_DM", "age": null, "supergroup": null, "group": null, "unit": "Dump", "major_mineral": null, "remarks": null}, "geometry": {"type": "MultiPolygon", "coordinates": [[[[80.46147544100006, 21.972908046000043], [80.46146347400008, 21.972905362000063], [80.46143720600008, 21.972899795000046], [80.46141250400007, 21.97289405500004], [80.46136397000004, 21.972889184000053], [80.46135770700005, 21.97288935800003], [80.46125107100005, 21.97288257400004], [80.46114460900003, 21.972876659000065], [80.46104179900004, 21.972865874000036], [80.46097934800008, 21.972864482000034], [80.46096699700007, 21.972861873000056], [80.46091950700009, 21.972862047000035], [80.46090906900008, 21.97286082900007], [80.46082522200004, 21.97284221500007], [80.46079773600007, 21.97283612700005], [80.46072450000008, 21.972816643000044], [80.46068309800006, 21.97280446600007], [80.46063265000004, 21.972791594000057], [80.46062377800007, 21.972788114000025], [80.46059124800007, 21.972775415000058], [80.46055958800008, 21.97276671800006], [80.46053262400005, 21.972756976000028], [80.46047817500005, 21.972740276000025], [80.46043294600008, 21.972723750000057], [80.46037710600007, 21.972707746000026], [80.46032422200005, 21.972692089000077], [80.46030908800003, 21.972689132000028], [80.46026959900007, 21.972665300000074], [80.46024350600004, 21.97264947000008], [80.46021323700006, 21.972639032000075], [80.46015252600006, 21.97261780900004], [80.46010538300004, 21.972597630000053], [80.46000831400005, 21.972565622000047], [80.45999039700007, 21.972559012000033], [80.45993159900007, 21.972541094000064], [80.45987749800008, 21.972523872000068], [80.45980948000005, 21.97250595400004], [80.45975259600004, 21.972492212000077], [80.45971171600007, 21.972481078000044], [80.45966109400007, 21.972469249000028], [80.45961082000008, 21.97246037700006], [80.45957254900003, 21.97245202700003], [80.45950853300008, 21.972433240000043], [80.45945843300007, 21.972430978000034], [80.45940955100008, 21.97243045700003], [80.45940067900005, 21.972423846000027], [80.45933127000006, 21.972396709000066], [80.45926829700005, 21.97237792100003], [80.45917105400008, 21.97234852200006], [80.45910895100008, 21.97233460600006], [80.45904389100008, 21.972317384000064], [80.45897482900006, 21.972300336000046], [80.45890420200004, 21.97228294000007], [80.45887254200005, 21.972271285000033], [80.45881878900008, 21.97225301900005], [80.45878156200007, 21.972236493000025], [80.45874572700006, 21.972223620000022], [80.45870971700003, 21.972207094000055], [80.45868031800006, 21.97219752700005], [80.45860812600006, 21.97217908700003], [80.45857855300005, 21.97216865000007], [80.45853402000006, 21.972154559000046], [80.45851436200007, 21.972146209000073], [80.45849883800008, 21.97213980400005], [80.45850479500007, 21.972144730000025], [80.45843799500005, 21.972125943000037], [80.45835101600005, 21.972106112000063], [80.45828073700005, 21.972088020000058], [80.45820245500005, 21.972074451000026], [80.45810573500006, 21.972066797000025], [80.45803406400006, 21.972068189000026], [80.45797770200005, 21.972071320000055], [80.45788480800007, 21.972082105000027], [80.45781035400006, 21.972099849000074], [80.45778321600005, 21.972107851000032], [80.45776373300004, 21.972138468000026], [80.45774285800007, 21.972188568000036], [80.45776547300005, 21.97220979100007], [80.45777904100004, 21.97222927400003], [80.45782670600005, 21.97224840900003], [80.45786358500004, 21.972266153000078], [80.45789559300005, 21.972278678000066], [80.45793003700004, 21.972293638000053], [80.45798709500008, 21.972299901000042], [80.45801840800004, 21.972301988000027], [80.45803928300006, 21.972296422000056], [80.45809181800007, 21.97228911600007], [80.45809877600004, 21.97228320100004], [80.45811999900008, 21.97225293200006], [80.45813148100007, 21.972216053000068], [80.45814470100004, 21.97217743400006], [80.45817288300003, 21.972169432000044], [80.45820384700005, 21.972161778000043], [80.45824316200003, 21.972176391000062], [80.45827517000004, 21.972191003000034], [80.45830509100006, 21.972215705000053], [80.45833014100003, 21.972237276000044], [80.45834962400005, 21.972252584000046], [80.45836736800004, 21.97227833000005], [80.45839033000004, 21.972302684000056], [80.45839902800003, 21.972339911000063], [80.45840668200003, 21.97236948400007], [80.45842964500008, 21.972395230000075], [80.45847800500007, 21.97240879900005], [80.45849714000008, 21.972414365000077], [80.45856394000003, 21.97242028000005], [80.45860082000007, 21.972427238000023], [80.45863561100003, 21.97245194000004], [80.45866170500005, 21.972466205000046], [80.45869788800007, 21.972478730000034], [80.45873128800008, 21.972499953000067], [80.45876120900004, 21.97251595700004], [80.45881026500007, 21.972525003000044], [80.45884436100005, 21.97252674200007], [80.45889411300004, 21.97251456500004], [80.45894560400006, 21.972496474000025], [80.45895569400005, 21.972495082000023], [80.45899848800008, 21.972495082000023], [80.45905276300005, 21.972498909000024], [80.45908407500008, 21.97250899900007], [80.45912930400004, 21.972519436000027], [80.45915609400004, 21.972531613000058], [80.45918392700008, 21.97254205100006], [80.45921489200003, 21.972559794000063], [80.45923193900006, 21.972563969000078], [80.45925803300008, 21.97259632600003], [80.45926603500004, 21.972605371000043], [80.45929108500007, 21.972612678000075], [80.45930152300008, 21.97261615700006], [80.45934570800006, 21.97261163400003], [80.45937945600008, 21.972611286000074], [80.45940241800008, 21.972635640000078], [80.45939163300005, 21.972680869000044], [80.45938676200007, 21.972700700000075], [80.45938885000004, 21.972733057000028], [80.45939650400004, 21.972764021000046], [80.45942433700003, 21.97280472700004], [80.45943895000005, 21.97283395200003], [80.45945565000005, 21.972864569000023], [80.45948139500007, 21.972891358000027], [80.45950714100007, 21.972918496000034], [80.45952801600004, 21.972943198000053], [80.45956767900003, 21.972961290000057], [80.45960664500006, 21.97297729400003], [80.45967762000004, 21.973020783000038], [80.45971102000004, 21.973040267000044], [80.45978303900006, 21.973072623000064], [80.45981469900005, 21.973085148000052], [80.45987488900005, 21.97310602300007], [80.45990898400004, 21.973118200000044], [80.45996430300005, 21.973138727000048], [80.46001057600006, 21.973148121000065], [80.46004745500005, 21.973155775000066], [80.46006519900004, 21.97316795200004], [80.46007981100007, 21.973173519000056], [80.46009825100003, 21.973179781000056], [80.46012156100005, 21.97319404600006], [80.46014556700004, 21.973198916000058], [80.46019010100008, 21.97319578500003], [80.46021306300008, 21.973193698000046], [80.46023324200007, 21.973200656000074], [80.46027464400004, 21.973209006000047], [80.46032404800007, 21.973227098000052], [80.46035849200007, 21.97324971200004], [80.46038632500006, 21.97326432500006], [80.46041067900006, 21.973280329000033], [80.46044686300007, 21.973299464000036], [80.46046425900005, 21.973303987000065], [80.46051540200006, 21.973297725000066], [80.46058846500006, 21.973287635000077], [80.46065700400004, 21.973282764000032], [80.46068518500005, 21.973284156000034], [80.46072345600004, 21.973281720000045], [80.46076381400007, 21.97327058700006], [80.46080173700005, 21.973265020000042], [80.46083583300003, 21.973251452000056], [80.46087410400008, 21.973240666000038], [80.46091028700005, 21.97321561600006], [80.46094229500005, 21.97319578500003], [80.46096177900006, 21.97319021800007], [80.46102683900006, 21.97317630200007], [80.46106232700004, 21.973165169000026], [80.46112286400006, 21.973149860000035], [80.46113608500008, 21.973146033000035], [80.46116009100007, 21.973084800000038], [80.46117139800003, 21.973055575000046], [80.46121680100003, 21.97302443600006], [80.46125385400006, 21.972999039000058], [80.46129073300006, 21.972979207000037], [80.46130204100007, 21.97297416300006], [80.46132482900003, 21.97297346700003], [80.46136205600004, 21.97296442100003], [80.46138275700008, 21.972962507000034], [80.46142329000008, 21.97297903300006], [80.46143720600008, 21.972983904000046], [80.46148817600005, 21.973003214000073], [80.46152783800005, 21.973022523000054], [80.46153897200008, 21.973024958000053], [80.46156437000008, 21.973026176000076], [80.46158141700005, 21.97302443600006], [80.46160577200004, 21.973006345000044], [80.46161412200007, 21.973001300000078], [80.46161046800006, 21.97299051500005], [80.46159272500006, 21.972967204000042], [80.46158437500003, 21.97295955000004], [80.46155515000004, 21.97295033000006], [80.46150731100005, 21.97293258700006], [80.46147544100006, 21.972908046000043]]]]}}, {"type": "Feature", "properties": {"block": "Western Ukwa", "nuid": "CRO-23290-2016", "layer": "Lithology_DM", "age": null, "supergroup": null, "group": null, "unit": "NO LABAL", "major_mineral": null, "remarks": null}, "geometry": {"type": "MultiPolygon", "coordinates": [[[[80.45826928400004, 21.97185212000005], [80.45827230000003, 21.971855264000055], [80.45828865200008, 21.971863092000035], [80.45830430800004, 21.97187353000004], [80.45831935500007, 21.971880836000025], [80.45834040400007, 21.97189649200004], [80.45834727600004, 21.97190266800004], [80.45836206200005, 21.971911453000075], [80.45836989000009, 21.97191902000003], [80.45837477800006, 21.97192136800004], [80.45837945800008, 21.971914671000036], [80.45838693800005, 21.97190736500005], [80.45839754900004, 21.971902146000048], [80.45841077000006, 21.97190258100005], [80.45842468700005, 21.971906756000067], [80.45843555900007, 21.971907886000054], [80.45845747800007, 21.971908582000026], [80.45846556700008, 21.971908582000026], [80.45845939200007, 21.971891621000054], [80.45845852200006, 21.971884141000032], [80.45843877800007, 21.97188422800008], [80.45843434200003, 21.971882054000048], [80.45841946800005, 21.971879444000024], [80.45840929200006, 21.971868572000062], [80.45840285500003, 21.971852220000073], [80.45838615500008, 21.97183795500007], [80.45837102100006, 21.971833867000043], [80.45835249400005, 21.971828127000038], [80.45833779500003, 21.971827692000033], [80.45831004900003, 21.97182951800005], [80.45828691200006, 21.971832302000053], [80.45827560500004, 21.971834389000037], [80.45827108200007, 21.971840304000068], [80.45826951600003, 21.971852133000027], [80.45826928400004, 21.97185212000005]]]]}}, {"type": "Feature", "properties": {"block": "Western Ukwa", "nuid": "CRO-23290-2016", "layer": "Lithology_DM", "age": "Pre- Cambrian", "supergroup": null, "group": "Sausar", "unit": "Sericite Muscovite Schist", "major_mineral": null, "remarks": null}, "geometry": {"type": "MultiPolygon", "coordinates": [[[[80.45849885100006, 21.972020428000064], [80.45849496600005, 21.97201913300006], [80.45848435500005, 21.97201321800003], [80.45846400100004, 21.972006608000072], [80.45845165000003, 21.971996170000068], [80.45844190900004, 21.971986428000037], [80.45842538300008, 21.971975991000022], [80.45841042200004, 21.971971642000028], [80.45839146100008, 21.971954594000067], [80.45837963200006, 21.971946940000066], [80.45836588900005, 21.971934241000042], [80.45834866700005, 21.971922934000077], [80.45833756600007, 21.97191624800007], [80.45833840400007, 21.971918063000032], [80.45832727000004, 21.97191580200007], [80.45831405000007, 21.97191371400004], [80.45829682800007, 21.971908147000022], [80.45828186700004, 21.971900319000042], [80.45827003800008, 21.971897014000035], [80.45825890500004, 21.97188970800005], [80.45825733900006, 21.971890230000042], [80.45824681500005, 21.971876922000035], [80.45823759500007, 21.971891708000044], [80.45824403100005, 21.971898493000026], [80.45825012000006, 21.971901798000033], [80.45828421600004, 21.971928761000072], [80.45831918100004, 21.97195155000003], [80.45833692500008, 21.971972251000068], [80.45836267100003, 21.97199277800007], [80.45837171700003, 21.971997475000023], [80.45838319800004, 21.972016088000032], [80.45841433600003, 21.97203783300006], [80.45844147400004, 21.972051054000076], [80.45847017700004, 21.972067406000065], [80.45850409900004, 21.972086889000025], [80.45855298100008, 21.972114549000025], [80.45858829500008, 21.97213194400007], [80.45860656000008, 21.972136641000077], [80.45867162000008, 21.97214725300006], [80.45868953800004, 21.972152993000066], [80.45876347000006, 21.972172129000057], [80.45881687500008, 21.972187959000053], [80.45887028100003, 21.972201876000042], [80.45890385500007, 21.972211617000028], [80.45894508300006, 21.972221011000045], [80.45896839300008, 21.97223040500006], [80.45900962100006, 21.97224136400007], [80.45906528800003, 21.972254237000072], [80.45913695800004, 21.972275634000027], [80.45914600400005, 21.97228154800007], [80.45919019000007, 21.972293551000064], [80.45921558700007, 21.972301380000033], [80.45923663600007, 21.972311295000054], [80.45929160700007, 21.97233391000003], [80.45931996200005, 21.972343825000053], [80.45937806400008, 21.972363483000038], [80.45941111600007, 21.972373920000052], [80.45945251800003, 21.972388185000057], [80.45950053100006, 21.972399492000022], [80.45954332400004, 21.972409234000054], [80.45957028800007, 21.97241497400006], [80.45962230100008, 21.972425412000064], [80.45968631800008, 21.972440198000072], [80.45974250600005, 21.972455680000053], [80.45979504200005, 21.972469945000057], [80.45985366600007, 21.972483166000075], [80.45990394000006, 21.972497082000075], [80.45997352300003, 21.97251447800005], [80.45999996400008, 21.972524046000046], [80.46003580000007, 21.97253465700004], [80.46009772900004, 21.972559533000037], [80.46012312700003, 21.972570493000035], [80.46016713800003, 21.97258701900006], [80.46023515600007, 21.972619723000037], [80.46025951000007, 21.972629812000037], [80.46028560400003, 21.97264616500007], [80.46032787500008, 21.97266877900006], [80.46035327300007, 21.972677825000062], [80.46038528200006, 21.97269035000005], [80.46043120700006, 21.97270652800006], [80.46046408500007, 21.97271818300004], [80.46052270900003, 21.97273836200003], [80.46053958200008, 21.972745321000048], [80.46060151200004, 21.97276080300003], [80.46062343000006, 21.972771066000064], [80.46066361500004, 21.972782722000034], [80.46068849100004, 21.972792637000055], [80.46073493700004, 21.972799248000058], [80.46080573800003, 21.972788114000025], [80.46083913800004, 21.97278446100006], [80.46092559500005, 21.972784287000025], [80.46095830000007, 21.972787071000027], [80.46097482600004, 21.972787940000046], [80.46101518400008, 21.972777677000067], [80.46105658600004, 21.97276219500003], [80.46108285400004, 21.972757324000042], [80.46110285900005, 21.972751061000054], [80.46109242100005, 21.972731230000022], [80.46106406600006, 21.972725315000048], [80.46103327600008, 21.97271644400007], [80.46100892100003, 21.97271122500007], [80.46098717700005, 21.972715226000048], [80.46097343400004, 21.972716096000056], [80.46093394500008, 21.97271644400007], [80.46091394000007, 21.972720967000043], [80.46088871600006, 21.972726011000077], [80.46087027700008, 21.97273418700007], [80.46084835800008, 21.972736275000045], [80.46082035100005, 21.972734709000065], [80.46080017200006, 21.972727055000064], [80.46077616500008, 21.97271192100004], [80.46075337700006, 21.972700787000065], [80.46073876400004, 21.972692437000035], [80.46071354100008, 21.972685653000042], [80.46070432100004, 21.97268408700006], [80.46067561800004, 21.972676955000054], [80.46063352000004, 21.972674520000055], [80.46058202800003, 21.972674694000034], [80.46056271900005, 21.972672432000024], [80.46054688900006, 21.97267017100006], [80.46052340400007, 21.97266651800004], [80.46049522300007, 21.97265503600005], [80.46048809100006, 21.972643207000033], [80.46047487000004, 21.972623376000058], [80.46045503900007, 21.972613113000023], [80.46044599300006, 21.972608242000035], [80.46042581400008, 21.97260719800005], [80.46040441700006, 21.972598848000075], [80.46038406400004, 21.97259241100005], [80.46036249300005, 21.97258458300007], [80.46034127000007, 21.972577799000078], [80.46031987300006, 21.97256684000007], [80.46030369500005, 21.972558142000025], [80.46027934100005, 21.97254300700007], [80.46025881400004, 21.972520045000067], [80.46023750400008, 21.97250682400005], [80.46022689300008, 21.972499692000042], [80.46018914400008, 21.972486384000035], [80.46016374600003, 21.972480122000036], [80.46013521700007, 21.972473337000054], [80.46010703600007, 21.97246446500003], [80.46006389400003, 21.97245194000004], [80.46001431600007, 21.97243419700004], [80.45998300400004, 21.97242428100003], [80.45994629800003, 21.97241488700007], [80.45990959300008, 21.97240723300007], [80.45985871000005, 21.97239105500006], [80.45983957500005, 21.972384184000077], [80.45979304100007, 21.972371398000064], [80.45972041400006, 21.972353567000027], [80.45970536600004, 21.972351827000068], [80.45964822100007, 21.972338259000026], [80.45962212700005, 21.972333040000024], [80.45958368300006, 21.97232486400003], [80.45952697200005, 21.972305903000063], [80.45950557600008, 21.972301901000037], [80.45942503300006, 21.972280331000036], [80.45940033100004, 21.97227772100007], [80.45934449000003, 21.97226310900004], [80.45932031000007, 21.972258760000045], [80.45923559300007, 21.972243278000064], [80.45919645200007, 21.972233536000033], [80.45915435400008, 21.972225012000024], [80.45912773900005, 21.97222205500003], [80.45910634200004, 21.972221881000053], [80.45906702700006, 21.97220761600005], [80.45903414900005, 21.972197875000063], [80.45901223000004, 21.97219526500004], [80.45899205100005, 21.972193178000055], [80.45897082800008, 21.97218900300004], [80.45895395400004, 21.972187959000053], [80.45891864100008, 21.97217125900005], [80.45890141900009, 21.972163953000063], [80.45887967400006, 21.972160821000045], [80.45886245200006, 21.97215647300004], [80.45883044400006, 21.972150036000073], [80.45880835200006, 21.972146731000066], [80.45877234200003, 21.97213959900006], [80.45874224700003, 21.97213333600007], [80.45870919500004, 21.97212637800004], [80.45867075100006, 21.97211350500004], [80.45863474100008, 21.97209732700003], [80.45859664500006, 21.972082714000067], [80.45855019800007, 21.972054185000047], [80.45850879600005, 21.972026526000036], [80.45849844500003, 21.97202069800005], [80.45849885100006, 21.972020428000064]]]]}}, {"type": "Feature", "properties": {"block": "Western Ukwa", "nuid": "CRO-23290-2016", "layer": "Lithology_DM", "age": "Pre- Cambrian", "supergroup": null, "group": "Sausar", "unit": "Mn Ore", "major_mineral": null, "remarks": null}, "geometry": {"type": "MultiPolygon", "coordinates": [[[[80.45837477800006, 21.97192136800004], [80.45836989000009, 21.97191902000003], [80.45836206200005, 21.971911453000075], [80.45834727600004, 21.97190266800004], [80.45834040400007, 21.97189649200004], [80.45831935500007, 21.971880836000025], [80.45830430800004, 21.97187353000004], [80.45828865200008, 21.971863092000035], [80.45827230000003, 21.971855264000055], [80.45826928400004, 21.97185212000005], [80.45826012300006, 21.971851611000034], [80.45824377100007, 21.971849176000035], [80.45824620600007, 21.97185961300005], [80.45825229400003, 21.971865528000023], [80.45826203600006, 21.971870746000036], [80.45829317500005, 21.971882402000062], [80.45831126600007, 21.971894753000072], [80.45833631600004, 21.97191354000006], [80.45833756600007, 21.97191624800007], [80.45834866700005, 21.971922934000077], [80.45836588900005, 21.971934241000042], [80.45837963200006, 21.971946940000066], [80.45839146100008, 21.971954594000067], [80.45841042200004, 21.971971642000028], [80.45842538300008, 21.971975991000022], [80.45844190900004, 21.971986428000037], [80.45845165000003, 21.971996170000068], [80.45846400100004, 21.972006608000072], [80.45848435500005, 21.97201321800003], [80.45849496600005, 21.97201913300006], [80.45849885100006, 21.972020428000064], [80.45850340300007, 21.972017393000044], [80.45851062200006, 21.972017393000044], [80.45851053500007, 21.97201461000003], [80.45850131500003, 21.97200904300007], [80.45848792100008, 21.97199938800003], [80.45847452600003, 21.97199147300006], [80.45846339300005, 21.971982688000026], [80.45844704100006, 21.971972425000047], [80.45843529800004, 21.971962509000036], [80.45840668200003, 21.97194511300006], [80.45838372000003, 21.97192737000006], [80.45837441300006, 21.971921890000033], [80.45837477800006, 21.97192136800004]]]]}}, {"type": "Feature", "properties": {"block": "Western Ukwa", "nuid": "CRO-23290-2016", "layer": "Lithology_DM", "age": null, "supergroup": null, "group": null, "unit": "NO LABAL", "major_mineral": null, "remarks": null}, "geometry": {"type": "MultiPolygon", "coordinates": [[[[80.45856994200005, 21.97195442000003], [80.45855498200007, 21.971958247000032], [80.45855376400004, 21.971960857000056], [80.45855846100005, 21.971973556000023], [80.45856802800006, 21.971977209000045], [80.45858316300007, 21.97197894800007], [80.45859968900004, 21.971978774000036], [80.45861569300007, 21.97197303400003], [80.45862752200003, 21.97196294400004], [80.45861812800007, 21.971959987000048], [80.45860473400006, 21.97195668200004], [80.45859099100005, 21.971954594000067], [80.45858281500006, 21.97195146300004], [80.45856994200005, 21.97195442000003]]]]}}, {"type": "Feature", "properties": {"block": "Western Ukwa", "nuid": "CRO-23290-2016", "layer": "Lithology_DM", "age": null, "supergroup": null, "group": null, "unit": "NO LABAL", "major_mineral": null, "remarks": null}, "geometry": {"type": "MultiPolygon", "coordinates": [[[[80.45866387900008, 21.97196442300003], [80.45864848400004, 21.971971642000028], [80.45864117800005, 21.971983906000048], [80.45864483100007, 21.97199164700004], [80.45865570300003, 21.971997823000038], [80.45867814400003, 21.97199773600005], [80.45868327600004, 21.97199286500006], [80.45868466700006, 21.971982775000072], [80.45868258000007, 21.97197155500004], [80.45867657800005, 21.971964858000035], [80.45867170700006, 21.971962596000026], [80.45866387900008, 21.97196442300003]]]]}}, {"type": "Feature", "properties": {"block": "Western Ukwa", "nuid": "CRO-23290-2016", "layer": "Lithology_DM", "age": null, "supergroup": null, "group": null, "unit": "NO LABAL", "major_mineral": null, "remarks": null}, "geometry": {"type": "MultiPolygon", "coordinates": [[[[80.45886732300005, 21.972032092000063], [80.45885131900008, 21.97203713700003], [80.45884784000003, 21.972046357000067], [80.45884958000005, 21.972056273000078], [80.45886767100006, 21.972067754000022], [80.45888298000006, 21.97206323100005], [80.45889185100003, 21.972055751000028], [80.45889550500004, 21.972042878000025], [80.45889498300005, 21.972038181000073], [80.45888489300006, 21.97203452800005], [80.45888089200008, 21.972032440000078], [80.45886732300005, 21.972032092000063]]]]}}, {"type": "Feature", "properties": {"block": "Western Ukwa", "nuid": "CRO-23290-2016", "layer": "Lithology_DM", "age": null, "supergroup": null, "group": null, "unit": "NO LABAL", "major_mineral": null, "remarks": null}, "geometry": {"type": "MultiPolygon", "coordinates": [[[[80.45900901200008, 21.97206453600006], [80.45901179600008, 21.972082366000052], [80.45901910200007, 21.972088368000072], [80.45902736500005, 21.972086280000042], [80.45902927800006, 21.97208567200005], [80.45904432600008, 21.972085063000065], [80.45904093300004, 21.972078887000066], [80.45903171400005, 21.97207332100004], [80.45902484200008, 21.972069146000024], [80.45901623100008, 21.97206479700003], [80.45901205600006, 21.972064275000037], [80.45900901200008, 21.97206453600006]]]]}}, {"type": "Feature", "properties": {"block": "Western Ukwa", "nuid": "CRO-23290-2016", "layer": "Lithology_DM", "age": "Pre- Cambrian", "supergroup": null, "group": "Sausar", "unit": "Mn Ore", "major_mineral": null, "remarks": null}, "geometry": {"type": "MultiPolygon", "coordinates": [[[[80.45817131700005, 21.971731145000035], [80.45816114000007, 21.97174149500006], [80.45815600900005, 21.971750541000063], [80.45815653100004, 21.971753586000034], [80.45816070600006, 21.97175558600003], [80.45816992500005, 21.97175767400006], [80.45819267000007, 21.971757500000024], [80.45819462700007, 21.971753325000066], [80.45819662800005, 21.971744888000046], [80.45819645400007, 21.97174149500006], [80.45819240900005, 21.971739365000076], [80.45818845200006, 21.97173527600006], [80.45818610300006, 21.97173310200003], [80.45818232000005, 21.97173144900006], [80.45817131700005, 21.971731145000035]]]]}}, {"type": "Feature", "properties": {"block": "Western Ukwa", "nuid": "CRO-23290-2016", "layer": "Lithology_DM", "age": "Pre- Cambrian", "supergroup": null, "group": "Sausar", "unit": "Mn Ore", "major_mineral": null, "remarks": null}, "geometry": {"type": "MultiPolygon", "coordinates": [[[[80.45811643300004, 21.971743409000055], [80.45811137800007, 21.971740278000027], [80.45810720300005, 21.97173758100007], [80.45809920000005, 21.971737407000035], [80.45809824400004, 21.971735929000033], [80.45809415600007, 21.971731754000075], [80.45808684900004, 21.97172688300003], [80.45808893700007, 21.971723491000034], [80.45809311200009, 21.97172375200006], [80.45810257100004, 21.971727405000024], [80.45811042100007, 21.97172734000003], [80.45811061600006, 21.971729710000034], [80.45811453100004, 21.971729492000065], [80.45811457400004, 21.971727557000065], [80.45811650900004, 21.971727514000065], [80.45811664000007, 21.971725622000065], [80.45811851000008, 21.97172555700007], [80.45811868400006, 21.971723578000024], [80.45812051000007, 21.971723447000045], [80.45812072800004, 21.971721708000075], [80.45811898800008, 21.97171983800007], [80.45811459600003, 21.97171748900007], [80.45811059500005, 21.97171753300006], [80.45811063800005, 21.97171544500003], [80.45810057000006, 21.97171544500003], [80.45810057000006, 21.97171342300004], [80.45809254700004, 21.97171342300004], [80.45809254700004, 21.971711422000055], [80.45808607800006, 21.971711455000047], [80.45808249000004, 21.97171140100005], [80.45808242400005, 21.971713434000037], [80.45808081500007, 21.971713434000037], [80.45807291100004, 21.971713499000032], [80.45806849700006, 21.971713401000045], [80.45806846400006, 21.97171951200005], [80.45807051900005, 21.971719501000052], [80.45807044300005, 21.97172555700007], [80.45807046500005, 21.971735472000034], [80.45807246500004, 21.971737473000076], [80.45807766200005, 21.971738386000027], [80.45808172900007, 21.971743039000046], [80.45808557700008, 21.97174508300003], [80.45808966500005, 21.97174721400006], [80.45809542800004, 21.971749171000056], [80.45810199500005, 21.971751107000046], [80.45810645200004, 21.971753499000044], [80.45811254100005, 21.97175549900004], [80.45811847700008, 21.971755608000024], [80.45811854200008, 21.971757543000024], [80.45812258700005, 21.971757608000075], [80.45812269600003, 21.971755934000043], [80.45812039100008, 21.971751889000075], [80.45811856400007, 21.97174784500004], [80.45811643300004, 21.971743409000055]]]]}}, {"type": "Feature", "properties": {"block": "Western Ukwa", "nuid": "CRO-23290-2016", "layer": "Lithology_DM", "age": null, "supergroup": null, "group": null, "unit": "NO LABLE", "major_mineral": null, "remarks": null}, "geometry": {"type": "MultiPolygon", "coordinates": [[[[80.46236264000004, 21.97289689200005], [80.46236388900007, 21.97289780600005], [80.46237858500007, 21.97289945800003], [80.46239113500008, 21.972899292000022], [80.46239546500004, 21.972899402000053], [80.46239953100007, 21.972868222000045], [80.46239866200006, 21.97285848000007], [80.46239066000004, 21.97285482700005], [80.46236561000006, 21.972849782000026], [80.46236195700004, 21.97285708900006], [80.46236264000004, 21.97289689200005]]]]}}, {"type": "Feature", "properties": {"block": "Western Ukwa", "nuid": "CRO-23290-2016", "layer": "Lithology_DM", "age": "Pre- Cambrian", "supergroup": null, "group": "Sausar", "unit": "Mn Ore", "major_mineral": null, "remarks": null}, "geometry": {"type": "MultiPolygon", "coordinates": [[[[80.45958384600004, 21.972251019000055], [80.45955340300003, 21.97224910500006], [80.45954157400007, 21.97225380200007], [80.45953635500007, 21.97226302200005], [80.45954192200008, 21.97226702300003], [80.45957166900007, 21.972284071000047], [80.45960019800003, 21.972279722000053], [80.45960263300003, 21.972268675000066], [80.45960272000008, 21.97226076000004], [80.45959132600007, 21.97225223600003], [80.45958758600005, 21.972251106000044], [80.45958384600004, 21.972251019000055]]]]}}, {"type": "Feature", "properties": {"block": "Western Ukwa", "nuid": "CRO-23290-2016", "layer": "Lithology_DM", "age": "Pre- Cambrian", "supergroup": null, "group": "Sausar", "unit": "Mn Ore", "major_mineral": null, "remarks": null}, "geometry": {"type": "MultiPolygon", "coordinates": [[[[80.45980938200006, 21.97220892100006], [80.45977624300008, 21.972243365000054], [80.45976163100005, 21.972261369000023], [80.45975615100008, 21.972280940000076], [80.45975354200004, 21.972293986000068], [80.45976215300004, 21.972315383000023], [80.45976711100008, 21.972314339000036], [80.45979972800006, 21.97229998800003], [80.45980807800004, 21.97229294300007], [80.45981460100006, 21.97229294300007], [80.45981512300006, 21.972297900000058], [80.45982843100006, 21.972312513000077], [80.45983521500006, 21.97231773200008], [80.45985896100007, 21.972331822000058], [80.45986887600003, 21.972329735000073], [80.45987670400007, 21.972309904000042], [80.45988244500006, 21.972300510000025], [80.45988296700006, 21.972279896000032], [80.45988218400004, 21.97226763200007], [80.45985661200007, 21.97226528300007], [80.45984460900007, 21.97226450000005], [80.45983391100003, 21.972272590000046], [80.45982451700007, 21.972275199000023], [80.45982843100006, 21.97226058600006], [80.45983104000004, 21.972249627000053], [80.45982817000004, 21.972226143000057], [80.45982190700005, 21.972217271000034], [80.45980938200006, 21.97220892100006]]]]}}, {"type": "Feature", "properties": {"block": "Western Ukwa", "nuid": "CRO-23290-2016", "layer": "Lithology_DM", "age": "Pre- Cambrian", "supergroup": null, "group": "Sausar", "unit": "Mn Ore", "major_mineral": null, "remarks": null}, "geometry": {"type": "MultiPolygon", "coordinates": [[[[80.45990697300005, 21.972267240000065], [80.45989823200006, 21.972269850000032], [80.45989797100003, 21.972277156000075], [80.45990058000007, 21.972287332000064], [80.45991519200004, 21.972293465000064], [80.45993071800007, 21.97229855300003], [80.45993293600003, 21.97229685700006], [80.45994363500006, 21.972288637000077], [80.45993358900006, 21.972280940000076], [80.45992223800005, 21.97227311100005], [80.45991140900009, 21.972267110000075], [80.45990697300005, 21.972267240000065]]]]}}, {"type": "Feature", "properties": {"block": "Western Ukwa", "nuid": "CRO-23290-2016", "layer": "Lithology_DM", "age": null, "supergroup": null, "group": null, "unit": "NO LABLE", "major_mineral": null, "remarks": null}, "geometry": {"type": "MultiPolygon", "coordinates": [[[[80.45999060300005, 21.972269719000053], [80.45997899200006, 21.97227611200003], [80.45998682000004, 21.972301423000033], [80.45999360400003, 21.972314339000036], [80.46002204600006, 21.97232621200004], [80.46004187700004, 21.97232464700005], [80.46005427200004, 21.972313426000028], [80.46007279900005, 21.97230298900007], [80.46008428000005, 21.972286419000056], [80.46009523900005, 21.972274938000055], [80.46008088800005, 21.97226671800007], [80.46007162400008, 21.972264109000037], [80.46005153200008, 21.97226384800007], [80.46003939900004, 21.972265675000074], [80.46002191600007, 21.972266458000036], [80.45999934500009, 21.972265805000063], [80.45999060300005, 21.972269719000053]]]]}}, {"type": "Feature", "properties": {"block": "Western Ukwa", "nuid": "CRO-23290-2016", "layer": "Lithology_DM", "age": "Pre- Cambrian", "supergroup": null, "group": "Sausar", "unit": "Mn Ore", "major_mineral": null, "remarks": null}, "geometry": {"type": "MultiPolygon", "coordinates": [[[[80.46005844700005, 21.97234004200004], [80.46005179300005, 21.972354263000057], [80.46005283700003, 21.972363918000042], [80.46005531600008, 21.972372007000047], [80.46006705800005, 21.97239118500005], [80.46007071100007, 21.972391968000068], [80.46007514700005, 21.97239118500005], [80.46008454100007, 21.972385445000043], [80.46009197700005, 21.972375138000075], [80.46010267600008, 21.97236470000007], [80.46010071900008, 21.972354524000025], [80.46009523900005, 21.972345521000022], [80.46008767200004, 21.972341346000064], [80.46008219200007, 21.972338868000065], [80.46005844700005, 21.97234004200004]]]]}}, {"type": "Feature", "properties": {"block": "Western Ukwa", "nuid": "CRO-23290-2016", "layer": "Lithology_DM", "age": "Pre- Cambrian", "supergroup": null, "group": "Sausar", "unit": "Mn Ore", "major_mineral": null, "remarks": null}, "geometry": {"type": "MultiPolygon", "coordinates": [[[[80.46056140300004, 21.972525372000064], [80.46055018300007, 21.972527590000027], [80.46054418100005, 21.972529613000063], [80.46053465700004, 21.972541551000063], [80.46053420100003, 21.972543573000053], [80.46053641900005, 21.972543508000058], [80.46053654900004, 21.972551270000054], [80.46054065900006, 21.972561512000027], [80.46054248500008, 21.972561447000032], [80.46055135700004, 21.97255688100006], [80.46055683700007, 21.972553293000033], [80.46055677200007, 21.972551531000022], [80.46056486100008, 21.972551597000063], [80.46057640700008, 21.972551466000027], [80.46057679900008, 21.972553684000047], [80.46058658400005, 21.972553488000074], [80.46059278100006, 21.972547226000074], [80.46059023700008, 21.972540507000076], [80.46058384400004, 21.972530265000046], [80.46058051700004, 21.972525438000048], [80.46056140300004, 21.972525372000064]]]]}}, {"type": "Feature", "properties": {"block": "Western Ukwa", "nuid": "CRO-23290-2016", "layer": "Lithology_DM", "age": "Archaean", "supergroup": null, "group": null, "unit": "Granite Gneiss", "major_mineral": null, "remarks": null}, "geometry": {"type": "MultiPolygon", "coordinates": [[[[80.46278882800004, 21.97274763400003], [80.46279014900006, 21.972748955000043], [80.46280556100004, 21.972755707000033], [80.46281157800007, 21.972758827000064], [80.46281157800007, 21.972757468000054], [80.46282420100005, 21.972762458000034], [80.46284328200005, 21.97274983500006], [80.46285267600007, 21.972770678000074], [80.46286118900008, 21.97278564900006], [80.46288438000005, 21.972806198000058], [80.46292224800004, 21.972826747000056], [80.46295013600007, 21.972838195000065], [80.46299857200006, 21.972860212000057], [80.46303996400007, 21.972870193000062], [80.46306609000004, 21.97287811900003], [80.46313507500008, 21.972900722000077], [80.46322666400005, 21.972933600000033], [80.46328273300009, 21.972959140000057], [80.46332764700009, 21.972975579000035], [80.46339340300005, 21.972999944000037], [80.46338635800004, 21.972984385000075], [80.46337931200003, 21.972974111000042], [80.46338249800004, 21.972975244000054], [80.46337960600005, 21.97297220300004], [80.46337857800006, 21.97296119400005], [80.46338195400006, 21.972949159000052], [80.46338988000008, 21.97294108600005], [80.46339545800004, 21.972933454000042], [80.46339922200008, 21.972928902000035], [80.46339810000006, 21.97292919700004], [80.46340602600003, 21.97291393200004], [80.46340918100003, 21.972907424000027], [80.46336153100003, 21.972900926000023], [80.46328638100005, 21.97287866000005], [80.46322143600008, 21.972861960000046], [80.46318850000006, 21.97284479600006], [80.46313515300005, 21.972831343000053], [80.46310036200003, 21.97281371500003], [80.46303727300005, 21.97279376800003], [80.46296258700005, 21.97276686200007], [80.46286001900006, 21.972739726000043], [80.46284401600008, 21.972747193000032], [80.46281436700008, 21.972733837000078], [80.46279880900005, 21.972732516000065], [80.46278882800004, 21.97274763400003], [80.46278882800004, 21.97274763400003]]]]}}, {"type": "Feature", "properties": {"block": "Western Ukwa", "nuid": "CRO-23290-2016", "layer": "Lithology_DM", "age": "Pre- Cambrian", "supergroup": null, "group": "Sausar", "unit": "Mn Ore", "major_mineral": null, "remarks": null}, "geometry": {"type": "MultiPolygon", "coordinates": [[[[80.46028073200006, 21.972373662000052], [80.46027903700008, 21.972369756000035], [80.46027257900005, 21.97235370800007], [80.46026514200008, 21.972337856000024], [80.46024811600006, 21.972320439000043], [80.46024263600003, 21.972318678000022], [80.46021856500005, 21.972333160000062], [80.46020408300006, 21.972333942000034], [80.46019429200004, 21.97233370400005], [80.46018904600004, 21.97234519500006], [80.46017312900005, 21.97235589400003], [80.46016973700006, 21.972365809000053], [80.46017417300004, 21.97238668400007], [80.46019739600007, 21.972407559000033], [80.46021644400008, 21.972419041000023], [80.46022740400008, 21.97241930100006], [80.46024958300006, 21.972419041000023], [80.46027332900007, 21.97240051400007], [80.46028141800008, 21.972391642000048], [80.46028063500006, 21.972373637000032], [80.46028073200006, 21.972373662000052]]]]}}, {"type": "Feature", "properties": {"block": "Western Ukwa", "nuid": "CRO-23290-2016", "layer": "Lithology_DM", "age": "Pre- Cambrian", "supergroup": null, "group": "Sausar", "unit": "Mn Ore", "major_mineral": null, "remarks": null}, "geometry": {"type": "MultiPolygon", "coordinates": [[[[80.46038622800006, 21.97241355600005], [80.46038491200005, 21.972412419000023], [80.46037043000007, 21.972399307000046], [80.46035242500005, 21.972392262000028], [80.46034169500007, 21.97239164900003], [80.46034195500005, 21.972393208000028], [80.46032160200008, 21.97239686100005], [80.46031429600004, 21.972399470000028], [80.46031038200005, 21.97241303900006], [80.46031064300007, 21.972430261000056], [80.46033308300008, 21.972446700000035], [80.46034534700004, 21.972455311000033], [80.46037196300006, 21.97245609400005], [80.46038396600005, 21.97245218000006], [80.46039283800008, 21.972445656000048], [80.46039883900005, 21.972433914000078], [80.46038605400008, 21.972415648000037], [80.46038622800006, 21.97241355600005]]]]}}, {"type": "Feature", "properties": {"block": "Western Ukwa", "nuid": "CRO-23290-2016", "layer": "Lithology_DM", "age": "Archaean", "supergroup": null, "group": null, "unit": "Granite Gneiss", "major_mineral": null, "remarks": null}, "geometry": {"type": "MultiPolygon", "coordinates": [[[[80.46180447900008, 21.972406782000064], [80.46181148800008, 21.972411571000066], [80.46182285300006, 21.972417834000055], [80.46182798300003, 21.972422409000046], [80.46184456200007, 21.972421389000033], [80.46183934300007, 21.97238903300007], [80.46182146900009, 21.972358503000066], [80.46180463800005, 21.97231818800003], [80.46179172200004, 21.972285310000075], [80.46177450000005, 21.972260652000045], [80.46175962700005, 21.972255955000037], [80.46175336400006, 21.97226417400003], [80.46175962700005, 21.97228648400005], [80.46177763100007, 21.972337759000027], [80.46179759300009, 21.972378856000034], [80.46180447900008, 21.972406782000064]]]]}}, {"type": "Feature", "properties": {"block": "Western Ukwa", "nuid": "CRO-23290-2016", "layer": "Lithology_DM", "age": "Pre- Cambrian", "supergroup": null, "group": "Sausar", "unit": "Mn Ore", "major_mineral": null, "remarks": null}, "geometry": {"type": "MultiPolygon", "coordinates": [[[[80.46109459800005, 21.972572161000073], [80.46109201100006, 21.97256489600005], [80.46108863500007, 21.972556823000048], [80.46108606900003, 21.972554083000034], [80.46108640900007, 21.97255498900006], [80.46106057600008, 21.972543247000033], [80.46104100600007, 21.972538289000056], [80.46103239500007, 21.972542072000067], [80.46103226400004, 21.972559425000043], [80.46103396000007, 21.972559555000032], [80.46103396000007, 21.972599348000074], [80.46103252500006, 21.972599870000067], [80.46103213400005, 21.972617353000032], [80.46102991600003, 21.972617744000047], [80.46103030700004, 21.972628704000044], [80.46103304700006, 21.972629878000077], [80.46105274800004, 21.972629356000027], [80.46106240300008, 21.97262309300004], [80.46106997000004, 21.972618005000072], [80.46108223400006, 21.972607959000072], [80.46108888800006, 21.972599218000028], [80.46109267100007, 21.972585779000042], [80.46109459800005, 21.972572161000073]]]]}}, {"type": "Feature", "properties": {"block": "Western Ukwa", "nuid": "CRO-23290-2016", "layer": "Lithology_DM", "age": null, "supergroup": null, "group": null, "unit": "NO LABLE", "major_mineral": null, "remarks": null}, "geometry": {"type": "MultiPolygon", "coordinates": [[[[80.46379917100006, 21.973110691000045], [80.46380173700004, 21.97309645000007], [80.46380511300003, 21.97309234000005], [80.46381245200007, 21.973089258000073], [80.46384855900004, 21.97308793700006], [80.46387703400006, 21.97309043200005], [80.46388730800004, 21.97309278000006], [80.46389822900005, 21.973096503000022], [80.46389826800004, 21.973092922000035], [80.46388906900006, 21.973091019000037], [80.46388613400006, 21.97307898300005], [80.46385942000006, 21.973076341000024], [80.46383065200007, 21.973069296000062], [80.46379542600005, 21.97304962800007], [80.46374610800007, 21.973033189000034], [80.46371146900003, 21.973015575000034], [80.46367859100008, 21.97299766900005], [80.46366596800004, 21.972994146000076], [80.46365452000003, 21.97299561400007], [80.46364835500003, 21.972999430000073], [80.46364571300006, 21.973010291000037], [80.46365774900005, 21.973035537000044], [80.46366362000003, 21.973059902000045], [80.46367741700004, 21.973082799000053], [80.46369180100004, 21.97309894500006], [80.46369591100006, 21.97310628400004], [80.46370882700006, 21.973109219000037], [80.46375608900007, 21.973110981000048], [80.46379917100006, 21.973110691000045]]]]}}, {"type": "Feature", "properties": {"block": "Western Ukwa", "nuid": "CRO-23290-2016", "layer": "Lithology_DM", "age": "Pre- Cambrian", "supergroup": null, "group": "Sausar", "unit": "Mn Ore", "major_mineral": null, "remarks": null}, "geometry": {"type": "MultiPolygon", "coordinates": [[[[80.46339922200008, 21.972928902000035], [80.46339545800004, 21.972933454000042], [80.46338988000008, 21.97294108600005], [80.46338195400006, 21.972949159000052], [80.46337857800006, 21.97296119400005], [80.46337960600005, 21.97297220300004], [80.46338249800004, 21.972975244000054], [80.46340984200003, 21.972984972000063], [80.46342393300006, 21.972989082000026], [80.46344477500008, 21.972990843000048], [80.46346620400004, 21.973011392000046], [80.46348205600003, 21.973023134000073], [80.46351933800008, 21.973041628000033], [80.46355456400005, 21.97306012200005], [80.46358333300003, 21.97306188400006], [80.46361562400006, 21.97304926100003], [80.46362237500006, 21.973043390000043], [80.46361444900003, 21.973016383000072], [80.46358303900007, 21.972990843000048], [80.46355515100004, 21.972971469000072], [80.46352227300008, 21.97294504900003], [80.46349115700008, 21.97292890400007], [80.46346326900004, 21.972920978000047], [80.46344594900006, 21.97292303200004], [80.46343479400008, 21.97292244500005], [80.46342041000008, 21.972925968000027], [80.46340367700003, 21.972927729000048], [80.46339922200008, 21.972928902000035]]]]}}, {"type": "Feature", "properties": {"block": "Western Ukwa", "nuid": "CRO-23290-2016", "layer": "Lithology_DM", "age": null, "supergroup": null, "group": null, "unit": "NO LABLE", "major_mineral": null, "remarks": null}, "geometry": {"type": "MultiPolygon", "coordinates": [[[[80.46281157800007, 21.972758827000064], [80.46280556100004, 21.972755707000033], [80.46279014900006, 21.972748955000043], [80.46278882800004, 21.97274763400003], [80.46277165500004, 21.972743084000058], [80.46276549000004, 21.97274014800007], [80.46273437400004, 21.97274014800007], [80.46272806200005, 21.97274073500006], [80.46273907000005, 21.97274763400003], [80.46275433500006, 21.972755266000036], [80.46277914100006, 21.97276275200005], [80.46279587300006, 21.972763779000047], [80.46280247800007, 21.97278109900003], [80.46281774300007, 21.97280091400006], [80.46282244000008, 21.972809133000055], [80.46283814500003, 21.97281970100005], [80.46286030800007, 21.972829095000066], [80.46286808800005, 21.97283056300006], [80.46286074900007, 21.972821022000062], [80.46285208900008, 21.972814417000052], [80.46283491600008, 21.972807959000022], [80.46282023800006, 21.972779338000066], [80.46281157800007, 21.972761284000057], [80.46281157800007, 21.972758827000064]]]]}}, {"type": "Feature", "properties": {"block": "Western Ukwa", "nuid": "CRO-23290-2016", "layer": "Lithology_DM", "age": null, "supergroup": null, "group": null, "unit": "NO LABALE", "major_mineral": null, "remarks": null}, "geometry": {"type": "MultiPolygon", "coordinates": [[[[80.46389760600005, 21.97318149000006], [80.46387556600007, 21.973181727000053], [80.46385002700003, 21.97317615000003], [80.46383828400008, 21.973170572000072], [80.46382977100006, 21.973164995000047], [80.46382243300008, 21.97315765600007], [80.46382008400008, 21.97314033600003], [80.46381039700003, 21.973125071000027], [80.46379982900004, 21.97311068700003], [80.46375608900007, 21.973110981000048], [80.46370882700006, 21.973109219000037], [80.46369591100006, 21.97310628400004], [80.46369180100004, 21.97309894500006], [80.46367741700004, 21.973082799000053], [80.46366362000003, 21.973059902000045], [80.46365774900005, 21.973035537000044], [80.46364571300006, 21.973010291000037], [80.46364835500003, 21.972999430000073], [80.46365452000003, 21.97299561400007], [80.46366596800004, 21.972994146000076], [80.46367859100008, 21.97299766900005], [80.46371146900003, 21.973015575000034], [80.46374610800007, 21.973033189000034], [80.46379542600005, 21.97304962800007], [80.46383065200007, 21.973069296000062], [80.46385942000006, 21.973076341000024], [80.46388613400006, 21.97307898300005], [80.46388906900006, 21.973091019000037], [80.46389826800004, 21.973092922000035], [80.46389892000008, 21.97303347600007], [80.46385325200004, 21.973018754000066], [80.46378969900007, 21.97300066200006], [80.46371083800005, 21.97297839600003], [80.46362641100006, 21.972958912000024], [80.46350672800008, 21.972916698000063], [80.46347379200006, 21.972916234000024], [80.46340918100003, 21.972907424000027], [80.46340602600003, 21.97291393200004], [80.46339810000006, 21.97292919700004], [80.46340367700003, 21.972927729000048], [80.46342041000008, 21.972925968000027], [80.46343479400008, 21.97292244500005], [80.46344594900006, 21.97292303200004], [80.46346326900004, 21.972920978000047], [80.46349115700008, 21.97292890400007], [80.46352227300008, 21.97294504900003], [80.46355515100004, 21.972971469000072], [80.46358303900007, 21.972990843000048], [80.46361444900003, 21.973016383000072], [80.46362237500006, 21.973043390000043], [80.46361562400006, 21.97304926100003], [80.46358333300003, 21.97306188400006], [80.46355456400005, 21.97306012200005], [80.46351933800008, 21.973041628000033], [80.46348205600003, 21.973023134000073], [80.46346620400004, 21.973011392000046], [80.46344477500008, 21.972990843000048], [80.46342393300006, 21.972989082000026], [80.46340984200003, 21.972984972000063], [80.46337931200003, 21.972974111000042], [80.46338635800004, 21.972984385000075], [80.46339340300005, 21.972999944000037], [80.46332764700009, 21.972975579000035], [80.46328273300009, 21.972959140000057], [80.46322666400005, 21.972933600000033], [80.46313507500008, 21.972900722000077], [80.46306609000004, 21.97287811900003], [80.46303996400007, 21.972870193000062], [80.46299857200006, 21.972860212000057], [80.46295013600007, 21.972838195000065], [80.46292224800004, 21.972826747000056], [80.46288438000005, 21.972806198000058], [80.46286118900008, 21.97278564900006], [80.46285267600007, 21.972770678000074], [80.46284328200005, 21.97274983500006], [80.46282420100005, 21.972762458000034], [80.46281157800007, 21.972757468000054], [80.46281157800007, 21.972761284000057], [80.46282023800006, 21.972779338000066], [80.46283491600008, 21.972807959000022], [80.46285208900008, 21.972814417000052], [80.46286074900007, 21.972821022000062], [80.46286808800005, 21.97283056300006], [80.46286030800007, 21.972829095000066], [80.46283814500003, 21.97281970100005], [80.46282244000008, 21.972809133000055], [80.46281774300007, 21.97280091400006], [80.46280247800007, 21.97278109900003], [80.46279587300006, 21.972763779000047], [80.46277914100006, 21.97276275200005], [80.46275433500006, 21.972755266000036], [80.46273907000005, 21.97274763400003], [80.46272806200005, 21.97274073500006], [80.46273437400004, 21.97274014800007], [80.46276549000004, 21.97274014800007], [80.46277165500004, 21.972743084000058], [80.46278882800004, 21.97274763400003], [80.46279880900005, 21.972732516000065], [80.46281436700008, 21.972733837000078], [80.46284401600008, 21.972747193000032], [80.46286001900006, 21.972739726000043], [80.46285914000003, 21.972739493000063], [80.46282342000006, 21.972722329000078], [80.46274873400006, 21.972706557000038], [80.46268147000006, 21.972695888000032], [80.46261513400003, 21.972689857000034], [80.46257477600005, 21.97268057900004], [80.46254508700008, 21.972684754000056], [80.46246761800006, 21.972684290000075], [80.46241056000008, 21.972690785000054], [80.46233680100005, 21.972708413000078], [80.46226721800008, 21.97269496000007], [80.46224031300005, 21.972689857000034], [80.46222407700003, 21.97268753800006], [80.46219717100007, 21.972671301000048], [80.46217954300005, 21.972658313000068], [80.46217212100004, 21.972610532000033], [80.46217026600004, 21.972564607000038], [80.46216655400008, 21.972518682000043], [80.46216307500003, 21.97249456000003], [80.46214568000005, 21.972454434000042], [80.46211367100005, 21.972411988000033], [80.46205429400004, 21.972340549000023], [80.46202112600008, 21.972297640000022], [80.46199352400004, 21.97226957400005], [80.46195444200004, 21.972227244000067], [80.46193461000007, 21.97221877900006], [80.46186444700004, 21.972191873000043], [80.46182408900006, 21.972173781000038], [80.46180217000006, 21.972168215000067], [80.46177294500006, 21.97217656500004], [80.46172354100008, 21.972191873000043], [80.46172041000005, 21.972207181000044], [80.46170962500008, 21.97226528300007], [80.46170371000005, 21.972283723000032], [80.46170545000007, 21.97231712300004], [80.46171762700004, 21.972345652000058], [80.46174128500007, 21.972400623000055], [80.46176563900008, 21.97246672700004], [80.46178894900004, 21.972540485000025], [80.46180669300009, 21.972587454000063], [80.46178442700005, 21.97259162900008], [80.46173258700009, 21.972587454000063], [80.46164734800004, 21.972585018000075], [80.46156558700005, 21.97257701600006], [80.46152070600004, 21.97257318900006], [80.46147165000008, 21.97256101200003], [80.46142711700008, 21.97255475000003], [80.46139754400008, 21.97253700600004], [80.46134918300004, 21.97251752300008], [80.46132587300008, 21.97250534500006], [80.46122915200004, 21.972483427000043], [80.46119227300005, 21.972473337000054], [80.46115191500007, 21.972459421000053], [80.46113660700007, 21.972455593000063], [80.46110216300008, 21.972453506000022], [80.46107328600004, 21.972452114000077], [80.46098526300005, 21.97245037500005], [80.46092368200004, 21.97244654800005], [80.46086871100005, 21.972442025000078], [80.46083078800007, 21.972438198000077], [80.46080539000008, 21.97242254100007], [80.46074207000004, 21.972396796000055], [80.46069788400007, 21.97237870400005], [80.46064013000006, 21.972362004000047], [80.46058829100008, 21.97234321700006], [80.46055071600006, 21.972325125000054], [80.46050131200008, 21.972305990000052], [80.46043590300008, 21.97229555200005], [80.46043591600005, 21.97229552400006], [80.46043276100005, 21.972298618000025], [80.46043139100004, 21.97230311900006], [80.46043921900008, 21.972308990000045], [80.46045311400007, 21.972317601000043], [80.46049264600003, 21.972331105000023], [80.46051887100003, 21.97234226000006], [80.46053804900004, 21.972345978000078], [80.46055233600003, 21.972351849000063], [80.46059793500007, 21.972369658000048], [80.46063414000008, 21.972387663000063], [80.46066760500008, 21.97239529500007], [80.46068854500004, 21.97239451200005], [80.46071829200008, 21.972395882000058], [80.46073825300005, 21.97240429800007], [80.46075488800005, 21.972417410000048], [80.46076369500008, 21.972435219000033], [80.46076800000003, 21.972436197000036], [80.46077759000008, 21.972437567000043], [80.46079168000006, 21.97244128500006], [80.46081164200007, 21.972451853000052], [80.46082397100008, 21.972445591000053], [80.46085039100006, 21.97245087500005], [80.46086467700007, 21.972457724000037], [80.46090362200005, 21.972456159000046], [80.46093434800008, 21.97246281300005], [80.46097446700009, 21.972469467000053], [80.46100010400005, 21.972471815000063], [80.46104531100008, 21.972473772000058], [80.46108954000005, 21.972475729000053], [80.46112085300007, 21.972471815000063], [80.46114942500003, 21.972470249000025], [80.46116312400005, 21.97247651200007], [80.46119365400006, 21.97248512300007], [80.46121948700005, 21.972493734000068], [80.46124668900006, 21.972502932000054], [80.46125862700006, 21.972504497000045], [80.46128309000005, 21.972510956000065], [80.46131088000004, 21.97251897900003], [80.46134688900008, 21.97252876500005], [80.46136235000006, 21.972535810000068], [80.46138798700008, 21.972542659000055], [80.46141714700008, 21.972556750000024], [80.46143045400004, 21.97256634000007], [80.46144102200003, 21.97256849200005], [80.46146568100005, 21.972573581000063], [80.46148955700005, 21.972580234000077], [80.46150775700005, 21.97258043000005], [80.46154298400006, 21.972585323000033], [80.46158682100008, 21.972593738000057], [80.46163672500006, 21.972599609000042], [80.46166118800005, 21.972600588000034], [80.46168232400004, 21.972597848000078], [80.46172068200008, 21.972598435000066], [80.46177567400008, 21.972604110000077], [80.46182049000004, 21.972607633000052], [80.46184436600004, 21.972604110000077], [80.46185904400005, 21.972582974000034], [80.46186158800003, 21.972566535000055], [80.46185552100007, 21.972554597000055], [80.46181872900007, 21.972521328000028], [80.46181716300003, 21.972506063000026], [80.46179211300006, 21.97245870300003], [80.46178898200003, 21.972438741000076], [80.46178624200007, 21.972409777000053], [80.46180463800005, 21.972407429000043], [80.46179759300009, 21.972378856000034], [80.46177763100007, 21.972337759000027], [80.46175962700005, 21.97228648400005], [80.46175336400006, 21.97226417400003], [80.46175962700005, 21.972255955000037], [80.46177450000005, 21.972260652000045], [80.46179172200004, 21.972285310000075], [80.46180463800005, 21.97231818800003], [80.46182146900009, 21.972358503000066], [80.46183934300007, 21.97238903300007], [80.46184456200007, 21.972421389000033], [80.46182760100004, 21.972422433000077], [80.46184143000005, 21.972451397000043], [80.46186909000005, 21.972498365000035], [80.46188709400008, 21.972548465000045], [80.46190222900003, 21.97259282500005], [80.46190823000006, 21.97262205000004], [80.46190862200007, 21.972641750000037], [80.46190810000007, 21.972668757000065], [80.46189400900005, 21.97269002400003], [80.46186087000007, 21.972692764000044], [80.46183490700008, 21.97269211100007], [80.46177763100007, 21.97268924100007], [80.46173014100003, 21.972688197000025], [80.46170574300004, 21.972687153000038], [80.46167417000004, 21.972684153000046], [80.46164285700007, 21.972681674000057], [80.46162133000007, 21.97267919500007], [80.46157814500003, 21.972673585000052], [80.46155283400003, 21.972668888000044], [80.46151030100003, 21.972660146000067], [80.46145994000005, 21.972642794000024], [80.46143554300005, 21.972635488000037], [80.46139170500004, 21.972620223000035], [80.46137865800006, 21.97261526500006], [80.46132229600005, 21.972599348000074], [80.46131329400004, 21.972599479000053], [80.46129359300005, 21.97260652400007], [80.46127976300005, 21.97260822000004], [80.46125380000007, 21.97260665400006], [80.46124401500003, 21.972606002000077], [80.46120931000007, 21.972592303000056], [80.46120187400004, 21.972591129000023], [80.46118974000007, 21.972585649000052], [80.46115294800006, 21.97258030000006], [80.46112228800007, 21.972576125000046], [80.46109462800007, 21.97257195000003], [80.46109267100007, 21.972585779000042], [80.46108888800006, 21.972599218000028], [80.46108223400006, 21.972607959000072], [80.46106997000004, 21.972618005000072], [80.46106240300008, 21.97262309300004], [80.46105274800004, 21.972629356000027], [80.46103304700006, 21.972629878000077], [80.46103030700004, 21.972628704000044], [80.46102991600003, 21.972617744000047], [80.46103213400005, 21.972617353000032], [80.46103252500006, 21.972599870000067], [80.46103396000007, 21.972599348000074], [80.46103396000007, 21.972559555000032], [80.46103226400004, 21.972559425000043], [80.46103239500007, 21.972542072000067], [80.46104100600007, 21.972538289000056], [80.46106057600008, 21.972543247000033], [80.46108640900007, 21.97255498900006], [80.46108562600006, 21.97255290100003], [80.46107257900007, 21.972538289000056], [80.46105770600008, 21.972520545000066], [80.46101647800003, 21.972508281000046], [80.46099925600004, 21.972506976000034], [80.46098960100005, 21.972509064000064], [80.46098046800006, 21.97251793600003], [80.46097498900008, 21.972536723000076], [80.46097785900008, 21.972569340000064], [80.46098829600004, 21.972587345000022], [80.46099769000006, 21.97261683100004], [80.46100499600004, 21.97264370700003], [80.46097472800005, 21.972634053000036], [80.46094419800005, 21.972621528000047], [80.46091653900004, 21.972606132000067], [80.46089096700007, 21.972598565000055], [80.46080381400003, 21.972573254000054], [80.46076232500008, 21.972557076000044], [80.46070831100008, 21.972542986000065], [80.46065925500005, 21.972524459000056], [80.46062350600005, 21.972513239000023], [80.46059297700003, 21.97249862600006], [80.46056897000005, 21.972485840000047], [80.46054574700008, 21.97247462000007], [80.46051234700008, 21.97245452800007], [80.46049773500005, 21.97244696100006], [80.46046642200008, 21.97242921700007], [80.46044032800006, 21.972430261000056], [80.46042467200004, 21.972428956000044], [80.46040875500006, 21.972423476000074], [80.46038631400006, 21.972412517000066], [80.46038605400008, 21.972415648000037], [80.46039883900005, 21.972433914000078], [80.46039283800008, 21.972445656000048], [80.46038396600005, 21.97245218000006], [80.46037196300006, 21.97245609400005], [80.46034534700004, 21.972455311000033], [80.46033308300008, 21.972446700000035], [80.46031064300007, 21.972430261000056], [80.46031038200005, 21.97241303900006], [80.46031429600004, 21.972399470000028], [80.46032160200008, 21.97239686100005], [80.46034195500005, 21.972393208000028], [80.46034143300005, 21.972390076000067], [80.46030359700006, 21.972379378000028], [80.46028063500006, 21.972373637000032], [80.46028141800008, 21.972391642000048], [80.46027332900007, 21.97240051400007], [80.46024958300006, 21.972419041000023], [80.46022740400008, 21.97241930100006], [80.46021644400008, 21.972419041000023], [80.46019739600007, 21.972407559000033], [80.46017417300004, 21.97238668400007], [80.46016973700006, 21.972365809000053], [80.46017312900005, 21.97235589400003], [80.46018904600004, 21.97234519500006], [80.46019452600007, 21.972333192000065], [80.46017495500007, 21.972323277000044], [80.46016164800005, 21.972313361000033], [80.46015434100008, 21.97230501100006], [80.46015538500006, 21.972302141000057], [80.46016347400007, 21.97229640000006], [80.46018695900005, 21.972294052000052], [80.46021018200008, 21.97229744400005], [80.46022479400006, 21.972303445000023], [80.46024384300006, 21.972315448000074], [80.46026419600008, 21.972314144000052], [80.46030803300005, 21.97232640800007], [80.46032421100006, 21.97232275500005], [80.46035604600007, 21.97232679900003], [80.46037209300005, 21.97232288500004], [80.46038735800005, 21.97230357600006], [80.46039962200007, 21.972292356000025], [80.46040043100004, 21.972289235000062], [80.46036005800005, 21.972282679000045], [80.46031274100005, 21.972277460000043], [80.46026890400003, 21.97227050200007], [80.46021149700005, 21.97226145600007], [80.46015235200008, 21.972256585000025], [80.46006293700003, 21.97224545200004], [80.46001562100008, 21.972235710000064], [80.45996517300006, 21.972228404000077], [80.45991542100006, 21.972209617000033], [80.45982217900007, 21.972173086000055], [80.45977625400008, 21.972159517000023], [80.45972232700007, 21.97214420800003], [80.45970458400006, 21.97213725000006], [80.45967365300004, 21.972125434000077], [80.45967379300004, 21.97212872600005], [80.45967657600005, 21.972137076000024], [80.45968544800007, 21.972162300000036], [80.45969866900003, 21.972187872000063], [80.45970928000008, 21.97222649100007], [80.45970632300003, 21.972247192000054], [80.45969484200003, 21.972279722000053], [80.45968092500004, 21.972281461000023], [80.45965552700005, 21.97226684900005], [80.45964456800004, 21.972255890000042], [80.45962647600004, 21.972229448000064], [80.45960386200005, 21.972208399000067], [80.45958542200003, 21.97218735000007], [80.45956402500008, 21.97216873700006], [80.45954993500004, 21.97214125100004], [80.45953949700004, 21.972127856000043], [80.45951514300003, 21.972111330000075], [80.45950087900007, 21.972101589000033], [80.45947478500005, 21.97207566900005], [80.45945860700004, 21.972063666000054], [80.45944782100008, 21.972039660000064], [80.45943668800004, 21.97201321800003], [80.45941824900007, 21.97199547400004], [80.45941755300004, 21.97199077700003], [80.45943947100005, 21.971998606000056], [80.45947374100007, 21.972013740000023], [80.45950331400007, 21.972034267000026], [80.45953688800006, 21.97204853200003], [80.45955271800005, 21.972052707000046], [80.45957307100008, 21.972021742000038], [80.45958611800006, 21.97203165800005], [80.45960925500003, 21.972048879000056], [80.45961962700005, 21.972052506000068], [80.45961516900007, 21.97204470400004], [80.45957550700007, 21.97200539000005], [80.45952053600007, 21.97195529000004], [80.45948330900006, 21.971920324000052], [80.45942764200004, 21.971876835000046], [80.45937893400009, 21.971837868000023], [80.45935179700007, 21.971819777000064], [80.45931909200004, 21.971786377000058], [80.45926168600005, 21.971735929000033], [80.45925229300008, 21.971732450000047], [80.45921123800008, 21.97168896000005], [80.45916983600006, 21.971639208000056], [80.45913852400008, 21.971613810000065], [80.45911034300008, 21.97158041000006], [80.45906615700005, 21.971541444000025], [80.45903762800003, 21.971520569000063], [80.45900248900006, 21.971487169000056], [80.45896943700006, 21.971470817000068], [80.45895378000006, 21.97146003100005], [80.45890472400004, 21.971435677000045], [80.45887445600005, 21.971426283000028], [80.45884975400008, 21.971412715000042], [80.45880904700005, 21.971397754000066], [80.45878608500004, 21.971386969000037], [80.45875233700008, 21.971378619000063], [80.45867997000005, 21.97135809200006], [80.45864413500004, 21.971344871000042], [80.45858011900003, 21.971334781000053], [80.45853315000005, 21.971332346000054], [80.45846948100007, 21.971327823000024], [80.45844982400007, 21.971325040000067], [80.45843677700003, 21.97131790800006], [80.45840285500003, 21.97131338500003], [80.45836406300003, 21.97130555700005], [80.45832266100007, 21.971302251000054], [80.45828386800008, 21.971297207000077], [80.45826490600007, 21.97129564100004], [80.45820837000008, 21.971284508000053], [80.45817410000006, 21.97127807100003], [80.45814713700008, 21.97127563600003], [80.45812052100007, 21.971269895000034], [80.45808851300006, 21.971263459000056], [80.45805894000006, 21.97125702200003], [80.45803493400007, 21.971254239000075], [80.45799788100004, 21.97124867200006], [80.45797457000003, 21.971241192000036], [80.45793786500008, 21.971241018000057], [80.45791194500003, 21.971239800000035], [80.45787837200004, 21.97123771300005], [80.45786428100007, 21.971237017000078], [80.45784618900007, 21.971231276000026], [80.45783070700008, 21.97122310000003], [80.45782270500007, 21.971219795000025], [80.45780357000007, 21.971218751000038], [80.45777434500008, 21.971216664000053], [80.45774616300008, 21.971215098000073], [80.45772076600008, 21.97121005400004], [80.45770023800003, 21.971209532000046], [80.45768301700008, 21.971224144000075], [80.45767919000008, 21.971242584000038], [80.45767884200006, 21.971261197000047], [80.45769745500007, 21.971286769000073], [80.45770998000006, 21.971289726000066], [80.45771563000005, 21.97129059100007], [80.45771885200008, 21.97127389600007], [80.45775294800006, 21.97127424400003], [80.45778252100007, 21.971273548000056], [80.45780844000006, 21.971275984000044], [80.45783401200003, 21.971275984000044], [80.45784914700005, 21.97128259400006], [80.45787384900007, 21.97128868300007], [80.45790568300004, 21.971293901000024], [80.45792708000005, 21.971296685000027], [80.45795334800005, 21.971307470000056], [80.45797578800006, 21.971311123000078], [80.45800118600005, 21.97131808200004], [80.45804224000005, 21.97132486600003], [80.45806276700006, 21.971331650000025], [80.45809286200006, 21.971338261000028], [80.45811878200004, 21.971346437000022], [80.45814905000003, 21.971357570000066], [80.45817062100008, 21.97136331100006], [80.45819601900007, 21.971376531000033], [80.45822046000006, 21.971387056000026], [80.45823976900004, 21.971392449000064], [80.45826229700003, 21.97139958100007], [80.45827856200003, 21.971404104000044], [80.45828491200007, 21.97141123600005], [80.45829152200008, 21.97141906400003], [80.45829839300006, 21.971426718000032], [80.45830143800003, 21.97143289400003], [80.45830187100006, 21.97143486400006], [80.45830561300005, 21.971435503000066], [80.45831152700003, 21.97144211400007], [80.45835188500007, 21.971456726000042], [80.45839641900005, 21.971462641000073], [80.45850496900005, 21.971477253000046], [80.45861317100008, 21.971482820000062], [80.45868971200008, 21.971496736000063], [80.45877529900008, 21.971517611000024], [80.45882331200005, 21.971529093000072], [80.45885010100005, 21.971541270000046], [80.45886680100006, 21.97154718400003], [80.45893568900004, 21.971585455000024], [80.45893798900005, 21.971586368000033], [80.45893394900008, 21.971569973000044], [80.45894021200007, 21.971564406000027], [80.45896317400008, 21.97156197100003], [80.45898300500005, 21.971576235000043], [80.45902023200006, 21.971594327000048], [80.45903971600006, 21.971608244000038], [80.45905954700004, 21.971622508000053], [80.45909886200008, 21.97165521200003], [80.45911277800008, 21.971671912000033], [80.45911834500004, 21.971694527000068], [80.45911312600003, 21.97169974600007], [80.45909767000006, 21.971703542000057], [80.45910025300003, 21.971705834000034], [80.45911764900006, 21.971729492000065], [80.45913539300005, 21.97174132200007], [80.45916983600006, 21.971771242000045], [80.45921506600007, 21.97180951300004], [80.45923976800003, 21.971828996000056], [80.45926133800003, 21.971843957000033], [80.45927699500004, 21.971861353000065], [80.45929230300004, 21.971878401000026], [80.45930622000003, 21.971891621000054], [80.45932709500005, 21.971906930000046], [80.45933718400005, 21.97191980300005], [80.45933996700006, 21.97192989200005], [80.45935840700008, 21.971943113000066], [80.45939041500003, 21.971975817000043], [80.45940711500003, 21.97200156300005], [80.45942938200005, 21.97202765700007], [80.45944399400008, 21.972051315000044], [80.45947426300006, 21.97208471500005], [80.45948713600006, 21.97210176300007], [80.45950940300008, 21.972119854000027], [80.45952610300003, 21.972131683000043], [80.45954802100005, 21.97216125600005], [80.45956402500008, 21.972181783000053], [80.45956820000004, 21.97218874200007], [80.45946139000006, 21.972163692000038], [80.45939841700005, 21.97215255800006], [80.45931909200004, 21.972134467000046], [80.45920706300006, 21.97210872100004], [80.45912078000003, 21.972085063000065], [80.45908181400006, 21.972071146000076], [80.45901292600007, 21.972056534000046], [80.45893777600008, 21.972027483000033], [80.45888524100008, 21.972002433000057], [80.45879426100004, 21.971974251000063], [80.45874172600008, 21.971958595000046], [80.45867005500008, 21.97193598100006], [80.45855454700006, 21.971909539000023], [80.45849505300004, 21.971884489000047], [80.45844356100008, 21.97185735200003], [80.45840529100008, 21.971824995000077], [80.45836214900004, 21.971797510000044], [80.45831344100003, 21.971767589000024], [80.45829047800004, 21.971754716000078], [80.45827551800005, 21.97176619800007], [80.45824838000004, 21.971818733000077], [80.45822437400005, 21.97186187400007], [80.45821602400008, 21.971884489000047], [80.45823133300007, 21.971918585000026], [80.45826055700007, 21.971940156000073], [80.45827621400008, 21.971951985000032], [80.45830474300004, 21.971978079000053], [80.45832422600006, 21.97199547400004], [80.45837571800007, 21.97202922200006], [80.45841781600006, 21.972063666000054], [80.45845852200006, 21.972106460000077], [80.45849883800008, 21.97213980400005], [80.45851436200007, 21.972146209000073], [80.45853402000006, 21.972154559000046], [80.45857855300005, 21.97216865000007], [80.45860812600006, 21.97217908700003], [80.45868031800006, 21.97219752700005], [80.45870971700003, 21.972207094000055], [80.45874572700006, 21.972223620000022], [80.45878156200007, 21.972236493000025], [80.45881878900008, 21.97225301900005], [80.45887254200005, 21.972271285000033], [80.45890420200004, 21.97228294000007], [80.45897482900006, 21.972300336000046], [80.45904389100008, 21.972317384000064], [80.45910895100008, 21.97233460600006], [80.45917105400008, 21.97234852200006], [80.45926829700005, 21.97237792100003], [80.45933127000006, 21.972396709000066], [80.45940067900005, 21.972423846000027], [80.45940955100008, 21.97243045700003], [80.45945843300007, 21.972430978000034], [80.45950853300008, 21.972433240000043], [80.45957254900003, 21.97245202700003], [80.45961082000008, 21.97246037700006], [80.45966109400007, 21.972469249000028], [80.45971171600007, 21.972481078000044], [80.45975259600004, 21.972492212000077], [80.45980948000005, 21.97250595400004], [80.45987749800008, 21.972523872000068], [80.45993159900007, 21.972541094000064], [80.45999039700007, 21.972559012000033], [80.46000831400005, 21.972565622000047], [80.46010538300004, 21.972597630000053], [80.46015252600006, 21.97261780900004], [80.46021323700006, 21.972639032000075], [80.46024350600004, 21.97264947000008], [80.46026959900007, 21.972665300000074], [80.46030908800003, 21.972689132000028], [80.46032422200005, 21.972692089000077], [80.46037710600007, 21.972707746000026], [80.46043294600008, 21.972723750000057], [80.46047817500005, 21.972740276000025], [80.46053262400005, 21.972756976000028], [80.46055958800008, 21.97276671800006], [80.46059124800007, 21.972775415000058], [80.46062377800007, 21.972788114000025], [80.46063265000004, 21.972791594000057], [80.46068309800006, 21.97280446600007], [80.46072450000008, 21.972816643000044], [80.46079773600007, 21.97283612700005], [80.46082522200004, 21.97284221500007], [80.46090906900008, 21.97286082900007], [80.46091950700009, 21.972862047000035], [80.46096699700007, 21.972861873000056], [80.46097934800008, 21.972864482000034], [80.46104179900004, 21.972865874000036], [80.46114460900003, 21.972876659000065], [80.46125107100005, 21.97288257400004], [80.46135770700005, 21.97288935800003], [80.46136397000004, 21.972889184000053], [80.46141250400007, 21.97289405500004], [80.46143720600008, 21.972899795000046], [80.46146347400008, 21.972905362000063], [80.46147544100006, 21.972908046000043], [80.46147252000003, 21.972905797000067], [80.46150731100005, 21.97291032000004], [80.46155358400006, 21.97291658200004], [80.46160159700008, 21.972940937000033], [80.46165274000003, 21.972958680000033], [80.46172336700005, 21.972974684000064], [80.46178112100006, 21.972989993000056], [80.46183504800007, 21.97299834300003], [80.46193037700004, 21.97301817400006], [80.46207406700006, 21.973045311000078], [80.46210364000007, 21.973054009000066], [80.46210337600007, 21.973057434000054], [80.46211545800008, 21.97304461600004], [80.46211893700007, 21.97303748300004], [80.46209527900004, 21.973021479000067], [80.46205544200006, 21.97301121600003], [80.46193854300003, 21.97298564400006], [80.46184217000007, 21.972971727000072], [80.46177432600007, 21.972954679000054], [80.46167899700004, 21.972931021000022], [80.46164177000009, 21.97291780000006], [80.46155896600004, 21.97290040400003], [80.46149599300009, 21.97288718300007], [80.46143997900003, 21.972874311000055], [80.46136935200008, 21.972873267000068], [80.46131055400008, 21.972869092000053], [80.46122705400006, 21.97286387300005], [80.46113416000009, 21.97285935000008], [80.46104926900006, 21.972851348000063], [80.46100021300003, 21.972844390000034], [80.46097133600006, 21.972843346000047], [80.46094559000005, 21.97284091100005], [80.46093897900005, 21.972835692000046], [80.46096890000007, 21.972821427000042], [80.46099151500005, 21.972810990000028], [80.46105518300004, 21.972791854000036], [80.46109484600004, 21.972783852000077], [80.46112720200006, 21.972775850000062], [80.46119156600008, 21.972766457000034], [80.46123018500003, 21.972760890000075], [80.46127471800008, 21.972759498000073], [80.46130394300008, 21.97275810700006], [80.46133386400004, 21.972757411000032], [80.46136970000003, 21.972762282000076], [80.46145285200004, 21.97277445900005], [80.46151408500003, 21.97278837500005], [80.46160210800008, 21.97280820700007], [80.46169534900008, 21.972821775000057], [80.46176875900005, 21.972831865000046], [80.46184530100004, 21.972843346000047], [80.46189366100003, 21.97285378400005], [80.46196707200005, 21.972858306000035], [80.46202656500003, 21.972870831000023], [80.46207840500006, 21.97288266100003], [80.46209788800007, 21.972888923000028], [80.46218278000003, 21.972893098000043], [80.46229098200007, 21.972895881000056], [80.46236265200008, 21.972897621000072], [80.46236195700004, 21.97285708900006], [80.46236561000006, 21.972849782000026], [80.46239066000004, 21.97285482700005], [80.46239866200006, 21.97285848000007], [80.46239953100007, 21.972868222000045], [80.46239535600006, 21.97290023000005], [80.46241692700005, 21.972903188000032], [80.46247207200008, 21.972904579000044], [80.46249590400004, 21.97290249200006], [80.46251312600003, 21.972901970000066], [80.46253452300004, 21.97290040400003], [80.46254443900006, 21.972899708000057], [80.46256948900003, 21.972895360000052], [80.46258253500008, 21.972892228000035], [80.46261123800008, 21.972892228000035], [80.46262063200004, 21.972895012000038], [80.46264898700008, 21.97289414200003], [80.46265629400006, 21.972896055000035], [80.46268308300006, 21.972899882000036], [80.46271352600007, 21.972905797000067], [80.46276762700006, 21.972913451000068], [80.46282120600006, 21.97292180100004], [80.46289740000003, 21.97293954500003], [80.46293445300006, 21.972948243000076], [80.46298211700008, 21.972964943000022], [80.46300803700007, 21.972970857000064], [80.46303848000008, 21.97298042500006], [80.46308579600003, 21.97299416800007], [80.46315155200006, 21.973015565000026], [80.46322357100007, 21.97303591800005], [80.46325088200007, 21.973045137000042], [80.46328219500003, 21.97305070400006], [80.46330254800006, 21.973057314000073], [80.46334777700008, 21.973071057000027], [80.46337543600004, 21.973079059000042], [80.46339926900004, 21.973086539000064], [80.46344815100008, 21.973099412000067], [80.46349407600007, 21.97311002400005], [80.46357531400008, 21.973132986000053], [80.46362332700005, 21.97314933800004], [80.46368299400007, 21.97316934400004], [80.46370613100004, 21.97317873700007], [80.46374022600008, 21.97319439300003], [80.46376945100008, 21.973203091000073], [80.46378371600008, 21.973211441000046], [80.46382981500005, 21.973222401000044], [80.46387974100008, 21.973233186000073], [80.46389734400003, 21.97323914800006], [80.46389760600005, 21.97318149000006]], [[80.45924307300004, 21.97179176900005], [80.45927716900007, 21.971792117000064], [80.45929282500003, 21.971796814000072], [80.45931004700003, 21.97180168500006], [80.45931787500007, 21.97180690400006], [80.45933492300009, 21.971822038000028], [80.45934640400003, 21.971830388000058], [80.45935597200008, 21.97183960800004], [80.45937562900008, 21.971854046000033], [80.45938641400005, 21.97186326600007], [80.45939911300007, 21.971873878000054], [80.45940659300004, 21.97187718300006], [80.45941772700007, 21.97188188000007], [80.45942572900003, 21.971888664000062], [80.45943773200008, 21.971902407000073], [80.45945373600006, 21.971921542000075], [80.45947252400003, 21.971951985000032], [80.45947495900003, 21.971974599000077], [80.45945930300007, 21.97197912200005], [80.45944138500005, 21.971977209000045], [80.45942520700004, 21.971967815000028], [80.45941076800005, 21.971955638000054], [80.45938136900008, 21.971922412000026], [80.45936119000004, 21.97190118900005], [80.45932431100005, 21.97186865900005], [80.45930656700006, 21.971850045000053], [80.45929299900007, 21.97183247600003], [80.45925994700008, 21.971812644000067], [80.45924655200008, 21.971804990000066], [80.45924307300004, 21.97179176900005]], [[80.45833344600004, 21.971383142000036], [80.45834858000006, 21.97138053200007], [80.45835988800007, 21.97138609900003], [80.45836510600003, 21.971396363000053], [80.45836962900006, 21.97140610400004], [80.45836684600005, 21.97140975700006], [80.45835849600007, 21.97141201900007], [80.45834231800006, 21.971412367000028], [80.45832735700003, 21.97140732200006], [80.45832492200003, 21.971399146000067], [80.45832805300006, 21.971385577000035], [80.45833344600004, 21.971383142000036]], [[80.45872241600006, 21.97145237700005], [80.45873059200005, 21.971450290000064], [80.45874120400003, 21.971454465000022], [80.45874955400006, 21.971459509000056], [80.45875755600008, 21.971474644000068], [80.45874781400005, 21.97148021000004], [80.45873320200008, 21.97148369000007], [80.45871528400005, 21.971479515000055], [80.45870397700008, 21.971470817000068], [80.45869301700003, 21.971458640000037], [80.45870293300004, 21.971454117000064], [80.45872241600006, 21.97145237700005]], [[80.45794569300006, 21.971278419000043], [80.45795560900007, 21.971275984000044], [80.45796656800007, 21.97128033300004], [80.45797665800006, 21.971284334000075], [80.45798118100004, 21.97128155000007], [80.45798935700003, 21.971272157000044], [80.45799735900005, 21.971269721000056], [80.45800083800003, 21.97127180900003], [80.45801371100004, 21.97127250400007], [80.45802171300005, 21.97128416000004], [80.45800971000006, 21.97128798700004], [80.45800344700007, 21.97129407500006], [80.45799179200003, 21.971294597000053], [80.45797787600003, 21.971296859000063], [80.45795769600005, 21.971291988000075], [80.45794865100004, 21.97128937800005], [80.45794273600006, 21.971279811000045], [80.45794569300006, 21.971278419000043]], [[80.45824681500005, 21.971876922000035], [80.45825733900006, 21.971890230000042], [80.45825890500004, 21.97188970800005], [80.45827003800008, 21.971897014000035], [80.45828186700004, 21.971900319000042], [80.45829682800007, 21.971908147000022], [80.45831405000007, 21.97191371400004], [80.45832727000004, 21.97191580200007], [80.45833840400007, 21.971918063000032], [80.45833631600004, 21.97191354000006], [80.45831126600007, 21.971894753000072], [80.45829317500005, 21.971882402000062], [80.45826203600006, 21.971870746000036], [80.45825229400003, 21.971865528000023], [80.45824620600007, 21.97185961300005], [80.45824377100007, 21.971849176000035], [80.45826012300006, 21.971851611000034], [80.45826951600003, 21.971852133000027], [80.45827108200007, 21.971840304000068], [80.45827560500004, 21.971834389000037], [80.45828691200006, 21.971832302000053], [80.45831004900003, 21.97182951800005], [80.45833779500003, 21.971827692000033], [80.45835249400005, 21.971828127000038], [80.45837102100006, 21.971833867000043], [80.45838615500008, 21.97183795500007], [80.45840285500003, 21.971852220000073], [80.45840929200006, 21.971868572000062], [80.45841946800005, 21.971879444000024], [80.45843434200003, 21.971882054000048], [80.45843877800007, 21.97188422800008], [80.45845852200006, 21.971884141000032], [80.45845939200007, 21.971891621000054], [80.45846556700008, 21.971908582000026], [80.45845747800007, 21.971908582000026], [80.45843555900007, 21.971907886000054], [80.45842468700005, 21.971906756000067], [80.45841077000006, 21.97190258100005], [80.45839754900004, 21.971902146000048], [80.45838693800005, 21.97190736500005], [80.45837945800008, 21.971914671000036], [80.45837441300006, 21.971921890000033], [80.45838372000003, 21.97192737000006], [80.45840668200003, 21.97194511300006], [80.45843529800004, 21.971962509000036], [80.45844704100006, 21.971972425000047], [80.45846339300005, 21.971982688000026], [80.45847452600003, 21.97199147300006], [80.45848792100008, 21.97199938800003], [80.45850131500003, 21.97200904300007], [80.45851053500007, 21.97201461000003], [80.45851062200006, 21.972017393000044], [80.45850340300007, 21.972017393000044], [80.45849844500003, 21.97202069800005], [80.45850879600005, 21.972026526000036], [80.45855019800007, 21.972054185000047], [80.45859664500006, 21.972082714000067], [80.45863474100008, 21.97209732700003], [80.45867075100006, 21.97211350500004], [80.45870919500004, 21.97212637800004], [80.45874224700003, 21.97213333600007], [80.45877234200003, 21.97213959900006], [80.45880835200006, 21.972146731000066], [80.45883044400006, 21.972150036000073], [80.45886245200006, 21.97215647300004], [80.45887967400006, 21.972160821000045], [80.45890141900009, 21.972163953000063], [80.45891864100008, 21.97217125900005], [80.45895395400004, 21.972187959000053], [80.45897082800008, 21.97218900300004], [80.45899205100005, 21.972193178000055], [80.45901223000004, 21.97219526500004], [80.45903414900005, 21.972197875000063], [80.45906702700006, 21.97220761600005], [80.45910634200004, 21.972221881000053], [80.45912773900005, 21.97222205500003], [80.45915435400008, 21.972225012000024], [80.45919645200007, 21.972233536000033], [80.45923559300007, 21.972243278000064], [80.45932031000007, 21.972258760000045], [80.45934449000003, 21.97226310900004], [80.45940033100004, 21.97227772100007], [80.45942503300006, 21.972280331000036], [80.45950557600008, 21.972301901000037], [80.45952697200005, 21.972305903000063], [80.45958368300006, 21.97232486400003], [80.45962212700005, 21.972333040000024], [80.45964822100007, 21.972338259000026], [80.45970536600004, 21.972351827000068], [80.45972041400006, 21.972353567000027], [80.45979304100007, 21.972371398000064], [80.45983957500005, 21.972384184000077], [80.45985871000005, 21.97239105500006], [80.45990959300008, 21.97240723300007], [80.45994629800003, 21.97241488700007], [80.45998300400004, 21.97242428100003], [80.46001431600007, 21.97243419700004], [80.46006389400003, 21.97245194000004], [80.46010703600007, 21.97246446500003], [80.46013521700007, 21.972473337000054], [80.46016374600003, 21.972480122000036], [80.46018914400008, 21.972486384000035], [80.46022689300008, 21.972499692000042], [80.46023750400008, 21.97250682400005], [80.46025881400004, 21.972520045000067], [80.46027934100005, 21.97254300700007], [80.46030369500005, 21.972558142000025], [80.46031987300006, 21.97256684000007], [80.46034127000007, 21.972577799000078], [80.46036249300005, 21.97258458300007], [80.46038406400004, 21.97259241100005], [80.46040441700006, 21.972598848000075], [80.46042581400008, 21.97260719800005], [80.46044599300006, 21.972608242000035], [80.46045503900007, 21.972613113000023], [80.46047487000004, 21.972623376000058], [80.46048809100006, 21.972643207000033], [80.46049522300007, 21.97265503600005], [80.46052340400007, 21.97266651800004], [80.46054688900006, 21.97267017100006], [80.46056271900005, 21.972672432000024], [80.46058202800003, 21.972674694000034], [80.46063352000004, 21.972674520000055], [80.46067561800004, 21.972676955000054], [80.46070432100004, 21.97268408700006], [80.46071354100008, 21.972685653000042], [80.46073876400004, 21.972692437000035], [80.46075337700006, 21.972700787000065], [80.46077616500008, 21.97271192100004], [80.46080017200006, 21.972727055000064], [80.46082035100005, 21.972734709000065], [80.46084835800008, 21.972736275000045], [80.46087027700008, 21.97273418700007], [80.46088871600006, 21.972726011000077], [80.46091394000007, 21.972720967000043], [80.46093394500008, 21.97271644400007], [80.46097343400004, 21.972716096000056], [80.46098717700005, 21.972715226000048], [80.46100892100003, 21.97271122500007], [80.46103327600008, 21.97271644400007], [80.46106406600006, 21.972725315000048], [80.46109242100005, 21.972731230000022], [80.46110285900005, 21.972751061000054], [80.46108285400004, 21.972757324000042], [80.46105658600004, 21.97276219500003], [80.46101518400008, 21.972777677000067], [80.46097482600004, 21.972787940000046], [80.46095830000007, 21.972787071000027], [80.46092559500005, 21.972784287000025], [80.46083913800004, 21.97278446100006], [80.46080573800003, 21.972788114000025], [80.46073493700004, 21.972799248000058], [80.46068849100004, 21.972792637000055], [80.46066361500004, 21.972782722000034], [80.46062343000006, 21.972771066000064], [80.46060151200004, 21.97276080300003], [80.46053958200008, 21.972745321000048], [80.46052270900003, 21.97273836200003], [80.46046408500007, 21.97271818300004], [80.46043120700006, 21.97270652800006], [80.46038528200006, 21.97269035000005], [80.46035327300007, 21.972677825000062], [80.46032787500008, 21.97266877900006], [80.46028560400003, 21.97264616500007], [80.46025951000007, 21.972629812000037], [80.46023515600007, 21.972619723000037], [80.46016713800003, 21.97258701900006], [80.46012312700003, 21.972570493000035], [80.46009772900004, 21.972559533000037], [80.46003580000007, 21.97253465700004], [80.45999996400008, 21.972524046000046], [80.45997352300003, 21.97251447800005], [80.45990394000006, 21.972497082000075], [80.45985366600007, 21.972483166000075], [80.45979504200005, 21.972469945000057], [80.45974250600005, 21.972455680000053], [80.45968631800008, 21.972440198000072], [80.45962230100008, 21.972425412000064], [80.45957028800007, 21.97241497400006], [80.45954332400004, 21.972409234000054], [80.45950053100006, 21.972399492000022], [80.45945251800003, 21.972388185000057], [80.45941111600007, 21.972373920000052], [80.45937806400008, 21.972363483000038], [80.45931996200005, 21.972343825000053], [80.45929160700007, 21.97233391000003], [80.45923663600007, 21.972311295000054], [80.45921558700007, 21.972301380000033], [80.45919019000007, 21.972293551000064], [80.45914600400005, 21.97228154800007], [80.45913695800004, 21.972275634000027], [80.45906528800003, 21.972254237000072], [80.45900962100006, 21.97224136400007], [80.45896839300008, 21.97223040500006], [80.45894508300006, 21.972221011000045], [80.45890385500007, 21.972211617000028], [80.45887028100003, 21.972201876000042], [80.45881687500008, 21.972187959000053], [80.45876347000006, 21.972172129000057], [80.45868953800004, 21.972152993000066], [80.45867162000008, 21.97214725300006], [80.45860656000008, 21.972136641000077], [80.45858829500008, 21.97213194400007], [80.45855298100008, 21.972114549000025], [80.45850409900004, 21.972086889000025], [80.45847017700004, 21.972067406000065], [80.45844147400004, 21.972051054000076], [80.45841433600003, 21.97203783300006], [80.45838319800004, 21.972016088000032], [80.45837171700003, 21.971997475000023], [80.45836267100003, 21.97199277800007], [80.45833692500008, 21.971972251000068], [80.45831918100004, 21.97195155000003], [80.45828421600004, 21.971928761000072], [80.45825012000006, 21.971901798000033], [80.45824403100005, 21.971898493000026], [80.45823759500007, 21.971891708000044], [80.45824681500005, 21.971876922000035]], [[80.45856994200005, 21.97195442000003], [80.45858281500006, 21.97195146300004], [80.45859099100005, 21.971954594000067], [80.45860473400006, 21.97195668200004], [80.45861812800007, 21.971959987000048], [80.45862752200003, 21.97196294400004], [80.45861569300007, 21.97197303400003], [80.45859968900004, 21.971978774000036], [80.45858316300007, 21.97197894800007], [80.45856802800006, 21.971977209000045], [80.45855846100005, 21.971973556000023], [80.45855376400004, 21.971960857000056], [80.45855498200007, 21.971958247000032], [80.45856994200005, 21.97195442000003]], [[80.45866387900008, 21.97196442300003], [80.45867170700006, 21.971962596000026], [80.45867657800005, 21.971964858000035], [80.45868258000007, 21.97197155500004], [80.45868466700006, 21.971982775000072], [80.45868327600004, 21.97199286500006], [80.45867814400003, 21.97199773600005], [80.45865570300003, 21.971997823000038], [80.45864483100007, 21.97199164700004], [80.45864117800005, 21.971983906000048], [80.45864848400004, 21.971971642000028], [80.45866387900008, 21.97196442300003]], [[80.45886732300005, 21.972032092000063], [80.45888089200008, 21.972032440000078], [80.45888489300006, 21.97203452800005], [80.45889498300005, 21.972038181000073], [80.45889550500004, 21.972042878000025], [80.45889185100003, 21.972055751000028], [80.45888298000006, 21.97206323100005], [80.45886767100006, 21.972067754000022], [80.45884958000005, 21.972056273000078], [80.45884784000003, 21.972046357000067], [80.45885131900008, 21.97203713700003], [80.45886732300005, 21.972032092000063]], [[80.45900901200008, 21.97206453600006], [80.45901205600006, 21.972064275000037], [80.45901623100008, 21.97206479700003], [80.45902484200008, 21.972069146000024], [80.45903171400005, 21.97207332100004], [80.45904093300004, 21.972078887000066], [80.45904432600008, 21.972085063000065], [80.45902927800006, 21.97208567200005], [80.45902736500005, 21.972086280000042], [80.45901910200007, 21.972088368000072], [80.45901179600008, 21.972082366000052], [80.45900901200008, 21.97206453600006]], [[80.45958384600004, 21.972251019000055], [80.45958758600005, 21.972251106000044], [80.45959132600007, 21.97225223600003], [80.45960272000008, 21.97226076000004], [80.45960263300003, 21.972268675000066], [80.45960019800003, 21.972279722000053], [80.45957166900007, 21.972284071000047], [80.45954192200008, 21.97226702300003], [80.45953635500007, 21.97226302200005], [80.45954157400007, 21.97225380200007], [80.45955340300003, 21.97224910500006], [80.45958384600004, 21.972251019000055]], [[80.45980938200006, 21.97220892100006], [80.45982190700005, 21.972217271000034], [80.45982817000004, 21.972226143000057], [80.45983104000004, 21.972249627000053], [80.45982843100006, 21.97226058600006], [80.45982451700007, 21.972275199000023], [80.45983391100003, 21.972272590000046], [80.45984460900007, 21.97226450000005], [80.45985661200007, 21.97226528300007], [80.45988218400004, 21.97226763200007], [80.45988296700006, 21.972279896000032], [80.45988244500006, 21.972300510000025], [80.45987670400007, 21.972309904000042], [80.45986887600003, 21.972329735000073], [80.45985896100007, 21.972331822000058], [80.45983521500006, 21.97231773200008], [80.45982843100006, 21.972312513000077], [80.45981512300006, 21.972297900000058], [80.45981460100006, 21.97229294300007], [80.45980807800004, 21.97229294300007], [80.45979972800006, 21.97229998800003], [80.45976711100008, 21.972314339000036], [80.45976215300004, 21.972315383000023], [80.45975354200004, 21.972293986000068], [80.45975615100008, 21.972280940000076], [80.45976163100005, 21.972261369000023], [80.45977624300008, 21.972243365000054], [80.45980938200006, 21.97220892100006]], [[80.45990697300005, 21.972267240000065], [80.45991140900009, 21.972267110000075], [80.45992223800005, 21.97227311100005], [80.45993358900006, 21.972280940000076], [80.45994363500006, 21.972288637000077], [80.45993293600003, 21.97229685700006], [80.45993071800007, 21.97229855300003], [80.45991519200004, 21.972293465000064], [80.45990058000007, 21.972287332000064], [80.45989797100003, 21.972277156000075], [80.45989823200006, 21.972269850000032], [80.45990697300005, 21.972267240000065]], [[80.45999060300005, 21.972269719000053], [80.45999934500009, 21.972265805000063], [80.46002191600007, 21.972266458000036], [80.46003939900004, 21.972265675000074], [80.46005153200008, 21.97226384800007], [80.46007162400008, 21.972264109000037], [80.46008088800005, 21.97226671800007], [80.46009523900005, 21.972274938000055], [80.46008428000005, 21.972286419000056], [80.46007279900005, 21.97230298900007], [80.46005427200004, 21.972313426000028], [80.46004187700004, 21.97232464700005], [80.46002204600006, 21.97232621200004], [80.45999360400003, 21.972314339000036], [80.45998682000004, 21.972301423000033], [80.45997899200006, 21.97227611200003], [80.45999060300005, 21.972269719000053]], [[80.46005844700005, 21.97234004200004], [80.46008219200007, 21.972338868000065], [80.46008767200004, 21.972341346000064], [80.46009523900005, 21.972345521000022], [80.46010071900008, 21.972354524000025], [80.46010267600008, 21.97236470000007], [80.46009197700005, 21.972375138000075], [80.46008454100007, 21.972385445000043], [80.46007514700005, 21.97239118500005], [80.46007071100007, 21.972391968000068], [80.46006705800005, 21.97239118500005], [80.46005531600008, 21.972372007000047], [80.46005283700003, 21.972363918000042], [80.46005179300005, 21.972354263000057], [80.46005844700005, 21.97234004200004]], [[80.46056140300004, 21.972525372000064], [80.46058051700004, 21.972525438000048], [80.46058384400004, 21.972530265000046], [80.46059023700008, 21.972540507000076], [80.46059278100006, 21.972547226000074], [80.46058658400005, 21.972553488000074], [80.46057679900008, 21.972553684000047], [80.46057640700008, 21.972551466000027], [80.46056486100008, 21.972551597000063], [80.46055677200007, 21.972551531000022], [80.46055683700007, 21.972553293000033], [80.46055135700004, 21.97255688100006], [80.46054248500008, 21.972561447000032], [80.46054065900006, 21.972561512000027], [80.46053654900004, 21.972551270000054], [80.46053641900005, 21.972543508000058], [80.46053420100003, 21.972543573000053], [80.46053465700004, 21.972541551000063], [80.46054418100005, 21.972529613000063], [80.46055018300007, 21.972527590000027], [80.46056140300004, 21.972525372000064]], [[80.46199065400003, 21.972476757000038], [80.46200496500006, 21.972473124000032], [80.46201212000005, 21.972474445000046], [80.46202147700006, 21.972479399000065], [80.46202037600005, 21.972483582000052], [80.46201443200005, 21.972493929000052], [80.46201311100003, 21.972499984000024], [80.46201531200006, 21.972509011000056], [80.46202290800005, 21.972516717000076], [80.46203854000004, 21.972525854000025], [80.46205978600005, 21.972529046000034], [80.46207013400004, 21.97252882600003], [80.46207750900004, 21.97253433000003], [80.46207464700007, 21.97254687900005], [80.46206650100004, 21.97255458500007], [80.46205604300008, 21.97255997900004], [80.46203865000007, 21.972555356000044], [80.46201366100007, 21.972545448000062], [80.46199065400003, 21.97253157800003], [80.46198151700008, 21.972521891000042], [80.46197447200007, 21.972511763000057], [80.46197337100006, 21.972494260000076], [80.46199065400003, 21.972476757000038]], [[80.46213145000007, 21.972626029000025], [80.46214069700005, 21.972638578000044], [80.46214488000004, 21.972647605000077], [80.46215776000008, 21.972665879000033], [80.46216370400003, 21.972673805000056], [80.46217658400008, 21.972685804000037], [80.46218418000007, 21.972689657000046], [80.46220696700004, 21.972698243000025], [80.46222193800008, 21.97270407800005], [80.46224571600004, 21.97271398500004], [80.46226200800004, 21.972716847000072], [80.46227466800008, 21.97271993000004], [80.46229040900005, 21.972722461000046], [80.46230064700006, 21.97272444300006], [80.46230681200007, 21.972728516000075], [80.46232178300005, 21.972738864000064], [80.46232750700005, 21.972739855000043], [80.46233851600005, 21.972738203000063], [80.46234600100007, 21.972737433000077], [80.46235645900003, 21.972737763000055], [80.46236251400006, 21.972747670000047], [80.46236251400006, 21.97275284400007], [80.46235954200006, 21.97275900900007], [80.46235601900008, 21.972765284000047], [80.46233796500007, 21.97276583400003], [80.46233466300004, 21.97276374300003], [80.46232948900007, 21.972759780000047], [80.46232860800006, 21.972759229000076], [80.46232354400007, 21.972764183000038], [80.46229778500003, 21.972779484000057], [80.46227940100005, 21.972786860000042], [80.46225474300007, 21.972772769000073], [80.46223294600009, 21.972771669000053], [80.46218825300008, 21.972768806000033], [80.46215137500008, 21.972760110000024], [80.46214025600005, 21.972736332000068], [80.46213200000005, 21.972706720000076], [80.46212264300004, 21.972670392000055], [80.46211978100007, 21.972645403000058], [80.46213145000007, 21.972626029000025]], [[80.46243891100005, 21.972731488000022], [80.46244298400006, 21.972728846000052], [80.46245179100003, 21.972727305000035], [80.46246213900008, 21.97273093800004], [80.46247755000007, 21.972739965000073], [80.46248888900004, 21.97274679000003], [80.46249131100006, 21.97275009200007], [80.46248999000005, 21.972754936000058], [80.46248888900004, 21.972762862000025], [80.46248481600009, 21.97276770600007], [80.46245982700003, 21.972764403000042], [80.46244386500007, 21.972760660000063], [80.46243659900006, 21.972762972000055], [80.46243615900005, 21.97276660500006], [80.46243186600003, 21.972772329000065], [80.46242515100005, 21.97277596200007], [80.46241766500003, 21.97277596200007], [80.46240709700004, 21.972772329000065], [80.46240049200003, 21.972767485000077], [80.46239818100008, 21.972760550000032], [80.46240027200008, 21.97274800100007], [80.46240731700004, 21.972743157000025], [80.46242867400008, 21.97274348700006], [80.46243891100005, 21.972731488000022]], [[80.46266920500005, 21.972699784000042], [80.46268241500007, 21.97269923400006], [80.46269342300008, 21.972702647000062], [80.46270564200006, 21.97270782000004], [80.46270916500004, 21.97271343500006], [80.46270289000006, 21.972725103000073], [80.46269804600007, 21.972734020000075], [80.46268846900006, 21.972731598000053], [80.46265247200006, 21.972719049000034], [80.46264421600006, 21.97271508600005], [80.46263838100003, 21.972708041000033], [80.46263827100006, 21.972703417000048], [80.46264663800008, 21.972701766000057], [80.46266920500005, 21.972699784000042]], [[80.46265698500008, 21.972825389000036], [80.46269045100007, 21.97281460100004], [80.46270101900006, 21.972853130000033], [80.46266447100004, 21.97286237700007], [80.46265698500008, 21.972825389000036]], [[80.46046165700005, 21.97251017700006], [80.46046859300003, 21.97251199300007], [80.46047255600007, 21.972522396000045], [80.46047272100003, 21.972535441000048], [80.46046182300006, 21.97253610200005], [80.46044465000006, 21.97252702000003], [80.46043920000005, 21.972522561000062], [80.46043986100005, 21.972510672000055], [80.46046165700005, 21.97251017700006]]]]}}, {"type": "Feature", "properties": {"block": "Western Ukwa", "nuid": "CRO-23290-2016", "layer": "Lithology_DM", "age": "Pre- Cambrian", "supergroup": null, "group": "Sausar", "unit": "Mn Ore", "major_mineral": null, "remarks": null}, "geometry": {"type": "MultiPolygon", "coordinates": [[[[80.46389822900005, 21.973096503000022], [80.46388730800004, 21.97309278000006], [80.46387703400006, 21.97309043200005], [80.46384855900004, 21.97308793700006], [80.46381245200007, 21.973089258000073], [80.46380511300003, 21.97309234000005], [80.46380173700004, 21.97309645000007], [80.46379917100006, 21.973110691000045], [80.46379982900004, 21.97311068700003], [80.46381039700003, 21.973125071000027], [80.46382008400008, 21.97314033600003], [80.46382243300008, 21.97315765600007], [80.46382977100006, 21.973164995000047], [80.46383828400008, 21.973170572000072], [80.46385002700003, 21.97317615000003], [80.46387556600007, 21.973181727000053], [80.46389760600005, 21.97318149000006], [80.46389782500006, 21.973133381000025], [80.46389822900005, 21.973096503000022]]]]}}, {"type": "Feature", "properties": {"block": "Western Ukwa", "nuid": "CRO-23290-2016", "layer": "Lithology_DM", "age": null, "supergroup": null, "group": null, "unit": "NO LABAL", "major_mineral": null, "remarks": null}, "geometry": {"type": "MultiPolygon", "coordinates": [[[[80.46354780400003, 21.973336088000053], [80.46355309700004, 21.973329972000045], [80.46356968200007, 21.973319111000023], [80.46358993800004, 21.973305314000072], [80.46362076100007, 21.973284911000064], [80.46365877600005, 21.97328373700003], [80.46371660600005, 21.973286379000058], [80.46378603200003, 21.973289315000045], [80.46383476200003, 21.97329459900004], [80.46385090700005, 21.973298855000053], [80.46388466600007, 21.973309864000043], [80.46389699700006, 21.97331529400003], [80.46389711900008, 21.97328843300005], [80.46388451900003, 21.973287407000043], [80.46384650400006, 21.973280655000053], [80.46379469200008, 21.973275224000076], [80.46375168600008, 21.97327023400004], [80.46374155800004, 21.97326832600004], [80.46371044200004, 21.97326832600004], [80.46370457100005, 21.973270968000065], [80.46365701500008, 21.973270381000077], [80.46365202400006, 21.973273316000075], [80.46362501700008, 21.97327272900003], [80.46360740400007, 21.97327918700006], [80.46359302000008, 21.973282416000075], [80.46357951600004, 21.973287260000063], [80.46356058200007, 21.97330663400004], [80.46354869300006, 21.973315881000076], [80.46353284100007, 21.973308983000038], [80.46350583400005, 21.973300763000054], [80.46349247800003, 21.97329503900005], [80.46345959900003, 21.973282710000035], [80.46343420700003, 21.973273169000038], [80.46340044800007, 21.97326113400004], [80.46337828500003, 21.973252914000057], [80.46335612200005, 21.973247337000032], [80.46331458400005, 21.97323427300006], [80.46327172500008, 21.973224880000032], [80.46324442400004, 21.97321680700003], [80.46319305200007, 21.97320095500004], [80.46317338400007, 21.97319611100005], [80.46313111200004, 21.973180700000057], [80.46312509400008, 21.973176443000057], [80.46306271400005, 21.973170279000044], [80.46302000200006, 21.973165875000063], [80.46291990000003, 21.973153986000057], [80.46283873200008, 21.973142684000038], [80.46279205700006, 21.97313519900007], [80.46270707300005, 21.973121255000024], [80.46265760900008, 21.973113623000074], [80.46261078700007, 21.97310863200005], [80.46257556100005, 21.973104963000026], [80.46253284900007, 21.973100559000045], [80.46247428500004, 21.973098064000055], [80.46246650500007, 21.973097624000047], [80.46242731600006, 21.973094982000077], [80.46240603300004, 21.973094248000052], [80.46233690100007, 21.97308324000005], [80.46226292500006, 21.973073259000046], [80.46219893100005, 21.973062104000064], [80.46215387000007, 21.973051829000042], [80.46214741200004, 21.97305828800006], [80.46213918800004, 21.97306717500004], [80.46216087200008, 21.973073493000072], [80.46220436100003, 21.97308219100006], [80.46228647000004, 21.973097325000026], [80.46235396500003, 21.97310776200004], [80.46246529900003, 21.973114199000065], [80.46252548800004, 21.97312794100003], [80.46268883500005, 21.973143424000057], [80.46276885500004, 21.973153513000057], [80.46282069500006, 21.97316395100006], [80.46291498000005, 21.97316777800006], [80.46298456300008, 21.973178215000075], [80.46302805300007, 21.973183434000077], [80.46308685100007, 21.973187261000078], [80.46310911700004, 21.973193872000024], [80.46314773600005, 21.973208484000054], [80.46319435700008, 21.97322274900006], [80.46323610700006, 21.973231447000046], [80.46328272800008, 21.973243972000034], [80.46329542700005, 21.97324727700004], [80.46332952200004, 21.97325736600004], [80.46336761900005, 21.97327441400006], [80.46341389200006, 21.97329059200007], [80.46347529900004, 21.97331216300006], [80.46350817700005, 21.973322427000028], [80.46353427100007, 21.97333008100003], [80.46354780400003, 21.973336088000053]]]]}}, {"type": "Feature", "properties": {"block": "Western Ukwa", "nuid": "CRO-23290-2016", "layer": "Lithology_DM", "age": null, "supergroup": null, "group": null, "unit": "NO LABAL", "major_mineral": null, "remarks": null}, "geometry": {"type": "MultiPolygon", "coordinates": [[[[80.46389654700005, 21.973414233000028], [80.46388584000005, 21.973402553000028], [80.46384004600003, 21.973380977000033], [80.46382089100007, 21.973374152000076], [80.46377619800006, 21.973372391000055], [80.46376430900006, 21.97337040900004], [80.46372445900005, 21.973368868000023], [80.46368747100007, 21.973359621000043], [80.46365202400006, 21.97335125500007], [80.46359830400007, 21.97334200800003], [80.46358179100008, 21.973340907000022], [80.46357100300008, 21.973340907000022], [80.46359169900006, 21.97331889000003], [80.46361261500005, 21.973295333000067], [80.46363154900007, 21.973297314000035], [80.46364519900004, 21.973296874000027], [80.46365312500006, 21.97329445200006], [80.46371565200008, 21.973296654000023], [80.46377069400006, 21.973301277000076], [80.46383212000006, 21.973308983000038], [80.46386228300008, 21.973313827000027], [80.46388540000004, 21.973319331000027], [80.46389695100004, 21.97332541800006], [80.46389699700006, 21.97331529400003], [80.46388466600007, 21.973309864000043], [80.46385090700005, 21.973298855000053], [80.46383476200003, 21.97329459900004], [80.46378603200003, 21.973289315000045], [80.46371660600005, 21.973286379000058], [80.46365877600005, 21.97328373700003], [80.46362076100007, 21.973284911000064], [80.46358993800004, 21.973305314000072], [80.46356968200007, 21.973319111000023], [80.46355309700004, 21.973329972000045], [80.46354780400003, 21.973336088000053], [80.46356993200004, 21.973345911000024], [80.46362107600004, 21.97336226300007], [80.46367587300006, 21.973373222000077], [80.46372893000006, 21.97338244200006], [80.46375832900003, 21.973384356000054], [80.46385122300006, 21.97340418700003], [80.46387592500008, 21.97342714900003], [80.46388149100005, 21.97343410800005], [80.46388427500005, 21.973474466000027], [80.46388810200006, 21.973518651000063], [80.46388392700004, 21.973541614000055], [80.46388914500005, 21.97355761800003], [80.46389586900005, 21.973563135000063], [80.46389654700005, 21.973414233000028]]]]}}, {"type": "Feature", "properties": {"block": "Western Ukwa", "nuid": "CRO-23290-2016", "layer": "Lithology_DM", "age": null, "supergroup": null, "group": null, "unit": "Sericite Muscovite Schist", "major_mineral": null, "remarks": null}, "geometry": {"type": "MultiPolygon", "coordinates": [[[[80.46389695100004, 21.97332541800006], [80.46388540000004, 21.973319331000027], [80.46386228300008, 21.973313827000027], [80.46383212000006, 21.973308983000038], [80.46377069400006, 21.973301277000076], [80.46371565200008, 21.973296654000023], [80.46365312500006, 21.97329445200006], [80.46364519900004, 21.973296874000027], [80.46363154900007, 21.973297314000035], [80.46361261500005, 21.973295333000067], [80.46359169900006, 21.97331889000003], [80.46357100300008, 21.973340907000022], [80.46358179100008, 21.973340907000022], [80.46359830400007, 21.97334200800003], [80.46365202400006, 21.97335125500007], [80.46368747100007, 21.973359621000043], [80.46372445900005, 21.973368868000023], [80.46376430900006, 21.97337040900004], [80.46377619800006, 21.973372391000055], [80.46382089100007, 21.973374152000076], [80.46384004600003, 21.973380977000033], [80.46388584000005, 21.973402553000028], [80.46389654700005, 21.973414233000028], [80.46389695100004, 21.97332541800006]]]]}}, {"type": "Feature", "properties": {"block": "Western Ukwa", "nuid": "CRO-23290-2016", "layer": "Lithology_DM", "age": null, "supergroup": null, "group": null, "unit": "NO LABLE", "major_mineral": null, "remarks": null}, "geometry": {"type": "MultiPolygon", "coordinates": [[[[80.46199065400003, 21.972476757000038], [80.46197337100006, 21.972494260000076], [80.46197447200007, 21.972511763000057], [80.46198151700008, 21.972521891000042], [80.46199065400003, 21.97253157800003], [80.46201366100007, 21.972545448000062], [80.46203865000007, 21.972555356000044], [80.46205604300008, 21.97255997900004], [80.46206650100004, 21.97255458500007], [80.46207464700007, 21.97254687900005], [80.46207750900004, 21.97253433000003], [80.46207013400004, 21.97252882600003], [80.46205978600005, 21.972529046000034], [80.46203854000004, 21.972525854000025], [80.46202290800005, 21.972516717000076], [80.46201531200006, 21.972509011000056], [80.46201311100003, 21.972499984000024], [80.46201443200005, 21.972493929000052], [80.46202037600005, 21.972483582000052], [80.46202147700006, 21.972479399000065], [80.46201212000005, 21.972474445000046], [80.46200496500006, 21.972473124000032], [80.46199065400003, 21.972476757000038]]]]}}, {"type": "Feature", "properties": {"block": "Western Ukwa", "nuid": "CRO-23290-2016", "layer": "Lithology_DM", "age": null, "supergroup": null, "group": null, "unit": "NO LABLE", "major_mineral": null, "remarks": null}, "geometry": {"type": "MultiPolygon", "coordinates": [[[[80.46232880500008, 21.972759352000026], [80.46232816800006, 21.972757027000057], [80.46232838800006, 21.97275658700005], [80.46232321400004, 21.97275273400004], [80.46232013200006, 21.972748771000056], [80.46232222300006, 21.972744808000073], [80.46232696500005, 21.97273976100007], [80.46232178300005, 21.972738864000064], [80.46230681200007, 21.972728516000075], [80.46230064700006, 21.97272444300006], [80.46229040900005, 21.972722461000046], [80.46227466800008, 21.97271993000004], [80.46226200800004, 21.972716847000072], [80.46224571600004, 21.97271398500004], [80.46222193800008, 21.97270407800005], [80.46220696700004, 21.972698243000025], [80.46218418000007, 21.972689657000046], [80.46217658400008, 21.972685804000037], [80.46216370400003, 21.972673805000056], [80.46215776000008, 21.972665879000033], [80.46214488000004, 21.972647605000077], [80.46214069700005, 21.972638578000044], [80.46213145000007, 21.972626029000025], [80.46211978100007, 21.972645403000058], [80.46212264300004, 21.972670392000055], [80.46213200000005, 21.972706720000076], [80.46214025600005, 21.972736332000068], [80.46215137500008, 21.972760110000024], [80.46218825300008, 21.972768806000033], [80.46223294600009, 21.972771669000053], [80.46225474300007, 21.972772769000073], [80.46227940100005, 21.972786860000042], [80.46229778500003, 21.972779484000057], [80.46232354400007, 21.972764183000038], [80.46232860800006, 21.972759229000076], [80.46232880500008, 21.972759352000026]]]]}}, {"type": "Feature", "properties": {"block": "Western Ukwa", "nuid": "CRO-23290-2016", "layer": "Lithology_DM", "age": "Pre- Cambrian", "supergroup": null, "group": "Sausar", "unit": "Mn Ore", "major_mineral": null, "remarks": null}, "geometry": {"type": "MultiPolygon", "coordinates": [[[[80.46232696500005, 21.97273976100007], [80.46232222300006, 21.972744808000073], [80.46232013200006, 21.972748771000056], [80.46232321400004, 21.97275273400004], [80.46232838800006, 21.97275658700005], [80.46232816800006, 21.972757027000057], [80.46232880500008, 21.972759352000026], [80.46232948900007, 21.972759780000047], [80.46233466300004, 21.97276374300003], [80.46233796500007, 21.97276583400003], [80.46235601900008, 21.972765284000047], [80.46235954200006, 21.97275900900007], [80.46236251400006, 21.97275284400007], [80.46236251400006, 21.972747670000047], [80.46235645900003, 21.972737763000055], [80.46234600100007, 21.972737433000077], [80.46233851600005, 21.972738203000063], [80.46232750700005, 21.972739855000043], [80.46232696500005, 21.97273976100007]]]]}}, {"type": "Feature", "properties": {"block": "Western Ukwa", "nuid": "CRO-23290-2016", "layer": "Lithology_DM", "age": "Pre- Cambrian", "supergroup": null, "group": "Sausar", "unit": "Mn Ore", "major_mineral": null, "remarks": null}, "geometry": {"type": "MultiPolygon", "coordinates": [[[[80.46243973600008, 21.972761974000036], [80.46243516800007, 21.97275768800006], [80.46243120500003, 21.972750312000073], [80.46242911400003, 21.972745909000025], [80.46242855800006, 21.97274348600007], [80.46240731700004, 21.972743157000025], [80.46240027200008, 21.97274800100007], [80.46239818100008, 21.972760550000032], [80.46240049200003, 21.972767485000077], [80.46240709700004, 21.972772329000065], [80.46241766500003, 21.97277596200007], [80.46242515100005, 21.97277596200007], [80.46243186600003, 21.972772329000065], [80.46243615900005, 21.97276660500006], [80.46243659900006, 21.972762972000055], [80.46243973600008, 21.972761974000036]]]]}}, {"type": "Feature", "properties": {"block": "Western Ukwa", "nuid": "CRO-23290-2016", "layer": "Lithology_DM", "age": null, "supergroup": null, "group": null, "unit": "NO LABLE", "major_mineral": null, "remarks": null}, "geometry": {"type": "MultiPolygon", "coordinates": [[[[80.46242855800006, 21.97274348600007], [80.46242911400003, 21.972745909000025], [80.46243120500003, 21.972750312000073], [80.46243516800007, 21.97275768800006], [80.46243973600008, 21.972761974000036], [80.46244386500007, 21.972760660000063], [80.46245982700003, 21.972764403000042], [80.46248481600009, 21.97276770600007], [80.46248888900004, 21.972762862000025], [80.46248999000005, 21.972754936000058], [80.46249131100006, 21.97275009200007], [80.46248888900004, 21.97274679000003], [80.46247755000007, 21.972739965000073], [80.46246213900008, 21.97273093800004], [80.46245179100003, 21.972727305000035], [80.46244298400006, 21.972728846000052], [80.46243891100005, 21.972731488000022], [80.46242867400008, 21.97274348700006], [80.46242855800006, 21.97274348600007]]]]}}, {"type": "Feature", "properties": {"block": "Western Ukwa", "nuid": "CRO-23290-2016", "layer": "Lithology_DM", "age": "Pre- Cambrian", "supergroup": null, "group": "Sausar", "unit": "Mn Ore", "major_mineral": null, "remarks": null}, "geometry": {"type": "MultiPolygon", "coordinates": [[[[80.46266920500005, 21.972699784000042], [80.46264663800008, 21.972701766000057], [80.46263827100006, 21.972703417000048], [80.46263838100003, 21.972708041000033], [80.46264421600006, 21.97271508600005], [80.46265247200006, 21.972719049000034], [80.46268846900006, 21.972731598000053], [80.46269804600007, 21.972734020000075], [80.46270289000006, 21.972725103000073], [80.46270916500004, 21.97271343500006], [80.46270564200006, 21.97270782000004], [80.46269342300008, 21.972702647000062], [80.46268241500007, 21.97269923400006], [80.46266920500005, 21.972699784000042]]]]}}, {"type": "Feature", "properties": {"block": "Western Ukwa", "nuid": "CRO-23290-2016", "layer": "Lithology_DM", "age": "Pre- Cambrian", "supergroup": null, "group": "Sausar", "unit": "Mn Ore", "major_mineral": null, "remarks": null}, "geometry": {"type": "MultiPolygon", "coordinates": [[[[80.46265698500008, 21.972825389000036], [80.46266447100004, 21.97286237700007], [80.46270101900006, 21.972853130000033], [80.46269045100007, 21.97281460100004], [80.46265698500008, 21.972825389000036]]]]}}, {"type": "Feature", "properties": {"block": "Western Ukwa", "nuid": "CRO-23290-2016", "layer": "Lithology_DM", "age": "Pre- Cambrian", "supergroup": null, "group": "Sausar", "unit": "Mn Ore", "major_mineral": null, "remarks": null}, "geometry": {"type": "MultiPolygon", "coordinates": [[[[80.44737671800004, 21.966356907000034], [80.44736557200008, 21.966359972000078], [80.44735814200004, 21.96636591600003], [80.44735832700007, 21.966371954000067], [80.44736873000005, 21.966383285000063], [80.44737263100006, 21.96638356400007], [80.44738693500005, 21.966377434000037], [80.44738925700005, 21.966374647000066], [80.44738860700005, 21.966369074000056], [80.44738461300005, 21.966367495000043], [80.44738238400004, 21.966363501000046], [80.44738015500008, 21.966358393000064], [80.44737848300008, 21.96635718500005], [80.44737671800004, 21.966356907000034]]]]}}, {"type": "Feature", "properties": {"block": "Western Ukwa", "nuid": "CRO-23290-2016", "layer": "Lithology_DM", "age": "Pre- Cambrian", "supergroup": null, "group": "Sausar", "unit": "Mn Ore", "major_mineral": null, "remarks": null}, "geometry": {"type": "MultiPolygon", "coordinates": [[[[80.45161243500007, 21.969313818000046], [80.45160193900006, 21.969309081000063], [80.45159785200008, 21.969309546000034], [80.45159032800007, 21.96931391100003], [80.45158652000003, 21.969320227000026], [80.45157983300004, 21.969332116000032], [80.45158271200006, 21.96934038300003], [80.45159005000005, 21.969353943000044], [80.45160101000005, 21.96935598700003], [80.45162701700008, 21.969355522000058], [80.45163546900005, 21.969349299000044], [80.45163909200005, 21.96934502700003], [80.45163807000006, 21.969332673000054], [80.45163677000005, 21.969318927000074], [80.45163017500005, 21.969314933000078], [80.45162646000006, 21.969313447000047], [80.45161940100007, 21.969313447000047], [80.45161243500007, 21.969313818000046]]]]}}, {"type": "Feature", "properties": {"block": "Western Ukwa", "nuid": "CRO-23290-2016", "layer": "Lithology_DM", "age": "Pre- Cambrian", "supergroup": null, "group": "Sausar", "unit": "Mn Ore", "major_mineral": null, "remarks": null}, "geometry": {"type": "MultiPolygon", "coordinates": [[[[80.45126041000003, 21.969051704000037], [80.45126059600005, 21.969056627000043], [80.45126356800006, 21.969066844000054], [80.45127406400007, 21.969098424000038], [80.45128613900005, 21.96913511200006], [80.45129496200008, 21.969160284000054], [80.45130861600006, 21.969198087000052], [80.45131279600008, 21.969207839000035], [80.45132134100004, 21.969221214000072], [80.45134354000004, 21.969243320000032], [80.45135412900004, 21.969250379000073], [80.45136926800006, 21.969256045000066], [80.45139815500005, 21.96926180400004], [80.45140762900007, 21.96925716000004], [80.45141552400008, 21.969248708000066], [80.45142100400005, 21.96923412500007], [80.45142499800005, 21.969224930000053], [80.45142481200008, 21.969204310000066], [80.45142444100009, 21.969161584000062], [80.45141831000007, 21.969140500000037], [80.45139759700004, 21.969117465000068], [80.45137660600005, 21.969097495000028], [80.45136128000007, 21.96908467700007], [80.45134948400005, 21.969075761000056], [80.45133555200005, 21.969067773000063], [80.45131400300005, 21.96905829900004], [80.45130443600004, 21.96905514100007], [80.45126041000003, 21.969051704000037]]]]}}, {"type": "Feature", "properties": {"block": "Western Ukwa", "nuid": "CRO-23290-2016", "layer": "Lithology_DM", "age": null, "supergroup": null, "group": null, "unit": "Dump", "major_mineral": null, "remarks": null}, "geometry": {"type": "MultiPolygon", "coordinates": [[[[80.45210982000003, 21.970745786000066], [80.45211198700008, 21.970770493000032], [80.45211978900005, 21.970777180000027], [80.45213130700006, 21.970782753000037], [80.45217106000007, 21.970777180000027], [80.45219335200005, 21.97077643700004], [80.45218183500003, 21.970830309000064], [80.45220301200004, 21.970852973000035], [80.45226059900006, 21.970885296000063], [80.45228066200008, 21.970898671000043], [80.45232524500005, 21.970909074000076], [80.45234567900008, 21.970912046000024], [80.45238914800007, 21.970888268000067], [80.45240698200007, 21.97086337500008], [80.45242667300005, 21.970824736000054], [80.45242593000006, 21.970792413000026], [80.45242518700007, 21.97074262800004], [80.45241701300006, 21.970682069000077], [80.45240809600006, 21.970638971000028], [80.45238840500008, 21.970613336000042], [80.45236834300005, 21.970583242000032], [80.45233601900003, 21.970562436000023], [80.45228437700007, 21.97053048500004], [80.45222827600008, 21.97049667600004], [80.45220672700003, 21.970485901000075], [80.45216102900008, 21.97047364100007], [80.45211904600006, 21.970456179000053], [80.45205662900008, 21.97042682800003], [80.45203062200005, 21.970412710000062], [80.45197897900005, 21.970383731000027], [80.45194331300007, 21.970361067000056], [80.45189575700005, 21.970334689000026], [80.45181810700007, 21.970277473000067], [80.45178801300005, 21.970253324000055], [80.45175420400005, 21.970225087000074], [80.45173191200007, 21.970208740000032], [80.45170144700006, 21.97018087500004], [80.45168472800003, 21.970183105000046], [80.45164125900004, 21.97018644800005], [80.45159407500006, 21.970203167000022], [80.45158441500007, 21.970223230000045], [80.45157252600006, 21.970260754000037], [80.45158144300007, 21.970298279000076], [80.45158553000005, 21.97032465700005], [80.45161636700004, 21.970380015000046], [80.45162008200003, 21.970386331000043], [80.45164125900004, 21.97041122400003], [80.45165834900007, 21.970428686000048], [80.45168918600007, 21.970458780000058], [80.45171965200007, 21.970488873000022], [80.45174045700008, 21.97051190800005], [80.45175977700006, 21.970527513000036], [80.45178318300003, 21.970538658000066], [80.45179358600006, 21.970549061000042], [80.45182553800004, 21.970568009000033], [80.45184782900003, 21.970583985000076], [80.45187420800005, 21.970597732000044], [80.45190987500007, 21.970614451000074], [80.45192919400006, 21.970624110000074], [80.45199532700008, 21.970646402000057], [80.45207743500004, 21.970673524000063], [80.45212536200006, 21.970691357000078], [80.45214895400005, 21.970705289000023], [80.45214988300006, 21.97071346300004], [80.45214784000007, 21.97071922200007], [80.45214728200006, 21.970725538000067], [80.45212647700004, 21.970738356000027], [80.45210982000003, 21.970745786000066]]]]}}, {"type": "Feature", "properties": {"block": "Western Ukwa", "nuid": "CRO-23290-2016", "layer": "Lithology_DM", "age": "Pre- Cambrian", "supergroup": null, "group": "Sausar", "unit": "Mn Ore", "major_mineral": null, "remarks": null}, "geometry": {"type": "MultiPolygon", "coordinates": [[[[80.45102637700006, 21.968887581000047], [80.45101430300008, 21.968889810000064], [80.45100464300003, 21.968897241000036], [80.45099814100007, 21.968908758000055], [80.45100873000007, 21.968918789000043], [80.45102191900008, 21.968927892000067], [80.45103176500004, 21.968927149000024], [80.45104216700008, 21.968924919000074], [80.45105888600006, 21.968918046000056], [80.45107207600006, 21.968904114000054], [80.45106836000008, 21.968891110000072], [80.45106223000005, 21.968887395000024], [80.45105944400007, 21.968885723000028], [80.45104253900007, 21.968885537000062], [80.45102637700006, 21.968887581000047]]]]}}, {"type": "Feature", "properties": {"block": "Western Ukwa", "nuid": "CRO-23290-2016", "layer": "Lithology_DM", "age": null, "supergroup": null, "group": null, "unit": "Dump", "major_mineral": null, "remarks": null}, "geometry": {"type": "MultiPolygon", "coordinates": [[[[80.44793525100005, 21.966652458000056], [80.44795178400005, 21.966673729000036], [80.44795587100003, 21.966682181000067], [80.44797621200007, 21.966707631000077], [80.44800166200008, 21.966738839000072], [80.44801160000003, 21.966754165000054], [80.44804940300008, 21.966773484000043], [80.44808990000007, 21.966797448000023], [80.44813522700008, 21.966821319000076], [80.44815928300005, 21.966835065000055], [80.44818018200004, 21.96685252700007], [80.44819931600006, 21.966865066000025], [80.44822560100005, 21.966882250000026], [80.44823971900007, 21.966893024000058], [80.44827808000008, 21.96691912400007], [80.44830557300008, 21.966940115000057], [80.44835461500008, 21.966977454000073], [80.44837412000004, 21.966993987000023], [80.44840161300004, 21.96701739300005], [80.44843319400007, 21.96704284300006], [80.44846477400006, 21.967067736000047], [80.44851047200007, 21.96710526000004], [80.44855319800007, 21.96714092700006], [80.44859332300007, 21.967170835000047], [80.44862713200007, 21.96719962900005], [80.44865369600006, 21.96722136300008], [80.44867877500008, 21.96723436700006], [80.44869865100003, 21.967245698000056], [80.44872224400007, 21.967260374000034], [80.44875512400006, 21.967280251000034], [80.44881382600005, 21.96731350300007], [80.44882738600006, 21.967324277000046], [80.44885116400008, 21.967343968000023], [80.44889296100007, 21.967379821000065], [80.44891209500008, 21.967398954000032], [80.44894200300007, 21.96742533300005], [80.44898287200004, 21.967460257000027], [80.44903395700004, 21.967504469000062], [80.44904491700004, 21.967517844000042], [80.44905420500004, 21.967523417000052], [80.44907166700006, 21.967541808000078], [80.44908745700008, 21.967551653000044], [80.44910101800008, 21.967565585000045], [80.44911049200005, 21.967570973000022], [80.44916826500008, 21.967610541000056], [80.44920969000003, 21.967638777000047], [80.44926077600007, 21.96767277200007], [80.44927768000008, 21.967684475000055], [80.44931594800005, 21.96771048200003], [80.44934046900005, 21.967725157000075], [80.44939136800008, 21.967740390000074], [80.44943000800004, 21.967753022000068], [80.44946177300005, 21.967761567000025], [80.44946623200008, 21.96776416800003], [80.44948740900008, 21.967790361000027], [80.44949391100005, 21.967800392000072], [80.44951861700008, 21.967828628000063], [80.44953700800005, 21.967849620000038], [80.44957304600007, 21.96788900200005], [80.44960611300007, 21.967930428000045], [80.44964177900005, 21.967969252000046], [80.44967038700008, 21.96800194700006], [80.44971701400004, 21.96803742800006], [80.44974896600007, 21.968063249000068], [80.44978444700007, 21.968088142000056], [80.44983348900007, 21.968126781000024], [80.44986952700003, 21.96815353100004], [80.44989033300004, 21.968168950000063], [80.44992414200004, 21.968201087000068], [80.44995850800007, 21.968228209000074], [80.45000439200004, 21.96826684800004], [80.45000959400005, 21.968274836000035], [80.45005157700007, 21.968309016000035], [80.45008129900003, 21.968335023000066], [80.45010396200007, 21.96835192800006], [80.45011362200006, 21.968374220000044], [80.45013554200006, 21.968414345000042], [80.45015894900007, 21.968459300000063], [80.45018960000004, 21.96851874500004], [80.45021505000005, 21.968567972000073], [80.45024681500007, 21.96857800400005], [80.45026725000008, 21.968583762000037], [80.45031146200006, 21.968598995000036], [80.45035195800006, 21.968612927000038], [80.45039041200005, 21.968628532000025], [80.45044186800004, 21.96865100900004], [80.45047957900005, 21.968664942000032], [80.45051023000008, 21.96867775900006], [80.45052676300008, 21.968683890000023], [80.45056298700007, 21.968703581000057], [80.45061481600004, 21.96873107400006], [80.45067667500007, 21.96876469700004], [80.45072664600008, 21.96879014700005], [80.45074763700006, 21.968801850000034], [80.45081302700004, 21.96882860000005], [80.45087135700004, 21.968853307000074], [80.45093135900004, 21.968851635000078], [80.45096999800006, 21.96884792000003], [80.45100677900007, 21.968845877000035], [80.45102368400006, 21.968856837000033], [80.45104783300008, 21.96886742500004], [80.45108350000004, 21.968882844000063], [80.45111861000004, 21.96889882000005], [80.45112864100008, 21.968904950000024], [80.45116579400008, 21.968920740000044], [80.45118715700005, 21.968932257000063], [80.45121669400004, 21.968943403000026], [80.45124994500003, 21.96896736700006], [80.45128951300006, 21.968994117000022], [80.45133855500006, 21.969028855000033], [80.45136251900004, 21.969046503000072], [80.45140747400006, 21.969078268000032], [80.45149088200003, 21.96913919900004], [80.45152394900003, 21.969163534000074], [80.45156741800008, 21.969209790000036], [80.45161534500005, 21.969257903000027], [80.45162742000008, 21.96927202100005], [80.45164673900007, 21.969306388000064], [80.45166996000006, 21.969354315000032], [80.45165714200004, 21.96938570900005], [80.45164506700007, 21.969416360000025], [80.45163503600008, 21.969440510000027], [80.45162927700005, 21.969476920000034], [80.45162389000006, 21.969502927000065], [80.45162110400008, 21.969526333000033], [80.45162091800006, 21.969600082000056], [80.45160698500007, 21.96960658300003], [80.45157169000004, 21.96962757500006], [80.45154902700006, 21.969641136000064], [80.45154977000004, 21.969722129000047], [80.45154754100008, 21.969748136000078], [80.45156258800006, 21.96977358600003], [80.45158172100008, 21.96980516600007], [80.45160122700008, 21.96983786100003], [80.45161683100008, 21.969865911000056], [80.45163726500004, 21.969876128000067], [80.45165138300007, 21.969883930000037], [80.45167887600007, 21.969897677000063], [80.45171380000005, 21.96991922600006], [80.45176451400005, 21.969945419000055], [80.45179962400005, 21.96996362300007], [80.45182117200005, 21.969974398000033], [80.45184272100005, 21.969990559000053], [80.45187597300009, 21.97001638100005], [80.45190903900004, 21.97004090200005], [80.45194266200008, 21.97006523700003], [80.45197257100006, 21.970088272000055], [80.45199467700007, 21.970103876000053], [80.45200229300008, 21.970110471000055], [80.45203052900007, 21.970129976000067], [80.45205570000007, 21.97014864500005], [80.45207019000003, 21.970159884000054], [80.45210130600003, 21.970183012000064], [80.45211607400006, 21.970192764000046], [80.45213530100006, 21.97020418900007], [80.45215062600005, 21.97021004000004], [80.45218406400005, 21.970230660000027], [80.45223115500005, 21.970256017000054], [80.45226626500005, 21.97027803000003], [80.45229022800004, 21.970289734000062], [80.45230443900005, 21.970300044000055], [80.45233564800003, 21.970312861000025], [80.45235459600008, 21.97031927000006], [80.45236797100006, 21.970325122000077], [80.45241478400004, 21.97034044700007], [80.45245435200007, 21.97034685600005], [80.45248778900003, 21.97035521600003], [80.45253098000006, 21.97033766100003], [80.45257528500008, 21.970327630000043], [80.45268925100004, 21.97032846600007], [80.45274247300006, 21.970342955000035], [80.45276978000004, 21.970349085000066], [80.45282634600005, 21.970366640000066], [80.45286814300005, 21.97037695000006], [80.45292052800005, 21.970395062000023], [80.45297430700003, 21.97040788000004], [80.45302418500006, 21.97041902600006], [80.45309663300003, 21.970431286000064], [80.45316629500007, 21.97044633300004], [80.45321004300007, 21.970421255000076], [80.45322871200005, 21.970408159000044], [80.45323066300006, 21.970375278000063], [80.45323344900004, 21.970351593000032], [80.45323400700005, 21.970334317000038], [80.45324487400006, 21.970305616000076], [80.45325211900007, 21.97028081700006], [80.45325518400006, 21.970267163000074], [80.45326103500008, 21.97025267400005], [80.45327775400006, 21.970240413000056], [80.45328917900008, 21.97022871000007], [80.45330088200006, 21.970223137000062], [80.45331453600005, 21.97020363200005], [80.45332512400006, 21.970186913000077], [80.45333599100007, 21.970170194000048], [80.45334407200005, 21.970156540000062], [80.45335187400008, 21.97012951100004], [80.45335967600005, 21.970114186000046], [80.45337138000008, 21.970083256000066], [80.45337751000005, 21.970058735000066], [80.45338949200004, 21.970023904000072], [80.45339144200005, 21.970001334000074], [80.45339144200005, 21.969983779000074], [80.45339144200005, 21.96995897900007], [80.45338949200004, 21.96994421100004], [80.45339046700008, 21.969924845000037], [80.45339910500007, 21.96989433300007], [80.45340495700003, 21.969868140000074], [80.45340551400005, 21.96986061700005], [80.45340091600008, 21.969840972000043], [80.45339339300006, 21.96981101800003], [80.45338823800006, 21.96978649700003], [80.45338517300007, 21.969773540000062], [80.45336817500004, 21.969755288000044], [80.45334853100007, 21.96973313600006], [80.45333292600003, 21.96971502400004], [80.45332052700007, 21.96969858400007], [80.45329907100006, 21.969680332000053], [80.45327218100005, 21.969661384000062], [80.45325309400005, 21.969646198000078], [80.45323623600007, 21.96963435500004], [80.45322118900003, 21.969626693000066], [80.45318956200003, 21.969617636000066], [80.45315542800006, 21.96960551500007], [80.45311683500006, 21.96959214000003], [80.45309301100008, 21.969583502000035], [80.45305483600004, 21.969570963000024], [80.45302362800004, 21.96956887300007], [80.45300523700007, 21.96956692300006], [80.45297611900008, 21.96956344000006], [80.45293682900007, 21.969545467000046], [80.45291356200005, 21.969535157000053], [80.45287385500006, 21.969518995000044], [80.45285685800008, 21.96951634800007], [80.45283874500007, 21.969511193000073], [80.45279137500006, 21.969495032000054], [80.45274108000007, 21.96947914900005], [80.45270220800006, 21.969464798000047], [80.45269329200005, 21.96945462800005], [80.45268298200006, 21.96944473600007], [80.45266932800007, 21.969432615000073], [80.45265957500004, 21.969421469000054], [80.45265497800006, 21.969415757000036], [80.45265274800005, 21.969404471000075], [80.45264397100004, 21.96938245800004], [80.45263589000007, 21.969361699000046], [80.45262572000007, 21.969336621000025], [80.45261833600006, 21.969311960000027], [80.45260468200007, 21.96928493200005], [80.45258043900003, 21.96922948100007], [80.45256957200007, 21.969198969000047], [80.45254240400004, 21.96916985000007], [80.45251676900006, 21.969145608000076], [80.45248904300007, 21.96911816100004], [80.45247970900004, 21.969107294000025], [80.45247873300008, 21.969103532000076], [80.45245811300003, 21.96908667400004], [80.45245477000003, 21.96907887200007], [80.45243902600004, 21.969072463000032], [80.45238873000005, 21.96904863900005], [80.45234470400004, 21.969027462000042], [80.45232101900007, 21.96901645500003], [80.45229482600007, 21.96901422600007], [80.45225888100003, 21.969016734000036], [80.45222000900003, 21.96901910200006], [80.45219214500008, 21.969018754000047], [80.45216462800005, 21.969015201000047], [80.45214581900007, 21.969012345000067], [80.45210485800004, 21.969007399000077], [80.45206083200003, 21.968997995000052], [80.45204118700008, 21.968964766000056], [80.45201548200004, 21.968923178000068], [80.45199050800005, 21.968887755000026], [80.45194160600005, 21.968823178000036], [80.45192509600008, 21.968794547000073], [80.45191443800007, 21.96876946900005], [80.45188768800006, 21.968723701000044], [80.45188225400005, 21.968712521000043], [80.45185362300003, 21.968703534000042], [80.45181543100006, 21.968690211000023], [80.45177076000004, 21.968682218000026], [80.45171840900008, 21.96866983500007], [80.45168424000008, 21.968667484000036], [80.45163141900008, 21.968664820000072], [80.45160540100005, 21.968643817000043], [80.45159944500006, 21.968622500000038], [80.45159474200005, 21.968606043000023], [80.45159254800006, 21.968594444000075], [80.45158815900004, 21.968585666000024], [80.45158878600006, 21.96857171700003], [80.45159160800006, 21.968556670000055], [80.45159599600004, 21.96852062000005], [80.45160054200005, 21.96848817500006], [80.45161010300006, 21.968428457000073], [80.45161151300005, 21.968416545000025], [80.45159333200007, 21.96839303400003], [80.45157170200008, 21.96836693700004], [80.45156402100008, 21.96835651400005], [80.45153831600004, 21.968339038000067], [80.45152640400005, 21.96832712500003], [80.45150148300007, 21.968311295000035], [80.45149066800008, 21.968301734000022], [80.45147750200005, 21.968294367000055], [80.45145336400003, 21.968290292000063], [80.45139866200003, 21.968279947000042], [80.45128533900004, 21.96825408500007], [80.45126402300008, 21.968247188000078], [80.45121841200006, 21.968237627000065], [80.45118784800007, 21.968234493000068], [80.45114897600007, 21.968227910000053], [80.45110393400006, 21.968223501000068], [80.45108136300007, 21.968224559000078], [80.45103340100007, 21.968226146000063], [80.45101118300005, 21.968224030000044], [80.45099231600005, 21.96821186300008], [80.45094735100008, 21.968187882000052], [80.45093853500003, 21.968182240000033], [80.45092830700008, 21.968167428000072], [80.45091243800005, 21.968151558000045], [80.45090273900007, 21.968139920000056], [80.45089127800009, 21.968128811000042], [80.45088616400005, 21.96812105300006], [80.45085865700008, 21.968113999000025], [80.45081404500007, 21.968102891000058], [80.45073804600008, 21.968140449000032], [80.45070330900006, 21.968163725000068], [80.45066962900006, 21.968184179000048], [80.45060227100004, 21.968184532000066], [80.45055959800004, 21.968185237000057], [80.45051287100006, 21.968176244000063], [80.45047090400004, 21.96816972000005], [80.45044780400008, 21.96816443000006], [80.45042558600005, 21.96815279200007], [80.45040671900006, 21.96814468100007], [80.45037198200004, 21.968127930000037], [80.45033177800008, 21.968105888000025], [80.45030938400004, 21.968092840000054], [80.45026477200008, 21.968068859000027], [80.45023409100008, 21.96805263600004], [80.45019000800005, 21.96802865500007], [80.45017043500008, 21.968005908000066], [80.45015015700005, 21.967982280000058], [80.45011577200006, 21.967941018000033], [80.45010245900005, 21.967926824000074], [80.45009011600007, 21.96789896300004], [80.45007019000008, 21.967867047000027], [80.45006031600008, 21.967848356000047], [80.45004709100004, 21.96782472800004], [80.45004197700007, 21.967800218000036], [80.45003615800005, 21.967759485000045], [80.45002945800007, 21.967731625000056], [80.45002434400004, 21.967706586000077], [80.45001288300006, 21.967683134000026], [80.45000142100008, 21.967657213000052], [80.44998749100006, 21.96762741300006], [80.44996915300004, 21.96760942700007], [80.44994093900004, 21.967589325000063], [80.44992189600003, 21.96757081000004], [80.44990655500004, 21.967561465000074], [80.44988733500008, 21.967548240000042], [80.44987199400003, 21.967536602000052], [80.44986282500008, 21.967529549000062], [80.44984025400004, 21.96751032900005], [80.44983179000008, 21.96750680200006], [80.44982702900006, 21.967496399000026], [80.44982121000004, 21.96748670000005], [80.44981239400005, 21.96747435700007], [80.44980251900006, 21.967459545000054], [80.44978277000007, 21.967434154000046], [80.44977483500008, 21.967420576000052], [80.44975967100004, 21.967403296000043], [80.44973163400005, 21.96738160700005], [80.44972017300006, 21.96737067400005], [80.44970236300009, 21.96736009400007], [80.44968737500005, 21.96734616400005], [80.44966409900007, 21.967330294000078], [80.44963183000004, 21.967317598000022], [80.44957998900009, 21.96729643900005], [80.44944456600007, 21.96725112200005], [80.44936768600007, 21.967235604000052], [80.44918818100007, 21.967198575000054], [80.44911694300004, 21.967184821000046], [80.44900726400004, 21.967129100000022], [80.44893214700005, 21.967089602000044], [80.44885844100008, 21.96704234500004], [80.44879108200007, 21.96699932000007], [80.44872407600008, 21.966954179000027], [80.44863203100005, 21.966915034000067], [80.44845464200006, 21.966840269000045], [80.44827513600006, 21.966764799000032], [80.44815875800003, 21.966722833000063], [80.44793525100005, 21.966652458000056]]]]}}, {"type": "Feature", "properties": {"block": "Western Ukwa", "nuid": "CRO-23290-2016", "layer": "Lithology_DM", "age": null, "supergroup": null, "group": null, "unit": "NO LABAL", "major_mineral": null, "remarks": null}, "geometry": {"type": "MultiPolygon", "coordinates": [[[[80.45421282200004, 21.967649411000025], [80.45420701400008, 21.96764883700007], [80.45418691300006, 21.967648573000076], [80.45406947600003, 21.96765068900004], [80.45390469400007, 21.96765306900005], [80.45242827100003, 21.967672906000075], [80.45210505500006, 21.967676609000023], [80.45182177900006, 21.967679519000058], [80.45162578600008, 21.96768269300003], [80.45099804700004, 21.96724477400005], [80.45056215500006, 21.966942894000056], [80.45021443000007, 21.966696735000028], [80.44983990200006, 21.96643576500003], [80.44954260700007, 21.966229457000054], [80.44942164300005, 21.966145523000023], [80.44933383000006, 21.966085218000046], [80.44930966600003, 21.966068223000036], [80.44879967600008, 21.96606592100005], [80.44697250100006, 21.966059735000044], [80.44697255300008, 21.966065521000075], [80.44697231800006, 21.966068969000048], [80.44697082900007, 21.966071320000026], [80.44696753800008, 21.96607806000003], [80.44695923000006, 21.96608338900006], [80.44694966900005, 21.96608636700006], [80.44692600200005, 21.966083232000074], [80.44691644100004, 21.96608009700003], [80.44690672300004, 21.966070693000063], [80.44690638100008, 21.966059512000072], [80.44602470800004, 21.966056527000035], [80.44475963600007, 21.96605300400006], [80.44475567300003, 21.966693246000034], [80.44470932000007, 21.978276046000076], [80.44638117300008, 21.97827790200006], [80.44744347700004, 21.97828439600005], [80.44922851900003, 21.978289963000066], [80.45066842800009, 21.978286252000032], [80.45160733800003, 21.978292746000022], [80.45300457000008, 21.978293674000042], [80.45431551800004, 21.978300169000022], [80.45554018300004, 21.97830666300007], [80.45678340300003, 21.97830666300007], [80.45803033500005, 21.978311302000066], [80.45850999500004, 21.978315013000042], [80.45977269900004, 21.978316869000025], [80.46098808600004, 21.978318724000076], [80.46218306200007, 21.978323363000072], [80.46293827200003, 21.978323363000072], [80.46387439900008, 21.978329857000062], [80.46388089300007, 21.977608975000066], [80.46388460400004, 21.976375032000078], [80.46389086700003, 21.975235491000035], [80.46389365000005, 21.974050488000046], [80.46389586900005, 21.973563135000063], [80.46388914500005, 21.97355761800003], [80.46388392700004, 21.973541614000055], [80.46388810200006, 21.973518651000063], [80.46388427500005, 21.973474466000027], [80.46388149100005, 21.97343410800005], [80.46387592500008, 21.97342714900003], [80.46385122300006, 21.97340418700003], [80.46375832900003, 21.973384356000054], [80.46372893000006, 21.97338244200006], [80.46367587300006, 21.973373222000077], [80.46362107600004, 21.97336226300007], [80.46356993200004, 21.973345911000024], [80.46353427100007, 21.97333008100003], [80.46350817700005, 21.973322427000028], [80.46347529900004, 21.97331216300006], [80.46341389200006, 21.97329059200007], [80.46336761900005, 21.97327441400006], [80.46332952200004, 21.97325736600004], [80.46329542700005, 21.97324727700004], [80.46328272800008, 21.973243972000034], [80.46323610700006, 21.973231447000046], [80.46319435700008, 21.97322274900006], [80.46314773600005, 21.973208484000054], [80.46310911700004, 21.973193872000024], [80.46308685100007, 21.973187261000078], [80.46302805300007, 21.973183434000077], [80.46298456300008, 21.973178215000075], [80.46291498000005, 21.97316777800006], [80.46282069500006, 21.97316395100006], [80.46276885500004, 21.973153513000057], [80.46268883500005, 21.973143424000057], [80.46252548800004, 21.97312794100003], [80.46246529900003, 21.973114199000065], [80.46235396500003, 21.97310776200004], [80.46228647000004, 21.973097325000026], [80.46220436100003, 21.97308219100006], [80.46216087200008, 21.973073493000072], [80.46213877900004, 21.973067056000048], [80.46211338100005, 21.973090714000023], [80.46207893800005, 21.973125158000073], [80.46204901700008, 21.973150904000022], [80.46201909600006, 21.97317873700007], [80.46198795800007, 21.97320430900004], [80.46197351900008, 21.973220139000034], [80.46196099400004, 21.97322414000007], [80.46195073000007, 21.97321805200005], [80.46194933900006, 21.97321422500005], [80.46195507900006, 21.97320657100005], [80.46199195900004, 21.973168996000027], [80.46201457300003, 21.973147251000057], [80.46207685000007, 21.973092976000032], [80.46210364000007, 21.97306305500007], [80.46210329200005, 21.97305853200004], [80.46210364000007, 21.973054009000066], [80.46207406700006, 21.973045311000078], [80.46193037700004, 21.97301817400006], [80.46183504800007, 21.97299834300003], [80.46178112100006, 21.972989993000056], [80.46172336700005, 21.972974684000064], [80.46165274000003, 21.972958680000033], [80.46160159700008, 21.972940937000033], [80.46155358400006, 21.97291658200004], [80.46150731100005, 21.97291032000004], [80.46147252000003, 21.972905797000067], [80.46150731100005, 21.97293258700006], [80.46155515000004, 21.97295033000006], [80.46158437500003, 21.97295955000004], [80.46159272500006, 21.972967204000042], [80.46161046800006, 21.97299051500005], [80.46161412200007, 21.973001300000078], [80.46160577200004, 21.973006345000044], [80.46158141700005, 21.97302443600006], [80.46156437000008, 21.973026176000076], [80.46153897200008, 21.973024958000053], [80.46152783800005, 21.973022523000054], [80.46148817600005, 21.973003214000073], [80.46143720600008, 21.972983904000046], [80.46142329000008, 21.97297903300006], [80.46138275700008, 21.972962507000034], [80.46136205600004, 21.97296442100003], [80.46132482900003, 21.97297346700003], [80.46130204100007, 21.97297416300006], [80.46129073300006, 21.972979207000037], [80.46125385400006, 21.972999039000058], [80.46121680100003, 21.97302443600006], [80.46117139800003, 21.973055575000046], [80.46116009100007, 21.973084800000038], [80.46113608500008, 21.973146033000035], [80.46112286400006, 21.973149860000035], [80.46106232700004, 21.973165169000026], [80.46102683900006, 21.97317630200007], [80.46096177900006, 21.97319021800007], [80.46094229500005, 21.97319578500003], [80.46091028700005, 21.97321561600006], [80.46087410400008, 21.973240666000038], [80.46083583300003, 21.973251452000056], [80.46080173700005, 21.973265020000042], [80.46076381400007, 21.97327058700006], [80.46072345600004, 21.973281720000045], [80.46068518500005, 21.973284156000034], [80.46065700400004, 21.973282764000032], [80.46058846500006, 21.973287635000077], [80.46051540200006, 21.973297725000066], [80.46046425900005, 21.973303987000065], [80.46044686300007, 21.973299464000036], [80.46041067900006, 21.973280329000033], [80.46038632500006, 21.97326432500006], [80.46035849200007, 21.97324971200004], [80.46032404800007, 21.973227098000052], [80.46027464400004, 21.973209006000047], [80.46023324200007, 21.973200656000074], [80.46021306300008, 21.973193698000046], [80.46019010100008, 21.97319578500003], [80.46014556700004, 21.973198916000058], [80.46012156100005, 21.97319404600006], [80.46009825100003, 21.973179781000056], [80.46007981100007, 21.973173519000056], [80.46006519900004, 21.97316795200004], [80.46004745500005, 21.973155775000066], [80.46001057600006, 21.973148121000065], [80.45996430300005, 21.973138727000048], [80.45990898400004, 21.973118200000044], [80.45987488900005, 21.97310602300007], [80.45981469900005, 21.973085148000052], [80.45978303900006, 21.973072623000064], [80.45971102000004, 21.973040267000044], [80.45967762000004, 21.973020783000038], [80.45960664500006, 21.97297729400003], [80.45956767900003, 21.972961290000057], [80.45952801600004, 21.972943198000053], [80.45950714100007, 21.972918496000034], [80.45948139500007, 21.972891358000027], [80.45945565000005, 21.972864569000023], [80.45943895000005, 21.97283395200003], [80.45942433700003, 21.97280472700004], [80.45939650400004, 21.972764021000046], [80.45938885000004, 21.972733057000028], [80.45938676200007, 21.972700700000075], [80.45939163300005, 21.972680869000044], [80.45940241800008, 21.972635640000078], [80.45937945600008, 21.972611286000074], [80.45934570800006, 21.97261163400003], [80.45930152300008, 21.97261615700006], [80.45929108500007, 21.972612678000075], [80.45926603500004, 21.972605371000043], [80.45925803300008, 21.97259632600003], [80.45923193900006, 21.972563969000078], [80.45921489200003, 21.972559794000063], [80.45918392700008, 21.97254205100006], [80.45915609400004, 21.972531613000058], [80.45912930400004, 21.972519436000027], [80.45908407500008, 21.97250899900007], [80.45905276300005, 21.972498909000024], [80.45899848800008, 21.972495082000023], [80.45895569400005, 21.972495082000023], [80.45894560400006, 21.972496474000025], [80.45889411300004, 21.97251456500004], [80.45884436100005, 21.97252674200007], [80.45881026500007, 21.972525003000044], [80.45876120900004, 21.97251595700004], [80.45873128800008, 21.972499953000067], [80.45869788800007, 21.972478730000034], [80.45866170500005, 21.972466205000046], [80.45863561100003, 21.97245194000004], [80.45860082000007, 21.972427238000023], [80.45856394000003, 21.97242028000005], [80.45849714000008, 21.972414365000077], [80.45847800500007, 21.97240879900005], [80.45842964500008, 21.972395230000075], [80.45840668200003, 21.97236948400007], [80.45839902800003, 21.972339911000063], [80.45839033000004, 21.972302684000056], [80.45836736800004, 21.97227833000005], [80.45834962400005, 21.972252584000046], [80.45833014100003, 21.972237276000044], [80.45830509100006, 21.972215705000053], [80.45827517000004, 21.972191003000034], [80.45824316200003, 21.972176391000062], [80.45820384700005, 21.972161778000043], [80.45817288300003, 21.972169432000044], [80.45814470100004, 21.97217743400006], [80.45813148100007, 21.972216053000068], [80.45811999900008, 21.97225293200006], [80.45809877600004, 21.97228320100004], [80.45809181800007, 21.97228911600007], [80.45803928300006, 21.972296422000056], [80.45801840800004, 21.972301988000027], [80.45798709500008, 21.972299901000042], [80.45793003700004, 21.972293638000053], [80.45789559300005, 21.972278678000066], [80.45786358500004, 21.972266153000078], [80.45782670600005, 21.97224840900003], [80.45777904100004, 21.97222927400003], [80.45776547300005, 21.97220979100007], [80.45774285800007, 21.972188568000036], [80.45776373300004, 21.972138468000026], [80.45778321600005, 21.972107851000032], [80.45781035400006, 21.972099849000074], [80.45788480800007, 21.972082105000027], [80.45797770200005, 21.972071320000055], [80.45803406400006, 21.972068189000026], [80.45810573500006, 21.972066797000025], [80.45820245500005, 21.972074451000026], [80.45828073700005, 21.972088020000058], [80.45835101600005, 21.972106112000063], [80.45843799500005, 21.972125943000037], [80.45850479500007, 21.972144730000025], [80.45845852200006, 21.972106460000077], [80.45841781600006, 21.972063666000054], [80.45837571800007, 21.97202922200006], [80.45832422600006, 21.97199547400004], [80.45830474300004, 21.971978079000053], [80.45827621400008, 21.971951985000032], [80.45826055700007, 21.971940156000073], [80.45823133300007, 21.971918585000026], [80.45821602400008, 21.971884489000047], [80.45822437400005, 21.97186187400007], [80.45824838000004, 21.971818733000077], [80.45827551800005, 21.97176619800007], [80.45829047800004, 21.971754716000078], [80.45831344100003, 21.971767589000024], [80.45836214900004, 21.971797510000044], [80.45840529100008, 21.971824995000077], [80.45844356100008, 21.97185735200003], [80.45849505300004, 21.971884489000047], [80.45855454700006, 21.971909539000023], [80.45867005500008, 21.97193598100006], [80.45874172600008, 21.971958595000046], [80.45879426100004, 21.971974251000063], [80.45888524100008, 21.972002433000057], [80.45893777600008, 21.972027483000033], [80.45901292600007, 21.972056534000046], [80.45908181400006, 21.972071146000076], [80.45912078000003, 21.972085063000065], [80.45920706300006, 21.97210872100004], [80.45931909200004, 21.972134467000046], [80.45939841700005, 21.97215255800006], [80.45946139000006, 21.972163692000038], [80.45956820000004, 21.97218874200007], [80.45956402500008, 21.972181783000053], [80.45954802100005, 21.97216125600005], [80.45952610300003, 21.972131683000043], [80.45950940300008, 21.972119854000027], [80.45948713600006, 21.97210176300007], [80.45947426300006, 21.97208471500005], [80.45944399400008, 21.972051315000044], [80.45942938200005, 21.97202765700007], [80.45940711500003, 21.97200156300005], [80.45939041500003, 21.971975817000043], [80.45935840700008, 21.971943113000066], [80.45933996700006, 21.97192989200005], [80.45933718400005, 21.97191980300005], [80.45932709500005, 21.971906930000046], [80.45930622000003, 21.971891621000054], [80.45929230300004, 21.971878401000026], [80.45927699500004, 21.971861353000065], [80.45926133800003, 21.971843957000033], [80.45923976800003, 21.971828996000056], [80.45921506600007, 21.97180951300004], [80.45916983600006, 21.971771242000045], [80.45913539300005, 21.97174132200007], [80.45911764900006, 21.971729492000065], [80.45910025300003, 21.971705834000034], [80.45907555100007, 21.97168391500003], [80.45901466600003, 21.971636251000064], [80.45898196200005, 21.97161433200006], [80.45895934700008, 21.97159484900004], [80.45893568900004, 21.971585455000024], [80.45886680100006, 21.97154718400003], [80.45885010100005, 21.971541270000046], [80.45882331200005, 21.971529093000072], [80.45877529900008, 21.971517611000024], [80.45868971200008, 21.971496736000063], [80.45861317100008, 21.971482820000062], [80.45850496900005, 21.971477253000046], [80.45839641900005, 21.971462641000073], [80.45835188500007, 21.971456726000042], [80.45831152700003, 21.97144211400007], [80.45830561300005, 21.971435503000066], [80.45829134800005, 21.971433068000067], [80.45824820600006, 21.97142367400005], [80.45819706300006, 21.97140349500006], [80.45815496500006, 21.97138609900003], [80.45811808600007, 21.971377053000026], [80.45803075900005, 21.97135269900008], [80.45798518200007, 21.971337739000035], [80.45791072800006, 21.971322083000075], [80.45784532000005, 21.97130399100007], [80.45777817200008, 21.97130016400007], [80.45770998000006, 21.971289726000066], [80.45769745500007, 21.971286769000073], [80.45767884200006, 21.971261197000047], [80.45767919000008, 21.971242584000038], [80.45768301700008, 21.971224144000075], [80.45770023800003, 21.971209532000046], [80.45772076600008, 21.97121005400004], [80.45774616300008, 21.971215098000073], [80.45777434500008, 21.971216664000053], [80.45780357000007, 21.971218751000038], [80.45782270500007, 21.971219795000025], [80.45783070700008, 21.97122310000003], [80.45784618900007, 21.971231276000026], [80.45786428100007, 21.971237017000078], [80.45787837200004, 21.97123771300005], [80.45791194500003, 21.971239800000035], [80.45793786500008, 21.971241018000057], [80.45797457000003, 21.971241192000036], [80.45799788100004, 21.97124867200006], [80.45803493400007, 21.971254239000075], [80.45805894000006, 21.97125702200003], [80.45808851300006, 21.971263459000056], [80.45812052100007, 21.971269895000034], [80.45814713700008, 21.97127563600003], [80.45817410000006, 21.97127807100003], [80.45820837000008, 21.971284508000053], [80.45826490600007, 21.97129564100004], [80.45828386800008, 21.971297207000077], [80.45832266100007, 21.971302251000054], [80.45836406300003, 21.97130555700005], [80.45840285500003, 21.97131338500003], [80.45843677700003, 21.97131790800006], [80.45844982400007, 21.971325040000067], [80.45846948100007, 21.971327823000024], [80.45853315000005, 21.971332346000054], [80.45858011900003, 21.971334781000053], [80.45864413500004, 21.971344871000042], [80.45867997000005, 21.97135809200006], [80.45875233700008, 21.971378619000063], [80.45878608500004, 21.971386969000037], [80.45880904700005, 21.971397754000066], [80.45884975400008, 21.971412715000042], [80.45887445600005, 21.971426283000028], [80.45890472400004, 21.971435677000045], [80.45895378000006, 21.97146003100005], [80.45896943700006, 21.971470817000068], [80.45900248900006, 21.971487169000056], [80.45903762800003, 21.971520569000063], [80.45906615700005, 21.971541444000025], [80.45911034300008, 21.97158041000006], [80.45913852400008, 21.971613810000065], [80.45916983600006, 21.971639208000056], [80.45921123800008, 21.97168896000005], [80.45925229300008, 21.971732450000047], [80.45926168600005, 21.971735929000033], [80.45931909200004, 21.971786377000058], [80.45935179700007, 21.971819777000064], [80.45937893400009, 21.971837868000023], [80.45942764200004, 21.971876835000046], [80.45948330900006, 21.971920324000052], [80.45952053600007, 21.97195529000004], [80.45957550700007, 21.97200539000005], [80.45961516900007, 21.97204470400004], [80.45962212700005, 21.97205688200006], [80.45965518000008, 21.97209097700005], [80.45967361900006, 21.972125421000044], [80.45970458400006, 21.97213725000006], [80.45972232700007, 21.97214420800003], [80.45977625400008, 21.972159517000023], [80.45982217900007, 21.972173086000055], [80.45991542100006, 21.972209617000033], [80.45996517300006, 21.972228404000077], [80.46001562100008, 21.972235710000064], [80.46006293700003, 21.97224545200004], [80.46015235200008, 21.972256585000025], [80.46021149700005, 21.97226145600007], [80.46026890400003, 21.97227050200007], [80.46031274100005, 21.972277460000043], [80.46036005800005, 21.972282679000045], [80.46040076400004, 21.97228929000005], [80.46040319900004, 21.97228302700006], [80.46042824900007, 21.972248931000024], [80.46045469100005, 21.97225067100004], [80.46046234500005, 21.972262500000056], [80.46044390500003, 21.972277460000043], [80.46043590300008, 21.97229555200005], [80.46050131200008, 21.972305990000052], [80.46055071600006, 21.972325125000054], [80.46058829100008, 21.97234321700006], [80.46064013000006, 21.972362004000047], [80.46069788400007, 21.97237870400005], [80.46074207000004, 21.972396796000055], [80.46080539000008, 21.97242254100007], [80.46083078800007, 21.972438198000077], [80.46086871100005, 21.972442025000078], [80.46092368200004, 21.97244654800005], [80.46098526300005, 21.97245037500005], [80.46107328600004, 21.972452114000077], [80.46110216300008, 21.972453506000022], [80.46113660700007, 21.972455593000063], [80.46115191500007, 21.972459421000053], [80.46119227300005, 21.972473337000054], [80.46122915200004, 21.972483427000043], [80.46132587300008, 21.97250534500006], [80.46134918300004, 21.97251752300008], [80.46139754400008, 21.97253700600004], [80.46142711700008, 21.97255475000003], [80.46147165000008, 21.97256101200003], [80.46152070600004, 21.97257318900006], [80.46156558700005, 21.97257701600006], [80.46164734800004, 21.972585018000075], [80.46173258700009, 21.972587454000063], [80.46178442700005, 21.97259162900008], [80.46180669300009, 21.972587454000063], [80.46178894900004, 21.972540485000025], [80.46176563900008, 21.97246672700004], [80.46174128500007, 21.972400623000055], [80.46171762700004, 21.972345652000058], [80.46170545000007, 21.97231712300004], [80.46170371000005, 21.972283723000032], [80.46170962500008, 21.97226528300007], [80.46172041000005, 21.972207181000044], [80.46172354100008, 21.972191873000043], [80.46177294500006, 21.97217656500004], [80.46180217000006, 21.972168215000067], [80.46182408900006, 21.972173781000038], [80.46186444700004, 21.972191873000043], [80.46193461000007, 21.97221877900006], [80.46195444200004, 21.972227244000067], [80.46199352400004, 21.97226957400005], [80.46202112600008, 21.972297640000022], [80.46205429400004, 21.972340549000023], [80.46211367100005, 21.972411988000033], [80.46214568000005, 21.972454434000042], [80.46216307500003, 21.97249456000003], [80.46216655400008, 21.972518682000043], [80.46217026600004, 21.972564607000038], [80.46217212100004, 21.972610532000033], [80.46217954300005, 21.972658313000068], [80.46219717100007, 21.972671301000048], [80.46222407700003, 21.97268753800006], [80.46224031300005, 21.972689857000034], [80.46226721800008, 21.97269496000007], [80.46233680100005, 21.972708413000078], [80.46241056000008, 21.972690785000054], [80.46246761800006, 21.972684290000075], [80.46254508700008, 21.972684754000056], [80.46257477600005, 21.97268057900004], [80.46261513400003, 21.972689857000034], [80.46268147000006, 21.972695888000032], [80.46274873400006, 21.972706557000038], [80.46282342000006, 21.972722329000078], [80.46285914000003, 21.972739493000063], [80.46296258700005, 21.97276686200007], [80.46303727300005, 21.97279376800003], [80.46310036200003, 21.97281371500003], [80.46313515300005, 21.972831343000053], [80.46318850000006, 21.97284479600006], [80.46322143600008, 21.972861960000046], [80.46328638100005, 21.97287866000005], [80.46336153100003, 21.972900926000023], [80.46347379200006, 21.972916234000024], [80.46350672800008, 21.972916698000063], [80.46362641100006, 21.972958912000024], [80.46371083800005, 21.97297839600003], [80.46378969900007, 21.97300066200006], [80.46385325200004, 21.973018754000066], [80.46389892000008, 21.97303347600007], [80.46390269600005, 21.97268874400004], [80.46390200000008, 21.971124513000063], [80.46185625300006, 21.971124513000063], [80.46004639300008, 21.97111929500005], [80.46004743700007, 21.970691358000067], [80.46004952400006, 21.969879843000058], [80.46005161200003, 21.969387977000054], [80.45967038300006, 21.969384063000064], [80.45641075600008, 21.969379366000055], [80.45511598600007, 21.969376234000038], [80.45419774800007, 21.969371538000075], [80.45420557600005, 21.969128866000062], [80.45421340400003, 21.96765718100005], [80.45421282200004, 21.967649411000025]], [[80.45315555900004, 21.971266852000042], [80.45314663500005, 21.97126704300007], [80.45313828500008, 21.971264086000076], [80.45311062600007, 21.97125382200005], [80.45309357800005, 21.971247038000058], [80.45306765800007, 21.971235557000057], [80.45306122200003, 21.971225119000053], [80.45304417400007, 21.971198677000075], [80.45303130100007, 21.971180238000045], [80.45302991000005, 21.97117467100003], [80.45304660900007, 21.971147012000074], [80.45306644100003, 21.971115351000037], [80.45310540700007, 21.971047508000026], [80.45314889700006, 21.970964356000025], [80.45318020900004, 21.97091042900007], [80.45321743600005, 21.97084641200007], [80.45327623400004, 21.970759085000054], [80.45332355100004, 21.970690198000057], [80.45333224900008, 21.97067906500007], [80.45333816300007, 21.970667931000037], [80.45334268600004, 21.970661321000023], [80.45336182200003, 21.97065923300005], [80.45339556900007, 21.970681848000027], [80.45344566900008, 21.970702027000073], [80.45349785700006, 21.970711421000033], [80.45354273800007, 21.970715248000033], [80.45355909000006, 21.970724294000036], [80.45359701300004, 21.970743777000052], [80.45364259000007, 21.97075943300007], [80.45365859400005, 21.97076708700007], [80.45363911100003, 21.970782744000076], [80.45361058200007, 21.97081022900005], [80.45358031300003, 21.97083667100003], [80.45354169400008, 21.97087424600005], [80.45352777800008, 21.97089059800004], [80.45348359200005, 21.97093304300006], [80.45346306500005, 21.970951135000064], [80.45345575900006, 21.970954962000064], [80.45343627600005, 21.970974098000056], [80.45342688200003, 21.970977577000042], [80.45341714000006, 21.970990450000045], [80.45339069900007, 21.97100993300006], [80.45337852200004, 21.971018979000064], [80.45336286500003, 21.971035679000067], [80.45335138400003, 21.971041941000067], [80.45333016100005, 21.971058989000028], [80.45331485300005, 21.97106803500003], [80.45331450500004, 21.97107186200003], [80.45332215900004, 21.971094824000033], [80.45333746700004, 21.97110665400004], [80.45334894900003, 21.971107697000036], [80.45336530100008, 21.97110039100005], [80.45339730900008, 21.971068383000045], [80.45342792600007, 21.97104889900004], [80.45348046100008, 21.971009585000047], [80.45351525300003, 21.970977229000027], [80.45356465700007, 21.97094087200003], [80.45362258500006, 21.970903297000064], [80.45370469300008, 21.970843803000037], [80.45374679100007, 21.970810925000023], [80.45375235700004, 21.97081022900005], [80.45377566800005, 21.97081805700003], [80.45388978400007, 21.970859459000053], [80.45392562000006, 21.970878768000034], [80.45398946200004, 21.97089825200004], [80.45401660000005, 21.97090695000003], [80.45403991000006, 21.970909733000042], [80.45409401100005, 21.97092208400005], [80.45414324100005, 21.97093704400004], [80.45419247100006, 21.970951831000036], [80.45421960900006, 21.970960529000024], [80.45425648800006, 21.970965748000026], [80.45429388900004, 21.970970270000066], [80.45434973000005, 21.97097862000004], [80.45439948200004, 21.97098836200007], [80.45444610200008, 21.970994972000028], [80.45452264400006, 21.971012716000075], [80.45457413500003, 21.971020718000034], [80.45462354000006, 21.971031504000052], [80.45467955400005, 21.97104020200004], [80.45474426600003, 21.97104402900004], [80.45482324300008, 21.971048204000056], [80.45488099800008, 21.971054466000055], [80.45492622700004, 21.971058989000028], [80.45488030200005, 21.97106942700003], [80.45481524100006, 21.971072906000074], [80.45466946500005, 21.971082995000074], [80.45456369800007, 21.971094476000076], [80.45444297100005, 21.971102479000024], [80.45429684600003, 21.971106306000024], [80.45418412100008, 21.97111883100007], [80.45413193400003, 21.97112439700004], [80.45403069000008, 21.97113831400003], [80.45399010000006, 21.97114643200007], [80.45393304200007, 21.971155014000033], [80.45386322700006, 21.97116916300007], [80.45383562500007, 21.97117542500007], [80.45382449200008, 21.97117356900003], [80.45379549900008, 21.971143881000046], [80.45377671200004, 21.971123470000066], [80.45376975300007, 21.971119758000043], [80.45375305300007, 21.97110398600006], [80.45374609500004, 21.971100275000026], [80.45372777100005, 21.97108241500007], [80.45370248900008, 21.971062932000052], [80.45367442400004, 21.971048320000023], [80.45363406600006, 21.971028372000035], [80.45361179900004, 21.971022806000065], [80.45358489400007, 21.971021182000072], [80.45356680200007, 21.97101909500003], [80.45355938000006, 21.97101863100005], [80.45354314400004, 21.97103231500006], [80.45351415100004, 21.971056902000043], [80.45350580100006, 21.971076849000042], [80.45348515800003, 21.97113205100004], [80.45347193700007, 21.971155710000062], [80.45346289100007, 21.971172178000074], [80.45345500500008, 21.971184239000024], [80.45343134700005, 21.971195140000077], [80.45341255900007, 21.971201635000057], [80.45338727700005, 21.971213464000073], [80.45335967600005, 21.971222742000066], [80.45334935500006, 21.971228076000045], [80.45332430500008, 21.971237934000044], [80.45329380400005, 21.971240717000057], [80.45325263400008, 21.97124906700003], [80.45322166900007, 21.971254634000047], [80.45321290200008, 21.97125726400003], [80.45322236500004, 21.971258809000062], [80.45327780000008, 21.971261128000037], [80.45332372500008, 21.971258345000024], [80.45336524300006, 21.971252546000073], [80.45342949100007, 21.971239326000045], [80.45348423000007, 21.97122796000008], [80.45352551600007, 21.971222858000033], [80.45358999700005, 21.971218683000075], [80.45364311200007, 21.971211724000057], [80.45368741300007, 21.97120731700005], [80.45377091300008, 21.971196880000036], [80.45383005900004, 21.971190617000047], [80.45389987400006, 21.97117786000007], [80.45397850300003, 21.97116487200003], [80.45405342100008, 21.971151419000023], [80.45411813300007, 21.971140054000045], [80.45416382600007, 21.97113541500005], [80.45422877100003, 21.97113054400006], [80.45424500700005, 21.97112845600003], [80.45429325100008, 21.97112312200005], [80.45433245000004, 21.97112196200004], [80.45440945500008, 21.971117787000026], [80.45447764700003, 21.971118715000046], [80.45451986100005, 21.97111454000003], [80.45458758800004, 21.971109437000052], [80.45467572700005, 21.97109992700007], [80.45472513100003, 21.971095056000024], [80.45477662300004, 21.971091345000048], [80.45483553700006, 21.971085779000077], [80.45488308500006, 21.971080676000042], [80.45493504100006, 21.971075805000055], [80.45501993200008, 21.97107232600007], [80.45507119200005, 21.97107279000005], [80.45512871400007, 21.97107255800006], [80.45515399600004, 21.97107116600006], [80.45520873500004, 21.971068151000054], [80.45524491800006, 21.971066527000062], [80.45531635700007, 21.971060961000035], [80.45535648300006, 21.971060729000044], [80.45539104300008, 21.97106281600003], [80.45544369400005, 21.971063280000067], [80.45546480100006, 21.97106490400006], [80.45550284000007, 21.971065831000033], [80.45554783700004, 21.971061193000025], [80.45557056700005, 21.971060961000035], [80.45562182700007, 21.971060265000062], [80.45566914400007, 21.97106281600003], [80.45567262300005, 21.97107279000005], [80.45567818900008, 21.971095288000072], [80.45567007100004, 21.971124049000025], [80.45565174800004, 21.971126601000037], [80.45562739400003, 21.97112312200005], [80.45559329800005, 21.971120106000058], [80.45555038800006, 21.97112219400003], [80.45554273400006, 21.971125673000074], [80.45556569700005, 21.971125209000036], [80.45559097900008, 21.97112776000006], [80.45562994500006, 21.971129848000032], [80.45564594900003, 21.971136342000023], [80.45568282800008, 21.97115791300007], [80.45568561200008, 21.971173453000063], [80.45569117800005, 21.971216363000053], [80.45567355100007, 21.971240949000048], [80.45565685100007, 21.971261824000067], [80.45564293400008, 21.971280612000044], [80.45563667200008, 21.971282003000056], [80.45561997200008, 21.971284323000077], [80.45558193300008, 21.971294760000035], [80.45555549100004, 21.97129986300007], [80.45551003000008, 21.971307981000052], [80.45549541800005, 21.971311924000076], [80.45548706800008, 21.971315635000053], [80.45547338300008, 21.97131911400004], [80.45543720000006, 21.97132769600006], [80.45541864400008, 21.97133558200005], [80.45539173900005, 21.97134207700003], [80.45537666200005, 21.97134161300005], [80.45535416400008, 21.971346484000037], [80.45532865000007, 21.971352050000064], [80.45529826500007, 21.971352050000064], [80.45523610400005, 21.971351819000063], [80.45520386400005, 21.97135019500007], [80.45518345300007, 21.97135019500007], [80.45511317400008, 21.971350891000043], [80.45509763300004, 21.97134949900004], [80.45506075400004, 21.971346484000037], [80.45503199300003, 21.97134949900004], [80.45500555200005, 21.971353906000047], [80.45496357000007, 21.97136341600003], [80.45493527200006, 21.97137037400006], [80.45491347000006, 21.971376405000058], [80.45490256800008, 21.971379884000044], [80.45485803500003, 21.971393800000044], [80.45483924800004, 21.971400991000053], [80.45482393900005, 21.97139820700005], [80.45476015500003, 21.971385218000023], [80.45475482000006, 21.971381971000028], [80.45473765600008, 21.971376405000058], [80.45469613800003, 21.971361328000057], [80.45466366600004, 21.971352282000055], [80.45464116700003, 21.971352050000064], [80.45462469900008, 21.971351587000072], [80.45459524200004, 21.97135019500007], [80.45458063000007, 21.971352050000064], [80.45453818400006, 21.971358313000053], [80.45452032400004, 21.971360632000028], [80.45446489000005, 21.971360168000047], [80.45444610200008, 21.971360400000037], [80.45442917000008, 21.971367591000046], [80.45441618200005, 21.971371302000023], [80.45439832200003, 21.971379420000062], [80.45438231800006, 21.971373621000055], [80.45436237000007, 21.97136967800003], [80.45428397300003, 21.971366663000026], [80.45423944000004, 21.971366895000074], [80.45418446900004, 21.97136272000006], [80.45416591400004, 21.971350659000052], [80.45414271900006, 21.97134068500003], [80.45411163900008, 21.971336974000053], [80.45407406400005, 21.971338598000045], [80.45403927200005, 21.971342309000022], [80.45398662100007, 21.971331639000027], [80.45397896700007, 21.971328392000032], [80.45397525600004, 21.97132004200006], [80.45395182900006, 21.971281771000065], [80.45396435400005, 21.971238398000025], [80.45401955700004, 21.971222858000033], [80.45407707900006, 21.971213116000058], [80.45418029400008, 21.971209869000063], [80.45423085800007, 21.97120754900004], [80.45432665100003, 21.971198967000078], [80.45434393100004, 21.97119699600006], [80.45433279800005, 21.971195140000077], [80.45430682000006, 21.97118934200006], [80.45427318800006, 21.97118934200006], [80.45425289300005, 21.97119247300003], [80.45422250800004, 21.97119630000003], [80.45419734200004, 21.971198619000063], [80.45418760100006, 21.971200243000055], [80.45416092700003, 21.97119966300005], [80.45414318300004, 21.971201171000075], [80.45410352100004, 21.971202446000063], [80.45406026300003, 21.971203954000032], [80.45403069000008, 21.971206737000045], [80.45398198200007, 21.971210565000035], [80.45395867200006, 21.971212768000044], [80.45394243600003, 21.971214044000078], [80.45389871400005, 21.97121589900007], [80.45384559900003, 21.971218915000065], [80.45381428700006, 21.97122239400005], [80.45376882500005, 21.97122772800003], [80.45373426600008, 21.971232135000037], [80.45368996400003, 21.971236542000042], [80.45362641200006, 21.971246284000074], [80.45358582200004, 21.971251619000043], [80.45355427700008, 21.971255330000076], [80.45352203700008, 21.971259273000044], [80.45351136800008, 21.971260433000054], [80.45349443600008, 21.971260433000054], [80.45348747700007, 21.97126252000004], [80.45346660200005, 21.97126344800006], [80.45343505800008, 21.971266695000054], [80.45341603800006, 21.971266463000063], [80.45339585900007, 21.971268783000028], [80.45336779400003, 21.971268551000037], [80.45335503700005, 21.971265999000025], [80.45333648200005, 21.971267391000026], [80.45331583900008, 21.971266463000063], [80.45330702500007, 21.971269246000077], [80.45328823700004, 21.971268319000046], [80.45327988700006, 21.97127040600003], [80.45326968200004, 21.97127017400004], [80.45321007200005, 21.97127040600003], [80.45319221200003, 21.97127017400004], [80.45317713600008, 21.97126971000006], [80.45315394200009, 21.971267391000026], [80.45315555900004, 21.971266852000042]], [[80.46299376000007, 21.97351486100007], [80.46307698200008, 21.973510017000024], [80.46311000700007, 21.973509577000073], [80.46316548900006, 21.973506935000046], [80.46322845600008, 21.97351045700003], [80.46324562900008, 21.97353555600006], [80.46329098300004, 21.97355096800004], [80.46333986000008, 21.97357166300003], [80.46338829700005, 21.973588836000033], [80.46341295500008, 21.973588836000033], [80.46346623500006, 21.97358311200003], [80.46353008300008, 21.97359147800006], [80.46363532300006, 21.973632429000077], [80.46370577600004, 21.97366545400007], [80.46371326100007, 21.973707726000043], [80.46376478000008, 21.973773335000033], [80.46376786200005, 21.973830578000047], [80.46368067700007, 21.973831459000053], [80.46362343400006, 21.97381604700007], [80.46351467200003, 21.973779500000035], [80.46340502900006, 21.973747356000047], [80.46331828400008, 21.97370156100004], [80.46328305700007, 21.97368614900006], [80.46325972000005, 21.973675581000066], [80.46324122600004, 21.973665894000078], [80.46316284700004, 21.97364123600005], [80.46310428300006, 21.973622301000034], [80.46306509300007, 21.973614816000065], [80.46304395700008, 21.97359808300007], [80.46301621700007, 21.97357122300008], [80.46299376000007, 21.97351486100007]], [[80.46299992400003, 21.97320662900006], [80.46302854600003, 21.97320442700004], [80.46306333200005, 21.973201345000064], [80.46309327500006, 21.973207950000074], [80.46310692500003, 21.973219398000026], [80.46311705200003, 21.97322952600007], [80.46311088800007, 21.97325858800008], [80.46310120100003, 21.97329293300004], [80.46307830300003, 21.973310987000048], [80.46306377200005, 21.973325518000024], [80.46304880100007, 21.97333124200003], [80.46302326200004, 21.973349296000038], [80.46296910100006, 21.973349296000038], [80.46295104800004, 21.973300419000054], [80.46295853300006, 21.973242295000034], [80.46299992400003, 21.97320662900006]], [[80.45602287300005, 21.971609106000074], [80.45600834200008, 21.971618353000054], [80.45597399600007, 21.971644773000037], [80.45595726400006, 21.97165093800004], [80.45591631300005, 21.97165754300005], [80.45589693800008, 21.971661506000032], [80.45584630000008, 21.971655781000038], [80.45580534900006, 21.971602501000064], [80.45583485100008, 21.971539534000044], [80.45594581500006, 21.971504307000032], [80.45605193500006, 21.97147128200004], [80.45613735900008, 21.97147128200004], [80.45620737200005, 21.97146820000006], [80.45622058200007, 21.971473924000065], [80.45629984100003, 21.97151619600004], [80.45637822000003, 21.971582686000033], [80.45639759500006, 21.97165534100003], [80.45637910100004, 21.97172315200004], [80.45635752500004, 21.97175221400005], [80.45632097700008, 21.971793605000073], [80.45626945900005, 21.97180329200006], [80.45623159000007, 21.97180813600005], [80.45616730200004, 21.97179492600003], [80.45609464700004, 21.97175397500007], [80.45607791400005, 21.971732839000026], [80.45603520200007, 21.971672514000034], [80.45602287300005, 21.971609106000074]], [[80.45639010900004, 21.971853930000066], [80.45639308200003, 21.971851178000065], [80.45642720700005, 21.97183158400003], [80.45645472800004, 21.971831804000033], [80.45650228400007, 21.97183158400003], [80.45653156600008, 21.97183444600006], [80.45655534400004, 21.971834005000062], [80.45659123100006, 21.97183268400005], [80.45659827600008, 21.97183444600006], [80.45662161400008, 21.971841271000073], [80.45665595900005, 21.971857343000067], [80.45668986500004, 21.971863948000077], [80.45670615700004, 21.971868792000066], [80.45674578700005, 21.97188002000007], [80.45678585700006, 21.971904899000037], [80.45681932200006, 21.97191943000007], [80.45686203500009, 21.97192427300007], [80.45688823400008, 21.97192977700007], [80.45693446900003, 21.971896092000065], [80.45695406400006, 21.97185756300007], [80.45700932500006, 21.97179503600006], [80.45703046100004, 21.971787110000037], [80.45710047400007, 21.971766194000054], [80.45711720700007, 21.971821456000043], [80.45712799500006, 21.971869232000074], [80.45713085700004, 21.971892129000025], [80.45714825000005, 21.97193528200006], [80.45719206300004, 21.971953115000076], [80.45720703400008, 21.971947831000023], [80.45724600400007, 21.971931319000078], [80.45725679200007, 21.97192306200003], [80.45728200100007, 21.971903688000054], [80.45734496800003, 21.97184578400004], [80.45735795800005, 21.97184050000004], [80.45738900100008, 21.97182299700006], [80.45740650400006, 21.97182123600004], [80.45743622700007, 21.971819034000077], [80.45745802300007, 21.97181529100004], [80.45751680700005, 21.97183708800003], [80.45752627500008, 21.971852720000072], [80.45754564900005, 21.97189146900007], [80.45754256700008, 21.971942987000034], [80.45753133800008, 21.971970068000076], [80.45752297200005, 21.97199054300006], [80.45751086300004, 21.972023568000054], [80.45750227600007, 21.972038319000035], [80.45747585700008, 21.972070463000023], [80.45746286700006, 21.97209732400006], [80.45747255400005, 21.972149943000034], [80.45747805800005, 21.97217570300006], [80.45749038700006, 21.97221511200007], [80.45748862600004, 21.97222854200004], [80.45748664500007, 21.972243734000074], [80.45748268200003, 21.97227037400006], [80.45740848600008, 21.972260246000076], [80.45736291200006, 21.972239771000034], [80.45735080200006, 21.972241092000047], [80.45733693200003, 21.97224241300006], [80.45732218100005, 21.972241532000055], [80.45730654900007, 21.97224439400003], [80.45729840300004, 21.972266191000074], [80.45728475300007, 21.972303399000054], [80.45727946900007, 21.97231462700006], [80.45726361700008, 21.972336644000052], [80.45724380200005, 21.972368348000032], [80.45722574800004, 21.972396969000044], [80.45720703400008, 21.97242471000004], [80.45720153000008, 21.972428453000077], [80.45717445000008, 21.972440342000027], [80.45714450700007, 21.972455093000065], [80.45713085700004, 21.972465000000057], [80.45710443700005, 21.972482614000057], [80.45706855000003, 21.972511015000066], [80.45704279100005, 21.97253193100005], [80.45699941800007, 21.972541398000033], [80.45698863000007, 21.972544920000075], [80.45693557000004, 21.972533472000066], [80.45688405100003, 21.972496044000025], [80.45689439900008, 21.97247666900006], [80.45692258000008, 21.972433957000078], [80.45695593500005, 21.972421077000035], [80.45703365400004, 21.972387832000038], [80.45709177700007, 21.972360972000047], [80.45712106000008, 21.972339176000048], [80.45717588100007, 21.972303289000024], [80.45718314600003, 21.972298885000043], [80.45721463000007, 21.972283694000055], [80.45722762000008, 21.97225066900006], [80.45723334400003, 21.972233276000054], [80.45722145500008, 21.972196288000077], [80.45719723700006, 21.97218373900006], [80.45717742200003, 21.972172730000068], [80.45716421200007, 21.972172730000068], [80.45714483700004, 21.97217229000006], [80.45713955300005, 21.972178455000062], [80.45710652900004, 21.972202673000027], [80.45707526500007, 21.972227331000056], [80.45705765200006, 21.972243624000043], [80.45702682900009, 21.972255953000058], [80.45701009600003, 21.972263879000025], [80.45699424400004, 21.972274007000067], [80.45692026800003, 21.972280612000077], [80.45684673300008, 21.972272686000053], [80.45681855200007, 21.972251990000075], [80.45681987300003, 21.972249788000056], [80.45683880700005, 21.97220135200007], [80.45689561000006, 21.972159520000048], [80.45692379100007, 21.972113726000032], [80.45692203000004, 21.972076738000055], [80.45688548200008, 21.972085545000027], [80.45684144900008, 21.972083343000065], [80.45682119400004, 21.972078499000077], [80.45674809900004, 21.972049878000064], [80.45668028800003, 21.972022577000075], [80.45664374000006, 21.972002762000045], [80.45661644000006, 21.971996598000032], [80.45656888400003, 21.97199263500005], [80.45651956700004, 21.971977223000067], [80.45637998200004, 21.971973701000024], [80.45636236800004, 21.97194111600004], [80.45639010900004, 21.971853930000066]], [[80.44747240700008, 21.97155461500006], [80.44751996300005, 21.97155169800004], [80.44758072900004, 21.97155434000007], [80.44764578800005, 21.971559954000043], [80.44768739900007, 21.971564578000027], [80.44774552300004, 21.971567220000054], [80.44782412200004, 21.97156589900004], [80.44784988100008, 21.97156523800004], [80.44788521800007, 21.97156358700005], [80.44793541600006, 21.971557973000074], [80.44800542900003, 21.971539479000057], [80.44805199400008, 21.971527260000073], [80.44809327500008, 21.971517022000057], [80.44814215100007, 21.971507114000076], [80.44816923200005, 21.971500509000066], [80.44822438300008, 21.97149027200004], [80.44830529400008, 21.971468145000074], [80.44839281000003, 21.971439083000064], [80.44846579500006, 21.971414975000073], [80.44856718100004, 21.971389876000046], [80.44863389200003, 21.97137138200003], [80.44868375900006, 21.971358503000033], [80.44871050900008, 21.971351898000023], [80.44874947900007, 21.971338357000036], [80.44879274100003, 21.971323496000025], [80.44892153800004, 21.971281555000076], [80.44900806300006, 21.971248200000048], [80.44910086300007, 21.97121220200006], [80.44917549900003, 21.971183471000074], [80.44924749300003, 21.97115738100007], [80.44937265800007, 21.971111146000055], [80.44949088700008, 21.97107151700004], [80.44960548300008, 21.971028254000032], [80.44966525800004, 21.97100596200005], [80.44972074000003, 21.97098598200006], [80.44975805800004, 21.970970460000046], [80.44977242400006, 21.970965672000034], [80.44982592400004, 21.97094354500007], [80.44985052700008, 21.970933142000035], [80.44989147800004, 21.970917951000047], [80.44992813600004, 21.970902264000074], [80.44996215100008, 21.97088525600003], [80.44999088300005, 21.97088096300007], [80.45001730300004, 21.970878321000043], [80.45005148400008, 21.970890540000028], [80.45007047300004, 21.970899787000064], [80.45008368300006, 21.970912997000028], [80.45011142400006, 21.970938812000043], [80.45014588000004, 21.97097095600003], [80.45017648300006, 21.970983946000047], [80.45022315800009, 21.971009045000073], [80.45023284500007, 21.971018291000064], [80.45029096900004, 21.971053958000027], [80.45031959000005, 21.97107289300004], [80.45036626500007, 21.971098872000027], [80.45040853700004, 21.97110503700003], [80.45044464400007, 21.97112485200006], [80.45041558300005, 21.971135420000053], [80.45039973100006, 21.971142905000022], [80.45036186200008, 21.971152593000056], [80.45032751600007, 21.971162720000052], [80.45029757400005, 21.97116976500007], [80.45027555700005, 21.97117901200005], [80.45024737600005, 21.97118825900003], [80.45019145400005, 21.971202790000063], [80.45014830100007, 21.971212037000043], [80.45012760600008, 21.97121908300005], [80.45007696800008, 21.971232733000022], [80.45004790600007, 21.971242420000067], [80.44999110300006, 21.97125739100005], [80.44996160100004, 21.971263556000054], [80.44993562100007, 21.971264877000067], [80.44989995500003, 21.971270161000064], [80.44984799500008, 21.97128028900005], [80.44979295400003, 21.971288655000023], [80.44975156300006, 21.97130054400003], [80.44972514300008, 21.97130714900004], [80.44970973100004, 21.971317717000034], [80.44966878100007, 21.971335770000053], [80.44963311400005, 21.97134545800003], [80.44960801500008, 21.97135646600003], [80.44956530300004, 21.971366594000074], [80.44952611300005, 21.971379804000037], [80.44949088700008, 21.97138596800005], [80.44945610000008, 21.971399618000078], [80.44940810400004, 21.97141767200003], [80.44932488200004, 21.971443211000064], [80.44926147400008, 21.971467870000026], [80.44919850700006, 21.971488565000072], [80.44913377800003, 21.971522031000063], [80.44908358000004, 21.97154757000004], [80.44906728800004, 21.971556817000078], [80.44901224600005, 21.97158631900004], [80.44898494600005, 21.971594245000063], [80.44892153800004, 21.97161053700006], [80.44885460800003, 21.97163123300004], [80.44880352900003, 21.97164708500003], [80.44865337600004, 21.97169376000005], [80.44859305100005, 21.971713134000026], [80.44853140400005, 21.97173427000007], [80.44850454400006, 21.97174351700005], [80.44846711600007, 21.971759810000037], [80.44838961800008, 21.971782707000045], [80.44833149400006, 21.971796357000073], [80.44822229200008, 21.971818374000065], [80.44818310200003, 21.97182674000004], [80.44816108600008, 21.97183554700007], [80.44808755000008, 21.971858884000028], [80.44801665700004, 21.97187165400004], [80.44797438500007, 21.97188002000007], [80.44792242600005, 21.971885744000076], [80.44789468500005, 21.97188926700005], [80.44786210100006, 21.97189587200006], [80.44781938900007, 21.97190555900005], [80.44774893600004, 21.971894551000048], [80.44772119500004, 21.971861966000063], [80.44770666400007, 21.971852279000075], [80.44768420700007, 21.971828061000053], [80.44762696400005, 21.971740875000023], [80.44757808700007, 21.97168715500004], [80.44753361300008, 21.97164884600005], [80.44746624300006, 21.971600410000065], [80.44746316000004, 21.97157222800007], [80.44747240700008, 21.97155461500006]], [[80.44530663700004, 21.971305002000065], [80.44534973500004, 21.97126306100006], [80.44539597000005, 21.97123300800007], [80.44543213200006, 21.971223596000073], [80.44553104100004, 21.97120229500007], [80.44560435600005, 21.971205432000033], [80.44563705100006, 21.971212698000045], [80.44565191200007, 21.971221945000025], [80.44568790900007, 21.971249025000077], [80.44570739400007, 21.971281885000053], [80.44572902500005, 21.97132481700004], [80.44573662100004, 21.971381620000045], [80.44575676600004, 21.97144700900003], [80.44576139000003, 21.97147607100004], [80.44576997600007, 21.971527920000028], [80.44575643600007, 21.971551368000064], [80.44571416400004, 21.97160916100006], [80.44569798200007, 21.97162666400004], [80.44566198500007, 21.97164416800007], [80.44562664800003, 21.97165242400007], [80.44558900000004, 21.971653084000025], [80.44556885500003, 21.97165407500006], [80.44553516900004, 21.97165506600004], [80.44551832700006, 21.97165671700003], [80.44547968800003, 21.971668606000037], [80.44544005800003, 21.971677853000074], [80.44542552700005, 21.97167488100007], [80.44540538200005, 21.971673560000056], [80.44538523600005, 21.971643507000067], [80.44536013800007, 21.97161180300003], [80.44535056000007, 21.97159397000007], [80.44531984700006, 21.97153188300007], [80.44529970200006, 21.971502161000046], [80.44528550100006, 21.971458238000025], [80.44527229100004, 21.97142455200003], [80.44527064000005, 21.97137369400008], [80.44527262200006, 21.97134628300006], [80.44530663700004, 21.971305002000065]], [[80.44769883400005, 21.966421452000077], [80.44770560800004, 21.96642149400003], [80.44771002600004, 21.966421491000062], [80.44771703000004, 21.966421491000062], [80.44771822900003, 21.96642149300004], [80.44771853200007, 21.966421487000048], [80.44771852800005, 21.966423493000036], [80.44771923000008, 21.96642349600006], [80.44772053000008, 21.966423501000065], [80.44772053800006, 21.966425008000044], [80.44772052900004, 21.966425495000067], [80.44772094400008, 21.96642549300003], [80.44772204700007, 21.966425491000052], [80.44772253500008, 21.966425487000038], [80.44772253600007, 21.966426443000046], [80.44772253500008, 21.966426995000063], [80.44772253400004, 21.966427430000067], [80.44772253500008, 21.966427493000026], [80.44772272700004, 21.966427493000026], [80.44772376400005, 21.966427494000072], [80.44772484000003, 21.966427492000037], [80.44772517900003, 21.966427493000026], [80.44772553900003, 21.966427493000026], [80.44772584300006, 21.966427493000026], [80.44772618800005, 21.966427493000026], [80.44772643700009, 21.966427492000037], [80.44772653500007, 21.966427493000026], [80.44772653500007, 21.966428161000067], [80.44772653500007, 21.966428506000057], [80.44772653400008, 21.966428669000038], [80.44772653400008, 21.96642879700005], [80.44772653400008, 21.966429063000078], [80.44772653500007, 21.96642915500007], [80.44772653400008, 21.966429450000078], [80.44772653400008, 21.966429493000078], [80.44772670300006, 21.966429493000078], [80.44772678300006, 21.966429493000078], [80.44772686500005, 21.966429493000078], [80.44772695400007, 21.966429493000078], [80.44772721400005, 21.966429493000078], [80.44772725600006, 21.966429493000078], [80.44772730300008, 21.966429493000078], [80.44772735000004, 21.966429493000078], [80.44772739700005, 21.966429493000078], [80.44772744500006, 21.966429493000078], [80.44772749000003, 21.966429493000078], [80.44772754000007, 21.966429493000078], [80.44772758600004, 21.966429493000078], [80.44772762400004, 21.966429493000078], [80.44772767100005, 21.966429493000078], [80.44772770500003, 21.966429493000078], [80.44772777800006, 21.96642949200003], [80.44772808800008, 21.966429494000067], [80.44772845100005, 21.966429493000078], [80.44772851300007, 21.966429493000078], [80.44772853400008, 21.966429493000078], [80.44772853600006, 21.966429567000034], [80.44772853500007, 21.96642983600003], [80.44772853400008, 21.966430143000025], [80.44772853500007, 21.966430457000058], [80.44772853400008, 21.96643117900004], [80.44772853500007, 21.966431493000073], [80.44772892200007, 21.966431493000073], [80.44773054000007, 21.96643150500006], [80.44773051400006, 21.96643349200008], [80.44773148900003, 21.966433508000023], [80.44773340400008, 21.966433487000074], [80.44773452400005, 21.966433513000027], [80.44773452900006, 21.966435489000048], [80.44773593200006, 21.966435510000053], [80.44773653100003, 21.966435489000048], [80.44773652100008, 21.966437496000026], [80.44773850200005, 21.966437538000037], [80.44773854300007, 21.966441490000022], [80.44773653100003, 21.966441490000022], [80.44773653300007, 21.96644855200003], [80.44773653400006, 21.966448901000035], [80.44773653400006, 21.966449131000047], [80.44773653400006, 21.96644920700004], [80.44773653400006, 21.966449304000037], [80.44773653400006, 21.966449402000023], [80.44773653400006, 21.966449493000027], [80.44773637600008, 21.966449492000038], [80.44773552100008, 21.966449492000038], [80.44773484300003, 21.966449492000038], [80.44773453400006, 21.966449494000074], [80.44773453300007, 21.966449707000038], [80.44773453200008, 21.966450132000034], [80.44773453400006, 21.966450560000055], [80.44773453400006, 21.966450988000076], [80.44773452900006, 21.96645157100005], [80.44773453300007, 21.96645208600006], [80.44773453400006, 21.966452549000053], [80.44773453300007, 21.966452783000022], [80.44773453400006, 21.966452995000054], [80.44773453600004, 21.96645349000005], [80.44773288100004, 21.966453493000074], [80.44773018200004, 21.96645349100004], [80.44772632200005, 21.966453493000074], [80.44772326000003, 21.966453483000066], [80.44772010700007, 21.966453496000042], [80.44771914700004, 21.966453493000074], [80.44771704200008, 21.966453493000074], [80.44771534100005, 21.96645349100004], [80.44771453600003, 21.966453486000034], [80.44771453100003, 21.96645297500004], [80.44771453600003, 21.96645149400007], [80.44771181700008, 21.966451473000063], [80.44771054800003, 21.966451504000077], [80.44771055800004, 21.96644948100004], [80.44770337500006, 21.96644952300005], [80.44770050600005, 21.96644948100004], [80.44770056800007, 21.966447479000067], [80.44769656400007, 21.966447438000046], [80.44769654300006, 21.96644549800004], [80.44769452000008, 21.966445477000036], [80.44769452000008, 21.96644147300003], [80.44769247700003, 21.966441432000067], [80.44769264200005, 21.966439491000074], [80.44769057800005, 21.966439368000067], [80.44769057800005, 21.96643548700007], [80.44768855500007, 21.966435363000073], [80.44768863800005, 21.966431483000065], [80.44768661500007, 21.966431483000065], [80.44768661500007, 21.96642946000003], [80.44768855500007, 21.966429419000065], [80.44768839000005, 21.966427355000064], [80.44769425200008, 21.966427561000046], [80.44769883400005, 21.966421452000077]], [[80.44706568700008, 21.966087833000074], [80.44707153900004, 21.96608941200003], [80.44707599700007, 21.96609126900006], [80.44708268500005, 21.96610000000004], [80.44709132300005, 21.966109010000025], [80.44709903200004, 21.966124242000035], [80.44710924900005, 21.966138453000042], [80.44711658700004, 21.966153129000077], [80.44709522400007, 21.966153129000077], [80.44708314900004, 21.966150993000042], [80.44705491300004, 21.96614244700004], [80.44702296100007, 21.966125729000055], [80.44702259000007, 21.966112353000028], [80.44704042300003, 21.966094892000058], [80.44706568700008, 21.966087833000074]], [[80.44715916200005, 21.966142981000075], [80.44717439400006, 21.966141124000046], [80.44718795500006, 21.966146139000045], [80.44719780100007, 21.966152270000066], [80.44720374500008, 21.96616861700005], [80.44720671700009, 21.96618477900006], [80.44720393100005, 21.966200197000035], [80.44718182500003, 21.966186265000033], [80.44716659200003, 21.966178463000062], [80.44716213400005, 21.96617511900007], [80.44715488900005, 21.96616527300006], [80.44715228800004, 21.966157285000065], [80.44715916200005, 21.966142981000075]], [[80.44790129200004, 21.96671550900004], [80.44791336700007, 21.966708821000054], [80.44792785700008, 21.966704177000054], [80.44794290400006, 21.966701391000072], [80.44795237800008, 21.96670027600004], [80.44796445200006, 21.966703434000067], [80.44797076800006, 21.96670770700007], [80.44797021100004, 21.966714394000064], [80.44796779600006, 21.966717552000034], [80.44796129400004, 21.966717738000057], [80.44794197500005, 21.966717552000034], [80.44793435800005, 21.966718481000044], [80.44792191200008, 21.96672201000007], [80.44791132300008, 21.966729998000062], [80.44790556500004, 21.966734271000064], [80.44789813400007, 21.966751361000036], [80.44788290100007, 21.96676975200006], [80.44787435600006, 21.966783313000064], [80.44786451100003, 21.96679836000004], [80.44785819500004, 21.966802261000055], [80.44785076400007, 21.96679464400006], [80.44785317900005, 21.966782384000055], [80.44787064100007, 21.966750061000027], [80.44790129200004, 21.96671550900004]], [[80.44731659700005, 21.96632150100004], [80.44733433800008, 21.966321409000045], [80.44733452400004, 21.966322709000053], [80.44733480200006, 21.966325495000035], [80.44733666000008, 21.96632577400004], [80.44733628800003, 21.966331533000073], [80.44733861100008, 21.966331440000033], [80.44733842500005, 21.966332369000042], [80.44733851800004, 21.966341193000062], [80.44733405900007, 21.96634481500007], [80.44732848600006, 21.966347601000052], [80.44732096300004, 21.966347694000035], [80.44731269600004, 21.96634332900004], [80.44730870200004, 21.96633775600003], [80.44730860900006, 21.966333948000056], [80.44731065300005, 21.96632577400004], [80.44731659700005, 21.96632150100004]], [[80.45031344800003, 21.969798276000063], [80.45034279900005, 21.969791960000066], [80.45038329600004, 21.969800134000025], [80.45042044900003, 21.969814623000048], [80.45048286600007, 21.969845460000045], [80.45054454000007, 21.969880384000078], [80.45067643300007, 21.96993722800005], [80.45078937800008, 21.969989242000054], [80.45086739900006, 21.97002565200006], [80.45091569800007, 21.97004868700003], [80.45092610100005, 21.97005426000004], [80.45100932400004, 21.970111847000055], [80.45104982000004, 21.970138597000073], [80.45109366100007, 21.970166090000077], [80.45114716100005, 21.970232594000038], [80.45116573700005, 21.97026751800007], [80.45118617200006, 21.970297612000024], [80.45118542900008, 21.970388637000042], [80.45118097000005, 21.97043842200003], [80.45115867800007, 21.970482262000075], [80.45113044200008, 21.970509384000025], [80.45108697300003, 21.970506040000032], [80.45104982000004, 21.97048932100006], [80.45101601100004, 21.970474460000048], [80.45095953900005, 21.97043953600007], [80.45092944500004, 21.970427647000065], [80.45086405500007, 21.970397925000043], [80.45082876000004, 21.97037526200006], [80.45078529100005, 21.970338480000066], [80.45070225400008, 21.97026417400008], [80.45060454200006, 21.97018243800005], [80.45049958500005, 21.97009345600003], [80.45043159500005, 21.970027696000045], [80.45040075800006, 21.97000150300005], [80.45031140500004, 21.969922738000037], [80.45026347800007, 21.969875554000055], [80.45028484100004, 21.969819639000036], [80.45031344800003, 21.969798276000063]], [[80.44764549400008, 21.966472157000055], [80.44769433200008, 21.966473216000054], [80.44771077200005, 21.966479625000034], [80.44770937900006, 21.966490492000048], [80.44770129800008, 21.966509162000023], [80.44769600400008, 21.966531454000062], [80.44769349600006, 21.966555139000036], [80.44767817100006, 21.966558064000026], [80.44767162300008, 21.966560712000046], [80.44765769000009, 21.966552770000078], [80.44764236500004, 21.966553745000056], [80.44761840100006, 21.966539952000062], [80.44760781200006, 21.966529364000053], [80.44757456600007, 21.966511495000077], [80.44757265100003, 21.966509527000028], [80.44756897600007, 21.96650574800003], [80.44756479600005, 21.96650167300004], [80.44756258400008, 21.966499618000057], [80.44756251500007, 21.966498364000074], [80.44756248000004, 21.966495473000066], [80.44756451800004, 21.966495543000065], [80.44756453400004, 21.966491693000023], [80.44756453300005, 21.966491549000068], [80.44756453400004, 21.966491493000035], [80.44756492800008, 21.966491492000046], [80.44756559100006, 21.966491492000046], [80.44756623300003, 21.966491493000035], [80.44756653300004, 21.966491493000035], [80.44756653200005, 21.966491328000075], [80.44756652700005, 21.966489825000053], [80.44756652900008, 21.966489485000068], [80.44756721200008, 21.966489479000074], [80.44756852400008, 21.96648949100006], [80.44756851800008, 21.96648691300004], [80.44756854100007, 21.966485497000065], [80.44757049100008, 21.96648545100004], [80.44757051500005, 21.966481526000052], [80.44757650600008, 21.966481503000068], [80.44757648200004, 21.966479483000057], [80.44758600300008, 21.966479553000056], [80.44759252800003, 21.966479367000034], [80.44759257400005, 21.966481480000027], [80.44761094200004, 21.966481491000025], [80.44761653800003, 21.966481491000025], [80.44761652600005, 21.966479483000057], [80.44762849700004, 21.966479494000055], [80.44762840400006, 21.966477497000028], [80.44763244400008, 21.966477590000068], [80.44763249000005, 21.966475547000073], [80.44763862100007, 21.966475454000033], [80.44763862100007, 21.96647382900005], [80.44764549400008, 21.966472157000055]], [[80.44768402200003, 21.966572693000046], [80.44769335700005, 21.96657366900007], [80.44770506000003, 21.966578406000053], [80.44771495200007, 21.966583700000058], [80.44772442600004, 21.966590109000038], [80.44772010700007, 21.966596657000025], [80.44771300200006, 21.96660181200008], [80.44770338800004, 21.966603484000075], [80.44767970300006, 21.96659749300005], [80.44766800000008, 21.966589551000027], [80.44766256700007, 21.966583700000058], [80.44766897500006, 21.966577570000027], [80.44768402200003, 21.966572693000046]], [[80.44798928000006, 21.96679129200004], [80.44799252400009, 21.966791501000046], [80.44800044800007, 21.96679542000004], [80.44800247300003, 21.966797462000045], [80.44800638200007, 21.966799355000035], [80.44800828100006, 21.966801201000067], [80.44801023100007, 21.966803291000076], [80.44801242600005, 21.966805364000038], [80.44801408000006, 21.966807071000062], [80.44801637900008, 21.96680938700007], [80.44801852100005, 21.96681135500006], [80.44801883400004, 21.966813131000038], [80.44801745900008, 21.96681452400003], [80.44801493300008, 21.96681715400007], [80.44801024900005, 21.966821525000057], [80.44800767100008, 21.966821665000055], [80.44799917200004, 21.96681936600004], [80.44799297200007, 21.966817137000078], [80.44797883100006, 21.966811564000068], [80.44797465100004, 21.966803483000035], [80.44797444200003, 21.966800069000044], [80.44798928000006, 21.96679129200004]], [[80.45730289500005, 21.971246687000075], [80.45730763200004, 21.971183434000068], [80.45734302000005, 21.971171174000062], [80.45736781900007, 21.971147768000037], [80.45739289800008, 21.971123247000037], [80.45739178300005, 21.97112101700003], [80.45734803500005, 21.971101512000075], [80.45730986100006, 21.971081171000037], [80.45729620700007, 21.971056650000037], [80.45727196500007, 21.971011230000045], [80.45725775400007, 21.970983923000063], [80.45729397800005, 21.970922621000057], [80.45734413400004, 21.970874136000077], [80.45738314500005, 21.970861875000026], [80.45748513000007, 21.97083066700003], [80.45752804200004, 21.970839305000027], [80.45758014900008, 21.970846550000033], [80.45760216200006, 21.970860482000035], [80.45764284400008, 21.970893641000032], [80.45766179200007, 21.970958566000036], [80.45767321700004, 21.97100454300005], [80.45767600300007, 21.971059715000024], [80.45767474900003, 21.971119346000023], [80.45766736500008, 21.97122272400003], [80.45766402100008, 21.971319136000034], [80.45766123500005, 21.971364834000042], [80.45765454700006, 21.971413876000042], [80.45764730300004, 21.97145121400007], [80.45759324500006, 21.971463475000064], [80.45752469800004, 21.971456787000022], [80.45735249400008, 21.971447313000056], [80.45733298900007, 21.971392698000045], [80.45729787900007, 21.971306318000074], [80.45730289500005, 21.971246687000075]], [[80.45012536000007, 21.96996440500004], [80.45027081400008, 21.970069342000045], [80.45029902700009, 21.97009144200007], [80.45032081300008, 21.970109467000043], [80.45037034300003, 21.97014771100004], [80.45039620500006, 21.970178824000072], [80.45042880700004, 21.970220046000065], [80.45044902600006, 21.970246692000046], [80.45049518600007, 21.970292225000037], [80.45053993500005, 21.970332428000063], [80.45057441700004, 21.97036487300005], [80.45059918200008, 21.97038305500007], [80.45063209700004, 21.970406566000065], [80.45070999600006, 21.97047208300006], [80.45074400900006, 21.97049245900007], [80.45077943200005, 21.970513462000042], [80.45083429000005, 21.97054919800007], [80.45089698600003, 21.97059433900006], [80.45095529300005, 21.970630076000077], [80.45100513600005, 21.970655468000075], [80.45104494800006, 21.970680859000026], [80.45112049600004, 21.970714401000066], [80.45116501000007, 21.970739166000044], [80.45120827000005, 21.970752959000038], [80.45124337900006, 21.970759229000066], [80.45126062100007, 21.97077020100005], [80.45128538600005, 21.970783994000044], [80.45130294000006, 21.970797787000038], [80.45131673300006, 21.970809072000065], [80.45130294000006, 21.970845435000058], [80.45124996300007, 21.970866752000063], [80.45119290900004, 21.970890890000078], [80.45112112300006, 21.970919416000072], [80.45107034000006, 21.970946689000073], [80.45102081000005, 21.970958601000063], [80.45092802000005, 21.97097364800004], [80.45087504300005, 21.97098399300006], [80.45083648500008, 21.97098900800006], [80.45077034100007, 21.97100029300003], [80.45073021600007, 21.971007190000023], [80.45066595300005, 21.97101847500005], [80.45062488700006, 21.971022237000057], [80.45056469900004, 21.971024431000046], [80.45048977800008, 21.971024431000046], [80.45045466800008, 21.97101408700007], [80.45043648700005, 21.971005309000077], [80.45039886900008, 21.970989949000057], [80.45037661200007, 21.970979604000036], [80.45033335200003, 21.97096236300007], [80.45029448100007, 21.970945748000076], [80.45023492000007, 21.970912833000057], [80.45018883900008, 21.97087615600003], [80.45015310200006, 21.970845749000034], [80.45012394900004, 21.970812520000038], [80.45011141000003, 21.970779291000042], [80.45010357300004, 21.970734151000045], [80.45008978000004, 21.970664872000043], [80.45008445100007, 21.970620671000063], [80.45007222500004, 21.970557976000066], [80.45006188000008, 21.970527255000036], [80.45005937300004, 21.97050437100006], [80.45002018800005, 21.970445124000037], [80.44998288400006, 21.970378039000025], [80.44996783700003, 21.970345124000062], [80.44996909100007, 21.970295281000062], [80.44998507800005, 21.970216598000036], [80.44999887100005, 21.970182429000033], [80.45003304000005, 21.97011126900003], [80.45006125300006, 21.970063151000033], [80.45008570500005, 21.97001503200005], [80.45009949800004, 21.96998901300003], [80.45012536000007, 21.96996440500004]], [[80.45433646800006, 21.97052905700008], [80.45437298900003, 21.970527960000027], [80.45438787900008, 21.970526393000057], [80.45441264400006, 21.970525923000025], [80.45443458700004, 21.970527333000064], [80.45444979100006, 21.97053109500007], [80.45447236100006, 21.970536111000058], [80.45450809800008, 21.970541753000077], [80.45454493100004, 21.97055288200005], [80.45457957100007, 21.970562913000037], [80.45462048000007, 21.97056542100006], [80.45464837900005, 21.97056683200003], [80.45468333200006, 21.97056212900003], [80.45473380200008, 21.97055774100005], [80.45476765800004, 21.97055570300006], [80.45479837800008, 21.970553822000056], [80.45483301800004, 21.97056212900003], [80.45488035300008, 21.970576079000068], [80.45492220200003, 21.970594574000074], [80.45494775100008, 21.97060821100007], [80.45496844000007, 21.97061024800007], [80.45499837700004, 21.97061526400006], [80.45504477200006, 21.97062028000005], [80.45506279700004, 21.970623101000058], [80.45510370600005, 21.970615421000048], [80.45513050800008, 21.97061197200003], [80.45515182500003, 21.970607897000036], [80.45523442600006, 21.970615891000023], [80.45526185600005, 21.970618712000032], [80.45528427000005, 21.97062733300004], [80.45531812500008, 21.97064410400003], [80.45533364200008, 21.970647709000048], [80.45536655800004, 21.970646455000065], [80.45540213700008, 21.970645828000045], [80.45543458200007, 21.970646298000077], [80.45546530300004, 21.97064755200006], [80.45549069500004, 21.970648179000023], [80.45550966000008, 21.970648179000023], [80.45553129000007, 21.970649903000037], [80.45558019300006, 21.970651000000032], [80.45559680700006, 21.970652881000035], [80.45561357800005, 21.97065444900005], [80.45563787300006, 21.970655703000034], [80.45565495700004, 21.970655859000033], [80.45568379700006, 21.970658210000067], [80.45570605400007, 21.970667615000025], [80.45573066200006, 21.970678900000053], [80.45575840500004, 21.970688775000042], [80.45577878100005, 21.970718085000044], [80.45580746500008, 21.97075679900007], [80.45580730800003, 21.97076886800005], [80.45581969000006, 21.970805545000076], [80.45581843600007, 21.970823100000075], [80.45581342100007, 21.970857269000078], [80.45580965900007, 21.970868711000037], [80.45579915700006, 21.970886579000023], [80.45578896900008, 21.97090272300005], [80.45577596000004, 21.970910090000075], [80.45574680700008, 21.970933131000038], [80.45570182200004, 21.97094488600004], [80.45567658700008, 21.97094065400006], [80.45563834300003, 21.970936736000056], [80.45561326500007, 21.970930623000072], [80.45555872000006, 21.970918711000024], [80.45553379800003, 21.97091745700004], [80.45547345400007, 21.970916516000045], [80.45544555400005, 21.97090993300003], [80.45536389300008, 21.970885012000053], [80.45531467700005, 21.970868084000074], [80.45527706000007, 21.970856015000038], [80.45525010000006, 21.97084034100004], [80.45523489700008, 21.97083407200006], [80.45517047700008, 21.97081808400003], [80.45510104200008, 21.97079692500006], [80.45508536800008, 21.970794260000048], [80.45501859700005, 21.970773257000076], [80.45496781300005, 21.970764793000058], [80.45488411500008, 21.970743477000042], [80.45485245300006, 21.970738147000077], [80.45481546300005, 21.97072968300006], [80.45474837900008, 21.97071965200007], [80.45470825300004, 21.97071683100006], [80.45465088700007, 21.97071212900005], [80.45464211000007, 21.970708994000063], [80.45462769000005, 21.970711815000072], [80.45459289300004, 21.970718085000044], [80.45456217300006, 21.970718085000044], [80.45452486900007, 21.970718712000064], [80.45446718900007, 21.970717458000024], [80.45445809800003, 21.97071620400004], [80.45442565300004, 21.970707740000023], [80.45438019900007, 21.97069676800004], [80.45434070000005, 21.97068454300006], [80.45431766000007, 21.97063140800003], [80.45429900800008, 21.97058940200003], [80.45430668800003, 21.97057451200004], [80.45433646800006, 21.97052905700008]], [[80.46338909000008, 21.97335036100003], [80.46341401200004, 21.97335114400005], [80.46342811800008, 21.973353966000047], [80.46344567300008, 21.973361176000026], [80.46347655100004, 21.973369169000023], [80.46349175400007, 21.97337261800004], [80.46352827500004, 21.973379514000044], [80.46354504600004, 21.973382806000075], [80.46354363500006, 21.973429671000076], [80.46354159700007, 21.97346478000003], [80.46354003000005, 21.973466348000045], [80.46352216200006, 21.97348421600003], [80.46351698900008, 21.973486881000042], [80.46348783600007, 21.973487978000037], [80.46345680200005, 21.973479827000062], [80.46343344700006, 21.973474968000062], [80.46340586100007, 21.973453965000033], [80.46338720900008, 21.97344017200004], [80.46338078300005, 21.973416818000032], [80.46337153500008, 21.973374655000043], [80.46338909000008, 21.97335036100003]], [[80.45578175900005, 21.971049745000073], [80.45581800500008, 21.971045944000025], [80.45587513700008, 21.97104500300003], [80.45592380400007, 21.971036069000036], [80.45597200100008, 21.971036539000067], [80.45601314500004, 21.971035834000077], [80.45607356800008, 21.97103089700005], [80.45611259600008, 21.971029721000036], [80.45613986900008, 21.971024314000033], [80.45616055800008, 21.97101820100005], [80.45620593400008, 21.971019141000056], [80.45626729800006, 21.971013029000062], [80.45630891200005, 21.97100127300007], [80.45632513500004, 21.970997511000064], [80.45636886500006, 21.971001038000054], [80.45641165400008, 21.970999392000067], [80.45644033800005, 21.970993279000027], [80.45647395800006, 21.970991869000045], [80.45651275100005, 21.970992574000036], [80.45652333100008, 21.970988342000055], [80.45655648100006, 21.97098505100007], [80.45658093300005, 21.970980819000033], [80.45661690400004, 21.970979408000062], [80.45663665300003, 21.970974941000065], [80.45664464700008, 21.97097188500004], [80.45667027400003, 21.970980584000074], [80.45668931800003, 21.970986226000036], [80.45670554000003, 21.970987167000033], [80.45673422300007, 21.970987167000033], [80.45676643300004, 21.970991869000045], [80.45679699700008, 21.970995866000067], [80.45683884700009, 21.970993044000068], [80.45686306300007, 21.97099563100005], [80.45688398800007, 21.970999392000067], [80.45690397200008, 21.970999862000042], [80.45692607200004, 21.971003154000073], [80.45695687100005, 21.971010677000038], [80.45698014700008, 21.971012088000066], [80.45700060200005, 21.971013499000037], [80.45701847000004, 21.97101749600006], [80.45705185500003, 21.971026195000036], [80.45708171400008, 21.971027840000033], [80.45709582100005, 21.971029486000077], [80.45713531900003, 21.971029016000045], [80.45715295200006, 21.971023373000037], [80.45717505200008, 21.971012088000066], [80.45719104000005, 21.971012793000057], [80.45721431500004, 21.97101467400006], [80.45725169800005, 21.971020552000027], [80.45725569400008, 21.971025019000024], [80.45726415800004, 21.971042417000035], [80.45727897000006, 21.971062166000024], [80.45729002000007, 21.971078154000054], [80.45729742600008, 21.971103780000078], [80.45730083500007, 21.971127762000037], [80.45730048300004, 21.971141986000077], [80.45729248900005, 21.971169493000048], [80.45728896200006, 21.971177957000066], [80.45723065500005, 21.97117842700004], [80.45719891600004, 21.971176782000043], [80.45716835200005, 21.97116996400007], [80.45714154900008, 21.97116925800003], [80.45712086000003, 21.971168083000066], [80.45710581300006, 21.971165967000047], [80.45704891600008, 21.971163381000054], [80.45703575000005, 21.971166907000054], [80.45700800700007, 21.97117278500008], [80.45699155000005, 21.97117066900006], [80.45697015500008, 21.971169023000073], [80.45692571900008, 21.97116784800005], [80.45685401100008, 21.971151390000045], [80.45682838400006, 21.971137989000056], [80.45679288300005, 21.971120591000044], [80.45677078300008, 21.97111518300005], [80.45671083000008, 21.971102252000037], [80.45664311900003, 21.971079212000063], [80.45661490600008, 21.97107450900006], [80.45656459300005, 21.971074745000067], [80.45652603500008, 21.971066046000033], [80.45650769600007, 21.97106698600004], [80.45648183400004, 21.971071453000036], [80.45646373100004, 21.971069572000033], [80.45643105100004, 21.971065340000052], [80.45638614500007, 21.971054525000056], [80.45633818300007, 21.971062519000043], [80.45632102000008, 21.97106345900005], [80.45624225900008, 21.971066046000033], [80.45622203900007, 21.971068632000026], [80.45614116200005, 21.97107686100003], [80.45611812100003, 21.971081092000077], [80.45608426600006, 21.971089556000038], [80.45604680500008, 21.97109284800007], [80.45601059800003, 21.97109425900004], [80.45598755800006, 21.97109692300006], [80.45596012800007, 21.97109504200006], [80.45594994000004, 21.971095512000034], [80.45595056700006, 21.97109708000005], [80.45595464300004, 21.971107738000057], [80.45596247900005, 21.971114948000036], [80.45600432900005, 21.971130779000077], [80.45602595900004, 21.971136578000028], [80.45605197700007, 21.971144258000038], [80.45606968900006, 21.971150058000035], [80.45609131900005, 21.97115397600004], [80.45609978300007, 21.971143788000063], [80.45610746300008, 21.971140967000053], [80.45611733800007, 21.971141594000073], [80.45612815300007, 21.971148334000077], [80.45613661700008, 21.971157738000045], [80.45613677300008, 21.97116651500005], [80.45613113100006, 21.971167769000033], [80.45617062900004, 21.971180935000064], [80.45620511200008, 21.971190810000053], [80.45622956300008, 21.97119676600005], [80.45623191400006, 21.971198490000063], [80.45624304200004, 21.97120711100007], [80.45625934300006, 21.97121682900007], [80.45627909200005, 21.971225136000044], [80.45632345000007, 21.971240026000032], [80.45634194500008, 21.97124566900004], [80.45639351200003, 21.971259618000033], [80.45641906000003, 21.971265731000074], [80.45644492200006, 21.971271844000057], [80.45645495400004, 21.971272784000064], [80.45644946800007, 21.971264477000034], [80.45644978100006, 21.971260245000053], [80.45645401300004, 21.971254759000033], [80.45646044000006, 21.971250057000077], [80.45646859000004, 21.97124849000005], [80.45647423300005, 21.971244101000025], [80.45649084700005, 21.971235324000077], [80.45651435800005, 21.971229995000044], [80.45651968700008, 21.971245355000065], [80.45652752400008, 21.97124849000005], [80.45654225700008, 21.971252252000056], [80.45656357400003, 21.971255073000066], [80.45657266500007, 21.971259775000078], [80.45659680300008, 21.971272941000052], [80.45658551700006, 21.971281092000027], [80.45656482800007, 21.97129269000004], [80.45654852700005, 21.97129551200004], [80.45654884000004, 21.97130052700004], [80.45660840100004, 21.971316201000036], [80.45663065800005, 21.971321844000045], [80.45663253900005, 21.971294258000057], [80.45663880900008, 21.971287675000042], [80.45664507800007, 21.97128924200007], [80.45665918500003, 21.971300214000053], [80.45666733500008, 21.97130052700004], [80.45668457600004, 21.971305856000072], [80.45669711600004, 21.971314007000046], [80.45671623800007, 21.97132341100007], [80.45671937200007, 21.971329367000067], [80.45671843200006, 21.97133751800004], [80.45672438800005, 21.971339398000055], [80.45675855700006, 21.971350057000052], [80.45680463900004, 21.971359148000033], [80.45683912100003, 21.97136761200005], [80.45684319600008, 21.97136008800004], [80.45685040600006, 21.971354132000045], [80.45686545300003, 21.97135381800007], [80.45687861900007, 21.971358207000037], [80.45689836800005, 21.97137325400007], [80.45690056300003, 21.97138453900004], [80.45690401100006, 21.971387047000064], [80.45692595500003, 21.971396138000046], [80.45697579800003, 21.97141275200005], [80.45705291300004, 21.971438771000066], [80.45707830500004, 21.971443787000055], [80.45710275600004, 21.97144692100005], [80.45712250500003, 21.97144754800007], [80.45715291300007, 21.971454445000063], [80.45718112600008, 21.97145820700007], [80.45720902500005, 21.97145977400004], [80.45722783400004, 21.971463222000068], [80.45726169000005, 21.971462909000024], [80.45730996500004, 21.971462909000024], [80.45733504400005, 21.971468238000057], [80.45736670500008, 21.971472000000063], [80.45739021600008, 21.971469805000027], [80.45741874200007, 21.971476075000055], [80.45744068600004, 21.971475761000022], [80.45747172000006, 21.971481091000044], [80.45748394600008, 21.97148203100005], [80.45750024700004, 21.971482971000057], [80.45752062300005, 21.971486733000063], [80.45753817700006, 21.971482971000057], [80.45758081000008, 21.971476388000042], [80.45762344300005, 21.97148140400003], [80.45765604500008, 21.971481718000064], [80.45770181300009, 21.971486733000063], [80.45770933600005, 21.97149112200003], [80.45774475900004, 21.971503348000056], [80.45776231400004, 21.971514633000027], [80.45780933600008, 21.971535009000036], [80.45781905400008, 21.97154723400007], [80.45783316000006, 21.971552877000022], [80.45787171800004, 21.971566043000053], [80.45789585600005, 21.97157670100006], [80.45790651400006, 21.971587673000045], [80.45792406900006, 21.971596137000063], [80.45795196900008, 21.97160334700004], [80.45799993100007, 21.971617454000068], [80.45805729700004, 21.97162873900004], [80.45809616800005, 21.971636889000024], [80.45811152900006, 21.971645353000042], [80.45815823700008, 21.971666043000027], [80.45819522800008, 21.971680149000065], [80.45821340900005, 21.971696764000058], [80.45822093300006, 21.97171557200005], [80.45821842500004, 21.97173312700005], [80.45820619900007, 21.971778895000057], [80.45819679500005, 21.971803660000035], [80.45818206100006, 21.97182560300007], [80.45815604300003, 21.97185507000006], [80.45813911500005, 21.971844098000076], [80.45812250100005, 21.97183563400006], [80.45805040100004, 21.971800211000073], [80.45801184300007, 21.97177795400006], [80.45799209400008, 21.97176604200007], [80.45795823800006, 21.971751936000032], [80.45791748600004, 21.971733441000026], [80.45789522900003, 21.971729365000044], [80.45787203200007, 21.971726544000035], [80.45782501000008, 21.971722469000042], [80.45776607600004, 21.97171118400007], [80.45773002600004, 21.971712124000078], [80.45767548100008, 21.971706168000026], [80.45757516800006, 21.971694883000055], [80.45752407100008, 21.971689867000066], [80.45743222200008, 21.971676074000072], [80.45733786500006, 21.97166228100008], [80.45729523200004, 21.971655071000043], [80.45725197200005, 21.97164409900006], [80.45722469900005, 21.971634381000058], [80.45718896300008, 21.971615573000065], [80.45715510700006, 21.971604914000068], [80.45709711400008, 21.971580777000042], [80.45706733300005, 21.971565416000033], [80.45704601700004, 21.971563222000043], [80.45702595400007, 21.971557579000034], [80.45699742800008, 21.971551310000052], [80.45696952800006, 21.971536263000075], [80.45694225500006, 21.97151996200006], [80.45692313300003, 21.971511185000054], [80.45688488900004, 21.971503348000056], [80.45683065700007, 21.971486733000063], [80.45678144100003, 21.971469178000063], [80.45676231900006, 21.971463536000044], [80.45671090900004, 21.971452878000036], [80.45668708400007, 21.97143783100006], [80.45665009400005, 21.971416514000055], [80.45663567400004, 21.97141212500003], [80.45662250800007, 21.971402408000074], [80.45659648900005, 21.971391749000077], [80.45657485900006, 21.971385793000024], [80.45652376200007, 21.971368552000058], [80.45649805700003, 21.971361655000067], [80.45647862100003, 21.971357580000074], [80.45645855900005, 21.971345041000063], [80.45643943600004, 21.971337204000065], [80.45640746200007, 21.97133281500004], [80.45638614500007, 21.971325292000074], [80.45633881000003, 21.971311499000024], [80.45630370000003, 21.97130115400006], [80.45627862200007, 21.97130052700004], [80.45625761900004, 21.97130805100005], [80.45619523700003, 21.971306483000035], [80.45616451600006, 21.971292377000054], [80.45613755700003, 21.971277330000078], [80.45612815300007, 21.971261342000048], [80.45613191400008, 21.971245355000065], [80.45612721200007, 21.971239712000056], [80.45611906200008, 21.97123657800006], [80.45609837200004, 21.971232502000078], [80.45605323100006, 21.971215261000054], [80.45603034700008, 21.97121212600007], [80.45599649200005, 21.971200214000078], [80.45599335700007, 21.971192377000023], [80.45598489300005, 21.97117200100007], [80.45597204100005, 21.97116698600007], [80.45590370200006, 21.971141594000073], [80.45584915700005, 21.971133443000042], [80.45576765300007, 21.97110460300007], [80.45576796600005, 21.971068553000066], [80.45578175900005, 21.971049745000073]], [[80.45661454800006, 21.971215435000033], [80.45661475100007, 21.971212971000057], [80.45662217300008, 21.971213899000077], [80.45663040700003, 21.971215522000023], [80.45663829300008, 21.971217378000063], [80.45664177200007, 21.971218770000064], [80.45665232600004, 21.971226424000065], [80.45665441300008, 21.97123500600003], [80.45665487700006, 21.971240572000056], [80.45665105000006, 21.971249502000035], [80.45664432400008, 21.971253561000026], [80.45662078100008, 21.97125367700005], [80.45661405500005, 21.97125054600008], [80.45660640100004, 21.971245791000058], [80.45660466100009, 21.97123732500006], [80.45660466100009, 21.971223292000047], [80.45660657500008, 21.97122335000006], [80.45660648800003, 21.971215464000068], [80.45661454800006, 21.971215435000033]], [[80.45332804500003, 21.971084184000063], [80.45333401700003, 21.971075718000066], [80.45336127100006, 21.971051016000047], [80.45337831900008, 21.97103489600005], [80.45342476500008, 21.970998191000035], [80.45344772800007, 21.970980273000066], [80.45345764300004, 21.970973721000064], [80.45346338400003, 21.97096821200006], [80.45347422700007, 21.970957542000065], [80.45351638300008, 21.970920431000025], [80.45362423700004, 21.970822551000026], [80.45365926100004, 21.970783932000074], [80.45368129600007, 21.970761550000077], [80.45366007300004, 21.970754127000077], [80.45360359400007, 21.97072988900004], [80.45357425300006, 21.97071574100005], [80.45353064800008, 21.97070159200007], [80.45351731100004, 21.97070066400005], [80.45348217200007, 21.97069799700006], [80.45345480200007, 21.97068964700003], [80.45341850300008, 21.97068338500003], [80.45339322100006, 21.970677006000074], [80.45338939400006, 21.970664945000067], [80.45337733300005, 21.970659030000036], [80.45336933100003, 21.97064070700003], [80.45336909900004, 21.970628066000074], [80.45337118600008, 21.970606495000027], [80.45337976800005, 21.970584692000045], [80.45339577200008, 21.970550828000057], [80.45341873500007, 21.97053111300005], [80.45343195600003, 21.970533897000053], [80.45345770100005, 21.970541551000053], [80.45347486500003, 21.970548509000025], [80.45348553500008, 21.970562194000024], [80.45349434900004, 21.97056660100003], [80.45351336800007, 21.970569152000053], [80.45352844400009, 21.970573327000068], [80.45355720500004, 21.970577734000074], [80.45358225500007, 21.970586084000047], [80.45359663600004, 21.97059420200003], [80.45361148000006, 21.97059536200004], [80.45363676200003, 21.970592115000045], [80.45368871800008, 21.970591419000073], [80.45372582900006, 21.97058863500007], [80.45373441100008, 21.970589563000033], [80.45375343000006, 21.97059582600008], [80.45378195900008, 21.970599305000064], [80.45380144300003, 21.970600233000027], [80.45381396800008, 21.970603480000023], [80.45383577000007, 21.97060881500005], [80.45385223800008, 21.970613917000037], [80.45388146300007, 21.970620412000073], [80.45390628100006, 21.97062319500003], [80.45392970800003, 21.97063200900004], [80.45394269700006, 21.970636416000048], [80.45396937000004, 21.970638735000023], [80.45399233300003, 21.970647085000053], [80.45401529500003, 21.970654739000054], [80.45403222700008, 21.970656131000055], [80.45405101500006, 21.970664249000038], [80.45407119400005, 21.97067375900008], [80.45407699200007, 21.97068118100003], [80.45408302300007, 21.97068721200003], [80.45409415600005, 21.970689067000023], [80.45410598500007, 21.97068698000004], [80.45413451400003, 21.970689067000023], [80.45415075000005, 21.97068721200003], [80.45419203700004, 21.97068698000004], [80.45421963800004, 21.97068582000003], [80.45422636400008, 21.970687676000068], [80.45424167300007, 21.970691850000037], [80.45426881000003, 21.970693706000077], [80.45428829300005, 21.970696721000024], [80.45429617900004, 21.970697185000063], [80.45431589500004, 21.970707391000076], [80.45434303200005, 21.970717828000033], [80.45436738600006, 21.97072107500003], [80.45438246300006, 21.970721307000076], [80.45439985800004, 21.97072293100007], [80.45440449700004, 21.97072385900003], [80.45441052800004, 21.970726410000054], [80.45443163500005, 21.970727802000056], [80.45446735400003, 21.97073197700007], [80.45449611500004, 21.970734760000028], [80.45451768600003, 21.970736848000058], [80.45454783900004, 21.970732905000034], [80.45457149700007, 21.97072965700005], [80.45457335300006, 21.970732441000052], [80.45458912500004, 21.970732673000043], [80.45461811800004, 21.970733137000025], [80.45463435400006, 21.97072988900004], [80.45465754800006, 21.970726410000054], [80.45469118000005, 21.97073128100004], [80.45473293000003, 21.97073035300008], [80.45476609800005, 21.97073615200003], [80.45478952500008, 21.970739167000033], [80.45481132700007, 21.970744038000078], [80.45484565500004, 21.970760506000033], [80.45486026800006, 21.970761434000053], [80.45487673600007, 21.970763985000076], [80.45489969800008, 21.970763521000038], [80.45491848600005, 21.970768160000034], [80.45495606000003, 21.970778366000047], [80.45497693500005, 21.970785788000057], [80.45499386700004, 21.97078718000006], [80.45501891700007, 21.970795530000032], [80.45506414600004, 21.970814549000067], [80.45509290800004, 21.970815709000078], [80.45511007100004, 21.970817100000033], [80.45513720900004, 21.970827770000028], [80.45516249100007, 21.970839367000053], [80.45519774600007, 21.970854907000046], [80.45522442000004, 21.970861402000025], [80.45525271700006, 21.970867896000073], [80.45529122000005, 21.970882509000035], [80.45533853600006, 21.970898281000075], [80.45537703900004, 21.970914981000078], [80.45539837800004, 21.970927506000066], [80.45542122400008, 21.970933652000042], [80.45544975400009, 21.97094014700008], [80.45547190400004, 21.970945018000066], [80.45547897800003, 21.97095568700007], [80.45549312700007, 21.970972967000023], [80.45549730200008, 21.97099361000005], [80.45548976400005, 21.970998945000076], [80.45545613200005, 21.971012397000038], [80.45541206300004, 21.971024458000045], [80.45538249000003, 21.971031881000044], [80.45536683400007, 21.971042898000064], [80.45535442400006, 21.97104011500005], [80.45532960600008, 21.971038259000068], [80.45531290600007, 21.97104162200003], [80.45526176300007, 21.971040578000043], [80.45523520500006, 21.971044058000075], [80.45520621200006, 21.971044290000066], [80.45517281200006, 21.971042898000064], [80.45516863700004, 21.97104255000005], [80.45511076700006, 21.971033852000062], [80.45508826900004, 21.971030953000025], [80.45505475300007, 21.971024922000026], [80.45502726700005, 21.971022487000027], [80.45502367200004, 21.971029561000023], [80.45501590200007, 21.97104162200003], [80.45500302900007, 21.971052060000034], [80.45499688300004, 21.97105264000004], [80.45495652400007, 21.97105113200007], [80.45492973500006, 21.971046957000055], [80.45489958200005, 21.97104231800006], [80.45486351500006, 21.971038607000025], [80.45484194400007, 21.971034780000025], [80.45481759000006, 21.971035476000054], [80.45478987300004, 21.971032576000027], [80.45475484900004, 21.971029561000023], [80.45471599800004, 21.97102619800006], [80.45468619300004, 21.97102527000004], [80.45464525500006, 21.97102144300004], [80.45459979400005, 21.97101378900004], [80.45455514500003, 21.97100219200007], [80.45453844500008, 21.97099871300003], [80.45450342200007, 21.97099453800007], [80.45447593600005, 21.97098642000003], [80.45443986900005, 21.970983056000023], [80.45440067000004, 21.970973083000047], [80.45437712800003, 21.970966356000076], [80.45432262100007, 21.970958702000075], [80.45429478800008, 21.970952904000058], [80.45427136100005, 21.970955919000062], [80.45424747100003, 21.970958238000037], [80.45421407100008, 21.970950584000036], [80.45418925300004, 21.97093991500003], [80.45416721900006, 21.970934580000062], [80.45410668100004, 21.970912545000033], [80.45407884800005, 21.970908138000027], [80.45402550100005, 21.970893758000045], [80.45395267000004, 21.970873811000047], [80.45390071500003, 21.97085409500005], [80.45387218600007, 21.970838323000066], [80.45384365600006, 21.97083298800004], [80.45380561800005, 21.970816057000036], [80.45376827500007, 21.97080422700003], [80.45374693600007, 21.970802372000037], [80.45373255500004, 21.970807011000034], [80.45370889700007, 21.970824870000058], [80.45367735300005, 21.97084736900007], [80.45364163300007, 21.970873811000047], [80.45360962500007, 21.970894918000056], [80.45358689400007, 21.970913241000062], [80.45355975700005, 21.97093434800007], [80.45353377900005, 21.970952672000067], [80.45352287800006, 21.970958470000028], [80.45351731100004, 21.970962645000043], [80.45350780100006, 21.970973779000076], [80.45349643600008, 21.970982824000032], [80.45348251900003, 21.97099604500005], [80.45347277800005, 21.97100230800004], [80.45344448100008, 21.971020399000054], [80.45341780700005, 21.971041042000024], [80.45339391700008, 21.971059598000068], [80.45334915200004, 21.97109624500007], [80.45332804500003, 21.971084184000063]], [[80.44737671800004, 21.966356907000034], [80.44737848300008, 21.96635718500005], [80.44738015500008, 21.966358393000064], [80.44738238400004, 21.966363501000046], [80.44738461300005, 21.966367495000043], [80.44738860700005, 21.966369074000056], [80.44738925700005, 21.966374647000066], [80.44738693500005, 21.966377434000037], [80.44737263100006, 21.96638356400007], [80.44736873000005, 21.966383285000063], [80.44735832700007, 21.966371954000067], [80.44735814200004, 21.96636591600003], [80.44736557200008, 21.966359972000078], [80.44737671800004, 21.966356907000034]], [[80.45161243500007, 21.969313818000046], [80.45161940100007, 21.969313447000047], [80.45162646000006, 21.969313447000047], [80.45163017500005, 21.969314933000078], [80.45163677000005, 21.969318927000074], [80.45163807000006, 21.969332673000054], [80.45163909200005, 21.96934502700003], [80.45163546900005, 21.969349299000044], [80.45162701700008, 21.969355522000058], [80.45160101000005, 21.96935598700003], [80.45159005000005, 21.969353943000044], [80.45158271200006, 21.96934038300003], [80.45157983300004, 21.969332116000032], [80.45158652000003, 21.969320227000026], [80.45159032800007, 21.96931391100003], [80.45159785200008, 21.969309546000034], [80.45160193900006, 21.969309081000063], [80.45161243500007, 21.969313818000046]], [[80.45126041000003, 21.969051704000037], [80.45130443600004, 21.96905514100007], [80.45131400300005, 21.96905829900004], [80.45133555200005, 21.969067773000063], [80.45134948400005, 21.969075761000056], [80.45136128000007, 21.96908467700007], [80.45137660600005, 21.969097495000028], [80.45139759700004, 21.969117465000068], [80.45141831000007, 21.969140500000037], [80.45142444100009, 21.969161584000062], [80.45142481200008, 21.969204310000066], [80.45142499800005, 21.969224930000053], [80.45142100400005, 21.96923412500007], [80.45141552400008, 21.969248708000066], [80.45140762900007, 21.96925716000004], [80.45139815500005, 21.96926180400004], [80.45136926800006, 21.969256045000066], [80.45135412900004, 21.969250379000073], [80.45134354000004, 21.969243320000032], [80.45132134100004, 21.969221214000072], [80.45131279600008, 21.969207839000035], [80.45130861600006, 21.969198087000052], [80.45129496200008, 21.969160284000054], [80.45128613900005, 21.96913511200006], [80.45127406400007, 21.969098424000038], [80.45126356800006, 21.969066844000054], [80.45126059600005, 21.969056627000043], [80.45126041000003, 21.969051704000037]], [[80.45210982000003, 21.970745786000066], [80.45212647700004, 21.970738356000027], [80.45214728200006, 21.970725538000067], [80.45214784000007, 21.97071922200007], [80.45214988300006, 21.97071346300004], [80.45214895400005, 21.970705289000023], [80.45212536200006, 21.970691357000078], [80.45207743500004, 21.970673524000063], [80.45199532700008, 21.970646402000057], [80.45192919400006, 21.970624110000074], [80.45190987500007, 21.970614451000074], [80.45187420800005, 21.970597732000044], [80.45184782900003, 21.970583985000076], [80.45182553800004, 21.970568009000033], [80.45179358600006, 21.970549061000042], [80.45178318300003, 21.970538658000066], [80.45175977700006, 21.970527513000036], [80.45174045700008, 21.97051190800005], [80.45171965200007, 21.970488873000022], [80.45168918600007, 21.970458780000058], [80.45165834900007, 21.970428686000048], [80.45164125900004, 21.97041122400003], [80.45162008200003, 21.970386331000043], [80.45161636700004, 21.970380015000046], [80.45158553000005, 21.97032465700005], [80.45158144300007, 21.970298279000076], [80.45157252600006, 21.970260754000037], [80.45158441500007, 21.970223230000045], [80.45159407500006, 21.970203167000022], [80.45164125900004, 21.97018644800005], [80.45168472800003, 21.970183105000046], [80.45170144700006, 21.97018087500004], [80.45173191200007, 21.970208740000032], [80.45175420400005, 21.970225087000074], [80.45178801300005, 21.970253324000055], [80.45181810700007, 21.970277473000067], [80.45189575700005, 21.970334689000026], [80.45194331300007, 21.970361067000056], [80.45197897900005, 21.970383731000027], [80.45203062200005, 21.970412710000062], [80.45205662900008, 21.97042682800003], [80.45211904600006, 21.970456179000053], [80.45216102900008, 21.97047364100007], [80.45220672700003, 21.970485901000075], [80.45222827600008, 21.97049667600004], [80.45228437700007, 21.97053048500004], [80.45233601900003, 21.970562436000023], [80.45236834300005, 21.970583242000032], [80.45238840500008, 21.970613336000042], [80.45240809600006, 21.970638971000028], [80.45241701300006, 21.970682069000077], [80.45242518700007, 21.97074262800004], [80.45242593000006, 21.970792413000026], [80.45242667300005, 21.970824736000054], [80.45240698200007, 21.97086337500008], [80.45238914800007, 21.970888268000067], [80.45234567900008, 21.970912046000024], [80.45232524500005, 21.970909074000076], [80.45228066200008, 21.970898671000043], [80.45226059900006, 21.970885296000063], [80.45220301200004, 21.970852973000035], [80.45218183500003, 21.970830309000064], [80.45219335200005, 21.97077643700004], [80.45217106000007, 21.970777180000027], [80.45213130700006, 21.970782753000037], [80.45211978900005, 21.970777180000027], [80.45211198700008, 21.970770493000032], [80.45210982000003, 21.970745786000066]], [[80.45102637700006, 21.968887581000047], [80.45104253900007, 21.968885537000062], [80.45105944400007, 21.968885723000028], [80.45106223000005, 21.968887395000024], [80.45106836000008, 21.968891110000072], [80.45107207600006, 21.968904114000054], [80.45105888600006, 21.968918046000056], [80.45104216700008, 21.968924919000074], [80.45103176500004, 21.968927149000024], [80.45102191900008, 21.968927892000067], [80.45100873000007, 21.968918789000043], [80.45099814100007, 21.968908758000055], [80.45100464300003, 21.968897241000036], [80.45101430300008, 21.968889810000064], [80.45102637700006, 21.968887581000047]], [[80.44793525100005, 21.966652458000056], [80.44815875800003, 21.966722833000063], [80.44827513600006, 21.966764799000032], [80.44845464200006, 21.966840269000045], [80.44863203100005, 21.966915034000067], [80.44872407600008, 21.966954179000027], [80.44879108200007, 21.96699932000007], [80.44885844100008, 21.96704234500004], [80.44893214700005, 21.967089602000044], [80.44900726400004, 21.967129100000022], [80.44911694300004, 21.967184821000046], [80.44918818100007, 21.967198575000054], [80.44936768600007, 21.967235604000052], [80.44944456600007, 21.96725112200005], [80.44957998900009, 21.96729643900005], [80.44963183000004, 21.967317598000022], [80.44966409900007, 21.967330294000078], [80.44968737500005, 21.96734616400005], [80.44970236300009, 21.96736009400007], [80.44972017300006, 21.96737067400005], [80.44973163400005, 21.96738160700005], [80.44975967100004, 21.967403296000043], [80.44977483500008, 21.967420576000052], [80.44978277000007, 21.967434154000046], [80.44980251900006, 21.967459545000054], [80.44981239400005, 21.96747435700007], [80.44982121000004, 21.96748670000005], [80.44982702900006, 21.967496399000026], [80.44983179000008, 21.96750680200006], [80.44984025400004, 21.96751032900005], [80.44986282500008, 21.967529549000062], [80.44987199400003, 21.967536602000052], [80.44988733500008, 21.967548240000042], [80.44990655500004, 21.967561465000074], [80.44992189600003, 21.96757081000004], [80.44994093900004, 21.967589325000063], [80.44996915300004, 21.96760942700007], [80.44998749100006, 21.96762741300006], [80.45000142100008, 21.967657213000052], [80.45001288300006, 21.967683134000026], [80.45002434400004, 21.967706586000077], [80.45002945800007, 21.967731625000056], [80.45003615800005, 21.967759485000045], [80.45004197700007, 21.967800218000036], [80.45004709100004, 21.96782472800004], [80.45006031600008, 21.967848356000047], [80.45007019000008, 21.967867047000027], [80.45009011600007, 21.96789896300004], [80.45010245900005, 21.967926824000074], [80.45011577200006, 21.967941018000033], [80.45015015700005, 21.967982280000058], [80.45017043500008, 21.968005908000066], [80.45019000800005, 21.96802865500007], [80.45023409100008, 21.96805263600004], [80.45026477200008, 21.968068859000027], [80.45030938400004, 21.968092840000054], [80.45033177800008, 21.968105888000025], [80.45037198200004, 21.968127930000037], [80.45040671900006, 21.96814468100007], [80.45042558600005, 21.96815279200007], [80.45044780400008, 21.96816443000006], [80.45047090400004, 21.96816972000005], [80.45051287100006, 21.968176244000063], [80.45055959800004, 21.968185237000057], [80.45060227100004, 21.968184532000066], [80.45066962900006, 21.968184179000048], [80.45070330900006, 21.968163725000068], [80.45073804600008, 21.968140449000032], [80.45081404500007, 21.968102891000058], [80.45085865700008, 21.968113999000025], [80.45088616400005, 21.96812105300006], [80.45089127800009, 21.968128811000042], [80.45090273900007, 21.968139920000056], [80.45091243800005, 21.968151558000045], [80.45092830700008, 21.968167428000072], [80.45093853500003, 21.968182240000033], [80.45094735100008, 21.968187882000052], [80.45099231600005, 21.96821186300008], [80.45101118300005, 21.968224030000044], [80.45103340100007, 21.968226146000063], [80.45108136300007, 21.968224559000078], [80.45110393400006, 21.968223501000068], [80.45114897600007, 21.968227910000053], [80.45118784800007, 21.968234493000068], [80.45121841200006, 21.968237627000065], [80.45126402300008, 21.968247188000078], [80.45128533900004, 21.96825408500007], [80.45139866200003, 21.968279947000042], [80.45145336400003, 21.968290292000063], [80.45147750200005, 21.968294367000055], [80.45149066800008, 21.968301734000022], [80.45150148300007, 21.968311295000035], [80.45152640400005, 21.96832712500003], [80.45153831600004, 21.968339038000067], [80.45156402100008, 21.96835651400005], [80.45157170200008, 21.96836693700004], [80.45159333200007, 21.96839303400003], [80.45161151300005, 21.968416545000025], [80.45161010300006, 21.968428457000073], [80.45160054200005, 21.96848817500006], [80.45159599600004, 21.96852062000005], [80.45159160800006, 21.968556670000055], [80.45158878600006, 21.96857171700003], [80.45158815900004, 21.968585666000024], [80.45159254800006, 21.968594444000075], [80.45159474200005, 21.968606043000023], [80.45159944500006, 21.968622500000038], [80.45160540100005, 21.968643817000043], [80.45163141900008, 21.968664820000072], [80.45168424000008, 21.968667484000036], [80.45171840900008, 21.96866983500007], [80.45177076000004, 21.968682218000026], [80.45181543100006, 21.968690211000023], [80.45185362300003, 21.968703534000042], [80.45188225400005, 21.968712521000043], [80.45188768800006, 21.968723701000044], [80.45191443800007, 21.96876946900005], [80.45192509600008, 21.968794547000073], [80.45194160600005, 21.968823178000036], [80.45199050800005, 21.968887755000026], [80.45201548200004, 21.968923178000068], [80.45204118700008, 21.968964766000056], [80.45206083200003, 21.968997995000052], [80.45210485800004, 21.969007399000077], [80.45214581900007, 21.969012345000067], [80.45216462800005, 21.969015201000047], [80.45219214500008, 21.969018754000047], [80.45222000900003, 21.96901910200006], [80.45225888100003, 21.969016734000036], [80.45229482600007, 21.96901422600007], [80.45232101900007, 21.96901645500003], [80.45234470400004, 21.969027462000042], [80.45238873000005, 21.96904863900005], [80.45243902600004, 21.969072463000032], [80.45245477000003, 21.96907887200007], [80.45245811300003, 21.96908667400004], [80.45247873300008, 21.969103532000076], [80.45247970900004, 21.969107294000025], [80.45248904300007, 21.96911816100004], [80.45251676900006, 21.969145608000076], [80.45254240400004, 21.96916985000007], [80.45256957200007, 21.969198969000047], [80.45258043900003, 21.96922948100007], [80.45260468200007, 21.96928493200005], [80.45261833600006, 21.969311960000027], [80.45262572000007, 21.969336621000025], [80.45263589000007, 21.969361699000046], [80.45264397100004, 21.96938245800004], [80.45265274800005, 21.969404471000075], [80.45265497800006, 21.969415757000036], [80.45265957500004, 21.969421469000054], [80.45266932800007, 21.969432615000073], [80.45268298200006, 21.96944473600007], [80.45269329200005, 21.96945462800005], [80.45270220800006, 21.969464798000047], [80.45274108000007, 21.96947914900005], [80.45279137500006, 21.969495032000054], [80.45283874500007, 21.969511193000073], [80.45285685800008, 21.96951634800007], [80.45287385500006, 21.969518995000044], [80.45291356200005, 21.969535157000053], [80.45293682900007, 21.969545467000046], [80.45297611900008, 21.96956344000006], [80.45300523700007, 21.96956692300006], [80.45302362800004, 21.96956887300007], [80.45305483600004, 21.969570963000024], [80.45309301100008, 21.969583502000035], [80.45311683500006, 21.96959214000003], [80.45315542800006, 21.96960551500007], [80.45318956200003, 21.969617636000066], [80.45322118900003, 21.969626693000066], [80.45323623600007, 21.96963435500004], [80.45325309400005, 21.969646198000078], [80.45327218100005, 21.969661384000062], [80.45329907100006, 21.969680332000053], [80.45332052700007, 21.96969858400007], [80.45333292600003, 21.96971502400004], [80.45334853100007, 21.96973313600006], [80.45336817500004, 21.969755288000044], [80.45338517300007, 21.969773540000062], [80.45338823800006, 21.96978649700003], [80.45339339300006, 21.96981101800003], [80.45340091600008, 21.969840972000043], [80.45340551400005, 21.96986061700005], [80.45340495700003, 21.969868140000074], [80.45339910500007, 21.96989433300007], [80.45339046700008, 21.969924845000037], [80.45338949200004, 21.96994421100004], [80.45339144200005, 21.96995897900007], [80.45339144200005, 21.969983779000074], [80.45339144200005, 21.970001334000074], [80.45338949200004, 21.970023904000072], [80.45337751000005, 21.970058735000066], [80.45337138000008, 21.970083256000066], [80.45335967600005, 21.970114186000046], [80.45335187400008, 21.97012951100004], [80.45334407200005, 21.970156540000062], [80.45333599100007, 21.970170194000048], [80.45332512400006, 21.970186913000077], [80.45331453600005, 21.97020363200005], [80.45330088200006, 21.970223137000062], [80.45328917900008, 21.97022871000007], [80.45327775400006, 21.970240413000056], [80.45326103500008, 21.97025267400005], [80.45325518400006, 21.970267163000074], [80.45325211900007, 21.97028081700006], [80.45324487400006, 21.970305616000076], [80.45323400700005, 21.970334317000038], [80.45323344900004, 21.970351593000032], [80.45323066300006, 21.970375278000063], [80.45322871200005, 21.970408159000044], [80.45321004300007, 21.970421255000076], [80.45316629500007, 21.97044633300004], [80.45309663300003, 21.970431286000064], [80.45302418500006, 21.97041902600006], [80.45297430700003, 21.97040788000004], [80.45292052800005, 21.970395062000023], [80.45286814300005, 21.97037695000006], [80.45282634600005, 21.970366640000066], [80.45276978000004, 21.970349085000066], [80.45274247300006, 21.970342955000035], [80.45268925100004, 21.97032846600007], [80.45257528500008, 21.970327630000043], [80.45253098000006, 21.97033766100003], [80.45248778900003, 21.97035521600003], [80.45245435200007, 21.97034685600005], [80.45241478400004, 21.97034044700007], [80.45236797100006, 21.970325122000077], [80.45235459600008, 21.97031927000006], [80.45233564800003, 21.970312861000025], [80.45230443900005, 21.970300044000055], [80.45229022800004, 21.970289734000062], [80.45226626500005, 21.97027803000003], [80.45223115500005, 21.970256017000054], [80.45218406400005, 21.970230660000027], [80.45215062600005, 21.97021004000004], [80.45213530100006, 21.97020418900007], [80.45211607400006, 21.970192764000046], [80.45210130600003, 21.970183012000064], [80.45207019000003, 21.970159884000054], [80.45205570000007, 21.97014864500005], [80.45203052900007, 21.970129976000067], [80.45200229300008, 21.970110471000055], [80.45199467700007, 21.970103876000053], [80.45197257100006, 21.970088272000055], [80.45194266200008, 21.97006523700003], [80.45190903900004, 21.97004090200005], [80.45187597300009, 21.97001638100005], [80.45184272100005, 21.969990559000053], [80.45182117200005, 21.969974398000033], [80.45179962400005, 21.96996362300007], [80.45176451400005, 21.969945419000055], [80.45171380000005, 21.96991922600006], [80.45167887600007, 21.969897677000063], [80.45165138300007, 21.969883930000037], [80.45163726500004, 21.969876128000067], [80.45161683100008, 21.969865911000056], [80.45160122700008, 21.96983786100003], [80.45158172100008, 21.96980516600007], [80.45156258800006, 21.96977358600003], [80.45154754100008, 21.969748136000078], [80.45154977000004, 21.969722129000047], [80.45154902700006, 21.969641136000064], [80.45157169000004, 21.96962757500006], [80.45160698500007, 21.96960658300003], [80.45162091800006, 21.969600082000056], [80.45162110400008, 21.969526333000033], [80.45162389000006, 21.969502927000065], [80.45162927700005, 21.969476920000034], [80.45163503600008, 21.969440510000027], [80.45164506700007, 21.969416360000025], [80.45165714200004, 21.96938570900005], [80.45166996000006, 21.969354315000032], [80.45164673900007, 21.969306388000064], [80.45162742000008, 21.96927202100005], [80.45161534500005, 21.969257903000027], [80.45156741800008, 21.969209790000036], [80.45152394900003, 21.969163534000074], [80.45149088200003, 21.96913919900004], [80.45140747400006, 21.969078268000032], [80.45136251900004, 21.969046503000072], [80.45133855500006, 21.969028855000033], [80.45128951300006, 21.968994117000022], [80.45124994500003, 21.96896736700006], [80.45121669400004, 21.968943403000026], [80.45118715700005, 21.968932257000063], [80.45116579400008, 21.968920740000044], [80.45112864100008, 21.968904950000024], [80.45111861000004, 21.96889882000005], [80.45108350000004, 21.968882844000063], [80.45104783300008, 21.96886742500004], [80.45102368400006, 21.968856837000033], [80.45100677900007, 21.968845877000035], [80.45096999800006, 21.96884792000003], [80.45093135900004, 21.968851635000078], [80.45087135700004, 21.968853307000074], [80.45081302700004, 21.96882860000005], [80.45074763700006, 21.968801850000034], [80.45072664600008, 21.96879014700005], [80.45067667500007, 21.96876469700004], [80.45061481600004, 21.96873107400006], [80.45056298700007, 21.968703581000057], [80.45052676300008, 21.968683890000023], [80.45051023000008, 21.96867775900006], [80.45047957900005, 21.968664942000032], [80.45044186800004, 21.96865100900004], [80.45039041200005, 21.968628532000025], [80.45035195800006, 21.968612927000038], [80.45031146200006, 21.968598995000036], [80.45026725000008, 21.968583762000037], [80.45024681500007, 21.96857800400005], [80.45021505000005, 21.968567972000073], [80.45018960000004, 21.96851874500004], [80.45015894900007, 21.968459300000063], [80.45013554200006, 21.968414345000042], [80.45011362200006, 21.968374220000044], [80.45010396200007, 21.96835192800006], [80.45008129900003, 21.968335023000066], [80.45005157700007, 21.968309016000035], [80.45000959400005, 21.968274836000035], [80.45000439200004, 21.96826684800004], [80.44995850800007, 21.968228209000074], [80.44992414200004, 21.968201087000068], [80.44989033300004, 21.968168950000063], [80.44986952700003, 21.96815353100004], [80.44983348900007, 21.968126781000024], [80.44978444700007, 21.968088142000056], [80.44974896600007, 21.968063249000068], [80.44971701400004, 21.96803742800006], [80.44967038700008, 21.96800194700006], [80.44964177900005, 21.967969252000046], [80.44960611300007, 21.967930428000045], [80.44957304600007, 21.96788900200005], [80.44953700800005, 21.967849620000038], [80.44951861700008, 21.967828628000063], [80.44949391100005, 21.967800392000072], [80.44948740900008, 21.967790361000027], [80.44946623200008, 21.96776416800003], [80.44946177300005, 21.967761567000025], [80.44943000800004, 21.967753022000068], [80.44939136800008, 21.967740390000074], [80.44934046900005, 21.967725157000075], [80.44931594800005, 21.96771048200003], [80.44927768000008, 21.967684475000055], [80.44926077600007, 21.96767277200007], [80.44920969000003, 21.967638777000047], [80.44916826500008, 21.967610541000056], [80.44911049200005, 21.967570973000022], [80.44910101800008, 21.967565585000045], [80.44908745700008, 21.967551653000044], [80.44907166700006, 21.967541808000078], [80.44905420500004, 21.967523417000052], [80.44904491700004, 21.967517844000042], [80.44903395700004, 21.967504469000062], [80.44898287200004, 21.967460257000027], [80.44894200300007, 21.96742533300005], [80.44891209500008, 21.967398954000032], [80.44889296100007, 21.967379821000065], [80.44885116400008, 21.967343968000023], [80.44882738600006, 21.967324277000046], [80.44881382600005, 21.96731350300007], [80.44875512400006, 21.967280251000034], [80.44872224400007, 21.967260374000034], [80.44869865100003, 21.967245698000056], [80.44867877500008, 21.96723436700006], [80.44865369600006, 21.96722136300008], [80.44862713200007, 21.96719962900005], [80.44859332300007, 21.967170835000047], [80.44855319800007, 21.96714092700006], [80.44851047200007, 21.96710526000004], [80.44846477400006, 21.967067736000047], [80.44843319400007, 21.96704284300006], [80.44840161300004, 21.96701739300005], [80.44837412000004, 21.966993987000023], [80.44835461500008, 21.966977454000073], [80.44830557300008, 21.966940115000057], [80.44827808000008, 21.96691912400007], [80.44823971900007, 21.966893024000058], [80.44822560100005, 21.966882250000026], [80.44819931600006, 21.966865066000025], [80.44818018200004, 21.96685252700007], [80.44815928300005, 21.966835065000055], [80.44813522700008, 21.966821319000076], [80.44808990000007, 21.966797448000023], [80.44804940300008, 21.966773484000043], [80.44801160000003, 21.966754165000054], [80.44800166200008, 21.966738839000072], [80.44797621200007, 21.966707631000077], [80.44795587100003, 21.966682181000067], [80.44795178400005, 21.966673729000036], [80.44793525100005, 21.966652458000056]], [[80.45151185400005, 21.969252781000023], [80.45152200900003, 21.96925404600006], [80.45154521800004, 21.96926587400003], [80.45155548400004, 21.969287075000068], [80.45155860800008, 21.96930001900006], [80.45155481400008, 21.969304928000042], [80.45152647200007, 21.969325683000022], [80.45150080700006, 21.96933394000007], [80.45146286900007, 21.96935514100005], [80.45143541900006, 21.969368085000042], [80.45143809700005, 21.969390849000035], [80.45145416500003, 21.96941004100006], [80.45148161500003, 21.96943392000003], [80.45153227400004, 21.969468735000078], [80.45155927800005, 21.969487927000046], [80.45158114800006, 21.969513145000064], [80.45159989500007, 21.969535239000038], [80.45159922500005, 21.969547290000037], [80.45159587800003, 21.969573401000048], [80.45157311400004, 21.969590362000076], [80.45154588800006, 21.969597503000045], [80.45153919300003, 21.969605538000053], [80.45151687600008, 21.969635442000026], [80.45150839500008, 21.969670257000075], [80.45151732200003, 21.969719354000063], [80.45152312400006, 21.969771129000037], [80.45152602600007, 21.96977670900003], [80.45153830000004, 21.969800365000026], [80.45154633400006, 21.969805274000066], [80.45157378400006, 21.96983674100005], [80.45160592000008, 21.96987066300005], [80.45162332700005, 21.969889856000066], [80.45163470900007, 21.969905254000025], [80.45163850300008, 21.969910387000027], [80.45165903500003, 21.969918421000045], [80.45167220200005, 21.96992467000007], [80.45171415700008, 21.969946764000042], [80.45174316900005, 21.969961716000057], [80.45176392400003, 21.96996617900004], [80.45181123600008, 21.969997646000024], [80.45183511500005, 21.970015500000045], [80.45186144900003, 21.970036478000054], [80.45188689100007, 21.97005165300004], [80.45193554200006, 21.970086021000043], [80.45196611600005, 21.97010566000006], [80.45201008000004, 21.970144938000033], [80.45203775300007, 21.970160560000068], [80.45206587300004, 21.97018176100005], [80.45208461900006, 21.970201400000064], [80.45211095300004, 21.970221709000043], [80.45215201600007, 21.970248043000026], [80.45219687300005, 21.97027549200004], [80.45222990200006, 21.97029714000007], [80.45226181500004, 21.97031276200005], [80.45229729900007, 21.97032592900007], [80.45232631100004, 21.970337087000075], [80.45236402700004, 21.970356949000063], [80.45239058400006, 21.970369447000053], [80.45242115800005, 21.970369670000025], [80.45243254000007, 21.97037167800005], [80.45246177500007, 21.970375472000057], [80.45252627100007, 21.970374133000064], [80.45254680300008, 21.970366099000046], [80.45258094800005, 21.970359850000023], [80.45262268000005, 21.970353155000055], [80.45265080000007, 21.970355833000042], [80.45267289400005, 21.970357842000055], [80.45269744200004, 21.970360966000044], [80.45272667700004, 21.970369000000062], [80.45280054700004, 21.97038484500007], [80.45282822000007, 21.97039421900007], [80.45287731700006, 21.970404038000027], [80.45290141900006, 21.97041475000003], [80.45295140900004, 21.970425909000028], [80.45298265300005, 21.970439299000077], [80.45300273800007, 21.97044376200006], [80.45303799900006, 21.97044822600003], [80.45307593800004, 21.970455367000056], [80.45312905200007, 21.970463401000075], [80.45318038100004, 21.970470989000034], [80.45320225200004, 21.97048125500004], [80.45322501500004, 21.970495538000023], [80.45324019000003, 21.970514730000048], [80.45324554600006, 21.97053660100005], [80.45324510000006, 21.970580342000062], [80.45322992500007, 21.970598642000027], [80.45318395200007, 21.970622298000023], [80.45311253700004, 21.97062140500003], [80.45306656500009, 21.970609354000032], [80.45304558700008, 21.970597749000035], [80.45299202600006, 21.970584359000043], [80.45296613800008, 21.970581235000054], [80.45293757300004, 21.970576771000026], [80.45289874100007, 21.970564274000026], [80.45284518000005, 21.97055802500006], [80.45280679500007, 21.97054508100007], [80.45278849500005, 21.970539725000037], [80.45274029100005, 21.970521425000072], [80.45267557200003, 21.970495091000032], [80.45262067200008, 21.970475452000073], [80.45259255300004, 21.970468311000047], [80.45256175500003, 21.970483486000035], [80.45252024600006, 21.970495091000032], [80.45246891700003, 21.970517408000035], [80.45240955400004, 21.97052499600005], [80.45237920300008, 21.97052008600008], [80.45230778800004, 21.97050000100006], [80.45222075200007, 21.97047456000007], [80.45218906200006, 21.970461169000032], [80.45210648900007, 21.970425909000028], [80.45205605300004, 21.97040136000004], [80.45203596800008, 21.97038484500007], [80.45199535100005, 21.97035449400005], [80.45195875100006, 21.97033396300003], [80.45194045100004, 21.970318787000053], [80.45191099300007, 21.970289775000026], [80.45187617900007, 21.97026210200005], [80.45184939800004, 21.97022862700004], [80.45182752800008, 21.97018577800003], [80.45181592300008, 21.97014828600004], [80.45176816400004, 21.970091154000045], [80.45168202100007, 21.970042057000057], [80.45166773800008, 21.97003000600006], [80.45166249400006, 21.970062254000027], [80.45165260000005, 21.97009323700007], [80.45164620200006, 21.970105809000074], [80.45162113300006, 21.970122101000072], [80.45160766800007, 21.970127680000076], [80.45158579800005, 21.97013772200006], [80.45155507500004, 21.970144938000033], [80.45154004800008, 21.97014850900007], [80.45149809200007, 21.970146575000058], [80.45147198100005, 21.970125746000065], [80.45145516900004, 21.970101123000063], [80.45146707200007, 21.970070474000067], [80.45147287400005, 21.97004994200006], [80.45145397900006, 21.970037742000045], [80.45138732600003, 21.970008284000073], [80.45135950400004, 21.969994448000023], [80.45134031100008, 21.969981355000073], [80.45132260700007, 21.96995517000005], [80.45131472100007, 21.969942821000075], [80.45130192600004, 21.969920504000072], [80.45130177700008, 21.96989833600003], [80.45132067200007, 21.969871109000053], [80.45132469000004, 21.96986977000006], [80.45134700600005, 21.969869621000043], [80.45135980200007, 21.96987185300003], [80.45139402100006, 21.96988122600004], [80.45142020600008, 21.96988613600007], [80.45143582800006, 21.969890897000028], [80.45145591300007, 21.96988673100003], [80.45146171600004, 21.96988107800007], [80.45146870800005, 21.969874382000057], [80.45147763500006, 21.969862480000074], [80.45142645500005, 21.969851470000037], [80.45140324500005, 21.969827963000057], [80.45140384000007, 21.969776188000026], [80.45140056700006, 21.96975952500003], [80.45138182100004, 21.96979195800003], [80.45135950400004, 21.969813978000047], [80.45134879200003, 21.969817549000027], [80.45132617700006, 21.969828261000032], [80.45131576300008, 21.96983480700004], [80.45128779200007, 21.969833022000046], [80.45126726100005, 21.96982974900004], [80.45125387000007, 21.96981992900004], [80.45123601700004, 21.96980981200005], [80.45123214900008, 21.96979850500003], [80.45120685600006, 21.969735422000042], [80.45121251000006, 21.969695847000025], [80.45121846100005, 21.969648832000075], [80.45122738800006, 21.969613423000055], [80.45124791900008, 21.969550638000044], [80.45128035300007, 21.96947981900007], [80.45130981200003, 21.96943459000005], [80.45129790900006, 21.969423878000043], [80.45128838700003, 21.969393824000065], [80.45128660200004, 21.969364366000036], [80.45130564600004, 21.969346810000047], [80.45131814300004, 21.969341454000073], [80.45133659200008, 21.969334015000072], [80.45140770900008, 21.969298605000063], [80.45149578600007, 21.969256649000044], [80.45151185400005, 21.969252781000023]], [[80.44809122400005, 21.96681368700007], [80.44811535400004, 21.966828779000025], [80.44812866100006, 21.966838822000057], [80.44815301400007, 21.96685840500004], [80.44818891600005, 21.966888784000048], [80.44823737200005, 21.96692267800006], [80.44828432100007, 21.96695983500007], [80.44831495100004, 21.96697941900004], [80.44833905400003, 21.966991721000056], [80.44836667100003, 21.967002266000065], [80.44839403700007, 21.967023355000038], [80.44840357800007, 21.96703465300004], [80.44843420800004, 21.967060764000053], [80.44844575700006, 21.96706653800004], [80.44845454400007, 21.967083611000078], [80.44847412700005, 21.967109219000065], [80.44853287600006, 21.967157926000027], [80.44859187700007, 21.967203118000043], [80.44864334500005, 21.96723776500005], [80.44868753300005, 21.967264880000073], [80.44875105200003, 21.96731032300005], [80.44882662300006, 21.967365306000033], [80.44884595500008, 21.967378111000073], [80.44887633400003, 21.967399702000023], [80.44894487500005, 21.96744966500006], [80.44897324600004, 21.967480797000064], [80.44899985900008, 21.967503142000055], [80.44901894000003, 21.96752900100006], [80.44906488500004, 21.96756867000005], [80.44909576600008, 21.967595283000037], [80.44912765100008, 21.967624155000067], [80.44915602100008, 21.96765152100005], [80.44920497900006, 21.967691692000074], [80.44925393700004, 21.967728599000054], [80.44929561400005, 21.967747428000052], [80.44931695500003, 21.967751445000033], [80.44934607800008, 21.967756216000055], [80.44939101900007, 21.96777153100004], [80.44943194300004, 21.967786344000046], [80.44947462400006, 21.96782802100006], [80.44951780700006, 21.967873714000064], [80.44954115600007, 21.967906353000046], [80.44956048800003, 21.967929953000066], [80.44957505000008, 21.967952549000074], [80.44959714400005, 21.967980417000035], [80.44961371400007, 21.967995983000037], [80.44962199900004, 21.968003766000038], [80.44964283800005, 21.968028120000042], [80.44967321700005, 21.968052724000074], [80.44972694500007, 21.968088627000043], [80.44977464700008, 21.968125282000074], [80.44981757900007, 21.968151393000028], [80.44984544800008, 21.96816143600006], [80.44986703900008, 21.96817901000003], [80.44991398900004, 21.968225709000023], [80.44995164900007, 21.96826688300007], [80.44998152500006, 21.968284458000028], [80.45001968700007, 21.968309816000044], [80.45005132200004, 21.968354254000076], [80.45008948400005, 21.968406978000075], [80.45011258200003, 21.96846346800004], [80.45015275200006, 21.968542553000077], [80.45019191800003, 21.96859075800006], [80.45025091900004, 21.968613856000047], [80.45034908500008, 21.96863971600004], [80.45045252500006, 21.96866858800007], [80.45050575000005, 21.968692189000024], [80.45060366600006, 21.968750185000033], [80.45068576500006, 21.968794372000048], [80.45078117000008, 21.968867683000042], [80.45083891500008, 21.96890710100007], [80.45089113600005, 21.968948778000026], [80.45095189400007, 21.968989199000077], [80.45099106000004, 21.969003008000072], [80.45102169000006, 21.969002506000038], [80.45107290800007, 21.968997484000056], [80.45110429100004, 21.968989199000077], [80.45116002800006, 21.968973633000076], [80.45121752200004, 21.968978654000068], [80.45124463700006, 21.96899296500004], [80.45126321600003, 21.96901556100005], [80.45126070500004, 21.969039663000046], [80.45124614300005, 21.96907857900004], [80.45124062000008, 21.96910644700006], [80.45123308800004, 21.969114983000054], [80.45120547100004, 21.969143605000056], [80.45117860600004, 21.969159171000058], [80.45114320600004, 21.969155656000055], [80.45107968700006, 21.969135822000055], [80.45101139700006, 21.969107200000053], [80.45095892400008, 21.96908234500006], [80.45090770700006, 21.96905774000004], [80.45088536200007, 21.96903941200003], [80.45084243000008, 21.969008029000065], [80.45079297000007, 21.968969365000078], [80.45076384600003, 21.96894978200004], [80.45070986700006, 21.96890735200003], [80.45066793900008, 21.968883250000033], [80.45060140600003, 21.96884282800005], [80.45055169500006, 21.968809687000032], [80.45052282300009, 21.96879161100003], [80.45046106100006, 21.96876349100006], [80.45041612000006, 21.968745414000068], [80.45033276600003, 21.96872030800006], [80.45029560900008, 21.968716793000056], [80.45025945500004, 21.96870574600007], [80.45022832300003, 21.968703738000045], [80.45024614900007, 21.968717797000068], [80.45030665500008, 21.968727087000048], [80.45036314500004, 21.968739640000024], [80.45041511600004, 21.96875721500004], [80.45047712900003, 21.968787594000048], [80.45054742700006, 21.968822241000055], [80.45058910400007, 21.96884533900004], [80.45074392800007, 21.968962754000074], [80.45078594000006, 21.96899522500007], [80.45081054400003, 21.969007945000044], [80.45085038000008, 21.969033052000043], [80.45094612000008, 21.969102514000042], [80.45097942800004, 21.96913531900003], [80.45101809200008, 21.969161263000046], [80.45105173500008, 21.96918034400005], [80.45105993600004, 21.969197751000024], [80.45106730100008, 21.969217334000064], [80.45106278200006, 21.969223527000054], [80.45104504000005, 21.969252483000048], [80.45099080900007, 21.969249638000065], [80.45095482300007, 21.969246793000025], [80.45089356300008, 21.96923206300005], [80.45086745200007, 21.96921900800004], [80.45084736700005, 21.969208296000033], [80.45080903800005, 21.969187541000053], [80.45078577200007, 21.969164610000064], [80.45074961900008, 21.96913280900003], [80.45072652100004, 21.96911272400007], [80.45069840200006, 21.969087450000075], [80.45069455200007, 21.96908042000007], [80.45067681000006, 21.969059832000028], [80.45063245500006, 21.96901335700005], [80.45060924500007, 21.96898758100008], [80.45058291100008, 21.968956338000055], [80.45057688600008, 21.968952767000076], [80.45052421800006, 21.96891616700003], [80.45048136900004, 21.968884477000074], [80.45044901000006, 21.96887376500007], [80.45039946600008, 21.96885702700007], [80.45039455600005, 21.96886171400007], [80.45036599100007, 21.968896305000044], [80.45033764800007, 21.96891215000005], [80.45030908200005, 21.968924424000022], [80.45030060200008, 21.96891951500004], [80.45025016600005, 21.968871533000026], [80.45023789100003, 21.968850555000074], [80.45020508500005, 21.96880212700006], [80.45018857100007, 21.96875548500003], [80.45017339500004, 21.968698354000026], [80.45015286400007, 21.96868407100004], [80.45013099300007, 21.968690766000066], [80.45011715700008, 21.968710851000026], [80.45010198100005, 21.968723795000074], [80.45007877100005, 21.968734061000077], [80.45003770800008, 21.968735846000072], [80.45001338300006, 21.968736292000074], [80.44997522100005, 21.96870504900005], [80.44996183100005, 21.968676037000023], [80.44994598600005, 21.968632742000068], [80.44993415800008, 21.968614442000046], [80.44991675000006, 21.96857806500003], [80.44988974700004, 21.968563336000045], [80.44984801400005, 21.96854057300004], [80.44983707900008, 21.968532539000023], [80.44981119100004, 21.968513792000067], [80.44979333800006, 21.968499510000072], [80.44975406000003, 21.96847696900005], [80.44970340000003, 21.968449520000036], [80.44966055200007, 21.968423632000054], [80.44960386700006, 21.968399307000027], [80.44955030600005, 21.96837966800007], [80.44950779200008, 21.96836270700004], [80.44943202600007, 21.96833726500006], [80.44939341800006, 21.96832409800004], [80.44935112700006, 21.968308253000032], [80.44931876800007, 21.968293971000037], [80.44930627000008, 21.96827913000004], [80.44929366100007, 21.968268306000027], [80.44927290600003, 21.968247998000038], [80.44926688100009, 21.968229921000045], [80.44925315600005, 21.96819042000004], [80.44924545700007, 21.968163640000057], [80.44923184300006, 21.96813931400004], [80.44921677900004, 21.96811398400007], [80.44919970700005, 21.968095015000074], [80.44916879800007, 21.96806265500004], [80.44915719300008, 21.96804703300006], [80.44913811200007, 21.96802527400007], [80.44911278200004, 21.967998829000067], [80.44908064600008, 21.96796970500003], [80.44905341900005, 21.967942925000045], [80.44902485400007, 21.96791569800007], [80.44899695700008, 21.967888248000065], [80.44897196200003, 21.967865931000063], [80.44894652100004, 21.967833795000047], [80.44891840200006, 21.967804337000075], [80.44886841200008, 21.967750330000058], [80.44886037800006, 21.96773850200003], [80.44885212000008, 21.96773403800006], [80.44885189700005, 21.967728013000055], [80.44884096200008, 21.967711052000027], [80.44877691200008, 21.967613080000035], [80.44874388300008, 21.96756509900007], [80.44869902600004, 21.967505066000058], [80.44868496600003, 21.96749346200005], [80.44866343100006, 21.967478509000046], [80.44864323400003, 21.96745987500003], [80.44861879700005, 21.967435437000063], [80.44858989600004, 21.967406425000036], [80.44856702100003, 21.967385448000073], [80.44853086800003, 21.967347509000035], [80.44850408800005, 21.967321175000052], [80.44847596800008, 21.96728636000006], [80.44842374700005, 21.96721494600007], [80.44838982500005, 21.96716406300004], [80.44837643500006, 21.967143532000023], [80.44838089800004, 21.96712210800007], [80.44839785900007, 21.967133712000077], [80.44844115400008, 21.96717299000005], [80.44849025100007, 21.96722253400003], [80.44851078300007, 21.967234139000027], [80.44856612900008, 21.967264490000048], [80.44862593800008, 21.967313587000035], [80.44868976500004, 21.967369379000047], [80.44874020100008, 21.967414460000043], [80.44879063700006, 21.967448828000045], [80.44890623900005, 21.967567777000056], [80.44894127700007, 21.967597235000028], [80.44893011800008, 21.96757759600007], [80.44892230700003, 21.96756532200004], [80.44891605800007, 21.967559743000038], [80.44888503800007, 21.967527606000033], [80.44886138200008, 21.967506852000042], [80.44883527100006, 21.967477393000024], [80.44881875700008, 21.967456639000034], [80.44880737500006, 21.967441017000056], [80.44879398500007, 21.96742918900003], [80.44876430300008, 21.967409103000023], [80.44872547200004, 21.967376967000064], [80.44871029600006, 21.967368263000026], [80.44869333500003, 21.967355096000063], [80.44865718200003, 21.96732429900004], [80.44863843600007, 21.967305776000046], [80.44861254800009, 21.96728167400005], [80.44859157000008, 21.967267614000036], [80.44857795700005, 21.967252662000078], [80.44856813700005, 21.96724864500004], [80.44851837000004, 21.967224989000044], [80.44848556400007, 21.96719820800007], [80.44844137700005, 21.96716004600006], [80.44840723200008, 21.96712991800007], [80.44836349100007, 21.96708840900004], [80.44833849600008, 21.96705047000006], [80.44829542400004, 21.967026814000064], [80.44824498800006, 21.96699624000007], [80.44822267100005, 21.966989322000074], [80.44820995000003, 21.96697325300005], [80.44819432800006, 21.966958524000063], [80.44815996000005, 21.966924826000024], [80.44812425300006, 21.96689804500005], [80.44810595300004, 21.966888226000037], [80.44806890700005, 21.96685988300004], [80.44809122400005, 21.96681368700007]], [[80.46186782600006, 21.97350176300006], [80.46187767600009, 21.973502557000074], [80.46188276100008, 21.97350605300005], [80.46188466700005, 21.973507721000033], [80.46188649400005, 21.973510342000054], [80.46188752700004, 21.97351455200004], [80.46188585900006, 21.97352019300007], [80.46188180700005, 21.973522417000027], [80.46187704100004, 21.973523052000075], [80.46187179800006, 21.97352098700003], [80.46186274200005, 21.973511693000034], [80.46186782600006, 21.97350176300006]], [[80.46200692300005, 21.973561739000047], [80.46201502600007, 21.973563090000027], [80.46202138100006, 21.973569445000066], [80.46202368500008, 21.973573893000037], [80.46202098400005, 21.973579216000076], [80.46200104500008, 21.973578818000078], [80.46199500700004, 21.97357143100004], [80.46199770800007, 21.973562057000038], [80.46200692300005, 21.973561739000047]], [[80.46215388500008, 21.97369257500003], [80.46216357700007, 21.97369654700003], [80.46217326800007, 21.973702107000065], [80.46216993200005, 21.97370766800003], [80.46215626800006, 21.973714182000037], [80.46214562300008, 21.973707827000055], [80.46214117500006, 21.973702743000047], [80.46214403500005, 21.97369289200003], [80.46215388500008, 21.97369257500003]], [[80.46246925700007, 21.97370758900007], [80.46247537400006, 21.973712117000048], [80.46248006000008, 21.973716486000058], [80.46247624700004, 21.973719028000062], [80.46246973300003, 21.973722285000065], [80.46246353700008, 21.973722761000033], [80.46245257500004, 21.973720696000044], [80.46244749100003, 21.973717360000023], [80.46244439200007, 21.973713229000055], [80.46244534600004, 21.973708145000046], [80.46245249500004, 21.97370758900007], [80.46246925700007, 21.97370758900007]], [[80.46252025700005, 21.973753663000025], [80.46252788300006, 21.973757000000035], [80.46252978900003, 21.973759383000072], [80.46252851800006, 21.97376287800006], [80.46251898500003, 21.973766214000023], [80.46251008800004, 21.97376494300005], [80.46249833100006, 21.973761925000076], [80.46249435900006, 21.973756682000044], [80.46249737800008, 21.97375382200005], [80.46252025700005, 21.973753663000025]], [[80.46256124700005, 21.973745878000045], [80.46258301300008, 21.973755252000046], [80.46258984500008, 21.97376049500008], [80.46258492000004, 21.973763355000074], [80.46257840600003, 21.973767962000068], [80.46256569500008, 21.97377257000005], [80.46256061100007, 21.97377257000005], [80.46255107900004, 21.97376716800005], [80.46254726600006, 21.97375985900004], [80.46254996700003, 21.973749532000056], [80.46256124700005, 21.973745878000045]], [[80.46263155000008, 21.973796719000063], [80.46263949400003, 21.97380251800007], [80.46264163900008, 21.97380593400004], [80.46263409200003, 21.973809032000077], [80.46261971400008, 21.973808317000078], [80.46261470900004, 21.97380664900004], [80.46260914800007, 21.973805696000056], [80.46260334900006, 21.973800135000033], [80.46260589100007, 21.973793939000075], [80.46261105500008, 21.973792270000047], [80.46263155000008, 21.973796719000063]], [[80.46265673200008, 21.97381268600003], [80.46266690000004, 21.97381729400007], [80.46267309700005, 21.97382301300007], [80.46266817100008, 21.973830322000026], [80.46265689100005, 21.97383254600004], [80.46264720000005, 21.973833340000056], [80.46262988200004, 21.973832387000073], [80.46263862000006, 21.973823649000053], [80.46265673200008, 21.97381268600003]]]]}}, {"type": "Feature", "properties": {"block": "Western Ukwa", "nuid": "CRO-23290-2016", "layer": "Lithology_DM", "age": null, "supergroup": null, "group": null, "unit": "NO LABALE", "major_mineral": null, "remarks": null}, "geometry": {"type": "MultiPolygon", "coordinates": [[[[80.45163531800006, 21.97000771000006], [80.45162874500005, 21.96999174700005], [80.45162874500005, 21.969983644000024], [80.45164032100007, 21.969984107000073], [80.45165351700007, 21.969992210000044], [80.45165259100008, 21.969984107000073], [80.45166879700008, 21.969981097000073], [80.45168430900003, 21.969987579000076], [80.45170329300004, 21.96999174700005], [80.45173176900005, 21.97000841600004], [80.45176603300007, 21.97002439000005], [80.45180492700007, 21.970044995000023], [80.45182692100008, 21.97006073800003], [80.45184590500008, 21.97008319500003], [80.45186350000006, 21.97010565100004], [80.45188827200008, 21.970138989000077], [80.45188850400007, 21.970161446000077], [80.45189243900006, 21.970179736000034], [80.45189220800006, 21.97020612800003], [80.45189707000003, 21.97021793600004], [80.45190633000004, 21.970232984000063], [80.45192323100008, 21.970246643000053], [80.45193179700004, 21.970257756000024], [80.45193689000007, 21.97026261800005], [80.45195193900008, 21.970269332000044], [80.45196536600008, 21.970278824000047], [80.45197879400007, 21.970289242000035], [80.45199291600005, 21.970297808000055], [80.45200935400004, 21.970311467000045], [80.45203157900005, 21.97032674700006], [80.45204500700004, 21.970335313000078], [80.45206098200003, 21.97034086900004], [80.45207487200008, 21.970351056000027], [80.45209478300006, 21.970358927000063], [80.45212835200005, 21.97037166100006], [80.45214455800004, 21.970381384000063], [80.45219618600004, 21.97040523000004], [80.45220452000007, 21.97040847100004], [80.45222350400007, 21.970412870000075], [80.45224873900008, 21.970425603000024], [80.45227281700005, 21.970435790000067], [80.45229018000003, 21.970440189000044], [80.45231911900004, 21.970451996000065], [80.45234504900003, 21.970462877000045], [80.45238278600004, 21.970471443000065], [80.45240570600004, 21.97047514700006], [80.45244228500007, 21.970476305000034], [80.45247955800005, 21.970470517000024], [80.45249599600004, 21.97045570000006], [80.45250271000003, 21.970449449000057], [80.45251752700005, 21.970443662000037], [80.45253350100006, 21.970426529000065], [80.45254461400003, 21.970420279000052], [80.45255804200008, 21.970408934000034], [80.45257818300007, 21.97040337800007], [80.45260735400007, 21.970401989000038], [80.45266176000007, 21.970416111000077], [80.45271176700004, 21.970427224000048], [80.45274973500005, 21.970434632000035], [80.45280159400005, 21.970446671000047], [80.45285391600004, 21.970457089000035], [80.45289906100004, 21.97046496100006], [80.45292267600007, 21.970474453000065], [80.45294814200008, 21.970482556000036], [80.45298286900004, 21.97049019600007], [80.45301875400008, 21.970492742000033], [80.45304908200006, 21.970498530000043], [80.45307038200008, 21.970508022000047], [80.45309168100005, 21.97051265300007], [80.45311691600006, 21.97051450500004], [80.45316692300008, 21.97052909000007], [80.45320628000007, 21.970536036000055], [80.45322619000007, 21.97053974000005], [80.45323151500008, 21.970541360000027], [80.45323429300004, 21.970549463000054], [80.45323151500008, 21.970560344000035], [80.45320026100006, 21.970557335000024], [80.45315581000006, 21.970547380000028], [80.45311668400007, 21.970535804000065], [80.45306389900009, 21.970522145000075], [80.45303426600003, 21.97051473600004], [80.45298333300008, 21.970505476000028], [80.45292823200003, 21.970490427000072], [80.45290531200004, 21.97048417600007], [80.45286711300008, 21.970477000000074], [80.45283076500004, 21.970468665000055], [80.45278261000004, 21.970461257000068], [80.45274371600004, 21.97045315400004], [80.45268884700005, 21.97044180900008], [80.45267009400004, 21.97043324300006], [80.45265597200006, 21.970430002000057], [80.45261823500005, 21.970426761000056], [80.45259161100006, 21.970435327000075], [80.45255642100005, 21.970448523000073], [80.45250548800004, 21.970471675000056], [80.45248488300007, 21.970487881000054], [80.45246451000008, 21.970490427000072], [80.45244390500005, 21.970492974000024], [80.45241843900004, 21.970503161000067], [80.45239598200004, 21.970502235000026], [80.45237005200005, 21.970493900000065], [80.45233972400007, 21.970483482000077], [80.45231009000008, 21.97047561000005], [80.45228948600004, 21.970465655000055], [80.45227351100004, 21.970459404000053], [80.45225545300008, 21.970453848000034], [80.45222419900006, 21.970438800000068], [80.45219664900003, 21.97043069700004], [80.45216933000006, 21.970420279000052], [80.45214502100004, 21.97041101800005], [80.45212001800007, 21.970401758000037], [80.45209339300004, 21.970390182000074], [80.45208066000004, 21.970384857000056], [80.45207348300005, 21.970370503000026], [80.45206885300007, 21.970365410000056], [80.45204037700006, 21.97035221400006], [80.45201884600004, 21.970339249000062], [80.45200889100005, 21.97033184000003], [80.45198921200006, 21.970314708000046], [80.45195610600007, 21.970292251000046], [80.45192855600004, 21.97027326700004], [80.45191929500004, 21.970266553000044], [80.45190031100003, 21.970257987000025], [80.45189105000009, 21.97024571700007], [80.45188943000005, 21.970242013000075], [80.45187970600006, 21.970238772000073], [80.45187183500008, 21.970231132000038], [80.45186211100008, 21.97021006400007], [80.45185840700003, 21.97018645000003], [80.45185285100007, 21.970157510000035], [80.45184822000004, 21.970149176000064], [80.45183317200008, 21.970124867000038], [80.45182831000005, 21.97011120800005], [80.45181650300003, 21.970099169000036], [80.45180029700003, 21.97008412100007], [80.45177876600007, 21.970073934000027], [80.45175654100007, 21.970059580000054], [80.45173223200004, 21.97004962500006], [80.45170607100005, 21.970036660000062], [80.45169449500008, 21.97003040900006], [80.45167967800006, 21.970028094000043], [80.45166610400008, 21.970029702000033], [80.45166744600004, 21.97003180300004], [80.45166773800008, 21.97003000600006], [80.45168202100007, 21.970042057000057], [80.45176816400004, 21.970091154000045], [80.45181592300008, 21.97014828600004], [80.45182752800008, 21.97018577800003], [80.45184939800004, 21.97022862700004], [80.45187617900007, 21.97026210200005], [80.45191099300007, 21.970289775000026], [80.45194045100004, 21.970318787000053], [80.45195875100006, 21.97033396300003], [80.45199535100005, 21.97035449400005], [80.45203596800008, 21.97038484500007], [80.45205605300004, 21.97040136000004], [80.45210648900007, 21.970425909000028], [80.45218906200006, 21.970461169000032], [80.45222075200007, 21.97047456000007], [80.45230778800004, 21.97050000100006], [80.45237920300008, 21.97052008600008], [80.45240955400004, 21.97052499600005], [80.45246891700003, 21.970517408000035], [80.45252024600006, 21.970495091000032], [80.45256175500003, 21.970483486000035], [80.45259255300004, 21.970468311000047], [80.45262067200008, 21.970475452000073], [80.45267557200003, 21.970495091000032], [80.45274029100005, 21.970521425000072], [80.45278849500005, 21.970539725000037], [80.45280679500007, 21.97054508100007], [80.45284518000005, 21.97055802500006], [80.45289874100007, 21.970564274000026], [80.45293757300004, 21.970576771000026], [80.45296613800008, 21.970581235000054], [80.45299202600006, 21.970584359000043], [80.45304558700008, 21.970597749000035], [80.45306656500009, 21.970609354000032], [80.45311253700004, 21.97062140500003], [80.45318395200007, 21.970622298000023], [80.45322992500007, 21.970598642000027], [80.45324510000006, 21.970580342000062], [80.45324554600006, 21.97053660100005], [80.45324019000003, 21.970514730000048], [80.45322501500004, 21.970495538000023], [80.45320225200004, 21.97048125500004], [80.45318038100004, 21.970470989000034], [80.45312905200007, 21.970463401000075], [80.45307593800004, 21.970455367000056], [80.45303799900006, 21.97044822600003], [80.45300273800007, 21.97044376200006], [80.45298265300005, 21.970439299000077], [80.45295140900004, 21.970425909000028], [80.45290141900006, 21.97041475000003], [80.45287731700006, 21.970404038000027], [80.45282822000007, 21.97039421900007], [80.45280054700004, 21.97038484500007], [80.45272667700004, 21.970369000000062], [80.45269744200004, 21.970360966000044], [80.45267289400005, 21.970357842000055], [80.45265080000007, 21.970355833000042], [80.45262268000005, 21.970353155000055], [80.45258094800005, 21.970359850000023], [80.45254680300008, 21.970366099000046], [80.45252627100007, 21.970374133000064], [80.45246177500007, 21.970375472000057], [80.45243254000007, 21.97037167800005], [80.45242115800005, 21.970369670000025], [80.45239058400006, 21.970369447000053], [80.45236402700004, 21.970356949000063], [80.45232631100004, 21.970337087000075], [80.45229729900007, 21.97032592900007], [80.45226181500004, 21.97031276200005], [80.45222990200006, 21.97029714000007], [80.45219687300005, 21.97027549200004], [80.45215201600007, 21.970248043000026], [80.45211095300004, 21.970221709000043], [80.45208461900006, 21.970201400000064], [80.45206587300004, 21.97018176100005], [80.45203775300007, 21.970160560000068], [80.45201008000004, 21.970144938000033], [80.45196611600005, 21.97010566000006], [80.45193554200006, 21.970086021000043], [80.45188689100007, 21.97005165300004], [80.45186144900003, 21.970036478000054], [80.45183511500005, 21.970015500000045], [80.45181123600008, 21.969997646000024], [80.45176392400003, 21.96996617900004], [80.45174316900005, 21.969961716000057], [80.45171415700008, 21.969946764000042], [80.45167220200005, 21.96992467000007], [80.45165903500003, 21.969918421000045], [80.45163850300008, 21.969910387000027], [80.45163470900007, 21.969905254000025], [80.45162332700005, 21.969889856000066], [80.45160592000008, 21.96987066300005], [80.45157378400006, 21.96983674100005], [80.45154633400006, 21.969805274000066], [80.45153830000004, 21.969800365000026], [80.45152602600007, 21.96977670900003], [80.45152312400006, 21.969771129000037], [80.45151732200003, 21.969719354000063], [80.45150839500008, 21.969670257000075], [80.45151687600008, 21.969635442000026], [80.45153919300003, 21.969605538000053], [80.45154588800006, 21.969597503000045], [80.45157311400004, 21.969590362000076], [80.45159587800003, 21.969573401000048], [80.45159922500005, 21.969547290000037], [80.45159989500007, 21.969535239000038], [80.45158114800006, 21.969513145000064], [80.45155927800005, 21.969487927000046], [80.45153227400004, 21.969468735000078], [80.45148161500003, 21.96943392000003], [80.45145416500003, 21.96941004100006], [80.45143809700005, 21.969390849000035], [80.45143541900006, 21.969368085000042], [80.45146286900007, 21.96935514100005], [80.45150080700006, 21.96933394000007], [80.45152647200007, 21.969325683000022], [80.45155481400008, 21.969304928000042], [80.45155860800008, 21.96930001900006], [80.45155548400004, 21.969287075000068], [80.45154521800004, 21.96926587400003], [80.45152200900003, 21.96925404600006], [80.45151185400005, 21.969252781000023], [80.45149578600007, 21.969256649000044], [80.45140770900008, 21.969298605000063], [80.45133659200008, 21.969334015000072], [80.45131814300004, 21.969341454000073], [80.45130564600004, 21.969346810000047], [80.45128660200004, 21.969364366000036], [80.45128838700003, 21.969393824000065], [80.45129790900006, 21.969423878000043], [80.45130928600008, 21.96943411700005], [80.45131336600008, 21.969435477000047], [80.45135063900005, 21.96945260900003], [80.45137957900005, 21.969466037000075], [80.45139740500008, 21.96947807500004], [80.45141430600006, 21.96948849300003], [80.45145343100006, 21.969521368000073], [80.45147287900005, 21.969533639000076], [80.45149116800008, 21.969549613000027], [80.45149440900008, 21.969571607000034], [80.45149556700005, 21.969574617000035], [80.45148213900006, 21.969593601000042], [80.45145134800003, 21.969616289000044], [80.45143537300004, 21.969634579000058], [80.45141754700006, 21.96965448900005], [80.45141245400004, 21.96969986600004], [80.45140712900007, 21.969728110000062], [80.45140087800007, 21.96975241900003], [80.45139936900006, 21.96976159700006], [80.45140056700006, 21.96975952500003], [80.45140384000007, 21.969776188000026], [80.45140324500005, 21.969827963000057], [80.45142645500005, 21.969851470000037], [80.45147763500006, 21.969862480000074], [80.45147720300008, 21.969863056000065], [80.45149255700005, 21.969858916000078], [80.45151362500008, 21.96985359100006], [80.45153561900008, 21.969863314000065], [80.45154696300006, 21.969869797000058], [80.45156409500004, 21.969888549000075], [80.45156918800006, 21.969892254000058], [80.45155946500006, 21.969878363000078], [80.45154719500005, 21.969865398000024], [80.45153862900008, 21.969854748000046], [80.45153862900008, 21.96984535200005], [80.45152676300006, 21.969847456000025], [80.45151709800007, 21.969850234000035], [80.45150309100006, 21.969850292000046], [80.45148364400006, 21.969852144000072], [80.45146234500004, 21.96985098600004], [80.45144613900004, 21.969846587000063], [80.45142993300004, 21.96982852900004], [80.45142298700006, 21.969813712000075], [80.45141534700008, 21.96977898500006], [80.45141303200006, 21.96975814900003], [80.45141581000007, 21.96972504300004], [80.45141974600006, 21.969703280000033], [80.45141997800005, 21.96969448300007], [80.45142391300004, 21.969670637000036], [80.45143410000009, 21.969645170000035], [80.45143919300006, 21.96963938300007], [80.45144868500006, 21.969631974000038], [80.45145632500004, 21.969620167000073], [80.45146813300005, 21.969610212000077], [80.45148503300004, 21.96959655300003], [80.45149313600007, 21.969589607000046], [80.45149961800007, 21.96957942100005], [80.45150332300005, 21.969562520000068], [80.45151188900007, 21.96954538800003], [80.45152392700004, 21.969537285000058], [80.45151698200004, 21.96953219200003], [80.45149012600007, 21.96952293100003], [80.45147716200006, 21.969510892000073], [80.45145123200007, 21.969495149000068], [80.45141372700004, 21.969479870000043], [80.45136325700008, 21.969452088000025], [80.45135399600008, 21.96944491100004], [80.45133593800006, 21.96944028100006], [80.45132552000007, 21.969432178000034], [80.45131463900003, 21.969413888000076], [80.45131278700006, 21.969405322000057], [80.45131626000006, 21.96937545700007], [80.45132135300008, 21.96936434400004], [80.45135445900007, 21.969345129000033], [80.45138594500008, 21.969326144000036], [80.45144011900004, 21.969300446000034], [80.45148225500003, 21.969283546000042], [80.45150911100006, 21.969275906000064], [80.45151513000008, 21.969285398000068], [80.45151397200004, 21.96929373200004], [80.45149961800007, 21.969304151000074], [80.45147368900007, 21.96931595800004], [80.45144336100003, 21.969328460000042], [80.45141094900004, 21.96934767500005], [80.45137390600007, 21.96936943700007], [80.45135608000004, 21.96938101300003], [80.45135098700007, 21.96938957900005], [80.45134635600004, 21.96939490400007], [80.45134589300005, 21.96940022900003], [80.45135075500008, 21.96940879500005], [80.45136719300007, 21.969421297000054], [80.45137900000003, 21.969426390000024], [80.45141303200006, 21.96943981800007], [80.45143456300008, 21.969457876000035], [80.45145053800007, 21.96946713600005], [80.45147183700004, 21.969483111000045], [80.45150517500008, 21.969502326000054], [80.45154522700005, 21.96952686700007], [80.45156097000006, 21.969534275000058], [80.45156837800005, 21.969540989000052], [80.45157717600006, 21.969553954000048], [80.45157393400007, 21.96955719500005], [80.45156421100006, 21.969559047000075], [80.45154707900008, 21.96954839800003], [80.45155078300007, 21.969563678000043], [80.45154939400004, 21.969569697000054], [80.45152948400005, 21.96957664200005], [80.45152114900003, 21.969580810000025], [80.45150471200003, 21.969603729000028], [80.45147878200004, 21.969652116000077], [80.45147021600008, 21.969668785000067], [80.45146535400005, 21.969717634000062], [80.45146859600004, 21.969746342000064], [80.45147345700008, 21.969774818000076], [80.45147924500003, 21.969797738000068], [80.45149799800004, 21.969813481000074], [80.45152578000005, 21.96983431700005], [80.45153573500005, 21.96984288300007], [80.45153864700006, 21.96984288300007], [80.45154163800004, 21.96983368100007], [80.45155344500006, 21.96982511500005], [80.45156085400004, 21.969827777000035], [80.45156918800006, 21.96983472200003], [80.45157428200008, 21.96984033700005], [80.45157821700008, 21.969845777000046], [80.45157856500003, 21.969849829000054], [80.45157868000007, 21.96986557200006], [80.45158018500007, 21.96986534000007], [80.45158678300004, 21.96987645300004], [80.45159210800006, 21.969886639000038], [80.45160333700005, 21.969900762000066], [80.45161074500004, 21.969913148000046], [80.45161699600004, 21.969921945000067], [80.45161919500003, 21.969930395000063], [80.45162359400007, 21.969938498000033], [80.45162255200006, 21.969945791000043], [80.45161734300007, 21.96994787500006], [80.45161028200005, 21.969947412000067], [80.45160079000004, 21.969938846000048], [80.45158666800006, 21.969913379000047], [80.45158111100005, 21.969903887000044], [80.45158088000005, 21.96991175900007], [80.45159940100007, 21.969943476000026], [80.45161144000008, 21.969977972000038], [80.45161653300005, 21.969985843000075], [80.45163482300006, 21.970007374000033], [80.45163531800006, 21.97000771000006]]]]}}, {"type": "Feature", "properties": {"block": "Western Ukwa", "nuid": "CRO-23290-2016", "layer": "Lithology_DM", "age": null, "supergroup": null, "group": null, "unit": "Dump", "major_mineral": null, "remarks": null}, "geometry": {"type": "MultiPolygon", "coordinates": [[[[80.45022893800007, 21.96870377700003], [80.45021489100003, 21.96869758400004], [80.45016372600008, 21.968660079000074], [80.45012969300006, 21.968633918000023], [80.45011510800003, 21.96861956400005], [80.45006926800005, 21.968561686000044], [80.45002180800003, 21.96851052100004], [80.44998615500003, 21.968469543000026], [80.44994772400008, 21.96841444300003], [80.44989146600005, 21.968357722000064], [80.44984261600007, 21.968307021000044], [80.44980117500006, 21.968275535000032], [80.44976158600008, 21.968246364000038], [80.44973704600005, 21.96822529600007], [80.44969653100003, 21.96820307100006], [80.44966921200006, 21.968187097000055], [80.44964119900004, 21.968169270000033], [80.44961804800005, 21.968153759000074], [80.44956642000005, 21.96812366200004], [80.44952104400005, 21.968095186000028], [80.44949731300005, 21.968078517000038], [80.44946050300007, 21.968043211000065], [80.44945425200007, 21.968034413000055], [80.44944290800004, 21.968026079000026], [80.44943295300004, 21.968014966000055], [80.44941906200006, 21.96799968600004], [80.44941003300005, 21.967975377000073], [80.44940054100005, 21.967945975000077], [80.44939776300004, 21.96792884300004], [80.44939313200007, 21.967900830000076], [80.44938873400008, 21.967874900000027], [80.44937970400008, 21.967867260000048], [80.44936373000007, 21.967847582000047], [80.44934798700007, 21.967847350000056], [80.44930284200007, 21.967846887000064], [80.44929288700007, 21.96784781300005], [80.44927922700003, 21.967844572000047], [80.44926279000003, 21.967837858000053], [80.44923709200003, 21.96782535600005], [80.44921324600006, 21.967814244000067], [80.44919102100005, 21.96780081600008], [80.44918361200007, 21.96779525900007], [80.44915837700006, 21.967781600000023], [80.44914147700007, 21.967771413000037], [80.44912388200004, 21.96776099500005], [80.44910628700006, 21.96774478900005], [80.44907225400004, 21.967712841000036], [80.44903197100007, 21.96767464100003], [80.44899793800005, 21.967645702000027], [80.44898150100005, 21.96762926400004], [80.44896575800004, 21.967617225000026], [80.44894885700006, 21.96760402900003], [80.44894052500007, 21.967595913000025], [80.44894127700007, 21.967597235000028], [80.44890623900005, 21.967567777000056], [80.44879063700006, 21.967448828000045], [80.44874020100008, 21.967414460000043], [80.44868976500004, 21.967369379000047], [80.44862593800008, 21.967313587000035], [80.44856612900008, 21.967264490000048], [80.44851078300007, 21.967234139000027], [80.44849025100007, 21.96722253400003], [80.44844115400008, 21.96717299000005], [80.44839785900007, 21.967133712000077], [80.44838089800004, 21.96712210800007], [80.44837643500006, 21.967143532000023], [80.44838982500005, 21.96716406300004], [80.44842374700005, 21.96721494600007], [80.44847596800008, 21.96728636000006], [80.44850408800005, 21.967321175000052], [80.44853086800003, 21.967347509000035], [80.44856702100003, 21.967385448000073], [80.44858989600004, 21.967406425000036], [80.44861879700005, 21.967435437000063], [80.44864323400003, 21.96745987500003], [80.44866343100006, 21.967478509000046], [80.44868496600003, 21.96749346200005], [80.44869902600004, 21.967505066000058], [80.44874388300008, 21.96756509900007], [80.44877691200008, 21.967613080000035], [80.44884096200008, 21.967711052000027], [80.44885189700005, 21.967728013000055], [80.44885212000008, 21.96773403800006], [80.44886037800006, 21.96773850200003], [80.44886841200008, 21.967750330000058], [80.44891840200006, 21.967804337000075], [80.44894652100004, 21.967833795000047], [80.44897196200003, 21.967865931000063], [80.44899695700008, 21.967888248000065], [80.44902485400007, 21.96791569800007], [80.44905341900005, 21.967942925000045], [80.44908064600008, 21.96796970500003], [80.44911278200004, 21.967998829000067], [80.44913811200007, 21.96802527400007], [80.44915719300008, 21.96804703300006], [80.44916879800007, 21.96806265500004], [80.44919970700005, 21.968095015000074], [80.44921677900004, 21.96811398400007], [80.44923184300006, 21.96813931400004], [80.44924545700007, 21.968163640000057], [80.44925315600005, 21.96819042000004], [80.44926688100009, 21.968229921000045], [80.44927290600003, 21.968247998000038], [80.44929366100007, 21.968268306000027], [80.44930627000008, 21.96827913000004], [80.44931876800007, 21.968293971000037], [80.44935112700006, 21.968308253000032], [80.44939341800006, 21.96832409800004], [80.44943202600007, 21.96833726500006], [80.44950779200008, 21.96836270700004], [80.44955030600005, 21.96837966800007], [80.44960386700006, 21.968399307000027], [80.44966055200007, 21.968423632000054], [80.44970340000003, 21.968449520000036], [80.44975406000003, 21.96847696900005], [80.44979333800006, 21.968499510000072], [80.44981119100004, 21.968513792000067], [80.44983707900008, 21.968532539000023], [80.44984801400005, 21.96854057300004], [80.44988974700004, 21.968563336000045], [80.44991675000006, 21.96857806500003], [80.44993415800008, 21.968614442000046], [80.44994598600005, 21.968632742000068], [80.44996183100005, 21.968676037000023], [80.44997522100005, 21.96870504900005], [80.45001338300006, 21.968736292000074], [80.45003770800008, 21.968735846000072], [80.45007877100005, 21.968734061000077], [80.45010198100005, 21.968723795000074], [80.45011715700008, 21.968710851000026], [80.45013099300007, 21.968690766000066], [80.45015286400007, 21.96868407100004], [80.45017339500004, 21.968698354000026], [80.45018857100007, 21.96875548500003], [80.45020508500005, 21.96880212700006], [80.45023789100003, 21.968850555000074], [80.45025016600005, 21.968871533000026], [80.45030060200008, 21.96891951500004], [80.45030908200005, 21.968924424000022], [80.45033764800007, 21.96891215000005], [80.45036599100007, 21.968896305000044], [80.45039455600005, 21.96886171400007], [80.45039946600008, 21.96885702700007], [80.45044901000006, 21.96887376500007], [80.45048136900004, 21.968884477000074], [80.45052421800006, 21.96891616700003], [80.45057688600008, 21.968952767000076], [80.45058291100008, 21.968956338000055], [80.45060924500007, 21.96898758100008], [80.45063245500006, 21.96901335700005], [80.45067681000006, 21.969059832000028], [80.45069455200007, 21.96908042000007], [80.45069840200006, 21.969087450000075], [80.45072652100004, 21.96911272400007], [80.45074961900008, 21.96913280900003], [80.45078577200007, 21.969164610000064], [80.45080903800005, 21.969187541000053], [80.45084736700005, 21.969208296000033], [80.45086745200007, 21.96921900800004], [80.45089356300008, 21.96923206300005], [80.45095482300007, 21.969246793000025], [80.45099080900007, 21.969249638000065], [80.45104504000005, 21.969252483000048], [80.45106278200006, 21.969223527000054], [80.45106730100008, 21.969217334000064], [80.45105993600004, 21.969197751000024], [80.45105173500008, 21.96918034400005], [80.45101809200008, 21.969161263000046], [80.45097942800004, 21.96913531900003], [80.45094612000008, 21.969102514000042], [80.45085038000008, 21.969033052000043], [80.45081054400003, 21.969007945000044], [80.45078594000006, 21.96899522500007], [80.45074392800007, 21.968962754000074], [80.45058910400007, 21.96884533900004], [80.45054742700006, 21.968822241000055], [80.45047712900003, 21.968787594000048], [80.45041511600004, 21.96875721500004], [80.45036314500004, 21.968739640000024], [80.45030665500008, 21.968727087000048], [80.45024614900007, 21.968717797000068], [80.45022832300003, 21.968703738000045], [80.45022893800007, 21.96870377700003]]]]}}, {"type": "Feature", "properties": {"block": "Western Ukwa", "nuid": "CRO-23290-2016", "layer": "Lithology_DM", "age": null, "supergroup": null, "group": null, "unit": "Dump", "major_mineral": null, "remarks": null}, "geometry": {"type": "MultiPolygon", "coordinates": [[[[80.45139936900006, 21.96976159700006], [80.45140087800007, 21.96975241900003], [80.45140712900007, 21.969728110000062], [80.45141245400004, 21.96969986600004], [80.45141754700006, 21.96965448900005], [80.45143537300004, 21.969634579000058], [80.45145134800003, 21.969616289000044], [80.45148213900006, 21.969593601000042], [80.45149556700005, 21.969574617000035], [80.45149440900008, 21.969571607000034], [80.45149116800008, 21.969549613000027], [80.45147287900005, 21.969533639000076], [80.45145343100006, 21.969521368000073], [80.45141430600006, 21.96948849300003], [80.45139740500008, 21.96947807500004], [80.45137957900005, 21.969466037000075], [80.45135063900005, 21.96945260900003], [80.45131336600008, 21.969435477000047], [80.45130928600008, 21.96943411700005], [80.45130981200003, 21.96943459000005], [80.45128035300007, 21.96947981900007], [80.45124791900008, 21.969550638000044], [80.45122738800006, 21.969613423000055], [80.45121846100005, 21.969648832000075], [80.45121251000006, 21.969695847000025], [80.45120685600006, 21.969735422000042], [80.45123214900008, 21.96979850500003], [80.45123601700004, 21.96980981200005], [80.45125387000007, 21.96981992900004], [80.45126726100005, 21.96982974900004], [80.45128779200007, 21.969833022000046], [80.45131576300008, 21.96983480700004], [80.45132617700006, 21.969828261000032], [80.45134879200003, 21.969817549000027], [80.45135950400004, 21.969813978000047], [80.45138182100004, 21.96979195800003], [80.45139936900006, 21.96976159700006]]]]}}, {"type": "Feature", "properties": {"block": "Western Ukwa", "nuid": "CRO-23290-2016", "layer": "Lithology_DM", "age": "Pre- Cambrian", "supergroup": null, "group": "Sausar", "unit": "Mn Ore", "major_mineral": null, "remarks": null}, "geometry": {"type": "MultiPolygon", "coordinates": [[[[80.45156856200003, 21.96989179800005], [80.45157127200008, 21.969895321000024], [80.45157792800006, 21.969902787000024], [80.45158105900003, 21.969905677000042], [80.45158111100005, 21.969903887000044], [80.45158666800006, 21.969913379000047], [80.45160079000004, 21.969938846000048], [80.45161028200005, 21.969947412000067], [80.45161734300007, 21.96994787500006], [80.45162255200006, 21.969945791000043], [80.45162359400007, 21.969938498000033], [80.45161919500003, 21.969930395000063], [80.45161699600004, 21.969921945000067], [80.45161074500004, 21.969913148000046], [80.45160333700005, 21.969900762000066], [80.45159210800006, 21.969886639000038], [80.45158678300004, 21.96987645300004], [80.45158018500007, 21.96986534000007], [80.45157868000007, 21.96986557200006], [80.45157856500003, 21.969849829000054], [80.45157821700008, 21.969845777000046], [80.45157428200008, 21.96984033700005], [80.45156918800006, 21.96983472200003], [80.45156085400004, 21.969827777000035], [80.45155344500006, 21.96982511500005], [80.45154163800004, 21.96983368100007], [80.45153862900008, 21.969842941000024], [80.45153862900008, 21.969854748000046], [80.45154719500005, 21.969865398000024], [80.45155946500006, 21.969878363000078], [80.45156918800006, 21.969892254000058], [80.45156856200003, 21.96989179800005]]]]}}, {"type": "Feature", "properties": {"block": "Western Ukwa", "nuid": "CRO-23290-2016", "layer": "Lithology_DM", "age": null, "supergroup": null, "group": null, "unit": "Dump", "major_mineral": null, "remarks": null}, "geometry": {"type": "MultiPolygon", "coordinates": [[[[80.45158105900003, 21.969905677000042], [80.45157792800006, 21.969902787000024], [80.45157127200008, 21.969895321000024], [80.45156856200003, 21.96989179800005], [80.45156409500004, 21.969888549000075], [80.45154696300006, 21.969869797000058], [80.45153561900008, 21.969863314000065], [80.45151362500008, 21.96985359100006], [80.45149255700005, 21.969858916000078], [80.45147720300008, 21.969863056000065], [80.45146870800005, 21.969874382000057], [80.45146171600004, 21.96988107800007], [80.45145591300007, 21.96988673100003], [80.45143582800006, 21.969890897000028], [80.45142020600008, 21.96988613600007], [80.45139402100006, 21.96988122600004], [80.45135980200007, 21.96987185300003], [80.45134700600005, 21.969869621000043], [80.45132469000004, 21.96986977000006], [80.45132067200007, 21.969871109000053], [80.45130177700008, 21.96989833600003], [80.45130192600004, 21.969920504000072], [80.45131472100007, 21.969942821000075], [80.45132260700007, 21.96995517000005], [80.45134031100008, 21.969981355000073], [80.45135950400004, 21.969994448000023], [80.45138732600003, 21.970008284000073], [80.45145397900006, 21.970037742000045], [80.45147287400005, 21.97004994200006], [80.45146707200007, 21.970070474000067], [80.45145516900004, 21.970101123000063], [80.45147198100005, 21.970125746000065], [80.45149809200007, 21.970146575000058], [80.45154004800008, 21.97014850900007], [80.45155507500004, 21.970144938000033], [80.45158579800005, 21.97013772200006], [80.45160766800007, 21.970127680000076], [80.45162113300006, 21.970122101000072], [80.45164620200006, 21.970105809000074], [80.45165260000005, 21.97009323700007], [80.45166249400006, 21.970062254000027], [80.45166744600004, 21.97003180300004], [80.45166515100004, 21.970028210000066], [80.45165635300003, 21.970021959000064], [80.45163482300006, 21.970007374000033], [80.45161653300005, 21.969985843000075], [80.45161144000008, 21.969977972000038], [80.45159940100007, 21.969943476000026], [80.45158088000005, 21.96991175900007], [80.45158105900003, 21.969905677000042]]]]}}, {"type": "Feature", "properties": {"block": "Western Ukwa", "nuid": "CRO-23290-2016", "layer": "Lithology_DM", "age": "Pre- Cambrian", "supergroup": null, "group": "Sausar", "unit": "Mn Ore", "major_mineral": null, "remarks": null}, "geometry": {"type": "MultiPolygon", "coordinates": [[[[80.45152304000004, 21.969537882000054], [80.45152884700008, 21.969540873000028], [80.45154158000008, 21.969546777000062], [80.45154746600008, 21.969549995000023], [80.45154707900008, 21.96954839800003], [80.45156421100006, 21.969559047000075], [80.45157393400007, 21.96955719500005], [80.45157717600006, 21.969553954000048], [80.45156837800005, 21.969540989000052], [80.45156097000006, 21.969534275000058], [80.45154522700005, 21.96952686700007], [80.45150517500008, 21.969502326000054], [80.45147183700004, 21.969483111000045], [80.45145053800007, 21.96946713600005], [80.45143456300008, 21.969457876000035], [80.45141303200006, 21.96943981800007], [80.45137900000003, 21.969426390000024], [80.45136719300007, 21.969421297000054], [80.45135075500008, 21.96940879500005], [80.45134589300005, 21.96940022900003], [80.45134635600004, 21.96939490400007], [80.45135098700007, 21.96938957900005], [80.45135608000004, 21.96938101300003], [80.45137390600007, 21.96936943700007], [80.45141094900004, 21.96934767500005], [80.45144336100003, 21.969328460000042], [80.45147368900007, 21.96931595800004], [80.45149961800007, 21.969304151000074], [80.45151397200004, 21.96929373200004], [80.45151513000008, 21.969285398000068], [80.45150911100006, 21.969275906000064], [80.45148225500003, 21.969283546000042], [80.45144011900004, 21.969300446000034], [80.45138594500008, 21.969326144000036], [80.45135445900007, 21.969345129000033], [80.45132135300008, 21.96936434400004], [80.45131626000006, 21.96937545700007], [80.45131278700006, 21.969405322000057], [80.45131463900003, 21.969413888000076], [80.45132552000007, 21.969432178000034], [80.45133593800006, 21.96944028100006], [80.45135399600008, 21.96944491100004], [80.45136325700008, 21.969452088000025], [80.45141372700004, 21.969479870000043], [80.45145123200007, 21.969495149000068], [80.45147716200006, 21.969510892000073], [80.45149012600007, 21.96952293100003], [80.45151698200004, 21.96953219200003], [80.45152392700004, 21.969537285000058], [80.45152304000004, 21.969537882000054]]]]}}, {"type": "Feature", "properties": {"block": "Western Ukwa", "nuid": "CRO-23290-2016", "layer": "Lithology_DM", "age": null, "supergroup": null, "group": null, "unit": "Sericite Muscovite Schist", "major_mineral": null, "remarks": null}, "geometry": {"type": "MultiPolygon", "coordinates": [[[[80.45154746600008, 21.969549995000023], [80.45154158000008, 21.969546777000062], [80.45152884700008, 21.969540873000028], [80.45152304000004, 21.969537882000054], [80.45151188900007, 21.96954538800003], [80.45150332300005, 21.969562520000068], [80.45149961800007, 21.96957942100005], [80.45149313600007, 21.969589607000046], [80.45148503300004, 21.96959655300003], [80.45146813300005, 21.969610212000077], [80.45145632500004, 21.969620167000073], [80.45144868500006, 21.969631974000038], [80.45143919300006, 21.96963938300007], [80.45143410000009, 21.969645170000035], [80.45142391300004, 21.969670637000036], [80.45141997800005, 21.96969448300007], [80.45141974600006, 21.969703280000033], [80.45141581000007, 21.96972504300004], [80.45141303200006, 21.96975814900003], [80.45141534700008, 21.96977898500006], [80.45142298700006, 21.969813712000075], [80.45142993300004, 21.96982852900004], [80.45144613900004, 21.969846587000063], [80.45146234500004, 21.96985098600004], [80.45148364400006, 21.969852144000072], [80.45150309100006, 21.969850292000046], [80.45151709800007, 21.969850234000035], [80.45152676300006, 21.969847456000025], [80.45153862900008, 21.96984535200005], [80.45153862900008, 21.969842941000024], [80.45153864700006, 21.96984288300007], [80.45153573500005, 21.96984288300007], [80.45152578000005, 21.96983431700005], [80.45149799800004, 21.969813481000074], [80.45147924500003, 21.969797738000068], [80.45147345700008, 21.969774818000076], [80.45146859600004, 21.969746342000064], [80.45146535400005, 21.969717634000062], [80.45147021600008, 21.969668785000067], [80.45147878200004, 21.969652116000077], [80.45150471200003, 21.969603729000028], [80.45152114900003, 21.969580810000025], [80.45152948400005, 21.96957664200005], [80.45154939400004, 21.969569697000054], [80.45155078300007, 21.969563678000043], [80.45154746600008, 21.969549995000023]]]]}}, {"type": "Feature", "properties": {"block": "Western Ukwa", "nuid": "CRO-23290-2016", "layer": "Lithology_DM", "age": "Pre- Cambrian", "supergroup": null, "group": "Sausar", "unit": "Mn Ore", "major_mineral": null, "remarks": null}, "geometry": {"type": "MultiPolygon", "coordinates": [[[[80.45165351700007, 21.969992210000044], [80.45165560100008, 21.96999637700003], [80.45167736300004, 21.970003785000074], [80.45171301600004, 21.970014203000062], [80.45175816100004, 21.970038975000023], [80.45178015500005, 21.97005286600006], [80.45180816800007, 21.970068841000057], [80.45183062500007, 21.97008597300004], [80.45183780200006, 21.970094076000066], [80.45184359000007, 21.97010680900007], [80.45185308200007, 21.970113986000058], [80.45186049100005, 21.97012208900003], [80.45186766800003, 21.970134822000034], [80.45187276100006, 21.970149407000065], [80.45187623400005, 21.97015959400005], [80.45187901200006, 21.97017603200004], [80.45188202100007, 21.970190848000072], [80.45188665200004, 21.970200109000075], [80.45189035600004, 21.97020612800003], [80.45189258600004, 21.97020704700003], [80.45189220800006, 21.97020612800003], [80.45189243900006, 21.970179736000034], [80.45188850400007, 21.970161446000077], [80.45188827200008, 21.970138989000077], [80.45186350000006, 21.97010565100004], [80.45184590500008, 21.97008319500003], [80.45182692100008, 21.97006073800003], [80.45180492700007, 21.970044995000023], [80.45176603300007, 21.97002439000005], [80.45173176900005, 21.97000841600004], [80.45170329300004, 21.96999174700005], [80.45168430900003, 21.969987579000076], [80.45166879700008, 21.969981097000073], [80.45165259100008, 21.969984107000073], [80.45165351700007, 21.969992210000044], [80.45165351700007, 21.969992210000044]]]]}}, {"type": "Feature", "properties": {"block": "Western Ukwa", "nuid": "CRO-23290-2016", "layer": "Lithology_DM", "age": null, "supergroup": null, "group": null, "unit": "Sericite Muscovite Schist", "major_mineral": null, "remarks": null}, "geometry": {"type": "MultiPolygon", "coordinates": [[[[80.45189258600004, 21.97020704700003], [80.45189035600004, 21.97020612800003], [80.45188665200004, 21.970200109000075], [80.45188202100007, 21.970190848000072], [80.45187901200006, 21.97017603200004], [80.45187623400005, 21.97015959400005], [80.45187276100006, 21.970149407000065], [80.45186766800003, 21.970134822000034], [80.45186049100005, 21.97012208900003], [80.45185308200007, 21.970113986000058], [80.45184359000007, 21.97010680900007], [80.45183780200006, 21.970094076000066], [80.45183062500007, 21.97008597300004], [80.45180816800007, 21.970068841000057], [80.45178015500005, 21.97005286600006], [80.45175816100004, 21.970038975000023], [80.45171301600004, 21.970014203000062], [80.45167736300004, 21.970003785000074], [80.45165560100008, 21.96999637700003], [80.45165351700007, 21.969992210000044], [80.45164032100007, 21.969984107000073], [80.45162874500005, 21.969983644000024], [80.45162874500005, 21.96999174700005], [80.45163531800006, 21.97000771000006], [80.45165635300003, 21.970021959000064], [80.45166515100004, 21.970028210000066], [80.45166610400008, 21.970029702000033], [80.45167967800006, 21.970028094000043], [80.45169449500008, 21.97003040900006], [80.45170607100005, 21.970036660000062], [80.45173223200004, 21.97004962500006], [80.45175654100007, 21.970059580000054], [80.45177876600007, 21.970073934000027], [80.45180029700003, 21.97008412100007], [80.45181650300003, 21.970099169000036], [80.45182831000005, 21.97011120800005], [80.45183317200008, 21.970124867000038], [80.45184822000004, 21.970149176000064], [80.45185285100007, 21.970157510000035], [80.45185840700003, 21.97018645000003], [80.45186211100008, 21.97021006400007], [80.45187183500008, 21.970231132000038], [80.45187970600006, 21.970238772000073], [80.45188943000005, 21.970242013000075], [80.45189105000009, 21.97024571700007], [80.45190031100003, 21.970257987000025], [80.45191929500004, 21.970266553000044], [80.45192855600004, 21.97027326700004], [80.45195610600007, 21.970292251000046], [80.45198921200006, 21.970314708000046], [80.45200889100005, 21.97033184000003], [80.45201884600004, 21.970339249000062], [80.45204037700006, 21.97035221400006], [80.45206885300007, 21.970365410000056], [80.45207348300005, 21.970370503000026], [80.45208066000004, 21.970384857000056], [80.45209339300004, 21.970390182000074], [80.45212001800007, 21.970401758000037], [80.45214502100004, 21.97041101800005], [80.45216933000006, 21.970420279000052], [80.45219664900003, 21.97043069700004], [80.45222419900006, 21.970438800000068], [80.45225545300008, 21.970453848000034], [80.45227351100004, 21.970459404000053], [80.45228948600004, 21.970465655000055], [80.45231009000008, 21.97047561000005], [80.45233972400007, 21.970483482000077], [80.45237005200005, 21.970493900000065], [80.45239598200004, 21.970502235000026], [80.45241843900004, 21.970503161000067], [80.45244390500005, 21.970492974000024], [80.45246451000008, 21.970490427000072], [80.45248488300007, 21.970487881000054], [80.45250548800004, 21.970471675000056], [80.45255642100005, 21.970448523000073], [80.45259161100006, 21.970435327000075], [80.45261823500005, 21.970426761000056], [80.45265597200006, 21.970430002000057], [80.45267009400004, 21.97043324300006], [80.45268884700005, 21.97044180900008], [80.45274371600004, 21.97045315400004], [80.45278261000004, 21.970461257000068], [80.45283076500004, 21.970468665000055], [80.45286711300008, 21.970477000000074], [80.45290531200004, 21.97048417600007], [80.45292823200003, 21.970490427000072], [80.45298333300008, 21.970505476000028], [80.45303426600003, 21.97051473600004], [80.45306389900009, 21.970522145000075], [80.45311668400007, 21.970535804000065], [80.45315581000006, 21.970547380000028], [80.45320026100006, 21.970557335000024], [80.45323151500008, 21.970560344000035], [80.45323429300004, 21.970549463000054], [80.45323151500008, 21.970541360000027], [80.45322619000007, 21.97053974000005], [80.45320628000007, 21.970536036000055], [80.45316692300008, 21.97052909000007], [80.45311691600006, 21.97051450500004], [80.45309168100005, 21.97051265300007], [80.45307038200008, 21.970508022000047], [80.45304908200006, 21.970498530000043], [80.45301875400008, 21.970492742000033], [80.45298286900004, 21.97049019600007], [80.45294814200008, 21.970482556000036], [80.45292267600007, 21.970474453000065], [80.45289906100004, 21.97046496100006], [80.45285391600004, 21.970457089000035], [80.45280159400005, 21.970446671000047], [80.45274973500005, 21.970434632000035], [80.45271176700004, 21.970427224000048], [80.45266176000007, 21.970416111000077], [80.45260735400007, 21.970401989000038], [80.45257818300007, 21.97040337800007], [80.45255804200008, 21.970408934000034], [80.45254461400003, 21.970420279000052], [80.45253350100006, 21.970426529000065], [80.45251752700005, 21.970443662000037], [80.45250271000003, 21.970449449000057], [80.45249599600004, 21.97045570000006], [80.45247955800005, 21.970470517000024], [80.45244228500007, 21.970476305000034], [80.45240570600004, 21.97047514700006], [80.45238278600004, 21.970471443000065], [80.45234504900003, 21.970462877000045], [80.45231911900004, 21.970451996000065], [80.45229018000003, 21.970440189000044], [80.45227281700005, 21.970435790000067], [80.45224873900008, 21.970425603000024], [80.45222350400007, 21.970412870000075], [80.45220452000007, 21.97040847100004], [80.45219618600004, 21.97040523000004], [80.45214455800004, 21.970381384000063], [80.45212835200005, 21.97037166100006], [80.45209478300006, 21.970358927000063], [80.45207487200008, 21.970351056000027], [80.45206098200003, 21.97034086900004], [80.45204500700004, 21.970335313000078], [80.45203157900005, 21.97032674700006], [80.45200935400004, 21.970311467000045], [80.45199291600005, 21.970297808000055], [80.45197879400007, 21.970289242000035], [80.45196536600008, 21.970278824000047], [80.45195193900008, 21.970269332000044], [80.45193689000007, 21.97026261800005], [80.45193179700004, 21.970257756000024], [80.45192323100008, 21.970246643000053], [80.45190633000004, 21.970232984000063], [80.45189707000003, 21.97021793600004], [80.45189258600004, 21.97020704700003]]]]}}, {"type": "Feature", "properties": {"block": "Western Ukwa", "nuid": "CRO-23290-2016", "layer": "Lithology_DM", "age": null, "supergroup": null, "group": null, "unit": "Sericite Muscovite Schist", "major_mineral": null, "remarks": null}, "geometry": {"type": "MultiPolygon", "coordinates": [[[[80.44868656900007, 21.96730894600006], [80.44867567100005, 21.96731949900004], [80.44869141400005, 21.967330611000023], [80.44873077100004, 21.967353763000062], [80.44877128600007, 21.967387101000043], [80.44882985900006, 21.967436645000078], [80.44887338400008, 21.96747808600003], [80.44891760300004, 21.967524620000063], [80.44894932000005, 21.96755703200006], [80.44898520500004, 21.96758851800007], [80.44902247900006, 21.967620930000066], [80.44906855000005, 21.96766352800006], [80.44910536100008, 21.967697329000032], [80.44914194000006, 21.967738076000046], [80.44916185000005, 21.967762384000025], [80.44917435200006, 21.967775118000077], [80.44920143900003, 21.96778947200005], [80.44922852600007, 21.967805215000055], [80.44926464200006, 21.967818642000054], [80.44931418600004, 21.967827440000065], [80.44931951100006, 21.967828134000058], [80.44933085500008, 21.96782304100003], [80.44933432800008, 21.967818179000062], [80.44932344700004, 21.967809845000033], [80.44932180100005, 21.96780769700007], [80.44931939500003, 21.967808571000035], [80.44930017900003, 21.967805330000033], [80.44927054600004, 21.967797459000053], [80.44925966500006, 21.967791902000045], [80.44922887300004, 21.96777940100003], [80.44919923900005, 21.96776597300004], [80.44918558000006, 21.967753703000028], [80.44917307800006, 21.96774629400005], [80.44914807500004, 21.967725226000027], [80.44913511000004, 21.967708326000036], [80.44910964400003, 21.967681007000067], [80.44907885200007, 21.967655541000056], [80.44904898700008, 21.96762799100003], [80.44903023400008, 21.967606228000022], [80.44901101900007, 21.967585624000037], [80.44898346900004, 21.96756154600007], [80.44895406600006, 21.96753353300005], [80.44893230400004, 21.967512465000027], [80.44891933900004, 21.967499038000028], [80.44889977600008, 21.967478549000077], [80.44887720400004, 21.96745979600007], [80.44887060600007, 21.967445674000032], [80.44884652800005, 21.96742124900004], [80.44882673400008, 21.96740330700004], [80.44881411600005, 21.96739601400003], [80.44880034100004, 21.967385248000028], [80.44877626400006, 21.96737020000006], [80.44876758200007, 21.967364296000028], [80.44874338900007, 21.967343808000066], [80.44871155600003, 21.967322971000044], [80.44868656900007, 21.96730894600006]]]]}}, {"type": "Feature", "properties": {"block": "Western Ukwa", "nuid": "CRO-23290-2016", "layer": "Lithology_DM", "age": "Pre- Cambrian", "supergroup": null, "group": "Sausar", "unit": "Mn Ore", "major_mineral": null, "remarks": null}, "geometry": {"type": "MultiPolygon", "coordinates": [[[[80.44808739400008, 21.966828458000066], [80.44808010200006, 21.966848021000033], [80.44810047500005, 21.96686214300007], [80.44811529200007, 21.966873140000075], [80.44813497100006, 21.966883327000062], [80.44814839800006, 21.966891314000065], [80.44817861100006, 21.966918864000036], [80.44821160200007, 21.96696134700005], [80.44822456600008, 21.96697732100006], [80.44825362100005, 21.966991791000055], [80.44829321000003, 21.96701366900004], [80.44831138400008, 21.967015984000057], [80.44832689500004, 21.967023392000044], [80.44833858700008, 21.967031380000037], [80.44836162300004, 21.96705244700007], [80.44836729500008, 21.967072010000038], [80.44837134600004, 21.967087637000077], [80.44837574500008, 21.967094583000062], [80.44839102500003, 21.967109979000043], [80.44840896700003, 21.967125606000025], [80.44843686500008, 21.967143664000048], [80.44845770100005, 21.96716658400004], [80.44848177800003, 21.967184873000065], [80.44851326400004, 21.967204668000022], [80.44854833800008, 21.967225041000063], [80.44858260200004, 21.967243909000047], [80.44859174700008, 21.96725212800004], [80.44862832600006, 21.967277942000067], [80.44866907300008, 21.967299125000068], [80.44871155600003, 21.967322971000044], [80.44874338900007, 21.967343808000066], [80.44876758200007, 21.967364296000028], [80.44877626400006, 21.96737020000006], [80.44880034100004, 21.967385248000028], [80.44881411600005, 21.96739601400003], [80.44882673400008, 21.96740330700004], [80.44884652800005, 21.96742124900004], [80.44887060600007, 21.967445674000032], [80.44887720400004, 21.96745979600007], [80.44889977600008, 21.967478549000077], [80.44891933900004, 21.967499038000028], [80.44893230400004, 21.967512465000027], [80.44895406600006, 21.96753353300005], [80.44898346900004, 21.96756154600007], [80.44901101900007, 21.967585624000037], [80.44903023400008, 21.967606228000022], [80.44904898700008, 21.96762799100003], [80.44907885200007, 21.967655541000056], [80.44910964400003, 21.967681007000067], [80.44913511000004, 21.967708326000036], [80.44914807500004, 21.967725226000027], [80.44917307800006, 21.96774629400005], [80.44918558000006, 21.967753703000028], [80.44919923900005, 21.96776597300004], [80.44922887300004, 21.96777940100003], [80.44925966500006, 21.967791902000045], [80.44927054600004, 21.967797459000053], [80.44930017900003, 21.967805330000033], [80.44931939500003, 21.967808571000035], [80.44932194200004, 21.96780764500005], [80.44932217300004, 21.967801395000038], [80.44929717000008, 21.96778819800005], [80.44927471300008, 21.967775928000037], [80.44925781200004, 21.96777407600007], [80.44923906000008, 21.967767362000075], [80.44920641600004, 21.967747452000026], [80.44917030000005, 21.96771596600007], [80.44914020300007, 21.967686332000028], [80.44908741800003, 21.967641882000066], [80.44905778500004, 21.967610164000064], [80.44903856900004, 21.96758701300007], [80.44900662000003, 21.96755298000005], [80.44897582900006, 21.96751987400006], [80.44895244600008, 21.967495796000037], [80.44892512700005, 21.96747218200005], [80.44890521700006, 21.967450420000034], [80.44888391800004, 21.967432130000077], [80.44887350000005, 21.967417776000048], [80.44885173700004, 21.967397866000056], [80.44882951200003, 21.967383049000034], [80.44881168500007, 21.967368579000038], [80.44879154400007, 21.96735688800004], [80.44877811600008, 21.967346933000044], [80.44875785800008, 21.967330958000048], [80.44874003200005, 21.967320656000027], [80.44871167100007, 21.967300746000035], [80.44869685500004, 21.96728778100004], [80.44867555500008, 21.967270418000055], [80.44866826300006, 21.96726474600007], [80.44864846800004, 21.967258379000043], [80.44862126500004, 21.967241131000037], [80.44859741900007, 21.96722816600004], [80.44857727800007, 21.967216243000053], [80.44853873100004, 21.967188114000066], [80.44850458200006, 21.96716484700005], [80.44848467200006, 21.967151535000028], [80.44846221500006, 21.967131625000036], [80.44844415700004, 21.967114725000044], [80.44842922500004, 21.967106622000074], [80.44841394500008, 21.96709238400007], [80.44840410500007, 21.967081850000056], [80.44839727600004, 21.967066338000052], [80.44839287700006, 21.967054878000056], [80.44838570000007, 21.96703936700004], [80.44838222700008, 21.96702975900007], [80.44836810500004, 21.967018068000073], [80.44835791800006, 21.96701517400004], [80.44834506900008, 21.967008344000078], [80.44833615600004, 21.967004640000027], [80.44831578300006, 21.966996421000033], [80.44829344200008, 21.96698484500007], [80.44826450300008, 21.966964356000062], [80.44825246400006, 21.96695127600003], [80.44823949900007, 21.966940974000067], [80.44821333800007, 21.96692256800003], [80.44819354400005, 21.966913308000073], [80.44818683000005, 21.966905668000038], [80.44816599300003, 21.966887147000023], [80.44811691200005, 21.96684883100005], [80.44808739400008, 21.966828458000066]]]]}}, {"type": "Feature", "properties": {"block": "Western Ukwa", "nuid": "CRO-23290-2016", "layer": "Lithology_DM", "age": null, "supergroup": null, "group": null, "unit": "NO LABLE", "major_mineral": null, "remarks": null}, "geometry": {"type": "MultiPolygon", "coordinates": [[[[80.44936399600005, 21.967847909000056], [80.44936824500007, 21.967845729000032], [80.44937773700008, 21.967847234000033], [80.44938722900008, 21.96785788400007], [80.44940922200004, 21.96788358200007], [80.44941489500007, 21.967911248000064], [80.44941859900007, 21.96794875300003], [80.44942635500007, 21.96797213600007], [80.44943144800004, 21.967987763000053], [80.44943793000004, 21.968006632000026], [80.44945344200005, 21.96802017500005], [80.44947520400007, 21.968037423000055], [80.44949060000005, 21.96805119800007], [80.44951838100008, 21.96806833000005], [80.44955102500006, 21.968090903000075], [80.44959292900006, 21.968119494000064], [80.44963784200007, 21.96814611900004], [80.44966145700005, 21.968168112000058], [80.44966956000007, 21.968173553000042], [80.44969016400006, 21.968182350000063], [80.44971250600008, 21.968196473000035], [80.44973612000007, 21.96820735400007], [80.44976749000006, 21.968229116000032], [80.44980650000008, 21.968255740000075], [80.44982386400005, 21.96826905200004], [80.44984354200005, 21.968282249000026], [80.44985280300006, 21.96829729700005], [80.44986808300007, 21.968318828000065], [80.44988359400008, 21.96833688600003], [80.44989818000005, 21.968350893000036], [80.44990964000004, 21.968360732000065], [80.44991288100005, 21.968364089000033], [80.44992133100004, 21.968368372000043], [80.44993927300004, 21.968385735000027], [80.44995513200007, 21.96839777400004], [80.44996578200005, 21.968410276000043], [80.44996925400005, 21.968413517000045], [80.44997099100004, 21.96841768400003], [80.44998210300008, 21.968430996000052], [80.44999321600005, 21.968442225000047], [80.45000548600007, 21.968457620000038], [80.45001879800003, 21.96847417400005], [80.45002724900007, 21.968493042000034], [80.45004912700006, 21.96852221300003], [80.45006371200003, 21.96853830300006], [80.45006845800003, 21.96854733200007], [80.45009137800008, 21.968572335000033], [80.45012008600008, 21.968603474000076], [80.45013004100008, 21.968614587000047], [80.45013305000003, 21.968628825000053], [80.45013281900003, 21.96863218200008], [80.45013281900003, 21.968636321000076], [80.45016372600008, 21.968660079000074], [80.45021489100003, 21.96869758400004], [80.45022893800007, 21.96870377700003], [80.45025945500004, 21.96870574600007], [80.45029560900008, 21.968716793000056], [80.45033276600003, 21.96872030800006], [80.45041612000006, 21.968745414000068], [80.45046106100006, 21.96876349100006], [80.45052282300009, 21.96879161100003], [80.45055169500006, 21.968809687000032], [80.45060140600003, 21.96884282800005], [80.45066793900008, 21.968883250000033], [80.45070986700006, 21.96890735200003], [80.45076384600003, 21.96894978200004], [80.45079297000007, 21.968969365000078], [80.45084243000008, 21.969008029000065], [80.45088536200007, 21.96903941200003], [80.45090770700006, 21.96905774000004], [80.45095892400008, 21.96908234500006], [80.45101139700006, 21.969107200000053], [80.45107968700006, 21.969135822000055], [80.45114320600004, 21.969155656000055], [80.45117860600004, 21.969159171000058], [80.45120547100004, 21.969143605000056], [80.45123308800004, 21.969114983000054], [80.45124062000008, 21.96910644700006], [80.45124614300005, 21.96907857900004], [80.45126070500004, 21.969039663000046], [80.45126321600003, 21.96901556100005], [80.45124463700006, 21.96899296500004], [80.45121752200004, 21.968978654000068], [80.45116002800006, 21.968973633000076], [80.45110429100004, 21.968989199000077], [80.45107290800007, 21.968997484000056], [80.45102169000006, 21.969002506000038], [80.45099106000004, 21.969003008000072], [80.45095189400007, 21.968989199000077], [80.45089113600005, 21.968948778000026], [80.45083891500008, 21.96890710100007], [80.45078117000008, 21.968867683000042], [80.45068576500006, 21.968794372000048], [80.45060366600006, 21.968750185000033], [80.45050575000005, 21.968692189000024], [80.45045252500006, 21.96866858800007], [80.45034908500008, 21.96863971600004], [80.45025091900004, 21.968613856000047], [80.45019191800003, 21.96859075800006], [80.45015275200006, 21.968542553000077], [80.45011258200003, 21.96846346800004], [80.45008948400005, 21.968406978000075], [80.45005132200004, 21.968354254000076], [80.45001968700007, 21.968309816000044], [80.44998152500006, 21.968284458000028], [80.44995164900007, 21.96826688300007], [80.44991398900004, 21.968225709000023], [80.44986703900008, 21.96817901000003], [80.44984544800008, 21.96816143600006], [80.44981757900007, 21.968151393000028], [80.44977464700008, 21.968125282000074], [80.44972694500007, 21.968088627000043], [80.44967321700005, 21.968052724000074], [80.44964283800005, 21.968028120000042], [80.44962199900004, 21.968003766000038], [80.44961371400007, 21.967995983000037], [80.44959714400005, 21.967980417000035], [80.44957505000008, 21.967952549000074], [80.44956048800003, 21.967929953000066], [80.44954115600007, 21.967906353000046], [80.44951780700006, 21.967873714000064], [80.44947462400006, 21.96782802100006], [80.44943194300004, 21.967786344000046], [80.44939101900007, 21.96777153100004], [80.44934607800008, 21.967756216000055], [80.44931695500003, 21.967751445000033], [80.44929561400005, 21.967747428000052], [80.44925393700004, 21.967728599000054], [80.44920497900006, 21.967691692000074], [80.44915602100008, 21.96765152100005], [80.44912765100008, 21.967624155000067], [80.44909576600008, 21.967595283000037], [80.44906488500004, 21.96756867000005], [80.44901894000003, 21.96752900100006], [80.44899985900008, 21.967503142000055], [80.44897324600004, 21.967480797000064], [80.44894487500005, 21.96744966500006], [80.44887633400003, 21.967399702000023], [80.44884595500008, 21.967378111000073], [80.44882662300006, 21.967365306000033], [80.44875105200003, 21.96731032300005], [80.44868753300005, 21.967264880000073], [80.44864334500005, 21.96723776500005], [80.44859187700007, 21.967203118000043], [80.44853287600006, 21.967157926000027], [80.44847412700005, 21.967109219000065], [80.44845454400007, 21.967083611000078], [80.44844575700006, 21.96706653800004], [80.44843420800004, 21.967060764000053], [80.44840357800007, 21.96703465300004], [80.44839403700007, 21.967023355000038], [80.44836667100003, 21.967002266000065], [80.44833905400003, 21.966991721000056], [80.44831495100004, 21.96697941900004], [80.44828432100007, 21.96695983500007], [80.44823737200005, 21.96692267800006], [80.44818891600005, 21.966888784000048], [80.44815301400007, 21.96685840500004], [80.44812866100006, 21.966838822000057], [80.44811535400004, 21.966828779000025], [80.44809122400005, 21.96681368700007], [80.44806890700005, 21.96685988300004], [80.44810595300004, 21.966888226000037], [80.44812425300006, 21.96689804500005], [80.44815996000005, 21.966924826000024], [80.44819432800006, 21.966958524000063], [80.44820995000003, 21.96697325300005], [80.44822267100005, 21.966989322000074], [80.44824498800006, 21.96699624000007], [80.44829542400004, 21.967026814000064], [80.44833849600008, 21.96705047000006], [80.44836349100007, 21.96708840900004], [80.44840723200008, 21.96712991800007], [80.44844137700005, 21.96716004600006], [80.44848556400007, 21.96719820800007], [80.44851837000004, 21.967224989000044], [80.44856813700005, 21.96724864500004], [80.44857795700005, 21.967252662000078], [80.44859157000008, 21.967267614000036], [80.44861254800009, 21.96728167400005], [80.44863843600007, 21.967305776000046], [80.44865718200003, 21.96732429900004], [80.44869333500003, 21.967355096000063], [80.44871029600006, 21.967368263000026], [80.44872547200004, 21.967376967000064], [80.44876430300008, 21.967409103000023], [80.44879398500007, 21.96742918900003], [80.44880737500006, 21.967441017000056], [80.44881875700008, 21.967456639000034], [80.44883527100006, 21.967477393000024], [80.44886138200008, 21.967506852000042], [80.44888503800007, 21.967527606000033], [80.44891605800007, 21.967559743000038], [80.44892230700003, 21.96756532200004], [80.44893011800008, 21.96757759600007], [80.44894052500007, 21.967595913000025], [80.44894885700006, 21.96760402900003], [80.44896575800004, 21.967617225000026], [80.44898150100005, 21.96762926400004], [80.44899793800005, 21.967645702000027], [80.44903197100007, 21.96767464100003], [80.44907225400004, 21.967712841000036], [80.44910628700006, 21.96774478900005], [80.44912388200004, 21.96776099500005], [80.44914147700007, 21.967771413000037], [80.44915837700006, 21.967781600000023], [80.44918361200007, 21.96779525900007], [80.44919102100005, 21.96780081600008], [80.44921324600006, 21.967814244000067], [80.44923709200003, 21.96782535600005], [80.44926279000003, 21.967837858000053], [80.44927922700003, 21.967844572000047], [80.44929288700007, 21.96784781300005], [80.44930284200007, 21.967846887000064], [80.44934798700007, 21.967847350000056], [80.44936373000007, 21.967847582000047], [80.44936399600005, 21.967847909000056]], [[80.44932180100005, 21.96780769700007], [80.44932344700004, 21.967809845000033], [80.44933432800008, 21.967818179000062], [80.44933085500008, 21.96782304100003], [80.44931951100006, 21.967828134000058], [80.44931418600004, 21.967827440000065], [80.44926464200006, 21.967818642000054], [80.44922852600007, 21.967805215000055], [80.44920143900003, 21.96778947200005], [80.44917435200006, 21.967775118000077], [80.44916185000005, 21.967762384000025], [80.44914194000006, 21.967738076000046], [80.44910536100008, 21.967697329000032], [80.44906855000005, 21.96766352800006], [80.44902247900006, 21.967620930000066], [80.44898520500004, 21.96758851800007], [80.44894932000005, 21.96755703200006], [80.44891760300004, 21.967524620000063], [80.44887338400008, 21.96747808600003], [80.44882985900006, 21.967436645000078], [80.44877128600007, 21.967387101000043], [80.44873077100004, 21.967353763000062], [80.44869141400005, 21.967330611000023], [80.44867567100005, 21.96731949900004], [80.44868656900007, 21.96730894600006], [80.44866907300008, 21.967299125000068], [80.44862832600006, 21.967277942000067], [80.44859174700008, 21.96725212800004], [80.44858260200004, 21.967243909000047], [80.44854833800008, 21.967225041000063], [80.44851326400004, 21.967204668000022], [80.44848177800003, 21.967184873000065], [80.44845770100005, 21.96716658400004], [80.44843686500008, 21.967143664000048], [80.44840896700003, 21.967125606000025], [80.44839102500003, 21.967109979000043], [80.44837574500008, 21.967094583000062], [80.44837134600004, 21.967087637000077], [80.44836729500008, 21.967072010000038], [80.44836162300004, 21.96705244700007], [80.44833858700008, 21.967031380000037], [80.44832689500004, 21.967023392000044], [80.44831138400008, 21.967015984000057], [80.44829321000003, 21.96701366900004], [80.44825362100005, 21.966991791000055], [80.44822456600008, 21.96697732100006], [80.44821160200007, 21.96696134700005], [80.44817861100006, 21.966918864000036], [80.44814839800006, 21.966891314000065], [80.44813497100006, 21.966883327000062], [80.44811529200007, 21.966873140000075], [80.44810047500005, 21.96686214300007], [80.44808010200006, 21.966848021000033], [80.44808739400008, 21.966828458000066], [80.44811691200005, 21.96684883100005], [80.44816599300003, 21.966887147000023], [80.44818683000005, 21.966905668000038], [80.44819354400005, 21.966913308000073], [80.44821333800007, 21.96692256800003], [80.44823949900007, 21.966940974000067], [80.44825246400006, 21.96695127600003], [80.44826450300008, 21.966964356000062], [80.44829344200008, 21.96698484500007], [80.44831578300006, 21.966996421000033], [80.44833615600004, 21.967004640000027], [80.44834506900008, 21.967008344000078], [80.44835791800006, 21.96701517400004], [80.44836810500004, 21.967018068000073], [80.44838222700008, 21.96702975900007], [80.44838570000007, 21.96703936700004], [80.44839287700006, 21.967054878000056], [80.44839727600004, 21.967066338000052], [80.44840410500007, 21.967081850000056], [80.44841394500008, 21.96709238400007], [80.44842922500004, 21.967106622000074], [80.44844415700004, 21.967114725000044], [80.44846221500006, 21.967131625000036], [80.44848467200006, 21.967151535000028], [80.44850458200006, 21.96716484700005], [80.44853873100004, 21.967188114000066], [80.44857727800007, 21.967216243000053], [80.44859741900007, 21.96722816600004], [80.44862126500004, 21.967241131000037], [80.44864846800004, 21.967258379000043], [80.44866826300006, 21.96726474600007], [80.44867555500008, 21.967270418000055], [80.44869685500004, 21.96728778100004], [80.44871167100007, 21.967300746000035], [80.44874003200005, 21.967320656000027], [80.44875785800008, 21.967330958000048], [80.44877811600008, 21.967346933000044], [80.44879154400007, 21.96735688800004], [80.44881168500007, 21.967368579000038], [80.44882951200003, 21.967383049000034], [80.44885173700004, 21.967397866000056], [80.44887350000005, 21.967417776000048], [80.44888391800004, 21.967432130000077], [80.44890521700006, 21.967450420000034], [80.44892512700005, 21.96747218200005], [80.44895244600008, 21.967495796000037], [80.44897582900006, 21.96751987400006], [80.44900662000003, 21.96755298000005], [80.44903856900004, 21.96758701300007], [80.44905778500004, 21.967610164000064], [80.44908741800003, 21.967641882000066], [80.44914020300007, 21.967686332000028], [80.44917030000005, 21.96771596600007], [80.44920641600004, 21.967747452000026], [80.44923906000008, 21.967767362000075], [80.44925781200004, 21.96777407600007], [80.44927471300008, 21.967775928000037], [80.44929717000008, 21.96778819800005], [80.44932217300004, 21.967801395000038], [80.44932194200004, 21.96780764500005], [80.44932180100005, 21.96780769700007]], [[80.44941373700004, 21.96783183900004], [80.44939197500008, 21.967812391000052], [80.44936234100004, 21.967796417000045], [80.44934960800003, 21.967788546000065], [80.44932923400006, 21.96778623000006], [80.44932391000003, 21.96777303400006], [80.44932622500005, 21.967768172000035], [80.44934011600003, 21.967761921000033], [80.44934983900004, 21.967762384000025], [80.44936581400003, 21.967765163000024], [80.44938063100005, 21.967776275000062], [80.44939220600008, 21.96778345200005], [80.44942392400003, 21.96780660400003], [80.44944151900006, 21.967821652000055], [80.44947393100006, 21.96786263000007], [80.44948296000007, 21.96787906700007], [80.44948921100007, 21.96789619900005], [80.44949754500004, 21.96791518400005], [80.44950680600004, 21.96793023200007], [80.44953065100003, 21.967953383000065], [80.44953875400006, 21.967961949000028], [80.44956074800007, 21.967983943000036], [80.44958042700006, 21.968007095000075], [80.44959316000006, 21.968022606000034], [80.44960218900007, 21.968035108000038], [80.44961631200005, 21.968045526000026], [80.44963020200004, 21.96805478600004], [80.44967650500007, 21.968087198000035], [80.44972072400003, 21.96811150700006], [80.44974202400005, 21.96812794500005], [80.44977026800007, 21.96814739200005], [80.44978346500005, 21.96816128300003], [80.44978855800008, 21.968177257000036], [80.44978346500005, 21.96818466600007], [80.44978138100004, 21.968191148000074], [80.44978855800008, 21.968196241000044], [80.44982444200008, 21.968217309000067], [80.44984481600005, 21.96822981100007], [80.44986310500008, 21.96822888500003], [80.44987792200004, 21.968235830000026], [80.44990987100005, 21.96825712900005], [80.44993394900007, 21.96828259600005], [80.44998858600007, 21.96831361900007], [80.45000664400004, 21.968329362000077], [80.45001822000006, 21.968347883000035], [80.45004438100005, 21.968375433000062], [80.45006591100008, 21.96839951000004], [80.45007517200008, 21.968410623000068], [80.45007216200008, 21.968411781000043], [80.45006058700005, 21.968409234000035], [80.45004854800004, 21.968406919000074], [80.45004368600007, 21.968405761000042], [80.45004368600007, 21.968410623000068], [80.45005248400008, 21.968419652000023], [80.45004044500007, 21.968425208000042], [80.45001683000004, 21.968419652000023], [80.44997978800006, 21.96840205700005], [80.44995293300008, 21.968376128000045], [80.44990732400004, 21.96832704700006], [80.44987722800005, 21.968296487000032], [80.44983532400005, 21.968252731000064], [80.44981124600008, 21.968233284000064], [80.44979110500003, 21.968224486000054], [80.44977165700004, 21.968208743000048], [80.44973878200005, 21.968186055000047], [80.44970752800003, 21.968166145000055], [80.44967280100008, 21.968148549000034], [80.44965752100006, 21.968138594000038], [80.44963274900005, 21.96810896100004], [80.44962071000003, 21.968105256000058], [80.44959385500005, 21.968091366000067], [80.44955102500006, 21.968065436000074], [80.44952069600004, 21.96805015600006], [80.44949268300007, 21.968028394000044], [80.44948203400008, 21.968011493000063], [80.44946559600004, 21.967992509000055], [80.44945471500006, 21.967967043000044], [80.44944198200005, 21.967916110000033], [80.44942693300004, 21.967876984000043], [80.44941396900003, 21.967855685000075], [80.44940308700006, 21.967848971000024], [80.44939197500008, 21.967844109000055], [80.44939822600008, 21.967830450000065], [80.44939868900008, 21.96782836600005], [80.44941373700004, 21.96783183900004]], [[80.45013114700004, 21.968552129000045], [80.45013258700004, 21.968549763000055], [80.45013999600008, 21.968554625000024], [80.45015296100007, 21.96856851600006], [80.45015898000008, 21.968580786000075], [80.45016291600007, 21.96859004600003], [80.45016170200006, 21.968593232000046], [80.45016337900006, 21.968595487000073], [80.45017773300003, 21.968617481000024], [80.45018815100008, 21.968623732000026], [80.45021454300007, 21.96863924300004], [80.45023260100004, 21.968648040000062], [80.45023468500005, 21.96864503100005], [80.45024093600006, 21.968644105000067], [80.45024950200008, 21.968643410000027], [80.45026015100007, 21.96864225300004], [80.45027728300005, 21.968640401000073], [80.45030437100007, 21.96864479900006], [80.45033354100008, 21.96865081900006], [80.45035576700008, 21.968655217000048], [80.45037799200009, 21.968662394000035], [80.45041549700005, 21.968676285000072], [80.45043980600008, 21.968679063000025], [80.45045300200007, 21.968681378000042], [80.45047777400003, 21.96869457500003], [80.45051528000005, 21.968715874000054], [80.45053796800005, 21.968730459000028], [80.45059283700004, 21.968762640000023], [80.45064400100006, 21.968789495000067], [80.45069308200004, 21.968822139000054], [80.45072132700005, 21.96884367000007], [80.45074355200006, 21.968866126000023], [80.45075350700006, 21.96887446100004], [80.45076346200005, 21.968870062000065], [80.45078730800003, 21.96888881500007], [80.45080629300008, 21.96889668600005], [80.45082643400008, 21.96891914300005], [80.45084727000005, 21.968939748000025], [80.45087574700005, 21.96896868700003], [80.45090839000005, 21.969004572000074], [80.45094265400007, 21.969030733000068], [80.45096163800008, 21.96903628900003], [80.45100446800006, 21.969039530000032], [80.45102530500003, 21.96903906700004], [80.45103340800006, 21.96903304800003], [80.45105192900007, 21.969024482000066], [80.45106072600004, 21.969018231000064], [80.45108619300004, 21.969015916000046], [80.45109360100008, 21.969026566000025], [80.45110517700004, 21.969021241000064], [80.45111409000003, 21.969014874000038], [80.45115379500004, 21.968999247000056], [80.45116942200008, 21.968998784000064], [80.45119083700007, 21.96899866800004], [80.45120970500005, 21.96900040400004], [80.45121572500005, 21.96900040400004], [80.45122973100007, 21.969005266000067], [80.45123575100007, 21.96901360100003], [80.45124860000004, 21.969032353000046], [80.45124883100004, 21.969039530000032], [80.45124697900008, 21.969048559000043], [80.45124177000008, 21.969059093000055], [80.45123413000005, 21.96906858500006], [80.45122718500005, 21.96907136300007], [80.45122324900007, 21.96907738300007], [80.45121028400007, 21.969094746000053], [80.45120380200007, 21.969108637000033], [80.45119755100006, 21.969112573000075], [80.45116444400009, 21.969118361000028], [80.45114800700003, 21.96911697200005], [80.45113944100007, 21.969113036000067], [80.45113481100003, 21.969104007000055], [80.45113214800006, 21.96909914500003], [80.45112057200004, 21.96911072100005], [80.45109522200005, 21.96910817400004], [80.45107137600007, 21.969102849000024], [80.45105007700005, 21.969093242000042], [80.45101940100005, 21.969083055000056], [80.45100273200006, 21.96908039300007], [80.45096094400003, 21.96907437300007], [80.45094612700007, 21.969065113000056], [80.45092158600005, 21.969052495000028], [80.45090144500006, 21.969039762000023], [80.45088269200005, 21.96903142700006], [80.45085954100006, 21.969008044000077], [80.45083500000004, 21.968981883000026], [80.45081393200007, 21.968964520000043], [80.45080004200008, 21.96895016600007], [80.45076948200006, 21.968933960000072], [80.45073336600007, 21.96891011400004], [80.45070558400005, 21.96889043500005], [80.45066414300004, 21.96886589500008], [80.45064840000003, 21.968855477000034], [80.45060626500003, 21.96882653800003], [80.45056852800008, 21.968803155000046], [80.45053241200003, 21.968786717000057], [80.45050532500005, 21.968768891000025], [80.45046944000006, 21.968747591000067], [80.45039743900008, 21.968722356000058], [80.45033261500004, 21.968707308000035], [80.45027311600006, 21.968692954000062], [80.45022357200008, 21.968690871000035], [80.45020852400006, 21.96868091500005], [80.45018745600004, 21.96866702500006], [80.45018004800005, 21.968657764000056], [80.45017148200003, 21.968643873000076], [80.45019069700004, 21.968645957000035], [80.45017078700005, 21.968632066000055], [80.45014856200004, 21.968609146000063], [80.45012703100008, 21.968587152000055], [80.45008836800008, 21.968548027000054], [80.45007308800007, 21.968525107000062], [80.45005873400004, 21.968498714000077], [80.45005827100005, 21.96848598100007], [80.45006915300007, 21.96848482300004], [80.45008998900005, 21.96848806400004], [80.45011777000008, 21.968534136000073], [80.45013114700004, 21.968552129000045]]]]}}, {"type": "Feature", "properties": {"block": "Western Ukwa", "nuid": "CRO-23290-2016", "layer": "Lithology_DM", "age": null, "supergroup": null, "group": null, "unit": "NO LABAL", "major_mineral": null, "remarks": null}, "geometry": {"type": "MultiPolygon", "coordinates": [[[[80.45013281900003, 21.968636321000076], [80.45013281900003, 21.96863218200008], [80.45013305000003, 21.968628825000053], [80.45013004100008, 21.968614587000047], [80.45012008600008, 21.968603474000076], [80.45009137800008, 21.968572335000033], [80.45006845800003, 21.96854733200007], [80.45006371200003, 21.96853830300006], [80.45004912700006, 21.96852221300003], [80.45002724900007, 21.968493042000034], [80.45001879800003, 21.96847417400005], [80.45000548600007, 21.968457620000038], [80.44999321600005, 21.968442225000047], [80.44998210300008, 21.968430996000052], [80.44997099100004, 21.96841768400003], [80.44996925400005, 21.968413517000045], [80.44996578200005, 21.968410276000043], [80.44995513200007, 21.96839777400004], [80.44993927300004, 21.968385735000027], [80.44992133100004, 21.968368372000043], [80.44991288100005, 21.968364089000033], [80.44990964000004, 21.968360732000065], [80.44989818000005, 21.968350893000036], [80.44988359400008, 21.96833688600003], [80.44986808300007, 21.968318828000065], [80.44985280300006, 21.96829729700005], [80.44984354200005, 21.968282249000026], [80.44982386400005, 21.96826905200004], [80.44980650000008, 21.968255740000075], [80.44976749000006, 21.968229116000032], [80.44973612000007, 21.96820735400007], [80.44971250600008, 21.968196473000035], [80.44969016400006, 21.968182350000063], [80.44966956000007, 21.968173553000042], [80.44966145700005, 21.968168112000058], [80.44963784200007, 21.96814611900004], [80.44959292900006, 21.968119494000064], [80.44955102500006, 21.968090903000075], [80.44951838100008, 21.96806833000005], [80.44949060000005, 21.96805119800007], [80.44947520400007, 21.968037423000055], [80.44945344200005, 21.96802017500005], [80.44943793000004, 21.968006632000026], [80.44943144800004, 21.967987763000053], [80.44942635500007, 21.96797213600007], [80.44941859900007, 21.96794875300003], [80.44941489500007, 21.967911248000064], [80.44940922200004, 21.96788358200007], [80.44938722900008, 21.96785788400007], [80.44937773700008, 21.967847234000033], [80.44936824500007, 21.967845729000032], [80.44936399600005, 21.967847909000056], [80.44937970400008, 21.967867260000048], [80.44938873400008, 21.967874900000027], [80.44939313200007, 21.967900830000076], [80.44939776300004, 21.96792884300004], [80.44940054100005, 21.967945975000077], [80.44941003300005, 21.967975377000073], [80.44941906200006, 21.96799968600004], [80.44943295300004, 21.968014966000055], [80.44944290800004, 21.968026079000026], [80.44945425200007, 21.968034413000055], [80.44946050300007, 21.968043211000065], [80.44949731300005, 21.968078517000038], [80.44952104400005, 21.968095186000028], [80.44956642000005, 21.96812366200004], [80.44961804800005, 21.968153759000074], [80.44964119900004, 21.968169270000033], [80.44966921200006, 21.968187097000055], [80.44969653100003, 21.96820307100006], [80.44973704600005, 21.96822529600007], [80.44976158600008, 21.968246364000038], [80.44980117500006, 21.968275535000032], [80.44984261600007, 21.968307021000044], [80.44989146600005, 21.968357722000064], [80.44994772400008, 21.96841444300003], [80.44998615500003, 21.968469543000026], [80.45002180800003, 21.96851052100004], [80.45006926800005, 21.968561686000044], [80.45011510800003, 21.96861956400005], [80.45012969300006, 21.968633918000023], [80.45013281900003, 21.968636321000076]]]]}}, {"type": "Feature", "properties": {"block": "Western Ukwa", "nuid": "CRO-23290-2016", "layer": "Lithology_DM", "age": "Pre- Cambrian", "supergroup": null, "group": "Sausar", "unit": "Mn Ore", "major_mineral": null, "remarks": null}, "geometry": {"type": "MultiPolygon", "coordinates": [[[[80.44941358600005, 21.96783170300006], [80.44942045100004, 21.96783612200005], [80.44943665700004, 21.96785360100006], [80.44944499100006, 21.967867029000047], [80.44945332600008, 21.96788207700007], [80.44946652200008, 21.967913563000025], [80.44949337800006, 21.96795905500005], [80.44952231700006, 21.96798683700007], [80.44953180900006, 21.967992046000063], [80.44955959100008, 21.968020522000074], [80.44956943000005, 21.968031288000077], [80.44957915400005, 21.968040664000057], [80.44958795100007, 21.968050735000077], [80.44959559100005, 21.968057565000038], [80.44961156600004, 21.968068909000067], [80.44961851100004, 21.96807597000003], [80.44964583000007, 21.968101321000063], [80.44965717400004, 21.96810896100004], [80.44967858900003, 21.96812667100005], [80.44970185600005, 21.96813882600003], [80.44972581800005, 21.968153874000052], [80.44975753500006, 21.968169965000072], [80.44978138100004, 21.968181193000078], [80.44978553500005, 21.968181654000034], [80.44978855800008, 21.968177257000036], [80.44978346500005, 21.96816128300003], [80.44977026800007, 21.96814739200005], [80.44974202400005, 21.96812794500005], [80.44972072400003, 21.96811150700006], [80.44967650500007, 21.968087198000035], [80.44963020200004, 21.96805478600004], [80.44961631200005, 21.968045526000026], [80.44960218900007, 21.968035108000038], [80.44959316000006, 21.968022606000034], [80.44958042700006, 21.968007095000075], [80.44956074800007, 21.967983943000036], [80.44953875400006, 21.967961949000028], [80.44953065100003, 21.967953383000065], [80.44950680600004, 21.96793023200007], [80.44949754500004, 21.96791518400005], [80.44948921100007, 21.96789619900005], [80.44948296000007, 21.96787906700007], [80.44947393100006, 21.96786263000007], [80.44944151900006, 21.967821652000055], [80.44942392400003, 21.96780660400003], [80.44939220600008, 21.96778345200005], [80.44938063100005, 21.967776275000062], [80.44936581400003, 21.967765163000024], [80.44934983900004, 21.967762384000025], [80.44934011600003, 21.967761921000033], [80.44932622500005, 21.967768172000035], [80.44932391000003, 21.96777303400006], [80.44932923400006, 21.96778623000006], [80.44934960800003, 21.967788546000065], [80.44936234100004, 21.967796417000045], [80.44939197500008, 21.967812391000052], [80.44941358600005, 21.96783170300006]]]]}}, {"type": "Feature", "properties": {"block": "Western Ukwa", "nuid": "CRO-23290-2016", "layer": "Lithology_DM", "age": "Pre- Cambrian", "supergroup": null, "group": "Sausar", "unit": "Mn Ore", "major_mineral": null, "remarks": null}, "geometry": {"type": "MultiPolygon", "coordinates": [[[[80.44985067300007, 21.96822951400003], [80.44985500200005, 21.968240808000076], [80.44986102200005, 21.96824775300007], [80.44987653300007, 21.968260486000077], [80.44988162600004, 21.96827021000007], [80.44989227600007, 21.968279239000026], [80.44990338900004, 21.96829174100003], [80.44990477800008, 21.968296603000056], [80.44991149200007, 21.968299149000075], [80.44991913200005, 21.968317670000033], [80.44993857900005, 21.968324616000075], [80.44995339600007, 21.968335497000055], [80.44997446300005, 21.96835124000006], [80.44998349200006, 21.968358417000047], [80.44998951200006, 21.968366751000076], [80.44999784600003, 21.96836952900003], [80.45000780100008, 21.968379484000025], [80.45002030300003, 21.968390597000052], [80.45002748000007, 21.96839198600003], [80.45003928700004, 21.968402867000066], [80.45004368600007, 21.968406408000078], [80.45004368600007, 21.968405761000042], [80.45004854800004, 21.968406919000074], [80.45006058700005, 21.968409234000035], [80.45007216200008, 21.968411781000043], [80.45007517200008, 21.968410623000068], [80.45006591100008, 21.96839951000004], [80.45004438100005, 21.968375433000062], [80.45001822000006, 21.968347883000035], [80.45000664400004, 21.968329362000077], [80.44998858600007, 21.96831361900007], [80.44993394900007, 21.96828259600005], [80.44990987100005, 21.96825712900005], [80.44987792200004, 21.968235830000026], [80.44986310500008, 21.96822888500003], [80.44985067300007, 21.96822951400003]]]]}}, {"type": "Feature", "properties": {"block": "Western Ukwa", "nuid": "CRO-23290-2016", "layer": "Lithology_DM", "age": null, "supergroup": null, "group": null, "unit": "Sericite Muscovite Schist", "major_mineral": null, "remarks": null}, "geometry": {"type": "MultiPolygon", "coordinates": [[[[80.45004368600007, 21.968406408000078], [80.45003928700004, 21.968402867000066], [80.45002748000007, 21.96839198600003], [80.45002030300003, 21.968390597000052], [80.45000780100008, 21.968379484000025], [80.44999784600003, 21.96836952900003], [80.44998951200006, 21.968366751000076], [80.44998349200006, 21.968358417000047], [80.44997446300005, 21.96835124000006], [80.44995339600007, 21.968335497000055], [80.44993857900005, 21.968324616000075], [80.44991913200005, 21.968317670000033], [80.44991149200007, 21.968299149000075], [80.44990477800008, 21.968296603000056], [80.44990338900004, 21.96829174100003], [80.44989227600007, 21.968279239000026], [80.44988162600004, 21.96827021000007], [80.44987653300007, 21.968260486000077], [80.44986102200005, 21.96824775300007], [80.44985500200005, 21.968240808000076], [80.44985067300007, 21.96822951400003], [80.44984481600005, 21.96822981100007], [80.44982444200008, 21.968217309000067], [80.44978855800008, 21.968196241000044], [80.44978138100004, 21.968191148000074], [80.44978346500005, 21.96818466600007], [80.44978553500005, 21.968181654000034], [80.44978138100004, 21.968181193000078], [80.44975753500006, 21.968169965000072], [80.44972581800005, 21.968153874000052], [80.44970185600005, 21.96813882600003], [80.44967858900003, 21.96812667100005], [80.44965717400004, 21.96810896100004], [80.44964583000007, 21.968101321000063], [80.44961851100004, 21.96807597000003], [80.44961156600004, 21.968068909000067], [80.44959559100005, 21.968057565000038], [80.44958795100007, 21.968050735000077], [80.44957915400005, 21.968040664000057], [80.44956943000005, 21.968031288000077], [80.44955959100008, 21.968020522000074], [80.44953180900006, 21.967992046000063], [80.44952231700006, 21.96798683700007], [80.44949337800006, 21.96795905500005], [80.44946652200008, 21.967913563000025], [80.44945332600008, 21.96788207700007], [80.44944499100006, 21.967867029000047], [80.44943665700004, 21.96785360100006], [80.44942045100004, 21.96783612200005], [80.44941358600005, 21.96783170300006], [80.44941373700004, 21.96783183900004], [80.44939868900008, 21.96782836600005], [80.44939822600008, 21.967830450000065], [80.44939197500008, 21.967844109000055], [80.44940308700006, 21.967848971000024], [80.44941396900003, 21.967855685000075], [80.44942693300004, 21.967876984000043], [80.44944198200005, 21.967916110000033], [80.44945471500006, 21.967967043000044], [80.44946559600004, 21.967992509000055], [80.44948203400008, 21.968011493000063], [80.44949268300007, 21.968028394000044], [80.44952069600004, 21.96805015600006], [80.44955102500006, 21.968065436000074], [80.44959385500005, 21.968091366000067], [80.44962071000003, 21.968105256000058], [80.44963274900005, 21.96810896100004], [80.44965752100006, 21.968138594000038], [80.44967280100008, 21.968148549000034], [80.44970752800003, 21.968166145000055], [80.44973878200005, 21.968186055000047], [80.44977165700004, 21.968208743000048], [80.44979110500003, 21.968224486000054], [80.44981124600008, 21.968233284000064], [80.44983532400005, 21.968252731000064], [80.44987722800005, 21.968296487000032], [80.44990732400004, 21.96832704700006], [80.44995293300008, 21.968376128000045], [80.44997978800006, 21.96840205700005], [80.45001683000004, 21.968419652000023], [80.45004044500007, 21.968425208000042], [80.45005248400008, 21.968419652000023], [80.45004368600007, 21.968410623000068], [80.45004368600007, 21.968406408000078]]]]}}, {"type": "Feature", "properties": {"block": "Western Ukwa", "nuid": "CRO-23290-2016", "layer": "Lithology_DM", "age": "Pre- Cambrian", "supergroup": null, "group": "Sausar", "unit": "Mn Ore", "major_mineral": null, "remarks": null}, "geometry": {"type": "MultiPolygon", "coordinates": [[[[80.45018888300007, 21.968644691000065], [80.45019498000005, 21.968647114000078], [80.45020493500004, 21.96865440700003], [80.45021176500006, 21.968659037000066], [80.45022646600006, 21.968665404000035], [80.45023769500006, 21.968670150000037], [80.45026848600008, 21.968672234000053], [80.45030124500005, 21.96867535900003], [80.45030263400008, 21.968669340000076], [80.45034662200004, 21.968684620000033], [80.45036097600007, 21.968687398000043], [80.45038088600006, 21.96868647200006], [80.45042556800007, 21.968695964000062], [80.45044617300005, 21.96870036300004], [80.45046677800008, 21.968710086000044], [80.45048784500005, 21.968724209000072], [80.45049895800008, 21.96873138500007], [80.45052303500006, 21.968749907000074], [80.45053252700006, 21.96875708300007], [80.45054827000007, 21.96877074300005], [80.45057188500004, 21.96877653100006], [80.45059781400005, 21.968792274000066], [80.45062119700003, 21.96880384900004], [80.45064434900007, 21.968820287000028], [80.45068023300007, 21.968841355000052], [80.45070361600006, 21.968858024000042], [80.45071820200008, 21.96886844200003], [80.45073950100004, 21.968878860000075], [80.45076658800008, 21.968895760000066], [80.45078696100006, 21.968915439000057], [80.45080826000003, 21.96893280200004], [80.45081960500005, 21.968939285000033], [80.45082747600003, 21.968943684000067], [80.45084020900003, 21.968961742000033], [80.45084923800005, 21.96896938200007], [80.45086289800008, 21.968984199000033], [80.45087539900004, 21.968996237000056], [80.45088466000004, 21.969007581000028], [80.45090156000003, 21.969020083000032], [80.45091799800008, 21.96903443700006], [80.45093628800004, 21.96904508700004], [80.45094554800005, 21.96905110600005], [80.45098027500006, 21.96905967200007], [80.45101430800008, 21.96906175600003], [80.45103190300006, 21.969055968000077], [80.45108283600007, 21.969037447000062], [80.45108862400008, 21.969029807000027], [80.45109834700008, 21.969029344000035], [80.45111061700004, 21.969039762000023], [80.45112612900004, 21.969048328000042], [80.45112821200007, 21.969060830000046], [80.45112960200004, 21.969086296000057], [80.45113145400006, 21.969094631000075], [80.45113181700003, 21.969099476000054], [80.45113214800006, 21.96909914500003], [80.45113481100003, 21.969104007000055], [80.45113944100007, 21.969113036000067], [80.45114800700003, 21.96911697200005], [80.45116444400009, 21.969118361000028], [80.45119755100006, 21.969112573000075], [80.45120380200007, 21.969108637000033], [80.45121028400007, 21.969094746000053], [80.45122324900007, 21.96907738300007], [80.45122718500005, 21.96907136300007], [80.45123413000005, 21.96906858500006], [80.45124177000008, 21.969059093000055], [80.45124697900008, 21.969048559000043], [80.45124883100004, 21.969039530000032], [80.45124860000004, 21.969032353000046], [80.45123575100007, 21.96901360100003], [80.45122973100007, 21.969005266000067], [80.45121572500005, 21.96900040400004], [80.45120970500005, 21.96900040400004], [80.45119083700007, 21.96899866800004], [80.45116942200008, 21.968998784000064], [80.45115379500004, 21.968999247000056], [80.45111409000003, 21.969014874000038], [80.45110517700004, 21.969021241000064], [80.45109360100008, 21.969026566000025], [80.45108619300004, 21.969015916000046], [80.45106072600004, 21.969018231000064], [80.45105192900007, 21.969024482000066], [80.45103340800006, 21.96903304800003], [80.45102530500003, 21.96903906700004], [80.45100446800006, 21.969039530000032], [80.45096163800008, 21.96903628900003], [80.45094265400007, 21.969030733000068], [80.45090839000005, 21.969004572000074], [80.45087574700005, 21.96896868700003], [80.45084727000005, 21.968939748000025], [80.45082643400008, 21.96891914300005], [80.45080629300008, 21.96889668600005], [80.45078730800003, 21.96888881500007], [80.45076346200005, 21.968870062000065], [80.45075350700006, 21.96887446100004], [80.45074355200006, 21.968866126000023], [80.45072132700005, 21.96884367000007], [80.45069308200004, 21.968822139000054], [80.45064400100006, 21.968789495000067], [80.45059283700004, 21.968762640000023], [80.45053796800005, 21.968730459000028], [80.45051528000005, 21.968715874000054], [80.45047777400003, 21.96869457500003], [80.45045300200007, 21.968681378000042], [80.45043980600008, 21.968679063000025], [80.45041549700005, 21.968676285000072], [80.45037799200009, 21.968662394000035], [80.45035576700008, 21.968655217000048], [80.45033354100008, 21.96865081900006], [80.45030437100007, 21.96864479900006], [80.45027728300005, 21.968640401000073], [80.45026015100007, 21.96864225300004], [80.45024950200008, 21.968643410000027], [80.45024093600006, 21.968644105000067], [80.45023468500005, 21.96864503100005], [80.45023260100004, 21.968648040000062], [80.45021454300007, 21.96863924300004], [80.45018815100008, 21.968623732000026], [80.45017773300003, 21.968617481000024], [80.45016337900006, 21.968595487000073], [80.45016170200006, 21.968593232000046], [80.45016291600007, 21.96859004600003], [80.45015898000008, 21.968580786000075], [80.45015296100007, 21.96856851600006], [80.45013999600008, 21.968554625000024], [80.45013258700004, 21.968549763000055], [80.45013114700004, 21.968552129000045], [80.45011777000008, 21.968534136000073], [80.45008998900005, 21.96848806400004], [80.45006915300007, 21.96848482300004], [80.45005827100005, 21.96848598100007], [80.45005873400004, 21.968498714000077], [80.45007308800007, 21.968525107000062], [80.45008836800008, 21.968548027000054], [80.45012703100008, 21.968587152000055], [80.45014856200004, 21.968609146000063], [80.45017078700005, 21.968632066000055], [80.45018888300007, 21.968644691000065]]]]}}, {"type": "Feature", "properties": {"block": "Western Ukwa", "nuid": "CRO-23290-2016", "layer": "Lithology_DM", "age": null, "supergroup": null, "group": null, "unit": "Sericite Muscovite Schist", "major_mineral": null, "remarks": null}, "geometry": {"type": "MultiPolygon", "coordinates": [[[[80.45113181700003, 21.969099476000054], [80.45113145400006, 21.969094631000075], [80.45112960200004, 21.969086296000057], [80.45112821200007, 21.969060830000046], [80.45112612900004, 21.969048328000042], [80.45111061700004, 21.969039762000023], [80.45109834700008, 21.969029344000035], [80.45108862400008, 21.969029807000027], [80.45108283600007, 21.969037447000062], [80.45103190300006, 21.969055968000077], [80.45101430800008, 21.96906175600003], [80.45098027500006, 21.96905967200007], [80.45094554800005, 21.96905110600005], [80.45093628800004, 21.96904508700004], [80.45091799800008, 21.96903443700006], [80.45090156000003, 21.969020083000032], [80.45088466000004, 21.969007581000028], [80.45087539900004, 21.968996237000056], [80.45086289800008, 21.968984199000033], [80.45084923800005, 21.96896938200007], [80.45084020900003, 21.968961742000033], [80.45082747600003, 21.968943684000067], [80.45081960500005, 21.968939285000033], [80.45080826000003, 21.96893280200004], [80.45078696100006, 21.968915439000057], [80.45076658800008, 21.968895760000066], [80.45073950100004, 21.968878860000075], [80.45071820200008, 21.96886844200003], [80.45070361600006, 21.968858024000042], [80.45068023300007, 21.968841355000052], [80.45064434900007, 21.968820287000028], [80.45062119700003, 21.96880384900004], [80.45059781400005, 21.968792274000066], [80.45057188500004, 21.96877653100006], [80.45054827000007, 21.96877074300005], [80.45053252700006, 21.96875708300007], [80.45052303500006, 21.968749907000074], [80.45049895800008, 21.96873138500007], [80.45048784500005, 21.968724209000072], [80.45046677800008, 21.968710086000044], [80.45044617300005, 21.96870036300004], [80.45042556800007, 21.968695964000062], [80.45038088600006, 21.96868647200006], [80.45036097600007, 21.968687398000043], [80.45034662200004, 21.968684620000033], [80.45030263400008, 21.968669340000076], [80.45030124500005, 21.96867535900003], [80.45026848600008, 21.968672234000053], [80.45023769500006, 21.968670150000037], [80.45022646600006, 21.968665404000035], [80.45021176500006, 21.968659037000066], [80.45020493500004, 21.96865440700003], [80.45019498000005, 21.968647114000078], [80.45018888300007, 21.968644691000065], [80.45019069700004, 21.968645957000035], [80.45017148200003, 21.968643873000076], [80.45018004800005, 21.968657764000056], [80.45018745600004, 21.96866702500006], [80.45020852400006, 21.96868091500005], [80.45022357200008, 21.968690871000035], [80.45027311600006, 21.968692954000062], [80.45033261500004, 21.968707308000035], [80.45039743900008, 21.968722356000058], [80.45046944000006, 21.968747591000067], [80.45050532500005, 21.968768891000025], [80.45053241200003, 21.968786717000057], [80.45056852800008, 21.968803155000046], [80.45060626500003, 21.96882653800003], [80.45064840000003, 21.968855477000034], [80.45066414300004, 21.96886589500008], [80.45070558400005, 21.96889043500005], [80.45073336600007, 21.96891011400004], [80.45076948200006, 21.968933960000072], [80.45080004200008, 21.96895016600007], [80.45081393200007, 21.968964520000043], [80.45083500000004, 21.968981883000026], [80.45085954100006, 21.969008044000077], [80.45088269200005, 21.96903142700006], [80.45090144500006, 21.969039762000023], [80.45092158600005, 21.969052495000028], [80.45094612700007, 21.969065113000056], [80.45096094400003, 21.96907437300007], [80.45100273200006, 21.96908039300007], [80.45101940100005, 21.969083055000056], [80.45105007700005, 21.969093242000042], [80.45107137600007, 21.969102849000024], [80.45109522200005, 21.96910817400004], [80.45112057200004, 21.96911072100005], [80.45113181700003, 21.969099476000054]]]]}}, {"type": "Feature", "properties": {"block": "Western Ukwa", "nuid": "CRO-23290-2016", "layer": "Lithology_DM", "age": "Pre- Cambrian", "supergroup": null, "group": "Sausar", "unit": "Mn Ore", "major_mineral": null, "remarks": null}, "geometry": {"type": "MultiPolygon", "coordinates": [[[[80.46046165700005, 21.97251017700006], [80.46043986100005, 21.972510672000055], [80.46043920000005, 21.972522561000062], [80.46044465000006, 21.97252702000003], [80.46046182300006, 21.97253610200005], [80.46047272100003, 21.972535441000048], [80.46047255600007, 21.972522396000045], [80.46046859300003, 21.97251199300007], [80.46046165700005, 21.97251017700006]]]]}}, {"type": "Feature", "properties": {"block": "Western Ukwa", "nuid": "CRO-23290-2016", "layer": "Lithology_DM", "age": null, "supergroup": null, "group": null, "unit": "Sericite Muscovite Schist", "major_mineral": null, "remarks": null}, "geometry": {"type": "MultiPolygon", "coordinates": [[[[80.46239546500004, 21.972899402000053], [80.46239113500008, 21.972899292000022], [80.46237858500007, 21.97289945800003], [80.46236388900007, 21.97289780600005], [80.46236264000004, 21.97289689200005], [80.46236265200008, 21.972897621000072], [80.46229098200007, 21.972895881000056], [80.46218278000003, 21.972893098000043], [80.46209788800007, 21.972888923000028], [80.46207840500006, 21.97288266100003], [80.46202656500003, 21.972870831000023], [80.46196707200005, 21.972858306000035], [80.46189366100003, 21.97285378400005], [80.46184530100004, 21.972843346000047], [80.46176875900005, 21.972831865000046], [80.46169534900008, 21.972821775000057], [80.46160210800008, 21.97280820700007], [80.46151408500003, 21.97278837500005], [80.46145285200004, 21.97277445900005], [80.46136970000003, 21.972762282000076], [80.46133386400004, 21.972757411000032], [80.46130394300008, 21.97275810700006], [80.46127471800008, 21.972759498000073], [80.46123018500003, 21.972760890000075], [80.46119156600008, 21.972766457000034], [80.46112720200006, 21.972775850000062], [80.46109484600004, 21.972783852000077], [80.46105518300004, 21.972791854000036], [80.46099151500005, 21.972810990000028], [80.46096890000007, 21.972821427000042], [80.46093897900005, 21.972835692000046], [80.46094559000005, 21.97284091100005], [80.46097133600006, 21.972843346000047], [80.46100021300003, 21.972844390000034], [80.46104926900006, 21.972851348000063], [80.46113416000009, 21.97285935000008], [80.46122705400006, 21.97286387300005], [80.46131055400008, 21.972869092000053], [80.46136935200008, 21.972873267000068], [80.46143997900003, 21.972874311000055], [80.46149599300009, 21.97288718300007], [80.46155896600004, 21.97290040400003], [80.46164177000009, 21.97291780000006], [80.46167899700004, 21.972931021000022], [80.46177432600007, 21.972954679000054], [80.46184217000007, 21.972971727000072], [80.46193854300003, 21.97298564400006], [80.46205544200006, 21.97301121600003], [80.46209527900004, 21.973021479000067], [80.46211893700007, 21.97303748300004], [80.46211545800008, 21.97304461600004], [80.46210337600007, 21.973057434000054], [80.46210329200005, 21.97305853200004], [80.46210364000007, 21.97306305500007], [80.46207685000007, 21.973092976000032], [80.46201457300003, 21.973147251000057], [80.46199195900004, 21.973168996000027], [80.46195507900006, 21.97320657100005], [80.46194933900006, 21.97321422500005], [80.46195073000007, 21.97321805200005], [80.46196099400004, 21.97322414000007], [80.46197351900008, 21.973220139000034], [80.46198795800007, 21.97320430900004], [80.46201909600006, 21.97317873700007], [80.46204901700008, 21.973150904000022], [80.46207893800005, 21.973125158000073], [80.46211338100005, 21.973090714000023], [80.46213877900004, 21.973067056000048], [80.46213918800004, 21.97306717500004], [80.46214741200004, 21.97305828800006], [80.46215387000007, 21.973051829000042], [80.46219893100005, 21.973062104000064], [80.46226292500006, 21.973073259000046], [80.46233690100007, 21.97308324000005], [80.46240603300004, 21.973094248000052], [80.46242731600006, 21.973094982000077], [80.46246650500007, 21.973097624000047], [80.46247428500004, 21.973098064000055], [80.46253284900007, 21.973100559000045], [80.46257556100005, 21.973104963000026], [80.46261078700007, 21.97310863200005], [80.46265760900008, 21.973113623000074], [80.46270707300005, 21.973121255000024], [80.46279205700006, 21.97313519900007], [80.46283873200008, 21.973142684000038], [80.46291990000003, 21.973153986000057], [80.46302000200006, 21.973165875000063], [80.46306271400005, 21.973170279000044], [80.46312509400008, 21.973176443000057], [80.46313111200004, 21.973180700000057], [80.46317338400007, 21.97319611100005], [80.46319305200007, 21.97320095500004], [80.46324442400004, 21.97321680700003], [80.46327172500008, 21.973224880000032], [80.46331458400005, 21.97323427300006], [80.46335612200005, 21.973247337000032], [80.46337828500003, 21.973252914000057], [80.46340044800007, 21.97326113400004], [80.46343420700003, 21.973273169000038], [80.46345959900003, 21.973282710000035], [80.46349247800003, 21.97329503900005], [80.46350583400005, 21.973300763000054], [80.46353284100007, 21.973308983000038], [80.46354869300006, 21.973315881000076], [80.46356058200007, 21.97330663400004], [80.46357951600004, 21.973287260000063], [80.46359302000008, 21.973282416000075], [80.46360740400007, 21.97327918700006], [80.46362501700008, 21.97327272900003], [80.46365202400006, 21.973273316000075], [80.46365701500008, 21.973270381000077], [80.46370457100005, 21.973270968000065], [80.46371044200004, 21.97326832600004], [80.46374155800004, 21.97326832600004], [80.46375168600008, 21.97327023400004], [80.46379469200008, 21.973275224000076], [80.46384650400006, 21.973280655000053], [80.46388451900003, 21.973287407000043], [80.46389711900008, 21.97328843300005], [80.46389734400003, 21.97323914800006], [80.46387974100008, 21.973233186000073], [80.46382981500005, 21.973222401000044], [80.46378371600008, 21.973211441000046], [80.46376945100008, 21.973203091000073], [80.46374022600008, 21.97319439300003], [80.46370613100004, 21.97317873700007], [80.46368299400007, 21.97316934400004], [80.46362332700005, 21.97314933800004], [80.46357531400008, 21.973132986000053], [80.46349407600007, 21.97311002400005], [80.46344815100008, 21.973099412000067], [80.46339926900004, 21.973086539000064], [80.46337543600004, 21.973079059000042], [80.46334777700008, 21.973071057000027], [80.46330254800006, 21.973057314000073], [80.46328219500003, 21.97305070400006], [80.46325088200007, 21.973045137000042], [80.46322357100007, 21.97303591800005], [80.46315155200006, 21.973015565000026], [80.46308579600003, 21.97299416800007], [80.46303848000008, 21.97298042500006], [80.46300803700007, 21.972970857000064], [80.46298211700008, 21.972964943000022], [80.46293445300006, 21.972948243000076], [80.46289740000003, 21.97293954500003], [80.46282120600006, 21.97292180100004], [80.46276762700006, 21.972913451000068], [80.46271352600007, 21.972905797000067], [80.46268308300006, 21.972899882000036], [80.46265629400006, 21.972896055000035], [80.46264898700008, 21.97289414200003], [80.46262063200004, 21.972895012000038], [80.46261123800008, 21.972892228000035], [80.46258253500008, 21.972892228000035], [80.46256948900003, 21.972895360000052], [80.46254443900006, 21.972899708000057], [80.46253452300004, 21.97290040400003], [80.46251312600003, 21.972901970000066], [80.46249590400004, 21.97290249200006], [80.46247207200008, 21.972904579000044], [80.46241692700005, 21.972903188000032], [80.46239535600006, 21.97290023000005], [80.46239546500004, 21.972899402000053]]]]}}, {"type": "Feature", "properties": {"block": "Western Ukwa", "nuid": "CRO-23290-2016", "layer": "Lithology_DM", "age": null, "supergroup": null, "group": null, "unit": "NO LABLE", "major_mineral": null, "remarks": null}, "geometry": {"type": "MultiPolygon", "coordinates": [[[[80.46182798300003, 21.972422409000046], [80.46182285300006, 21.972417834000055], [80.46181148800008, 21.972411571000066], [80.46180447900008, 21.972406782000064], [80.46180463800005, 21.972407429000043], [80.46178624200007, 21.972409777000053], [80.46178898200003, 21.972438741000076], [80.46179211300006, 21.97245870300003], [80.46181716300003, 21.972506063000026], [80.46181872900007, 21.972521328000028], [80.46185552100007, 21.972554597000055], [80.46186158800003, 21.972566535000055], [80.46185904400005, 21.972582974000034], [80.46184436600004, 21.972604110000077], [80.46182049000004, 21.972607633000052], [80.46177567400008, 21.972604110000077], [80.46172068200008, 21.972598435000066], [80.46168232400004, 21.972597848000078], [80.46166118800005, 21.972600588000034], [80.46163672500006, 21.972599609000042], [80.46158682100008, 21.972593738000057], [80.46154298400006, 21.972585323000033], [80.46150775700005, 21.97258043000005], [80.46148955700005, 21.972580234000077], [80.46146568100005, 21.972573581000063], [80.46144102200003, 21.97256849200005], [80.46143045400004, 21.97256634000007], [80.46141714700008, 21.972556750000024], [80.46138798700008, 21.972542659000055], [80.46136235000006, 21.972535810000068], [80.46134688900008, 21.97252876500005], [80.46131088000004, 21.97251897900003], [80.46128309000005, 21.972510956000065], [80.46125862700006, 21.972504497000045], [80.46124668900006, 21.972502932000054], [80.46121948700005, 21.972493734000068], [80.46119365400006, 21.97248512300007], [80.46116312400005, 21.97247651200007], [80.46114942500003, 21.972470249000025], [80.46112085300007, 21.972471815000063], [80.46108954000005, 21.972475729000053], [80.46104531100008, 21.972473772000058], [80.46100010400005, 21.972471815000063], [80.46097446700009, 21.972469467000053], [80.46093434800008, 21.97246281300005], [80.46090362200005, 21.972456159000046], [80.46086467700007, 21.972457724000037], [80.46085039100006, 21.97245087500005], [80.46082397100008, 21.972445591000053], [80.46081218000006, 21.97245158000004], [80.46081218000006, 21.972455767000042], [80.46081878500007, 21.972463693000066], [80.46081834500006, 21.972473527000034], [80.46078810900008, 21.97247426100006], [80.46078179700004, 21.972470152000028], [80.46076168900004, 21.97246105100004], [80.46075640500004, 21.972445933000074], [80.46075934000004, 21.972441383000046], [80.46076327700007, 21.972434374000045], [80.46075488800005, 21.972417410000048], [80.46073825300005, 21.97240429800007], [80.46071829200008, 21.972395882000058], [80.46068854500004, 21.97239451200005], [80.46066760500008, 21.97239529500007], [80.46063414000008, 21.972387663000063], [80.46059793500007, 21.972369658000048], [80.46055233600003, 21.972351849000063], [80.46053804900004, 21.972345978000078], [80.46051887100003, 21.97234226000006], [80.46049264600003, 21.972331105000023], [80.46045311400007, 21.972317601000043], [80.46043921900008, 21.972308990000045], [80.46043139100004, 21.97230311900006], [80.46043276100005, 21.972298618000025], [80.46043591600005, 21.97229552400006], [80.46044390500003, 21.972277460000043], [80.46046234500005, 21.972262500000056], [80.46045469100005, 21.97225067100004], [80.46042824900007, 21.972248931000024], [80.46040319900004, 21.97228302700006], [80.46040076400004, 21.97228929000005], [80.46040043100004, 21.972289235000062], [80.46039962200007, 21.972292356000025], [80.46038735800005, 21.97230357600006], [80.46037209300005, 21.97232288500004], [80.46035604600007, 21.97232679900003], [80.46032421100006, 21.97232275500005], [80.46030803300005, 21.97232640800007], [80.46026419600008, 21.972314144000052], [80.46024384300006, 21.972315448000074], [80.46022479400006, 21.972303445000023], [80.46021018200008, 21.97229744400005], [80.46018695900005, 21.972294052000052], [80.46016347400007, 21.97229640000006], [80.46015538500006, 21.972302141000057], [80.46015434100008, 21.97230501100006], [80.46016164800005, 21.972313361000033], [80.46017495500007, 21.972323277000044], [80.46019452600007, 21.972333192000065], [80.46019429200004, 21.97233370400005], [80.46020408300006, 21.972333942000034], [80.46021856500005, 21.972333160000062], [80.46024263600003, 21.972318678000022], [80.46024811600006, 21.972320439000043], [80.46026514200008, 21.972337856000024], [80.46027257900005, 21.97235370800007], [80.46027903700008, 21.972369756000035], [80.46028073200006, 21.972373662000052], [80.46030359700006, 21.972379378000028], [80.46034143300005, 21.972390076000067], [80.46034169500007, 21.97239164900003], [80.46035242500005, 21.972392262000028], [80.46037043000007, 21.972399307000046], [80.46038491200005, 21.972412419000023], [80.46038622800006, 21.97241355600005], [80.46038631400006, 21.972412517000066], [80.46040875500006, 21.972423476000074], [80.46042467200004, 21.972428956000044], [80.46044032800006, 21.972430261000056], [80.46046642200008, 21.97242921700007], [80.46049773500005, 21.97244696100006], [80.46051234700008, 21.97245452800007], [80.46054574700008, 21.97247462000007], [80.46056897000005, 21.972485840000047], [80.46059297700003, 21.97249862600006], [80.46062350600005, 21.972513239000023], [80.46065925500005, 21.972524459000056], [80.46070831100008, 21.972542986000065], [80.46076232500008, 21.972557076000044], [80.46080381400003, 21.972573254000054], [80.46089096700007, 21.972598565000055], [80.46091653900004, 21.972606132000067], [80.46094419800005, 21.972621528000047], [80.46097472800005, 21.972634053000036], [80.46100499600004, 21.97264370700003], [80.46099769000006, 21.97261683100004], [80.46098829600004, 21.972587345000022], [80.46097785900008, 21.972569340000064], [80.46097498900008, 21.972536723000076], [80.46098046800006, 21.97251793600003], [80.46098960100005, 21.972509064000064], [80.46099925600004, 21.972506976000034], [80.46101647800003, 21.972508281000046], [80.46105770600008, 21.972520545000066], [80.46107257900007, 21.972538289000056], [80.46108562600006, 21.97255290100003], [80.46108606900003, 21.972554083000034], [80.46108863500007, 21.972556823000048], [80.46109201100006, 21.97256489600005], [80.46109459800005, 21.972572161000073], [80.46109462800007, 21.97257195000003], [80.46112228800007, 21.972576125000046], [80.46115294800006, 21.97258030000006], [80.46118974000007, 21.972585649000052], [80.46120187400004, 21.972591129000023], [80.46120931000007, 21.972592303000056], [80.46124401500003, 21.972606002000077], [80.46125380000007, 21.97260665400006], [80.46127976300005, 21.97260822000004], [80.46129359300005, 21.97260652400007], [80.46131329400004, 21.972599479000053], [80.46132229600005, 21.972599348000074], [80.46137865800006, 21.97261526500006], [80.46139170500004, 21.972620223000035], [80.46143554300005, 21.972635488000037], [80.46145994000005, 21.972642794000024], [80.46151030100003, 21.972660146000067], [80.46155283400003, 21.972668888000044], [80.46157814500003, 21.972673585000052], [80.46162133000007, 21.97267919500007], [80.46164285700007, 21.972681674000057], [80.46167417000004, 21.972684153000046], [80.46170574300004, 21.972687153000038], [80.46173014100003, 21.972688197000025], [80.46177763100007, 21.97268924100007], [80.46183490700008, 21.97269211100007], [80.46186087000007, 21.972692764000044], [80.46189400900005, 21.97269002400003], [80.46190810000007, 21.972668757000065], [80.46190862200007, 21.972641750000037], [80.46190823000006, 21.97262205000004], [80.46190222900003, 21.97259282500005], [80.46188709400008, 21.972548465000045], [80.46186909000005, 21.972498365000035], [80.46184143000005, 21.972451397000043], [80.46182760100004, 21.972422433000077], [80.46182798300003, 21.972422409000046]]]]}}, {"type": "Feature", "properties": {"block": "Western Ukwa", "nuid": "CRO-23290-2016", "layer": "Lithology_DM", "age": "Pre- Cambrian", "supergroup": null, "group": "Sausar", "unit": "Quartz vein", "major_mineral": null, "remarks": null}, "geometry": {"type": "MultiPolygon", "coordinates": [[[[80.46186782600006, 21.97350176300006], [80.46186274200005, 21.973511693000034], [80.46187179800006, 21.97352098700003], [80.46187704100004, 21.973523052000075], [80.46188180700005, 21.973522417000027], [80.46188585900006, 21.97352019300007], [80.46188752700004, 21.97351455200004], [80.46188649400005, 21.973510342000054], [80.46188466700005, 21.973507721000033], [80.46188276100008, 21.97350605300005], [80.46187767600009, 21.973502557000074], [80.46186782600006, 21.97350176300006]]]]}}, {"type": "Feature", "properties": {"block": "Western Ukwa", "nuid": "CRO-23290-2016", "layer": "Lithology_DM", "age": "Pre- Cambrian", "supergroup": null, "group": "Sausar", "unit": "Quartz vein", "major_mineral": null, "remarks": null}, "geometry": {"type": "MultiPolygon", "coordinates": [[[[80.46200692300005, 21.973561739000047], [80.46199770800007, 21.973562057000038], [80.46199500700004, 21.97357143100004], [80.46200104500008, 21.973578818000078], [80.46202098400005, 21.973579216000076], [80.46202368500008, 21.973573893000037], [80.46202138100006, 21.973569445000066], [80.46201502600007, 21.973563090000027], [80.46200692300005, 21.973561739000047]]]]}}, {"type": "Feature", "properties": {"block": "Western Ukwa", "nuid": "CRO-23290-2016", "layer": "Lithology_DM", "age": "Pre- Cambrian", "supergroup": null, "group": "Sausar", "unit": "Quartz vein", "major_mineral": null, "remarks": null}, "geometry": {"type": "MultiPolygon", "coordinates": [[[[80.46215388500008, 21.97369257500003], [80.46214403500005, 21.97369289200003], [80.46214117500006, 21.973702743000047], [80.46214562300008, 21.973707827000055], [80.46215626800006, 21.973714182000037], [80.46216993200005, 21.97370766800003], [80.46217326800007, 21.973702107000065], [80.46216357700007, 21.97369654700003], [80.46215388500008, 21.97369257500003]]]]}}, {"type": "Feature", "properties": {"block": "Western Ukwa", "nuid": "CRO-23290-2016", "layer": "Lithology_DM", "age": "Pre- Cambrian", "supergroup": null, "group": "Sausar", "unit": "Quartz vein", "major_mineral": null, "remarks": null}, "geometry": {"type": "MultiPolygon", "coordinates": [[[[80.46246925700007, 21.97370758900007], [80.46245249500004, 21.97370758900007], [80.46244534600004, 21.973708145000046], [80.46244439200007, 21.973713229000055], [80.46244749100003, 21.973717360000023], [80.46245257500004, 21.973720696000044], [80.46246353700008, 21.973722761000033], [80.46246973300003, 21.973722285000065], [80.46247624700004, 21.973719028000062], [80.46248006000008, 21.973716486000058], [80.46247537400006, 21.973712117000048], [80.46246925700007, 21.97370758900007]]]]}}, {"type": "Feature", "properties": {"block": "Western Ukwa", "nuid": "CRO-23290-2016", "layer": "Lithology_DM", "age": null, "supergroup": null, "group": null, "unit": "NO LABAL", "major_mineral": null, "remarks": null}, "geometry": {"type": "MultiPolygon", "coordinates": [[[[80.46252025700005, 21.973753663000025], [80.46249737800008, 21.97375382200005], [80.46249435900006, 21.973756682000044], [80.46249833100006, 21.973761925000076], [80.46251008800004, 21.97376494300005], [80.46251898500003, 21.973766214000023], [80.46252851800006, 21.97376287800006], [80.46252978900003, 21.973759383000072], [80.46252788300006, 21.973757000000035], [80.46252025700005, 21.973753663000025]]]]}}, {"type": "Feature", "properties": {"block": "Western Ukwa", "nuid": "CRO-23290-2016", "layer": "Lithology_DM", "age": null, "supergroup": null, "group": null, "unit": "NO LABAL", "major_mineral": null, "remarks": null}, "geometry": {"type": "MultiPolygon", "coordinates": [[[[80.46256124700005, 21.973745878000045], [80.46254996700003, 21.973749532000056], [80.46254726600006, 21.97375985900004], [80.46255107900004, 21.97376716800005], [80.46256061100007, 21.97377257000005], [80.46256569500008, 21.97377257000005], [80.46257840600003, 21.973767962000068], [80.46258492000004, 21.973763355000074], [80.46258984500008, 21.97376049500008], [80.46258301300008, 21.973755252000046], [80.46256124700005, 21.973745878000045]]]]}}, {"type": "Feature", "properties": {"block": "Western Ukwa", "nuid": "CRO-23290-2016", "layer": "Lithology_DM", "age": null, "supergroup": null, "group": null, "unit": "NO LABAL", "major_mineral": null, "remarks": null}, "geometry": {"type": "MultiPolygon", "coordinates": [[[[80.46263155000008, 21.973796719000063], [80.46261105500008, 21.973792270000047], [80.46260589100007, 21.973793939000075], [80.46260334900006, 21.973800135000033], [80.46260914800007, 21.973805696000056], [80.46261470900004, 21.97380664900004], [80.46261971400008, 21.973808317000078], [80.46263409200003, 21.973809032000077], [80.46264163900008, 21.97380593400004], [80.46263949400003, 21.97380251800007], [80.46263155000008, 21.973796719000063]]]]}}, {"type": "Feature", "properties": {"block": "Western Ukwa", "nuid": "CRO-23290-2016", "layer": "Lithology_DM", "age": null, "supergroup": null, "group": null, "unit": "NO LABAL", "major_mineral": null, "remarks": null}, "geometry": {"type": "MultiPolygon", "coordinates": [[[[80.46265673200008, 21.97381268600003], [80.46263862000006, 21.973823649000053], [80.46262988200004, 21.973832387000073], [80.46264720000005, 21.973833340000056], [80.46265689100005, 21.97383254600004], [80.46266817100008, 21.973830322000026], [80.46267309700005, 21.97382301300007], [80.46266690000004, 21.97381729400007], [80.46265673200008, 21.97381268600003]]]]}}, {"type": "Feature", "properties": {"block": "Gudma", "nuid": "CRO-23394-2017", "layer": "Lithology_DM", "age": null, "supergroup": null, "group": null, "unit": "Phyllite", "major_mineral": null, "remarks": null}, "geometry": {"type": "MultiPolygon", "coordinates": [[[[80.44670761900005, 21.965870403000054], [80.44674276100005, 21.965912736000064], [80.44684959100005, 21.966020830000048], [80.44689447200005, 21.96608088200003], [80.44692734300008, 21.966121654000062], [80.44693935300006, 21.96613398100004], [80.44698739500006, 21.966168432000075], [80.44707589300003, 21.96623164500005], [80.44720927200007, 21.96633657800004], [80.44733791000004, 21.966432345000044], [80.44742324800006, 21.966493030000038], [80.44747824300003, 21.966527797000026], [80.44760782900005, 21.966586585000073], [80.44774500100004, 21.96666370400004], [80.44777225900003, 21.966682646000038], [80.44777247900004, 21.96668233300005], [80.44777326900004, 21.96668201600005], [80.44777437500005, 21.966682253000045], [80.44777974800007, 21.966684545000078], [80.44779634200006, 21.96669260500005], [80.44780724600008, 21.96669679200005], [80.44780945800005, 21.96669679200005], [80.44781175000008, 21.966695686000037], [80.44781340900005, 21.96669371100006], [80.44781522600005, 21.96669078700006], [80.44781870300005, 21.966685177000045], [80.44782431300007, 21.966677908000065], [80.44782557700006, 21.96667474700007], [80.44782771100006, 21.966668979000076], [80.44782905400007, 21.966667161000032], [80.44783031800006, 21.966666213000053], [80.44783300500006, 21.966665344000035], [80.44783513800007, 21.966665186000057], [80.44783798300006, 21.966665739000064], [80.44784793900004, 21.966667952000023], [80.44786998500007, 21.966675774000066], [80.44790269700007, 21.966687627000056], [80.44790664800007, 21.966688970000064], [80.44791004600006, 21.966688970000064], [80.44791154700005, 21.966687943000068], [80.44791233700005, 21.96668659900007], [80.44791328500008, 21.96668446600006], [80.44791431300007, 21.96668241200007], [80.44791478700006, 21.96668035700003], [80.44791494500004, 21.966678540000032], [80.44791423300006, 21.966675774000066], [80.44791391700005, 21.96667522100006], [80.44791265300006, 21.966673404000062], [80.44790411900004, 21.966668268000035], [80.44787599000006, 21.966656573000023], [80.44784406700006, 21.966642903000036], [80.44781633300005, 21.96662741600005], [80.44779310200005, 21.966614379000077], [80.44776283900006, 21.966596758000037], [80.44770025800005, 21.96656677200008], [80.44762345400005, 21.96651991500005], [80.44749106300003, 21.966433946000052], [80.44740888600006, 21.966381795000075], [80.44733903600007, 21.966332489000024], [80.44721513900004, 21.966241146000073], [80.44706390200008, 21.966122148000068], [80.44701048700006, 21.96608232400007], [80.44700068900005, 21.96607315800003], [80.44699436800005, 21.966063992000045], [80.44699247200003, 21.966057355000032], [80.44698867900007, 21.96604597700008], [80.44697888100006, 21.96602480000007], [80.44696497400008, 21.965998883000054], [80.44690997900005, 21.965940885000066], [80.44689512400004, 21.96593172000007], [80.44686351800004, 21.96591196600008], [80.44683175300008, 21.96588668000004], [80.44679192900009, 21.96584464400007], [80.44678687200008, 21.965840377000063], [80.44678418500007, 21.965837848000035], [80.44678039300004, 21.965836110000055], [80.44677470400006, 21.965836110000055], [80.44675700400006, 21.965841167000065], [80.44672697800007, 21.96585317800003], [80.44670888300004, 21.965869218000023], [80.44670761900005, 21.965870403000054]]]]}}, {"type": "Feature", "properties": {"block": "Gudma", "nuid": "CRO-23394-2017", "layer": "Lithology_DM", "age": null, "supergroup": null, "group": null, "unit": "Mn (Ore horizon)", "major_mineral": null, "remarks": null}, "geometry": {"type": "MultiPolygon", "coordinates": [[[[80.44670453700007, 21.96587064000005], [80.44669874900006, 21.965878917000055], [80.44668831900003, 21.965885554000067], [80.44667931100008, 21.96589092800008], [80.44667646700003, 21.96589266600006], [80.44667504500006, 21.965893772000072], [80.44667425400007, 21.965896617000055], [80.44667441200005, 21.965900567000062], [80.44667583500006, 21.96590609900005], [80.44668026000005, 21.96591257800003], [80.44669448300004, 21.96592996100003], [80.44676433300003, 21.966014983000036], [80.44681932800006, 21.966071874000022], [80.44690592900008, 21.966160056000035], [80.44699853600008, 21.966242865000027], [80.44707723600004, 21.96630829000003], [80.44716794700008, 21.966370871000038], [80.44727193200004, 21.966443250000054], [80.44735916600007, 21.96650393400006], [80.44746536300005, 21.966568411000026], [80.44756334300007, 21.966619614000024], [80.44770272700003, 21.96670431900003], [80.44777099700008, 21.966750148000074], [80.44780260400006, 21.966769744000032], [80.44780945800005, 21.966776125000024], [80.44780740400006, 21.966769961000068], [80.44780519100004, 21.96676601000007], [80.44779586700008, 21.966755027000033], [80.44779294400007, 21.966751630000033], [80.44779160100006, 21.966749496000034], [80.44779049400006, 21.966745071000048], [80.44779057300008, 21.96674278000006], [80.44779152200005, 21.96673867100003], [80.44779254900004, 21.96673566800007], [80.44779420800006, 21.96672895200004], [80.44779389200005, 21.966726186000074], [80.44779381300003, 21.966725001000043], [80.44779223300003, 21.966722078000032], [80.44778915100005, 21.966715756000042], [80.44778662300007, 21.966710383000077], [80.44777808900005, 21.966695212000047], [80.44777461200005, 21.966689760000065], [80.44777208400006, 21.96668541400004], [80.44777168900004, 21.96668399200007], [80.44777192600003, 21.966683123000053], [80.44777225900003, 21.966682646000038], [80.44774500100004, 21.96666370400004], [80.44760782900005, 21.966586585000073], [80.44747824300003, 21.966527797000026], [80.44742324800006, 21.966493030000038], [80.44733791000004, 21.966432345000044], [80.44720927200007, 21.96633657800004], [80.44707589300003, 21.96623164500005], [80.44698739500006, 21.966168432000075], [80.44693935300006, 21.96613398100004], [80.44692734300008, 21.966121654000062], [80.44689447200005, 21.96608088200003], [80.44684959100005, 21.966020830000048], [80.44674276100005, 21.965912736000064], [80.44670761900005, 21.965870403000054], [80.44670635500006, 21.96587095600006], [80.44670453700007, 21.96587064000005]]]]}}, {"type": "Feature", "properties": {"block": "Gudma", "nuid": "CRO-23394-2017", "layer": "Lithology_DM", "age": null, "supergroup": null, "group": null, "unit": "Garnetiferous quartz muscovite schist", "major_mineral": null, "remarks": null}, "geometry": {"type": "MultiPolygon", "coordinates": [[[[80.44780945800005, 21.966776125000024], [80.44780260400006, 21.966769744000032], [80.44777099700008, 21.966750148000074], [80.44770272700003, 21.96670431900003], [80.44756334300007, 21.966619614000024], [80.44746536300005, 21.966568411000026], [80.44735916600007, 21.96650393400006], [80.44727193200004, 21.966443250000054], [80.44716794700008, 21.966370871000038], [80.44707723600004, 21.96630829000003], [80.44699853600008, 21.966242865000027], [80.44690592900008, 21.966160056000035], [80.44681932800006, 21.966071874000022], [80.44676433300003, 21.966014983000036], [80.44669448300004, 21.96592996100003], [80.44668026000005, 21.96591257800003], [80.44667583500006, 21.96590609900005], [80.44667441200005, 21.965900567000062], [80.44667425400007, 21.965896617000055], [80.44667504500006, 21.965893772000072], [80.44667646700003, 21.96589266600006], [80.44667931100008, 21.96589092800008], [80.44668831900003, 21.965885554000067], [80.44669874900006, 21.965878917000055], [80.44670453700007, 21.96587064000005], [80.44670272000008, 21.96586929700004], [80.44668668000008, 21.965857761000052], [80.44666850600004, 21.965846185000032], [80.44666743900007, 21.965845888000047], [80.44666662900005, 21.965845908000063], [80.44666524700006, 21.965846422000027], [80.44666376500004, 21.965847706000034], [80.44666153300005, 21.965850471000067], [80.44661791600004, 21.96589851300007], [80.44661688900004, 21.96589993500004], [80.44661562500005, 21.965903491000063], [80.44661443900003, 21.965909891000024], [80.44660519400009, 21.965950664000047], [80.44659879400007, 21.965981085000067], [80.44660353500007, 21.96601363900004], [80.44661839000008, 21.966082225000036], [80.44662155100008, 21.966092418000073], [80.44662384200006, 21.96609763400005], [80.44662700300006, 21.966101663000074], [80.44663403500005, 21.966109644000028], [80.44671145100006, 21.966196937000063], [80.44683629700006, 21.96632810400007], [80.44690804300006, 21.966401114000064], [80.44702593500006, 21.966480447000038], [80.44714224700004, 21.96655472200007], [80.44724243900004, 21.966619199000036], [80.44732461600006, 21.96667735400007], [80.44735116500004, 21.966693474000067], [80.44742354400006, 21.966727293000076], [80.44755439400006, 21.966786081000066], [80.44763530700004, 21.96682527300004], [80.44765174200006, 21.966832226000065], [80.44769441100004, 21.966839495000045], [80.44775730800006, 21.96684802900006], [80.44776362900006, 21.96684771300005], [80.44776710600007, 21.966847397000038], [80.44776963400005, 21.966845501000023], [80.44777437500005, 21.966839495000045], [80.44779239100006, 21.966812314000038], [80.44781040600003, 21.966784184000062], [80.44781103900004, 21.966781656000023], [80.44781119700008, 21.96678007500003], [80.44781103900004, 21.966778653000063], [80.44780945800005, 21.966776125000024]]]]}}]}