mine,mine_type,month,planned_tonnes,actual_tonnes,shortfall_tonnes,equipment_availability,downtime_hours,blast_delay_flag,monthly_rain_mm,heavy_rain_days,flag_planned_tonnes_outlier,flag_actual_tonnes_outlier,flag_shortfall_tonnes_outlier,flag_equipment_availability_outlier,flag_downtime_hours_outlier,flag_monthly_rain_mm_outlier,flag_heavy_rain_days_outlier,outlier_feature_count,is_any_outlier,flag_extreme_rain_review
Balaghat,underground,2015-01,26576.7,24209.1,2367.6,0.87,101,0,0.0,0,1,1,0,0,0,0,0,2,1,0
Balaghat,underground,2015-02,26576.7,25109.4,1467.2,0.905,83,0,3.2,0,1,1,0,0,0,0,0,2,1,0
Balaghat,underground,2015-03,26576.7,23699.6,2877.1,0.88,90,0,40.9,1,1,1,0,0,0,0,0,2,1,0
Balaghat,underground,2015-04,26576.7,24129.8,2446.9,0.915,68,0,26.9,0,1,1,0,0,0,0,0,2,1,0
Balaghat,underground,2015-05,26576.7,24162.7,2413.9,0.89,74,0,13.1,0,1,1,0,0,0,0,0,2,1,0
Balaghat,underground,2015-06,26576.7,22103.3,4473.4,0.895,68,0,324.5,6,1,1,1,0,0,0,0,3,1,0
Balaghat,underground,2015-07,26576.7,22919.9,3656.8,0.93,46,0,357.1,3,1,1,0,0,0,0,0,2,1,0
Balaghat,underground,2015-08,26576.7,23953.7,2622.9,0.895,65,0,416.0,7,1,1,0,0,0,0,0,2,1,0
Balaghat,underground,2015-09,26576.7,24844.0,1732.7,0.92,62,0,160.2,3,1,1,0,0,0,0,0,2,1,0
Balaghat,underground,2015-10,26576.7,25278.4,1298.2,0.885,87,0,6.6,0,1,1,0,0,0,0,0,2,1,0
Balaghat,underground,2015-11,26576.7,24073.0,2503.7,0.88,88,0,0.3,0,1,1,0,0,0,0,0,2,1,0
Balaghat,underground,2015-12,26576.7,25083.7,1493.0,0.905,66,0,3.2,0,1,1,0,0,0,0,0,2,1,0
Balaghat,underground,2016-01,25200.0,23243.8,1956.2,0.9,67,0,1.1,0,1,1,0,0,0,0,0,2,1,0
Balaghat,underground,2016-02,25200.0,21708.9,3491.1,0.875,100,0,6.6,0,1,1,0,0,0,0,0,2,1,0
Balaghat,underground,2016-03,25200.0,21560.9,3639.1,0.91,64,0,23.5,0,1,1,0,0,0,0,0,2,1,0
Balaghat,underground,2016-04,25200.0,23044.0,2156.0,0.885,80,0,6.8,0,1,1,0,0,0,0,0,2,1,0
Balaghat,underground,2016-05,25200.0,20944.7,4255.3,0.89,85,0,7.2,0,1,1,1,0,0,0,0,3,1,0
Balaghat,underground,2016-06,25200.0,19641.6,5558.4,0.835,136,0,155.9,4,1,0,1,0,1,0,0,3,1,0
Balaghat,underground,2016-07,25200.0,22173.1,3026.9,0.93,43,0,685.4,13,1,1,0,0,0,1,1,4,1,1
Balaghat,underground,2016-08,25200.0,23072.9,2127.1,0.865,102,0,333.3,4,1,1,0,0,0,0,0,2,1,0
Balaghat,underground,2016-09,25200.0,22551.0,2649.0,0.92,54,1,250.3,2,1,1,0,0,0,0,0,2,1,0
Balaghat,underground,2016-10,25200.0,22320.4,2879.6,0.915,75,0,44.2,0,1,1,0,0,0,0,0,2,1,0
Balaghat,underground,2016-11,25200.0,22677.2,2522.8,0.91,85,0,0.3,0,1,1,0,0,0,0,0,2,1,0
Balaghat,underground,2016-12,25200.0,25262.5,0.0,0.875,109,0,0.0,0,1,1,0,0,0,0,0,2,1,0
Balaghat,underground,2017-01,26133.3,22263.8,3869.5,0.87,92,0,1.4,0,1,1,1,0,0,0,0,3,1,0
Balaghat,underground,2017-02,26133.3,20233.6,5899.7,0.845,117,0,1.9,0,1,1,1,0,0,0,0,3,1,0
Balaghat,underground,2017-03,26133.3,21658.8,4474.6,0.85,99,0,0.2,0,1,1,1,0,0,0,0,3,1,0
Balaghat,underground,2017-04,26133.3,24097.6,2035.7,0.885,78,0,0.3,0,1,1,0,0,0,0,0,2,1,0
Balaghat,underground,2017-05,26133.3,23993.7,2139.7,0.92,72,0,14.8,0,1,1,0,0,0,0,0,2,1,0
Balaghat,underground,2017-06,26133.3,22063.0,4070.3,0.925,65,0,211.9,5,1,1,1,0,0,0,0,3,1,0
Balaghat,underground,2017-07,26133.3,22410.8,3722.6,0.87,98,0,460.2,5,1,1,1,0,0,0,0,3,1,0
Balaghat,underground,2017-08,26133.3,23784.9,2348.4,0.925,68,0,477.1,5,1,1,0,0,0,0,0,2,1,0
Balaghat,underground,2017-09,26133.3,23588.6,2544.7,0.92,49,0,181.8,2,1,1,0,0,0,0,0,2,1,0
Balaghat,underground,2017-10,26133.3,23871.9,2261.4,0.885,72,0,77.4,0,1,1,0,0,0,0,0,2,1,0
Balaghat,underground,2017-11,26133.3,24547.0,1586.3,0.91,54,0,1.1,0,1,1,0,0,0,0,0,2,1,0
Balaghat,underground,2017-12,26133.3,22484.7,3648.7,0.875,96,0,0.0,0,1,1,0,0,0,0,0,2,1,0
Balaghat,underground,2018-01,27766.7,25600.4,2166.3,0.9,69,0,0.0,0,1,1,0,0,0,0,0,2,1,0
Balaghat,underground,2018-02,27766.7,24108.1,3658.5,0.875,107,0,21.5,0,1,1,0,0,0,0,0,2,1,0
Balaghat,underground,2018-03,27766.7,24545.2,3221.4,0.88,84,0,2.8,0,1,1,0,0,0,0,0,2,1,0
Balaghat,underground,2018-04,27766.7,23039.3,4727.4,0.855,115,0,16.8,0,1,1,1,0,0,0,0,3,1,0
Balaghat,underground,2018-05,27766.7,24188.3,3578.3,0.92,67,0,12.6,0,1,1,0,0,0,0,0,2,1,0
Balaghat,underground,2018-06,27766.7,26584.9,1181.8,0.925,57,0,197.0,4,1,1,0,0,0,0,0,2,1,0
Balaghat,underground,2018-07,27766.7,22674.8,5091.9,0.9,81,0,534.8,8,1,1,1,0,0,0,0,3,1,1
Balaghat,underground,2018-08,27766.7,25469.7,2296.9,0.925,62,0,517.1,5,1,1,0,0,0,0,0,2,1,1
Balaghat,underground,2018-09,27766.7,25709.1,2057.5,0.92,53,0,131.2,3,1,1,0,0,0,0,0,2,1,0
Balaghat,underground,2018-10,27766.7,23062.7,4704.0,0.915,53,1,0.7,0,1,1,1,0,0,0,0,3,1,0
Balaghat,underground,2018-11,27766.7,24864.4,2902.2,0.88,86,0,0.4,0,1,1,0,0,0,0,0,2,1,0
Balaghat,underground,2018-12,27766.7,27575.8,190.9,0.875,83,0,29.7,1,1,1,0,0,0,0,0,2,1,0
Balaghat,underground,2019-01,28700.0,22329.6,6370.4,0.9,81,1,32.6,1,1,1,1,0,0,0,0,3,1,0
Balaghat,underground,2019-02,28700.0,25683.1,3016.9,0.875,98,0,4.6,0,1,1,0,0,0,0,0,2,1,0
Balaghat,underground,2019-03,28700.0,25321.4,3378.6,0.88,98,0,28.7,1,1,1,0,0,0,0,0,2,1,0
Balaghat,underground,2019-04,28700.0,26649.1,2050.9,0.915,51,0,0.9,0,1,1,0,0,0,0,0,2,1,0
Balaghat,underground,2019-05,28700.0,24379.0,4321.0,0.92,55,0,0.1,0,1,1,1,0,0,0,0,3,1,0
Balaghat,underground,2019-06,28700.0,25842.5,2857.5,0.925,54,0,142.3,2,1,1,0,0,0,0,0,2,1,0
Balaghat,underground,2019-07,28700.0,23122.8,5577.2,0.87,97,0,487.7,12,1,1,1,0,0,0,1,4,1,0
Balaghat,underground,2019-08,28700.0,24296.8,4403.2,0.895,78,0,523.5,9,1,1,1,0,0,0,0,3,1,1
Balaghat,underground,2019-09,28700.0,24184.6,4515.4,0.89,82,0,566.1,10,1,1,1,0,0,0,0,3,1,1
Balaghat,underground,2019-10,28700.0,23715.1,4984.9,0.855,108,0,52.4,0,1,1,1,0,0,0,0,3,1,0
Balaghat,underground,2019-11,28700.0,25640.4,3059.6,0.88,94,0,0.3,0,1,1,0,0,0,0,0,2,1,0
Balaghat,underground,2019-12,28700.0,25854.5,2845.5,0.875,77,0,21.7,0,1,1,0,0,0,0,0,2,1,0
Balaghat,underground,2020-01,24500.0,22182.3,2317.7,0.87,89,0,37.5,0,1,1,0,0,0,0,0,2,1,0
Balaghat,underground,2020-02,24500.0,21279.4,3220.6,0.875,79,0,27.0,0,1,1,0,0,0,0,0,2,1,0
Balaghat,underground,2020-03,24500.0,23157.0,1343.0,0.88,88,0,48.3,0,1,1,0,0,0,0,0,2,1,0
Balaghat,underground,2020-04,24500.0,23123.3,1376.7,0.885,70,0,6.4,0,1,1,0,0,0,0,0,2,1,0
Balaghat,underground,2020-05,24500.0,21306.0,3194.0,0.89,89,0,0.7,0,1,1,0,0,0,0,0,2,1,0
Balaghat,underground,2020-06,24500.0,21939.7,2560.3,0.895,83,0,351.4,5,1,1,0,0,0,0,0,2,1,0
Balaghat,underground,2020-07,24500.0,21401.2,3098.8,0.87,98,0,322.6,6,1,1,0,0,0,0,0,2,1,0
Balaghat,underground,2020-08,24500.0,20318.1,4181.9,0.895,83,0,726.2,13,1,1,1,0,0,1,1,5,1,1
Balaghat,underground,2020-09,24500.0,19784.6,4715.4,0.86,104,1,218.8,4,1,0,1,0,0,0,0,2,1,0
Balaghat,underground,2020-10,24500.0,21657.3,2842.7,0.915,68,0,67.8,0,1,1,0,0,0,0,0,2,1,0
Balaghat,underground,2020-11,24500.0,23019.2,1480.8,0.88,90,0,4.4,0,1,1,0,0,0,0,0,2,1,0
Balaghat,underground,2020-12,24500.0,21187.9,3312.1,0.905,63,0,0.4,0,1,1,0,0,0,0,0,2,1,0
Balaghat,underground,2021-01,29866.7,25683.5,4183.2,0.84,130,0,5.3,0,1,1,1,0,0,0,0,3,1,0
Balaghat,underground,2021-02,29866.7,26307.8,3558.9,0.905,76,0,9.2,0,1,1,0,0,0,0,0,2,1,0
Balaghat,underground,2021-03,29866.7,25832.2,4034.5,0.88,88,0,0.7,0,1,1,1,0,0,0,0,3,1,0
Balaghat,underground,2021-04,29866.7,25981.3,3885.3,0.855,104,0,0.4,0,1,1,1,0,0,0,0,3,1,0
Balaghat,underground,2021-05,29866.7,28955.9,910.7,0.92,56,0,32.0,0,1,1,0,0,0,0,0,2,1,0
Balaghat,underground,2021-06,29866.7,23991.0,5875.7,0.895,78,0,315.2,5,1,1,1,0,0,0,0,3,1,0
Balaghat,underground,2021-07,29866.7,29400.1,466.6,0.93,44,0,341.1,7,1,1,0,0,0,0,0,2,1,0
Balaghat,underground,2021-08,29866.7,26438.8,3427.9,0.895,71,0,258.4,4,1,1,0,0,0,0,0,2,1,0
Balaghat,underground,2021-09,29866.7,29283.0,583.7,0.89,79,0,369.1,5,1,1,0,0,0,0,0,2,1,0
Balaghat,underground,2021-10,29866.7,24540.8,5325.9,0.855,99,0,46.4,0,1,1,1,0,0,0,0,3,1,0
Balaghat,underground,2021-11,29866.7,27708.9,2157.8,0.88,67,0,22.5,0,1,1,0,0,0,0,0,2,1,0
Balaghat,underground,2021-12,29866.7,28152.2,1714.4,0.905,75,0,33.1,1,1,1,0,0,0,0,0,2,1,0
Balaghat,underground,2022-01,32666.7,26452.9,6213.8,0.84,100,0,13.6,0,1,1,1,0,0,0,0,3,1,0
Balaghat,underground,2022-02,32666.7,24545.4,8121.2,0.815,129,0,4.7,0,1,1,1,0,0,0,0,3,1,0
Balaghat,underground,2022-03,32666.7,30238.9,2427.7,0.91,56,0,0.4,0,1,1,0,0,0,0,0,2,1,0
Balaghat,underground,2022-04,32666.7,26692.2,5974.5,0.825,124,0,0.0,0,1,1,1,0,0,0,0,3,1,0
Balaghat,underground,2022-05,32666.7,30441.4,2225.3,0.92,57,0,7.8,0,1,1,0,0,0,0,0,2,1,0
Balaghat,underground,2022-06,32666.7,30282.1,2384.6,0.925,48,0,183.6,4,1,1,0,0,0,0,0,2,1,0
Balaghat,underground,2022-07,32666.7,26266.7,6400.0,0.9,65,0,602.1,14,1,1,1,0,0,0,1,4,1,1
Balaghat,underground,2022-08,32666.7,27698.8,4967.9,0.895,58,0,497.3,9,1,1,1,0,0,0,0,3,1,0
Balaghat,underground,2022-09,32666.7,29284.7,3382.0,0.89,79,0,305.1,4,1,1,0,0,0,0,0,2,1,0
Balaghat,underground,2022-10,32666.7,26804.3,5862.3,0.855,89,0,139.2,3,1,1,1,0,0,0,0,3,1,0
Balaghat,underground,2022-11,32666.7,28793.2,3873.4,0.85,106,0,0.0,0,1,1,1,0,0,0,0,3,1,0
Balaghat,underground,2022-12,32666.7,27297.5,5369.1,0.875,93,0,4.6,0,1,1,1,0,0,0,0,3,1,0
Balaghat,underground,2023-01,36166.7,29217.7,6949.0,0.78,167,0,1.5,0,1,1,1,1,1,0,0,5,1,0
Balaghat,underground,2023-02,36166.7,29711.7,6455.0,0.875,84,0,0.0,0,1,1,1,0,0,0,0,3,1,0
Balaghat,underground,2023-03,36166.7,29788.1,6378.6,0.88,94,0,18.1,0,1,1,1,0,0,0,0,3,1,0
Balaghat,underground,2023-04,36166.7,29879.4,6287.3,0.855,87,0,49.5,1,1,1,1,0,0,0,0,3,1,0
Balaghat,underground,2023-05,36166.7,30825.9,5340.8,0.83,106,0,25.8,0,1,1,1,0,0,0,0,3,1,0
Balaghat,underground,2023-06,36166.7,29952.8,6213.9,0.835,110,0,284.4,4,1,1,1,0,0,0,0,3,1,0
Balaghat,underground,2023-07,36166.7,29649.0,6517.7,0.9,85,0,544.3,12,1,1,1,0,0,0,1,4,1,1
Balaghat,underground,2023-08,36166.7,35064.3,1102.3,0.925,63,0,375.8,6,1,1,0,0,0,0,0,2,1,0
Balaghat,underground,2023-09,36166.7,30926.2,5240.5,0.89,70,0,332.6,6,1,1,1,0,0,0,0,3,1,0
Balaghat,underground,2023-10,36166.7,34249.4,1917.3,0.915,59,0,1.2,0,1,1,0,0,0,0,0,2,1,0
Balaghat,underground,2023-11,36166.7,30994.3,5172.3,0.85,125,0,21.9,0,1,1,1,0,0,0,0,3,1,0
Balaghat,underground,2023-12,36166.7,30924.5,5242.2,0.905,60,0,16.2,0,1,1,1,0,0,0,0,3,1,0
Balaghat,underground,2024-01,40973.3,35069.7,5903.6,0.87,95,0,21.2,0,1,1,1,0,0,0,0,3,1,0
Balaghat,underground,2024-02,40973.3,36715.8,4257.5,0.875,91,0,37.5,0,1,1,1,0,0,0,0,3,1,0
Balaghat,underground,2024-03,40973.3,33514.1,7459.2,0.88,81,0,39.2,1,1,1,1,0,0,0,0,3,1,0
Balaghat,underground,2024-04,40973.3,36964.3,4009.0,0.885,91,0,49.8,0,1,1,1,0,0,0,0,3,1,0
Balaghat,underground,2024-05,40973.3,34354.7,6618.7,0.86,110,0,46.3,0,1,1,1,0,0,0,0,3,1,0
Balaghat,underground,2024-06,40973.3,35353.9,5619.4,0.895,76,0,225.7,3,1,1,1,0,0,0,0,3,1,0
Balaghat,underground,2024-07,40973.3,33973.0,7000.3,0.93,32,0,674.1,14,1,1,1,0,0,1,1,5,1,1
Balaghat,underground,2024-08,40973.3,35268.1,5705.3,0.925,50,0,485.3,12,1,1,1,0,0,0,1,4,1,0
Balaghat,underground,2024-09,40973.3,39077.8,1895.5,0.92,62,0,357.9,3,1,1,0,0,0,0,0,2,1,0
Balaghat,underground,2024-10,40973.3,38704.3,2269.0,0.915,71,0,37.5,0,1,1,0,0,0,0,0,2,1,0
Balaghat,underground,2024-11,40973.3,37292.8,3680.5,0.88,79,0,0.0,0,1,1,0,0,0,0,0,2,1,0
Balaghat,underground,2024-12,40973.3,35369.8,5603.5,0.905,61,0,4.7,0,1,1,1,0,0,0,0,3,1,0
Balaghat,underground,2025-01,42070.0,37420.4,4649.6,0.87,82,0,0.5,0,1,1,1,0,0,0,0,3,1,0
Balaghat,underground,2025-02,42070.0,38374.4,3695.6,0.905,60,0,0.0,0,1,1,0,0,0,0,0,2,1,0
Balaghat,underground,2025-03,42070.0,40201.2,1868.8,0.91,66,0,0.1,0,1,1,0,0,0,0,0,2,1,0
Balaghat,underground,2025-04,42070.0,40578.3,1491.7,0.885,72,0,2.5,0,1,1,0,0,0,0,0,2,1,0
Balaghat,underground,2025-05,42070.0,35542.0,6528.0,0.89,75,0,32.2,0,1,1,1,0,0,0,0,3,1,0
Balaghat,underground,2025-06,42070.0,38980.3,3089.7,0.925,47,0,248.8,4,1,1,0,0,0,0,0,2,1,0
Balaghat,underground,2025-07,42070.0,34595.0,7475.0,0.93,47,1,694.8,11,1,1,1,0,0,1,1,5,1,1
Balaghat,underground,2025-08,42070.0,40499.6,1570.4,0.925,59,0,355.4,8,1,1,0,0,0,0,0,2,1,0
Balaghat,underground,2025-09,42070.0,33347.0,8723.0,0.86,90,0,296.4,5,1,1,1,0,0,0,0,3,1,0
Balaghat,underground,2025-10,42070.0,37332.0,4738.0,0.885,85,1,99.2,0,1,1,1,0,0,0,0,3,1,0
Balaghat,underground,2025-11,42070.0,35489.4,6580.6,0.85,85,0,1.4,0,1,1,1,0,0,0,0,3,1,0
Balaghat,underground,2025-12,42070.0,34672.1,7397.9,0.905,61,0,0.0,0,1,1,1,0,0,0,0,3,1,0
Ukwa,underground,2015-01,13288.3,11311.5,1976.9,0.9,69,0,0.0,0,0,0,0,0,0,0,0,0,0,0
Ukwa,underground,2015-02,13288.3,10904.0,2384.4,0.875,88,0,3.2,0,0,0,0,0,0,0,0,0,0,0
Ukwa,underground,2015-03,13288.3,12184.1,1104.3,0.91,63,0,40.9,1,0,0,0,0,0,0,0,0,0,0
Ukwa,underground,2015-04,13288.3,11920.8,1367.5,0.885,107,0,26.9,0,0,0,0,0,0,0,0,0,0,0
Ukwa,underground,2015-05,13288.3,12419.8,868.6,0.92,51,0,13.1,0,0,0,0,0,0,0,0,0,0,0
Ukwa,underground,2015-06,13288.3,11826.5,1461.9,0.865,104,0,324.5,6,0,0,0,0,0,0,0,0,0,0
Ukwa,underground,2015-07,13288.3,11336.7,1951.7,0.9,80,0,357.1,3,0,0,0,0,0,0,0,0,0,0
Ukwa,underground,2015-08,13288.3,11662.3,1626.1,0.925,52,0,416.0,7,0,0,0,0,0,0,0,0,0,0
Ukwa,underground,2015-09,13288.3,12213.6,1074.7,0.89,96,0,160.2,3,0,0,0,0,0,0,0,0,0,0
Ukwa,underground,2015-10,13288.3,12328.2,960.2,0.915,51,0,6.6,0,0,0,0,0,0,0,0,0,0,0
Ukwa,underground,2015-11,13288.3,11119.6,2168.8,0.88,72,0,0.3,0,0,0,0,0,0,0,0,0,0,0
Ukwa,underground,2015-12,13288.3,10847.0,2441.3,0.875,91,0,3.2,0,0,0,0,0,0,0,0,0,0,0
Ukwa,underground,2016-01,12600.0,9907.0,2693.0,0.9,93,1,1.1,0,0,0,0,0,0,0,0,0,0,0
Ukwa,underground,2016-02,12600.0,10903.2,1696.8,0.875,73,0,6.6,0,0,0,0,0,0,0,0,0,0,0
Ukwa,underground,2016-03,12600.0,10031.8,2568.2,0.91,74,0,23.5,0,0,0,0,0,0,0,0,0,0,0
Ukwa,underground,2016-04,12600.0,10977.2,1622.8,0.885,94,0,6.8,0,0,0,0,0,0,0,0,0,0,0
Ukwa,underground,2016-05,12600.0,11432.5,1167.5,0.89,86,0,7.2,0,0,0,0,0,0,0,0,0,0,0
Ukwa,underground,2016-06,12600.0,12598.5,1.5,0.925,65,0,155.9,4,0,0,0,0,0,0,0,0,0,0
Ukwa,underground,2016-07,12600.0,10544.5,2055.5,0.93,49,0,685.4,13,0,0,0,0,0,1,1,2,1,1
Ukwa,underground,2016-08,12600.0,12082.9,517.1,0.925,64,0,333.3,4,0,0,0,0,0,0,0,0,0,0
Ukwa,underground,2016-09,12600.0,10925.4,1674.6,0.89,97,0,250.3,2,0,0,0,0,0,0,0,0,0,0
Ukwa,underground,2016-10,12600.0,11056.4,1543.6,0.885,84,0,44.2,0,0,0,0,0,0,0,0,0,0,0
Ukwa,underground,2016-11,12600.0,11723.0,877.0,0.91,64,0,0.3,0,0,0,0,0,0,0,0,0,0,0
Ukwa,underground,2016-12,12600.0,10746.8,1853.2,0.905,62,0,0.0,0,0,0,0,0,0,0,0,0,0,0
Ukwa,underground,2017-01,13066.7,12281.2,785.5,0.9,75,0,1.4,0,0,0,0,0,0,0,0,0,0,0
Ukwa,underground,2017-02,13066.7,12023.9,1042.8,0.905,75,0,1.9,0,0,0,0,0,0,0,0,0,0,0
Ukwa,underground,2017-03,13066.7,11199.6,1867.1,0.91,47,0,0.2,0,0,0,0,0,0,0,0,0,0,0
Ukwa,underground,2017-04,13066.7,12075.2,991.5,0.855,122,0,0.3,0,0,0,0,0,0,0,0,0,0,0
Ukwa,underground,2017-05,13066.7,11480.6,1586.1,0.89,61,0,14.8,0,0,0,0,0,0,0,0,0,0,0
Ukwa,underground,2017-06,13066.7,11721.9,1344.7,0.925,52,0,211.9,5,0,0,0,0,0,0,0,0,0,0
Ukwa,underground,2017-07,13066.7,12502.6,564.0,0.93,54,0,460.2,5,0,0,0,0,0,0,0,0,0,0
Ukwa,underground,2017-08,13066.7,11533.1,1533.5,0.895,80,0,477.1,5,0,0,0,0,0,0,0,0,0,0
Ukwa,underground,2017-09,13066.7,12098.1,968.6,0.92,58,0,181.8,2,0,0,0,0,0,0,0,0,0,0
Ukwa,underground,2017-10,13066.7,13028.7,38.0,0.915,67,0,77.4,0,0,0,0,0,0,0,0,0,0,0
Ukwa,underground,2017-11,13066.7,11573.8,1492.8,0.88,84,0,1.1,0,0,0,0,0,0,0,0,0,0,0
Ukwa,underground,2017-12,13066.7,12200.1,866.5,0.905,57,0,0.0,0,0,0,0,0,0,0,0,0,0,0
Ukwa,underground,2018-01,13883.3,12307.3,1576.0,0.87,89,0,0.0,0,0,0,0,0,0,0,0,0,0,0
Ukwa,underground,2018-02,13883.3,11762.0,2121.3,0.845,104,0,21.5,0,0,0,0,0,0,0,0,0,0,0
Ukwa,underground,2018-03,13883.3,12833.5,1049.9,0.91,57,0,2.8,0,0,0,0,0,0,0,0,0,0,0
Ukwa,underground,2018-04,13883.3,11867.5,2015.8,0.855,101,0,16.8,0,0,0,0,0,0,0,0,0,0,0
Ukwa,underground,2018-05,13883.3,12771.8,1111.6,0.92,60,0,12.6,0,0,0,0,0,0,0,0,0,0,0
Ukwa,underground,2018-06,13883.3,12180.0,1703.4,0.865,101,0,197.0,4,0,0,0,0,0,0,0,0,0,0
Ukwa,underground,2018-07,13883.3,12731.3,1152.0,0.93,56,0,534.8,8,0,0,0,0,0,0,0,0,0,1
Ukwa,underground,2018-08,13883.3,13006.6,876.7,0.895,79,0,517.1,5,0,0,0,0,0,0,0,0,0,1
Ukwa,underground,2018-09,13883.3,12484.4,1398.9,0.92,51,0,131.2,3,0,0,0,0,0,0,0,0,0,0
Ukwa,underground,2018-10,13883.3,10697.9,3185.4,0.885,91,1,0.7,0,0,0,0,0,0,0,0,0,0,0
Ukwa,underground,2018-11,13883.3,11929.7,1953.6,0.91,57,0,0.4,0,0,0,0,0,0,0,0,0,0,0
Ukwa,underground,2018-12,13883.3,12134.9,1748.4,0.905,58,0,29.7,1,0,0,0,0,0,0,0,0,0,0
Ukwa,underground,2019-01,14350.0,12588.1,1761.9,0.9,60,0,32.6,1,0,0,0,0,0,0,0,0,0,0
Ukwa,underground,2019-02,14350.0,12599.7,1750.3,0.905,68,0,4.6,0,0,0,0,0,0,0,0,0,0,0
Ukwa,underground,2019-03,14350.0,11997.7,2352.3,0.82,128,0,28.7,1,0,0,0,0,0,0,0,0,0,0
Ukwa,underground,2019-04,14350.0,12409.8,1940.2,0.915,68,0,0.9,0,0,0,0,0,0,0,0,0,0,0
Ukwa,underground,2019-05,14350.0,13721.3,628.7,0.89,88,0,0.1,0,0,0,0,0,0,0,0,0,0,0
Ukwa,underground,2019-06,14350.0,13435.5,914.5,0.895,65,0,142.3,2,0,0,0,0,0,0,0,0,0,0
Ukwa,underground,2019-07,14350.0,11543.0,2807.0,0.93,49,1,487.7,12,0,0,0,0,0,0,1,1,1,0
Ukwa,underground,2019-08,14350.0,13799.1,550.9,0.925,46,0,523.5,9,0,0,0,0,0,0,0,0,0,1
Ukwa,underground,2019-09,14350.0,12533.9,1816.1,0.86,98,0,566.1,10,0,0,0,0,0,0,0,0,0,1
Ukwa,underground,2019-10,14350.0,13072.0,1278.0,0.915,67,0,52.4,0,0,0,0,0,0,0,0,0,0,0
Ukwa,underground,2019-11,14350.0,12703.9,1646.1,0.91,71,0,0.3,0,0,0,0,0,0,0,0,0,0,0
Ukwa,underground,2019-12,14350.0,13648.5,701.5,0.905,77,0,21.7,0,0,0,0,0,0,0,0,0,0,0
Ukwa,underground,2020-01,12250.0,11029.3,1220.7,0.87,90,0,37.5,0,0,0,0,0,0,0,0,0,0,0
Ukwa,underground,2020-02,12250.0,10163.2,2086.8,0.845,105,0,27.0,0,0,0,0,0,0,0,0,0,0,0
Ukwa,underground,2020-03,12250.0,11751.1,498.9,0.88,55,0,48.3,0,0,0,0,0,0,0,0,0,0,0
Ukwa,underground,2020-04,12250.0,10300.4,1949.6,0.885,90,0,6.4,0,0,0,0,0,0,0,0,0,0,0
Ukwa,underground,2020-05,12250.0,11130.1,1119.9,0.89,74,0,0.7,0,0,0,0,0,0,0,0,0,0,0
Ukwa,underground,2020-06,12250.0,9157.7,3092.3,0.895,88,1,351.4,5,0,0,0,0,0,0,0,0,0,0
Ukwa,underground,2020-07,12250.0,11897.1,352.9,0.93,50,0,322.6,6,0,0,0,0,0,0,0,0,0,0
Ukwa,underground,2020-08,12250.0,11633.3,616.7,0.925,47,0,726.2,13,0,0,0,0,0,1,1,2,1,1
Ukwa,underground,2020-09,12250.0,10314.3,1935.7,0.92,56,0,218.8,4,0,0,0,0,0,0,0,0,0,0
Ukwa,underground,2020-10,12250.0,10830.9,1419.1,0.915,58,0,67.8,0,0,0,0,0,0,0,0,0,0,0
Ukwa,underground,2020-11,12250.0,11641.8,608.2,0.91,80,0,4.4,0,0,0,0,0,0,0,0,0,0,0
Ukwa,underground,2020-12,12250.0,9839.2,2410.8,0.905,57,0,0.4,0,0,0,0,0,0,0,0,0,0,0
Ukwa,underground,2021-01,14933.3,11979.0,2954.4,0.84,112,0,5.3,0,0,0,0,0,0,0,0,0,0,0
Ukwa,underground,2021-02,14933.3,11910.3,3023.1,0.845,111,0,9.2,0,0,0,0,0,0,0,0,0,0,0
Ukwa,underground,2021-03,14933.3,12620.6,2312.7,0.88,74,0,0.7,0,0,0,0,0,0,0,0,0,0,0
Ukwa,underground,2021-04,14933.3,14536.4,396.9,0.915,63,0,0.4,0,0,0,0,0,0,0,0,0,0,0
Ukwa,underground,2021-05,14933.3,13785.4,1148.0,0.92,71,0,32.0,0,0,0,0,0,0,0,0,0,0,0
Ukwa,underground,2021-06,14933.3,14119.4,814.0,0.925,55,0,315.2,5,0,0,0,0,0,0,0,0,0,0
Ukwa,underground,2021-07,14933.3,13471.8,1461.5,0.9,69,0,341.1,7,0,0,0,0,0,0,0,0,0,0
Ukwa,underground,2021-08,14933.3,13603.0,1330.3,0.925,47,0,258.4,4,0,0,0,0,0,0,0,0,0,0
Ukwa,underground,2021-09,14933.3,13387.4,1546.0,0.89,82,0,369.1,5,0,0,0,0,0,0,0,0,0,0
Ukwa,underground,2021-10,14933.3,13407.8,1525.5,0.915,75,0,46.4,0,0,0,0,0,0,0,0,0,0,0
Ukwa,underground,2021-11,14933.3,13514.9,1418.4,0.91,66,1,22.5,0,0,0,0,0,0,0,0,0,0,0
Ukwa,underground,2021-12,14933.3,12593.5,2339.8,0.845,121,0,33.1,1,0,0,0,0,0,0,0,0,0,0
Ukwa,underground,2022-01,16333.3,14330.6,2002.8,0.87,82,0,13.6,0,0,0,0,0,0,0,0,0,0,0
Ukwa,underground,2022-02,16333.3,13165.8,3167.6,0.875,102,0,4.7,0,0,0,0,0,0,0,0,0,0,0
Ukwa,underground,2022-03,16333.3,14309.7,2023.6,0.85,107,0,0.4,0,0,0,0,0,0,0,0,0,0,0
Ukwa,underground,2022-04,16333.3,13722.3,2611.0,0.855,90,0,0.0,0,0,0,0,0,0,0,0,0,0,0
Ukwa,underground,2022-05,16333.3,15871.3,462.0,0.89,78,0,7.8,0,0,0,0,0,0,0,0,0,0,0
Ukwa,underground,2022-06,16333.3,14789.7,1543.6,0.925,57,0,183.6,4,0,0,0,0,0,0,0,0,0,0
Ukwa,underground,2022-07,16333.3,13586.4,2747.0,0.9,63,0,602.1,14,0,0,0,0,0,0,1,1,1,1
Ukwa,underground,2022-08,16333.3,14623.3,1710.0,0.925,41,0,497.3,9,0,0,0,0,0,0,0,0,0,0
Ukwa,underground,2022-09,16333.3,14067.9,2265.4,0.86,126,0,305.1,4,0,0,0,0,0,0,0,0,0,0
Ukwa,underground,2022-10,16333.3,14058.1,2275.2,0.885,100,0,139.2,3,0,0,0,0,0,0,0,0,0,0
Ukwa,underground,2022-11,16333.3,16285.0,48.4,0.91,55,0,0.0,0,0,0,0,0,0,0,0,0,0,0
Ukwa,underground,2022-12,16333.3,14434.0,1899.3,0.845,143,0,4.6,0,0,0,0,0,1,0,0,1,1,0
Ukwa,underground,2023-01,18083.3,15357.9,2725.4,0.9,59,0,1.5,0,0,0,0,0,0,0,0,0,0,0
Ukwa,underground,2023-02,18083.3,14032.5,4050.8,0.755,178,0,0.0,0,0,0,1,1,1,0,0,3,1,0
Ukwa,underground,2023-03,18083.3,15244.3,2839.0,0.85,104,0,18.1,0,0,0,0,0,0,0,0,0,0,0
Ukwa,underground,2023-04,18083.3,16740.4,1342.9,0.915,60,0,49.5,1,0,0,0,0,0,0,0,0,0,0
Ukwa,underground,2023-05,18083.3,14588.4,3495.0,0.89,80,0,25.8,0,0,0,0,0,0,0,0,0,0,0
Ukwa,underground,2023-06,18083.3,14443.1,3640.2,0.895,58,1,284.4,4,0,0,0,0,0,0,0,0,0,0
Ukwa,underground,2023-07,18083.3,15168.0,2915.3,0.87,103,0,544.3,12,0,0,0,0,0,0,1,1,1,1
Ukwa,underground,2023-08,18083.3,16864.0,1219.3,0.865,95,0,375.8,6,0,0,0,0,0,0,0,0,0,0
Ukwa,underground,2023-09,18083.3,15968.6,2114.7,0.92,50,0,332.6,6,0,0,0,0,0,0,0,0,0,0
Ukwa,underground,2023-10,18083.3,16740.8,1342.5,0.885,89,0,1.2,0,0,0,0,0,0,0,0,0,0,0
Ukwa,underground,2023-11,18083.3,14612.0,3471.3,0.88,87,0,21.9,0,0,0,0,0,0,0,0,0,0,0
Ukwa,underground,2023-12,18083.3,15344.8,2738.6,0.905,68,0,16.2,0,0,0,0,0,0,0,0,0,0,0
Ukwa,underground,2024-01,20486.7,19764.3,722.3,0.9,75,0,21.2,0,0,0,0,0,0,0,0,0,0,0
Ukwa,underground,2024-02,20486.7,17029.5,3457.2,0.845,123,0,37.5,0,0,0,0,0,0,0,0,0,0,0
Ukwa,underground,2024-03,20486.7,20000.6,486.0,0.88,90,0,39.2,1,0,0,0,0,0,0,0,0,0,0
Ukwa,underground,2024-04,20486.7,17356.7,3129.9,0.885,81,0,49.8,0,0,0,0,0,0,0,0,0,0,0
Ukwa,underground,2024-05,20486.7,16932.1,3554.6,0.89,86,0,46.3,0,0,0,0,0,0,0,0,0,0,0
Ukwa,underground,2024-06,20486.7,16556.3,3930.4,0.925,65,0,225.7,3,0,0,1,0,0,0,0,1,1,0
Ukwa,underground,2024-07,20486.7,17372.8,3113.9,0.93,43,0,674.1,14,0,0,0,0,0,1,1,2,1,1
Ukwa,underground,2024-08,20486.7,15983.5,4503.2,0.865,93,0,485.3,12,0,0,1,0,0,0,1,2,1,0
Ukwa,underground,2024-09,20486.7,17992.9,2493.7,0.92,47,0,357.9,3,0,0,0,0,0,0,0,0,0,0
Ukwa,underground,2024-10,20486.7,18423.3,2063.3,0.885,90,0,37.5,0,0,0,0,0,0,0,0,0,0,0
Ukwa,underground,2024-11,20486.7,18060.6,2426.0,0.91,61,0,0.0,0,0,0,0,0,0,0,0,0,0,0
Ukwa,underground,2024-12,20486.7,17887.2,2599.5,0.875,85,0,4.7,0,0,0,0,0,0,0,0,0,0,0
Ukwa,underground,2025-01,21035.0,19779.3,1255.7,0.9,69,0,0.5,0,0,0,0,0,0,0,0,0,0,0
Ukwa,underground,2025-02,21035.0,16055.3,4979.7,0.845,121,0,0.0,0,0,0,1,0,0,0,0,1,1,0
Ukwa,underground,2025-03,21035.0,15730.9,5304.1,0.91,65,1,0.1,0,0,0,1,0,0,0,0,1,1,0
Ukwa,underground,2025-04,21035.0,20485.7,549.3,0.885,75,0,2.5,0,0,1,0,0,0,0,0,1,1,0
Ukwa,underground,2025-05,21035.0,16739.7,4295.3,0.8,148,0,32.2,0,0,0,1,1,1,0,0,3,1,0
Ukwa,underground,2025-06,21035.0,19593.7,1441.3,0.925,46,0,248.8,4,0,0,0,0,0,0,0,0,0,0
Ukwa,underground,2025-07,21035.0,18148.8,2886.2,0.93,58,0,694.8,11,0,0,0,0,0,1,1,2,1,1
Ukwa,underground,2025-08,21035.0,19434.8,1600.2,0.925,49,0,355.4,8,0,0,0,0,0,0,0,0,0,0
Ukwa,underground,2025-09,21035.0,17786.5,3248.5,0.92,51,0,296.4,5,0,0,0,0,0,0,0,0,0,0
Ukwa,underground,2025-10,21035.0,17138.7,3896.3,0.885,76,0,99.2,0,0,0,1,0,0,0,0,1,1,0
Ukwa,underground,2025-11,21035.0,17342.4,3692.6,0.88,78,0,1.4,0,0,0,0,0,0,0,0,0,0,0
Ukwa,underground,2025-12,21035.0,16913.9,4121.1,0.875,86,0,0.0,0,0,0,1,0,0,0,0,1,1,0
Tirodi,opencast,2015-01,11390.0,9540.4,1849.6,0.9,83,0,0.0,0,0,0,0,0,0,0,0,0,0,0
Tirodi,opencast,2015-02,11390.0,9739.4,1650.6,0.845,103,0,3.2,0,0,0,0,0,0,0,0,0,0,0
Tirodi,opencast,2015-03,11390.0,9124.5,2265.5,0.88,77,0,40.9,1,0,0,0,0,0,0,0,0,0,0
Tirodi,opencast,2015-04,11390.0,10308.4,1081.6,0.915,69,0,26.9,0,0,0,0,0,0,0,0,0,0,0
Tirodi,opencast,2015-05,11390.0,10520.0,870.0,0.92,73,0,13.1,0,0,0,0,0,0,0,0,0,0,0
Tirodi,opencast,2015-06,11390.0,9421.7,1968.3,0.925,34,0,324.5,6,0,0,0,0,0,0,0,0,0,0
Tirodi,opencast,2015-07,11390.0,9842.0,1548.0,0.87,105,0,357.1,3,0,0,0,0,0,0,0,0,0,0
Tirodi,opencast,2015-08,11390.0,8508.1,2881.9,0.925,57,0,416.0,7,0,0,0,0,0,0,0,0,0,0
Tirodi,opencast,2015-09,11390.0,10384.2,1005.8,0.92,63,0,160.2,3,0,0,0,0,0,0,0,0,0,0
Tirodi,opencast,2015-10,11390.0,8563.0,2827.0,0.855,90,0,6.6,0,0,0,0,0,0,0,0,0,0,0
Tirodi,opencast,2015-11,11390.0,9933.7,1456.3,0.88,79,0,0.3,0,0,0,0,0,0,0,0,0,0,0
Tirodi,opencast,2015-12,11390.0,10159.8,1230.2,0.875,86,0,3.2,0,0,0,0,0,0,0,0,0,0,0
Tirodi,opencast,2016-01,10800.0,9072.9,1727.1,0.84,108,0,1.1,0,0,0,0,0,0,0,0,0,0,0
Tirodi,opencast,2016-02,10800.0,9840.0,960.0,0.905,63,0,6.6,0,0,0,0,0,0,0,0,0,0,0
Tirodi,opencast,2016-03,10800.0,10007.1,792.9,0.91,74,0,23.5,0,0,0,0,0,0,0,0,0,0,0
Tirodi,opencast,2016-04,10800.0,9616.3,1183.7,0.915,61,0,6.8,0,0,0,0,0,0,0,0,0,0,0
Tirodi,opencast,2016-05,10800.0,10059.2,740.8,0.92,55,0,7.2,0,0,0,0,0,0,0,0,0,0,0
Tirodi,opencast,2016-06,10800.0,9119.5,1680.5,0.925,63,0,155.9,4,0,0,0,0,0,0,0,0,0,0
Tirodi,opencast,2016-07,10800.0,7025.3,3774.7,0.9,65,0,685.4,13,0,0,1,0,0,1,1,3,1,1
Tirodi,opencast,2016-08,10800.0,8964.1,1835.9,0.925,57,0,333.3,4,0,0,0,0,0,0,0,0,0,0
Tirodi,opencast,2016-09,10800.0,9347.4,1452.6,0.89,71,0,250.3,2,0,0,0,0,0,0,0,0,0,0
Tirodi,opencast,2016-10,10800.0,9503.9,1296.1,0.885,99,0,44.2,0,0,0,0,0,0,0,0,0,0,0
Tirodi,opencast,2016-11,10800.0,10342.7,457.3,0.91,54,0,0.3,0,0,0,0,0,0,0,0,0,0,0
Tirodi,opencast,2016-12,10800.0,9005.6,1794.4,0.875,92,0,0.0,0,0,0,0,0,0,0,0,0,0,0
Tirodi,opencast,2017-01,11200.0,8729.7,2470.3,0.84,114,0,1.4,0,0,0,0,0,0,0,0,0,0,0
Tirodi,opencast,2017-02,11200.0,9854.6,1345.4,0.875,79,0,1.9,0,0,0,0,0,0,0,0,0,0,0
Tirodi,opencast,2017-03,11200.0,9474.3,1725.7,0.88,70,0,0.2,0,0,0,0,0,0,0,0,0,0,0
Tirodi,opencast,2017-04,11200.0,9851.1,1348.9,0.915,74,0,0.3,0,0,0,0,0,0,0,0,0,0,0
Tirodi,opencast,2017-05,11200.0,10820.2,379.8,0.89,82,0,14.8,0,0,0,0,0,0,0,0,0,0,0
Tirodi,opencast,2017-06,11200.0,8961.5,2238.5,0.925,58,0,211.9,5,0,0,0,0,0,0,0,0,0,0
Tirodi,opencast,2017-07,11200.0,8804.1,2395.9,0.93,44,0,460.2,5,0,0,0,0,0,0,0,0,0,0
Tirodi,opencast,2017-08,11200.0,8818.0,2382.0,0.895,83,0,477.1,5,0,0,0,0,0,0,0,0,0,0
Tirodi,opencast,2017-09,11200.0,8924.9,2275.1,0.89,80,0,181.8,2,0,0,0,0,0,0,0,0,0,0
Tirodi,opencast,2017-10,11200.0,8704.5,2495.5,0.885,99,0,77.4,0,0,0,0,0,0,0,0,0,0,0
Tirodi,opencast,2017-11,11200.0,10003.4,1196.6,0.85,92,0,1.1,0,0,0,0,0,0,0,0,0,0,0
Tirodi,opencast,2017-12,11200.0,9197.3,2002.7,0.905,59,0,0.0,0,0,0,0,0,0,0,0,0,0,0
Tirodi,opencast,2018-01,11900.0,10490.6,1409.4,0.9,79,0,0.0,0,0,0,0,0,0,0,0,0,0,0
Tirodi,opencast,2018-02,11900.0,9073.7,2826.3,0.845,102,0,21.5,0,0,0,0,0,0,0,0,0,0,0
Tirodi,opencast,2018-03,11900.0,10578.8,1321.2,0.91,65,0,2.8,0,0,0,0,0,0,0,0,0,0,0
Tirodi,opencast,2018-04,11900.0,9727.0,2173.0,0.855,98,0,16.8,0,0,0,0,0,0,0,0,0,0,0
Tirodi,opencast,2018-05,11900.0,9717.4,2182.6,0.8,146,0,12.6,0,0,0,0,1,1,0,0,2,1,0
Tirodi,opencast,2018-06,11900.0,9357.2,2542.8,0.895,71,0,197.0,4,0,0,0,0,0,0,0,0,0,0
Tirodi,opencast,2018-07,11900.0,8687.2,3212.8,0.93,44,0,534.8,8,0,0,0,0,0,0,0,0,0,1
Tirodi,opencast,2018-08,11900.0,9278.0,2622.0,0.895,80,0,517.1,5,0,0,0,0,0,0,0,0,0,1
Tirodi,opencast,2018-09,11900.0,9140.3,2759.7,0.92,49,1,131.2,3,0,0,0,0,0,0,0,0,0,0
Tirodi,opencast,2018-10,11900.0,11657.5,242.5,0.915,73,0,0.7,0,0,0,0,0,0,0,0,0,0,0
Tirodi,opencast,2018-11,11900.0,10524.8,1375.2,0.91,70,0,0.4,0,0,0,0,0,0,0,0,0,0,0
Tirodi,opencast,2018-12,11900.0,10556.7,1343.3,0.845,102,0,29.7,1,0,0,0,0,0,0,0,0,0,0
Tirodi,opencast,2019-01,12300.0,10903.6,1396.4,0.9,70,0,32.6,1,0,0,0,0,0,0,0,0,0,0
Tirodi,opencast,2019-02,12300.0,10925.9,1374.1,0.845,111,0,4.6,0,0,0,0,0,0,0,0,0,0,0
Tirodi,opencast,2019-03,12300.0,9798.1,2501.9,0.91,64,1,28.7,1,0,0,0,0,0,0,0,0,0,0
Tirodi,opencast,2019-04,12300.0,10942.4,1357.6,0.915,54,0,0.9,0,0,0,0,0,0,0,0,0,0,0
Tirodi,opencast,2019-05,12300.0,10659.2,1640.8,0.92,60,0,0.1,0,0,0,0,0,0,0,0,0,0,0
Tirodi,opencast,2019-06,12300.0,10749.1,1550.9,0.925,59,0,142.3,2,0,0,0,0,0,0,0,0,0,0
Tirodi,opencast,2019-07,12300.0,7647.9,4652.1,0.87,90,0,487.7,12,0,0,1,0,0,0,1,2,1,0
Tirodi,opencast,2019-08,12300.0,8926.9,3373.1,0.925,59,0,523.5,9,0,0,0,0,0,0,0,0,0,1
Tirodi,opencast,2019-09,12300.0,8461.0,3839.0,0.89,82,0,566.1,10,0,0,1,0,0,0,0,1,1,1
Tirodi,opencast,2019-10,12300.0,10027.6,2272.4,0.915,52,0,52.4,0,0,0,0,0,0,0,0,0,0,0
Tirodi,opencast,2019-11,12300.0,11906.9,393.1,0.88,94,0,0.3,0,0,0,0,0,0,0,0,0,0,0
Tirodi,opencast,2019-12,12300.0,11251.3,1048.7,0.905,78,0,21.7,0,0,0,0,0,0,0,0,0,0,0
Tirodi,opencast,2020-01,10500.0,8537.5,1962.5,0.84,102,0,37.5,0,0,0,0,0,0,0,0,0,0,0
Tirodi,opencast,2020-02,10500.0,9146.8,1353.2,0.875,88,0,27.0,0,0,0,0,0,0,0,0,0,0,0
Tirodi,opencast,2020-03,10500.0,9221.9,1278.1,0.88,83,1,48.3,0,0,0,0,0,0,0,0,0,0,0
Tirodi,opencast,2020-04,10500.0,9535.0,965.0,0.915,60,1,6.4,0,0,0,0,0,0,0,0,0,0,0
Tirodi,opencast,2020-05,10500.0,8977.8,1522.2,0.89,75,0,0.7,0,0,0,0,0,0,0,0,0,0,0
Tirodi,opencast,2020-06,10500.0,8979.6,1520.4,0.925,60,0,351.4,5,0,0,0,0,0,0,0,0,0,0
Tirodi,opencast,2020-07,10500.0,7646.8,2853.2,0.81,123,0,322.6,6,0,0,0,1,0,0,0,1,1,0
Tirodi,opencast,2020-08,10500.0,7367.5,3132.5,0.895,71,0,726.2,13,0,0,0,0,0,1,1,2,1,1
Tirodi,opencast,2020-09,10500.0,8250.7,2249.3,0.86,94,1,218.8,4,0,0,0,0,0,0,0,0,0,0
Tirodi,opencast,2020-10,10500.0,9836.4,663.6,0.915,55,0,67.8,0,0,0,0,0,0,0,0,0,0,0
Tirodi,opencast,2020-11,10500.0,8037.9,2462.1,0.88,83,0,4.4,0,0,0,0,0,0,0,0,0,0,0
Tirodi,opencast,2020-12,10500.0,9005.2,1494.8,0.875,87,0,0.4,0,0,0,0,0,0,0,0,0,0,0
Tirodi,opencast,2021-01,12800.0,11300.0,1500.0,0.87,89,0,5.3,0,0,0,0,0,0,0,0,0,0,0
Tirodi,opencast,2021-02,12800.0,10643.2,2156.8,0.875,92,0,9.2,0,0,0,0,0,0,0,0,0,0,0
Tirodi,opencast,2021-03,12800.0,9728.3,3071.7,0.88,74,1,0.7,0,0,0,0,0,0,0,0,0,0,0
Tirodi,opencast,2021-04,12800.0,11048.8,1751.2,0.885,86,0,0.4,0,0,0,0,0,0,0,0,0,0,0
Tirodi,opencast,2021-05,12800.0,11217.0,1583.0,0.86,102,0,32.0,0,0,0,0,0,0,0,0,0,0,0
Tirodi,opencast,2021-06,12800.0,10209.4,2590.6,0.895,53,0,315.2,5,0,0,0,0,0,0,0,0,0,0
Tirodi,opencast,2021-07,12800.0,10266.4,2533.6,0.93,43,0,341.1,7,0,0,0,0,0,0,0,0,0,0
Tirodi,opencast,2021-08,12800.0,10394.4,2405.6,0.925,42,0,258.4,4,0,0,0,0,0,0,0,0,0,0
Tirodi,opencast,2021-09,12800.0,11140.2,1659.8,0.92,71,0,369.1,5,0,0,0,0,0,0,0,0,0,0
Tirodi,opencast,2021-10,12800.0,11438.5,1361.5,0.885,81,0,46.4,0,0,0,0,0,0,0,0,0,0,0
Tirodi,opencast,2021-11,12800.0,10245.7,2554.3,0.88,72,0,22.5,0,0,0,0,0,0,0,0,0,0,0
Tirodi,opencast,2021-12,12800.0,11061.7,1738.3,0.905,71,0,33.1,1,0,0,0,0,0,0,0,0,0,0
Tirodi,opencast,2022-01,14000.0,12846.0,1154.0,0.9,51,0,13.6,0,0,0,0,0,0,0,0,0,0,0
Tirodi,opencast,2022-02,14000.0,12505.8,1494.2,0.905,80,0,4.7,0,0,0,0,0,0,0,0,0,0,0
Tirodi,opencast,2022-03,14000.0,12347.2,1652.8,0.88,84,0,0.4,0,0,0,0,0,0,0,0,0,0,0
Tirodi,opencast,2022-04,14000.0,12065.5,1934.5,0.885,80,0,0.0,0,0,0,0,0,0,0,0,0,0,0
Tirodi,opencast,2022-05,14000.0,12636.5,1363.5,0.92,48,0,7.8,0,0,0,0,0,0,0,0,0,0,0
Tirodi,opencast,2022-06,14000.0,12664.1,1335.9,0.925,49,0,183.6,4,0,0,0,0,0,0,0,0,0,0
Tirodi,opencast,2022-07,14000.0,9037.2,4962.8,0.93,36,0,602.1,14,0,0,1,0,0,0,1,2,1,1
Tirodi,opencast,2022-08,14000.0,10242.0,3758.0,0.895,80,0,497.3,9,0,0,1,0,0,0,0,1,1,0
Tirodi,opencast,2022-09,14000.0,10628.5,3371.5,0.86,107,0,305.1,4,0,0,0,0,0,0,0,0,0,0
Tirodi,opencast,2022-10,14000.0,11798.8,2201.2,0.915,61,1,139.2,3,0,0,0,0,0,0,0,0,0,0
Tirodi,opencast,2022-11,14000.0,11651.2,2348.8,0.91,82,0,0.0,0,0,0,0,0,0,0,0,0,0,0
Tirodi,opencast,2022-12,14000.0,12480.2,1519.8,0.905,62,0,4.6,0,0,0,0,0,0,0,0,0,0,0
Tirodi,opencast,2023-01,15500.0,12594.4,2905.6,0.9,68,1,1.5,0,0,0,0,0,0,0,0,0,0,0
Tirodi,opencast,2023-02,15500.0,12806.8,2693.2,0.905,79,0,0.0,0,0,0,0,0,0,0,0,0,0,0
Tirodi,opencast,2023-03,15500.0,14492.2,1007.8,0.91,60,0,18.1,0,0,0,0,0,0,0,0,0,0,0
Tirodi,opencast,2023-04,15500.0,14019.1,1480.9,0.915,53,0,49.5,1,0,0,0,0,0,0,0,0,0,0
Tirodi,opencast,2023-05,15500.0,13422.9,2077.1,0.89,87,0,25.8,0,0,0,0,0,0,0,0,0,0,0
Tirodi,opencast,2023-06,15500.0,12604.8,2895.2,0.865,77,0,284.4,4,0,0,0,0,0,0,0,0,0,0
Tirodi,opencast,2023-07,15500.0,9020.3,6479.7,0.87,81,1,544.3,12,0,0,1,0,0,0,1,2,1,1
Tirodi,opencast,2023-08,15500.0,12264.4,3235.6,0.895,78,0,375.8,6,0,0,0,0,0,0,0,0,0,0
Tirodi,opencast,2023-09,15500.0,12070.2,3429.8,0.86,113,0,332.6,6,0,0,0,0,0,0,0,0,0,0
Tirodi,opencast,2023-10,15500.0,13269.9,2230.1,0.915,66,0,1.2,0,0,0,0,0,0,0,0,0,0,0
Tirodi,opencast,2023-11,15500.0,14041.4,1458.6,0.91,57,0,21.9,0,0,0,0,0,0,0,0,0,0,0
Tirodi,opencast,2023-12,15500.0,13419.9,2080.1,0.845,86,0,16.2,0,0,0,0,0,0,0,0,0,0,0
Tirodi,opencast,2024-01,17560.0,14958.8,2601.2,0.81,131,0,21.2,0,0,0,0,1,0,0,0,1,1,0
Tirodi,opencast,2024-02,17560.0,16329.6,1230.4,0.905,66,0,37.5,0,0,0,0,0,0,0,0,0,0,0
Tirodi,opencast,2024-03,17560.0,16136.4,1423.6,0.91,71,0,39.2,1,0,0,0,0,0,0,0,0,0,0
Tirodi,opencast,2024-04,17560.0,16031.1,1528.9,0.885,67,0,49.8,0,0,0,0,0,0,0,0,0,0,0
Tirodi,opencast,2024-05,17560.0,15201.3,2358.7,0.89,79,0,46.3,0,0,0,0,0,0,0,0,0,0,0
Tirodi,opencast,2024-06,17560.0,15479.9,2080.1,0.925,52,0,225.7,3,0,0,0,0,0,0,0,0,0,0
Tirodi,opencast,2024-07,17560.0,10479.8,7080.2,0.9,63,0,674.1,14,0,0,1,0,0,1,1,3,1,1
Tirodi,opencast,2024-08,17560.0,12498.4,5061.6,0.895,61,0,485.3,12,0,0,1,0,0,0,1,2,1,0
Tirodi,opencast,2024-09,17560.0,13088.2,4471.8,0.92,59,0,357.9,3,0,0,1,0,0,0,0,1,1,0
Tirodi,opencast,2024-10,17560.0,16543.8,1016.2,0.885,72,0,37.5,0,0,0,0,0,0,0,0,0,0,0
Tirodi,opencast,2024-11,17560.0,16024.3,1535.7,0.91,69,0,0.0,0,0,0,0,0,0,0,0,0,0,0
Tirodi,opencast,2024-12,17560.0,17667.2,0.0,0.905,69,0,4.7,0,0,0,0,0,0,0,0,0,0,0
Tirodi,opencast,2025-01,18030.0,16236.5,1793.5,0.9,69,0,0.5,0,0,0,0,0,0,0,0,0,0,0
Tirodi,opencast,2025-02,18030.0,14548.2,3481.8,0.845,103,0,0.0,0,0,0,0,0,0,0,0,0,0,0
Tirodi,opencast,2025-03,18030.0,15158.6,2871.4,0.91,71,1,0.1,0,0,0,0,0,0,0,0,0,0,0
Tirodi,opencast,2025-04,18030.0,15806.1,2223.9,0.885,76,0,2.5,0,0,0,0,0,0,0,0,0,0,0
Tirodi,opencast,2025-05,18030.0,17128.0,902.0,0.92,65,0,32.2,0,0,0,0,0,0,0,0,0,0,0
Tirodi,opencast,2025-06,18030.0,14580.7,3449.3,0.865,92,0,248.8,4,0,0,0,0,0,0,0,0,0,0
Tirodi,opencast,2025-07,18030.0,13784.1,4245.9,0.87,79,0,694.8,11,0,0,1,0,0,1,1,3,1,1
Tirodi,opencast,2025-08,18030.0,12809.0,5221.0,0.895,67,0,355.4,8,0,0,1,0,0,0,0,1,1,0
Tirodi,opencast,2025-09,18030.0,13108.1,4921.9,0.92,43,0,296.4,5,0,0,1,0,0,0,0,1,1,0
Tirodi,opencast,2025-10,18030.0,14234.1,3795.9,0.855,99,0,99.2,0,0,0,1,0,0,0,0,1,1,0
Tirodi,opencast,2025-11,18030.0,15291.0,2739.0,0.85,98,0,1.4,0,0,0,0,0,0,0,0,0,0,0
Tirodi,opencast,2025-12,18030.0,14381.1,3648.9,0.875,92,1,0.0,0,0,0,0,0,0,0,0,0,0,0
Dongri Buzurg,opencast,2015-01,7593.3,6102.2,1491.1,0.84,99,0,0.0,0,0,0,0,0,0,0,0,0,0,0
Dongri Buzurg,opencast,2015-02,7593.3,6921.9,671.5,0.845,102,0,3.2,0,0,0,0,0,0,0,0,0,0,0
Dongri Buzurg,opencast,2015-03,7593.3,6520.1,1073.2,0.85,121,0,40.9,1,0,0,0,0,0,0,0,0,0,0
Dongri Buzurg,opencast,2015-04,7593.3,6754.0,839.3,0.885,74,0,26.9,0,0,0,0,0,0,0,0,0,0,0
Dongri Buzurg,opencast,2015-05,7593.3,6865.8,727.5,0.86,111,0,13.1,0,0,0,0,0,0,0,0,0,0,0
Dongri Buzurg,opencast,2015-06,7593.3,5495.9,2097.4,0.865,94,0,324.5,6,0,0,0,0,0,0,0,0,0,0
Dongri Buzurg,opencast,2015-07,7593.3,6439.5,1153.8,0.87,104,0,357.1,3,0,0,0,0,0,0,0,0,0,0
Dongri Buzurg,opencast,2015-08,7593.3,6272.7,1320.6,0.925,62,0,416.0,7,0,0,0,0,0,0,0,0,0,0
Dongri Buzurg,opencast,2015-09,7593.3,6295.0,1298.3,0.92,58,0,160.2,3,0,0,0,0,0,0,0,0,0,0
Dongri Buzurg,opencast,2015-10,7593.3,6076.1,1517.2,0.885,75,0,6.6,0,0,0,0,0,0,0,0,0,0,0
Dongri Buzurg,opencast,2015-11,7593.3,6667.1,926.2,0.91,57,0,0.3,0,0,0,0,0,0,0,0,0,0,0
Dongri Buzurg,opencast,2015-12,7593.3,6491.0,1102.3,0.875,79,0,3.2,0,0,0,0,0,0,0,0,0,0,0
Dongri Buzurg,opencast,2016-01,7200.0,6054.2,1145.8,0.81,140,0,1.1,0,0,0,0,1,1,0,0,2,1,0
Dongri Buzurg,opencast,2016-02,7200.0,5960.5,1239.5,0.905,69,1,6.6,0,0,0,0,0,0,0,0,0,0,0
Dongri Buzurg,opencast,2016-03,7200.0,6627.3,572.7,0.91,62,0,23.5,0,0,0,0,0,0,0,0,0,0,0
Dongri Buzurg,opencast,2016-04,7200.0,6337.0,863.0,0.915,62,0,6.8,0,0,0,0,0,0,0,0,0,0,0
Dongri Buzurg,opencast,2016-05,7200.0,6363.2,836.8,0.86,93,0,7.2,0,0,0,0,0,0,0,0,0,0,0
Dongri Buzurg,opencast,2016-06,7200.0,6408.9,791.1,0.925,60,0,155.9,4,0,0,0,0,0,0,0,0,0,0
Dongri Buzurg,opencast,2016-07,7200.0,4788.1,2411.9,0.9,79,1,685.4,13,0,0,0,0,0,1,1,2,1,1
Dongri Buzurg,opencast,2016-08,7200.0,6456.8,743.2,0.895,64,0,333.3,4,0,0,0,0,0,0,0,0,0,0
Dongri Buzurg,opencast,2016-09,7200.0,6960.9,239.1,0.92,50,0,250.3,2,0,0,0,0,0,0,0,0,0,0
Dongri Buzurg,opencast,2016-10,7200.0,6409.5,790.5,0.915,60,0,44.2,0,0,0,0,0,0,0,0,0,0,0
Dongri Buzurg,opencast,2016-11,7200.0,5853.8,1346.2,0.85,125,0,0.3,0,0,0,0,0,0,0,0,0,0,0
Dongri Buzurg,opencast,2016-12,7200.0,6672.5,527.5,0.905,66,0,0.0,0,0,0,0,0,0,0,0,0,0,0
Dongri Buzurg,opencast,2017-01,7466.7,5883.1,1583.5,0.87,97,1,1.4,0,0,0,0,0,0,0,0,0,0,0
Dongri Buzurg,opencast,2017-02,7466.7,6391.7,1075.0,0.875,90,0,1.9,0,0,0,0,0,0,0,0,0,0,0
Dongri Buzurg,opencast,2017-03,7466.7,7079.9,386.8,0.91,77,0,0.2,0,0,0,0,0,0,0,0,0,0,0
Dongri Buzurg,opencast,2017-04,7466.7,6296.9,1169.8,0.885,81,0,0.3,0,0,0,0,0,0,0,0,0,0,0
Dongri Buzurg,opencast,2017-05,7466.7,7650.0,0.0,0.92,45,0,14.8,0,0,0,0,0,0,0,0,0,0,0
Dongri Buzurg,opencast,2017-06,7466.7,5532.7,1934.0,0.865,88,0,211.9,5,0,0,0,0,0,0,0,0,0,0
Dongri Buzurg,opencast,2017-07,7466.7,6222.4,1244.2,0.93,52,0,460.2,5,0,0,0,0,0,0,0,0,0,0
Dongri Buzurg,opencast,2017-08,7466.7,6654.3,812.4,0.925,61,0,477.1,5,0,0,0,0,0,0,0,0,0,0
Dongri Buzurg,opencast,2017-09,7466.7,5668.8,1797.9,0.86,99,0,181.8,2,0,0,0,0,0,0,0,0,0,0
Dongri Buzurg,opencast,2017-10,7466.7,7186.7,280.0,0.915,54,0,77.4,0,0,0,0,0,0,0,0,0,0,0
Dongri Buzurg,opencast,2017-11,7466.7,7195.2,271.5,0.91,65,0,1.1,0,0,0,0,0,0,0,0,0,0,0
Dongri Buzurg,opencast,2017-12,7466.7,5988.4,1478.2,0.875,93,0,0.0,0,0,0,0,0,0,0,0,0,0,0
Dongri Buzurg,opencast,2018-01,7933.3,6897.6,1035.7,0.9,72,0,0.0,0,0,0,0,0,0,0,0,0,0,0
Dongri Buzurg,opencast,2018-02,7933.3,7219.0,714.4,0.845,99,0,21.5,0,0,0,0,0,0,0,0,0,0,0
Dongri Buzurg,opencast,2018-03,7933.3,7748.6,184.7,0.91,69,0,2.8,0,0,0,0,0,0,0,0,0,0,0
Dongri Buzurg,opencast,2018-04,7933.3,7169.7,763.6,0.855,118,0,16.8,0,0,0,0,0,0,0,0,0,0,0
Dongri Buzurg,opencast,2018-05,7933.3,7295.2,638.1,0.89,84,0,12.6,0,0,0,0,0,0,0,0,0,0,0
Dongri Buzurg,opencast,2018-06,7933.3,6428.3,1505.1,0.925,53,0,197.0,4,0,0,0,0,0,0,0,0,0,0
Dongri Buzurg,opencast,2018-07,7933.3,5784.7,2148.6,0.93,73,1,534.8,8,0,0,0,0,0,0,0,0,0,1
Dongri Buzurg,opencast,2018-08,7933.3,6467.0,1466.3,0.925,48,1,517.1,5,0,0,0,0,0,0,0,0,0,1
Dongri Buzurg,opencast,2018-09,7933.3,6577.3,1356.0,0.89,88,0,131.2,3,0,0,0,0,0,0,0,0,0,0
Dongri Buzurg,opencast,2018-10,7933.3,6740.4,1192.9,0.915,68,0,0.7,0,0,0,0,0,0,0,0,0,0,0
Dongri Buzurg,opencast,2018-11,7933.3,7212.1,721.2,0.91,60,0,0.4,0,0,0,0,0,0,0,0,0,0,0
Dongri Buzurg,opencast,2018-12,7933.3,7206.8,726.6,0.905,60,0,29.7,1,0,0,0,0,0,0,0,0,0,0
Dongri Buzurg,opencast,2019-01,8200.0,7150.0,1050.0,0.87,83,0,32.6,1,0,0,0,0,0,0,0,0,0,0
Dongri Buzurg,opencast,2019-02,8200.0,6869.8,1330.2,0.905,60,0,4.6,0,0,0,0,0,0,0,0,0,0,0
Dongri Buzurg,opencast,2019-03,8200.0,6614.5,1585.5,0.91,74,0,28.7,1,0,0,0,0,0,0,0,0,0,0
Dongri Buzurg,opencast,2019-04,8200.0,6814.3,1385.7,0.825,131,0,0.9,0,0,0,0,0,0,0,0,0,0,0
Dongri Buzurg,opencast,2019-05,8200.0,7859.1,340.9,0.92,74,0,0.1,0,0,0,0,0,0,0,0,0,0,0
Dongri Buzurg,opencast,2019-06,8200.0,6556.5,1643.5,0.835,114,0,142.3,2,0,0,0,0,0,0,0,0,0,0
Dongri Buzurg,opencast,2019-07,8200.0,5428.3,2771.7,0.9,59,1,487.7,12,0,0,0,0,0,0,1,1,1,0
Dongri Buzurg,opencast,2019-08,8200.0,5773.5,2426.5,0.925,58,1,523.5,9,0,0,0,0,0,0,0,0,0,1
Dongri Buzurg,opencast,2019-09,8200.0,5469.3,2730.7,0.89,90,0,566.1,10,0,0,0,0,0,0,0,0,0,1
Dongri Buzurg,opencast,2019-10,8200.0,7171.7,1028.3,0.885,65,0,52.4,0,0,0,0,0,0,0,0,0,0,0
Dongri Buzurg,opencast,2019-11,8200.0,7842.4,357.6,0.91,70,0,0.3,0,0,0,0,0,0,0,0,0,0,0
Dongri Buzurg,opencast,2019-12,8200.0,7083.3,1116.7,0.905,47,1,21.7,0,0,0,0,0,0,0,0,0,0,0
Dongri Buzurg,opencast,2020-01,7000.0,5725.3,1274.7,0.87,111,0,37.5,0,0,0,0,0,0,0,0,0,0,0
Dongri Buzurg,opencast,2020-02,7000.0,5629.8,1370.2,0.875,97,0,27.0,0,0,0,0,0,0,0,0,0,0,0
Dongri Buzurg,opencast,2020-03,7000.0,5789.9,1210.1,0.91,58,0,48.3,0,0,0,0,0,0,0,0,0,0,0
Dongri Buzurg,opencast,2020-04,7000.0,6119.3,880.7,0.885,87,0,6.4,0,0,0,0,0,0,0,0,0,0,0
Dongri Buzurg,opencast,2020-05,7000.0,5787.4,1212.6,0.92,56,1,0.7,0,0,0,0,0,0,0,0,0,0,0
Dongri Buzurg,opencast,2020-06,7000.0,5973.5,1026.5,0.925,48,0,351.4,5,0,0,0,0,0,0,0,0,0,0
Dongri Buzurg,opencast,2020-07,7000.0,5384.1,1615.9,0.9,81,0,322.6,6,0,0,0,0,0,0,0,0,0,0
Dongri Buzurg,opencast,2020-08,7000.0,4201.4,2798.6,0.835,116,0,726.2,13,0,0,0,0,0,1,1,2,1,1
Dongri Buzurg,opencast,2020-09,7000.0,5380.1,1619.9,0.92,47,1,218.8,4,0,0,0,0,0,0,0,0,0,0
Dongri Buzurg,opencast,2020-10,7000.0,5411.8,1588.2,0.855,90,0,67.8,0,0,0,0,0,0,0,0,0,0,0
Dongri Buzurg,opencast,2020-11,7000.0,6200.0,800.0,0.91,52,0,4.4,0,0,0,0,0,0,0,0,0,0,0
Dongri Buzurg,opencast,2020-12,7000.0,5847.0,1153.0,0.905,56,0,0.4,0,0,0,0,0,0,0,0,0,0,0
Dongri Buzurg,opencast,2021-01,8533.3,8419.0,114.3,0.9,64,0,5.3,0,0,0,0,0,0,0,0,0,0,0
Dongri Buzurg,opencast,2021-02,8533.3,7936.7,596.6,0.905,65,0,9.2,0,0,0,0,0,0,0,0,0,0,0
Dongri Buzurg,opencast,2021-03,8533.3,7259.8,1273.5,0.88,92,0,0.7,0,0,0,0,0,0,0,0,0,0,0
Dongri Buzurg,opencast,2021-04,8533.3,7493.4,1039.9,0.885,75,0,0.4,0,0,0,0,0,0,0,0,0,0,0
Dongri Buzurg,opencast,2021-05,8533.3,8469.1,64.3,0.92,62,0,32.0,0,0,0,0,0,0,0,0,0,0,0
Dongri Buzurg,opencast,2021-06,8533.3,7925.1,608.2,0.895,81,0,315.2,5,0,0,0,0,0,0,0,0,0,0
Dongri Buzurg,opencast,2021-07,8533.3,6847.0,1686.3,0.93,54,0,341.1,7,0,0,0,0,0,0,0,0,0,0
Dongri Buzurg,opencast,2021-08,8533.3,6047.9,2485.4,0.925,47,1,258.4,4,0,0,0,0,0,0,0,0,0,0
Dongri Buzurg,opencast,2021-09,8533.3,7173.6,1359.8,0.92,54,0,369.1,5,0,0,0,0,0,0,0,0,0,0
Dongri Buzurg,opencast,2021-10,8533.3,7347.7,1185.7,0.855,121,0,46.4,0,0,0,0,0,0,0,0,0,0,0
Dongri Buzurg,opencast,2021-11,8533.3,7728.8,804.5,0.91,53,0,22.5,0,0,0,0,0,0,0,0,0,0,0
Dongri Buzurg,opencast,2021-12,8533.3,7874.2,659.2,0.905,63,0,33.1,1,0,0,0,0,0,0,0,0,0,0
Dongri Buzurg,opencast,2022-01,9333.3,8228.3,1105.1,0.9,61,0,13.6,0,0,0,0,0,0,0,0,0,0,0
Dongri Buzurg,opencast,2022-02,9333.3,7968.6,1364.7,0.875,96,0,4.7,0,0,0,0,0,0,0,0,0,0,0
Dongri Buzurg,opencast,2022-03,9333.3,8860.5,472.8,0.88,69,0,0.4,0,0,0,0,0,0,0,0,0,0,0
Dongri Buzurg,opencast,2022-04,9333.3,8635.8,697.6,0.915,64,0,0.0,0,0,0,0,0,0,0,0,0,0,0
Dongri Buzurg,opencast,2022-05,9333.3,8421.6,911.7,0.89,78,0,7.8,0,0,0,0,0,0,0,0,0,0,0
Dongri Buzurg,opencast,2022-06,9333.3,8410.6,922.8,0.925,62,0,183.6,4,0,0,0,0,0,0,0,0,0,0
Dongri Buzurg,opencast,2022-07,9333.3,6693.8,2639.5,0.93,57,0,602.1,14,0,0,0,0,0,0,1,1,1,1
Dongri Buzurg,opencast,2022-08,9333.3,6520.9,2812.4,0.925,49,1,497.3,9,0,0,0,0,0,0,0,0,0,0
Dongri Buzurg,opencast,2022-09,9333.3,7816.3,1517.1,0.86,85,0,305.1,4,0,0,0,0,0,0,0,0,0,0
Dongri Buzurg,opencast,2022-10,9333.3,7017.7,2315.6,0.915,61,0,139.2,3,0,0,0,0,0,0,0,0,0,0
Dongri Buzurg,opencast,2022-11,9333.3,8571.6,761.7,0.91,75,0,0.0,0,0,0,0,0,0,0,0,0,0,0
Dongri Buzurg,opencast,2022-12,9333.3,8135.7,1197.6,0.905,62,0,4.6,0,0,0,0,0,0,0,0,0,0,0
Dongri Buzurg,opencast,2023-01,10333.3,8396.1,1937.3,0.84,119,1,1.5,0,0,0,0,0,0,0,0,0,0,0
Dongri Buzurg,opencast,2023-02,10333.3,8144.7,2188.7,0.845,110,0,0.0,0,0,0,0,0,0,0,0,0,0,0
Dongri Buzurg,opencast,2023-03,10333.3,9795.9,537.4,0.88,90,0,18.1,0,0,0,0,0,0,0,0,0,0,0
Dongri Buzurg,opencast,2023-04,10333.3,9056.4,1276.9,0.885,75,0,49.5,1,0,0,0,0,0,0,0,0,0,0
Dongri Buzurg,opencast,2023-05,10333.3,9169.5,1163.8,0.89,76,0,25.8,0,0,0,0,0,0,0,0,0,0,0
Dongri Buzurg,opencast,2023-06,10333.3,9818.6,514.8,0.925,53,0,284.4,4,0,0,0,0,0,0,0,0,0,0
Dongri Buzurg,opencast,2023-07,10333.3,5733.5,4599.9,0.81,140,0,544.3,12,0,0,1,1,1,0,1,4,1,1
Dongri Buzurg,opencast,2023-08,10333.3,7601.7,2731.6,0.925,61,1,375.8,6,0,0,0,0,0,0,0,0,0,0
Dongri Buzurg,opencast,2023-09,10333.3,8101.9,2231.4,0.92,59,0,332.6,6,0,0,0,0,0,0,0,0,0,0
Dongri Buzurg,opencast,2023-10,10333.3,7269.8,3063.6,0.795,144,1,1.2,0,0,0,0,1,1,0,0,2,1,0
Dongri Buzurg,opencast,2023-11,10333.3,8764.7,1568.6,0.91,68,0,21.9,0,0,0,0,0,0,0,0,0,0,0
Dongri Buzurg,opencast,2023-12,10333.3,9862.1,471.3,0.905,85,0,16.2,0,0,0,0,0,0,0,0,0,0,0
Dongri Buzurg,opencast,2024-01,11706.7,10498.1,1208.6,0.9,71,0,21.2,0,0,0,0,0,0,0,0,0,0,0
Dongri Buzurg,opencast,2024-02,11706.7,10700.9,1005.7,0.905,63,0,37.5,0,0,0,0,0,0,0,0,0,0,0
Dongri Buzurg,opencast,2024-03,11706.7,11183.1,523.6,0.91,57,0,39.2,1,0,0,0,0,0,0,0,0,0,0
Dongri Buzurg,opencast,2024-04,11706.7,9770.7,1935.9,0.885,81,0,49.8,0,0,0,0,0,0,0,0,0,0,0
Dongri Buzurg,opencast,2024-05,11706.7,10492.4,1214.3,0.92,42,1,46.3,0,0,0,0,0,0,0,0,0,0,0
Dongri Buzurg,opencast,2024-06,11706.7,10400.5,1306.2,0.925,62,0,225.7,3,0,0,0,0,0,0,0,0,0,0
Dongri Buzurg,opencast,2024-07,11706.7,6743.4,4963.3,0.87,96,1,674.1,14,0,0,1,0,0,1,1,3,1,1
Dongri Buzurg,opencast,2024-08,11706.7,7151.6,4555.0,0.925,40,1,485.3,12,0,0,1,0,0,0,1,2,1,0
Dongri Buzurg,opencast,2024-09,11706.7,9350.4,2356.2,0.89,68,0,357.9,3,0,0,0,0,0,0,0,0,0,0
Dongri Buzurg,opencast,2024-10,11706.7,9954.2,1752.5,0.885,67,0,37.5,0,0,0,0,0,0,0,0,0,0,0
Dongri Buzurg,opencast,2024-11,11706.7,8840.7,2865.9,0.79,146,1,0.0,0,0,0,0,1,1,0,0,2,1,0
Dongri Buzurg,opencast,2024-12,11706.7,9490.0,2216.6,0.845,90,0,4.7,0,0,0,0,0,0,0,0,0,0,0
Dongri Buzurg,opencast,2025-01,12020.0,9760.2,2259.8,0.84,122,0,0.5,0,0,0,0,0,0,0,0,0,0,0
Dongri Buzurg,opencast,2025-02,12020.0,11175.1,844.9,0.905,59,0,0.0,0,0,0,0,0,0,0,0,0,0,0
Dongri Buzurg,opencast,2025-03,12020.0,9526.4,2493.6,0.82,113,0,0.1,0,0,0,0,0,0,0,0,0,0,0
Dongri Buzurg,opencast,2025-04,12020.0,11293.8,726.2,0.915,63,0,2.5,0,0,0,0,0,0,0,0,0,0,0
Dongri Buzurg,opencast,2025-05,12020.0,9967.6,2052.4,0.89,75,1,32.2,0,0,0,0,0,0,0,0,0,0,0
Dongri Buzurg,opencast,2025-06,12020.0,9694.9,2325.1,0.865,102,0,248.8,4,0,0,0,0,0,0,0,0,0,0
Dongri Buzurg,opencast,2025-07,12020.0,9565.3,2454.7,0.9,72,0,694.8,11,0,0,0,0,0,1,1,2,1,1
Dongri Buzurg,opencast,2025-08,12020.0,8827.2,3192.8,0.925,49,1,355.4,8,0,0,0,0,0,0,0,0,0,0
Dongri Buzurg,opencast,2025-09,12020.0,9516.6,2503.4,0.92,71,0,296.4,5,0,0,0,0,0,0,0,0,0,0
Dongri Buzurg,opencast,2025-10,12020.0,11377.0,643.0,0.915,61,0,99.2,0,0,0,0,0,0,0,0,0,0,0
Dongri Buzurg,opencast,2025-11,12020.0,10778.6,1241.4,0.88,95,0,1.4,0,0,0,0,0,0,0,0,0,0,0
Dongri Buzurg,opencast,2025-12,12020.0,11253.4,766.6,0.905,54,0,0.0,0,0,0,0,0,0,0,0,0,0,0
Mansar,underground,2015-01,9491.7,7960.7,1530.9,0.9,65,0,0.0,0,0,0,0,0,0,0,0,0,0,0
Mansar,underground,2015-02,9491.7,7498.4,1993.3,0.845,116,0,3.2,0,0,0,0,0,0,0,0,0,0,0
Mansar,underground,2015-03,9491.7,8456.7,1035.0,0.85,93,0,40.9,1,0,0,0,0,0,0,0,0,0,0
Mansar,underground,2015-04,9491.7,9128.2,363.5,0.915,53,0,26.9,0,0,0,0,0,0,0,0,0,0,0
Mansar,underground,2015-05,9491.7,8877.1,614.5,0.89,75,0,13.1,0,0,0,0,0,0,0,0,0,0,0
Mansar,underground,2015-06,9491.7,8737.1,754.6,0.895,82,0,324.5,6,0,0,0,0,0,0,0,0,0,0
Mansar,underground,2015-07,9491.7,7988.8,1502.8,0.9,78,0,357.1,3,0,0,0,0,0,0,0,0,0,0
Mansar,underground,2015-08,9491.7,8281.8,1209.9,0.925,68,1,416.0,7,0,0,0,0,0,0,0,0,0,0
Mansar,underground,2015-09,9491.7,7177.8,2313.9,0.89,66,1,160.2,3,0,0,0,0,0,0,0,0,0,0
Mansar,underground,2015-10,9491.7,8183.9,1307.8,0.915,66,1,6.6,0,0,0,0,0,0,0,0,0,0,0
Mansar,underground,2015-11,9491.7,8049.9,1441.8,0.85,101,0,0.3,0,0,0,0,0,0,0,0,0,0,0
Mansar,underground,2015-12,9491.7,8213.5,1278.2,0.905,69,0,3.2,0,0,0,0,0,0,0,0,0,0,0
Mansar,underground,2016-01,9000.0,8752.8,247.2,0.9,81,0,1.1,0,0,0,0,0,0,0,0,0,0,0
Mansar,underground,2016-02,9000.0,8017.5,982.5,0.905,76,0,6.6,0,0,0,0,0,0,0,0,0,0,0
Mansar,underground,2016-03,9000.0,6588.1,2411.9,0.88,62,1,23.5,0,0,0,0,0,0,0,0,0,0,0
Mansar,underground,2016-04,9000.0,8659.4,340.6,0.885,88,0,6.8,0,0,0,0,0,0,0,0,0,0,0
Mansar,underground,2016-05,9000.0,8697.8,302.2,0.92,60,0,7.2,0,0,0,0,0,0,0,0,0,0,0
Mansar,underground,2016-06,9000.0,8015.0,985.0,0.925,45,0,155.9,4,0,0,0,0,0,0,0,0,0,0
Mansar,underground,2016-07,9000.0,7561.6,1438.4,0.9,72,0,685.4,13,0,0,0,0,0,1,1,2,1,1
Mansar,underground,2016-08,9000.0,8938.3,61.7,0.925,71,0,333.3,4,0,0,0,0,0,0,0,0,0,0
Mansar,underground,2016-09,9000.0,7251.5,1748.5,0.86,102,0,250.3,2,0,0,0,0,0,0,0,0,0,0
Mansar,underground,2016-10,9000.0,8291.9,708.1,0.915,75,0,44.2,0,0,0,0,0,0,0,0,0,0,0
Mansar,underground,2016-11,9000.0,8257.8,742.2,0.91,50,0,0.3,0,0,0,0,0,0,0,0,0,0,0
Mansar,underground,2016-12,9000.0,7505.7,1494.3,0.845,103,0,0.0,0,0,0,0,0,0,0,0,0,0,0
Mansar,underground,2017-01,9333.3,8423.6,909.7,0.9,72,0,1.4,0,0,0,0,0,0,0,0,0,0,0
Mansar,underground,2017-02,9333.3,7759.1,1574.2,0.905,76,0,1.9,0,0,0,0,0,0,0,0,0,0,0
Mansar,underground,2017-03,9333.3,8035.1,1298.2,0.85,96,0,0.2,0,0,0,0,0,0,0,0,0,0,0
Mansar,underground,2017-04,9333.3,8719.5,613.9,0.915,69,0,0.3,0,0,0,0,0,0,0,0,0,0,0
Mansar,underground,2017-05,9333.3,7816.2,1517.1,0.86,96,0,14.8,0,0,0,0,0,0,0,0,0,0,0
Mansar,underground,2017-06,9333.3,8435.5,897.9,0.925,46,0,211.9,5,0,0,0,0,0,0,0,0,0,0
Mansar,underground,2017-07,9333.3,8271.9,1061.5,0.93,54,0,460.2,5,0,0,0,0,0,0,0,0,0,0
Mansar,underground,2017-08,9333.3,7729.1,1604.2,0.925,55,0,477.1,5,0,0,0,0,0,0,0,0,0,0
Mansar,underground,2017-09,9333.3,8353.9,979.4,0.92,56,0,181.8,2,0,0,0,0,0,0,0,0,0,0
Mansar,underground,2017-10,9333.3,8530.0,803.3,0.915,68,0,77.4,0,0,0,0,0,0,0,0,0,0,0
Mansar,underground,2017-11,9333.3,7760.1,1573.2,0.91,63,0,1.1,0,0,0,0,0,0,0,0,0,0,0
Mansar,underground,2017-12,9333.3,8060.4,1272.9,0.875,108,0,0.0,0,0,0,0,0,0,0,0,0,0,0
Mansar,underground,2018-01,9916.7,8248.6,1668.0,0.9,73,0,0.0,0,0,0,0,0,0,0,0,0,0,0
Mansar,underground,2018-02,9916.7,8362.7,1554.0,0.845,124,0,21.5,0,0,0,0,0,0,0,0,0,0,0
Mansar,underground,2018-03,9916.7,8525.2,1391.5,0.91,71,0,2.8,0,0,0,0,0,0,0,0,0,0,0
Mansar,underground,2018-04,9916.7,8779.8,1136.9,0.885,87,0,16.8,0,0,0,0,0,0,0,0,0,0,0
Mansar,underground,2018-05,9916.7,8993.9,922.8,0.89,86,0,12.6,0,0,0,0,0,0,0,0,0,0,0
Mansar,underground,2018-06,9916.7,8973.0,943.6,0.925,54,0,197.0,4,0,0,0,0,0,0,0,0,0,0
Mansar,underground,2018-07,9916.7,8758.6,1158.1,0.93,49,0,534.8,8,0,0,0,0,0,0,0,0,0,1
Mansar,underground,2018-08,9916.7,9301.0,615.6,0.925,37,0,517.1,5,0,0,0,0,0,0,0,0,0,1
Mansar,underground,2018-09,9916.7,8961.2,955.4,0.89,72,0,131.2,3,0,0,0,0,0,0,0,0,0,0
Mansar,underground,2018-10,9916.7,8970.4,946.3,0.915,62,0,0.7,0,0,0,0,0,0,0,0,0,0,0
Mansar,underground,2018-11,9916.7,8401.0,1515.7,0.91,75,0,0.4,0,0,0,0,0,0,0,0,0,0,0
Mansar,underground,2018-12,9916.7,9403.1,513.6,0.905,76,0,29.7,1,0,0,0,0,0,0,0,0,0,0
Mansar,underground,2019-01,10250.0,8560.5,1689.5,0.84,132,0,32.6,1,0,0,0,0,0,0,0,0,0,0
Mansar,underground,2019-02,10250.0,8464.7,1785.3,0.815,143,0,4.6,0,0,0,0,0,1,0,0,1,1,0
Mansar,underground,2019-03,10250.0,9134.7,1115.3,0.91,62,0,28.7,1,0,0,0,0,0,0,0,0,0,0
Mansar,underground,2019-04,10250.0,9884.9,365.1,0.915,68,0,0.9,0,0,0,0,0,0,0,0,0,0,0
Mansar,underground,2019-05,10250.0,9729.8,520.2,0.92,65,0,0.1,0,0,0,0,0,0,0,0,0,0,0
Mansar,underground,2019-06,10250.0,9298.5,951.5,0.895,71,0,142.3,2,0,0,0,0,0,0,0,0,0,0
Mansar,underground,2019-07,10250.0,8502.3,1747.7,0.93,66,1,487.7,12,0,0,0,0,0,0,1,1,1,0
Mansar,underground,2019-08,10250.0,8918.0,1332.0,0.925,48,0,523.5,9,0,0,0,0,0,0,0,0,0,1
Mansar,underground,2019-09,10250.0,8218.9,2031.1,0.92,60,0,566.1,10,0,0,0,0,0,0,0,0,0,1
Mansar,underground,2019-10,10250.0,9230.9,1019.1,0.885,78,0,52.4,0,0,0,0,0,0,0,0,0,0,0
Mansar,underground,2019-11,10250.0,8652.8,1597.2,0.88,91,0,0.3,0,0,0,0,0,0,0,0,0,0,0
Mansar,underground,2019-12,10250.0,9356.5,893.5,0.845,109,0,21.7,0,0,0,0,0,0,0,0,0,0,0
Mansar,underground,2020-01,8750.0,7204.0,1546.0,0.9,80,0,37.5,0,0,0,0,0,0,0,0,0,0,0
Mansar,underground,2020-02,8750.0,7497.0,1253.0,0.905,59,1,27.0,0,0,0,0,0,0,0,0,0,0,0
Mansar,underground,2020-03,8750.0,8231.8,518.2,0.88,98,0,48.3,0,0,0,0,0,0,0,0,0,0,0
Mansar,underground,2020-04,8750.0,8346.9,403.1,0.915,57,0,6.4,0,0,0,0,0,0,0,0,0,0,0
Mansar,underground,2020-05,8750.0,8031.9,718.1,0.92,42,0,0.7,0,0,0,0,0,0,0,0,0,0,0
Mansar,underground,2020-06,8750.0,7788.2,961.8,0.835,104,0,351.4,5,0,0,0,0,0,0,0,0,0,0
Mansar,underground,2020-07,8750.0,7636.8,1113.2,0.9,68,0,322.6,6,0,0,0,0,0,0,0,0,0,0
Mansar,underground,2020-08,8750.0,7312.8,1437.2,0.895,57,0,726.2,13,0,0,0,0,0,1,1,2,1,1
Mansar,underground,2020-09,8750.0,7140.0,1610.0,0.92,50,0,218.8,4,0,0,0,0,0,0,0,0,0,0
Mansar,underground,2020-10,8750.0,8590.0,160.0,0.915,58,0,67.8,0,0,0,0,0,0,0,0,0,0,0
Mansar,underground,2020-11,8750.0,7685.0,1065.0,0.88,84,0,4.4,0,0,0,0,0,0,0,0,0,0,0
Mansar,underground,2020-12,8750.0,6610.4,2139.6,0.905,70,1,0.4,0,0,0,0,0,0,0,0,0,0,0
Mansar,underground,2021-01,10666.7,9472.5,1194.1,0.9,76,0,5.3,0,0,0,0,0,0,0,0,0,0,0
Mansar,underground,2021-02,10666.7,8887.0,1779.7,0.785,163,0,9.2,0,0,0,0,1,1,0,0,2,1,0
Mansar,underground,2021-03,10666.7,9306.2,1360.5,0.88,97,0,0.7,0,0,0,0,0,0,0,0,0,0,0
Mansar,underground,2021-04,10666.7,8760.3,1906.4,0.825,128,0,0.4,0,0,0,0,0,0,0,0,0,0,0
Mansar,underground,2021-05,10666.7,9838.7,828.0,0.92,63,0,32.0,0,0,0,0,0,0,0,0,0,0,0
Mansar,underground,2021-06,10666.7,9835.0,831.6,0.925,63,0,315.2,5,0,0,0,0,0,0,0,0,0,0
Mansar,underground,2021-07,10666.7,9459.1,1207.6,0.93,60,0,341.1,7,0,0,0,0,0,0,0,0,0,0
Mansar,underground,2021-08,10666.7,9522.5,1144.2,0.925,53,0,258.4,4,0,0,0,0,0,0,0,0,0,0
Mansar,underground,2021-09,10666.7,9400.8,1265.9,0.89,95,0,369.1,5,0,0,0,0,0,0,0,0,0,0
Mansar,underground,2021-10,10666.7,8945.7,1720.9,0.885,83,0,46.4,0,0,0,0,0,0,0,0,0,0,0
Mansar,underground,2021-11,10666.7,8893.8,1772.9,0.88,91,0,22.5,0,0,0,0,0,0,0,0,0,0,0
Mansar,underground,2021-12,10666.7,9604.1,1062.6,0.875,74,0,33.1,1,0,0,0,0,0,0,0,0,0,0
Mansar,underground,2022-01,11666.7,9611.0,2055.7,0.87,118,0,13.6,0,0,0,0,0,0,0,0,0,0,0
Mansar,underground,2022-02,11666.7,10145.9,1520.7,0.905,64,0,4.7,0,0,0,0,0,0,0,0,0,0,0
Mansar,underground,2022-03,11666.7,10541.3,1125.4,0.91,68,0,0.4,0,0,0,0,0,0,0,0,0,0,0
Mansar,underground,2022-04,11666.7,10718.0,948.6,0.915,54,0,0.0,0,0,0,0,0,0,0,0,0,0,0
Mansar,underground,2022-05,11666.7,10099.5,1567.2,0.92,61,1,7.8,0,0,0,0,0,0,0,0,0,0,0
Mansar,underground,2022-06,11666.7,10503.7,1162.9,0.865,77,0,183.6,4,0,0,0,0,0,0,0,0,0,0
Mansar,underground,2022-07,11666.7,9475.4,2191.2,0.93,54,0,602.1,14,0,0,0,0,0,0,1,1,1,1
Mansar,underground,2022-08,11666.7,9401.2,2265.5,0.865,98,1,497.3,9,0,0,0,0,0,0,0,0,0,0
Mansar,underground,2022-09,11666.7,9554.7,2111.9,0.92,57,0,305.1,4,0,0,0,0,0,0,0,0,0,0
Mansar,underground,2022-10,11666.7,10932.3,734.4,0.915,60,0,139.2,3,0,0,0,0,0,0,0,0,0,0
Mansar,underground,2022-11,11666.7,10522.2,1144.5,0.91,69,0,0.0,0,0,0,0,0,0,0,0,0,0,0
Mansar,underground,2022-12,11666.7,10106.8,1559.8,0.875,97,0,4.6,0,0,0,0,0,0,0,0,0,0,0
Mansar,underground,2023-01,12916.7,12066.4,850.3,0.9,66,0,1.5,0,0,0,0,0,0,0,0,0,0,0
Mansar,underground,2023-02,12916.7,12230.1,686.6,0.905,76,0,0.0,0,0,0,0,0,0,0,0,0,0,0
Mansar,underground,2023-03,12916.7,11605.6,1311.1,0.88,91,0,18.1,0,0,0,0,0,0,0,0,0,0,0
Mansar,underground,2023-04,12916.7,11314.6,1602.0,0.885,86,0,49.5,1,0,0,0,0,0,0,0,0,0,0
Mansar,underground,2023-05,12916.7,12686.5,230.2,0.92,56,0,25.8,0,0,0,0,0,0,0,0,0,0,0
Mansar,underground,2023-06,12916.7,12123.5,793.2,0.895,90,0,284.4,4,0,0,0,0,0,0,0,0,0,0
Mansar,underground,2023-07,12916.7,9792.9,3123.7,0.87,111,0,544.3,12,0,0,0,0,0,0,1,1,1,1
Mansar,underground,2023-08,12916.7,11343.5,1573.2,0.925,54,0,375.8,6,0,0,0,0,0,0,0,0,0,0
Mansar,underground,2023-09,12916.7,10981.4,1935.2,0.89,70,0,332.6,6,0,0,0,0,0,0,0,0,0,0
Mansar,underground,2023-10,12916.7,10809.7,2107.0,0.855,106,0,1.2,0,0,0,0,0,0,0,0,0,0,0
Mansar,underground,2023-11,12916.7,11330.4,1586.2,0.88,83,0,21.9,0,0,0,0,0,0,0,0,0,0,0
Mansar,underground,2023-12,12916.7,11435.0,1481.6,0.875,81,0,16.2,0,0,0,0,0,0,0,0,0,0,0
Mansar,underground,2024-01,14633.3,12659.8,1973.5,0.9,73,0,21.2,0,0,0,0,0,0,0,0,0,0,0
Mansar,underground,2024-02,14633.3,12695.6,1937.7,0.875,92,0,37.5,0,0,0,0,0,0,0,0,0,0,0
Mansar,underground,2024-03,14633.3,13284.4,1348.9,0.91,61,0,39.2,1,0,0,0,0,0,0,0,0,0,0
Mansar,underground,2024-04,14633.3,13333.3,1300.1,0.885,74,0,49.8,0,0,0,0,0,0,0,0,0,0,0
Mansar,underground,2024-05,14633.3,12202.5,2430.9,0.92,53,0,46.3,0,0,0,0,0,0,0,0,0,0,0
Mansar,underground,2024-06,14633.3,11320.3,3313.0,0.835,142,0,225.7,3,0,0,0,0,1,0,0,1,1,0
Mansar,underground,2024-07,14633.3,12349.6,2283.7,0.93,55,0,674.1,14,0,0,0,0,0,1,1,2,1,1
Mansar,underground,2024-08,14633.3,11686.9,2946.5,0.925,52,1,485.3,12,0,0,0,0,0,0,1,1,1,0
Mansar,underground,2024-09,14633.3,13660.8,972.5,0.89,63,0,357.9,3,0,0,0,0,0,0,0,0,0,0
Mansar,underground,2024-10,14633.3,12732.7,1900.6,0.915,65,0,37.5,0,0,0,0,0,0,0,0,0,0,0
Mansar,underground,2024-11,14633.3,12375.2,2258.1,0.91,62,0,0.0,0,0,0,0,0,0,0,0,0,0,0
Mansar,underground,2024-12,14633.3,12337.3,2296.1,0.905,66,0,4.7,0,0,0,0,0,0,0,0,0,0,0
Mansar,underground,2025-01,15025.0,13366.3,1658.7,0.9,59,0,0.5,0,0,0,0,0,0,0,0,0,0,0
Mansar,underground,2025-02,15025.0,12890.1,2134.9,0.905,65,0,0.0,0,0,0,0,0,0,0,0,0,0,0
Mansar,underground,2025-03,15025.0,12770.1,2254.9,0.91,65,0,0.1,0,0,0,0,0,0,0,0,0,0,0
Mansar,underground,2025-04,15025.0,13900.0,1125.0,0.915,53,0,2.5,0,0,0,0,0,0,0,0,0,0,0
Mansar,underground,2025-05,15025.0,14283.2,741.8,0.92,52,0,32.2,0,0,0,0,0,0,0,0,0,0,0
Mansar,underground,2025-06,15025.0,12557.4,2467.6,0.925,47,0,248.8,4,0,0,0,0,0,0,0,0,0,0
Mansar,underground,2025-07,15025.0,12397.0,2628.0,0.84,132,0,694.8,11,0,0,0,0,0,1,1,2,1,1
Mansar,underground,2025-08,15025.0,12956.7,2068.3,0.925,44,0,355.4,8,0,0,0,0,0,0,0,0,0,0
Mansar,underground,2025-09,15025.0,13328.4,1696.6,0.92,66,0,296.4,5,0,0,0,0,0,0,0,0,0,0
Mansar,underground,2025-10,15025.0,14882.0,143.0,0.885,76,0,99.2,0,0,0,0,0,0,0,0,0,0,0
Mansar,underground,2025-11,15025.0,12303.6,2721.4,0.91,83,0,1.4,0,0,0,0,0,0,0,0,0,0,0
Mansar,underground,2025-12,15025.0,14027.9,997.1,0.875,87,0,0.0,0,0,0,0,0,0,0,0,0,0,0
Gumgaon,underground,2015-01,8542.5,6614.7,1927.8,0.84,125,0,0.0,0,0,0,0,0,0,0,0,0,0,0
Gumgaon,underground,2015-02,8542.5,7126.8,1415.7,0.845,109,0,3.2,0,0,0,0,0,0,0,0,0,0,0
Gumgaon,underground,2015-03,8542.5,7583.8,958.7,0.91,66,0,40.9,1,0,0,0,0,0,0,0,0,0,0
Gumgaon,underground,2015-04,8542.5,8012.4,530.1,0.885,78,0,26.9,0,0,0,0,0,0,0,0,0,0,0
Gumgaon,underground,2015-05,8542.5,7097.2,1445.3,0.86,86,0,13.1,0,0,0,0,0,0,0,0,0,0,0
Gumgaon,underground,2015-06,8542.5,7668.2,874.3,0.895,78,0,324.5,6,0,0,0,0,0,0,0,0,0,0
Gumgaon,underground,2015-07,8542.5,6978.2,1564.3,0.87,88,0,357.1,3,0,0,0,0,0,0,0,0,0,0
Gumgaon,underground,2015-08,8542.5,8182.0,360.5,0.925,66,0,416.0,7,0,0,0,0,0,0,0,0,0,0
Gumgaon,underground,2015-09,8542.5,7578.3,964.2,0.92,58,0,160.2,3,0,0,0,0,0,0,0,0,0,0
Gumgaon,underground,2015-10,8542.5,7213.6,1328.9,0.915,57,0,6.6,0,0,0,0,0,0,0,0,0,0,0
Gumgaon,underground,2015-11,8542.5,6843.2,1699.3,0.82,130,0,0.3,0,0,0,0,0,0,0,0,0,0,0
Gumgaon,underground,2015-12,8542.5,6901.6,1640.9,0.815,133,0,3.2,0,0,0,0,0,0,0,0,0,0,0
Gumgaon,underground,2016-01,8100.0,6994.4,1105.6,0.87,90,0,1.1,0,0,0,0,0,0,0,0,0,0,0
Gumgaon,underground,2016-02,8100.0,7656.5,443.5,0.905,62,0,6.6,0,0,0,0,0,0,0,0,0,0,0
Gumgaon,underground,2016-03,8100.0,7436.6,663.4,0.88,86,0,23.5,0,0,0,0,0,0,0,0,0,0,0
Gumgaon,underground,2016-04,8100.0,7805.6,294.4,0.915,60,0,6.8,0,0,0,0,0,0,0,0,0,0,0
Gumgaon,underground,2016-05,8100.0,7182.1,917.9,0.89,83,0,7.2,0,0,0,0,0,0,0,0,0,0,0
Gumgaon,underground,2016-06,8100.0,7234.3,865.7,0.925,53,0,155.9,4,0,0,0,0,0,0,0,0,0,0
Gumgaon,underground,2016-07,8100.0,6272.1,1827.9,0.87,98,0,685.4,13,0,0,0,0,0,1,1,2,1,1
Gumgaon,underground,2016-08,8100.0,6450.7,1649.3,0.895,90,0,333.3,4,0,0,0,0,0,0,0,0,0,0
Gumgaon,underground,2016-09,8100.0,7071.3,1028.7,0.92,57,0,250.3,2,0,0,0,0,0,0,0,0,0,0
Gumgaon,underground,2016-10,8100.0,7324.9,775.1,0.885,83,0,44.2,0,0,0,0,0,0,0,0,0,0,0
Gumgaon,underground,2016-11,8100.0,7002.7,1097.3,0.88,96,0,0.3,0,0,0,0,0,0,0,0,0,0,0
Gumgaon,underground,2016-12,8100.0,7035.6,1064.4,0.845,110,0,0.0,0,0,0,0,0,0,0,0,0,0,0
Gumgaon,underground,2017-01,8400.0,7664.1,735.9,0.87,95,0,1.4,0,0,0,0,0,0,0,0,0,0,0
Gumgaon,underground,2017-02,8400.0,7481.1,918.9,0.875,80,0,1.9,0,0,0,0,0,0,0,0,0,0,0
Gumgaon,underground,2017-03,8400.0,7562.3,837.7,0.91,75,0,0.2,0,0,0,0,0,0,0,0,0,0,0
Gumgaon,underground,2017-04,8400.0,7658.6,741.4,0.915,89,0,0.3,0,0,0,0,0,0,0,0,0,0,0
Gumgaon,underground,2017-05,8400.0,7171.2,1228.8,0.86,114,0,14.8,0,0,0,0,0,0,0,0,0,0,0
Gumgaon,underground,2017-06,8400.0,7056.9,1343.1,0.865,104,0,211.9,5,0,0,0,0,0,0,0,0,0,0
Gumgaon,underground,2017-07,8400.0,7445.4,954.6,0.9,68,0,460.2,5,0,0,0,0,0,0,0,0,0,0
Gumgaon,underground,2017-08,8400.0,8013.6,386.4,0.925,40,0,477.1,5,0,0,0,0,0,0,0,0,0,0
Gumgaon,underground,2017-09,8400.0,6880.1,1519.9,0.89,92,0,181.8,2,0,0,0,0,0,0,0,0,0,0
Gumgaon,underground,2017-10,8400.0,7563.2,836.8,0.855,114,0,77.4,0,0,0,0,0,0,0,0,0,0,0
Gumgaon,underground,2017-11,8400.0,6957.6,1442.4,0.85,82,0,1.1,0,0,0,0,0,0,0,0,0,0,0
Gumgaon,underground,2017-12,8400.0,7379.1,1020.9,0.875,86,0,0.0,0,0,0,0,0,0,0,0,0,0,0
Gumgaon,underground,2018-01,8925.0,8193.0,732.0,0.9,86,0,0.0,0,0,0,0,0,0,0,0,0,0,0
Gumgaon,underground,2018-02,8925.0,7163.3,1761.7,0.845,114,0,21.5,0,0,0,0,0,0,0,0,0,0,0
Gumgaon,underground,2018-03,8925.0,7293.0,1632.0,0.91,66,0,2.8,0,0,0,0,0,0,0,0,0,0,0
Gumgaon,underground,2018-04,8925.0,8447.4,477.6,0.885,84,0,16.8,0,0,0,0,0,0,0,0,0,0,0
Gumgaon,underground,2018-05,8925.0,7624.4,1300.6,0.86,111,0,12.6,0,0,0,0,0,0,0,0,0,0,0
Gumgaon,underground,2018-06,8925.0,7842.3,1082.7,0.835,120,0,197.0,4,0,0,0,0,0,0,0,0,0,0
Gumgaon,underground,2018-07,8925.0,8022.1,902.9,0.93,36,0,534.8,8,0,0,0,0,0,0,0,0,0,1
Gumgaon,underground,2018-08,8925.0,7104.2,1820.8,0.865,96,0,517.1,5,0,0,0,0,0,0,0,0,0,1
Gumgaon,underground,2018-09,8925.0,7486.7,1438.3,0.92,58,1,131.2,3,0,0,0,0,0,0,0,0,0,0
Gumgaon,underground,2018-10,8925.0,7708.6,1216.4,0.915,55,0,0.7,0,0,0,0,0,0,0,0,0,0,0
Gumgaon,underground,2018-11,8925.0,7088.9,1836.1,0.82,108,0,0.4,0,0,0,0,0,0,0,0,0,0,0
Gumgaon,underground,2018-12,8925.0,7286.5,1638.5,0.905,87,0,29.7,1,0,0,0,0,0,0,0,0,0,0
Gumgaon,underground,2019-01,9225.0,7825.0,1400.0,0.87,101,0,32.6,1,0,0,0,0,0,0,0,0,0,0
Gumgaon,underground,2019-02,9225.0,7749.3,1475.7,0.875,84,0,4.6,0,0,0,0,0,0,0,0,0,0,0
Gumgaon,underground,2019-03,9225.0,8223.0,1002.0,0.88,93,0,28.7,1,0,0,0,0,0,0,0,0,0,0
Gumgaon,underground,2019-04,9225.0,8009.7,1215.3,0.885,75,0,0.9,0,0,0,0,0,0,0,0,0,0,0
Gumgaon,underground,2019-05,9225.0,8604.8,620.2,0.86,103,0,0.1,0,0,0,0,0,0,0,0,0,0,0
Gumgaon,underground,2019-06,9225.0,7505.2,1719.8,0.895,74,0,142.3,2,0,0,0,0,0,0,0,0,0,0
Gumgaon,underground,2019-07,9225.0,7386.4,1838.6,0.9,78,0,487.7,12,0,0,0,0,0,0,1,1,1,0
Gumgaon,underground,2019-08,9225.0,7731.4,1493.6,0.925,67,0,523.5,9,0,0,0,0,0,0,0,0,0,1
Gumgaon,underground,2019-09,9225.0,7791.7,1433.3,0.89,86,0,566.1,10,0,0,0,0,0,0,0,0,0,1
Gumgaon,underground,2019-10,9225.0,8597.3,627.7,0.915,61,0,52.4,0,0,0,0,0,0,0,0,0,0,0
Gumgaon,underground,2019-11,9225.0,9663.9,0.0,0.91,67,0,0.3,0,0,0,0,0,0,0,0,0,0,0
Gumgaon,underground,2019-12,9225.0,7959.1,1265.9,0.905,81,0,21.7,0,0,0,0,0,0,0,0,0,0,0
Gumgaon,underground,2020-01,7875.0,6665.1,1209.9,0.9,81,0,37.5,0,0,0,0,0,0,0,0,0,0,0
Gumgaon,underground,2020-02,7875.0,7180.9,694.1,0.905,64,0,27.0,0,0,0,0,0,0,0,0,0,0,0
Gumgaon,underground,2020-03,7875.0,6901.9,973.1,0.88,86,0,48.3,0,0,0,0,0,0,0,0,0,0,0
Gumgaon,underground,2020-04,7875.0,6393.1,1481.9,0.915,65,0,6.4,0,0,0,0,0,0,0,0,0,0,0
Gumgaon,underground,2020-05,7875.0,6495.5,1379.5,0.89,77,0,0.7,0,0,0,0,0,0,0,0,0,0,0
Gumgaon,underground,2020-06,7875.0,7165.7,709.3,0.925,45,0,351.4,5,0,0,0,0,0,0,0,0,0,0
Gumgaon,underground,2020-07,7875.0,6518.3,1356.7,0.87,98,0,322.6,6,0,0,0,0,0,0,0,0,0,0
Gumgaon,underground,2020-08,7875.0,7007.5,867.5,0.895,75,0,726.2,13,0,0,0,0,0,1,1,2,1,1
Gumgaon,underground,2020-09,7875.0,6928.5,946.5,0.89,87,0,218.8,4,0,0,0,0,0,0,0,0,0,0
Gumgaon,underground,2020-10,7875.0,7103.5,771.5,0.915,50,0,67.8,0,0,0,0,0,0,0,0,0,0,0
Gumgaon,underground,2020-11,7875.0,6835.5,1039.5,0.91,75,0,4.4,0,0,0,0,0,0,0,0,0,0,0
Gumgaon,underground,2020-12,7875.0,6765.5,1109.5,0.905,67,0,0.4,0,0,0,0,0,0,0,0,0,0,0
Gumgaon,underground,2021-01,9600.0,9308.3,291.7,0.9,79,0,5.3,0,0,0,0,0,0,0,0,0,0,0
Gumgaon,underground,2021-02,9600.0,7687.0,1913.0,0.875,77,0,9.2,0,0,0,0,0,0,0,0,0,0,0
Gumgaon,underground,2021-03,9600.0,8664.0,936.0,0.91,58,0,0.7,0,0,0,0,0,0,0,0,0,0,0
Gumgaon,underground,2021-04,9600.0,9380.5,219.5,0.915,67,0,0.4,0,0,0,0,0,0,0,0,0,0,0
Gumgaon,underground,2021-05,9600.0,8326.4,1273.6,0.86,95,0,32.0,0,0,0,0,0,0,0,0,0,0,0
Gumgaon,underground,2021-06,9600.0,8525.2,1074.8,0.895,87,0,315.2,5,0,0,0,0,0,0,0,0,0,0
Gumgaon,underground,2021-07,9600.0,7664.9,1935.1,0.93,47,1,341.1,7,0,0,0,0,0,0,0,0,0,0
Gumgaon,underground,2021-08,9600.0,8405.2,1194.8,0.895,59,0,258.4,4,0,0,0,0,0,0,0,0,0,0
Gumgaon,underground,2021-09,9600.0,8540.5,1059.5,0.92,63,0,369.1,5,0,0,0,0,0,0,0,0,0,0
Gumgaon,underground,2021-10,9600.0,9544.9,55.1,0.885,75,0,46.4,0,0,0,0,0,0,0,0,0,0,0
Gumgaon,underground,2021-11,9600.0,8425.5,1174.5,0.88,88,0,22.5,0,0,0,0,0,0,0,0,0,0,0
Gumgaon,underground,2021-12,9600.0,8003.1,1596.9,0.875,80,0,33.1,1,0,0,0,0,0,0,0,0,0,0
Gumgaon,underground,2022-01,10500.0,9129.5,1370.5,0.9,76,0,13.6,0,0,0,0,0,0,0,0,0,0,0
Gumgaon,underground,2022-02,10500.0,8741.9,1758.1,0.815,138,0,4.7,0,0,0,0,0,1,0,0,1,1,0
Gumgaon,underground,2022-03,10500.0,9053.2,1446.8,0.91,57,0,0.4,0,0,0,0,0,0,0,0,0,0,0
Gumgaon,underground,2022-04,10500.0,8841.9,1658.1,0.885,80,0,0.0,0,0,0,0,0,0,0,0,0,0,0
Gumgaon,underground,2022-05,10500.0,9188.1,1311.9,0.83,112,0,7.8,0,0,0,0,0,0,0,0,0,0,0
Gumgaon,underground,2022-06,10500.0,8434.9,2065.1,0.865,92,0,183.6,4,0,0,0,0,0,0,0,0,0,0
Gumgaon,underground,2022-07,10500.0,8522.2,1977.8,0.93,51,0,602.1,14,0,0,0,0,0,0,1,1,1,1
Gumgaon,underground,2022-08,10500.0,8565.1,1934.9,0.835,113,0,497.3,9,0,0,0,0,0,0,0,0,0,0
Gumgaon,underground,2022-09,10500.0,9891.0,609.0,0.92,54,0,305.1,4,0,0,0,0,0,0,0,0,0,0
Gumgaon,underground,2022-10,10500.0,9520.4,979.6,0.885,73,0,139.2,3,0,0,0,0,0,0,0,0,0,0
Gumgaon,underground,2022-11,10500.0,8951.6,1548.4,0.91,44,1,0.0,0,0,0,0,0,0,0,0,0,0,0
Gumgaon,underground,2022-12,10500.0,8050.6,2449.4,0.845,124,0,4.6,0,0,0,0,0,0,0,0,0,0,0
Gumgaon,underground,2023-01,11625.0,10303.6,1321.4,0.9,59,0,1.5,0,0,0,0,0,0,0,0,0,0,0
Gumgaon,underground,2023-02,11625.0,10709.1,915.9,0.905,67,0,0.0,0,0,0,0,0,0,0,0,0,0,0
Gumgaon,underground,2023-03,11625.0,9587.1,2037.9,0.88,99,0,18.1,0,0,0,0,0,0,0,0,0,0,0
Gumgaon,underground,2023-04,11625.0,10734.2,890.8,0.915,56,0,49.5,1,0,0,0,0,0,0,0,0,0,0
Gumgaon,underground,2023-05,11625.0,10790.7,834.3,0.92,73,0,25.8,0,0,0,0,0,0,0,0,0,0,0
Gumgaon,underground,2023-06,11625.0,9654.8,1970.2,0.835,132,0,284.4,4,0,0,0,0,0,0,0,0,0,0
Gumgaon,underground,2023-07,11625.0,9991.7,1633.3,0.9,69,0,544.3,12,0,0,0,0,0,0,1,1,1,1
Gumgaon,underground,2023-08,11625.0,10170.6,1454.4,0.925,53,0,375.8,6,0,0,0,0,0,0,0,0,0,0
Gumgaon,underground,2023-09,11625.0,10702.8,922.2,0.92,45,0,332.6,6,0,0,0,0,0,0,0,0,0,0
Gumgaon,underground,2023-10,11625.0,10830.2,794.8,0.915,55,0,1.2,0,0,0,0,0,0,0,0,0,0,0
Gumgaon,underground,2023-11,11625.0,10248.1,1376.9,0.85,108,0,21.9,0,0,0,0,0,0,0,0,0,0,0
Gumgaon,underground,2023-12,11625.0,10620.4,1004.6,0.905,71,0,16.2,0,0,0,0,0,0,0,0,0,0,0
Gumgaon,underground,2024-01,13170.0,11910.8,1259.2,0.9,75,0,21.2,0,0,0,0,0,0,0,0,0,0,0
Gumgaon,underground,2024-02,13170.0,12907.5,262.5,0.905,75,0,37.5,0,0,0,0,0,0,0,0,0,0,0
Gumgaon,underground,2024-03,13170.0,11945.0,1225.0,0.91,57,0,39.2,1,0,0,0,0,0,0,0,0,0,0
Gumgaon,underground,2024-04,13170.0,11248.5,1921.5,0.885,81,0,49.8,0,0,0,0,0,0,0,0,0,0,0
Gumgaon,underground,2024-05,13170.0,11904.9,1265.1,0.89,76,0,46.3,0,0,0,0,0,0,0,0,0,0,0
Gumgaon,underground,2024-06,13170.0,10821.7,2348.3,0.865,116,0,225.7,3,0,0,0,0,0,0,0,0,0,0
Gumgaon,underground,2024-07,13170.0,10476.8,2693.2,0.87,98,0,674.1,14,0,0,0,0,0,1,1,2,1,1
Gumgaon,underground,2024-08,13170.0,10956.6,2213.4,0.925,52,0,485.3,12,0,0,0,0,0,0,1,1,1,0
Gumgaon,underground,2024-09,13170.0,10584.9,2585.1,0.92,56,1,357.9,3,0,0,0,0,0,0,0,0,0,0
Gumgaon,underground,2024-10,13170.0,11632.0,1538.0,0.915,71,0,37.5,0,0,0,0,0,0,0,0,0,0,0
Gumgaon,underground,2024-11,13170.0,11913.1,1256.9,0.88,109,0,0.0,0,0,0,0,0,0,0,0,0,0,0
Gumgaon,underground,2024-12,13170.0,11266.1,1903.9,0.905,78,0,4.7,0,0,0,0,0,0,0,0,0,0,0
Gumgaon,underground,2025-01,13522.5,11775.3,1747.2,0.9,71,0,0.5,0,0,0,0,0,0,0,0,0,0,0
Gumgaon,underground,2025-02,13522.5,12487.2,1035.3,0.875,92,0,0.0,0,0,0,0,0,0,0,0,0,0,0
Gumgaon,underground,2025-03,13522.5,12325.9,1196.6,0.88,86,0,0.1,0,0,0,0,0,0,0,0,0,0,0
Gumgaon,underground,2025-04,13522.5,12401.4,1121.1,0.885,88,0,2.5,0,0,0,0,0,0,0,0,0,0,0
Gumgaon,underground,2025-05,13522.5,12783.9,738.6,0.92,60,0,32.2,0,0,0,0,0,0,0,0,0,0,0
Gumgaon,underground,2025-06,13522.5,11548.6,1973.9,0.865,86,0,248.8,4,0,0,0,0,0,0,0,0,0,0
Gumgaon,underground,2025-07,13522.5,12311.8,1210.7,0.93,48,0,694.8,11,0,0,0,0,0,1,1,2,1,1
Gumgaon,underground,2025-08,13522.5,11748.8,1773.7,0.925,60,0,355.4,8,0,0,0,0,0,0,0,0,0,0
Gumgaon,underground,2025-09,13522.5,11747.5,1775.0,0.86,100,0,296.4,5,0,0,0,0,0,0,0,0,0,0
Gumgaon,underground,2025-10,13522.5,12308.3,1214.2,0.915,72,0,99.2,0,0,0,0,0,0,0,0,0,0,0
Gumgaon,underground,2025-11,13522.5,10489.2,3033.3,0.85,106,0,1.4,0,0,0,0,0,0,0,0,0,0,0
Gumgaon,underground,2025-12,13522.5,13330.1,192.4,0.905,70,0,0.0,0,0,0,0,0,0,0,0,0,0,0
Kandri,underground,2015-01,7593.3,6665.4,928.0,0.87,90,0,0.0,0,0,0,0,0,0,0,0,0,0,0
Kandri,underground,2015-02,7593.3,6315.5,1277.8,0.875,101,0,3.2,0,0,0,0,0,0,0,0,0,0,0
Kandri,underground,2015-03,7593.3,7247.8,345.5,0.88,80,0,40.9,1,0,0,0,0,0,0,0,0,0,0
Kandri,underground,2015-04,7593.3,6652.6,940.7,0.915,54,0,26.9,0,0,0,0,0,0,0,0,0,0,0
Kandri,underground,2015-05,7593.3,6632.5,960.8,0.86,114,0,13.1,0,0,0,0,0,0,0,0,0,0,0
Kandri,underground,2015-06,7593.3,5761.5,1831.9,0.865,84,0,324.5,6,0,0,0,0,0,0,0,0,0,0
Kandri,underground,2015-07,7593.3,6615.8,977.5,0.93,58,0,357.1,3,0,0,0,0,0,0,0,0,0,0
Kandri,underground,2015-08,7593.3,6389.7,1203.7,0.865,90,0,416.0,7,0,0,0,0,0,0,0,0,0,0
Kandri,underground,2015-09,7593.3,7277.6,315.8,0.89,85,0,160.2,3,0,0,0,0,0,0,0,0,0,0
Kandri,underground,2015-10,7593.3,6479.4,1113.9,0.855,92,0,6.6,0,0,0,0,0,0,0,0,0,0,0
Kandri,underground,2015-11,7593.3,6302.3,1291.0,0.85,109,0,0.3,0,0,0,0,0,0,0,0,0,0,0
Kandri,underground,2015-12,7593.3,5810.1,1783.3,0.845,119,0,3.2,0,0,0,0,0,0,0,0,0,0,0
Kandri,underground,2016-01,7200.0,6034.1,1165.9,0.87,86,0,1.1,0,0,0,0,0,0,0,0,0,0,0
Kandri,underground,2016-02,7200.0,5984.1,1215.9,0.875,82,0,6.6,0,0,0,0,0,0,0,0,0,0,0
Kandri,underground,2016-03,7200.0,6847.6,352.4,0.91,68,0,23.5,0,0,0,0,0,0,0,0,0,0,0
Kandri,underground,2016-04,7200.0,6007.6,1192.4,0.915,59,0,6.8,0,0,0,0,0,0,0,0,0,0,0
Kandri,underground,2016-05,7200.0,6448.8,751.2,0.92,70,0,7.2,0,0,0,0,0,0,0,0,0,0,0
Kandri,underground,2016-06,7200.0,6647.2,552.8,0.925,50,0,155.9,4,0,0,0,0,0,0,0,0,0,0
Kandri,underground,2016-07,7200.0,6774.2,425.8,0.93,55,0,685.4,13,0,0,0,0,0,1,1,2,1,1
Kandri,underground,2016-08,7200.0,6566.0,634.0,0.895,72,0,333.3,4,0,0,0,0,0,0,0,0,0,0
Kandri,underground,2016-09,7200.0,6624.6,575.4,0.92,49,0,250.3,2,0,0,0,0,0,0,0,0,0,0
Kandri,underground,2016-10,7200.0,6662.5,537.5,0.915,66,0,44.2,0,0,0,0,0,0,0,0,0,0,0
Kandri,underground,2016-11,7200.0,6071.3,1128.7,0.91,70,0,0.3,0,0,0,0,0,0,0,0,0,0,0
Kandri,underground,2016-12,7200.0,6716.3,483.7,0.905,71,0,0.0,0,0,0,0,0,0,0,0,0,0,0
Kandri,underground,2017-01,7466.7,6684.9,781.7,0.81,135,0,1.4,0,0,0,0,1,1,0,0,2,1,0
Kandri,underground,2017-02,7466.7,5777.6,1689.0,0.875,68,1,1.9,0,0,0,0,0,0,0,0,0,0,0
Kandri,underground,2017-03,7466.7,6002.6,1464.1,0.88,99,0,0.2,0,0,0,0,0,0,0,0,0,0,0
Kandri,underground,2017-04,7466.7,7114.8,351.8,0.915,59,0,0.3,0,0,0,0,0,0,0,0,0,0,0
Kandri,underground,2017-05,7466.7,6752.6,714.0,0.89,77,0,14.8,0,0,0,0,0,0,0,0,0,0,0
Kandri,underground,2017-06,7466.7,6547.6,919.0,0.925,55,0,211.9,5,0,0,0,0,0,0,0,0,0,0
Kandri,underground,2017-07,7466.7,6616.4,850.3,0.9,67,0,460.2,5,0,0,0,0,0,0,0,0,0,0
Kandri,underground,2017-08,7466.7,6354.0,1112.6,0.865,97,0,477.1,5,0,0,0,0,0,0,0,0,0,0
Kandri,underground,2017-09,7466.7,6751.5,715.2,0.92,57,0,181.8,2,0,0,0,0,0,0,0,0,0,0
Kandri,underground,2017-10,7466.7,6523.2,943.5,0.915,63,0,77.4,0,0,0,0,0,0,0,0,0,0,0
Kandri,underground,2017-11,7466.7,6574.0,892.7,0.91,72,0,1.1,0,0,0,0,0,0,0,0,0,0,0
Kandri,underground,2017-12,7466.7,6475.2,991.5,0.875,86,0,0.0,0,0,0,0,0,0,0,0,0,0,0
Kandri,underground,2018-01,7933.3,6851.1,1082.2,0.84,129,0,0.0,0,0,0,0,0,0,0,0,0,0,0
Kandri,underground,2018-02,7933.3,6040.0,1893.3,0.905,77,1,21.5,0,0,0,0,0,0,0,0,0,0,0
Kandri,underground,2018-03,7933.3,7318.8,614.5,0.91,74,0,2.8,0,0,0,0,0,0,0,0,0,0,0
Kandri,underground,2018-04,7933.3,6928.4,1004.9,0.855,107,0,16.8,0,0,0,0,0,0,0,0,0,0,0
Kandri,underground,2018-05,7933.3,6972.9,960.5,0.92,53,0,12.6,0,0,0,0,0,0,0,0,0,0,0
Kandri,underground,2018-06,7933.3,5852.4,2080.9,0.895,68,1,197.0,4,0,0,0,0,0,0,0,0,0,0
Kandri,underground,2018-07,7933.3,6329.7,1603.7,0.9,71,0,534.8,8,0,0,0,0,0,0,0,0,0,1
Kandri,underground,2018-08,7933.3,6019.7,1913.6,0.895,86,1,517.1,5,0,0,0,0,0,0,0,0,0,1
Kandri,underground,2018-09,7933.3,6780.8,1152.5,0.89,79,0,131.2,3,0,0,0,0,0,0,0,0,0,0
Kandri,underground,2018-10,7933.3,6574.4,1359.0,0.915,61,0,0.7,0,0,0,0,0,0,0,0,0,0,0
Kandri,underground,2018-11,7933.3,6978.5,954.8,0.91,67,1,0.4,0,0,0,0,0,0,0,0,0,0,0
Kandri,underground,2018-12,7933.3,6730.9,1202.4,0.905,57,0,29.7,1,0,0,0,0,0,0,0,0,0,0
Kandri,underground,2019-01,8200.0,7151.3,1048.7,0.84,122,0,32.6,1,0,0,0,0,0,0,0,0,0,0
Kandri,underground,2019-02,8200.0,7567.9,632.1,0.875,80,0,4.6,0,0,0,0,0,0,0,0,0,0,0
Kandri,underground,2019-03,8200.0,7194.0,1006.0,0.88,100,0,28.7,1,0,0,0,0,0,0,0,0,0,0
Kandri,underground,2019-04,8200.0,7083.5,1116.5,0.885,81,0,0.9,0,0,0,0,0,0,0,0,0,0,0
Kandri,underground,2019-05,8200.0,7607.4,592.6,0.89,69,0,0.1,0,0,0,0,0,0,0,0,0,0,0
Kandri,underground,2019-06,8200.0,6809.1,1390.9,0.925,68,1,142.3,2,0,0,0,0,0,0,0,0,0,0
Kandri,underground,2019-07,8200.0,6512.1,1687.9,0.93,48,0,487.7,12,0,0,0,0,0,0,1,1,1,0
Kandri,underground,2019-08,8200.0,6476.6,1723.4,0.925,44,1,523.5,9,0,0,0,0,0,0,0,0,0,1
Kandri,underground,2019-09,8200.0,6769.8,1430.2,0.89,78,1,566.1,10,0,0,0,0,0,0,0,0,0,1
Kandri,underground,2019-10,8200.0,7836.9,363.1,0.915,59,0,52.4,0,0,0,0,0,0,0,0,0,0,0
Kandri,underground,2019-11,8200.0,7810.1,389.9,0.88,85,0,0.3,0,0,0,0,0,0,0,0,0,0,0
Kandri,underground,2019-12,8200.0,7663.7,536.3,0.905,62,0,21.7,0,0,0,0,0,0,0,0,0,0,0
Kandri,underground,2020-01,7000.0,6541.2,458.8,0.87,104,0,37.5,0,0,0,0,0,0,0,0,0,0,0
Kandri,underground,2020-02,7000.0,6038.3,961.7,0.905,71,0,27.0,0,0,0,0,0,0,0,0,0,0,0
Kandri,underground,2020-03,7000.0,6516.9,483.1,0.91,67,0,48.3,0,0,0,0,0,0,0,0,0,0,0
Kandri,underground,2020-04,7000.0,6006.9,993.1,0.885,82,1,6.4,0,0,0,0,0,0,0,0,0,0,0
Kandri,underground,2020-05,7000.0,6203.4,796.6,0.83,130,0,0.7,0,0,0,0,0,0,0,0,0,0,0
Kandri,underground,2020-06,7000.0,5837.6,1162.4,0.865,88,0,351.4,5,0,0,0,0,0,0,0,0,0,0
Kandri,underground,2020-07,7000.0,5476.6,1523.4,0.9,68,0,322.6,6,0,0,0,0,0,0,0,0,0,0
Kandri,underground,2020-08,7000.0,5265.8,1734.2,0.865,89,0,726.2,13,0,0,0,0,0,1,1,2,1,1
Kandri,underground,2020-09,7000.0,5722.7,1277.3,0.92,63,0,218.8,4,0,0,0,0,0,0,0,0,0,0
Kandri,underground,2020-10,7000.0,7364.5,0.0,0.915,53,0,67.8,0,0,0,0,0,0,0,0,0,0,0
Kandri,underground,2020-11,7000.0,6609.8,390.2,0.91,68,0,4.4,0,0,0,0,0,0,0,0,0,0,0
Kandri,underground,2020-12,7000.0,5923.7,1076.3,0.905,66,1,0.4,0,0,0,0,0,0,0,0,0,0,0
Kandri,underground,2021-01,8533.3,7230.0,1303.3,0.9,51,0,5.3,0,0,0,0,0,0,0,0,0,0,0
Kandri,underground,2021-02,8533.3,7361.3,1172.0,0.905,67,0,9.2,0,0,0,0,0,0,0,0,0,0,0
Kandri,underground,2021-03,8533.3,6768.8,1764.5,0.85,117,0,0.7,0,0,0,0,0,0,0,0,0,0,0
Kandri,underground,2021-04,8533.3,7010.5,1522.9,0.855,118,0,0.4,0,0,0,0,0,0,0,0,0,0,0
Kandri,underground,2021-05,8533.3,7074.5,1458.8,0.92,63,0,32.0,0,0,0,0,0,0,0,0,0,0,0
Kandri,underground,2021-06,8533.3,7648.9,884.4,0.925,57,0,315.2,5,0,0,0,0,0,0,0,0,0,0
Kandri,underground,2021-07,8533.3,6619.6,1913.8,0.84,120,0,341.1,7,0,0,0,0,0,0,0,0,0,0
Kandri,underground,2021-08,8533.3,7611.5,921.8,0.925,71,0,258.4,4,0,0,0,0,0,0,0,0,0,0
Kandri,underground,2021-09,8533.3,8243.7,289.6,0.86,104,0,369.1,5,0,0,0,0,0,0,0,0,0,0
Kandri,underground,2021-10,8533.3,8197.5,335.8,0.885,93,0,46.4,0,0,0,0,0,0,0,0,0,0,0
Kandri,underground,2021-11,8533.3,7340.1,1193.3,0.85,91,0,22.5,0,0,0,0,0,0,0,0,0,0,0
Kandri,underground,2021-12,8533.3,7378.0,1155.4,0.875,88,0,33.1,1,0,0,0,0,0,0,0,0,0,0
Kandri,underground,2022-01,9333.3,8139.9,1193.4,0.9,64,0,13.6,0,0,0,0,0,0,0,0,0,0,0
Kandri,underground,2022-02,9333.3,9280.9,52.4,0.905,65,0,4.7,0,0,0,0,0,0,0,0,0,0,0
Kandri,underground,2022-03,9333.3,8620.1,713.3,0.91,72,0,0.4,0,0,0,0,0,0,0,0,0,0,0
Kandri,underground,2022-04,9333.3,9296.1,37.2,0.915,52,0,0.0,0,0,0,0,0,0,0,0,0,0,0
Kandri,underground,2022-05,9333.3,8268.8,1064.5,0.92,60,0,7.8,0,0,0,0,0,0,0,0,0,0,0
Kandri,underground,2022-06,9333.3,8272.4,1061.0,0.925,59,0,183.6,4,0,0,0,0,0,0,0,0,0,0
Kandri,underground,2022-07,9333.3,7548.5,1784.8,0.9,61,0,602.1,14,0,0,0,0,0,0,1,1,1,1
Kandri,underground,2022-08,9333.3,6766.6,2566.8,0.835,120,0,497.3,9,0,0,0,0,0,0,0,0,0,0
Kandri,underground,2022-09,9333.3,9202.9,130.4,0.92,58,0,305.1,4,0,0,0,0,0,0,0,0,0,0
Kandri,underground,2022-10,9333.3,7857.7,1475.6,0.885,70,1,139.2,3,0,0,0,0,0,0,0,0,0,0
Kandri,underground,2022-11,9333.3,8290.6,1042.8,0.88,75,0,0.0,0,0,0,0,0,0,0,0,0,0,0
Kandri,underground,2022-12,9333.3,8164.4,1168.9,0.905,86,0,4.6,0,0,0,0,0,0,0,0,0,0,0
Kandri,underground,2023-01,10333.3,9123.1,1210.2,0.87,61,0,1.5,0,0,0,0,0,0,0,0,0,0,0
Kandri,underground,2023-02,10333.3,9324.7,1008.6,0.905,82,0,0.0,0,0,0,0,0,0,0,0,0,0,0
Kandri,underground,2023-03,10333.3,10307.8,25.6,0.91,60,0,18.1,0,0,0,0,0,0,0,0,0,0,0
Kandri,underground,2023-04,10333.3,10244.1,89.2,0.915,57,0,49.5,1,0,0,0,0,0,0,0,0,0,0
Kandri,underground,2023-05,10333.3,9542.7,790.6,0.92,47,0,25.8,0,0,0,0,0,0,0,0,0,0,0
Kandri,underground,2023-06,10333.3,8888.8,1444.5,0.895,83,0,284.4,4,0,0,0,0,0,0,0,0,0,0
Kandri,underground,2023-07,10333.3,9008.9,1324.4,0.93,47,0,544.3,12,0,0,0,0,0,0,1,1,1,1
Kandri,underground,2023-08,10333.3,8759.6,1573.7,0.895,77,0,375.8,6,0,0,0,0,0,0,0,0,0,0
Kandri,underground,2023-09,10333.3,8748.3,1585.0,0.92,53,0,332.6,6,0,0,0,0,0,0,0,0,0,0
Kandri,underground,2023-10,10333.3,8697.1,1636.2,0.855,100,0,1.2,0,0,0,0,0,0,0,0,0,0,0
Kandri,underground,2023-11,10333.3,8372.6,1960.8,0.88,88,0,21.9,0,0,0,0,0,0,0,0,0,0,0
Kandri,underground,2023-12,10333.3,9656.9,676.4,0.875,93,0,16.2,0,0,0,0,0,0,0,0,0,0,0
Kandri,underground,2024-01,11706.7,10665.0,1041.7,0.87,83,0,21.2,0,0,0,0,0,0,0,0,0,0,0
Kandri,underground,2024-02,11706.7,9892.7,1814.0,0.875,79,0,37.5,0,0,0,0,0,0,0,0,0,0,0
Kandri,underground,2024-03,11706.7,10748.9,957.8,0.91,80,0,39.2,1,0,0,0,0,0,0,0,0,0,0
Kandri,underground,2024-04,11706.7,10320.9,1385.7,0.885,72,0,49.8,0,0,0,0,0,0,0,0,0,0,0
Kandri,underground,2024-05,11706.7,10391.3,1315.3,0.89,90,0,46.3,0,0,0,0,0,0,0,0,0,0,0
Kandri,underground,2024-06,11706.7,9821.1,1885.6,0.895,77,0,225.7,3,0,0,0,0,0,0,0,0,0,0
Kandri,underground,2024-07,11706.7,9982.1,1724.5,0.9,74,0,674.1,14,0,0,0,0,0,1,1,2,1,1
Kandri,underground,2024-08,11706.7,9873.6,1833.1,0.895,77,0,485.3,12,0,0,0,0,0,0,1,1,1,0
Kandri,underground,2024-09,11706.7,9966.4,1740.3,0.89,80,0,357.9,3,0,0,0,0,0,0,0,0,0,0
Kandri,underground,2024-10,11706.7,10239.4,1467.2,0.915,66,0,37.5,0,0,0,0,0,0,0,0,0,0,0
Kandri,underground,2024-11,11706.7,10310.4,1396.3,0.88,78,0,0.0,0,0,0,0,0,0,0,0,0,0,0
Kandri,underground,2024-12,11706.7,9535.0,2171.7,0.845,116,0,4.7,0,0,0,0,0,0,0,0,0,0,0
Kandri,underground,2025-01,12020.0,11241.9,778.1,0.9,79,0,0.5,0,0,0,0,0,0,0,0,0,0,0
Kandri,underground,2025-02,12020.0,10460.1,1559.9,0.905,66,0,0.0,0,0,0,0,0,0,0,0,0,0,0
Kandri,underground,2025-03,12020.0,10978.8,1041.2,0.91,70,0,0.1,0,0,0,0,0,0,0,0,0,0,0
Kandri,underground,2025-04,12020.0,10851.7,1168.3,0.885,79,0,2.5,0,0,0,0,0,0,0,0,0,0,0
Kandri,underground,2025-05,12020.0,10715.6,1304.4,0.92,56,0,32.2,0,0,0,0,0,0,0,0,0,0,0
Kandri,underground,2025-06,12020.0,9954.0,2066.0,0.895,70,0,248.8,4,0,0,0,0,0,0,0,0,0,0
Kandri,underground,2025-07,12020.0,9911.1,2108.9,0.87,81,0,694.8,11,0,0,0,0,0,1,1,2,1,1
Kandri,underground,2025-08,12020.0,10366.0,1654.0,0.895,85,0,355.4,8,0,0,0,0,0,0,0,0,0,0
Kandri,underground,2025-09,12020.0,10409.8,1610.2,0.89,93,0,296.4,5,0,0,0,0,0,0,0,0,0,0
Kandri,underground,2025-10,12020.0,11549.5,470.5,0.885,79,0,99.2,0,0,0,0,0,0,0,0,0,0,0
Kandri,underground,2025-11,12020.0,10004.1,2015.9,0.88,77,1,1.4,0,0,0,0,0,0,0,0,0,0,0
Kandri,underground,2025-12,12020.0,9474.7,2545.3,0.845,120,0,0.0,0,0,0,0,0,0,0,0,0,0,0
Chikla,underground,2015-01,5695.0,4786.2,908.8,0.9,59,0,0.0,0,0,0,0,0,0,0,0,0,0,0
Chikla,underground,2015-02,5695.0,4897.5,797.5,0.875,101,0,3.2,0,0,0,0,0,0,0,0,0,0,0
Chikla,underground,2015-03,5695.0,4605.1,1089.9,0.85,92,0,40.9,1,0,0,0,0,0,0,0,0,0,0
Chikla,underground,2015-04,5695.0,4907.7,787.3,0.855,84,0,26.9,0,0,0,0,0,0,0,0,0,0,0
Chikla,underground,2015-05,5695.0,4819.8,875.2,0.83,116,0,13.1,0,0,0,0,0,0,0,0,0,0,0
Chikla,underground,2015-06,5695.0,4871.5,823.5,0.835,124,0,324.5,6,0,0,0,0,0,0,0,0,0,0
Chikla,underground,2015-07,5695.0,5134.3,560.7,0.93,54,0,357.1,3,0,0,0,0,0,0,0,0,0,0
Chikla,underground,2015-08,5695.0,5386.4,308.6,0.925,75,0,416.0,7,0,0,0,0,0,0,0,0,0,0
Chikla,underground,2015-09,5695.0,5142.7,552.3,0.92,45,0,160.2,3,0,0,0,0,0,0,0,0,0,0
Chikla,underground,2015-10,5695.0,4771.5,923.5,0.915,44,0,6.6,0,0,0,0,0,0,0,0,0,0,0
Chikla,underground,2015-11,5695.0,5117.8,577.2,0.82,133,0,0.3,0,0,0,0,0,0,0,0,0,0,0
Chikla,underground,2015-12,5695.0,4908.5,786.5,0.815,135,0,3.2,0,0,0,0,0,1,0,0,1,1,0
Chikla,underground,2016-01,5400.0,5134.5,265.5,0.9,71,0,1.1,0,0,0,0,0,0,0,0,0,0,0
Chikla,underground,2016-02,5400.0,4897.8,502.2,0.905,77,0,6.6,0,0,0,0,0,0,0,0,0,0,0
Chikla,underground,2016-03,5400.0,4711.0,689.0,0.88,73,0,23.5,0,0,0,0,0,0,0,0,0,0,0
Chikla,underground,2016-04,5400.0,4837.4,562.6,0.885,80,0,6.8,0,0,0,0,0,0,0,0,0,0,0
Chikla,underground,2016-05,5400.0,4493.8,906.2,0.86,107,0,7.2,0,0,0,0,0,0,0,0,0,0,0
Chikla,underground,2016-06,5400.0,4787.9,612.1,0.925,41,0,155.9,4,0,0,0,0,0,0,0,0,0,0
Chikla,underground,2016-07,5400.0,4627.4,772.6,0.9,64,0,685.4,13,0,0,0,0,0,1,1,2,1,1
Chikla,underground,2016-08,5400.0,4620.2,779.8,0.925,59,0,333.3,4,0,0,0,0,0,0,0,0,0,0
Chikla,underground,2016-09,5400.0,4682.1,717.9,0.92,52,0,250.3,2,0,0,0,0,0,0,0,0,0,0
Chikla,underground,2016-10,5400.0,4674.4,725.6,0.855,106,0,44.2,0,0,0,0,0,0,0,0,0,0,0
Chikla,underground,2016-11,5400.0,4894.3,505.7,0.88,83,0,0.3,0,0,0,0,0,0,0,0,0,0,0
Chikla,underground,2016-12,5400.0,4992.2,407.8,0.905,61,0,0.0,0,0,0,0,0,0,0,0,0,0,0
Chikla,underground,2017-01,5600.0,4431.1,1168.9,0.81,149,0,1.4,0,0,0,0,1,1,0,0,2,1,0
Chikla,underground,2017-02,5600.0,5679.1,0.0,0.875,97,0,1.9,0,0,0,0,0,0,0,0,0,0,0
Chikla,underground,2017-03,5600.0,4546.3,1053.7,0.91,54,0,0.2,0,0,0,0,0,0,0,0,0,0,0
Chikla,underground,2017-04,5600.0,5068.1,531.9,0.885,73,0,0.3,0,0,0,0,0,0,0,0,0,0,0
Chikla,underground,2017-05,5600.0,5129.4,470.6,0.89,74,0,14.8,0,0,0,0,0,0,0,0,0,0,0
Chikla,underground,2017-06,5600.0,4280.0,1320.0,0.865,86,1,211.9,5,0,0,0,0,0,0,0,0,0,0
Chikla,underground,2017-07,5600.0,4814.8,785.2,0.93,51,0,460.2,5,0,0,0,0,0,0,0,0,0,0
Chikla,underground,2017-08,5600.0,4153.9,1446.1,0.925,62,0,477.1,5,0,0,0,0,0,0,0,0,0,0
Chikla,underground,2017-09,5600.0,4995.0,605.0,0.92,48,0,181.8,2,0,0,0,0,0,0,0,0,0,0
Chikla,underground,2017-10,5600.0,5254.3,345.7,0.885,77,0,77.4,0,0,0,0,0,0,0,0,0,0,0
Chikla,underground,2017-11,5600.0,4956.8,643.2,0.88,80,0,1.1,0,0,0,0,0,0,0,0,0,0,0
Chikla,underground,2017-12,5600.0,4551.2,1048.8,0.815,142,0,0.0,0,0,0,0,0,1,0,0,1,1,0
Chikla,underground,2018-01,5950.0,5468.1,481.9,0.87,107,0,0.0,0,0,0,0,0,0,0,0,0,0,0
Chikla,underground,2018-02,5950.0,5797.9,152.1,0.875,91,0,21.5,0,0,0,0,0,0,0,0,0,0,0
Chikla,underground,2018-03,5950.0,5037.1,912.9,0.91,69,0,2.8,0,0,0,0,0,0,0,0,0,0,0
Chikla,underground,2018-04,5950.0,5182.5,767.5,0.915,55,0,16.8,0,0,0,0,0,0,0,0,0,0,0
Chikla,underground,2018-05,5950.0,5447.1,502.9,0.89,78,0,12.6,0,0,0,0,0,0,0,0,0,0,0
Chikla,underground,2018-06,5950.0,5284.9,665.1,0.925,55,0,197.0,4,0,0,0,0,0,0,0,0,0,0
Chikla,underground,2018-07,5950.0,4616.2,1333.8,0.9,72,1,534.8,8,0,0,0,0,0,0,0,0,0,1
Chikla,underground,2018-08,5950.0,5009.1,940.9,0.895,79,0,517.1,5,0,0,0,0,0,0,0,0,0,1
Chikla,underground,2018-09,5950.0,4892.2,1057.8,0.92,51,1,131.2,3,0,0,0,0,0,0,0,0,0,0
Chikla,underground,2018-10,5950.0,5368.1,581.9,0.915,61,0,0.7,0,0,0,0,0,0,0,0,0,0,0
Chikla,underground,2018-11,5950.0,5614.6,335.4,0.88,63,0,0.4,0,0,0,0,0,0,0,0,0,0,0
Chikla,underground,2018-12,5950.0,4784.1,1165.9,0.845,128,0,29.7,1,0,0,0,0,0,0,0,0,0,0
Chikla,underground,2019-01,6150.0,5859.7,290.3,0.9,71,0,32.6,1,0,0,0,0,0,0,0,0,0,0
Chikla,underground,2019-02,6150.0,4937.5,1212.5,0.875,94,0,4.6,0,0,0,0,0,0,0,0,0,0,0
Chikla,underground,2019-03,6150.0,4613.8,1536.2,0.82,114,1,28.7,1,0,0,0,0,0,0,0,0,0,0
Chikla,underground,2019-04,6150.0,5987.7,162.3,0.915,73,0,0.9,0,0,0,0,0,0,0,0,0,0,0
Chikla,underground,2019-05,6150.0,5333.5,816.5,0.83,110,0,0.1,0,0,0,0,0,0,0,0,0,0,0
Chikla,underground,2019-06,6150.0,5292.9,857.1,0.895,70,1,142.3,2,0,0,0,0,0,0,0,0,0,0
Chikla,underground,2019-07,6150.0,5275.5,874.5,0.93,51,0,487.7,12,0,0,0,0,0,0,1,1,1,0
Chikla,underground,2019-08,6150.0,4860.7,1289.3,0.925,54,1,523.5,9,0,0,0,0,0,0,0,0,0,1
Chikla,underground,2019-09,6150.0,4671.9,1478.1,0.86,88,1,566.1,10,0,0,0,0,0,0,0,0,0,1
Chikla,underground,2019-10,6150.0,5012.2,1137.8,0.825,120,0,52.4,0,0,0,0,0,0,0,0,0,0,0
Chikla,underground,2019-11,6150.0,5384.1,765.9,0.88,102,0,0.3,0,0,0,0,0,0,0,0,0,0,0
Chikla,underground,2019-12,6150.0,5373.2,776.8,0.905,69,0,21.7,0,0,0,0,0,0,0,0,0,0,0
Chikla,underground,2020-01,5250.0,4460.0,790.0,0.9,63,0,37.5,0,0,0,0,0,0,0,0,0,0,0
Chikla,underground,2020-02,5250.0,4746.1,503.9,0.875,90,0,27.0,0,0,0,0,0,0,0,0,0,0,0
Chikla,underground,2020-03,5250.0,4565.2,684.8,0.91,53,0,48.3,0,0,0,0,0,0,0,0,0,0,0
Chikla,underground,2020-04,5250.0,4584.5,665.5,0.855,108,0,6.4,0,0,0,0,0,0,0,0,0,0,0
Chikla,underground,2020-05,5250.0,4962.6,287.4,0.89,77,0,0.7,0,0,0,0,0,0,0,0,0,0,0
Chikla,underground,2020-06,5250.0,4819.5,430.5,0.895,61,0,351.4,5,0,0,0,0,0,0,0,0,0,0
Chikla,underground,2020-07,5250.0,4789.7,460.3,0.93,56,0,322.6,6,0,0,0,0,0,0,0,0,0,0
Chikla,underground,2020-08,5250.0,4436.2,813.8,0.925,39,0,726.2,13,0,0,0,0,0,1,1,2,1,1
Chikla,underground,2020-09,5250.0,4497.5,752.5,0.89,72,1,218.8,4,0,0,0,0,0,0,0,0,0,0
Chikla,underground,2020-10,5250.0,4608.8,641.2,0.885,89,0,67.8,0,0,0,0,0,0,0,0,0,0,0
Chikla,underground,2020-11,5250.0,4997.8,252.2,0.91,57,0,4.4,0,0,0,0,0,0,0,0,0,0,0
Chikla,underground,2020-12,5250.0,4804.4,445.6,0.905,55,0,0.4,0,0,0,0,0,0,0,0,0,0,0
Chikla,underground,2021-01,6400.0,5808.5,591.5,0.87,110,0,5.3,0,0,0,0,0,0,0,0,0,0,0
Chikla,underground,2021-02,6400.0,5519.1,880.9,0.845,95,0,9.2,0,0,0,0,0,0,0,0,0,0,0
Chikla,underground,2021-03,6400.0,5125.6,1274.4,0.91,69,1,0.7,0,0,0,0,0,0,0,0,0,0,0
Chikla,underground,2021-04,6400.0,5807.6,592.4,0.915,65,0,0.4,0,0,0,0,0,0,0,0,0,0,0
Chikla,underground,2021-05,6400.0,5315.4,1084.6,0.89,77,0,32.0,0,0,0,0,0,0,0,0,0,0,0
Chikla,underground,2021-06,6400.0,5092.5,1307.5,0.925,59,0,315.2,5,0,0,0,0,0,0,0,0,0,0
Chikla,underground,2021-07,6400.0,5588.6,811.4,0.93,51,0,341.1,7,0,0,0,0,0,0,0,0,0,0
Chikla,underground,2021-08,6400.0,6169.9,230.1,0.895,69,0,258.4,4,0,0,0,0,0,0,0,0,0,0
Chikla,underground,2021-09,6400.0,5178.6,1221.4,0.86,76,0,369.1,5,0,0,0,0,0,0,0,0,0,0
Chikla,underground,2021-10,6400.0,6227.4,172.6,0.885,83,0,46.4,0,0,0,0,0,0,0,0,0,0,0
Chikla,underground,2021-11,6400.0,5335.8,1064.2,0.88,83,0,22.5,0,0,0,0,0,0,0,0,0,0,0
Chikla,underground,2021-12,6400.0,5798.1,601.9,0.905,75,0,33.1,1,0,0,0,0,0,0,0,0,0,0
Chikla,underground,2022-01,7000.0,6286.1,713.9,0.87,99,0,13.6,0,0,0,0,0,0,0,0,0,0,0
Chikla,underground,2022-02,7000.0,5913.0,1087.0,0.905,70,0,4.7,0,0,0,0,0,0,0,0,0,0,0
Chikla,underground,2022-03,7000.0,5884.6,1115.4,0.88,85,0,0.4,0,0,0,0,0,0,0,0,0,0,0
Chikla,underground,2022-04,7000.0,5853.9,1146.1,0.885,79,0,0.0,0,0,0,0,0,0,0,0,0,0,0
Chikla,underground,2022-05,7000.0,7023.5,0.0,0.92,59,0,7.8,0,0,0,0,0,0,0,0,0,0,0
Chikla,underground,2022-06,7000.0,5647.7,1352.3,0.925,46,1,183.6,4,0,0,0,0,0,0,0,0,0,0
Chikla,underground,2022-07,7000.0,5142.3,1857.7,0.84,113,0,602.1,14,0,0,0,0,0,0,1,1,1,1
Chikla,underground,2022-08,7000.0,5296.2,1703.8,0.835,134,0,497.3,9,0,0,0,0,1,0,0,1,1,0
Chikla,underground,2022-09,7000.0,6405.8,594.2,0.92,66,0,305.1,4,0,0,0,0,0,0,0,0,0,0
Chikla,underground,2022-10,7000.0,6143.5,856.5,0.885,75,1,139.2,3,0,0,0,0,0,0,0,0,0,0
Chikla,underground,2022-11,7000.0,5435.0,1565.0,0.91,57,1,0.0,0,0,0,0,0,0,0,0,0,0,0
Chikla,underground,2022-12,7000.0,6081.6,918.4,0.875,87,0,4.6,0,0,0,0,0,0,0,0,0,0,0
Chikla,underground,2023-01,7750.0,5831.5,1918.5,0.84,131,0,1.5,0,0,0,0,0,0,0,0,0,0,0
Chikla,underground,2023-02,7750.0,6173.7,1576.3,0.815,138,0,0.0,0,0,0,0,0,1,0,0,1,1,0
Chikla,underground,2023-03,7750.0,6718.1,1031.9,0.88,76,0,18.1,0,0,0,0,0,0,0,0,0,0,0
Chikla,underground,2023-04,7750.0,7665.1,84.9,0.915,58,0,49.5,1,0,0,0,0,0,0,0,0,0,0
Chikla,underground,2023-05,7750.0,7482.3,267.7,0.92,49,0,25.8,0,0,0,0,0,0,0,0,0,0,0
Chikla,underground,2023-06,7750.0,6935.9,814.1,0.895,78,0,284.4,4,0,0,0,0,0,0,0,0,0,0
Chikla,underground,2023-07,7750.0,7070.6,679.4,0.93,52,0,544.3,12,0,0,0,0,0,0,1,1,1,1
Chikla,underground,2023-08,7750.0,6545.1,1204.9,0.865,122,0,375.8,6,0,0,0,0,0,0,0,0,0,0
Chikla,underground,2023-09,7750.0,6901.6,848.4,0.89,75,0,332.6,6,0,0,0,0,0,0,0,0,0,0
Chikla,underground,2023-10,7750.0,6108.4,1641.6,0.795,147,0,1.2,0,0,0,0,1,1,0,0,2,1,0
Chikla,underground,2023-11,7750.0,6117.1,1632.9,0.82,130,0,21.9,0,0,0,0,0,0,0,0,0,0,0
Chikla,underground,2023-12,7750.0,6946.0,804.0,0.905,65,0,16.2,0,0,0,0,0,0,0,0,0,0,0
Chikla,underground,2024-01,8780.0,7654.9,1125.1,0.9,66,0,21.2,0,0,0,0,0,0,0,0,0,0,0
Chikla,underground,2024-02,8780.0,7683.0,1097.0,0.905,67,0,37.5,0,0,0,0,0,0,0,0,0,0,0
Chikla,underground,2024-03,8780.0,7422.1,1357.9,0.85,101,0,39.2,1,0,0,0,0,0,0,0,0,0,0
Chikla,underground,2024-04,8780.0,7774.3,1005.7,0.885,78,0,49.8,0,0,0,0,0,0,0,0,0,0,0
Chikla,underground,2024-05,8780.0,7053.7,1726.3,0.86,111,0,46.3,0,0,0,0,0,0,0,0,0,0,0
Chikla,underground,2024-06,8780.0,7144.9,1635.1,0.925,47,1,225.7,3,0,0,0,0,0,0,0,0,0,0
Chikla,underground,2024-07,8780.0,7814.2,965.8,0.9,70,0,674.1,14,0,0,0,0,0,1,1,2,1,1
Chikla,underground,2024-08,8780.0,6810.0,1970.0,0.895,87,0,485.3,12,0,0,0,0,0,0,1,1,1,0
Chikla,underground,2024-09,8780.0,8104.9,675.1,0.92,64,0,357.9,3,0,0,0,0,0,0,0,0,0,0
Chikla,underground,2024-10,8780.0,8205.9,574.1,0.915,60,0,37.5,0,0,0,0,0,0,0,0,0,0,0
Chikla,underground,2024-11,8780.0,7179.4,1600.6,0.91,78,0,0.0,0,0,0,0,0,0,0,0,0,0,0
Chikla,underground,2024-12,8780.0,8241.3,538.7,0.905,78,0,4.7,0,0,0,0,0,0,0,0,0,0,0
Chikla,underground,2025-01,9015.0,7135.4,1879.6,0.84,102,0,0.5,0,0,0,0,0,0,0,0,0,0,0
Chikla,underground,2025-02,9015.0,7549.8,1465.2,0.875,84,0,0.0,0,0,0,0,0,0,0,0,0,0,0
Chikla,underground,2025-03,9015.0,7733.9,1281.1,0.91,64,0,0.1,0,0,0,0,0,0,0,0,0,0,0
Chikla,underground,2025-04,9015.0,8604.8,410.2,0.885,89,0,2.5,0,0,0,0,0,0,0,0,0,0,0
Chikla,underground,2025-05,9015.0,8566.0,449.0,0.86,114,0,32.2,0,0,0,0,0,0,0,0,0,0,0
Chikla,underground,2025-06,9015.0,7619.7,1395.3,0.865,95,0,248.8,4,0,0,0,0,0,0,0,0,0,0
Chikla,underground,2025-07,9015.0,7562.3,1452.7,0.93,60,0,694.8,11,0,0,0,0,0,1,1,2,1,1
Chikla,underground,2025-08,9015.0,7485.4,1529.6,0.865,102,0,355.4,8,0,0,0,0,0,0,0,0,0,0
Chikla,underground,2025-09,9015.0,8083.4,931.6,0.92,56,0,296.4,5,0,0,0,0,0,0,0,0,0,0
Chikla,underground,2025-10,9015.0,8405.2,609.8,0.915,57,0,99.2,0,0,0,0,0,0,0,0,0,0,0
Chikla,underground,2025-11,9015.0,7354.5,1660.5,0.85,111,0,1.4,0,0,0,0,0,0,0,0,0,0,0
Chikla,underground,2025-12,9015.0,7891.6,1123.4,0.875,79,0,0.0,0,0,0,0,0,0,0,0,0,0,0
Sitapatore,opencast,2015-01,4745.8,4147.4,598.5,0.84,114,0,0.0,0,0,0,0,0,0,0,0,0,0,0
Sitapatore,opencast,2015-02,4745.8,4691.5,54.3,0.905,54,0,3.2,0,0,0,0,0,0,0,0,0,0,0
Sitapatore,opencast,2015-03,4745.8,4076.7,669.1,0.85,94,0,40.9,1,0,0,0,0,0,0,0,0,0,0
Sitapatore,opencast,2015-04,4745.8,3827.5,918.3,0.885,99,0,26.9,0,0,0,0,0,0,0,0,0,0,0
Sitapatore,opencast,2015-05,4745.8,4170.8,575.0,0.92,59,0,13.1,0,0,0,0,0,0,0,0,0,0,0
Sitapatore,opencast,2015-06,4745.8,4150.0,595.8,0.925,62,0,324.5,6,0,0,0,0,0,0,0,0,0,0
Sitapatore,opencast,2015-07,4745.8,3858.5,887.3,0.93,42,0,357.1,3,0,0,0,0,0,0,0,0,0,0
Sitapatore,opencast,2015-08,4745.8,3995.8,750.0,0.925,53,0,416.0,7,0,0,0,0,0,0,0,0,0,0
Sitapatore,opencast,2015-09,4745.8,3934.4,811.4,0.89,84,0,160.2,3,0,0,0,0,0,0,0,0,0,0
Sitapatore,opencast,2015-10,4745.8,4569.3,176.6,0.885,85,0,6.6,0,0,0,0,0,0,0,0,0,0,0
Sitapatore,opencast,2015-11,4745.8,4298.1,447.7,0.91,75,0,0.3,0,0,0,0,0,0,0,0,0,0,0
Sitapatore,opencast,2015-12,4745.8,4502.1,243.7,0.905,65,0,3.2,0,0,0,0,0,0,0,0,0,0,0
Sitapatore,opencast,2016-01,4500.0,4089.9,410.1,0.9,66,0,1.1,0,0,0,0,0,0,0,0,0,0,0
Sitapatore,opencast,2016-02,4500.0,4217.0,283.0,0.875,76,0,6.6,0,0,0,0,0,0,0,0,0,0,0
Sitapatore,opencast,2016-03,4500.0,4300.9,199.1,0.88,84,0,23.5,0,0,0,0,0,0,0,0,0,0,0
Sitapatore,opencast,2016-04,4500.0,4051.2,448.8,0.915,56,0,6.8,0,0,0,0,0,0,0,0,0,0,0
Sitapatore,opencast,2016-05,4500.0,3859.3,640.7,0.92,61,1,7.2,0,0,0,0,0,0,0,0,0,0,0
Sitapatore,opencast,2016-06,4500.0,3776.6,723.4,0.925,56,0,155.9,4,0,0,0,0,0,0,0,0,0,0
Sitapatore,opencast,2016-07,4500.0,3056.7,1443.3,0.93,57,1,685.4,13,0,0,0,0,0,1,1,2,1,1
Sitapatore,opencast,2016-08,4500.0,3496.5,1003.5,0.925,50,0,333.3,4,0,0,0,0,0,0,0,0,0,0
Sitapatore,opencast,2016-09,4500.0,3611.2,888.8,0.92,70,1,250.3,2,0,0,0,0,0,0,0,0,0,0
Sitapatore,opencast,2016-10,4500.0,3834.4,665.6,0.855,101,0,44.2,0,0,0,0,0,0,0,0,0,0,0
Sitapatore,opencast,2016-11,4500.0,3816.7,683.3,0.85,95,0,0.3,0,0,0,0,0,0,0,0,0,0,0
Sitapatore,opencast,2016-12,4500.0,4164.4,335.6,0.905,68,0,0.0,0,0,0,0,0,0,0,0,0,0,0
Sitapatore,opencast,2017-01,4666.7,4093.1,573.6,0.87,92,0,1.4,0,0,0,0,0,0,0,0,0,0,0
Sitapatore,opencast,2017-02,4666.7,4307.4,359.3,0.905,72,0,1.9,0,0,0,0,0,0,0,0,0,0,0
Sitapatore,opencast,2017-03,4666.7,4048.9,617.8,0.85,123,0,0.2,0,0,0,0,0,0,0,0,0,0,0
Sitapatore,opencast,2017-04,4666.7,4173.3,493.4,0.885,92,0,0.3,0,0,0,0,0,0,0,0,0,0,0
Sitapatore,opencast,2017-05,4666.7,3789.8,876.9,0.92,63,0,14.8,0,0,0,0,0,0,0,0,0,0,0
Sitapatore,opencast,2017-06,4666.7,3603.3,1063.4,0.925,44,0,211.9,5,0,0,0,0,0,0,0,0,0,0
Sitapatore,opencast,2017-07,4666.7,3485.5,1181.2,0.9,62,0,460.2,5,0,0,0,0,0,0,0,0,0,0
Sitapatore,opencast,2017-08,4666.7,3753.3,913.4,0.895,85,0,477.1,5,0,0,0,0,0,0,0,0,0,0
Sitapatore,opencast,2017-09,4666.7,3828.5,838.2,0.86,98,0,181.8,2,0,0,0,0,0,0,0,0,0,0
Sitapatore,opencast,2017-10,4666.7,4173.2,493.4,0.915,56,0,77.4,0,0,0,0,0,0,0,0,0,0,0
Sitapatore,opencast,2017-11,4666.7,4083.9,582.8,0.85,118,0,1.1,0,0,0,0,0,0,0,0,0,0,0
Sitapatore,opencast,2017-12,4666.7,4067.8,598.9,0.875,75,0,0.0,0,0,0,0,0,0,0,0,0,0,0
Sitapatore,opencast,2018-01,4958.3,4217.4,741.0,0.87,92,0,0.0,0,0,0,0,0,0,0,0,0,0,0
Sitapatore,opencast,2018-02,4958.3,4354.5,603.8,0.845,114,0,21.5,0,0,0,0,0,0,0,0,0,0,0
Sitapatore,opencast,2018-03,4958.3,4143.4,814.9,0.88,86,0,2.8,0,0,0,0,0,0,0,0,0,0,0
Sitapatore,opencast,2018-04,4958.3,4587.4,370.9,0.915,62,0,16.8,0,0,0,0,0,0,0,0,0,0,0
Sitapatore,opencast,2018-05,4958.3,3991.5,966.9,0.92,63,0,12.6,0,0,0,0,0,0,0,0,0,0,0
Sitapatore,opencast,2018-06,4958.3,4342.5,615.8,0.925,57,0,197.0,4,0,0,0,0,0,0,0,0,0,0
Sitapatore,opencast,2018-07,4958.3,3544.3,1414.0,0.9,69,0,534.8,8,0,0,0,0,0,0,0,0,0,1
Sitapatore,opencast,2018-08,4958.3,4095.7,862.6,0.895,83,0,517.1,5,0,0,0,0,0,0,0,0,0,1
Sitapatore,opencast,2018-09,4958.3,4054.0,904.3,0.89,79,0,131.2,3,0,0,0,0,0,0,0,0,0,0
Sitapatore,opencast,2018-10,4958.3,4388.1,570.2,0.855,114,0,0.7,0,0,0,0,0,0,0,0,0,0,0
Sitapatore,opencast,2018-11,4958.3,4378.3,580.1,0.91,65,0,0.4,0,0,0,0,0,0,0,0,0,0,0
Sitapatore,opencast,2018-12,4958.3,4426.0,532.4,0.875,94,0,29.7,1,0,0,0,0,0,0,0,0,0,0
Sitapatore,opencast,2019-01,5125.0,4281.5,843.5,0.87,97,0,32.6,1,0,0,0,0,0,0,0,0,0,0
Sitapatore,opencast,2019-02,5125.0,4323.2,801.8,0.875,87,0,4.6,0,0,0,0,0,0,0,0,0,0,0
Sitapatore,opencast,2019-03,5125.0,4362.3,762.7,0.91,77,0,28.7,1,0,0,0,0,0,0,0,0,0,0
Sitapatore,opencast,2019-04,5125.0,4351.8,773.2,0.855,102,0,0.9,0,0,0,0,0,0,0,0,0,0,0
Sitapatore,opencast,2019-05,5125.0,4319.6,805.4,0.86,88,0,0.1,0,0,0,0,0,0,0,0,0,0,0
Sitapatore,opencast,2019-06,5125.0,4890.8,234.2,0.925,43,0,142.3,2,0,0,0,0,0,0,0,0,0,0
Sitapatore,opencast,2019-07,5125.0,3418.2,1706.8,0.9,68,0,487.7,12,0,0,0,0,0,0,1,1,1,0
Sitapatore,opencast,2019-08,5125.0,4071.9,1053.1,0.925,58,0,523.5,9,0,0,0,0,0,0,0,0,0,1
Sitapatore,opencast,2019-09,5125.0,3580.3,1544.7,0.92,58,0,566.1,10,0,0,0,0,0,0,0,0,0,1
Sitapatore,opencast,2019-10,5125.0,5041.0,84.0,0.915,46,0,52.4,0,0,0,0,0,0,0,0,0,0,0
Sitapatore,opencast,2019-11,5125.0,4432.5,692.5,0.91,84,0,0.3,0,0,0,0,0,0,0,0,0,0,0
Sitapatore,opencast,2019-12,5125.0,4627.4,497.6,0.905,71,0,21.7,0,0,0,0,0,0,0,0,0,0,0
Sitapatore,opencast,2020-01,4375.0,4028.0,347.0,0.9,90,0,37.5,0,0,0,0,0,0,0,0,0,0,0
Sitapatore,opencast,2020-02,4375.0,3942.2,432.8,0.875,100,0,27.0,0,0,0,0,0,0,0,0,0,0,0
Sitapatore,opencast,2020-03,4375.0,3992.7,382.3,0.85,113,0,48.3,0,0,0,0,0,0,0,0,0,0,0
Sitapatore,opencast,2020-04,4375.0,3683.2,691.8,0.855,107,0,6.4,0,0,0,0,0,0,0,0,0,0,0
Sitapatore,opencast,2020-05,4375.0,3738.3,636.7,0.89,69,0,0.7,0,0,0,0,0,0,0,0,0,0,0
Sitapatore,opencast,2020-06,4375.0,3829.8,545.2,0.895,81,0,351.4,5,0,0,0,0,0,0,0,0,0,0
Sitapatore,opencast,2020-07,4375.0,3403.7,971.3,0.9,73,0,322.6,6,0,0,0,0,0,0,0,0,0,0
Sitapatore,opencast,2020-08,4375.0,2785.3,1589.7,0.925,55,0,726.2,13,0,0,0,0,0,1,1,2,1,1
Sitapatore,opencast,2020-09,4375.0,3486.8,888.2,0.92,63,0,218.8,4,0,0,0,0,0,0,0,0,0,0
Sitapatore,opencast,2020-10,4375.0,3401.1,973.9,0.825,125,0,67.8,0,0,0,0,0,0,0,0,0,0,0
Sitapatore,opencast,2020-11,4375.0,3570.0,805.0,0.88,76,0,4.4,0,0,0,0,0,0,0,0,0,0,0
Sitapatore,opencast,2020-12,4375.0,3816.2,558.8,0.905,69,0,0.4,0,0,0,0,0,0,0,0,0,0,0
Sitapatore,opencast,2021-01,5333.3,4276.8,1056.5,0.87,95,0,5.3,0,0,0,0,0,0,0,0,0,0,0
Sitapatore,opencast,2021-02,5333.3,4921.4,411.9,0.875,83,0,9.2,0,0,0,0,0,0,0,0,0,0,0
Sitapatore,opencast,2021-03,5333.3,4592.5,740.8,0.91,48,0,0.7,0,0,0,0,0,0,0,0,0,0,0
Sitapatore,opencast,2021-04,5333.3,4912.7,420.6,0.915,74,0,0.4,0,0,0,0,0,0,0,0,0,0,0
Sitapatore,opencast,2021-05,5333.3,3988.6,1344.7,0.83,126,0,32.0,0,0,0,0,0,0,0,0,0,0,0
Sitapatore,opencast,2021-06,5333.3,4381.8,951.5,0.895,72,0,315.2,5,0,0,0,0,0,0,0,0,0,0
Sitapatore,opencast,2021-07,5333.3,3697.9,1635.5,0.93,50,0,341.1,7,0,0,0,0,0,0,0,0,0,0
Sitapatore,opencast,2021-08,5333.3,4107.6,1225.7,0.895,89,0,258.4,4,0,0,0,0,0,0,0,0,0,0
Sitapatore,opencast,2021-09,5333.3,4910.5,422.9,0.92,49,0,369.1,5,0,0,0,0,0,0,0,0,0,0
Sitapatore,opencast,2021-10,5333.3,4898.6,434.7,0.915,75,0,46.4,0,0,0,0,0,0,0,0,0,0,0
Sitapatore,opencast,2021-11,5333.3,5011.3,322.0,0.91,62,0,22.5,0,0,0,0,0,0,0,0,0,0,0
Sitapatore,opencast,2021-12,5333.3,4747.1,586.3,0.875,86,0,33.1,1,0,0,0,0,0,0,0,0,0,0
Sitapatore,opencast,2022-01,5833.3,4802.1,1031.2,0.9,61,0,13.6,0,0,0,0,0,0,0,0,0,0,0
Sitapatore,opencast,2022-02,5833.3,5322.0,511.3,0.905,63,0,4.7,0,0,0,0,0,0,0,0,0,0,0
Sitapatore,opencast,2022-03,5833.3,5029.3,804.0,0.91,82,0,0.4,0,0,0,0,0,0,0,0,0,0,0
Sitapatore,opencast,2022-04,5833.3,4893.3,940.0,0.855,114,0,0.0,0,0,0,0,0,0,0,0,0,0,0
Sitapatore,opencast,2022-05,5833.3,5730.9,102.4,0.92,66,0,7.8,0,0,0,0,0,0,0,0,0,0,0
Sitapatore,opencast,2022-06,5833.3,4977.3,856.0,0.925,60,0,183.6,4,0,0,0,0,0,0,0,0,0,0
Sitapatore,opencast,2022-07,5833.3,3977.7,1855.6,0.93,52,1,602.1,14,0,0,0,0,0,0,1,1,1,1
Sitapatore,opencast,2022-08,5833.3,4428.0,1405.3,0.865,89,0,497.3,9,0,0,0,0,0,0,0,0,0,0
Sitapatore,opencast,2022-09,5833.3,4695.6,1137.8,0.92,43,0,305.1,4,0,0,0,0,0,0,0,0,0,0
Sitapatore,opencast,2022-10,5833.3,4665.7,1167.7,0.915,57,0,139.2,3,0,0,0,0,0,0,0,0,0,0
Sitapatore,opencast,2022-11,5833.3,4822.5,1010.8,0.85,123,0,0.0,0,0,0,0,0,0,0,0,0,0,0
Sitapatore,opencast,2022-12,5833.3,5196.0,637.3,0.875,102,0,4.6,0,0,0,0,0,0,0,0,0,0,0
Sitapatore,opencast,2023-01,6458.3,6138.7,319.6,0.87,88,0,1.5,0,0,0,0,0,0,0,0,0,0,0
Sitapatore,opencast,2023-02,6458.3,5826.6,631.8,0.875,95,0,0.0,0,0,0,0,0,0,0,0,0,0,0
Sitapatore,opencast,2023-03,6458.3,5812.3,646.0,0.91,63,0,18.1,0,0,0,0,0,0,0,0,0,0,0
Sitapatore,opencast,2023-04,6458.3,6272.7,185.6,0.885,78,0,49.5,1,0,0,0,0,0,0,0,0,0,0
Sitapatore,opencast,2023-05,6458.3,6163.0,295.3,0.89,88,0,25.8,0,0,0,0,0,0,0,0,0,0,0
Sitapatore,opencast,2023-06,6458.3,4825.5,1632.8,0.865,96,0,284.4,4,0,0,0,0,0,0,0,0,0,0
Sitapatore,opencast,2023-07,6458.3,4157.6,2300.8,0.87,94,0,544.3,12,0,0,0,0,0,0,1,1,1,1
Sitapatore,opencast,2023-08,6458.3,5007.7,1450.6,0.895,72,0,375.8,6,0,0,0,0,0,0,0,0,0,0
Sitapatore,opencast,2023-09,6458.3,4995.8,1462.5,0.92,54,0,332.6,6,0,0,0,0,0,0,0,0,0,0
Sitapatore,opencast,2023-10,6458.3,5435.1,1023.2,0.915,46,0,1.2,0,0,0,0,0,0,0,0,0,0,0
Sitapatore,opencast,2023-11,6458.3,5698.8,759.5,0.91,69,0,21.9,0,0,0,0,0,0,0,0,0,0,0
Sitapatore,opencast,2023-12,6458.3,6276.7,181.7,0.905,58,0,16.2,0,0,0,0,0,0,0,0,0,0,0
Sitapatore,opencast,2024-01,7316.7,6158.9,1157.8,0.84,112,0,21.2,0,0,0,0,0,0,0,0,0,0,0
Sitapatore,opencast,2024-02,7316.7,7177.9,138.8,0.905,69,0,37.5,0,0,0,0,0,0,0,0,0,0,0
Sitapatore,opencast,2024-03,7316.7,6051.2,1265.5,0.88,92,0,39.2,1,0,0,0,0,0,0,0,0,0,0
Sitapatore,opencast,2024-04,7316.7,5974.3,1342.4,0.915,53,0,49.8,0,0,0,0,0,0,0,0,0,0,0
Sitapatore,opencast,2024-05,7316.7,6975.7,340.9,0.92,53,0,46.3,0,0,0,0,0,0,0,0,0,0,0
Sitapatore,opencast,2024-06,7316.7,7192.4,124.3,0.925,61,0,225.7,3,0,0,0,0,0,0,0,0,0,0
Sitapatore,opencast,2024-07,7316.7,4889.5,2427.1,0.9,67,0,674.1,14,0,0,0,0,0,1,1,2,1,1
Sitapatore,opencast,2024-08,7316.7,4955.5,2361.2,0.895,67,0,485.3,12,0,0,0,0,0,0,1,1,1,0
Sitapatore,opencast,2024-09,7316.7,6482.6,834.0,0.89,82,0,357.9,3,0,0,0,0,0,0,0,0,0,0
Sitapatore,opencast,2024-10,7316.7,6807.4,509.3,0.915,66,0,37.5,0,0,0,0,0,0,0,0,0,0,0
Sitapatore,opencast,2024-11,7316.7,5523.4,1793.3,0.85,86,1,0.0,0,0,0,0,0,0,0,0,0,0,0
Sitapatore,opencast,2024-12,7316.7,6013.6,1303.1,0.845,118,0,4.7,0,0,0,0,0,0,0,0,0,0,0
Sitapatore,opencast,2025-01,7512.5,7180.2,332.3,0.9,78,0,0.5,0,0,0,0,0,0,0,0,0,0,0
Sitapatore,opencast,2025-02,7512.5,6752.1,760.4,0.905,76,0,0.0,0,0,0,0,0,0,0,0,0,0,0
Sitapatore,opencast,2025-03,7512.5,6672.5,840.0,0.88,96,0,0.1,0,0,0,0,0,0,0,0,0,0,0
Sitapatore,opencast,2025-04,7512.5,6618.2,894.3,0.855,109,0,2.5,0,0,0,0,0,0,0,0,0,0,0
Sitapatore,opencast,2025-05,7512.5,6201.8,1310.7,0.86,82,0,32.2,0,0,0,0,0,0,0,0,0,0,0
Sitapatore,opencast,2025-06,7512.5,6332.2,1180.3,0.925,49,0,248.8,4,0,0,0,0,0,0,0,0,0,0
Sitapatore,opencast,2025-07,7512.5,5650.9,1861.6,0.9,68,1,694.8,11,0,0,0,0,0,1,1,2,1,1
Sitapatore,opencast,2025-08,7512.5,5708.9,1803.6,0.925,59,0,355.4,8,0,0,0,0,0,0,0,0,0,0
Sitapatore,opencast,2025-09,7512.5,6201.5,1311.0,0.89,71,0,296.4,5,0,0,0,0,0,0,0,0,0,0
Sitapatore,opencast,2025-10,7512.5,6946.8,565.7,0.915,73,0,99.2,0,0,0,0,0,0,0,0,0,0,0
Sitapatore,opencast,2025-11,7512.5,6473.5,1039.0,0.88,80,0,1.4,0,0,0,0,0,0,0,0,0,0,0
Sitapatore,opencast,2025-12,7512.5,6855.6,656.9,0.905,64,0,0.0,0,0,0,0,0,0,0,0,0,0,0
