mine,mine_type,month,planned_tonnes,actual_tonnes,shortfall_tonnes,equipment_availability,downtime_hours,blast_delay_flag,monthly_rain_mm,heavy_rain_days,flag_planned_tonnes_outlier,flag_actual_tonnes_outlier,flag_shortfall_tonnes_outlier,flag_equipment_availability_outlier,flag_downtime_hours_outlier,flag_monthly_rain_mm_outlier,flag_heavy_rain_days_outlier,outlier_feature_count,is_any_outlier,flag_extreme_rain_review,shortfall_pct,production_efficiency,rain_intensity,downtime_rate,monsoon_flag,quarter,actual_lag1,actual_lag3,actual_tonnes_ma3,actual_tonnes_ma6,shortfall_ma3,shortfall_ma6
Balaghat,underground,2015-01-01,26576.7,24209.1,2367.6,0.87,101,1,0.0,0,1,1,0,0,0,0,0,2,1,0,8.908555238234994,91.09144476176499,0.0,0.14027777777777778,0,1,,,24209.1,24209.1,8.908555238234994,8.908555238234994
Balaghat,underground,2015-02-01,26576.7,25109.4,1467.2,0.905,83,1,3.2,0,1,1,0,0,0,0,0,2,1,0,5.520625209299875,94.4789985212611,0.0,0.11527777777777778,0,1,24209.1,,24659.25,24659.25,7.214590223767434,7.214590223767434
Balaghat,underground,2015-03-01,26576.7,23699.6,2877.1,0.88,90,1,40.9,1,1,1,0,0,0,0,0,2,1,0,10.825648030041352,89.17435196995865,40.9,0.125,0,1,25109.4,,24339.36666666667,24339.36666666667,8.418276159192073,8.418276159192073
Balaghat,underground,2015-04-01,26576.7,24129.8,2446.9,0.915,68,0,26.9,0,1,1,0,0,0,0,0,2,1,0,9.206936903377771,90.79306309662223,0.0,0.09444444444444444,0,2,23699.6,24209.1,24312.933333333334,24286.975,8.517736714239668,8.615441345238498
Balaghat,underground,2015-05-01,26576.7,24162.7,2413.9,0.89,74,0,13.1,0,1,1,0,0,0,0,0,2,1,0,9.082767988501207,90.91685574205978,0.0,0.10277777777777777,0,2,24129.8,25109.4,23997.36666666667,24262.120000000003,9.705117640640111,8.70890667389104
Balaghat,underground,2015-06-01,26576.7,22103.3,4473.4,0.895,68,0,324.5,6,1,1,1,0,0,0,0,3,1,0,16.832037085115907,83.16796291488409,54.083333333333336,0.09444444444444444,1,2,24162.7,23699.6,23465.266666666666,23902.316666666666,11.70724732566496,10.062761742428519
Balaghat,underground,2015-07-01,26576.7,22919.9,3656.8,0.93,46,0,357.1,3,1,1,0,0,0,0,0,2,1,0,13.759420846079461,86.24057915392054,119.03333333333335,0.06388888888888888,1,3,22103.3,24129.8,23061.966666666664,23687.449999999997,13.224741973232192,10.87123934373593
Balaghat,underground,2015-08-01,26576.7,23953.7,2622.9,0.895,65,0,416.0,7,1,1,0,0,0,0,0,2,1,0,9.869171116052783,90.1304526145082,59.42857142857143,0.09027777777777778,1,3,22919.9,24162.7,22992.3,23494.833333333332,13.486876349082719,11.595996994861414
Balaghat,underground,2015-09-01,26576.7,24844.0,1732.7,0.92,62,0,160.2,3,1,1,0,0,0,0,0,2,1,0,6.519620569897692,93.4803794301023,53.4,0.08611111111111111,1,3,23953.7,22103.3,23905.86666666667,23685.566666666666,10.049404177343314,10.878325751504137
Balaghat,underground,2015-10-01,26576.7,25278.4,1298.2,0.885,87,1,6.6,0,1,1,0,0,0,0,0,2,1,0,4.884729857356255,95.11489387320474,0.0,0.12083333333333333,0,4,24844.0,22919.9,24692.033333333336,23877.0,7.0911738477689115,10.157957910500551
Balaghat,underground,2015-11-01,26576.7,24073.0,2503.7,0.88,88,1,0.3,0,1,1,0,0,0,0,0,2,1,0,9.42065794474107,90.57934205525893,0.0,0.12222222222222222,0,4,25278.4,23953.7,24731.8,23862.05,6.941669457331674,10.214272903207195
Balaghat,underground,2015-12-01,26576.7,25083.7,1493.0,0.905,66,0,3.2,0,1,1,0,0,0,0,0,2,1,0,5.617702724567008,94.38229727543299,0.0,0.09166666666666666,0,4,24073.0,24844.0,24811.7,24358.783333333336,6.6410301755547785,8.345217176449045
Balaghat,underground,2016-01-01,25200.0,23243.8,1956.2,0.9,67,0,1.1,0,1,1,0,0,0,0,0,2,1,0,7.762698412698413,92.23730158730157,0.0,0.09305555555555556,0,1,25083.7,25278.4,24133.5,24412.766666666666,7.600353027335498,7.345763437552203
Balaghat,underground,2016-02-01,25200.0,21708.9,3491.1,0.875,100,1,6.6,0,1,1,0,0,0,0,0,2,1,0,13.85357142857143,86.14642857142857,0.0,0.1388888888888889,0,1,23243.8,24073.0,23345.466666666664,24038.63333333333,9.077990855278951,8.009830156305311
Balaghat,underground,2016-03-01,25200.0,21560.9,3639.1,0.91,64,0,23.5,0,1,1,0,0,0,0,0,2,1,0,14.440873015873015,85.55912698412699,0.0,0.08888888888888889,0,1,21708.9,25083.7,22171.2,23491.45,12.01904761904762,9.330038897301199
Balaghat,underground,2016-04-01,25200.0,23044.0,2156.0,0.885,80,0,6.8,0,1,1,0,0,0,0,0,2,1,0,8.555555555555555,91.44444444444444,0.0,0.1111111111111111,0,2,21560.9,23243.8,22104.600000000002,23119.050000000003,12.283333333333337,9.941843180334414
Balaghat,underground,2016-05-01,25200.0,20944.7,4255.3,0.89,85,1,7.2,0,1,1,1,0,0,0,0,3,1,0,16.886111111111113,83.11388888888888,0.0,0.11805555555555555,0,2,23044.0,21708.9,21849.86666666667,22597.666666666668,13.294179894179896,11.186085374729421
Balaghat,underground,2016-06-01,25200.0,19641.6,5558.4,0.835,136,1,155.9,4,1,0,1,0,1,0,0,3,1,0,22.057142857142857,77.94285714285714,38.975,0.18888888888888888,1,2,20944.7,21560.9,21210.100000000002,21690.649999999998,15.832936507936509,13.925992063492066
Balaghat,underground,2016-07-01,25200.0,22173.1,3026.9,0.93,43,0,685.4,13,1,1,0,0,0,1,1,4,1,1,12.011507936507936,87.98849206349206,52.723076923076924,0.059722222222222225,1,3,19641.6,23044.0,20919.8,21512.2,16.984920634920638,14.634126984126985
Balaghat,underground,2016-08-01,25200.0,23072.9,2127.1,0.865,102,1,333.3,4,1,1,0,0,0,0,0,2,1,0,8.440873015873015,91.55912698412699,83.325,0.14166666666666666,1,3,22173.1,20944.7,21629.2,21739.533333333333,14.169841269841271,13.732010582010583
Balaghat,underground,2016-09-01,25200.0,22551.0,2649.0,0.92,54,0,250.3,2,1,1,0,0,0,0,0,2,1,0,10.511904761904763,89.48809523809523,125.15,0.075,1,3,23072.9,19641.6,22599.0,21904.55,10.321428571428571,13.07718253968254
Balaghat,underground,2016-10-01,25200.0,22320.4,2879.6,0.915,75,0,44.2,0,1,1,0,0,0,0,0,2,1,0,11.426984126984127,88.57301587301588,0.0,0.10416666666666667,0,4,22551.0,22173.1,22648.100000000002,21783.95,10.126587301587302,13.555753968253969
Balaghat,underground,2016-11-01,25200.0,22677.2,2522.8,0.91,85,1,0.3,0,1,1,0,0,0,0,0,2,1,0,10.011111111111113,89.9888888888889,0.0,0.11805555555555555,0,4,22320.4,23072.9,22516.2,22072.7,10.65,12.409920634920637
Balaghat,underground,2016-12-01,25200.0,25262.5,0.0,0.875,109,1,0.0,0,1,1,0,0,0,0,0,2,1,0,0.0,100.24801587301589,0.0,0.15138888888888888,0,4,22677.2,22551.0,23420.033333333336,23009.516666666666,7.146031746031748,8.73373015873016
Balaghat,underground,2017-01-01,26133.3,22263.8,3869.5,0.87,92,1,1.4,0,1,1,1,0,0,0,0,3,1,0,14.80677909027945,85.19322090972055,0.0,0.12777777777777777,0,1,25262.5,22320.4,23401.166666666668,23024.63333333333,8.272630067130189,9.199608684358743
Balaghat,underground,2017-02-01,26133.3,20233.6,5899.7,0.845,117,1,1.9,0,1,1,1,0,0,0,0,3,1,0,22.575411448228888,77.42458855177111,0.0,0.1625,0,1,22263.8,22677.2,22586.63333333333,22551.416666666668,12.46073017950278,11.55536508975139
Balaghat,underground,2017-03-01,26133.3,21658.8,4474.6,0.85,99,1,0.2,0,1,1,1,0,0,0,0,3,1,0,17.122215717111885,82.87816693643741,0.0,0.1375,0,1,20233.6,25262.5,21385.399999999998,22402.716666666664,18.168135418540075,12.657083582285912
Balaghat,underground,2017-04-01,26133.3,24097.6,2035.7,0.885,78,0,0.3,0,1,1,0,0,0,0,0,2,1,0,7.789678303161102,92.21032169683889,0.0,0.10833333333333334,0,2,21658.8,22263.8,21996.666666666668,22698.916666666668,15.82910182283396,12.050865944982073
Balaghat,underground,2017-05-01,26133.3,23993.7,2139.7,0.92,72,0,14.8,0,1,1,0,0,0,0,0,2,1,0,8.187637994436217,91.8127446591131,0.0,0.1,0,2,24097.6,20233.6,23250.033333333336,22918.333333333332,11.033177338236401,11.746953758869589
Balaghat,underground,2017-06-01,26133.3,22063.0,4070.3,0.925,65,0,211.9,5,1,1,1,0,0,0,0,3,1,0,15.575147417279869,84.42485258272013,42.38,0.09027777777777778,1,2,23993.7,21658.8,23384.766666666666,22385.083333333332,10.517487904959063,14.34281166174957
Balaghat,underground,2017-07-01,26133.3,22410.8,3722.6,0.87,98,1,460.2,5,1,1,1,0,0,0,0,3,1,0,14.24466102635335,85.75572162719595,92.03999999999999,0.1361111111111111,1,3,22063.0,24097.6,22822.5,22409.583333333332,12.669148812689812,14.249125317761886
Balaghat,underground,2017-08-01,26133.3,23784.9,2348.4,0.925,68,0,477.1,5,1,1,0,0,0,0,0,2,1,0,8.98623595183157,91.01376404816844,95.42,0.09444444444444444,1,3,22410.8,23993.7,22752.900000000005,23001.466666666664,12.935348131821597,11.984262735028999
Balaghat,underground,2017-09-01,26133.3,23588.6,2544.7,0.92,49,0,181.8,2,1,1,0,0,0,0,0,2,1,0,9.737384869113352,90.26261513088664,90.9,0.06805555555555555,1,3,23784.9,22063.0,23261.433333333334,23323.100000000002,10.989427282432757,10.753457593695911
Balaghat,underground,2017-10-01,26133.3,23871.9,2261.4,0.885,72,0,77.4,0,1,1,0,0,0,0,0,2,1,0,8.653327363937965,91.34667263606204,0.0,0.1,0,4,23588.6,22410.8,23748.466666666664,23285.483333333334,9.125649394960965,10.897399103825387
Balaghat,underground,2017-11-01,26133.3,24547.0,1586.3,0.91,54,0,1.1,0,1,1,0,0,0,0,0,2,1,0,6.070033252593435,93.92996674740657,0.0,0.075,0,4,23871.9,23784.9,24002.5,23377.7,8.15358182854825,10.544464980184925
Balaghat,underground,2017-12-01,26133.3,22484.7,3648.7,0.875,96,1,0.0,0,1,1,0,0,0,0,0,2,1,0,13.961880053418435,86.03850260013087,0.0,0.13333333333333333,0,4,24547.0,23588.6,23634.533333333336,23447.983333333334,9.561746889983278,10.275587086208018
Balaghat,underground,2018-01-01,27766.7,25600.4,2166.3,0.9,69,0,0.0,0,1,1,0,0,0,0,0,2,1,0,7.801791354392132,92.19820864560788,0.0,0.09583333333333334,0,1,22484.7,23871.9,24210.7,23979.583333333332,9.277901553468,9.20177547421448
Balaghat,underground,2018-02-01,27766.7,24108.1,3658.5,0.875,107,1,21.5,0,1,1,0,0,0,0,0,2,1,0,13.175854530786877,86.82378532558783,0.0,0.1486111111111111,0,1,25600.4,24547.0,24064.399999999998,24033.45,11.646508646199146,9.9000452373737
Balaghat,underground,2018-03-01,27766.7,24545.2,3221.4,0.88,84,1,2.8,0,1,1,0,0,0,0,0,2,1,0,11.601666744697786,88.39797311167695,0.0,0.11666666666666667,0,1,24108.1,22484.7,24751.233333333337,24192.88333333333,10.859770876625598,10.210758883304438
Balaghat,underground,2018-04-01,27766.7,23039.3,4727.4,0.855,115,1,16.8,0,1,1,1,0,0,0,0,3,1,0,17.02542974138086,82.97457025861912,0.0,0.1597222222222222,0,2,24545.2,25600.4,23897.53333333333,24054.11666666667,13.93431700562184,11.606109279544922
Balaghat,underground,2018-05-01,27766.7,24188.3,3578.3,0.92,67,0,12.6,0,1,1,0,0,0,0,0,2,1,0,12.887019343314114,87.1126205130606,0.0,0.09305555555555556,0,2,23039.3,24108.1,23924.266666666666,23994.333333333332,13.838038609797588,12.742273627998367
Balaghat,underground,2018-06-01,27766.7,26584.9,1181.8,0.925,57,0,197.0,4,1,1,0,0,0,0,0,2,1,0,4.256177363532577,95.74382263646743,49.25,0.07916666666666666,1,2,24188.3,24545.2,24604.166666666668,24677.7,11.389542149409182,11.124656513017392
Balaghat,underground,2018-07-01,27766.7,22674.8,5091.9,0.9,81,1,534.8,8,1,1,1,0,0,0,0,3,1,1,18.3381532555183,81.6618467444817,66.85,0.1125,1,3,26584.9,23039.3,24482.666666666668,24190.100000000002,11.827116654121662,12.880716829871753
Balaghat,underground,2018-08-01,27766.7,25469.7,2296.9,0.925,62,0,517.1,5,1,1,0,0,0,0,0,2,1,1,8.272138929004887,91.72750092736983,103.42,0.08611111111111111,1,3,22674.8,24188.3,24909.8,24417.033333333336,10.288823182685254,12.063430896241421
Balaghat,underground,2018-09-01,27766.7,25709.1,2057.5,0.92,53,0,131.2,3,1,1,0,0,0,0,0,2,1,0,7.409955090089928,92.58968476628479,43.73333333333333,0.07361111111111111,1,3,25469.7,26584.9,24617.86666666667,24611.016666666663,11.340082424871037,11.364812287140111
Balaghat,underground,2018-10-01,27766.7,23062.7,4704.0,0.915,53,0,0.7,0,1,1,1,0,0,0,0,3,1,0,16.941156133065867,83.05884386693413,0.0,0.07361111111111111,0,4,25709.1,22674.8,24747.166666666668,24614.916666666668,10.874416717386893,11.35076668575428
Balaghat,underground,2018-11-01,27766.7,24864.4,2902.2,0.88,86,1,0.4,0,1,1,0,0,0,0,0,2,1,0,10.452088292811172,89.54755156356356,0.0,0.11944444444444445,0,4,23062.7,25469.7,24545.399999999998,24727.600000000002,11.601066505322322,10.944944844003787
Balaghat,underground,2018-12-01,27766.7,27575.8,190.9,0.875,83,1,29.7,1,1,1,0,0,0,0,0,2,1,0,0.6875141806552453,99.31248581934476,29.7,0.11527777777777778,0,4,24864.4,25709.1,25167.63333333333,24892.75,9.360252868844094,10.350167646857567
Balaghat,underground,2019-01-01,28700.0,22329.6,6370.4,0.9,81,1,32.6,1,1,1,1,0,0,0,0,3,1,0,22.19651567944251,77.80348432055749,32.6,0.1125,0,1,27575.8,23062.7,24923.266666666666,24835.216666666664,11.112039384302975,10.993228050844936
Balaghat,underground,2019-02-01,28700.0,25683.1,3016.9,0.875,98,1,4.6,0,1,1,0,0,0,0,0,2,1,0,10.51184668989547,89.48815331010452,0.0,0.1361111111111111,0,1,22329.6,24864.4,25196.166666666668,24870.78333333333,11.131958849997742,11.366512677660033
Balaghat,underground,2019-03-01,28700.0,25321.4,3378.6,0.88,98,1,28.7,1,1,1,0,0,0,0,0,2,1,0,11.772125435540069,88.22787456445994,28.7,0.1361111111111111,0,1,25683.1,27575.8,24444.7,24806.166666666668,14.826829268292684,12.09354106856839
Balaghat,underground,2019-04-01,28700.0,26649.1,2050.9,0.915,51,0,0.9,0,1,1,0,0,0,0,0,2,1,0,7.145993031358885,92.85400696864112,0.0,0.07083333333333333,0,2,25321.4,22329.6,25884.533333333336,25403.899999999998,9.80998838559814,10.461013884950559
Balaghat,underground,2019-05-01,28700.0,24379.0,4321.0,0.92,55,0,0.1,0,1,1,1,0,0,0,0,3,1,0,15.05574912891986,84.94425087108014,0.0,0.0763888888888889,0,2,26649.1,25683.1,25449.833333333332,25323.0,11.324622531939605,11.228290690968672
Balaghat,underground,2019-06-01,28700.0,25842.5,2857.5,0.925,54,0,142.3,2,1,1,0,0,0,0,0,2,1,0,9.956445993031359,90.04355400696863,71.15,0.075,1,2,24379.0,25321.4,25623.533333333336,25034.11666666667,10.719396051103368,12.773112659698024
Balaghat,underground,2019-07-01,28700.0,23122.8,5577.2,0.87,97,1,487.7,12,1,1,1,0,0,0,1,4,1,0,19.432752613240417,80.56724738675958,40.641666666666666,0.13472222222222222,1,3,25842.5,26649.1,24448.100000000002,25166.316666666666,14.814982578397212,12.312485481997676
Balaghat,underground,2019-08-01,28700.0,24296.8,4403.2,0.895,78,0,523.5,9,1,1,1,0,0,0,0,3,1,1,15.342160278745645,84.65783972125436,58.166666666666664,0.10833333333333334,1,3,23122.8,24379.0,24420.7,24935.266666666663,14.910452961672474,13.117537746806041
Balaghat,underground,2019-09-01,28700.0,24184.6,4515.4,0.89,82,1,566.1,10,1,1,1,0,0,0,0,3,1,1,15.733101045296166,84.26689895470383,56.61,0.11388888888888889,1,3,24296.8,25842.5,23868.066666666666,24745.8,16.83600464576074,13.777700348432054
Balaghat,underground,2019-10-01,28700.0,23715.1,4984.9,0.855,108,1,52.4,0,1,1,1,0,0,0,0,3,1,0,17.36898954703833,82.63101045296168,0.0,0.15,0,4,24184.6,23122.8,24065.5,24256.8,16.14808362369338,15.481533101045295
Balaghat,underground,2019-11-01,28700.0,25640.4,3059.6,0.88,94,1,0.3,0,1,1,0,0,0,0,0,2,1,0,10.660627177700349,89.33937282229965,0.0,0.13055555555555556,0,4,23715.1,24296.8,24513.36666666667,24467.03333333333,14.587572590011613,14.749012775842045
Balaghat,underground,2019-12-01,28700.0,25854.5,2845.5,0.875,77,0,21.7,0,1,1,0,0,0,0,0,2,1,0,9.914634146341465,90.08536585365854,0.0,0.10694444444444444,0,4,25640.4,24184.6,25070.0,24469.03333333333,12.648083623693381,14.742044134727061
Balaghat,underground,2020-01-01,24500.0,22182.3,2317.7,0.87,89,1,37.5,0,1,1,0,0,0,0,0,2,1,0,9.459999999999999,90.53999999999999,0.0,0.12361111111111112,0,1,25854.5,23715.1,24559.066666666666,24312.283333333336,10.011753774680605,13.079918699186992
Balaghat,underground,2020-02-01,24500.0,21279.4,3220.6,0.875,79,0,27.0,0,1,1,0,0,0,0,0,2,1,0,13.14530612244898,86.85469387755103,0.0,0.10972222222222222,0,1,22182.3,25640.4,23105.399999999998,23809.38333333333,10.839980089596814,12.713776339804214
Balaghat,underground,2020-03-01,24500.0,23157.0,1343.0,0.88,88,1,48.3,0,1,1,0,0,0,0,0,2,1,0,5.481632653061225,94.51836734693877,0.0,0.12222222222222222,0,1,21279.4,25854.5,22206.233333333334,23638.116666666665,9.362312925170068,11.005198274431725
Balaghat,underground,2020-04-01,24500.0,23123.3,1376.7,0.885,70,0,6.4,0,1,1,0,0,0,0,0,2,1,0,5.619183673469387,94.38081632653062,0.0,0.09722222222222222,0,2,23157.0,22182.3,22519.899999999998,23539.483333333334,8.082040816326531,9.046897295503568
Balaghat,underground,2020-05-01,24500.0,21306.0,3194.0,0.89,89,1,0.7,0,1,1,0,0,0,0,0,2,1,0,13.03673469387755,86.96326530612245,0.0,0.12361111111111112,0,2,23123.3,21279.4,22528.766666666666,22817.083333333332,8.045850340136054,9.442915214866433
Balaghat,underground,2020-06-01,24500.0,21939.7,2560.3,0.895,83,1,351.4,5,1,1,0,0,0,0,0,2,1,0,10.450204081632654,89.54979591836735,70.28,0.11527777777777778,1,2,21306.0,23157.0,22123.0,22164.61666666667,9.70204081632653,9.5321768707483
Balaghat,underground,2020-07-01,24500.0,21401.2,3098.8,0.87,98,1,322.6,6,1,1,0,0,0,0,0,2,1,0,12.648163265306122,87.35183673469388,53.76666666666667,0.1361111111111111,1,3,21939.7,23123.3,21548.966666666667,22034.433333333334,12.045034013605443,10.063537414965987
Balaghat,underground,2020-08-01,24500.0,20318.1,4181.9,0.895,83,1,726.2,13,1,1,1,0,0,1,1,5,1,1,17.068979591836733,82.93102040816326,55.861538461538466,0.11527777777777778,1,3,21401.2,21306.0,21219.666666666668,21874.216666666664,13.389115646258503,10.71748299319728
Balaghat,underground,2020-09-01,24500.0,19784.6,4715.4,0.86,104,1,218.8,4,1,0,1,0,0,0,0,2,1,0,19.246530612244896,80.75346938775509,54.7,0.14444444444444443,1,3,20318.1,21939.7,20501.3,21312.149999999998,16.321224489795917,13.011632653061222
Balaghat,underground,2020-10-01,24500.0,21657.3,2842.7,0.915,68,0,67.8,0,1,1,0,0,0,0,0,2,1,0,11.602857142857143,88.39714285714285,0.0,0.09444444444444444,0,4,19784.6,21401.2,20586.666666666668,21067.81666666667,15.972789115646256,14.00891156462585
Balaghat,underground,2020-11-01,24500.0,23019.2,1480.8,0.88,90,1,4.4,0,1,1,0,0,0,0,0,2,1,0,6.044081632653061,93.95591836734695,0.0,0.125,0,4,21657.3,20318.1,21487.033333333333,21353.35,12.297823129251702,12.8434693877551
Balaghat,underground,2020-12-01,24500.0,21187.9,3312.1,0.905,63,0,0.4,0,1,1,0,0,0,0,0,2,1,0,13.518775510204081,86.48122448979592,0.0,0.0875,0,4,23019.2,19784.6,21954.8,21228.05,10.38857142857143,13.354897959183672
Balaghat,underground,2021-01-01,29866.7,25683.5,4183.2,0.84,130,1,5.3,0,1,1,1,0,0,0,0,3,1,0,14.006234368041998,85.993765631958,0.0,0.18055555555555555,0,1,21187.9,21657.3,23296.86666666667,21941.766666666666,11.189697170299715,13.581243142972985
Balaghat,underground,2021-02-01,29866.7,26307.8,3558.9,0.905,76,0,9.2,0,1,1,0,0,0,0,0,2,1,0,11.915946522381113,88.08405347761888,0.0,0.10555555555555556,0,1,25683.5,23019.2,24393.066666666666,22940.05,13.146985466875732,12.722404298063717
Balaghat,underground,2021-03-01,29866.7,25832.2,4034.5,0.88,88,1,0.7,0,1,1,1,0,0,0,0,3,1,0,13.50835545942471,86.49164454057528,0.0,0.12222222222222222,0,1,26307.8,21187.9,25941.166666666668,23947.983333333334,13.14351211661594,11.766041772593683
Balaghat,underground,2021-04-01,29866.7,25981.3,3885.3,0.855,104,1,0.4,0,1,1,1,0,0,0,0,3,1,0,13.008802445532986,86.99086273341211,0.0,0.14444444444444443,0,2,25832.2,25683.5,26040.433333333334,24668.649999999998,12.811034809112934,12.000365989706324
Balaghat,underground,2021-05-01,29866.7,28955.9,910.7,0.92,56,0,32.0,0,1,1,0,0,0,0,0,2,1,0,3.049215346857872,96.95044983208724,0.0,0.07777777777777778,0,2,25981.3,26307.8,26923.13333333333,25658.100000000002,9.855457750605188,11.501221608740458
Balaghat,underground,2021-06-01,29866.7,23991.0,5875.7,0.895,78,0,315.2,5,1,1,1,0,0,0,0,3,1,0,19.67308072200812,80.32691927799188,63.04,0.10833333333333334,1,2,28955.9,25832.2,26309.399999999998,26125.283333333336,11.910366171466327,12.526939144041132
Balaghat,underground,2021-07-01,29866.7,29400.1,466.6,0.93,44,0,341.1,7,1,1,0,0,0,0,0,2,1,0,1.5622750421037477,98.43772495789625,48.728571428571435,0.06111111111111111,1,3,23991.0,25981.3,27449.0,26744.71666666667,8.094857036989913,10.452945923051425
Balaghat,underground,2021-08-01,29866.7,26438.8,3427.9,0.895,71,0,258.4,4,1,1,0,0,0,0,0,2,1,0,11.477330940478861,88.52266905952114,64.6,0.09861111111111111,1,3,29400.1,28955.9,26609.966666666664,26766.55,10.904228901530244,10.379843326067716
Balaghat,underground,2021-09-01,29866.7,29283.0,583.7,0.89,79,0,369.1,5,1,1,0,0,0,0,0,2,1,0,1.9543504973766772,98.04564950262332,73.82000000000001,0.10972222222222222,1,3,26438.8,23991.0,28373.966666666664,27341.683333333334,4.997985493319762,8.454175832393043
Balaghat,underground,2021-10-01,29866.7,24540.8,5325.9,0.855,99,1,46.4,0,1,1,1,0,0,0,0,3,1,0,17.83223456223821,82.16776543776179,0.0,0.1375,0,4,29283.0,29400.1,26754.199999999997,27101.599999999995,10.421305333364582,9.258081185177248
Balaghat,underground,2021-11-01,29866.7,27708.9,2157.8,0.88,67,0,22.5,0,1,1,0,0,0,0,0,2,1,0,7.224768722356337,92.77523127764367,0.0,0.09305555555555556,0,4,24540.8,26438.8,27177.566666666666,26893.766666666666,9.003784593990408,9.954006747760326
Balaghat,underground,2021-12-01,29866.7,28152.2,1714.4,0.905,75,0,33.1,1,1,1,0,0,0,0,0,2,1,0,5.740172164986424,94.25949301395869,33.1,0.10416666666666667,0,4,27708.9,29283.0,26800.63333333333,27587.3,10.265725149860323,7.631855321590044
Balaghat,underground,2022-01-01,32666.7,26452.9,6213.8,0.84,100,1,13.6,0,1,1,1,0,0,0,0,3,1,0,19.0218173246762,80.97818267532381,0.0,0.1388888888888889,0,1,28152.2,24540.8,27438.0,27096.099999999995,10.662252737339653,10.54177903535212
Balaghat,underground,2022-02-01,32666.7,24545.4,8121.2,0.815,129,1,4.7,0,1,1,1,0,0,0,0,3,1,0,24.860790958376572,75.13890291948681,0.0,0.17916666666666667,0,1,26452.9,27708.9,26383.5,26780.533333333336,16.540926816013066,12.772355705001736
Balaghat,underground,2022-03-01,32666.7,30238.9,2427.7,0.91,56,0,0.4,0,1,1,0,0,0,0,0,2,1,0,7.43172711048254,92.56796676738085,0.0,0.07777777777777778,0,1,24545.4,28152.2,27079.06666666667,26939.850000000002,17.10477846451177,13.685251807186047
Balaghat,underground,2022-04-01,32666.7,26692.2,5974.5,0.825,124,1,0.0,0,1,1,1,0,0,0,0,3,1,0,18.289267051768316,81.7107329482317,0.0,0.17222222222222222,0,2,30238.9,26452.9,27158.833333333332,27298.41666666667,16.860595040209144,13.761423888774397
Balaghat,underground,2022-05-01,32666.7,30441.4,2225.3,0.92,57,0,7.8,0,1,1,0,0,0,0,0,2,1,0,6.812135905983769,93.18786409401623,0.0,0.07916666666666666,0,2,26692.2,24545.4,29124.166666666668,27753.833333333332,10.844376689411542,13.692651752712303
Balaghat,underground,2022-06-01,32666.7,30282.1,2384.6,0.925,48,0,183.6,4,1,1,0,0,0,0,0,2,1,0,7.299788469603602,92.70021153039639,45.9,0.06666666666666667,1,2,30441.4,30238.9,29138.566666666666,28108.81666666667,10.800397142451894,13.952587803481833
Balaghat,underground,2022-07-01,32666.7,26266.7,6400.0,0.9,65,0,602.1,14,1,1,1,0,0,0,1,4,1,1,19.591816743044138,80.40818325695585,43.00714285714286,0.09027777777777778,1,3,30282.1,26692.2,28996.733333333337,28077.78333333333,11.23458037287717,14.047587706543155
Balaghat,underground,2022-08-01,32666.7,27698.8,4967.9,0.895,58,0,497.3,9,1,1,1,0,0,0,0,3,1,0,15.207841624651403,84.79215837534859,55.25555555555556,0.08055555555555556,1,3,26266.7,30441.4,28082.53333333333,28603.350000000002,14.03314894576638,12.43876281758896
Balaghat,underground,2022-09-01,32666.7,29284.7,3382.0,0.89,79,0,305.1,4,1,1,0,0,0,0,0,2,1,0,10.353050660152388,89.64694933984761,76.275,0.10972222222222222,1,3,27698.8,30282.1,27750.06666666667,28444.316666666666,15.050903009282644,12.925650075867269
Balaghat,underground,2022-10-01,32666.7,26804.3,5862.3,0.855,89,1,139.2,3,1,1,1,0,0,0,0,3,1,0,17.945798014491825,82.05389586337157,46.4,0.12361111111111112,0,4,29284.7,26266.7,27929.266666666666,28463.0,14.502230099765205,12.868405236321186
Balaghat,underground,2022-11-01,32666.7,28793.2,3873.4,0.85,106,1,0.0,0,1,1,1,0,0,0,0,3,1,0,11.857334839454245,88.14235903840914,0.0,0.14722222222222223,0,4,26804.3,27698.8,28294.066666666666,28188.3,13.385394504699486,13.709271725232933
Balaghat,underground,2022-12-01,32666.7,27297.5,5369.1,0.875,93,1,4.6,0,1,1,1,0,0,0,0,3,1,0,16.436003636730984,83.5636902411324,0.0,0.12916666666666668,0,4,28793.2,29284.7,27631.666666666668,27690.866666666665,15.41304549689235,15.231974253087495
Balaghat,underground,2023-01-01,36166.7,29217.7,6949.0,0.78,167,1,1.5,0,1,1,1,1,1,0,0,5,1,0,19.213807176214587,80.78619282378543,0.0,0.23194444444444445,0,1,27297.5,26804.3,28436.13333333333,28182.7,15.835715217466605,15.168972658615905
Balaghat,underground,2023-02-01,36166.7,29711.7,6455.0,0.875,84,1,0.0,0,1,1,1,0,0,0,0,3,1,0,17.84790981759464,82.15209018240537,0.0,0.11666666666666667,0,1,29217.7,28793.2,28742.3,28518.18333333333,17.8325735435134,15.608984024106443
Balaghat,underground,2023-03-01,36166.7,29788.1,6378.6,0.88,94,1,18.1,0,1,1,1,0,0,0,0,3,1,0,17.636665772658276,82.36333422734174,0.0,0.13055555555555556,0,1,29711.7,27297.5,29572.5,28602.083333333332,18.232794255489168,16.822919876190756
Balaghat,underground,2023-04-01,36166.7,29879.4,6287.3,0.855,87,1,49.5,1,1,1,1,0,0,0,0,3,1,0,17.3842236090105,82.61577639098951,49.5,0.12083333333333333,0,2,29788.1,29217.7,29793.06666666667,29114.599999999995,17.62293306642114,16.72932414194387
Balaghat,underground,2023-05-01,36166.7,30825.9,5340.8,0.83,106,1,25.8,0,1,1,1,0,0,0,0,3,1,0,14.767175329792327,85.23282467020769,0.0,0.14722222222222223,0,2,29879.4,29711.7,30164.466666666664,29453.383333333335,16.596021570487036,17.21429755700022
Balaghat,underground,2023-06-01,36166.7,29952.8,6213.9,0.835,110,1,284.4,4,1,1,1,0,0,0,0,3,1,0,17.18127448730462,82.81872551269538,71.1,0.1527777777777778,1,2,30825.9,29788.1,30219.36666666667,29895.933333333334,16.44422447536915,17.338509365429157
Balaghat,underground,2023-07-01,36166.7,29649.0,6517.7,0.9,85,1,544.3,12,1,1,1,0,0,0,1,4,1,1,18.021273713111785,81.97872628688823,45.35833333333333,0.11805555555555555,1,3,29952.8,29879.4,30142.566666666666,29967.816666666666,16.65657451006958,17.13975378824536
Balaghat,underground,2023-08-01,36166.7,35064.3,1102.3,0.925,63,0,375.8,6,1,1,0,0,0,0,0,2,1,0,3.0478312923213897,96.95189221023762,62.63333333333333,0.0875,1,3,29649.0,30825.9,31555.36666666667,30859.916666666668,12.750126497579265,14.673074034033151
Balaghat,underground,2023-09-01,36166.7,30926.2,5240.5,0.89,70,0,332.6,6,1,1,1,0,0,0,0,3,1,0,14.489848396453093,85.51015160354692,55.43333333333334,0.09722222222222222,1,3,35064.3,29952.8,31879.833333333332,31049.600000000002,11.852984467295423,14.148604471332286
Balaghat,underground,2023-10-01,36166.7,34249.4,1917.3,0.915,59,0,1.2,0,1,1,0,0,0,0,0,2,1,0,5.301285436603285,94.69871456339672,0.0,0.08194444444444444,0,4,30926.2,29649.0,33413.299999999996,31777.933333333338,7.612988375125923,12.13478144259775
Balaghat,underground,2023-11-01,36166.7,30994.3,5172.3,0.85,125,1,21.9,0,1,1,1,0,0,0,0,3,1,0,14.301277141680055,85.69844636087893,0.0,0.1736111111111111,0,4,34249.4,35064.3,32056.63333333333,31806.0,11.36413699157881,12.057131744579038
Balaghat,underground,2023-12-01,36166.7,30924.5,5242.2,0.905,60,0,16.2,0,1,1,1,0,0,0,0,3,1,0,14.494548852950368,85.50545114704964,0.0,0.08333333333333333,0,4,30994.3,30926.2,32056.066666666666,31967.95,11.365703810411235,11.609344138853329
Balaghat,underground,2024-01-01,40973.3,35069.7,5903.6,0.87,95,1,21.2,0,1,1,1,0,0,0,0,3,1,0,14.408407426299567,85.59159257370042,0.0,0.13194444444444445,0,1,30924.5,34249.4,32329.499999999996,32871.4,14.401411140309996,11.007199757717961
Balaghat,underground,2024-02-01,40973.3,36715.8,4257.5,0.875,91,1,37.5,0,1,1,1,0,0,0,0,3,1,0,10.390913106828105,89.60908689317189,0.0,0.12638888888888888,0,1,35069.7,30994.3,34236.666666666664,33146.65,13.097956462026014,12.231046726802413
Balaghat,underground,2024-03-01,40973.3,33514.1,7459.2,0.88,81,1,39.2,1,1,1,1,0,0,0,0,3,1,0,18.205026199988772,81.79497380001122,39.2,0.1125,0,1,36715.8,30924.5,35099.86666666666,33577.96666666667,14.33478224437215,12.850243027391691
Balaghat,underground,2024-04-01,40973.3,36964.3,4009.0,0.885,91,1,49.8,0,1,1,1,0,0,0,0,3,1,0,9.78442058608899,90.215579413911,0.0,0.12638888888888888,0,2,33514.1,35069.7,35731.399999999994,34030.450000000004,12.793453297635288,13.597432218972642
Balaghat,underground,2024-05-01,40973.3,34354.7,6618.7,0.86,110,1,46.3,0,1,1,1,0,0,0,0,3,1,0,16.1536903300442,83.84655373133234,0.0,0.1527777777777778,0,2,36964.3,36715.8,34944.36666666666,34590.51666666667,14.714379038707321,13.906167750366668
Balaghat,underground,2024-06-01,40973.3,35353.9,5619.4,0.895,76,0,225.7,3,1,1,1,0,0,0,0,3,1,0,13.714784994130321,86.28521500586967,75.23333333333333,0.10555555555555556,1,2,34354.7,33514.1,35557.633333333324,35328.75,13.217631970087837,13.776207107229993
Balaghat,underground,2024-07-01,40973.3,33973.0,7000.3,0.93,32,0,674.1,14,1,1,1,0,0,1,1,5,1,1,17.085028542977987,82.914971457022,48.15,0.044444444444444446,1,3,35353.9,36964.3,34560.533333333326,35145.96666666667,15.651167955717503,14.222310626676395
Balaghat,underground,2024-08-01,40973.3,35268.1,5705.3,0.925,50,0,485.3,12,1,1,1,0,0,0,1,4,1,0,13.924433716591048,86.0758103447855,40.44166666666667,0.06944444444444445,1,3,33973.0,34354.7,34865.0,34904.683333333334,14.908082417899784,14.811230728303554
Balaghat,underground,2024-09-01,40973.3,39077.8,1895.5,0.92,62,0,357.9,3,1,1,0,0,0,0,0,2,1,0,4.626183392599571,95.37381660740043,119.3,0.08611111111111111,1,3,35268.1,35353.9,36106.299999999996,35831.96666666667,11.878548550722869,12.548090260405353
Balaghat,underground,2024-10-01,40973.3,38704.3,2269.0,0.915,71,0,37.5,0,1,1,0,0,0,0,0,2,1,0,5.537752634032406,94.46224736596758,0.0,0.09861111111111111,0,4,39077.8,33973.0,37683.399999999994,36121.96666666667,8.029456581074342,11.840312268395921
Balaghat,underground,2024-11-01,40973.3,37292.8,3680.5,0.88,79,0,0.0,0,1,1,0,0,0,0,0,2,1,0,8.982678964105894,91.0173210358941,0.0,0.10972222222222222,0,4,38704.3,35268.1,38358.299999999996,36611.65,6.382204996912624,10.645143707406204
Balaghat,underground,2024-12-01,40973.3,35369.8,5603.5,0.905,61,0,4.7,0,1,1,1,0,0,0,0,3,1,0,13.675979235258081,86.32402076474192,0.0,0.08472222222222223,0,4,37292.8,39077.8,37122.299999999996,36614.3,9.398803611132127,10.638676080927498
Balaghat,underground,2025-01-01,42070.0,37420.4,4649.6,0.87,82,1,0.5,0,1,1,1,0,0,0,0,3,1,0,11.052056096981222,88.94794390301878,0.0,0.11388888888888889,0,1,35369.8,38704.3,36694.33333333333,37188.86666666667,11.2369047654484,9.63318067326137
Balaghat,underground,2025-02-01,42070.0,38374.4,3695.6,0.905,60,0,0.0,0,1,1,0,0,0,0,0,2,1,0,8.78440694081293,91.21559305918707,0.0,0.08333333333333333,0,1,37420.4,37292.8,37054.86666666666,37706.583333333336,11.170814091017412,8.776509543965018
Balaghat,underground,2025-03-01,42070.0,40201.2,1868.8,0.91,66,0,0.1,0,1,1,0,0,0,0,0,2,1,0,4.442120275730924,95.55787972426907,0.0,0.09166666666666666,0,1,38374.4,35369.8,38665.333333333336,37893.81666666667,8.092861104508358,8.745832357820243
Balaghat,underground,2025-04-01,42070.0,40578.3,1491.7,0.885,72,0,2.5,0,1,1,0,0,0,0,0,2,1,0,3.545757071547421,96.45424292845259,0.0,0.1,0,2,40201.2,37420.4,39717.96666666667,38206.15,5.590761429363759,8.413833097406078
Balaghat,underground,2025-05-01,42070.0,35542.0,6528.0,0.89,75,0,32.2,0,1,1,1,0,0,0,0,3,1,0,15.516995483717613,84.48300451628239,0.0,0.10416666666666667,0,2,40578.3,38374.4,38773.833333333336,37914.35,7.834957610331987,9.5028858506747
Balaghat,underground,2025-06-01,42070.0,38980.3,3089.7,0.925,47,0,248.8,4,1,1,0,0,0,0,0,2,1,0,7.344188257665794,92.65581174233421,62.2,0.06527777777777778,1,2,35542.0,40201.2,38366.86666666666,38516.1,8.802313604310276,8.447587354409317
Balaghat,underground,2025-07-01,42070.0,34595.0,7475.0,0.93,47,0,694.8,11,1,1,1,0,0,1,1,5,1,1,17.76800570477775,82.23199429522225,63.16363636363636,0.06527777777777778,1,3,38980.3,40578.3,36372.43333333333,38045.200000000004,13.543063148720387,9.566912289042072
Balaghat,underground,2025-08-01,42070.0,40499.6,1570.4,0.925,59,0,355.4,8,1,1,0,0,0,0,0,2,1,0,3.7328262419776563,96.26717375802234,44.425,0.08194444444444444,1,3,34595.0,35542.0,38024.96666666667,38399.4,9.615006734807066,8.724982172569527
Balaghat,underground,2025-09-01,42070.0,33347.0,8723.0,0.86,90,1,296.4,5,1,1,1,0,0,0,0,3,1,0,20.73449013548847,79.26550986451153,59.279999999999994,0.125,1,3,40499.6,38980.3,36147.19999999999,37257.03333333333,14.078440694081294,11.440377149195783
Balaghat,underground,2025-10-01,42070.0,37332.0,4738.0,0.885,85,1,99.2,0,1,1,1,0,0,0,0,3,1,0,11.262182077489898,88.7378179225101,0.0,0.11805555555555555,0,4,33347.0,34595.0,37059.533333333326,36715.98333333334,11.909832818318677,12.726447983519533
Balaghat,underground,2025-11-01,42070.0,35489.4,6580.6,0.85,85,1,1.4,0,1,1,1,0,0,0,0,3,1,0,15.642025196101736,84.35797480389827,0.0,0.11805555555555555,0,4,37332.0,40499.6,35389.46666666667,36707.21666666667,15.879565803026702,12.747286268916882
Balaghat,underground,2025-12-01,42070.0,34672.1,7397.9,0.905,61,0,0.0,0,1,1,1,0,0,0,0,3,1,0,17.584739719515095,82.4152602804849,0.0,0.08472222222222223,0,4,35489.4,33347.0,35831.166666666664,35989.18333333333,14.829648997702245,14.454044845891767
Chikla,underground,2015-01-01,5695.0,4786.2,908.8,0.9,59,0,0.0,0,0,0,0,0,0,0,0,0,0,0,15.95785776997366,84.04214223002634,0.0,0.08194444444444444,0,1,,,4786.2,4786.2,15.95785776997366,15.95785776997366
Chikla,underground,2015-02-01,5695.0,4897.5,797.5,0.875,101,1,3.2,0,0,0,0,0,0,0,0,0,0,0,14.003511852502196,85.99648814749781,0.0,0.14027777777777778,0,1,4786.2,,4841.85,4841.85,14.980684811237928,14.980684811237928
Chikla,underground,2015-03-01,5695.0,4605.1,1089.9,0.85,92,1,40.9,1,0,0,0,0,0,0,0,0,0,0,19.13784021071115,80.86215978928885,40.9,0.12777777777777777,0,1,4897.5,,4762.933333333333,4762.933333333333,16.366403277729002,16.366403277729002
Chikla,underground,2015-04-01,5695.0,4907.7,787.3,0.855,84,1,26.9,0,0,0,0,0,0,0,0,0,0,0,13.824407374890255,86.17559262510974,0.0,0.11666666666666667,0,2,4605.1,4786.2,4803.433333333333,4799.125,15.655253146034534,15.730904302019315
Chikla,underground,2015-05-01,5695.0,4819.8,875.2,0.83,116,1,13.1,0,0,0,0,0,0,0,0,0,0,0,15.367866549604917,84.63213345039509,0.0,0.16111111111111112,0,2,4907.7,4897.5,4777.533333333333,4803.26,16.110038045068773,15.658296751536437
Chikla,underground,2015-06-01,5695.0,4871.5,823.5,0.835,124,1,324.5,6,0,0,0,0,0,0,0,0,0,0,14.460052677787532,85.53994732221246,54.083333333333336,0.17222222222222222,1,2,4819.8,4605.1,4866.333333333333,4814.633333333333,14.550775534094235,15.458589405911619
Chikla,underground,2015-07-01,5695.0,5134.3,560.7,0.93,54,0,357.1,3,0,0,0,0,0,0,0,0,0,0,9.845478489903424,90.15452151009657,119.03333333333335,0.075,1,3,4871.5,4907.7,4941.866666666667,4872.650000000001,13.22446590576529,14.439859525899912
Chikla,underground,2015-08-01,5695.0,5386.4,308.6,0.925,75,0,416.0,7,0,0,0,0,0,0,0,0,0,0,5.4187884108867435,94.58121158911325,59.42857142857143,0.10416666666666667,1,3,5134.3,4819.8,5130.733333333333,4954.133333333333,9.908106526192567,13.00907228563067
Chikla,underground,2015-09-01,5695.0,5142.7,552.3,0.92,45,0,160.2,3,0,0,0,0,0,0,0,0,0,0,9.697980684811238,90.30201931518876,53.4,0.0625,1,3,5386.4,4871.5,5221.133333333334,5043.733333333334,8.320749195200468,11.435762364647353
Chikla,underground,2015-10-01,5695.0,4771.5,923.5,0.915,44,0,6.6,0,0,0,0,0,0,0,0,0,0,0,16.215978928884986,83.784021071115,0.0,0.06111111111111111,0,4,5142.7,5134.3,5100.2,5021.033333333334,10.444249341527655,11.834357623646474
Chikla,underground,2015-11-01,5695.0,5117.8,577.2,0.82,133,1,0.3,0,0,0,0,0,0,0,0,0,0,0,10.135206321334504,89.8647936786655,0.0,0.18472222222222223,0,4,4771.5,5386.4,5010.666666666667,5070.7,12.016388645010244,10.962247585601403
Chikla,underground,2015-12-01,5695.0,4908.5,786.5,0.815,135,1,3.2,0,0,0,0,0,1,0,0,1,1,0,13.810359964881474,86.18964003511852,0.0,0.1875,0,4,5117.8,5142.7,4932.599999999999,5076.866666666667,13.387181738366985,10.853965466783729
Chikla,underground,2016-01-01,5400.0,5134.5,265.5,0.9,71,0,1.1,0,0,0,0,0,0,0,0,0,0,0,4.916666666666666,95.08333333333333,0.0,0.09861111111111111,0,1,4908.5,4771.5,5053.599999999999,5076.900000000001,9.620744317627548,10.032496829577601
Chikla,underground,2016-02-01,5400.0,4897.8,502.2,0.905,77,0,6.6,0,0,0,0,0,0,0,0,0,0,0,9.3,90.7,0.0,0.10694444444444444,0,1,5134.5,5117.8,4980.266666666666,4995.466666666666,9.342342210516046,10.679365427763145
Chikla,underground,2016-03-01,5400.0,4711.0,689.0,0.88,73,0,23.5,0,0,0,0,0,0,0,0,0,0,0,12.75925925925926,87.24074074074075,0.0,0.10138888888888889,0,1,4897.8,4908.5,4914.433333333333,4923.516666666666,8.991975308641974,11.189578523504482
Chikla,underground,2016-04-01,5400.0,4837.4,562.6,0.885,80,0,6.8,0,0,0,0,0,0,0,0,0,0,0,10.41851851851852,89.58148148148148,0.0,0.1111111111111111,0,2,4711.0,5134.5,4815.400000000001,4934.5,10.825925925925924,10.223335121776737
Chikla,underground,2016-05-01,5400.0,4493.8,906.2,0.86,107,1,7.2,0,0,0,0,0,0,0,0,0,0,0,16.78148148148148,83.21851851851852,0.0,0.1486111111111111,0,2,4837.4,4897.8,4680.733333333334,4830.5,13.319753086419752,11.331047648467901
Chikla,underground,2016-06-01,5400.0,4787.9,612.1,0.925,41,0,155.9,4,0,0,0,0,0,0,0,0,0,0,11.335185185185185,88.6648148148148,38.975,0.05694444444444444,1,2,4493.8,4711.0,4706.366666666667,4810.400000000001,12.845061728395061,10.91851851851852
Chikla,underground,2016-07-01,5400.0,4627.4,772.6,0.9,64,0,685.4,13,0,0,0,0,0,1,1,2,1,1,14.307407407407407,85.69259259259259,52.723076923076924,0.08888888888888889,1,3,4787.9,4837.4,4636.366666666667,4725.883333333333,14.141358024691357,12.483641975308643
Chikla,underground,2016-08-01,5400.0,4620.2,779.8,0.925,59,0,333.3,4,0,0,0,0,0,0,0,0,0,0,14.44074074074074,85.55925925925926,83.325,0.08194444444444444,1,3,4627.4,4493.8,4678.5,4679.616666666667,13.361111111111109,13.340432098765433
Chikla,underground,2016-09-01,5400.0,4682.1,717.9,0.92,52,0,250.3,2,0,0,0,0,0,0,0,0,0,0,13.294444444444444,86.70555555555556,125.15,0.07222222222222222,1,3,4620.2,4787.9,4643.233333333334,4674.8,14.014197530864195,13.429629629629629
Chikla,underground,2016-10-01,5400.0,4674.4,725.6,0.855,106,1,44.2,0,0,0,0,0,0,0,0,0,0,0,13.437037037037037,86.56296296296296,0.0,0.14722222222222223,0,4,4682.1,4627.4,4658.900000000001,4647.633333333333,13.724074074074073,13.932716049382718
Chikla,underground,2016-11-01,5400.0,4894.3,505.7,0.88,83,1,0.3,0,0,0,0,0,0,0,0,0,0,0,9.364814814814814,90.63518518518518,0.0,0.11527777777777778,0,4,4674.4,4620.2,4750.266666666666,4714.383333333333,12.032098765432096,12.696604938271603
Chikla,underground,2016-12-01,5400.0,4992.2,407.8,0.905,61,0,0.0,0,0,0,0,0,0,0,0,0,0,0,7.551851851851852,92.44814814814815,0.0,0.08472222222222223,0,4,4894.3,4682.1,4853.633333333334,4748.433333333333,10.117901234567901,12.066049382716047
Chikla,underground,2017-01-01,5600.0,4431.1,1168.9,0.81,149,1,1.4,0,0,0,0,1,1,0,0,2,1,0,20.873214285714287,79.12678571428572,0.0,0.20694444444444443,0,1,4992.2,4674.4,4772.533333333333,4715.716666666666,12.596626984126983,13.160350529100528
Chikla,underground,2017-02-01,5600.0,5679.1,0.0,0.875,97,1,1.9,0,0,0,0,0,0,0,0,0,0,0,0.0,101.41250000000002,0.0,0.13472222222222222,0,1,4431.1,4894.3,5034.133333333334,4892.2,9.475022045855377,10.75356040564374
Chikla,underground,2017-03-01,5600.0,4546.3,1053.7,0.91,54,0,0.2,0,0,0,0,0,0,0,0,0,0,0,18.81607142857143,81.18392857142858,0.0,0.075,0,1,5679.1,4992.2,4885.5,4869.566666666667,13.229761904761906,11.673831569664904
Chikla,underground,2017-04-01,5600.0,5068.1,531.9,0.885,73,0,0.3,0,0,0,0,0,0,0,0,0,0,0,9.498214285714285,90.50178571428572,0.0,0.10138888888888889,0,2,4546.3,4431.1,5097.833333333334,4935.183333333333,9.438095238095237,11.017361111111112
Chikla,underground,2017-05-01,5600.0,5129.4,470.6,0.89,74,0,14.8,0,0,0,0,0,0,0,0,0,0,0,8.403571428571428,91.59642857142856,0.0,0.10277777777777777,0,2,5068.1,5679.1,4914.6,4974.366666666667,12.239285714285712,10.857153880070546
Chikla,underground,2017-06-01,5600.0,4280.0,1320.0,0.865,86,1,211.9,5,0,0,0,0,0,0,0,0,0,0,23.57142857142857,76.42857142857142,42.38,0.11944444444444445,1,2,5129.4,4546.3,4825.833333333333,4855.666666666667,13.82440476190476,13.527083333333332
Chikla,underground,2017-07-01,5600.0,4814.8,785.2,0.93,51,0,460.2,5,0,0,0,0,0,0,0,0,0,0,14.021428571428574,85.97857142857143,92.03999999999999,0.07083333333333333,1,3,4280.0,5068.1,4741.400000000001,4919.616666666667,15.332142857142856,12.385119047619048
Chikla,underground,2017-08-01,5600.0,4153.9,1446.1,0.925,62,0,477.1,5,0,0,0,0,0,0,0,0,0,0,25.823214285714286,74.17678571428571,95.42,0.08611111111111111,1,3,4814.8,5129.4,4416.233333333334,4665.416666666667,21.138690476190472,16.688988095238095
Chikla,underground,2017-09-01,5600.0,4995.0,605.0,0.92,48,0,181.8,2,0,0,0,0,0,0,0,0,0,0,10.803571428571429,89.19642857142858,90.9,0.06666666666666667,1,3,4153.9,4280.0,4654.566666666667,4740.2,16.882738095238093,15.353571428571428
Chikla,underground,2017-10-01,5600.0,5254.3,345.7,0.885,77,0,77.4,0,0,0,0,0,0,0,0,0,0,0,6.173214285714286,93.82678571428572,0.0,0.10694444444444444,0,4,4995.0,4814.8,4801.066666666667,4771.233333333333,14.266666666666666,14.79940476190476
Chikla,underground,2017-11-01,5600.0,4956.8,643.2,0.88,80,0,1.1,0,0,0,0,0,0,0,0,0,0,0,11.485714285714286,88.5142857142857,0.0,0.1111111111111111,0,4,5254.3,4153.9,5068.7,4742.466666666666,9.487499999999997,15.313095238095238
Chikla,underground,2017-12-01,5600.0,4551.2,1048.8,0.815,142,1,0.0,0,0,0,0,0,1,0,0,1,1,0,18.728571428571428,81.27142857142857,0.0,0.19722222222222222,0,4,4956.8,4995.0,4920.766666666666,4787.666666666667,12.129166666666663,14.50595238095238
Chikla,underground,2018-01-01,5950.0,5468.1,481.9,0.87,107,1,0.0,0,0,0,0,0,0,0,0,0,0,0,8.099159663865546,91.90084033613446,0.0,0.1486111111111111,0,1,4551.2,5254.3,4992.033333333334,4896.55,12.77114845938375,13.51890756302521
Chikla,underground,2018-02-01,5950.0,5797.9,152.1,0.875,91,1,21.5,0,0,0,0,0,0,0,0,0,0,0,2.556302521008403,97.44369747899158,0.0,0.12638888888888888,0,1,5468.1,4956.8,5272.4,5170.55,9.794677871148457,9.64108893557423
Chikla,underground,2018-03-01,5950.0,5037.1,912.9,0.91,69,0,2.8,0,0,0,0,0,0,0,0,0,0,0,15.342857142857142,84.65714285714286,0.0,0.09583333333333334,0,1,5797.9,4551.2,5434.366666666667,5177.566666666667,8.666106442577027,10.397636554621847
Chikla,underground,2018-04-01,5950.0,5182.5,767.5,0.915,55,0,16.8,0,0,0,0,0,0,0,0,0,0,0,12.899159663865548,87.10084033613445,0.0,0.0763888888888889,0,2,5037.1,5468.1,5339.166666666667,5165.599999999999,10.266106442577028,11.518627450980391
Chikla,underground,2018-05-01,5950.0,5447.1,502.9,0.89,78,0,12.6,0,0,0,0,0,0,0,0,0,0,0,8.452100840336135,91.54789915966387,0.0,0.10833333333333334,0,2,5182.5,5797.9,5222.233333333334,5247.316666666667,12.231372549019605,11.013025210084033
Chikla,underground,2018-06-01,5950.0,5284.9,665.1,0.925,55,0,197.0,4,0,0,0,0,0,0,0,0,0,0,11.178151260504201,88.82184873949579,49.25,0.0763888888888889,1,2,5447.1,5037.1,5304.833333333333,5369.599999999999,10.84313725490196,9.754621848739495
Chikla,underground,2018-07-01,5950.0,4616.2,1333.8,0.9,72,0,534.8,8,0,0,0,0,0,0,0,0,0,1,22.416806722689074,77.58319327731093,66.85,0.1,1,3,5284.9,5182.5,5116.066666666667,5227.616666666667,14.015686274509799,12.140896358543417
Chikla,underground,2018-08-01,5950.0,5009.1,940.9,0.895,79,0,517.1,5,0,0,0,0,0,0,0,0,0,1,15.813445378151261,84.18655462184874,103.42,0.10972222222222222,1,3,4616.2,5447.1,4970.066666666667,5096.150000000001,16.46946778711484,14.350420168067226
Chikla,underground,2018-09-01,5950.0,4892.2,1057.8,0.92,51,0,131.2,3,0,0,0,0,0,0,0,0,0,0,17.778151260504202,82.2218487394958,43.73333333333333,0.07083333333333333,1,3,5009.1,5284.9,4839.166666666667,5072.0,18.669467787114844,14.756302521008402
Chikla,underground,2018-10-01,5950.0,5368.1,581.9,0.915,61,0,0.7,0,0,0,0,0,0,0,0,0,0,0,9.779831932773108,90.22016806722691,0.0,0.08472222222222223,0,4,4892.2,4616.2,5089.8,5102.933333333333,14.457142857142854,14.23641456582633
Chikla,underground,2018-11-01,5950.0,5614.6,335.4,0.88,63,0,0.4,0,0,0,0,0,0,0,0,0,0,0,5.636974789915966,94.36302521008403,0.0,0.0875,0,4,5368.1,5009.1,5291.633333333333,5130.849999999999,11.064985994397754,13.7672268907563
Chikla,underground,2018-12-01,5950.0,4784.1,1165.9,0.845,128,1,29.7,1,0,0,0,0,0,0,0,0,0,0,19.59495798319328,80.40504201680673,29.7,0.17777777777777778,0,4,5614.6,4892.2,5255.6,5047.383333333333,11.670588235294113,15.170028011204481
Chikla,underground,2019-01-01,6150.0,5859.7,290.3,0.9,71,0,32.6,1,0,0,0,0,0,0,0,0,0,0,4.720325203252033,95.27967479674795,32.6,0.09861111111111111,0,1,4784.1,5368.1,5419.466666666667,5254.633333333334,9.984085992120422,12.220614424631641
Chikla,underground,2019-02-01,6150.0,4937.5,1212.5,0.875,94,1,4.6,0,0,0,0,0,0,0,0,0,0,0,19.715447154471544,80.28455284552845,0.0,0.13055555555555556,0,1,5859.7,5614.6,5193.766666666666,5242.7,14.676910113638948,12.870948054018356
Chikla,underground,2019-03-01,6150.0,4613.8,1536.2,0.82,114,1,28.7,1,0,0,0,0,0,0,0,0,0,0,24.978861788617888,75.02113821138212,28.7,0.15833333333333333,0,1,4937.5,4784.1,5137.0,5196.3,16.471544715447152,14.071066475370637
Chikla,underground,2019-04-01,6150.0,5987.7,162.3,0.915,73,0,0.9,0,0,0,0,0,0,0,0,0,0,0,2.6390243902439026,97.3609756097561,0.0,0.10138888888888889,0,2,4613.8,5859.7,5179.666666666667,5299.566666666667,15.777777777777777,12.880931884949105
Chikla,underground,2019-05-01,6150.0,5333.5,816.5,0.83,110,1,0.1,0,0,0,0,0,0,0,0,0,0,0,13.276422764227641,86.72357723577235,0.0,0.1527777777777778,0,2,5987.7,4937.5,5311.666666666667,5252.716666666667,13.63143631436314,14.154173214001048
Chikla,underground,2019-06-01,6150.0,5292.9,857.1,0.895,70,0,142.3,2,0,0,0,0,0,0,0,0,0,0,13.93658536585366,86.06341463414634,71.15,0.09722222222222222,1,2,5333.5,4613.8,5538.033333333333,5337.516666666666,9.950677506775063,13.21111111111111
Chikla,underground,2019-07-01,6150.0,5275.5,874.5,0.93,51,0,487.7,12,0,0,0,0,0,0,1,1,1,0,14.21951219512195,85.78048780487805,40.641666666666666,0.07083333333333333,1,3,5292.9,5987.7,5300.633333333332,5240.15,13.81084010840108,14.794308943089431
Chikla,underground,2019-08-01,6150.0,4860.7,1289.3,0.925,54,0,523.5,9,0,0,0,0,0,0,0,0,0,1,20.964227642276423,79.03577235772357,58.166666666666664,0.075,1,3,5275.5,5333.5,5143.033333333333,5227.349999999999,16.37344173441734,15.002439024390243
Chikla,underground,2019-09-01,6150.0,4671.9,1478.1,0.86,88,1,566.1,10,0,0,0,0,0,0,0,0,0,1,24.034146341463412,75.96585365853657,56.61,0.12222222222222222,1,3,4860.7,5292.9,4936.033333333334,5237.033333333333,19.739295392953924,14.844986449864498
Chikla,underground,2019-10-01,6150.0,5012.2,1137.8,0.825,120,1,52.4,0,0,0,0,0,0,0,0,0,0,0,18.50081300813008,81.49918699186992,0.0,0.16666666666666666,0,4,4671.9,5275.5,4848.266666666666,5074.45,21.166395663956635,17.48861788617886
Chikla,underground,2019-11-01,6150.0,5384.1,765.9,0.88,102,1,0.3,0,0,0,0,0,0,0,0,0,0,0,12.453658536585365,87.54634146341465,0.0,0.14166666666666666,0,4,5012.2,4860.7,5022.733333333334,5082.883333333333,18.329539295392948,17.351490514905148
Chikla,underground,2019-12-01,6150.0,5373.2,776.8,0.905,69,0,21.7,0,0,0,0,0,0,0,0,0,0,0,12.63089430894309,87.3691056910569,0.0,0.09583333333333334,0,4,5384.1,4671.9,5256.5,5096.266666666666,14.528455284552841,17.133875338753388
Chikla,underground,2020-01-01,5250.0,4460.0,790.0,0.9,63,0,37.5,0,0,0,0,0,0,0,0,0,0,0,15.04761904761905,84.95238095238096,0.0,0.0875,0,1,5373.2,5012.2,5072.433333333333,4960.349999999999,13.377390631049165,17.271893147502904
Chikla,underground,2020-02-01,5250.0,4746.1,503.9,0.875,90,1,27.0,0,0,0,0,0,0,0,0,0,0,0,9.598095238095237,90.40190476190477,0.0,0.125,0,1,4460.0,5384.1,4859.766666666667,4941.25,12.42553619821912,15.37753774680604
Chikla,underground,2020-03-01,5250.0,4565.2,684.8,0.91,53,0,48.3,0,0,0,0,0,0,0,0,0,0,0,13.043809523809525,86.95619047619047,0.0,0.07361111111111111,0,1,4746.1,5373.2,4590.433333333333,4923.466666666666,12.5631746031746,13.545814943863725
Chikla,underground,2020-04-01,5250.0,4584.5,665.5,0.855,108,1,6.4,0,0,0,0,0,0,0,0,0,0,0,12.676190476190477,87.32380952380953,0.0,0.15,0,2,4565.2,4460.0,4631.933333333333,4852.183333333333,11.772698412698409,12.57504452187379
Chikla,underground,2020-05-01,5250.0,4962.6,287.4,0.89,77,0,0.7,0,0,0,0,0,0,0,0,0,0,0,5.474285714285714,94.52571428571429,0.0,0.10694444444444444,0,2,4584.5,4746.1,4704.099999999999,4781.933333333333,10.398095238095236,11.41181571815718
Chikla,underground,2020-06-01,5250.0,4819.5,430.5,0.895,61,0,351.4,5,0,0,0,0,0,0,0,0,0,0,8.200000000000001,91.8,70.28,0.08472222222222223,1,2,4962.6,4565.2,4788.866666666666,4689.650000000001,8.78349206349206,10.673333333333334
Chikla,underground,2020-07-01,5250.0,4789.7,460.3,0.93,56,0,322.6,6,0,0,0,0,0,0,0,0,0,0,8.767619047619048,91.23238095238095,53.76666666666667,0.07777777777777778,1,3,4819.5,4584.5,4857.266666666666,4744.6,7.480634920634917,9.626666666666667
Chikla,underground,2020-08-01,5250.0,4436.2,813.8,0.925,39,0,726.2,13,0,0,0,0,0,1,1,2,1,1,15.500952380952379,84.49904761904762,55.861538461538466,0.05416666666666667,1,3,4789.7,4962.6,4681.8,4692.95,10.82285714285714,10.610476190476192
Chikla,underground,2020-09-01,5250.0,4497.5,752.5,0.89,72,0,218.8,4,0,0,0,0,0,0,0,0,0,0,14.333333333333334,85.66666666666667,54.7,0.1,1,3,4436.2,4819.5,4574.466666666667,4681.666666666667,12.867301587301583,10.825396825396824
Chikla,underground,2020-10-01,5250.0,4608.8,641.2,0.885,89,1,67.8,0,0,0,0,0,0,0,0,0,0,0,12.213333333333335,87.78666666666666,0.0,0.12361111111111112,0,4,4497.5,4789.7,4514.166666666667,4685.716666666666,14.015873015873012,10.74825396825397
Chikla,underground,2020-11-01,5250.0,4997.8,252.2,0.91,57,0,4.4,0,0,0,0,0,0,0,0,0,0,0,4.803809523809523,95.19619047619048,0.0,0.07916666666666666,0,4,4608.8,4436.2,4701.366666666666,4691.583333333333,10.450158730158726,10.636507936507936
Chikla,underground,2020-12-01,5250.0,4804.4,445.6,0.905,55,0,0.4,0,0,0,0,0,0,0,0,0,0,0,8.487619047619049,91.51238095238095,0.0,0.0763888888888889,0,4,4997.8,4497.5,4803.666666666667,4689.066666666667,8.501587301587298,10.684444444444445
Chikla,underground,2021-01-01,6400.0,5808.5,591.5,0.87,110,1,5.3,0,0,0,0,0,0,0,0,0,0,0,9.2421875,90.7578125,0.0,0.1527777777777778,0,1,4804.4,4608.8,5203.566666666667,4858.866666666667,7.511205357142853,10.763539186507936
Chikla,underground,2021-02-01,6400.0,5519.1,880.9,0.845,95,1,9.2,0,0,0,0,0,0,0,0,0,0,0,13.7640625,86.2359375,0.0,0.13194444444444445,0,1,5808.5,4997.8,5377.333333333333,5039.349999999999,10.497956349206346,10.474057539682539
Chikla,underground,2021-03-01,6400.0,5125.6,1274.4,0.91,69,0,0.7,0,0,0,0,0,0,0,0,0,0,0,19.9125,80.0875,0.0,0.09583333333333334,0,1,5519.1,4804.4,5484.400000000001,5144.033333333334,14.306249999999997,11.403918650793651
Chikla,underground,2021-04-01,6400.0,5807.6,592.4,0.915,65,0,0.4,0,0,0,0,0,0,0,0,0,0,0,9.25625,90.74375,0.0,0.09027777777777778,0,2,5125.6,5808.5,5484.099999999999,5343.833333333333,14.310937499999996,10.911071428571427
Chikla,underground,2021-05-01,6400.0,5315.4,1084.6,0.89,77,0,32.0,0,0,0,0,0,0,0,0,0,0,0,16.946875,83.053125,0.0,0.10694444444444444,0,2,5807.6,5519.1,5416.200000000001,5396.766666666667,15.371874999999996,12.934915674603175
Chikla,underground,2021-06-01,6400.0,5092.5,1307.5,0.925,59,0,315.2,5,0,0,0,0,0,0,0,0,0,0,20.4296875,79.5703125,63.04,0.08194444444444444,1,2,5315.4,5125.6,5405.166666666667,5444.783333333334,15.544270833333329,14.925260416666667
Chikla,underground,2021-07-01,6400.0,5588.6,811.4,0.93,51,0,341.1,7,0,0,0,0,0,0,0,0,0,0,12.678124999999998,87.321875,48.728571428571435,0.07083333333333333,1,3,5092.5,5807.6,5332.166666666667,5408.133333333333,16.68489583333333,15.497916666666667
Chikla,underground,2021-08-01,6400.0,6169.9,230.1,0.895,69,0,258.4,4,0,0,0,0,0,0,0,0,0,0,3.5953125000000004,96.4046875,64.6,0.09583333333333334,1,3,5588.6,5315.4,5617.0,5516.599999999999,12.234374999999995,13.803125
Chikla,underground,2021-09-01,6400.0,5178.6,1221.4,0.86,76,0,369.1,5,0,0,0,0,0,0,0,0,0,0,19.084375,80.915625,73.82000000000001,0.10555555555555556,1,3,6169.9,5092.5,5645.7,5525.433333333333,11.785937499999996,13.665104166666666
Chikla,underground,2021-10-01,6400.0,6227.4,172.6,0.885,83,1,46.4,0,0,0,0,0,0,0,0,0,0,0,2.696875,97.303125,0.0,0.11527777777777778,0,4,5178.6,5588.6,5858.633333333334,5595.400000000001,8.458854166666663,12.571875
Chikla,underground,2021-11-01,6400.0,5335.8,1064.2,0.88,83,1,22.5,0,0,0,0,0,0,0,0,0,0,0,16.628125,83.371875,0.0,0.11527777777777778,0,4,6227.4,6169.9,5580.599999999999,5598.8,12.803124999999994,12.518749999999999
Chikla,underground,2021-12-01,6400.0,5798.1,601.9,0.905,75,0,33.1,1,0,0,0,0,0,0,0,0,0,0,9.4046875,90.5953125,33.1,0.10416666666666667,0,4,5335.8,5178.6,5787.100000000001,5716.400000000001,9.576562499999994,10.68125
Chikla,underground,2022-01-01,7000.0,6286.1,713.9,0.87,99,1,13.6,0,0,0,0,0,0,0,0,0,0,0,10.198571428571428,89.80142857142857,0.0,0.1375,0,1,5798.1,6227.4,5806.666666666667,5832.650000000001,12.077127976190473,10.267991071428574
Chikla,underground,2022-02-01,7000.0,5913.0,1087.0,0.905,70,0,4.7,0,0,0,0,0,0,0,0,0,0,0,15.528571428571428,84.47142857142858,0.0,0.09722222222222222,0,1,6286.1,5335.8,5999.066666666667,5789.833333333333,11.710610119047615,12.25686755952381
Chikla,underground,2022-03-01,7000.0,5884.6,1115.4,0.88,85,1,0.4,0,0,0,0,0,0,0,0,0,0,0,15.934285714285714,84.0657142857143,0.0,0.11805555555555555,0,1,5913.0,5798.1,6027.900000000001,5907.5,13.887142857142853,11.731852678571428
Chikla,underground,2022-04-01,7000.0,5853.9,1146.1,0.885,79,0,0.0,0,0,0,0,0,0,0,0,0,0,0,16.372857142857143,83.62714285714286,0.0,0.10972222222222222,0,2,5884.6,6286.1,5883.833333333333,5845.25,15.945238095238091,14.011183035714284
Chikla,underground,2022-05-01,7000.0,7023.5,0.0,0.92,59,0,7.8,0,0,0,0,0,0,0,0,0,0,0,0.0,100.33571428571429,0.0,0.08194444444444444,0,2,5853.9,5913.0,6254.0,6126.533333333333,10.769047619047617,11.239828869047619
Chikla,underground,2022-06-01,7000.0,5647.7,1352.3,0.925,46,0,183.6,4,0,0,0,0,0,0,0,0,0,0,19.318571428571428,80.68142857142857,45.9,0.06388888888888888,1,2,7023.5,5884.6,6175.033333333333,6101.466666666667,11.897142857142853,12.892142857142858
Chikla,underground,2022-07-01,7000.0,5142.3,1857.7,0.84,113,1,602.1,14,0,0,0,0,0,0,1,1,1,1,26.538571428571426,73.46142857142858,43.00714285714286,0.15694444444444444,1,3,5647.7,5853.9,5937.833333333333,5910.833333333333,15.28571428571428,15.615476190476192
Chikla,underground,2022-08-01,7000.0,5296.2,1703.8,0.835,134,1,497.3,9,0,0,0,0,1,0,0,1,1,0,24.34,75.66,55.25555555555556,0.18611111111111112,1,3,5142.3,7023.5,5362.066666666667,5808.033333333333,23.39904761904761,17.084047619047617
Chikla,underground,2022-09-01,7000.0,6405.8,594.2,0.92,66,0,305.1,4,0,0,0,0,0,0,0,0,0,0,8.48857142857143,91.51142857142858,76.275,0.09166666666666666,1,3,5296.2,5647.7,5614.766666666666,5894.900000000001,19.78904761904761,15.843095238095238
Chikla,underground,2022-10-01,7000.0,6143.5,856.5,0.885,75,0,139.2,3,0,0,0,0,0,0,0,0,0,0,12.235714285714286,87.76428571428572,46.4,0.10416666666666667,0,4,6405.8,5142.3,5948.5,5943.166666666667,15.021428571428567,15.153571428571427
Chikla,underground,2022-11-01,7000.0,5435.0,1565.0,0.91,57,0,0.0,0,0,0,0,0,0,0,0,0,0,0,22.357142857142858,77.64285714285715,0.0,0.07916666666666666,0,4,6143.5,5296.2,5994.766666666666,5678.416666666667,14.360476190476186,18.879761904761903
Chikla,underground,2022-12-01,7000.0,6081.6,918.4,0.875,87,1,4.6,0,0,0,0,0,0,0,0,0,0,0,13.119999999999997,86.88,0.0,0.12083333333333333,0,4,5435.0,6405.8,5886.7,5750.733333333334,15.904285714285706,17.846666666666664
Chikla,underground,2023-01-01,7750.0,5831.5,1918.5,0.84,131,1,1.5,0,0,0,0,0,0,0,0,0,0,0,24.75483870967742,75.24516129032259,0.0,0.18194444444444444,0,1,6081.6,6143.5,5782.7,5865.599999999999,20.077327188940085,17.54937788018433
Chikla,underground,2023-02-01,7750.0,6173.7,1576.3,0.815,138,1,0.0,0,0,0,0,0,1,0,0,1,1,0,20.339354838709678,79.66064516129032,0.0,0.19166666666666668,0,1,5831.5,5435.0,6028.933333333333,6011.849999999999,19.40473118279569,16.882603686635946
Chikla,underground,2023-03-01,7750.0,6718.1,1031.9,0.88,76,0,18.1,0,0,0,0,0,0,0,0,0,0,0,13.31483870967742,86.68516129032258,0.0,0.10555555555555556,0,1,6173.7,6081.6,6241.099999999999,6063.900000000001,19.469677419354834,17.686981566820275
Chikla,underground,2023-04-01,7750.0,7665.1,84.9,0.915,58,0,49.5,1,0,0,0,0,0,0,0,0,0,0,1.0954838709677421,98.90451612903226,49.5,0.08055555555555556,0,2,6718.1,5831.5,6852.3,6317.5,11.583225806451608,15.830276497695854
Chikla,underground,2023-05-01,7750.0,7482.3,267.7,0.92,49,0,25.8,0,0,0,0,0,0,0,0,0,0,0,3.4541935483870967,96.5458064516129,0.0,0.06805555555555555,0,2,7665.1,6173.7,7288.5,6658.716666666667,5.954838709677414,12.679784946236559
Chikla,underground,2023-06-01,7750.0,6935.9,814.1,0.895,78,0,284.4,4,0,0,0,0,0,0,0,0,0,0,10.504516129032258,89.49548387096775,71.1,0.10833333333333334,1,2,7482.3,6718.1,7361.100000000001,6801.100000000001,5.0180645161290265,12.243870967741936
Chikla,underground,2023-07-01,7750.0,7070.6,679.4,0.93,52,0,544.3,12,0,0,0,0,0,0,1,1,1,1,8.766451612903225,91.23354838709677,45.35833333333333,0.07222222222222222,1,3,6935.9,7665.1,7162.933333333333,7007.616666666668,7.575053763440853,9.579139784946237
Chikla,underground,2023-08-01,7750.0,6545.1,1204.9,0.865,122,1,375.8,6,0,0,0,0,0,0,0,0,0,0,15.54709677419355,84.45290322580645,62.63333333333333,0.16944444444444445,1,3,7070.6,7482.3,6850.533333333333,7069.516666666666,11.606021505376338,8.780430107526882
Chikla,underground,2023-09-01,7750.0,6901.6,848.4,0.89,75,0,332.6,6,0,0,0,0,0,0,0,0,0,0,10.947096774193549,89.05290322580646,55.43333333333334,0.10416666666666667,1,3,6545.1,6935.9,6839.100000000001,7100.099999999999,11.75354838709677,8.385806451612904
Chikla,underground,2023-10-01,7750.0,6108.4,1641.6,0.795,147,1,1.2,0,0,0,0,1,1,0,0,2,1,0,21.181935483870966,78.81806451612903,0.0,0.20416666666666666,0,4,6901.6,7070.6,6518.366666666666,6840.650000000001,15.892043010752682,11.733548387096775
Chikla,underground,2023-11-01,7750.0,6117.1,1632.9,0.82,130,1,21.9,0,0,0,0,0,0,0,0,0,0,0,21.06967741935484,78.93032258064517,0.0,0.18055555555555555,0,4,6108.4,6545.1,6375.7,6613.116666666666,17.732903225806446,14.669462365591398
Chikla,underground,2023-12-01,7750.0,6946.0,804.0,0.905,65,0,16.2,0,0,0,0,0,0,0,0,0,0,0,10.374193548387096,89.6258064516129,0.0,0.09027777777777778,0,4,6117.1,6901.6,6390.5,6614.8,17.54193548387096,14.647741935483872
Chikla,underground,2024-01-01,8780.0,7654.9,1125.1,0.9,66,0,21.2,0,0,0,0,0,0,0,0,0,0,0,12.814350797266513,87.18564920273349,0.0,0.09166666666666666,0,1,6946.0,6108.4,6906.0,6712.183333333334,14.752740588336144,15.32239179954442
Chikla,underground,2024-02-01,8780.0,7683.0,1097.0,0.905,67,0,37.5,0,0,0,0,0,0,0,0,0,0,0,12.494305239179955,87.50569476082003,0.0,0.09305555555555556,0,1,7654.9,6117.1,7427.966666666667,6901.833333333333,11.894283194944515,14.813593210375487
Chikla,underground,2024-03-01,8780.0,7422.1,1357.9,0.85,101,1,39.2,1,0,0,0,0,0,0,0,0,0,0,15.465831435079727,84.53416856492028,39.2,0.14027777777777778,0,1,7683.0,6946.0,7586.666666666667,6988.583333333333,13.591495823842058,15.566715653856514
Chikla,underground,2024-04-01,8780.0,7774.3,1005.7,0.885,78,0,49.8,0,0,0,0,0,0,0,0,0,0,0,11.454441913439636,88.54555808656038,0.0,0.10833333333333334,0,2,7422.1,7654.9,7626.466666666667,7266.233333333334,13.138192862566433,13.945466725451292
Chikla,underground,2024-05-01,8780.0,7053.7,1726.3,0.86,111,1,46.3,0,0,0,0,0,0,0,0,0,0,0,19.661731207289293,80.33826879271069,0.0,0.15416666666666667,0,2,7774.3,7683.0,7416.7,7422.333333333333,15.527334851936212,13.71080902344037
Chikla,underground,2024-06-01,8780.0,7144.9,1635.1,0.925,47,0,225.7,3,0,0,0,0,0,0,0,0,0,0,18.62300683371298,81.37699316628701,75.23333333333333,0.06527777777777778,1,2,7053.7,7422.1,7324.3,7455.483333333333,16.57972665148063,15.085611237661352
Chikla,underground,2024-07-01,8780.0,7814.2,965.8,0.9,70,0,674.1,14,0,0,0,0,0,1,1,2,1,1,11.0,89.0,48.15,0.09722222222222222,1,3,7144.9,7774.3,7337.599999999999,7482.033333333334,16.42824601366742,14.783219438116932
Chikla,underground,2024-08-01,8780.0,6810.0,1970.0,0.895,87,1,485.3,12,0,0,0,0,0,0,1,1,1,0,22.4373576309795,77.5626423690205,40.44166666666667,0.12083333333333333,1,3,7814.2,7053.7,7256.366666666666,7336.533333333333,17.353454821564153,16.44039483675019
Chikla,underground,2024-09-01,8780.0,8104.9,675.1,0.92,64,0,357.9,3,0,0,0,0,0,0,0,0,0,0,7.689066059225514,92.31093394077449,119.3,0.08888888888888889,1,3,6810.0,7144.9,7576.366666666666,7450.333333333333,13.708807896734998,15.144267274107824
Chikla,underground,2024-10-01,8780.0,8205.9,574.1,0.915,60,0,37.5,0,0,0,0,0,0,0,0,0,0,0,6.53872437357631,93.46127562642369,0.0,0.08333333333333333,0,4,8104.9,7814.2,7706.933333333333,7522.266666666667,12.221716021260434,14.324981017463934
Chikla,underground,2024-11-01,8780.0,7179.4,1600.6,0.91,78,0,0.0,0,0,0,0,0,0,0,0,0,0,0,18.23006833712984,81.76993166287015,0.0,0.10833333333333334,0,4,8205.9,6810.0,7830.066666666666,7543.216666666666,10.81928625664388,14.086370539104024
Chikla,underground,2024-12-01,8780.0,8241.3,538.7,0.905,78,0,4.7,0,0,0,0,0,0,0,0,0,0,0,6.135535307517085,93.86446469248291,0.0,0.10833333333333334,0,4,7179.4,8104.9,7875.533333333333,7725.95,10.30144267274107,12.00512528473804
Chikla,underground,2025-01-01,9015.0,7135.4,1879.6,0.84,102,1,0.5,0,0,0,0,0,0,0,0,0,0,0,20.84969495285635,79.15030504714365,0.0,0.14166666666666666,0,1,8241.3,8205.9,7518.7,7612.816666666666,15.07176619916775,13.6467411102141
Chikla,underground,2025-02-01,9015.0,7549.8,1465.2,0.875,84,1,0.0,0,0,0,0,0,0,0,0,0,0,0,16.252911813643927,83.74708818635608,0.0,0.11666666666666667,0,1,7135.4,7179.4,7642.166666666667,7736.116666666666,14.412714024672445,12.616000140658173
Chikla,underground,2025-03-01,9015.0,7733.9,1281.1,0.91,64,0,0.1,0,0,0,0,0,0,0,0,0,0,0,14.210759844703272,85.78924015529672,0.0,0.08888888888888889,0,1,7549.8,8241.3,7473.033333333333,7674.283333333333,17.10445553706784,13.702949104904462
Chikla,underground,2025-04-01,9015.0,8604.8,410.2,0.885,89,1,2.5,0,0,0,0,0,0,0,0,0,0,0,4.5501941209095955,95.4498058790904,0.0,0.12361111111111112,0,2,7733.9,7135.4,7962.833333333333,7740.766666666667,11.67128859308559,13.371527396126679
Chikla,underground,2025-05-01,9015.0,8566.0,449.0,0.86,114,1,32.2,0,0,0,0,0,0,0,0,0,0,0,4.980587909040488,95.0194120909595,0.0,0.15833333333333333,0,2,8604.8,7549.8,8301.566666666666,7971.866666666666,7.91384729155111,11.163280658111786
Chikla,underground,2025-06-01,9015.0,7619.7,1395.3,0.865,95,1,248.8,4,0,0,0,0,0,0,0,0,0,0,15.477537437603992,84.522462562396,62.2,0.13194444444444445,1,2,8566.0,7733.9,8263.499999999998,7868.266666666666,8.336106489184685,12.72028101312627
Chikla,underground,2025-07-01,9015.0,7562.3,1452.7,0.93,60,0,694.8,11,0,0,0,0,0,1,1,2,1,1,16.114254021075986,83.88574597892402,63.16363636363636,0.08333333333333333,1,3,7619.7,8604.8,7916.0,7939.416666666667,12.190793122573481,11.931040857829544
Chikla,underground,2025-08-01,9015.0,7485.4,1529.6,0.865,102,1,355.4,8,0,0,0,0,0,0,0,0,0,0,16.967276760953965,83.03272323904604,44.425,0.14166666666666666,1,3,7562.3,8566.0,7555.799999999999,7928.683333333333,16.186356073211307,12.050101682381216
Chikla,underground,2025-09-01,9015.0,8083.4,931.6,0.92,56,0,296.4,5,0,0,0,0,0,0,0,0,0,0,10.333887964503605,89.6661120354964,59.279999999999994,0.07777777777777778,1,3,7485.4,7619.7,7710.366666666666,7986.933333333333,14.47180624884451,11.403956369014606
Chikla,underground,2025-10-01,9015.0,8405.2,609.8,0.915,57,0,99.2,0,0,0,0,0,0,0,0,0,0,0,6.764281752634497,93.23571824736551,0.0,0.07916666666666666,0,4,8083.4,7562.3,7991.333333333333,7953.666666666667,11.35514882603068,11.772970974302089
Chikla,underground,2025-11-01,9015.0,7354.5,1660.5,0.85,111,1,1.4,0,0,0,0,0,0,0,0,0,0,0,18.419301164725457,81.58069883527455,0.0,0.15416666666666667,0,4,8405.2,7485.4,7947.7,7751.75,11.83915696062118,14.01275651691625
Chikla,underground,2025-12-01,9015.0,7891.6,1123.4,0.875,79,0,0.0,0,0,0,0,0,0,0,0,0,0,0,12.461453133666113,87.53854686633389,0.0,0.10972222222222222,0,4,7354.5,8083.4,7883.766666666666,7797.066666666667,12.548345350342016,13.510075799593272
Dongri Buzurg,opencast,2015-01-01,7593.3,6102.2,1491.1,0.84,99,1,0.0,0,0,0,0,0,0,0,0,0,0,0,19.63704845060777,80.36295154939222,0.0,0.1375,0,1,,,6102.2,6102.2,19.63704845060777,19.63704845060777
Dongri Buzurg,opencast,2015-02-01,7593.3,6921.9,671.5,0.845,102,1,3.2,0,0,0,0,0,0,0,0,0,0,0,8.843322402644436,91.15799454782506,0.0,0.14166666666666666,0,1,6102.2,,6512.049999999999,6512.049999999999,14.240185426626104,14.240185426626104
Dongri Buzurg,opencast,2015-03-01,7593.3,6520.1,1073.2,0.85,121,1,40.9,1,0,0,0,0,0,0,0,0,0,0,14.133512438597185,85.86648756140282,40.9,0.16805555555555557,0,1,6921.9,,6514.733333333334,6514.733333333334,14.204627763949796,14.204627763949796
Dongri Buzurg,opencast,2015-04-01,7593.3,6754.0,839.3,0.885,74,0,26.9,0,0,0,0,0,0,0,0,0,0,0,11.053165290453425,88.94683470954658,0.0,0.10277777777777777,0,2,6520.1,6102.2,6732.0,6574.55,11.343333377231682,13.416762145575705
Dongri Buzurg,opencast,2015-05-01,7593.3,6865.8,727.5,0.86,111,1,13.1,0,0,0,0,0,0,0,0,0,0,0,9.580814665560428,90.41918533443956,0.0,0.15416666666666667,0,2,6754.0,6921.9,6713.3,6632.8,11.589164131537013,12.649572649572649
Dongri Buzurg,opencast,2015-06-01,7593.3,5495.9,2097.4,0.865,94,1,324.5,6,0,0,0,0,0,0,0,0,0,0,27.621719147142876,72.37828085285712,54.083333333333336,0.13055555555555556,1,2,6865.8,6520.1,6371.899999999999,6443.316666666667,16.085233034385578,15.144930399167686
Dongri Buzurg,opencast,2015-07-01,7593.3,6439.5,1153.8,0.87,104,1,357.1,3,0,0,0,0,0,0,0,0,0,0,15.194974517008413,84.80502548299158,119.03333333333335,0.14444444444444443,1,3,5495.9,6754.0,6267.066666666666,6499.533333333333,17.465836109903908,14.404584743567794
Dongri Buzurg,opencast,2015-08-01,7593.3,6272.7,1320.6,0.925,62,0,416.0,7,0,0,0,0,0,0,0,0,0,0,17.391647900122475,82.60835209987752,59.42857142857143,0.08611111111111111,1,3,6439.5,6865.8,6069.366666666666,6391.333333333333,20.069447188091257,15.829305659814134
Dongri Buzurg,opencast,2015-09-01,7593.3,6295.0,1298.3,0.92,58,0,160.2,3,0,0,0,0,0,0,0,0,0,0,17.09796794542557,82.90203205457442,53.4,0.08055555555555556,1,3,6272.7,5495.9,6335.733333333334,6353.816666666667,16.561530120852154,16.323381577618864
Dongri Buzurg,opencast,2015-10-01,7593.3,6076.1,1517.2,0.885,75,0,6.6,0,0,0,0,0,0,0,0,0,0,0,19.980772523145404,80.0192274768546,0.0,0.10416666666666667,0,4,6295.0,6439.5,6214.599999999999,6240.833333333333,18.156796122897816,17.811316116400864
Dongri Buzurg,opencast,2015-11-01,7593.3,6667.1,926.2,0.91,57,0,0.3,0,0,0,0,0,0,0,0,0,0,0,12.197595248442706,87.80240475155729,0.0,0.07916666666666666,0,4,6076.1,6272.7,6346.066666666667,6207.716666666667,16.42544523900456,18.247446213547907
Dongri Buzurg,opencast,2015-12-01,7593.3,6491.0,1102.3,0.875,79,0,3.2,0,0,0,0,0,0,0,0,0,0,0,14.516745025219603,85.4832549747804,0.0,0.10972222222222222,0,4,6667.1,6295.0,6411.400000000001,6373.566666666667,15.565037598935907,16.063283859894028
Dongri Buzurg,opencast,2016-01-01,7200.0,6054.2,1145.8,0.81,140,1,1.1,0,0,0,0,1,1,0,0,2,1,0,15.913888888888888,84.08611111111111,0.0,0.19444444444444445,0,1,6491.0,6076.1,6404.100000000001,6309.349999999999,14.209409720850397,16.183102921874106
Dongri Buzurg,opencast,2016-02-01,7200.0,5960.5,1239.5,0.905,69,0,6.6,0,0,0,0,0,0,0,0,0,0,0,17.215277777777775,82.78472222222221,0.0,0.09583333333333334,0,1,6054.2,6667.1,6168.566666666666,6257.316666666667,15.88197056396209,16.153707901483326
Dongri Buzurg,opencast,2016-03-01,7200.0,6627.3,572.7,0.91,62,0,23.5,0,0,0,0,0,0,0,0,0,0,0,7.9541666666666675,92.04583333333333,0.0,0.08611111111111111,0,1,5960.5,6491.0,6214.0,6312.700000000001,13.694444444444443,14.629741021690172
Dongri Buzurg,opencast,2016-04-01,7200.0,6337.0,863.0,0.915,62,0,6.8,0,0,0,0,0,0,0,0,0,0,0,11.98611111111111,88.01388888888889,0.0,0.08611111111111111,0,2,6627.3,6054.2,6308.266666666666,6356.183333333333,12.385185185185184,13.29729745301779
Dongri Buzurg,opencast,2016-05-01,7200.0,6363.2,836.8,0.86,93,1,7.2,0,0,0,0,0,0,0,0,0,0,0,11.622222222222222,88.37777777777778,0.0,0.12916666666666668,0,2,6337.0,5960.5,6442.5,6305.533333333333,10.520833333333334,13.201401948647712
Dongri Buzurg,opencast,2016-06-01,7200.0,6408.9,791.1,0.925,60,0,155.9,4,0,0,0,0,0,0,0,0,0,0,10.9875,89.01249999999999,38.975,0.08333333333333333,1,2,6363.2,6627.3,6369.7,6291.849999999999,11.531944444444443,12.613194444444446
Dongri Buzurg,opencast,2016-07-01,7200.0,4788.1,2411.9,0.9,79,0,685.4,13,0,0,0,0,0,1,1,2,1,1,33.49861111111112,66.5013888888889,52.723076923076924,0.10972222222222222,1,3,6408.9,6337.0,5853.400000000001,6080.833333333333,18.70277777777778,15.543981481481481
Dongri Buzurg,opencast,2016-08-01,7200.0,6456.8,743.2,0.895,64,0,333.3,4,0,0,0,0,0,0,0,0,0,0,10.322222222222223,89.67777777777778,83.325,0.08888888888888889,1,3,4788.1,6363.2,5884.599999999999,6163.55,18.269444444444446,14.395138888888889
Dongri Buzurg,opencast,2016-09-01,7200.0,6960.9,239.1,0.92,50,0,250.3,2,0,0,0,0,0,0,0,0,0,0,3.3208333333333333,96.67916666666666,125.15,0.06944444444444445,1,3,6456.8,6408.9,6068.599999999999,6219.150000000001,15.71388888888889,13.622916666666669
Dongri Buzurg,opencast,2016-10-01,7200.0,6409.5,790.5,0.915,60,0,44.2,0,0,0,0,0,0,0,0,0,0,0,10.979166666666666,89.02083333333334,0.0,0.08333333333333333,0,4,6960.9,4788.1,6609.066666666667,6231.233333333334,8.207407407407407,13.455092592592594
Dongri Buzurg,opencast,2016-11-01,7200.0,5853.8,1346.2,0.85,125,1,0.3,0,0,0,0,0,0,0,0,0,0,0,18.697222222222223,81.30277777777778,0.0,0.1736111111111111,0,4,6409.5,6456.8,6408.066666666667,6146.333333333333,10.999074074074073,14.634259259259261
Dongri Buzurg,opencast,2016-12-01,7200.0,6672.5,527.5,0.905,66,0,0.0,0,0,0,0,0,0,0,0,0,0,0,7.326388888888889,92.67361111111111,0.0,0.09166666666666666,0,4,5853.8,6960.9,6311.933333333333,6190.266666666666,12.33425925925926,14.024074074074074
Dongri Buzurg,opencast,2017-01-01,7466.7,5883.1,1583.5,0.87,97,1,1.4,0,0,0,0,0,0,0,0,0,0,0,21.207494609399067,78.79116611086559,0.0,0.13472222222222222,0,1,6672.5,6409.5,6136.466666666667,6372.766666666666,15.743701906836726,11.975554657122066
Dongri Buzurg,opencast,2017-02-01,7466.7,6391.7,1075.0,0.875,90,1,1.9,0,0,0,0,0,0,0,0,0,0,0,14.397257155101986,85.60274284489802,0.0,0.125,0,1,5883.1,5853.8,6315.766666666666,6361.916666666667,14.310380217796649,12.654727145935361
Dongri Buzurg,opencast,2017-03-01,7466.7,7079.9,386.8,0.91,77,0,0.2,0,0,0,0,0,0,0,0,0,0,0,5.1803340163659986,94.819665983634,0.0,0.10694444444444444,0,1,6391.7,6672.5,6451.566666666667,6381.75,13.595028593622352,12.964643926440802
Dongri Buzurg,opencast,2017-04-01,7466.7,6296.9,1169.8,0.885,81,1,0.3,0,0,0,0,0,0,0,0,0,0,0,15.666894344221676,84.33310565577831,0.0,0.1125,0,2,7079.9,5883.1,6589.5,6362.983333333334,11.74816183856322,13.745931872699975
Dongri Buzurg,opencast,2017-05-01,7466.7,7650.0,0.0,0.92,45,0,14.8,0,0,0,0,0,0,0,0,0,0,0,0.0,102.45489975491182,0.0,0.0625,0,2,6296.9,6391.7,7008.933333333333,6662.349999999999,6.949076120195891,10.62972816899627
Dongri Buzurg,opencast,2017-06-01,7466.7,5532.7,1934.0,0.865,88,1,211.9,5,0,0,0,0,0,0,0,0,0,0,25.90167008182999,74.09832991817001,42.38,0.12222222222222222,1,2,7650.0,7079.9,6493.2,6472.383333333334,13.856188142017222,13.725608367819786
Dongri Buzurg,opencast,2017-07-01,7466.7,6222.4,1244.2,0.93,52,0,460.2,5,0,0,0,0,0,0,0,0,0,0,16.663318467328274,83.33534225293637,92.03999999999999,0.07222222222222222,1,3,5532.7,6296.9,6468.366666666666,6528.933333333333,14.188329516386089,12.968245677474656
Dongri Buzurg,opencast,2017-08-01,7466.7,6654.3,812.4,0.925,61,0,477.1,5,0,0,0,0,0,0,0,0,0,0,10.880308570051026,89.11969142994897,95.42,0.08472222222222223,1,3,6222.4,7650.0,6136.466666666666,6572.7,17.81509903973643,12.38208757996616
Dongri Buzurg,opencast,2017-09-01,7466.7,5668.8,1797.9,0.86,99,1,181.8,2,0,0,0,0,0,0,0,0,0,0,24.078910362007313,75.9210896379927,90.9,0.1375,1,3,6654.3,5532.7,6181.833333333333,6337.516666666666,17.207512466462205,15.531850304239713
Dongri Buzurg,opencast,2017-10-01,7466.7,7186.7,280.0,0.915,54,0,77.4,0,0,0,0,0,0,0,0,0,0,0,3.749983259003308,96.25001674099668,0.0,0.075,0,4,5668.8,6222.4,6503.266666666666,6485.816666666667,12.90306739702055,13.54569845670332
Dongri Buzurg,opencast,2017-11-01,7466.7,7195.2,271.5,0.91,65,0,1.1,0,0,0,0,0,0,0,0,0,0,0,3.6361444814978507,96.36385551850215,0.0,0.09027777777777778,0,4,7186.7,6654.3,6683.566666666667,6410.016666666666,10.48834603416949,14.15172253695296
Dongri Buzurg,opencast,2017-12-01,7466.7,5988.4,1478.2,0.875,93,1,0.0,0,0,0,0,0,0,0,0,0,0,0,19.79723304806675,80.2014276721979,0.0,0.12916666666666668,0,4,7195.2,5668.8,6790.099999999999,6485.966666666666,9.06112026285597,13.134316364659087
Dongri Buzurg,opencast,2018-01-01,7933.3,6897.6,1035.7,0.9,72,0,0.0,0,0,0,0,0,0,0,0,0,0,0,13.055096870154918,86.94490312984509,0.0,0.1,0,1,5988.4,7186.7,6693.733333333333,6598.5,12.162824799906508,12.532946098463528
Dongri Buzurg,opencast,2018-02-01,7933.3,7219.0,714.4,0.845,99,1,21.5,0,0,0,0,0,0,0,0,0,0,0,9.005079853276694,90.99618065622124,0.0,0.1375,0,1,6897.6,7195.2,6701.666666666667,6692.616666666666,13.952469923832787,12.22040797900114
Dongri Buzurg,opencast,2018-03-01,7933.3,7748.6,184.7,0.91,69,0,2.8,0,0,0,0,0,0,0,0,0,0,0,2.3281610426934565,97.67183895730655,0.0,0.09583333333333334,0,1,7219.0,5988.4,7288.400000000001,7039.25,8.12944592204169,8.59528309244883
Dongri Buzurg,opencast,2018-04-01,7933.3,7169.7,763.6,0.855,118,1,16.8,0,0,0,0,0,0,0,0,0,0,0,9.625250526262716,90.37474947373728,0.0,0.1638888888888889,0,2,7748.6,6897.6,7379.099999999999,7036.416666666667,6.986163807410956,9.574494303658732
Dongri Buzurg,opencast,2018-05-01,7933.3,7295.2,638.1,0.89,84,1,12.6,0,0,0,0,0,0,0,0,0,0,0,8.043311106349186,91.9566888936508,0.0,0.11666666666666667,0,2,7169.7,7219.0,7404.5,7053.083333333333,6.6655742251017855,10.309022074467286
Dongri Buzurg,opencast,2018-06-01,7933.3,6428.3,1505.1,0.925,53,0,197.0,4,0,0,0,0,0,0,0,0,0,0,18.971928453480896,81.02933205601704,49.25,0.07361111111111111,1,2,7295.2,7748.6,6964.400000000001,7126.400000000001,12.213496695364265,10.171471308702978
Dongri Buzurg,opencast,2018-07-01,7933.3,5784.7,2148.6,0.93,73,0,534.8,8,0,0,0,0,0,0,0,0,0,1,27.083307072718792,72.9166929272812,66.85,0.10138888888888889,1,3,6428.3,7169.7,6502.733333333333,6940.916666666667,18.03284887751629,12.509506342463624
Dongri Buzurg,opencast,2018-08-01,7933.3,6467.0,1466.3,0.925,48,0,517.1,5,0,0,0,0,0,0,0,0,0,1,18.48285076828054,81.51714923171946,103.42,0.06666666666666667,1,3,5784.7,7295.2,6226.666666666667,6815.583333333333,21.51269543149341,14.089134828297597
Dongri Buzurg,opencast,2018-09-01,7933.3,6577.3,1356.0,0.89,88,1,131.2,3,0,0,0,0,0,0,0,0,0,0,17.09250879205375,82.90749120794625,43.73333333333333,0.12222222222222222,1,3,6467.0,6428.3,6276.333333333333,6620.366666666666,20.886222211017692,16.54985945319098
Dongri Buzurg,opencast,2018-10-01,7933.3,6740.4,1192.9,0.915,68,0,0.7,0,0,0,0,0,0,0,0,0,0,0,15.036617800915131,84.96338219908486,0.0,0.09444444444444444,0,4,6577.3,5784.7,6594.900000000001,6548.816666666667,16.870659120416473,17.45175399896638
Dongri Buzurg,opencast,2018-11-01,7933.3,7212.1,721.2,0.91,60,0,0.4,0,0,0,0,0,0,0,0,0,0,0,9.090794499136551,90.90920550086345,0.0,0.08333333333333333,0,4,6740.4,6467.0,6843.266666666666,6534.966666666667,13.739973697368477,17.626334564430945
Dongri Buzurg,opencast,2018-12-01,7933.3,7206.8,726.6,0.905,60,0,29.7,1,0,0,0,0,0,0,0,0,0,0,9.158862012025262,90.84239849747267,29.7,0.08333333333333333,0,4,7212.1,6577.3,7053.100000000001,6664.716666666667,11.095424770692313,15.990823490855005
Dongri Buzurg,opencast,2019-01-01,8200.0,7150.0,1050.0,0.87,83,1,32.6,1,0,0,0,0,0,0,0,0,0,0,12.804878048780488,87.1951219512195,32.6,0.11527777777777778,0,1,7206.8,6740.4,7189.633333333334,6892.266666666667,10.351511519980766,13.611085320198619
Dongri Buzurg,opencast,2019-02-01,8200.0,6869.8,1330.2,0.905,60,0,4.6,0,0,0,0,0,0,0,0,0,0,0,16.221951219512196,83.77804878048781,0.0,0.08333333333333333,0,1,7150.0,7212.1,7075.533333333334,6959.400000000001,12.72856376010598,13.234268728737229
Dongri Buzurg,opencast,2019-03-01,8200.0,6614.5,1585.5,0.91,74,0,28.7,1,0,0,0,0,0,0,0,0,0,0,19.335365853658537,80.66463414634146,28.7,0.10277777777777777,0,1,6869.8,7206.8,6878.099999999999,6965.599999999999,16.120731707317074,13.608078239004692
Dongri Buzurg,opencast,2019-04-01,8200.0,6814.3,1385.7,0.825,131,1,0.9,0,0,0,0,0,0,0,0,0,0,0,16.898780487804878,83.10121951219513,0.0,0.18194444444444444,0,2,6614.5,7150.0,6766.2,6977.916666666667,17.485365853658536,13.91843868681965
Dongri Buzurg,opencast,2019-05-01,8200.0,7859.1,340.9,0.92,74,0,0.1,0,0,0,0,0,0,0,0,0,0,0,4.157317073170732,95.84268292682927,0.0,0.10277777777777777,0,2,6814.3,6869.8,7095.966666666667,7085.75,13.463821138211385,13.09619244915868
Dongri Buzurg,opencast,2019-06-01,8200.0,6556.5,1643.5,0.835,114,1,142.3,2,0,0,0,0,0,0,0,0,0,0,20.04268292682927,79.95731707317073,71.15,0.15833333333333333,1,2,7859.1,6614.5,7076.633333333334,6977.366666666666,13.699593495934957,14.910162601626018
Dongri Buzurg,opencast,2019-07-01,8200.0,5428.3,2771.7,0.9,59,0,487.7,12,0,0,0,0,0,0,1,1,1,0,33.80121951219512,66.19878048780488,40.641666666666666,0.08194444444444444,1,3,6556.5,6814.3,6614.633333333334,6690.416666666667,19.333739837398372,18.409552845528456
Dongri Buzurg,opencast,2019-08-01,8200.0,5773.5,2426.5,0.925,58,0,523.5,9,0,0,0,0,0,0,0,0,0,1,29.591463414634145,70.40853658536585,58.166666666666664,0.08055555555555556,1,3,5428.3,7859.1,5919.433333333333,6507.700000000001,27.811788617886176,20.63780487804878
Dongri Buzurg,opencast,2019-09-01,8200.0,5469.3,2730.7,0.89,90,1,566.1,10,0,0,0,0,0,0,0,0,0,1,33.30121951219512,66.69878048780488,56.61,0.125,1,3,5773.5,6556.5,5557.033333333333,6316.833333333333,32.231300813008126,22.965447154471548
Dongri Buzurg,opencast,2019-10-01,8200.0,7171.7,1028.3,0.885,65,0,52.4,0,0,0,0,0,0,0,0,0,0,0,12.540243902439025,87.45975609756097,0.0,0.09027777777777778,0,4,5469.3,5428.3,6138.166666666667,6376.400000000001,25.144308943089428,22.2390243902439
Dongri Buzurg,opencast,2019-11-01,8200.0,7842.4,357.6,0.91,70,0,0.3,0,0,0,0,0,0,0,0,0,0,0,4.360975609756098,95.6390243902439,0.0,0.09722222222222222,0,4,7171.7,5773.5,6827.8,6373.616666666666,16.73414634146341,22.272967479674794
Dongri Buzurg,opencast,2019-12-01,8200.0,7083.3,1116.7,0.905,47,0,21.7,0,0,0,0,0,0,0,0,0,0,0,13.61829268292683,86.38170731707318,0.0,0.06527777777777778,0,4,7842.4,5469.3,7365.8,6461.416666666667,10.173170731707314,21.20223577235772
Dongri Buzurg,opencast,2020-01-01,7000.0,5725.3,1274.7,0.87,111,1,37.5,0,0,0,0,0,0,0,0,0,0,0,18.21,81.79,0.0,0.15416666666666667,0,1,7083.3,7171.7,6883.666666666667,6510.916666666667,12.063089430894307,18.60369918699187
Dongri Buzurg,opencast,2020-02-01,7000.0,5629.8,1370.2,0.875,97,1,27.0,0,0,0,0,0,0,0,0,0,0,0,19.574285714285715,80.42571428571429,0.0,0.13472222222222222,0,1,5725.3,7842.4,6146.133333333334,6486.966666666666,17.134192799070846,16.93416957026713
Dongri Buzurg,opencast,2020-03-01,7000.0,5789.9,1210.1,0.91,58,0,48.3,0,0,0,0,0,0,0,0,0,0,0,17.287142857142857,82.71285714285713,0.0,0.08055555555555556,0,1,5629.8,7083.3,5715.0,6540.400000000001,18.357142857142854,14.265156794425089
Dongri Buzurg,opencast,2020-04-01,7000.0,6119.3,880.7,0.885,87,1,6.4,0,0,0,0,0,0,0,0,0,0,0,12.581428571428571,87.41857142857144,0.0,0.12083333333333333,0,2,5789.9,5725.3,5846.333333333333,6365.0,16.480952380952377,14.272020905923346
Dongri Buzurg,opencast,2020-05-01,7000.0,5787.4,1212.6,0.92,56,0,0.7,0,0,0,0,0,0,0,0,0,0,0,17.322857142857142,82.67714285714285,0.0,0.07777777777777778,0,2,6119.3,5629.8,5898.866666666666,6022.5,15.730476190476187,16.432334494773517
Dongri Buzurg,opencast,2020-06-01,7000.0,5973.5,1026.5,0.925,48,0,351.4,5,0,0,0,0,0,0,0,0,0,0,14.664285714285713,85.33571428571427,70.28,0.06666666666666667,1,2,5787.4,5789.9,5960.066666666667,5837.533333333333,14.856190476190472,16.606666666666666
Dongri Buzurg,opencast,2020-07-01,7000.0,5384.1,1615.9,0.9,81,1,322.6,6,0,0,0,0,0,0,0,0,0,0,23.084285714285716,76.91571428571429,53.76666666666667,0.1125,1,3,5973.5,6119.3,5715.0,5780.666666666667,18.35714285714285,17.419047619047618
Dongri Buzurg,opencast,2020-08-01,7000.0,4201.4,2798.6,0.835,116,1,726.2,13,0,0,0,0,0,1,1,2,1,1,39.98,60.019999999999996,55.861538461538466,0.16111111111111112,1,3,5384.1,5787.4,5186.333333333333,5542.599999999999,25.909523809523805,20.82
Dongri Buzurg,opencast,2020-09-01,7000.0,5380.1,1619.9,0.92,47,0,218.8,4,0,0,0,0,0,0,0,0,0,0,23.141428571428573,76.85857142857144,54.7,0.06527777777777778,1,3,4201.4,5973.5,4988.533333333333,5474.3,28.735238095238092,21.795714285714283
Dongri Buzurg,opencast,2020-10-01,7000.0,5411.8,1588.2,0.855,90,1,67.8,0,0,0,0,0,0,0,0,0,0,0,22.68857142857143,77.31142857142858,0.0,0.125,0,4,5380.1,5384.1,4997.766666666667,5356.383333333334,28.603333333333328,23.480238095238093
Dongri Buzurg,opencast,2020-11-01,7000.0,6200.0,800.0,0.91,52,0,4.4,0,0,0,0,0,0,0,0,0,0,0,11.428571428571429,88.57142857142857,0.0,0.07222222222222222,0,4,5411.8,4201.4,5663.966666666667,5425.150000000001,19.086190476190474,22.497857142857143
Dongri Buzurg,opencast,2020-12-01,7000.0,5847.0,1153.0,0.905,56,0,0.4,0,0,0,0,0,0,0,0,0,0,0,16.47142857142857,83.52857142857142,0.0,0.07777777777777778,0,4,6200.0,5380.1,5819.599999999999,5404.066666666667,16.86285714285714,22.799047619047617
Dongri Buzurg,opencast,2021-01-01,8533.3,8419.0,114.3,0.9,64,0,5.3,0,0,0,0,0,0,0,0,0,0,0,1.339458357259208,98.6605416427408,0.0,0.08888888888888889,0,1,5847.0,5411.8,6822.0,5909.883333333334,9.7464861190864,19.174909726209865
Dongri Buzurg,opencast,2021-02-01,8533.3,7936.7,596.6,0.905,65,0,9.2,0,0,0,0,0,0,0,0,0,0,0,6.991433560287345,93.00856643971265,0.0,0.09027777777777778,0,1,8419.0,6200.0,7400.900000000001,6532.433333333333,8.267440162991706,13.676815319591093
Dongri Buzurg,opencast,2021-03-01,8533.3,7259.8,1273.5,0.88,92,1,0.7,0,0,0,0,0,0,0,0,0,0,0,14.923886421431334,85.07611357856868,0.0,0.12777777777777777,0,1,7936.7,5847.0,7871.833333333333,6845.716666666667,7.751592779659295,12.30722496125822
Dongri Buzurg,opencast,2021-04-01,8533.3,7493.4,1039.9,0.885,75,0,0.4,0,0,0,0,0,0,0,0,0,0,0,12.186375728030189,87.81362427196981,0.0,0.10416666666666667,0,2,7259.8,8419.0,7563.3,7192.649999999999,11.367231903249623,10.556859011168013
Dongri Buzurg,opencast,2021-05-01,8533.3,8469.1,64.3,0.92,62,0,32.0,0,0,0,0,0,0,0,0,0,0,0,0.7535185684319079,99.24765331114575,0.0,0.08611111111111111,0,2,7493.4,7936.7,7740.766666666666,7570.833333333333,9.287926905964476,8.777683534478093
Dongri Buzurg,opencast,2021-06-01,8533.3,7925.1,608.2,0.895,81,1,315.2,5,0,0,0,0,0,0,0,0,0,0,7.1273715912952795,92.87262840870474,63.04,0.1125,1,2,8469.1,7259.8,7962.533333333333,7917.183333333333,6.689088629252457,7.220340704455878
Dongri Buzurg,opencast,2021-07-01,8533.3,6847.0,1686.3,0.93,54,0,341.1,7,0,0,0,0,0,0,0,0,0,0,19.761405317989524,80.23859468201049,48.728571428571435,0.075,1,3,7925.1,7493.4,7747.066666666666,7655.183333333333,9.214098492572235,10.29066519791093
Dongri Buzurg,opencast,2021-08-01,8533.3,6047.9,2485.4,0.925,47,0,258.4,4,0,0,0,0,0,0,0,0,0,0,29.125895023027436,70.87410497697256,64.6,0.06527777777777778,1,3,6847.0,8469.1,6940.0,7340.383333333334,18.671557310770748,13.979742108367612
Dongri Buzurg,opencast,2021-09-01,8533.3,7173.6,1359.8,0.92,54,0,369.1,5,0,0,0,0,0,0,0,0,0,0,15.935218496947254,84.06595338263041,73.82000000000001,0.075,1,3,6047.9,7925.1,6689.5,7326.016666666666,21.607506279321402,14.148297454286933
Dongri Buzurg,opencast,2021-10-01,8533.3,7347.7,1185.7,0.855,121,1,46.4,0,0,0,0,0,0,0,0,0,0,0,13.894976152250596,86.10619572732706,0.0,0.16805555555555557,0,4,7173.6,6847.0,6856.400000000001,7301.733333333333,19.65202989074176,14.433064191657001
Dongri Buzurg,opencast,2021-11-01,8533.3,7728.8,804.5,0.91,53,0,22.5,0,0,0,0,0,0,0,0,0,0,0,9.42777120223126,90.57222879776874,0.0,0.07361111111111111,0,4,7347.7,6047.9,7416.7,7178.349999999999,13.085988617143036,15.87877296395689
Dongri Buzurg,opencast,2021-12-01,8533.3,7874.2,659.2,0.905,63,0,33.1,1,0,0,0,0,0,0,0,0,0,0,7.725030175899125,92.27614170367853,33.1,0.0875,0,4,7728.8,7173.6,7650.233333333334,7169.866666666666,10.349259176793659,15.978382728057532
Dongri Buzurg,opencast,2022-01-01,9333.3,8228.3,1105.1,0.9,61,0,13.6,0,0,0,0,0,0,0,0,0,0,0,11.840399429997964,88.1606720024,0.0,0.08472222222222223,0,1,7874.2,7347.7,7943.766666666666,7400.083333333333,9.664400269376115,14.65821508005894
Dongri Buzurg,opencast,2022-02-01,9333.3,7968.6,1364.7,0.875,96,1,4.7,0,0,0,0,0,0,0,0,0,0,0,14.621837935135485,85.37816206486453,0.0,0.13333333333333333,0,1,8228.3,7728.8,8023.7,7720.2,11.395755847010856,12.240872232076946
Dongri Buzurg,opencast,2022-03-01,9333.3,8860.5,472.8,0.88,69,0,0.4,0,0,0,0,0,0,0,0,0,0,0,5.065732377615635,94.93426762238437,0.0,0.09583333333333334,0,1,7968.6,7874.2,8352.466666666667,8001.349999999999,10.509323247583026,10.429291212188344
Dongri Buzurg,opencast,2022-04-01,9333.3,8635.8,697.6,0.915,64,0,0.0,0,0,0,0,0,0,0,0,0,0,0,7.474312408258601,92.52675902413937,0.0,0.08888888888888889,0,2,8860.5,8228.3,8488.300000000001,8216.033333333335,9.053960907003239,9.359180588189679
Dongri Buzurg,opencast,2022-05-01,9333.3,8421.6,911.7,0.89,78,0,7.8,0,0,0,0,0,0,0,0,0,0,0,9.768249172318475,90.23175082768154,0.0,0.10833333333333334,0,2,8635.8,7968.6,8639.300000000001,8331.5,7.436097986064236,9.415926916537549
Dongri Buzurg,opencast,2022-06-01,9333.3,8410.6,922.8,0.925,62,0,183.6,4,0,0,0,0,0,0,0,0,0,0,9.887178168493458,90.11389326390452,45.9,0.08611111111111111,1,2,8421.6,8860.5,8489.333333333334,8420.9,9.04324658302351,9.77628491530327
Dongri Buzurg,opencast,2022-07-01,9333.3,6693.8,2639.5,0.93,57,0,602.1,14,0,0,0,0,0,0,1,1,1,1,28.280458144493377,71.71954185550663,43.00714285714286,0.07916666666666666,1,3,8410.6,8635.8,7842.0,8165.150000000001,15.978628495101768,12.516294701052507
Dongri Buzurg,opencast,2022-08-01,9333.3,6520.9,2812.4,0.925,49,0,497.3,9,0,0,0,0,0,0,0,0,0,0,30.132964760588433,69.86703523941156,55.25555555555556,0.06805555555555555,1,3,6693.8,8421.6,7208.433333333333,7923.866666666668,22.766867024525087,15.101482505294662
Dongri Buzurg,opencast,2022-09-01,9333.3,7816.3,1517.1,0.86,85,1,305.1,4,0,0,0,0,0,0,0,0,0,0,16.254700909646104,83.74637052275187,76.275,0.11805555555555555,1,3,6520.9,8410.6,7010.333333333333,7749.833333333333,24.889374604909303,16.96631059396641
Dongri Buzurg,opencast,2022-10-01,9333.3,7017.7,2315.6,0.915,61,0,139.2,3,0,0,0,0,0,0,0,0,0,0,24.810088607459313,75.1899113925407,46.4,0.08472222222222223,0,4,7816.3,6693.8,7118.3,7480.150000000001,23.732584759231283,19.855606627166527
Dongri Buzurg,opencast,2022-11-01,9333.3,8571.6,761.7,0.91,75,0,0.0,0,0,0,0,0,0,0,0,0,0,0,8.1611005753592,91.83889942464081,0.0,0.10416666666666667,0,4,7017.7,6520.9,7801.866666666666,7505.150000000001,16.408630030821538,19.587748527673316
Dongri Buzurg,opencast,2022-12-01,9333.3,8135.7,1197.6,0.905,62,0,4.6,0,0,0,0,0,0,0,0,0,0,0,12.83147439812285,87.16852560187715,0.0,0.08611111111111111,0,4,8571.6,7816.3,7908.333333333333,7459.333333333333,15.267554526980453,20.07846456594488
Dongri Buzurg,opencast,2023-01-01,10333.3,8396.1,1937.3,0.84,119,1,1.5,0,0,0,0,0,0,0,0,0,0,0,18.748124993951595,81.25284275110566,0.0,0.16527777777777777,0,1,8135.7,7017.7,8367.8,7743.05,13.246899989144547,18.489742374187916
Dongri Buzurg,opencast,2023-02-01,10333.3,8144.7,2188.7,0.845,110,1,0.0,0,0,0,0,0,0,0,0,0,0,0,21.181036067858283,78.81993167719897,0.0,0.1527777777777778,0,1,8396.1,8571.6,8225.5,8013.683333333333,17.586878486644242,16.997754258732893
Dongri Buzurg,opencast,2023-03-01,10333.3,9795.9,537.4,0.88,90,1,18.1,0,0,0,0,0,0,0,0,0,0,0,5.200661937619154,94.79933806238084,0.0,0.125,0,1,8144.7,8135.7,8778.9,8343.616666666667,15.04327433314301,15.155414430061732
Dongri Buzurg,opencast,2023-04-01,10333.3,9056.4,1276.9,0.885,75,0,49.5,1,0,0,0,0,0,0,0,0,0,0,12.357136635924634,87.64286336407537,49.5,0.10416666666666667,0,2,9795.9,8396.1,8999.0,8683.4,12.912944880467355,13.079922434805951
Dongri Buzurg,opencast,2023-05-01,10333.3,9169.5,1163.8,0.89,76,0,25.8,0,0,0,0,0,0,0,0,0,0,0,11.262616976183795,88.73738302381621,0.0,0.10555555555555556,0,2,9056.4,8144.7,9340.599999999999,8783.05,9.606805183242527,13.596841834943385
Dongri Buzurg,opencast,2023-06-01,10333.3,9818.6,514.8,0.925,53,0,284.4,4,0,0,0,0,0,0,0,0,0,0,4.981951554682435,95.01901619037481,71.1,0.07361111111111111,1,2,9169.5,9795.9,9348.166666666666,9063.533333333333,9.53390172226362,12.288588027703314
Dongri Buzurg,opencast,2023-07-01,10333.3,5733.5,4599.9,0.81,140,1,544.3,12,0,0,1,1,1,0,1,4,1,1,44.51530488808028,55.48566285697696,45.35833333333333,0.19444444444444445,1,3,9818.6,9056.4,8240.533333333333,8619.766666666665,20.253291139648834,16.583118010058097
Dongri Buzurg,opencast,2023-08-01,10333.3,7601.7,2731.6,0.925,61,0,375.8,6,0,0,0,0,0,0,0,0,0,0,26.43492398362575,73.56507601637425,62.63333333333333,0.08472222222222223,1,3,5733.5,9169.5,7717.933333333333,8529.266666666666,25.310726808796158,17.45876599601934
Dongri Buzurg,opencast,2023-09-01,10333.3,8101.9,2231.4,0.92,59,0,332.6,6,0,0,0,0,0,0,0,0,0,0,21.59426320730067,78.40573679269933,55.43333333333334,0.08194444444444444,1,3,7601.7,9818.6,7145.7,8246.933333333332,30.848164026335564,20.191032874299594
Dongri Buzurg,opencast,2023-10-01,10333.3,7269.8,3063.6,0.795,144,1,1.2,0,0,0,0,1,1,0,0,2,1,0,29.647837573669594,70.35313017138766,0.0,0.2,0,4,8101.9,5733.5,7657.8,7949.166666666667,25.892341588198672,23.072816363923753
Dongri Buzurg,opencast,2023-11-01,10333.3,8764.7,1568.6,0.91,68,0,21.9,0,0,0,0,0,0,0,0,0,0,0,15.180048967899898,84.81995103210012,0.0,0.09444444444444444,0,4,7269.8,7601.7,8045.466666666667,7881.700000000001,22.140716582956717,23.72572169587644
Dongri Buzurg,opencast,2023-12-01,10333.3,9862.1,471.3,0.905,85,1,16.2,0,0,0,0,0,0,0,0,0,0,0,4.5609824547821125,95.43998529027515,0.0,0.11805555555555555,0,4,8764.7,8101.9,8632.2,7888.950000000001,16.462956332117198,23.655560179226384
Dongri Buzurg,opencast,2024-01-01,11706.7,10498.1,1208.6,0.9,71,0,21.2,0,0,0,0,0,0,0,0,0,0,0,10.324002494298137,89.67599750570187,0.0,0.09861111111111111,0,1,9862.1,7269.8,9708.300000000001,8683.05,10.021677972326714,17.957009780262695
Dongri Buzurg,opencast,2024-02-01,11706.7,10700.9,1005.7,0.905,63,0,37.5,0,0,0,0,0,0,0,0,0,0,0,8.590806973784243,91.40833881452501,0.0,0.0875,0,1,10498.1,8764.7,10353.699999999999,9199.583333333334,7.825263974288163,14.982990278622443
Dongri Buzurg,opencast,2024-03-01,11706.7,11183.1,523.6,0.91,57,0,39.2,1,0,0,0,0,0,0,0,0,0,0,4.472652412720921,95.52734758727908,39.2,0.07916666666666666,0,1,10700.9,9862.1,10794.033333333333,9713.116666666667,7.7958206269344315,12.12938847952582
Dongri Buzurg,opencast,2024-04-01,11706.7,9770.7,1935.9,0.885,81,1,49.8,0,0,0,0,0,0,0,0,0,0,0,16.53668412105888,83.46246166725038,0.0,0.1125,0,2,11183.1,10498.1,10551.566666666668,10129.933333333334,9.866714502521345,9.944196237424032
Dongri Buzurg,opencast,2024-05-01,11706.7,10492.4,1214.3,0.92,42,0,46.3,0,0,0,0,0,0,0,0,0,0,0,10.372692560670384,89.62730743932961,0.0,0.058333333333333334,0,2,9770.7,10700.9,10482.066666666668,10417.883333333333,10.460676364816726,9.142970169552447
Dongri Buzurg,opencast,2024-06-01,11706.7,10400.5,1306.2,0.925,62,0,225.7,3,0,0,0,0,0,0,0,0,0,0,11.157713104461548,88.84228689553845,75.23333333333333,0.08611111111111111,1,2,10492.4,11183.1,10221.199999999999,10507.616666666667,12.68902992873027,10.242425277832352
Dongri Buzurg,opencast,2024-07-01,11706.7,6743.4,4963.3,0.87,96,1,674.1,14,0,0,1,0,0,1,1,3,1,1,42.39708884655795,57.60291115344204,48.15,0.13333333333333333,1,3,10400.5,9770.7,9212.1,9881.833333333334,21.30916483722996,15.587939669875654
Dongri Buzurg,opencast,2024-08-01,11706.7,7151.6,4555.0,0.925,40,0,485.3,12,0,0,1,0,0,0,1,2,1,0,38.909342513261635,61.089803275047615,40.44166666666667,0.05555555555555555,1,3,6743.4,10492.4,8098.5,9290.283333333333,30.82138148809371,20.64102892645522
Dongri Buzurg,opencast,2024-09-01,11706.7,9350.4,2356.2,0.89,68,0,357.9,3,0,0,0,0,0,0,0,0,0,0,20.12693585724414,79.87220993106511,119.3,0.09444444444444444,1,3,7151.6,10400.5,7748.466666666667,8984.833333333334,33.811122405687904,23.250076167209087
Dongri Buzurg,opencast,2024-10-01,11706.7,9954.2,1752.5,0.885,67,0,37.5,0,0,0,0,0,0,0,0,0,0,0,14.97005988023952,85.02994011976048,0.0,0.09305555555555556,0,4,9350.4,6743.4,8818.733333333332,9015.416666666666,24.668779416915097,22.98897212707253
Dongri Buzurg,opencast,2024-11-01,11706.7,8840.7,2865.9,0.79,146,1,0.0,0,0,0,0,1,1,0,0,2,1,0,24.480852844952036,75.51829294335722,0.0,0.20277777777777778,0,4,9954.2,7151.6,9381.766666666668,8740.133333333333,19.8592828608119,25.3403321744528
Dongri Buzurg,opencast,2024-12-01,11706.7,9490.0,2216.6,0.845,90,1,4.7,0,0,0,0,0,0,0,0,0,0,0,18.934456336969426,81.06468945133982,0.0,0.125,0,4,8840.7,9350.4,9428.300000000001,8588.383333333333,19.461789687386993,26.63645604653745
Dongri Buzurg,opencast,2025-01-01,12020.0,9760.2,2259.8,0.84,122,1,0.5,0,0,0,0,0,0,0,0,0,0,0,18.800332778702163,81.19966722129784,0.0,0.16944444444444445,0,1,9490.0,9954.2,9363.633333333333,9091.183333333334,20.738547320207875,22.70366336856149
Dongri Buzurg,opencast,2025-02-01,12020.0,11175.1,844.9,0.905,59,0,0.0,0,0,0,0,0,0,0,0,0,0,0,7.029118136439267,92.97088186356073,0.0,0.08194444444444444,0,1,9760.2,8840.7,10141.766666666666,9761.766666666666,14.921302417370285,17.39029263909109
Dongri Buzurg,opencast,2025-03-01,12020.0,9526.4,2493.6,0.82,113,1,0.1,0,0,0,0,0,0,0,0,0,0,0,20.745424292845257,79.25457570715474,0.0,0.15694444444444444,0,1,11175.1,9490.0,10153.900000000001,9791.1,15.524958402662229,17.493374045024613
Dongri Buzurg,opencast,2025-04-01,12020.0,11293.8,726.2,0.915,63,0,2.5,0,0,0,0,0,0,0,0,0,0,0,6.0415973377703835,93.95840266222962,0.0,0.0875,0,2,9526.4,9760.2,10665.099999999999,10014.366666666667,11.272046589018302,16.00529695461309
Dongri Buzurg,opencast,2025-05-01,12020.0,9967.6,2052.4,0.89,75,0,32.2,0,0,0,0,0,0,0,0,0,0,0,17.07487520798669,82.92512479201332,0.0,0.10416666666666667,0,2,11293.8,11175.1,10262.6,10202.183333333334,14.620632279534112,14.770967348452197
Dongri Buzurg,opencast,2025-06-01,12020.0,9694.9,2325.1,0.865,102,1,248.8,4,0,0,0,0,0,0,0,0,0,0,19.343594009983363,80.65640599001664,62.2,0.14166666666666666,1,2,9967.6,9526.4,10318.766666666668,10236.333333333334,14.153355518580147,14.839156960621189
Dongri Buzurg,opencast,2025-07-01,12020.0,9565.3,2454.7,0.9,72,0,694.8,11,0,0,0,0,0,1,1,2,1,1,20.421797004991678,79.57820299500831,63.16363636363636,0.1,1,3,9694.9,11293.8,9742.599999999999,10203.85,18.94675540765391,15.109400998336106
Dongri Buzurg,opencast,2025-08-01,12020.0,8827.2,3192.8,0.925,49,0,355.4,8,0,0,0,0,0,0,0,0,0,0,26.562396006655575,73.43760399334444,44.425,0.06805555555555555,1,3,9565.3,9967.6,9362.466666666667,9812.533333333333,22.109262340543538,18.364947310038826
Dongri Buzurg,opencast,2025-09-01,12020.0,9516.6,2503.4,0.92,71,0,296.4,5,0,0,0,0,0,0,0,0,0,0,20.826955074875208,79.17304492512478,59.279999999999994,0.09861111111111111,1,3,8827.2,9694.9,9303.033333333333,9810.9,22.603716028840818,18.37853577371048
Dongri Buzurg,opencast,2025-10-01,12020.0,11377.0,643.0,0.915,61,0,99.2,0,0,0,0,0,0,0,0,0,0,0,5.349417637271214,94.65058236272878,0.0,0.08472222222222223,0,4,9516.6,9565.3,9906.933333333334,9824.766666666668,17.579589572934,18.263172490293954
Dongri Buzurg,opencast,2025-11-01,12020.0,10778.6,1241.4,0.88,95,1,1.4,0,0,0,0,0,0,0,0,0,0,0,10.327787021630616,89.67221297836939,0.0,0.13194444444444445,0,4,11377.0,8827.2,10557.4,9959.933333333332,12.168053244592345,17.138657792567944
Dongri Buzurg,opencast,2025-12-01,12020.0,11253.4,766.6,0.905,54,0,0.0,0,0,0,0,0,0,0,0,0,0,0,6.377703826955075,93.62229617304492,0.0,0.075,0,4,10778.6,9516.6,11136.333333333334,10219.683333333334,7.351636161952302,14.97767609539656
Gumgaon,underground,2015-01-01,8542.5,6614.7,1927.8,0.84,125,1,0.0,0,0,0,0,0,0,0,0,0,0,0,22.567164179104477,77.43283582089552,0.0,0.1736111111111111,0,1,,,6614.7,6614.7,22.567164179104477,22.567164179104477
Gumgaon,underground,2015-02-01,8542.5,7126.8,1415.7,0.845,109,1,3.2,0,0,0,0,0,0,0,0,0,0,0,16.57243195785777,83.42756804214223,0.0,0.15138888888888888,0,1,6614.7,,6870.75,6870.75,19.569798068481123,19.569798068481123
Gumgaon,underground,2015-03-01,8542.5,7583.8,958.7,0.91,66,0,40.9,1,0,0,0,0,0,0,0,0,0,0,11.222709979514194,88.77729002048581,40.9,0.09166666666666666,0,1,7126.8,,7108.433333333333,7108.433333333333,16.787435372158814,16.787435372158814
Gumgaon,underground,2015-04-01,8542.5,8012.4,530.1,0.885,78,0,26.9,0,0,0,0,0,0,0,0,0,0,0,6.2054433713784025,93.79455662862159,0.0,0.10833333333333334,0,2,7583.8,6614.7,7574.333333333333,7334.425,11.333528436250122,14.14193737196371
Gumgaon,underground,2015-05-01,8542.5,7097.2,1445.3,0.86,86,1,13.1,0,0,0,0,0,0,0,0,0,0,0,16.918934738074334,83.08106526192567,0.0,0.11944444444444445,0,2,8012.4,7126.8,7564.466666666667,7286.9800000000005,11.449029362988975,14.697336845185836
Gumgaon,underground,2015-06-01,8542.5,7668.2,874.3,0.895,78,0,324.5,6,0,0,0,0,0,0,0,0,0,0,10.234708808896691,89.7652911911033,54.083333333333336,0.10833333333333334,1,2,7097.2,7583.8,7592.599999999999,7350.516666666666,11.11969563944981,13.953565505804312
Gumgaon,underground,2015-07-01,8542.5,6978.2,1564.3,0.87,88,1,357.1,3,0,0,0,0,0,0,0,0,0,0,18.31196956394498,81.68803043605502,119.03333333333335,0.12222222222222222,1,3,7668.2,8012.4,7247.866666666666,7411.100000000001,15.155204370305336,13.244366403277729
Gumgaon,underground,2015-08-01,8542.5,8182.0,360.5,0.925,66,0,416.0,7,0,0,0,0,0,0,0,0,0,0,4.220076090137548,95.77992390986245,59.42857142857143,0.09166666666666666,1,3,6978.2,7097.2,7609.466666666667,7586.966666666667,10.922251487659741,11.185640425324358
Gumgaon,underground,2015-09-01,8542.5,7578.3,964.2,0.92,58,0,160.2,3,0,0,0,0,0,0,0,0,0,0,11.287093942054433,88.71290605794557,53.4,0.08055555555555556,1,3,8182.0,7668.2,7579.5,7586.049999999999,11.273046532045655,11.196371085747733
Gumgaon,underground,2015-10-01,8542.5,7213.6,1328.9,0.915,57,0,6.6,0,0,0,0,0,0,0,0,0,0,0,15.556335967222712,84.44366403277729,0.0,0.07916666666666666,0,4,7578.3,6978.2,7657.966666666667,7452.916666666667,10.354501999804897,12.754853185055117
Gumgaon,underground,2015-11-01,8542.5,6843.2,1699.3,0.82,130,1,0.3,0,0,0,0,0,0,0,0,0,0,0,19.89230318993269,80.10769681006731,0.0,0.18055555555555555,0,4,7213.6,8182.0,7211.7,7410.583333333333,15.578577699736613,13.250414593698176
Gumgaon,underground,2015-12-01,8542.5,6901.6,1640.9,0.815,133,1,3.2,0,0,0,0,0,0,0,0,0,0,0,19.208662569505417,80.7913374304946,0.0,0.18472222222222223,0,4,6843.2,7578.3,6986.133333333334,7282.816666666667,18.219100575553608,14.746073553799631
Gumgaon,underground,2016-01-01,8100.0,6994.4,1105.6,0.87,90,1,1.1,0,0,0,0,0,0,0,0,0,0,0,13.649382716049383,86.35061728395061,0.0,0.125,0,1,6901.6,7213.6,6913.066666666666,7285.516666666666,17.583449491829164,13.968975745817032
Gumgaon,underground,2016-02-01,8100.0,7656.5,443.5,0.905,62,0,6.6,0,0,0,0,0,0,0,0,0,0,0,5.4753086419753085,94.5246913580247,0.0,0.08611111111111111,0,1,6994.4,6843.2,7184.166666666667,7197.933333333334,12.777784642510037,14.178181171123326
Gumgaon,underground,2016-03-01,8100.0,7436.6,663.4,0.88,86,1,23.5,0,0,0,0,0,0,0,0,0,0,0,8.190123456790124,91.80987654320988,0.0,0.11944444444444445,0,1,7656.5,6901.6,7362.5,7174.316666666667,9.104938271604938,13.662019423579272
Gumgaon,underground,2016-04-01,8100.0,7805.6,294.4,0.915,60,0,6.8,0,0,0,0,0,0,0,0,0,0,0,3.634567901234568,96.36543209876544,0.0,0.08333333333333333,0,2,7436.6,6994.4,7632.900000000001,7272.983333333334,5.766666666666667,11.675058079247917
Gumgaon,underground,2016-05-01,8100.0,7182.1,917.9,0.89,83,1,7.2,0,0,0,0,0,0,0,0,0,0,0,11.332098765432098,88.6679012345679,0.0,0.11527777777777778,0,2,7805.6,7656.5,7474.766666666667,7329.466666666667,7.718930041152263,10.24835734183115
Gumgaon,underground,2016-06-01,8100.0,7234.3,865.7,0.925,53,0,155.9,4,0,0,0,0,0,0,0,0,0,0,10.687654320987654,89.31234567901235,38.975,0.07361111111111111,1,2,7182.1,7436.6,7407.333333333333,7384.916666666667,8.551440329218108,8.828189300411522
Gumgaon,underground,2016-07-01,8100.0,6272.1,1827.9,0.87,98,1,685.4,13,0,0,0,0,0,1,1,2,1,1,22.56666666666667,77.43333333333334,52.723076923076924,0.1361111111111111,1,3,7234.3,7805.6,6896.166666666667,7264.533333333333,14.862139917695474,10.31440329218107
Gumgaon,underground,2016-08-01,8100.0,6450.7,1649.3,0.895,90,1,333.3,4,0,0,0,0,0,0,0,0,0,0,20.36172839506173,79.63827160493827,83.325,0.125,1,3,6272.1,7182.1,6652.366666666666,7063.566666666667,17.872016460905353,12.795473251028808
Gumgaon,underground,2016-09-01,8100.0,7071.3,1028.7,0.92,57,0,250.3,2,0,0,0,0,0,0,0,0,0,0,12.7,87.3,125.15,0.07916666666666666,1,3,6450.7,7234.3,6598.033333333334,7002.683333333333,18.542798353909465,13.547119341563786
Gumgaon,underground,2016-10-01,8100.0,7324.9,775.1,0.885,83,1,44.2,0,0,0,0,0,0,0,0,0,0,0,9.569135802469136,90.43086419753085,0.0,0.11527777777777778,0,4,7071.3,6272.1,6948.966666666666,6922.566666666667,14.21028806584362,14.536213991769548
Gumgaon,underground,2016-11-01,8100.0,7002.7,1097.3,0.88,96,1,0.3,0,0,0,0,0,0,0,0,0,0,0,13.546913580246914,86.45308641975309,0.0,0.13333333333333333,0,4,7324.9,6450.7,7132.966666666667,6892.666666666667,11.938683127572014,14.905349794238683
Gumgaon,underground,2016-12-01,8100.0,7035.6,1064.4,0.845,110,1,0.0,0,0,0,0,0,0,0,0,0,0,0,13.140740740740743,86.85925925925926,0.0,0.1527777777777778,0,4,7002.7,7071.3,7121.066666666667,6859.55,12.085596707818931,15.314197530864197
Gumgaon,underground,2017-01-01,8400.0,7664.1,735.9,0.87,95,1,1.4,0,0,0,0,0,0,0,0,0,0,0,8.760714285714286,91.23928571428573,0.0,0.13194444444444445,0,1,7035.6,7324.9,7234.133333333334,7091.55,11.81612286890065,13.013205467372133
Gumgaon,underground,2017-02-01,8400.0,7481.1,918.9,0.875,80,0,1.9,0,0,0,0,0,0,0,0,0,0,0,10.939285714285713,89.0607142857143,0.0,0.1111111111111111,0,1,7664.1,7002.7,7393.600000000001,7263.283333333333,10.946913580246914,11.442798353909465
Gumgaon,underground,2017-03-01,8400.0,7562.3,837.7,0.91,75,0,0.2,0,0,0,0,0,0,0,0,0,0,0,9.972619047619048,90.02738095238095,0.0,0.10416666666666667,0,1,7481.1,7035.6,7569.166666666667,7345.116666666668,9.890873015873016,10.988234861845973
Gumgaon,underground,2017-04-01,8400.0,7658.6,741.4,0.915,89,1,0.3,0,0,0,0,0,0,0,0,0,0,0,8.826190476190476,91.17380952380952,0.0,0.12361111111111112,0,2,7562.3,7664.1,7567.333333333333,7400.733333333334,9.912698412698413,10.864410640799528
Gumgaon,underground,2017-05-01,8400.0,7171.2,1228.8,0.86,114,1,14.8,0,0,0,0,0,0,0,0,0,0,0,14.628571428571426,85.37142857142857,0.0,0.15833333333333333,0,2,7658.6,7481.1,7464.033333333333,7428.816666666666,11.142460317460317,11.044686948853615
Gumgaon,underground,2017-06-01,8400.0,7056.9,1343.1,0.865,104,1,211.9,5,0,0,0,0,0,0,0,0,0,0,15.989285714285714,84.01071428571429,42.38,0.14444444444444443,1,2,7171.2,7562.3,7295.566666666667,7432.366666666666,13.148015873015872,11.519444444444446
Gumgaon,underground,2017-07-01,8400.0,7445.4,954.6,0.9,68,0,460.2,5,0,0,0,0,0,0,0,0,0,0,11.364285714285714,88.63571428571429,92.03999999999999,0.09444444444444444,1,3,7056.9,7658.6,7224.5,7395.916666666667,13.994047619047619,11.953373015873018
Gumgaon,underground,2017-08-01,8400.0,8013.6,386.4,0.925,40,0,477.1,5,0,0,0,0,0,0,0,0,0,0,4.6,95.4,95.42,0.05555555555555555,1,3,7445.4,7171.2,7505.3,7484.666666666667,10.651190476190477,10.896825396825397
Gumgaon,underground,2017-09-01,8400.0,6880.1,1519.9,0.89,92,1,181.8,2,0,0,0,0,0,0,0,0,0,0,18.094047619047622,81.90595238095239,90.9,0.12777777777777777,1,3,8013.6,7056.9,7446.366666666666,7370.966666666667,11.35277777777778,12.250396825396825
Gumgaon,underground,2017-10-01,8400.0,7563.2,836.8,0.855,114,1,77.4,0,0,0,0,0,0,0,0,0,0,0,9.96190476190476,90.03809523809524,0.0,0.15833333333333333,0,4,6880.1,7445.4,7485.633333333334,7355.066666666667,10.885317460317461,12.439682539682538
Gumgaon,underground,2017-11-01,8400.0,6957.6,1442.4,0.85,82,1,1.1,0,0,0,0,0,0,0,0,0,0,0,17.171428571428574,82.82857142857142,0.0,0.11388888888888889,0,4,7563.2,8013.6,7133.633333333334,7319.466666666666,15.075793650793651,12.863492063492066
Gumgaon,underground,2017-12-01,8400.0,7379.1,1020.9,0.875,86,1,0.0,0,0,0,0,0,0,0,0,0,0,0,12.153571428571428,87.84642857142858,0.0,0.11944444444444445,0,4,6957.6,6880.1,7299.966666666667,7373.166666666667,13.095634920634922,12.22420634920635
Gumgaon,underground,2018-01-01,8925.0,8193.0,732.0,0.9,86,1,0.0,0,0,0,0,0,0,0,0,0,0,0,8.201680672268907,91.7983193277311,0.0,0.11944444444444445,0,1,7379.1,7563.2,7509.900000000001,7497.766666666667,12.50889355742297,11.697105508870216
Gumgaon,underground,2018-02-01,8925.0,7163.3,1761.7,0.845,114,1,21.5,0,0,0,0,0,0,0,0,0,0,0,19.738935574229693,80.26106442577031,0.0,0.15833333333333333,0,1,8193.0,6957.6,7578.466666666667,7356.05,13.364729225023344,14.220261437908498
Gumgaon,underground,2018-03-01,8925.0,7293.0,1632.0,0.91,66,0,2.8,0,0,0,0,0,0,0,0,0,0,0,18.285714285714285,81.71428571428572,0.0,0.09166666666666666,0,1,7163.3,7379.1,7549.766666666666,7424.866666666666,15.408776844070962,14.252205882352941
Gumgaon,underground,2018-04-01,8925.0,8447.4,477.6,0.885,84,1,16.8,0,0,0,0,0,0,0,0,0,0,0,5.351260504201681,94.64873949579832,0.0,0.11666666666666667,0,2,7293.0,8193.0,7634.566666666667,7572.233333333334,14.458636788048553,13.48376517273576
Gumgaon,underground,2018-05-01,8925.0,7624.4,1300.6,0.86,111,1,12.6,0,0,0,0,0,0,0,0,0,0,0,14.572549019607841,85.42745098039215,0.0,0.15416666666666667,0,2,8447.4,7163.3,7788.266666666667,7683.366666666668,12.736507936507936,13.050618580765638
Gumgaon,underground,2018-06-01,8925.0,7842.3,1082.7,0.835,120,1,197.0,4,0,0,0,0,0,0,0,0,0,0,12.13109243697479,87.86890756302522,49.25,0.16666666666666666,1,2,7624.4,7293.0,7971.366666666668,7760.566666666667,10.684967320261437,13.046872082166201
Gumgaon,underground,2018-07-01,8925.0,8022.1,902.9,0.93,36,0,534.8,8,0,0,0,0,0,0,0,0,0,1,10.116526610644257,89.88347338935576,66.85,0.05,1,3,7842.3,8447.4,7829.599999999999,7732.083333333333,12.273389355742296,13.366013071895425
Gumgaon,underground,2018-08-01,8925.0,7104.2,1820.8,0.865,96,1,517.1,5,0,0,0,0,0,0,0,0,0,1,20.40112044817927,79.59887955182072,103.42,0.13333333333333333,1,3,8022.1,7624.4,7656.2,7722.233333333334,14.216246498599439,13.476377217553685
Gumgaon,underground,2018-09-01,8925.0,7486.7,1438.3,0.92,58,0,131.2,3,0,0,0,0,0,0,0,0,0,0,16.115406162464986,83.88459383753502,43.73333333333333,0.08055555555555556,1,3,7104.2,7842.3,7537.666666666667,7754.516666666666,15.544351073762838,13.114659197012138
Gumgaon,underground,2018-10-01,8925.0,7708.6,1216.4,0.915,55,0,0.7,0,0,0,0,0,0,0,0,0,0,0,13.629131652661068,86.37086834733894,0.0,0.0763888888888889,0,4,7486.7,8022.1,7433.166666666667,7631.383333333334,16.715219421101775,14.494304388422036
Gumgaon,underground,2018-11-01,8925.0,7088.9,1836.1,0.82,108,1,0.4,0,0,0,0,0,0,0,0,0,0,0,20.57254901960784,79.42745098039215,0.0,0.15,0,4,7708.6,7104.2,7428.066666666667,7542.133333333332,16.772362278244632,15.494304388422036
Gumgaon,underground,2018-12-01,8925.0,7286.5,1638.5,0.905,87,1,29.7,1,0,0,0,0,0,0,0,0,0,0,18.358543417366946,81.64145658263305,29.7,0.12083333333333333,0,4,7088.9,7486.7,7361.333333333333,7449.5,17.520074696545283,16.53221288515406
Gumgaon,underground,2019-01-01,9225.0,7825.0,1400.0,0.87,101,1,32.6,1,0,0,0,0,0,0,0,0,0,0,15.176151761517614,84.82384823848238,32.6,0.14027777777777778,0,1,7286.5,7708.6,7400.133333333334,7416.649999999999,18.035748066164135,17.37548374363295
Gumgaon,underground,2019-02-01,9225.0,7749.3,1475.7,0.875,84,1,4.6,0,0,0,0,0,0,0,0,0,0,0,15.996747967479674,84.00325203252032,0.0,0.11666666666666667,0,1,7825.0,7088.9,7620.266666666666,7524.166666666667,16.510481048788076,16.641421663516354
Gumgaon,underground,2019-03-01,9225.0,8223.0,1002.0,0.88,93,1,28.7,1,0,0,0,0,0,0,0,0,0,0,10.861788617886178,89.13821138211382,28.7,0.12916666666666668,0,1,7749.3,7286.5,7932.433333333333,7646.883333333334,14.01156278229449,15.765818739419887
Gumgaon,underground,2019-04-01,9225.0,8009.7,1215.3,0.885,75,0,0.9,0,0,0,0,0,0,0,0,0,0,0,13.173983739837396,86.8260162601626,0.0,0.10416666666666667,0,2,8223.0,7825.0,7994.0,7697.066666666666,13.344173441734418,15.689960753949274
Gumgaon,underground,2019-05-01,9225.0,8604.8,620.2,0.86,103,1,0.1,0,0,0,0,0,0,0,0,0,0,0,6.723035230352304,93.27696476964769,0.0,0.14305555555555555,0,2,8009.7,7749.3,8279.166666666666,7949.716666666667,10.252935862691961,13.381708455740018
Gumgaon,underground,2019-06-01,9225.0,7505.2,1719.8,0.895,74,0,142.3,2,0,0,0,0,0,0,0,0,0,0,18.64281842818428,81.35718157181572,71.15,0.10277777777777777,1,2,8604.8,8223.0,8039.900000000001,7986.166666666667,12.84661246612466,13.429087624209574
Gumgaon,underground,2019-07-01,9225.0,7386.4,1838.6,0.9,78,0,487.7,12,0,0,0,0,0,0,1,1,1,0,19.930623306233063,80.06937669376694,40.641666666666666,0.10833333333333334,1,3,7505.2,8009.7,7832.133333333332,7913.066666666667,15.098825654923216,14.221499548328815
Gumgaon,underground,2019-08-01,9225.0,7731.4,1493.6,0.925,67,0,523.5,9,0,0,0,0,0,0,0,0,0,1,16.19078590785908,83.80921409214092,58.166666666666664,0.09305555555555556,1,3,7386.4,8604.8,7541.0,7910.083333333333,18.254742547425476,14.253839205058716
Gumgaon,underground,2019-09-01,9225.0,7791.7,1433.3,0.89,86,1,566.1,10,0,0,0,0,0,0,0,0,0,1,15.537127371273712,84.46287262872629,56.61,0.11944444444444445,1,3,7731.4,7505.2,7636.5,7838.2,17.21951219512195,15.033062330623304
Gumgaon,underground,2019-10-01,9225.0,8597.3,627.7,0.915,61,0,52.4,0,0,0,0,0,0,0,0,0,0,0,6.8043360433604345,93.19566395663956,0.0,0.08472222222222223,0,4,7791.7,7386.4,8040.133333333334,7936.133333333334,12.84408310749774,13.971454381210478
Gumgaon,underground,2019-11-01,9225.0,9663.9,0.0,0.91,67,0,0.3,0,0,0,0,0,0,0,0,0,0,0,0.0,104.75772357723577,0.0,0.09305555555555556,0,4,8597.3,7731.4,8684.3,8112.649999999999,7.447154471544714,12.850948509485095
Gumgaon,underground,2019-12-01,9225.0,7959.1,1265.9,0.905,81,1,21.7,0,0,0,0,0,0,0,0,0,0,0,13.72249322493225,86.27750677506776,0.0,0.1125,0,4,9663.9,7791.7,8740.099999999999,8188.3,6.842276422764226,12.03089430894309
Gumgaon,underground,2020-01-01,7875.0,6665.1,1209.9,0.9,81,1,37.5,0,0,0,0,0,0,0,0,0,0,0,15.363809523809524,84.63619047619048,0.0,0.1125,0,1,7959.1,8597.3,8096.033333333334,8068.083333333333,9.695434249580591,11.269758678539167
Gumgaon,underground,2020-02-01,7875.0,7180.9,694.1,0.905,64,0,27.0,0,0,0,0,0,0,0,0,0,0,0,8.813968253968255,91.18603174603173,0.0,0.08888888888888889,0,1,6665.1,9663.9,7268.366666666666,7976.333333333333,12.633423667570009,10.040289069557362
Gumgaon,underground,2020-03-01,7875.0,6901.9,973.1,0.88,86,1,48.3,0,0,0,0,0,0,0,0,0,0,0,12.356825396825396,87.6431746031746,0.0,0.11944444444444445,0,1,7180.9,7959.1,6915.966666666667,7828.033333333333,12.178201058201056,9.510238740482643
Gumgaon,underground,2020-04-01,7875.0,6393.1,1481.9,0.915,65,0,6.4,0,0,0,0,0,0,0,0,0,0,0,18.817777777777778,81.18222222222222,0.0,0.09027777777777778,0,2,6901.9,6665.1,6825.3,7460.666666666667,13.329523809523808,11.512479029552201
Gumgaon,underground,2020-05-01,7875.0,6495.5,1379.5,0.89,77,0,0.7,0,0,0,0,0,0,0,0,0,0,0,17.51746031746032,82.48253968253968,0.0,0.10694444444444444,0,2,6393.1,7180.9,6596.833333333333,6932.600000000001,16.23068783068783,14.43205574912892
Gumgaon,underground,2020-06-01,7875.0,7165.7,709.3,0.925,45,0,351.4,5,0,0,0,0,0,0,0,0,0,0,9.006984126984126,90.99301587301586,70.28,0.0625,1,2,6495.5,6901.9,6684.766666666666,6800.366666666666,15.114074074074074,13.646137566137567
Gumgaon,underground,2020-07-01,7875.0,6518.3,1356.7,0.87,98,1,322.6,6,0,0,0,0,0,0,0,0,0,0,17.22793650793651,82.7720634920635,53.76666666666667,0.1361111111111111,1,3,7165.7,6393.1,6726.5,6775.900000000001,14.584126984126982,13.9568253968254
Gumgaon,underground,2020-08-01,7875.0,7007.5,867.5,0.895,75,0,726.2,13,0,0,0,0,0,1,1,2,1,1,11.015873015873016,88.98412698412699,55.861538461538466,0.10416666666666667,1,3,6518.3,6495.5,6897.166666666667,6747.0,12.416931216931212,14.323809523809524
Gumgaon,underground,2020-09-01,7875.0,6928.5,946.5,0.89,87,1,218.8,4,0,0,0,0,0,0,0,0,0,0,12.019047619047619,87.98095238095239,54.7,0.12083333333333333,1,3,7007.5,7165.7,6818.099999999999,6751.433333333334,13.420952380952379,14.267513227513227
Gumgaon,underground,2020-10-01,7875.0,7103.5,771.5,0.915,50,0,67.8,0,0,0,0,0,0,0,0,0,0,0,9.796825396825398,90.2031746031746,0.0,0.06944444444444445,0,4,6928.5,6518.3,7013.166666666667,6869.833333333333,10.943915343915341,12.764021164021164
Gumgaon,underground,2020-11-01,7875.0,6835.5,1039.5,0.91,75,0,4.4,0,0,0,0,0,0,0,0,0,0,0,13.200000000000001,86.8,0.0,0.10416666666666667,0,4,7103.5,7007.5,6955.833333333333,6926.5,11.67195767195767,12.044444444444444
Gumgaon,underground,2020-12-01,7875.0,6765.5,1109.5,0.905,67,0,0.4,0,0,0,0,0,0,0,0,0,0,0,14.08888888888889,85.91111111111111,0.0,0.09305555555555556,0,4,6835.5,6928.5,6901.5,6859.8,12.36190476190476,12.891428571428571
Gumgaon,underground,2021-01-01,9600.0,9308.3,291.7,0.9,79,0,5.3,0,0,0,0,0,0,0,0,0,0,0,3.0385416666666663,96.96145833333333,0.0,0.10972222222222222,0,1,6765.5,7103.5,7636.433333333333,7324.799999999999,10.109143518518517,10.52652943121693
Gumgaon,underground,2021-02-01,9600.0,7687.0,1913.0,0.875,77,0,9.2,0,0,0,0,0,0,0,0,0,0,0,19.927083333333336,80.07291666666667,0.0,0.10694444444444444,0,1,9308.3,6835.5,7920.266666666666,7438.049999999999,12.351504629629629,12.011731150793652
Gumgaon,underground,2021-03-01,9600.0,8664.0,936.0,0.91,58,0,0.7,0,0,0,0,0,0,0,0,0,0,0,9.75,90.25,0.0,0.08055555555555556,0,1,7687.0,6765.5,8553.1,7727.299999999999,10.905208333333333,11.63355654761905
Gumgaon,underground,2021-04-01,9600.0,9380.5,219.5,0.915,67,0,0.4,0,0,0,0,0,0,0,0,0,0,0,2.2864583333333335,97.71354166666667,0.0,0.09305555555555556,0,2,8664.0,9308.3,8577.166666666666,8106.799999999999,10.654513888888888,10.381828703703704
Gumgaon,underground,2021-05-01,9600.0,8326.4,1273.6,0.86,95,1,32.0,0,0,0,0,0,0,0,0,0,0,0,13.266666666666666,86.73333333333333,0.0,0.13194444444444445,0,2,9380.5,7687.0,8790.300000000001,8355.283333333333,8.434374999999998,10.392939814814815
Gumgaon,underground,2021-06-01,9600.0,8525.2,1074.8,0.895,87,1,315.2,5,0,0,0,0,0,0,0,0,0,0,11.195833333333333,88.80416666666667,63.04,0.12083333333333333,1,2,8326.4,8664.0,8744.033333333333,8648.566666666666,8.916319444444442,9.910763888888889
Gumgaon,underground,2021-07-01,9600.0,7664.9,1935.1,0.93,47,0,341.1,7,0,0,0,0,0,0,0,0,0,0,20.157291666666666,79.84270833333333,48.728571428571435,0.06527777777777778,1,3,8525.2,9380.5,8172.166666666667,8374.666666666666,14.873263888888886,12.763888888888891
Gumgaon,underground,2021-08-01,9600.0,8405.2,1194.8,0.895,59,0,258.4,4,0,0,0,0,0,0,0,0,0,0,12.445833333333333,87.55416666666667,64.6,0.08194444444444444,1,3,7664.9,8326.4,8198.433333333334,8494.366666666667,14.599652777777777,11.517013888888888
Gumgaon,underground,2021-09-01,9600.0,8540.5,1059.5,0.92,63,0,369.1,5,0,0,0,0,0,0,0,0,0,0,11.036458333333334,88.96354166666667,73.82000000000001,0.0875,1,3,8405.2,8525.2,8203.533333333333,8473.783333333335,14.546527777777776,11.73142361111111
Gumgaon,underground,2021-10-01,9600.0,9544.9,55.1,0.885,75,0,46.4,0,0,0,0,0,0,0,0,0,0,0,0.5739583333333333,99.42604166666666,0.0,0.10416666666666667,0,4,8540.5,7664.9,8830.199999999999,8501.183333333334,8.018749999999999,11.446006944444443
Gumgaon,underground,2021-11-01,9600.0,8425.5,1174.5,0.88,88,1,22.5,0,0,0,0,0,0,0,0,0,0,0,12.234375,87.765625,0.0,0.12222222222222222,0,4,9544.9,8405.2,8836.966666666667,8517.699999999999,7.948263888888889,11.273958333333333
Gumgaon,underground,2021-12-01,9600.0,8003.1,1596.9,0.875,80,0,33.1,1,0,0,0,0,0,0,0,0,0,0,16.634375000000002,83.365625,33.1,0.1111111111111111,0,4,8425.5,8540.5,8657.833333333334,8430.683333333334,9.814236111111109,12.180381944444443
Gumgaon,underground,2022-01-01,10500.0,9129.5,1370.5,0.9,76,0,13.6,0,0,0,0,0,0,0,0,0,0,0,13.052380952380952,86.94761904761906,0.0,0.10555555555555556,0,1,8003.1,9544.9,8519.366666666667,8674.783333333335,13.973710317460316,10.996230158730159
Gumgaon,underground,2022-02-01,10500.0,8741.9,1758.1,0.815,138,1,4.7,0,0,0,0,0,1,0,0,1,1,0,16.74380952380952,83.25619047619047,0.0,0.19166666666666668,0,1,9129.5,8425.5,8624.833333333334,8730.9,15.476855158730155,11.712559523809524
Gumgaon,underground,2022-03-01,10500.0,9053.2,1446.8,0.91,57,0,0.4,0,0,0,0,0,0,0,0,0,0,0,13.779047619047619,86.22095238095238,0.0,0.07916666666666666,0,1,8741.9,8003.1,8974.866666666667,8816.35,14.525079365079362,12.169657738095239
Gumgaon,underground,2022-04-01,10500.0,8841.9,1658.1,0.885,80,0,0.0,0,0,0,0,0,0,0,0,0,0,0,15.79142857142857,84.20857142857142,0.0,0.1111111111111111,0,2,9053.2,9129.5,8879.0,8699.183333333332,15.438095238095235,14.705902777777778
Gumgaon,underground,2022-05-01,10500.0,9188.1,1311.9,0.83,112,1,7.8,0,0,0,0,0,0,0,0,0,0,0,12.494285714285715,87.50571428571429,0.0,0.15555555555555556,0,2,8841.9,8741.9,9027.733333333334,8826.283333333335,14.021587301587298,14.74922123015873
Gumgaon,underground,2022-06-01,10500.0,8434.9,2065.1,0.865,92,1,183.6,4,0,0,0,0,0,0,0,0,0,0,19.66761904761905,80.33238095238094,45.9,0.12777777777777777,1,2,9188.1,9053.2,8821.633333333333,8898.25,15.984444444444442,15.254761904761901
Gumgaon,underground,2022-07-01,10500.0,8522.2,1977.8,0.93,51,0,602.1,14,0,0,0,0,0,0,1,1,1,1,18.836190476190477,81.16380952380953,43.00714285714286,0.07083333333333333,1,3,8434.9,8841.9,8715.066666666666,8797.033333333333,16.999365079365077,16.218730158730157
Gumgaon,underground,2022-08-01,10500.0,8565.1,1934.9,0.835,113,1,497.3,9,0,0,0,0,0,0,0,0,0,0,18.427619047619046,81.57238095238095,55.25555555555556,0.15694444444444444,1,3,8522.2,9188.1,8507.4,8767.566666666668,18.977142857142855,16.49936507936508
Gumgaon,underground,2022-09-01,10500.0,9891.0,609.0,0.92,54,0,305.1,4,0,0,0,0,0,0,0,0,0,0,5.800000000000001,94.19999999999999,76.275,0.075,1,3,8565.1,8434.9,8992.766666666668,8907.199999999999,14.354603174603172,15.16952380952381
Gumgaon,underground,2022-10-01,10500.0,9520.4,979.6,0.885,73,0,139.2,3,0,0,0,0,0,0,0,0,0,0,9.32952380952381,90.6704761904762,46.4,0.10138888888888889,0,4,9891.0,8522.2,9325.5,9020.283333333333,11.185714285714283,14.092539682539682
Gumgaon,underground,2022-11-01,10500.0,8951.6,1548.4,0.91,44,0,0.0,0,0,0,0,0,0,0,0,0,0,0,14.746666666666666,85.25333333333333,0.0,0.06111111111111111,0,4,9520.4,8565.1,9454.333333333334,8980.866666666667,9.958730158730157,14.467936507936509
Gumgaon,underground,2022-12-01,10500.0,8050.6,2449.4,0.845,124,1,4.6,0,0,0,0,0,0,0,0,0,0,0,23.32761904761905,76.67238095238096,0.0,0.17222222222222222,0,4,8951.6,9891.0,8840.866666666667,8916.816666666668,15.801269841269837,15.077936507936508
Gumgaon,underground,2023-01-01,11625.0,10303.6,1321.4,0.9,59,0,1.5,0,0,0,0,0,0,0,0,0,0,0,11.366881720430108,88.6331182795699,0.0,0.08194444444444444,0,1,8050.6,9520.4,9101.933333333332,9213.716666666667,16.480389144905274,13.83305171530978
Gumgaon,underground,2023-02-01,11625.0,10709.1,915.9,0.905,67,0,0.0,0,0,0,0,0,0,0,0,0,0,0,7.878709677419354,92.12129032258065,0.0,0.09305555555555556,0,1,10303.6,8951.6,9687.766666666668,9571.05,14.191070148489501,12.074900153609832
Gumgaon,underground,2023-03-01,11625.0,9587.1,2037.9,0.88,99,1,18.1,0,0,0,0,0,0,0,0,0,0,0,17.530322580645162,82.46967741935484,0.0,0.1375,0,1,10709.1,8050.6,10199.933333333334,9520.400000000001,12.258637992831538,14.02995391705069
Gumgaon,underground,2023-04-01,11625.0,10734.2,890.8,0.915,56,0,49.5,1,0,0,0,0,0,0,0,0,0,0,7.662795698924731,92.33720430107527,49.5,0.07777777777777778,0,2,9587.1,10303.6,10343.466666666667,9722.7,11.023942652329746,13.75216589861751
Gumgaon,underground,2023-05-01,11625.0,10790.7,834.3,0.92,73,0,25.8,0,0,0,0,0,0,0,0,0,0,0,7.176774193548387,92.82322580645162,0.0,0.10138888888888889,0,2,10734.2,10709.1,10370.666666666668,10029.216666666667,10.78996415770609,12.490517153097798
Gumgaon,underground,2023-06-01,11625.0,9654.8,1970.2,0.835,132,1,284.4,4,0,0,0,0,0,0,0,0,0,0,16.947956989247313,83.05204301075268,71.1,0.18333333333333332,1,2,10790.7,9587.1,10393.233333333334,10296.583333333334,10.595842293906808,11.427240143369175
Gumgaon,underground,2023-07-01,11625.0,9991.7,1633.3,0.9,69,0,544.3,12,0,0,0,0,0,0,1,1,1,1,14.049892473118279,85.95010752688172,45.35833333333333,0.09583333333333334,1,3,9654.8,10734.2,10145.733333333334,10244.6,12.724874551971324,11.874408602150538
Gumgaon,underground,2023-08-01,11625.0,10170.6,1454.4,0.925,53,0,375.8,6,0,0,0,0,0,0,0,0,0,0,12.510967741935486,87.48903225806451,62.63333333333333,0.07361111111111111,1,3,9991.7,10790.7,9939.033333333333,10154.85,14.502939068100355,12.646451612903226
Gumgaon,underground,2023-09-01,11625.0,10702.8,922.2,0.92,45,0,332.6,6,0,0,0,0,0,0,0,0,0,0,7.932903225806452,92.06709677419354,55.43333333333334,0.0625,1,3,10170.6,9654.8,10288.366666666667,10340.8,11.497921146953402,11.046881720430108
Gumgaon,underground,2023-10-01,11625.0,10830.2,794.8,0.915,55,0,1.2,0,0,0,0,0,0,0,0,0,0,0,6.836989247311828,93.16301075268818,0.0,0.0763888888888889,0,4,10702.8,9991.7,10567.866666666667,10356.800000000001,9.093620071684587,10.909247311827956
Gumgaon,underground,2023-11-01,11625.0,10248.1,1376.9,0.85,108,1,21.9,0,0,0,0,0,0,0,0,0,0,0,11.844301075268818,88.15569892473118,0.0,0.15,0,4,10830.2,10170.6,10593.7,10266.366666666667,8.871397849462364,11.687168458781363
Gumgaon,underground,2023-12-01,11625.0,10620.4,1004.6,0.905,71,0,16.2,0,0,0,0,0,0,0,0,0,0,0,8.641720430107528,91.35827956989247,0.0,0.09861111111111111,0,4,10248.1,10702.8,10566.233333333335,10427.300000000001,9.107670250896057,10.302795698924731
Gumgaon,underground,2024-01-01,13170.0,11910.8,1259.2,0.9,75,0,21.2,0,0,0,0,0,0,0,0,0,0,0,9.561123766135156,90.43887623386485,0.0,0.10416666666666667,0,1,10620.4,10830.2,10926.433333333332,10747.15,10.015715090503832,9.554667581094213
Gumgaon,underground,2024-02-01,13170.0,12907.5,262.5,0.905,75,0,37.5,0,0,0,0,0,0,0,0,0,0,0,1.9931662870159454,98.00683371298405,0.0,0.10416666666666667,0,1,11910.8,10248.1,11812.9,11203.300000000001,6.732003494419541,7.801700671940954
Gumgaon,underground,2024-03-01,13170.0,11945.0,1225.0,0.91,57,0,39.2,1,0,0,0,0,0,0,0,0,0,0,9.301442672741079,90.69855732725892,39.2,0.07916666666666666,0,1,12907.5,10620.4,12254.433333333332,11410.333333333334,6.951910908630725,8.029790579763391
Gumgaon,underground,2024-04-01,13170.0,11248.5,1921.5,0.885,81,1,49.8,0,0,0,0,0,0,0,0,0,0,0,14.58997722095672,85.41002277904329,0.0,0.1125,0,2,11945.0,11910.8,12033.666666666666,11480.050000000001,8.628195393571247,9.321955242037541
Gumgaon,underground,2024-05-01,13170.0,11904.9,1265.1,0.89,76,0,46.3,0,0,0,0,0,0,0,0,0,0,0,9.605922551252846,90.39407744874714,0.0,0.10555555555555556,0,2,11248.5,12907.5,11699.466666666667,11756.183333333334,11.165780814983547,8.948892154701545
Gumgaon,underground,2024-06-01,13170.0,10821.7,2348.3,0.865,116,1,225.7,3,0,0,0,0,0,0,0,0,0,0,17.83067577828398,82.16932422171602,75.23333333333333,0.16111111111111112,1,2,11904.9,11945.0,11325.033333333335,11789.733333333332,14.008858516831177,10.480384712730954
Gumgaon,underground,2024-07-01,13170.0,10476.8,2693.2,0.87,98,1,674.1,14,0,0,0,0,0,1,1,2,1,1,20.44950645406226,79.55049354593773,48.15,0.1361111111111111,1,3,10821.7,11248.5,11067.800000000001,11550.733333333332,15.96203492786636,12.295115160718806
Gumgaon,underground,2024-08-01,13170.0,10956.6,2213.4,0.925,52,0,485.3,12,0,0,0,0,0,0,1,1,1,0,16.806378132118454,83.19362186788155,40.44166666666667,0.07222222222222222,1,3,10476.8,11904.9,10751.699999999999,11225.583333333334,18.362186788154897,14.763983801569223
Gumgaon,underground,2024-09-01,13170.0,10584.9,2585.1,0.92,56,0,357.9,3,0,0,0,0,0,0,0,0,0,0,19.62870159453303,80.37129840546696,119.3,0.07777777777777778,1,3,10956.6,10821.7,10672.766666666666,10998.9,18.96152872690458,16.485193621867882
Gumgaon,underground,2024-10-01,13170.0,11632.0,1538.0,0.915,71,0,37.5,0,0,0,0,0,0,0,0,0,0,0,11.678056188306758,88.32194381169323,0.0,0.09861111111111111,0,4,10584.9,10476.8,11057.833333333334,11062.816666666666,16.037711971652744,15.999873449759553
Gumgaon,underground,2024-11-01,13170.0,11913.1,1256.9,0.88,109,1,0.0,0,0,0,0,0,0,0,0,0,0,0,9.543659832953685,90.45634016704632,0.0,0.15138888888888888,0,4,11632.0,10956.6,11376.666666666666,11064.183333333334,13.616805871931154,15.989496330043027
Gumgaon,underground,2024-12-01,13170.0,11266.1,1903.9,0.905,78,0,4.7,0,0,0,0,0,0,0,0,0,0,0,14.456340167046319,85.5436598329537,0.0,0.10833333333333334,0,4,11913.1,10584.9,11603.733333333332,11138.25,11.892685396102252,15.427107061503419
Gumgaon,underground,2025-01-01,13522.5,11775.3,1747.2,0.9,71,0,0.5,0,0,0,0,0,0,0,0,0,0,0,12.920687742651138,87.07931225734886,0.0,0.09861111111111111,0,1,11266.1,11632.0,11651.5,11354.666666666666,12.306895914217044,14.172303942934898
Gumgaon,underground,2025-02-01,13522.5,12487.2,1035.3,0.875,92,1,0.0,0,0,0,0,0,0,0,0,0,0,0,7.656128674431503,92.3438713255685,0.0,0.12777777777777777,0,1,11775.3,11913.1,11842.866666666669,11609.766666666668,11.677718861376315,12.64726236665374
Gumgaon,underground,2025-03-01,13522.5,12325.9,1196.6,0.88,86,1,0.1,0,0,0,0,0,0,0,0,0,0,0,8.84895544462932,91.15104455537067,0.0,0.11944444444444445,0,1,12487.2,11266.1,12196.133333333333,11899.933333333334,9.80859062057065,10.850638008336455
Gumgaon,underground,2025-04-01,13522.5,12401.4,1121.1,0.885,88,1,2.5,0,0,0,0,0,0,0,0,0,0,0,8.290626733222407,91.70937326677759,0.0,0.12222222222222222,0,2,12325.9,11775.3,12404.833333333334,12028.166666666666,8.265236950761073,10.286066432489063
Gumgaon,underground,2025-05-01,13522.5,12783.9,738.6,0.92,60,0,32.2,0,0,0,0,0,0,0,0,0,0,0,5.462007764836383,94.53799223516361,0.0,0.08333333333333333,0,2,12401.4,12487.2,12503.733333333332,12173.300000000001,7.533863314229365,9.605791087802844
Gumgaon,underground,2025-06-01,13522.5,11548.6,1973.9,0.865,86,1,248.8,4,0,0,0,0,0,0,0,0,0,0,14.597152893325937,85.40284710667406,62.2,0.11944444444444445,1,2,12783.9,12325.9,12244.633333333331,12220.383333333331,9.449929130461571,9.629259875516114
Gumgaon,underground,2025-07-01,13522.5,12311.8,1210.7,0.93,48,0,694.8,11,0,0,0,0,0,1,1,2,1,1,8.953226104640414,91.04677389535958,63.16363636363636,0.06666666666666667,1,3,11548.6,12401.4,12214.766666666668,12309.800000000001,9.670795587600908,8.968016269180994
Gumgaon,underground,2025-08-01,13522.5,11748.8,1773.7,0.925,60,0,355.4,8,0,0,0,0,0,0,0,0,0,0,13.11665742281383,86.88334257718616,44.425,0.08333333333333333,1,3,12311.8,12783.9,11869.733333333332,12186.733333333332,12.222345473593391,9.87810439391138
Gumgaon,underground,2025-09-01,13522.5,11747.5,1775.0,0.86,100,1,296.4,5,0,0,0,0,0,0,0,0,0,0,13.126271029765208,86.8737289702348,59.279999999999994,0.1388888888888889,1,3,11748.8,11548.6,11936.033333333333,12090.333333333334,11.732051519073147,10.590990324767363
Gumgaon,underground,2025-10-01,13522.5,12308.3,1214.2,0.915,72,0,99.2,0,0,0,0,0,0,0,0,0,0,0,8.979108892586432,91.02089110741356,0.0,0.1,0,4,11747.5,12311.8,11934.866666666667,12074.816666666666,11.740679115055153,10.705737351328033
Gumgaon,underground,2025-11-01,13522.5,10489.2,3033.3,0.85,106,1,1.4,0,0,0,0,0,0,0,0,0,0,0,22.431503050471438,77.56849694952857,0.0,0.14722222222222223,0,4,12308.3,11748.8,11515.0,11692.366666666667,14.845627657607688,13.533986565600543
Gumgaon,underground,2025-12-01,13522.5,13330.1,192.4,0.905,70,0,0.0,0,0,0,0,0,0,0,0,0,0,0,1.4228138288038457,98.57718617119616,0.0,0.09722222222222222,0,4,10489.2,11747.5,12042.533333333333,11989.283333333333,10.944475257287236,11.338263388180193
Kandri,underground,2015-01-01,7593.3,6665.4,928.0,0.87,90,1,0.0,0,0,0,0,0,0,0,0,0,0,0,12.221300356893577,87.78001659357591,0.0,0.125,0,1,,,6665.4,6665.4,12.221300356893577,12.221300356893577
Kandri,underground,2015-02-01,7593.3,6315.5,1277.8,0.875,101,1,3.2,0,0,0,0,0,0,0,0,0,0,0,16.82799309917954,83.17200690082046,0.0,0.14027777777777778,0,1,6665.4,,6490.45,6490.45,14.524646728036558,14.524646728036558
Kandri,underground,2015-03-01,7593.3,7247.8,345.5,0.88,80,0,40.9,1,0,0,0,0,0,0,0,0,0,0,4.550063872097771,95.44993612790223,40.9,0.1111111111111111,0,1,6315.5,,6742.900000000001,6742.900000000001,11.199785776056963,11.199785776056963
Kandri,underground,2015-04-01,7593.3,6652.6,940.7,0.915,54,0,26.9,0,0,0,0,0,0,0,0,0,0,0,12.388553066519169,87.61144693348083,0.0,0.075,0,2,7247.8,6665.4,6738.633333333334,6720.325,11.255536679265495,11.496977598672515
Kandri,underground,2015-05-01,7593.3,6632.5,960.8,0.86,114,1,13.1,0,0,0,0,0,0,0,0,0,0,0,12.65326011088723,87.34673988911277,0.0,0.15833333333333333,0,2,6652.6,6315.5,6844.3,6702.76,9.86395901650139,11.728234101115458
Kandri,underground,2015-06-01,7593.3,5761.5,1831.9,0.865,84,1,324.5,6,0,0,0,0,0,0,0,0,0,0,24.12521565063938,75.87610129983011,54.083333333333336,0.11666666666666667,1,2,6632.5,7247.8,6348.866666666668,6545.883333333334,16.389009609348594,13.794397692702779
Kandri,underground,2015-07-01,7593.3,6615.8,977.5,0.93,58,0,357.1,3,0,0,0,0,0,0,0,0,0,0,12.873190839292533,87.12680916070747,119.03333333333335,0.08055555555555556,1,3,5761.5,6652.6,6336.599999999999,6537.616666666666,16.550555533606385,13.903046106435937
Kandri,underground,2015-08-01,7593.3,6389.7,1203.7,0.865,90,1,416.0,7,0,0,0,0,0,0,0,0,0,0,15.852132801285343,84.14918414918414,59.42857142857143,0.125,1,3,6615.8,6632.5,6255.666666666667,6549.983333333334,17.616846430405754,13.74040272345357
Kandri,underground,2015-09-01,7593.3,7277.6,315.8,0.89,85,1,160.2,3,0,0,0,0,0,0,0,0,0,0,4.158929582658396,95.8423873678111,53.4,0.11805555555555555,1,3,6389.7,5761.5,6761.033333333333,6554.95,10.96141774107876,13.675213675213676
Kandri,underground,2015-10-01,7593.3,6479.4,1113.9,0.855,92,1,6.6,0,0,0,0,0,0,0,0,0,0,0,14.669511279680773,85.33048872031922,0.0,0.12777777777777777,0,4,7277.6,6615.8,6715.566666666667,6526.083333333333,11.560191221208171,14.055373377407276
Kandri,underground,2015-11-01,7593.3,6302.3,1291.0,0.85,109,1,0.3,0,0,0,0,0,0,0,0,0,0,0,17.001830561152595,82.9981694388474,0.0,0.15138888888888888,0,4,6479.4,6389.7,6686.433333333333,6471.05,11.94342380783059,14.780135119118171
Kandri,underground,2015-12-01,7593.3,5810.1,1783.3,0.845,119,1,3.2,0,0,0,0,0,0,0,0,0,0,0,23.48517772246586,76.51613922800364,0.0,0.16527777777777777,0,4,6302.3,7277.6,6197.266666666667,6479.150000000001,18.385506521099742,14.673462131089252
Kandri,underground,2016-01-01,7200.0,6034.1,1165.9,0.87,86,1,1.1,0,0,0,0,0,0,0,0,0,0,0,16.193055555555556,83.80694444444445,0.0,0.11944444444444445,0,1,5810.1,6479.4,6048.833333333333,6382.2,18.893354613058005,15.22677291713309
Kandri,underground,2016-02-01,7200.0,5984.1,1215.9,0.875,82,1,6.6,0,0,0,0,0,0,0,0,0,0,0,16.887500000000003,83.1125,0.0,0.11388888888888889,0,1,6034.1,6302.3,5942.766666666667,6314.600000000001,18.855244426007143,15.399334116918865
Kandri,underground,2016-03-01,7200.0,6847.6,352.4,0.91,68,0,23.5,0,0,0,0,0,0,0,0,0,0,0,4.894444444444444,95.10555555555557,0.0,0.09444444444444444,0,1,5984.1,5810.1,6288.600000000001,6242.933333333333,12.658333333333337,15.521919927216539
Kandri,underground,2016-04-01,7200.0,6007.6,1192.4,0.915,59,0,6.8,0,0,0,0,0,0,0,0,0,0,0,16.561111111111114,83.4388888888889,0.0,0.08194444444444444,0,2,6847.6,6034.1,6279.766666666667,6164.3,12.781018518518522,15.837186565788263
Kandri,underground,2016-05-01,7200.0,6448.8,751.2,0.92,70,0,7.2,0,0,0,0,0,0,0,0,0,0,0,10.433333333333334,89.56666666666668,0.0,0.09722222222222222,0,2,6007.6,5984.1,6434.666666666667,6188.716666666667,10.629629629629632,14.742437027818385
Kandri,underground,2016-06-01,7200.0,6647.2,552.8,0.925,50,0,155.9,4,0,0,0,0,0,0,0,0,0,0,7.677777777777778,92.32222222222222,38.975,0.06944444444444445,1,2,6448.8,6847.6,6367.866666666666,6328.233333333334,11.557407407407409,12.107870370370373
Kandri,underground,2016-07-01,7200.0,6774.2,425.8,0.93,55,0,685.4,13,0,0,0,0,0,1,1,2,1,1,5.91388888888889,94.08611111111111,52.723076923076924,0.0763888888888889,1,3,6647.2,6007.6,6623.400000000001,6451.583333333333,8.008333333333335,10.39467592592593
Kandri,underground,2016-08-01,7200.0,6566.0,634.0,0.895,72,0,333.3,4,0,0,0,0,0,0,0,0,0,0,8.805555555555555,91.19444444444444,83.325,0.1,1,3,6774.2,6448.8,6662.466666666667,6548.566666666667,7.465740740740742,9.047685185185188
Kandri,underground,2016-09-01,7200.0,6624.6,575.4,0.92,49,0,250.3,2,0,0,0,0,0,0,0,0,0,0,7.991666666666666,92.00833333333334,125.15,0.06805555555555555,1,3,6566.0,6647.2,6654.933333333333,6511.400000000001,7.570370370370372,9.563888888888892
Kandri,underground,2016-10-01,7200.0,6662.5,537.5,0.915,66,0,44.2,0,0,0,0,0,0,0,0,0,0,0,7.465277777777778,92.53472222222221,0.0,0.09166666666666666,0,4,6624.6,6774.2,6617.7,6620.55,8.0875,8.047916666666667
Kandri,underground,2016-11-01,7200.0,6071.3,1128.7,0.91,70,0,0.3,0,0,0,0,0,0,0,0,0,0,0,15.676388888888889,84.32361111111112,0.0,0.09722222222222222,0,4,6662.5,6566.0,6452.8,6557.633333333334,10.377777777777778,8.92175925925926
Kandri,underground,2016-12-01,7200.0,6716.3,483.7,0.905,71,0,0.0,0,0,0,0,0,0,0,0,0,0,0,6.718055555555555,93.28194444444445,0.0,0.09861111111111111,0,4,6071.3,6624.6,6483.366666666668,6569.150000000001,9.95324074074074,8.761805555555556
Kandri,underground,2017-01-01,7466.7,6684.9,781.7,0.81,135,1,1.4,0,0,0,0,1,1,0,0,2,1,0,10.469149691296021,89.52951102896863,0.0,0.1875,0,1,6716.3,6662.5,6490.833333333333,6554.266666666666,10.954531378580157,9.52101568929008
Kandri,underground,2017-02-01,7466.7,5777.6,1689.0,0.875,68,0,1.9,0,0,0,0,0,0,0,0,0,0,0,22.6204347302021,77.37822599006256,0.0,0.09444444444444444,0,1,6684.9,6071.3,6392.933333333333,6422.866666666666,13.26921332568456,11.82349555173117
Kandri,underground,2017-03-01,7466.7,6002.6,1464.1,0.88,99,1,0.2,0,0,0,0,0,0,0,0,0,0,0,19.608394605381225,80.39160539461878,0.0,0.1375,0,1,5777.6,6716.3,6155.033333333334,6319.200000000001,17.565993008959783,13.759616874850261
Kandri,underground,2017-04-01,7466.7,7114.8,351.8,0.915,59,0,0.3,0,0,0,0,0,0,0,0,0,0,0,4.711586108990585,95.28707461127406,0.0,0.08194444444444444,0,2,6002.6,6684.9,6298.333333333333,6394.583333333333,15.646805148191305,13.300668263385731
Kandri,underground,2017-05-01,7466.7,6752.6,714.0,0.89,77,0,14.8,0,0,0,0,0,0,0,0,0,0,0,9.562457310458436,90.43620340980621,0.0,0.10694444444444444,0,2,7114.8,5777.6,6623.333333333333,6508.133333333334,11.29414600827675,12.281679666980656
Kandri,underground,2017-06-01,7466.7,6547.6,919.0,0.925,55,0,211.9,5,0,0,0,0,0,0,0,0,0,0,12.307980767943,87.69067995232164,42.38,0.0763888888888889,1,2,6752.6,6002.6,6805.0,6480.016666666666,8.860674729130675,13.213333869045229
Kandri,underground,2017-07-01,7466.7,6616.4,850.3,0.9,67,0,460.2,5,0,0,0,0,0,0,0,0,0,0,11.387895589751832,88.61210441024816,92.03999999999999,0.09305555555555556,1,3,6547.6,7114.8,6638.866666666666,6468.600000000001,11.086111222717756,13.366458185454531
Kandri,underground,2017-08-01,7466.7,6354.0,1112.6,0.865,97,1,477.1,5,0,0,0,0,0,0,0,0,0,0,14.900826335596715,85.09783438466792,95.42,0.13472222222222222,1,3,6616.4,6752.6,6506.0,6564.666666666667,12.865567564430515,12.079856786353632
Kandri,underground,2017-09-01,7466.7,6751.5,715.2,0.92,57,0,181.8,2,0,0,0,0,0,0,0,0,0,0,9.578528667282736,90.42147133271726,90.9,0.07916666666666666,1,3,6354.0,6547.6,6573.966666666667,6689.483333333333,11.955750197543763,10.40821246333722
Kandri,underground,2017-10-01,7466.7,6523.2,943.5,0.915,63,0,77.4,0,0,0,0,0,0,0,0,0,0,0,12.63610430310579,87.36389569689422,0.0,0.0875,0,4,6751.5,6616.4,6542.900000000001,6590.883333333334,12.37181976866175,11.728965495689755
Kandri,underground,2017-11-01,7466.7,6574.0,892.7,0.91,72,0,1.1,0,0,0,0,0,0,0,0,0,0,0,11.955750197543761,88.04424980245625,0.0,0.1,0,4,6523.2,6354.0,6616.233333333334,6561.116666666666,11.390127722644097,12.127847643537306
Kandri,underground,2017-12-01,7466.7,6475.2,991.5,0.875,86,1,0.0,0,0,0,0,0,0,0,0,0,0,0,13.278958576077784,86.72104142392222,0.0,0.11944444444444445,0,4,6574.0,6751.5,6524.133333333334,6549.049999999999,12.623604358909112,12.289677278226437
Kandri,underground,2018-01-01,7933.3,6851.1,1082.2,0.84,129,1,0.0,0,0,0,0,0,0,0,0,0,0,0,13.641233786696583,86.35876621330341,0.0,0.17916666666666667,0,1,6475.2,6523.2,6633.433333333333,6588.166666666667,12.958647520106046,12.665233644383896
Kandri,underground,2018-02-01,7933.3,6040.0,1893.3,0.905,77,0,21.5,0,0,0,0,0,0,0,0,0,0,0,23.865226324480354,76.13477367551964,0.0,0.10694444444444444,0,1,6851.1,6574.0,6455.433333333333,6535.833333333333,16.92847289575157,14.159300309197837
Kandri,underground,2018-03-01,7933.3,7318.8,614.5,0.91,74,0,2.8,0,0,0,0,0,0,0,0,0,0,0,7.7458308648355665,92.25416913516443,0.0,0.10277777777777777,0,1,6040.0,6475.2,6736.633333333334,6630.383333333334,15.084096992004168,13.85385067545664
Kandri,underground,2018-04-01,7933.3,6928.4,1004.9,0.855,107,1,16.8,0,0,0,0,0,0,0,0,0,0,0,12.666859944789682,87.33314005521031,0.0,0.1486111111111111,0,2,7318.8,6851.1,6762.400000000001,6697.916666666667,14.759305711368535,13.85897661573729
Kandri,underground,2018-05-01,7933.3,6972.9,960.5,0.92,53,0,12.6,0,0,0,0,0,0,0,0,0,0,0,12.107193727704738,87.89406678179319,0.0,0.07361111111111111,0,2,6928.4,6040.0,7073.366666666666,6764.400000000001,10.83996151244333,13.884217204097453
Kandri,underground,2018-06-01,7933.3,5852.4,2080.9,0.895,68,0,197.0,4,0,0,0,0,0,0,0,0,0,0,26.229942142614043,73.77005785738595,49.25,0.09444444444444444,1,2,6972.9,7318.8,6584.566666666667,6660.599999999999,17.00133193836949,16.04271446518683
Kandri,underground,2018-07-01,7933.3,6329.7,1603.7,0.9,71,0,534.8,8,0,0,0,0,0,0,0,0,0,1,20.214790818448815,79.78646969104912,66.85,0.09861111111111111,1,3,5852.4,6928.4,6385.0,6573.7,19.517308896255866,17.1383073038122
Kandri,underground,2018-08-01,7933.3,6019.7,1913.6,0.895,86,1,517.1,5,0,0,0,0,0,0,0,0,0,1,24.121109752561985,75.87889024743801,103.42,0.11944444444444445,1,3,6329.7,6972.9,6067.266666666666,6570.316666666667,23.521947571208283,17.180954541825805
Kandri,underground,2018-09-01,7933.3,6780.8,1152.5,0.89,79,0,131.2,3,0,0,0,0,0,0,0,0,0,0,14.527371963747745,85.47262803625225,43.73333333333333,0.10972222222222222,1,3,6019.7,5852.4,6376.733333333333,6480.650000000001,19.621090844919518,18.311211391644502
Kandri,underground,2018-10-01,7933.3,6574.4,1359.0,0.915,61,0,0.7,0,0,0,0,0,0,0,0,0,0,0,17.130324076991922,82.87093643250601,0.0,0.08472222222222223,0,4,6780.8,6329.7,6458.3,6421.649999999999,18.592935264433883,19.055122080344876
Kandri,underground,2018-11-01,7933.3,6978.5,954.8,0.91,67,0,0.4,0,0,0,0,0,0,0,0,0,0,0,12.03534468632221,87.96465531367778,0.0,0.09305555555555556,0,4,6574.4,6019.7,6777.899999999999,6422.583333333333,14.564346909020626,19.043147240114454
Kandri,underground,2018-12-01,7933.3,6730.9,1202.4,0.905,57,0,29.7,1,0,0,0,0,0,0,0,0,0,0,15.156366203219344,84.84363379678065,29.7,0.07916666666666666,0,4,6978.5,6780.8,6761.266666666666,6569.0,14.77401165551116,17.197551250215337
Kandri,underground,2019-01-01,8200.0,7151.3,1048.7,0.84,122,1,32.6,1,0,0,0,0,0,0,0,0,0,0,12.789024390243902,87.2109756097561,32.6,0.16944444444444445,0,1,6730.9,6574.4,6953.566666666667,6705.933333333333,13.326911759928487,15.959923512181186
Kandri,underground,2019-02-01,8200.0,7567.9,632.1,0.875,80,0,4.6,0,0,0,0,0,0,0,0,0,0,0,7.708536585365853,92.29146341463415,0.0,0.1111111111111111,0,1,7151.3,6978.5,7150.033333333333,6963.966666666666,11.884642392943034,13.22449465098183
Kandri,underground,2019-03-01,8200.0,7194.0,1006.0,0.88,100,1,28.7,1,0,0,0,0,0,0,0,0,0,0,12.268292682926829,87.73170731707317,28.7,0.1388888888888889,0,1,7567.9,6730.9,7304.400000000001,7032.833333333333,10.921951219512195,12.847981437511677
Kandri,underground,2019-04-01,8200.0,7083.5,1116.5,0.885,81,1,0.9,0,0,0,0,0,0,0,0,0,0,0,13.615853658536587,86.38414634146342,0.0,0.1125,0,2,7194.0,7151.3,7281.8,7117.683333333333,11.197560975609756,12.262236367769122
Kandri,underground,2019-05-01,8200.0,7607.4,592.6,0.89,69,0,0.1,0,0,0,0,0,0,0,0,0,0,0,7.226829268292684,92.77317073170731,0.0,0.09583333333333334,0,2,7083.5,7567.9,7294.966666666666,7222.5,11.036991869918701,11.460817131430867
Kandri,underground,2019-06-01,8200.0,6809.1,1390.9,0.925,68,0,142.3,2,0,0,0,0,0,0,0,0,0,0,16.962195121951222,83.03780487804879,71.15,0.09444444444444444,1,2,7607.4,7194.0,7166.666666666667,7235.533333333333,12.601626016260164,11.76178861788618
Kandri,underground,2019-07-01,8200.0,6512.1,1687.9,0.93,48,0,487.7,12,0,0,0,0,0,0,1,1,1,0,20.584146341463416,79.41585365853659,40.641666666666666,0.06666666666666667,1,3,6809.1,7083.5,6976.2,7129.0,14.924390243902442,13.060975609756099
Kandri,underground,2019-08-01,8200.0,6476.6,1723.4,0.925,44,0,523.5,9,0,0,0,0,0,0,0,0,0,1,21.01707317073171,78.9829268292683,58.166666666666664,0.06111111111111111,1,3,6512.1,7607.4,6599.266666666667,6947.116666666668,19.52113821138212,15.279065040650408
Kandri,underground,2019-09-01,8200.0,6769.8,1430.2,0.89,78,0,566.1,10,0,0,0,0,0,0,0,0,0,1,17.441463414634146,82.55853658536586,56.61,0.10833333333333334,1,3,6476.6,6809.1,6586.166666666667,6876.416666666667,19.680894308943092,16.14126016260163
Kandri,underground,2019-10-01,8200.0,7836.9,363.1,0.915,59,0,52.4,0,0,0,0,0,0,0,0,0,0,0,4.4280487804878055,95.57195121951219,0.0,0.08194444444444444,0,4,6769.8,6512.1,7027.766666666667,7001.983333333334,14.295528455284556,14.609959349593497
Kandri,underground,2019-11-01,8200.0,7810.1,389.9,0.88,85,1,0.3,0,0,0,0,0,0,0,0,0,0,0,4.754878048780488,95.24512195121952,0.0,0.11805555555555555,0,4,7836.9,6476.6,7472.266666666666,7035.766666666666,8.874796747967482,14.197967479674796
Kandri,underground,2019-12-01,8200.0,7663.7,536.3,0.905,62,0,21.7,0,0,0,0,0,0,0,0,0,0,0,6.540243902439023,93.45975609756097,0.0,0.08611111111111111,0,4,7810.1,6769.8,7770.233333333334,7178.200000000001,5.241056910569107,12.4609756097561
Kandri,underground,2020-01-01,7000.0,6541.2,458.8,0.87,104,1,37.5,0,0,0,0,0,0,0,0,0,0,0,6.554285714285714,93.44571428571429,0.0,0.14444444444444443,0,1,7663.7,7836.9,7338.333333333333,7183.05,5.94980255516841,10.12266550522648
Kandri,underground,2020-02-01,7000.0,6038.3,961.7,0.905,71,0,27.0,0,0,0,0,0,0,0,0,0,0,0,13.738571428571431,86.26142857142858,0.0,0.09861111111111111,0,1,6541.2,7810.1,6747.733333333334,7110.0,8.944367015098724,8.909581881533102
Kandri,underground,2020-03-01,7000.0,6516.9,483.1,0.91,67,0,48.3,0,0,0,0,0,0,0,0,0,0,0,6.901428571428572,93.09857142857142,0.0,0.09305555555555556,0,1,6038.3,7663.7,6365.466666666666,7067.849999999999,9.064761904761907,7.152909407665508
Kandri,underground,2020-04-01,7000.0,6006.9,993.1,0.885,82,1,6.4,0,0,0,0,0,0,0,0,0,0,0,14.187142857142856,85.81285714285714,0.0,0.11388888888888889,0,2,6516.9,6541.2,6187.366666666666,6762.849999999999,11.60904761904762,8.779425087108015
Kandri,underground,2020-05-01,7000.0,6203.4,796.6,0.83,130,1,0.7,0,0,0,0,0,0,0,0,0,0,0,11.379999999999999,88.62,0.0,0.18055555555555555,0,2,6006.9,6038.3,6242.400000000001,6495.066666666667,10.822857142857144,9.883612078977933
Kandri,underground,2020-06-01,7000.0,5837.6,1162.4,0.865,88,1,351.4,5,0,0,0,0,0,0,0,0,0,0,16.60571428571429,83.39428571428572,70.28,0.12222222222222222,1,2,6203.4,6516.9,6015.966666666666,6190.716666666667,14.057619047619049,11.561190476190477
Kandri,underground,2020-07-01,7000.0,5476.6,1523.4,0.9,68,0,322.6,6,0,0,0,0,0,0,0,0,0,0,21.762857142857143,78.23714285714286,53.76666666666667,0.09444444444444444,1,3,5837.6,6006.9,5839.200000000001,6013.283333333333,16.582857142857147,14.095952380952383
Kandri,underground,2020-08-01,7000.0,5265.8,1734.2,0.865,89,1,726.2,13,0,0,0,0,0,1,1,2,1,1,24.774285714285714,75.22571428571429,55.861538461538466,0.12361111111111112,1,3,5476.6,6203.4,5526.666666666667,5884.533333333333,21.04761904761905,15.935238095238097
Kandri,underground,2020-09-01,7000.0,5722.7,1277.3,0.92,63,0,218.8,4,0,0,0,0,0,0,0,0,0,0,18.247142857142855,81.75285714285714,54.7,0.0875,1,3,5265.8,5837.6,5488.366666666668,5752.166666666667,21.594761904761906,17.82619047619048
Kandri,underground,2020-10-01,7000.0,7364.5,0.0,0.915,53,0,67.8,0,0,0,0,0,0,0,0,0,0,0,0.0,105.20714285714286,0.0,0.07361111111111111,0,4,5722.7,5476.6,6117.666666666667,5978.433333333333,14.34047619047619,15.461666666666668
Kandri,underground,2020-11-01,7000.0,6609.8,390.2,0.91,68,0,4.4,0,0,0,0,0,0,0,0,0,0,0,5.574285714285714,94.42571428571429,0.0,0.09444444444444444,0,4,7364.5,5265.8,6565.666666666667,6046.166666666667,7.940476190476191,14.49404761904762
Kandri,underground,2020-12-01,7000.0,5923.7,1076.3,0.905,66,0,0.4,0,0,0,0,0,0,0,0,0,0,0,15.375714285714285,84.6242857142857,0.0,0.09166666666666666,0,4,6609.8,5722.7,6632.666666666667,6060.516666666666,6.983333333333334,14.289047619047617
Kandri,underground,2021-01-01,8533.3,7230.0,1303.3,0.9,51,0,5.3,0,0,0,0,0,0,0,0,0,0,0,15.273106535572406,84.7268934644276,0.0,0.07083333333333333,0,1,5923.7,7364.5,6587.833333333333,6352.75,12.074368845190804,13.207422517833498
Kandri,underground,2021-02-01,8533.3,7361.3,1172.0,0.905,67,0,9.2,0,0,0,0,0,0,0,0,0,0,0,13.734428650111916,86.26557134988809,0.0,0.09305555555555556,0,1,7230.0,6609.8,6838.333333333333,6702.0,14.794416490466205,11.367446340471197
Kandri,underground,2021-03-01,8533.3,6768.8,1764.5,0.85,117,1,0.7,0,0,0,0,0,0,0,0,0,0,0,20.67781514771542,79.32218485228458,0.0,0.1625,0,1,7361.3,5923.7,7120.033333333333,6876.349999999999,16.56178344446658,11.772558388899958
Kandri,underground,2021-04-01,8533.3,7010.5,1522.9,0.855,118,1,0.4,0,0,0,0,0,0,0,0,0,0,0,17.84655408810191,82.15461779147576,0.0,0.1638888888888889,0,2,6768.8,7230.0,7046.866666666666,6817.349999999999,17.41959929530975,14.746984070250276
Kandri,underground,2021-05-01,8533.3,7074.5,1458.8,0.92,63,0,32.0,0,0,0,0,0,0,0,0,0,0,0,17.09537927882531,82.90462072117471,0.0,0.0875,0,2,7010.5,7361.3,6951.266666666666,6894.8,18.539916171547546,16.66716633100688
Kandri,underground,2021-06-01,8533.3,7648.9,884.4,0.925,57,0,315.2,5,0,0,0,0,0,0,0,0,0,0,10.364102984777285,89.63589701522272,63.04,0.07916666666666666,1,2,7074.5,6768.8,7244.633333333334,7182.333333333333,15.102012117234835,15.83189778085071
Kandri,underground,2021-07-01,8533.3,6619.6,1913.8,0.84,120,1,341.1,7,0,0,0,0,0,0,0,0,0,0,22.42743135715374,77.57374052242393,48.728571428571435,0.16666666666666666,1,3,7648.9,7010.5,7114.333333333333,7080.599999999999,16.628971206918777,17.024285251114264
Kandri,underground,2021-08-01,8533.3,7611.5,921.8,0.925,71,0,258.4,4,0,0,0,0,0,0,0,0,0,0,10.802385946820104,89.1976140531799,64.6,0.09861111111111111,1,3,6619.6,7074.5,7293.333333333333,7122.3,14.531306762917046,16.535611467232297
Kandri,underground,2021-09-01,8533.3,8243.7,289.6,0.86,104,1,369.1,5,0,0,0,0,0,0,0,0,0,0,3.3937632568877225,96.60623674311229,73.82000000000001,0.14444444444444443,1,3,7611.5,7648.9,7491.599999999999,7368.116666666666,12.207860186953857,13.654936152094345
Kandri,underground,2021-10-01,8533.3,8197.5,335.8,0.885,93,1,46.4,0,0,0,0,0,0,0,0,0,0,0,3.935171621764148,96.06482837823586,0.0,0.12916666666666668,0,4,8243.7,6619.6,8017.566666666667,7565.95,6.0437736084906595,11.33637240770472
Kandri,underground,2021-11-01,8533.3,7340.1,1193.3,0.85,91,1,22.5,0,0,0,0,0,0,0,0,0,0,0,13.984039000152345,86.01713287942532,0.0,0.12638888888888888,0,4,8197.5,7611.5,7927.100000000001,7610.216666666667,7.104324626268074,10.817815694592559
Kandri,underground,2021-12-01,8533.3,7378.0,1155.4,0.875,88,1,33.1,1,0,0,0,0,0,0,0,0,0,0,13.539896640221253,86.46127523935641,33.1,0.12222222222222222,0,4,7340.1,8243.7,7638.533333333333,7565.066666666667,10.48636908737925,11.347114637166554
Kandri,underground,2022-01-01,9333.3,8139.9,1193.4,0.9,64,0,13.6,0,0,0,0,0,0,0,0,0,0,0,12.786474237407994,87.21352576259201,0.0,0.08888888888888889,0,1,7378.0,8197.5,7619.333333333333,7818.45,13.436803292593865,9.740288450542263
Kandri,underground,2022-02-01,9333.3,9280.9,52.4,0.905,65,0,4.7,0,0,0,0,0,0,0,0,0,0,0,0.5614305765377734,99.43856942346223,0.0,0.09027777777777778,0,1,8139.9,7340.1,8266.266666666666,8096.683333333333,8.962600484722342,8.033462555495207
Kandri,underground,2022-03-01,9333.3,8620.1,713.3,0.91,72,0,0.4,0,0,0,0,0,0,0,0,0,0,0,7.642527294740338,92.35854413765765,0.0,0.1,0,1,9280.9,7378.0,8680.300000000001,8159.416666666667,6.99681070289537,8.74158989513731
Kandri,underground,2022-04-01,9333.3,9296.1,37.2,0.915,52,0,0.0,0,0,0,0,0,0,0,0,0,0,0,0.3985728520459002,99.60142714795411,0.0,0.07222222222222222,0,2,8620.1,8139.9,9065.699999999999,8342.516666666666,2.867510241108006,8.152156766850934
Kandri,underground,2022-05-01,9333.3,8268.8,1064.5,0.92,60,0,7.8,0,0,0,0,0,0,0,0,0,0,0,11.405397876420988,88.59460212357901,0.0,0.08333333333333333,0,2,9296.1,9280.9,8728.333333333334,8497.3,6.482166007735745,7.722383246229043
Kandri,underground,2022-06-01,9333.3,8272.4,1061.0,0.925,59,0,183.6,4,0,0,0,0,0,0,0,0,0,0,11.367897742491937,88.63317368990604,45.9,0.08194444444444444,1,2,8268.8,8620.1,8612.433333333334,8646.366666666667,7.723956156986277,7.360383429940822
Kandri,underground,2022-07-01,9333.3,7548.5,1784.8,0.9,61,0,602.1,14,0,0,0,0,0,0,1,1,1,1,19.122925439019426,80.87707456098057,43.00714285714286,0.08472222222222223,1,3,8272.4,9296.1,8029.899999999999,8547.800000000001,13.965407019310787,8.416458630209394
Kandri,underground,2022-08-01,9333.3,6766.6,2566.8,0.835,120,1,497.3,9,0,0,0,0,0,0,0,0,0,0,27.501526791167112,72.49954464123087,55.25555555555556,0.16666666666666666,1,3,7548.5,8268.8,7529.166666666667,8128.75,19.33078332422616,12.906474665980951
Kandri,underground,2022-09-01,9333.3,9202.9,130.4,0.92,58,0,305.1,4,0,0,0,0,0,0,0,0,0,0,1.3971478469565966,98.60285215304341,76.275,0.08055555555555556,1,3,6766.6,8272.4,7839.333333333333,8225.883333333333,16.00720002571438,11.86557809135033
Kandri,underground,2022-10-01,9333.3,7857.7,1475.6,0.885,70,0,139.2,3,0,0,0,0,0,0,0,0,0,0,15.810056464487374,84.18994353551264,46.4,0.09722222222222222,0,4,9202.9,7548.5,7942.400000000001,7986.149999999999,14.90291036753703,14.434158693423905
Kandri,underground,2022-11-01,9333.3,8290.6,1042.8,0.88,75,0,0.0,0,0,0,0,0,0,0,0,0,0,0,11.17289704606088,88.8281743863371,0.0,0.10416666666666667,0,4,7857.7,6766.6,8450.4,7989.783333333333,9.460033785834952,14.395408555030555
Kandri,underground,2022-12-01,9333.3,8164.4,1168.9,0.905,86,1,4.6,0,0,0,0,0,0,0,0,0,0,0,12.523973299904645,87.47602670009536,0.0,0.11944444444444445,0,4,8290.6,9202.9,8104.233333333333,7971.783333333333,13.168975603484304,14.58808781459934
Kandri,underground,2023-01-01,10333.3,9123.1,1210.2,0.87,61,0,1.5,0,0,0,0,0,0,0,0,0,0,0,11.71165068274414,88.28834931725588,0.0,0.08472222222222223,0,1,8164.4,7857.7,8526.033333333333,8234.216666666667,11.802840342903224,13.352875355220126
Kandri,underground,2023-02-01,10333.3,9324.7,1008.6,0.905,82,1,0.0,0,0,0,0,0,0,0,0,0,0,0,9.760676647344024,90.23932335265599,0.0,0.11388888888888889,0,1,9123.1,8290.6,8870.733333333334,8660.566666666668,11.332100209997606,10.396066997916279
Kandri,underground,2023-03-01,10333.3,10307.8,25.6,0.91,60,0,18.1,0,0,0,0,0,0,0,0,0,0,0,0.2477427346539828,99.75322501040326,0.0,0.08333333333333333,0,1,9324.7,8164.4,9585.2,8844.716666666667,7.240023354914051,10.204499479199177
Kandri,underground,2023-04-01,10333.3,10244.1,89.2,0.915,57,0,49.5,1,0,0,0,0,0,0,0,0,0,0,0.8632285910599712,99.13677140894004,49.5,0.07916666666666666,0,2,10307.8,9123.1,9958.866666666667,9242.45,3.623882657685995,7.713361500294607
Kandri,underground,2023-05-01,10333.3,9542.7,790.6,0.92,47,0,25.8,0,0,0,0,0,0,0,0,0,0,0,7.650992422556202,92.34900757744381,0.0,0.06527777777777778,0,2,10244.1,9324.7,10031.533333333333,9451.133333333333,2.9206545827567205,7.126377396377162
Kandri,underground,2023-06-01,10333.3,8888.8,1444.5,0.895,83,1,284.4,4,0,0,0,0,0,0,0,0,0,0,13.979077351862426,86.02092264813757,71.1,0.11527777777777778,1,2,9542.7,10307.8,9558.533333333333,9571.866666666667,7.497766121826202,7.368894738370126
Kandri,underground,2023-07-01,10333.3,9008.9,1324.4,0.93,47,0,544.3,12,0,0,0,0,0,0,1,1,1,1,12.81681553811464,87.18318446188536,45.35833333333333,0.06527777777777778,1,3,8888.8,10244.1,9146.800000000001,9552.833333333334,11.482295104177757,7.553088880931877
Kandri,underground,2023-08-01,10333.3,8759.6,1573.7,0.895,77,0,375.8,6,0,0,0,0,0,0,0,0,0,0,15.229403965819246,84.77059603418077,62.63333333333333,0.10694444444444444,1,3,9008.9,9542.7,8885.766666666665,9458.65,14.00843228526544,8.464543434011079
Kandri,underground,2023-09-01,10333.3,8748.3,1585.0,0.92,53,0,332.6,6,0,0,0,0,0,0,0,0,0,0,15.338759157287605,84.66124084271239,55.43333333333334,0.07361111111111111,1,3,8759.6,8888.8,8838.933333333334,9198.733333333334,14.461659553740498,10.979712837783348
Kandri,underground,2023-10-01,10333.3,8697.1,1636.2,0.855,100,1,1.2,0,0,0,0,0,0,0,0,0,0,0,15.83424462659557,84.16575537340444,0.0,0.1388888888888889,0,4,8748.3,9008.9,8735.0,8940.9,15.467469249900809,13.474882177039284
Kandri,underground,2023-11-01,10333.3,8372.6,1960.8,0.88,88,1,21.9,0,0,0,0,0,0,0,0,0,0,0,18.975545082403492,81.02542266265375,0.0,0.12222222222222222,0,4,8697.1,8759.6,8606.0,8745.883333333333,16.71618295542889,15.362307620347162
Kandri,underground,2023-12-01,10333.3,9656.9,676.4,0.875,93,1,16.2,0,0,0,0,0,0,0,0,0,0,0,6.545827567185701,93.4541724328143,0.0,0.12916666666666668,0,4,8372.6,8748.3,8908.866666666667,8873.9,13.785205758728258,14.123432656234378
Kandri,underground,2024-01-01,11706.7,10665.0,1041.7,0.87,83,1,21.2,0,0,0,0,0,0,0,0,0,0,0,8.898323182451074,91.10167681754892,0.0,0.11527777777777778,0,1,9656.9,8697.1,9564.833333333334,9149.916666666666,11.473231944013426,13.470350596957118
Kandri,underground,2024-02-01,11706.7,9892.7,1814.0,0.875,79,0,37.5,0,0,0,0,0,0,0,0,0,0,0,15.495400070045356,84.50459992995464,0.0,0.10972222222222222,0,1,10665.0,8372.6,10071.533333333335,9338.766666666666,10.313183606560713,13.514683280994802
Kandri,underground,2024-03-01,11706.7,10748.9,957.8,0.91,80,0,39.2,1,0,0,0,0,0,0,0,0,0,0,8.181639573919208,91.81836042608079,39.2,0.1111111111111111,0,1,9892.7,9656.9,10435.533333333333,9672.2,10.858454275471884,12.32183001710007
Kandri,underground,2024-04-01,11706.7,10320.9,1385.7,0.885,72,0,49.8,0,0,0,0,0,0,0,0,0,0,0,11.836811398600801,88.16233438970845,0.0,0.1,0,2,10748.9,10665.0,10320.833333333334,9942.833333333334,11.83795034752179,11.655591145767607
Kandri,underground,2024-05-01,11706.7,10391.3,1315.3,0.89,90,1,46.3,0,0,0,0,0,0,0,0,0,0,0,11.235446368318994,88.76369941999025,0.0,0.125,0,2,10320.9,9892.7,10487.033333333333,10279.283333333333,10.41796578027967,10.365574693420191
Kandri,underground,2024-06-01,11706.7,9821.1,1885.6,0.895,77,0,225.7,3,0,0,0,0,0,0,0,0,0,0,16.10701564061606,83.89298435938393,75.23333333333333,0.10694444444444444,1,2,10391.3,10748.9,10177.766666666665,10306.65,13.059757802511953,11.959106038991917
Kandri,underground,2024-07-01,11706.7,9982.1,1724.5,0.9,74,0,674.1,14,0,0,0,0,0,1,1,2,1,1,14.730880606831983,85.26826518147728,48.15,0.10277777777777777,1,3,9821.1,10320.9,10064.833333333334,10192.833333333334,14.024447538589015,12.931198943055401
Kandri,underground,2024-08-01,11706.7,9873.6,1833.1,0.895,77,0,485.3,12,0,0,0,0,0,0,1,1,1,0,15.658554502976926,84.34144549702307,40.44166666666667,0.10694444444444444,1,3,9982.1,10391.3,9892.266666666668,10189.65,15.498816916808325,12.958391348543996
Kandri,underground,2024-09-01,11706.7,9966.4,1740.3,0.89,80,0,357.9,3,0,0,0,0,0,0,0,0,0,0,14.865846053969092,85.13415394603089,119.3,0.1111111111111111,1,3,9873.6,9821.1,9940.7,10059.233333333332,15.085093721259335,14.072425761885642
Kandri,underground,2024-10-01,11706.7,10239.4,1467.2,0.915,66,0,37.5,0,0,0,0,0,0,0,0,0,0,0,12.532993926554878,87.46615186175437,0.0,0.09166666666666666,0,4,9966.4,9982.1,10026.466666666667,10045.65,14.352464827833636,14.188456183211322
Kandri,underground,2024-11-01,11706.7,10310.4,1396.3,0.88,78,0,0.0,0,0,0,0,0,0,0,0,0,0,0,11.927357837819368,88.07264216218063,0.0,0.10833333333333334,0,4,10239.4,9873.6,10172.066666666668,10032.166666666666,13.10873260611445,14.303774761461385
Kandri,underground,2024-12-01,11706.7,9535.0,2171.7,0.845,116,1,4.7,0,0,0,0,0,0,0,0,0,0,0,18.550915287826626,81.44908471217337,0.0,0.16111111111111112,0,4,10310.4,9966.4,10028.266666666666,9984.483333333334,14.337089017400293,14.711091369329814
Kandri,underground,2025-01-01,12020.0,11241.9,778.1,0.9,79,0,0.5,0,0,0,0,0,0,0,0,0,0,0,6.473377703826955,93.52662229617304,0.0,0.10972222222222222,0,1,9535.0,10239.4,10362.433333333334,10194.45,12.317216943157652,13.334840885495643
Kandri,underground,2025-02-01,12020.0,10460.1,1559.9,0.905,66,0,0.0,0,0,0,0,0,0,0,0,0,0,0,12.977537437603996,87.02246256239602,0.0,0.09166666666666666,0,1,11241.9,10310.4,10412.333333333334,10292.199999999999,12.667276809752527,12.888004707933488
Kandri,underground,2025-03-01,12020.0,10978.8,1041.2,0.91,70,0,0.1,0,0,0,0,0,0,0,0,0,0,0,8.662229617304492,91.33777038269551,0.0,0.09722222222222222,0,1,10460.1,9535.0,10893.6,10460.933333333334,9.371048252911818,11.854068635156054
Kandri,underground,2025-04-01,12020.0,10851.7,1168.3,0.885,79,0,2.5,0,0,0,0,0,0,0,0,0,0,0,9.71963394342762,90.28036605657238,0.0,0.10972222222222222,0,2,10978.8,11241.9,10763.533333333335,10562.983333333334,10.453133666112038,11.385175304634844
Kandri,underground,2025-05-01,12020.0,10715.6,1304.4,0.92,56,0,32.2,0,0,0,0,0,0,0,0,0,0,0,10.851913477537439,89.14808652246256,0.0,0.07777777777777778,0,2,10851.7,10460.1,10848.699999999999,10630.516666666666,9.744592346089853,11.20593457792119
Kandri,underground,2025-06-01,12020.0,9954.0,2066.0,0.895,70,0,248.8,4,0,0,0,0,0,0,0,0,0,0,17.18801996672213,82.81198003327786,62.2,0.09722222222222222,1,2,10715.6,10978.8,10507.1,10700.35,12.5865224625624,10.978785357737108
Kandri,underground,2025-07-01,12020.0,9911.1,2108.9,0.87,81,1,694.8,11,0,0,0,0,0,1,1,2,1,1,17.544925124792012,82.45507487520798,63.16363636363636,0.1125,1,3,9954.0,10851.7,10193.566666666668,10478.550000000001,15.19495285635053,12.824043261231282
Kandri,underground,2025-08-01,12020.0,10366.0,1654.0,0.895,85,1,355.4,8,0,0,0,0,0,0,0,0,0,0,13.760399334442596,86.2396006655574,44.425,0.11805555555555555,1,3,9911.1,10715.6,10077.033333333333,10462.866666666667,16.164448141985584,12.954520244037715
Kandri,underground,2025-09-01,12020.0,10409.8,1610.2,0.89,93,1,296.4,5,0,0,0,0,0,0,0,0,0,0,13.396006655574045,86.60399334442596,59.279999999999994,0.12916666666666668,1,3,10366.0,9954.0,10228.966666666665,10368.033333333333,14.90044370493622,13.74348308374931
Kandri,underground,2025-10-01,12020.0,11549.5,470.5,0.885,79,0,99.2,0,0,0,0,0,0,0,0,0,0,0,3.9143094841930117,96.08569051580699,0.0,0.10972222222222222,0,4,10409.8,9911.1,10775.1,10484.333333333334,10.356905158069887,12.775929007210207
Kandri,underground,2025-11-01,12020.0,10004.1,2015.9,0.88,77,0,1.4,0,0,0,0,0,0,0,0,0,0,0,16.771214642262898,83.22878535773711,0.0,0.10694444444444444,0,4,11549.5,10366.0,10654.466666666667,10365.75,11.360510260676653,13.762479201331116
Kandri,underground,2025-12-01,12020.0,9474.7,2545.3,0.845,120,1,0.0,0,0,0,0,0,0,0,0,0,0,0,21.175540765391016,78.824459234609,0.0,0.16666666666666666,0,4,10004.1,10409.8,10342.766666666668,10285.866666666667,13.953688297282312,14.427066001109266
Mansar,underground,2015-01-01,9491.7,7960.7,1530.9,0.9,65,0,0.0,0,0,0,0,0,0,0,0,0,0,0,16.128828344764372,83.87011810318488,0.0,0.09027777777777778,0,1,,,7960.7,7960.7,16.128828344764372,16.128828344764372
Mansar,underground,2015-02-01,9491.7,7498.4,1993.3,0.845,116,1,3.2,0,0,0,0,0,0,0,0,0,0,0,21.000453027381816,78.99954697261818,0.0,0.16111111111111112,0,1,7960.7,,7729.549999999999,7729.549999999999,18.564640686073094,18.564640686073094
Mansar,underground,2015-03-01,9491.7,8456.7,1035.0,0.85,93,1,40.9,1,0,0,0,0,0,0,0,0,0,0,10.90426372514934,89.09573627485065,40.9,0.12916666666666668,0,1,7498.4,,7971.933333333333,7971.933333333333,16.01118169909851,16.01118169909851
Mansar,underground,2015-04-01,9491.7,9128.2,363.5,0.915,53,0,26.9,0,0,0,0,0,0,0,0,0,0,0,3.829661704436507,96.1703382955635,0.0,0.07361111111111111,0,2,8456.7,7960.7,8361.1,8261.0,11.911459485655888,12.965801700433008
Mansar,underground,2015-05-01,9491.7,8877.1,614.5,0.89,75,0,13.1,0,0,0,0,0,0,0,0,0,0,0,6.474077351791564,93.52486909615769,0.0,0.10416666666666667,0,2,9128.2,7498.4,8820.666666666666,8384.22,7.0693342604591365,11.667456830704719
Mansar,underground,2015-06-01,9491.7,8737.1,754.6,0.895,82,1,324.5,6,0,0,0,0,0,0,0,0,0,0,7.950103774876998,92.04989622512299,54.083333333333336,0.11388888888888889,1,2,8877.1,8456.7,8914.133333333333,8443.033333333333,6.084614277035023,11.047897988066765
Mansar,underground,2015-07-01,9491.7,7988.8,1502.8,0.9,78,0,357.1,3,0,0,0,0,0,0,0,0,0,0,15.832780218506691,84.16616622944257,119.03333333333335,0.10833333333333334,1,3,8737.1,9128.2,8534.333333333334,8447.716666666667,10.085653781725084,10.998556633690486
Mansar,underground,2015-08-01,9491.7,8281.8,1209.9,0.925,68,0,416.0,7,0,0,0,0,0,0,0,0,0,0,12.74692626189197,87.25307373810803,59.42857142857143,0.09444444444444444,1,3,7988.8,8877.1,8335.9,8578.283333333333,12.176603418425218,9.622968839442178
Mansar,underground,2015-09-01,9491.7,7177.8,2313.9,0.89,66,0,160.2,3,0,0,0,0,0,0,0,0,0,0,24.378140902051264,75.62185909794873,53.4,0.09166666666666666,1,3,8281.8,8737.1,7816.133333333332,8365.133333333333,17.652615794149977,11.868615035592498
Mansar,underground,2015-10-01,9491.7,8183.9,1307.8,0.915,66,0,6.6,0,0,0,0,0,0,0,0,0,0,0,13.778353719565514,86.22164628043447,0.0,0.09166666666666666,0,4,7177.8,7988.8,7881.166666666667,8207.75,16.967806961169583,13.526730371447334
Mansar,underground,2015-11-01,9491.7,8049.9,1441.8,0.85,101,1,0.3,0,0,0,0,0,0,0,0,0,0,0,15.190113467555863,84.80988653244412,0.0,0.14027777777777778,0,4,8183.9,8281.8,7803.866666666666,8069.883333333334,17.78220269639088,14.97940305740805
Mansar,underground,2015-12-01,9491.7,8213.5,1278.2,0.905,69,0,3.2,0,0,0,0,0,0,0,0,0,0,0,13.466502312546751,86.53349768745325,0.0,0.09583333333333334,0,4,8049.9,7177.8,8149.099999999999,7982.616666666666,14.14498983322271,15.898802813686345
Mansar,underground,2016-01-01,9000.0,8752.8,247.2,0.9,81,1,1.1,0,0,0,0,0,0,0,0,0,0,0,2.7466666666666666,97.25333333333333,0.0,0.1125,0,1,8213.5,8183.9,8338.733333333332,8109.95,10.467760815589758,13.717783888379671
Mansar,underground,2016-02-01,9000.0,8017.5,982.5,0.905,76,0,6.6,0,0,0,0,0,0,0,0,0,0,0,10.916666666666666,89.08333333333334,0.0,0.10555555555555556,0,1,8752.8,8049.9,8327.933333333332,8065.899999999999,9.043278548626693,13.412740622508787
Mansar,underground,2016-03-01,9000.0,6588.1,2411.9,0.88,62,0,23.5,0,0,0,0,0,0,0,0,0,0,0,26.79888888888889,73.20111111111112,0.0,0.08611111111111111,0,1,8017.5,8213.5,7786.133333333334,7967.616666666666,13.487407407407405,13.816198620315058
Mansar,underground,2016-04-01,9000.0,8659.4,340.6,0.885,88,1,6.8,0,0,0,0,0,0,0,0,0,0,0,3.7844444444444445,96.21555555555555,0.0,0.12222222222222222,0,2,6588.1,8752.8,7755.0,8046.866666666666,13.83333333333333,12.150547074461548
Mansar,underground,2016-05-01,9000.0,8697.8,302.2,0.92,60,0,7.2,0,0,0,0,0,0,0,0,0,0,0,3.3577777777777778,96.64222222222222,0.0,0.08333333333333333,0,2,8659.4,8017.5,7981.766666666666,8154.8499999999985,11.313703703703702,10.1784911261652
Mansar,underground,2016-06-01,9000.0,8015.0,985.0,0.925,45,0,155.9,4,0,0,0,0,0,0,0,0,0,0,10.944444444444445,89.05555555555556,38.975,0.0625,1,2,8697.8,6588.1,8457.4,8121.7666666666655,6.028888888888886,9.758148148148148
Mansar,underground,2016-07-01,9000.0,7561.6,1438.4,0.9,72,0,685.4,13,0,0,0,0,0,1,1,2,1,1,15.982222222222223,84.01777777777778,52.723076923076924,0.1,1,3,8015.0,8659.4,8091.466666666667,7923.233333333334,10.094814814814812,11.964074074074075
Mansar,underground,2016-08-01,9000.0,8938.3,61.7,0.925,71,0,333.3,4,0,0,0,0,0,0,0,0,0,0,0.6855555555555556,99.31444444444443,83.325,0.09861111111111111,1,3,7561.6,8697.8,8171.633333333334,8076.7,9.204074074074072,10.258888888888889
Mansar,underground,2016-09-01,9000.0,7251.5,1748.5,0.86,102,1,250.3,2,0,0,0,0,0,0,0,0,0,0,19.427777777777777,80.57222222222222,125.15,0.14166666666666666,1,3,8938.3,8015.0,7917.133333333334,8187.266666666666,12.03185185185185,9.03037037037037
Mansar,underground,2016-10-01,9000.0,8291.9,708.1,0.915,75,0,44.2,0,0,0,0,0,0,0,0,0,0,0,7.8677777777777775,92.13222222222221,0.0,0.10416666666666667,0,4,7251.5,7561.6,8160.566666666666,8126.016666666666,9.327037037037034,9.710925925925926
Mansar,underground,2016-11-01,9000.0,8257.8,742.2,0.91,50,0,0.3,0,0,0,0,0,0,0,0,0,0,0,8.246666666666668,91.75333333333332,0.0,0.06944444444444445,0,4,8291.9,8938.3,7933.733333333333,8052.683333333334,11.847407407407403,10.52574074074074
Mansar,underground,2016-12-01,9000.0,7505.7,1494.3,0.845,103,1,0.0,0,0,0,0,0,0,0,0,0,0,0,16.603333333333335,83.39666666666666,0.0,0.14305555555555555,0,4,8257.8,7251.5,8018.466666666666,7967.8,10.905925925925922,11.46888888888889
Mansar,underground,2017-01-01,9333.3,8423.6,909.7,0.9,72,0,1.4,0,0,0,0,0,0,0,0,0,0,0,9.746820524359016,90.253179475641,0.0,0.1,0,1,7505.7,8291.9,8062.366666666666,8111.466666666666,11.532273508119667,10.429655272578357
Mansar,underground,2017-02-01,9333.3,7759.1,1574.2,0.905,76,0,1.9,0,0,0,0,0,0,0,0,0,0,0,16.866488808888604,83.13351119111141,0.0,0.10555555555555556,0,1,8423.6,8257.8,7896.133333333334,7914.933333333333,14.405547555526981,13.126477481467196
Mansar,underground,2017-03-01,9333.3,8035.1,1298.2,0.85,96,1,0.2,0,0,0,0,0,0,0,0,0,0,0,13.909335390483541,86.09066460951648,0.0,0.13333333333333333,0,1,7759.1,7505.7,8072.600000000001,8045.533333333333,13.507548241243716,12.206737083584825
Mansar,underground,2017-04-01,9333.3,8719.5,613.9,0.915,69,0,0.3,0,0,0,0,0,0,0,0,0,0,0,6.5775234911553255,93.42354794124266,0.0,0.09583333333333334,0,2,8035.1,8423.6,8171.2333333333345,8116.8,12.451115896842486,11.991694702481082
Mansar,underground,2017-05-01,9333.3,7816.2,1517.1,0.86,96,1,14.8,0,0,0,0,0,0,0,0,0,0,0,16.254700909646104,83.7452990903539,0.0,0.13333333333333333,0,2,8719.5,7759.1,8190.266666666667,8043.2,12.247186597094986,13.326367076310987
Mansar,underground,2017-06-01,9333.3,8435.5,897.9,0.925,46,0,211.9,5,0,0,0,0,0,0,0,0,0,0,9.620391501398219,90.38067993099976,42.38,0.06388888888888888,1,2,7816.2,8035.1,8323.733333333334,8198.166666666666,10.817538634066546,12.162543437655133
Mansar,underground,2017-07-01,9333.3,8271.9,1061.5,0.93,54,0,460.2,5,0,0,0,0,0,0,0,0,0,0,11.373254904481803,88.62781652791617,92.03999999999999,0.075,1,3,8435.5,8719.5,8174.533333333333,8172.883333333334,12.416115771842039,12.433615834342268
Mansar,underground,2017-08-01,9333.3,7729.1,1604.2,0.925,55,0,477.1,5,0,0,0,0,0,0,0,0,0,0,17.18791852828046,82.81208147171955,95.42,0.0763888888888889,1,3,8271.9,7816.2,8145.5,8167.883333333334,12.727188311386824,12.48718745424091
Mansar,underground,2017-09-01,9333.3,8353.9,979.4,0.92,56,0,181.8,2,0,0,0,0,0,0,0,0,0,0,10.493608905746092,89.50639109425391,90.9,0.07777777777777778,1,3,7729.1,8435.5,8118.3,8221.016666666666,13.018260779502782,11.917899706784667
Mansar,underground,2017-10-01,9333.3,8530.0,803.3,0.915,68,0,77.4,0,0,0,0,0,0,0,0,0,0,0,8.606816452915904,91.3931835470841,0.0,0.09444444444444444,0,4,8353.9,8271.9,8204.333333333334,8189.433333333334,12.096114628980814,12.25611520041143
Mansar,underground,2017-11-01,9333.3,7760.1,1573.2,0.91,63,0,1.1,0,0,0,0,0,0,0,0,0,0,0,16.855774484908874,83.14422551509114,0.0,0.0875,0,4,8530.0,7729.1,8214.666666666666,8180.083333333333,11.985399947856953,12.356294129621892
Mansar,underground,2017-12-01,9333.3,8060.4,1272.9,0.875,108,1,0.0,0,0,0,0,0,0,0,0,0,0,0,13.638262993796408,86.3617370062036,0.0,0.15,0,4,7760.1,8353.9,8116.833333333333,8117.566666666667,13.033617977207058,13.025939378354925
Mansar,underground,2018-01-01,9916.7,8248.6,1668.0,0.9,73,0,0.0,0,0,0,0,0,0,0,0,0,0,0,16.820111529036875,83.17888007099135,0.0,0.10138888888888889,0,1,8060.4,8530.0,8023.033333333333,8113.683333333333,15.771383002580718,13.933748815780769
Mansar,underground,2018-02-01,9916.7,8362.7,1554.0,0.845,124,1,21.5,0,0,0,0,0,0,0,0,0,0,0,15.670535561225002,84.32946443877499,0.0,0.17222222222222222,0,1,8248.6,7760.1,8223.9,8219.283333333333,15.37630336135276,13.68085165460486
Mansar,underground,2018-03-01,9916.7,8525.2,1391.5,0.91,71,0,2.8,0,0,0,0,0,0,0,0,0,0,0,14.031885607107203,85.9681143928928,0.0,0.09861111111111111,0,1,8362.7,8060.4,8378.833333333334,8247.833333333334,15.507510899123025,14.270564438165044
Mansar,underground,2018-04-01,9916.7,8779.8,1136.9,0.885,87,1,16.8,0,0,0,0,0,0,0,0,0,0,0,11.464499278994019,88.53550072100596,0.0,0.12083333333333333,0,2,8525.2,8248.6,8555.9,8289.466666666667,13.722306815775406,14.746844909178064
Mansar,underground,2018-05-01,9916.7,8993.9,922.8,0.89,86,1,12.6,0,0,0,0,0,0,0,0,0,0,0,9.30551493944558,90.69448506055441,0.0,0.11944444444444445,0,2,8779.8,8362.7,8766.300000000001,8495.1,11.600633275182267,13.488468318267513
Mansar,underground,2018-06-01,9916.7,8973.0,943.6,0.925,54,0,197.0,4,0,0,0,0,0,0,0,0,0,0,9.515262133572659,90.48372946645557,49.25,0.075,1,2,8993.9,8525.2,8915.566666666666,8647.199999999999,10.095092117337417,12.801301508230223
Mansar,underground,2018-07-01,9916.7,8758.6,1158.1,0.93,49,0,534.8,8,0,0,0,0,0,0,0,0,0,1,11.678280073008155,88.32171992699183,66.85,0.06805555555555555,1,3,8973.0,8779.8,8908.5,8732.199999999999,10.166352382008796,11.944329598892104
Mansar,underground,2018-08-01,9916.7,9301.0,615.6,0.925,37,0,517.1,5,0,0,0,0,0,0,0,0,0,1,6.207710226184114,93.79128137384411,103.42,0.05138888888888889,1,3,8758.6,8993.9,9010.866666666667,8888.583333333334,9.13375081092164,10.367192043051956
Mansar,underground,2018-09-01,9916.7,8961.2,955.4,0.89,72,0,131.2,3,0,0,0,0,0,0,0,0,0,0,9.634253330240906,90.36473826978732,43.73333333333333,0.1,1,3,9301.0,8973.0,9006.933333333332,8961.25,9.17341454314439,9.634253330240906
Mansar,underground,2018-10-01,9916.7,8970.4,946.3,0.915,62,0,0.7,0,0,0,0,0,0,0,0,0,0,0,9.542488932810308,90.45751106718967,0.0,0.08611111111111111,0,4,8961.2,8758.6,9077.533333333333,8993.016666666666,8.46148416307844,9.31391827254362
Mansar,underground,2018-11-01,9916.7,8401.0,1515.7,0.91,75,0,0.4,0,0,0,0,0,0,0,0,0,0,0,15.284318372039085,84.7156816279609,0.0,0.10416666666666667,0,4,8970.4,9301.0,8777.533333333333,8894.2,11.487020211696764,10.310385511309205
Mansar,underground,2018-12-01,9916.7,9403.1,513.6,0.905,76,0,29.7,1,0,0,0,0,0,0,0,0,0,0,5.179142254984017,94.82085774501599,29.7,0.10555555555555556,0,4,8401.0,8961.2,8924.833333333334,8965.883333333333,10.001983186611133,9.587698864877764
Mansar,underground,2019-01-01,10250.0,8560.5,1689.5,0.84,132,1,32.6,1,0,0,0,0,0,0,0,0,0,0,16.482926829268294,83.5170731707317,32.6,0.18333333333333332,0,1,9403.1,8970.4,8788.199999999999,8932.866666666667,12.315462485430464,10.388473324254454
Mansar,underground,2019-02-01,10250.0,8464.7,1785.3,0.815,143,1,4.6,0,0,0,0,0,1,0,0,1,1,0,17.417560975609756,82.58243902439025,0.0,0.1986111111111111,0,1,8560.5,8401.0,8809.433333333332,8793.483333333332,13.026543353287352,12.256781782492062
Mansar,underground,2019-03-01,10250.0,9134.7,1115.3,0.91,62,0,28.7,1,0,0,0,0,0,0,0,0,0,0,10.880975609756097,89.11902439024391,28.7,0.08611111111111111,0,1,8464.7,9403.1,8719.966666666667,8822.4,14.927154471544712,12.464568829077926
Mansar,underground,2019-04-01,10250.0,9884.9,365.1,0.915,68,0,0.9,0,0,0,0,0,0,0,0,0,0,0,3.561951219512195,96.4380487804878,0.0,0.09444444444444444,0,2,9134.7,8560.5,9161.433333333334,8974.816666666668,10.620162601626014,11.46781254352824
Mansar,underground,2019-05-01,10250.0,9729.8,520.2,0.92,65,0,0.1,0,0,0,0,0,0,0,0,0,0,0,5.075121951219512,94.92487804878049,0.0,0.09027777777777778,0,2,9884.9,8464.7,9583.133333333333,9196.283333333333,6.506016260162599,9.76627980672498
Mansar,underground,2019-06-01,10250.0,9298.5,951.5,0.895,71,0,142.3,2,0,0,0,0,0,0,0,0,0,0,9.282926829268293,90.71707317073171,71.15,0.09861111111111111,1,2,9729.8,9134.7,9637.733333333332,9178.85,5.973333333333332,10.450243902439025
Mansar,underground,2019-07-01,10250.0,8502.3,1747.7,0.93,66,0,487.7,12,0,0,0,0,0,0,1,1,1,0,17.050731707317073,82.94926829268292,40.641666666666666,0.09166666666666666,1,3,9298.5,9884.9,9176.866666666667,9169.15,10.469593495934957,10.544878048780488
Mansar,underground,2019-08-01,10250.0,8918.0,1332.0,0.925,48,0,523.5,9,0,0,0,0,0,0,0,0,0,1,12.995121951219513,87.00487804878048,58.166666666666664,0.06666666666666667,1,3,8502.3,9729.8,8906.266666666668,9244.699999999999,13.109593495934957,9.80780487804878
Mansar,underground,2019-09-01,10250.0,8218.9,2031.1,0.92,60,0,566.1,10,0,0,0,0,0,0,0,0,0,1,19.81560975609756,80.18439024390244,56.61,0.08333333333333333,1,3,8918.0,9298.5,8546.4,9092.066666666666,16.62048780487805,11.296910569105691
Mansar,underground,2019-10-01,10250.0,9230.9,1019.1,0.885,78,0,52.4,0,0,0,0,0,0,0,0,0,0,0,9.942439024390245,90.05756097560975,0.0,0.10833333333333334,0,4,8218.9,8502.3,8789.266666666668,8983.066666666666,14.251056910569103,12.360325203252033
Mansar,underground,2019-11-01,10250.0,8652.8,1597.2,0.88,91,1,0.3,0,0,0,0,0,0,0,0,0,0,0,15.582439024390244,84.41756097560975,0.0,0.12638888888888888,0,4,9230.9,8918.0,8700.866666666667,8803.566666666668,15.113495934959346,14.111544715447154
Mansar,underground,2019-12-01,10250.0,9356.5,893.5,0.845,109,1,21.7,0,0,0,0,0,0,0,0,0,0,0,8.717073170731707,91.28292682926829,0.0,0.15138888888888888,0,4,8652.8,8218.9,9080.066666666666,8813.233333333334,11.413983739837397,14.017235772357724
Mansar,underground,2020-01-01,8750.0,7204.0,1546.0,0.9,80,0,37.5,0,0,0,0,0,0,0,0,0,0,0,17.66857142857143,82.33142857142856,0.0,0.1111111111111111,0,1,9356.5,9230.9,8404.433333333332,8596.85,13.989361207897788,14.120209059233451
Mansar,underground,2020-02-01,8750.0,7497.0,1253.0,0.905,59,0,27.0,0,0,0,0,0,0,0,0,0,0,0,14.32,85.68,0.0,0.08194444444444444,0,1,7204.0,8652.8,8019.166666666667,8360.016666666666,13.56854819976771,14.34102206736353
Mansar,underground,2020-03-01,8750.0,8231.8,518.2,0.88,98,1,48.3,0,0,0,0,0,0,0,0,0,0,0,5.922285714285715,94.07771428571428,0.0,0.1361111111111111,0,1,7497.0,9356.5,7644.266666666666,8362.166666666666,12.636952380952378,12.025468060394891
Mansar,underground,2020-04-01,8750.0,8346.9,403.1,0.915,57,0,6.4,0,0,0,0,0,0,0,0,0,0,0,4.606857142857143,95.39314285714285,0.0,0.07916666666666666,0,2,8231.8,7204.0,8025.233333333333,8214.833333333334,8.283047619047617,11.136204413472706
Mansar,underground,2020-05-01,8750.0,8031.9,718.1,0.92,42,0,0.7,0,0,0,0,0,0,0,0,0,0,0,8.206857142857144,91.79314285714285,0.0,0.058333333333333334,0,2,8346.9,7497.0,8203.533333333333,8111.349999999999,6.24533333333333,9.906940766550521
Mansar,underground,2020-06-01,8750.0,7788.2,961.8,0.835,104,1,351.4,5,0,0,0,0,0,0,0,0,0,0,10.991999999999999,89.008,70.28,0.14444444444444443,1,2,8031.9,8231.8,8055.666666666667,7849.966666666666,7.935238095238091,10.286095238095237
Mansar,underground,2020-07-01,8750.0,7636.8,1113.2,0.9,68,0,322.6,6,0,0,0,0,0,0,0,0,0,0,12.722285714285714,87.2777142857143,53.76666666666667,0.09444444444444444,1,3,7788.2,8346.9,7818.966666666667,7922.099999999999,10.64038095238095,9.461714285714285
Mansar,underground,2020-08-01,8750.0,7312.8,1437.2,0.895,57,0,726.2,13,0,0,0,0,0,1,1,2,1,1,16.42514285714286,83.57485714285714,55.861538461538466,0.07916666666666666,1,3,7636.8,8031.9,7579.266666666666,7891.399999999999,13.379809523809522,9.81257142857143
Mansar,underground,2020-09-01,8750.0,7140.0,1610.0,0.92,50,0,218.8,4,0,0,0,0,0,0,0,0,0,0,18.4,81.6,54.7,0.06944444444444445,1,3,7312.8,7788.2,7363.2,7709.433333333333,15.849142857142857,11.892190476190477
Mansar,underground,2020-10-01,8750.0,8590.0,160.0,0.915,58,0,67.8,0,0,0,0,0,0,0,0,0,0,0,1.8285714285714287,98.17142857142858,0.0,0.08055555555555556,0,4,7140.0,7636.8,7680.933333333333,7749.95,12.217904761904757,11.429142857142857
Mansar,underground,2020-11-01,8750.0,7685.0,1065.0,0.88,84,1,4.4,0,0,0,0,0,0,0,0,0,0,0,12.171428571428573,87.82857142857144,0.0,0.11666666666666667,0,4,8590.0,7312.8,7805.0,7692.133333333334,10.799999999999997,12.089904761904762
Mansar,underground,2020-12-01,8750.0,6610.4,2139.6,0.905,70,0,0.4,0,0,0,0,0,0,0,0,0,0,0,24.452571428571428,75.54742857142857,0.0,0.09722222222222222,0,4,7685.0,7140.0,7628.466666666667,7495.833333333333,12.817523809523806,14.333333333333334
Mansar,underground,2021-01-01,10666.7,9472.5,1194.1,0.9,76,0,5.3,0,0,0,0,0,0,0,0,0,0,0,11.194652516710883,88.80440998621879,0.0,0.10555555555555556,0,1,6610.4,8590.0,7922.633333333334,7801.783333333333,15.939550838903623,14.078727800404195
Mansar,underground,2021-02-01,10666.7,8887.0,1779.7,0.785,163,1,9.2,0,0,0,0,1,1,0,0,2,1,0,16.684635360514495,83.3153646394855,0.0,0.2263888888888889,0,1,9472.5,7685.0,8323.300000000001,8064.150000000001,17.443953101932266,14.121976550966137
Mansar,underground,2021-03-01,10666.7,9306.2,1360.5,0.88,97,1,0.7,0,0,0,0,0,0,0,0,0,0,0,12.75464764172612,87.24535235827389,0.0,0.13472222222222222,0,1,8887.0,6610.4,9221.9,8425.183333333334,13.544645172983829,13.181084491253822
Mansar,underground,2021-04-01,10666.7,8760.3,1906.4,0.825,128,1,0.4,0,0,0,0,0,0,0,0,0,0,0,17.872444148612036,82.12755585138795,0.0,0.17777777777777778,0,2,9306.2,9472.5,8984.5,8453.566666666668,15.77057571695088,15.855063277927258
Mansar,underground,2021-05-01,10666.7,9838.7,828.0,0.92,63,0,32.0,0,0,0,0,0,0,0,0,0,0,0,7.762475742263304,92.2375242577367,0.0,0.0875,0,2,8760.3,8887.0,9301.733333333332,8812.516666666666,12.796522510867149,15.120237806399713
Mansar,underground,2021-06-01,10666.7,9835.0,831.6,0.925,63,0,315.2,5,0,0,0,0,0,0,0,0,0,0,7.796225636794885,92.20283686613479,63.04,0.0875,1,2,9838.7,9306.2,9478.0,9349.95,11.14371517589007,12.344180174436955
Mansar,underground,2021-07-01,10666.7,9459.1,1207.6,0.93,60,0,341.1,7,0,0,0,0,0,0,0,0,0,0,11.321214621204307,88.6787853787957,48.728571428571435,0.08333333333333333,1,3,9835.0,8760.3,9710.933333333332,9347.716666666667,8.959972000087495,12.365273858519194
Mansar,underground,2021-08-01,10666.7,9522.5,1144.2,0.925,53,0,258.4,4,0,0,0,0,0,0,0,0,0,0,10.72684147862038,89.27315852137961,64.6,0.07361111111111111,1,3,9459.1,9838.7,9605.533333333333,9453.633333333333,9.948093912206518,11.372308211536838
Mansar,underground,2021-09-01,10666.7,9400.8,1265.9,0.89,95,1,369.1,5,0,0,0,0,0,0,0,0,0,0,11.867775413201834,88.13222458679816,73.82000000000001,0.13194444444444445,1,3,9522.5,9835.0,9460.8,9469.4,11.305277171008834,11.224496173449458
Mansar,underground,2021-10-01,10666.7,8945.7,1720.9,0.885,83,1,46.4,0,0,0,0,0,0,0,0,0,0,0,16.133387083165367,83.86567541976432,0.0,0.11527777777777778,0,4,9400.8,9459.1,9289.666666666666,9500.300000000001,12.909334658329188,10.934653329208345
Mansar,underground,2021-11-01,10666.7,8893.8,1772.9,0.88,91,1,22.5,0,0,0,0,0,0,0,0,0,0,0,16.620885559732628,83.37911444026737,0.0,0.12638888888888888,0,4,8945.7,9522.5,9080.1,9342.816666666666,14.874016018699939,12.411054965453232
Mansar,underground,2021-12-01,10666.7,9604.1,1062.6,0.875,74,0,33.1,1,0,0,0,0,0,0,0,0,0,0,9.961843869237907,90.03815613076209,33.1,0.10277777777777777,0,4,8893.8,9400.8,9147.866666666667,9304.333333333334,14.238705504045294,12.77199133752707
Mansar,underground,2022-01-01,11666.7,9611.0,2055.7,0.87,118,1,13.6,0,0,0,0,0,0,0,0,0,0,0,17.62023537075608,82.37976462924391,0.0,0.1638888888888889,0,1,9604.1,8945.7,9369.633333333333,9329.65,14.734321599908867,13.821828129119032
Mansar,underground,2022-02-01,11666.7,10145.9,1520.7,0.905,64,0,4.7,0,0,0,0,0,0,0,0,0,0,0,13.03453418704518,86.96460867254665,0.0,0.08888888888888889,0,1,9611.0,8893.8,9787.0,9433.550000000001,13.538871142346386,14.206443580523166
Mansar,underground,2022-03-01,11666.7,10541.3,1125.4,0.91,68,0,0.4,0,0,0,0,0,0,0,0,0,0,0,9.646258153548134,90.35374184645185,0.0,0.09444444444444444,0,1,10145.9,9604.1,10099.4,9623.633333333333,13.433675903783126,13.836190703914218
Mansar,underground,2022-04-01,11666.7,10718.0,948.6,0.915,54,0,0.0,0,0,0,0,0,0,0,0,0,0,0,8.130833911903109,91.86830894768872,0.0,0.075,0,2,10541.3,9611.0,10468.4,9919.016666666666,10.27054208416547,12.502431842037174
Mansar,underground,2022-05-01,11666.7,10099.5,1567.2,0.92,61,0,7.8,0,0,0,0,0,0,0,0,0,0,0,13.43310447684435,86.56689552315564,0.0,0.08472222222222223,0,2,10718.0,10145.9,10452.933333333332,10119.966666666667,10.403398847431859,11.971134994889127
Mansar,underground,2022-06-01,11666.7,10503.7,1162.9,0.865,77,0,183.6,4,0,0,0,0,0,0,0,0,0,0,9.967685806611982,90.03145705297985,45.9,0.10694444444444444,1,2,10099.5,10541.3,10440.4,10269.9,10.510541398453142,11.97210865111814
Mansar,underground,2022-07-01,11666.7,9475.4,2191.2,0.93,54,0,602.1,14,0,0,0,0,0,0,1,1,1,1,18.781660623826788,81.21748223576503,43.00714285714286,0.075,1,3,10503.7,10718.0,10026.199999999999,10247.3,14.060816969094368,12.165679526629924
Mansar,underground,2022-08-01,11666.7,9401.2,2265.5,0.865,98,1,497.3,9,0,0,0,0,0,0,0,0,0,0,19.41851594709729,80.58148405290271,55.25555555555556,0.1361111111111111,1,3,9475.4,10099.5,9793.433333333334,10123.183333333332,16.05595412584535,13.22967648663861
Mansar,underground,2022-09-01,11666.7,9554.7,2111.9,0.92,57,0,305.1,4,0,0,0,0,0,0,0,0,0,0,18.10194828014777,81.89719457944406,76.275,0.07916666666666666,1,3,9401.2,10503.7,9477.1,9958.75,18.76737495035728,14.638958174405216
Mansar,underground,2022-10-01,11666.7,10932.3,734.4,0.915,60,0,139.2,3,0,0,0,0,0,0,0,0,0,0,6.294839157602407,93.70516084239759,46.4,0.08333333333333333,0,4,9554.7,9475.4,9962.733333333332,9994.466666666667,14.605101128282485,14.332959048688432
Mansar,underground,2022-11-01,11666.7,10522.2,1144.5,0.91,69,0,0.0,0,0,0,0,0,0,0,0,0,0,0,9.809971971508652,90.19002802849134,0.0,0.09583333333333334,0,4,10932.3,9401.2,10336.400000000001,10064.916666666666,11.402253136419604,13.729103631132482
Mansar,underground,2022-12-01,11666.7,10106.8,1559.8,0.875,97,1,4.6,0,0,0,0,0,0,0,0,0,0,0,13.369676086639751,86.62946677295207,0.0,0.13472222222222222,0,4,10522.2,9554.7,10520.433333333332,9998.766666666668,9.824829071916932,14.29610201113711
Mansar,underground,2023-01-01,12916.7,12066.4,850.3,0.9,66,0,1.5,0,0,0,0,0,0,0,0,0,0,0,6.582950753675473,93.41704924632451,0.0,0.09166666666666666,0,1,10106.8,10932.3,10898.466666666667,10430.6,9.920866270607954,12.262983699445222
Mansar,underground,2023-02-01,12916.7,12230.1,686.6,0.905,76,0,0.0,0,0,0,0,0,0,0,0,0,0,0,5.3155991855504885,94.6844008144495,0.0,0.10555555555555556,0,1,12066.4,10522.2,11467.766666666665,10902.083333333334,8.422742008621901,9.912497572520758
Mansar,underground,2023-03-01,12916.7,11605.6,1311.1,0.88,91,1,18.1,0,0,0,0,0,0,0,0,0,0,0,10.150425418256983,89.84957458174301,0.0,0.12638888888888888,0,1,12230.1,10106.8,11967.366666666669,11243.9,7.34965845249431,8.587243762205626
Mansar,underground,2023-04-01,12916.7,11314.6,1602.0,0.885,86,1,49.5,1,0,0,0,0,0,0,0,0,0,0,12.402548638584157,87.59667716986537,49.5,0.11944444444444445,0,2,11605.6,12066.4,11716.766666666668,11307.616666666667,9.289524414130538,9.605195342369251
Mansar,underground,2023-05-01,12916.7,12686.5,230.2,0.92,56,0,25.8,0,0,0,0,0,0,0,0,0,0,0,1.7821889491898086,98.21781105081018,0.0,0.07777777777777778,0,2,11314.6,12230.1,11868.900000000001,11668.333333333334,8.111721002010311,8.26723150531611
Mansar,underground,2023-06-01,12916.7,12123.5,793.2,0.895,90,1,284.4,4,0,0,0,0,0,0,0,0,0,0,6.140887378355153,93.85911262164484,71.1,0.125,1,2,12686.5,11605.6,12041.533333333333,12004.449999999999,6.775208322043035,7.062433387268677
Mansar,underground,2023-07-01,12916.7,9792.9,3123.7,0.87,111,1,544.3,12,0,0,0,0,0,0,1,1,1,1,24.18342146213816,75.81580434631135,45.35833333333333,0.15416666666666667,1,3,12123.5,11314.6,11534.300000000001,11625.533333333335,10.702165929894369,9.995845172012459
Mansar,underground,2023-08-01,12916.7,11343.5,1573.2,0.925,54,0,375.8,6,0,0,0,0,0,0,0,0,0,0,12.179581472047813,87.82041852795219,62.63333333333333,0.075,1,3,9792.9,12686.5,11086.633333333333,11477.766666666668,14.167963437513704,11.139842219762011
Mansar,underground,2023-09-01,12916.7,10981.4,1935.2,0.89,70,0,332.6,6,0,0,0,0,0,0,0,0,0,0,14.982154884761586,85.01707092368792,55.43333333333334,0.09722222222222222,1,3,11343.5,12123.5,10705.933333333334,11373.733333333332,17.115052606315846,11.945130464179448
Mansar,underground,2023-10-01,12916.7,10809.7,2107.0,0.855,106,1,1.2,0,0,0,0,0,0,0,0,0,0,0,16.31221596847492,83.68778403152508,0.0,0.14722222222222223,0,4,10981.4,9792.9,11044.866666666667,11289.583333333334,14.491317441761433,12.596741685827908
Mansar,underground,2023-11-01,12916.7,11330.4,1586.2,0.88,83,1,21.9,0,0,0,0,0,0,0,0,0,0,0,12.280226373609358,87.71899943484016,0.0,0.11527777777777778,0,4,10809.7,11343.5,11040.5,11063.566666666666,14.524865742281948,14.346414589897831
Mansar,underground,2023-12-01,12916.7,11435.0,1481.6,0.875,81,1,16.2,0,0,0,0,0,0,0,0,0,0,0,11.470422011814161,88.52880379663536,0.0,0.1125,0,4,11330.4,10981.4,11191.699999999999,10948.816666666666,13.354288117966142,15.234670362141001
Mansar,underground,2024-01-01,14633.3,12659.8,1973.5,0.9,73,0,21.2,0,0,0,0,0,0,0,0,0,0,0,13.48636329467721,86.5136367053228,0.0,0.10138888888888889,0,1,11435.0,10809.7,11808.4,11426.633333333333,12.412337226700238,13.451827334230842
Mansar,underground,2024-02-01,14633.3,12695.6,1937.7,0.875,92,1,37.5,0,0,0,0,0,0,0,0,0,0,0,13.241715812564495,86.7582841874355,0.0,0.12777777777777777,0,1,12659.8,11330.4,12263.466666666667,11651.983333333332,12.732833706351949,13.628849724316956
Mansar,underground,2024-03-01,14633.3,13284.4,1348.9,0.91,61,0,39.2,1,0,0,0,0,0,0,0,0,0,0,9.218016441950894,90.7819835580491,39.2,0.08472222222222223,0,1,12695.6,11435.0,12879.933333333334,12035.816666666666,11.98203184973086,12.668159983848504
Mansar,underground,2024-04-01,14633.3,13333.3,1300.1,0.885,74,0,49.8,0,0,0,0,0,0,0,0,0,0,0,8.884530488679928,91.11615288417514,0.0,0.10277777777777777,0,2,13284.4,12659.8,13104.433333333334,12456.416666666666,10.448087581065101,11.430212403882672
Mansar,underground,2024-05-01,14633.3,12202.5,2430.9,0.92,53,0,46.3,0,0,0,0,0,0,0,0,0,0,0,16.61211073373744,83.38857263911763,0.0,0.07361111111111111,0,2,13333.3,12695.6,12940.066666666666,12601.766666666668,11.571552554789415,12.152193130570689
Mansar,underground,2024-06-01,14633.3,11320.3,3313.0,0.835,142,1,225.7,3,0,0,0,0,1,0,0,1,1,0,22.640142688252137,77.35985731174786,75.23333333333333,0.19722222222222222,1,2,12202.5,13284.4,12285.366666666667,12582.65,16.04559463688983,14.01381324331035
Mansar,underground,2024-07-01,14633.3,12349.6,2283.7,0.93,55,0,674.1,14,0,0,0,0,0,1,1,2,1,1,15.606185891084035,84.39381410891598,48.15,0.0763888888888889,1,3,11320.3,13333.3,11957.466666666667,12530.949999999999,18.286146437691198,14.367117009378156
Mansar,underground,2024-08-01,14633.3,11686.9,2946.5,0.925,52,0,485.3,12,0,0,0,0,0,0,1,1,1,0,20.13558117444459,79.86510219841048,40.44166666666667,0.07222222222222222,1,3,12349.6,12202.5,11785.6,12362.833333333334,19.460636584593583,15.516094569691504
Mansar,underground,2024-09-01,14633.3,13660.8,972.5,0.89,63,0,357.9,3,0,0,0,0,0,0,0,0,0,0,6.645801015492063,93.35419898450795,119.3,0.0875,1,3,11686.9,11320.3,12565.766666666668,12425.566666666666,14.129189360340222,15.087391998615033
Mansar,underground,2024-10-01,14633.3,12732.7,1900.6,0.915,65,0,37.5,0,0,0,0,0,0,0,0,0,0,0,12.988184483335951,87.01181551666406,0.0,0.09027777777777778,0,4,13660.8,12349.6,12693.466666666667,12325.466666666667,13.256522224424197,15.771334331057703
Mansar,underground,2024-11-01,14633.3,12375.2,2258.1,0.91,62,0,0.0,0,0,0,0,0,0,0,0,0,0,0,15.431242440187793,84.56875755981221,0.0,0.08611111111111111,0,4,12732.7,11686.9,12922.9,12354.25,11.688409313005264,15.574522948799427
Mansar,underground,2024-12-01,14633.3,12337.3,2296.1,0.905,66,0,4.7,0,0,0,0,0,0,0,0,0,0,0,15.690924125111902,84.30975924774316,0.0,0.09166666666666666,0,4,12375.2,13660.8,12481.733333333332,12523.75,14.703450349545212,14.416319854942723
Mansar,underground,2025-01-01,15025.0,13366.3,1658.7,0.9,59,0,0.5,0,0,0,0,0,0,0,0,0,0,0,11.039600665557405,88.96039933444258,0.0,0.08194444444444444,0,1,12337.3,12732.7,12692.933333333334,12693.199999999999,14.053922410285695,13.65522231735495
Mansar,underground,2025-02-01,15025.0,12890.1,2134.9,0.905,65,0,0.0,0,0,0,0,0,0,0,0,0,0,0,14.208985024958404,85.7910149750416,0.0,0.09027777777777778,0,1,13366.3,12375.2,12864.566666666666,12893.733333333335,13.646503271875899,12.667456292440585
Mansar,underground,2025-03-01,15025.0,12770.1,2254.9,0.91,65,0,0.1,0,0,0,0,0,0,0,0,0,0,0,15.00765391014975,84.99234608985026,0.0,0.09027777777777778,0,1,12890.1,12337.3,13008.833333333334,12745.283333333333,13.418746533555181,14.0610984415502
Mansar,underground,2025-04-01,15025.0,13900.0,1125.0,0.915,53,0,2.5,0,0,0,0,0,0,0,0,0,0,0,7.487520798668886,92.5124792013311,0.0,0.07361111111111111,0,2,12770.1,13366.3,13186.733333333332,12939.833333333334,12.234719911259008,13.144321160772357
Mansar,underground,2025-05-01,15025.0,14283.2,741.8,0.92,52,0,32.2,0,0,0,0,0,0,0,0,0,0,0,4.937104825291181,95.06289517470883,0.0,0.07222222222222222,0,2,13900.0,12890.1,13651.1,13257.833333333334,9.1440931780366,11.395298224956255
Mansar,underground,2025-06-01,15025.0,12557.4,2467.6,0.925,47,0,248.8,4,0,0,0,0,0,0,0,0,0,0,16.423294509151415,83.57670549084858,62.2,0.06527777777777778,1,2,14283.2,12770.1,13580.199999999999,13294.516666666665,9.615973377703822,11.517359955629507
Mansar,underground,2025-07-01,15025.0,12397.0,2628.0,0.84,132,1,694.8,11,0,0,0,0,0,1,1,2,1,1,17.490848585690514,82.50915141430949,63.16363636363636,0.18333333333333332,1,3,12557.4,13900.0,13079.199999999999,13132.966666666665,12.9504159733777,12.59256794231836
Mansar,underground,2025-08-01,15025.0,12956.7,2068.3,0.925,44,0,355.4,8,0,0,0,0,0,0,0,0,0,0,13.765723793677207,86.2342762063228,44.425,0.06111111111111111,1,3,12397.0,14283.2,12637.033333333333,13144.066666666668,15.89328896283971,12.518691070438159
Mansar,underground,2025-09-01,15025.0,13328.4,1696.6,0.92,66,0,296.4,5,0,0,0,0,0,0,0,0,0,0,11.291846921797005,88.70815307820298,59.279999999999994,0.09166666666666666,1,3,12956.7,12557.4,12894.033333333333,13237.116666666667,14.182806433721572,11.8993899057127
Mansar,underground,2025-10-01,15025.0,14882.0,143.0,0.885,76,0,99.2,0,0,0,0,0,0,0,0,0,0,0,0.9517470881863561,99.04825291181363,0.0,0.10555555555555556,0,4,13328.4,12397.0,13722.366666666667,13400.783333333333,8.669772601220185,10.810094287298947
Mansar,underground,2025-11-01,15025.0,12303.6,2721.4,0.91,83,1,1.4,0,0,0,0,0,0,0,0,0,0,0,18.112479201331116,81.88752079866889,0.0,0.11527777777777778,0,4,14882.0,12956.7,13504.666666666666,13070.85,10.118691070438155,13.005990016638934
Mansar,underground,2025-12-01,15025.0,14027.9,997.1,0.875,87,1,0.0,0,0,0,0,0,0,0,0,0,0,0,6.636272878535773,93.36372712146422,0.0,0.12083333333333333,0,4,12303.6,13328.4,13737.833333333334,13315.933333333334,8.566833056017744,11.374819744869662
Sitapatore,opencast,2015-01-01,4745.8,4147.4,598.5,0.84,114,1,0.0,0,0,0,0,0,0,0,0,0,0,0,12.611150912385687,87.39095621391544,0.0,0.15833333333333333,0,1,,,4147.4,4147.4,12.611150912385687,12.611150912385687
Sitapatore,opencast,2015-02-01,4745.8,4691.5,54.3,0.905,54,0,3.2,0,0,0,0,0,0,0,0,0,0,0,1.1441695815247166,98.85583041847528,0.0,0.075,0,1,4147.4,,4419.45,4419.45,6.877660246955202,6.877660246955202
Sitapatore,opencast,2015-03-01,4745.8,4076.7,669.1,0.85,94,1,40.9,1,0,0,0,0,0,0,0,0,0,0,14.098782080997935,85.90121791900206,40.9,0.13055555555555556,0,1,4691.5,,4305.2,4305.2,9.284700858302779,9.284700858302779
Sitapatore,opencast,2015-04-01,4745.8,3827.5,918.3,0.885,99,1,26.9,0,0,0,0,0,0,0,0,0,0,0,19.349740823464955,80.65025917653503,0.0,0.1375,0,2,4076.7,4147.4,4198.566666666667,4185.775,11.530897495329201,11.800960849593324
Sitapatore,opencast,2015-05-01,4745.8,4170.8,575.0,0.92,59,0,13.1,0,0,0,0,0,0,0,0,0,0,0,12.115976231615322,87.88402376838468,0.0,0.08194444444444444,0,2,3827.5,4691.5,4025.0,4182.780000000001,15.188166378692737,11.863963925997723
Sitapatore,opencast,2015-06-01,4745.8,4150.0,595.8,0.925,62,0,324.5,6,0,0,0,0,0,0,0,0,0,0,12.554258502254623,87.44574149774536,54.083333333333336,0.08611111111111111,1,2,4170.8,4076.7,4049.433333333333,4177.316666666667,14.673325185778301,11.97901302204054
Sitapatore,opencast,2015-07-01,4745.8,3858.5,887.3,0.93,42,0,357.1,3,0,0,0,0,0,0,0,0,0,0,18.696531670108303,81.30346832989169,119.03333333333335,0.058333333333333334,1,3,4150.0,3827.5,4059.7666666666664,4129.166666666667,14.455588801326082,12.993243148327641
Sitapatore,opencast,2015-08-01,4745.8,3995.8,750.0,0.925,53,0,416.0,7,0,0,0,0,0,0,0,0,0,0,15.803447258628681,84.19655274137132,59.42857142857143,0.07361111111111111,1,3,3858.5,4170.8,4001.433333333333,4013.2166666666667,15.684745810330535,15.436456094511636
Sitapatore,opencast,2015-09-01,4745.8,3934.4,811.4,0.89,84,1,160.2,3,0,0,0,0,0,0,0,0,0,0,17.097222807535083,82.90277719246491,53.4,0.11666666666666667,1,3,3995.8,4150.0,3929.566666666667,3989.5,17.199067245424022,15.936196215601163
Sitapatore,opencast,2015-10-01,4745.8,4569.3,176.6,0.885,85,1,6.6,0,0,0,0,0,0,0,0,0,0,0,3.7211850478317667,96.28092207846939,0.0,0.11805555555555555,0,4,3934.4,3858.5,4166.5,4113.133333333334,12.20728503799851,13.331436919662295
Sitapatore,opencast,2015-11-01,4745.8,4298.1,447.7,0.91,75,0,0.3,0,0,0,0,0,0,0,0,0,0,0,9.433604450250748,90.56639554974926,0.0,0.10416666666666667,0,4,4569.3,3995.8,4267.266666666667,4134.349999999999,10.084004101872532,12.884374956101533
Sitapatore,opencast,2015-12-01,4745.8,4502.1,243.7,0.905,65,0,3.2,0,0,0,0,0,0,0,0,0,0,0,5.135066795903747,94.86493320409626,0.0,0.09027777777777778,0,4,4298.1,3934.4,4456.5,4193.033333333333,6.096618764662087,11.647843005043056
Sitapatore,opencast,2016-01-01,4500.0,4089.9,410.1,0.9,66,0,1.1,0,0,0,0,0,0,0,0,0,0,0,9.113333333333335,90.88666666666667,0.0,0.09166666666666666,0,1,4502.1,4569.3,4296.7,4231.599999999999,7.894001526495944,10.050643282247227
Sitapatore,opencast,2016-02-01,4500.0,4217.0,283.0,0.875,76,0,6.6,0,0,0,0,0,0,0,0,0,0,0,6.288888888888888,93.71111111111111,0.0,0.10555555555555556,0,1,4089.9,4298.1,4269.666666666667,4268.466666666666,6.845763006041989,8.46488355395726
Sitapatore,opencast,2016-03-01,4500.0,4300.9,199.1,0.88,84,1,23.5,0,0,0,0,0,0,0,0,0,0,0,4.424444444444444,95.57555555555555,0.0,0.11666666666666667,0,1,4217.0,4502.1,4202.599999999999,4329.55,6.608888888888889,6.352753826775488
Sitapatore,opencast,2016-04-01,4500.0,4051.2,448.8,0.915,56,0,6.8,0,0,0,0,0,0,0,0,0,0,0,9.973333333333334,90.02666666666667,0.0,0.07777777777777778,0,2,4300.9,4089.9,4189.7,4243.2,6.895555555555556,7.394778541025748
Sitapatore,opencast,2016-05-01,4500.0,3859.3,640.7,0.92,61,0,7.2,0,0,0,0,0,0,0,0,0,0,0,14.23777777777778,85.76222222222223,0.0,0.08472222222222223,0,2,4051.2,4217.0,4070.4666666666667,4170.066666666667,9.545185185185185,8.195474095613589
Sitapatore,opencast,2016-06-01,4500.0,3776.6,723.4,0.925,56,0,155.9,4,0,0,0,0,0,0,0,0,0,0,16.075555555555553,83.92444444444445,38.975,0.07777777777777778,1,2,3859.3,4300.9,3895.7000000000003,4049.15,13.428888888888887,10.018888888888888
Sitapatore,opencast,2016-07-01,4500.0,3056.7,1443.3,0.93,57,0,685.4,13,0,0,0,0,0,1,1,2,1,1,32.07333333333333,67.92666666666666,52.723076923076924,0.07916666666666666,1,3,3776.6,4051.2,3564.2000000000003,3876.9500000000003,20.795555555555556,13.845555555555555
Sitapatore,opencast,2016-08-01,4500.0,3496.5,1003.5,0.925,50,0,333.3,4,0,0,0,0,0,0,0,0,0,0,22.3,77.7,83.325,0.06944444444444445,1,3,3056.7,3859.3,3443.2666666666664,3756.866666666667,23.48296296296296,16.514074074074074
Sitapatore,opencast,2016-09-01,4500.0,3611.2,888.8,0.92,70,0,250.3,2,0,0,0,0,0,0,0,0,0,0,19.75111111111111,80.24888888888889,125.15,0.09722222222222222,1,3,3496.5,3776.6,3388.133333333333,3641.9166666666665,24.708148148148144,19.06851851851852
Sitapatore,opencast,2016-10-01,4500.0,3834.4,665.6,0.855,101,1,44.2,0,0,0,0,0,0,0,0,0,0,0,14.79111111111111,85.2088888888889,0.0,0.14027777777777778,0,4,3611.2,3056.7,3647.366666666667,3605.7833333333333,18.947407407407407,19.87148148148148
Sitapatore,opencast,2016-11-01,4500.0,3816.7,683.3,0.85,95,1,0.3,0,0,0,0,0,0,0,0,0,0,0,15.184444444444441,84.81555555555556,0.0,0.13194444444444445,0,4,3834.4,3496.5,3754.1,3598.683333333334,16.575555555555557,20.02925925925926
Sitapatore,opencast,2016-12-01,4500.0,4164.4,335.6,0.905,68,0,0.0,0,0,0,0,0,0,0,0,0,0,0,7.457777777777778,92.54222222222222,0.0,0.09444444444444444,0,4,3816.7,3611.2,3938.5,3663.316666666666,12.477777777777776,18.59296296296296
Sitapatore,opencast,2017-01-01,4666.7,4093.1,573.6,0.87,92,1,1.4,0,0,0,0,0,0,0,0,0,0,0,12.291340776137314,87.70865922386268,0.0,0.12777777777777777,0,1,4164.4,3834.4,4024.733333333333,3836.0499999999997,11.644520999453178,15.295964203430295
Sitapatore,opencast,2017-02-01,4666.7,4307.4,359.3,0.905,72,0,1.9,0,0,0,0,0,0,0,0,0,0,0,7.699230719780574,92.30076928021941,0.0,0.1,0,1,4093.1,3816.7,4188.3,3971.1999999999994,9.149449757898555,12.862502656727058
Sitapatore,opencast,2017-03-01,4666.7,4048.9,617.8,0.85,123,1,0.2,0,0,0,0,0,0,0,0,0,0,0,13.238476868022369,86.76152313197764,0.0,0.17083333333333334,0,1,4307.4,4164.4,4149.8,4044.15,11.076349454646753,11.777063616212265
Sitapatore,opencast,2017-04-01,4666.7,4173.3,493.4,0.885,92,1,0.3,0,0,0,0,0,0,0,0,0,0,0,10.572781622988407,89.4272183770116,0.0,0.12777777777777777,0,2,4048.9,4093.1,4176.533333333334,4100.633333333333,10.503496403597117,11.07400870152515
Sitapatore,opencast,2017-05-01,4666.7,3789.8,876.9,0.92,63,0,14.8,0,0,0,0,0,0,0,0,0,0,0,18.790580067285234,81.20941993271478,0.0,0.0875,0,2,4173.3,4307.4,4004.0,4096.15,14.200612852765337,11.675031305331947
Sitapatore,opencast,2017-06-01,4666.7,3603.3,1063.4,0.925,44,0,211.9,5,0,0,0,0,0,0,0,0,0,0,22.78698009299934,77.21301990700067,42.38,0.06111111111111111,1,2,3789.8,4048.9,3855.466666666667,4002.6333333333337,17.383447261090993,14.229898357868874
Sitapatore,opencast,2017-07-01,4666.7,3485.5,1181.2,0.9,62,0,460.2,5,0,0,0,0,0,0,0,0,0,0,25.311247776801597,74.6887522231984,92.03999999999999,0.08611111111111111,1,3,3603.3,4173.3,3626.2000000000003,3901.3666666666663,22.296269312362057,16.399882857979588
Sitapatore,opencast,2017-08-01,4666.7,3753.3,913.4,0.895,85,1,477.1,5,0,0,0,0,0,0,0,0,0,0,19.5727173377333,80.4272826622667,95.42,0.11805555555555555,1,3,3485.5,3789.8,3614.0333333333333,3809.016666666667,22.556981735844744,18.37879729430504
Sitapatore,opencast,2017-09-01,4666.7,3828.5,838.2,0.86,98,1,181.8,2,0,0,0,0,0,0,0,0,0,0,17.9613002764266,82.0386997235734,90.9,0.1361111111111111,1,3,3753.3,3603.3,3689.1,3772.2833333333333,20.948421796987162,19.16593452903908
Sitapatore,opencast,2017-10-01,4666.7,4173.2,493.4,0.915,56,0,77.4,0,0,0,0,0,0,0,0,0,0,0,10.572781622988407,89.42507553517474,0.0,0.07777777777777778,0,4,3828.5,3485.5,3918.3333333333335,3772.2666666666664,16.0355997457161,19.16593452903908
Sitapatore,opencast,2017-11-01,4666.7,4083.9,582.8,0.85,118,1,1.1,0,0,0,0,0,0,0,0,0,0,0,12.488482225126962,87.51151777487304,0.0,0.1638888888888889,0,4,4173.2,3753.3,4028.5333333333333,3821.2833333333333,13.674188041513988,18.11558488867937
Sitapatore,opencast,2017-12-01,4666.7,4067.8,598.9,0.875,75,0,0.0,0,0,0,0,0,0,0,0,0,0,0,12.833479760858852,87.16652023914115,0.0,0.10416666666666667,0,4,4083.9,3828.5,4108.3,3898.7000000000003,11.96491453632474,16.456668166655955
Sitapatore,opencast,2018-01-01,4958.3,4217.4,741.0,0.87,92,1,0.0,0,0,0,0,0,0,0,0,0,0,0,14.944638283282577,85.05737853699856,0.0,0.12777777777777777,0,1,4067.8,4173.2,4123.033333333333,4020.683333333333,13.42220008975613,14.728899917736117
Sitapatore,opencast,2018-02-01,4958.3,4354.5,603.8,0.845,114,1,21.5,0,0,0,0,0,0,0,0,0,0,0,12.177560857551981,87.82243914244802,0.0,0.15833333333333333,0,1,4217.4,4083.9,4213.233333333334,4120.883333333333,13.318559633897804,13.496373837705898
Sitapatore,opencast,2018-03-01,4958.3,4143.4,814.9,0.88,86,1,2.8,0,0,0,0,0,0,0,0,0,0,0,16.435068471048545,83.56493152895145,0.0,0.11944444444444445,0,1,4354.5,4067.8,4238.433333333333,4173.366666666666,14.519089203961036,13.242001870142888
Sitapatore,opencast,2018-04-01,4958.3,4587.4,370.9,0.915,62,0,16.8,0,0,0,0,0,0,0,0,0,0,0,7.480386422765867,92.51961357723411,0.0,0.08611111111111111,0,2,4143.4,4217.4,4361.766666666666,4242.400000000001,12.031005250455463,12.726602670105798
Sitapatore,opencast,2018-05-01,4958.3,3991.5,966.9,0.92,63,0,12.6,0,0,0,0,0,0,0,0,0,0,0,19.50063529838856,80.50138152189258,0.0,0.0875,0,2,4587.4,4354.5,4240.766666666666,4227.0,14.472030064067658,13.895294848982731
Sitapatore,opencast,2018-06-01,4958.3,4342.5,615.8,0.925,57,0,197.0,4,0,0,0,0,0,0,0,0,0,0,12.419579291289352,87.58042070871065,49.25,0.07916666666666666,1,2,3991.5,4143.4,4307.133333333332,4272.783333333334,13.133533670814591,13.826311437387815
Sitapatore,opencast,2018-07-01,4958.3,3544.3,1414.0,0.9,69,0,534.8,8,0,0,0,0,0,0,0,0,0,1,28.51783877538672,71.48216122461328,66.85,0.09583333333333334,1,3,4342.5,4587.4,3959.433333333333,4160.599999999999,20.14601778835488,16.08851151940517
Sitapatore,opencast,2018-08-01,4958.3,4095.7,862.6,0.895,83,1,517.1,5,0,0,0,0,0,0,0,0,0,1,17.39709174515459,82.6029082548454,103.42,0.11527777777777778,1,3,3544.3,3991.5,3994.1666666666665,4117.466666666666,19.444836603943553,16.958433334005605
Sitapatore,opencast,2018-09-01,4958.3,4054.0,904.3,0.89,79,0,131.2,3,0,0,0,0,0,0,0,0,0,0,18.238105802391946,81.76189419760804,43.73333333333333,0.10972222222222222,1,3,4095.7,4342.5,3898.0,4102.566666666667,21.38434544097775,17.258939555896173
Sitapatore,opencast,2018-10-01,4958.3,4388.1,570.2,0.855,114,1,0.7,0,0,0,0,0,0,0,0,0,0,0,11.499909243087348,88.50009075691266,0.0,0.15833333333333333,0,4,4054.0,3544.3,4179.266666666666,4069.35,15.711702263544629,17.928860025949756
Sitapatore,opencast,2018-11-01,4958.3,4378.3,580.1,0.91,65,0,0.4,0,0,0,0,0,0,0,0,0,0,0,11.699574450920679,88.30244236936046,0.0,0.09027777777777778,0,4,4388.1,4095.7,4273.466666666666,4133.816666666667,13.812529832133322,16.62868321803844
Sitapatore,opencast,2018-12-01,4958.3,4426.0,532.4,0.875,94,1,29.7,1,0,0,0,0,0,0,0,0,0,0,10.737551176814634,89.26446564346651,29.7,0.13055555555555556,0,4,4378.3,4054.0,4397.466666666666,4147.733333333334,11.312344956940885,16.348345198959322
Sitapatore,opencast,2019-01-01,5125.0,4281.5,843.5,0.87,97,1,32.6,1,0,0,0,0,0,0,0,0,0,0,16.458536585365856,83.54146341463414,32.6,0.13472222222222222,0,1,4426.0,4388.1,4361.933333333333,4270.6,12.965220737700387,14.33846150062251
Sitapatore,opencast,2019-02-01,5125.0,4323.2,801.8,0.875,87,1,4.6,0,0,0,0,0,0,0,0,0,0,0,15.644878048780486,84.35512195121952,0.0,0.12083333333333333,0,1,4281.5,4378.3,4343.566666666667,4308.516666666666,14.280321936986992,14.04642588456016
Sitapatore,opencast,2019-03-01,5125.0,4362.3,762.7,0.91,77,0,28.7,1,0,0,0,0,0,0,0,0,0,0,14.881951219512196,85.11804878048781,28.7,0.10694444444444444,0,1,4323.2,4426.0,4322.333333333333,4359.900000000001,15.66178861788618,13.487066787413534
Sitapatore,opencast,2019-04-01,5125.0,4351.8,773.2,0.855,102,1,0.9,0,0,0,0,0,0,0,0,0,0,0,15.086829268292684,84.91317073170732,0.0,0.14166666666666666,0,2,4362.3,4281.5,4345.766666666666,4353.85,15.204552845528454,14.084886791614423
Sitapatore,opencast,2019-05-01,5125.0,4319.6,805.4,0.86,88,1,0.1,0,0,0,0,0,0,0,0,0,0,0,15.715121951219512,84.2848780487805,0.0,0.12222222222222222,0,2,4351.8,4323.2,4344.566666666667,4344.066666666667,15.227967479674797,14.754144708330898
Sitapatore,opencast,2019-06-01,5125.0,4890.8,234.2,0.925,43,0,142.3,2,0,0,0,0,0,0,0,0,0,0,4.569756097560975,95.43024390243903,71.15,0.059722222222222225,1,2,4319.6,4362.3,4520.733333333334,4421.533333333334,11.790569105691056,13.72617886178862
Sitapatore,opencast,2019-07-01,5125.0,3418.2,1706.8,0.9,68,0,487.7,12,0,0,0,0,0,0,1,1,1,0,33.303414634146336,66.69658536585365,40.641666666666666,0.09444444444444444,1,3,4890.8,4351.8,4209.533333333334,4277.650000000001,17.862764227642273,16.533658536585367
Sitapatore,opencast,2019-08-01,5125.0,4071.9,1053.1,0.925,58,0,523.5,9,0,0,0,0,0,0,0,0,0,1,20.548292682926828,79.45170731707317,58.166666666666664,0.08055555555555556,1,3,3418.2,4319.6,4126.966666666666,4235.766666666667,19.473821138211378,17.35089430894309
Sitapatore,opencast,2019-09-01,5125.0,3580.3,1544.7,0.92,58,0,566.1,10,0,0,0,0,0,0,0,0,0,1,30.140487804878052,69.85951219512195,56.61,0.08055555555555556,1,3,4071.9,4890.8,3690.133333333333,4105.433333333333,27.99739837398374,19.8939837398374
Sitapatore,opencast,2019-10-01,5125.0,5041.0,84.0,0.915,46,0,52.4,0,0,0,0,0,0,0,0,0,0,0,1.6390243902439026,98.3609756097561,0.0,0.06388888888888888,0,4,3580.3,3418.2,4231.066666666667,4220.3,17.44260162601626,17.652682926829268
Sitapatore,opencast,2019-11-01,5125.0,4432.5,692.5,0.91,84,1,0.3,0,0,0,0,0,0,0,0,0,0,0,13.51219512195122,86.48780487804878,0.0,0.11666666666666667,0,4,5041.0,4071.9,4351.266666666666,4239.116666666668,15.097235772357726,17.285528455284553
Sitapatore,opencast,2019-12-01,5125.0,4627.4,497.6,0.905,71,0,21.7,0,0,0,0,0,0,0,0,0,0,0,9.709268292682928,90.29073170731706,0.0,0.09861111111111111,0,4,4432.5,3580.3,4700.299999999999,4195.216666666666,8.286829268292683,18.142113821138214
Sitapatore,opencast,2020-01-01,4375.0,4028.0,347.0,0.9,90,1,37.5,0,0,0,0,0,0,0,0,0,0,0,7.9314285714285715,92.06857142857143,0.0,0.125,0,1,4627.4,5041.0,4362.633333333332,4296.849999999999,10.384297328687573,13.913449477351918
Sitapatore,opencast,2020-02-01,4375.0,3942.2,432.8,0.875,100,1,27.0,0,0,0,0,0,0,0,0,0,0,0,9.89257142857143,90.10742857142857,0.0,0.1388888888888889,0,1,4028.0,4432.5,4199.2,4275.233333333334,9.177756097560977,12.137495934959352
Sitapatore,opencast,2020-03-01,4375.0,3992.7,382.3,0.85,113,1,48.3,0,0,0,0,0,0,0,0,0,0,0,8.738285714285714,91.26171428571428,0.0,0.15694444444444444,0,1,3942.2,4627.4,3987.6333333333328,4343.966666666667,8.854095238095239,8.570462253193963
Sitapatore,opencast,2020-04-01,4375.0,3683.2,691.8,0.855,107,1,6.4,0,0,0,0,0,0,0,0,0,0,0,15.81257142857143,84.18742857142857,0.0,0.1486111111111111,0,2,3992.7,4028.0,3872.6999999999994,4117.666666666667,11.481142857142856,10.932720092915218
Sitapatore,opencast,2020-05-01,4375.0,3738.3,636.7,0.89,69,0,0.7,0,0,0,0,0,0,0,0,0,0,0,14.55314285714286,85.44685714285714,0.0,0.09583333333333334,0,2,3683.2,3942.2,3804.733333333333,4001.966666666667,13.034666666666666,11.106211382113822
Sitapatore,opencast,2020-06-01,4375.0,3829.8,545.2,0.895,81,1,351.4,5,0,0,0,0,0,0,0,0,0,0,12.461714285714287,87.5382857142857,70.28,0.1125,1,2,3738.3,3992.7,3750.433333333333,3869.0333333333333,14.275809523809523,11.564952380952382
Sitapatore,opencast,2020-07-01,4375.0,3403.7,971.3,0.9,73,0,322.6,6,0,0,0,0,0,0,0,0,0,0,22.201142857142855,77.79885714285713,53.76666666666667,0.10138888888888889,1,3,3829.8,3683.2,3657.2666666666664,3764.9833333333336,16.405333333333335,13.943238095238096
Sitapatore,opencast,2020-08-01,4375.0,2785.3,1589.7,0.925,55,0,726.2,13,0,0,0,0,0,1,1,2,1,1,36.336,63.66400000000001,55.861538461538466,0.0763888888888889,1,3,3403.7,3738.3,3339.6,3572.1666666666665,23.66628571428571,18.35047619047619
Sitapatore,opencast,2020-09-01,4375.0,3486.8,888.2,0.92,63,0,218.8,4,0,0,0,0,0,0,0,0,0,0,20.301714285714286,79.69828571428572,54.7,0.0875,1,3,2785.3,3829.8,3225.2666666666664,3487.8500000000004,26.279619047619047,20.277714285714286
Sitapatore,opencast,2020-10-01,4375.0,3401.1,973.9,0.825,125,1,67.8,0,0,0,0,0,0,0,0,0,0,0,22.260571428571428,77.73942857142858,0.0,0.1736111111111111,0,4,3486.8,3403.7,3224.3999999999996,3440.8333333333335,26.299428571428574,21.35238095238095
Sitapatore,opencast,2020-11-01,4375.0,3570.0,805.0,0.88,76,0,4.4,0,0,0,0,0,0,0,0,0,0,0,18.4,81.6,0.0,0.10555555555555556,0,4,3401.1,2785.3,3485.9666666666667,3412.783333333333,20.320761904761905,21.993523809523808
Sitapatore,opencast,2020-12-01,4375.0,3816.2,558.8,0.905,69,0,0.4,0,0,0,0,0,0,0,0,0,0,0,12.772571428571428,87.22742857142856,0.0,0.09583333333333334,0,4,3570.0,3486.8,3595.7666666666664,3410.5166666666664,17.811047619047617,22.045333333333332
Sitapatore,opencast,2021-01-01,5333.3,4276.8,1056.5,0.87,95,1,5.3,0,0,0,0,0,0,0,0,0,0,0,19.809498809367557,80.19050119063245,0.0,0.13194444444444445,0,1,3816.2,3401.1,3887.666666666666,3556.033333333334,16.994023412646328,21.64672599203745
Sitapatore,opencast,2021-02-01,5333.3,4921.4,411.9,0.875,83,1,9.2,0,0,0,0,0,0,0,0,0,0,0,7.7231732698329365,92.27682673016704,0.0,0.11527777777777778,0,1,4276.8,3570.0,4338.133333333332,3912.0499999999997,13.435081169257307,16.87792153700961
Sitapatore,opencast,2021-03-01,5333.3,4592.5,740.8,0.91,48,0,0.7,0,0,0,0,0,0,0,0,0,0,0,13.89008681304258,86.10991318695741,0.0,0.06666666666666667,0,1,4921.4,3816.2,4596.9,4096.333333333333,13.807586297414359,15.809316958230989
Sitapatore,opencast,2021-04-01,5333.3,4912.7,420.6,0.915,74,0,0.4,0,0,0,0,0,0,0,0,0,0,0,7.886299289370559,92.11370071062943,0.0,0.10277777777777777,0,2,4592.5,4276.8,4808.866666666666,4348.266666666667,9.833186457415358,13.413604935030842
Sitapatore,opencast,2021-05-01,5333.3,3988.6,1344.7,0.83,126,1,32.0,0,0,0,0,0,0,0,0,0,0,0,25.213282583016145,74.78671741698385,0.0,0.175,0,2,4912.7,4921.4,4497.9333333333325,4418.033333333334,15.663222895143093,14.549152032200203
Sitapatore,opencast,2021-06-01,5333.3,4381.8,951.5,0.895,72,0,315.2,5,0,0,0,0,0,0,0,0,0,0,17.840736504603154,82.15926349539686,63.04,0.1,1,2,3988.6,4592.5,4427.7,4512.3,16.980106125663287,15.393846211538824
Sitapatore,opencast,2021-07-01,5333.3,3697.9,1635.5,0.93,50,0,341.1,7,0,0,0,0,0,0,0,0,0,0,30.665816661354135,69.3360583503647,48.728571428571435,0.06944444444444445,1,3,4381.8,4912.7,4022.766666666666,4415.816666666667,24.57327858299114,17.20323252020325
Sitapatore,opencast,2021-08-01,5333.3,4107.6,1225.7,0.895,89,1,258.4,4,0,0,0,0,0,0,0,0,0,0,22.982018637616484,77.01798136238351,64.6,0.12361111111111112,1,3,3697.9,3988.6,4062.433333333333,4280.183333333333,23.82952393452459,19.746373414833844
Sitapatore,opencast,2021-09-01,5333.3,4910.5,422.9,0.92,49,0,369.1,5,0,0,0,0,0,0,0,0,0,0,7.929424558903493,92.07245045281532,73.82000000000001,0.06805555555555555,1,3,4107.6,4381.8,4238.666666666666,4333.183333333333,20.525753285958036,18.75292970581066
Sitapatore,opencast,2021-10-01,5333.3,4898.6,434.7,0.915,75,0,46.4,0,0,0,0,0,0,0,0,0,0,0,8.150675941724634,91.84932405827537,0.0,0.10416666666666667,0,4,4910.5,3697.9,4638.9,4330.833333333333,13.02070637941487,18.79699248120301
Sitapatore,opencast,2021-11-01,5333.3,5011.3,322.0,0.91,62,0,22.5,0,0,0,0,0,0,0,0,0,0,0,6.037537734610841,93.96246226538916,0.0,0.08611111111111111,0,4,4898.6,4107.6,4940.133333333332,4501.283333333334,7.372546078412989,15.601035006468791
Sitapatore,opencast,2021-12-01,5333.3,4747.1,586.3,0.875,86,1,33.1,1,0,0,0,0,0,0,0,0,0,0,10.993193707460671,89.00868130425815,33.1,0.11944444444444445,0,4,5011.3,4910.5,4885.666666666667,4562.166666666667,8.393802461265382,14.459777873611712
Sitapatore,opencast,2022-01-01,5833.3,4802.1,1031.2,0.9,61,0,13.6,0,0,0,0,0,0,0,0,0,0,0,17.677815301801726,82.32218469819827,0.0,0.08472222222222223,0,1,4747.1,4898.6,4853.5,4746.2,11.569515581291078,12.295110980352975
Sitapatore,opencast,2022-02-01,5833.3,5322.0,511.3,0.905,63,0,4.7,0,0,0,0,0,0,0,0,0,0,0,8.76519294395968,91.23480705604031,0.0,0.0875,0,1,4802.1,5011.3,4957.066666666667,4948.599999999999,12.478733984407357,9.925640031410175
Sitapatore,opencast,2022-03-01,5833.3,5029.3,804.0,0.91,82,1,0.4,0,0,0,0,0,0,0,0,0,0,0,13.78293590249087,86.21706409750914,0.0,0.11388888888888889,0,1,5322.0,4747.1,5051.133333333332,4968.400000000001,13.408648049417424,10.901225255341403
Sitapatore,opencast,2022-04-01,5833.3,4893.3,940.0,0.855,114,1,0.0,0,0,0,0,0,0,0,0,0,0,0,16.11437779644455,83.88562220355546,0.0,0.15833333333333333,0,2,5029.3,4802.1,5081.533333333333,4967.516666666667,12.887502214298365,12.228508897794725
Sitapatore,opencast,2022-05-01,5833.3,5730.9,102.4,0.92,66,0,7.8,0,0,0,0,0,0,0,0,0,0,0,1.7554386025063002,98.2445613974937,0.0,0.09166666666666666,0,2,4893.3,5322.0,5217.833333333333,5087.45,10.550917433813906,11.514825709110633
Sitapatore,opencast,2022-06-01,5833.3,4977.3,856.0,0.925,60,0,183.6,4,0,0,0,0,0,0,0,0,0,0,14.674369567826101,85.3256304321739,45.9,0.08333333333333333,1,2,5730.9,5029.3,5200.499999999999,5125.816666666667,10.84806198892565,12.128355019171538
Sitapatore,opencast,2022-07-01,5833.3,3977.7,1855.6,0.93,52,0,602.1,14,0,0,0,0,0,0,1,1,1,1,31.810467488385648,68.18953251161435,43.00714285714286,0.07222222222222222,1,3,4977.3,4893.3,4895.299999999999,4988.416666666667,16.080091886239348,14.48379705026886
Sitapatore,opencast,2022-08-01,5833.3,4428.0,1405.3,0.865,89,1,497.3,9,0,0,0,0,0,0,0,0,0,0,24.090994805684602,75.9090051943154,55.25555555555556,0.12361111111111112,1,3,3977.7,5730.9,4461.0,4839.416666666667,23.52527728729878,17.038097360556346
Sitapatore,opencast,2022-09-01,5833.3,4695.6,1137.8,0.92,43,0,305.1,4,0,0,0,0,0,0,0,0,0,0,19.505254315738945,80.49645997977132,76.275,0.059722222222222225,1,3,4428.0,4977.3,4367.099999999999,4783.8,25.13557220326973,17.99181709609769
Sitapatore,opencast,2022-10-01,5833.3,4665.7,1167.7,0.915,57,0,139.2,3,0,0,0,0,0,0,0,0,0,0,20.017828673306703,79.98388562220356,46.4,0.07916666666666666,0,4,4695.6,3977.7,4596.4333333333325,4745.866666666666,21.204692598243415,18.642392242241385
Sitapatore,opencast,2022-11-01,5833.3,4822.5,1010.8,0.85,123,1,0.0,0,0,0,0,0,0,0,0,0,0,0,17.32809901770867,82.67190098229132,0.0,0.17083333333333334,0,4,4665.7,4428.0,4727.933333333333,4594.466666666667,18.95039400225144,21.237835644775114
Sitapatore,opencast,2022-12-01,5833.3,5196.0,637.3,0.875,102,1,4.6,0,0,0,0,0,0,0,0,0,0,0,10.925205286887353,89.07479471311265,0.0,0.14166666666666666,0,4,4822.5,4695.6,4894.733333333333,4630.916666666667,16.09037765930091,20.612974931285322
Sitapatore,opencast,2023-01-01,6458.3,6138.7,319.6,0.87,88,1,1.5,0,0,0,0,0,0,0,0,0,0,0,4.948670702816531,95.05132929718346,0.0,0.12222222222222222,0,1,5196.0,4665.7,5385.733333333333,4991.083333333333,11.067325002470852,16.136008800357136
Sitapatore,opencast,2023-02-01,6458.3,5826.6,631.8,0.875,95,1,0.0,0,0,0,0,0,0,0,0,0,0,0,9.782760169084742,90.21878822600375,0.0,0.13194444444444445,0,1,6138.7,4822.5,5720.433333333333,5224.183333333333,8.552212052929542,13.751303027590493
Sitapatore,opencast,2023-03-01,6458.3,5812.3,646.0,0.91,63,0,18.1,0,0,0,0,0,0,0,0,0,0,0,10.002632271650434,89.99736772834956,0.0,0.0875,0,1,5826.6,5196.0,5925.866666666666,5410.3,8.244687714517235,12.167532686909075
Sitapatore,opencast,2023-04-01,6458.3,6272.7,185.6,0.885,78,0,49.5,1,0,0,0,0,0,0,0,0,0,0,2.873821284238886,97.12617871576111,49.5,0.10833333333333334,0,2,5812.3,6138.7,5970.533333333333,5678.133333333332,7.55307124165802,9.310198122064437
Sitapatore,opencast,2023-05-01,6458.3,6163.0,295.3,0.89,88,1,25.8,0,0,0,0,0,0,0,0,0,0,0,4.572410696313272,95.42758930368672,0.0,0.12222222222222222,0,2,6272.7,5826.6,6082.666666666667,5901.549999999999,5.81628808406753,7.184250068498538
Sitapatore,opencast,2023-06-01,6458.3,4825.5,1632.8,0.865,96,1,284.4,4,0,0,0,0,0,0,0,0,0,0,25.282195004877444,74.71780499512255,71.1,0.13333333333333333,1,2,6163.0,5812.3,5753.733333333333,5839.799999999999,10.909475661809866,9.577081688163553
Sitapatore,opencast,2023-07-01,6458.3,4157.6,2300.8,0.87,94,1,544.3,12,0,0,0,0,0,0,1,1,1,1,35.62547419599586,64.37607419909264,45.35833333333333,0.13055555555555556,1,3,4825.5,6272.7,5048.7,5509.616666666668,21.82669329906219,14.689882270360107
Sitapatore,opencast,2023-08-01,6458.3,5007.7,1450.6,0.895,72,0,375.8,6,0,0,0,0,0,0,0,0,0,0,22.461019153647243,77.53898084635274,62.63333333333333,0.1,1,3,4157.6,6163.0,4663.599999999999,5373.133333333333,27.789562784840182,16.802925434453858
Sitapatore,opencast,2023-09-01,6458.3,4995.8,1462.5,0.92,54,0,332.6,6,0,0,0,0,0,0,0,0,0,0,22.645278169177647,77.35472183082234,55.43333333333334,0.075,1,3,5007.7,4825.5,4720.366666666666,5237.05,26.910590506273582,18.910033084041725
Sitapatore,opencast,2023-10-01,6458.3,5435.1,1023.2,0.915,46,0,1.2,0,0,0,0,0,0,0,0,0,0,0,15.843178545437652,84.15682145456235,0.0,0.06388888888888888,0,4,4995.8,4157.6,5146.2,5097.45,20.316491956087514,21.07159262757485
Sitapatore,opencast,2023-11-01,6458.3,5698.8,759.5,0.91,69,0,21.9,0,0,0,0,0,0,0,0,0,0,0,11.760060697087468,88.23993930291253,0.0,0.09583333333333334,0,4,5435.1,5007.7,5376.566666666667,5020.083333333333,16.74950580390092,22.269534294370555
Sitapatore,opencast,2023-12-01,6458.3,6276.7,181.7,0.905,58,0,16.2,0,0,0,0,0,0,0,0,0,0,0,2.8134338757877457,97.18811451930074,0.0,0.08055555555555556,0,4,5698.8,4995.8,5803.533333333333,5261.95,10.138891039437622,18.524740772855605
Sitapatore,opencast,2024-01-01,7316.7,6158.9,1157.8,0.84,112,1,21.2,0,0,0,0,0,0,0,0,0,0,0,15.824073694425081,84.1759263055749,0.0,0.15555555555555556,0,1,6276.7,5435.1,6044.799999999999,5595.5,10.132522755766765,15.224507355927143
Sitapatore,opencast,2024-02-01,7316.7,7177.9,138.8,0.905,69,0,37.5,0,0,0,0,0,0,0,0,0,0,0,1.8970300818675088,98.10296991813249,0.0,0.09583333333333334,0,1,6158.9,5698.8,6537.833333333332,5957.2,6.844845884026778,11.797175843963851
Sitapatore,opencast,2024-03-01,7316.7,6051.2,1265.5,0.88,92,1,39.2,1,0,0,0,0,0,0,0,0,0,0,17.29604876515369,82.7039512348463,39.2,0.12777777777777777,0,1,7177.9,6276.7,6462.666666666665,6133.099999999999,11.672384180482092,10.905637609959859
Sitapatore,opencast,2024-04-01,7316.7,5974.3,1342.4,0.915,53,0,49.8,0,0,0,0,0,0,0,0,0,0,0,18.347069033854062,81.65293096614595,0.0,0.07361111111111111,0,2,6051.2,6158.9,6401.133333333332,6222.966666666666,12.51338262695842,11.322952691362593
Sitapatore,opencast,2024-05-01,7316.7,6975.7,340.9,0.92,53,0,46.3,0,0,0,0,0,0,0,0,0,0,0,4.659204286085257,95.33942897754451,0.0,0.07361111111111111,0,2,5974.3,7177.9,6333.733333333333,6435.783333333333,13.434107361697668,10.139476622862224
Sitapatore,opencast,2024-06-01,7316.7,7192.4,124.3,0.925,61,0,225.7,3,0,0,0,0,0,0,0,0,0,0,1.698853308185384,98.30114669181461,75.23333333333333,0.08472222222222223,1,2,6975.7,6051.2,6714.133333333332,6588.399999999999,8.235042209374901,9.953713194928499
Sitapatore,opencast,2024-07-01,7316.7,4889.5,2427.1,0.9,67,0,674.1,14,0,0,0,0,0,1,1,2,1,1,33.17205844164719,66.82657482198259,48.15,0.09305555555555556,1,3,7192.4,5974.3,6352.533333333333,6376.833333333333,13.176705345305942,12.845043986132183
Sitapatore,opencast,2024-08-01,7316.7,4955.5,2361.2,0.895,67,0,485.3,12,0,0,0,0,0,0,1,1,1,0,32.271379173671185,67.72862082632881,40.44166666666667,0.09305555555555556,1,3,4889.5,6975.7,5679.133333333332,6006.433333333333,22.38076364116792,17.907435501432797
Sitapatore,opencast,2024-09-01,7316.7,6482.6,834.0,0.89,82,1,357.9,3,0,0,0,0,0,0,0,0,0,0,11.39858132764771,88.60005193598207,119.3,0.11388888888888889,1,3,4955.5,7192.4,5442.533333333333,6078.333333333333,25.614006314322026,16.924524261848465
Sitapatore,opencast,2024-10-01,7316.7,6807.4,509.3,0.915,66,0,37.5,0,0,0,0,0,0,0,0,0,0,0,6.960788333538344,93.03921166646165,0.0,0.09166666666666666,0,4,6482.6,4889.5,6081.833333333333,6217.183333333333,16.876916278285744,15.026810811795848
Sitapatore,opencast,2024-11-01,7316.7,5523.4,1793.3,0.85,86,1,0.0,0,0,0,0,0,0,0,0,0,0,0,24.50968332718302,75.49031667281699,0.0,0.11944444444444445,0,4,6807.4,4955.5,6271.133333333332,5975.133333333334,14.289684329456358,18.33522398531214
Sitapatore,opencast,2024-12-01,7316.7,6013.6,1303.1,0.845,118,1,4.7,0,0,0,0,0,0,0,0,0,0,0,17.809941640356993,82.19005835964302,0.0,0.1638888888888889,0,4,5523.4,6482.6,6114.799999999999,5778.666666666667,16.426804433692784,21.020405374007407
Sitapatore,opencast,2025-01-01,7512.5,7180.2,332.3,0.9,78,0,0.5,0,0,0,0,0,0,0,0,0,0,0,4.423294509151415,95.57670549084858,0.0,0.10833333333333334,0,1,6013.6,6807.4,6239.066666666666,6160.45,15.580973158897143,16.228944718591446
Sitapatore,opencast,2025-02-01,7512.5,6752.1,760.4,0.905,76,0,0.0,0,0,0,0,0,0,0,0,0,0,0,10.121797004991679,89.87820299500832,0.0,0.10555555555555556,0,1,7180.2,5523.4,6648.633333333332,6459.883333333334,10.785011051500028,12.537347690478194
Sitapatore,opencast,2025-03-01,7512.5,6672.5,840.0,0.88,96,1,0.1,0,0,0,0,0,0,0,0,0,0,0,11.18136439267887,88.81863560732113,0.0,0.13333333333333333,0,1,6752.1,6013.6,6868.266666666666,6491.533333333334,8.575485302273988,12.501144867983387
Sitapatore,opencast,2025-04-01,7512.5,6618.2,894.3,0.855,109,1,2.5,0,0,0,0,0,0,0,0,0,0,0,11.904159733777037,88.09584026622296,0.0,0.15138888888888888,0,2,6672.5,7180.2,6680.933333333332,6460.0,11.069107043815862,13.325040101356501
Sitapatore,opencast,2025-05-01,7512.5,6201.8,1310.7,0.86,82,1,32.2,0,0,0,0,0,0,0,0,0,0,0,17.44692179700499,82.55307820299501,0.0,0.11388888888888889,0,2,6618.2,6752.1,6497.5,6573.066666666667,13.5108153078203,12.147913179660165
Sitapatore,opencast,2025-06-01,7512.5,6332.2,1180.3,0.925,49,0,248.8,4,0,0,0,0,0,0,0,0,0,0,15.711148086522462,84.28885191347753,62.2,0.06805555555555555,1,2,6201.8,6672.5,6384.066666666666,6626.166666666667,15.020743205768163,11.798114254021078
Sitapatore,opencast,2025-07-01,7512.5,5650.9,1861.6,0.9,68,0,694.8,11,0,0,0,0,0,1,1,2,1,1,24.780033277870213,75.21996672212978,63.16363636363636,0.09444444444444444,1,3,6332.2,6618.2,6061.633333333332,6371.283333333333,19.31270105379922,15.190904048807544
Sitapatore,opencast,2025-08-01,7512.5,5708.9,1803.6,0.925,59,0,355.4,8,0,0,0,0,0,0,0,0,0,0,24.00798668885191,75.99201331114807,44.425,0.08194444444444444,1,3,5650.9,6201.8,5897.333333333333,6197.416666666667,21.499722684414863,17.505268996117582
Sitapatore,opencast,2025-09-01,7512.5,6201.5,1311.0,0.89,71,0,296.4,5,0,0,0,0,0,0,0,0,0,0,17.450915141430947,82.54908485856906,59.279999999999994,0.09861111111111111,1,3,5708.9,6332.2,5853.7666666666655,6118.916666666667,22.079645036051023,18.550194120909595
Sitapatore,opencast,2025-10-01,7512.5,6946.8,565.7,0.915,73,0,99.2,0,0,0,0,0,0,0,0,0,0,0,7.530116472545758,92.46988352745424,0.0,0.10138888888888889,0,4,6201.5,5650.9,6285.733333333333,6173.683333333333,16.32967276760954,17.82118691070438
Sitapatore,opencast,2025-11-01,7512.5,6473.5,1039.0,0.88,80,0,1.4,0,0,0,0,0,0,0,0,0,0,0,13.830282861896839,86.16971713810317,0.0,0.1111111111111111,0,4,6946.8,5708.9,6540.599999999999,6218.966666666667,12.93710482529118,17.21841375485302
Sitapatore,opencast,2025-12-01,7512.5,6855.6,656.9,0.905,64,0,0.0,0,0,0,0,0,0,0,0,0,0,0,8.744093178036605,91.25590682196339,0.0,0.08888888888888889,0,4,6473.5,6201.5,6758.633333333332,6306.2,10.034830837493068,16.057237936772047
Tirodi,opencast,2015-01-01,11390.0,9540.4,1849.6,0.9,83,1,0.0,0,0,0,0,0,0,0,0,0,0,0,16.238805970149254,83.76119402985074,0.0,0.11527777777777778,0,1,,,9540.4,9540.4,16.238805970149254,16.238805970149254
Tirodi,opencast,2015-02-01,11390.0,9739.4,1650.6,0.845,103,1,3.2,0,0,0,0,0,0,0,0,0,0,0,14.491659350307287,85.5083406496927,0.0,0.14305555555555555,0,1,9540.4,,9639.9,9639.9,15.365232660228271,15.365232660228271
Tirodi,opencast,2015-03-01,11390.0,9124.5,2265.5,0.88,77,0,40.9,1,0,0,0,0,0,0,0,0,0,0,19.89025460930641,80.10974539069359,40.9,0.10694444444444444,0,1,9739.4,,9468.1,9468.1,16.873573309920985,16.873573309920985
Tirodi,opencast,2015-04-01,11390.0,10308.4,1081.6,0.915,69,0,26.9,0,0,0,0,0,0,0,0,0,0,0,9.49604916593503,90.50395083406497,0.0,0.09583333333333334,0,2,9124.5,9540.4,9724.1,9678.175,14.625987708516242,15.029192273924496
Tirodi,opencast,2015-05-01,11390.0,10520.0,870.0,0.92,73,0,13.1,0,0,0,0,0,0,0,0,0,0,0,7.6382791922739255,92.36172080772607,0.0,0.10138888888888889,0,2,10308.4,9739.4,9984.300000000001,9846.539999999999,12.341527655838455,13.551009657594381
Tirodi,opencast,2015-06-01,11390.0,9421.7,1968.3,0.925,34,0,324.5,6,0,0,0,0,0,0,0,0,0,0,17.28094820017559,82.71905179982441,54.083333333333336,0.04722222222222222,1,2,10520.0,9124.5,10083.366666666667,9775.733333333334,11.47175885279485,14.172666081357917
Tirodi,opencast,2015-07-01,11390.0,9842.0,1548.0,0.87,105,1,357.1,3,0,0,0,0,0,0,0,0,0,0,13.590869183494295,86.40913081650571,119.03333333333335,0.14583333333333334,1,3,9421.7,10308.4,9927.9,9826.0,12.836698858647937,13.73134328358209
Tirodi,opencast,2015-08-01,11390.0,8508.1,2881.9,0.925,57,0,416.0,7,0,0,0,0,0,0,0,0,0,0,25.302019315188762,74.69798068481124,59.42857142857143,0.07916666666666666,1,3,9842.0,10520.0,9257.266666666666,9620.783333333335,18.724612232952882,15.533069944395669
Tirodi,opencast,2015-09-01,11390.0,10384.2,1005.8,0.92,63,0,160.2,3,0,0,0,0,0,0,0,0,0,0,8.830553116769096,91.1694468832309,53.4,0.0875,1,3,8508.1,9421.7,9578.1,9830.733333333332,15.907813871817387,13.689786362306116
Tirodi,opencast,2015-10-01,11390.0,8563.0,2827.0,0.855,90,1,6.6,0,0,0,0,0,0,0,0,0,0,0,24.82001755926251,75.17998244073749,0.0,0.125,0,4,10384.2,9842.0,9151.766666666668,9539.833333333334,19.650863330406793,16.243781094527364
Tirodi,opencast,2015-11-01,11390.0,9933.7,1456.3,0.88,79,0,0.3,0,0,0,0,0,0,0,0,0,0,0,12.78577699736611,87.2142230026339,0.0,0.10972222222222222,0,4,8563.0,8508.1,9626.966666666667,9442.116666666667,15.47878255779924,17.10169739537606
Tirodi,opencast,2015-12-01,11390.0,10159.8,1230.2,0.875,86,1,3.2,0,0,0,0,0,0,0,0,0,0,0,10.80070237050044,89.19929762949955,0.0,0.11944444444444445,0,4,9933.7,10384.2,9552.166666666666,9565.133333333333,16.135498975709687,16.021656423763535
Tirodi,opencast,2016-01-01,10800.0,9072.9,1727.1,0.84,108,1,1.1,0,0,0,0,0,0,0,0,0,0,0,15.991666666666665,84.00833333333333,0.0,0.15,0,1,10159.8,8563.0,9722.133333333333,9436.949999999999,13.192715344844407,16.421789337625597
Tirodi,opencast,2016-02-01,10800.0,9840.0,960.0,0.905,63,0,6.6,0,0,0,0,0,0,0,0,0,0,0,8.88888888888889,91.11111111111111,0.0,0.0875,0,1,9072.9,9933.7,9690.9,9658.933333333332,11.893752642018667,13.686267599908952
Tirodi,opencast,2016-03-01,10800.0,10007.1,792.9,0.91,74,0,23.5,0,0,0,0,0,0,0,0,0,0,0,7.341666666666666,92.65833333333333,0.0,0.10277777777777777,0,1,9840.0,10159.8,9640.0,9596.083333333334,10.740740740740742,13.438119858225214
Tirodi,opencast,2016-04-01,10800.0,9616.3,1183.7,0.915,61,0,6.8,0,0,0,0,0,0,0,0,0,0,0,10.960185185185185,89.0398148148148,0.0,0.08472222222222223,0,2,10007.1,9072.9,9821.133333333333,9771.633333333333,9.063580246913581,11.128147795878993
Tirodi,opencast,2016-05-01,10800.0,10059.2,740.8,0.92,55,0,7.2,0,0,0,0,0,0,0,0,0,0,0,6.859259259259259,93.14074074074074,0.0,0.0763888888888889,0,2,9616.3,9840.0,9894.2,9792.550000000001,8.387037037037038,10.14039483952785
Tirodi,opencast,2016-06-01,10800.0,9119.5,1680.5,0.925,63,0,155.9,4,0,0,0,0,0,0,0,0,0,0,15.560185185185185,84.43981481481482,38.975,0.0875,1,2,10059.2,10007.1,9598.333333333334,9619.166666666666,11.126543209876544,10.93364197530864
Tirodi,opencast,2016-07-01,10800.0,7025.3,3774.7,0.9,65,0,685.4,13,0,0,1,0,0,1,1,3,1,1,34.95092592592592,65.04907407407407,52.723076923076924,0.09027777777777778,1,3,9119.5,9616.3,8734.666666666666,9277.9,19.123456790123456,14.093518518518517
Tirodi,opencast,2016-08-01,10800.0,8964.1,1835.9,0.925,57,0,333.3,4,0,0,0,0,0,0,0,0,0,0,16.999074074074073,83.00092592592593,83.325,0.07916666666666666,1,3,7025.3,10059.2,8369.633333333333,9131.916666666666,22.503395061728394,15.445216049382717
Tirodi,opencast,2016-09-01,10800.0,9347.4,1452.6,0.89,71,0,250.3,2,0,0,0,0,0,0,0,0,0,0,13.449999999999998,86.55,125.15,0.09861111111111111,1,3,8964.1,9119.5,8445.6,9021.966666666665,21.8,16.46327160493827
Tirodi,opencast,2016-10-01,10800.0,9503.9,1296.1,0.885,99,1,44.2,0,0,0,0,0,0,0,0,0,0,0,12.000925925925925,87.99907407407407,0.0,0.1375,0,4,9347.4,7025.3,9271.800000000001,9003.233333333334,14.15,16.636728395061727
Tirodi,opencast,2016-11-01,10800.0,10342.7,457.3,0.91,54,0,0.3,0,0,0,0,0,0,0,0,0,0,0,4.234259259259259,95.76574074074074,0.0,0.075,0,4,9503.9,8964.1,9731.333333333334,9050.483333333332,9.895061728395063,16.199228395061727
Tirodi,opencast,2016-12-01,10800.0,9005.6,1794.4,0.875,92,1,0.0,0,0,0,0,0,0,0,0,0,0,0,16.614814814814814,83.38518518518518,0.0,0.12777777777777777,0,4,10342.7,9347.4,9617.4,9031.5,10.950000000000003,16.375
Tirodi,opencast,2017-01-01,11200.0,8729.7,2470.3,0.84,114,1,1.4,0,0,0,0,0,0,0,0,0,0,0,22.056250000000002,77.94375000000001,0.0,0.15833333333333333,0,1,9005.6,9503.9,9359.333333333334,9315.566666666668,14.301774691358029,14.225887345679013
Tirodi,opencast,2017-02-01,11200.0,9854.6,1345.4,0.875,79,0,1.9,0,0,0,0,0,0,0,0,0,0,0,12.012500000000001,87.98750000000001,0.0,0.10972222222222222,0,1,8729.7,10342.7,9196.633333333333,9463.983333333335,16.894521604938273,13.394791666666668
Tirodi,opencast,2017-03-01,11200.0,9474.3,1725.7,0.88,70,0,0.2,0,0,0,0,0,0,0,0,0,0,0,15.408035714285715,84.59196428571428,0.0,0.09722222222222222,0,1,9854.6,9005.6,9352.866666666667,9485.133333333333,16.492261904761907,13.721130952380951
Tirodi,opencast,2017-04-01,11200.0,9851.1,1348.9,0.915,74,0,0.3,0,0,0,0,0,0,0,0,0,0,0,12.043750000000001,87.95625,0.0,0.10277777777777777,0,2,9474.3,8729.7,9726.666666666666,9543.0,13.154761904761907,13.728268298059966
Tirodi,opencast,2017-05-01,11200.0,10820.2,379.8,0.89,82,1,14.8,0,0,0,0,0,0,0,0,0,0,0,3.3910714285714287,96.60892857142858,0.0,0.11388888888888889,0,2,9851.1,9854.6,10048.533333333333,9622.583333333334,10.280952380952384,13.587736992945329
Tirodi,opencast,2017-06-01,11200.0,8961.5,2238.5,0.925,58,0,211.9,5,0,0,0,0,0,0,0,0,0,0,19.986607142857142,80.01339285714286,42.38,0.08055555555555556,1,2,10820.2,9474.3,9877.6,9615.233333333334,11.807142857142859,14.149702380952382
Tirodi,opencast,2017-07-01,11200.0,8804.1,2395.9,0.93,44,0,460.2,5,0,0,0,0,0,0,0,0,0,0,21.391964285714288,78.60803571428572,92.03999999999999,0.06111111111111111,1,3,8961.5,9851.1,9528.6,9627.633333333333,14.923214285714288,14.038988095238096
Tirodi,opencast,2017-08-01,11200.0,8818.0,2382.0,0.895,83,1,477.1,5,0,0,0,0,0,0,0,0,0,0,21.267857142857142,78.73214285714286,95.42,0.11527777777777778,1,3,8804.1,10820.2,8861.199999999999,9454.866666666667,20.882142857142856,15.581547619047619
Tirodi,opencast,2017-09-01,11200.0,8924.9,2275.1,0.89,80,0,181.8,2,0,0,0,0,0,0,0,0,0,0,20.313392857142855,79.68660714285714,90.9,0.1111111111111111,1,3,8818.0,8961.5,8849.0,9363.300000000001,20.99107142857143,16.399107142857144
Tirodi,opencast,2017-10-01,11200.0,8704.5,2495.5,0.885,99,1,77.4,0,0,0,0,0,0,0,0,0,0,0,22.28125,77.71875,0.0,0.1375,0,4,8924.9,8804.1,8815.800000000001,9172.2,21.2875,18.105357142857144
Tirodi,opencast,2017-11-01,11200.0,10003.4,1196.6,0.85,92,1,1.1,0,0,0,0,0,0,0,0,0,0,0,10.68392857142857,89.31607142857143,0.0,0.12777777777777777,0,4,8704.5,8818.0,9210.933333333332,9036.066666666666,17.75952380952381,19.320833333333333
Tirodi,opencast,2017-12-01,11200.0,9197.3,2002.7,0.905,59,0,0.0,0,0,0,0,0,0,0,0,0,0,0,17.88125,82.11874999999999,0.0,0.08194444444444444,0,4,10003.4,8924.9,9301.733333333334,9075.366666666667,16.948809523809526,18.969940476190477
Tirodi,opencast,2018-01-01,11900.0,10490.6,1409.4,0.9,79,0,0.0,0,0,0,0,0,0,0,0,0,0,0,11.843697478991597,88.15630252100841,0.0,0.10972222222222222,0,1,9197.3,8704.5,9897.099999999999,9356.449999999999,13.469625350140058,17.37856267507003
Tirodi,opencast,2018-02-01,11900.0,9073.7,2826.3,0.845,102,1,21.5,0,0,0,0,0,0,0,0,0,0,0,23.75042016806723,76.24957983193278,0.0,0.14166666666666666,0,1,10490.6,10003.4,9587.199999999999,9399.066666666668,17.82512254901961,17.79232317927171
Tirodi,opencast,2018-03-01,11900.0,10578.8,1321.2,0.91,65,0,2.8,0,0,0,0,0,0,0,0,0,0,0,11.102521008403361,88.89747899159663,0.0,0.09027777777777778,0,1,9073.7,9197.3,10047.699999999999,9674.716666666665,15.565546218487398,16.25717787114846
Tirodi,opencast,2018-04-01,11900.0,9727.0,2173.0,0.855,98,1,16.8,0,0,0,0,0,0,0,0,0,0,0,18.26050420168067,81.73949579831933,0.0,0.1361111111111111,0,2,10578.8,10490.6,9793.166666666666,9845.133333333333,17.70448179271709,15.587053571428575
Tirodi,opencast,2018-05-01,11900.0,9717.4,2182.6,0.8,146,1,12.6,0,0,0,0,1,1,0,0,2,1,0,18.341176470588234,81.65882352941176,0.0,0.20277777777777778,0,2,9727.0,9073.7,10007.733333333332,9797.466666666665,15.90140056022409,16.863261554621847
Tirodi,opencast,2018-06-01,11900.0,9357.2,2542.8,0.895,71,0,197.0,4,0,0,0,0,0,0,0,0,0,0,21.36806722689076,78.63193277310924,49.25,0.09861111111111111,1,2,9717.4,10578.8,9600.533333333335,9824.116666666667,19.32324929971989,17.44439775910364
Tirodi,opencast,2018-07-01,11900.0,8687.2,3212.8,0.93,44,0,534.8,8,0,0,0,0,0,0,0,0,0,1,26.998319327731096,73.0016806722689,66.85,0.06111111111111111,1,3,9357.2,9727.0,9253.933333333332,9523.550000000001,22.235854341736697,19.97016806722689
Tirodi,opencast,2018-08-01,11900.0,9278.0,2622.0,0.895,80,0,517.1,5,0,0,0,0,0,0,0,0,0,1,22.03361344537815,77.96638655462185,103.42,0.1111111111111111,1,3,8687.2,9717.4,9107.466666666667,9557.6,23.46666666666667,19.684033613445376
Tirodi,opencast,2018-09-01,11900.0,9140.3,2759.7,0.92,49,0,131.2,3,0,0,0,0,0,0,0,0,0,0,23.190756302521006,76.80924369747899,43.73333333333333,0.06805555555555555,1,3,9278.0,9357.2,9035.166666666666,9317.85,24.074229691876752,21.69873949579832
Tirodi,opencast,2018-10-01,11900.0,11657.5,242.5,0.915,73,0,0.7,0,0,0,0,0,0,0,0,0,0,0,2.03781512605042,97.96218487394958,0.0,0.10138888888888889,0,4,9140.3,8687.2,10025.266666666666,9639.6,15.754061624649859,18.994957983193277
Tirodi,opencast,2018-11-01,11900.0,10524.8,1375.2,0.91,70,0,0.4,0,0,0,0,0,0,0,0,0,0,0,11.556302521008403,88.4436974789916,0.0,0.09722222222222222,0,4,11657.5,9278.0,10440.866666666667,9774.166666666666,12.261624649859945,17.864145658263308
Tirodi,opencast,2018-12-01,11900.0,10556.7,1343.3,0.845,102,1,29.7,1,0,0,0,0,0,0,0,0,0,0,11.288235294117646,88.71176470588236,29.7,0.14166666666666666,0,4,10524.8,9140.3,10913.0,9974.083333333334,8.294117647058826,16.184173669467786
Tirodi,opencast,2019-01-01,12300.0,10903.6,1396.4,0.9,70,0,32.6,1,0,0,0,0,0,0,0,0,0,0,11.352845528455285,88.64715447154472,32.6,0.09722222222222222,0,1,10556.7,11657.5,10661.699999999999,10343.483333333334,11.399127781193782,13.576594702921819
Tirodi,opencast,2019-02-01,12300.0,10925.9,1374.1,0.845,111,1,4.6,0,0,0,0,0,0,0,0,0,0,0,11.171544715447155,88.82845528455285,0.0,0.15416666666666667,0,1,10903.6,10524.8,10795.4,10618.133333333333,11.270875179340031,11.766249914599987
Tirodi,opencast,2019-03-01,12300.0,9798.1,2501.9,0.91,64,0,28.7,1,0,0,0,0,0,0,0,0,0,0,20.340650406504064,79.65934959349595,28.7,0.08888888888888889,0,1,10925.9,10556.7,10542.533333333333,10727.766666666666,14.288346883468838,11.29123226526383
Tirodi,opencast,2019-04-01,12300.0,10942.4,1357.6,0.915,54,0,0.9,0,0,0,0,0,0,0,0,0,0,0,11.03739837398374,88.96260162601625,0.0,0.075,0,2,9798.1,10903.6,10555.466666666667,10608.583333333334,14.18319783197832,12.79116280658605
Tirodi,opencast,2019-05-01,12300.0,10659.2,1640.8,0.92,60,0,0.1,0,0,0,0,0,0,0,0,0,0,0,13.339837398373982,86.66016260162603,0.0,0.08333333333333333,0,2,10942.4,10925.9,10466.566666666668,10630.983333333334,14.905962059620597,13.088418619480313
Tirodi,opencast,2019-06-01,12300.0,10749.1,1550.9,0.925,59,0,142.3,2,0,0,0,0,0,0,0,0,0,0,12.608943089430896,87.3910569105691,71.15,0.08194444444444444,1,2,10659.2,9798.1,10783.566666666666,10663.05,12.328726287262874,13.308536585365855
Tirodi,opencast,2019-07-01,12300.0,7647.9,4652.1,0.87,90,1,487.7,12,0,0,1,0,0,0,1,2,1,0,37.821951219512194,62.178048780487806,40.641666666666666,0.125,1,3,10749.1,10942.4,9685.4,10120.433333333332,21.256910569105692,17.720054200542005
Tirodi,opencast,2019-08-01,12300.0,8926.9,3373.1,0.925,59,0,523.5,9,0,0,0,0,0,0,0,0,0,1,27.423577235772356,72.57642276422764,58.166666666666664,0.08194444444444444,1,3,7647.9,10659.2,9107.966666666667,9787.266666666666,25.95149051490515,20.428726287262872
Tirodi,opencast,2019-09-01,12300.0,8461.0,3839.0,0.89,82,1,566.1,10,0,0,1,0,0,0,0,1,1,1,31.21138211382114,68.78861788617886,56.61,0.11388888888888889,1,3,8926.9,10749.1,8345.266666666668,9564.416666666666,32.152303523035236,22.240514905149052
Tirodi,opencast,2019-10-01,12300.0,10027.6,2272.4,0.915,52,0,52.4,0,0,0,0,0,0,0,0,0,0,0,18.47479674796748,81.52520325203253,0.0,0.07222222222222222,0,4,8461.0,7647.9,9138.5,9411.95,25.70325203252033,23.48008130081301
Tirodi,opencast,2019-11-01,12300.0,11906.9,393.1,0.88,94,1,0.3,0,0,0,0,0,0,0,0,0,0,0,3.195934959349594,96.8040650406504,0.0,0.13055555555555556,0,4,10027.6,8926.9,10131.833333333334,9619.9,17.627371273712743,21.789430894308946
Tirodi,opencast,2019-12-01,12300.0,11251.3,1048.7,0.905,78,0,21.7,0,0,0,0,0,0,0,0,0,0,0,8.526016260162601,91.4739837398374,0.0,0.10833333333333334,0,4,11906.9,8461.0,11061.933333333332,9703.6,10.065582655826562,21.108943089430895
Tirodi,opencast,2020-01-01,10500.0,8537.5,1962.5,0.84,102,1,37.5,0,0,0,0,0,0,0,0,0,0,0,18.69047619047619,81.30952380952381,0.0,0.14166666666666666,0,1,11251.3,10027.6,10565.233333333332,9851.866666666667,10.137475803329464,17.920363917924895
Tirodi,opencast,2020-02-01,10500.0,9146.8,1353.2,0.875,88,1,27.0,0,0,0,0,0,0,0,0,0,0,0,12.887619047619047,87.11238095238095,0.0,0.12222222222222222,0,1,8537.5,11906.9,9645.199999999999,9888.516666666666,13.36803716608595,15.497704219899342
Tirodi,opencast,2020-03-01,10500.0,9221.9,1278.1,0.88,83,1,48.3,0,0,0,0,0,0,0,0,0,0,0,12.172380952380951,87.82761904761904,0.0,0.11527777777777778,0,1,9146.8,11251.3,8968.733333333334,10015.333333333334,14.583492063492065,12.324537359659312
Tirodi,opencast,2020-04-01,10500.0,9535.0,965.0,0.915,60,0,6.4,0,0,0,0,0,0,0,0,0,0,0,9.19047619047619,90.80952380952381,0.0,0.08333333333333333,0,2,9221.9,8537.5,9301.233333333332,9933.233333333332,11.416825396825397,10.777150600077428
Tirodi,opencast,2020-05-01,10500.0,8977.8,1522.2,0.89,75,0,0.7,0,0,0,0,0,0,0,0,0,0,0,14.497142857142858,85.50285714285714,0.0,0.10416666666666667,0,2,9535.0,9146.8,9244.9,9445.05,11.953333333333335,12.660685249709639
Tirodi,opencast,2020-06-01,10500.0,8979.6,1520.4,0.925,60,0,351.4,5,0,0,0,0,0,0,0,0,0,0,14.48,85.52000000000001,70.28,0.08333333333333333,1,2,8977.8,9221.9,9164.133333333333,9066.433333333332,12.722539682539685,13.653015873015873
Tirodi,opencast,2020-07-01,10500.0,7646.8,2853.2,0.81,123,1,322.6,6,0,0,0,1,0,0,0,1,1,0,27.173333333333332,72.82666666666667,53.76666666666667,0.17083333333333334,1,3,8979.6,9535.0,8534.733333333334,8917.983333333334,18.7168253968254,15.066825396825395
Tirodi,opencast,2020-08-01,10500.0,7367.5,3132.5,0.895,71,0,726.2,13,0,0,0,0,0,1,1,2,1,1,29.833333333333336,70.16666666666667,55.861538461538466,0.09861111111111111,1,3,7646.8,8977.8,7997.966666666667,8621.433333333332,23.828888888888894,17.891111111111112
Tirodi,opencast,2020-09-01,10500.0,8250.7,2249.3,0.86,94,1,218.8,4,0,0,0,0,0,0,0,0,0,0,21.421904761904763,78.57809523809524,54.7,0.13055555555555556,1,3,7367.5,8979.6,7755.0,8459.566666666666,26.14285714285715,19.43269841269841
Tirodi,opencast,2020-10-01,10500.0,9836.4,663.6,0.915,55,0,67.8,0,0,0,0,0,0,0,0,0,0,0,6.32,93.67999999999999,0.0,0.0763888888888889,0,4,8250.7,7646.8,8484.866666666667,8509.8,19.191746031746035,18.954285714285714
Tirodi,opencast,2020-11-01,10500.0,8037.9,2462.1,0.88,83,1,4.4,0,0,0,0,0,0,0,0,0,0,0,23.448571428571427,76.55142857142857,0.0,0.11527777777777778,0,4,9836.4,7367.5,8708.333333333334,8353.15,17.063492063492067,20.446190476190477
Tirodi,opencast,2020-12-01,10500.0,9005.2,1494.8,0.875,87,1,0.4,0,0,0,0,0,0,0,0,0,0,0,14.236190476190474,85.76380952380953,0.0,0.12083333333333333,0,4,8037.9,8250.7,8959.833333333334,8357.416666666666,14.66825396825397,20.405555555555555
Tirodi,opencast,2021-01-01,12800.0,11300.0,1500.0,0.87,89,1,5.3,0,0,0,0,0,0,0,0,0,0,0,11.71875,88.28125,0.0,0.12361111111111112,0,1,9005.2,9836.4,9447.699999999999,8966.283333333333,16.467837301587302,17.82979166666667
Tirodi,opencast,2021-02-01,12800.0,10643.2,2156.8,0.875,92,1,9.2,0,0,0,0,0,0,0,0,0,0,0,16.85,83.15,0.0,0.12777777777777777,0,1,11300.0,8037.9,10316.133333333333,9512.233333333334,14.268313492063493,15.665902777777779
Tirodi,opencast,2021-03-01,12800.0,9728.3,3071.7,0.88,74,0,0.7,0,0,0,0,0,0,0,0,0,0,0,23.99765625,76.00234375,0.0,0.10277777777777777,0,1,10643.2,9005.2,10557.166666666666,9758.5,17.522135416666668,16.095194692460318
Tirodi,opencast,2021-04-01,12800.0,11048.8,1751.2,0.885,86,1,0.4,0,0,0,0,0,0,0,0,0,0,0,13.68125,86.31875,0.0,0.11944444444444445,0,2,9728.3,11300.0,10473.433333333334,9960.566666666668,18.176302083333336,17.322069692460317
Tirodi,opencast,2021-05-01,12800.0,11217.0,1583.0,0.86,102,1,32.0,0,0,0,0,0,0,0,0,0,0,0,12.3671875,87.6328125,0.0,0.14166666666666666,0,2,11048.8,10643.2,10664.699999999999,10490.416666666666,16.68203125,15.475172371031746
Tirodi,opencast,2021-06-01,12800.0,10209.4,2590.6,0.895,53,0,315.2,5,0,0,0,0,0,0,0,0,0,0,20.2390625,79.7609375,63.04,0.07361111111111111,1,2,11217.0,9728.3,10825.066666666668,10691.116666666667,15.429166666666669,16.475651041666666
Tirodi,opencast,2021-07-01,12800.0,10266.4,2533.6,0.93,43,0,341.1,7,0,0,0,0,0,0,0,0,0,0,19.79375,80.20625,48.728571428571435,0.059722222222222225,1,3,10209.4,11048.8,10564.266666666668,10518.849999999999,17.46666666666667,17.821484375
Tirodi,opencast,2021-08-01,12800.0,10394.4,2405.6,0.925,42,0,258.4,4,0,0,0,0,0,0,0,0,0,0,18.79375,81.20625,64.6,0.058333333333333334,1,3,10266.4,11217.0,10290.066666666668,10477.383333333333,19.60885416666667,18.14544270833333
Tirodi,opencast,2021-09-01,12800.0,11140.2,1659.8,0.92,71,0,369.1,5,0,0,0,0,0,0,0,0,0,0,12.9671875,87.0328125,73.82000000000001,0.09861111111111111,1,3,10394.4,10209.4,10600.333333333334,10712.7,17.184895833333336,16.307031249999998
Tirodi,opencast,2021-10-01,12800.0,11438.5,1361.5,0.885,81,1,46.4,0,0,0,0,0,0,0,0,0,0,0,10.63671875,89.36328125,0.0,0.1125,0,4,11140.2,10266.4,10991.033333333335,10777.65,14.132552083333335,15.799609374999998
Tirodi,opencast,2021-11-01,12800.0,10245.7,2554.3,0.88,72,0,22.5,0,0,0,0,0,0,0,0,0,0,0,19.95546875,80.04453125,0.0,0.1,0,4,11438.5,10394.4,10941.466666666667,10615.766666666666,14.519791666666668,17.064322916666665
Tirodi,opencast,2021-12-01,12800.0,11061.7,1738.3,0.905,71,0,33.1,1,0,0,0,0,0,0,0,0,0,0,13.58046875,86.41953125,33.1,0.09861111111111111,0,4,10245.7,11140.2,10915.300000000001,10757.816666666668,14.72421875,15.954557291666665
Tirodi,opencast,2022-01-01,14000.0,12846.0,1154.0,0.9,51,0,13.6,0,0,0,0,0,0,0,0,0,0,0,8.242857142857144,91.75714285714285,0.0,0.07083333333333333,0,1,11061.7,11438.5,11384.466666666667,11187.75,13.926264880952383,14.029408482142857
Tirodi,opencast,2022-02-01,14000.0,12505.8,1494.2,0.905,80,0,4.7,0,0,0,0,0,0,0,0,0,0,0,10.672857142857143,89.32714285714285,0.0,0.1111111111111111,0,1,12846.0,10245.7,12137.833333333334,11539.650000000001,10.832061011904763,12.675926339285715
Tirodi,opencast,2022-03-01,14000.0,12347.2,1652.8,0.88,84,1,0.4,0,0,0,0,0,0,0,0,0,0,0,11.805714285714286,88.19428571428571,0.0,0.11666666666666667,0,1,12505.8,11061.7,12566.333333333334,11740.816666666666,10.240476190476192,12.482347470238096
Tirodi,opencast,2022-04-01,14000.0,12065.5,1934.5,0.885,80,0,0.0,0,0,0,0,0,0,0,0,0,0,0,13.817857142857143,86.18214285714285,0.0,0.1111111111111111,0,2,12347.2,12846.0,12306.166666666666,11845.316666666666,12.098809523809527,13.012537202380953
Tirodi,opencast,2022-05-01,14000.0,12636.5,1363.5,0.92,48,0,7.8,0,0,0,0,0,0,0,0,0,0,0,9.739285714285714,90.26071428571429,0.0,0.06666666666666667,0,2,12065.5,12505.8,12349.733333333335,12243.783333333333,11.787619047619048,11.309840029761906
Tirodi,opencast,2022-06-01,14000.0,12664.1,1335.9,0.925,49,0,183.6,4,0,0,0,0,0,0,0,0,0,0,9.542142857142858,90.45785714285715,45.9,0.06805555555555555,1,2,12636.5,12347.2,12455.366666666667,12510.85,11.03309523809524,10.636785714285715
Tirodi,opencast,2022-07-01,14000.0,9037.2,4962.8,0.93,36,0,602.1,14,0,0,1,0,0,0,1,2,1,1,35.44857142857143,64.55142857142859,43.00714285714286,0.05,1,3,12664.1,12065.5,11445.933333333334,11876.050000000001,18.243333333333336,15.171071428571429
Tirodi,opencast,2022-08-01,14000.0,10242.0,3758.0,0.895,80,0,497.3,9,0,0,1,0,0,0,0,1,1,0,26.84285714285714,73.15714285714286,55.25555555555556,0.1111111111111111,1,3,9037.2,12636.5,10647.766666666668,11498.75,23.94452380952381,17.86607142857143
Tirodi,opencast,2022-09-01,14000.0,10628.5,3371.5,0.86,107,1,305.1,4,0,0,0,0,0,0,0,0,0,0,24.08214285714286,75.91785714285714,76.275,0.1486111111111111,1,3,10242.0,12664.1,9969.233333333335,11212.300000000001,28.79119047619048,19.912142857142857
Tirodi,opencast,2022-10-01,14000.0,11798.8,2201.2,0.915,61,0,139.2,3,0,0,0,0,0,0,0,0,0,0,15.72285714285714,84.27714285714285,46.4,0.08472222222222223,0,4,10628.5,9037.2,10889.766666666668,11167.85,22.215952380952384,20.229642857142856
Tirodi,opencast,2022-11-01,14000.0,11651.2,2348.8,0.91,82,1,0.0,0,0,0,0,0,0,0,0,0,0,0,16.777142857142856,83.22285714285714,0.0,0.11388888888888889,0,4,11798.8,10242.0,11359.5,11003.633333333333,18.860714285714288,21.402619047619044
Tirodi,opencast,2022-12-01,14000.0,12480.2,1519.8,0.905,62,0,4.6,0,0,0,0,0,0,0,0,0,0,0,10.855714285714285,89.14428571428572,0.0,0.08611111111111111,0,4,11651.2,10628.5,11976.733333333335,10972.983333333332,14.451904761904762,21.621547619047618
Tirodi,opencast,2023-01-01,15500.0,12594.4,2905.6,0.9,68,0,1.5,0,0,0,0,0,0,0,0,0,0,0,18.745806451612903,81.2541935483871,0.0,0.09444444444444444,0,1,12480.2,11798.8,12241.933333333334,11565.85,15.459554531490019,18.837753456221197
Tirodi,opencast,2023-02-01,15500.0,12806.8,2693.2,0.905,79,0,0.0,0,0,0,0,0,0,0,0,0,0,0,17.375483870967738,82.62451612903226,0.0,0.10972222222222222,0,1,12594.4,11651.2,12627.133333333333,11993.316666666668,15.65900153609831,17.259857910906295
Tirodi,opencast,2023-03-01,15500.0,14492.2,1007.8,0.91,60,0,18.1,0,0,0,0,0,0,0,0,0,0,0,6.501935483870967,93.49806451612905,0.0,0.08333333333333333,0,1,12806.8,12480.2,13297.800000000001,12637.266666666668,14.207741935483872,14.329823348694314
Tirodi,opencast,2023-04-01,15500.0,14019.1,1480.9,0.915,53,0,49.5,1,0,0,0,0,0,0,0,0,0,0,9.554193548387097,90.44580645161291,49.5,0.07361111111111111,0,2,14492.2,12594.4,13772.699999999999,13007.316666666666,11.143870967741938,13.301712749615973
Tirodi,opencast,2023-05-01,15500.0,13422.9,2077.1,0.89,87,1,25.8,0,0,0,0,0,0,0,0,0,0,0,13.400645161290322,86.59935483870967,0.0,0.12083333333333333,0,2,14019.1,12806.8,13978.066666666668,13302.6,9.818924731182797,12.738963133640553
Tirodi,opencast,2023-06-01,15500.0,12604.8,2895.2,0.865,77,0,284.4,4,0,0,0,0,0,0,0,0,0,0,18.678709677419352,81.32129032258064,71.1,0.10694444444444444,1,2,13422.9,14492.2,13348.933333333334,13323.366666666667,13.877849462365594,14.04279569892473
Tirodi,opencast,2023-07-01,15500.0,9020.3,6479.7,0.87,81,1,544.3,12,0,0,1,0,0,0,1,2,1,1,41.80451612903225,58.195483870967735,45.35833333333333,0.1125,1,3,12604.8,14019.1,11682.666666666666,12727.683333333332,24.62795698924731,17.88591397849462
Tirodi,opencast,2023-08-01,15500.0,12264.4,3235.6,0.895,78,0,375.8,6,0,0,0,0,0,0,0,0,0,0,20.87483870967742,79.12516129032258,62.63333333333333,0.10833333333333334,1,3,9020.3,13422.9,11296.5,12637.283333333333,27.11935483870968,18.469139784946236
Tirodi,opencast,2023-09-01,15500.0,12070.2,3429.8,0.86,113,1,332.6,6,0,0,0,0,0,0,0,0,0,0,22.127741935483872,77.87225806451613,55.43333333333334,0.15694444444444444,1,3,12264.4,12604.8,11118.300000000001,12233.616666666667,28.269032258064517,21.07344086021505
Tirodi,opencast,2023-10-01,15500.0,13269.9,2230.1,0.915,66,0,1.2,0,0,0,0,0,0,0,0,0,0,0,14.38774193548387,85.61225806451613,0.0,0.09166666666666666,0,4,12070.2,9020.3,12534.833333333334,12108.75,19.130107526881723,21.879032258064512
Tirodi,opencast,2023-11-01,15500.0,14041.4,1458.6,0.91,57,0,21.9,0,0,0,0,0,0,0,0,0,0,0,9.410322580645161,90.58967741935484,0.0,0.07916666666666666,0,4,13269.9,12264.4,13127.166666666666,12211.833333333334,15.308602150537638,21.213978494623653
Tirodi,opencast,2023-12-01,15500.0,13419.9,2080.1,0.845,86,1,16.2,0,0,0,0,0,0,0,0,0,0,0,13.419999999999998,86.58,0.0,0.11944444444444445,0,4,14041.4,12070.2,13577.066666666666,12347.683333333334,12.406021505376344,20.33752688172043
Tirodi,opencast,2024-01-01,17560.0,14958.8,2601.2,0.81,131,1,21.2,0,0,0,0,1,0,0,0,1,1,0,14.813211845102506,85.18678815489749,0.0,0.18194444444444444,0,1,13419.9,13269.9,14140.033333333333,13337.433333333332,12.547844808582559,15.838976167732136
Tirodi,opencast,2024-02-01,17560.0,16329.6,1230.4,0.905,66,0,37.5,0,0,0,0,0,0,0,0,0,0,0,7.006833712984055,92.99316628701595,0.0,0.09166666666666666,0,1,14958.8,14041.4,14902.766666666668,14014.966666666667,11.746681852695522,13.527642001616577
Tirodi,opencast,2024-03-01,17560.0,16136.4,1423.6,0.91,71,0,39.2,1,0,0,0,0,0,0,0,0,0,0,8.107061503416855,91.89293849658314,39.2,0.09861111111111111,0,1,16329.6,13419.9,15808.266666666668,14692.666666666666,9.975702353834475,11.19086192960541
Tirodi,opencast,2024-04-01,17560.0,16031.1,1528.9,0.885,67,0,49.8,0,0,0,0,0,0,0,0,0,0,0,8.706719817767654,91.29328018223235,0.0,0.09305555555555556,0,2,16136.4,14958.8,16165.700000000003,15152.866666666667,7.940205011389524,10.244024909986038
Tirodi,opencast,2024-05-01,17560.0,15201.3,2358.7,0.89,79,0,46.3,0,0,0,0,0,0,0,0,0,0,0,13.432232346241458,86.56776765375854,0.0,0.10972222222222222,0,2,16031.1,16329.6,15789.6,15346.183333333334,10.082004555808659,10.91434320425209
Tirodi,opencast,2024-06-01,17560.0,15479.9,2080.1,0.925,52,0,225.7,3,0,0,0,0,0,0,0,0,0,0,11.845671981776764,88.15432801822324,75.23333333333333,0.07222222222222222,1,2,15201.3,16136.4,15570.766666666668,15689.516666666665,11.328208048595295,10.651955201214882
Tirodi,opencast,2024-07-01,17560.0,10479.8,7080.2,0.9,63,0,674.1,14,0,0,1,0,0,1,1,3,1,1,40.32004555808656,59.67995444191344,48.15,0.0875,1,3,15479.9,16031.1,13720.333333333334,14943.016666666668,21.865983295368267,14.903094153378893
Tirodi,opencast,2024-08-01,17560.0,12498.4,5061.6,0.895,61,0,485.3,12,0,0,1,0,0,0,1,2,1,0,28.8246013667426,71.1753986332574,40.44166666666667,0.08472222222222223,1,3,10479.8,15201.3,12819.366666666667,14304.483333333332,26.996772968868644,18.53938876233865
Tirodi,opencast,2024-09-01,17560.0,13088.2,4471.8,0.92,59,0,357.9,3,0,0,1,0,0,0,0,1,1,0,25.46583143507973,74.53416856492028,119.3,0.08194444444444444,1,3,12498.4,15479.9,12022.133333333333,13796.450000000003,31.536826119969636,21.432517084282463
Tirodi,opencast,2024-10-01,17560.0,16543.8,1016.2,0.885,72,0,37.5,0,0,0,0,0,0,0,0,0,0,0,5.787015945330296,94.2129840546697,0.0,0.1,0,4,13088.2,10479.8,14043.466666666667,13881.9,20.02581624905088,20.945899772209568
Tirodi,opencast,2024-11-01,17560.0,16024.3,1535.7,0.91,69,0,0.0,0,0,0,0,0,0,0,0,0,0,0,8.745444191343964,91.25455580865604,0.0,0.09583333333333334,0,4,16543.8,12498.4,15218.766666666668,14019.066666666666,13.332763857251335,20.164768413059985
Tirodi,opencast,2024-12-01,17560.0,17667.2,0.0,0.905,69,0,4.7,0,0,0,0,0,0,0,0,0,0,0,0.0,100.61047835990888,0.0,0.09583333333333334,0,4,16024.3,13088.2,16745.100000000002,14383.616666666667,4.844153378891424,18.190489749430526
Tirodi,opencast,2025-01-01,18030.0,16236.5,1793.5,0.9,69,0,0.5,0,0,0,0,0,0,0,0,0,0,0,9.947310038824183,90.05268996117582,0.0,0.09583333333333334,0,1,17667.2,16543.8,16642.666666666668,15343.066666666666,6.230918076722721,13.128367162886795
Tirodi,opencast,2025-02-01,18030.0,14548.2,3481.8,0.845,103,1,0.0,0,0,0,0,0,0,0,0,0,0,0,19.311148086522465,80.68885191347755,0.0,0.14305555555555555,0,1,16236.5,16024.3,16150.633333333333,15684.700000000003,9.752819375115555,11.542791616183441
Tirodi,opencast,2025-03-01,18030.0,15158.6,2871.4,0.91,71,0,0.1,0,0,0,0,0,0,0,0,0,0,0,15.925679423183583,84.07432057681642,0.0,0.09861111111111111,0,1,14548.2,17667.2,15314.433333333334,16029.766666666665,15.061379182843416,9.952766280867415
Tirodi,opencast,2025-04-01,18030.0,15806.1,2223.9,0.885,76,0,2.5,0,0,0,0,0,0,0,0,0,0,0,12.334442595673877,87.66555740432612,0.0,0.10555555555555556,0,2,15158.6,16236.5,15170.966666666667,15906.816666666668,15.857090035126646,11.04400405592468
Tirodi,opencast,2025-05-01,18030.0,17128.0,902.0,0.92,65,0,32.2,0,0,0,0,0,0,0,0,0,0,0,5.002773155851359,94.99722684414864,0.0,0.09027777777777778,0,2,15806.1,14548.2,16030.9,16090.766666666668,11.087631724902943,10.420225550009244
Tirodi,opencast,2025-06-01,18030.0,14580.7,3449.3,0.865,92,1,248.8,4,0,0,0,0,0,0,0,0,0,0,19.13089295618414,80.86910704381587,62.2,0.12777777777777777,1,2,17128.0,15158.6,15838.266666666668,15576.35,12.15603623590313,13.608707709373268
Tirodi,opencast,2025-07-01,18030.0,13784.1,4245.9,0.87,79,0,694.8,11,0,0,1,0,0,1,1,3,1,1,23.54908485856905,76.45091514143095,63.16363636363636,0.10972222222222222,1,3,14580.7,15806.1,15164.266666666668,15167.616666666669,15.894250323534855,15.875670179330745
Tirodi,opencast,2025-08-01,18030.0,12809.0,5221.0,0.895,67,0,355.4,8,0,0,1,0,0,0,0,1,1,0,28.95729339988907,71.04270660011093,44.425,0.09305555555555556,1,3,13784.1,17128.0,13724.6,14877.75,23.87909040488076,17.48336106489185
Tirodi,opencast,2025-09-01,18030.0,13108.1,4921.9,0.92,43,0,296.4,5,0,0,1,0,0,0,0,1,1,0,27.298391569606213,72.70160843039379,59.279999999999994,0.059722222222222225,1,3,12809.0,14580.7,13233.733333333332,14536.0,26.60158994268812,19.37881308929562
Tirodi,opencast,2025-10-01,18030.0,14234.1,3795.9,0.855,99,1,99.2,0,0,0,1,0,0,0,0,1,1,0,21.05324459234609,78.94675540765391,0.0,0.1375,0,4,13108.1,13784.1,13383.733333333335,14274.0,25.76964318728046,20.831946755407653
Tirodi,opencast,2025-11-01,18030.0,15291.0,2739.0,0.85,98,1,1.4,0,0,0,0,0,0,0,0,0,0,0,15.191347753743761,84.80865224625624,0.0,0.1361111111111111,0,4,14234.1,12809.0,14211.066666666668,13967.833333333334,21.180994638565362,22.530042521723058
Tirodi,opencast,2025-12-01,18030.0,14381.1,3648.9,0.875,92,1,0.0,0,0,0,0,0,0,0,0,0,0,0,20.237936772046588,79.76206322795342,0.0,0.12777777777777777,0,4,15291.0,13108.1,14635.4,13934.566666666666,18.827509706045486,22.7145498243668
Ukwa,underground,2015-01-01,13288.3,11311.5,1976.9,0.9,69,0,0.0,0,0,0,0,0,0,0,0,0,0,0,14.876997057561917,85.12375548414771,0.0,0.09583333333333334,0,1,,,11311.5,11311.5,14.876997057561917,14.876997057561917
Ukwa,underground,2015-02-01,13288.3,10904.0,2384.4,0.875,88,1,3.2,0,0,0,0,0,0,0,0,0,0,0,17.943604524280758,82.05714801742887,0.0,0.12222222222222222,0,1,11311.5,,11107.75,11107.75,16.410300790921337,16.410300790921337
Ukwa,underground,2015-03-01,13288.3,12184.1,1104.3,0.91,63,0,40.9,1,0,0,0,0,0,0,0,0,0,0,8.310318099380657,91.69043444232898,40.9,0.0875,0,1,10904.0,,11466.533333333333,11466.533333333333,13.710306560407778,13.710306560407778
Ukwa,underground,2015-04-01,13288.3,11920.8,1367.5,0.885,107,1,26.9,0,0,0,0,0,0,0,0,0,0,0,10.291007879111701,89.7089921208883,0.0,0.1486111111111111,0,2,12184.1,11311.5,11669.633333333333,11580.1,12.181643500924372,12.855481890083759
Ukwa,underground,2015-05-01,13288.3,12419.8,868.6,0.92,51,0,13.1,0,0,0,0,0,0,0,0,0,0,0,6.536577289796288,93.46417525191335,0.0,0.07083333333333333,0,2,11920.8,10904.0,12174.9,11748.039999999999,8.379301089429548,11.591700970026263
Ukwa,underground,2015-06-01,13288.3,11826.5,1461.9,0.865,104,1,324.5,6,0,0,0,0,0,0,0,0,0,0,11.001407252997,88.99934528871263,54.083333333333336,0.14444444444444443,1,2,12419.8,12184.1,12055.699999999999,11761.116666666667,9.276330807301662,11.493318683854719
Ukwa,underground,2015-07-01,13288.3,11336.7,1951.7,0.9,80,0,357.1,3,0,0,0,0,0,0,0,0,0,0,14.687356546736604,85.31339599497304,119.03333333333335,0.1111111111111111,1,3,11826.5,11920.8,11861.0,11765.316666666666,10.74178036317663,11.4617119320505
Ukwa,underground,2015-08-01,13288.3,11662.3,1626.1,0.925,52,0,416.0,7,0,0,0,0,0,0,0,0,0,0,12.237080740200025,87.7636718015096,59.42857142857143,0.07222222222222222,1,3,11336.7,12419.8,11608.5,11891.699999999999,12.641948179977875,10.510624634703712
Ukwa,underground,2015-09-01,13288.3,12213.6,1074.7,0.89,96,1,160.2,3,0,0,0,0,0,0,0,0,0,0,8.08756575333188,91.91243424666813,53.4,0.13333333333333333,1,3,11662.3,11826.5,11737.533333333335,11896.616666666667,11.670667680089503,10.473499243695583
Ukwa,underground,2015-10-01,13288.3,12328.2,960.2,0.915,51,0,6.6,0,0,0,0,0,0,0,0,0,0,0,7.225905495812106,92.77484704589753,0.0,0.07083333333333333,0,4,12213.6,11336.7,12068.033333333333,11964.516666666668,9.183517329781337,9.962648846478983
Ukwa,underground,2015-11-01,13288.3,11119.6,2168.8,0.88,72,0,0.3,0,0,0,0,0,0,0,0,0,0,0,16.321124598330865,83.67962794337876,0.0,0.1,0,4,12328.2,11662.3,11887.133333333333,11747.816666666668,10.544865282491617,11.593406731234746
Ukwa,underground,2015-12-01,13288.3,10847.0,2441.3,0.875,91,1,3.2,0,0,0,0,0,0,0,0,0,0,0,18.371800757056963,81.62819924294304,0.0,0.12638888888888888,0,4,11119.6,12213.6,11431.6,11584.566666666668,13.972943617066646,12.821805648578072
Ukwa,underground,2016-01-01,12600.0,9907.0,2693.0,0.9,93,1,1.1,0,0,0,0,0,0,0,0,0,0,0,21.373015873015873,78.62698412698413,0.0,0.12916666666666668,0,1,10847.0,12328.2,10624.533333333333,11346.283333333333,18.68864707613457,13.936082202957953
Ukwa,underground,2016-02-01,12600.0,10903.2,1696.8,0.875,73,0,6.6,0,0,0,0,0,0,0,0,0,0,0,13.466666666666665,86.53333333333335,0.0,0.10138888888888889,0,1,9907.0,11119.6,10552.400000000001,11219.766666666668,17.737161098913166,14.141013190702393
Ukwa,underground,2016-03-01,12600.0,10031.8,2568.2,0.91,74,0,23.5,0,0,0,0,0,0,0,0,0,0,0,20.38253968253968,79.61746031746031,0.0,0.10277777777777777,0,1,10903.2,10847.0,10280.666666666666,10856.133333333333,18.407407407407405,16.190175512237026
Ukwa,underground,2016-04-01,12600.0,10977.2,1622.8,0.885,94,1,6.8,0,0,0,0,0,0,0,0,0,0,0,12.87936507936508,87.12063492063493,0.0,0.13055555555555556,0,2,10031.8,9907.0,10637.400000000001,10630.966666666667,15.576190476190476,17.13241877616252
Ukwa,underground,2016-05-01,12600.0,11432.5,1167.5,0.89,86,1,7.2,0,0,0,0,0,0,0,0,0,0,0,9.265873015873016,90.73412698412699,0.0,0.11944444444444445,0,2,10977.2,10903.2,10813.833333333334,10683.116666666667,14.175925925925924,15.956543512419548
Ukwa,underground,2016-06-01,12600.0,12598.5,1.5,0.925,65,0,155.9,4,0,0,0,0,0,0,0,0,0,0,0.011904761904761904,99.98809523809524,38.975,0.09027777777777778,1,2,11432.5,10031.8,11669.400000000001,10975.033333333333,7.385714285714286,12.896560846560845
Ukwa,underground,2016-07-01,12600.0,10544.5,2055.5,0.93,49,0,685.4,13,0,0,0,0,0,1,1,2,1,1,16.313492063492063,83.68650793650794,52.723076923076924,0.06805555555555555,1,3,12598.5,10977.2,11525.166666666666,11081.283333333333,8.53042328042328,12.053306878306877
Ukwa,underground,2016-08-01,12600.0,12082.9,517.1,0.925,64,0,333.3,4,0,0,0,0,0,0,0,0,0,0,4.1039682539682545,95.89603174603174,83.325,0.08888888888888889,1,3,10544.5,11432.5,11741.966666666665,11277.9,6.80978835978836,10.492857142857142
Ukwa,underground,2016-09-01,12600.0,10925.4,1674.6,0.89,97,1,250.3,2,0,0,0,0,0,0,0,0,0,0,13.29047619047619,86.7095238095238,125.15,0.13472222222222222,1,3,12082.9,12598.5,11184.266666666665,11426.833333333334,11.235978835978836,9.310846560846562
Ukwa,underground,2016-10-01,12600.0,11056.4,1543.6,0.885,84,1,44.2,0,0,0,0,0,0,0,0,0,0,0,12.25079365079365,87.74920634920635,0.0,0.11666666666666667,0,4,10925.4,10544.5,11354.9,11440.033333333333,9.881746031746031,9.206084656084656
Ukwa,underground,2016-11-01,12600.0,11723.0,877.0,0.91,64,0,0.3,0,0,0,0,0,0,0,0,0,0,0,6.96031746031746,93.03968253968254,0.0,0.08888888888888889,0,4,11056.4,12082.9,11234.933333333334,11488.449999999999,10.833862433862434,8.821825396825396
Ukwa,underground,2016-12-01,12600.0,10746.8,1853.2,0.905,62,0,0.0,0,0,0,0,0,0,0,0,0,0,0,14.707936507936509,85.29206349206349,0.0,0.08611111111111111,0,4,11723.0,10925.4,11175.4,11179.833333333334,11.306349206349205,11.27116402116402
Ukwa,underground,2017-01-01,13066.7,12281.2,785.5,0.9,75,0,1.4,0,0,0,0,0,0,0,0,0,0,0,6.0114642564687335,93.98853574353126,0.0,0.10416666666666667,0,1,10746.8,11056.4,11583.666666666666,11469.283333333333,9.226572741574236,9.554159386660134
Ukwa,underground,2017-02-01,13066.7,12023.9,1042.8,0.905,75,0,1.9,0,0,0,0,0,0,0,0,0,0,0,7.980591886245188,92.0194081137548,0.0,0.10416666666666667,0,1,12281.2,11723.0,11683.966666666667,11459.449999999999,9.566664216883476,10.200263325372957
Ukwa,underground,2017-03-01,13066.7,11199.6,1867.1,0.91,47,0,0.2,0,0,0,0,0,0,0,0,0,0,0,14.28899416072918,85.71100583927081,0.0,0.06527777777777778,0,1,12023.9,10746.8,11834.9,11505.15,9.427016767814367,10.366682987081788
Ukwa,underground,2017-04-01,13066.7,12075.2,991.5,0.855,122,1,0.3,0,0,0,0,0,0,0,0,0,0,0,7.587990846962124,92.41200915303787,0.0,0.16944444444444445,0,2,11199.6,12281.2,11766.233333333332,11674.949999999999,9.952525631312165,9.589549186443199
Ukwa,underground,2017-05-01,13066.7,11480.6,1586.1,0.89,61,0,14.8,0,0,0,0,0,0,0,0,0,0,0,12.138489442628972,87.86151055737102,0.0,0.08472222222222223,0,2,12075.2,12023.9,11585.133333333333,11634.550000000001,11.338491483440093,10.452577850161786
Ukwa,underground,2017-06-01,13066.7,11721.9,1344.7,0.925,52,0,211.9,5,0,0,0,0,0,0,0,0,0,0,10.291045175905163,89.70818951992469,42.38,0.07222222222222222,1,2,11480.6,11199.6,11759.233333333332,11797.066666666666,10.005841821832085,9.716429294823227
Ukwa,underground,2017-07-01,13066.7,12502.6,564.0,0.93,54,0,460.2,5,0,0,0,0,0,0,0,0,0,0,4.3163155196032665,95.68291917622659,92.03999999999999,0.075,1,3,11721.9,12075.2,11901.699999999999,11833.966666666667,8.915283379379133,9.43390450534565
Ukwa,underground,2017-08-01,13066.7,11533.1,1533.5,0.895,80,0,477.1,5,0,0,0,0,0,0,0,0,0,0,11.735939449134056,88.26329524669579,95.42,0.1111111111111111,1,3,12502.6,11480.6,11919.200000000003,11752.166666666666,8.781100048214162,10.059795765827127
Ukwa,underground,2017-09-01,13066.7,12098.1,968.6,0.92,58,0,181.8,2,0,0,0,0,0,0,0,0,0,0,7.412736191999509,92.58726380800049,90.9,0.08055555555555556,1,3,11533.1,11721.9,12044.6,11901.916666666666,7.821663720245611,8.913752771038848
Ukwa,underground,2017-10-01,13066.7,13028.7,38.0,0.915,67,0,77.4,0,0,0,0,0,0,0,0,0,0,0,0.2908155846541208,99.70918441534587,0.0,0.09305555555555556,0,4,12098.1,12502.6,12219.966666666667,12060.833333333334,6.4798304085958955,7.697556893987514
Ukwa,underground,2017-11-01,13066.7,11573.8,1492.8,0.88,84,1,1.1,0,0,0,0,0,0,0,0,0,0,0,11.424460651886092,88.57477404394376,0.0,0.11666666666666667,0,4,13028.7,11533.1,12233.533333333333,12076.366666666667,6.376004142846573,7.578552095530367
Ukwa,underground,2017-12-01,13066.7,12200.1,866.5,0.905,57,0,0.0,0,0,0,0,0,0,0,0,0,0,0,6.631360634284096,93.36787406154576,0.0,0.07916666666666666,0,4,11573.8,12098.1,12267.533333333335,12156.066666666668,6.115545623608102,6.968604671926857
Ukwa,underground,2018-01-01,13883.3,12307.3,1576.0,0.87,89,1,0.0,0,0,0,0,0,0,0,0,0,0,0,11.351767951423653,88.64823204857635,0.0,0.12361111111111112,0,1,12200.1,13028.7,12027.066666666666,12123.516666666668,9.802529745864613,8.141180077230254
Ukwa,underground,2018-02-01,13883.3,11762.0,2121.3,0.845,104,1,21.5,0,0,0,0,0,0,0,0,0,0,0,15.279508474210024,84.72049152578998,0.0,0.14444444444444443,0,1,12307.3,11573.8,12089.800000000001,12161.666666666666,11.087545686639258,8.731774914742916
Ukwa,underground,2018-03-01,13883.3,12833.5,1049.9,0.91,57,0,2.8,0,0,0,0,0,0,0,0,0,0,0,7.562323078806912,92.43839721103772,0.0,0.07916666666666666,0,1,11762.0,12200.1,12300.933333333334,12284.233333333332,11.397866501480197,8.756706062544149
Ukwa,underground,2018-04-01,13883.3,11867.5,2015.8,0.855,101,1,16.8,0,0,0,0,0,0,0,0,0,0,0,14.519602688121699,85.4803973118783,0.0,0.14027777777777778,0,2,12833.5,12307.3,12154.333333333334,12090.699999999999,12.453811413712879,11.128170579788746
Ukwa,underground,2018-05-01,13883.3,12771.8,1111.6,0.92,60,0,12.6,0,0,0,0,0,0,0,0,0,0,0,8.00674191294577,91.99397837689887,0.0,0.08333333333333333,0,2,11867.5,11762.0,12490.933333333334,12290.366666666667,10.02955589329146,10.55855078996536
Ukwa,underground,2018-06-01,13883.3,12180.0,1703.4,0.865,101,1,197.0,4,0,0,0,0,0,0,0,0,0,0,12.269417213486708,87.73130307635793,49.25,0.14027777777777778,1,2,12771.8,12833.5,12273.1,12287.016666666665,11.598587271518058,11.498226886499127
Ukwa,underground,2018-07-01,13883.3,12731.3,1152.0,0.93,56,0,534.8,8,0,0,0,0,0,0,0,0,0,1,8.297739010177697,91.7022609898223,66.85,0.07777777777777778,1,3,12180.0,11867.5,12561.033333333333,12357.683333333334,9.524632712203392,10.989222062958135
Ukwa,underground,2018-08-01,13883.3,13006.6,876.7,0.895,79,0,517.1,5,0,0,0,0,0,0,0,0,0,1,6.314781067901724,93.68521893209828,103.42,0.10972222222222222,1,3,12731.3,12771.8,12639.300000000001,12565.116666666667,8.960645763855377,9.495100828573419
Ukwa,underground,2018-09-01,13883.3,12484.4,1398.9,0.92,51,0,131.2,3,0,0,0,0,0,0,0,0,0,0,10.07613463657776,89.92386536342224,43.73333333333333,0.07083333333333333,1,3,13006.6,12180.0,12740.766666666668,12506.933333333334,8.229551571552394,9.914069421535226
Ukwa,underground,2018-10-01,13883.3,10697.9,3185.4,0.885,91,1,0.7,0,0,0,0,0,0,0,0,0,0,0,22.94411271095489,77.05588728904512,0.0,0.12638888888888888,0,4,12484.4,12731.3,12062.966666666667,12312.0,13.111676138478126,11.318154425340758
Ukwa,underground,2018-11-01,13883.3,11929.7,1953.6,0.91,57,0,0.4,0,0,0,0,0,0,0,0,0,0,0,14.071582404759674,85.92841759524033,0.0,0.07916666666666666,0,4,10697.9,13006.6,11704.0,12171.65,15.697276584097443,12.32896117397641
Ukwa,underground,2018-12-01,13883.3,12134.9,1748.4,0.905,58,0,29.7,1,0,0,0,0,0,0,0,0,0,0,12.593547643571776,87.40645235642823,29.7,0.08055555555555556,0,4,11929.7,12484.4,11587.5,12164.133333333331,16.536414253095447,12.38298291232392
Ukwa,underground,2019-01-01,14350.0,12588.1,1761.9,0.9,60,0,32.6,1,0,0,0,0,0,0,0,0,0,0,12.278048780487806,87.72195121951219,32.6,0.08333333333333333,0,1,12134.9,10697.9,12217.566666666666,12140.266666666668,12.981059609606419,13.04636787404227
Ukwa,underground,2019-02-01,14350.0,12599.7,1750.3,0.905,68,0,4.6,0,0,0,0,0,0,0,0,0,0,0,12.197212543554006,87.802787456446,0.0,0.09444444444444444,0,1,12588.1,11929.7,12440.900000000001,12072.449999999999,12.356269655871197,14.026773119984318
Ukwa,underground,2019-03-01,14350.0,11997.7,2352.3,0.82,128,1,28.7,1,0,0,0,0,0,0,0,0,0,0,16.392334494773518,83.60766550522648,28.7,0.17777777777777778,0,1,12599.7,12134.9,12395.166666666666,11991.333333333334,13.62253193960511,15.079473096350277
Ukwa,underground,2019-04-01,14350.0,12409.8,1940.2,0.915,68,0,0.9,0,0,0,0,0,0,0,0,0,0,0,13.520557491289198,86.47944250871079,0.0,0.09444444444444444,0,2,11997.7,12588.1,12335.733333333335,12276.65,14.03670150987224,13.50888055973933
Ukwa,underground,2019-05-01,14350.0,13721.3,628.7,0.89,88,1,0.1,0,0,0,0,0,0,0,0,0,0,0,4.3811846689895475,95.61881533101044,0.0,0.12222222222222222,0,2,12409.8,12599.7,12709.599999999999,12575.25,11.431358885017422,11.893814270444308
Ukwa,underground,2019-06-01,14350.0,13435.5,914.5,0.895,65,0,142.3,2,0,0,0,0,0,0,0,0,0,0,6.372822299651568,93.62717770034843,71.15,0.09027777777777778,1,2,13721.3,11997.7,13188.866666666667,12792.016666666668,8.091521486643439,10.857026713124272
Ukwa,underground,2019-07-01,14350.0,11543.0,2807.0,0.93,49,0,487.7,12,0,0,0,0,0,0,1,1,1,0,19.5609756097561,80.4390243902439,40.641666666666666,0.06805555555555555,1,3,13435.5,12409.8,12899.933333333332,12617.833333333334,10.10499419279907,12.070847851335657
Ukwa,underground,2019-08-01,14350.0,13799.1,550.9,0.925,46,0,523.5,9,0,0,0,0,0,0,0,0,0,1,3.8390243902439023,96.16097560975611,58.166666666666664,0.06388888888888888,1,3,11543.0,13721.3,12925.866666666669,12817.733333333332,9.924274099883856,10.677816492450638
Ukwa,underground,2019-09-01,14350.0,12533.9,1816.1,0.86,98,1,566.1,10,0,0,0,0,0,0,0,0,0,1,12.65574912891986,87.34425087108013,56.61,0.1361111111111111,1,3,13799.1,13435.5,12625.333333333334,12907.1,12.018583042973285,10.055052264808362
Ukwa,underground,2019-10-01,14350.0,13072.0,1278.0,0.915,67,0,52.4,0,0,0,0,0,0,0,0,0,0,0,8.905923344947734,91.09407665505228,0.0,0.09305555555555556,0,4,12533.9,11543.0,13135.0,13017.466666666667,8.466898954703831,9.28594657375145
Ukwa,underground,2019-11-01,14350.0,12703.9,1646.1,0.91,71,0,0.3,0,0,0,0,0,0,0,0,0,0,0,11.471080139372821,88.52891986062717,0.0,0.09861111111111111,0,4,13072.0,13799.1,12769.933333333334,12847.9,11.010917537746804,10.467595818815331
Ukwa,underground,2019-12-01,14350.0,13648.5,701.5,0.905,77,0,21.7,0,0,0,0,0,0,0,0,0,0,0,4.888501742160279,95.11149825783973,0.0,0.10694444444444444,0,4,12703.9,12533.9,13141.466666666665,12883.4,8.421835075493611,10.220209059233449
Ukwa,underground,2020-01-01,12250.0,11029.3,1220.7,0.87,90,1,37.5,0,0,0,0,0,0,0,0,0,0,0,9.964897959183675,90.03510204081631,0.0,0.125,0,1,13648.5,13072.0,12460.566666666666,12797.783333333333,8.774826613572259,8.620862784138046
Ukwa,underground,2020-02-01,12250.0,10163.2,2086.8,0.845,105,1,27.0,0,0,0,0,0,0,0,0,0,0,0,17.035102040816327,82.96489795918369,0.0,0.14583333333333334,0,1,11029.3,12703.9,11613.666666666666,12191.799999999997,10.629500580720093,10.820209059233449
Ukwa,underground,2020-03-01,12250.0,11751.1,498.9,0.88,55,0,48.3,0,0,0,0,0,0,0,0,0,0,0,4.072653061224489,95.92734693877551,0.0,0.0763888888888889,0,1,10163.2,13648.5,10981.199999999999,12061.333333333334,10.357551020408163,9.389693047950887
Ukwa,underground,2020-04-01,12250.0,10300.4,1949.6,0.885,90,1,6.4,0,0,0,0,0,0,0,0,0,0,0,15.915102040816326,84.08489795918366,0.0,0.125,0,2,11751.1,11029.3,10738.233333333334,11599.4,12.34095238095238,10.55788949726232
Ukwa,underground,2020-05-01,12250.0,11130.1,1119.9,0.89,74,0,0.7,0,0,0,0,0,0,0,0,0,0,0,9.142040816326531,90.85795918367347,0.0,0.10277777777777777,0,2,10300.4,10163.2,11060.533333333333,11337.1,9.709931972789116,10.169716276754604
Ukwa,underground,2020-06-01,12250.0,9157.7,3092.3,0.895,88,1,351.4,5,0,0,0,0,0,0,0,0,0,0,25.243265306122453,74.75673469387756,70.28,0.12222222222222222,1,2,11130.1,11751.1,10196.066666666668,10588.633333333333,16.766802721088435,13.562176870748301
Ukwa,underground,2020-07-01,12250.0,11897.1,352.9,0.93,50,0,322.6,6,0,0,0,0,0,0,0,0,0,0,2.880816326530612,97.1191836734694,53.76666666666667,0.06944444444444445,1,3,9157.7,10300.4,10728.300000000001,10733.266666666666,12.42204081632653,12.381496598639457
Ukwa,underground,2020-08-01,12250.0,11633.3,616.7,0.925,47,0,726.2,13,0,0,0,0,0,1,1,2,1,1,5.034285714285715,94.96571428571427,55.861538461538466,0.06527777777777778,1,3,11897.1,11130.1,10896.033333333335,10978.283333333333,11.052789115646261,10.381360544217687
Ukwa,underground,2020-09-01,12250.0,10314.3,1935.7,0.92,56,0,218.8,4,0,0,0,0,0,0,0,0,0,0,15.801632653061226,84.19836734693877,54.7,0.07777777777777778,1,3,11633.3,9157.7,11281.566666666666,10738.816666666668,7.905578231292519,12.33619047619048
Ukwa,underground,2020-10-01,12250.0,10830.9,1419.1,0.915,58,0,67.8,0,0,0,0,0,0,0,0,0,0,0,11.584489795918367,88.41551020408163,0.0,0.08055555555555556,0,4,10314.3,11897.1,10926.166666666666,10827.233333333334,10.806802721088436,11.614421768707485
Ukwa,underground,2020-11-01,12250.0,11641.8,608.2,0.91,80,0,4.4,0,0,0,0,0,0,0,0,0,0,0,4.9648979591836735,95.03510204081633,0.0,0.1111111111111111,0,4,10830.9,11633.3,10929.0,10912.516666666666,10.783673469387756,10.918231292517008
Ukwa,underground,2020-12-01,12250.0,9839.2,2410.8,0.905,57,0,0.4,0,0,0,0,0,0,0,0,0,0,0,19.68,80.32000000000001,0.0,0.07916666666666666,0,4,11641.8,10314.3,10770.633333333333,11026.099999999999,12.076462585034013,9.991020408163266
Ukwa,underground,2021-01-01,14933.3,11979.0,2954.4,0.84,112,1,5.3,0,0,0,0,0,0,0,0,0,0,0,19.783972732081992,80.2166969122699,0.0,0.15555555555555556,0,1,9839.2,10830.9,11153.333333333334,11039.75,14.809623563755222,12.80821314242183
Ukwa,underground,2021-02-01,14933.3,11910.3,3023.1,0.845,111,1,9.2,0,0,0,0,0,0,0,0,0,0,0,20.244018401826793,79.7566512425251,0.0,0.15416666666666667,0,1,11979.0,11641.8,11242.833333333334,11085.916666666666,19.902663711302928,15.343168590345343
Ukwa,underground,2021-03-01,14933.3,12620.6,2312.7,0.88,74,0,0.7,0,0,0,0,0,0,0,0,0,0,0,15.48686492603778,84.51313507396222,0.0,0.10277777777777777,0,1,11910.3,9839.2,12169.966666666665,11470.300000000001,18.504952019982188,15.290707302508102
Ukwa,underground,2021-04-01,14933.3,14536.4,396.9,0.915,63,0,0.4,0,0,0,0,0,0,0,0,0,0,0,2.65781843263043,97.34218156736956,0.0,0.0875,0,2,12620.6,11979.0,13022.433333333332,12087.883333333333,12.796233920165001,13.80292874196011
Ukwa,underground,2021-05-01,14933.3,13785.4,1148.0,0.92,71,0,32.0,0,0,0,0,0,0,0,0,0,0,0,7.687517159636517,92.31315248471536,0.0,0.09861111111111111,0,2,14536.4,11910.3,13647.466666666667,12445.15,8.610733506101576,14.256698608702251
Ukwa,underground,2021-06-01,14933.3,14119.4,814.0,0.925,55,0,315.2,5,0,0,0,0,0,0,0,0,0,0,5.450905024341572,94.54976462001031,63.04,0.0763888888888889,1,2,13785.4,12620.6,14147.066666666666,13158.516666666665,5.265413538869506,11.885182779425847
Ukwa,underground,2021-07-01,14933.3,13471.8,1461.5,0.9,69,0,341.1,7,0,0,0,0,0,0,0,0,0,0,9.786852202795096,90.21314779720491,48.728571428571435,0.09583333333333334,1,3,14119.4,14536.4,13792.199999999999,13407.316666666666,7.641758128924394,10.218996024544698
Ukwa,underground,2021-08-01,14933.3,13603.0,1330.3,0.925,47,0,258.4,4,0,0,0,0,0,0,0,0,0,0,8.908278813122351,91.09172118687765,64.6,0.06527777777777778,1,3,13471.8,13785.4,13731.4,13689.433333333332,8.04867868008634,8.329706093093959
Ukwa,underground,2021-09-01,14933.3,13387.4,1546.0,0.89,82,1,369.1,5,0,0,0,0,0,0,0,0,0,0,10.35270168013768,89.6479679642142,73.82000000000001,0.11388888888888889,1,3,13603.0,14119.4,13487.4,13817.233333333332,9.682610898685041,7.474012218777275
Ukwa,underground,2021-10-01,14933.3,13407.8,1525.5,0.915,75,0,46.4,0,0,0,0,0,0,0,0,0,0,0,10.215424588001314,89.78457541199869,0.0,0.10416666666666667,0,4,13387.4,13471.8,13466.066666666666,13629.133333333331,9.825468360420446,8.733613244672421
Ukwa,underground,2021-11-01,14933.3,13514.9,1418.4,0.91,66,0,22.5,0,0,0,0,0,0,0,0,0,0,0,9.498235487132785,90.50176451286723,0.0,0.09166666666666666,0,4,13407.8,13603.0,13436.699999999999,13584.050000000001,10.022120585090592,9.035399632588467
Ukwa,underground,2021-12-01,14933.3,12593.5,2339.8,0.845,121,1,33.1,1,0,0,0,0,0,0,0,0,0,0,15.66833854539854,84.33166145460147,33.1,0.16805555555555557,0,4,13514.9,13387.4,13172.066666666666,13329.733333333335,11.793999540177547,10.738305219431295
Ukwa,underground,2022-01-01,16333.3,14330.6,2002.8,0.87,82,1,13.6,0,0,0,0,0,0,0,0,0,0,0,12.262065840950696,87.73854640519674,0.0,0.11388888888888889,0,1,12593.5,13407.8,13479.666666666666,13472.866666666667,12.476213291160674,11.15084082579056
Ukwa,underground,2022-02-01,16333.3,13165.8,3167.6,0.875,102,1,4.7,0,0,0,0,0,0,0,0,0,0,0,19.39350896634483,80.6071032798026,0.0,0.14166666666666666,0,1,14330.6,13514.9,13363.299999999997,13400.0,15.774637784231354,12.898379184660973
Ukwa,underground,2022-03-01,16333.3,14309.7,2023.6,0.85,107,1,0.4,0,0,0,0,0,0,0,0,0,0,0,12.389413039618448,87.61058696038157,0.0,0.1486111111111111,0,1,13165.8,12593.5,13935.366666666667,13553.716666666667,14.68166261563799,13.237831077907769
Ukwa,underground,2022-04-01,16333.3,13722.3,2611.0,0.855,90,1,0.0,0,0,0,0,0,0,0,0,0,0,0,15.98574690968757,84.01425309031242,0.0,0.125,0,2,14309.7,14330.6,13732.6,13606.133333333333,15.92288963855028,14.199551464855476
Ukwa,underground,2022-05-01,16333.3,15871.3,462.0,0.89,78,0,7.8,0,0,0,0,0,0,0,0,0,0,0,2.8285772011779615,97.17142279882204,0.0,0.10833333333333334,0,2,13722.3,13165.8,14634.433333333334,13998.866666666667,10.401245716827994,13.087941750529673
Ukwa,underground,2022-06-01,16333.3,14789.7,1543.6,0.925,57,0,183.6,4,0,0,0,0,0,0,0,0,0,0,9.450631531901085,90.54936846809892,45.9,0.07916666666666666,1,2,15871.3,14309.7,14794.433333333334,14364.9,9.421651880922207,12.0516572482801
Ukwa,underground,2022-07-01,16333.3,13586.4,2747.0,0.9,63,0,602.1,14,0,0,0,0,0,0,1,1,1,1,16.818401670207493,83.18221057593995,43.00714285714286,0.0875,1,3,14789.7,13722.3,14749.133333333333,14240.866666666667,9.69920346776218,12.811046553156231
Ukwa,underground,2022-08-01,16333.3,14623.3,1710.0,0.925,41,0,497.3,9,0,0,0,0,0,0,0,0,0,0,10.469409121243105,89.5305908787569,55.25555555555556,0.05694444444444444,1,3,13586.4,15871.3,14333.133333333333,14483.783333333333,12.246147441117229,11.32369657897261
Ukwa,underground,2022-09-01,16333.3,14067.9,2265.4,0.86,126,1,305.1,4,0,0,0,0,0,0,0,0,0,0,13.869824224131072,86.13017577586893,76.275,0.175,1,3,14623.3,14789.7,14092.533333333333,14443.483333333332,13.719211671860556,11.57043177639138
Ukwa,underground,2022-10-01,16333.3,14058.1,2275.2,0.885,100,1,139.2,3,0,0,0,0,0,0,0,0,0,0,13.9298243465803,86.07017565341971,46.4,0.1388888888888889,0,4,14067.9,13586.4,14249.766666666665,14499.449999999999,12.756352563984827,11.227778015873504
Ukwa,underground,2022-11-01,16333.3,16285.0,48.4,0.91,55,0,0.0,0,0,0,0,0,0,0,0,0,0,0,0.29632713536150074,99.70428511078595,0.0,0.0763888888888889,0,4,14058.1,14623.3,14803.666666666666,14568.4,9.365325235357625,10.805736338237425
Ukwa,underground,2022-12-01,16333.3,14434.0,1899.3,0.845,143,1,4.6,0,0,0,0,0,1,0,0,1,1,0,11.62839107834914,88.37160892165087,0.0,0.1986111111111111,0,4,16285.0,14067.9,14925.699999999999,14509.116666666667,8.618180853430314,11.168696262645435
Ukwa,underground,2023-01-01,18083.3,15357.9,2725.4,0.9,59,0,1.5,0,0,0,0,0,0,0,0,0,0,0,15.071364186846429,84.92863581315358,0.0,0.08194444444444444,0,1,14434.0,14058.1,15358.966666666667,14804.366666666669,8.998694133519024,10.877523348751927
Ukwa,underground,2023-02-01,18083.3,14032.5,4050.8,0.755,178,1,0.0,0,0,0,1,1,1,0,0,3,1,0,22.400778618946767,77.59922138105324,0.0,0.24722222222222223,0,1,15357.9,16285.0,14608.133333333333,14705.9,16.366844628047446,12.866084931702536
Ukwa,underground,2023-03-01,18083.3,15244.3,2839.0,0.85,104,1,18.1,0,0,0,0,0,0,0,0,0,0,0,15.69956810980297,84.30043189019703,0.0,0.14444444444444443,0,1,14032.5,14434.0,14878.233333333332,14901.966666666667,17.723903638532054,13.171042245981184
Ukwa,underground,2023-04-01,18083.3,16740.4,1342.9,0.915,60,0,49.5,1,0,0,0,0,0,0,0,0,0,0,7.426188804034663,92.57381119596535,49.5,0.08333333333333333,0,2,15244.3,15357.9,15339.066666666666,15349.016666666668,15.175511844261466,12.087102988890244
Ukwa,underground,2023-05-01,18083.3,14588.4,3495.0,0.89,80,0,25.8,0,0,0,0,0,0,0,0,0,0,0,19.327224566312566,80.6733284300985,0.0,0.1111111111111111,0,2,16740.4,14032.5,15524.366666666667,15066.25,14.150993826716734,15.258919227382089
Ukwa,underground,2023-06-01,18083.3,14443.1,3640.2,0.895,58,0,284.4,4,0,0,0,0,0,0,0,0,0,0,20.130175355161946,79.86982464483806,71.1,0.08055555555555556,1,2,14588.4,15244.3,15257.300000000001,15067.766666666668,15.62786290850306,16.675883273517556
Ukwa,underground,2023-07-01,18083.3,15168.0,2915.3,0.87,103,1,544.3,12,0,0,0,0,0,0,1,1,1,1,16.121504371436632,83.87849562856337,45.35833333333333,0.14305555555555555,1,3,14443.1,16740.4,14733.166666666666,15036.116666666669,18.52630143097038,16.850906637615925
Ukwa,underground,2023-08-01,18083.3,16864.0,1219.3,0.865,95,1,375.8,6,0,0,0,0,0,0,0,0,0,0,6.742685239972793,93.25731476002721,62.63333333333333,0.13194444444444445,1,3,15168.0,14588.4,15491.699999999999,15508.033333333335,14.331454988857123,14.241224407786929
Ukwa,underground,2023-09-01,18083.3,15968.6,2114.7,0.92,50,0,332.6,6,0,0,0,0,0,0,0,0,0,0,11.694215104543972,88.30578489545603,55.43333333333334,0.06944444444444445,1,3,16864.0,14443.1,16000.199999999999,15628.75,11.519468238651134,13.573665573577095
Ukwa,underground,2023-10-01,18083.3,16740.8,1342.5,0.885,89,1,1.2,0,0,0,0,0,0,0,0,0,0,0,7.423976818390448,92.57602318160954,0.0,0.12361111111111112,0,4,15968.6,15168.0,16524.466666666667,15628.816666666666,8.620292387635738,13.57329690930306
Ukwa,underground,2023-11-01,18083.3,14612.0,3471.3,0.88,87,1,21.9,0,0,0,0,0,0,0,0,0,0,0,19.196164416892934,80.80383558310706,0.0,0.12083333333333333,0,4,16740.8,16864.0,15773.800000000001,15632.75,12.771452113275785,13.551453551066453
Ukwa,underground,2023-12-01,18083.3,15344.8,2738.6,0.905,68,0,16.2,0,0,0,0,0,0,0,0,0,0,0,15.144359713105462,84.85619328330559,0.0,0.09444444444444444,0,4,14612.0,15968.6,15565.866666666669,15783.033333333333,13.921500316129615,12.720484277390375
Ukwa,underground,2024-01-01,20486.7,19764.3,722.3,0.9,75,0,21.2,0,0,0,0,0,0,0,0,0,0,0,3.52570204083625,96.47380983760195,0.0,0.10416666666666667,0,1,15344.8,16740.8,16573.7,16549.083333333332,12.622075390278214,10.621183888956976
Ukwa,underground,2024-02-01,20486.7,17029.5,3457.2,0.845,123,1,37.5,0,0,0,0,0,0,0,0,0,0,0,16.87533863433349,83.12466136566651,0.0,0.17083333333333334,0,1,19764.3,14612.0,17379.533333333333,16576.666666666668,11.848466796091735,12.309959454683758
Ukwa,underground,2024-03-01,20486.7,20000.6,486.0,0.88,90,1,39.2,1,0,0,0,0,0,0,0,0,0,0,2.3722707903176206,97.62724108812057,39.2,0.125,0,1,17029.5,15344.8,18931.466666666667,17248.666666666668,7.591103821829122,10.756302068979368
Ukwa,underground,2024-04-01,20486.7,17356.7,3129.9,0.885,81,1,49.8,0,0,0,0,0,0,0,0,0,0,0,15.277716762582552,84.72179511585566,0.0,0.1125,0,2,20000.6,19764.3,18128.933333333334,17351.316666666666,11.50844206241122,12.065258726344718
Ukwa,underground,2024-05-01,20486.7,16932.1,3554.6,0.89,86,1,46.3,0,0,0,0,0,0,0,0,0,0,0,17.350769035520607,82.64923096447939,0.0,0.11944444444444445,0,2,17356.7,17029.5,18096.466666666664,17738.0,11.666918862806925,11.757692829449331
Ukwa,underground,2024-06-01,20486.7,16556.3,3930.4,0.925,65,0,225.7,3,0,0,1,0,0,0,0,1,1,0,19.185129864741516,80.81487013525847,75.23333333333333,0.09027777777777778,1,2,16932.1,20000.6,16948.366666666665,17939.916666666668,17.27120522094822,12.431154521388672
Ukwa,underground,2024-07-01,20486.7,17372.8,3113.9,0.93,43,0,674.1,14,0,0,0,0,0,1,1,2,1,1,15.199617312695555,84.80038268730445,48.15,0.059722222222222225,1,3,16556.3,17356.7,16953.733333333334,17541.333333333332,17.24517207098589,14.376807066698555
Ukwa,underground,2024-08-01,20486.7,15983.5,4503.2,0.865,93,1,485.3,12,0,0,1,0,0,0,1,2,1,0,21.981090170696106,78.01890982930388,40.44166666666667,0.12916666666666668,1,3,17372.8,16932.1,16637.533333333336,17367.0,18.788612449377727,15.227765656092325
Ukwa,underground,2024-09-01,20486.7,17992.9,2493.7,0.92,47,0,357.9,3,0,0,0,0,0,0,0,0,0,0,12.17228738645072,87.8272244919875,119.3,0.06527777777777778,1,3,15983.5,16556.3,17116.399999999998,17032.383333333335,16.45099828994746,16.861101755447844
Ukwa,underground,2024-10-01,20486.7,18423.3,2063.3,0.885,90,1,37.5,0,0,0,0,0,0,0,0,0,0,0,10.071412184490427,89.92809969394777,0.0,0.125,0,4,17992.9,17372.8,17466.566666666666,17210.149999999998,14.741596580545751,15.993384325765822
Ukwa,underground,2024-11-01,20486.7,18060.6,2426.0,0.91,61,0,0.0,0,0,0,0,0,0,0,0,0,0,0,11.841829089116352,88.15768278932184,0.0,0.08472222222222223,0,4,18423.3,15983.5,18158.93333333333,17398.233333333334,11.361842886685833,15.07522766803178
Ukwa,underground,2024-12-01,20486.7,17887.2,2599.5,0.875,85,1,4.7,0,0,0,0,0,0,0,0,0,0,0,12.688719998828507,87.31128000117148,0.0,0.11805555555555555,0,4,18060.6,17992.9,18123.699999999997,17620.05,11.533987090811763,13.992492690379612
Ukwa,underground,2025-01-01,21035.0,19779.3,1255.7,0.9,69,0,0.5,0,0,0,0,0,0,0,0,0,0,0,5.969574518659377,94.03042548134061,0.0,0.09583333333333334,0,1,17887.2,18423.3,18575.7,18021.133333333335,10.166707868868079,12.454152224706917
Ukwa,underground,2025-02-01,21035.0,16055.3,4979.7,0.845,121,1,0.0,0,0,0,1,0,0,0,0,1,1,0,23.673401473734252,76.32659852626574,0.0,0.16805555555555557,0,1,19779.3,18060.6,17907.266666666666,18033.100000000002,14.110565330407377,12.736204108546607
Ukwa,underground,2025-03-01,21035.0,15730.9,5304.1,0.91,65,0,0.1,0,0,0,1,0,0,0,0,1,1,0,25.215593059187068,74.78440694081293,0.0,0.09027777777777778,0,1,16055.3,17887.2,17188.5,17656.1,18.286189683860233,14.910088387335998
Ukwa,underground,2025-04-01,21035.0,20485.7,549.3,0.885,75,0,2.5,0,0,1,0,0,0,0,0,1,1,0,2.6113620156881385,97.38863798431187,0.0,0.10416666666666667,0,2,15730.9,19779.3,17423.966666666667,17999.833333333332,17.166785516203152,13.666746692535616
Ukwa,underground,2025-05-01,21035.0,16739.7,4295.3,0.8,148,1,32.2,0,0,0,1,1,1,0,0,3,1,0,20.419776562871405,79.5802234371286,0.0,0.20555555555555555,0,2,20485.7,16055.3,17652.100000000002,17779.683333333334,16.08224387924887,15.096404604828125
Ukwa,underground,2025-06-01,21035.0,19593.7,1441.3,0.925,46,0,248.8,4,0,0,0,0,0,0,0,0,0,0,6.851913477537437,93.14808652246256,62.2,0.06388888888888888,1,2,16739.7,15730.9,18939.7,18064.100000000002,9.961017352032327,14.123603517946279
Ukwa,underground,2025-07-01,21035.0,18148.8,2886.2,0.93,58,0,694.8,11,0,0,0,0,0,1,1,2,1,1,13.720941288328975,86.27905871167101,63.16363636363636,0.08055555555555556,1,3,19593.7,20485.7,18160.733333333334,17792.350000000002,13.664210442912605,15.415497979557879
Ukwa,underground,2025-08-01,21035.0,19434.8,1600.2,0.925,49,0,355.4,8,0,0,0,0,0,0,0,0,0,0,7.607321131447588,92.39267886855241,44.425,0.06805555555555555,1,3,18148.8,16739.7,19059.100000000002,18355.600000000002,9.393391965771334,12.737817922510102
Ukwa,underground,2025-09-01,21035.0,17786.5,3248.5,0.92,51,0,296.4,5,0,0,0,0,0,0,0,0,0,0,15.443308771095793,84.55669122890421,59.279999999999994,0.07083333333333333,1,3,19434.8,19593.7,18456.7,18698.2,12.257190396957453,11.10910387449489
Ukwa,underground,2025-10-01,21035.0,17138.7,3896.3,0.885,76,0,99.2,0,0,0,1,0,0,0,0,1,1,0,18.522937960541956,81.47706203945805,0.0,0.10555555555555556,0,4,17786.5,18148.8,18120.0,18140.366666666665,13.85785595436178,13.761033198637191
Ukwa,underground,2025-11-01,21035.0,17342.4,3692.6,0.88,78,0,1.4,0,0,0,0,0,0,0,0,0,0,0,17.554551937247446,82.44544806275256,0.0,0.10833333333333334,0,4,17138.7,19434.8,17422.533333333336,18240.816666666666,17.173599556295063,13.2834957610332
Ukwa,underground,2025-12-01,21035.0,16913.9,4121.1,0.875,86,1,0.0,0,0,0,1,0,0,0,0,1,1,0,19.59163299263133,80.40836700736868,0.0,0.11944444444444445,0,4,17342.4,17786.5,17131.666666666668,17794.183333333334,18.556374296806908,15.406782346882181
