lat,lon,label,type,B2,B3,B4,B8,B11,B12,elevation,slope,aspect,iron_oxide_index,swir_nir_ratio,clay_alteration_idx,ferrous_iron_idx,ndvi,in_gondite_formation,dist_to_gondite_km,deposit_probability,risk_category
21.1,79.2,0,Grid Point,0.0724,0.099,0.1136,0.1969,0.227,0.1892,273.0,2.1036,208.1883,1.5687,1.1529,1.1995,0.9611,0.2681,0,15.6087,0.4184,Moderate Potential
21.1,79.215,0,Grid Point,0.0637,0.0826,0.0961,0.1877,0.2358,0.1858,274.0,2.9521,340.3388,1.5086,1.256,1.2688,0.9899,0.3228,0,14.0811,0.6124,Moderate Potential
21.1,79.23,0,Grid Point,0.0679,0.0894,0.1062,0.1802,0.2186,0.1682,278.0,1.3594,226.9866,1.5633,1.2128,1.2993,0.9334,0.2586,0,12.5578,0.5243,Moderate Potential
21.1,79.245,0,Grid Point,0.0743,0.0964,0.1183,0.1832,0.2232,0.1851,273.0,3.7048,0.0,1.5922,1.2184,1.2056,1.0106,0.2151,0,11.0405,0.5057,Moderate Potential
21.1,79.26,0,Grid Point,0.0599,0.085,0.0837,0.211,0.1863,0.1383,273.0,1.8543,180.0,1.3973,0.8834,1.3474,0.6556,0.4319,0,9.5321,0.3078,Low Potential
21.1,79.275,0,Grid Point,0.0571,0.087,0.0822,0.2814,0.2005,0.1432,269.0,1.3594,133.0134,1.4396,0.7125,1.3997,0.5091,0.5479,0,8.0377,0.2569,Low Potential
21.1,79.29,0,Grid Point,0.06,0.0804,0.0856,0.247,0.2066,0.1363,272.0,1.3594,313.0134,1.4255,0.8361,1.5154,0.5517,0.4853,0,6.5666,0.1508,Low Potential
21.1,79.305,0,Grid Point,0.0664,0.0912,0.1034,0.2178,0.2331,0.167,276.0,0.994,90.0,1.5568,1.0705,1.3958,0.7669,0.3559,0,5.1392,0.3086,Low Potential
21.1,79.32,0,Grid Point,0.0576,0.0775,0.0718,0.2362,0.1802,0.1202,268.0,0.9274,0.0,1.2485,0.763,1.4996,0.5088,0.5336,0,3.8048,0.1914,Low Potential
21.1,79.335,0,Grid Point,0.0546,0.0814,0.0802,0.2594,0.217,0.1416,270.0,0.994,270.0,1.4679,0.8364,1.5319,0.546,0.528,0,2.7047,0.1402,Low Potential
21.1,79.35,0,Grid Point,0.0908,0.1315,0.1436,0.2376,0.2479,0.2036,268.0,1.8543,0.0,1.582,1.0434,1.2176,0.8569,0.2464,0,2.22,0.2649,Low Potential
21.1,79.365,0,Grid Point,0.0527,0.0772,0.0734,0.2539,0.1948,0.1236,271.0,1.3594,226.9866,1.3928,0.7674,1.5771,0.4866,0.5515,0,2.7047,0.1694,Low Potential
21.1,79.38,0,Grid Point,0.0606,0.0826,0.095,0.2221,0.24,0.1641,267.0,1.3594,313.0134,1.569,1.0808,1.4628,0.7389,0.4008,0,3.8048,0.1573,Low Potential
21.1,79.395,0,Grid Point,0.0442,0.0674,0.0598,0.3097,0.189,0.1061,269.0,1.8543,180.0,1.3518,0.6101,1.7809,0.3426,0.6765,0,5.1392,0.3198,Low Potential
21.1,79.41,0,Grid Point,0.0741,0.0967,0.11,0.2276,0.2514,0.1963,260.0,1.3594,313.0134,1.4835,1.1048,1.2807,0.8627,0.3482,0,6.5666,0.3447,Low Potential
21.1,79.425,0,Grid Point,0.1013,0.1363375,0.18015,0.3028,0.3243,0.2688,250.0,0.994,270.0,1.5787,1.0712,1.2062,0.888,0.1655,0,8.0377,0.2839,Low Potential
21.1,79.44,0,Grid Point,0.0726,0.1031,0.1228,0.2568,0.2902,0.2168,261.0,4.072,46.9866,1.6915,1.1299,1.3386,0.844,0.353,0,9.5321,0.3703,Moderate Potential
21.1,79.455,0,Grid Point,0.052,0.0694,0.0766,0.1886,0.2568,0.1768,259.0,0.994,270.0,1.4745,1.3617,1.4522,0.9377,0.4222,0,11.0405,0.2065,Low Potential
21.1,79.47,0,Grid Point,0.0465,0.0715,0.0716,0.224,0.2403,0.1512,261.0,2.1036,151.8117,1.5398,1.0728,1.5893,0.675,0.5156,0,12.5578,0.1296,Low Potential
21.1,79.485,0,Grid Point,0.0544,0.0806,0.0805,0.2728,0.2393,0.1498,260.0,3.4158,324.4513,1.4798,0.877,1.5969,0.5492,0.5444,0,14.0811,0.1894,Low Potential
21.1,79.5,0,Grid Point,0.0656,0.092,0.1069,0.2405,0.2818,0.2024,256.0,1.9875,270.0,1.6283,1.1719,1.3925,0.8416,0.3846,0,14.2809,0.3636,Moderate Potential
21.1,79.515,0,Grid Point,0.0576,0.0806,0.078,0.2009,0.1668,0.1178,250.0,1.3594,133.0134,1.3545,0.8303,1.4166,0.5861,0.4409,0,13.7992,0.226,Low Potential
21.1,79.53,0,Grid Point,0.0584,0.0806,0.0962,0.2352,0.2179,0.1458,251.0,1.3594,226.9866,1.645,0.9264,1.4945,0.6199,0.4196,0,13.4784,0.1932,Low Potential
21.1,79.545,0,Grid Point,0.0602,0.0817,0.0863,0.2174,0.2404,0.1712,265.0,2.1036,151.8117,1.4347,1.1053,1.4043,0.7871,0.4318,0,13.33,0.2624,Low Potential
21.1,79.56,0,Grid Point,0.0402,0.061,0.0534,0.1918,0.207,0.127,261.0,2.1036,28.1883,1.3255,1.0792,1.6297,0.6622,0.5648,0,13.3598,0.2095,Low Potential
21.1,79.575,0,Grid Point,0.0757,0.1038,0.1154,0.2742,0.3428,0.2281,251.0,2.1036,151.8117,1.5238,1.2502,1.5026,0.832,0.4077,0,13.5666,0.2322,Low Potential
21.1,79.59,0,Grid Point,0.0659,0.0926,0.1008,0.2454,0.2572,0.171,249.0,1.3594,313.0134,1.5288,1.0483,1.5045,0.6968,0.4178,0,13.9426,0.1625,Low Potential
21.1,79.605,0,Grid Point,0.0367,0.0482,0.036,0.13885000000000003,0.09513749999999997,0.0338,247.0,7.547549999999999,276.6517,0.9823,0.9712,1.7415,0.5577,0.2548,0,14.4746,0.5952,Moderate Potential
21.1,79.62,0,Grid Point,0.056,0.0838,0.0762,0.2326,0.1664,0.0972,255.0,1.3594,226.9866,1.3586,0.715,1.7114,0.4178,0.5068,0,15.1462,0.263,Low Potential
21.1,79.635,0,Grid Point,0.0474,0.0696,0.0616,0.2438,0.143,0.0778,262.0,0.9274,180.0,1.2999,0.5865,1.8392,0.3189,0.5969,0,15.9396,0.468,Moderate Potential
21.1,79.65,0,Grid Point,0.0456,0.0704,0.0623,0.2346,0.1622,0.0922,262.0,0.994,270.0,1.3677,0.6912,1.7592,0.3929,0.5804,0,16.8378,0.3317,Low Potential
21.1,79.665,0,Grid Point,0.073,0.1008,0.1195,0.2554,0.2897,0.199,269.0,0.0,0.0,1.637,1.1345,1.4554,0.7795,0.3624,0,17.8249,0.1863,Low Potential
21.1,79.68,0,Grid Point,0.0695,0.1002,0.1088,0.2882,0.2775,0.195,268.0,2.9797,90.0,1.5662,0.9627,1.4234,0.6763,0.4518,0,18.8869,0.1544,Low Potential
21.1,79.695,0,Grid Point,0.0461,0.0714,0.0655,0.2475,0.2134,0.1359,261.0,0.994,270.0,1.4208,0.862,1.5699,0.5491,0.5815,0,20.0119,0.1448,Low Potential
21.1,79.71,0,Grid Point,0.0962,0.1244,0.1615,0.254,0.3675,0.2756,262.0,2.1036,28.1883,1.6788,1.4469,1.3337,1.0848,0.2226,0,21.1899,0.2183,Low Potential
21.1,79.725,0,Grid Point,0.043,0.0686,0.0538,0.2428,0.1456,0.0816,261.0,0.994,90.0,1.2523,0.5998,1.786,0.3358,0.637,0,22.4126,0.4639,Moderate Potential
21.1,79.74,0,Grid Point,0.066,0.0954,0.1259,0.2094,0.2958,0.2348,262.0,2.1929,64.992,1.9076,1.4129,1.2601,1.1213,0.2489,0,23.6729,0.3711,Moderate Potential
21.1,79.755,0,Grid Point,0.072,0.1001,0.1192,0.2552,0.3463,0.2507,266.0,0.9274,180.0,1.6544,1.3567,1.3813,0.9822,0.3633,0,24.9653,0.3925,Moderate Potential
21.1,79.77,0,Grid Point,0.0524,0.077,0.0868,0.235,0.2718,0.1826,269.0,0.994,270.0,1.6559,1.1568,1.4881,0.7774,0.4602,0,26.2849,0.1941,Low Potential
21.1,79.785,0,Grid Point,0.0427,0.0618,0.072,0.2242,0.2576,0.1642,325.0,7.547549999999999,85.8952,1.685,1.1489,1.5696,0.732,0.5142,0,27.628,0.217,Low Potential
21.1,79.8,0,Grid Point,0.0612,0.088,0.1126,0.2086,0.2498,0.1824,268.0,2.7172,46.9866,1.8384,1.198,1.3694,0.8749,0.2988,0,27.75,0.3581,Moderate Potential
21.1,79.815,0,Grid Point,0.0582,0.0871,0.0912,0.2752,0.2662,0.1793,262.0,0.9274,180.0,1.5648,0.9675,1.4847,0.6516,0.5023,0,27.793,0.1336,Low Potential
21.1,79.83,0,Grid Point,0.0624,0.0945,0.0896,0.2844,0.2594,0.176,275.0,0.994,270.0,1.4351,0.9121,1.4743,0.6187,0.5211,0,27.9215,0.1467,Low Potential
21.1,79.845,0,Grid Point,0.0672,0.0899,0.1172,0.2216,0.3197,0.2148,268.0,0.9274,180.0,1.7446,1.443,1.488,0.9698,0.3082,0,28.1344,0.3017,Low Potential
21.1,79.86,0,Grid Point,0.0854,0.1114,0.1414,0.2364,0.3153,0.237,276.0,0.9274,0.0,1.6561,1.3335,1.3307,1.0021,0.2517,0,28.4298,0.383,Moderate Potential
21.1,79.875,0,Grid Point,0.0594,0.0856,0.1038,0.2386,0.2872,0.1998,271.0,0.994,270.0,1.7475,1.2039,1.4371,0.8378,0.3936,0,28.8052,0.2101,Low Potential
21.1,79.89,0,Grid Point,0.0588,0.0861,0.0958,0.2458,0.2678,0.1927,263.0,2.1929,295.008,1.6279,1.0893,1.3897,0.7838,0.4392,0,29.2574,0.2556,Low Potential
21.1,79.905,0,Grid Point,0.0428,0.0673,0.0662,0.2058,0.2438,0.1511,265.0,2.1929,64.992,1.5497,1.1846,1.6138,0.734,0.513,0,29.783,0.1525,Low Potential
21.1,79.92,0,Grid Point,0.0602,0.0806,0.0974,0.2038,0.2978,0.2232,257.0,2.9521,19.6612,1.6174,1.4612,1.3342,1.0952,0.353,0,30.3782,0.4632,Moderate Potential
21.1,79.935,0,Grid Point,0.0525,0.075,0.0828,0.2015,0.2718,0.1952,263.0,0.9274,180.0,1.5762,1.3491,1.3923,0.969,0.4178,0,31.0389,0.3531,Moderate Potential
21.1,79.95,0,Grid Point,0.0474,0.0708,0.0716,0.2102,0.25,0.1542,259.0,0.0,0.0,1.5095,1.1896,1.6221,0.7333,0.4921,0,31.7611,0.1427,Low Potential
21.1,79.965,0,Grid Point,0.0717,0.1055,0.1469,0.2084,0.2975,0.2442,244.0,3.5079,301.8803,2.0488,1.4279,1.2183,1.1721,0.173,0,32.5406,0.3362,Low Potential
21.1,79.98,0,Grid Point,0.0714,0.0957,0.1264,0.2262,0.3974,0.3033,248.0,0.9274,0.0,1.7722,1.7565,1.3103,1.3406,0.283,0,33.3736,0.3622,Moderate Potential
21.1,79.995,0,Grid Point,0.075,0.1043,0.1264,0.2854,0.3344,0.2414,259.0,2.1036,208.1883,1.6858,1.1715,1.3853,0.8457,0.3863,0,34.2559,0.2452,Low Potential
21.1,80.01,0,Grid Point,0.043,0.0704,0.0592,0.2232,0.1416,0.0792,265.0,5.8887,199.6612,1.3772,0.6342,1.7861,0.3551,0.581,0,35.1841,0.4815,Moderate Potential
21.1,80.025,0,Grid Point,0.093,0.1243,0.1668,0.2496,0.412,0.3086,259.0,3.1202,72.7251,1.793,1.6501,1.3351,1.2359,0.1991,0,36.1544,0.2083,Low Potential
21.1,80.04,0,Grid Point,0.06,0.0899,0.0972,0.2581,0.2423,0.1719,255.0,3.5079,121.8803,1.62,0.9388,1.4095,0.666,0.4529,0,37.1637,0.2445,Low Potential
21.1,80.055,0,Grid Point,0.0868,0.112,0.1436,0.254,0.3569,0.2633,257.0,1.3594,133.0134,1.6544,1.4051,1.3555,1.0366,0.2777,0,38.2088,0.2353,Low Potential
21.1,80.07,0,Grid Point,0.0649,0.0882,0.0999,0.2548,0.2642,0.1813,258.0,1.9875,270.0,1.5393,1.0369,1.4573,0.7115,0.4367,0,39.2869,0.1371,Low Potential
21.1,80.085,0,Grid Point,0.0746,0.1027,0.1317,0.2282,0.3652,0.2818,269.0,1.9875,270.0,1.7654,1.6004,1.296,1.2349,0.2681,0,40.3953,0.2985,Low Potential
21.1,80.1,0,Grid Point,0.0557,0.0757,0.0925,0.1917,0.2608,0.1903,269.0,2.1036,151.8117,1.6607,1.3605,1.3705,0.9927,0.349,0,41.5316,0.3795,Moderate Potential
21.1,80.115,0,Grid Point,0.0447,0.0704,0.0778,0.2135,0.2763,0.1794,268.0,4.9583,90.0,1.7405,1.2941,1.5401,0.8403,0.4658,0,42.6936,0.2229,Low Potential
21.1,80.13,0,Grid Point,0.049,0.0731,0.0693,0.2475,0.213,0.139,262.0,3.5079,58.1197,1.4143,0.8606,1.5324,0.5616,0.5625,0,43.8792,0.1551,Low Potential
21.1,80.145,0,Grid Point,0.0635,0.0904,0.1173,0.2302,0.2762,0.2071,265.0,1.3594,313.0134,1.8472,1.1998,1.3337,0.8997,0.3249,0,44.6413,0.4862,Moderate Potential
21.1,80.16,0,Grid Point,0.0449,0.0694,0.0635,0.2415,0.2287,0.1545,267.0,3.1202,252.7251,1.4143,0.947,1.4803,0.6398,0.5836,0,44.828,0.1627,Low Potential
21.1,80.175,0,Grid Point,0.076,0.101,0.1305,0.2453,0.3684,0.2896,278.0,2.1929,64.992,1.7171,1.5018,1.2721,1.1806,0.3055,0,45.067,0.2991,Low Potential
21.1,80.19,0,Grid Point,0.07,0.1016,0.11,0.2344,0.2692,0.1869,278.0,3.4158,324.4513,1.5714,1.1485,1.4403,0.7974,0.3612,0,45.3574,0.2125,Low Potential
21.1,80.205,0,Grid Point,0.0488,0.0684,0.0873,0.1917,0.2851,0.196,306.0,2.9521,160.3388,1.7889,1.4872,1.4546,1.0224,0.3742,0,45.6982,0.1763,Low Potential
21.1,80.22,0,Grid Point,0.1013,0.1363375,0.1801,0.2773,0.3979,0.32,288.0,4.3794,244.992,1.663,1.4349,1.2434,1.154,0.2125,0,46.0883,0.229,Low Potential
21.1,80.235,0,Grid Point,0.0526,0.071,0.0774,0.1986,0.2711,0.1808,301.0,4.072,133.0134,1.4715,1.3651,1.4994,0.9104,0.4391,0,46.5264,0.182,Low Potential
21.1,80.25,0,Grid Point,0.0519,0.0744,0.072,0.2318,0.2064,0.1371,297.0,0.9274,0.0,1.3873,0.8904,1.5055,0.5915,0.526,0,47.0113,0.1202,Low Potential
21.1,80.265,0,Grid Point,0.063,0.0942,0.1071,0.248,0.3275,0.2248,307.0,1.8543,180.0,1.7,1.3206,1.4569,0.9065,0.3968,0,47.5415,0.2559,Low Potential
21.1,80.28,0,Grid Point,0.0544,0.0748,0.0863,0.2015,0.2909,0.1969,317.0,3.1202,72.7251,1.5864,1.4437,1.4774,0.9772,0.4003,0,48.1154,0.1867,Low Potential
21.1,80.295,0,Grid Point,0.0521,0.076,0.0907,0.2116,0.2832,0.2257,418.0,3.4158,324.4513,1.7409,1.3384,1.2548,1.0666,0.3999,0,48.7316,0.3845,Moderate Potential
21.1,80.31,0,Grid Point,0.0483,0.0683,0.0897,0.2176,0.2729,0.2007,367.0,2.1036,208.1883,1.8571,1.2541,1.3597,0.9223,0.4162,0,49.3884,0.3857,Moderate Potential
21.1,80.325,0,Grid Point,0.1013,0.1318,0.1772,0.2437,0.3439,0.2773,382.0,6.9251,270.0,1.686,1.4112,1.2402,1.1379,0.158,0,49.882262499999996,0.269,Low Potential
21.1,80.34,0,Grid Point,0.0509,0.0702,0.0947,0.1825,0.291,0.2264,348.0,0.9274,180.0,1.8605,1.5945,1.2853,1.2405,0.3167,0,49.882262499999996,0.4011,Moderate Potential
21.1,80.355,0,Grid Point,0.0765,0.1011,0.1299,0.2262,0.353,0.2767,339.0,4.072,313.0134,1.698,1.5606,1.2757,1.2233,0.2704,0,49.882262499999996,0.3774,Moderate Potential
21.1,80.37,0,Grid Point,0.047,0.0669,0.0722,0.2223,0.2704,0.1816,334.0,4.2016,208.1883,1.5362,1.2164,1.489,0.8169,0.5097,0,49.882262499999996,0.1566,Low Potential
21.1,80.385,0,Grid Point,0.1002,0.1363375,0.18015,0.2888,0.416,0.3336125,343.0,1.9875,90.0,1.8872,1.4404,1.2425,1.1593,0.2086,0,49.882262499999996,0.2161,Low Potential
21.1,80.4,0,Grid Point,0.0561,0.0826,0.0864,0.2281,0.2861,0.1942,355.0,1.8543,0.0,1.5401,1.2543,1.4732,0.8514,0.4506,0,49.882262499999996,0.1452,Low Potential
21.1,80.415,0,Grid Point,0.0475,0.0756,0.0756,0.2427,0.1632,0.0906,336.0,2.9521,199.6612,1.5916,0.6724,1.8013,0.3733,0.525,0,49.882262499999996,0.2916,Low Potential
21.1,80.43,0,Grid Point,0.0634,0.0896,0.0978,0.2301,0.2549,0.1787,338.0,1.3594,133.0134,1.5426,1.1078,1.4264,0.7766,0.4035,0,49.882262499999996,0.1564,Low Potential
21.1,80.445,0,Grid Point,0.0579,0.0728,0.0924,0.2108,0.3236,0.2352,347.0,2.7172,313.0134,1.5959,1.5351,1.3759,1.1157,0.3905,0,49.882262499999996,0.3419,Low Potential
21.1,80.46,0,Grid Point,0.051,0.0704,0.0835,0.2021,0.2639,0.1982,383.0,7.547549999999999,308.6484,1.6373,1.3058,1.3315,0.9807,0.4153,0,49.882262499999996,0.449,Moderate Potential
21.1,80.475,0,Grid Point,0.0534,0.0745,0.0884,0.2254,0.2884,0.1852,395.0,2.9797,90.0,1.6554,1.2795,1.5572,0.8217,0.4366,0,49.882262499999996,0.1937,Low Potential
21.1,80.49,0,Grid Point,0.045,0.065,0.0673,0.1976,0.2513,0.1619,379.0,1.9875,90.0,1.4956,1.2718,1.5522,0.8193,0.4919,0,49.882262499999996,0.1308,Low Potential
21.115,79.2,0,Grid Point,0.0712,0.0938,0.1033,0.2292,0.2768,0.1896,282.0,0.9941,270.0,1.4498,1.2077,1.4599,0.8272,0.3786,0,15.46,0.2005,Low Potential
21.115,79.215,0,Grid Point,0.0699,0.0884,0.1082,0.1575,0.2386,0.2058,280.0,1.9877,270.0,1.5486,1.5149,1.1597,1.3063,0.1853,0,13.9161,0.5423,Moderate Potential
21.115,79.23,0,Grid Point,0.0698,0.0921,0.0988,0.2673,0.2422,0.1579,281.0,1.9877,90.0,1.4137,0.9061,1.5342,0.5906,0.4605,0,12.3725,0.1383,Low Potential
21.115,79.245,0,Grid Point,0.0704,0.0926,0.1032,0.225,0.214,0.1414,273.0,0.9274,0.0,1.4642,0.9513,1.5134,0.6286,0.3712,0,10.8292,0.1684,Low Potential
21.115,79.26,0,Grid Point,0.0669,0.0893,0.0928,0.2262,0.2074,0.1422,270.0,0.9274,0.0,1.3864,0.9169,1.459,0.6284,0.4184,0,9.2866,0.143,Low Potential
21.115,79.275,0,Grid Point,0.0798,0.1038,0.1048,0.2372,0.2646,0.2098,269.0,1.3594,46.9895,1.3118,1.1155,1.2614,0.8843,0.3874,0,7.7449,0.3655,Moderate Potential
21.115,79.29,0,Grid Point,0.068,0.0958,0.1036,0.2466,0.2674,0.1827,277.0,0.9941,270.0,1.5247,1.0843,1.4639,0.7407,0.4084,0,6.2049,0.139,Low Potential
21.115,79.305,0,Grid Point,0.0652,0.088,0.1008,0.2586,0.2112,0.1616,272.0,1.3594,133.0105,1.5441,0.8165,1.307,0.6247,0.4393,0,4.6681,0.2466,Low Potential
21.115,79.32,0,Grid Point,0.0625,0.0786,0.085,0.2068,0.2218,0.1613,272.0,2.7173,133.0105,1.3592,1.0723,1.3751,0.7798,0.4178,0,3.1394,0.3036,Low Potential
21.115,79.335,0,Grid Point,0.087,0.1159,0.1314,0.2575,0.2833,0.222,271.0,2.9522,160.337,1.5089,1.1002,1.2758,0.8623,0.3244,0,1.6417,0.254,Low Potential
21.115,79.35,0,Grid Point,0.0748,0.0979,0.1226,0.185,0.2243,0.1809,277.0,0.9274,0.0,1.6386,1.2124,1.2399,0.9778,0.2027,0,0.555,0.5128,Moderate Potential
21.115,79.365,0,Grid Point,0.0713,0.096,0.1066,0.2062,0.2198,0.1676,271.0,2.1037,28.1907,1.4958,1.066,1.3115,0.8128,0.3181,0,1.6417,0.3544,Moderate Potential
21.115,79.38,0,Grid Point,0.0656,0.0913,0.1016,0.2463,0.196,0.134,268.0,1.8543,180.0,1.55,0.796,1.4631,0.5441,0.4159,0,3.1394,0.1455,Low Potential
21.115,79.395,0,Grid Point,0.1013,0.1363375,0.18015,0.2403,0.2762,0.2488,248.0,2.9522,199.663,1.5224,1.1496,1.1106,1.0352,0.0907,0,4.6681,0.2706,Low Potential
21.115,79.41,0,Grid Point,0.0598,0.0803,0.0925,0.2129,0.2591,0.193,260.0,3.5081,238.1223,1.549,1.217,1.3421,0.9068,0.394,0,6.2049,0.5053,Moderate Potential
21.115,79.425,0,Grid Point,0.0543,0.0793,0.0812,0.2649,0.2163,0.1508,260.0,1.8543,0.0,1.4963,0.8165,1.4344,0.5693,0.5306,0,7.7449,0.1439,Low Potential
21.115,79.44,0,Grid Point,0.0618,0.0877,0.0993,0.2272,0.2428,0.1659,258.0,1.3594,133.0105,1.6081,1.0687,1.4635,0.7302,0.3917,0,9.2866,0.154,Low Potential
21.115,79.455,0,Grid Point,0.0612,0.0915,0.0926,0.2468,0.2091,0.1596,257.0,0.9941,270.0,1.5151,0.8471,1.3102,0.6465,0.4542,0,10.8292,0.261,Low Potential
21.115,79.47,0,Grid Point,0.0594,0.0872,0.0911,0.2434,0.2385,0.163,263.0,0.9274,180.0,1.535,0.9799,1.4632,0.6697,0.4553,0,12.3725,0.1357,Low Potential
21.115,79.485,0,Grid Point,0.0587,0.0807,0.083,0.229,0.2037,0.1483,264.0,1.3594,46.9895,1.414,0.8897,1.3736,0.6477,0.4679,0,13.4411,0.2712,Low Potential
21.115,79.5,0,Grid Point,0.0695,0.0958,0.1085,0.2156,0.2244,0.1638,259.0,2.9522,19.663,1.5612,1.0413,1.3699,0.7601,0.3304,0,12.7421,0.3747,Moderate Potential
21.115,79.515,0,Grid Point,0.0578,0.0754,0.0861,0.2032,0.243,0.1645,254.0,0.9274,180.0,1.4896,1.1956,1.4769,0.8095,0.4048,0,12.1998,0.1691,Low Potential
21.115,79.53,0,Grid Point,0.0663,0.097,0.1224,0.2282,0.207,0.1586,256.0,2.9522,160.337,1.8462,0.9069,1.3052,0.6949,0.3019,0,11.8357,0.3744,Moderate Potential
21.115,79.545,0,Grid Point,0.0375,0.0538,0.0488,0.205,0.1888,0.104,264.0,5.6783,119.2364,1.3,0.9212,1.8163,0.5072,0.6157,0,11.6664,0.3544,Moderate Potential
21.115,79.56,0,Grid Point,0.0366,0.0548,0.0448,0.2082,0.1689,0.0975,281.0,4.2017,151.8093,1.2244,0.811,1.7323,0.4682,0.6462,0,11.7004,0.4778,Moderate Potential
21.115,79.575,0,Grid Point,0.0516,0.0716,0.0799,0.1881,0.2569,0.1682,291.0,1.3594,46.9895,1.5494,1.3658,1.5273,0.8942,0.4035,0,11.9361,0.1797,Low Potential
21.115,79.59,0,Grid Point,0.0805,0.1092,0.1323,0.2486,0.3587,0.2699,249.0,2.9522,160.337,1.6435,1.4427,1.3288,1.0857,0.3053,0,12.3618,0.351,Moderate Potential
21.115,79.605,0,Grid Point,0.0693,0.0996,0.1154,0.2258,0.2362,0.1708,251.0,0.0,0.0,1.6645,1.0458,1.3829,0.7563,0.3239,0,12.9588,0.4386,Moderate Potential
21.115,79.62,0,Grid Point,0.0321,0.0562,0.0382,0.31765,0.1526,0.075,246.0,1.3594,313.0106,1.1916,0.4758,1.9758749999999998,0.2337,0.7869,0,13.7049,0.5679,Moderate Potential
21.115,79.635,0,Grid Point,0.0454,0.0632,0.0743,0.1802,0.2725,0.1775,286.0,7.547549999999999,129.2231,1.6384,1.5124,1.5349,0.9853,0.416,0,14.577,0.2918,Low Potential
21.115,79.65,0,Grid Point,0.0434,0.0696,0.0622,0.2059,0.1626,0.0914,253.0,0.9274,180.0,1.4327,0.7897,1.78,0.4437,0.5357,0,15.5541,0.3453,Low Potential
21.115,79.665,0,Grid Point,0.0544,0.0816,0.075,0.274,0.2422,0.1475,259.0,0.9941,90.0,1.3765,0.8839,1.6411,0.5386,0.5704,0,16.6176,0.1389,Low Potential
21.115,79.68,0,Grid Point,0.0589,0.0904,0.0786,0.2502,0.2202,0.1432,262.0,2.7803,0.0,1.3353,0.8799,1.5377,0.5722,0.5217,0,17.7519,0.1246,Low Potential
21.115,79.695,0,Grid Point,0.0712,0.0936,0.113,0.2252,0.2747,0.1945,258.0,2.1037,151.8093,1.5871,1.2201,1.4123,0.8639,0.3317,0,18.9445,0.2612,Low Potential
21.115,79.71,0,Grid Point,0.0695,0.0972,0.1224,0.2186,0.2948,0.2324,255.0,1.8543,180.0,1.7604,1.3491,1.2687,1.0634,0.2822,0,20.1849,0.4205,Moderate Potential
21.115,79.725,0,Grid Point,0.0944,0.126,0.1651,0.237,0.3763,0.2993,262.0,0.9941,90.0,1.7499,1.5878,1.2573,1.2629,0.1788,0,21.4648,0.2366,Low Potential
21.115,79.74,0,Grid Point,0.092,0.1144,0.1456,0.2326,0.3512,0.2801,267.0,3.8351,195.0023,1.5826,1.5099,1.2538,1.2042,0.23,0,22.7777,0.2689,Low Potential
21.115,79.755,0,Grid Point,0.0888,0.1208,0.1625,0.2686,0.4002,0.299,275.0,2.1037,331.8093,1.83,1.4904,1.3384,1.1136,0.246,0,24.1181,0.196,Low Potential
21.115,79.77,0,Grid Point,0.0462,0.0672,0.0633,0.2584,0.2262,0.1292,322.0,7.547549999999999,31.2116,1.3701,0.8756,1.7501,0.5003,0.6064,0,25.4817,0.1669,Low Potential
21.115,79.785,0,Grid Point,0.0668,0.0872,0.1109,0.2012,0.3296,0.2416,279.0,1.3594,226.9895,1.6614,1.6383,1.364,1.2011,0.2892,0,26.1307,0.4015,Moderate Potential
21.115,79.8,0,Grid Point,0.0673,0.0938,0.1166,0.2238,0.3162,0.2297,271.0,1.3594,133.0105,1.7318,1.413,1.3764,1.0266,0.315,0,26.085,0.4373,Moderate Potential
21.115,79.815,0,Grid Point,0.0684,0.0988,0.116,0.2858,0.3276,0.2298,265.0,2.9522,340.3369,1.6939,1.1463,1.4253,0.8042,0.4228,0,26.1307,0.2238,Low Potential
21.115,79.83,0,Grid Point,0.0882,0.1138,0.143,0.2362,0.3213,0.2411,271.0,2.1037,331.8093,1.6217,1.3606,1.3326,1.021,0.2458,0,26.2674,0.3568,Moderate Potential
21.115,79.845,0,Grid Point,0.0684,0.0916,0.1256,0.219,0.3544,0.2641,280.0,1.8543,180.0,1.8363,1.6189,1.3421,1.2062,0.2709,0,26.4936,0.3259,Low Potential
21.115,79.86,0,Grid Point,0.0642,0.0876,0.1046,0.2244,0.2892,0.2104,275.0,0.9274,180.0,1.6285,1.2891,1.3749,0.9376,0.3642,0,26.8071,0.562,Moderate Potential
21.115,79.875,0,Grid Point,0.0706,0.0976,0.1212,0.2302,0.2624,0.1911,272.0,1.3594,313.0106,1.716,1.1399,1.3725,0.8305,0.3103,0,27.2048,0.3313,Low Potential
21.115,79.89,0,Grid Point,0.0666,0.0999,0.1112,0.252,0.2509,0.1804,273.0,3.4159,35.5514,1.6677,0.9954,1.3904,0.7159,0.3879,0,27.6832,0.2925,Low Potential
21.115,79.905,0,Grid Point,0.0718,0.0953,0.1131,0.2244,0.2785,0.1969,267.0,2.7173,133.0105,1.5752,1.2411,1.4144,0.8775,0.3298,0,28.2381,0.3027,Low Potential
21.115,79.92,0,Grid Point,0.1013,0.1316,0.1712,0.2747,0.3992,0.3014,263.0,2.1037,331.8093,1.6576,1.453,1.3245,1.097,0.2323,0,28.8651,0.2551,Low Potential
21.115,79.935,0,Grid Point,0.0664,0.0874,0.1144,0.2266,0.3396,0.247,258.0,7.5126,127.8609,1.7216,1.4988,1.3744,1.0905,0.3289,0,29.5597,0.4193,Moderate Potential
21.115,79.95,0,Grid Point,0.0864,0.116,0.1542,0.2543,0.3626,0.2766,250.0,0.9274,180.0,1.7843,1.4259,1.3112,1.0875,0.2449,0,30.3172,0.2008,Low Potential
21.115,79.965,0,Grid Point,0.0765,0.1066,0.1312,0.2449,0.3153,0.2295,260.0,2.1037,28.1907,1.7144,1.2875,1.3739,0.9371,0.3025,0,31.1329,0.3507,Moderate Potential
21.115,79.98,0,Grid Point,0.0788,0.1095,0.1375,0.2506,0.3552,0.2638,258.0,1.9877,270.0,1.7438,1.4175,1.3463,1.0529,0.2913,0,32.0025,0.2331,Low Potential
21.115,79.995,0,Grid Point,0.0427,0.0676,0.0628,0.2442,0.1856,0.1083,254.0,2.1037,151.8093,1.4719,0.7604,1.7142,0.4436,0.5906,0,32.9216,0.1879,Low Potential
21.115,80.01,0,Grid Point,0.0428,0.0716,0.0584,0.2295,0.1579,0.0902,264.0,5.0439,100.5683,1.3673,0.688,1.7496,0.3932,0.594,0,33.8863,0.3521,Moderate Potential
21.115,80.025,0,Grid Point,0.0755,0.1084,0.1534,0.2568,0.3882,0.3033,266.0,5.8887,19.663,2.0325,1.5117,1.2799,1.1811,0.2519,0,34.8928,0.2394,Low Potential
21.115,80.04,0,Grid Point,0.042,0.0708,0.0684,0.2395,0.1887,0.1065,257.0,2.7803,0.0,1.6286,0.7879,1.7718,0.4447,0.5557,0,35.9375,0.2325,Low Potential
21.115,80.055,0,Grid Point,0.0738,0.1038,0.1177,0.2661,0.2708,0.2021,267.0,0.9274,0.0,1.5949,1.0177,1.3399,0.7595,0.3867,0,37.0173,0.24,Low Potential
21.115,80.07,0,Grid Point,0.0497,0.0712,0.0801,0.2074,0.2861,0.1911,267.0,4.2017,208.1907,1.6117,1.3795,1.4971,0.9214,0.4428,0,38.129,0.2411,Low Potential
21.115,80.085,0,Grid Point,0.047,0.0783,0.0626,0.2722,0.1999,0.1209,263.0,1.3594,313.0106,1.3319,0.7344,1.6534,0.4442,0.626,0,39.2701,0.1674,Low Potential
21.115,80.1,0,Grid Point,0.0463,0.0696,0.0643,0.2855,0.2316,0.1484,277.0,2.9522,160.337,1.3888,0.8112,1.5606,0.5198,0.6324,0,40.4381,0.1428,Low Potential
21.115,80.115,0,Grid Point,0.0552,0.0819,0.0836,0.275,0.2286,0.1486,273.0,2.98,90.0,1.5145,0.8313,1.5384,0.5404,0.5337,0,41.6306,0.1353,Low Potential
21.115,80.13,0,Grid Point,0.0495,0.0714,0.0721,0.2442,0.2339,0.1529,260.0,4.0768,256.8724,1.4566,0.9578,1.5298,0.6261,0.5441,0,42.8456,0.1673,Low Potential
21.115,80.145,0,Grid Point,0.0501,0.0673,0.068,0.2142,0.2091,0.14,266.0,1.8543,180.0,1.3573,0.9762,1.4936,0.6536,0.5181,0,42.9856,0.1227,Low Potential
21.115,80.16,0,Grid Point,0.0464,0.0659,0.0641,0.2132,0.1771,0.1122,274.0,2.1037,208.1907,1.3815,0.8307,1.5784,0.5263,0.5377,0,43.1795,0.1591,Low Potential
21.115,80.175,0,Grid Point,0.049,0.0688,0.069,0.2199,0.2112,0.1479,269.0,2.1931,64.9943,1.4082,0.9604,1.428,0.6726,0.5223,0,43.4276,0.1273,Low Potential
21.115,80.19,0,Grid Point,0.0708,0.0966,0.1114,0.2263,0.2815,0.2162,279.0,2.1037,331.8093,1.5734,1.2439,1.302,0.9554,0.3402,0,43.7289,0.5334,Moderate Potential
21.115,80.205,0,Grid Point,0.0751,0.1005,0.1212,0.2534,0.3103,0.2207,282.0,1.9877,270.0,1.6138,1.2245,1.406,0.871,0.3529,0,44.0822,0.3096,Low Potential
21.115,80.22,0,Grid Point,0.0599,0.078,0.101,0.2095,0.3104,0.2152,306.0,2.1931,295.0057,1.6861,1.4816,1.4424,1.0272,0.3494,0,44.4865,0.262,Low Potential
21.115,80.235,0,Grid Point,0.1013,0.1363375,0.18015,0.2864,0.42003750000000006,0.3336125,304.0,7.547549999999999,326.1786,1.8165,1.5859,1.18,1.3439,0.1825,0,44.9403,0.2249,Low Potential
21.115,80.25,0,Grid Point,0.0457,0.0688,0.0537,0.24,0.1749,0.0954,295.0,0.9274,180.0,1.1751,0.7288,1.8333,0.3975,0.6343,0,45.4421,0.3102,Low Potential
21.115,80.265,0,Grid Point,0.0472,0.0665,0.0528,0.2571,0.1574,0.0878,299.0,0.9941,90.0,1.1186,0.6122,1.7927,0.3415,0.6592,0,45.9903,0.429,Moderate Potential
21.115,80.28,0,Grid Point,0.0432,0.0649,0.0566,0.2062,0.2143,0.1289,321.0,4.3798,244.9943,1.3102,1.0393,1.6625,0.6251,0.5693,0,46.5834,0.1697,Low Potential
21.115,80.295,0,Grid Point,0.0488,0.064,0.087,0.1952,0.2593,0.1928,440.0,7.547549999999999,76.0305,1.7828,1.3284,1.3449,0.9877,0.3834,0,47.2196,0.3684,Moderate Potential
21.115,80.31,0,Grid Point,0.049,0.0693,0.0781,0.1976,0.2315,0.1765,414.0,7.547549999999999,98.1671,1.5939,1.1716,1.3116,0.8932,0.4334,0,47.8972,0.3695,Moderate Potential
21.115,80.325,0,Grid Point,0.045,0.0657,0.0804,0.1964,0.28,0.2134,363.0,0.9941,90.0,1.7867,1.4257,1.3121,1.0866,0.4191,0,48.6144,0.3306,Low Potential
21.115,80.34,0,Grid Point,0.0831,0.1124,0.1418,0.2548,0.3727,0.2941,347.0,4.0768,76.8724,1.7064,1.4627,1.2673,1.1542,0.2849,0,49.3696,0.2345,Low Potential
21.115,80.355,0,Grid Point,0.1013,0.1363375,0.18015,0.2777,0.4179,0.3336125,339.0,2.9522,19.663,1.6332,1.5049,1.2386,1.215,0.1952,0,49.882262499999996,0.2563,Low Potential
21.115,80.37,0,Grid Point,0.096,0.1259,0.1664,0.2723,0.42003750000000006,0.3336125,341.0,4.0768,256.8724,1.7333,1.5714,1.2823,1.2255,0.2414,0,49.882262499999996,0.2012,Low Potential
21.115,80.385,0,Grid Point,0.0612,0.0836,0.1058,0.2206,0.3484,0.2557,329.0,3.4159,35.5514,1.7288,1.5793,1.3625,1.1591,0.3517,0,49.882262499999996,0.3893,Moderate Potential
21.115,80.4,0,Grid Point,0.0764,0.0985,0.1266,0.2229,0.3127,0.2596,339.0,3.5081,121.8777,1.6571,1.4029,1.2045,1.1646,0.2755,0,49.882262499999996,0.429,Moderate Potential
21.115,80.415,0,Grid Point,0.0568,0.0786,0.0799,0.1993,0.2355,0.1545,329.0,6.8077,144.4485,1.4067,1.1816,1.5243,0.7752,0.4277,0,49.882262499999996,0.1684,Low Potential
21.115,80.43,0,Grid Point,0.0806,0.1069,0.1293,0.2562,0.3333,0.2436,333.0,1.9877,270.0,1.6042,1.3009,1.3682,0.9508,0.3292,0,49.882262499999996,0.3974,Moderate Potential
21.115,80.445,0,Grid Point,0.0682,0.0955,0.1037,0.2268,0.255,0.1861,339.0,4.0768,283.1276,1.5205,1.1243,1.3702,0.8205,0.3725,0,49.882262499999996,0.3497,Low Potential
21.115,80.46,0,Grid Point,0.0713,0.0936,0.1088,0.2376,0.3387,0.2561,351.0,5.4225,133.0105,1.5259,1.4255,1.3225,1.0779,0.3718,0,49.882262499999996,0.4282,Moderate Potential
21.115,80.475,0,Grid Point,0.0541,0.0699,0.0896,0.1915,0.2658,0.2127,375.0,3.4159,144.4485,1.6562,1.388,1.2496,1.1107,0.3625,0,49.882262499999996,0.3838,Moderate Potential
21.115,80.49,0,Grid Point,0.0662,0.0897,0.1107,0.2106,0.2579,0.1875,366.0,4.732,12.1007,1.6722,1.2246,1.3755,0.8903,0.3109,0,49.882262499999996,0.5558,Moderate Potential
21.13,79.2,0,Grid Point,0.0784,0.1052,0.1328,0.1836,0.2498,0.2066,283.0,0.9274,0.0,1.6945,1.3603,1.2086,1.1255,0.1604,0,15.4898,0.4436,Moderate Potential
21.13,79.215,0,Grid Point,0.0802,0.0969,0.1168,0.2394,0.2314,0.1775,282.0,0.9942,90.0,1.4579,0.9668,1.3039,0.7414,0.344,0,13.9492,0.2953,Low Potential
21.13,79.23,0,Grid Point,0.0718,0.0887,0.106,0.2448,0.2152,0.1693,273.0,0.0,0.0,1.476,0.8791,1.2708,0.6917,0.3954,0,12.4097,0.2726,Low Potential
21.13,79.245,0,Grid Point,0.0906,0.1145,0.1376,0.2486,0.2526,0.1957,272.0,1.9879,90.0,1.5193,1.0161,1.2908,0.7872,0.2872,0,10.8718,0.2106,Low Potential
21.13,79.26,0,Grid Point,0.0607,0.089,0.0842,0.2655,0.1883,0.1252,275.0,0.0,0.0,1.3863,0.7092,1.5046,0.4714,0.5187,0,9.3362,0.1698,Low Potential
21.13,79.275,0,Grid Point,0.0614,0.0857,0.074,0.2905,0.2078,0.1312,275.0,0.9942,270.0,1.206,0.7151,1.5841,0.4515,0.5937,0,7.8043,0.2027,Low Potential
21.13,79.29,0,Grid Point,0.0648,0.083,0.0979,0.2094,0.2264,0.1795,276.0,2.1933,244.9965,1.51,1.0812,1.2609,0.8574,0.3631,0,6.2789,0.3504,Moderate Potential
21.13,79.305,0,Grid Point,0.0638,0.09,0.0901,0.2119,0.2004,0.1464,275.0,4.2018,208.1931,1.4119,0.9455,1.368,0.6911,0.4031,0,4.7661,0.3372,Low Potential
21.13,79.32,0,Grid Point,0.0992,0.1234,0.1404,0.208,0.2456,0.2184,270.0,1.3595,46.9923,1.4165,1.1808,1.1241,1.0505,0.1937,0,3.2833,0.3642,Moderate Potential
21.13,79.335,0,Grid Point,0.073,0.104,0.1099,0.2342,0.2537,0.1818,276.0,3.1208,287.2716,1.5044,1.0833,1.3955,0.7763,0.3612,0,1.9024,0.2937,Low Potential
21.13,79.35,0,Grid Point,0.0705,0.0965,0.11,0.2028,0.2422,0.1854,275.0,3.5084,58.1249,1.5596,1.1948,1.3066,0.9144,0.2968,1,1.11,0.5316,Moderate Potential
21.13,79.365,0,Grid Point,0.0698,0.0908,0.1,0.2116,0.2328,0.1596,270.0,0.0,0.0,1.4309,1.1004,1.4594,0.754,0.3584,1,1.9024,0.1794,Low Potential
21.13,79.38,0,Grid Point,0.066,0.0878,0.1052,0.204,0.2476,0.1821,262.0,2.1037,208.1931,1.5944,1.214,1.3597,0.8929,0.3196,0,3.2833,0.5229,Moderate Potential
21.13,79.395,0,Grid Point,0.0673,0.0959,0.1101,0.244,0.2704,0.1983,266.0,0.9942,270.0,1.6347,1.1078,1.3633,0.8125,0.3782,0,4.7661,0.316,Low Potential
21.13,79.41,0,Grid Point,0.0669,0.0972,0.106,0.2633,0.228,0.1552,269.0,1.8543,180.0,1.5845,0.8659,1.4686,0.5896,0.4259,0,6.2789,0.1383,Low Potential
21.13,79.425,0,Grid Point,0.0642,0.091,0.1112,0.1782,0.2114,0.1606,268.0,0.9942,90.0,1.7313,1.1863,1.317,0.9007,0.2319,0,7.8043,0.5014,Moderate Potential
21.13,79.44,0,Grid Point,0.062,0.0911,0.103,0.2228,0.2361,0.1699,266.0,2.1037,208.1931,1.6613,1.0595,1.3896,0.7624,0.3678,0,9.3362,0.3717,Moderate Potential
21.13,79.455,0,Grid Point,0.0688,0.0938,0.1114,0.1888,0.2206,0.1702,270.0,1.8543,0.0,1.6187,1.1681,1.2965,0.901,0.2577,0,10.8718,0.4587,Moderate Potential
21.13,79.47,0,Grid Point,0.067,0.0904,0.1114,0.1769,0.2244,0.1766,263.0,1.8543,180.0,1.6619,1.2685,1.271,0.998,0.2274,0,12.4097,0.5918,Moderate Potential
21.13,79.485,0,Grid Point,0.0589,0.0844,0.0988,0.1802,0.2014,0.1533,265.0,0.9942,90.0,1.6783,1.1173,1.3138,0.8505,0.2917,0,12.0259,0.4756,Moderate Potential
21.13,79.5,0,Grid Point,0.0601,0.0828,0.0938,0.2162,0.2252,0.1597,256.0,0.9942,270.0,1.5616,1.0414,1.4098,0.7387,0.3946,0,11.2393,0.2686,Low Potential
21.13,79.515,0,Grid Point,0.0604,0.0888,0.0959,0.2366,0.1974,0.1522,259.0,2.9522,160.3351,1.5891,0.8343,1.2966,0.6434,0.4231,0,10.6206,0.3033,Low Potential
21.13,79.53,0,Grid Point,0.0624,0.0886,0.1043,0.215,0.2544,0.1742,256.0,0.0,0.0,1.6715,1.1827,1.4605,0.8098,0.3468,0,10.2002,0.2426,Low Potential
21.13,79.545,0,Grid Point,0.0705,0.0934,0.1146,0.2399,0.3371,0.24,268.0,0.9942,270.0,1.6262,1.4052,1.4043,1.0006,0.3533,0,10.0033,0.4728,Moderate Potential
21.13,79.56,0,Grid Point,0.0774,0.1024,0.1254,0.2414,0.297,0.2096,263.0,2.7175,46.9923,1.6191,1.2299,1.4164,0.8683,0.3163,0,10.043,0.2882,Low Potential
21.13,79.575,0,Grid Point,0.0864,0.1162,0.1358,0.2636,0.3452,0.249,263.0,6.0865,319.3815,1.5732,1.3098,1.3861,0.945,0.3197,0,10.3165,0.3823,Moderate Potential
21.13,79.59,0,Grid Point,0.0654,0.0941,0.0992,0.2722,0.2609,0.1862,256.0,1.9879,90.0,1.518,0.9585,1.4005,0.6844,0.4657,0,10.8062,0.2171,Low Potential
21.13,79.605,0,Grid Point,0.0598,0.0896,0.0922,0.2548,0.1952,0.1292,248.0,1.3595,133.0077,1.5423,0.7659,1.5108,0.507,0.4689,0,11.4844,0.1461,Low Potential
21.13,79.62,0,Grid Point,0.0719,0.0965,0.1226,0.2108,0.3303,0.2444,264.0,7.547549999999999,258.2895,1.7045,1.5665,1.3512,1.1594,0.2648,0,12.3201,0.5253,Moderate Potential
21.13,79.635,0,Grid Point,0.0474,0.0758,0.0658,0.2485,0.1672,0.0952,249.0,1.3595,226.9923,1.3871,0.6728,1.7572,0.3829,0.5815,0,13.2835,0.3262,Low Potential
21.13,79.65,0,Grid Point,0.0828,0.1122,0.133,0.2703,0.3192,0.2296,254.0,1.9879,90.0,1.6047,1.1809,1.3905,0.8492,0.3406,0,14.3489,0.2619,Low Potential
21.13,79.665,0,Grid Point,0.0584,0.0838,0.1018,0.2403,0.2794,0.2013,253.0,0.9274,180.0,1.744,1.1627,1.388,0.8377,0.4046,0,15.4953,0.3376,Low Potential
21.13,79.68,0,Grid Point,0.0558,0.0758,0.0898,0.1873,0.3089,0.2257,267.0,3.8352,195.0038,1.607,1.6492,1.3686,1.205,0.3521,0,16.7061,0.4215,Moderate Potential
21.13,79.695,0,Grid Point,0.0864,0.1182,0.1461,0.2874,0.3256,0.2278,251.0,0.0,0.0,1.69,1.1329,1.429,0.7928,0.326,0,17.9681,0.2107,Low Potential
21.13,79.71,0,Grid Point,0.0932,0.1228,0.1584,0.2604,0.3738,0.2678,280.0,1.3595,226.9923,1.6996,1.4355,1.3958,1.0284,0.2436,0,19.2715,0.2112,Low Potential
21.13,79.725,0,Grid Point,0.046,0.0741,0.0708,0.2136,0.1795,0.1138,257.0,1.3595,226.9923,1.5402,0.8408,1.5771,0.5331,0.5018,0,20.6083,0.1637,Low Potential
21.13,79.74,0,Grid Point,0.0904,0.1208,0.1672,0.2575,0.3828,0.2882,263.0,1.3595,133.0077,1.8491,1.4864,1.3281,1.1192,0.2125,0,21.9724,0.2006,Low Potential
21.13,79.755,0,Grid Point,0.0749,0.1056,0.1406,0.2188,0.35,0.2771,270.0,1.3595,226.9923,1.8765,1.5993,1.2631,1.2662,0.2179,0,23.359,0.2717,Low Potential
21.13,79.77,0,Grid Point,0.0718,0.0931,0.1187,0.2246,0.3332,0.2446,272.0,1.3595,226.9923,1.6544,1.4834,1.3622,1.089,0.3086,0,24.6147,0.4331,Moderate Potential
21.13,79.785,0,Grid Point,0.0542,0.0754,0.0853,0.2212,0.274,0.177,287.0,2.9522,340.3351,1.5714,1.2392,1.5487,0.8001,0.4435,0,24.4688,0.184,Low Potential
21.13,79.8,0,Grid Point,0.0567,0.0782,0.101,0.2,0.3298,0.2342,292.0,3.7048,0.0,1.7804,1.6486,1.4082,1.1707,0.3292,0,24.42,0.3217,Low Potential
21.13,79.815,0,Grid Point,0.0734,0.0996,0.1154,0.2238,0.2676,0.1992,270.0,2.1933,115.0035,1.574,1.1952,1.3431,0.8899,0.3195,0,24.4688,0.427,Moderate Potential
21.13,79.83,0,Grid Point,0.0576,0.0856,0.1045,0.238,0.2697,0.1897,277.0,0.9274,0.0,1.8127,1.133,1.4221,0.7967,0.3899,0,24.6147,0.1669,Low Potential
21.13,79.845,0,Grid Point,0.0589,0.088,0.1026,0.2204,0.2579,0.1882,284.0,2.1037,208.1931,1.7411,1.1704,1.3704,0.8541,0.3648,0,24.856,0.3139,Low Potential
21.13,79.86,0,Grid Point,0.0768,0.1031,0.1396,0.2112,0.3289,0.2538,276.0,1.3595,313.0077,1.8159,1.5573,1.2956,1.2019,0.2043,0,25.1899,0.3317,Low Potential
21.13,79.875,0,Grid Point,0.072,0.0988,0.1226,0.241,0.369,0.2735,280.0,1.3595,226.9923,1.7023,1.5312,1.3492,1.1349,0.3254,0,25.6127,0.3842,Moderate Potential
21.13,79.89,0,Grid Point,0.0687,0.0965,0.1214,0.2507,0.2842,0.2298,274.0,2.9522,340.3351,1.7678,1.1338,1.2367,0.9168,0.3473,0,26.1203,0.3446,Low Potential
21.13,79.905,0,Grid Point,0.047,0.075,0.0651,0.2837,0.241,0.1516,260.0,3.416,35.5542,1.3851,0.8493,1.5889,0.5345,0.6267,0,26.7077,0.1663,Low Potential
21.13,79.92,0,Grid Point,0.0546,0.076,0.0959,0.2108,0.3198,0.22,255.0,1.3595,46.9923,1.7589,1.5174,1.4536,1.0439,0.3743,0,27.3698,0.1798,Low Potential
21.13,79.935,0,Grid Point,0.0762,0.1024,0.1175,0.2431,0.2718,0.196,254.0,3.1208,287.2716,1.542,1.1179,1.3868,0.806,0.3483,0,28.1013,0.2937,Low Potential
21.13,79.95,0,Grid Point,0.053,0.0766,0.0766,0.2463,0.2422,0.1592,258.0,2.7175,133.0077,1.4462,0.9832,1.5206,0.6466,0.5253,0,28.897,0.12,Low Potential
21.13,79.965,0,Grid Point,0.0712,0.0982,0.1182,0.2303,0.3094,0.2297,253.0,0.0,0.0,1.6601,1.3432,1.3468,0.9974,0.3217,0,29.7517,0.5693,Moderate Potential
21.13,79.98,0,Grid Point,0.0478,0.076,0.0732,0.2303,0.1664,0.0949,263.0,0.9274,0.0,1.5303,0.7225,1.7534,0.4121,0.5179,0,30.6605,0.2425,Low Potential
21.13,79.995,0,Grid Point,0.0556,0.0777,0.106,0.1913,0.3083,0.2114,275.0,1.3595,46.9923,1.9039,1.6113,1.4578,1.1053,0.2871,0,31.6187,0.189,Low Potential
21.13,80.01,0,Grid Point,0.0468,0.0654,0.0789,0.1978,0.2845,0.1899,274.0,2.9803,90.0,1.6859,1.438,1.4982,0.9598,0.4298,0,32.622,0.207,Low Potential
21.13,80.025,0,Grid Point,0.0608,0.0887,0.1052,0.2492,0.3464,0.2411,265.0,4.3801,64.9965,1.7297,1.3898,1.4367,0.9673,0.4062,0,33.6663,0.2648,Low Potential
21.13,80.04,0,Grid Point,0.061,0.0861,0.0869,0.2471,0.2333,0.1649,261.0,1.3595,313.0077,1.4246,0.9442,1.4148,0.6673,0.4796,0,34.7479,0.1719,Low Potential
21.13,80.055,0,Grid Point,0.0634,0.086,0.1103,0.1928,0.2721,0.2238,266.0,2.7175,133.0077,1.7397,1.4113,1.2158,1.1608,0.2722,0,35.8634,0.3819,Moderate Potential
21.13,80.07,0,Grid Point,0.0828,0.1135,0.1298,0.27,0.3353,0.249,266.0,0.0,0.0,1.5676,1.2419,1.3466,0.9222,0.3507,0,37.0099,0.3135,Low Potential
21.13,80.085,0,Grid Point,0.0528,0.075,0.0815,0.2152,0.2932,0.196,271.0,0.0,0.0,1.5436,1.3625,1.4959,0.9108,0.4506,0,38.1845,0.1808,Low Potential
21.13,80.1,0,Grid Point,0.0451,0.0704,0.0744,0.215,0.2712,0.1737,276.0,2.1933,295.0035,1.6497,1.2614,1.5613,0.8079,0.4858,0,39.3846,0.2297,Low Potential
21.13,80.115,0,Grid Point,0.0459,0.0768,0.0698,0.2693,0.1626,0.0929,279.0,4.8425,304.9756,1.5207,0.6038,1.7503,0.345,0.5883,0,40.6081,0.3861,Moderate Potential
21.13,80.13,0,Grid Point,0.0394,0.0701,0.0588,0.2972,0.1543,0.0841,264.0,0.9274,180.0,1.4924,0.5192,1.8347,0.283,0.6697,0,41.1861,0.4524,Moderate Potential
21.13,80.145,0,Grid Point,0.0401,0.0753,0.0581,0.2774,0.1686,0.0874,267.0,2.1933,115.0035,1.4489,0.6078,1.9291,0.3151,0.6537,0,41.3307,0.4211,Moderate Potential
21.13,80.16,0,Grid Point,0.0508,0.0801,0.0744,0.2533,0.2163,0.1431,273.0,0.0,0.0,1.4646,0.8539,1.5115,0.5649,0.5459,0,41.5324,0.1308,Low Potential
21.13,80.175,0,Grid Point,0.1013,0.1343,0.1771,0.279,0.3384,0.2973,282.0,2.1933,244.9965,1.7312,1.2129,1.1382,1.0656,0.2234,0,41.7902,0.1847,Low Potential
21.13,80.19,0,Grid Point,0.0433,0.0681,0.0698,0.2575,0.2179,0.137,278.0,1.3595,133.0077,1.612,0.8462,1.5905,0.532,0.5735,0,42.1032,0.1405,Low Potential
21.13,80.205,0,Grid Point,0.0604,0.0946,0.1005,0.2579,0.2371,0.1705,286.0,2.1933,244.9965,1.6639,0.9193,1.3906,0.6611,0.4392,0,42.4701,0.2332,Low Potential
21.13,80.22,0,Grid Point,0.0444,0.0638,0.0689,0.2111,0.2402,0.1466,305.0,2.1037,331.8069,1.5518,1.1378,1.6385,0.6945,0.5079,0,42.8896,0.1418,Low Potential
21.13,80.235,0,Grid Point,0.0439,0.0668,0.055,0.2673,0.1588,0.0883,303.0,4.0724,313.0077,1.2528,0.5941,1.7984,0.3303,0.6587,0,43.36,0.4216,Moderate Potential
21.13,80.25,0,Grid Point,0.0512,0.0732,0.0905,0.1973,0.2978,0.2017,318.0,2.7803,0.0,1.7676,1.5094,1.4765,1.0223,0.3711,0,43.8799,0.1794,Low Potential
21.13,80.265,0,Grid Point,0.0447,0.0704,0.0689,0.2472,0.1803,0.1209,309.0,1.3595,46.9923,1.5414,0.7294,1.4913,0.4891,0.5641,0,44.4474,0.1563,Low Potential
21.13,80.28,0,Grid Point,0.0632,0.091,0.1015,0.2576,0.2585,0.2063,320.0,2.1933,295.0035,1.606,1.0035,1.253,0.8009,0.4347,0,45.0608,0.2679,Low Potential
21.13,80.295,0,Grid Point,0.0369,0.0553,0.0528,0.2109,0.1879,0.1181,442.0,7.547549999999999,301.8751,1.4309,0.8909,1.591,0.56,0.5995,0,45.7182,0.2687,Low Potential
21.13,80.31,0,Grid Point,0.056,0.0767,0.0835,0.2088,0.2707,0.1727,414.0,7.547549999999999,266.6635,1.4911,1.2965,1.5675,0.8271,0.4287,0,46.4177,0.2172,Low Potential
21.13,80.325,0,Grid Point,0.0471,0.0682,0.0588,0.2053,0.2236,0.1444,374.0,1.9879,270.0,1.2484,1.0891,1.5485,0.7034,0.5547,0,47.1575,0.1669,Low Potential
21.13,80.34,0,Grid Point,0.0724,0.1042,0.1359,0.2163,0.3248,0.2635,355.0,5.0444,79.4328,1.8771,1.5016,1.2326,1.2182,0.2283,0,47.9356,0.3281,Low Potential
21.13,80.355,0,Grid Point,0.0688,0.092,0.1132,0.2199,0.3167,0.2408,361.0,2.1037,331.8069,1.6453,1.4402,1.3152,1.095,0.3203,0,48.7503,0.5432,Moderate Potential
21.13,80.37,0,Grid Point,0.0518,0.0721,0.0901,0.2036,0.3251,0.2232,352.0,6.5396,188.7074,1.7394,1.5968,1.4565,1.0963,0.3864,0,49.5998,0.1916,Low Potential
21.13,80.385,0,Grid Point,0.0582,0.0784,0.1042,0.1915,0.3152,0.2551,344.0,4.7496,141.1986,1.7904,1.646,1.2356,1.3321,0.2952,0,49.882262499999996,0.3743,Moderate Potential
21.13,80.4,0,Grid Point,0.0619,0.0817,0.1087,0.2226,0.3026,0.2216,332.0,7.547549999999999,19.6649,1.7561,1.3594,1.3655,0.9955,0.3438,0,49.882262499999996,0.5005,Moderate Potential
21.13,80.415,0,Grid Point,0.0492,0.0703,0.0804,0.2221,0.2563,0.1716,391.0,7.547549999999999,222.8963,1.6341,1.154,1.4936,0.7726,0.4684,0,49.882262499999996,0.1975,Low Potential
21.13,80.43,0,Grid Point,0.0494,0.0713,0.0897,0.2061,0.284,0.1938,391.0,7.547549999999999,200.9512,1.8158,1.378,1.4654,0.9403,0.3935,0,49.882262499999996,0.193,Low Potential
21.13,80.445,0,Grid Point,0.0499,0.07,0.0745,0.2195,0.2353,0.1668,353.0,6.808,144.4458,1.493,1.072,1.4107,0.7599,0.4932,0,49.882262499999996,0.2208,Low Potential
21.13,80.46,0,Grid Point,0.0582,0.0799,0.1092,0.2245,0.3072,0.2125,354.0,4.3801,295.0035,1.8763,1.3684,1.4456,0.9465,0.3455,0,49.882262499999996,0.313,Low Potential
21.13,80.475,0,Grid Point,0.0533,0.0697,0.0884,0.1886,0.2503,0.1838,414.0,7.547549999999999,180.0,1.6585,1.3271,1.3618,0.9745,0.3617,0,49.882262499999996,0.4392,Moderate Potential
21.13,80.49,0,Grid Point,0.0399,0.061,0.0476,0.2383,0.1402,0.0773,367.0,4.0724,46.9923,1.193,0.5883,1.8137,0.3244,0.667,0,49.882262499999996,0.5305,Moderate Potential
21.145,79.2,0,Grid Point,0.0749,0.0996,0.1078,0.2228,0.2693,0.1932,280.0,2.1935,115.0013,1.4399,1.2087,1.3935,0.8674,0.3476,0,15.6972,0.3416,Low Potential
21.145,79.215,0,Grid Point,0.0612,0.0904,0.086,0.2562,0.2168,0.1443,276.0,0.9943,270.0,1.4064,0.8464,1.5028,0.5632,0.4974,0,14.1792,0.1464,Low Potential
21.145,79.23,0,Grid Point,0.0522,0.0722,0.0622,0.2388,0.18,0.1218,276.0,1.3596,133.0048,1.1937,0.7541,1.4782,0.5102,0.5864,0,12.6677,0.2207,Low Potential
21.145,79.245,0,Grid Point,0.0663,0.0956,0.1102,0.2565,0.2128,0.1485,280.0,2.7176,313.0048,1.6621,0.8298,1.4333,0.5789,0.399,0,11.1653,0.1976,Low Potential
21.145,79.26,0,Grid Point,0.0582,0.0732,0.079,0.2134,0.2336,0.1582,280.0,0.0,0.0,1.3577,1.0947,1.4768,0.7413,0.4598,0,9.6764,0.137,Low Potential
21.145,79.275,0,Grid Point,0.0665,0.0827,0.0991,0.2114,0.2398,0.1679,277.0,0.0,0.0,1.4902,1.1343,1.4285,0.794,0.3618,0,8.2083,0.1941,Low Potential
21.145,79.29,0,Grid Point,0.0526,0.0681,0.0679,0.2,0.1943,0.1207,278.0,1.3596,313.0048,1.2921,0.9713,1.6098,0.6033,0.4932,0,6.7744,0.1835,Low Potential
21.145,79.305,0,Grid Point,0.0644,0.087,0.0996,0.229,0.2298,0.1673,273.0,0.9274,0.0,1.5454,1.0035,1.3736,0.7306,0.3938,0,5.4022,0.3015,Low Potential
21.145,79.32,0,Grid Point,0.0674,0.0864,0.0916,0.2233,0.2578,0.1842,273.0,2.7803,180.0,1.3588,1.1545,1.3992,0.8251,0.418,0,4.1532,0.2737,Low Potential
21.145,79.335,0,Grid Point,0.0719,0.0982,0.1216,0.2233,0.2294,0.1619,276.0,0.9274,0.0,1.6912,1.0271,1.4166,0.725,0.2949,1,3.1761,0.267,Low Potential
21.145,79.35,0,Grid Point,0.0547,0.075,0.0747,0.24,0.2196,0.132,275.0,1.3596,313.0048,1.3656,0.9148,1.6633,0.55,0.5253,1,2.775,0.1503,Low Potential
21.145,79.365,0,Grid Point,0.062,0.0824,0.1015,0.1956,0.2339,0.184,264.0,2.1038,151.8045,1.6384,1.1955,1.2715,0.9402,0.3168,1,3.1761,0.5582,Moderate Potential
21.145,79.38,0,Grid Point,0.0666,0.0927,0.1036,0.2612,0.2404,0.1652,270.0,1.3596,46.9952,1.5544,0.9204,1.4552,0.6325,0.432,1,4.1532,0.1358,Low Potential
21.145,79.395,0,Grid Point,0.1013,0.1363375,0.1703,0.2078,0.2607,0.2452,269.0,1.3596,313.0048,1.3823,1.2543,1.0634,1.1795,0.0993,1,5.4022,0.4526,Moderate Potential
21.145,79.41,0,Grid Point,0.1013,0.1363375,0.1773,0.2047,0.2428,0.204,271.0,2.1038,331.8045,1.6341,1.1856,1.1897,0.9966,0.07343750000000004,0,6.7744,0.4064,Moderate Potential
21.145,79.425,0,Grid Point,0.0513,0.0732,0.0729,0.229,0.1898,0.1239,269.0,0.9943,270.0,1.4211,0.8292,1.5323,0.5412,0.517,0,8.2083,0.1715,Low Potential
21.145,79.44,0,Grid Point,0.0702,0.0948,0.1052,0.2673,0.2321,0.16,266.0,0.9943,90.0,1.4979,0.8682,1.4511,0.5983,0.4354,0,9.6764,0.1379,Low Potential
21.145,79.455,0,Grid Point,0.0636,0.0884,0.1085,0.2216,0.2283,0.1606,263.0,1.3596,313.0048,1.706,1.03,1.4215,0.7246,0.3427,0,11.1653,0.2721,Low Potential
21.145,79.47,0,Grid Point,0.0711,0.0974,0.1234,0.2258,0.244,0.1943,261.0,1.8543,0.0,1.7356,1.0811,1.256,0.8607,0.2931,0,11.7134,0.3667,Moderate Potential
21.145,79.485,0,Grid Point,0.0604,0.0874,0.1037,0.2242,0.2258,0.1515,258.0,0.9274,0.0,1.7169,1.0067,1.4901,0.6756,0.3676,0,10.6831,0.2137,Low Potential
21.145,79.5,0,Grid Point,0.0596,0.0828,0.1,0.1645,0.1965,0.1575,259.0,1.3596,226.9952,1.6801,1.1945,1.2476,0.9574,0.2436,0,9.7892,0.5086,Moderate Potential
21.145,79.515,0,Grid Point,0.0641,0.0935,0.119,0.1996,0.2442,0.2,255.0,2.1038,28.1955,1.8565,1.2238,1.2207,1.0025,0.2529,0,9.072,0.4794,Moderate Potential
21.145,79.53,0,Grid Point,0.064,0.09,0.0992,0.2504,0.2456,0.1674,269.0,0.9274,0.0,1.5504,0.981,1.4667,0.6689,0.4326,0,8.5761,0.1441,Low Potential
21.145,79.545,0,Grid Point,0.0722,0.1048,0.1194,0.2663,0.3167,0.2238,261.0,2.1038,28.1955,1.6542,1.1892,1.415,0.8404,0.3811,0,8.3409,0.2391,Low Potential
21.145,79.56,0,Grid Point,0.072,0.0974,0.1236,0.208,0.3282,0.2506,255.0,3.4162,324.4431,1.7186,1.5777,1.3101,1.2043,0.2544,0,8.3885,0.4598,Moderate Potential
21.145,79.575,0,Grid Point,0.0561,0.0853,0.0854,0.2651,0.2226,0.1361,249.0,0.9274,0.0,1.5223,0.8397,1.6356,0.5134,0.5127,0,8.7141,0.1461,Low Potential
21.145,79.59,0,Grid Point,0.0592,0.0804,0.0922,0.2088,0.2779,0.1964,250.0,2.1038,151.8045,1.557,1.3313,1.4153,0.9406,0.387,0,9.2887,0.2684,Low Potential
21.145,79.605,0,Grid Point,0.1013,0.1363375,0.18015,0.2453,0.3085,0.2741,249.0,1.3596,133.0048,1.6609,1.2576,1.1255,1.1174,0.0902,0,10.0696,0.3149,Low Potential
21.145,79.62,0,Grid Point,0.0764,0.1028,0.1224,0.2222,0.2518,0.1903,250.0,0.0,0.0,1.6031,1.1334,1.3234,0.8564,0.2896,0,11.0132,0.3982,Moderate Potential
21.145,79.635,0,Grid Point,0.0562,0.09,0.0744,0.3057,0.2378,0.1519,250.0,2.1038,28.1955,1.3247,0.7779,1.5655,0.4969,0.6083,0,12.0812,0.153,Low Potential
21.145,79.65,0,Grid Point,0.0384,0.0497,0.0348,0.13885000000000003,0.09513749999999997,0.023,241.0,3.4162,144.4431,0.9781375000000002,1.2094,1.3905,0.8698,0.07343750000000004,0,13.2437,0.6530125,High Potential Deposit Zone
21.145,79.665,0,Grid Point,0.0572,0.0852,0.0792,0.2562,0.2494,0.1714,248.0,1.8543,0.0,1.3867,0.9736,1.4551,0.6691,0.5274,0,14.4779,0.1264,Low Potential
21.145,79.68,0,Grid Point,0.0702,0.0962,0.114,0.246,0.3236,0.2326,251.0,1.9881,270.0,1.6258,1.3154,1.3917,0.9451,0.3666,0,15.767,0.5219,Moderate Potential
21.145,79.695,0,Grid Point,0.0602,0.0872,0.1056,0.2172,0.2358,0.175,251.0,2.7176,226.9952,1.7519,1.0859,1.347,0.8061,0.3458,0,17.0985,0.364,Moderate Potential
21.145,79.71,0,Grid Point,0.0962,0.1245,0.1625,0.2432,0.3385,0.2782,264.0,2.1935,64.9987,1.6901,1.3916,1.2168,1.1437,0.199,0,18.4634,0.2218,Low Potential
21.145,79.725,0,Grid Point,0.0439,0.0656,0.0639,0.1793,0.1554,0.0913,259.0,1.9881,270.0,1.4556,0.867,1.7026,0.5092,0.4745,0,19.8546,0.2973,Low Potential
21.145,79.74,0,Grid Point,0.0437,0.0818,0.061,0.2288,0.175,0.1043,268.0,3.1211,252.73,1.3959,0.7646,1.6774,0.4559,0.579,0,21.2671,0.2279,Low Potential
21.145,79.755,0,Grid Point,0.059,0.0787,0.102,0.209,0.2946,0.2095,280.0,1.3596,226.9952,1.7294,1.4092,1.4062,1.0022,0.3444,0,22.6969,0.3575,Moderate Potential
21.145,79.77,0,Grid Point,0.0452,0.0644,0.0627,0.1766,0.2204,0.1349,296.0,0.9274,180.0,1.3872,1.248,1.6338,0.7639,0.476,0,22.9638,0.1506,Low Potential
21.145,79.785,0,Grid Point,0.0485,0.0686,0.0726,0.2182,0.2455,0.1606,304.0,7.547549999999999,342.1693,1.4969,1.1251,1.5291,0.7358,0.5007,0,22.8074,0.1726,Low Potential
21.145,79.8,0,Grid Point,0.0534,0.0726,0.0836,0.1992,0.2805,0.1932,278.0,5.033,156.7867,1.5661,1.4078,1.4519,0.9696,0.4091,0,22.755,0.2154,Low Potential
21.145,79.815,0,Grid Point,0.0519,0.0719,0.0908,0.2098,0.2679,0.1786,282.0,2.1935,295.0013,1.7495,1.2766,1.4996,0.8513,0.396,0,22.8074,0.2146,Low Potential
21.145,79.83,0,Grid Point,0.049,0.0711,0.0874,0.1981,0.29,0.2016,280.0,0.0,0.0,1.7847,1.4639,1.4385,1.0177,0.3875,0,22.9638,0.1769,Low Potential
21.145,79.845,0,Grid Point,0.0709,0.0982,0.1176,0.2295,0.3234,0.2371,289.0,0.9943,270.0,1.658,1.4092,1.364,1.0331,0.3226,0,23.2223,0.5326,Moderate Potential
21.145,79.86,0,Grid Point,0.0934,0.1277,0.1729,0.2474,0.3905,0.3119,280.0,2.1935,115.0013,1.8502,1.5787,1.252,1.261,0.1772,0,23.5793,0.1947,Low Potential
21.145,79.875,0,Grid Point,0.0826,0.1078,0.1364,0.2404,0.3506,0.2515,272.0,2.7803,180.0,1.6509,1.4581,1.394,1.046,0.2759,0,24.0305,0.2478,Low Potential
21.145,79.89,0,Grid Point,0.0679,0.0959,0.1308,0.2477,0.3495,0.2644,266.0,2.7176,313.0048,1.9256,1.411,1.3216,1.0676,0.309,0,24.5708,0.3552,Moderate Potential
21.145,79.905,0,Grid Point,0.0596,0.0819,0.1016,0.2232,0.334,0.2406,261.0,3.5086,121.8725,1.7024,1.4962,1.388,1.078,0.3746,0,25.1943,0.4029,Moderate Potential
21.145,79.92,0,Grid Point,0.0488,0.0756,0.0679,0.2923,0.2096,0.1328,257.0,1.3596,46.9952,1.39,0.7171,1.5789,0.4542,0.623,0,25.8952,0.1405,Low Potential
21.145,79.935,0,Grid Point,0.0706,0.098,0.123,0.2544,0.304,0.2189,263.0,1.9881,90.0,1.7422,1.1952,1.389,0.8605,0.3482,0,26.6672,0.273,Low Potential
21.145,79.95,0,Grid Point,0.0661,0.0966,0.1214,0.2194,0.3064,0.222,258.0,3.8352,164.9948,1.8374,1.396,1.3803,1.0114,0.2875,0,27.5044,0.4447,Moderate Potential
21.145,79.965,0,Grid Point,0.0478,0.0776,0.0644,0.242,0.1861,0.1208,263.0,1.9881,270.0,1.3462,0.7692,1.5399,0.4995,0.5798,0,28.4011,0.1609,Low Potential
21.145,79.98,0,Grid Point,0.0538,0.0786,0.0659,0.2448,0.1483,0.0788,262.0,0.9274,0.0,1.224,0.6059,1.8808,0.3222,0.576,0,29.3517,0.4099,Moderate Potential
21.145,79.995,0,Grid Point,0.0455,0.0648,0.0458,0.13885000000000003,0.09513749999999997,0.02,269.0,0.0,0.0,1.0055,0.9428,1.3142,0.7174,0.07343750000000004,0,30.3512,0.5129,Moderate Potential
21.145,80.01,0,Grid Point,0.0562,0.0828,0.1016,0.2243,0.2821,0.2004,282.0,2.1935,244.9987,1.8087,1.2577,1.408,0.8932,0.3763,0,31.395,0.3893,Moderate Potential
21.145,80.025,0,Grid Point,0.0589,0.0836,0.1038,0.216,0.3194,0.2224,276.0,2.9806,90.0,1.7615,1.4793,1.4367,1.0296,0.351,0,32.4788,0.2352,Low Potential
21.145,80.04,0,Grid Point,0.0442,0.0677,0.0547,0.2759,0.1524,0.0833,266.0,1.3596,226.9952,1.2376,0.5524,1.8295,0.3019,0.6691,0,33.5986,0.4355,Moderate Potential
21.145,80.055,0,Grid Point,0.065,0.0938,0.1179,0.2208,0.3568,0.2635,269.0,3.1211,287.27,1.8138,1.6159,1.3541,1.1934,0.3038,0,34.7511,0.436,Moderate Potential
21.145,80.07,0,Grid Point,0.0634,0.0938,0.1069,0.258,0.3056,0.2283,285.0,0.9274,0.0,1.6861,1.1845,1.3386,0.8849,0.4141,0,35.9331,0.3903,Moderate Potential
21.145,80.085,0,Grid Point,0.0531,0.0754,0.0837,0.196,0.2866,0.1943,286.0,2.7803,180.0,1.5763,1.4622,1.475,0.9913,0.4015,0,37.1417,0.1623,Low Potential
21.145,80.1,0,Grid Point,0.0402,0.065,0.0599,0.2189,0.2213,0.1273,282.0,2.7176,226.9952,1.49,1.011,1.7384,0.5815,0.5703,0,38.3745,0.1881,Low Potential
21.145,80.115,0,Grid Point,0.0534,0.0786,0.0876,0.2398,0.2589,0.1746,277.0,2.9522,199.6667,1.6404,1.0796,1.4828,0.7281,0.4649,0,39.4353,0.1577,Low Potential
21.145,80.13,0,Grid Point,0.0473,0.0685,0.0615,0.2782,0.2045,0.1379,267.0,2.1038,208.1955,1.3002,0.7351,1.483,0.4957,0.6379,0,39.526,0.1543,Low Potential
21.145,80.145,0,Grid Point,0.079,0.102,0.1294,0.2373,0.3769,0.2968,265.0,1.9881,270.0,1.638,1.5883,1.2699,1.2507,0.2942,0,39.6767,0.3573,Moderate Potential
21.145,80.16,0,Grid Point,0.0703,0.0968,0.1196,0.2268,0.2747,0.1988,272.0,3.1211,287.27,1.7013,1.2112,1.3818,0.8765,0.3095,0,39.8867,0.4657,Moderate Potential
21.145,80.175,0,Grid Point,0.0448,0.0694,0.0555,0.2446,0.1988,0.1177,280.0,2.1038,28.1955,1.2388,0.8128,1.689,0.4812,0.6301,0,40.1551,0.1686,Low Potential
21.145,80.19,0,Grid Point,0.0712,0.0979,0.1188,0.2393,0.2616,0.1949,286.0,2.1038,331.8045,1.6685,1.0932,1.3422,0.8145,0.3365,0,40.4807,0.3354,Low Potential
21.145,80.205,0,Grid Point,0.0431,0.0804,0.0593,0.2417,0.1704,0.099,284.0,4.9598,270.0,1.3759,0.705,1.7212,0.4096,0.606,0,40.8622,0.2932,Low Potential
21.145,80.22,0,Grid Point,0.0519,0.072,0.0799,0.2086,0.2756,0.1868,291.0,0.9943,90.0,1.5395,1.3212,1.4754,0.8955,0.4461,0,41.298,0.1613,Low Potential
21.145,80.235,0,Grid Point,0.05,0.0688,0.079,0.2075,0.2694,0.1807,297.0,4.2019,151.8045,1.58,1.2983,1.4909,0.8708,0.4485,0,41.7864,0.1871,Low Potential
21.145,80.25,0,Grid Point,0.0595,0.0849,0.0927,0.2284,0.2978,0.1993,303.0,2.7803,0.0,1.558,1.3039,1.4942,0.8726,0.4226,0,42.3256,0.1735,Low Potential
21.145,80.265,0,Grid Point,0.0587,0.0789,0.0926,0.2152,0.2831,0.1923,323.0,4.2019,151.8045,1.5775,1.3155,1.4722,0.8936,0.3983,0,42.9137,0.2136,Low Potential
21.145,80.28,0,Grid Point,0.0521,0.0702,0.0884,0.1887,0.2938,0.2071,333.0,1.3596,133.0048,1.6967,1.557,1.4186,1.0975,0.362,0,43.5487,0.2085,Low Potential
21.145,80.295,0,Grid Point,0.0523,0.0713,0.086,0.1931,0.2677,0.1921,368.0,1.3596,313.0048,1.6444,1.3863,1.3935,0.9948,0.3837,0,44.2285,0.3416,Low Potential
21.145,80.31,0,Grid Point,0.0435,0.0629,0.0718,0.2009,0.2492,0.1721,394.0,2.9522,199.6667,1.6506,1.2404,1.448,0.8566,0.4734,0,44.9512,0.1863,Low Potential
21.145,80.325,0,Grid Point,0.054,0.0716,0.0953,0.201,0.3058,0.2231,367.0,3.8352,344.9948,1.7648,1.5214,1.3707,1.11,0.3567,0,45.7147,0.36,Moderate Potential
21.145,80.34,0,Grid Point,0.0612,0.0833,0.1055,0.2232,0.3178,0.2187,355.0,3.8352,344.9948,1.7239,1.4238,1.4531,0.9798,0.3581,0,46.517,0.3179,Low Potential
21.145,80.355,0,Grid Point,0.0488,0.0693,0.082,0.1953,0.2956,0.2088,340.0,2.1038,331.8045,1.6803,1.5136,1.4157,1.0691,0.4086,0,47.3561,0.2233,Low Potential
21.145,80.37,0,Grid Point,0.0535,0.0742,0.0903,0.1918,0.3079,0.2208,340.0,5.4973,32.7537,1.6879,1.6053,1.3945,1.1512,0.3598,0,48.2302,0.4011,Moderate Potential
21.145,80.385,0,Grid Point,0.0494,0.0707,0.0539,0.2275,0.1389,0.0898,327.0,2.1038,151.8045,1.0911,0.6105,1.5468,0.3947,0.6169,0,49.1373,0.3881,Moderate Potential
21.145,80.4,0,Grid Point,0.0671,0.0897,0.1278,0.2505,0.3634,0.2674,340.0,2.7803,0.0,1.9046,1.4507,1.359,1.0675,0.3243,0,49.882262499999996,0.3705,Moderate Potential
21.145,80.415,0,Grid Point,0.0687,0.0958,0.1145,0.2089,0.3311,0.2314,339.0,2.9522,340.3333,1.6667,1.585,1.4309,1.1077,0.2919,0,49.882262499999996,0.3334,Low Potential
21.145,80.43,0,Grid Point,0.0528,0.068,0.0904,0.1897,0.2837,0.2022,383.0,5.0449,280.5662,1.7121,1.4955,1.4031,1.0659,0.3545,0,49.882262499999996,0.341,Low Potential
21.145,80.445,0,Grid Point,0.0501,0.0704,0.0788,0.2029,0.2598,0.1766,359.0,4.7498,218.8042,1.5729,1.2804,1.4711,0.8704,0.4405,0,49.882262499999996,0.1819,Low Potential
21.145,80.46,0,Grid Point,0.0959,0.1267,0.1691,0.2489,0.3605,0.3235,358.0,3.1211,287.27,1.7633,1.4484,1.1144,1.2997,0.1909,0,49.882262499999996,0.2199,Low Potential
21.145,80.475,0,Grid Point,0.0728,0.0977,0.0995,0.2398,0.2656,0.1981,509.0,7.547549999999999,273.9521,1.3668,1.1076,1.3407,0.8261,0.4135,0,49.882262499999996,0.3161,Low Potential
21.145,80.49,0,Grid Point,0.0514,0.0732,0.0883,0.194,0.3032,0.2215,361.0,5.6349,10.1317,1.7179,1.5629,1.3688,1.1418,0.3744,0,49.882262499999996,0.3771,Moderate Potential
21.16,79.2,0,Grid Point,0.0795,0.1034,0.1072,0.2338,0.2292,0.1645,280.0,0.9944,90.0,1.3484,0.9803,1.394,0.7032,0.3714,0,16.0753,0.2593,Low Potential
21.16,79.215,0,Grid Point,0.0758,0.1007,0.1284,0.2355,0.2912,0.2026,282.0,1.9883,90.0,1.6922,1.2365,1.437,0.8605,0.2945,0,14.5967,0.257,Low Potential
21.16,79.23,0,Grid Point,0.1013,0.1235,0.1486,0.1941,0.2497,0.2368,285.0,2.1936,65.0009,1.4092,1.2865,1.0545,1.22,0.1328,0,13.1333,0.3936,Moderate Potential
21.16,79.245,0,Grid Point,0.0664,0.0886,0.0966,0.2028,0.2278,0.1628,286.0,3.4163,215.5597,1.4548,1.1233,1.3985,0.8032,0.3546,0,11.6909,0.378,Moderate Potential
21.16,79.26,0,Grid Point,0.0717,0.1003,0.1138,0.2243,0.2367,0.1696,282.0,2.1936,294.9991,1.5865,1.0553,1.3952,0.7564,0.327,0,10.2784,0.3237,Low Potential
21.16,79.275,0,Grid Point,0.0716,0.0954,0.1048,0.211,0.2292,0.1616,278.0,1.3597,133.0019,1.4654,1.0868,1.4191,0.7658,0.336,0,8.9101,0.2118,Low Potential
21.16,79.29,0,Grid Point,0.0645,0.0886,0.0962,0.2468,0.2177,0.1483,278.0,1.9883,90.0,1.4922,0.8821,1.468,0.6009,0.4389,0,7.6096,0.1291,Low Potential
21.16,79.305,0,Grid Point,0.0665,0.0944,0.107,0.237,0.2194,0.1512,276.0,0.0,0.0,1.6083,0.9261,1.4509,0.6383,0.378,0,6.4185,0.1513,Low Potential
21.16,79.32,0,Grid Point,0.0596,0.0772,0.0827,0.2438,0.2268,0.1474,275.0,1.3597,313.0019,1.3876,0.9303,1.5389,0.6045,0.4933,0,5.4094,0.1434,Low Potential
21.16,79.335,0,Grid Point,0.053,0.0766,0.0754,0.2758,0.2008,0.1388,270.0,2.9523,340.3315,1.4222,0.728,1.4458,0.5035,0.5703,1,4.7011,0.1812,Low Potential
21.16,79.35,0,Grid Point,0.0629,0.0848,0.1008,0.2105,0.231,0.1756,273.0,1.8543,0.0,1.6017,1.0976,1.3158,0.8342,0.3526,1,4.44,0.3785,Moderate Potential
21.16,79.365,0,Grid Point,0.0791,0.1142,0.1306,0.26,0.2722,0.2082,267.0,2.1038,331.802,1.6511,1.0467,1.3077,0.8004,0.3314,1,4.7011,0.2856,Low Potential
21.16,79.38,0,Grid Point,0.0948,0.1191,0.131,0.2536,0.2704,0.211,272.0,1.3597,133.0019,1.3819,1.066,1.2813,0.832,0.3188,1,5.4094,0.2433,Low Potential
21.16,79.395,0,Grid Point,0.0716,0.0983,0.1188,0.2388,0.2526,0.1845,270.0,0.9944,270.0,1.6581,1.0582,1.3694,0.7728,0.3355,1,6.4185,0.3792,Moderate Potential
21.16,79.41,0,Grid Point,0.0513,0.0662,0.078,0.1818,0.2427,0.158,265.0,0.9944,90.0,1.5205,1.3354,1.5356,0.8696,0.3994,1,7.6096,0.1941,Low Potential
21.16,79.425,0,Grid Point,0.0618,0.0871,0.0918,0.2194,0.2016,0.1438,270.0,0.9944,270.0,1.4858,0.9191,1.4018,0.6557,0.4103,1,8.9101,0.3005,Low Potential
21.16,79.44,0,Grid Point,0.0687,0.0934,0.1188,0.2184,0.2338,0.1607,261.0,2.1038,28.198,1.73,1.0707,1.4552,0.7358,0.2952,0,10.2784,0.1969,Low Potential
21.16,79.455,0,Grid Point,0.062,0.0875,0.1042,0.179,0.2059,0.1651,266.0,2.7178,226.9981,1.6806,1.15,1.2471,0.9221,0.2643,0,11.6909,0.5392,Moderate Potential
21.16,79.47,0,Grid Point,0.0576,0.0842,0.0974,0.245,0.245,0.1746,266.0,0.9274,180.0,1.6901,1.0,1.4028,0.7129,0.4313,0,10.595,0.2975,Low Potential
21.16,79.485,0,Grid Point,0.0578,0.0786,0.0844,0.2334,0.2096,0.1518,257.0,3.1214,252.7317,1.4606,0.898,1.3812,0.6502,0.4691,0,9.4434,0.2863,Low Potential
21.16,79.5,0,Grid Point,0.0566,0.0823,0.0915,0.2392,0.2349,0.1552,263.0,2.1936,294.9991,1.6152,0.9822,1.5135,0.649,0.4465,0,8.4189,0.1455,Low Potential
21.16,79.515,0,Grid Point,0.0721,0.0998,0.1194,0.2512,0.2534,0.1826,272.0,1.3597,226.9981,1.656,1.0088,1.3871,0.7273,0.3556,0,7.5731,0.2792,Low Potential
21.16,79.53,0,Grid Point,0.0743,0.0998,0.1211,0.245,0.2872,0.2034,262.0,0.9944,270.0,1.6299,1.1722,1.4122,0.83,0.3385,0,6.9713,0.3404,Low Potential
21.16,79.545,0,Grid Point,0.0564,0.0796,0.0904,0.2214,0.2513,0.1752,255.0,3.5089,238.1301,1.6043,1.1348,1.4348,0.7909,0.4202,0,6.6799,0.214,Low Potential
21.16,79.56,0,Grid Point,0.067,0.0918,0.1154,0.2106,0.2345,0.1664,254.0,1.3597,313.0019,1.7229,1.1137,1.4097,0.7901,0.2921,0,6.7392,0.3299,Low Potential
21.16,79.575,0,Grid Point,0.0668,0.097,0.1152,0.2202,0.2939,0.21,256.0,2.1038,208.198,1.7253,1.335,1.3992,0.9541,0.3128,0,7.1405,0.5281,Moderate Potential
21.16,79.59,0,Grid Point,0.0714,0.0968,0.1166,0.2221,0.2541,0.1836,251.0,3.9718,90.0,1.6342,1.1441,1.384,0.8267,0.3115,0,7.8313,0.4523,Moderate Potential
21.16,79.605,0,Grid Point,0.0727,0.104,0.1153,0.2648,0.2849,0.201,258.0,0.9944,270.0,1.586,1.0759,1.4171,0.7593,0.3933,0,8.7434,0.1793,Low Potential
21.16,79.62,0,Grid Point,0.097,0.121,0.1414,0.2548,0.2918,0.2352,257.0,2.7178,46.9981,1.4577,1.145,1.2404,0.9231,0.2862,0,9.8153,0.2618,Low Potential
21.16,79.635,0,Grid Point,0.087,0.1174,0.1368,0.2434,0.2753,0.2213,254.0,4.75,141.1929,1.5724,1.1308,1.244,0.909,0.2805,0,11.0003,0.3136,Low Potential
21.16,79.65,0,Grid Point,0.0472,0.0713,0.0638,0.2611,0.1974,0.1266,260.0,0.0,0.0,1.3492,0.756,1.5599,0.4847,0.6075,0,12.2656,0.1864,Low Potential
21.16,79.665,0,Grid Point,0.0369,0.0594,0.0483,0.31765,0.1796,0.0958,248.0,2.7803,180.0,1.3085,0.526,1.8747,0.2806,0.7519,0,13.589,0.4903,Moderate Potential
21.16,79.68,0,Grid Point,0.0384,0.0654,0.0429,0.301,0.1974,0.1019,247.0,2.1936,114.9991,1.1186,0.6555,1.9367,0.3385,0.7505,0,14.9549,0.4439,Moderate Potential
21.16,79.695,0,Grid Point,0.0638,0.0898,0.103,0.2375,0.2436,0.1654,253.0,1.3597,226.9981,1.6152,1.0255,1.4729,0.6962,0.3948,0,16.3527,0.1594,Low Potential
21.16,79.71,0,Grid Point,0.0497,0.0788,0.0721,0.1987,0.1492,0.0986,255.0,3.9718,90.0,1.4507,0.7509,1.5124,0.4965,0.4675,0,17.7749,0.2609,Low Potential
21.16,79.725,0,Grid Point,0.0552,0.0782,0.0922,0.2547,0.307,0.1996,311.0,7.547549999999999,33.8295,1.6679,1.2051,1.5377,0.7837,0.4687,0,19.216,0.2205,Low Potential
21.16,79.74,0,Grid Point,0.043,0.061,0.0718,0.2226,0.2524,0.154,335.0,7.547549999999999,128.0739,1.669,1.1338,1.6388,0.6919,0.5121,0,20.6722,0.205,Low Potential
21.16,79.755,0,Grid Point,0.0446,0.0692,0.065,0.2039,0.2462,0.1536,279.0,5.6349,190.1327,1.4602,1.2077,1.6032,0.7533,0.5163,0,21.5933,0.1706,Low Potential
21.16,79.77,0,Grid Point,0.0408,0.0598,0.0592,0.1981,0.2288,0.1388,290.0,1.8543,180.0,1.448,1.1552,1.6482,0.7009,0.5401,0,21.3152,0.1554,Low Potential
21.16,79.785,0,Grid Point,0.0388,0.0593,0.0574,0.1936,0.2164,0.1278,299.0,1.9883,90.0,1.4788,1.118,1.6937,0.6601,0.5423,0,21.1465,0.1754,Low Potential
21.16,79.8,0,Grid Point,0.0488,0.0671,0.0774,0.176,0.2628,0.1805,296.0,4.7321,347.8957,1.5867,1.4933,1.4557,1.0259,0.3893,0,21.09,0.2449,Low Potential
21.16,79.815,0,Grid Point,0.0528,0.0764,0.0904,0.2167,0.26,0.1738,299.0,1.3597,46.9981,1.7137,1.2,1.4958,0.8023,0.4113,0,21.1465,0.162,Low Potential
21.16,79.83,0,Grid Point,0.0561,0.077,0.0952,0.2202,0.2979,0.2101,308.0,7.4549,248.2146,1.697,1.3526,1.4179,0.9539,0.3964,0,21.3152,0.3155,Low Potential
21.16,79.845,0,Grid Point,0.0449,0.0656,0.0692,0.193,0.2435,0.1563,295.0,0.9944,270.0,1.5395,1.262,1.5579,0.8101,0.4721,0,21.5933,0.1739,Low Potential
21.16,79.86,0,Grid Point,0.0404,0.0652,0.0608,0.2341,0.2386,0.1438,292.0,2.9809,90.0,1.5043,1.0194,1.659,0.6145,0.5874,0,21.9768,0.1728,Low Potential
21.16,79.875,0,Grid Point,0.0539,0.0742,0.0858,0.1988,0.2914,0.2018,275.0,0.9944,270.0,1.5918,1.466,1.4439,1.0153,0.397,0,22.4603,0.2074,Low Potential
21.16,79.89,0,Grid Point,0.048,0.0764,0.0782,0.19,0.2653,0.1748,264.0,1.8543,0.0,1.6281,1.3962,1.5176,0.92,0.4172,0,23.0374,0.1962,Low Potential
21.16,79.905,0,Grid Point,0.0568,0.083,0.0865,0.2352,0.2518,0.1838,259.0,2.1038,331.802,1.5229,1.0708,1.3703,0.7814,0.4621,0,23.7013,0.264,Low Potential
21.16,79.92,0,Grid Point,0.0626,0.0912,0.1054,0.2262,0.2678,0.1885,263.0,3.8352,195.0067,1.6859,1.1834,1.4204,0.8331,0.3642,0,24.445,0.2664,Low Potential
21.16,79.935,0,Grid Point,0.0681,0.0929,0.1291,0.1981,0.354,0.2774,268.0,3.1214,72.7317,1.8957,1.787,1.2759,1.4006,0.2109,0,25.2614,0.3333,Low Potential
21.16,79.95,0,Grid Point,0.0584,0.0882,0.1023,0.226,0.2999,0.2053,266.0,2.7178,313.0019,1.7502,1.327,1.4608,0.9084,0.3768,0,26.1437,0.2719,Low Potential
21.16,79.965,0,Grid Point,0.0734,0.1025,0.1425,0.2419,0.3144,0.2438,268.0,1.8543,180.0,1.9401,1.2995,1.2896,1.0076,0.2586,0,27.0854,0.2884,Low Potential
21.16,79.98,0,Grid Point,0.0836,0.1182,0.136,0.2848,0.3577,0.2596,274.0,3.5089,121.8699,1.6258,1.2562,1.3782,0.9115,0.3535,0,28.0806,0.3292,Low Potential
21.16,79.995,0,Grid Point,0.0537,0.0756,0.0882,0.2063,0.2799,0.1856,300.0,7.547549999999999,21.9057,1.6425,1.3568,1.5081,0.8997,0.401,0,29.1238,0.2554,Low Potential
21.16,80.01,0,Grid Point,0.0517,0.0718,0.0956,0.209,0.3134,0.2201,288.0,3.8352,195.0067,1.8482,1.4998,1.4241,1.0531,0.3725,0,30.21,0.2278,Low Potential
21.16,80.025,0,Grid Point,0.049,0.0704,0.0893,0.2152,0.2888,0.1862,287.0,6.7588,197.0336,1.8224,1.3419,1.5517,0.8648,0.4136,0,31.3348,0.2196,Low Potential
21.16,80.04,0,Grid Point,0.0525,0.0778,0.0753,0.2832,0.2364,0.1513,270.0,3.1214,287.2683,1.4343,0.8347,1.5625,0.5343,0.5799,0,32.4941,0.1645,Low Potential
21.16,80.055,0,Grid Point,0.0467,0.0692,0.0759,0.2069,0.2709,0.1887,266.0,0.0,0.0,1.6253,1.3093,1.4356,0.912,0.4632,0,33.6844,0.2133,Low Potential
21.16,80.07,0,Grid Point,0.0666,0.0974,0.1151,0.2431,0.3242,0.2305,278.0,1.8543,180.0,1.7282,1.3336,1.4065,0.9482,0.3573,0,34.9025,0.3772,Moderate Potential
21.16,80.085,0,Grid Point,0.053,0.0801,0.0845,0.2242,0.2257,0.1493,289.0,2.1038,151.802,1.5943,1.0067,1.5117,0.6659,0.4525,0,36.1456,0.1212,Low Potential
21.16,80.1,0,Grid Point,0.046,0.0862,0.0584,0.13885000000000003,0.09513749999999997,0.0194,276.0,4.202,331.802,1.2696,0.7308,1.3711,0.533,0.07343750000000004,0,37.4112,0.5247,Moderate Potential
21.16,80.115,0,Grid Point,0.067,0.0885,0.1126,0.2232,0.3381,0.2424,282.0,1.3597,46.9981,1.6806,1.5148,1.3948,1.086,0.3294,0,37.7716,0.3972,Moderate Potential
21.16,80.13,0,Grid Point,0.056,0.0859,0.0892,0.2272,0.2901,0.2004,277.0,0.9274,0.0,1.5929,1.2768,1.4476,0.882,0.4362,0,37.8663,0.1963,Low Potential
21.16,80.145,0,Grid Point,0.0473,0.0715,0.0665,0.2437,0.2126,0.1391,269.0,0.9274,180.0,1.4059,0.8724,1.5284,0.5708,0.5712,0,38.0236,0.1341,Low Potential
21.16,80.16,0,Grid Point,0.0582,0.0769,0.0906,0.13885000000000003,0.199,0.1546,268.0,2.7178,133.0019,1.5567,1.4358,1.2872,1.1154,0.2094,0,38.2426,0.3875,Moderate Potential
21.16,80.175,0,Grid Point,0.0562,0.0746,0.0868,0.2124,0.2928,0.2061,273.0,3.4163,144.4403,1.5445,1.3785,1.4207,0.9703,0.4198,0,38.5225,0.222,Low Potential
21.16,80.19,0,Grid Point,0.0612,0.0855,0.0698,0.2462,0.1779,0.1071,280.0,4.75,141.1929,1.1405,0.7226,1.6611,0.435,0.5582,0,38.8618,0.2249,Low Potential
21.16,80.205,0,Grid Point,0.0425,0.0679,0.0537,0.2132,0.1403,0.0852,285.0,3.1214,287.2683,1.2635,0.6581,1.6467,0.3996,0.5976,0,39.259,0.4319,Moderate Potential
21.16,80.22,0,Grid Point,0.06,0.0829,0.1003,0.214,0.3401,0.2491,298.0,6.087,139.3757,1.6717,1.5893,1.3653,1.164,0.3618,0,39.7124,0.4494,Moderate Potential
21.16,80.235,0,Grid Point,0.0463,0.0647,0.0653,0.2042,0.2587,0.162,308.0,4.8431,304.9702,1.4104,1.2669,1.5969,0.7933,0.5154,0,40.2201,0.2089,Low Potential
21.16,80.25,0,Grid Point,0.0548,0.0744,0.0942,0.1956,0.3082,0.2178,309.0,3.4163,215.5597,1.719,1.5757,1.4151,1.1135,0.3499,0,40.78,0.2592,Low Potential
21.16,80.265,0,Grid Point,0.0442,0.0608,0.0633,0.1877,0.2187,0.1395,316.0,4.0729,46.9981,1.4321,1.1652,1.5677,0.7432,0.4956,0,41.3901,0.1458,Low Potential
21.16,80.28,0,Grid Point,0.0404,0.0604,0.0668,0.2244,0.2531,0.163,324.0,3.4163,324.4403,1.6535,1.1279,1.5528,0.7264,0.5412,0,42.0481,0.2448,Low Potential
21.16,80.295,0,Grid Point,0.0548,0.0759,0.0951,0.1873,0.2837,0.2056,358.0,6.4649,0.0,1.7354,1.5147,1.3799,1.0977,0.3265,0,42.7518,0.3516,Moderate Potential
21.16,80.31,0,Grid Point,0.0441,0.0663,0.0739,0.2357,0.2465,0.1555,417.0,7.547549999999999,120.2362,1.6757,1.0458,1.5852,0.6597,0.5226,0,43.499,0.1831,Low Potential
21.16,80.325,0,Grid Point,0.0415,0.0621,0.0666,0.1908,0.2373,0.1399,382.0,3.9718,90.0,1.6048,1.2437,1.6962,0.7332,0.4825,0,44.2876,0.1839,Low Potential
21.16,80.34,0,Grid Point,0.0442,0.065,0.075,0.1823,0.2813,0.1879,358.0,7.514,127.8524,1.6968,1.5431,1.4971,1.0307,0.417,0,45.1153,0.2035,Low Potential
21.16,80.355,0,Grid Point,0.1013,0.1363375,0.18015,0.2646,0.4123,0.3336125,350.0,5.4234,133.0019,1.8061,1.5582,1.2073,1.2906,0.1641,0,45.98,0.2271,Low Potential
21.16,80.37,0,Grid Point,0.0538,0.0801,0.0799,0.2329,0.2271,0.1427,332.0,0.9944,90.0,1.4851,0.9751,1.5915,0.6127,0.4891,0,46.8797,0.1265,Low Potential
21.16,80.385,0,Grid Point,0.059,0.0802,0.1046,0.1925,0.2875,0.2169,330.0,4.0729,133.0019,1.7729,1.4935,1.3255,1.1268,0.2959,0,47.8124,0.4157,Moderate Potential
21.16,80.4,0,Grid Point,0.0474,0.0691,0.0645,0.2131,0.16,0.091,324.0,5.0454,259.4349,1.3608,0.7508,1.7582,0.427,0.5353,0,48.7762,0.2902,Low Potential
21.16,80.415,0,Grid Point,0.0642,0.0882,0.1036,0.2318,0.3254,0.2328,327.0,2.7178,313.0019,1.6137,1.4038,1.3978,1.0043,0.3822,0,49.7693,0.4504,Moderate Potential
21.16,80.43,0,Grid Point,0.056,0.0662,0.0911,0.1897,0.3107,0.2521,370.0,2.1936,245.0009,1.6268,1.6378,1.2324,1.3289,0.3511,0,49.882262499999996,0.3669,Moderate Potential
21.16,80.445,0,Grid Point,0.0444,0.0612,0.0632,0.1834,0.2225,0.1537,340.0,3.4163,324.4403,1.4234,1.2132,1.4476,0.8381,0.4874,0,49.882262499999996,0.1705,Low Potential
21.16,80.46,0,Grid Point,0.0486,0.0643,0.0767,0.191,0.2643,0.1998,368.0,7.547549999999999,241.9468,1.5782,1.3838,1.3228,1.0461,0.427,0,49.882262499999996,0.3645,Moderate Potential
21.16,80.475,0,Grid Point,0.0777,0.1019,0.1298,0.2401,0.3631,0.2822,346.0,6.0167,278.8347,1.6705,1.5123,1.2867,1.1753,0.2982,0,49.882262499999996,0.3779,Moderate Potential
21.16,80.49,0,Grid Point,0.0785,0.1075,0.143,0.2396,0.3634,0.2813,351.0,4.078,103.1237,1.8217,1.5167,1.2919,1.174,0.2525,0,49.882262499999996,0.2579,Low Potential
21.175,79.2,0,Grid Point,0.1013,0.1184,0.1162,0.2347,0.273,0.2002,286.0,1.3597,312.999,1.0144,1.1634,1.3642,0.8528,0.3375,0,16.095,0.3842,Moderate Potential
21.175,79.215,0,Grid Point,0.0678,0.0966,0.1038,0.2497,0.2561,0.1722,290.0,0.9274,0.0,1.5306,1.0256,1.4872,0.6896,0.4125,0,15.1862,0.1458,Low Potential
21.175,79.23,0,Grid Point,0.0684,0.0912,0.0962,0.24,0.2407,0.1636,288.0,0.9274,180.0,1.4057,1.0029,1.4717,0.6815,0.4279,0,13.7855,0.1383,Low Potential
21.175,79.245,0,Grid Point,0.0604,0.0916,0.0816,0.2994,0.2158,0.1341,280.0,2.1938,114.9968,1.3499,0.7211,1.6096,0.448,0.5716,0,12.4191,0.1623,Low Potential
21.175,79.26,0,Grid Point,0.0703,0.094,0.1014,0.2206,0.2404,0.1737,278.0,2.1039,331.7996,1.4417,1.09,1.3839,0.7876,0.3704,0,11.0997,0.3229,Low Potential
21.175,79.275,0,Grid Point,0.0652,0.0927,0.0884,0.2588,0.228,0.1491,277.0,0.9945,270.0,1.3551,0.8808,1.5288,0.5761,0.491,0,9.8461,0.14,Low Potential
21.175,79.29,0,Grid Point,0.0564,0.0826,0.0831,0.2329,0.1976,0.1359,276.0,0.9274,0.0,1.4747,0.8486,1.4538,0.5837,0.4741,0,8.687,0.142,Low Potential
21.175,79.305,0,Grid Point,0.0708,0.0984,0.119,0.218,0.23,0.1866,276.0,2.7179,132.999,1.6789,1.055,1.2325,0.856,0.2941,0,7.6651,0.4068,Moderate Potential
21.175,79.32,0,Grid Point,0.0688,0.0974,0.1128,0.2108,0.2282,0.177,274.0,2.1039,28.2004,1.6383,1.082,1.2893,0.8392,0.303,1,6.8425,0.4284,Moderate Potential
21.175,79.335,0,Grid Point,0.0652,0.0928,0.1078,0.228,0.2248,0.1488,275.0,2.1938,245.0031,1.6521,0.9857,1.5109,0.6524,0.358,1,6.2975,0.2104,Low Potential
21.175,79.35,0,Grid Point,0.0774,0.1064,0.1152,0.217,0.2302,0.1729,259.0,5.4237,132.999,1.49,1.0611,1.3314,0.797,0.3061,1,6.105,0.41,Moderate Potential
21.175,79.365,0,Grid Point,0.0696,0.0925,0.088,0.1916,0.1393,0.1097,256.0,2.1938,114.9968,1.2644,0.7272,1.2698,0.5727,0.3704,1,6.2975,0.4482,Moderate Potential
21.175,79.38,0,Grid Point,0.0612,0.082,0.0952,0.2042,0.2536,0.183,277.0,2.7803,180.0,1.5535,1.2417,1.3859,0.8959,0.3643,1,6.8425,0.5227,Moderate Potential
21.175,79.395,0,Grid Point,0.0853,0.111,0.1256,0.2266,0.262,0.2097,277.0,3.7048,0.0,1.4733,1.1562,1.2494,0.9254,0.2868,1,7.6651,0.4218,Moderate Potential
21.175,79.41,0,Grid Point,0.0824,0.1096,0.1251,0.1804,0.203,0.1747,267.0,1.3597,227.001,1.5191,1.1253,1.162,0.9684,0.181,1,8.687,0.3848,Moderate Potential
21.175,79.425,0,Grid Point,0.0528,0.0775,0.0752,0.2536,0.2327,0.1462,265.0,1.3597,47.001,1.4238,0.9176,1.5917,0.5765,0.5423,1,9.8461,0.1284,Low Potential
21.175,79.44,0,Grid Point,0.0734,0.0948,0.1134,0.2232,0.2545,0.1964,272.0,1.3597,132.999,1.5446,1.1405,1.2958,0.8801,0.3259,1,11.0997,0.4552,Moderate Potential
21.175,79.455,0,Grid Point,0.07,0.1004,0.1222,0.2416,0.282,0.204,259.0,0.9945,90.0,1.745,1.167,1.3824,0.8442,0.3285,1,10.9862,0.378,Moderate Potential
21.175,79.47,0,Grid Point,0.0697,0.0954,0.1074,0.284,0.2728,0.1777,262.0,0.0,0.0,1.5416,0.9606,1.5352,0.6257,0.451,0,9.6357,0.1446,Low Potential
21.175,79.485,0,Grid Point,0.0762,0.1026,0.1207,0.2248,0.2718,0.2114,261.0,2.1938,294.9969,1.583,1.209,1.2856,0.9404,0.3014,0,8.353,0.514,Moderate Potential
21.175,79.5,0,Grid Point,0.0724,0.0998,0.1278,0.2517,0.2982,0.2052,265.0,3.1217,72.7333,1.7647,1.1847,1.4529,0.8155,0.3263,0,7.1744,0.2426,Low Potential
21.175,79.515,0,Grid Point,0.0676,0.0921,0.1096,0.2212,0.2729,0.1979,259.0,1.3597,132.999,1.6232,1.2337,1.379,0.8947,0.3372,0,6.16,0.5574,Moderate Potential
21.175,79.53,0,Grid Point,0.057,0.0757,0.0934,0.19,0.2917,0.207,256.0,0.9945,270.0,1.6363,1.5353,1.4092,1.0895,0.3411,0,5.4031,0.4613,Moderate Potential
21.175,79.545,0,Grid Point,0.06,0.0872,0.0952,0.2484,0.2484,0.1732,256.0,1.8543,180.0,1.5872,1.0002,1.4338,0.6976,0.446,0,5.0215,0.1381,Low Potential
21.175,79.56,0,Grid Point,0.0724,0.0958,0.1215,0.2037,0.2661,0.1952,260.0,3.4164,144.4376,1.6793,1.3063,1.3632,0.9583,0.2528,0,5.1001,0.5751,Moderate Potential
21.175,79.575,0,Grid Point,0.0668,0.0968,0.1071,0.2378,0.261,0.1838,264.0,0.9274,0.0,1.6033,1.0976,1.4204,0.7727,0.379,0,5.6197,0.1616,Low Potential
21.175,79.59,0,Grid Point,0.0604,0.0908,0.087,0.302,0.2335,0.1493,255.0,1.3597,312.999,1.4424,0.7732,1.564,0.4944,0.5525,0,6.4749,0.1706,Low Potential
21.175,79.605,0,Grid Point,0.0609,0.088,0.0942,0.2228,0.2445,0.1762,262.0,1.9885,270.0,1.5468,1.0976,1.3872,0.7912,0.4056,0,7.5526,0.2948,Low Potential
21.175,79.62,0,Grid Point,0.1013,0.1363375,0.1745,0.2554,0.358,0.2849,262.0,1.3597,47.001,1.6852,1.402,1.2566,1.1157,0.1881,0,8.7712,0.2477,Low Potential
21.175,79.635,0,Grid Point,0.1013,0.1363375,0.175,0.2485,0.2858,0.2462,256.0,4.0731,132.999,1.3684,1.1499,1.1604,0.9909,0.1737,0,10.0797,0.2628,Low Potential
21.175,79.65,0,Grid Point,0.1013,0.1363375,0.18015,0.2692,0.2699,0.2266,263.0,1.8543,180.0,1.3946,1.0024,1.1911,0.8416,0.154,0,11.4473,0.2398,Low Potential
21.175,79.665,0,Grid Point,0.0798,0.1058,0.1274,0.1787,0.2232,0.1941,253.0,4.3812,114.9968,1.5961,1.2493,1.1502,1.0862,0.1674,0,12.8551,0.4873,Moderate Potential
21.175,79.68,0,Grid Point,0.0462,0.0726,0.0592,0.2585,0.2188,0.1275,250.0,1.3597,132.999,1.2814,0.8466,1.7165,0.4932,0.6273,0,14.2913,0.1746,Low Potential
21.175,79.695,0,Grid Point,0.067,0.094,0.1078,0.2346,0.2523,0.186,251.0,0.9274,180.0,1.6102,1.0757,1.3565,0.793,0.3702,0,15.7482,0.3493,Low Potential
21.175,79.71,0,Grid Point,0.0564,0.0861,0.0823,0.1648,0.156,0.1118,251.0,1.8543,180.0,1.4605,0.9472,1.3958,0.6786,0.3337,0,17.2203,0.3481,Low Potential
21.175,79.725,0,Grid Point,0.0602,0.0854,0.1029,0.2112,0.2778,0.1974,253.0,3.4164,144.4376,1.7079,1.3159,1.4075,0.9349,0.3447,0,18.7043,0.4844,Moderate Potential
21.175,79.74,0,Grid Point,0.0512,0.0724,0.0712,0.2082,0.1698,0.1114,264.0,4.0731,132.999,1.3902,0.8156,1.5254,0.5347,0.4902,0,20.1974,0.2008,Low Potential
21.175,79.755,0,Grid Point,0.0414,0.0602,0.0611,0.199,0.241,0.15,284.0,6.4649,180.0,1.4741,1.2111,1.6072,0.7535,0.5302,0,19.9703,0.1986,Low Potential
21.175,79.77,0,Grid Point,0.0378,0.0637,0.0534,0.2068,0.2083,0.1148,297.0,5.4976,327.241,1.414,1.007,1.8145,0.555,0.5893,0,19.6692,0.2749,Low Potential
21.175,79.785,0,Grid Point,0.0622,0.0854,0.1096,0.2418,0.3394,0.2344,282.0,3.1217,252.7333,1.7598,1.4041,1.4482,0.9696,0.3763,0,19.4863,0.2834,Low Potential
21.175,79.8,0,Grid Point,0.0447,0.0638,0.058,0.2174,0.2292,0.1372,299.0,1.9885,90.0,1.2987,1.0545,1.6703,0.6313,0.5785,0,19.425,0.1298,Low Potential
21.175,79.815,0,Grid Point,0.0522,0.0749,0.084,0.2208,0.2643,0.1779,334.0,1.8543,180.0,1.6117,1.197,1.4859,0.8055,0.4487,0,19.4863,0.1348,Low Potential
21.175,79.83,0,Grid Point,0.0611,0.0813,0.0994,0.2145,0.3042,0.2222,325.0,7.547549999999999,251.5807,1.6268,1.4184,1.369,1.0361,0.3667,0,19.6692,0.5713,Moderate Potential
21.175,79.845,0,Grid Point,0.0492,0.0726,0.088,0.2074,0.2756,0.1872,294.0,2.9813,90.0,1.7904,1.3285,1.4722,0.9024,0.4043,0,19.9703,0.197,Low Potential
21.175,79.86,0,Grid Point,0.0608,0.0878,0.0986,0.2329,0.2574,0.1895,279.0,2.7179,312.999,1.6217,1.105,1.358,0.8137,0.4051,0,20.3844,0.3349,Low Potential
21.175,79.875,0,Grid Point,0.0532,0.0796,0.0628,0.2692,0.1664,0.0934,269.0,1.9885,90.0,1.1793,0.6182,1.7825,0.3468,0.6216,0,20.9047,0.4201,Moderate Potential
21.175,79.89,0,Grid Point,0.0658,0.0936,0.127,0.2156,0.3358,0.2417,272.0,3.4164,215.5624,1.9308,1.5572,1.3893,1.1208,0.2589,0,21.5236,0.3525,Moderate Potential
21.175,79.905,0,Grid Point,0.0559,0.0836,0.0912,0.2372,0.2414,0.1616,264.0,2.7803,180.0,1.6324,1.0173,1.493,0.6813,0.4444,0,22.2327,0.1498,Low Potential
21.175,79.92,0,Grid Point,0.0613,0.0898,0.1074,0.2268,0.3015,0.217,273.0,5.68,119.2265,1.7529,1.3294,1.3897,0.9566,0.3571,0,23.0239,0.5282,Moderate Potential
21.175,79.935,0,Grid Point,0.0746,0.1116,0.1383,0.2573,0.3448,0.262,271.0,6.2249,107.2667,1.8545,1.3401,1.3163,1.0181,0.301,0,23.8889,0.2792,Low Potential
21.175,79.95,0,Grid Point,0.0332,0.0542,0.0426,0.221,0.203,0.1096,274.0,1.3597,227.001,1.2851,0.9185,1.8509,0.4963,0.6767,0,24.82,0.2563,Low Potential
21.175,79.965,0,Grid Point,0.0503,0.0744,0.0968,0.2136,0.295,0.2045,282.0,4.7502,141.1901,1.9235,1.3813,1.4428,0.9574,0.3765,0,25.8101,0.2346,Low Potential
21.175,79.98,0,Grid Point,0.044,0.0656,0.0742,0.2078,0.261,0.1558,297.0,3.1217,252.7333,1.6883,1.2563,1.6755,0.7498,0.4738,0,26.8526,0.2801,Low Potential
21.175,79.995,0,Grid Point,0.0352,0.055,0.0512,0.1878,0.2106,0.1227,297.0,2.1039,151.7996,1.4566,1.1208,1.716,0.6532,0.5716,0,27.9417,0.2073,Low Potential
21.175,80.01,0,Grid Point,0.0486,0.0704,0.0752,0.1972,0.2357,0.1488,300.0,1.8543,180.0,1.5473,1.1952,1.5845,0.7543,0.4479,0,29.0721,0.1334,Low Potential
21.175,80.025,0,Grid Point,0.0504,0.0761,0.074,0.2562,0.2409,0.1458,305.0,7.547549999999999,258.0345,1.4668,0.9403,1.6517,0.5693,0.5518,0,30.2392,0.1725,Low Potential
21.175,80.04,0,Grid Point,0.0696,0.1044,0.1305,0.2621,0.3458,0.2527,279.0,0.0,0.0,1.875,1.3193,1.3684,0.9641,0.3352,0,31.439,0.3349,Low Potential
21.175,80.055,0,Grid Point,0.0597,0.084,0.0895,0.2344,0.2366,0.2058,273.0,4.7321,167.8945,1.4992,1.0094,1.1497,0.878,0.4474,0,32.6677,0.3296,Low Potential
21.175,80.07,0,Grid Point,0.0776,0.106,0.1346,0.2491,0.3725,0.2782,276.0,2.1938,65.0032,1.7345,1.4954,1.339,1.1168,0.2984,0,33.9224,0.2407,Low Potential
21.175,80.085,0,Grid Point,0.0448,0.0748,0.0642,0.2368,0.1537,0.0882,289.0,0.9945,90.0,1.433,0.6491,1.7426,0.3725,0.5734,0,35.2001,0.2985,Low Potential
21.175,80.1,0,Grid Point,0.0538,0.0774,0.0849,0.2232,0.2706,0.1973,284.0,3.7048,180.0,1.5781,1.2124,1.3715,0.884,0.4489,0,36.075,0.356,Moderate Potential
21.175,80.115,0,Grid Point,0.084,0.1131,0.1334,0.2679,0.3384,0.2525,282.0,1.8543,180.0,1.5881,1.2632,1.3402,0.9425,0.3352,0,36.1081,0.2726,Low Potential
21.175,80.13,0,Grid Point,0.0558,0.0816,0.0825,0.2223,0.237,0.1737,270.0,2.1938,65.0032,1.4785,1.0661,1.3644,0.7814,0.4587,0,36.2071,0.2382,Low Potential
21.175,80.145,0,Grid Point,0.0428,0.0626,0.0471,0.2524,0.1775,0.0972,279.0,1.3597,227.001,1.1005,0.7032,1.8261,0.3851,0.6855,0,36.3715,0.3391,Low Potential
21.175,80.16,0,Grid Point,0.0821,0.1145,0.1412,0.2608,0.3862,0.2968,270.0,1.9885,270.0,1.7199,1.4808,1.3012,1.138,0.2975,0,36.6005,0.2113,Low Potential
21.175,80.175,0,Grid Point,0.0822,0.1092,0.1316,0.2495,0.2886,0.2153,278.0,2.9523,199.6704,1.601,1.1567,1.3405,0.8629,0.3094,0,36.8928,0.2508,Low Potential
21.175,80.19,0,Grid Point,0.0842,0.114,0.145,0.2404,0.3945,0.3142,282.0,0.9945,90.0,1.7221,1.641,1.2556,1.307,0.2475,0,37.247,0.2201,Low Potential
21.175,80.205,0,Grid Point,0.0409,0.0632,0.0522,0.2459,0.1557,0.088,288.0,1.3597,227.001,1.2763,0.6332,1.7693,0.3579,0.6498,0,37.6613,0.4465,Moderate Potential
21.175,80.22,0,Grid Point,0.0514,0.07,0.0913,0.1901,0.2801,0.2241,342.0,2.9813,270.0,1.7763,1.4734,1.2499,1.1789,0.3511,0,38.1336,0.3833,Moderate Potential
21.175,80.235,0,Grid Point,0.06,0.0759,0.0963,0.1895,0.335,0.251,314.0,0.9274,0.0,1.605,1.7678,1.3347,1.3245,0.3261,0,38.6621,0.4201,Moderate Potential
21.175,80.25,0,Grid Point,0.0501,0.0699,0.0793,0.2043,0.2609,0.165,318.0,3.4164,215.5624,1.5828,1.277,1.5812,0.8076,0.4408,0,39.2442,0.1817,Low Potential
21.175,80.265,0,Grid Point,0.0466,0.0668,0.0771,0.2043,0.2505,0.1671,326.0,3.4164,144.4376,1.6545,1.2261,1.4991,0.8179,0.452,0,39.8778,0.2078,Low Potential
21.175,80.28,0,Grid Point,0.0549,0.0741,0.0988,0.2041,0.292,0.208,337.0,1.3597,312.999,1.7996,1.4307,1.4038,1.0191,0.3476,0,40.5603,0.3679,Moderate Potential
21.175,80.295,0,Grid Point,0.0516,0.0713,0.0805,0.2059,0.2703,0.1704,372.0,6.2249,287.2667,1.5601,1.3128,1.5863,0.8276,0.4378,0,41.2894,0.2048,Low Potential
21.175,80.31,0,Grid Point,0.0543,0.079,0.085,0.2289,0.2554,0.1658,416.0,7.547549999999999,272.8097,1.5654,1.1158,1.5404,0.7243,0.4584,0,42.0626,0.1674,Low Potential
21.175,80.325,0,Grid Point,0.0417,0.0632,0.0757,0.1875,0.265,0.1751,388.0,7.1678,104.9184,1.8153,1.4133,1.5134,0.9339,0.4248,0,42.8776,0.227,Low Potential
21.175,80.34,0,Grid Point,0.054,0.0758,0.0845,0.2035,0.3115,0.2153,368.0,1.8543,180.0,1.5648,1.5307,1.4468,1.058,0.4132,0,43.732,0.1549,Low Potential
21.175,80.355,0,Grid Point,0.0613,0.0832,0.0844,0.2474,0.2586,0.1543,395.0,7.547549999999999,282.6147,1.3768,1.0453,1.676,0.6237,0.4913,0,44.6235,0.1688,Low Potential
21.175,80.37,0,Grid Point,0.061,0.0853,0.1063,0.2099,0.2739,0.1936,335.0,1.3597,47.001,1.7426,1.3049,1.4148,0.9223,0.3276,0,45.55,0.3604,Moderate Potential
21.175,80.385,0,Grid Point,0.0502,0.0817,0.0775,0.2215,0.171,0.1017,332.0,1.3597,47.001,1.5438,0.772,1.6814,0.4591,0.4816,0,46.5094,0.1738,Low Potential
21.175,80.4,0,Grid Point,0.0552,0.0689,0.0536,0.13885000000000003,0.09513749999999997,0.0289,323.0,4.0731,132.999,0.9781375000000002,0.8761,1.3702,0.6394,0.07343750000000004,0,47.4996,0.5409,Moderate Potential
21.175,80.415,0,Grid Point,0.0429,0.0618,0.0535,0.1955,0.1279,0.0734,319.0,1.9885,270.0,1.2471,0.6542,1.7425,0.3754,0.5703,0,48.5189,0.4299,Moderate Potential
21.175,80.43,0,Grid Point,0.0455,0.0655,0.0659,0.2077,0.2422,0.1463,349.0,4.3812,294.9969,1.4484,1.1661,1.6555,0.7044,0.5183,0,49.5654,0.1631,Low Potential
21.175,80.445,0,Grid Point,0.0509,0.0695,0.0795,0.1878,0.2304,0.1487,340.0,0.9945,90.0,1.5619,1.2268,1.5494,0.7918,0.4052,0,49.882262499999996,0.1462,Low Potential
21.175,80.46,0,Grid Point,0.0667,0.0824,0.1113,0.165,0.3188,0.2939,344.0,0.0,0.0,1.6687,1.8754,1.0847,1.4553249999999998,0.1944,0,49.882262499999996,0.4441,Moderate Potential
21.175,80.475,0,Grid Point,0.0709,0.0975,0.1281,0.2343,0.3361,0.2521,354.0,5.0459,259.4359,1.8068,1.4345,1.3332,1.076,0.293,0,49.882262499999996,0.4164,Moderate Potential
21.175,80.49,0,Grid Point,0.0687,0.0969,0.1211,0.2196,0.3396,0.2643,344.0,7.547549999999999,40.6271,1.7627,1.5464,1.2849,1.2036,0.2891,0,49.882262499999996,0.3895,Moderate Potential
21.19,79.2,0,Grid Point,0.1013,0.1363375,0.1682,0.2522,0.2579,0.2288,289.0,1.3598,132.9961,1.3073,1.0224,1.1274,0.9068,0.1998,0,14.43,0.2895,Low Potential
21.19,79.215,0,Grid Point,0.0724,0.0927,0.108,0.21,0.2896,0.2036,288.0,0.9274,180.0,1.49,1.379,1.4227,0.9693,0.321,0,14.5125,0.3719,Moderate Potential
21.19,79.23,0,Grid Point,0.0782,0.1042,0.1252,0.2104,0.265,0.2117,282.0,0.0,0.0,1.5994,1.2594,1.252,1.0059,0.2542,0,14.5994,0.5538,Moderate Potential
21.19,79.245,0,Grid Point,0.0646,0.0954,0.0976,0.2574,0.2577,0.1874,276.0,2.7803,0.0,1.5108,1.0014,1.3755,0.728,0.4501,0,13.3168,0.2497,Low Potential
21.19,79.26,0,Grid Point,0.0719,0.0916,0.108,0.211,0.2169,0.1678,282.0,1.3598,227.0039,1.5028,1.0282,1.293,0.7952,0.3226,0,12.0957,0.3752,Moderate Potential
21.19,79.275,0,Grid Point,0.049,0.0728,0.0606,0.294,0.2218,0.1323,273.0,2.194,294.9946,1.237,0.7547,1.6769,0.4501,0.6584,0,10.9567,0.1966,Low Potential
21.19,79.29,0,Grid Point,0.0468,0.0673,0.0603,0.2306,0.2226,0.1365,273.0,2.194,114.9946,1.2885,0.9655,1.6311,0.5919,0.5854,0,9.928,0.1535,Low Potential
21.19,79.305,0,Grid Point,0.0672,0.0963,0.1044,0.2958,0.2759,0.1868,269.0,3.5094,301.8647,1.5532,0.9326,1.477,0.6314,0.4781,1,9.0474,0.1965,Low Potential
21.19,79.32,0,Grid Point,0.0534,0.0752,0.0738,0.2426,0.234,0.1541,270.0,0.9274,0.0,1.382,0.9648,1.5188,0.6352,0.5335,1,8.3619,0.1382,Low Potential
21.19,79.335,0,Grid Point,0.0649,0.0883,0.1022,0.2202,0.2458,0.1768,275.0,0.0,0.0,1.5727,1.1167,1.3906,0.8031,0.3661,1,7.9221,0.3535,Moderate Potential
21.19,79.35,0,Grid Point,0.0672,0.0914,0.1086,0.217,0.2338,0.1832,270.0,1.3598,132.9961,1.6173,1.0769,1.2759,0.844,0.333,1,7.77,0.4136,Moderate Potential
21.19,79.365,0,Grid Point,0.0682,0.0948,0.1138,0.1966,0.231,0.182,271.0,0.9274,180.0,1.6694,1.1744,1.2693,0.9252,0.2667,1,7.9221,0.5122,Moderate Potential
21.19,79.38,0,Grid Point,0.071,0.0921,0.1084,0.2,0.3094,0.2316,273.0,2.194,245.0054,1.525,1.5468,1.3354,1.1582,0.2972,1,8.3619,0.5496,Moderate Potential
21.19,79.395,0,Grid Point,0.0776,0.1089,0.1214,0.258,0.3053,0.2272,267.0,0.9274,0.0,1.5641,1.1831,1.3438,0.8804,0.3599,1,9.0474,0.3756,Moderate Potential
21.19,79.41,0,Grid Point,0.0791,0.1082,0.131,0.2481,0.285,0.2026,267.0,2.7181,47.0039,1.6555,1.1485,1.4065,0.8166,0.3091,1,9.928,0.2886,Low Potential
21.19,79.425,0,Grid Point,0.0673,0.094,0.1092,0.2407,0.2837,0.1914,264.0,0.9946,270.0,1.6218,1.1786,1.4826,0.795,0.376,1,10.9567,0.2051,Low Potential
21.19,79.44,0,Grid Point,0.0682,0.0974,0.13,0.2414,0.3125,0.211,268.0,0.0,0.0,1.9062,1.2945,1.4807,0.8743,0.2999,1,11.8092,0.2868,Low Potential
21.19,79.455,0,Grid Point,0.0618,0.0885,0.0993,0.2403,0.263,0.1724,262.0,1.3598,312.9961,1.6081,1.0945,1.5255,0.7174,0.4152,1,10.3361,0.1742,Low Potential
21.19,79.47,0,Grid Point,0.097,0.128,0.1582,0.2846,0.3682,0.2619,263.0,2.194,294.9946,1.6313,1.2935,1.4059,0.9201,0.2857,1,8.8874,0.2921,Low Potential
21.19,79.485,0,Grid Point,0.0502,0.0746,0.0768,0.2626,0.2178,0.1336,270.0,2.1039,151.7972,1.5324,0.8296,1.6308,0.5087,0.5471,1,7.4774,0.1581,Low Potential
21.19,79.5,0,Grid Point,0.0582,0.087,0.0819,0.2657,0.2421,0.1542,267.0,0.9274,180.0,1.406,0.9112,1.5705,0.5802,0.5288,0,6.1328,0.1437,Low Potential
21.19,79.515,0,Grid Point,0.0642,0.0874,0.1054,0.2254,0.266,0.2092,272.0,0.0,0.0,1.6412,1.1799,1.2713,0.9281,0.3626,0,4.9076,0.5453,Moderate Potential
21.19,79.53,0,Grid Point,0.0584,0.0836,0.0926,0.2314,0.2527,0.1736,258.0,0.9274,180.0,1.5843,1.0923,1.4564,0.75,0.4284,0,3.9157,0.1438,Low Potential
21.19,79.545,0,Grid Point,0.0445,0.0698,0.054,0.2895,0.1952,0.1058,272.0,1.3598,227.0039,1.2137,0.6743,1.8459,0.3653,0.6858,0,3.3696,0.3464,Low Potential
21.19,79.56,0,Grid Point,0.0574,0.0772,0.0858,0.192,0.2382,0.1646,302.0,7.547549999999999,283.1212,1.4956,1.2412,1.447,0.8578,0.3819,0,3.4857,0.2731,Low Potential
21.19,79.575,0,Grid Point,0.0674,0.0904,0.1143,0.2055,0.2651,0.193,270.0,2.194,65.0054,1.6946,1.29,1.3736,0.9392,0.2852,0,4.2095,0.5382,Moderate Potential
21.19,79.59,0,Grid Point,0.0674,0.0878,0.0993,0.2246,0.2524,0.1855,259.0,0.9946,90.0,1.4729,1.1237,1.3609,0.8257,0.3867,0,5.2975,0.3169,Low Potential
21.19,79.605,0,Grid Point,0.0594,0.0898,0.0959,0.2293,0.2646,0.1808,267.0,1.9887,90.0,1.6158,1.1542,1.4638,0.7885,0.4102,0,6.5712,0.1514,Low Potential
21.19,79.62,0,Grid Point,0.0909,0.1222,0.146,0.2299,0.2699,0.2292,266.0,2.9523,199.6722,1.6056,1.174,1.1776,0.997,0.2234,0,7.9419,0.3329,Low Potential
21.19,79.635,0,Grid Point,0.069,0.0964,0.113,0.2412,0.274,0.1905,267.0,1.3598,47.0039,1.6372,1.1362,1.4386,0.7898,0.3618,0,9.3669,0.179,Low Potential
21.19,79.65,0,Grid Point,0.06,0.0908,0.104,0.2372,0.2725,0.1997,266.0,1.9887,90.0,1.7348,1.1489,1.3643,0.8421,0.3903,0,10.8249,0.3499,Low Potential
21.19,79.665,0,Grid Point,0.0668,0.093,0.0996,0.277,0.244,0.1732,253.0,0.9946,90.0,1.4914,0.8809,1.4091,0.6252,0.4713,0,12.3042,0.2239,Low Potential
21.19,79.68,0,Grid Point,0.0513,0.078,0.073,0.2211,0.1724,0.1064,251.0,2.1039,151.7972,1.423,0.7795,1.6191,0.4815,0.5036,0,13.7979,0.1823,Low Potential
21.19,79.695,0,Grid Point,0.0536,0.0822,0.081,0.269,0.2062,0.1331,253.0,1.9887,270.0,1.5112,0.7666,1.5496,0.4947,0.5372,0,15.3017,0.1588,Low Potential
21.19,79.71,0,Grid Point,0.0635,0.0892,0.1136,0.1968,0.2393,0.1804,254.0,1.8543,0.0,1.7882,1.216,1.3261,0.9169,0.2682,0,16.8131,0.435,Moderate Potential
21.19,79.725,0,Grid Point,0.0723,0.0917,0.1189,0.2048,0.2848,0.2085,258.0,0.9274,0.0,1.6445,1.3903,1.3659,1.0178,0.2655,0,18.33,0.4734,Moderate Potential
21.19,79.74,0,Grid Point,0.0566,0.082,0.0953,0.2281,0.2987,0.2076,313.0,7.547549999999999,223.6319,1.6852,1.3093,1.4386,0.9101,0.4106,0,18.8045,0.2835,Low Potential
21.19,79.755,0,Grid Point,0.0412,0.0652,0.0608,0.247,0.2453,0.1533,276.0,2.194,245.0054,1.4727,0.9931,1.5996,0.6209,0.6052,0,18.3549,0.164,Low Potential
21.19,79.77,0,Grid Point,0.0532,0.0768,0.0939,0.2132,0.3006,0.2158,281.0,2.9523,19.6722,1.765,1.4102,1.3932,1.0122,0.3885,0,18.0268,0.2947,Low Potential
21.19,79.785,0,Grid Point,0.0542,0.0769,0.0886,0.1862,0.2362,0.1782,280.0,4.7322,347.8933,1.6353,1.2686,1.3256,0.957,0.3553,0,17.8271,0.5362,Moderate Potential
21.19,79.8,0,Grid Point,0.0394,0.0612,0.0542,0.2083,0.2064,0.114,288.0,2.194,245.0054,1.3726,0.9911,1.811,0.5473,0.5873,0,17.76,0.2062,Low Potential
21.19,79.815,0,Grid Point,0.0507,0.0714,0.0842,0.182,0.282,0.1924,288.0,0.9946,270.0,1.6617,1.5495,1.4657,1.0571,0.3671,0,17.8271,0.2374,Low Potential
21.19,79.83,0,Grid Point,0.042,0.0655,0.059,0.2373,0.2234,0.1294,319.0,4.3816,294.9946,1.4031,0.9412,1.7254,0.5455,0.6018,0,18.0268,0.1855,Low Potential
21.19,79.845,0,Grid Point,0.0458,0.0694,0.07,0.203,0.2717,0.1848,290.0,2.9816,90.0,1.5295,1.3381,1.4698,0.9104,0.487,0,18.3549,0.1691,Low Potential
21.19,79.86,0,Grid Point,0.0785,0.1043,0.1222,0.2516,0.3116,0.2252,282.0,0.9274,0.0,1.557,1.2384,1.3839,0.8949,0.3464,0,18.8045,0.3788,Moderate Potential
21.19,79.875,0,Grid Point,0.0482,0.0674,0.0727,0.1878,0.2656,0.179,281.0,2.7803,180.0,1.5088,1.4142,1.4845,0.9526,0.4422,0,19.3673,0.1587,Low Potential
21.19,79.89,0,Grid Point,0.0894,0.1199,0.1482,0.27,0.3375,0.2527,276.0,2.7181,132.9961,1.6568,1.25,1.3356,0.9359,0.2912,0,20.0337,0.2592,Low Potential
21.19,79.905,0,Grid Point,0.0376,0.0567,0.0531,0.2021,0.2336,0.1364,278.0,1.9887,90.0,1.4141,1.1559,1.7126,0.6749,0.5839,0,20.7938,0.1862,Low Potential
21.19,79.92,0,Grid Point,0.0414,0.0638,0.0634,0.2219,0.24,0.1413,293.0,1.8543,0.0,1.5296,1.0813,1.6982,0.6368,0.5556,0,21.6376,0.1515,Low Potential
21.19,79.935,0,Grid Point,0.0815,0.1056,0.1366,0.2349,0.318,0.271,281.0,3.9726,270.0,1.6767,1.3536,1.1735,1.1535,0.2644,0,22.5559,0.3294,Low Potential
21.19,79.95,0,Grid Point,0.0442,0.0635,0.0738,0.1872,0.2472,0.168,286.0,4.7503,141.1873,1.6727,1.3206,1.4707,0.8979,0.4341,0,23.5398,0.2462,Low Potential
21.19,79.965,0,Grid Point,0.0421,0.0619,0.0659,0.245,0.252,0.1401,332.0,5.8891,340.3278,1.5653,1.0286,1.7987,0.5718,0.5761,0,24.5814,0.2003,Low Potential
21.19,79.98,0,Grid Point,0.0414,0.06,0.063,0.1972,0.2482,0.1479,299.0,1.8543,0.0,1.5217,1.2589,1.6782,0.7502,0.5157,0,25.6739,0.1639,Low Potential
21.19,79.995,0,Grid Point,0.0456,0.0662,0.0812,0.2278,0.2638,0.1628,335.0,7.547549999999999,197.5077,1.7818,1.1576,1.6196,0.7147,0.4743,0,26.8109,0.1856,Low Potential
21.19,80.01,0,Grid Point,0.0392,0.0614,0.0672,0.2061,0.2458,0.1461,307.0,2.1039,28.2028,1.7143,1.1924,1.6826,0.7086,0.5082,0,27.987,0.1995,Low Potential
21.19,80.025,0,Grid Point,0.042,0.0677,0.0696,0.2142,0.2396,0.1427,311.0,1.8543,180.0,1.6564,1.1188,1.6788,0.6664,0.5092,0,29.1976,0.1762,Low Potential
21.19,80.04,0,Grid Point,0.0609,0.0874,0.0955,0.2488,0.2691,0.1828,291.0,2.9816,270.0,1.5681,1.0816,1.4721,0.7347,0.4453,0,30.4384,0.1533,Low Potential
21.19,80.055,0,Grid Point,0.0605,0.0849,0.0945,0.2643,0.3149,0.2201,281.0,2.9523,199.6722,1.562,1.1914,1.4307,0.8328,0.4732,0,31.706,0.1765,Low Potential
21.19,80.07,0,Grid Point,0.044,0.0646,0.0658,0.1921,0.2396,0.1572,287.0,2.7803,0.0,1.4955,1.2473,1.5242,0.8183,0.4897,0,32.9972,0.1414,Low Potential
21.19,80.085,0,Grid Point,0.0911,0.1267,0.1577,0.2913,0.42003750000000006,0.3261,290.0,2.194,294.9946,1.7311,1.4435,1.2895,1.1195,0.2976,0,34.3094,0.1844,Low Potential
21.19,80.1,0,Grid Point,0.0834,0.1092,0.1386,0.2442,0.3405,0.2647,280.0,3.122,287.265,1.6619,1.3943,1.2864,1.0839,0.2759,0,34.41,0.2676,Low Potential
21.19,80.115,0,Grid Point,0.0508,0.074,0.0828,0.2103,0.2911,0.2064,280.0,1.9887,90.0,1.6299,1.3842,1.4104,0.9815,0.435,0,34.4447,0.2791,Low Potential
21.19,80.13,0,Grid Point,0.0675,0.0928,0.1203,0.2357,0.3341,0.2365,276.0,2.1039,208.2028,1.7822,1.4175,1.4127,1.0034,0.3242,0,34.5485,0.3259,Low Potential
21.19,80.145,0,Grid Point,0.0485,0.0726,0.0679,0.2523,0.2232,0.1439,280.0,0.0,0.0,1.4,0.8847,1.5511,0.5704,0.5759,0,34.7208,0.1287,Low Potential
21.19,80.16,0,Grid Point,0.0518,0.0775,0.072,0.2524,0.2386,0.1544,278.0,0.9946,90.0,1.39,0.9453,1.5453,0.6117,0.5561,0,34.9606,0.1237,Low Potential
21.19,80.175,0,Grid Point,0.0863,0.1162,0.1526,0.2554,0.351,0.2627,281.0,2.7803,0.0,1.7683,1.3743,1.3361,1.0286,0.252,0,35.2665,0.1953,Low Potential
21.19,80.19,0,Grid Point,0.0716,0.0994,0.1157,0.2442,0.3044,0.2283,288.0,2.194,245.0054,1.6159,1.2465,1.3333,0.9349,0.357,0,35.6368,0.4596,Moderate Potential
21.19,80.205,0,Grid Point,0.0462,0.0611,0.0625,0.1856,0.2486,0.1669,317.0,7.547549999999999,279.6216,1.3528,1.3394,1.4895,0.8992,0.4962,0,36.0695,0.212,Low Potential
21.19,80.22,0,Grid Point,0.0437,0.0644,0.0749,0.1935,0.2466,0.1709,341.0,3.8353,164.9904,1.714,1.2744,1.4429,0.8832,0.4419,0,36.5625,0.1949,Low Potential
21.19,80.235,0,Grid Point,0.05,0.0697,0.0738,0.204,0.2708,0.1735,336.0,6.1809,306.7196,1.476,1.3275,1.5608,0.8505,0.4687,0,37.1133,0.2005,Low Potential
21.19,80.25,0,Grid Point,0.0889,0.1176,0.1606,0.2581,0.3957,0.3107,331.0,4.0733,47.0039,1.8065,1.5331,1.2736,1.2038,0.2329,0,37.7194,0.2002,Low Potential
21.19,80.265,0,Grid Point,0.0449,0.0698,0.0692,0.2367,0.2308,0.1558,333.0,3.122,72.735,1.5412,0.9751,1.4814,0.6582,0.5476,0,38.3781,0.1398,Low Potential
21.19,80.28,0,Grid Point,0.0456,0.0659,0.0712,0.195,0.2431,0.1519,349.0,0.0,0.0,1.5614,1.2467,1.6004,0.779,0.4651,0,39.0868,0.143,Low Potential
21.19,80.295,0,Grid Point,0.0502,0.0727,0.0854,0.1997,0.2892,0.1956,371.0,7.547549999999999,258.2941,1.7012,1.4482,1.4785,0.9795,0.4009,0,39.8429,0.2401,Low Potential
21.19,80.31,0,Grid Point,0.0588,0.0867,0.1001,0.209,0.3192,0.2352,379.0,2.7803,180.0,1.7024,1.5273,1.3571,1.1254,0.3523,0,40.6436,0.423,Moderate Potential
21.19,80.325,0,Grid Point,0.0695,0.0921,0.1075,0.2087,0.3363,0.2588,379.0,3.7048,0.0,1.5468,1.6114,1.2995,1.2401,0.3201,0,41.4865,0.418,Moderate Potential
21.19,80.34,0,Grid Point,0.0721,0.1008,0.125,0.2299,0.3591,0.2806,366.0,2.1039,331.7972,1.7337,1.562,1.2798,1.2205,0.2956,0,42.3689,0.3661,Moderate Potential
21.19,80.355,0,Grid Point,0.0414,0.06,0.0516,0.1967,0.2145,0.1144,367.0,6.0179,81.167,1.2464,1.0905,1.875,0.5816,0.5844,0,43.2885,0.2579,Low Potential
21.19,80.37,0,Grid Point,0.0813,0.1113,0.1456,0.235,0.3451,0.2708,335.0,0.0,0.0,1.7909,1.4685,1.2744,1.1523,0.2349,0,44.243,0.269,Low Potential
21.19,80.385,0,Grid Point,0.0452,0.0623,0.0669,0.2075,0.2612,0.1639,353.0,7.547549999999999,270.0,1.4801,1.2588,1.5937,0.7899,0.5124,0,45.2301,0.1998,Low Potential
21.19,80.4,0,Grid Point,0.0407,0.0753,0.0669,0.2705,0.1364,0.0736,325.0,4.3816,294.9946,1.6437,0.5043,1.8533,0.2721,0.6034,0,46.2478,0.4969,Moderate Potential
21.19,80.415,0,Grid Point,0.0418,0.0647,0.0561,0.2149,0.1614,0.0905,322.0,2.7181,47.0039,1.3421,0.751,1.7834,0.4211,0.586,0,47.294,0.2915,Low Potential
21.19,80.43,0,Grid Point,0.0425,0.0577,0.0418,0.13885000000000003,0.09513749999999997,0.0336,319.0,2.7181,312.9961,0.9835,0.7308,1.8095,0.4038,0.3312,0,48.367,0.4783,Moderate Potential
21.19,80.445,0,Grid Point,0.041,0.0628,0.0676,0.2339,0.2344,0.1405,415.0,7.547549999999999,193.4056,1.6488,1.0021,1.6683,0.6007,0.5516,0,49.465,0.2232,Low Potential
21.19,80.46,0,Grid Point,0.0552,0.0763,0.1098,0.2122,0.3151,0.2323,356.0,1.3598,132.9961,1.9891,1.4849,1.3564,1.0947,0.318,0,49.882262499999996,0.4049,Moderate Potential
21.19,80.475,0,Grid Point,0.0917,0.119,0.14,0.2356,0.3279,0.2625,355.0,2.194,294.9946,1.5267,1.3918,1.2491,1.1142,0.2545,0,49.882262499999996,0.324,Low Potential
21.19,80.49,0,Grid Point,0.0478,0.0697,0.0693,0.226,0.2156,0.1435,350.0,5.5475,0.0,1.4498,0.954,1.5024,0.635,0.5306,0,49.882262499999996,0.145,Low Potential
21.205,79.2,0,Grid Point,0.1013,0.119,0.1172,0.2167,0.2278,0.197,291.0,2.1942,245.0076,1.0064,1.0515,1.1566,0.9091,0.298,0,12.765,0.3742,Moderate Potential
21.205,79.215,0,Grid Point,0.0641,0.0916,0.1018,0.2098,0.2281,0.1814,285.0,1.3599,47.0068,1.5881,1.0875,1.2574,0.8648,0.3465,0,12.8582,0.3913,Moderate Potential
21.205,79.23,0,Grid Point,0.094,0.1311,0.1577,0.2487,0.2682,0.2182,278.0,3.5096,301.8621,1.6762,1.0786,1.2297,0.8772,0.2241,0,13.1337,0.2996,Low Potential
21.205,79.245,0,Grid Point,0.0714,0.0874,0.0964,0.1894,0.2494,0.2038,281.0,1.3599,132.9932,1.3499,1.3167,1.2237,1.076,0.3253,0,13.5804,0.533,Moderate Potential
21.205,79.26,0,Grid Point,0.0426,0.0636,0.0436,0.2929,0.1968,0.1068,271.0,1.3599,132.9932,1.0234,0.6719,1.8418,0.3648,0.7406,0,13.2269,0.386,Moderate Potential
21.205,79.275,0,Grid Point,0.0784,0.1074,0.1286,0.2632,0.3022,0.2153,264.0,1.8543,0.0,1.642,1.148,1.4036,0.8179,0.3435,0,12.194,0.3002,Low Potential
21.205,79.29,0,Grid Point,0.078,0.1056,0.1254,0.2336,0.2728,0.2106,277.0,2.7182,227.0068,1.6077,1.1678,1.2959,0.9011,0.3015,1,11.2788,0.4487,Moderate Potential
21.205,79.305,0,Grid Point,0.0957,0.1261,0.135,0.3056,0.2862,0.2134,270.0,3.4166,144.4321,1.4112,0.9365,1.3406,0.6986,0.387,1,10.512,0.246,Low Potential
21.205,79.32,0,Grid Point,0.0628,0.0912,0.091,0.2252,0.2161,0.1438,282.0,2.104,331.7948,1.4479,0.9596,1.5023,0.6388,0.4244,1,9.9281,0.1629,Low Potential
21.205,79.335,0,Grid Point,0.0717,0.0974,0.1166,0.2414,0.2614,0.1775,276.0,0.9948,270.0,1.6262,1.0831,1.473,0.7353,0.3486,1,9.5607,0.2043,Low Potential
21.205,79.35,0,Grid Point,0.0673,0.0891,0.097,0.2113,0.256,0.1861,275.0,0.0,0.0,1.4413,1.2115,1.3756,0.8807,0.3707,1,9.435,0.4681,Moderate Potential
21.205,79.365,0,Grid Point,0.0753,0.1018,0.1084,0.2692,0.2481,0.1736,277.0,2.1942,65.0076,1.4402,0.9218,1.4291,0.645,0.4256,1,9.5607,0.142,Low Potential
21.205,79.38,0,Grid Point,0.0684,0.0952,0.0987,0.251,0.2746,0.1844,269.0,1.3599,47.0068,1.443,1.0942,1.4898,0.7345,0.4355,1,9.9281,0.1344,Low Potential
21.205,79.395,0,Grid Point,0.0811,0.1008,0.1255,0.2746,0.2794,0.2358,267.0,0.9274,180.0,1.5475,1.0175,1.1849,0.8587,0.3726,1,10.512,0.2359,Low Potential
21.205,79.41,0,Grid Point,0.062,0.0902,0.101,0.2492,0.2555,0.168,267.0,2.104,28.2052,1.629,1.0251,1.5204,0.6742,0.4233,1,11.2788,0.1748,Low Potential
21.205,79.425,0,Grid Point,0.0757,0.1035,0.1194,0.2882,0.2858,0.1874,278.0,1.9889,90.0,1.5779,0.9918,1.5251,0.6504,0.4139,1,12.194,0.1482,Low Potential
21.205,79.44,0,Grid Point,0.0767,0.102,0.1202,0.243,0.2809,0.2204,272.0,2.7182,132.9932,1.5665,1.1557,1.2745,0.9068,0.3384,1,11.4517,0.4458,Moderate Potential
21.205,79.455,0,Grid Point,0.0784,0.0993,0.114,0.2507,0.2812,0.2166,267.0,0.9274,0.0,1.4547,1.1212,1.2977,0.864,0.3747,1,9.9256,0.2885,Low Potential
21.205,79.47,0,Grid Point,0.0616,0.0868,0.0958,0.2776,0.2702,0.1771,271.0,0.9948,270.0,1.5531,0.973,1.5258,0.6377,0.4871,1,8.4065,0.1615,Low Potential
21.205,79.485,0,Grid Point,0.0679,0.0942,0.1136,0.2442,0.2684,0.1772,279.0,0.9274,180.0,1.6723,1.0993,1.5151,0.7256,0.3651,1,6.8989,0.2094,Low Potential
21.205,79.5,0,Grid Point,0.0618,0.0865,0.1102,0.2214,0.2773,0.192,265.0,0.9274,180.0,1.7817,1.2522,1.4443,0.867,0.3354,1,5.4125,0.3024,Low Potential
21.205,79.515,0,Grid Point,0.0624,0.0882,0.1146,0.193,0.2716,0.2086,269.0,2.9524,19.6741,1.8343,1.4074,1.3018,1.0811,0.255,1,3.9709,0.5101,Moderate Potential
21.205,79.53,0,Grid Point,0.0727,0.0967,0.1233,0.2484,0.2712,0.1968,264.0,0.0,0.0,1.696,1.0916,1.3784,0.7919,0.3367,0,2.6487,0.3322,Low Potential
21.205,79.545,0,Grid Point,0.0844,0.1162,0.151,0.2652,0.3296,0.2379,265.0,4.7505,141.1844,1.7885,1.2428,1.3857,0.8969,0.2746,0,1.7428,0.3141,Low Potential
21.205,79.56,0,Grid Point,0.0622,0.0899,0.1039,0.238,0.2551,0.17,278.0,1.3599,132.9932,1.6691,1.0716,1.5006,0.7141,0.3923,0,1.9578,0.1926,Low Potential
21.205,79.575,0,Grid Point,0.0614,0.0826,0.086,0.2308,0.254,0.1633,275.0,0.9948,270.0,1.3998,1.101,1.5557,0.7077,0.4572,0,3.0664,0.1499,Low Potential
21.205,79.59,0,Grid Point,0.0558,0.0794,0.0734,0.2615,0.2122,0.1354,268.0,2.1942,245.0076,1.3133,0.8115,1.5666,0.518,0.5619,0,4.4437,0.1505,Low Potential
21.205,79.605,0,Grid Point,0.0658,0.0869,0.1004,0.1921,0.237,0.1778,267.0,2.1942,294.9924,1.527,1.2335,1.3327,0.9256,0.3135,0,5.9046,0.5656,Moderate Potential
21.205,79.62,0,Grid Point,0.0606,0.0846,0.0938,0.2212,0.2566,0.1841,264.0,0.9274,0.0,1.5474,1.1603,1.3941,0.8323,0.4042,0,7.3998,0.3137,Low Potential
21.205,79.635,0,Grid Point,0.0603,0.0829,0.1042,0.2084,0.2328,0.1578,261.0,2.9819,90.0,1.728,1.1168,1.4753,0.757,0.3334,0,8.9119,0.2486,Low Potential
21.205,79.65,0,Grid Point,0.0617,0.0846,0.0945,0.2188,0.2361,0.1778,257.0,1.3599,227.0068,1.5316,1.0793,1.3283,0.8126,0.3966,0,10.4337,0.3278,Low Potential
21.205,79.665,0,Grid Point,0.0664,0.0914,0.1054,0.2229,0.2524,0.1826,253.0,1.3599,132.9932,1.5869,1.1323,1.3823,0.8192,0.3577,0,11.9614,0.3539,Moderate Potential
21.205,79.68,0,Grid Point,0.1013,0.1363375,0.18015,0.2376,0.29,0.2662,255.0,2.7182,312.9932,1.5899,1.2205,1.0892,1.1206,0.132,0,13.4931,0.3981,Moderate Potential
21.205,79.695,0,Grid Point,0.0394,0.0692,0.0482,0.2894,0.1488,0.0798,250.0,0.9948,270.0,1.2205,0.5143,1.8641,0.2759,0.7148,0,15.0275,0.5652,Moderate Potential
21.205,79.71,0,Grid Point,0.0683,0.0968,0.1246,0.2641,0.2884,0.2134,254.0,0.0,0.0,1.825,1.092,1.3511,0.8082,0.3587,0,16.5639,0.3258,Low Potential
21.205,79.725,0,Grid Point,0.0423,0.0556,0.047,0.13885000000000003,0.09513749999999997,0.0289,257.0,2.104,28.2052,1.1111,1.3691,1.3028,1.0509,0.07343750000000004,0,17.8529,0.5559,Moderate Potential
21.205,79.74,0,Grid Point,0.0418,0.0703,0.0594,0.2165,0.2282,0.1304,267.0,4.2023,331.7948,1.4182,1.0543,1.7511,0.6021,0.5697,0,17.2407,0.2158,Low Potential
21.205,79.755,0,Grid Point,0.0432,0.0669,0.074,0.2252,0.245,0.1633,296.0,7.547549999999999,124.962,1.7161,1.0879,1.5,0.7253,0.505,0,16.7491,0.1974,Low Potential
21.205,79.77,0,Grid Point,0.059,0.0882,0.0867,0.2988,0.3024,0.2074,262.0,1.3599,227.0068,1.4716,1.0121,1.4578,0.6942,0.5499,0,16.3889,0.166,Low Potential
21.205,79.785,0,Grid Point,0.0572,0.0776,0.0738,0.2032,0.2336,0.1447,265.0,0.9274,180.0,1.2905,1.1496,1.6144,0.7121,0.4674,0,16.169,0.1505,Low Potential
21.205,79.8,0,Grid Point,0.0821,0.1117,0.1396,0.254,0.3585,0.2714,273.0,2.104,208.2052,1.6998,1.4111,1.3209,1.0683,0.2909,0,16.095,0.2428,Low Potential
21.205,79.815,0,Grid Point,0.0435,0.067,0.0645,0.2211,0.2304,0.1362,290.0,0.9274,180.0,1.4828,1.0423,1.6926,0.6158,0.5483,0,16.169,0.1476,Low Potential
21.205,79.83,0,Grid Point,0.0564,0.0846,0.0853,0.2755,0.2661,0.1704,348.0,7.547549999999999,296.9544,1.5111,0.9659,1.5616,0.6185,0.5272,0,16.3889,0.1919,Low Potential
21.205,79.845,0,Grid Point,0.0497,0.0732,0.0782,0.1984,0.2579,0.1634,304.0,1.3599,132.9932,1.5744,1.2999,1.5783,0.8236,0.4343,0,16.7491,0.1501,Low Potential
21.205,79.86,0,Grid Point,0.0538,0.0717,0.0858,0.1814,0.2868,0.1978,290.0,0.9274,180.0,1.5939,1.5812,1.4493,1.091,0.3579,0,17.2407,0.2021,Low Potential
21.205,79.875,0,Grid Point,0.0507,0.0768,0.0834,0.1956,0.2767,0.183,289.0,1.3599,227.0068,1.646,1.4146,1.5124,0.9353,0.4019,0,17.8529,0.2164,Low Potential
21.205,79.89,0,Grid Point,0.0394,0.06,0.0633,0.1858,0.2394,0.1483,286.0,2.104,331.7948,1.6086,1.2884,1.6146,0.798,0.4919,0,18.5737,0.2108,Low Potential
21.205,79.905,0,Grid Point,0.0444,0.0688,0.0688,0.2064,0.2422,0.1388,297.0,4.0735,227.0068,1.5513,1.1737,1.7447,0.6727,0.5,0,19.3911,0.1657,Low Potential
21.205,79.92,0,Grid Point,0.0369,0.0556,0.0528,0.2283,0.211,0.1127,334.0,7.4222,41.7921,1.4303,0.9242,1.8722,0.4936,0.624,0,20.2933,0.2629,Low Potential
21.205,79.935,0,Grid Point,0.036,0.056,0.0456,0.2264,0.1992,0.1134,293.0,2.7182,132.9932,1.2649,0.8798,1.7562,0.501,0.6646,0,21.2697,0.2538,Low Potential
21.205,79.95,0,Grid Point,0.0344,0.0528,0.0466,0.1978,0.1908,0.1044,307.0,2.7182,312.9932,1.3512,0.9644,1.8276,0.5277,0.6191,0,22.3103,0.2861,Low Potential
21.205,79.965,0,Grid Point,0.0384,0.0556,0.05,0.2546,0.2164,0.1144,407.0,2.7803,0.0,1.3038,0.8501,1.8924,0.4492,0.6716,0,23.4068,0.2262,Low Potential
21.205,79.98,0,Grid Point,0.0416,0.0643,0.0665,0.206,0.23,0.1411,319.0,0.9948,90.0,1.5966,1.1167,1.6304,0.685,0.5119,0,24.5516,0.151,Low Potential
21.205,79.995,0,Grid Point,0.0394,0.0549,0.0495,0.238,0.2209,0.1178,351.0,7.547549999999999,283.1199,1.2576,0.9282,1.876,0.4947,0.6554,0,25.7382,0.2849,Low Potential
21.205,80.01,0,Grid Point,0.0468,0.0666,0.0712,0.1955,0.2604,0.161,327.0,1.3599,132.9932,1.523,1.3321,1.6166,0.824,0.466,0,26.9612,0.1345,Low Potential
21.205,80.025,0,Grid Point,0.0474,0.0698,0.0877,0.2245,0.2566,0.1642,349.0,7.547549999999999,149.4618,1.8522,1.1432,1.563,0.7314,0.4382,0,28.2158,0.1915,Low Potential
21.205,80.04,0,Grid Point,0.0437,0.0712,0.0661,0.2384,0.247,0.1467,310.0,1.3599,312.9932,1.5126,1.0361,1.6837,0.6154,0.5658,0,29.4979,0.149,Low Potential
21.205,80.055,0,Grid Point,0.0483,0.0664,0.075,0.1996,0.2671,0.177,295.0,2.104,151.7948,1.5528,1.3382,1.509,0.8868,0.4538,0,30.8042,0.1587,Low Potential
21.205,80.07,0,Grid Point,0.0852,0.1071,0.1345,0.2266,0.319,0.2415,284.0,4.3819,294.9924,1.5786,1.4078,1.3209,1.0658,0.2551,0,32.1317,0.407,Moderate Potential
21.205,80.085,0,Grid Point,0.055,0.0741,0.0734,0.2085,0.1813,0.121,291.0,2.104,331.7948,1.3345,0.8695,1.4983,0.5803,0.4792,0,32.7814,0.1682,Low Potential
21.205,80.1,0,Grid Point,0.0835,0.1121,0.1421,0.2774,0.4097,0.3085,290.0,3.4166,215.5679,1.7018,1.4769,1.328,1.1121,0.3225,0,32.745,0.249,Low Potential
21.205,80.115,0,Grid Point,0.0491,0.0703,0.074,0.2014,0.2602,0.176,286.0,2.7803,180.0,1.5071,1.292,1.4784,0.8739,0.4626,0,32.7814,0.1495,Low Potential
21.205,80.13,0,Grid Point,0.0977,0.1263,0.1611,0.2572,0.3677,0.2838,277.0,1.3599,47.0068,1.6489,1.4296,1.2956,1.1034,0.2297,0,32.8905,0.2331,Low Potential
21.205,80.145,0,Grid Point,0.0472,0.0724,0.0634,0.2419,0.2104,0.1404,288.0,2.9819,90.0,1.3432,0.8698,1.4986,0.5804,0.5847,0,33.0714,0.1382,Low Potential
21.205,80.16,0,Grid Point,0.0737,0.1016,0.1265,0.2379,0.3257,0.2536,280.0,3.1223,287.2634,1.7164,1.3691,1.2843,1.066,0.3057,0,33.3231,0.3815,Moderate Potential
21.205,80.175,0,Grid Point,0.0898,0.1271,0.1649,0.2721,0.386,0.3094,275.0,4.2023,151.7948,1.8363,1.4186,1.2476,1.1371,0.2453,0,33.6439,0.1897,Low Potential
21.205,80.19,0,Grid Point,0.0776,0.1028,0.1222,0.2387,0.2738,0.2107,288.0,1.3599,227.0068,1.5747,1.147,1.2995,0.8827,0.3228,0,34.0319,0.363,Moderate Potential
21.205,80.205,0,Grid Point,0.0633,0.0917,0.1165,0.2226,0.3559,0.2702,301.0,2.1942,294.9924,1.8404,1.5988,1.3172,1.2138,0.3129,0,34.4848,0.418,Moderate Potential
21.205,80.22,0,Grid Point,0.0547,0.0731,0.0975,0.2092,0.2981,0.2176,333.0,4.7505,321.1844,1.7824,1.425,1.3699,1.0402,0.3642,0,35.0001,0.4396,Moderate Potential
21.205,80.235,0,Grid Point,0.0534,0.0684,0.0791,0.1883,0.2823,0.1935,320.0,0.9274,180.0,1.4813,1.4992,1.4589,1.0276,0.4084,0,35.575,0.1598,Low Potential
21.205,80.25,0,Grid Point,0.0685,0.0873,0.1156,0.2094,0.3626,0.272,333.0,3.7048,180.0,1.6876,1.7316,1.3331,1.2989,0.2886,0,36.2069,0.4479,Moderate Potential
21.205,80.265,0,Grid Point,0.0455,0.0682,0.0709,0.1977,0.2604,0.1613,338.0,2.104,331.7948,1.5582,1.3171,1.6144,0.8159,0.4721,0,36.8926,0.1599,Low Potential
21.205,80.28,0,Grid Point,0.0461,0.0651,0.0761,0.1889,0.2497,0.158,347.0,3.4166,215.5679,1.6508,1.3219,1.5804,0.8364,0.4257,0,37.6293,0.221,Low Potential
21.205,80.295,0,Grid Point,0.0434,0.0608,0.061,0.1983,0.2344,0.147,353.0,0.9274,0.0,1.4055,1.182,1.5946,0.7413,0.5295,0,38.4141,0.1412,Low Potential
21.205,80.31,0,Grid Point,0.0457,0.0642,0.0635,0.1953,0.2534,0.1663,358.0,1.3599,227.0068,1.3895,1.2975,1.5238,0.8515,0.5093,0,39.244,0.133,Low Potential
21.205,80.325,0,Grid Point,0.0468,0.0668,0.0681,0.2027,0.2372,0.1488,383.0,5.4979,212.7643,1.4551,1.1702,1.5941,0.7341,0.497,0,40.1163,0.1585,Low Potential
21.205,80.34,0,Grid Point,0.0792,0.1023,0.1264,0.2189,0.3174,0.2405,347.0,7.1089,204.6881,1.596,1.45,1.3198,1.0987,0.2679,0,41.0282,0.4349,Moderate Potential
21.205,80.355,0,Grid Point,0.0644,0.0877,0.1245,0.2398,0.3474,0.2504,357.0,7.547549999999999,340.3259,1.9332,1.4487,1.3874,1.0442,0.3165,0,41.9772,0.4289,Moderate Potential
21.205,80.37,0,Grid Point,0.0568,0.0787,0.0852,0.1998,0.216,0.1512,334.0,0.0,0.0,1.5,1.0811,1.4286,0.7568,0.4021,0,42.9608,0.1481,Low Potential
21.205,80.385,0,Grid Point,0.0973,0.1272,0.1418,0.2642,0.2305,0.1725,329.0,2.1942,294.9924,1.4573,0.8724,1.3362,0.6529,0.3015,0,43.9767,0.2472,Low Potential
21.205,80.4,0,Grid Point,0.0478,0.054,0.0395,0.13885000000000003,0.09513749999999997,0.0207,317.0,5.6349,10.1357,0.9781375000000002,0.9266,1.2802,0.7238,0.07343750000000004,0,45.0227,0.5525,Moderate Potential
21.205,80.415,0,Grid Point,0.0516,0.0607,0.0426,0.13885000000000003,0.09513749999999997,0.0176,317.0,2.9524,199.6741,0.9781375000000002,0.7445,1.3409,0.5552,0.07343750000000004,0,46.0968,0.5421,Moderate Potential
21.205,80.43,0,Grid Point,0.0474,0.0687,0.0673,0.1997,0.1448,0.0879,317.0,3.4166,144.4321,1.4198,0.7251,1.6473,0.4402,0.4959,0,47.197,0.2659,Low Potential
21.205,80.445,0,Grid Point,0.0477,0.0599,0.0739,0.1584,0.2382,0.1968,376.0,7.547549999999999,51.3714,1.5493,1.5038,1.2104,1.2424,0.3638,0,48.3215,0.3622,Moderate Potential
21.205,80.46,0,Grid Point,0.0795,0.1046,0.1446,0.235,0.358,0.2803,335.0,3.1223,287.2634,1.8189,1.5234,1.2772,1.1928,0.2381,0,49.4688,0.2675,Low Potential
21.205,80.475,0,Grid Point,0.0505,0.0649,0.0735,0.1954,0.2479,0.1782,367.0,6.9932,238.1379,1.4554,1.2687,1.3911,0.912,0.4533,0,49.882262499999996,0.3438,Low Potential
21.205,80.49,0,Grid Point,0.0689,0.0935,0.1161,0.2384,0.2955,0.2195,337.0,1.8543,180.0,1.6851,1.2395,1.3462,0.9207,0.345,0,49.882262499999996,0.5385,Moderate Potential
21.22,79.2,0,Grid Point,0.1013,0.1363375,0.18015,0.2324,0.2721,0.2384,281.0,2.9524,340.3241,1.672,1.1711,1.1416,1.0258,0.1235,0,11.1,0.362,Moderate Potential
21.22,79.215,0,Grid Point,0.0403,0.0596,0.048,0.2873,0.202,0.1154,287.0,1.36,47.0097,1.1884,0.7029,1.75,0.4017,0.7139,0,11.207,0.3013,Low Potential
21.22,79.23,0,Grid Point,0.1013,0.1363375,0.18015,0.2626,0.3388,0.3133,266.0,3.7048,180.0,1.6073,1.2902,1.0812,1.1933,0.0803,0,11.5221,0.2571,Low Potential
21.22,79.245,0,Grid Point,0.0466,0.068,0.0546,0.2678,0.2168,0.136,282.0,4.0795,76.8814,1.1704,0.8095,1.5937,0.5079,0.6612,0,12.0288,0.2201,Low Potential
21.22,79.26,0,Grid Point,0.0706,0.095,0.1147,0.2088,0.2517,0.1975,281.0,3.8353,15.0125,1.6246,1.206,1.2747,0.9461,0.2908,0,12.7044,0.5378,Moderate Potential
21.22,79.275,0,Grid Point,0.0705,0.0954,0.1085,0.2296,0.264,0.1939,275.0,1.36,47.0097,1.539,1.1496,1.3615,0.8443,0.3583,0,13.5235,0.327,Low Potential
21.22,79.29,0,Grid Point,0.0698,0.0951,0.1089,0.2696,0.2509,0.1688,280.0,0.0,0.0,1.5602,0.9305,1.4864,0.626,0.4246,1,12.7044,0.1481,Low Potential
21.22,79.305,0,Grid Point,0.0594,0.0843,0.0725,0.2855,0.2023,0.1173,282.0,2.104,151.7924,1.2205,0.7084,1.7242,0.4109,0.595,1,12.0288,0.2171,Low Potential
21.22,79.32,0,Grid Point,0.0686,0.0964,0.1198,0.166,0.215,0.1768,279.0,2.104,331.7924,1.7458,1.2945,1.2158,1.0647,0.1616,1,11.5221,0.5474,Moderate Potential
21.22,79.335,0,Grid Point,0.0536,0.0764,0.0767,0.2054,0.2046,0.1424,271.0,0.9949,270.0,1.4323,0.9963,1.4368,0.6935,0.4561,1,11.207,0.1624,Low Potential
21.22,79.35,0,Grid Point,0.0778,0.099,0.1217,0.2445,0.2688,0.2062,282.0,0.9274,0.0,1.5643,1.0996,1.3041,0.8431,0.3353,1,11.1,0.3531,Moderate Potential
21.22,79.365,0,Grid Point,0.0791,0.1046,0.1258,0.2372,0.2745,0.1916,271.0,1.36,227.0097,1.5898,1.1573,1.4323,0.808,0.3071,1,11.207,0.2028,Low Potential
21.22,79.38,0,Grid Point,0.0684,0.093,0.1162,0.2356,0.2632,0.1922,270.0,1.36,227.0097,1.6969,1.1176,1.3697,0.816,0.3395,1,11.5221,0.4026,Moderate Potential
21.22,79.395,0,Grid Point,0.0714,0.0947,0.1157,0.251,0.2575,0.1858,276.0,2.104,151.7924,1.6216,1.0257,1.3855,0.7403,0.3691,1,12.0288,0.2706,Low Potential
21.22,79.41,0,Grid Point,0.1013,0.1363375,0.18015,0.2532,0.3094,0.2471,275.0,0.9274,180.0,1.7035,1.222,1.2519,0.9761,0.1571,1,12.7044,0.3026,Low Potential
21.22,79.425,0,Grid Point,0.0782,0.1105,0.127,0.2612,0.3059,0.2312,279.0,0.9949,270.0,1.6257,1.1714,1.3234,0.8851,0.3454,1,12.875,0.4352,Moderate Potential
21.22,79.44,0,Grid Point,0.063,0.0842,0.1056,0.193,0.2324,0.1912,282.0,1.36,227.0097,1.677,1.2045,1.2152,0.9912,0.2924,1,11.33,0.5609,Moderate Potential
21.22,79.455,0,Grid Point,0.0659,0.09,0.1064,0.2338,0.2956,0.2118,271.0,4.3823,114.9902,1.6146,1.2641,1.3951,0.9061,0.3745,1,9.785,0.6338,Moderate Potential
21.22,79.47,0,Grid Point,0.0607,0.088,0.1007,0.2529,0.2628,0.1656,279.0,0.9949,90.0,1.659,1.0389,1.5871,0.6546,0.4304,1,8.24,0.1963,Low Potential
21.22,79.485,0,Grid Point,0.0667,0.0942,0.1078,0.255,0.2839,0.1912,273.0,0.9949,270.0,1.6154,1.1136,1.4848,0.75,0.4058,1,6.695,0.1613,Low Potential
21.22,79.5,0,Grid Point,0.0482,0.0723,0.0667,0.3022,0.2382,0.1432,274.0,2.104,151.7924,1.3838,0.7881,1.6634,0.4738,0.6384,1,5.15,0.1649,Low Potential
21.22,79.515,0,Grid Point,0.051,0.0758,0.0736,0.2617,0.2474,0.1526,269.0,2.1944,245.0098,1.4446,0.9454,1.6212,0.5831,0.561,1,3.605,0.1554,Low Potential
21.22,79.53,0,Grid Point,0.062,0.0872,0.1003,0.2303,0.267,0.1764,268.0,2.104,331.7924,1.6177,1.1596,1.5135,0.7662,0.3932,1,2.06,0.1895,Low Potential
21.22,79.545,0,Grid Point,0.069,0.0934,0.1125,0.2368,0.293,0.2,271.0,0.9274,0.0,1.6293,1.2371,1.4646,0.8446,0.3559,1,0.515,0.2881,Low Potential
21.22,79.56,0,Grid Point,0.0635,0.0856,0.0991,0.2331,0.25,0.1794,280.0,0.0,0.0,1.5619,1.0727,1.3938,0.7696,0.4034,0,1.03,0.2775,Low Potential
21.22,79.575,0,Grid Point,0.0673,0.0863,0.0887,0.2424,0.2562,0.2006,273.0,1.8543,0.0,1.317,1.0569,1.2775,0.8274,0.4642,0,2.575,0.2838,Low Potential
21.22,79.59,0,Grid Point,0.0818,0.101,0.1013,0.2725,0.2685,0.1834,266.0,1.36,312.9903,1.2385,0.9853,1.4636,0.6732,0.4582,0,4.12,0.1671,Low Potential
21.22,79.605,0,Grid Point,0.0514,0.0802,0.0748,0.228,0.22,0.1448,272.0,1.36,312.9903,1.4538,0.9645,1.5195,0.6347,0.506,0,5.665,0.1446,Low Potential
21.22,79.62,0,Grid Point,0.0608,0.0871,0.1034,0.1679,0.2017,0.16,274.0,0.0,0.0,1.7029,1.201,1.261,0.9524,0.2377,0,7.21,0.5371,Moderate Potential
21.22,79.635,0,Grid Point,0.0624,0.0836,0.1039,0.1988,0.2099,0.1614,258.0,2.104,331.7924,1.6651,1.0558,1.3001,0.8121,0.3135,0,8.755,0.4616,Moderate Potential
21.22,79.65,0,Grid Point,0.0566,0.0848,0.0778,0.1588,0.161,0.1026,258.0,4.0737,47.0097,1.3758,1.0132,1.5679,0.6462,0.3425,0,10.3,0.2965,Low Potential
21.22,79.665,0,Grid Point,0.0871,0.1159,0.1506,0.2379,0.3188,0.2358,256.0,0.0,0.0,1.729,1.3401,1.3523,0.991,0.2247,0,11.845,0.361,Moderate Potential
21.22,79.68,0,Grid Point,0.0602,0.0896,0.0894,0.2404,0.2104,0.1368,257.0,0.9274,0.0,1.4863,0.8752,1.5382,0.569,0.4578,0,13.39,0.142,Low Potential
21.22,79.695,0,Grid Point,0.0452,0.0646,0.0518,0.13885000000000003,0.09513749999999997,0.017112500000000003,248.0,3.4167,144.4293,1.1459,0.8258,1.2827,0.6438,0.07343750000000004,0,14.935,0.6018,Moderate Potential
21.22,79.71,0,Grid Point,0.0918,0.1274,0.18015,0.2516,0.3496,0.2964,263.0,3.4167,35.5707,1.9651,1.389,1.1791,1.178,0.1649,0,16.48,0.214,Low Potential
21.22,79.725,0,Grid Point,0.0436,0.0704,0.0547,0.2505,0.157,0.085,263.0,3.1225,252.7383,1.256,0.6269,1.8487,0.3391,0.6415,0,16.3677,0.4965,Moderate Potential
21.22,79.74,0,Grid Point,0.0435,0.0716,0.0622,0.224,0.2259,0.128,272.0,2.1944,65.0098,1.4299,1.0087,1.7648,0.5716,0.5653,0,15.6977,0.1631,Low Potential
21.22,79.755,0,Grid Point,0.0652,0.0975,0.1008,0.2894,0.316,0.2122,258.0,2.7184,132.9903,1.5441,1.0919,1.4889,0.7334,0.4835,0,15.1561,0.173,Low Potential
21.22,79.77,0,Grid Point,0.0576,0.0792,0.099,0.2124,0.3104,0.2222,260.0,0.9949,90.0,1.7179,1.4617,1.3969,1.0464,0.3643,0,14.7571,0.4456,Moderate Potential
21.22,79.785,0,Grid Point,0.0539,0.0787,0.0748,0.2213,0.2272,0.1432,262.0,0.0,0.0,1.3887,1.0264,1.5857,0.6473,0.4945,0,14.5125,0.1301,Low Potential
21.22,79.8,0,Grid Point,0.076,0.1179,0.1526,0.2308,0.2857,0.2302,272.0,0.9949,270.0,2.0086,1.2379,1.2411,0.9974,0.2038,0,14.43,0.4558,Moderate Potential
21.22,79.815,0,Grid Point,0.0491,0.0741,0.0698,0.253,0.2532,0.1529,283.0,7.547549999999999,317.4019,1.423,1.001,1.6563,0.6043,0.5675,0,14.5125,0.1795,Low Potential
21.22,79.83,0,Grid Point,0.0428,0.0579,0.0701,0.2168,0.2504,0.1585,380.0,7.547549999999999,95.3257,1.6398,1.155,1.5798,0.7311,0.5113,0,14.7571,0.2193,Low Potential
21.22,79.845,0,Grid Point,0.0533,0.0762,0.0956,0.1956,0.2938,0.2176,334.0,3.8353,15.0125,1.7927,1.5027,1.3507,1.1125,0.3435,0,15.1561,0.4687,Moderate Potential
21.22,79.86,0,Grid Point,0.0424,0.0631,0.086,0.2174,0.2744,0.1823,379.0,7.547549999999999,256.8814,2.0295,1.262,1.5049,0.8385,0.4333,0,15.6977,0.3046,Low Potential
21.22,79.875,0,Grid Point,0.0401,0.0588,0.065,0.2364,0.2422,0.1388,400.0,6.088,139.3642,1.6209,1.025,1.7459,0.5871,0.5686,0,16.3677,0.2394,Low Potential
21.22,79.89,0,Grid Point,0.0412,0.0574,0.0566,0.2006,0.214,0.1244,405.0,4.3823,65.0098,1.3733,1.0673,1.7214,0.62,0.5595,0,17.151,0.2059,Low Potential
21.22,79.905,0,Grid Point,0.0499,0.0734,0.0952,0.2507,0.265,0.166,446.0,0.9274,0.0,1.9088,1.0568,1.5959,0.6622,0.4494,0,18.033,0.161,Low Potential
21.22,79.92,0,Grid Point,0.0436,0.0638,0.0647,0.1888,0.2378,0.1491,303.0,4.0795,103.1186,1.4856,1.2596,1.5946,0.7899,0.4894,0,18.9999,0.1671,Low Potential
21.22,79.935,0,Grid Point,0.0379,0.057,0.0532,0.1778,0.215,0.1286,302.0,1.36,47.0097,1.4037,1.2089,1.6715,0.7233,0.5394,0,20.0393,0.1931,Low Potential
21.22,79.95,0,Grid Point,0.0362,0.0602,0.0494,0.294,0.2256,0.1153,344.0,7.547549999999999,19.6759,1.366,0.7673,1.9562,0.3922,0.712,0,21.1407,0.2725,Low Potential
21.22,79.965,0,Grid Point,0.0404,0.0564,0.0534,0.1906,0.2228,0.1342,327.0,1.36,227.0097,1.3218,1.1689,1.6602,0.7041,0.5623,0,22.2947,0.1895,Low Potential
21.22,79.98,0,Grid Point,0.0312,0.0469,0.0411,0.2016,0.1922,0.1023,369.0,6.2895,28.2076,1.3136,0.9534,1.8788,0.5074,0.6617,0,23.4938,0.3213,Low Potential
21.22,79.995,0,Grid Point,0.0328,0.0522,0.0572,0.2382,0.2338,0.1264,410.0,7.547549999999999,254.3759,1.7412,0.9815,1.8486,0.531,0.6127,0,24.7312,0.2866,Low Potential
21.22,80.01,0,Grid Point,0.0395,0.0542,0.0606,0.1947,0.2145,0.1226,391.0,5.6813,60.7809,1.5354,1.1017,1.7489,0.6299,0.525,0,26.0016,0.2306,Low Potential
21.22,80.025,0,Grid Point,0.05,0.0731,0.0954,0.2099,0.2698,0.1742,387.0,7.547549999999999,287.2617,1.9051,1.2854,1.5492,0.8297,0.3753,0,27.3003,0.2707,Low Potential
21.22,80.04,0,Grid Point,0.0359,0.0573,0.0502,0.2153,0.1998,0.1083,326.0,4.8444,304.9593,1.3983,0.928,1.8449,0.503,0.6218,0,28.6235,0.2922,Low Potential
21.22,80.055,0,Grid Point,0.0454,0.0636,0.0662,0.1934,0.2396,0.1562,297.0,1.9891,270.0,1.4581,1.2389,1.5339,0.8077,0.49,0,29.9679,0.1576,Low Potential
21.22,80.07,0,Grid Point,0.0966,0.1285,0.1534,0.29,0.3431,0.2462,292.0,2.9524,340.3241,1.588,1.1831,1.3936,0.849,0.3081,0,31.2332,0.2286,Low Potential
21.22,80.085,0,Grid Point,0.08,0.1075,0.1257,0.2553,0.3299,0.2535,299.0,3.8353,164.9875,1.5712,1.2922,1.3014,0.9929,0.3402,0,31.1184,0.3327,Low Potential
21.22,80.1,0,Grid Point,0.0748,0.0999,0.1219,0.2325,0.2892,0.2084,292.0,3.4167,324.4293,1.6297,1.2439,1.3877,0.8963,0.3121,0,31.08,0.579,Moderate Potential
21.22,80.115,0,Grid Point,0.0395,0.0547,0.0382,0.13885000000000003,0.09513749999999997,0.0189,287.0,0.0,0.0,0.9781375000000002,1.1055,1.2751,0.867,0.07343750000000004,0,31.1184,0.5438,Moderate Potential
21.22,80.13,0,Grid Point,0.0411,0.0699,0.0543,0.2712,0.1801,0.1001,284.0,1.9891,90.0,1.3212,0.6641,1.7992,0.3691,0.6664,0,31.2332,0.2915,Low Potential
21.22,80.145,0,Grid Point,0.055,0.0778,0.0761,0.2455,0.243,0.1647,292.0,2.1944,294.9902,1.3836,0.9898,1.4754,0.6709,0.5267,0,31.4237,0.1219,Low Potential
21.22,80.16,0,Grid Point,0.0439,0.0605,0.051,0.2315,0.1881,0.1194,286.0,2.104,331.7924,1.1617,0.8125,1.5754,0.5158,0.6389,0,31.6885,0.2163,Low Potential
21.22,80.175,0,Grid Point,0.0426,0.0692,0.0559,0.2908,0.1764,0.0965,283.0,0.9274,180.0,1.3122,0.6066,1.828,0.3318,0.6775,0,32.0256,0.3536,Moderate Potential
21.22,80.19,0,Grid Point,0.0468,0.0702,0.0527,0.2883,0.1666,0.0922,286.0,2.7803,180.0,1.1261,0.5779,1.8069,0.3198,0.6909,0,32.433,0.4332,Moderate Potential
21.22,80.205,0,Grid Point,0.093,0.1363375,0.18015,0.2526,0.3997,0.3336125,290.0,1.36,132.9903,1.9398,1.5823,1.1896,1.3302,0.1667,0,32.9079,0.1996,Low Potential
21.22,80.22,0,Grid Point,0.0554,0.0754,0.0986,0.1944,0.3054,0.2296,316.0,7.4575,248.2226,1.7798,1.571,1.3301,1.1811,0.327,0,33.4475,0.434,Moderate Potential
21.22,80.235,0,Grid Point,0.0515,0.0718,0.0771,0.1955,0.2516,0.1621,315.0,4.0737,312.9903,1.4971,1.287,1.5521,0.8292,0.4343,0,34.0487,0.1945,Low Potential
21.22,80.25,0,Grid Point,0.0909,0.1206,0.139,0.2813,0.3813,0.2897,319.0,2.9524,340.3241,1.5292,1.3555,1.3162,1.0299,0.3386,0,34.7083,0.3373,Low Potential
21.22,80.265,0,Grid Point,0.0587,0.0773,0.0919,0.2209,0.3075,0.2138,340.0,2.1944,294.9902,1.5656,1.392,1.4383,0.9679,0.4124,0,35.4231,0.1905,Low Potential
21.22,80.28,0,Grid Point,0.0519,0.0696,0.0747,0.1952,0.2621,0.1836,347.0,2.9524,199.6759,1.4393,1.3427,1.4276,0.9406,0.4465,0,36.1897,0.1767,Low Potential
21.22,80.295,0,Grid Point,0.0648,0.0934,0.0937,0.2555,0.3262,0.2335,348.0,1.9891,270.0,1.446,1.2767,1.397,0.9139,0.4633,0,37.005,0.3762,Moderate Potential
21.22,80.31,0,Grid Point,0.0435,0.058,0.0522,0.2451,0.1555,0.0901,357.0,2.104,208.2076,1.2,0.6344,1.7259,0.3676,0.6488,0,37.8659,0.3962,Moderate Potential
21.22,80.325,0,Grid Point,0.0866,0.1128,0.1433,0.2466,0.3482,0.272,362.0,0.9949,90.0,1.6547,1.412,1.2801,1.103,0.2649,0,38.7692,0.2654,Low Potential
21.22,80.34,0,Grid Point,0.0484,0.063,0.0842,0.1764,0.2651,0.1886,413.0,7.547549999999999,151.7924,1.7397,1.5028,1.4056,1.0692,0.3538,0,39.712,0.3085,Low Potential
21.22,80.355,0,Grid Point,0.0737,0.1016,0.1141,0.2585,0.3499,0.2487,340.0,1.36,312.9903,1.5482,1.3536,1.4069,0.9621,0.3875,0,40.6917,0.3579,Moderate Potential
21.22,80.37,0,Grid Point,0.0854,0.1156,0.1563,0.2522,0.3306,0.2626,334.0,1.36,47.0097,1.8302,1.3109,1.2589,1.0412,0.2348,0,41.7057,0.2155,Low Potential
21.22,80.385,0,Grid Point,0.049,0.0696,0.0626,0.2243,0.1947,0.1204,331.0,2.9524,340.3241,1.2776,0.868,1.6171,0.5368,0.5636,0,42.7514,0.1935,Low Potential
21.22,80.4,0,Grid Point,0.0608,0.082,0.0846,0.2453,0.2188,0.1477,332.0,0.9949,270.0,1.3914,0.892,1.4814,0.6021,0.4871,0,43.8267,0.1408,Low Potential
21.22,80.415,0,Grid Point,0.0758,0.0898,0.1177,0.2034,0.3178,0.2758,326.0,2.104,28.2076,1.5528,1.5624,1.1523,1.3559,0.2669,0,44.9293,0.3917,Moderate Potential
21.22,80.43,0,Grid Point,0.0485,0.0555,0.044,0.13885000000000003,0.09513749999999997,0.0246,319.0,4.7322,12.1091,0.9781375000000002,1.0979,1.5041,0.73,0.07343750000000004,0,46.0574,0.4232,Moderate Potential
21.22,80.445,0,Grid Point,0.0416,0.0676,0.0571,0.2224,0.1621,0.1026,318.0,2.7803,0.0,1.3726,0.7289,1.5799,0.4613,0.5914,0,47.2091,0.2188,Low Potential
21.22,80.46,0,Grid Point,0.0537,0.0717,0.0944,0.2048,0.2859,0.2261,339.0,7.547549999999999,334.5096,1.7579,1.396,1.2645,1.104,0.369,0,48.3828,0.4122,Moderate Potential
21.22,80.475,0,Grid Point,0.0547,0.0707,0.0893,0.1986,0.3193,0.2404,329.0,2.1944,65.0098,1.6325,1.6078,1.3282,1.2105,0.3796,0,49.436,0.3643,Moderate Potential
21.22,80.49,0,Grid Point,0.0491,0.0646,0.0741,0.1916,0.28,0.1874,355.0,7.547549999999999,329.6669,1.5092,1.4614,1.4941,0.9781,0.4422,0,49.8607,0.2046,Low Potential
21.235,79.2,0,Grid Point,0.0792,0.1012,0.1222,0.2503,0.2904,0.2142,283.0,0.9274,180.0,1.5426,1.1602,1.3561,0.8556,0.3437,0,9.435,0.2924,Low Potential
21.235,79.215,0,Grid Point,0.0757,0.1026,0.1246,0.2182,0.2796,0.2198,276.0,0.995,90.0,1.6453,1.2816,1.2723,1.0073,0.2732,0,9.5607,0.5807,Moderate Potential
21.235,79.23,0,Grid Point,0.1013,0.1363375,0.18015,0.234,0.3183,0.2502,305.0,3.9738,90.0,1.8161,1.36,1.2722,1.069,0.07343750000000004,0,9.9281,0.2984,Low Potential
21.235,79.245,0,Grid Point,0.073,0.1006,0.1244,0.2097,0.2604,0.2234,285.0,2.1945,245.0121,1.7034,1.242,1.1661,1.0651,0.2555,0,10.512,0.5043,Moderate Potential
21.235,79.26,0,Grid Point,0.0709,0.0963,0.112,0.2222,0.242,0.1712,284.0,0.9274,0.0,1.5797,1.0891,1.414,0.7703,0.3297,0,11.2788,0.2457,Low Potential
21.235,79.275,0,Grid Point,0.0674,0.0839,0.0948,0.1484,0.1923,0.1538,278.0,0.9274,180.0,1.4047,1.2963,1.2507,1.0364,0.2205,1,12.194,0.5735,Moderate Potential
21.235,79.29,0,Grid Point,0.0767,0.0992,0.1098,0.2522,0.2445,0.2017,289.0,2.7185,132.9874,1.4316,0.9697,1.2122,0.7999,0.3933,1,13.2269,0.2585,Low Potential
21.235,79.305,0,Grid Point,0.0686,0.0802,0.1034,0.2446,0.2438,0.1739,287.0,0.0,0.0,1.508,0.9969,1.4022,0.711,0.4055,1,13.5804,0.2521,Low Potential
21.235,79.32,0,Grid Point,0.1006,0.1268,0.166,0.2923,0.2948,0.2054,280.0,1.8543,0.0,1.6509,1.0084,1.435,0.7027,0.2756,1,13.1337,0.1903,Low Potential
21.235,79.335,0,Grid Point,0.0807,0.1046,0.1295,0.228,0.3332,0.2476,280.0,2.7185,227.0126,1.6047,1.4614,1.3457,1.086,0.2755,1,12.8582,0.4216,Moderate Potential
21.235,79.35,0,Grid Point,0.0768,0.1039,0.1095,0.2716,0.2465,0.1567,278.0,1.36,132.9874,1.4267,0.9078,1.5736,0.5769,0.4253,1,12.765,0.1413,Low Potential
21.235,79.365,0,Grid Point,0.072,0.1006,0.1128,0.2332,0.2676,0.183,275.0,2.1945,294.9879,1.566,1.1475,1.4622,0.7848,0.3483,1,12.8582,0.1868,Low Potential
21.235,79.38,0,Grid Point,0.0681,0.098,0.1204,0.2322,0.2833,0.2013,271.0,2.1945,294.9879,1.768,1.2201,1.4077,0.8667,0.3171,1,13.1337,0.4225,Moderate Potential
21.235,79.395,0,Grid Point,0.0894,0.1236,0.1588,0.2782,0.3266,0.2628,281.0,3.1228,287.2601,1.7767,1.1738,1.2428,0.9445,0.2734,1,13.5804,0.2294,Low Potential
21.235,79.41,0,Grid Point,0.0796,0.103,0.1335,0.2396,0.2688,0.1806,273.0,1.9893,90.0,1.6771,1.1217,1.4881,0.7538,0.2844,1,14.1823,0.2054,Low Potential
21.235,79.425,0,Grid Point,0.0661,0.0907,0.0933,0.2665,0.2681,0.1686,276.0,1.36,227.0126,1.4115,1.006,1.5902,0.6326,0.4814,1,12.9822,0.1533,Low Potential
21.235,79.44,0,Grid Point,0.0736,0.0997,0.1234,0.2396,0.2532,0.1854,282.0,2.1945,294.9879,1.6766,1.057,1.366,0.7738,0.3201,1,11.4517,0.3932,Moderate Potential
21.235,79.455,0,Grid Point,0.0772,0.0994,0.143,0.2658,0.306,0.2307,276.0,0.995,90.0,1.8511,1.1508,1.3262,0.8678,0.3005,1,9.9256,0.312,Low Potential
21.235,79.47,0,Grid Point,0.0532,0.0793,0.0718,0.31765,0.2358,0.1419,286.0,2.1945,294.9879,1.3474,0.6746,1.6614,0.4061,0.6593,1,8.4065,0.1808,Low Potential
21.235,79.485,0,Grid Point,0.0694,0.0938,0.1078,0.2641,0.2715,0.1991,281.0,0.0,0.0,1.5515,1.028,1.3636,0.7539,0.4205,1,6.8989,0.2733,Low Potential
21.235,79.5,0,Grid Point,0.0774,0.1092,0.1226,0.2348,0.2894,0.2253,282.0,2.9524,199.6778,1.583,1.2323,1.2845,0.9593,0.314,1,5.4125,0.4872,Moderate Potential
21.235,79.515,0,Grid Point,0.069,0.0946,0.1061,0.2716,0.2726,0.1816,282.0,0.995,270.0,1.5366,1.0039,1.5015,0.6686,0.4381,1,3.9709,0.1574,Low Potential
21.235,79.53,0,Grid Point,0.0628,0.087,0.0954,0.258,0.2537,0.1655,277.0,2.9524,160.3222,1.5203,0.9837,1.5337,0.6414,0.46,1,2.6487,0.1531,Low Potential
21.235,79.545,0,Grid Point,0.0662,0.0948,0.1204,0.1995,0.2557,0.2074,280.0,1.36,312.9874,1.8187,1.2817,1.2326,1.0398,0.2473,1,1.7428,0.5332,Moderate Potential
21.235,79.56,0,Grid Point,0.0506,0.0756,0.0832,0.2208,0.2038,0.1442,282.0,1.36,312.9874,1.6459,0.9234,1.4132,0.6535,0.4525,1,1.9578,0.2709,Low Potential
21.235,79.575,0,Grid Point,0.063,0.0902,0.0981,0.2419,0.2314,0.1523,277.0,1.36,132.9874,1.5571,0.9566,1.5194,0.6296,0.4229,1,3.0664,0.1448,Low Potential
21.235,79.59,0,Grid Point,0.0673,0.0982,0.1099,0.2459,0.2948,0.217,280.0,1.36,132.9874,1.633,1.1989,1.3588,0.8823,0.3822,0,4.4437,0.4598,Moderate Potential
21.235,79.605,0,Grid Point,0.0786,0.1065,0.1288,0.2365,0.2944,0.2158,278.0,2.7185,47.0126,1.6383,1.245,1.3645,0.9125,0.2946,0,5.9046,0.5245,Moderate Potential
21.235,79.62,0,Grid Point,0.0626,0.0836,0.1008,0.181,0.2608,0.2013,270.0,3.1228,72.7399,1.6115,1.441,1.2957,1.1122,0.2845,0,7.3998,0.5631,Moderate Potential
21.235,79.635,0,Grid Point,0.054,0.0735,0.0823,0.1434,0.1413,0.1202,271.0,0.0,0.0,1.5255,0.9857,1.176,0.8382,0.2706,0,8.9119,0.4712,Moderate Potential
21.235,79.65,0,Grid Point,0.0651,0.0916,0.1029,0.2546,0.2918,0.2002,261.0,1.8543,180.0,1.5806,1.1465,1.4582,0.7863,0.4243,0,10.4337,0.1452,Low Potential
21.235,79.665,0,Grid Point,0.0576,0.0824,0.0958,0.2216,0.2556,0.179,253.0,1.36,227.0126,1.6641,1.1539,1.4282,0.8079,0.396,0,11.9614,0.2138,Low Potential
21.235,79.68,0,Grid Point,0.0766,0.107,0.1244,0.2661,0.2545,0.1822,255.0,1.8543,180.0,1.6251,0.9564,1.3968,0.6847,0.3629,0,13.4931,0.2641,Low Potential
21.235,79.695,0,Grid Point,0.0602,0.0918,0.1061,0.2385,0.2337,0.1633,255.0,3.1228,107.2601,1.761,0.9799,1.4311,0.6847,0.3842,0,15.0275,0.2114,Low Potential
21.235,79.71,0,Grid Point,0.0701,0.103,0.1204,0.2258,0.2246,0.1728,254.0,0.9274,0.0,1.7175,0.9942,1.2995,0.7651,0.3045,0,15.7759,0.3828,Moderate Potential
21.235,79.725,0,Grid Point,0.0662,0.0958,0.1194,0.24,0.3218,0.2392,252.0,1.36,227.0126,1.8044,1.3403,1.3454,0.9963,0.3355,0,14.9205,0.5121,Moderate Potential
21.235,79.74,0,Grid Point,0.0664,0.0945,0.1102,0.2638,0.3194,0.2288,251.0,0.0,0.0,1.6596,1.2112,1.3962,0.8675,0.4106,0,14.1823,0.3786,Moderate Potential
21.235,79.755,0,Grid Point,0.0586,0.0795,0.097,0.1987,0.2686,0.1945,252.0,0.995,270.0,1.6544,1.352,1.3816,0.9786,0.3442,0,13.5804,0.5781,Moderate Potential
21.235,79.77,0,Grid Point,0.0586,0.0874,0.0948,0.2761,0.2982,0.1968,255.0,1.9893,90.0,1.6172,1.0799,1.515,0.7128,0.4886,0,13.1337,0.1497,Low Potential
21.235,79.785,0,Grid Point,0.0484,0.0745,0.0724,0.2498,0.2268,0.1494,263.0,1.9893,270.0,1.4959,0.9077,1.5176,0.5982,0.5507,0,12.8582,0.1463,Low Potential
21.235,79.8,0,Grid Point,0.1013,0.1363375,0.18015,0.2848,0.3912,0.316,265.0,0.995,90.0,1.7606,1.3738,1.2381,1.1096,0.2069,0,12.765,0.2555,Low Potential
21.235,79.815,0,Grid Point,0.0552,0.0804,0.0855,0.2176,0.2403,0.1796,267.0,0.9274,180.0,1.5489,1.1043,1.3376,0.8256,0.4358,0,12.8582,0.3206,Low Potential
21.235,79.83,0,Grid Point,0.041,0.0712,0.0623,0.2272,0.2394,0.1398,277.0,1.36,47.0126,1.5214,1.0537,1.7121,0.6155,0.5695,0,13.1337,0.1688,Low Potential
21.235,79.845,0,Grid Point,0.0364,0.0532,0.0534,0.188,0.2018,0.1202,352.0,7.547549999999999,327.2304,1.467,1.0734,1.6796,0.6391,0.5576,0,13.5804,0.2946,Low Potential
21.235,79.86,0,Grid Point,0.0431,0.063,0.0622,0.192,0.2343,0.1454,339.0,7.547549999999999,263.3543,1.442,1.2203,1.6114,0.7573,0.5109,0,14.1823,0.2172,Low Potential
21.235,79.875,0,Grid Point,0.0422,0.0592,0.0697,0.1832,0.2372,0.1466,388.0,2.7185,47.0126,1.6497,1.2948,1.618,0.8002,0.4488,0,14.9205,0.2066,Low Potential
21.235,79.89,0,Grid Point,0.04,0.056,0.0547,0.1998,0.2187,0.1276,392.0,7.1705,255.0874,1.3658,1.0943,1.7139,0.6385,0.5702,0,15.7759,0.2411,Low Potential
21.235,79.905,0,Grid Point,0.035,0.0558,0.0513,0.2249,0.218,0.119,345.0,7.547549999999999,230.357,1.4678,0.9691,1.8307,0.5293,0.6285,0,16.7305,0.2698,Low Potential
21.235,79.92,0,Grid Point,0.0368,0.0526,0.0509,0.1686,0.2068,0.1242,318.0,0.9274,0.0,1.385,1.2259,1.664,0.7367,0.5363,0,17.7684,0.2341,Low Potential
21.235,79.935,0,Grid Point,0.0404,0.0598,0.0574,0.2094,0.2318,0.1377,314.0,2.9524,160.3222,1.4203,1.1067,1.683,0.6576,0.5694,0,18.8758,0.1655,Low Potential
21.235,79.95,0,Grid Point,0.0378,0.0551,0.0532,0.2362,0.2125,0.1183,401.0,7.547549999999999,127.1379,1.4074,0.8999,1.7963,0.501,0.6323,0,20.0412,0.2507,Low Potential
21.235,79.965,0,Grid Point,0.0468,0.0699,0.0626,0.3043,0.2441,0.127,359.0,7.547549999999999,256.8827,1.3387,0.8022,1.922,0.4174,0.6585,0,21.255,0.2026,Low Potential
21.235,79.98,0,Grid Point,0.0349,0.0509,0.0478,0.1872,0.2037,0.111,363.0,2.1041,208.2101,1.3682,1.0881,1.8351,0.5929,0.5935,0,22.5095,0.2852,Low Potential
21.235,79.995,0,Grid Point,0.0368,0.0528,0.0654,0.2288,0.2372,0.1344,474.0,4.6274,180.0,1.781,1.0372,1.7659,0.5873,0.5551,0,23.7982,0.2475,Low Potential
21.235,80.01,0,Grid Point,0.0414,0.058,0.0623,0.1824,0.2188,0.1312,360.0,5.4249,312.9874,1.5048,1.1993,1.6673,0.7193,0.4908,0,25.1158,0.2207,Low Potential
21.235,80.025,0,Grid Point,0.0414,0.0611,0.0626,0.2186,0.2133,0.1227,386.0,7.547549999999999,347.8897,1.5127,0.9755,1.7384,0.5612,0.5551,0,26.458,0.2333,Low Potential
21.235,80.04,0,Grid Point,0.057,0.0831,0.0818,0.2839,0.2524,0.1443,406.0,7.547549999999999,350.6277,1.4351,0.889,1.7491,0.5083,0.5526,0,27.8213,0.1808,Low Potential
21.235,80.055,0,Grid Point,0.0512,0.0719,0.0796,0.2334,0.2588,0.162,326.0,7.547549999999999,30.3356,1.5547,1.1088,1.5975,0.6941,0.4914,0,29.2027,0.1472,Low Potential
21.235,80.07,0,Grid Point,0.0584,0.0819,0.081,0.2253,0.2412,0.1926,298.0,1.36,312.9874,1.387,1.0706,1.2523,0.8549,0.4711,0,29.5769,0.285,Low Potential
21.235,80.085,0,Grid Point,0.0451,0.0653,0.0721,0.2069,0.2848,0.1787,308.0,1.36,227.0126,1.5987,1.3765,1.5937,0.8637,0.4832,0,29.4555,0.1497,Low Potential
21.235,80.1,0,Grid Point,0.0432,0.0705,0.0663,0.2217,0.1716,0.1072,299.0,7.547549999999999,231.3771,1.5347,0.774,1.6007,0.4835,0.5396,0,29.415,0.221,Low Potential
21.235,80.115,0,Grid Point,0.0584,0.0794,0.0982,0.2156,0.2862,0.1911,304.0,3.4169,324.4266,1.6815,1.3275,1.4976,0.8864,0.3741,0,29.4555,0.3723,Moderate Potential
21.235,80.13,0,Grid Point,0.0433,0.0659,0.0649,0.1976,0.2353,0.1499,296.0,1.36,312.9874,1.4988,1.1908,1.5697,0.7586,0.5055,0,29.5769,0.1567,Low Potential
21.235,80.145,0,Grid Point,0.0829,0.1159,0.1465,0.2669,0.3397,0.2683,290.0,2.9825,270.0,1.7672,1.2728,1.2661,1.0052,0.2912,0,29.7779,0.2196,Low Potential
21.235,80.16,0,Grid Point,0.0491,0.0664,0.0789,0.1914,0.273,0.1826,331.0,4.8448,124.9565,1.6069,1.4263,1.4951,0.954,0.4162,0,30.0572,0.2035,Low Potential
21.235,80.175,0,Grid Point,0.0753,0.0997,0.1088,0.2561,0.3108,0.2203,292.0,3.1228,252.7399,1.4449,1.2136,1.4108,0.8602,0.4037,0,30.4125,0.303,Low Potential
21.235,80.19,0,Grid Point,0.0551,0.0754,0.0939,0.2115,0.2775,0.195,322.0,3.7048,0.0,1.7042,1.3121,1.4231,0.922,0.3851,0,30.8411,0.2287,Low Potential
21.235,80.205,0,Grid Point,0.0471,0.0707,0.065,0.248,0.1638,0.0893,298.0,3.5102,238.1431,1.38,0.6605,1.8343,0.3601,0.5847,0,31.3402,0.3866,Moderate Potential
21.235,80.22,0,Grid Point,0.0442,0.0505,0.0396,0.13885000000000003,0.09513749999999997,0.0202,304.0,0.0,0.0,0.9781375000000002,0.9102,1.1535,0.7891,0.07343750000000004,0,31.9063,0.5252,Moderate Potential
21.235,80.235,0,Grid Point,0.0514,0.073,0.0775,0.2111,0.281,0.1852,326.0,1.36,312.9874,1.5078,1.3311,1.5173,0.8773,0.4629,0,32.536,0.1721,Low Potential
21.235,80.25,0,Grid Point,0.0519,0.069,0.07,0.2025,0.2608,0.1696,325.0,2.1041,28.2101,1.3487,1.2879,1.5377,0.8375,0.4862,0,33.2257,0.1331,Low Potential
21.235,80.265,0,Grid Point,0.0551,0.0822,0.0843,0.2619,0.2663,0.1829,341.0,4.2025,28.2101,1.5299,1.0168,1.456,0.6984,0.513,0,33.9716,0.1437,Low Potential
21.235,80.28,0,Grid Point,0.0809,0.114,0.1367,0.2657,0.3504,0.2817,341.0,3.1228,72.7399,1.6897,1.3188,1.2439,1.0602,0.3206,0,34.7703,0.3143,Low Potential
21.235,80.295,0,Grid Point,0.0675,0.0961,0.1132,0.2452,0.2582,0.1935,333.0,2.7185,312.9874,1.677,1.053,1.3344,0.7892,0.3683,0,35.6181,0.3489,Low Potential
21.235,80.31,0,Grid Point,0.0702,0.0945,0.1115,0.2472,0.308,0.222,346.0,6.0197,81.1697,1.5883,1.246,1.3874,0.8981,0.3783,0,36.5116,0.4785,Moderate Potential
21.235,80.325,0,Grid Point,0.0753,0.0977,0.1315,0.2262,0.3386,0.2551,363.0,7.5164,52.1616,1.7463,1.4969,1.3273,1.1278,0.2647,0,37.4476,0.3558,Moderate Potential
21.235,80.34,0,Grid Point,0.0611,0.0812,0.1053,0.2111,0.3175,0.2308,367.0,4.0799,256.8827,1.7234,1.504,1.3756,1.0933,0.3344,0,38.4229,0.4567,Moderate Potential
21.235,80.355,0,Grid Point,0.0696,0.0956,0.1199,0.238,0.3521,0.2693,345.0,5.0334,203.226,1.7227,1.4794,1.3075,1.1315,0.33,0,39.4347,0.4271,Moderate Potential
21.235,80.37,0,Grid Point,0.0566,0.0828,0.086,0.244,0.221,0.1535,343.0,2.9524,199.6778,1.5194,0.9057,1.4397,0.6291,0.4788,0,40.4801,0.1323,Low Potential
21.235,80.385,0,Grid Point,0.0683,0.0948,0.1389,0.2187,0.366,0.3082,340.0,1.36,47.0126,2.0337,1.6735,1.1875,1.4092,0.2232,0,41.5567,0.312,Low Potential
21.235,80.4,0,Grid Point,0.0588,0.0808,0.102,0.2098,0.2868,0.2093,345.0,0.995,270.0,1.7347,1.367,1.3703,0.9976,0.3457,0,42.6621,0.4519,Moderate Potential
21.235,80.415,0,Grid Point,0.082,0.1105,0.1537,0.2361,0.3834,0.3135,327.0,0.9274,180.0,1.8744,1.6239,1.223,1.3278,0.2114,0,43.7941,0.2598,Low Potential
21.235,80.43,0,Grid Point,0.052,0.0598,0.0438,0.13885000000000003,0.09513749999999997,0.0226,320.0,1.8543,180.0,0.9781375000000002,0.8557,1.1018,0.7766,0.07343750000000004,0,44.9507,0.4967,Moderate Potential
21.235,80.445,0,Grid Point,0.0401,0.0562,0.0587,0.1935,0.2344,0.1439,314.0,1.9893,90.0,1.4638,1.2114,1.6289,0.7437,0.5345,0,46.13,0.1648,Low Potential
21.235,80.46,0,Grid Point,0.0367,0.0618,0.0529,0.2233,0.1642,0.0895,318.0,4.7322,347.8897,1.4414,0.7353,1.8346,0.4008,0.6169,0,47.3304,0.3863,Moderate Potential
21.235,80.475,0,Grid Point,0.0596,0.0807,0.1157,0.2092,0.3465,0.2573,333.0,3.5102,301.8569,1.9413,1.6563,1.3467,1.2299,0.2878,0,47.8304,0.3946,Moderate Potential
21.235,80.49,0,Grid Point,0.0526,0.0689,0.0994,0.2017,0.2965,0.2306,350.0,0.995,90.0,1.8897,1.47,1.2858,1.1433,0.3398,0,48.2693,0.4251,Moderate Potential
21.25,79.2,0,Grid Point,0.0687,0.0946,0.0966,0.2792,0.2404,0.1672,288.0,1.3601,132.9845,1.4068,0.8609,1.4375,0.5989,0.4857,0,7.77,0.1423,Low Potential
21.25,79.215,0,Grid Point,0.062,0.0734,0.0734,0.1666,0.2061,0.1717,288.0,1.8543,180.0,1.1831,1.2375,1.2003,1.0309,0.3885,0,7.9221,0.4531,Moderate Potential
21.25,79.23,0,Grid Point,0.0721,0.0914,0.1088,0.239,0.2566,0.1936,285.0,2.7803,0.0,1.5083,1.0738,1.3253,0.8103,0.3746,0,8.3619,0.2893,Low Potential
21.25,79.245,0,Grid Point,0.0822,0.1101,0.1314,0.2373,0.3032,0.2162,286.0,1.9895,270.0,1.5982,1.2779,1.4023,0.9113,0.2871,0,9.0474,0.4142,Moderate Potential
21.25,79.26,0,Grid Point,0.0666,0.0856,0.103,0.2304,0.2466,0.1655,285.0,2.7187,47.0155,1.5454,1.0705,1.4908,0.7181,0.3821,1,9.928,0.155,Low Potential
21.25,79.275,0,Grid Point,0.0704,0.0973,0.1049,0.2503,0.2609,0.1726,285.0,0.0,0.0,1.4901,1.0423,1.5116,0.6896,0.4093,1,10.9567,0.1388,Low Potential
21.25,79.29,0,Grid Point,0.0746,0.1028,0.12,0.2528,0.2986,0.2108,289.0,1.8543,180.0,1.6082,1.181,1.4163,0.8339,0.356,1,12.0957,0.1967,Low Potential
21.25,79.305,0,Grid Point,0.0876,0.112,0.1362,0.2592,0.3188,0.2424,280.0,2.7187,132.9845,1.5554,1.2304,1.3154,0.9354,0.3108,1,13.3168,0.3551,Moderate Potential
21.25,79.32,0,Grid Point,0.0746,0.0982,0.1094,0.2444,0.2783,0.1853,281.0,2.9525,199.6796,1.4648,1.1385,1.5015,0.7582,0.3819,1,14.5994,0.1758,Low Potential
21.25,79.335,0,Grid Point,0.0732,0.0914,0.1026,0.2258,0.2465,0.2205,287.0,1.3601,47.0155,1.4033,1.0917,1.1179,0.9765,0.3749,1,14.5125,0.4408,Moderate Potential
21.25,79.35,0,Grid Point,0.0754,0.101,0.1286,0.2467,0.2739,0.1846,285.0,1.9895,90.0,1.706,1.1103,1.4833,0.7485,0.3149,1,14.43,0.1968,Low Potential
21.25,79.365,0,Grid Point,0.0776,0.096,0.1119,0.2314,0.2546,0.197,277.0,2.7187,227.0155,1.4411,1.1,1.2924,0.8512,0.3482,1,14.5125,0.3498,Low Potential
21.25,79.38,0,Grid Point,0.0682,0.089,0.1046,0.2422,0.2684,0.1802,274.0,0.9951,270.0,1.533,1.108,1.4892,0.744,0.397,1,14.7571,0.1767,Low Potential
21.25,79.395,0,Grid Point,0.0704,0.0945,0.1036,0.235,0.2642,0.1906,279.0,1.3601,312.9845,1.4713,1.1247,1.3864,0.8112,0.3878,1,15.1561,0.3215,Low Potential
21.25,79.41,0,Grid Point,0.0674,0.0974,0.1198,0.2576,0.2668,0.183,283.0,0.0,0.0,1.7774,1.0359,1.4583,0.7103,0.365,1,14.7995,0.1737,Low Potential
21.25,79.425,0,Grid Point,0.0746,0.0996,0.1196,0.245,0.2872,0.1881,283.0,0.9951,270.0,1.6036,1.172,1.5268,0.7676,0.3442,1,13.2987,0.2242,Low Potential
21.25,79.44,0,Grid Point,0.0638,0.0992,0.0937,0.2692,0.249,0.1511,283.0,2.1041,28.2125,1.4675,0.9253,1.6482,0.5614,0.4835,1,11.8092,0.1377,Low Potential
21.25,79.455,0,Grid Point,0.0708,0.097,0.1094,0.2607,0.2717,0.1972,282.0,1.8543,180.0,1.5445,1.0422,1.3781,0.7562,0.409,1,10.3361,0.2104,Low Potential
21.25,79.47,0,Grid Point,0.0589,0.0796,0.0774,0.249,0.2564,0.1669,291.0,1.3601,47.0155,1.3149,1.0297,1.5359,0.6704,0.5254,1,8.8874,0.136,Low Potential
21.25,79.485,0,Grid Point,0.0692,0.0979,0.117,0.2684,0.255,0.1987,293.0,1.9895,90.0,1.6915,0.9497,1.2831,0.7402,0.3927,1,7.4774,0.3013,Low Potential
21.25,79.5,0,Grid Point,0.0678,0.0912,0.1099,0.2475,0.2474,0.211,283.0,1.3601,47.0155,1.6209,0.9996,1.1725,0.8525,0.385,1,6.1328,0.3217,Low Potential
21.25,79.515,0,Grid Point,0.07,0.0969,0.1194,0.2468,0.2958,0.1986,277.0,1.3601,227.0155,1.7069,1.1987,1.4893,0.8049,0.3479,1,4.9076,0.2008,Low Potential
21.25,79.53,0,Grid Point,0.0605,0.0914,0.1166,0.181,0.243,0.1976,280.0,1.9895,270.0,1.9264,1.3419,1.2295,1.0914,0.2167,1,3.9157,0.4978,Moderate Potential
21.25,79.545,0,Grid Point,0.0658,0.0953,0.108,0.2496,0.3001,0.2004,277.0,0.0,0.0,1.6421,1.2021,1.4975,0.8027,0.3959,1,3.3696,0.2272,Low Potential
21.25,79.56,0,Grid Point,0.0682,0.0889,0.1033,0.2386,0.2806,0.2112,276.0,1.3601,47.0155,1.5158,1.1761,1.328,0.8856,0.3956,1,3.4857,0.4212,Moderate Potential
21.25,79.575,0,Grid Point,0.073,0.103,0.1116,0.257,0.2872,0.2032,269.0,2.1041,331.7875,1.5295,1.1177,1.4137,0.7906,0.3942,1,4.2095,0.2041,Low Potential
21.25,79.59,0,Grid Point,0.0468,0.0696,0.059,0.2292,0.1789,0.1058,269.0,0.9274,180.0,1.2593,0.7804,1.6909,0.4615,0.5906,1,5.2975,0.25,Low Potential
21.25,79.605,0,Grid Point,0.0628,0.0867,0.1055,0.2216,0.2562,0.1725,276.0,2.1947,294.9857,1.6799,1.1562,1.4849,0.7786,0.3548,1,6.5712,0.2566,Low Potential
21.25,79.62,0,Grid Point,0.0791,0.1154,0.1295,0.2599,0.29,0.204,266.0,0.0,0.0,1.6372,1.1156,1.421,0.7851,0.3349,0,7.9419,0.2265,Low Potential
21.25,79.635,0,Grid Point,0.0768,0.1043,0.1233,0.2412,0.303,0.2164,274.0,0.0,0.0,1.6044,1.2562,1.3999,0.8974,0.3235,0,9.3669,0.5146,Moderate Potential
21.25,79.65,0,Grid Point,0.069,0.0884,0.1039,0.2023,0.2769,0.1923,261.0,0.9274,180.0,1.5069,1.369,1.4402,0.9506,0.3214,0,10.8249,0.3134,Low Potential
21.25,79.665,0,Grid Point,0.0638,0.0906,0.0947,0.2408,0.2695,0.1806,259.0,0.9274,0.0,1.4832,1.1192,1.492,0.7502,0.4354,0,12.3042,0.1469,Low Potential
21.25,79.68,0,Grid Point,0.0678,0.0908,0.1091,0.207,0.2798,0.2076,258.0,3.1231,252.7416,1.6091,1.3517,1.3475,1.0031,0.3097,0,13.7979,0.6530125,High Potential Deposit Zone
21.25,79.695,0,Grid Point,0.0462,0.0774,0.0566,0.2185,0.1512,0.0796,258.0,0.9951,270.0,1.2251,0.6918,1.8977,0.3645,0.5885,0,15.3017,0.4836,Moderate Potential
21.25,79.71,0,Grid Point,0.0546,0.0834,0.082,0.233,0.2075,0.1358,257.0,2.7187,47.0155,1.5041,0.8906,1.5274,0.583,0.4791,0,14.4618,0.1339,Low Potential
21.25,79.725,0,Grid Point,0.0432,0.0706,0.056,0.31765,0.2061,0.1164,253.0,2.1041,151.7875,1.296,0.5514,1.7699,0.3116,0.7392,0,13.5235,0.3349,Low Potential
21.25,79.74,0,Grid Point,0.0394,0.0626,0.0545,0.2804,0.2176,0.1298,259.0,3.1231,72.7416,1.3815,0.7762,1.6768,0.4629,0.6745,0,12.7044,0.2342,Low Potential
21.25,79.755,0,Grid Point,0.0695,0.0984,0.1202,0.2786,0.3322,0.2579,251.0,2.7803,180.0,1.7288,1.1924,1.2883,0.9255,0.3974,0,12.0288,0.3586,Moderate Potential
21.25,79.77,0,Grid Point,0.044,0.0682,0.0656,0.2296,0.1785,0.1102,257.0,2.7187,227.0155,1.4904,0.7773,1.619,0.4801,0.5554,0,11.5221,0.2079,Low Potential
21.25,79.785,0,Grid Point,0.045,0.0682,0.0696,0.2526,0.1898,0.1176,257.0,1.3601,132.9845,1.5438,0.7513,1.6135,0.4657,0.5681,0,11.207,0.1734,Low Potential
21.25,79.8,0,Grid Point,0.053,0.0794,0.0806,0.2448,0.249,0.1714,259.0,0.0,0.0,1.5198,1.0174,1.4523,0.7005,0.5048,0,11.1,0.1298,Low Potential
21.25,79.815,0,Grid Point,0.1013,0.1254,0.1577,0.2135,0.3114,0.2848,268.0,2.1947,65.0143,1.5065,1.4583,1.0932,1.334,0.1505,0,11.207,0.3506,Moderate Potential
21.25,79.83,0,Grid Point,0.0688,0.1044,0.1358,0.216,0.288,0.2224,270.0,0.9951,270.0,1.9731,1.3328,1.2947,1.0294,0.2279,0,11.5221,0.5489,Moderate Potential
21.25,79.845,0,Grid Point,0.05,0.0761,0.0871,0.2339,0.2815,0.1822,286.0,1.8543,180.0,1.7403,1.2035,1.5454,0.7788,0.4573,0,12.0288,0.1696,Low Potential
21.25,79.86,0,Grid Point,0.0471,0.071,0.0743,0.2296,0.2864,0.1828,304.0,7.5169,307.8355,1.5775,1.2476,1.5674,0.7959,0.511,0,12.7044,0.2431,Low Potential
21.25,79.875,0,Grid Point,0.056,0.0845,0.0806,0.2918,0.2805,0.1727,428.0,7.547549999999999,333.2099,1.4389,0.9613,1.6242,0.5918,0.5669,0,13.5235,0.1969,Low Potential
21.25,79.89,0,Grid Point,0.0368,0.0536,0.0546,0.189,0.2132,0.1258,370.0,5.2952,290.4456,1.4844,1.1278,1.695,0.6653,0.552,0,14.4618,0.2659,Low Potential
21.25,79.905,0,Grid Point,0.0302,0.0478,0.042,0.2006,0.1854,0.1004,365.0,7.547549999999999,87.865,1.3901,0.924,1.8457,0.5006,0.6535,0,15.4976,0.3551,Moderate Potential
21.25,79.92,0,Grid Point,0.0343,0.0532,0.0554,0.1906,0.2152,0.1208,344.0,7.547549999999999,96.6451,1.6166,1.1294,1.7807,0.6342,0.5492,0,16.6126,0.2625,Low Potential
21.25,79.935,0,Grid Point,0.0385,0.055,0.0543,0.1726,0.2124,0.1259,327.0,1.8543,0.0,1.4104,1.2302,1.6871,0.7292,0.5215,0,17.7921,0.2056,Low Potential
21.25,79.95,0,Grid Point,0.0356,0.0564,0.0548,0.2482,0.2304,0.1267,387.0,7.547549999999999,58.1457,1.5372,0.9285,1.8192,0.5104,0.6382,0,19.024,0.2366,Low Potential
21.25,79.965,0,Grid Point,0.0396,0.0598,0.0562,0.1792,0.2163,0.1298,323.0,0.9951,90.0,1.4174,1.207,1.6664,0.7243,0.5225,0,20.2988,0.1773,Low Potential
21.25,79.98,0,Grid Point,0.0444,0.0682,0.0639,0.2564,0.227,0.1206,376.0,7.547549999999999,341.4638,1.4408,0.885,1.8826,0.4701,0.6011,0,21.6088,0.1939,Low Potential
21.25,79.995,0,Grid Point,0.0584,0.0824,0.0834,0.2897,0.2784,0.1602,428.0,7.547549999999999,291.5199,1.4289,0.9608,1.7375,0.553,0.5527,0,22.9481,0.1776,Low Potential
21.25,80.01,0,Grid Point,0.0344,0.0506,0.0516,0.2266,0.2148,0.1164,383.0,7.547549999999999,71.5895,1.4978,0.9481,1.8458,0.5137,0.629,0,24.3119,0.2853,Low Potential
21.25,80.025,0,Grid Point,0.035,0.0524,0.0558,0.1727,0.2109,0.124,375.0,5.2952,69.5544,1.5966,1.2208,1.7001,0.7181,0.5117,0,25.6961,0.2753,Low Potential
21.25,80.04,0,Grid Point,0.0457,0.0629,0.0741,0.1681,0.2616,0.1729,375.0,2.1947,245.0143,1.6214,1.5562,1.513,1.0286,0.3881,0,27.0978,0.18,Low Potential
21.25,80.055,0,Grid Point,0.038,0.057,0.0547,0.1863,0.2034,0.1237,330.0,3.5104,121.8543,1.4395,1.0918,1.6443,0.664,0.5461,0,28.1344,0.221,Low Potential
21.25,80.07,0,Grid Point,0.0467,0.0637,0.071,0.1762,0.2449,0.153,312.0,2.1041,208.2125,1.5203,1.3899,1.6007,0.8683,0.4256,0,27.9215,0.1488,Low Potential
21.25,80.085,0,Grid Point,0.0576,0.0737,0.0971,0.1787,0.3268,0.2372,316.0,2.7803,180.0,1.6858,1.8288,1.3777,1.3274,0.2959,0,27.793,0.3547,Moderate Potential
21.25,80.1,0,Grid Point,0.0501,0.0725,0.0811,0.2084,0.2859,0.1946,313.0,1.3601,227.0155,1.6188,1.3719,1.4692,0.9338,0.4397,0,27.75,0.168,Low Potential
21.25,80.115,0,Grid Point,0.0528,0.0726,0.0739,0.1958,0.2588,0.1697,320.0,2.1041,331.7875,1.3996,1.3218,1.525,0.8667,0.452,0,27.793,0.1615,Low Potential
21.25,80.13,0,Grid Point,0.0487,0.0688,0.0729,0.202,0.2568,0.1604,307.0,1.3601,227.0155,1.4969,1.2713,1.601,0.7941,0.4696,0,27.9215,0.1492,Low Potential
21.25,80.145,0,Grid Point,0.0501,0.0728,0.0756,0.1929,0.2609,0.1667,300.0,2.1041,151.7875,1.509,1.3525,1.5651,0.8642,0.4369,0,28.1344,0.142,Low Potential
21.25,80.16,0,Grid Point,0.0459,0.0661,0.07,0.1899,0.2414,0.1569,329.0,7.547549999999999,247.4994,1.5251,1.2712,1.5386,0.8262,0.4613,0,28.4298,0.1907,Low Potential
21.25,80.175,0,Grid Point,0.0524,0.0718,0.089,0.2067,0.2928,0.1939,312.0,1.3601,47.0155,1.6985,1.4165,1.5101,0.9381,0.398,0,28.8052,0.1835,Low Potential
21.25,80.19,0,Grid Point,0.0797,0.0989,0.1275,0.2145,0.3276,0.2682,318.0,5.2952,290.4456,1.5997,1.5273,1.2215,1.2503,0.2544,0,29.2574,0.4345,Moderate Potential
21.25,80.205,0,Grid Point,0.0422,0.0593,0.0655,0.168,0.2464,0.1704,315.0,7.547549999999999,164.9846,1.5521,1.4667,1.446,1.0143,0.439,0,29.783,0.206,Low Potential
21.25,80.22,0,Grid Point,0.0631,0.0819,0.0739,0.2282,0.2415,0.1489,348.0,7.547549999999999,291.5199,1.1712,1.0583,1.6219,0.6525,0.5108,0,30.3782,0.188,Low Potential
21.25,80.235,0,Grid Point,0.0445,0.0635,0.0743,0.1852,0.2498,0.1593,322.0,3.1231,72.7416,1.6697,1.3488,1.5681,0.8602,0.4274,0,31.0389,0.2075,Low Potential
21.25,80.25,0,Grid Point,0.055,0.0738,0.0687,0.201,0.2518,0.156,334.0,4.0742,312.9845,1.2491,1.2527,1.6141,0.7761,0.4905,0,31.7611,0.1913,Low Potential
21.25,80.265,0,Grid Point,0.0816,0.1087,0.1311,0.26,0.3177,0.2307,336.0,4.0803,103.116,1.6066,1.2219,1.3771,0.8873,0.3296,0,32.5406,0.3866,Moderate Potential
21.25,80.28,0,Grid Point,0.0647,0.0888,0.0883,0.2516,0.1908,0.1345,336.0,2.9828,90.0,1.3648,0.7583,1.4186,0.5346,0.4804,0,33.3736,0.1705,Low Potential
21.25,80.295,0,Grid Point,0.0651,0.0854,0.087,0.2124,0.2623,0.1786,344.0,2.9828,90.0,1.3364,1.2349,1.4686,0.8409,0.4188,0,34.2559,0.1733,Low Potential
21.25,80.31,0,Grid Point,0.0836,0.1132,0.1381,0.2404,0.3184,0.2398,355.0,4.0803,283.116,1.6519,1.3245,1.3278,0.9975,0.2703,0,35.1841,0.3905,Moderate Potential
21.25,80.325,0,Grid Point,0.0614,0.0811,0.1063,0.201,0.3129,0.2336,362.0,1.8543,0.0,1.7313,1.5567,1.3395,1.1622,0.3082,0,36.1544,0.4508,Moderate Potential
21.25,80.34,0,Grid Point,0.0453,0.0668,0.0643,0.2036,0.2532,0.164,356.0,1.3601,227.0155,1.4194,1.2436,1.5439,0.8055,0.52,0,37.1637,0.1394,Low Potential
21.25,80.355,0,Grid Point,0.0467,0.0673,0.0591,0.1986,0.2594,0.164,352.0,2.1041,151.7875,1.2655,1.3061,1.5817,0.8258,0.5413,0,38.2088,0.1503,Low Potential
21.25,80.37,0,Grid Point,0.0723,0.1031,0.1334,0.2017,0.2755,0.2266,344.0,4.0803,256.884,1.8451,1.3659,1.2158,1.1235,0.2038,0,39.2869,0.3918,Moderate Potential
21.25,80.385,0,Grid Point,0.0606,0.087,0.0895,0.2036,0.3012,0.2122,336.0,1.3601,227.0155,1.4769,1.4794,1.4194,1.0422,0.3893,0,40.3953,0.2226,Low Potential
21.25,80.4,0,Grid Point,0.0697,0.0968,0.1287,0.2106,0.3598,0.3003,334.0,6.0203,278.8295,1.8465,1.7085,1.1981,1.4259,0.2414,0,41.5316,0.3453,Low Potential
21.25,80.415,0,Grid Point,0.0468,0.0747,0.0654,0.2415,0.2198,0.1322,326.0,2.9525,340.3204,1.3974,0.9101,1.6626,0.5474,0.5738,0,42.6936,0.1489,Low Potential
21.25,80.43,0,Grid Point,0.0479,0.0654,0.059,0.228,0.182,0.111,328.0,0.9274,180.0,1.2317,0.7982,1.6396,0.4868,0.5889,0,43.8792,0.1911,Low Potential
21.25,80.445,0,Grid Point,0.0558,0.0742,0.0995,0.1981,0.3073,0.2289,329.0,4.383,114.9857,1.7832,1.5512,1.3425,1.1555,0.3313,0,45.0866,0.4433,Moderate Potential
21.25,80.46,0,Grid Point,0.051,0.0641,0.0624,0.1646,0.2078,0.1407,311.0,3.1231,107.2584,1.2235,1.2625,1.4769,0.8548,0.4502,0,45.8228,0.1926,Low Potential
21.25,80.475,0,Grid Point,0.0432,0.0627,0.0544,0.2309,0.1497,0.0839,313.0,2.1947,294.9857,1.2593,0.6483,1.7843,0.3634,0.6186,0,46.2291,0.4157,Moderate Potential
21.25,80.49,0,Grid Point,0.0434,0.061,0.0609,0.2377,0.2205,0.1471,314.0,7.547549999999999,76.884,1.4032,0.9276,1.499,0.6188,0.5921,0,46.6829,0.1683,Low Potential
21.265,79.2,0,Grid Point,0.0474,0.0654,0.0502,0.2652,0.1924,0.106,288.0,6.9952,121.8517,1.058,0.7254,1.8146,0.3998,0.6819,0,6.105,0.3443,Low Potential
21.265,79.215,0,Grid Point,0.1013,0.1363375,0.18015,0.2294,0.269,0.2392,284.0,2.1042,208.2149,1.8893,1.1726,1.1246,1.0427,0.07343750000000004,0,6.2975,0.2935,Low Potential
21.265,79.23,0,Grid Point,0.075,0.1029,0.1216,0.234,0.2628,0.1884,280.0,0.9274,0.0,1.6217,1.1231,1.395,0.8051,0.3162,0,6.8425,0.3627,Moderate Potential
21.265,79.245,0,Grid Point,0.0709,0.0951,0.1212,0.2244,0.2776,0.1896,287.0,1.3602,47.0185,1.7094,1.2373,1.4644,0.8449,0.2986,1,7.6651,0.2375,Low Potential
21.265,79.26,0,Grid Point,0.0785,0.0984,0.1304,0.244,0.283,0.2099,290.0,0.9274,0.0,1.6622,1.1596,1.348,0.8602,0.3034,1,8.687,0.4176,Moderate Potential
21.265,79.275,0,Grid Point,0.0703,0.0911,0.114,0.239,0.3036,0.2143,291.0,0.9274,0.0,1.6235,1.2708,1.4169,0.8968,0.3538,1,9.8461,0.4294,Moderate Potential
21.265,79.29,0,Grid Point,0.083,0.1089,0.126,0.2673,0.2943,0.2121,284.0,0.9274,0.0,1.5181,1.1008,1.3876,0.7933,0.3593,1,11.0997,0.2518,Low Potential
21.265,79.305,0,Grid Point,0.0662,0.0908,0.1046,0.2144,0.2592,0.1966,282.0,2.1949,245.0165,1.5796,1.2084,1.3185,0.9165,0.3441,1,12.4191,0.568,Moderate Potential
21.265,79.32,0,Grid Point,0.0822,0.1069,0.137,0.2276,0.2787,0.222,292.0,0.9274,0.0,1.6673,1.2242,1.2557,0.975,0.2484,1,13.7855,0.4677,Moderate Potential
21.265,79.335,0,Grid Point,0.0776,0.1018,0.1242,0.2548,0.2867,0.2164,292.0,2.1042,151.7851,1.6005,1.125,1.3252,0.8489,0.3447,1,15.1862,0.3224,Low Potential
21.265,79.35,0,Grid Point,0.0678,0.0948,0.1131,0.2202,0.2774,0.1894,288.0,2.1042,28.2149,1.6681,1.26,1.4642,0.8605,0.3212,1,16.095,0.2899,Low Potential
21.265,79.365,0,Grid Point,0.0814,0.1078,0.1262,0.2782,0.3029,0.2173,284.0,3.1234,252.7432,1.551,1.0886,1.3939,0.781,0.3758,1,16.169,0.2874,Low Potential
21.265,79.38,0,Grid Point,0.0714,0.0978,0.1144,0.2294,0.263,0.2081,278.0,2.1042,151.7851,1.6022,1.1465,1.2638,0.9071,0.3345,1,16.3889,0.452,Moderate Potential
21.265,79.395,0,Grid Point,0.0644,0.085,0.089,0.2494,0.2506,0.1648,281.0,0.9274,180.0,1.382,1.0046,1.5202,0.6609,0.4741,1,16.7282,0.1366,Low Potential
21.265,79.41,0,Grid Point,0.0782,0.1118,0.1393,0.2908,0.3415,0.259,285.0,2.1042,331.7851,1.7813,1.1745,1.3188,0.8906,0.3522,1,15.2606,0.2894,Low Potential
21.265,79.425,0,Grid Point,0.0844,0.1118,0.1522,0.2592,0.3498,0.2765,288.0,2.1042,151.7851,1.8039,1.3495,1.2653,1.0665,0.26,1,13.81,0.2175,Low Potential
21.265,79.44,0,Grid Point,0.0808,0.104,0.1407,0.2566,0.3017,0.2358,286.0,2.9525,199.6815,1.743,1.1758,1.2795,0.9189,0.2916,1,12.3822,0.273,Low Potential
21.265,79.455,0,Grid Point,0.0773,0.1012,0.1306,0.2547,0.2868,0.2412,292.0,1.9897,270.0,1.6889,1.126,1.1893,0.9468,0.3223,1,10.9862,0.3503,Moderate Potential
21.265,79.47,0,Grid Point,0.0785,0.0984,0.1042,0.2546,0.2664,0.1963,290.0,0.9274,0.0,1.3268,1.0463,1.3571,0.771,0.4194,1,9.6357,0.2569,Low Potential
21.265,79.485,0,Grid Point,0.0671,0.0968,0.1132,0.269,0.2991,0.1876,284.0,1.8543,0.0,1.6878,1.1117,1.5948,0.6971,0.4075,1,8.353,0.1904,Low Potential
21.265,79.5,0,Grid Point,0.0491,0.0762,0.0721,0.304,0.2238,0.1429,284.0,0.9274,180.0,1.4699,0.7362,1.5661,0.4701,0.6166,1,7.1744,0.1598,Low Potential
21.265,79.515,0,Grid Point,0.0452,0.0669,0.0567,0.31765,0.2035,0.1152,279.0,0.0,0.0,1.253,0.606,1.7673,0.3429,0.7111,1,6.16,0.3435,Low Potential
21.265,79.53,0,Grid Point,0.0672,0.0935,0.0964,0.2232,0.2311,0.1621,271.0,1.8543,180.0,1.4348,1.0356,1.4257,0.7264,0.3969,1,5.4031,0.1564,Low Potential
21.265,79.545,0,Grid Point,0.0594,0.0814,0.0798,0.2664,0.2472,0.1533,267.0,2.9831,90.0,1.3454,0.9281,1.6123,0.5756,0.5388,1,5.0215,0.1665,Low Potential
21.265,79.56,0,Grid Point,0.0776,0.1086,0.1335,0.2816,0.3212,0.2128,266.0,1.8543,180.0,1.7186,1.1402,1.5092,0.7555,0.357,1,5.1001,0.1837,Low Potential
21.265,79.575,0,Grid Point,0.1,0.1303,0.1608,0.2429,0.3116,0.2638,267.0,4.8454,55.049,1.608,1.283,1.1814,1.086,0.2034,1,5.6197,0.3239,Low Potential
21.265,79.59,0,Grid Point,0.0732,0.1032,0.1217,0.2465,0.2998,0.2142,262.0,2.1949,294.9835,1.6614,1.216,1.3991,0.8692,0.3389,1,6.4749,0.4103,Moderate Potential
21.265,79.605,0,Grid Point,0.064,0.0888,0.0962,0.2587,0.2905,0.1948,261.0,0.0,0.0,1.5035,1.1231,1.4919,0.7528,0.4581,1,7.5526,0.1488,Low Potential
21.265,79.62,0,Grid Point,0.0553,0.076,0.0866,0.2274,0.2404,0.1565,263.0,3.1234,72.7432,1.5651,1.0572,1.5364,0.6881,0.4487,1,8.7712,0.1699,Low Potential
21.265,79.635,0,Grid Point,0.0714,0.0954,0.1103,0.2175,0.2689,0.1935,259.0,2.1042,331.7851,1.5448,1.2363,1.3897,0.8897,0.327,1,10.0797,0.5406,Moderate Potential
21.265,79.65,0,Grid Point,0.0868,0.1114,0.1462,0.2192,0.3458,0.2792,263.0,1.3602,312.9815,1.6839,1.5772,1.2383,1.2737,0.1997,0,11.4473,0.3522,Moderate Potential
21.265,79.665,0,Grid Point,0.0629,0.0864,0.1002,0.2204,0.2506,0.1764,259.0,1.3602,312.9815,1.5922,1.1373,1.4206,0.8005,0.375,0,12.8551,0.2141,Low Potential
21.265,79.68,0,Grid Point,0.0703,0.0997,0.1068,0.2798,0.2898,0.2028,254.0,3.5107,121.8517,1.5196,1.0356,1.4291,0.7246,0.4477,0,14.2913,0.2044,Low Potential
21.265,79.695,0,Grid Point,0.0526,0.0863,0.0819,0.267,0.2557,0.1666,256.0,1.3602,227.0185,1.5585,0.9575,1.5344,0.624,0.5306,0,14.3521,0.1484,Low Potential
21.265,79.71,0,Grid Point,0.0727,0.0996,0.124,0.2304,0.2865,0.21,257.0,0.9274,180.0,1.7061,1.2438,1.364,0.9119,0.3003,0,13.2269,0.5791,Moderate Potential
21.265,79.725,0,Grid Point,0.0666,0.0944,0.1218,0.2172,0.2914,0.217,258.0,0.9274,0.0,1.8281,1.3419,1.3429,0.9993,0.2815,0,12.194,0.6197,Moderate Potential
21.265,79.74,0,Grid Point,0.0488,0.0797,0.0588,0.2566,0.1893,0.106,258.0,1.3602,47.0185,1.2037,0.7376,1.785,0.4132,0.6272,0,11.2788,0.2352,Low Potential
21.265,79.755,0,Grid Point,0.0396,0.0606,0.0465,0.2186,0.1517,0.097,251.0,3.5107,121.8517,1.1728,0.694,1.5639,0.4437,0.6492,0,10.512,0.4669,Moderate Potential
21.265,79.77,0,Grid Point,0.0581,0.0872,0.0971,0.2288,0.2136,0.1442,259.0,2.1042,28.2149,1.6713,0.9336,1.4811,0.6303,0.4042,0,9.9281,0.1747,Low Potential
21.265,79.785,0,Grid Point,0.053,0.0786,0.069,0.2356,0.1745,0.1,257.0,1.3602,132.9815,1.3016,0.7408,1.7441,0.4248,0.5466,0,9.5607,0.2115,Low Potential
21.265,79.8,0,Grid Point,0.0683,0.0967,0.1086,0.2673,0.2686,0.186,261.0,0.0,0.0,1.5896,1.0051,1.4447,0.6957,0.422,0,9.435,0.1424,Low Potential
21.265,79.815,0,Grid Point,0.0348,0.0522,0.047,0.13885000000000003,0.1213,0.0784,264.0,2.1042,208.2149,1.3511,1.2688,1.5482,0.8196,0.3413,0,9.5607,0.4969,Moderate Potential
21.265,79.83,0,Grid Point,0.0628,0.0882,0.1109,0.2332,0.3332,0.236,273.0,2.1949,65.0165,1.7659,1.4283,1.4117,1.0118,0.3555,0,9.9281,0.3507,Moderate Potential
21.265,79.845,0,Grid Point,0.0714,0.0962,0.1154,0.2409,0.3021,0.2152,279.0,0.9952,90.0,1.6144,1.254,1.4041,0.8931,0.3524,0,10.512,0.4779,Moderate Potential
21.265,79.86,0,Grid Point,0.0421,0.066,0.0562,0.2162,0.142,0.0805,286.0,1.3602,132.9815,1.3337,0.6567,1.7634,0.3724,0.5876,0,11.2788,0.4511,Moderate Potential
21.265,79.875,0,Grid Point,0.0409,0.0683,0.0557,0.2214,0.2204,0.1252,292.0,3.5107,238.1483,1.3619,0.9953,1.7593,0.5657,0.598,0,12.194,0.2387,Low Potential
21.265,79.89,0,Grid Point,0.0422,0.0626,0.0601,0.1821,0.2164,0.1395,297.0,2.7188,47.0185,1.4242,1.1886,1.5516,0.7661,0.5037,0,13.2269,0.1612,Low Potential
21.265,79.905,0,Grid Point,0.0396,0.0628,0.0625,0.209,0.2268,0.1393,326.0,7.547549999999999,146.5614,1.5763,1.0851,1.6291,0.6661,0.5397,0,14.3521,0.2091,Low Potential
21.265,79.92,0,Grid Point,0.0442,0.0676,0.0598,0.2306,0.2348,0.1389,377.0,5.4254,47.0185,1.3514,1.018,1.6901,0.6023,0.5882,0,15.5496,0.1766,Low Potential
21.265,79.935,0,Grid Point,0.0366,0.054,0.0516,0.194,0.1994,0.113,329.0,4.0744,132.9815,1.4098,1.0278,1.7658,0.5821,0.5799,0,16.8038,0.2573,Low Potential
21.265,79.95,0,Grid Point,0.0491,0.0696,0.0797,0.219,0.2604,0.1615,325.0,2.9831,90.0,1.6249,1.1893,1.6127,0.7374,0.4664,0,18.1031,0.1675,Low Potential
21.265,79.965,0,Grid Point,0.0328,0.0509,0.0425,0.2114,0.1828,0.0996,319.0,1.3602,227.0185,1.2977,0.8647,1.8344,0.4714,0.6652,0,19.4383,0.3242,Low Potential
21.265,79.98,0,Grid Point,0.0412,0.0592,0.0572,0.2006,0.2112,0.1221,344.0,4.7513,321.173,1.3879,1.0526,1.7293,0.6087,0.5559,0,20.8027,0.2256,Low Potential
21.265,79.995,0,Grid Point,0.0354,0.0523,0.0494,0.1956,0.2008,0.11,352.0,3.9746,270.0,1.3955,1.0263,1.8246,0.5625,0.5968,0,22.1907,0.2944,Low Potential
21.265,80.01,0,Grid Point,0.0334,0.0518,0.0502,0.2287,0.203,0.1042,375.0,7.547549999999999,25.4972,1.4993,0.8874,1.9477,0.4556,0.6403,0,23.5982,0.3183,Low Potential
21.265,80.025,0,Grid Point,0.04,0.057,0.0541,0.2171,0.2018,0.1122,382.0,7.547549999999999,280.5578,1.3508,0.9298,1.7982,0.517,0.601,0,25.022,0.2646,Low Potential
21.265,80.04,0,Grid Point,0.0365,0.0553,0.0527,0.1935,0.2236,0.1282,390.0,4.7513,141.173,1.4438,1.1556,1.7441,0.6625,0.5719,0,26.4594,0.2337,Low Potential
21.265,80.055,0,Grid Point,0.0426,0.0627,0.0802,0.2332,0.2726,0.1831,381.0,2.1949,245.0165,1.8826,1.169,1.4888,0.7852,0.4882,0,26.4936,0.1713,Low Potential
21.265,80.07,0,Grid Point,0.0419,0.0601,0.0644,0.1824,0.2426,0.1485,317.0,3.5107,121.8517,1.537,1.33,1.6337,0.8141,0.4781,0,26.2674,0.1715,Low Potential
21.265,80.085,0,Grid Point,0.039,0.0588,0.0543,0.1931,0.2189,0.1351,325.0,3.1234,287.2568,1.3923,1.1336,1.6203,0.6996,0.561,0,26.1307,0.1996,Low Potential
21.265,80.1,0,Grid Point,0.0444,0.065,0.0658,0.2001,0.2491,0.1526,346.0,3.5107,301.8517,1.482,1.2449,1.6324,0.7626,0.5051,0,26.085,0.1779,Low Potential
21.265,80.115,0,Grid Point,0.0408,0.063,0.0611,0.1725,0.233,0.1477,331.0,4.3834,114.9835,1.4975,1.3507,1.5775,0.8562,0.4769,0,26.1307,0.204,Low Potential
21.265,80.13,0,Grid Point,0.042,0.0656,0.0587,0.2216,0.1782,0.1042,313.0,2.1949,245.0165,1.3976,0.8042,1.7102,0.4702,0.5812,0,26.2674,0.1934,Low Potential
21.265,80.145,0,Grid Point,0.0546,0.0752,0.0853,0.1938,0.2842,0.1942,307.0,4.8454,304.951,1.5623,1.4665,1.4634,1.0021,0.3887,0,26.4936,0.2432,Low Potential
21.265,80.16,0,Grid Point,0.07,0.0926,0.1196,0.2232,0.3424,0.2514,305.0,2.1042,151.7851,1.7086,1.5341,1.362,1.1263,0.3022,0,26.8071,0.3486,Low Potential
21.265,80.175,0,Grid Point,0.0433,0.0677,0.0595,0.2093,0.2283,0.1348,323.0,3.5107,58.1483,1.3741,1.0908,1.6936,0.6441,0.5573,0,27.2048,0.1565,Low Potential
21.265,80.19,0,Grid Point,0.0534,0.0758,0.0873,0.1886,0.2921,0.2096,303.0,4.3834,114.9835,1.6348,1.5488,1.3936,1.1113,0.3672,0,27.6832,0.3906,Moderate Potential
21.265,80.205,0,Grid Point,0.056,0.0737,0.0951,0.2044,0.3349,0.254,314.0,1.9897,270.0,1.6982,1.6385,1.3185,1.2427,0.3649,0,28.2381,0.3584,Moderate Potential
21.265,80.22,0,Grid Point,0.05,0.0733,0.0761,0.2001,0.2797,0.1886,324.0,2.9831,270.0,1.522,1.3978,1.483,0.9425,0.449,0,28.8651,0.1975,Low Potential
21.265,80.235,0,Grid Point,0.0492,0.0738,0.0664,0.2311,0.2642,0.157,332.0,3.1234,287.2568,1.3496,1.1432,1.6828,0.6794,0.5536,0,29.5597,0.1547,Low Potential
21.265,80.25,0,Grid Point,0.0473,0.0587,0.0574,0.13885000000000003,0.1261,0.0897,335.0,1.9897,90.0,1.2135,0.9597,1.4058,0.6826,0.3919,0,30.3172,0.4151,Moderate Potential
21.265,80.265,0,Grid Point,0.0412,0.0693,0.0573,0.249,0.1472,0.0765,335.0,2.1042,28.2149,1.3908,0.5912,1.9242,0.3072,0.6259,0,31.1329,0.404,Moderate Potential
21.265,80.28,0,Grid Point,0.0791,0.1093,0.1249,0.2545,0.3472,0.255,347.0,5.635,10.1398,1.579,1.3642,1.3616,1.002,0.3416,0,32.0025,0.4066,Moderate Potential
21.265,80.295,0,Grid Point,0.0539,0.0842,0.0918,0.2666,0.2282,0.1502,349.0,4.9638,270.0,1.7032,0.856,1.5193,0.5634,0.4877,0,32.9216,0.1936,Low Potential
21.265,80.31,0,Grid Point,0.0597,0.0808,0.095,0.2255,0.3133,0.2235,349.0,6.4649,0.0,1.5913,1.3894,1.4018,0.9911,0.4072,0,33.8863,0.3842,Moderate Potential
21.265,80.325,0,Grid Point,0.0478,0.0693,0.0615,0.2361,0.2366,0.1387,379.0,7.547549999999999,31.8505,1.2866,1.0021,1.7058,0.5875,0.5867,0,34.8928,0.1681,Low Potential
21.265,80.34,0,Grid Point,0.0814,0.1105,0.1301,0.2641,0.3823,0.2845,347.0,5.8894,340.3185,1.5983,1.4476,1.3438,1.0772,0.3399,0,35.9375,0.3748,Moderate Potential
21.265,80.355,0,Grid Point,0.0522,0.0726,0.0747,0.2006,0.2721,0.1844,343.0,2.1949,245.0165,1.431,1.3564,1.4756,0.9192,0.4573,0,37.0173,0.152,Low Potential
21.265,80.37,0,Grid Point,0.0666,0.0938,0.1183,0.2152,0.309,0.2242,335.0,0.0,0.0,1.7763,1.4359,1.3782,1.0418,0.2906,0,38.129,0.4606,Moderate Potential
21.265,80.385,0,Grid Point,0.0637,0.0887,0.102,0.2549,0.3214,0.227,323.0,3.8354,344.9831,1.6013,1.2609,1.4159,0.8905,0.4284,0,39.2701,0.3935,Moderate Potential
21.265,80.4,0,Grid Point,0.0774,0.1063,0.1479,0.2585,0.3978,0.3209,322.0,5.0336,336.7698,1.9109,1.5389,1.2396,1.2414,0.2721,0,40.4381,0.2751,Low Potential
21.265,80.415,0,Grid Point,0.0745,0.0908,0.0915,0.2207,0.2241,0.1742,324.0,2.1042,151.7851,1.2282,1.0154,1.2865,0.7893,0.4138,0,41.6306,0.2976,Low Potential
21.265,80.43,0,Grid Point,0.0557,0.0774,0.0737,0.2512,0.219,0.138,319.0,3.4171,324.4211,1.3232,0.8718,1.587,0.5494,0.5463,0,42.8456,0.1568,Low Potential
21.265,80.445,0,Grid Point,0.0618,0.0867,0.104,0.2019,0.2593,0.1957,323.0,1.8543,0.0,1.6828,1.2843,1.325,0.9693,0.32,0,43.8409,0.5538,Moderate Potential
21.265,80.46,0,Grid Point,0.0997,0.1303,0.1713,0.256,0.3476,0.2796,313.0,1.8543,0.0,1.7182,1.3578,1.2432,1.0922,0.1982,0,44.2114,0.1988,Low Potential
21.265,80.475,0,Grid Point,0.0631,0.0885,0.1042,0.2395,0.2924,0.2005,317.0,2.9525,199.6815,1.6513,1.2209,1.4584,0.8372,0.3937,0,44.6323,0.2225,Low Potential
21.265,80.49,0,Grid Point,0.1013,0.1347,0.1658,0.2682,0.3481,0.281,320.0,3.1234,72.7432,1.6335,1.2979,1.2388,1.0477,0.2359,0,45.1023,0.2506,Low Potential
21.28,79.2,0,Grid Point,0.0763,0.099,0.1219,0.1917,0.2825,0.234,281.0,2.719,312.9786,1.5976,1.4737,1.2073,1.2207,0.2226,0,4.44,0.5045,Moderate Potential
21.28,79.215,0,Grid Point,0.057,0.0782,0.0946,0.2173,0.2172,0.1693,285.0,1.9899,270.0,1.6605,0.9995,1.2829,0.7791,0.3932,0,4.7011,0.3501,Moderate Potential
21.28,79.23,0,Grid Point,0.0714,0.0951,0.1132,0.2283,0.242,0.1738,294.0,1.8543,0.0,1.5858,1.06,1.3924,0.7613,0.3372,0,5.4094,0.2774,Low Potential
21.28,79.245,0,Grid Point,0.0762,0.1027,0.1184,0.259,0.2769,0.1904,294.0,1.3602,227.0214,1.5548,1.0693,1.455,0.7349,0.3725,1,6.4185,0.1507,Low Potential
21.28,79.26,0,Grid Point,0.0786,0.1088,0.1213,0.2668,0.3057,0.2162,293.0,0.9953,90.0,1.5442,1.1458,1.414,0.8103,0.3749,1,7.6096,0.2053,Low Potential
21.28,79.275,0,Grid Point,0.0922,0.117,0.1489,0.2538,0.3124,0.2414,287.0,0.9274,180.0,1.6141,1.2306,1.2941,0.951,0.2606,1,8.9101,0.2887,Low Potential
21.28,79.29,0,Grid Point,0.0763,0.1004,0.1252,0.2432,0.2733,0.204,291.0,0.0,0.0,1.6415,1.1235,1.3394,0.8388,0.3202,1,10.2784,0.4255,Moderate Potential
21.28,79.305,0,Grid Point,0.0714,0.0954,0.1218,0.266,0.2936,0.2221,292.0,2.1042,208.2174,1.7054,1.1039,1.3222,0.835,0.3717,1,11.6909,0.3367,Low Potential
21.28,79.32,0,Grid Point,0.0754,0.099,0.1112,0.2201,0.2694,0.1922,295.0,2.7803,0.0,1.4755,1.224,1.4013,0.8735,0.3285,1,13.1333,0.4179,Moderate Potential
21.28,79.335,0,Grid Point,0.0903,0.1228,0.1472,0.2818,0.3456,0.2656,289.0,4.0811,283.1134,1.6307,1.2266,1.3016,0.9423,0.3136,1,14.5967,0.3403,Low Potential
21.28,79.35,0,Grid Point,0.0673,0.099,0.1036,0.2882,0.2774,0.1934,281.0,1.8543,0.0,1.5375,0.9627,1.435,0.6709,0.4713,1,16.0753,0.1446,Low Potential
21.28,79.365,0,Grid Point,0.0833,0.1055,0.1242,0.2439,0.2958,0.219,281.0,2.9525,199.6833,1.4904,1.213,1.3509,0.8979,0.3254,1,16.9208,0.3937,Moderate Potential
21.28,79.38,0,Grid Point,0.0738,0.105,0.116,0.2565,0.2712,0.1771,283.0,0.0,0.0,1.5725,1.0571,1.5311,0.6904,0.377,1,17.5895,0.142,Low Potential
21.28,79.395,0,Grid Point,0.0719,0.0995,0.1125,0.2575,0.3004,0.2014,291.0,2.1951,294.9812,1.5647,1.1664,1.4913,0.7821,0.3919,1,17.2985,0.1694,Low Potential
21.28,79.41,0,Grid Point,0.0712,0.0906,0.1114,0.2365,0.254,0.2026,291.0,0.0,0.0,1.5657,1.074,1.2537,0.8567,0.3596,1,15.8837,0.3648,Moderate Potential
21.28,79.425,0,Grid Point,0.0793,0.1016,0.1409,0.2846,0.2912,0.2596,286.0,1.9899,270.0,1.7768,1.0228,1.1213,0.9122,0.3378,1,14.4956,0.2879,Low Potential
21.28,79.44,0,Grid Point,0.0712,0.099,0.1264,0.2721,0.2827,0.1829,281.0,1.3602,47.0214,1.776,1.039,1.5457,0.6722,0.3654,1,13.1425,0.1769,Low Potential
21.28,79.455,0,Grid Point,0.0614,0.0852,0.0942,0.255,0.2674,0.1678,278.0,2.719,312.9786,1.5321,1.0486,1.5936,0.658,0.4607,1,11.8365,0.1648,Low Potential
21.28,79.47,0,Grid Point,0.084,0.1156,0.1417,0.2862,0.308,0.225,275.0,2.7803,180.0,1.6875,1.0762,1.3686,0.7863,0.3375,1,10.595,0.2639,Low Potential
21.28,79.485,0,Grid Point,0.0588,0.0828,0.0827,0.2581,0.306,0.1928,274.0,0.9953,270.0,1.4077,1.1854,1.5873,0.7468,0.5147,1,9.4434,0.1604,Low Potential
21.28,79.5,0,Grid Point,0.0544,0.0859,0.0829,0.2904,0.2673,0.1622,272.0,2.1951,65.0188,1.5239,0.9205,1.6483,0.5584,0.5559,1,8.4189,0.1586,Low Potential
21.28,79.515,0,Grid Point,0.0643,0.089,0.0883,0.2788,0.2487,0.1633,274.0,3.5109,121.849,1.3733,0.8919,1.523,0.5856,0.519,1,7.5731,0.192,Low Potential
21.28,79.53,0,Grid Point,0.0517,0.0777,0.0615,0.31765,0.2017,0.1145,269.0,2.9525,199.6833,1.1896,0.6111,1.7616,0.3469,0.6859,1,6.9713,0.3721,Moderate Potential
21.28,79.545,0,Grid Point,0.074,0.1022,0.1224,0.3012,0.372,0.2546,270.0,0.9274,0.0,1.6547,1.2347,1.4609,0.8451,0.422,1,6.6799,0.261,Low Potential
21.28,79.56,0,Grid Point,0.0726,0.1023,0.1202,0.2649,0.3116,0.2127,266.0,1.9899,90.0,1.6568,1.1761,1.4647,0.8029,0.3757,1,6.7392,0.1944,Low Potential
21.28,79.575,0,Grid Point,0.0597,0.0888,0.0945,0.2488,0.2872,0.1954,266.0,0.9274,0.0,1.5829,1.1546,1.4698,0.7855,0.4494,1,7.1405,0.1507,Low Potential
21.28,79.59,0,Grid Point,0.071,0.0979,0.1174,0.2482,0.2738,0.1944,265.0,0.9274,180.0,1.6531,1.1032,1.4085,0.7832,0.3575,1,7.8313,0.2893,Low Potential
21.28,79.605,0,Grid Point,0.067,0.0958,0.1005,0.251,0.2174,0.1313,263.0,0.9953,90.0,1.5,0.8663,1.6561,0.5231,0.4282,1,8.7434,0.144,Low Potential
21.28,79.62,0,Grid Point,0.0622,0.0858,0.1044,0.2234,0.2462,0.1734,261.0,2.1951,65.0188,1.6779,1.102,1.4197,0.7762,0.3629,1,9.8153,0.2309,Low Potential
21.28,79.635,0,Grid Point,0.0478,0.0772,0.0716,0.2155,0.1667,0.0928,257.0,3.8354,15.0184,1.4963,0.7735,1.7973,0.4304,0.5012,1,11.0003,0.3377,Low Potential
21.28,79.65,0,Grid Point,0.0718,0.0953,0.1192,0.2209,0.2846,0.2096,258.0,1.3602,132.9786,1.6597,1.2884,1.3575,0.9491,0.2988,1,12.2656,0.6285,Moderate Potential
21.28,79.665,0,Grid Point,0.045,0.0716,0.0612,0.2387,0.1882,0.1106,258.0,0.0,0.0,1.3574,0.7882,1.7019,0.4631,0.5921,1,13.589,0.2079,Low Potential
21.28,79.68,0,Grid Point,0.0431,0.0706,0.0571,0.2596,0.1652,0.0918,255.0,1.3602,227.0214,1.3248,0.6366,1.7991,0.3538,0.6394,0,14.5994,0.4548,Moderate Potential
21.28,79.695,0,Grid Point,0.0461,0.0738,0.0737,0.2174,0.1478,0.0822,258.0,2.1951,114.9812,1.597,0.6798,1.7985,0.378,0.4936,0,13.3168,0.3631,Moderate Potential
21.28,79.71,0,Grid Point,0.0653,0.092,0.1122,0.1979,0.2496,0.1924,260.0,0.0,0.0,1.7175,1.2607,1.2974,0.9717,0.2767,0,12.0957,0.5723,Moderate Potential
21.28,79.725,0,Grid Point,0.0824,0.1114,0.1436,0.2406,0.315,0.2353,264.0,1.3602,47.0214,1.7423,1.3095,1.3387,0.9782,0.2522,0,10.9567,0.3253,Low Potential
21.28,79.74,0,Grid Point,0.0478,0.0798,0.0776,0.2089,0.193,0.1298,267.0,3.8354,195.0184,1.6228,0.9236,1.4871,0.6211,0.458,0,9.928,0.2338,Low Potential
21.28,79.755,0,Grid Point,0.0457,0.0734,0.0628,0.3119,0.2256,0.1384,249.0,3.4172,144.4183,1.3757,0.7231,1.6303,0.4436,0.6648,0,9.0474,0.2041,Low Potential
21.28,79.77,0,Grid Point,0.0472,0.077,0.0667,0.2507,0.1916,0.112,260.0,2.1042,151.7826,1.4131,0.7643,1.7107,0.4467,0.5797,0,8.3619,0.1719,Low Potential
21.28,79.785,0,Grid Point,0.0588,0.0846,0.1017,0.2144,0.2638,0.1826,259.0,1.9899,270.0,1.729,1.2304,1.4446,0.8517,0.3564,0,7.9221,0.2326,Low Potential
21.28,79.8,0,Grid Point,0.0679,0.1012,0.1301,0.2447,0.2842,0.2158,259.0,0.9953,90.0,1.9161,1.1612,1.317,0.8817,0.3058,0,7.77,0.4269,Moderate Potential
21.28,79.815,0,Grid Point,0.0654,0.0934,0.11,0.221,0.3146,0.2305,267.0,2.1951,114.9812,1.6799,1.4235,1.3649,1.043,0.3355,0,7.9221,0.5745,Moderate Potential
21.28,79.83,0,Grid Point,0.0578,0.0854,0.0999,0.2116,0.273,0.2018,267.0,0.9274,180.0,1.7299,1.2899,1.3526,0.9537,0.3586,0,8.3619,0.5445,Moderate Potential
21.28,79.845,0,Grid Point,0.07,0.1032,0.1123,0.2701,0.3275,0.2169,272.0,2.1042,151.7826,1.6031,1.2125,1.5099,0.803,0.4127,0,9.0474,0.1818,Low Potential
21.28,79.86,0,Grid Point,0.0622,0.0949,0.1017,0.2703,0.277,0.1848,278.0,1.3602,132.9786,1.6372,1.0248,1.4989,0.6837,0.453,0,9.928,0.1759,Low Potential
21.28,79.875,0,Grid Point,0.0582,0.0925,0.0956,0.252,0.2957,0.1968,284.0,4.0746,227.0214,1.6435,1.1732,1.5019,0.7812,0.4497,0,10.9567,0.2277,Low Potential
21.28,79.89,0,Grid Point,0.0451,0.0743,0.0626,0.2354,0.1771,0.0992,288.0,1.3602,132.9786,1.3891,0.752,1.7848,0.4213,0.5797,0,12.0957,0.2611,Low Potential
21.28,79.905,0,Grid Point,0.044,0.0658,0.0552,0.13885000000000003,0.09513749999999997,0.0338,291.0,2.7803,180.0,1.2557,0.791,1.5562,0.5083,0.0924,0,13.3168,0.4467,Moderate Potential
21.28,79.92,0,Grid Point,0.0445,0.0761,0.063,0.2629,0.2595,0.1456,318.0,7.547549999999999,336.7677,1.4162,0.9871,1.7817,0.554,0.6136,0,14.5994,0.2031,Low Potential
21.28,79.935,0,Grid Point,0.0455,0.0611,0.0687,0.1892,0.2379,0.1434,320.0,2.719,132.9786,1.5099,1.2574,1.659,0.7579,0.4672,0,15.9287,0.1509,Low Potential
21.28,79.95,0,Grid Point,0.0326,0.0418,0.0313,0.13885000000000003,0.09513749999999997,0.017112500000000003,302.0,0.0,0.0,0.9781375000000002,0.9558,1.2349,0.774,0.07343750000000004,0,17.2938,0.5799,Moderate Potential
21.28,79.965,0,Grid Point,0.034,0.046,0.0464,0.13885000000000003,0.113,0.0708,302.0,0.0,0.0,1.3647,1.4803,1.5953,0.9279,0.2437,0,18.687,0.4389,Moderate Potential
21.28,79.98,0,Grid Point,0.0377,0.0551,0.048,0.1837,0.1822,0.1,322.0,3.4172,35.5817,1.2736,0.9918,1.8229,0.5441,0.586,0,20.1024,0.3236,Low Potential
21.28,79.995,0,Grid Point,0.036,0.0545,0.0476,0.1964,0.1856,0.1017,331.0,1.8543,0.0,1.3204,0.9448,1.8236,0.5181,0.6098,0,21.5356,0.2588,Low Potential
21.28,80.01,0,Grid Point,0.0374,0.052,0.0562,0.2492,0.2278,0.1326,412.0,7.547549999999999,110.0331,1.5027,0.9137,1.7176,0.532,0.632,0,22.9833,0.2305,Low Potential
21.28,80.025,0,Grid Point,0.0394,0.0668,0.0642,0.2525,0.2185,0.125,436.0,7.547549999999999,107.2551,1.6282,0.8653,1.7487,0.4949,0.5948,0,24.4429,0.2506,Low Potential
21.28,80.04,0,Grid Point,0.042,0.0666,0.0599,0.2301,0.2444,0.1371,407.0,7.547549999999999,95.0714,1.4262,1.0621,1.7826,0.5958,0.5869,0,25.1899,0.1877,Low Potential
21.28,80.055,0,Grid Point,0.0397,0.0591,0.0631,0.2254,0.243,0.1517,393.0,7.547549999999999,76.8866,1.5894,1.0781,1.6018,0.673,0.5626,0,24.856,0.199,Low Potential
21.28,80.07,0,Grid Point,0.0409,0.0584,0.0612,0.1896,0.2273,0.135,354.0,7.547549999999999,124.9483,1.4963,1.1988,1.6837,0.712,0.512,0,24.6147,0.1955,Low Potential
21.28,80.085,0,Grid Point,0.0389,0.0562,0.0527,0.1925,0.2128,0.1155,344.0,5.635,190.1408,1.3548,1.1055,1.8424,0.6,0.5701,0,24.4688,0.2645,Low Potential
21.28,80.1,0,Grid Point,0.0419,0.0577,0.0607,0.1742,0.2267,0.132,334.0,0.9953,90.0,1.4487,1.3014,1.7174,0.7577,0.4832,0,24.42,0.1639,Low Potential
21.28,80.115,0,Grid Point,0.0398,0.0583,0.0545,0.1855,0.2075,0.1258,332.0,2.9525,199.6833,1.3693,1.1186,1.6494,0.6782,0.5458,0,24.4688,0.1986,Low Potential
21.28,80.13,0,Grid Point,0.0416,0.0593,0.0649,0.1953,0.2145,0.132,331.0,2.1042,28.2174,1.5601,1.0983,1.625,0.6759,0.5012,0,24.6147,0.1489,Low Potential
21.28,80.145,0,Grid Point,0.0537,0.0728,0.0852,0.185,0.279,0.1924,332.0,3.8354,164.9816,1.5866,1.5081,1.4501,1.04,0.3694,0,24.856,0.1825,Low Potential
21.28,80.16,0,Grid Point,0.0474,0.0668,0.0681,0.1949,0.2513,0.1575,327.0,0.9274,0.0,1.4367,1.2894,1.5956,0.8081,0.4821,0,25.1899,0.1356,Low Potential
21.28,80.175,0,Grid Point,0.0514,0.0748,0.0716,0.2237,0.2475,0.1503,345.0,0.9274,0.0,1.393,1.1064,1.6467,0.6719,0.5151,0,25.6127,0.124,Low Potential
21.28,80.19,0,Grid Point,0.0529,0.0747,0.0846,0.2207,0.2878,0.2006,341.0,2.9834,90.0,1.5992,1.304,1.4347,0.9089,0.4458,0,26.1203,0.1908,Low Potential
21.28,80.205,0,Grid Point,0.0507,0.0736,0.0867,0.2057,0.3105,0.219,320.0,6.0215,81.1723,1.7101,1.5095,1.4178,1.0647,0.407,0,26.7077,0.2317,Low Potential
21.28,80.22,0,Grid Point,0.0809,0.1055,0.1201,0.2556,0.3193,0.2306,326.0,0.9274,0.0,1.4845,1.2492,1.3846,0.9022,0.3607,0,27.3698,0.4196,Moderate Potential
21.28,80.235,0,Grid Point,0.0713,0.0964,0.1041,0.2298,0.2846,0.2004,326.0,1.9899,270.0,1.46,1.2385,1.4202,0.8721,0.3765,0,28.1013,0.2547,Low Potential
21.28,80.25,0,Grid Point,0.0403,0.0673,0.0544,0.2858,0.1571,0.086,332.0,4.7515,321.1702,1.3499,0.5497,1.8267,0.3009,0.6802,0,28.897,0.4449,Moderate Potential
21.28,80.265,0,Grid Point,0.058,0.0815,0.0916,0.2432,0.2544,0.1791,341.0,3.8354,15.0184,1.5793,1.0461,1.4204,0.7364,0.4528,0,29.7517,0.1626,Low Potential
21.28,80.28,0,Grid Point,0.04,0.0617,0.0526,0.2565,0.1634,0.0934,339.0,1.3602,132.9786,1.315,0.637,1.7495,0.3641,0.6597,0,30.6605,0.3912,Moderate Potential
21.28,80.295,0,Grid Point,0.0719,0.1085,0.1206,0.2583,0.3281,0.2395,341.0,1.9899,270.0,1.6773,1.2702,1.3699,0.9272,0.3634,0,31.6187,0.4684,Moderate Potential
21.28,80.31,0,Grid Point,0.0823,0.1104,0.1307,0.2673,0.3122,0.228,337.0,1.9899,270.0,1.5881,1.168,1.3693,0.853,0.3432,0,32.622,0.2696,Low Potential
21.28,80.325,0,Grid Point,0.0595,0.0793,0.0896,0.2126,0.2899,0.2093,332.0,2.1951,114.9812,1.5059,1.3636,1.3851,0.9845,0.407,0,33.6663,0.3189,Low Potential
21.28,80.34,0,Grid Point,0.0717,0.0918,0.1166,0.2275,0.3216,0.2391,338.0,0.9274,180.0,1.6262,1.4136,1.345,1.051,0.3223,0,34.7479,0.5345,Moderate Potential
21.28,80.355,0,Grid Point,0.0579,0.08,0.085,0.2077,0.2914,0.2077,330.0,0.9953,270.0,1.468,1.403,1.403,1.0,0.4192,0,35.8634,0.3658,Moderate Potential
21.28,80.37,0,Grid Point,0.0704,0.0983,0.0955,0.2972,0.2795,0.1981,325.0,1.9899,90.0,1.3565,0.9404,1.4109,0.6666,0.5136,0,37.0099,0.1883,Low Potential
21.28,80.385,0,Grid Point,0.0619,0.0875,0.1172,0.2264,0.3608,0.2781,323.0,0.0,0.0,1.8934,1.5936,1.2974,1.2284,0.3178,0,38.1845,0.4502,Moderate Potential
21.28,80.4,0,Grid Point,0.0771,0.1039,0.1183,0.2474,0.3125,0.2296,313.0,3.1237,287.2551,1.5344,1.2631,1.3611,0.9281,0.353,0,39.3846,0.5101,Moderate Potential
21.28,80.415,0,Grid Point,0.0825,0.1078,0.1376,0.2412,0.3258,0.2578,317.0,1.8543,0.0,1.6679,1.3507,1.2638,1.0688,0.2735,0,40.6081,0.2706,Low Potential
21.28,80.43,0,Grid Point,0.0492,0.0761,0.0643,0.2074,0.1766,0.0983,312.0,3.975,90.0,1.3069,0.8515,1.7965,0.474,0.5267,0,41.8528,0.2446,Low Potential
21.28,80.445,0,Grid Point,0.0478,0.0744,0.0644,0.2198,0.1426,0.082,312.0,4.3838,245.0188,1.3473,0.6488,1.739,0.3731,0.5468,0,42.2196,0.3706,Moderate Potential
21.28,80.46,0,Grid Point,0.0565,0.0801,0.074,0.2224,0.1737,0.0932,312.0,3.1237,252.7449,1.3097,0.781,1.8637,0.4191,0.5007,0,42.6042,0.27,Low Potential
21.28,80.475,0,Grid Point,0.0552,0.0738,0.0729,0.225,0.1489,0.0858,313.0,2.1951,65.0188,1.3207,0.6618,1.7354,0.3813,0.5106,0,43.0408,0.2803,Low Potential
21.28,80.49,0,Grid Point,0.0388,0.0592,0.0624,0.1876,0.2619,0.1675,338.0,7.547549999999999,122.8263,1.6082,1.3961,1.5636,0.8929,0.5008,0,43.5279,0.2389,Low Potential
21.295,79.2,0,Grid Point,0.0676,0.0918,0.1162,0.1979,0.2536,0.1998,289.0,3.4173,35.5845,1.7209,1.2809,1.269,1.0093,0.26,0,2.775,0.5258,Moderate Potential
21.295,79.215,0,Grid Point,0.0661,0.0892,0.0924,0.2732,0.2418,0.1624,294.0,1.8543,0.0,1.3971,0.8849,1.4891,0.5943,0.4947,0,3.1761,0.1425,Low Potential
21.295,79.23,0,Grid Point,0.0652,0.0947,0.0998,0.2826,0.2614,0.1684,296.0,2.1953,65.021,1.5299,0.9251,1.5523,0.596,0.4782,1,4.1532,0.1533,Low Potential
21.295,79.245,0,Grid Point,0.0766,0.1004,0.1289,0.2607,0.266,0.1944,303.0,0.9274,0.0,1.6839,1.0201,1.3681,0.7457,0.3383,1,5.4022,0.3495,Low Potential
21.295,79.26,0,Grid Point,0.075,0.0996,0.1264,0.2482,0.2758,0.19,293.0,0.0,0.0,1.6853,1.1112,1.4518,0.7654,0.3252,1,6.7744,0.2146,Low Potential
21.295,79.275,0,Grid Point,0.0808,0.1034,0.1206,0.2537,0.2714,0.1865,289.0,2.7803,0.0,1.492,1.0694,1.455,0.735,0.3559,1,8.2083,0.1604,Low Potential
21.295,79.29,0,Grid Point,0.071,0.0956,0.116,0.2301,0.2664,0.1688,302.0,1.3603,132.9757,1.6331,1.1578,1.5787,0.7334,0.3299,1,9.6764,0.2506,Low Potential
21.295,79.305,0,Grid Point,0.0912,0.1154,0.153,0.2834,0.3346,0.2642,295.0,2.1043,151.7802,1.678,1.1807,1.2665,0.9323,0.299,1,11.1653,0.2235,Low Potential
21.295,79.32,0,Grid Point,0.0756,0.0992,0.1254,0.2304,0.3094,0.2456,289.0,0.0,0.0,1.6581,1.3428,1.2602,1.0655,0.2954,1,12.6677,0.5869,Moderate Potential
21.295,79.335,0,Grid Point,0.0701,0.0882,0.1143,0.2292,0.2788,0.2352,285.0,1.9901,270.0,1.6305,1.2159,1.1854,1.0257,0.3346,1,14.1792,0.592,Moderate Potential
21.295,79.35,0,Grid Point,0.0798,0.1,0.1304,0.248,0.3265,0.2324,286.0,1.3603,227.0243,1.6345,1.3165,1.4049,0.9371,0.311,1,14.7999,0.4718,Moderate Potential
21.295,79.365,0,Grid Point,0.0513,0.0795,0.0683,0.3013,0.2326,0.1384,285.0,0.9954,90.0,1.3324,0.7718,1.6809,0.4592,0.6302,1,15.4058,0.1499,Low Potential
21.295,79.38,0,Grid Point,0.0811,0.1069,0.1403,0.2596,0.34,0.2324,289.0,0.9954,90.0,1.7293,1.3097,1.4633,0.895,0.2985,1,16.1373,0.2466,Low Potential
21.295,79.395,0,Grid Point,0.071,0.0921,0.1171,0.2486,0.292,0.2186,289.0,1.3603,47.0243,1.6481,1.1741,1.3355,0.8791,0.3597,1,16.9783,0.3782,Moderate Potential
21.295,79.41,0,Grid Point,0.0612,0.0885,0.0957,0.2553,0.2548,0.1842,288.0,1.3603,227.0243,1.565,0.9982,1.3832,0.7217,0.4547,1,16.6506,0.232,Low Potential
21.295,79.425,0,Grid Point,0.0756,0.0992,0.112,0.2546,0.2705,0.1843,287.0,1.9901,90.0,1.4831,1.0625,1.4674,0.724,0.3887,1,15.332,0.1385,Low Potential
21.295,79.44,0,Grid Point,0.0648,0.0886,0.1055,0.2534,0.2589,0.2004,284.0,0.9274,0.0,1.6293,1.0215,1.2916,0.7909,0.4122,1,14.0597,0.3468,Low Potential
21.295,79.455,0,Grid Point,0.0662,0.0887,0.1082,0.243,0.2542,0.1852,286.0,1.3603,47.0243,1.6325,1.0463,1.3729,0.7621,0.3839,1,12.8473,0.3389,Low Potential
21.295,79.47,0,Grid Point,0.0651,0.088,0.1217,0.2588,0.2718,0.219,282.0,2.1953,114.979,1.8694,1.0502,1.2409,0.8464,0.3602,1,11.7134,0.3498,Low Potential
21.295,79.485,0,Grid Point,0.0678,0.0966,0.1084,0.2586,0.2822,0.1977,279.0,1.3603,132.9757,1.6007,1.0912,1.4277,0.7644,0.4092,1,10.6831,0.139,Low Potential
21.295,79.5,0,Grid Point,0.0586,0.083,0.0824,0.2452,0.2755,0.1856,276.0,3.124,287.2534,1.4041,1.1236,1.484,0.7571,0.4972,1,9.7892,0.1786,Low Potential
21.295,79.515,0,Grid Point,0.0722,0.0997,0.1114,0.2732,0.2906,0.2012,271.0,0.0,0.0,1.5422,1.0639,1.4443,0.7366,0.4208,1,9.072,0.1555,Low Potential
21.295,79.53,0,Grid Point,0.0866,0.1162,0.1505,0.2983,0.3365,0.2255,271.0,3.8355,164.9802,1.7369,1.1279,1.492,0.756,0.3293,1,8.5761,0.2253,Low Potential
21.295,79.545,0,Grid Point,0.0753,0.1058,0.1246,0.2792,0.2782,0.184,276.0,1.3603,132.9757,1.6554,0.9961,1.5121,0.6587,0.3828,1,8.3409,0.1859,Low Potential
21.295,79.56,0,Grid Point,0.054,0.0773,0.0716,0.2663,0.2226,0.1358,273.0,0.0,0.0,1.325,0.8356,1.6388,0.5099,0.5765,1,8.3885,0.1559,Low Potential
21.295,79.575,0,Grid Point,0.0615,0.0859,0.077,0.263,0.2076,0.1261,268.0,0.9274,180.0,1.2512,0.7894,1.6467,0.4794,0.5474,1,8.7141,0.199,Low Potential
21.295,79.59,0,Grid Point,0.0546,0.0806,0.074,0.227,0.219,0.1452,271.0,1.3603,47.0243,1.3556,0.965,1.5091,0.6394,0.5086,1,9.2887,0.1307,Low Potential
21.295,79.605,0,Grid Point,0.0468,0.0779,0.0656,0.13885000000000003,0.09513749999999997,0.0292,270.0,3.5112,238.1536,1.4013,0.6632,1.331,0.4983,0.07343750000000004,1,10.0696,0.6277,Moderate Potential
21.295,79.62,0,Grid Point,0.0622,0.086,0.0942,0.2503,0.2781,0.1886,267.0,2.9526,19.6852,1.5137,1.1111,1.4749,0.7533,0.4533,1,11.0132,0.1479,Low Potential
21.295,79.635,0,Grid Point,0.0593,0.0855,0.087,0.2294,0.2419,0.1589,264.0,1.3603,47.0243,1.4671,1.0547,1.5223,0.6928,0.45,1,12.0812,0.1413,Low Potential
21.295,79.65,0,Grid Point,0.0626,0.0888,0.1008,0.2316,0.2588,0.1795,265.0,0.9954,90.0,1.6115,1.1172,1.4418,0.7749,0.3936,1,13.2437,0.1689,Low Potential
21.295,79.665,0,Grid Point,0.0437,0.0695,0.0538,0.222,0.1542,0.0923,256.0,2.1043,151.7802,1.23,0.6942,1.6701,0.4157,0.6102,1,14.4779,0.3856,Moderate Potential
21.295,79.68,0,Grid Point,0.057,0.076,0.0821,0.2214,0.2232,0.1437,255.0,3.124,72.7466,1.4416,1.0079,1.5529,0.6491,0.459,1,13.7855,0.1618,Low Potential
21.295,79.695,0,Grid Point,0.0532,0.0754,0.0789,0.2081,0.1838,0.1112,260.0,1.9901,90.0,1.4817,0.8832,1.6536,0.5341,0.4502,0,12.4191,0.1787,Low Potential
21.295,79.71,0,Grid Point,0.0472,0.0788,0.0734,0.2076,0.1461,0.086,262.0,2.1953,294.979,1.554,0.7039,1.6988,0.4144,0.4778,0,11.0997,0.3321,Low Potential
21.295,79.725,0,Grid Point,0.0782,0.1019,0.1286,0.2212,0.3092,0.2425,260.0,1.3603,132.9757,1.6445,1.3975,1.2751,1.096,0.2648,0,9.8461,0.4826,Moderate Potential
21.295,79.74,0,Grid Point,0.0561,0.0792,0.0891,0.2392,0.306,0.21,264.0,2.9526,160.3148,1.5882,1.2788,1.4569,0.8777,0.4573,0,8.687,0.2104,Low Potential
21.295,79.755,0,Grid Point,0.0478,0.0792,0.0592,0.31765,0.2089,0.118,256.0,1.9901,270.0,1.2374,0.6318,1.7703,0.3569,0.6965,0,7.6651,0.3002,Low Potential
21.295,79.77,0,Grid Point,0.0434,0.0756,0.0608,0.2885,0.1867,0.1033,258.0,2.1043,331.7802,1.4009,0.647,1.8074,0.358,0.6519,0,6.8425,0.3356,Low Potential
21.295,79.785,0,Grid Point,0.0454,0.067,0.0681,0.1878,0.2082,0.1388,259.0,4.2029,151.7802,1.4983,1.1092,1.4998,0.7395,0.4677,0,6.2975,0.1962,Low Potential
21.295,79.8,0,Grid Point,0.049,0.0741,0.0766,0.2036,0.1992,0.1356,258.0,0.9274,0.0,1.5659,0.9779,1.4692,0.6656,0.4531,0,6.105,0.1604,Low Potential
21.295,79.815,0,Grid Point,0.0645,0.0964,0.1223,0.2298,0.2647,0.1984,263.0,2.7191,132.9757,1.8961,1.1516,1.3345,0.863,0.3054,0,6.2975,0.4256,Moderate Potential
21.295,79.83,0,Grid Point,0.0772,0.1053,0.124,0.2386,0.3072,0.2164,267.0,1.3603,312.9757,1.6058,1.2876,1.4197,0.9069,0.3158,0,6.8425,0.3845,Moderate Potential
21.295,79.845,0,Grid Point,0.0583,0.0819,0.0926,0.2207,0.2687,0.1884,269.0,1.9901,270.0,1.5892,1.2175,1.4258,0.8539,0.4086,0,7.6651,0.1991,Low Potential
21.295,79.86,0,Grid Point,0.0653,0.093,0.1035,0.234,0.287,0.2018,277.0,0.0,0.0,1.585,1.2265,1.4226,0.8622,0.3867,0,8.687,0.2258,Low Potential
21.295,79.875,0,Grid Point,0.0721,0.1013,0.126,0.2468,0.3242,0.2386,282.0,2.1953,294.979,1.7483,1.3138,1.3587,0.967,0.3239,0,9.8461,0.4746,Moderate Potential
21.295,79.89,0,Grid Point,0.0707,0.1023,0.1108,0.2734,0.3156,0.223,281.0,0.9954,270.0,1.5672,1.1544,1.4152,0.8157,0.4232,0,11.0997,0.2146,Low Potential
21.295,79.905,0,Grid Point,0.0579,0.0889,0.0984,0.1976,0.2252,0.1597,286.0,2.1953,245.021,1.6986,1.1391,1.4098,0.808,0.3355,0,12.4191,0.3563,Moderate Potential
21.295,79.92,0,Grid Point,0.0605,0.087,0.1114,0.2368,0.357,0.262,299.0,2.1043,28.2198,1.8405,1.5075,1.363,1.106,0.3604,0,13.7855,0.4278,Moderate Potential
21.295,79.935,0,Grid Point,0.0664,0.0931,0.1058,0.2448,0.3104,0.212,295.0,1.3603,312.9757,1.5938,1.268,1.4636,0.8664,0.3966,0,15.1862,0.2843,Low Potential
21.295,79.95,0,Grid Point,0.0468,0.0756,0.0754,0.2475,0.2472,0.1552,300.0,2.9526,340.3148,1.6111,0.9986,1.5919,0.6273,0.533,0,16.6125,0.157,Low Potential
21.295,79.965,0,Grid Point,0.0593,0.0878,0.1359,0.2418,0.3406,0.2554,318.0,4.3841,245.021,2.0526375,1.4088,1.3341,1.056,0.2804,0,18.0583,0.3588,Moderate Potential
21.295,79.98,0,Grid Point,0.0392,0.0576,0.0585,0.2371,0.24,0.1336,326.0,6.7593,162.9518,1.4923,1.0124,1.7968,0.5635,0.6042,0,19.5193,0.2136,Low Potential
21.295,79.995,0,Grid Point,0.0388,0.0548,0.0503,0.1846,0.2056,0.1192,335.0,4.6274,0.0,1.2934,1.114,1.726,0.6454,0.5721,0,20.9923,0.2561,Low Potential
21.295,80.01,0,Grid Point,0.0384,0.0594,0.0608,0.2544,0.2193,0.1236,378.0,7.547549999999999,239.7866,1.58,0.8619,1.7736,0.486,0.6145,0,22.4751,0.231,Low Potential
21.295,80.025,0,Grid Point,0.0427,0.0594,0.0548,0.2385,0.1946,0.112,371.0,7.547549999999999,316.7982,1.2834,0.8157,1.7371,0.4696,0.6263,0,23.9656,0.2316,Low Potential
21.295,80.04,0,Grid Point,0.0407,0.0556,0.0587,0.1711,0.225,0.1441,348.0,2.1953,114.979,1.4423,1.315,1.5614,0.8422,0.4891,0,23.5793,0.1733,Low Potential
21.295,80.055,0,Grid Point,0.0459,0.0618,0.0649,0.1837,0.2359,0.1456,392.0,3.124,252.7466,1.4139,1.2842,1.6202,0.7926,0.4779,0,23.2223,0.1704,Low Potential
21.295,80.07,0,Grid Point,0.0427,0.0607,0.0604,0.1788,0.2316,0.1422,349.0,7.547549999999999,148.4791,1.4145,1.2953,1.6287,0.7953,0.495,0,22.9638,0.1845,Low Potential
21.295,80.085,0,Grid Point,0.0396,0.0588,0.0708,0.2226,0.2684,0.1597,353.0,4.7517,141.1673,1.7879,1.2058,1.6807,0.7174,0.5174,0,22.8074,0.2294,Low Potential
21.295,80.1,0,Grid Point,0.0497,0.0658,0.0696,0.1817,0.2479,0.1576,342.0,0.9274,180.0,1.4004,1.3643,1.573,0.8674,0.4461,0,22.755,0.1381,Low Potential
21.295,80.115,0,Grid Point,0.0534,0.0729,0.0871,0.1973,0.296,0.2067,355.0,3.9754,90.0,1.6311,1.5003,1.432,1.0476,0.3875,0,22.8074,0.1986,Low Potential
21.295,80.13,0,Grid Point,0.0836,0.1108,0.1419,0.2276,0.3259,0.2594,348.0,4.7323,167.8849,1.6974,1.4319,1.2564,1.1397,0.2319,0,22.9638,0.2913,Low Potential
21.295,80.145,0,Grid Point,0.0625,0.0848,0.0914,0.2357,0.2883,0.1917,338.0,3.9754,90.0,1.4624,1.2232,1.5039,0.8133,0.4411,0,23.2223,0.1825,Low Potential
21.295,80.16,0,Grid Point,0.0505,0.0641,0.0793,0.187,0.2712,0.1886,337.0,5.0499,100.5557,1.5703,1.4503,1.438,1.0086,0.4044,0,23.5793,0.1862,Low Potential
21.295,80.175,0,Grid Point,0.0449,0.0651,0.0608,0.2063,0.2396,0.1452,350.0,2.1043,28.2198,1.3541,1.1614,1.6501,0.7038,0.5447,0,24.0305,0.1375,Low Potential
21.295,80.19,0,Grid Point,0.0799,0.1109,0.1559,0.2441,0.3975,0.3197,341.0,1.3603,47.0243,1.9512,1.6284,1.2434,1.3097,0.2205,0,24.5708,0.2318,Low Potential
21.295,80.205,0,Grid Point,0.08,0.1047,0.1212,0.224,0.3155,0.2592,330.0,2.1043,208.2198,1.515,1.4085,1.2172,1.1571,0.2978,0,25.1943,0.3701,Moderate Potential
21.295,80.22,0,Grid Point,0.0877,0.1097,0.1306,0.2517,0.3284,0.247,323.0,6.2295,107.2534,1.4892,1.3047,1.3296,0.9813,0.3168,0,25.8952,0.3547,Moderate Potential
21.295,80.235,0,Grid Point,0.0756,0.1062,0.1247,0.2472,0.3328,0.2506,329.0,1.3603,227.0243,1.6495,1.3463,1.328,1.0138,0.3294,0,26.6672,0.4645,Moderate Potential
21.295,80.25,0,Grid Point,0.0476,0.0706,0.0605,0.2506,0.1734,0.0968,331.0,3.124,72.7466,1.271,0.6919,1.7913,0.3863,0.6111,0,27.5044,0.2917,Low Potential
21.295,80.265,0,Grid Point,0.038,0.0615,0.0592,0.2364,0.1965,0.1185,330.0,0.0,0.0,1.5579,0.8312,1.6582,0.5013,0.5995,0,28.4011,0.2042,Low Potential
21.295,80.28,0,Grid Point,0.0679,0.0956,0.0987,0.2633,0.2742,0.1891,330.0,0.0,0.0,1.4536,1.0414,1.45,0.7182,0.4547,0,29.3517,0.1436,Low Potential
21.295,80.295,0,Grid Point,0.0477,0.0737,0.0731,0.2421,0.2249,0.1533,343.0,1.3603,47.0243,1.5325,0.929,1.4671,0.6332,0.5362,0,30.3512,0.1195,Low Potential
21.295,80.31,0,Grid Point,0.0424,0.0665,0.0569,0.2194,0.1613,0.0966,334.0,1.9901,90.0,1.342,0.7352,1.6698,0.4403,0.5881,0,31.395,0.2615,Low Potential
21.295,80.325,0,Grid Point,0.0798,0.1068,0.1327,0.248,0.3537,0.2682,328.0,2.1953,245.021,1.6629,1.4262,1.3188,1.0815,0.3029,0,32.4788,0.3039,Low Potential
21.295,80.34,0,Grid Point,0.0978,0.1302,0.16,0.2646,0.3259,0.2704,337.0,3.5112,238.1536,1.636,1.2317,1.2053,1.0219,0.2463,0,33.5986,0.2556,Low Potential
21.295,80.355,0,Grid Point,0.0521,0.0729,0.0767,0.2215,0.2796,0.1922,336.0,0.0,0.0,1.4722,1.2623,1.4547,0.8677,0.4856,0,34.7511,0.1457,Low Potential
21.295,80.37,0,Grid Point,0.0682,0.0954,0.1139,0.2245,0.3302,0.2441,327.0,2.9526,19.6852,1.6701,1.4708,1.3527,1.0873,0.3268,0,35.9331,0.4856,Moderate Potential
21.295,80.385,0,Grid Point,0.0518,0.0717,0.0903,0.2104,0.3021,0.2223,330.0,2.9526,160.3148,1.7432,1.4358,1.359,1.0566,0.3994,0,37.1417,0.3359,Low Potential
21.295,80.4,0,Grid Point,0.0923,0.1256,0.1581,0.2668,0.393,0.3118,332.0,4.9648,270.0,1.7129,1.473,1.2604,1.1687,0.2558,0,38.3745,0.2099,Low Potential
21.295,80.415,0,Grid Point,0.083,0.1087,0.1345,0.2444,0.3204,0.2447,307.0,1.8543,0.0,1.6205,1.311,1.3094,1.0012,0.2901,0,39.6291,0.3094,Low Potential
21.295,80.43,0,Grid Point,0.0754,0.0981,0.1163,0.2585,0.2834,0.2127,314.0,3.124,107.2534,1.5424,1.0963,1.3324,0.8228,0.3794,0,40.2573,0.2715,Low Potential
21.295,80.445,0,Grid Point,0.0418,0.065,0.0545,0.2426,0.1555,0.0904,311.0,5.0338,203.2344,1.3038,0.641,1.7201,0.3726,0.6331,0,40.6017,0.3594,Moderate Potential
21.295,80.46,0,Grid Point,0.0883,0.1172,0.154,0.2788,0.394,0.2947,323.0,2.1953,294.979,1.7441,1.4132,1.337,1.057,0.2884,0,41.0015,0.2178,Low Potential
21.295,80.475,0,Grid Point,0.0913,0.1242,0.1508,0.2882,0.3592,0.2713,324.0,3.4173,324.4155,1.6517,1.2464,1.324,0.9414,0.313,0,41.455,0.3372,Low Potential
21.295,80.49,0,Grid Point,0.0716,0.1,0.1224,0.2324,0.3285,0.2399,319.0,4.0749,312.9757,1.7095,1.4135,1.3693,1.0323,0.31,0,41.9606,0.5131,Moderate Potential
21.31,79.2,0,Grid Point,0.0682,0.0934,0.1021,0.2338,0.2634,0.1902,288.0,1.3604,47.0272,1.496,1.1268,1.3851,0.8135,0.3921,0,1.11,0.2615,Low Potential
21.31,79.215,0,Grid Point,0.0614,0.0792,0.0876,0.1989,0.2244,0.1502,294.0,2.1955,294.9767,1.4279,1.1279,1.4945,0.7547,0.3886,1,1.9024,0.1735,Low Potential
21.31,79.23,0,Grid Point,0.0748,0.0964,0.1208,0.2271,0.2578,0.1833,303.0,0.0,0.0,1.6146,1.135,1.4062,0.8071,0.3054,1,3.2833,0.3474,Low Potential
21.31,79.245,0,Grid Point,0.0694,0.101,0.1084,0.2754,0.2453,0.1558,295.0,3.1243,72.7482,1.5627,0.8905,1.5739,0.5658,0.435,1,4.7661,0.1795,Low Potential
21.31,79.26,0,Grid Point,0.0686,0.0941,0.1042,0.2392,0.2757,0.1931,293.0,1.8543,180.0,1.5201,1.1524,1.4278,0.8071,0.3932,1,6.2789,0.147,Low Potential
21.31,79.275,0,Grid Point,0.0842,0.1104,0.143,0.2374,0.3136,0.2203,296.0,0.0,0.0,1.6999,1.3208,1.4233,0.928,0.248,1,7.8043,0.321,Low Potential
21.31,79.29,0,Grid Point,0.0674,0.0912,0.0959,0.2602,0.2667,0.1904,299.0,1.9903,270.0,1.4228,1.0252,1.4004,0.7321,0.4613,1,9.3362,0.2264,Low Potential
21.31,79.305,0,Grid Point,0.0616,0.0888,0.0997,0.254,0.2434,0.1624,297.0,0.9955,90.0,1.6172,0.9585,1.4995,0.6392,0.4362,1,10.8718,0.1418,Low Potential
21.31,79.32,0,Grid Point,0.0752,0.0995,0.1242,0.2524,0.289,0.2103,286.0,1.9903,90.0,1.6509,1.145,1.3745,0.833,0.3407,1,12.3826,0.3799,Moderate Potential
21.31,79.335,0,Grid Point,0.0825,0.1054,0.1328,0.2534,0.3108,0.2508,293.0,0.9955,90.0,1.6097,1.2267,1.2392,0.9899,0.3123,1,12.7311,0.3455,Low Potential
21.31,79.35,0,Grid Point,0.0824,0.1019,0.1288,0.259,0.3152,0.2596,291.0,0.9274,0.0,1.5641,1.2169,1.2144,1.0021,0.3358,1,13.2517,0.364,Moderate Potential
21.31,79.365,0,Grid Point,0.0742,0.0919,0.1278,0.2714,0.325,0.245,295.0,0.0,0.0,1.723,1.1977,1.3265,0.9029,0.3595,1,13.9251,0.3996,Moderate Potential
21.31,79.38,0,Grid Point,0.0661,0.0909,0.1118,0.2238,0.2583,0.2132,295.0,1.3604,227.0272,1.6921,1.1542,1.2113,0.9529,0.3335,1,14.7303,0.5423,Moderate Potential
21.31,79.395,0,Grid Point,0.0706,0.0986,0.1046,0.2681,0.2859,0.2196,294.0,0.9955,270.0,1.4826,1.0664,1.3022,0.8189,0.4387,1,15.6471,0.3075,Low Potential
21.31,79.41,0,Grid Point,0.0851,0.1163,0.1522,0.2528,0.325,0.2632,292.0,0.9955,90.0,1.7879,1.2855,1.235,1.0409,0.2486,1,16.6569,0.2336,Low Potential
21.31,79.425,0,Grid Point,0.0832,0.1074,0.1421,0.2543,0.3178,0.2453,291.0,0.9274,180.0,1.7079,1.2499,1.2958,0.9646,0.283,1,16.2962,0.3064,Low Potential
21.31,79.44,0,Grid Point,0.0774,0.098,0.1242,0.264,0.2802,0.2334,291.0,1.3604,132.9728,1.603,1.0612,1.2003,0.8841,0.3604,1,15.1053,0.3384,Low Potential
21.31,79.455,0,Grid Point,0.0758,0.0993,0.1281,0.2841,0.2808,0.2352,285.0,0.9955,90.0,1.6911,0.9886,1.1938,0.8281,0.3785,1,13.9838,0.2915,Low Potential
21.31,79.47,0,Grid Point,0.0737,0.0968,0.1291,0.2681,0.3102,0.2187,283.0,2.1955,245.0232,1.7524,1.1568,1.4182,0.8157,0.3498,1,12.9498,0.2172,Low Potential
21.31,79.485,0,Grid Point,0.1013,0.1363375,0.1727,0.272,0.3028,0.2559,278.0,2.1043,208.2222,1.4592,1.113,1.1833,0.9406,0.2234,1,12.0259,0.2548,Low Potential
21.31,79.5,0,Grid Point,0.0512,0.0742,0.0588,0.1916,0.161,0.096,279.0,0.9955,90.0,1.1483,0.8398,1.6766,0.5009,0.5301,1,11.2393,0.3464,Low Potential
21.31,79.515,0,Grid Point,0.062,0.0856,0.096,0.2574,0.2542,0.1819,277.0,0.9955,90.0,1.5484,0.988,1.3981,0.7066,0.4566,1,10.6206,0.2304,Low Potential
21.31,79.53,0,Grid Point,0.1013,0.1359,0.1678,0.2377,0.3185,0.2692,279.0,1.3604,312.9728,1.5883,1.3399,1.1831,1.1325,0.1724,1,10.2002,0.4044,Moderate Potential
21.31,79.545,0,Grid Point,0.0914,0.1234,0.1526,0.3008,0.3426,0.2579,277.0,2.1043,28.2222,1.669,1.1388,1.3287,0.8571,0.3271,1,10.0033,0.2346,Low Potential
21.31,79.56,0,Grid Point,0.0574,0.0793,0.0904,0.2434,0.2473,0.1626,275.0,1.3604,132.9728,1.5754,1.0162,1.5209,0.6682,0.4585,1,10.043,0.1337,Low Potential
21.31,79.575,0,Grid Point,0.0691,0.095,0.1114,0.2359,0.311,0.2236,275.0,2.7193,47.0272,1.6129,1.3186,1.3908,0.9481,0.3583,1,10.3165,0.5374,Moderate Potential
21.31,79.59,0,Grid Point,0.0573,0.0856,0.078,0.2667,0.216,0.1317,277.0,2.1043,208.2222,1.3613,0.8097,1.6397,0.4938,0.5474,1,10.8062,0.1622,Low Potential
21.31,79.605,0,Grid Point,0.0674,0.095,0.108,0.2413,0.2938,0.2092,274.0,1.9903,270.0,1.6019,1.2178,1.405,0.8668,0.3814,1,11.4844,0.3626,Moderate Potential
21.31,79.62,0,Grid Point,0.0523,0.0884,0.0778,0.2415,0.1493,0.0826,267.0,0.9955,270.0,1.4876,0.6182,1.8064,0.3422,0.5127,1,12.3201,0.4541,Moderate Potential
21.31,79.635,0,Grid Point,0.0578,0.0812,0.0888,0.2446,0.2406,0.1638,272.0,1.8543,180.0,1.5368,0.9841,1.4696,0.6696,0.4674,1,13.2835,0.1309,Low Potential
21.31,79.65,0,Grid Point,0.0633,0.0917,0.0948,0.2557,0.2916,0.1969,268.0,2.1043,151.7778,1.4976,1.1404,1.4806,0.7702,0.4591,1,14.3489,0.1455,Low Potential
21.31,79.665,0,Grid Point,0.0874,0.1217,0.1604,0.2526,0.353,0.2929,258.0,0.9274,0.0,1.8336,1.3973,1.205,1.1595,0.2234,1,14.5967,0.2459,Low Potential
21.31,79.68,0,Grid Point,0.0454,0.0714,0.0641,0.1722,0.1538,0.0902,258.0,0.0,0.0,1.4119,0.8934,1.7051,0.524,0.4574,1,13.1333,0.3298,Low Potential
21.31,79.695,0,Grid Point,0.07,0.0952,0.1123,0.2284,0.2822,0.1978,263.0,2.9526,160.313,1.6043,1.2353,1.4264,0.866,0.3408,1,11.6909,0.3009,Low Potential
21.31,79.71,0,Grid Point,0.0588,0.0846,0.0838,0.225,0.2028,0.1218,271.0,1.8543,180.0,1.424,0.9015,1.6643,0.5417,0.4572,1,10.2784,0.156,Low Potential
21.31,79.725,0,Grid Point,0.0722,0.1009,0.1309,0.2252,0.3086,0.2342,264.0,2.7193,312.9728,1.813,1.3706,1.3177,1.0402,0.2647,0,8.9101,0.4687,Moderate Potential
21.31,79.74,0,Grid Point,0.064,0.0897,0.1131,0.2206,0.3256,0.246,266.0,2.9526,19.687,1.7686,1.4754,1.3234,1.1149,0.3222,0,7.6096,0.499,Moderate Potential
21.31,79.755,0,Grid Point,0.0638,0.0884,0.1056,0.2108,0.2728,0.2022,257.0,2.9526,199.687,1.6573,1.2942,1.3492,0.9592,0.3322,0,6.4185,0.6530125,High Potential Deposit Zone
21.31,79.77,0,Grid Point,0.0572,0.0821,0.0822,0.2344,0.2086,0.1362,259.0,4.3845,65.0232,1.4362,0.8897,1.5318,0.5808,0.481,0,5.4094,0.1797,Low Potential
21.31,79.785,0,Grid Point,0.1013,0.1363375,0.18015,0.31765,0.42003750000000006,0.3336125,251.0,3.5114,238.1562,1.9352,1.4714,1.0673,1.3786,0.1011,0,4.7011,0.2328,Low Potential
21.31,79.8,0,Grid Point,0.0761,0.1047,0.1183,0.2378,0.331,0.2344,262.0,1.8543,180.0,1.5545,1.3919,1.4121,0.9857,0.3356,0,4.44,0.3528,Moderate Potential
21.31,79.815,0,Grid Point,0.0682,0.0955,0.1192,0.2194,0.3327,0.245,260.0,2.7193,47.0272,1.7485,1.5161,1.3577,1.1167,0.2958,0,4.7011,0.4341,Moderate Potential
21.31,79.83,0,Grid Point,0.0503,0.0727,0.0796,0.2124,0.2756,0.1816,260.0,2.1955,114.9768,1.5825,1.2972,1.5172,0.855,0.4549,0,5.4094,0.1691,Low Potential
21.31,79.845,0,Grid Point,0.0627,0.0916,0.106,0.2343,0.3186,0.222,266.0,0.9274,0.0,1.6906,1.36,1.4357,0.9473,0.377,0,6.4185,0.3276,Low Potential
21.31,79.86,0,Grid Point,0.0956,0.1262,0.1506,0.2514,0.3323,0.2575,274.0,0.0,0.0,1.5748,1.3218,1.2905,1.0243,0.2509,0,7.6096,0.3081,Low Potential
21.31,79.875,0,Grid Point,0.0742,0.1068,0.1218,0.2428,0.3344,0.252,278.0,4.0751,227.0272,1.6415,1.377,1.3272,1.0375,0.332,0,8.9101,0.4819,Moderate Potential
21.31,79.89,0,Grid Point,0.074,0.1056,0.1248,0.258,0.319,0.2304,283.0,0.9274,180.0,1.6876,1.2366,1.3848,0.893,0.348,0,10.2784,0.4801,Moderate Potential
21.31,79.905,0,Grid Point,0.0464,0.0734,0.0761,0.2164,0.2928,0.1996,292.0,0.9274,0.0,1.6401,1.3527,1.4669,0.9222,0.4797,0,11.6909,0.2495,Low Potential
21.31,79.92,0,Grid Point,0.07,0.099,0.1102,0.2746,0.3327,0.2268,289.0,2.1955,294.9767,1.5739,1.2116,1.4666,0.8261,0.427,0,13.1333,0.1965,Low Potential
21.31,79.935,0,Grid Point,0.0455,0.0719,0.0674,0.2238,0.1972,0.1154,288.0,1.9903,90.0,1.4813,0.8809,1.7081,0.5157,0.5372,0,14.5967,0.1509,Low Potential
21.31,79.95,0,Grid Point,0.0535,0.0814,0.0695,0.2308,0.1827,0.107,299.0,2.7803,180.0,1.2991,0.7918,1.7083,0.4635,0.5371,0,16.0753,0.168,Low Potential
21.31,79.965,0,Grid Point,0.0532,0.0783,0.0793,0.2223,0.278,0.1853,308.0,4.3845,294.9767,1.4906,1.2506,1.5003,0.8336,0.4741,0,17.5654,0.2163,Low Potential
21.31,79.98,0,Grid Point,0.0404,0.0569,0.0598,0.207,0.2262,0.1363,315.0,1.3604,227.0272,1.4796,1.0928,1.6592,0.6586,0.5513,0,19.0642,0.1696,Low Potential
21.31,79.995,0,Grid Point,0.0378,0.055,0.0505,0.1887,0.2126,0.121,338.0,1.3604,132.9728,1.3342,1.1267,1.757,0.6412,0.5778,0,20.5699,0.2179,Low Potential
21.31,80.01,0,Grid Point,0.0365,0.0553,0.0493,0.2047,0.2069,0.1062,346.0,0.9955,270.0,1.3525,1.0105,1.9482,0.5187,0.6119,0,22.081,0.2625,Low Potential
21.31,80.025,0,Grid Point,0.0302,0.0498,0.0416,0.2486,0.2133,0.113,345.0,4.0751,312.9728,1.3798,0.858,1.8876,0.4545,0.7133,0,22.4603,0.2735,Low Potential
21.31,80.04,0,Grid Point,0.0338,0.0549,0.0478,0.2525,0.2148,0.1129,393.0,7.547549999999999,87.1929,1.4142,0.8507,1.9026,0.4471,0.6817,0,21.9768,0.2573,Low Potential
21.31,80.055,0,Grid Point,0.0397,0.0572,0.0556,0.1826,0.2186,0.1228,347.0,0.0,0.0,1.4005,1.1972,1.7801,0.6725,0.5332,0,21.5933,0.2031,Low Potential
21.31,80.07,0,Grid Point,0.0422,0.0642,0.0681,0.2299,0.2333,0.1408,402.0,4.0751,47.0272,1.6137,1.0148,1.657,0.6124,0.543,0,21.3152,0.1755,Low Potential
21.31,80.085,0,Grid Point,0.04,0.0591,0.0564,0.1966,0.2175,0.1306,366.0,1.3604,132.9728,1.41,1.1063,1.6654,0.6643,0.5542,0,21.1465,0.1697,Low Potential
21.31,80.1,0,Grid Point,0.0399,0.0598,0.0509,0.2106,0.151,0.0851,346.0,3.1243,72.7482,1.2757,0.717,1.7744,0.4041,0.6107,0,21.09,0.4072,Moderate Potential
21.31,80.115,0,Grid Point,0.0785,0.1041,0.1231,0.2473,0.3546,0.2628,351.0,2.7193,47.0272,1.5682,1.4339,1.3493,1.0627,0.3353,0,21.1465,0.3833,Moderate Potential
21.31,80.13,0,Grid Point,0.0629,0.0878,0.0988,0.2304,0.2677,0.215,347.0,2.1043,151.7778,1.5707,1.1619,1.2451,0.9332,0.3998,0,21.3152,0.402,Moderate Potential
21.31,80.145,0,Grid Point,0.0834,0.117,0.1433,0.2735,0.3397,0.2717,328.0,1.3604,132.9728,1.7182,1.242,1.2503,0.9934,0.3124,0,21.5933,0.2462,Low Potential
21.31,80.16,0,Grid Point,0.0543,0.0789,0.0894,0.224,0.262,0.1833,337.0,3.8355,15.0213,1.6464,1.1696,1.4294,0.8183,0.4295,0,21.9768,0.1969,Low Potential
21.31,80.175,0,Grid Point,0.0499,0.0726,0.0738,0.2076,0.2804,0.1827,330.0,4.0751,47.0272,1.479,1.3507,1.5348,0.8801,0.4755,0,22.4603,0.1739,Low Potential
21.31,80.19,0,Grid Point,0.084,0.1099,0.1439,0.2328,0.3268,0.2466,336.0,2.7803,180.0,1.7131,1.4038,1.3252,1.0593,0.236,0,23.0374,0.2748,Low Potential
21.31,80.205,0,Grid Point,0.0988,0.1272,0.1675,0.2533,0.3463,0.2787,329.0,0.0,0.0,1.6953,1.3672,1.2426,1.1003,0.2039,0,23.7013,0.2581,Low Potential
21.31,80.22,0,Grid Point,0.0843,0.1108,0.1341,0.2465,0.3168,0.2454,322.0,6.5398,188.7179,1.5907,1.2852,1.291,0.9955,0.2953,0,24.445,0.3178,Low Potential
21.31,80.235,0,Grid Point,0.0546,0.0798,0.0839,0.2739,0.214,0.1353,324.0,0.9274,0.0,1.5366,0.7813,1.5817,0.494,0.531,0,25.2614,0.1316,Low Potential
21.31,80.25,0,Grid Point,0.1003,0.1341,0.1483,0.269,0.3107,0.2355,334.0,4.203,331.7778,1.4786,1.155,1.3193,0.8755,0.2892,0,26.1437,0.2866,Low Potential
21.31,80.265,0,Grid Point,0.081,0.107,0.1255,0.2642,0.3325,0.2354,332.0,2.7193,47.0272,1.5494,1.2585,1.4125,0.891,0.3559,0,27.0854,0.364,Moderate Potential
21.31,80.28,0,Grid Point,0.0909,0.1253,0.1565,0.2708,0.3502,0.2826,337.0,4.203,331.7778,1.7217,1.2932,1.2392,1.0436,0.2675,0,28.0806,0.2251,Low Potential
21.31,80.295,0,Grid Point,0.0892,0.1274,0.1487,0.277,0.4002,0.3104,343.0,6.9967,301.8438,1.667,1.4448,1.2893,1.1206,0.3014,0,29.1238,0.2501,Low Potential
21.31,80.31,0,Grid Point,0.0522,0.073,0.0793,0.211,0.2331,0.1606,338.0,1.3604,47.0272,1.5192,1.1047,1.4514,0.7611,0.4537,0,30.21,0.1226,Low Potential
21.31,80.325,0,Grid Point,0.0585,0.0826,0.0913,0.2126,0.2482,0.172,328.0,1.8543,0.0,1.5607,1.1675,1.443,0.809,0.3991,0,31.3348,0.1353,Low Potential
21.31,80.34,0,Grid Point,0.0754,0.1044,0.1322,0.2626,0.3405,0.2569,319.0,2.1043,208.2222,1.7533,1.2966,1.3254,0.9783,0.3303,0,32.4941,0.3141,Low Potential
21.31,80.355,0,Grid Point,0.0565,0.0781,0.0909,0.2056,0.2946,0.2141,332.0,3.7048,180.0,1.6088,1.4329,1.376,1.0413,0.3868,0,33.6844,0.3508,Moderate Potential
21.31,80.37,0,Grid Point,0.084,0.112,0.1405,0.2541,0.3193,0.2453,333.0,3.4174,35.5873,1.6726,1.2566,1.3017,0.9654,0.2879,0,34.9025,0.3299,Low Potential
21.31,80.385,0,Grid Point,0.0466,0.0675,0.0753,0.1982,0.2734,0.1928,326.0,3.1243,107.2518,1.6159,1.3794,1.418,0.9728,0.4494,0,36.1456,0.2009,Low Potential
21.31,80.4,0,Grid Point,0.0593,0.0843,0.0926,0.2148,0.2306,0.1666,308.0,1.3604,312.9728,1.5616,1.0736,1.3842,0.7756,0.3975,0,37.4112,0.2809,Low Potential
21.31,80.415,0,Grid Point,0.0623,0.0926,0.1113,0.2713,0.3062,0.2131,309.0,5.0503,259.4454,1.7865,1.1286,1.4369,0.7855,0.4182,0,38.3292,0.2371,Low Potential
21.31,80.43,0,Grid Point,0.0628,0.0877,0.0981,0.2519,0.311,0.22,296.0,4.203,28.2222,1.5621,1.2346,1.4136,0.8734,0.4394,0,38.6291,0.3038,Low Potential
21.31,80.445,0,Grid Point,0.0799,0.1042,0.1335,0.2417,0.3164,0.2477,317.0,4.7519,218.8355,1.6708,1.3091,1.2774,1.0248,0.2884,0,38.9879,0.3671,Moderate Potential
21.31,80.46,0,Grid Point,0.0499,0.0674,0.0759,0.1644,0.214,0.1505,308.0,2.1043,28.2222,1.521,1.3017,1.4219,0.9155,0.3683,0,39.404,0.2068,Low Potential
21.31,80.475,0,Grid Point,0.0483,0.0704,0.0902,0.1976,0.2809,0.1964,326.0,5.4263,132.9728,1.8675,1.4216,1.4302,0.9939,0.3732,0,39.8757,0.234,Low Potential
21.31,80.49,0,Grid Point,0.0956,0.1276,0.1615,0.2818,0.3854,0.3082,328.0,2.1043,208.2222,1.6893,1.3676,1.2505,1.0937,0.2714,0,40.401,0.2107,Low Potential
21.325,79.2,0,Grid Point,0.0668,0.0908,0.099,0.238,0.2364,0.1699,295.0,0.0,0.0,1.4839,0.9933,1.3914,0.7139,0.4123,0,0.555,0.2585,Low Potential
21.325,79.215,0,Grid Point,0.0698,0.0916,0.1221,0.265,0.2766,0.1854,303.0,1.8543,180.0,1.748,1.0436,1.4915,0.6997,0.3692,1,1.6417,0.1825,Low Potential
21.325,79.23,0,Grid Point,0.0757,0.1013,0.1383,0.2534,0.2711,0.1972,303.0,0.0,0.0,1.8269,1.0701,1.3744,0.7786,0.2938,1,3.1394,0.3011,Low Potential
21.325,79.245,0,Grid Point,0.0724,0.095,0.1165,0.2609,0.29,0.1945,304.0,0.9956,90.0,1.608,1.1117,1.4916,0.7453,0.3826,1,4.6681,0.1593,Low Potential
21.325,79.26,0,Grid Point,0.075,0.1003,0.1183,0.2631,0.2642,0.1808,299.0,0.9956,90.0,1.5773,1.0042,1.4609,0.6874,0.3797,1,6.2049,0.1509,Low Potential
21.325,79.275,0,Grid Point,0.0745,0.1034,0.1147,0.268,0.2638,0.1854,302.0,1.3605,132.9699,1.5396,0.9843,1.4231,0.6917,0.4007,1,7.7449,0.1631,Low Potential
21.325,79.29,0,Grid Point,0.0767,0.1033,0.1118,0.2385,0.2496,0.1778,299.0,1.3605,47.0301,1.4583,1.0468,1.4045,0.7453,0.3615,1,9.2866,0.2466,Low Potential
21.325,79.305,0,Grid Point,0.0754,0.0984,0.1066,0.258,0.2804,0.1914,292.0,0.0,0.0,1.4131,1.0866,1.4647,0.7419,0.4154,1,10.5576,0.1369,Low Potential
21.325,79.32,0,Grid Point,0.0695,0.093,0.1012,0.2398,0.2562,0.1704,293.0,0.9274,0.0,1.4554,1.0686,1.5038,0.7106,0.4067,1,10.7443,0.1472,Low Potential
21.325,79.335,0,Grid Point,0.0646,0.0879,0.103,0.2502,0.2996,0.199,292.0,1.9905,270.0,1.5957,1.1975,1.5049,0.7957,0.4167,1,11.1442,0.1795,Low Potential
21.325,79.35,0,Grid Point,0.0657,0.0911,0.1005,0.239,0.2838,0.1878,297.0,2.1044,208.2247,1.5297,1.1872,1.5109,0.7858,0.408,1,11.7354,0.1639,Low Potential
21.325,79.365,0,Grid Point,0.0664,0.0942,0.1016,0.2632,0.2826,0.186,307.0,0.9274,0.0,1.5294,1.0735,1.5187,0.7069,0.4432,1,12.4908,0.1621,Low Potential
21.325,79.38,0,Grid Point,0.0607,0.0844,0.0808,0.315,0.2758,0.1812,304.0,2.1044,208.2247,1.332,0.8757,1.5221,0.5753,0.5915,1,13.3826,0.1778,Low Potential
21.325,79.395,0,Grid Point,0.059,0.0835,0.0673,0.31765,0.2076,0.1259,300.0,0.0,0.0,1.1416,0.6515,1.6485,0.3952,0.6512,1,14.3855,0.2509,Low Potential
21.325,79.41,0,Grid Point,0.0642,0.0906,0.0945,0.2086,0.2292,0.1544,299.0,0.9274,180.0,1.4708,1.0985,1.4845,0.74,0.3765,1,15.4779,0.182,Low Potential
21.325,79.425,0,Grid Point,0.1013,0.1363375,0.18015,0.2612,0.3134,0.2658,290.0,3.4176,35.59,1.4889,1.1998,1.1793,1.0174,0.1792,1,16.6422,0.2786,Low Potential
21.325,79.44,0,Grid Point,0.1013,0.1363375,0.18015,0.2663,0.3143,0.2811,291.0,2.1044,331.7753,1.3775,1.18,1.1181,1.0554,0.1537,1,16.2545,0.3094,Low Potential
21.325,79.455,0,Grid Point,0.0621,0.0864,0.0913,0.271,0.2613,0.1709,284.0,2.1957,114.9745,1.4702,0.9642,1.529,0.6306,0.496,1,15.2179,0.1483,Low Potential
21.325,79.47,0,Grid Point,0.071,0.0979,0.1168,0.2494,0.2942,0.2019,280.0,2.7194,227.0301,1.6462,1.1797,1.4569,0.8097,0.362,1,14.2736,0.2302,Low Potential
21.325,79.485,0,Grid Point,0.084,0.1139,0.1335,0.2478,0.314,0.2259,279.0,2.1957,114.9745,1.5896,1.2674,1.39,0.9118,0.2998,1,13.4411,0.4024,Moderate Potential
21.325,79.5,0,Grid Point,0.0701,0.0925,0.1138,0.2571,0.2657,0.1982,286.0,2.1044,208.2247,1.6234,1.0335,1.3402,0.7711,0.3864,1,12.7421,0.2842,Low Potential
21.325,79.515,0,Grid Point,0.0599,0.0872,0.091,0.2465,0.2699,0.1708,280.0,3.5117,121.8412,1.5184,1.0949,1.5807,0.6927,0.461,1,12.1998,0.1808,Low Potential
21.325,79.53,0,Grid Point,0.061,0.0914,0.0992,0.2622,0.3013,0.2142,284.0,1.9905,90.0,1.6284,1.1491,1.407,0.8167,0.4508,1,11.8357,0.3093,Low Potential
21.325,79.545,0,Grid Point,0.0638,0.0934,0.0973,0.2565,0.255,0.1636,278.0,0.9956,90.0,1.5239,0.9943,1.5585,0.638,0.45,1,11.6664,0.1387,Low Potential
21.325,79.56,0,Grid Point,0.0876,0.115,0.1378,0.2749,0.3511,0.251,275.0,2.9843,270.0,1.5727,1.2772,1.3988,0.9131,0.332,1,11.7004,0.3749,Moderate Potential
21.325,79.575,0,Grid Point,0.0668,0.0931,0.1071,0.2356,0.337,0.2413,278.0,3.4176,215.59,1.6045,1.4309,1.3968,1.0244,0.3749,1,11.9361,0.5255,Moderate Potential
21.325,79.59,0,Grid Point,0.0582,0.0879,0.095,0.3036,0.2759,0.1723,279.0,3.4176,35.59,1.6314,0.9088,1.6013,0.5675,0.5235,1,12.3618,0.2223,Low Potential
21.325,79.605,0,Grid Point,0.0631,0.0907,0.0946,0.2679,0.2808,0.1821,274.0,2.9526,199.6889,1.4992,1.0482,1.542,0.6797,0.4781,1,12.9588,0.1675,Low Potential
21.325,79.62,0,Grid Point,0.0621,0.0807,0.0996,0.2392,0.2647,0.1898,271.0,2.1957,65.0255,1.6031,1.1064,1.3943,0.7935,0.4123,1,13.7049,0.27,Low Potential
21.325,79.635,0,Grid Point,0.0652,0.0888,0.102,0.2472,0.2736,0.1884,268.0,1.3605,47.0301,1.5656,1.107,1.4522,0.7623,0.4157,1,14.577,0.1458,Low Potential
21.325,79.65,0,Grid Point,0.0682,0.098,0.1144,0.2331,0.2821,0.2024,265.0,0.9274,180.0,1.6794,1.21,1.3939,0.8681,0.3414,1,15.5541,0.4779,Moderate Potential
21.325,79.665,0,Grid Point,0.0703,0.0986,0.1127,0.2663,0.3236,0.2202,265.0,0.9274,0.0,1.6031,1.2154,1.4698,0.8269,0.4053,1,14.1792,0.198,Low Potential
21.325,79.68,0,Grid Point,0.053,0.0804,0.0715,0.2454,0.2318,0.1496,260.0,0.9956,90.0,1.3491,0.9444,1.5495,0.6095,0.5488,1,12.6677,0.145,Low Potential
21.325,79.695,0,Grid Point,0.0477,0.0764,0.0743,0.2242,0.1612,0.0948,265.0,4.0753,132.9699,1.5577,0.719,1.7004,0.4228,0.5022,1,11.1653,0.3269,Low Potential
21.325,79.71,0,Grid Point,0.0633,0.0887,0.0946,0.2288,0.2326,0.1473,272.0,1.3605,47.0301,1.4945,1.0168,1.5794,0.6438,0.415,1,9.6764,0.1418,Low Potential
21.325,79.725,0,Grid Point,0.0488,0.0798,0.0748,0.1994,0.1752,0.1093,270.0,1.3605,132.9699,1.5354,0.8786,1.6025,0.5483,0.454,1,8.2083,0.1958,Low Potential
21.325,79.74,0,Grid Point,0.0614,0.0798,0.088,0.1679,0.2168,0.1542,263.0,0.0,0.0,1.4344,1.2909,1.4055,0.9184,0.3124,1,6.7744,0.5129,Moderate Potential
21.325,79.755,0,Grid Point,0.0718,0.0936,0.1254,0.237,0.2476,0.1886,258.0,1.9905,270.0,1.7458,1.0449,1.3128,0.7959,0.308,0,5.4022,0.3199,Low Potential
21.325,79.77,0,Grid Point,0.0592,0.0854,0.0889,0.2382,0.1996,0.131,259.0,1.8543,0.0,1.5004,0.8381,1.5231,0.5503,0.4564,0,4.1532,0.1424,Low Potential
21.325,79.785,0,Grid Point,0.0412,0.06,0.0494,0.13885000000000003,0.09513749999999997,0.0244,246.0,0.9956,90.0,1.2002,0.8156,1.2843,0.6351,0.07343750000000004,0,3.1761,0.5938,Moderate Potential
21.325,79.8,0,Grid Point,0.0494,0.0727,0.074,0.218,0.2774,0.178,265.0,2.7194,312.9699,1.498,1.2725,1.5586,0.8165,0.4931,0,2.775,0.2017,Low Potential
21.325,79.815,0,Grid Point,0.0648,0.093,0.1122,0.211,0.2848,0.2114,271.0,2.9843,90.0,1.7328,1.3495,1.347,1.0019,0.3057,0,3.1761,0.568,Moderate Potential
21.325,79.83,0,Grid Point,0.0828,0.1126,0.1398,0.2424,0.3364,0.2625,270.0,2.9843,90.0,1.689,1.3879,1.2813,1.0831,0.2682,0,4.1532,0.2727,Low Potential
21.325,79.845,0,Grid Point,0.0732,0.1016,0.1196,0.2456,0.3108,0.2266,274.0,0.9956,270.0,1.6321,1.2657,1.3718,0.9226,0.3452,0,5.4022,0.558,Moderate Potential
21.325,79.86,0,Grid Point,0.0465,0.0774,0.0648,0.211,0.1723,0.1046,280.0,2.7194,132.9699,1.3946,0.8164,1.6472,0.4956,0.5299,0,6.7744,0.1978,Low Potential
21.325,79.875,0,Grid Point,0.068,0.0949,0.1193,0.2393,0.3088,0.2332,280.0,2.1957,114.9745,1.7531,1.2904,1.3242,0.9745,0.3346,0,8.2083,0.5188,Moderate Potential
21.325,79.89,0,Grid Point,0.0612,0.0893,0.104,0.2145,0.2827,0.2006,291.0,1.3605,227.0301,1.7016,1.3179,1.4093,0.9352,0.3467,0,9.6764,0.5243,Moderate Potential
21.325,79.905,0,Grid Point,0.0372,0.0617,0.051,0.1995,0.2272,0.1378,279.0,1.9905,90.0,1.3723,1.1388,1.6482,0.691,0.5925,0,11.1653,0.1984,Low Potential
21.325,79.92,0,Grid Point,0.059,0.0918,0.0928,0.237,0.2799,0.1989,282.0,0.9274,0.0,1.5737,1.181,1.4071,0.8393,0.4371,0,12.6677,0.2498,Low Potential
21.325,79.935,0,Grid Point,0.0678,0.0998,0.1137,0.2382,0.286,0.2016,293.0,1.3605,312.9699,1.6758,1.2007,1.4187,0.8463,0.3538,0,14.1792,0.3012,Low Potential
21.325,79.95,0,Grid Point,0.0566,0.08,0.0909,0.224,0.2793,0.193,291.0,1.3605,312.9699,1.6046,1.2469,1.4468,0.8618,0.4227,0,15.6972,0.2226,Low Potential
21.325,79.965,0,Grid Point,0.0617,0.0881,0.0996,0.2351,0.3159,0.2227,298.0,2.1044,208.2247,1.6135,1.3437,1.4185,0.9473,0.4051,0,17.2201,0.294,Low Potential
21.325,79.98,0,Grid Point,0.0368,0.0599,0.0544,0.2107,0.2,0.1132,313.0,2.1957,245.0255,1.4789,0.9495,1.7664,0.5375,0.5899,0,18.7465,0.2154,Low Potential
21.325,79.995,0,Grid Point,0.0346,0.0493,0.0531,0.1934,0.2253,0.1298,339.0,7.547549999999999,107.2501,1.5325,1.1652,1.7364,0.6711,0.5691,0,20.2758,0.2576,Low Potential
21.325,80.01,0,Grid Point,0.0418,0.0608,0.0596,0.232,0.228,0.126,360.0,7.462,291.7633,1.4258,0.983,1.8088,0.5434,0.5912,0,21.5236,0.211,Low Potential
21.325,80.025,0,Grid Point,0.0401,0.0576,0.0563,0.2204,0.2146,0.1248,340.0,7.547549999999999,28.2247,1.404,0.9735,1.7198,0.566,0.5931,0,20.9047,0.2131,Low Potential
21.325,80.04,0,Grid Point,0.0703,0.0969,0.1297,0.1876,0.2906,0.2321,318.0,3.1246,252.7499,1.845,1.549,1.252,1.2372,0.1825,0,20.3844,0.4051,Moderate Potential
21.325,80.055,0,Grid Point,0.0419,0.0618,0.0586,0.1866,0.2298,0.1332,345.0,3.4176,324.41,1.3986,1.2315,1.7252,0.7138,0.522,0,19.9703,0.1968,Low Potential
21.325,80.07,0,Grid Point,0.0595,0.0895,0.0968,0.24,0.2532,0.1716,466.0,3.8355,164.9772,1.6269,1.055,1.4755,0.715,0.4252,0,19.6692,0.1891,Low Potential
21.325,80.085,0,Grid Point,0.0462,0.0638,0.0799,0.1886,0.2897,0.2029,372.0,7.4249,138.1847,1.7294,1.5361,1.4278,1.0758,0.4048,0,19.4863,0.1906,Low Potential
21.325,80.1,0,Grid Point,0.0411,0.0719,0.0629,0.2563,0.2461,0.153,349.0,1.8543,180.0,1.5304,0.9602,1.6085,0.597,0.6059,0,19.425,0.1627,Low Potential
21.325,80.115,0,Grid Point,0.0503,0.0746,0.0636,0.2502,0.1705,0.0916,339.0,0.9274,180.0,1.2644,0.6815,1.8614,0.3661,0.5946,0,19.4863,0.3577,Moderate Potential
21.325,80.13,0,Grid Point,0.0786,0.105,0.1347,0.24,0.3421,0.263,332.0,3.7048,0.0,1.7137,1.4254,1.3008,1.0958,0.281,0,19.6692,0.272,Low Potential
21.325,80.145,0,Grid Point,0.1013,0.1324,0.1623,0.2961,0.3982,0.3053,330.0,4.0753,47.0301,1.5912,1.3448,1.3043,1.0311,0.2919,0,19.9703,0.2673,Low Potential
21.325,80.16,0,Grid Point,0.055,0.0687,0.0595,0.2529,0.1486,0.088,329.0,0.9956,90.0,1.0818,0.5876,1.6886,0.348,0.6191,0,20.3844,0.3995,Moderate Potential
21.325,80.175,0,Grid Point,0.0414,0.0497,0.0324,0.13885000000000003,0.09513749999999997,0.017112500000000003,320.0,0.9274,0.0,0.9781375000000002,0.8604,1.2403,0.6937,0.07343750000000004,0,20.9047,0.5654,Moderate Potential
21.325,80.19,0,Grid Point,0.0683,0.0942,0.1171,0.2221,0.3496,0.2582,334.0,2.1957,245.0255,1.7145,1.5741,1.354,1.1625,0.3096,0,21.5236,0.4226,Moderate Potential
21.325,80.205,0,Grid Point,0.0745,0.0958,0.116,0.2277,0.2855,0.2085,323.0,0.9274,180.0,1.557,1.2538,1.3693,0.9157,0.325,0,22.2327,0.5452,Moderate Potential
21.325,80.22,0,Grid Point,0.0704,0.0937,0.115,0.2126,0.2906,0.2209,321.0,4.9658,270.0,1.6335,1.3669,1.3155,1.039,0.2979,0,23.0239,0.587,Moderate Potential
21.325,80.235,0,Grid Point,0.0485,0.0772,0.0671,0.2215,0.1986,0.1371,321.0,4.203,331.7753,1.3835,0.8966,1.4486,0.619,0.535,0,23.8889,0.1643,Low Potential
21.325,80.25,0,Grid Point,0.0532,0.0764,0.0657,0.1802,0.1284,0.0795,324.0,5.0508,280.5536,1.235,0.7125,1.6151,0.4412,0.4656,0,24.82,0.3674,Moderate Potential
21.325,80.265,0,Grid Point,0.0634,0.0919,0.0997,0.2361,0.299,0.2066,327.0,1.8543,180.0,1.5726,1.2664,1.4472,0.8751,0.4062,0,25.8101,0.2149,Low Potential
21.325,80.28,0,Grid Point,0.0604,0.082,0.0875,0.2109,0.2848,0.2095,333.0,4.0753,132.9699,1.4487,1.3504,1.3594,0.9934,0.4135,0,26.8526,0.4188,Moderate Potential
21.325,80.295,0,Grid Point,0.0421,0.0612,0.0515,0.2574,0.1852,0.1166,342.0,4.7323,167.8826,1.2233,0.7195,1.5883,0.453,0.6666,0,27.9417,0.2514,Low Potential
21.325,80.31,0,Grid Point,0.0531,0.0745,0.0811,0.2071,0.2819,0.1952,335.0,2.1957,114.9745,1.5273,1.3612,1.4442,0.9425,0.4372,0,29.0721,0.1482,Low Potential
21.325,80.325,0,Grid Point,0.0557,0.0814,0.0718,0.2508,0.2749,0.1839,323.0,2.7194,47.0301,1.289,1.0961,1.4948,0.7333,0.5549,0,30.2392,0.1409,Low Potential
21.325,80.34,0,Grid Point,0.0601,0.0837,0.1025,0.253,0.3475,0.2808,325.0,4.7323,167.8826,1.7055,1.3735,1.2375,1.1099,0.4233,0,31.439,0.3817,Moderate Potential
21.325,80.355,0,Grid Point,0.0385,0.0681,0.0603,0.2493,0.1568,0.0934,319.0,1.3605,47.0301,1.5662,0.629,1.6788,0.3746,0.6105,0,32.6677,0.3453,Low Potential
21.325,80.37,0,Grid Point,0.0901,0.1227,0.1654,0.2583,0.4092,0.3285,329.0,2.1044,331.7753,1.8357,1.5842,1.2457,1.2718,0.2193,0,33.9224,0.2219,Low Potential
21.325,80.385,0,Grid Point,0.059,0.0809,0.1013,0.2208,0.3022,0.2174,319.0,7.547549999999999,47.0301,1.7169,1.3687,1.3901,0.9846,0.371,0,35.2001,0.4464,Moderate Potential
21.325,80.4,0,Grid Point,0.0463,0.0694,0.0621,0.2574,0.1444,0.0764,310.0,3.5117,238.1588,1.3413,0.561,1.8901,0.2968,0.6113,0,36.4407,0.4151,Moderate Potential
21.325,80.415,0,Grid Point,0.0624,0.0806,0.0932,0.1828,0.2324,0.1784,306.0,1.3605,47.0301,1.4936,1.2713,1.3027,0.9759,0.3246,0,36.691,0.4632,Moderate Potential
21.325,80.43,0,Grid Point,0.0452,0.0695,0.0602,0.1983,0.1379,0.0783,308.0,1.3605,132.9699,1.3319,0.6954,1.7612,0.3949,0.5342,0,37.0041,0.3152,Low Potential
21.325,80.445,0,Grid Point,0.0519,0.0698,0.0687,0.2244,0.2062,0.1217,308.0,2.7194,227.0301,1.3237,0.9189,1.6943,0.5423,0.5312,0,37.3785,0.1458,Low Potential
21.325,80.46,0,Grid Point,0.0751,0.1021,0.1216,0.2488,0.2495,0.1951,319.0,2.7194,312.9699,1.6192,1.0028,1.2788,0.7842,0.3434,0,37.8124,0.2992,Low Potential
21.325,80.475,0,Grid Point,0.0743,0.0987,0.1341,0.2377,0.3719,0.2966,328.0,1.8543,0.0,1.8048,1.5646,1.2539,1.2478,0.2786,0,38.3037,0.2909,Low Potential
21.325,80.49,0,Grid Point,0.0995,0.1322,0.166,0.2791,0.3854,0.3054,321.0,6.7594,342.9485,1.6683,1.3809,1.262,1.0942,0.2541,0,38.8503,0.2499,Low Potential
21.34,79.2,0,Grid Point,0.0592,0.0787,0.0733,0.2657,0.2454,0.1552,305.0,1.3605,132.9669,1.2371,0.9234,1.5804,0.5843,0.5676,0,2.22,0.1756,Low Potential
21.34,79.215,0,Grid Point,0.0657,0.0887,0.1172,0.2535,0.2716,0.1996,300.0,2.1044,331.7729,1.7839,1.0714,1.3611,0.7872,0.3677,0,2.7047,0.328,Low Potential
21.34,79.23,0,Grid Point,0.0606,0.0844,0.1044,0.1986,0.2446,0.191,303.0,0.9274,180.0,1.7205,1.2316,1.2803,0.962,0.3111,1,3.8048,0.5747,Moderate Potential
21.34,79.245,0,Grid Point,0.0662,0.094,0.1,0.3034,0.2786,0.1754,310.0,0.9274,180.0,1.5106,0.9184,1.5882,0.5783,0.5042,1,5.1392,0.1669,Low Potential
21.34,79.26,0,Grid Point,0.0723,0.0974,0.127,0.2572,0.2814,0.1939,305.0,0.0,0.0,1.7559,1.0937,1.451,0.7537,0.3391,1,6.5666,0.2031,Low Potential
21.34,79.275,0,Grid Point,0.0497,0.071,0.0679,0.2189,0.2098,0.1268,297.0,0.9957,90.0,1.3662,0.9584,1.6546,0.5793,0.5265,1,8.0377,0.1613,Low Potential
21.34,79.29,0,Grid Point,0.0572,0.0758,0.064,0.2238,0.2282,0.1602,263.0,7.547549999999999,294.9723,1.1189,1.0199,1.4248,0.7158,0.5552,1,8.9395,0.2388,Low Potential
21.34,79.305,0,Grid Point,0.0676,0.0995,0.1189,0.2512,0.2862,0.2014,298.0,1.3605,132.9669,1.7589,1.1391,1.4208,0.8018,0.3575,1,8.8949,0.1873,Low Potential
21.34,79.32,0,Grid Point,0.0659,0.0986,0.098,0.2748,0.2866,0.1956,299.0,1.3605,132.9669,1.4879,1.0431,1.4655,0.7118,0.4741,1,9.1158,0.142,Low Potential
21.34,79.335,0,Grid Point,0.0722,0.0972,0.1046,0.2549,0.274,0.1935,300.0,3.512,121.8386,1.4478,1.0749,1.416,0.7591,0.4181,1,9.5839,0.2053,Low Potential
21.34,79.35,0,Grid Point,0.0644,0.0906,0.1104,0.2326,0.3016,0.2085,297.0,0.9957,270.0,1.7151,1.2964,1.4463,0.8964,0.3561,1,10.2653,0.3778,Moderate Potential
21.34,79.365,0,Grid Point,0.0531,0.0809,0.0812,0.2899,0.2748,0.1728,301.0,2.1958,114.9723,1.5292,0.9481,1.5901,0.5962,0.5624,1,11.121,0.1638,Low Potential
21.34,79.38,0,Grid Point,0.0736,0.0978,0.1102,0.2504,0.2718,0.1792,306.0,3.8355,344.9758,1.498,1.0855,1.516,0.716,0.3885,1,12.1141,0.218,Low Potential
21.34,79.395,0,Grid Point,0.0675,0.0901,0.1113,0.2338,0.3001,0.2118,300.0,0.9274,180.0,1.6489,1.2835,1.4168,0.9059,0.3551,1,13.2137,0.5106,Moderate Potential
21.34,79.41,0,Grid Point,0.0623,0.0862,0.083,0.2895,0.2736,0.1883,292.0,3.1249,72.7515,1.3323,0.9451,1.453,0.6504,0.5544,1,14.3953,0.1811,Low Potential
21.34,79.425,0,Grid Point,0.0886,0.1212,0.1568,0.3024,0.3328,0.257,291.0,2.1958,65.0277,1.7708,1.1004,1.295,0.8497,0.3171,1,15.6403,0.1968,Low Potential
21.34,79.44,0,Grid Point,0.0584,0.0838,0.0866,0.2578,0.2562,0.1621,291.0,2.7803,180.0,1.4825,0.9942,1.5808,0.6289,0.4968,1,16.9349,0.1352,Low Potential
21.34,79.455,0,Grid Point,0.0637,0.0918,0.0954,0.2899,0.284,0.2094,285.0,2.1044,28.2271,1.4984,0.9796,1.3563,0.7223,0.5046,1,16.5278,0.2589,Low Potential
21.34,79.47,0,Grid Point,0.068,0.0996,0.114,0.2656,0.3115,0.2064,288.0,0.0,0.0,1.677,1.173,1.5096,0.7771,0.3995,1,15.6627,0.2319,Low Potential
21.34,79.485,0,Grid Point,0.0583,0.0831,0.0804,0.2102,0.2246,0.159,286.0,2.7196,227.0331,1.3782,1.0687,1.4129,0.7564,0.4469,1,14.9079,0.2264,Low Potential
21.34,79.5,0,Grid Point,0.056,0.0802,0.0808,0.2512,0.2526,0.1521,293.0,0.9274,180.0,1.4425,1.0056,1.6607,0.6055,0.513,1,14.2809,0.1268,Low Potential
21.34,79.515,0,Grid Point,0.0641,0.0917,0.11,0.2518,0.2605,0.1756,288.0,2.1044,208.2271,1.7153,1.0346,1.4835,0.6974,0.3921,1,13.7992,0.1743,Low Potential
21.34,79.53,0,Grid Point,0.0733,0.1014,0.1232,0.2648,0.2885,0.1868,286.0,0.9274,0.0,1.6808,1.0893,1.5444,0.7053,0.365,1,13.4784,0.2199,Low Potential
21.34,79.545,0,Grid Point,0.0563,0.0812,0.0849,0.2422,0.2509,0.1533,286.0,2.1044,151.7729,1.508,1.0361,1.6361,0.6333,0.4808,1,13.33,0.1237,Low Potential
21.34,79.56,0,Grid Point,0.0476,0.0726,0.0598,0.31765,0.2207,0.1294,282.0,0.9957,270.0,1.2574,0.6619,1.7062,0.3879,0.6957,1,13.3598,0.2413,Low Potential
21.34,79.575,0,Grid Point,0.076,0.1028,0.124,0.2552,0.3052,0.2132,291.0,2.1044,28.2271,1.632,1.1961,1.4321,0.8352,0.3462,1,13.5666,0.2188,Low Potential
21.34,79.59,0,Grid Point,0.0568,0.081,0.0876,0.2486,0.2712,0.1694,280.0,3.8355,344.9758,1.5418,1.0913,1.6012,0.6816,0.4786,1,13.9426,0.1906,Low Potential
21.34,79.605,0,Grid Point,0.0579,0.0836,0.0904,0.2247,0.2541,0.1645,272.0,2.9527,199.6908,1.5604,1.1308,1.5452,0.7319,0.4264,1,14.4746,0.1783,Low Potential
21.34,79.62,0,Grid Point,0.084,0.1185,0.1348,0.2865,0.3538,0.264,267.0,2.9527,199.6908,1.6044,1.2351,1.3406,0.9213,0.3599,1,15.1462,0.3252,Low Potential
21.34,79.635,0,Grid Point,0.087,0.1142,0.1341,0.2435,0.3175,0.2592,272.0,5.0513,280.5525,1.5423,1.3039,1.2247,1.0647,0.2897,1,15.9396,0.4031,Moderate Potential
21.34,79.65,0,Grid Point,0.0409,0.0722,0.0524,0.2464,0.1864,0.1098,265.0,1.9907,270.0,1.28,0.7567,1.6973,0.4458,0.6495,1,15.4898,0.2984,Low Potential
21.34,79.665,0,Grid Point,0.1013,0.1363375,0.18015,0.2788,0.3696,0.2992,270.0,1.8543,0.0,1.8591,1.3253,1.2351,1.073,0.1879,1,13.9492,0.2482,Low Potential
21.34,79.68,0,Grid Point,0.0662,0.0934,0.1006,0.237,0.2762,0.1901,266.0,2.1044,151.7729,1.5196,1.1654,1.4532,0.8019,0.4041,1,12.4097,0.1511,Low Potential
21.34,79.695,0,Grid Point,0.0788,0.1102,0.129,0.2656,0.2735,0.183,269.0,2.1044,208.2271,1.6364,1.0297,1.4945,0.689,0.3463,1,10.8718,0.1881,Low Potential
21.34,79.71,0,Grid Point,0.0482,0.0722,0.0609,0.2488,0.166,0.0945,275.0,2.1958,114.9723,1.2622,0.6671,1.7575,0.3795,0.6068,1,9.3362,0.4142,Moderate Potential
21.34,79.725,0,Grid Point,0.0718,0.0984,0.1144,0.2625,0.3087,0.218,277.0,3.8355,344.9758,1.5951,1.176,1.4157,0.8307,0.3928,1,7.8043,0.2676,Low Potential
21.34,79.74,0,Grid Point,0.0648,0.0948,0.1066,0.2488,0.2954,0.2159,272.0,1.8543,180.0,1.6456,1.1869,1.368,0.8676,0.4004,1,6.2789,0.3716,Moderate Potential
21.34,79.755,0,Grid Point,0.0854,0.1098,0.1205,0.2392,0.2789,0.2124,261.0,2.1958,65.0277,1.4102,1.1657,1.3134,0.8876,0.3301,1,4.7661,0.3587,Moderate Potential
21.34,79.77,0,Grid Point,0.0717,0.1012,0.1319,0.1906,0.2631,0.2108,261.0,1.9907,270.0,1.8396,1.3804,1.2484,1.1057,0.182,1,3.2833,0.4545,Moderate Potential
21.34,79.785,0,Grid Point,0.0735,0.1008,0.1281,0.2492,0.3043,0.2535,262.0,4.2031,151.7729,1.7435,1.2209,1.2004,1.0171,0.3209,0,1.9024,0.4166,Moderate Potential
21.34,79.8,0,Grid Point,0.0605,0.0833,0.0986,0.2066,0.2869,0.2028,260.0,0.0,0.0,1.6306,1.389,1.415,0.9816,0.3535,0,1.11,0.4275,Moderate Potential
21.34,79.815,0,Grid Point,0.0825,0.111,0.139,0.2394,0.3703,0.2778,267.0,0.9957,270.0,1.6848,1.5463,1.3328,1.1602,0.2654,0,1.9024,0.3128,Low Potential
21.34,79.83,0,Grid Point,0.07,0.0977,0.1232,0.2328,0.3104,0.2366,270.0,2.1044,208.2271,1.758,1.3334,1.3117,1.0165,0.308,0,3.2833,0.5101,Moderate Potential
21.34,79.845,0,Grid Point,0.0749,0.1033,0.1221,0.2399,0.3006,0.2206,279.0,1.8543,180.0,1.6302,1.253,1.3626,0.9195,0.3254,0,4.7661,0.5366,Moderate Potential
21.34,79.86,0,Grid Point,0.0677,0.1,0.117,0.2438,0.2994,0.221,283.0,1.8543,0.0,1.7275,1.2276,1.3542,0.9065,0.3517,0,6.2789,0.4856,Moderate Potential
21.34,79.875,0,Grid Point,0.0592,0.083,0.0977,0.242,0.2871,0.1974,279.0,0.9274,180.0,1.6503,1.1861,1.454,0.8157,0.4249,0,7.8043,0.1902,Low Potential
21.34,79.89,0,Grid Point,0.0867,0.1254,0.1707,0.2742,0.4085,0.3336125,279.0,2.9527,19.6908,1.9677,1.4898,1.2242,1.217,0.2326,0,9.3362,0.2008,Low Potential
21.34,79.905,0,Grid Point,0.0508,0.0737,0.082,0.1972,0.2332,0.156,273.0,2.1958,245.0277,1.6167,1.1831,1.4952,0.7913,0.4122,0,10.8718,0.1787,Low Potential
21.34,79.92,0,Grid Point,0.0698,0.0974,0.103,0.2672,0.3026,0.204,282.0,0.9957,270.0,1.4746,1.1325,1.4835,0.7634,0.4435,0,12.4097,0.1817,Low Potential
21.34,79.935,0,Grid Point,0.0509,0.0802,0.0725,0.1887,0.1506,0.0925,284.0,1.3605,47.033,1.4244,0.7978,1.6276,0.4902,0.4449,0,13.9492,0.2747,Low Potential
21.34,79.95,0,Grid Point,0.038,0.064,0.0554,0.2334,0.2581,0.1551,291.0,0.9957,270.0,1.4566,1.1061,1.6641,0.6647,0.6166,0,15.4898,0.2012,Low Potential
21.34,79.965,0,Grid Point,0.0604,0.0836,0.0994,0.2224,0.2814,0.1951,293.0,0.9274,0.0,1.6465,1.2655,1.4426,0.8772,0.382,0,17.0312,0.2694,Low Potential
21.34,79.98,0,Grid Point,0.068,0.1006,0.124,0.2656,0.341,0.2478,306.0,2.7196,227.0331,1.8235,1.2841,1.3766,0.9328,0.3634,0,18.5732,0.3773,Moderate Potential
21.34,79.995,0,Grid Point,0.0753,0.108,0.1426,0.2767,0.3488,0.2542,308.0,3.4177,324.4072,1.8938,1.2606,1.3719,0.9189,0.3198,0,20.1156,0.372,Moderate Potential
21.34,80.01,0,Grid Point,0.0503,0.073,0.1014,0.219,0.295,0.2019,317.0,1.3605,132.9669,2.0189,1.347,1.4614,0.9217,0.3669,0,20.0337,0.2215,Low Potential
21.34,80.025,0,Grid Point,0.0374,0.053,0.0468,0.13885000000000003,0.09513749999999997,0.0184,307.0,0.0,0.0,1.25,0.9427,1.2561,0.7505,0.07343750000000004,0,19.3673,0.5396,Moderate Potential
21.34,80.04,0,Grid Point,0.0446,0.0652,0.0666,0.1919,0.2705,0.1715,326.0,4.0755,312.9669,1.4933,1.4096,1.5773,0.8937,0.4847,0,18.8045,0.1981,Low Potential
21.34,80.055,0,Grid Point,0.0432,0.0626,0.0623,0.1984,0.2376,0.1407,329.0,3.512,301.8386,1.4421,1.1976,1.6887,0.7092,0.5221,0,18.3549,0.1712,Low Potential
21.34,80.07,0,Grid Point,0.0448,0.0639,0.061,0.2039,0.2296,0.1371,348.0,3.512,301.8386,1.3616,1.126,1.6747,0.6724,0.5394,0,18.0268,0.1532,Low Potential
21.34,80.085,0,Grid Point,0.0453,0.0632,0.0673,0.195,0.2541,0.1601,362.0,2.1044,331.7729,1.4857,1.3031,1.5871,0.821,0.4868,0,17.8271,0.1529,Low Potential
21.34,80.1,0,Grid Point,0.0462,0.0661,0.0617,0.2131,0.2582,0.1559,357.0,2.1044,28.2271,1.3355,1.2116,1.6562,0.7316,0.5509,0,17.76,0.138,Low Potential
21.34,80.115,0,Grid Point,0.0737,0.1008,0.1142,0.2364,0.3194,0.2357,343.0,3.1249,287.2485,1.5495,1.3511,1.3551,0.997,0.3485,0,17.8271,0.5663,Moderate Potential
21.34,80.13,0,Grid Point,0.0485,0.0701,0.0657,0.2235,0.1809,0.1081,344.0,0.0,0.0,1.3546,0.8094,1.6735,0.4837,0.5456,0,18.0268,0.1732,Low Potential
21.34,80.145,0,Grid Point,0.0764,0.0991,0.1248,0.2211,0.2924,0.2232,336.0,4.6274,180.0,1.6335,1.3225,1.31,1.0095,0.2784,0,18.3549,0.5946,Moderate Potential
21.34,80.16,0,Grid Point,0.0884,0.1168,0.1414,0.2563,0.3338,0.2475,332.0,2.9527,340.3092,1.5995,1.3024,1.3487,0.9657,0.2889,0,18.8045,0.3635,Moderate Potential
21.34,80.175,0,Grid Point,0.092,0.1144,0.149,0.216,0.3109,0.2656,323.0,3.8355,195.0242,1.6196,1.4394,1.1706,1.2296,0.1836,0,19.3673,0.3132,Low Potential
21.34,80.19,0,Grid Point,0.0582,0.0865,0.0894,0.2258,0.27,0.2026,325.0,6.7595,17.0532,1.5361,1.1957,1.3327,0.8973,0.4327,0,20.0337,0.4294,Moderate Potential
21.34,80.205,0,Grid Point,0.1013,0.1363375,0.1701,0.2863,0.3507,0.2749,325.0,3.8355,344.9758,1.5174,1.2249,1.2757,0.9602,0.2546,0,20.7938,0.2881,Low Potential
21.34,80.22,0,Grid Point,0.0797,0.1044,0.1283,0.237,0.325,0.2455,315.0,3.8355,344.9758,1.6098,1.3713,1.3238,1.0359,0.2976,0,21.6376,0.4363,Moderate Potential
21.34,80.235,0,Grid Point,0.0874,0.1171,0.1413,0.2534,0.3444,0.2665,318.0,1.8543,0.0,1.6167,1.3591,1.2923,1.0517,0.284,0,22.5559,0.2434,Low Potential
21.34,80.25,0,Grid Point,0.063,0.0789,0.0902,0.2226,0.2367,0.1656,319.0,4.7522,218.8413,1.4317,1.0633,1.4293,0.7439,0.4233,0,23.5398,0.1884,Low Potential
21.34,80.265,0,Grid Point,0.0711,0.0964,0.1117,0.2339,0.3024,0.2317,327.0,1.3605,227.0331,1.571,1.2929,1.3051,0.9906,0.3536,0,24.5814,0.4847,Moderate Potential
21.34,80.28,0,Grid Point,0.0957,0.1289,0.1605,0.2794,0.3998,0.2965,333.0,2.1044,331.7729,1.6771,1.4309,1.3484,1.0612,0.2703,0,25.6739,0.2528,Low Potential
21.34,80.295,0,Grid Point,0.0598,0.085,0.086,0.223,0.275,0.1931,341.0,6.2312,72.7515,1.4381,1.2332,1.4241,0.8659,0.4434,0,26.8109,0.1997,Low Potential
21.34,80.31,0,Grid Point,0.0696,0.0932,0.1221,0.2146,0.3201,0.2488,330.0,0.0,0.0,1.7543,1.4916,1.2866,1.1594,0.2747,0,27.987,0.3887,Moderate Potential
21.34,80.325,0,Grid Point,0.0765,0.1089,0.1301,0.271,0.3286,0.2448,328.0,2.1044,331.7729,1.7007,1.2125,1.3423,0.9033,0.3513,0,29.1976,0.3376,Low Potential
21.34,80.34,0,Grid Point,0.0728,0.1058,0.1221,0.2335,0.2933,0.2192,313.0,0.0,0.0,1.6772,1.2561,1.338,0.9388,0.3133,0,30.4384,0.5627,Moderate Potential
21.34,80.355,0,Grid Point,0.0615,0.0979,0.0814,0.1986,0.1116,0.0726,320.0,5.8897,199.6908,1.3236,0.5619,1.5372,0.3656,0.4186,0,31.706,0.4422,Moderate Potential
21.34,80.37,0,Grid Point,0.0703,0.0937,0.116,0.2476,0.3485,0.2678,328.0,3.1249,252.7515,1.6501,1.4075,1.3013,1.0816,0.3619,0,32.9972,0.4363,Moderate Potential
21.34,80.385,0,Grid Point,0.0515,0.0734,0.0761,0.1996,0.2758,0.1879,313.0,1.8543,0.0,1.4777,1.3818,1.4678,0.9414,0.448,0,34.3094,0.1461,Low Potential
21.34,80.4,0,Grid Point,0.0593,0.0804,0.0858,0.1716,0.2142,0.1537,308.0,2.1958,114.9723,1.4469,1.2483,1.3936,0.8957,0.3333,0,34.7933,0.3942,Moderate Potential
21.34,80.415,0,Grid Point,0.0552,0.0707,0.0832,0.1797,0.2765,0.1991,303.0,1.9907,90.0,1.5072,1.5387,1.3887,1.108,0.3671,0,35.0553,0.2968,Low Potential
21.34,80.43,0,Grid Point,0.0431,0.0629,0.0538,0.2203,0.1346,0.0835,308.0,3.9767,270.0,1.2483,0.611,1.612,0.379,0.6074,0,35.3828,0.4394,Moderate Potential
21.34,80.445,0,Grid Point,0.0992,0.1334,0.1771,0.2754,0.3631,0.3077,314.0,1.9907,90.0,1.7853,1.3184,1.18,1.1173,0.2172,0,35.7742,0.2056,Low Potential
21.34,80.46,0,Grid Point,0.0371,0.0629,0.0585,0.2513,0.1599,0.0893,316.0,1.3605,227.0331,1.5768,0.6363,1.7906,0.3554,0.6223,0,36.2273,0.3981,Moderate Potential
21.34,80.475,0,Grid Point,0.0664,0.0885,0.1119,0.2266,0.332,0.2389,323.0,3.9767,90.0,1.6852,1.4651,1.3897,1.0543,0.3388,0,36.7398,0.4691,Moderate Potential
21.34,80.49,0,Grid Point,0.0725,0.0956,0.1077,0.243,0.2688,0.1901,313.0,6.9977,301.8386,1.4855,1.1062,1.414,0.7823,0.3858,0,37.3093,0.2176,Low Potential
21.355,79.2,0,Grid Point,0.064,0.0815,0.0807,0.2346,0.247,0.1624,304.0,4.3856,114.97,1.2619,1.0531,1.5217,0.692,0.4881,0,3.885,0.187,Low Potential
21.355,79.215,0,Grid Point,0.0708,0.0968,0.098,0.2342,0.2641,0.1806,309.0,1.9909,270.0,1.3825,1.1279,1.4619,0.7715,0.4101,0,4.1809,0.1499,Low Potential
21.355,79.23,0,Grid Point,0.0715,0.0972,0.1144,0.264,0.2779,0.1866,309.0,2.1045,331.7704,1.6,1.0527,1.4893,0.7068,0.3953,0,4.964,0.1656,Low Potential
21.355,79.245,0,Grid Point,0.0644,0.0858,0.1149,0.1993,0.2754,0.2095,319.0,2.7197,47.036,1.7842,1.3816,1.3143,1.0512,0.2686,1,6.0478,0.5515,Moderate Potential
21.355,79.26,0,Grid Point,0.0783,0.0998,0.1188,0.277,0.2994,0.1989,303.0,4.3856,114.97,1.5179,1.0805,1.505,0.7179,0.3996,1,7.2997,0.2328,Low Potential
21.355,79.275,0,Grid Point,0.0769,0.1046,0.1319,0.273,0.3014,0.2176,304.0,3.5122,58.1641,1.7152,1.1042,1.3853,0.7971,0.3485,1,7.6607,0.3385,Low Potential
21.355,79.29,0,Grid Point,0.0677,0.0946,0.1061,0.2242,0.2782,0.2028,309.0,0.9958,270.0,1.5672,1.2409,1.3715,0.9048,0.3575,1,7.2881,0.6129,Moderate Potential
21.355,79.305,0,Grid Point,0.069,0.0902,0.1094,0.2464,0.2478,0.2033,300.0,2.196,114.97,1.5874,1.0057,1.2189,0.8251,0.3849,1,7.2334,0.307,Low Potential
21.355,79.32,0,Grid Point,0.088,0.1172,0.1538,0.2712,0.3674,0.2708,305.0,2.196,245.03,1.7487,1.3545,1.3567,0.9983,0.2763,1,7.5033,0.2371,Low Potential
21.355,79.335,0,Grid Point,0.0768,0.097,0.1252,0.249,0.2758,0.1974,301.0,2.196,65.03,1.6302,1.1074,1.3975,0.7924,0.3309,1,8.0655,0.3357,Low Potential
21.355,79.35,0,Grid Point,0.0676,0.0959,0.1043,0.2678,0.2888,0.185,301.0,1.3606,47.036,1.544,1.0788,1.5618,0.6908,0.4393,1,8.8645,0.1531,Low Potential
21.355,79.365,0,Grid Point,0.0626,0.0904,0.0972,0.2716,0.2628,0.1646,314.0,0.9958,90.0,1.554,0.9674,1.5958,0.6062,0.4729,1,9.8427,0.1617,Low Potential
21.355,79.38,0,Grid Point,0.0606,0.0912,0.0983,0.299,0.2935,0.2126,299.0,3.1251,72.7532,1.6221,0.9816,1.3802,0.7112,0.5052,1,10.9523,0.3511,Moderate Potential
21.355,79.395,0,Grid Point,0.0582,0.0809,0.0922,0.2355,0.2383,0.1695,294.0,0.9958,90.0,1.5851,1.0119,1.4059,0.7197,0.4371,1,12.1574,0.2557,Low Potential
21.355,79.41,0,Grid Point,0.0696,0.0972,0.1076,0.2484,0.2934,0.2168,300.0,2.196,245.03,1.546,1.1814,1.353,0.8732,0.3954,1,13.4322,0.3504,Moderate Potential
21.355,79.425,0,Grid Point,0.0682,0.0985,0.0932,0.2828,0.3,0.1927,296.0,1.9909,90.0,1.3676,1.0608,1.5571,0.6813,0.5043,1,14.7588,0.1478,Low Potential
21.355,79.44,0,Grid Point,0.0974,0.1346,0.1596,0.3086,0.3923,0.2856,298.0,1.9909,270.0,1.6383,1.2716,1.3735,0.9258,0.318,1,16.1243,0.3633,Moderate Potential
21.355,79.455,0,Grid Point,0.0566,0.0817,0.0774,0.2842,0.2305,0.155,292.0,3.5122,121.8359,1.3684,0.8109,1.4876,0.5451,0.5717,1,17.5196,0.1721,Low Potential
21.355,79.47,0,Grid Point,0.0794,0.1114,0.1414,0.2504,0.3625,0.2732,291.0,2.196,65.03,1.7826,1.4474,1.3269,1.0908,0.2781,1,17.1011,0.2175,Low Potential
21.355,79.485,0,Grid Point,0.0694,0.0976,0.1103,0.2378,0.3286,0.2322,291.0,3.5122,301.8359,1.5905,1.3821,1.4152,0.9767,0.3662,1,16.4126,0.4887,Moderate Potential
21.355,79.5,0,Grid Point,0.059,0.0832,0.1052,0.2202,0.2562,0.1936,304.0,1.8543,180.0,1.7854,1.1632,1.323,0.8792,0.3533,1,15.8453,0.4448,Moderate Potential
21.355,79.515,0,Grid Point,0.079,0.1036,0.126,0.2668,0.2842,0.2141,292.0,3.5122,121.8359,1.5949,1.0654,1.3274,0.8026,0.3584,1,15.4125,0.3133,Low Potential
21.355,79.53,0,Grid Point,0.0644,0.0884,0.0992,0.2414,0.2534,0.165,291.0,2.196,65.03,1.5392,1.0501,1.5365,0.6834,0.4174,1,15.1259,0.1514,Low Potential
21.355,79.545,0,Grid Point,0.0612,0.0876,0.0948,0.2466,0.2415,0.1636,289.0,2.1045,28.2296,1.549,0.9795,1.4766,0.6634,0.4446,1,14.9938,0.1348,Low Potential
21.355,79.56,0,Grid Point,0.0652,0.0929,0.1039,0.2574,0.2442,0.1566,289.0,0.0,0.0,1.5948,0.9487,1.5597,0.6083,0.4249,1,15.0204,0.1471,Low Potential
21.355,79.575,0,Grid Point,0.0606,0.087,0.0921,0.2694,0.2887,0.1853,282.0,3.5122,121.8359,1.5177,1.0718,1.558,0.688,0.4906,1,15.2046,0.1907,Low Potential
21.355,79.59,0,Grid Point,0.0622,0.0884,0.0964,0.2519,0.2902,0.1856,276.0,2.1045,208.2296,1.5506,1.1522,1.5643,0.7366,0.4462,1,15.5411,0.1579,Low Potential
21.355,79.605,0,Grid Point,0.0598,0.0816,0.0859,0.2655,0.2734,0.1752,272.0,1.3606,227.036,1.4365,1.0296,1.5602,0.6599,0.5111,1,16.0201,0.1529,Low Potential
21.355,79.62,0,Grid Point,0.0588,0.0866,0.0838,0.2672,0.2479,0.1613,273.0,0.9958,270.0,1.4272,0.9278,1.5369,0.6037,0.5223,1,16.6293,0.1509,Low Potential
21.355,79.635,0,Grid Point,0.0729,0.1014,0.1122,0.2473,0.2862,0.2042,270.0,0.9274,0.0,1.5398,1.1573,1.4012,0.8259,0.3756,1,17.0041,0.2382,Low Potential
21.355,79.65,0,Grid Point,0.0594,0.0837,0.0906,0.25,0.297,0.1984,276.0,0.0,0.0,1.524,1.188,1.4963,0.794,0.4679,1,15.46,0.1574,Low Potential
21.355,79.665,0,Grid Point,0.0584,0.0837,0.0876,0.2412,0.2668,0.1786,271.0,0.9958,90.0,1.4991,1.1059,1.4931,0.7407,0.4674,1,13.9161,0.1436,Low Potential
21.355,79.68,0,Grid Point,0.0442,0.0714,0.0526,0.266,0.1768,0.1035,267.0,2.1045,28.2296,1.1876,0.6646,1.7077,0.3892,0.67,1,12.3725,0.3476,Low Potential
21.355,79.695,0,Grid Point,0.0435,0.0701,0.0634,0.1615,0.1643,0.0914,268.0,0.9958,90.0,1.4563,1.0173,1.7966,0.5663,0.4365,1,10.8292,0.3672,Moderate Potential
21.355,79.71,0,Grid Point,0.1013,0.1363375,0.1643,0.2449,0.2745,0.2224,281.0,2.196,245.03,1.2629,1.1209,1.2343,0.9081,0.197,1,9.2866,0.3071,Low Potential
21.355,79.725,0,Grid Point,0.0662,0.0917,0.1172,0.2286,0.3104,0.2252,269.0,0.9958,90.0,1.7691,1.3583,1.3782,0.9856,0.3221,1,7.7449,0.5783,Moderate Potential
21.355,79.74,0,Grid Point,0.0902,0.1248,0.1632,0.2732,0.3813,0.2804,268.0,2.196,245.03,1.8093,1.3954,1.3598,1.0262,0.2521,1,6.2049,0.2234,Low Potential
21.355,79.755,0,Grid Point,0.0596,0.084,0.0948,0.22,0.251,0.1742,263.0,1.3606,132.964,1.5893,1.1414,1.4412,0.792,0.3976,1,4.6681,0.157,Low Potential
21.355,79.77,0,Grid Point,0.0628,0.0918,0.094,0.2366,0.2519,0.1788,262.0,0.9958,270.0,1.4968,1.0647,1.4088,0.7557,0.4313,1,3.1394,0.2487,Low Potential
21.355,79.785,0,Grid Point,0.058,0.086,0.0788,0.2798,0.2184,0.1412,260.0,4.3856,65.03,1.3607,0.7802,1.5464,0.5046,0.5604,1,1.6417,0.2095,Low Potential
21.355,79.8,0,Grid Point,0.049,0.0797,0.064,0.2363,0.1774,0.106,257.0,3.1251,287.2468,1.3051,0.7507,1.6744,0.4484,0.574,1,0.555,0.2485,Low Potential
21.355,79.815,0,Grid Point,0.0504,0.0772,0.0744,0.251,0.2668,0.1754,262.0,0.0,0.0,1.4777,1.0625,1.5204,0.6989,0.5428,0,1.6417,0.1472,Low Potential
21.355,79.83,0,Grid Point,0.0471,0.0781,0.0768,0.2476,0.1814,0.1122,271.0,4.3856,65.03,1.6306,0.7325,1.616,0.4533,0.5266,0,3.1394,0.2715,Low Potential
21.355,79.845,0,Grid Point,0.0714,0.1023,0.1398,0.2366,0.3854,0.304,280.0,2.196,114.97,1.9594,1.6291,1.2679,1.2849,0.2572,0,4.6681,0.2978,Low Potential
21.355,79.86,0,Grid Point,0.0698,0.1026,0.1122,0.2826,0.322,0.2176,271.0,2.196,294.97,1.607,1.1392,1.4801,0.7697,0.4315,0,6.2049,0.1866,Low Potential
21.355,79.875,0,Grid Point,0.0544,0.0823,0.0901,0.2248,0.3078,0.2168,273.0,0.9958,90.0,1.6572,1.3691,1.4196,0.9644,0.4276,0,7.7449,0.2837,Low Potential
21.355,79.89,0,Grid Point,0.0673,0.0945,0.1124,0.2772,0.3737,0.2616,274.0,1.9909,90.0,1.6696,1.3479,1.4285,0.9436,0.4229,0,9.2866,0.2758,Low Potential
21.355,79.905,0,Grid Point,0.0719,0.101,0.1218,0.261,0.302,0.2116,272.0,2.7803,0.0,1.694,1.1571,1.4278,0.8104,0.3637,0,10.8292,0.2092,Low Potential
21.355,79.92,0,Grid Point,0.1013,0.1327,0.1592,0.2602,0.3232,0.2794,283.0,2.1045,28.2296,1.5613,1.2421,1.1567,1.0738,0.2408,0,12.3725,0.2731,Low Potential
21.355,79.935,0,Grid Point,0.0659,0.0954,0.109,0.2498,0.3164,0.2218,281.0,1.3606,47.036,1.654,1.2664,1.4265,0.8877,0.3925,0,13.9161,0.3347,Low Potential
21.355,79.95,0,Grid Point,0.0742,0.1044,0.1306,0.2376,0.2774,0.2098,286.0,0.9274,0.0,1.7596,1.168,1.3221,0.8834,0.2903,0,15.46,0.3958,Moderate Potential
21.355,79.965,0,Grid Point,0.044,0.0698,0.063,0.218,0.1921,0.1116,293.0,1.9909,90.0,1.4346,0.8812,1.721,0.512,0.5514,0,17.0041,0.1563,Low Potential
21.355,79.98,0,Grid Point,0.083,0.1029,0.1215,0.2342,0.2838,0.2339,302.0,2.1045,331.7704,1.4647,1.2113,1.2131,0.9985,0.3169,0,18.5483,0.4202,Moderate Potential
21.355,79.995,0,Grid Point,0.0539,0.0871,0.0978,0.2554,0.3272,0.2254,306.0,5.2985,290.4322,1.8135,1.2813,1.4519,0.8825,0.4464,0,19.3911,0.2753,Low Potential
21.355,80.01,0,Grid Point,0.0468,0.0738,0.0764,0.2575,0.2554,0.1848,306.0,2.7197,312.964,1.6314,0.9918,1.3824,0.7175,0.5426,0,18.5737,0.2606,Low Potential
21.355,80.025,0,Grid Point,0.035,0.05,0.038,0.13885000000000003,0.09513749999999997,0.017112500000000003,307.0,0.0,0.0,1.0843,0.9974,1.2871,0.7749,0.07343750000000004,0,17.8529,0.5782,Moderate Potential
21.355,80.04,0,Grid Point,0.0504,0.0741,0.0717,0.2235,0.18,0.1113,307.0,0.0,0.0,1.4226,0.8054,1.6173,0.498,0.5142,0,17.2407,0.1515,Low Potential
21.355,80.055,0,Grid Point,0.0385,0.0539,0.0517,0.169,0.2153,0.1307,325.0,5.8898,160.3074,1.3429,1.274,1.6473,0.7734,0.5315,0,16.7491,0.2476,Low Potential
21.355,80.07,0,Grid Point,0.0417,0.0628,0.0621,0.1999,0.2291,0.1433,334.0,2.7803,0.0,1.4892,1.1461,1.5987,0.7169,0.526,0,16.3889,0.1631,Low Potential
21.355,80.085,0,Grid Point,0.0443,0.0656,0.0557,0.2174,0.233,0.1336,356.0,5.9537,270.0,1.2573,1.0718,1.744,0.6145,0.5921,0,16.169,0.2129,Low Potential
21.355,80.1,0,Grid Point,0.0416,0.0625,0.0662,0.2135,0.2477,0.1593,383.0,7.547549999999999,132.964,1.5913,1.1602,1.5549,0.7461,0.5266,0,16.095,0.1848,Low Potential
21.355,80.115,0,Grid Point,0.0934,0.1208,0.143,0.2619,0.3501,0.2644,335.0,2.7197,47.036,1.531,1.3368,1.3241,1.0095,0.2937,0,16.169,0.3448,Low Potential
21.355,80.13,0,Grid Point,0.0715,0.0955,0.1196,0.2258,0.3704,0.2853,332.0,2.1045,28.2296,1.6727,1.6404,1.2983,1.2635,0.3075,0,16.3889,0.5105,Moderate Potential
21.355,80.145,0,Grid Point,0.0541,0.0745,0.0754,0.2163,0.2128,0.1423,330.0,2.7197,312.964,1.3937,0.9838,1.4954,0.6579,0.483,0,16.7491,0.1365,Low Potential
21.355,80.16,0,Grid Point,0.0527,0.0816,0.0826,0.2632,0.182,0.1066,326.0,5.4995,212.7909,1.5674,0.6915,1.7073,0.405,0.5223,0,17.2407,0.2146,Low Potential
21.355,80.175,0,Grid Point,0.0676,0.0921,0.1148,0.208,0.2723,0.2136,323.0,2.1045,28.2296,1.6982,1.3091,1.2748,1.0269,0.2887,0,17.8529,0.5121,Moderate Potential
21.355,80.19,0,Grid Point,0.0443,0.0623,0.0509,0.2325,0.1942,0.1184,319.0,1.3606,227.036,1.149,0.8353,1.6402,0.5092,0.6408,0,18.5737,0.2114,Low Potential
21.355,80.205,0,Grid Point,0.0875,0.1114,0.1181,0.2776,0.2483,0.1821,323.0,6.0244,81.1768,1.3497,0.8945,1.3635,0.656,0.4031,0,19.3911,0.2242,Low Potential
21.355,80.22,0,Grid Point,0.0678,0.0924,0.1014,0.2114,0.2652,0.1953,315.0,1.3606,312.964,1.4956,1.2545,1.3579,0.9238,0.3517,0,20.2933,0.5461,Moderate Potential
21.355,80.235,0,Grid Point,0.0726,0.0981,0.1194,0.2384,0.3121,0.2387,315.0,1.8543,180.0,1.6446,1.3091,1.3075,1.0013,0.3326,0,21.2697,0.4965,Moderate Potential
21.355,80.25,0,Grid Point,0.0806,0.1039,0.1169,0.243,0.3264,0.2397,327.0,4.9668,90.0,1.4504,1.3432,1.3617,0.9864,0.3504,0,22.3103,0.4479,Moderate Potential
21.355,80.265,0,Grid Point,0.0887,0.1164,0.147,0.2342,0.3088,0.2391,336.0,1.9909,90.0,1.6573,1.3185,1.2915,1.0209,0.2288,0,23.4068,0.3619,Moderate Potential
21.355,80.28,0,Grid Point,0.0692,0.1021,0.1289,0.2139,0.339,0.2704,331.0,6.5398,8.7205,1.8627,1.5849,1.2537,1.2641,0.248,0,24.5516,0.3476,Low Potential
21.355,80.295,0,Grid Point,0.0674,0.0937,0.123,0.2209,0.3264,0.2497,334.0,1.9909,90.0,1.8249,1.4776,1.3072,1.1304,0.2847,0,25.7382,0.3738,Moderate Potential
21.355,80.31,0,Grid Point,0.0875,0.1209,0.1551,0.237,0.3455,0.2755,320.0,3.1251,287.2468,1.7726,1.4578,1.2541,1.1624,0.2089,0,26.9612,0.2343,Low Potential
21.355,80.325,0,Grid Point,0.0713,0.0929,0.1121,0.2135,0.3309,0.25,319.0,1.8543,180.0,1.5722,1.5499,1.3236,1.171,0.3114,0,28.2158,0.4199,Moderate Potential
21.355,80.34,0,Grid Point,0.0378,0.065,0.0538,0.2227,0.1615,0.102,315.0,2.1045,331.7704,1.4233,0.7252,1.5833,0.458,0.6108,0,29.4979,0.258,Low Potential
21.355,80.355,0,Grid Point,0.0542,0.0738,0.0735,0.1861,0.1961,0.1326,309.0,1.3606,312.964,1.3561,1.0537,1.4789,0.7125,0.4337,0,30.8042,0.1589,Low Potential
21.355,80.37,0,Grid Point,0.078,0.1023,0.131,0.2274,0.2933,0.2466,319.0,3.5122,58.1641,1.6795,1.2898,1.1894,1.0844,0.269,0,32.1317,0.4104,Moderate Potential
21.355,80.385,0,Grid Point,0.0492,0.0673,0.0716,0.1659,0.2524,0.1944,319.0,7.547549999999999,47.036,1.4553,1.5214,1.2984,1.1718,0.3971,0,32.9428,0.3702,Moderate Potential
21.355,80.4,0,Grid Point,0.0842,0.1074,0.1307,0.2229,0.3203,0.2663,308.0,4.0757,312.964,1.5523,1.437,1.2028,1.1947,0.2607,0,33.1475,0.3672,Moderate Potential
21.355,80.415,0,Grid Point,0.0631,0.0861,0.0999,0.2081,0.2926,0.2102,298.0,0.9274,180.0,1.5832,1.4061,1.392,1.0101,0.3513,0,33.4224,0.4595,Moderate Potential
21.355,80.43,0,Grid Point,0.0414,0.0631,0.0538,0.1922,0.1219,0.0688,303.0,2.196,245.03,1.2995,0.6342,1.7718,0.358,0.5626,0,33.7658,0.4636,Moderate Potential
21.355,80.445,0,Grid Point,0.0875,0.1145,0.1463,0.2508,0.3683,0.2711,317.0,1.9909,270.0,1.672,1.4685,1.3585,1.0809,0.2632,0,34.1757,0.2408,Low Potential
21.355,80.46,0,Grid Point,0.0657,0.0883,0.1182,0.264,0.3042,0.2203,322.0,0.9958,270.0,1.7991,1.1523,1.3808,0.8345,0.3815,0,34.6497,0.3176,Low Potential
21.355,80.475,0,Grid Point,0.0702,0.0916,0.1082,0.2373,0.2717,0.19,314.0,3.5122,301.8359,1.5413,1.145,1.43,0.8007,0.3737,0,35.1852,0.2126,Low Potential
21.355,80.49,0,Grid Point,0.0494,0.0719,0.0596,0.2645,0.1852,0.1124,304.0,2.196,65.03,1.2065,0.7002,1.6477,0.425,0.6322,0,35.7795,0.1895,Low Potential
21.37,79.2,0,Grid Point,0.0639,0.0894,0.098,0.236,0.2686,0.1928,309.0,0.0,0.0,1.5336,1.1384,1.3935,0.8169,0.4131,0,5.55,0.2871,Low Potential
21.37,79.215,0,Grid Point,0.0606,0.0827,0.0868,0.2443,0.258,0.1768,314.0,1.8543,0.0,1.4332,1.0559,1.4594,0.7235,0.4755,0,5.761,0.1347,Low Potential
21.37,79.23,0,Grid Point,0.0708,0.0915,0.1105,0.2253,0.2781,0.2114,316.0,2.1962,114.9678,1.5607,1.2344,1.3158,0.9381,0.3419,0,6.3522,0.585,Moderate Potential
21.37,79.245,0,Grid Point,0.0565,0.0777,0.0721,0.2677,0.2507,0.1548,310.0,1.8543,180.0,1.2761,0.9365,1.62,0.5781,0.5756,0,7.2309,0.1664,Low Potential
21.37,79.26,0,Grid Point,0.0751,0.1043,0.1325,0.2414,0.3021,0.2404,309.0,2.1045,208.232,1.7636,1.2514,1.2569,0.9957,0.2914,1,6.9121,0.4094,Moderate Potential
21.37,79.275,0,Grid Point,0.1013,0.1363375,0.18015,0.273,0.368,0.309,307.0,1.9911,270.0,1.6541,1.348,1.1907,1.1321,0.1938,1,6.1183,0.3215,Low Potential
21.37,79.29,0,Grid Point,0.0696,0.0982,0.1187,0.2512,0.2824,0.212,315.0,2.9527,160.3055,1.7055,1.1246,1.3326,0.8439,0.3581,1,5.6448,0.3599,Moderate Potential
21.37,79.305,0,Grid Point,0.0691,0.0914,0.1106,0.1996,0.2758,0.2178,313.0,0.0,0.0,1.6006,1.3815,1.2658,1.0914,0.2869,1,5.5738,0.5872,Moderate Potential
21.37,79.32,0,Grid Point,0.0606,0.0855,0.0964,0.246,0.2779,0.1795,306.0,0.9959,270.0,1.5912,1.1294,1.5482,0.7295,0.4372,1,5.92,0.1718,Low Potential
21.37,79.335,0,Grid Point,0.0614,0.0914,0.0894,0.253,0.2379,0.15,302.0,0.9959,90.0,1.4548,0.9401,1.5865,0.5926,0.4779,1,6.618,0.1512,Low Potential
21.37,79.35,0,Grid Point,0.0596,0.0872,0.0986,0.2724,0.2756,0.1827,310.0,2.1045,331.768,1.6552,1.0119,1.5088,0.6707,0.4683,1,7.5713,0.2179,Low Potential
21.37,79.365,0,Grid Point,0.0786,0.1128,0.1293,0.2192,0.2762,0.2098,307.0,1.3607,132.9611,1.6461,1.2595,1.3159,0.9571,0.2581,1,8.6963,0.5542,Moderate Potential
21.37,79.38,0,Grid Point,0.0584,0.0854,0.077,0.2146,0.2144,0.1393,302.0,0.0,0.0,1.3196,0.9993,1.5395,0.6491,0.4719,1,9.9348,0.1465,Low Potential
21.37,79.395,0,Grid Point,0.0823,0.1092,0.1427,0.2716,0.2966,0.198,304.0,0.9274,180.0,1.7339,1.0918,1.4976,0.7291,0.3112,1,11.2494,0.2113,Low Potential
21.37,79.41,0,Grid Point,0.074,0.1028,0.1216,0.2896,0.3026,0.2045,309.0,2.1045,208.232,1.6421,1.0447,1.4795,0.7061,0.4086,1,12.6163,0.2154,Low Potential
21.37,79.425,0,Grid Point,0.0702,0.0979,0.1076,0.26,0.3031,0.2125,294.0,3.5125,58.1667,1.5346,1.1657,1.4266,0.8172,0.4145,1,14.0203,0.2241,Low Potential
21.37,79.44,0,Grid Point,0.0533,0.0797,0.0734,0.2275,0.2775,0.1698,300.0,0.9959,90.0,1.378,1.2198,1.6338,0.7466,0.5119,1,15.4512,0.1491,Low Potential
21.37,79.455,0,Grid Point,0.0438,0.0583,0.044,0.13885000000000003,0.09513749999999997,0.042,295.0,0.0,0.0,1.0046,0.5077,1.5757,0.3222,0.4944,1,16.9022,0.5203,Moderate Potential
21.37,79.47,0,Grid Point,0.0636,0.0894,0.0996,0.2458,0.313,0.2116,303.0,1.3607,47.0389,1.5665,1.2729,1.479,0.8607,0.4236,1,18.3685,0.2062,Low Potential
21.37,79.485,0,Grid Point,0.0681,0.0883,0.1118,0.193,0.2731,0.2174,296.0,2.1962,65.0322,1.641,1.4147,1.2559,1.1264,0.2667,1,17.9456,0.4561,Moderate Potential
21.37,79.5,0,Grid Point,0.0626,0.0899,0.0875,0.2782,0.2382,0.1543,308.0,0.0,0.0,1.3966,0.8559,1.5429,0.5547,0.5215,1,17.4283,0.1393,Low Potential
21.37,79.515,0,Grid Point,0.0732,0.0979,0.1206,0.2285,0.3246,0.243,296.0,1.8543,180.0,1.648,1.4204,1.3353,1.0637,0.3093,1,17.0358,0.5167,Moderate Potential
21.37,79.53,0,Grid Point,0.0672,0.0928,0.1076,0.249,0.3293,0.2276,294.0,1.9911,270.0,1.6004,1.3225,1.4472,0.9139,0.3967,1,16.777,0.2878,Low Potential
21.37,79.545,0,Grid Point,0.0571,0.0802,0.093,0.2352,0.2628,0.1686,294.0,1.8543,0.0,1.6296,1.1176,1.5586,0.717,0.4331,1,16.658,0.1675,Low Potential
21.37,79.56,0,Grid Point,0.0602,0.0909,0.0924,0.2898,0.2668,0.163,294.0,0.0,0.0,1.5328,0.9206,1.6373,0.5623,0.5167,1,16.6818,0.1418,Low Potential
21.37,79.575,0,Grid Point,0.0649,0.0907,0.1051,0.2418,0.2665,0.2013,281.0,2.1045,208.232,1.6194,1.1022,1.3242,0.8323,0.3941,1,16.8479,0.3121,Low Potential
21.37,79.59,0,Grid Point,0.0565,0.0842,0.0888,0.2506,0.2768,0.1856,281.0,2.1045,151.768,1.5708,1.1045,1.4916,0.7405,0.477,1,17.1522,0.1281,Low Potential
21.37,79.605,0,Grid Point,0.061,0.0891,0.096,0.2691,0.2464,0.1598,278.0,2.1962,65.0322,1.5751,0.9156,1.5414,0.594,0.4741,1,17.5873,0.1343,Low Potential
21.37,79.62,0,Grid Point,0.0679,0.1237,0.0764,0.31765,0.152,0.0778,268.0,3.4179,35.5984,1.1252,0.4122,1.9544,0.2049,0.6649,1,18.1441,0.4859,Moderate Potential
21.37,79.635,0,Grid Point,0.0506,0.082,0.06,0.2282,0.1364,0.0722,279.0,3.1254,107.2452,1.1848,0.5979,1.8912,0.3162,0.5839,1,17.1394,0.5326,Moderate Potential
21.37,79.65,0,Grid Point,0.0594,0.0872,0.0826,0.257,0.2071,0.1361,284.0,0.0,0.0,1.3926,0.8057,1.5217,0.5295,0.5134,1,15.6087,0.1348,Low Potential
21.37,79.665,0,Grid Point,0.071,0.1017,0.1214,0.2537,0.2884,0.1974,276.0,2.1962,245.0322,1.7094,1.1364,1.4611,0.7777,0.3526,1,14.0811,0.1899,Low Potential
21.37,79.68,0,Grid Point,0.07,0.0936,0.1142,0.2348,0.3146,0.23,271.0,2.7803,180.0,1.6296,1.3399,1.3676,0.9798,0.3457,1,12.5578,0.6255,Moderate Potential
21.37,79.695,0,Grid Point,0.0688,0.098,0.1199,0.2332,0.3126,0.2357,270.0,1.3607,227.0389,1.7415,1.3407,1.3265,1.0107,0.3209,1,11.0405,0.584,Moderate Potential
21.37,79.71,0,Grid Point,0.0615,0.0891,0.0904,0.2246,0.2582,0.1726,273.0,0.9274,180.0,1.4699,1.1501,1.4967,0.7684,0.4259,1,9.5321,0.1696,Low Potential
21.37,79.725,0,Grid Point,0.0723,0.1008,0.117,0.2773,0.3633,0.2561,275.0,0.0,0.0,1.6183,1.3101,1.4186,0.9235,0.4065,1,8.0377,0.3021,Low Potential
21.37,79.74,0,Grid Point,0.0682,0.0924,0.1144,0.2397,0.3402,0.2507,269.0,3.4179,215.5984,1.6774,1.4191,1.3568,1.0459,0.3539,1,6.5666,0.519,Moderate Potential
21.37,79.755,0,Grid Point,0.0787,0.1079,0.1364,0.2566,0.346,0.2553,264.0,1.8543,180.0,1.7325,1.3485,1.3551,0.9951,0.3059,1,5.1392,0.3111,Low Potential
21.37,79.77,0,Grid Point,0.0658,0.0917,0.0998,0.2268,0.2885,0.2052,262.0,0.9959,270.0,1.5171,1.2723,1.4056,0.9052,0.389,1,3.8048,0.5338,Moderate Potential
21.37,79.785,0,Grid Point,0.055,0.0852,0.0852,0.2322,0.1902,0.135,259.0,1.9911,90.0,1.5468,0.8191,1.4084,0.5816,0.4634,1,2.7047,0.2433,Low Potential
21.37,79.8,0,Grid Point,0.0764,0.1108,0.127,0.13885000000000003,0.1175,0.0915,256.0,1.3607,227.0389,1.6623,0.94,1.2842,0.732,0.07343750000000004,1,2.22,0.4837,Moderate Potential
21.37,79.815,0,Grid Point,0.0719,0.1047,0.1128,0.2768,0.3489,0.2403,260.0,2.1962,294.9678,1.5688,1.2605,1.4519,0.8681,0.4209,1,2.7047,0.2371,Low Potential
21.37,79.83,0,Grid Point,0.0674,0.0983,0.1158,0.2414,0.3387,0.2418,269.0,1.3607,132.9611,1.7168,1.4031,1.4007,1.0017,0.3516,1,3.8048,0.41,Moderate Potential
21.37,79.845,0,Grid Point,0.0813,0.1174,0.1311,0.2895,0.3475,0.2486,267.0,3.5125,238.1667,1.6125,1.2001,1.3975,0.8587,0.3767,0,5.1392,0.2759,Low Potential
21.37,79.86,0,Grid Point,0.0788,0.11,0.1356,0.269,0.3677,0.2863,268.0,1.3607,312.9611,1.7202,1.3672,1.2843,1.0645,0.3298,0,6.5666,0.3244,Low Potential
21.37,79.875,0,Grid Point,0.0745,0.1074,0.1258,0.2824,0.3194,0.2228,269.0,1.3607,132.9611,1.6893,1.131,1.4339,0.7888,0.3835,0,8.0377,0.2025,Low Potential
21.37,79.89,0,Grid Point,0.0612,0.0933,0.1044,0.2604,0.3033,0.214,276.0,2.1962,114.9678,1.7067,1.1645,1.4173,0.8217,0.4275,0,9.5321,0.1961,Low Potential
21.37,79.905,0,Grid Point,0.0564,0.0817,0.0818,0.2256,0.2392,0.1548,276.0,2.7803,0.0,1.4491,1.0601,1.5444,0.6864,0.4678,0,11.0405,0.1302,Low Potential
21.37,79.92,0,Grid Point,0.0476,0.0704,0.0716,0.2312,0.2445,0.1534,276.0,2.1045,28.232,1.5037,1.0578,1.5939,0.6636,0.5268,0,12.5578,0.1245,Low Potential
21.37,79.935,0,Grid Point,0.0514,0.0812,0.0788,0.2542,0.2488,0.1588,280.0,3.8356,344.9728,1.534,0.9789,1.5668,0.6248,0.5264,0,14.0811,0.1691,Low Potential
21.37,79.95,0,Grid Point,0.0574,0.0836,0.103,0.2326,0.3111,0.2154,285.0,0.9274,0.0,1.796,1.3375,1.444,0.9263,0.3862,0,15.6087,0.2744,Low Potential
21.37,79.965,0,Grid Point,0.0508,0.0792,0.0867,0.2474,0.2854,0.1856,285.0,1.9911,90.0,1.7077,1.1532,1.537,0.7503,0.4808,0,17.1394,0.152,Low Potential
21.37,79.98,0,Grid Point,0.06,0.088,0.0944,0.2515,0.2878,0.1923,292.0,0.9959,270.0,1.5712,1.1443,1.4966,0.7646,0.4544,0,18.6724,0.1541,Low Potential
21.37,79.995,0,Grid Point,0.0979,0.125,0.1344,0.2703,0.3082,0.2483,308.0,3.1254,287.2451,1.3723,1.1402,1.2412,0.9186,0.336,0,18.033,0.2877,Low Potential
21.37,80.01,0,Grid Point,0.0856,0.1166,0.143,0.2466,0.3155,0.2442,296.0,2.9527,19.6945,1.671,1.2794,1.2922,0.9901,0.2661,0,17.151,0.276,Low Potential
21.37,80.025,0,Grid Point,0.0458,0.0664,0.0709,0.1866,0.265,0.1824,311.0,4.9674,270.0,1.548,1.4199,1.4522,0.9778,0.4493,0,16.3677,0.2614,Low Potential
21.37,80.04,0,Grid Point,0.0433,0.0643,0.0607,0.1928,0.2335,0.1471,319.0,0.0,0.0,1.4018,1.2111,1.5874,0.763,0.5211,0,15.6977,0.1569,Low Potential
21.37,80.055,0,Grid Point,0.0406,0.0636,0.0591,0.2033,0.2251,0.1254,326.0,5.4275,227.0389,1.4557,1.1072,1.7951,0.6168,0.5495,0,15.1561,0.2517,Low Potential
21.37,80.07,0,Grid Point,0.0408,0.0605,0.0537,0.1924,0.2186,0.123,337.0,1.3607,47.0389,1.3162,1.1362,1.7772,0.6393,0.5636,0,14.7571,0.2,Low Potential
21.37,80.085,0,Grid Point,0.0474,0.069,0.0688,0.2177,0.2341,0.1453,387.0,7.547549999999999,278.3648,1.4515,1.0753,1.6111,0.6674,0.5197,0,14.5125,0.1709,Low Potential
21.37,80.1,0,Grid Point,0.0431,0.0696,0.0583,0.2271,0.2518,0.1488,362.0,2.1962,245.0322,1.3527,1.1088,1.6922,0.6552,0.5915,0,14.43,0.1601,Low Potential
21.37,80.115,0,Grid Point,0.0574,0.0869,0.0897,0.2497,0.3066,0.2,354.0,1.8543,0.0,1.5627,1.2279,1.533,0.801,0.4714,0,14.5125,0.1738,Low Potential
21.37,80.13,0,Grid Point,0.0533,0.0826,0.0775,0.2252,0.1654,0.1008,343.0,2.1962,65.0322,1.454,0.7345,1.6409,0.4476,0.4879,0,14.7571,0.196,Low Potential
21.37,80.145,0,Grid Point,0.044,0.0681,0.052,0.2528,0.2148,0.1433,342.0,2.7199,132.9611,1.1818,0.8497,1.499,0.5669,0.6588,0,15.1561,0.2013,Low Potential
21.37,80.16,0,Grid Point,0.054,0.0812,0.0785,0.266,0.2069,0.1351,335.0,3.8356,164.9728,1.4537,0.7778,1.5315,0.5079,0.5443,0,15.6977,0.1688,Low Potential
21.37,80.175,0,Grid Point,0.0636,0.0911,0.1102,0.2297,0.2874,0.2132,329.0,2.9852,90.0,1.7327,1.2512,1.348,0.9282,0.3516,0,16.3677,0.6081,Moderate Potential
21.37,80.19,0,Grid Point,0.086,0.1141,0.1309,0.2574,0.3631,0.2611,314.0,1.3607,132.9611,1.5221,1.4106,1.3907,1.0144,0.3258,0,17.151,0.3132,Low Potential
21.37,80.205,0,Grid Point,0.0649,0.0927,0.0961,0.2656,0.2779,0.1867,316.0,5.0342,203.2451,1.4807,1.0463,1.4885,0.7029,0.4686,0,18.033,0.1807,Low Potential
21.37,80.22,0,Grid Point,0.0751,0.0967,0.1104,0.2262,0.2636,0.1938,311.0,1.9911,90.0,1.47,1.1653,1.3602,0.8568,0.344,0,18.9999,0.3255,Low Potential
21.37,80.235,0,Grid Point,0.0837,0.11,0.1456,0.2186,0.3161,0.2519,314.0,2.1962,114.9678,1.7395,1.446,1.2549,1.1523,0.2004,0,20.0393,0.262,Low Potential
21.37,80.25,0,Grid Point,0.0407,0.0651,0.0462,0.2824,0.1727,0.0989,320.0,3.5125,301.8333,1.1351,0.6115,1.7462,0.3502,0.7188,0,21.1407,0.4629,Moderate Potential
21.37,80.265,0,Grid Point,0.0602,0.0874,0.0948,0.195,0.2281,0.1659,338.0,0.0,0.0,1.5748,1.1697,1.3749,0.8508,0.3458,0,22.2947,0.342,Low Potential
21.37,80.28,0,Grid Point,0.0553,0.078,0.0703,0.262,0.2109,0.1427,340.0,7.547549999999999,83.3603,1.2712,0.805,1.4779,0.5447,0.5769,0,23.4938,0.1632,Low Potential
21.37,80.295,0,Grid Point,0.0613,0.0903,0.0966,0.2181,0.2841,0.2029,330.0,2.7199,47.0389,1.5759,1.3026,1.4002,0.9303,0.3861,0,24.7312,0.4135,Moderate Potential
21.37,80.31,0,Grid Point,0.075,0.1066,0.1213,0.2603,0.2941,0.2284,323.0,2.1962,65.0322,1.6173,1.1299,1.2877,0.8774,0.3643,0,26.0016,0.2928,Low Potential
21.37,80.325,0,Grid Point,0.0823,0.1086,0.1411,0.2374,0.3344,0.2614,319.0,2.1045,151.768,1.7145,1.4086,1.2793,1.1011,0.2544,0,27.3003,0.2328,Low Potential
21.37,80.34,0,Grid Point,0.0822,0.1104,0.1305,0.2656,0.2853,0.2059,310.0,1.3607,47.0389,1.5876,1.0742,1.3856,0.7752,0.3411,0,28.6235,0.2213,Low Potential
21.37,80.355,0,Grid Point,0.0428,0.0694,0.0604,0.2375,0.1648,0.1002,312.0,5.0523,79.4496,1.4112,0.6939,1.6447,0.4219,0.5945,0,29.9679,0.2448,Low Potential
21.37,80.37,0,Grid Point,0.0591,0.0811,0.0938,0.2194,0.3089,0.2253,309.0,3.4179,324.4016,1.5871,1.4079,1.3711,1.0269,0.401,0,31.1482,0.4403,Moderate Potential
21.37,80.385,0,Grid Point,0.0604,0.084,0.1015,0.2137,0.2892,0.2165,312.0,2.1962,245.0322,1.6805,1.3533,1.3358,1.0131,0.356,0,31.2884,0.5446,Moderate Potential
21.37,80.4,0,Grid Point,0.0521,0.077,0.0776,0.244,0.2438,0.1664,297.0,4.076,132.9611,1.4894,0.9992,1.4651,0.682,0.5174,0,31.5038,0.1373,Low Potential
21.37,80.415,0,Grid Point,0.0714,0.0958,0.1084,0.221,0.2936,0.2233,302.0,3.8356,344.9728,1.5182,1.3285,1.3148,1.0104,0.3418,0,31.7929,0.6066,Moderate Potential
21.37,80.43,0,Grid Point,0.0313,0.0532,0.04,0.2306,0.1409,0.0771,312.0,0.0,0.0,1.278,0.611,1.8275,0.3343,0.7044,0,32.1538,0.5055,Moderate Potential
21.37,80.445,0,Grid Point,0.0359,0.0594,0.0476,0.2229,0.1629,0.0965,324.0,2.1962,245.0322,1.3259,0.7308,1.6881,0.4329,0.6481,0,32.5839,0.3158,Low Potential
21.37,80.46,0,Grid Point,0.0697,0.0977,0.1196,0.2361,0.3214,0.241,306.0,1.3607,312.9611,1.7159,1.3613,1.3336,1.0208,0.3275,0,33.0807,0.4744,Moderate Potential
21.37,80.475,0,Grid Point,0.065,0.0898,0.1146,0.2333,0.3086,0.2262,314.0,4.386,114.9678,1.7631,1.3228,1.3643,0.9696,0.3412,0,33.6412,0.5316,Moderate Potential
21.37,80.49,0,Grid Point,0.0351,0.0579,0.0435,0.2446,0.1539,0.0871,305.0,4.7324,167.8789,1.2393,0.6292,1.7669,0.3561,0.698,0,34.2623,0.4858,Moderate Potential
21.385,79.2,0,Grid Point,0.0706,0.0971,0.1136,0.2414,0.2769,0.1808,307.0,1.9913,270.0,1.6098,1.1475,1.5322,0.7489,0.3597,0,7.215,0.1772,Low Potential
21.385,79.215,0,Grid Point,0.0657,0.09,0.1023,0.2484,0.2494,0.1601,306.0,0.9274,0.0,1.5571,1.0042,1.5581,0.6445,0.4166,0,7.3786,0.1504,Low Potential
21.385,79.23,0,Grid Point,0.0694,0.0976,0.1027,0.234,0.2586,0.1908,327.0,3.418,215.6011,1.4809,1.1049,1.3551,0.8154,0.39,0,7.8488,0.3695,Moderate Potential
21.385,79.245,0,Grid Point,0.07,0.0874,0.1013,0.2194,0.2882,0.2136,321.0,0.996,270.0,1.4482,1.3133,1.3493,0.9733,0.3684,0,6.8692,0.6530125,High Potential Deposit Zone
21.385,79.26,0,Grid Point,0.0737,0.0991,0.1304,0.1934,0.2552,0.2032,320.0,2.9855,270.0,1.77,1.3196,1.2554,1.0512,0.1943,0,5.6628,0.5261,Moderate Potential
21.385,79.275,0,Grid Point,0.0776,0.1058,0.1304,0.2034,0.2821,0.2401,317.0,1.3608,47.0418,1.6811,1.3869,1.1749,1.1804,0.2185,1,4.6609,0.476,Moderate Potential
21.385,79.29,0,Grid Point,0.0732,0.0982,0.1143,0.2604,0.2502,0.1726,315.0,2.1045,28.2344,1.5615,0.9608,1.4503,0.6625,0.39,1,4.0192,0.1472,Low Potential
21.385,79.305,0,Grid Point,0.0552,0.0728,0.067,0.1976,0.2163,0.1486,321.0,0.996,270.0,1.2127,1.0944,1.4551,0.7521,0.4937,1,3.919,0.1926,Low Potential
21.385,79.32,0,Grid Point,0.0914,0.129,0.1536,0.31765,0.3346,0.229,310.0,0.0,0.0,1.6796,1.0211,1.4606,0.6991,0.3617,1,4.3974,0.2149,Low Potential
21.385,79.335,0,Grid Point,0.074,0.1012,0.1306,0.2484,0.3362,0.2448,313.0,4.9679,270.0,1.763,1.3535,1.3736,0.9853,0.311,1,5.2999,0.5079,Moderate Potential
21.385,79.35,0,Grid Point,0.0651,0.0943,0.104,0.2642,0.301,0.1988,372.0,7.547549999999999,41.305,1.5968,1.1389,1.5142,0.7521,0.4354,1,6.451,0.2445,Low Potential
21.385,79.365,0,Grid Point,0.0644,0.0954,0.1064,0.2842,0.301,0.197,349.0,7.547549999999999,225.4946,1.653,1.0593,1.5278,0.6933,0.455,1,7.7406,0.2779,Low Potential
21.385,79.38,0,Grid Point,0.0418,0.0449,0.0319,0.13885000000000003,0.09513749999999997,0.017112500000000003,314.0,0.0,0.0,0.9781375000000002,0.7678,1.3671,0.5616,0.07343750000000004,1,9.1099,0.6530125,High Potential Deposit Zone
21.385,79.395,0,Grid Point,0.0376,0.0386,0.0257,0.13885000000000003,0.09513749999999997,0.017112500000000003,314.0,0.0,0.0,0.9781375000000002,0.9183,1.2489,0.7353,0.07343750000000004,1,10.528,0.6530125,High Potential Deposit Zone
21.385,79.41,0,Grid Point,0.0738,0.0908,0.1234,0.2478,0.2996,0.2304,304.0,1.8543,180.0,1.671,1.2091,1.3001,0.93,0.335,1,11.9776,0.5326,Moderate Potential
21.385,79.425,0,Grid Point,0.0794,0.1133,0.1436,0.2522,0.2942,0.2274,304.0,2.1045,28.2344,1.8091,1.1661,1.2935,0.9015,0.2746,1,13.4484,0.2897,Low Potential
21.385,79.44,0,Grid Point,0.066,0.0934,0.1028,0.2516,0.2633,0.1717,306.0,0.0,0.0,1.5583,1.0465,1.5335,0.6824,0.4197,1,14.9342,0.1562,Low Potential
21.385,79.455,0,Grid Point,0.0724,0.1039,0.1186,0.2464,0.2934,0.2123,305.0,2.1045,151.7655,1.6377,1.1903,1.3818,0.8614,0.35,1,16.4309,0.3391,Low Potential
21.385,79.47,0,Grid Point,0.0652,0.0925,0.1192,0.1972,0.2806,0.228,308.0,1.3608,132.9582,1.829,1.4235,1.2312,1.1562,0.2462,1,17.9358,0.4209,Moderate Potential
21.385,79.485,0,Grid Point,0.0666,0.0959,0.1156,0.2412,0.3444,0.2522,306.0,4.0839,256.8956,1.7352,1.4279,1.3657,1.0456,0.3517,1,18.3801,0.4504,Moderate Potential
21.385,79.5,0,Grid Point,0.077,0.0996,0.1264,0.2134,0.2996,0.2244,309.0,0.9274,180.0,1.6398,1.4043,1.3351,1.0518,0.2561,1,18.315,0.5365,Moderate Potential
21.385,79.515,0,Grid Point,0.0625,0.0853,0.1006,0.209,0.3084,0.219,306.0,0.996,270.0,1.6096,1.4752,1.4082,1.0476,0.3502,1,18.3801,0.505,Moderate Potential
21.385,79.53,0,Grid Point,0.0668,0.0972,0.1049,0.255,0.3018,0.2132,298.0,2.1045,331.7656,1.5704,1.1838,1.4159,0.836,0.417,1,18.4305,0.2049,Low Potential
21.385,79.545,0,Grid Point,0.0697,0.0939,0.1147,0.2658,0.2883,0.1914,302.0,0.996,90.0,1.6456,1.0847,1.5067,0.7199,0.3971,1,18.3222,0.1837,Low Potential
21.385,79.56,0,Grid Point,0.0596,0.08,0.0834,0.2552,0.2706,0.1745,291.0,0.0,0.0,1.3993,1.0603,1.551,0.6836,0.5075,1,18.3439,0.128,Low Potential
21.385,79.575,0,Grid Point,0.0582,0.0888,0.0814,0.2817,0.2362,0.1504,288.0,3.9779,90.0,1.3978,0.8383,1.5701,0.5339,0.5519,1,18.4951,0.1621,Low Potential
21.385,79.59,0,Grid Point,0.0488,0.0723,0.061,0.2262,0.2022,0.1142,282.0,2.1045,208.2345,1.25,0.8935,1.7709,0.5045,0.5753,1,18.7727,0.1939,Low Potential
21.385,79.605,0,Grid Point,0.0456,0.0715,0.058,0.2895,0.1962,0.118,279.0,2.1964,114.9655,1.2744,0.6774,1.6623,0.4075,0.666,1,19.1711,0.1907,Low Potential
21.385,79.62,0,Grid Point,0.0528,0.0817,0.078,0.2586,0.277,0.1708,274.0,1.8543,180.0,1.4749,1.0714,1.6213,0.6608,0.5367,1,18.9427,0.1213,Low Potential
21.385,79.635,0,Grid Point,0.0438,0.0776,0.066,0.2358,0.174,0.0887,285.0,2.72,132.9582,1.5086,0.7378,1.9628,0.3759,0.5627,1,17.4334,0.3025,Low Potential
21.385,79.65,0,Grid Point,0.0491,0.0805,0.0652,0.2436,0.1586,0.0842,287.0,2.1964,65.0345,1.3289,0.6507,1.8819,0.3458,0.5775,1,15.931,0.4272,Moderate Potential
21.385,79.665,0,Grid Point,0.0802,0.1083,0.1338,0.2334,0.3376,0.2547,278.0,2.1045,208.2345,1.6683,1.4467,1.3254,1.0915,0.2712,1,14.4375,0.35,Moderate Potential
21.385,79.68,0,Grid Point,0.0662,0.0917,0.0989,0.2448,0.2672,0.1836,274.0,1.9913,270.0,1.4928,1.0913,1.4557,0.7496,0.4246,1,12.9562,0.1533,Low Potential
21.385,79.695,0,Grid Point,0.0446,0.0572,0.0481,0.13885000000000003,0.09513749999999997,0.0368,274.0,2.1045,331.7656,1.0797,1.0077,1.6027,0.6287,0.0971,1,11.4916,0.5117,Moderate Potential
21.385,79.71,0,Grid Point,0.0594,0.0791,0.0972,0.2258,0.3222,0.2242,283.0,1.3608,312.9582,1.6386,1.4264,1.4369,0.9927,0.398,1,10.0512,0.3059,Low Potential
21.385,79.725,0,Grid Point,0.0607,0.0868,0.1052,0.2154,0.2948,0.2106,280.0,2.1045,151.7655,1.7331,1.3685,1.4004,0.9773,0.3438,1,8.6469,0.5178,Moderate Potential
21.385,79.74,0,Grid Point,0.0438,0.0686,0.056,0.2558,0.1881,0.1138,270.0,2.1045,28.2344,1.28,0.7352,1.6522,0.445,0.6409,1,7.2997,0.2299,Low Potential
21.385,79.755,0,Grid Point,0.1013,0.1363375,0.18015,0.2575,0.3128,0.2768,268.0,2.9855,90.0,1.4636,1.215,1.13,1.0751,0.1092,1,6.0478,0.2779,Low Potential
21.385,79.77,0,Grid Point,0.0672,0.0924,0.1084,0.2474,0.2989,0.2132,264.0,1.3608,312.9582,1.6124,1.2084,1.4023,0.8617,0.3908,1,4.964,0.3321,Low Potential
21.385,79.785,0,Grid Point,0.0728,0.0993,0.1178,0.2328,0.2836,0.2158,264.0,0.0,0.0,1.617,1.2183,1.3139,0.9272,0.3279,1,4.1809,0.5171,Moderate Potential
21.385,79.8,0,Grid Point,0.0709,0.109,0.1128,0.3053,0.3232,0.2172,253.0,1.3608,227.0418,1.591,1.0588,1.4883,0.7114,0.4604,1,3.885,0.1688,Low Potential
21.385,79.815,0,Grid Point,0.0472,0.0683,0.0652,0.13885000000000003,0.09513749999999997,0.0316,252.0,0.0,0.0,1.3814,0.8641,1.1453,0.7545,0.07343750000000004,1,4.1809,0.5608,Moderate Potential
21.385,79.83,0,Grid Point,0.0548,0.084,0.0808,0.2326,0.2121,0.138,263.0,2.1045,331.7656,1.4745,0.9119,1.5375,0.5931,0.4844,1,4.964,0.1458,Low Potential
21.385,79.845,0,Grid Point,0.0578,0.0878,0.0907,0.268,0.2436,0.1634,264.0,0.0,0.0,1.5692,0.9093,1.4911,0.6098,0.4942,1,6.0478,0.1527,Low Potential
21.385,79.86,0,Grid Point,0.0472,0.0716,0.0646,0.2774,0.2054,0.1238,262.0,1.8543,180.0,1.3676,0.7404,1.6598,0.4461,0.6225,1,7.2997,0.1953,Low Potential
21.385,79.875,0,Grid Point,0.0608,0.0878,0.094,0.2416,0.2777,0.1915,266.0,0.996,90.0,1.5465,1.1494,1.4501,0.7926,0.44,0,8.6469,0.1369,Low Potential
21.385,79.89,0,Grid Point,0.0624,0.0887,0.1012,0.2507,0.2906,0.1956,272.0,2.1964,294.9655,1.6231,1.1589,1.4857,0.7801,0.4249,0,10.0512,0.1907,Low Potential
21.385,79.905,0,Grid Point,0.0463,0.0777,0.0628,0.2755,0.1494,0.0785,270.0,2.1964,294.9655,1.3553,0.5421,1.9038,0.2848,0.629,0,11.4916,0.4764,Moderate Potential
21.385,79.92,0,Grid Point,0.0502,0.0764,0.062,0.2557,0.1658,0.0862,274.0,2.1045,208.2345,1.2361,0.6484,1.9234,0.3371,0.6094,0,12.9562,0.4652,Moderate Potential
21.385,79.935,0,Grid Point,0.051,0.0781,0.0751,0.2244,0.1974,0.1197,276.0,0.996,90.0,1.4725,0.8795,1.6487,0.5334,0.4985,0,14.4375,0.1436,Low Potential
21.385,79.95,0,Grid Point,0.0706,0.1,0.1187,0.245,0.3116,0.224,279.0,0.9274,180.0,1.6801,1.272,1.391,0.9145,0.3473,0,15.931,0.546,Moderate Potential
21.385,79.965,0,Grid Point,0.042,0.0704,0.0606,0.2287,0.1619,0.0952,286.0,2.1045,151.7655,1.44,0.7079,1.7006,0.4163,0.5813,0,17.4334,0.287,Low Potential
21.385,79.98,0,Grid Point,0.0432,0.0694,0.0596,0.2013,0.1713,0.111,285.0,0.9274,180.0,1.3792,0.8507,1.5428,0.5514,0.5428,0,17.7684,0.1993,Low Potential
21.385,79.995,0,Grid Point,0.056,0.0848,0.0912,0.237,0.2868,0.1867,290.0,1.9913,90.0,1.6291,1.2106,1.5364,0.7879,0.4444,0,16.7305,0.1599,Low Potential
21.385,80.01,0,Grid Point,0.0547,0.0785,0.0788,0.2765,0.2108,0.1298,294.0,2.9528,160.3037,1.4397,0.7622,1.623,0.4696,0.5567,0,15.7759,0.1487,Low Potential
21.385,80.025,0,Grid Point,0.05,0.084,0.1091,0.2511,0.302,0.2052,307.0,1.3608,227.0418,2.0526375,1.2025,1.4715,0.8172,0.3942,0,14.9205,0.2041,Low Potential
21.385,80.04,0,Grid Point,0.0461,0.0736,0.0649,0.2526,0.2285,0.1278,399.0,5.0342,336.7528,1.4078,0.9046,1.7879,0.5059,0.5912,0,14.1823,0.2019,Low Potential
21.385,80.055,0,Grid Point,0.0529,0.0744,0.0887,0.1931,0.2916,0.1987,334.0,1.3608,132.9582,1.6767,1.5101,1.4675,1.029,0.3705,0,13.5804,0.2273,Low Potential
21.385,80.07,0,Grid Point,0.0492,0.0714,0.0824,0.2509,0.2468,0.1529,392.0,7.547549999999999,274.8386,1.6748,0.9837,1.6141,0.6094,0.5056,0,13.1337,0.2147,Low Potential
21.385,80.085,0,Grid Point,0.0653,0.0996,0.0987,0.2983,0.2491,0.1562,446.0,7.547549999999999,259.7837,1.5115,0.8351,1.5948,0.5236,0.5028,0,12.8582,0.1991,Low Potential
21.385,80.1,0,Grid Point,0.0435,0.0667,0.0704,0.2276,0.2436,0.1445,405.0,7.547549999999999,42.6302,1.6184,1.0703,1.6858,0.6349,0.5275,0,12.765,0.1721,Low Potential
21.385,80.115,0,Grid Point,0.0759,0.105,0.1204,0.2784,0.3404,0.237,348.0,1.9913,90.0,1.5863,1.2227,1.4363,0.8513,0.3962,0,12.8582,0.2087,Low Potential
21.385,80.13,0,Grid Point,0.0637,0.0864,0.0946,0.2475,0.2773,0.1989,341.0,2.1964,65.0345,1.4851,1.1204,1.3942,0.8036,0.4469,0,13.1337,0.2553,Low Potential
21.385,80.145,0,Grid Point,0.057,0.0798,0.0781,0.2699,0.2416,0.1666,340.0,1.3608,312.9582,1.3702,0.8951,1.4502,0.6173,0.5511,0,13.5804,0.1742,Low Potential
21.385,80.16,0,Grid Point,0.0413,0.0622,0.0507,0.2138,0.1602,0.0924,329.0,0.0,0.0,1.2276,0.7493,1.7338,0.4322,0.6166,0,14.1823,0.4061,Moderate Potential
21.385,80.175,0,Grid Point,0.0707,0.0982,0.1169,0.227,0.3393,0.2447,324.0,5.5475,0.0,1.6535,1.4947,1.3866,1.078,0.3202,0,14.9205,0.5972,Moderate Potential
21.385,80.19,0,Grid Point,0.0994,0.1234,0.1358,0.2206,0.3048,0.271,331.0,1.3608,132.9582,1.3662,1.3817,1.1247,1.2285,0.2379,0,15.7759,0.393,Moderate Potential
21.385,80.205,0,Grid Point,0.068,0.0921,0.1028,0.2218,0.2858,0.2069,307.0,5.2994,249.5716,1.5118,1.2885,1.3813,0.9328,0.3666,0,16.7305,0.6241,Moderate Potential
21.385,80.22,0,Grid Point,0.0689,0.0979,0.1125,0.229,0.3212,0.2369,308.0,3.5127,238.1693,1.6328,1.4026,1.3558,1.0345,0.3411,0,17.7684,0.5467,Moderate Potential
21.385,80.235,0,Grid Point,0.0913,0.1181,0.1434,0.2566,0.3419,0.2624,311.0,4.7528,218.8499,1.5706,1.3324,1.303,1.0226,0.283,0,18.8758,0.2758,Low Potential
21.385,80.25,0,Grid Point,0.0834,0.1115,0.1307,0.2388,0.3707,0.2802,330.0,1.3608,227.0418,1.5671,1.5523,1.323,1.1734,0.2926,0,20.0412,0.2918,Low Potential
21.385,80.265,0,Grid Point,0.0576,0.0798,0.0792,0.2358,0.2477,0.1747,336.0,4.9679,90.0,1.375,1.0505,1.4179,0.7409,0.4971,0,21.255,0.175,Low Potential
21.385,80.28,0,Grid Point,0.0622,0.0824,0.089,0.215,0.2689,0.1871,332.0,2.1045,331.7656,1.4309,1.2507,1.4372,0.8702,0.4145,0,22.5095,0.205,Low Potential
21.385,80.295,0,Grid Point,0.064,0.086,0.1035,0.2124,0.2773,0.208,329.0,3.418,215.6011,1.6172,1.3056,1.3332,0.9793,0.3447,0,23.7982,0.5639,Moderate Potential
21.385,80.31,0,Grid Point,0.1013,0.1363375,0.18015,0.2783,0.3795,0.313,326.0,4.3863,294.9655,1.7498,1.3636,1.2125,1.1247,0.2097,0,25.1158,0.2265,Low Potential
21.385,80.325,0,Grid Point,0.0843,0.1233,0.1438,0.255,0.3305,0.2675,317.0,0.996,270.0,1.7058,1.2961,1.2355,1.049,0.2788,0,26.458,0.2692,Low Potential
21.385,80.34,0,Grid Point,0.0539,0.0757,0.0739,0.2106,0.1983,0.1301,310.0,3.9779,270.0,1.3711,0.9416,1.5242,0.6178,0.4805,0,27.8213,0.1758,Low Potential
21.385,80.355,0,Grid Point,0.0643,0.0894,0.1039,0.2114,0.2508,0.1916,305.0,2.1964,245.0345,1.6159,1.1864,1.309,0.9063,0.3409,0,29.2027,0.4579,Moderate Potential
21.385,80.37,0,Grid Point,0.0513,0.0769,0.0656,0.1935,0.1344,0.0738,302.0,2.7803,180.0,1.2788,0.6946,1.8211,0.3814,0.4936,0,29.487,0.3699,Moderate Potential
21.385,80.385,0,Grid Point,0.0778,0.1038,0.125,0.237,0.2891,0.2179,309.0,0.9274,0.0,1.6067,1.2198,1.3268,0.9194,0.3094,0,29.6351,0.494,Moderate Potential
21.385,80.4,0,Grid Point,0.0431,0.0728,0.0722,0.2051,0.1475,0.0792,301.0,2.72,132.9582,1.6752,0.7192,1.8624,0.3862,0.4793,0,29.8624,0.3776,Moderate Potential
21.385,80.415,0,Grid Point,0.0695,0.0984,0.111,0.2616,0.3145,0.2231,305.0,2.72,227.0418,1.5971,1.2022,1.4097,0.8528,0.4042,0,30.1673,0.2526,Low Potential
21.385,80.43,0,Grid Point,0.07,0.0966,0.1154,0.2209,0.2916,0.2138,307.0,3.1257,72.7565,1.6486,1.3201,1.3639,0.9679,0.3137,0,30.5473,0.5723,Moderate Potential
21.385,80.445,0,Grid Point,0.0711,0.1015,0.1297,0.2223,0.3023,0.2476,307.0,1.3608,132.9582,1.8242,1.3599,1.2209,1.1138,0.2631,0,30.9998,0.3067,Low Potential
21.385,80.46,0,Grid Point,0.0749,0.1035,0.1266,0.2527,0.3549,0.2526,308.0,2.72,47.0418,1.6903,1.4044,1.405,0.9996,0.3325,0,31.5216,0.3693,Moderate Potential
21.385,80.475,0,Grid Point,0.069,0.0943,0.1154,0.2182,0.2853,0.2175,304.0,3.5127,301.8307,1.6725,1.3075,1.3117,0.9968,0.3082,0,32.1093,0.6223,Moderate Potential
21.385,80.49,0,Grid Point,0.0346,0.0637,0.0452,0.294,0.1727,0.0907,307.0,2.72,312.9582,1.3064,0.5874,1.9041,0.3085,0.7335,0,32.7594,0.4184,Moderate Potential
21.4,79.2,0,Grid Point,0.0652,0.0956,0.1011,0.2556,0.2521,0.1756,308.0,0.9274,0.0,1.5494,0.9863,1.4361,0.6868,0.4331,0,8.88,0.142,Low Potential
21.4,79.215,0,Grid Point,0.0672,0.0892,0.108,0.2305,0.2979,0.22,310.0,0.9961,90.0,1.6071,1.2924,1.3541,0.9544,0.3619,0,9.0134,0.6131,Moderate Potential
21.4,79.23,0,Grid Point,0.0579,0.0824,0.0867,0.231,0.3037,0.207,320.0,4.0843,103.1031,1.4983,1.3144,1.4671,0.8959,0.4541,0,7.544,0.2761,Low Potential
21.4,79.245,0,Grid Point,0.0596,0.0961,0.1056,0.301,0.2977,0.2078,328.0,2.1046,331.7631,1.7712,0.9887,1.4327,0.6901,0.4805,0,6.0845,0.2164,Low Potential
21.4,79.26,0,Grid Point,0.0956,0.1307,0.1563,0.2821,0.3438,0.2667,337.0,4.2035,208.2369,1.6349,1.2189,1.2891,0.9456,0.2869,0,4.68,0.2942,Low Potential
21.4,79.275,0,Grid Point,0.0514,0.0781,0.0724,0.2753,0.2722,0.1718,329.0,2.1966,245.0367,1.4095,0.9886,1.5841,0.624,0.5833,0,3.3999,0.1738,Low Potential
21.4,79.29,0,Grid Point,0.0888,0.1198,0.1471,0.2342,0.304,0.2598,335.0,4.0843,103.1031,1.6575,1.2985,1.1703,1.1095,0.2283,1,2.4473,0.4129,Moderate Potential
21.4,79.305,0,Grid Point,0.0764,0.1068,0.1172,0.2839,0.3462,0.2418,318.0,1.3608,227.0448,1.5334,1.2194,1.4318,0.8517,0.4158,1,2.279,0.2071,Low Potential
21.4,79.32,0,Grid Point,0.0588,0.0852,0.089,0.2345,0.2874,0.1766,337.0,7.547549999999999,0.0,1.5128,1.2258,1.6277,0.7531,0.45,1,3.0285,0.2357,Low Potential
21.4,79.335,0,Grid Point,0.075,0.1014,0.0968,0.31765,0.2997,0.181,383.0,7.547549999999999,350.4734,1.2915,0.926,1.656,0.5592,0.5395,1,4.2337,0.2357,Low Potential
21.4,79.35,0,Grid Point,0.0735,0.1079,0.1192,0.2694,0.3077,0.2134,317.0,6.5399,8.7232,1.6218,1.1422,1.4419,0.7921,0.3865,1,5.6081,0.2662,Low Potential
21.4,79.365,0,Grid Point,0.0429,0.0472,0.0348,0.13885000000000003,0.09513749999999997,0.017112500000000003,314.0,0.0,0.0,0.9781375000000002,0.6774,1.2939,0.5235,0.07343750000000004,1,7.0535,0.6530125,High Potential Deposit Zone
21.4,79.38,0,Grid Point,0.0454,0.0482,0.0344,0.13885000000000003,0.09513749999999997,0.017112500000000003,314.0,0.0,0.0,0.9781375000000002,0.611,1.2905,0.4735,0.07343750000000004,1,8.5338,0.6530125,High Potential Deposit Zone
21.4,79.395,0,Grid Point,0.0344,0.0346,0.0243,0.13885000000000003,0.09513749999999997,0.017112500000000003,314.0,0.0,0.0,0.9781375000000002,1.3571,1.0992,1.2347,0.07343750000000004,1,10.0337,0.6530125,High Potential Deposit Zone
21.4,79.41,0,Grid Point,0.0854,0.115,0.1436,0.2582,0.324,0.2498,311.0,1.3608,132.9552,1.6819,1.2548,1.2975,0.9671,0.2855,1,11.5454,0.3591,Moderate Potential
21.4,79.425,0,Grid Point,0.0527,0.081,0.0693,0.31765,0.2257,0.1384,312.0,4.2035,151.7631,1.314,0.6973,1.6308,0.4276,0.6475,1,13.065,0.204,Low Potential
21.4,79.44,0,Grid Point,0.0814,0.1096,0.1276,0.2353,0.3118,0.223,314.0,3.126,287.2418,1.5676,1.3249,1.398,0.9477,0.2968,1,14.5899,0.5967,Moderate Potential
21.4,79.455,0,Grid Point,0.0702,0.0954,0.1052,0.2633,0.3098,0.208,315.0,3.513,58.172,1.4986,1.1766,1.4894,0.79,0.429,1,16.1186,0.2274,Low Potential
21.4,79.47,0,Grid Point,0.0675,0.0954,0.1068,0.2464,0.301,0.2264,316.0,0.0,0.0,1.5815,1.2211,1.3296,0.9184,0.3955,1,16.9343,0.4853,Moderate Potential
21.4,79.485,0,Grid Point,0.0631,0.0899,0.1175,0.2417,0.3302,0.2416,310.0,2.1966,65.0367,1.8621,1.3664,1.3672,0.9994,0.3458,1,16.7215,0.4167,Moderate Potential
21.4,79.5,0,Grid Point,0.0712,0.1093,0.1304,0.2554,0.3138,0.2253,315.0,2.7202,227.0448,1.8309,1.2286,1.393,0.882,0.3239,1,16.65,0.3779,Moderate Potential
21.4,79.515,0,Grid Point,0.0786,0.1096,0.1312,0.2746,0.3339,0.2418,309.0,1.8543,180.0,1.6703,1.216,1.3812,0.8804,0.3534,1,16.7215,0.2993,Low Potential
21.4,79.53,0,Grid Point,0.0628,0.0867,0.0932,0.2628,0.2642,0.1659,305.0,2.9528,19.6982,1.4833,1.0053,1.5917,0.6316,0.4765,1,16.9343,0.1593,Low Potential
21.4,79.545,0,Grid Point,0.0652,0.0904,0.0971,0.2474,0.2873,0.1944,296.0,2.1046,28.2369,1.4904,1.1615,1.4779,0.7859,0.4362,1,17.2831,0.1367,Low Potential
21.4,79.56,0,Grid Point,0.0672,0.0896,0.1128,0.2576,0.3161,0.2112,291.0,2.1966,65.0367,1.6798,1.2271,1.4967,0.8199,0.3909,1,17.7599,0.2103,Low Potential
21.4,79.575,0,Grid Point,0.0612,0.0905,0.1003,0.265,0.268,0.182,291.0,5.4281,132.9552,1.6402,1.0115,1.4725,0.6869,0.4508,1,18.3548,0.2186,Low Potential
21.4,79.59,0,Grid Point,0.0616,0.0852,0.103,0.2331,0.265,0.1733,287.0,2.1046,208.2369,1.6726,1.1371,1.5294,0.7435,0.3873,1,19.0566,0.1948,Low Potential
21.4,79.605,0,Grid Point,0.0564,0.0778,0.0824,0.23,0.254,0.166,288.0,0.9274,180.0,1.4606,1.1039,1.5294,0.7218,0.4723,1,19.8541,0.1316,Low Potential
21.4,79.62,0,Grid Point,0.0626,0.0959,0.094,0.2574,0.2874,0.1834,282.0,2.1966,294.9633,1.5012,1.1168,1.5675,0.7125,0.4647,1,19.3529,0.1481,Low Potential
21.4,79.635,0,Grid Point,0.0722,0.099,0.1224,0.2347,0.363,0.2798,285.0,2.1046,208.2369,1.6972,1.5464,1.2972,1.1922,0.3143,1,17.8783,0.425,Moderate Potential
21.4,79.65,0,Grid Point,0.0494,0.0772,0.0654,0.2888,0.1938,0.1164,286.0,2.7803,0.0,1.3236,0.6712,1.6657,0.4029,0.6304,1,16.4166,0.1792,Low Potential
21.4,79.665,0,Grid Point,0.0532,0.0823,0.0684,0.2518,0.1664,0.0896,282.0,1.3608,312.9553,1.2879,0.6609,1.8587,0.3556,0.5726,1,14.9717,0.4552,Moderate Potential
21.4,79.68,0,Grid Point,0.0789,0.1071,0.1348,0.2596,0.327,0.2304,280.0,2.1966,114.9633,1.7079,1.2598,1.4195,0.8875,0.3166,1,13.5489,0.3001,Low Potential
21.4,79.695,0,Grid Point,0.0691,0.0942,0.1096,0.2412,0.2826,0.1983,284.0,0.9274,0.0,1.5854,1.1717,1.4249,0.8223,0.3752,1,12.1559,0.1807,Low Potential
21.4,79.71,0,Grid Point,0.0741,0.1005,0.1298,0.2284,0.3182,0.2433,275.0,3.8356,344.9699,1.7524,1.3934,1.3081,1.0652,0.2751,1,10.8044,0.4786,Moderate Potential
21.4,79.725,0,Grid Point,0.0714,0.1024,0.1296,0.267,0.3234,0.2202,272.0,0.0,0.0,1.8146,1.211,1.469,0.8244,0.3464,1,9.512,0.2085,Low Potential
21.4,79.74,0,Grid Point,0.0795,0.1114,0.1296,0.2811,0.3422,0.2349,268.0,0.0,0.0,1.6306,1.2174,1.4568,0.8356,0.369,1,8.3063,0.2118,Low Potential
21.4,79.755,0,Grid Point,0.0524,0.0812,0.0767,0.2856,0.239,0.1508,264.0,1.3608,47.0448,1.4651,0.837,1.5852,0.528,0.5766,1,7.2309,0.1579,Low Potential
21.4,79.77,0,Grid Point,0.0717,0.1027,0.114,0.261,0.2796,0.1904,264.0,1.3608,132.9552,1.5907,1.0711,1.4678,0.7297,0.3918,1,6.3522,0.1344,Low Potential
21.4,79.785,0,Grid Point,0.0518,0.081,0.07,0.2402,0.1596,0.0938,260.0,2.7202,47.0448,1.351,0.6641,1.7001,0.3906,0.5485,1,5.761,0.3554,Moderate Potential
21.4,79.8,0,Grid Point,0.0537,0.0875,0.0688,0.2468,0.1857,0.1042,261.0,3.8356,164.9699,1.2803,0.7526,1.783,0.4221,0.5642,1,5.55,0.2726,Low Potential
21.4,79.815,0,Grid Point,0.0636,0.0867,0.099,0.2298,0.2426,0.1836,262.0,0.9274,180.0,1.5566,1.0555,1.3217,0.7986,0.3979,1,5.761,0.3245,Low Potential
21.4,79.83,0,Grid Point,0.1013,0.1363375,0.18015,0.31765,0.42003750000000006,0.3336125,256.0,2.1046,151.7631,1.9065,1.5276,1.0593,1.4421,0.0946,1,6.3522,0.2391,Low Potential
21.4,79.845,0,Grid Point,0.0478,0.0748,0.0775,0.2434,0.168,0.0946,264.0,2.1966,294.9633,1.623,0.6906,1.7774,0.3885,0.5169,1,7.2309,0.4,Moderate Potential
21.4,79.86,0,Grid Point,0.0536,0.0834,0.071,0.2416,0.1386,0.0778,269.0,1.3608,47.0448,1.3268,0.5738,1.7815,0.3221,0.5454,1,8.3063,0.4962,Moderate Potential
21.4,79.875,0,Grid Point,0.0564,0.0784,0.0866,0.2304,0.2652,0.1789,265.0,1.8543,180.0,1.5363,1.151,1.4827,0.7763,0.4535,1,9.512,0.14,Low Potential
21.4,79.89,0,Grid Point,0.0386,0.067,0.0618,0.2071,0.1433,0.0768,266.0,0.9274,180.0,1.6031,0.6919,1.8659,0.3708,0.5403,1,10.8044,0.5255,Moderate Potential
21.4,79.905,0,Grid Point,0.0734,0.1024,0.1247,0.238,0.3142,0.2378,268.0,0.9961,270.0,1.6989,1.3201,1.3212,0.9992,0.3125,0,12.1559,0.5963,Moderate Potential
21.4,79.92,0,Grid Point,0.0685,0.102,0.1298,0.2442,0.3662,0.2875,278.0,1.3608,312.9553,1.8956,1.5001,1.2737,1.1778,0.3056,0,13.5489,0.4289,Moderate Potential
21.4,79.935,0,Grid Point,0.0752,0.1078,0.1264,0.2818,0.3472,0.2449,276.0,2.9528,19.6982,1.6804,1.2325,1.4179,0.8692,0.3805,0,14.9717,0.2651,Low Potential
21.4,79.95,0,Grid Point,0.0614,0.0844,0.1052,0.1963,0.2796,0.2013,281.0,0.0,0.0,1.7111,1.4241,1.3891,1.0252,0.3024,0,16.4166,0.4664,Moderate Potential
21.4,79.965,0,Grid Point,0.0444,0.0668,0.0636,0.2042,0.2062,0.1397,281.0,5.0343,203.2493,1.4324,1.0103,1.4764,0.6843,0.5249,0,17.7921,0.1673,Low Potential
21.4,79.98,0,Grid Point,0.0838,0.1188,0.1453,0.2784,0.3652,0.2756,288.0,1.3608,227.0448,1.7329,1.3115,1.3249,0.9899,0.3142,0,16.6126,0.2481,Low Potential
21.4,79.995,0,Grid Point,0.066,0.0966,0.1106,0.2646,0.3074,0.2087,290.0,2.1046,208.2369,1.6778,1.1618,1.4727,0.7889,0.4102,0,15.4976,0.2095,Low Potential
21.4,80.01,0,Grid Point,0.0672,0.0985,0.1244,0.2098,0.2925,0.216,296.0,3.4182,35.6039,1.8498,1.3945,1.3542,1.0298,0.2554,0,14.4618,0.5155,Moderate Potential
21.4,80.025,0,Grid Point,0.037,0.0607,0.0542,0.2152,0.2194,0.1202,310.0,6.5641,294.9633,1.4662,1.0195,1.8261,0.5583,0.5973,0,13.5235,0.2883,Low Potential
21.4,80.04,0,Grid Point,0.0447,0.0668,0.0664,0.2137,0.2154,0.1287,331.0,7.547549999999999,210.0423,1.4855,1.008,1.6737,0.6022,0.5259,0,12.7044,0.1696,Low Potential
21.4,80.055,0,Grid Point,0.0528,0.0813,0.0786,0.2228,0.2606,0.1694,326.0,3.4182,35.6039,1.4886,1.1697,1.5384,0.7603,0.4784,0,12.0288,0.1677,Low Potential
21.4,80.07,0,Grid Point,0.0347,0.0503,0.0535,0.1864,0.2226,0.1322,343.0,5.89,19.6982,1.5418,1.1942,1.6838,0.7092,0.554,0,11.5221,0.2973,Low Potential
21.4,80.085,0,Grid Point,0.0419,0.0579,0.0618,0.1832,0.2033,0.1213,373.0,6.2912,151.7631,1.4749,1.1097,1.676,0.6621,0.4955,0,11.207,0.2328,Low Potential
21.4,80.1,0,Grid Point,0.0678,0.0983,0.1268,0.2258,0.2915,0.2008,358.0,2.7202,132.9552,1.8702,1.291,1.4517,0.8893,0.2808,0,11.1,0.3381,Low Potential
21.4,80.115,0,Grid Point,0.065,0.0978,0.1226,0.2735,0.3469,0.2565,350.0,1.9915,90.0,1.8862,1.2684,1.3524,0.9378,0.381,0,11.207,0.4752,Moderate Potential
21.4,80.13,0,Grid Point,0.1013,0.1326,0.1525,0.2225,0.3053,0.2665,341.0,0.9961,90.0,1.3604,1.3721,1.1456,1.1978,0.1867,0,11.5221,0.4477,Moderate Potential
21.4,80.145,0,Grid Point,0.0725,0.0961,0.114,0.2241,0.2996,0.2083,331.0,0.9961,270.0,1.5724,1.3369,1.4383,0.9295,0.3256,0,12.0288,0.4659,Moderate Potential
21.4,80.16,0,Grid Point,0.0517,0.0718,0.0657,0.2559,0.2102,0.1368,327.0,1.3608,312.9553,1.2708,0.8214,1.5365,0.5346,0.5914,0,12.7044,0.1703,Low Potential
21.4,80.175,0,Grid Point,0.0697,0.1001,0.1076,0.2462,0.3,0.2112,318.0,0.9961,270.0,1.5438,1.2185,1.4205,0.8578,0.3917,0,13.5235,0.2596,Low Potential
21.4,80.19,0,Grid Point,0.0694,0.0849,0.0952,0.1999,0.25,0.1825,316.0,4.0764,47.0448,1.3718,1.2506,1.3699,0.913,0.3548,0,14.4618,0.5616,Moderate Potential
21.4,80.205,0,Grid Point,0.0644,0.0956,0.0911,0.2666,0.246,0.1808,314.0,1.3608,132.9552,1.4146,0.9227,1.3606,0.6782,0.4906,0,15.4976,0.2658,Low Potential
21.4,80.22,0,Grid Point,0.0495,0.0717,0.0708,0.2084,0.2474,0.1534,305.0,0.9274,0.0,1.4303,1.1871,1.6128,0.7361,0.4928,0,16.6126,0.1382,Low Potential
21.4,80.235,0,Grid Point,0.0493,0.0687,0.0679,0.2139,0.2218,0.1499,323.0,0.9961,270.0,1.3773,1.0369,1.4797,0.7008,0.5181,0,17.7921,0.1347,Low Potential
21.4,80.25,0,Grid Point,0.0537,0.076,0.0771,0.2172,0.2286,0.1568,320.0,2.7202,47.0448,1.4358,1.0525,1.4579,0.7219,0.476,0,19.024,0.118,Low Potential
21.4,80.265,0,Grid Point,0.0736,0.0946,0.113,0.2005,0.3006,0.2205,332.0,5.2999,290.4265,1.5353,1.4993,1.3633,1.0998,0.2791,0,20.2988,0.5038,Moderate Potential
21.4,80.28,0,Grid Point,0.0741,0.1014,0.1296,0.2267,0.2933,0.226,323.0,3.126,107.2418,1.749,1.2938,1.2978,0.9969,0.2725,0,21.6088,0.4324,Moderate Potential
21.4,80.295,0,Grid Point,0.0532,0.0792,0.0739,0.26,0.2149,0.1376,319.0,1.3608,47.0448,1.3891,0.8265,1.5618,0.5292,0.5574,0,22.9481,0.1249,Low Potential
21.4,80.31,0,Grid Point,0.0757,0.1015,0.1259,0.2218,0.3163,0.2526,329.0,1.3608,47.0448,1.6631,1.4261,1.2522,1.1389,0.2758,0,24.3119,0.4204,Moderate Potential
21.4,80.325,0,Grid Point,0.0766,0.099,0.1204,0.2302,0.3174,0.2485,322.0,0.9274,0.0,1.5718,1.3788,1.2773,1.0795,0.3132,0,25.6961,0.4831,Moderate Potential
21.4,80.34,0,Grid Point,0.0847,0.113,0.1403,0.2533,0.3486,0.2745,319.0,0.9274,0.0,1.6564,1.3762,1.2699,1.0837,0.2871,0,27.0978,0.2818,Low Potential
21.4,80.355,0,Grid Point,0.0526,0.0808,0.0731,0.2192,0.1322,0.0796,307.0,3.7048,0.0,1.3897,0.6031,1.6608,0.3631,0.4998,0,27.7548,0.3908,Moderate Potential
21.4,80.37,0,Grid Point,0.0577,0.0833,0.0906,0.2473,0.2596,0.1815,308.0,5.5,147.2011,1.5702,1.0497,1.4303,0.7339,0.4637,0,27.8264,0.1778,Low Potential
21.4,80.385,0,Grid Point,0.0559,0.0818,0.0739,0.2428,0.1853,0.1174,301.0,3.4182,324.3961,1.322,0.7632,1.5784,0.4835,0.5333,0,27.9832,0.1827,Low Potential
21.4,80.4,0,Grid Point,0.0398,0.0651,0.0554,0.199,0.1381,0.0797,301.0,3.4182,215.6039,1.392,0.694,1.7327,0.4005,0.5645,0,28.2238,0.4039,Moderate Potential
21.4,80.415,0,Grid Point,0.1013,0.1303,0.1758,0.2521,0.3599,0.2934,304.0,3.4182,324.3961,1.6353,1.4276,1.2267,1.1638,0.1783,0,28.5462,0.2767,Low Potential
21.4,80.43,0,Grid Point,0.0658,0.0871,0.0983,0.2313,0.2539,0.1872,310.0,0.9274,180.0,1.4939,1.0977,1.3563,0.8093,0.4035,0,28.9475,0.2829,Low Potential
21.4,80.445,0,Grid Point,0.0448,0.0742,0.0677,0.2355,0.1988,0.1317,302.0,0.0,0.0,1.5112,0.8442,1.5095,0.5592,0.5534,0,29.4246,0.1407,Low Potential
21.4,80.46,0,Grid Point,0.0584,0.0798,0.0833,0.2166,0.2533,0.1708,303.0,5.0533,280.5483,1.4264,1.1694,1.483,0.7886,0.4445,0,29.9738,0.2016,Low Potential
21.4,80.475,0,Grid Point,0.054,0.0827,0.0894,0.2487,0.2651,0.1793,308.0,2.1046,208.2369,1.6556,1.0659,1.4785,0.7209,0.4712,0,30.5913,0.1511,Low Potential
21.4,80.49,0,Grid Point,0.0598,0.0883,0.0972,0.2565,0.2693,0.2006,310.0,6.0262,278.8206,1.6254,1.0499,1.3425,0.7821,0.4504,0,31.273,0.3193,Low Potential
21.415,79.2,0,Grid Point,0.0566,0.0812,0.0812,0.268,0.2492,0.164,313.0,2.1968,245.039,1.4355,0.9295,1.5187,0.612,0.5348,0,10.3149,0.1483,Low Potential
21.415,79.215,0,Grid Point,0.061,0.0921,0.0938,0.2766,0.3038,0.1936,345.0,7.547549999999999,9.3836,1.5385,1.0983,1.5699,0.6996,0.4934,0,8.7726,0.2056,Low Potential
21.415,79.23,0,Grid Point,0.0612,0.0866,0.098,0.2357,0.2913,0.1936,331.0,2.1968,245.039,1.6,1.2359,1.5046,0.8214,0.4126,0,7.2313,0.2168,Low Potential
21.415,79.245,0,Grid Point,0.059,0.0828,0.0862,0.2293,0.2823,0.1782,343.0,6.2341,252.7598,1.4606,1.2311,1.5842,0.7771,0.4533,0,5.6921,0.2323,Low Potential
21.415,79.26,0,Grid Point,0.0664,0.086,0.1089,0.1977,0.329,0.2412,355.0,4.7532,141.1444,1.6413,1.6641,1.364,1.22,0.2896,0,4.1572,0.5856,Moderate Potential
21.415,79.275,0,Grid Point,0.1013,0.1288,0.1462,0.2176,0.2857,0.2367,339.0,2.1968,114.961,1.3864,1.3133,1.207,1.088,0.1962,0,2.6341,0.4487,Moderate Potential
21.415,79.29,0,Grid Point,0.0819,0.1158,0.1454,0.2428,0.3522,0.2743,328.0,0.9274,180.0,1.777,1.4505,1.2842,1.1295,0.2508,0,1.17,0.2909,Low Potential
21.415,79.305,0,Grid Point,0.0686,0.0984,0.1052,0.2268,0.2549,0.1862,331.0,1.3609,227.0477,1.5354,1.1236,1.369,0.8208,0.3662,1,0.7571,0.3562,Moderate Potential
21.415,79.32,0,Grid Point,0.058,0.083,0.0838,0.1737,0.1994,0.1403,323.0,1.9917,90.0,1.4461,1.1477,1.4214,0.8074,0.3491,1,2.1335,0.2342,Low Potential
21.415,79.335,0,Grid Point,0.0665,0.0897,0.0856,0.1794,0.1588,0.1162,316.0,2.1968,65.039,1.2865,0.8849,1.3662,0.6477,0.3542,1,3.6475,0.4429,Moderate Potential
21.415,79.35,0,Grid Point,0.045,0.0512,0.0373,0.13885000000000003,0.09513749999999997,0.017112500000000003,317.0,0.9274,0.0,0.9781375000000002,0.8693,1.2469,0.6972,0.07343750000000004,1,5.1798,0.641,Moderate Potential
21.415,79.365,0,Grid Point,0.0424,0.0472,0.032,0.13885000000000003,0.09513749999999997,0.017112500000000003,314.0,0.0,0.0,0.9781375000000002,0.7599,1.1208,0.678,0.07343750000000004,1,6.718,0.6530125,High Potential Deposit Zone
21.415,79.38,0,Grid Point,0.0407,0.0416,0.0296,0.13885000000000003,0.09513749999999997,0.017112500000000003,314.0,0.0,0.0,0.9781375000000002,1.5137,1.2366,1.224,0.07343750000000004,1,8.2587,0.6530125,High Potential Deposit Zone
21.415,79.395,0,Grid Point,0.0644,0.0914,0.0856,0.31765,0.2734,0.1826,325.0,2.1046,331.7607,1.33,0.8428,1.4969,0.563,0.5822,1,9.8007,0.191,Low Potential
21.415,79.41,0,Grid Point,0.0664,0.0947,0.1044,0.2734,0.2674,0.1945,321.0,2.1046,151.7607,1.5735,0.9784,1.3751,0.7115,0.4473,1,11.3436,0.2717,Low Potential
21.415,79.425,0,Grid Point,0.0438,0.0769,0.0596,0.2778,0.2461,0.1401,341.0,5.4284,47.0477,1.3619,0.8859,1.7566,0.5043,0.6465,1,12.887,0.2133,Low Potential
21.415,79.44,0,Grid Point,0.0476,0.0756,0.0649,0.2638,0.249,0.1467,332.0,4.8488,304.9235,1.3634,0.9441,1.6973,0.5562,0.6051,1,14.4307,0.1974,Low Potential
21.415,79.455,0,Grid Point,0.0696,0.093,0.1162,0.2306,0.3368,0.2378,337.0,1.8543,0.0,1.6703,1.4609,1.4166,1.0312,0.3296,1,15.6855,0.4384,Moderate Potential
21.415,79.47,0,Grid Point,0.062,0.092,0.1091,0.2592,0.3207,0.22,334.0,2.1046,208.2393,1.7597,1.2375,1.4574,0.8491,0.4075,1,15.3003,0.2534,Low Potential
21.415,79.485,0,Grid Point,0.0484,0.0699,0.0658,0.2459,0.235,0.1332,360.0,7.547549999999999,206.0242,1.3585,0.9557,1.7649,0.5415,0.5781,1,15.0644,0.1912,Low Potential
21.415,79.5,0,Grid Point,0.0574,0.0926,0.0865,0.2698,0.288,0.174,339.0,3.4183,215.6067,1.5083,1.0674,1.6559,0.6446,0.5145,1,14.985,0.2,Low Potential
21.415,79.515,0,Grid Point,0.0467,0.0673,0.0625,0.243,0.2269,0.1244,331.0,4.0766,132.9523,1.3383,0.9339,1.8232,0.5122,0.5908,1,15.0644,0.2066,Low Potential
21.415,79.53,0,Grid Point,0.0574,0.0874,0.0791,0.31765,0.2692,0.1652,311.0,0.9274,180.0,1.3793,0.8234,1.629,0.5054,0.6104,1,15.3003,0.1706,Low Potential
21.415,79.545,0,Grid Point,0.07,0.0978,0.124,0.2545,0.3577,0.2504,303.0,1.9917,90.0,1.7714,1.4055,1.4285,0.9839,0.3448,1,15.6855,0.2746,Low Potential
21.415,79.56,0,Grid Point,0.0589,0.0813,0.089,0.195,0.3062,0.2168,295.0,2.1968,245.039,1.5102,1.5705,1.4129,1.1115,0.3735,1,16.2093,0.3692,Moderate Potential
21.415,79.575,0,Grid Point,0.0694,0.0972,0.1159,0.2674,0.3279,0.231,292.0,2.7203,312.9523,1.6712,1.2263,1.4195,0.8639,0.3953,1,16.859,0.2736,Low Potential
21.415,79.59,0,Grid Point,0.0649,0.096,0.1068,0.2366,0.278,0.1918,294.0,2.1046,331.7607,1.6443,1.1749,1.4501,0.8103,0.3781,1,17.6205,0.1992,Low Potential
21.415,79.605,0,Grid Point,0.067,0.096,0.102,0.3084,0.3027,0.1947,289.0,3.5133,121.8254,1.5205,0.9814,1.5547,0.6312,0.5032,1,18.4801,0.1822,Low Potential
21.415,79.62,0,Grid Point,0.0631,0.0888,0.1078,0.2234,0.2711,0.194,286.0,2.1968,114.961,1.7076,1.2132,1.3978,0.868,0.3493,1,19.4247,0.3341,Low Potential
21.415,79.635,0,Grid Point,0.0486,0.074,0.065,0.2244,0.2343,0.1413,288.0,0.9962,270.0,1.3388,1.0444,1.6582,0.6298,0.5507,1,18.4631,0.1483,Low Potential
21.415,79.65,0,Grid Point,0.0576,0.0854,0.0978,0.2236,0.3259,0.2335,293.0,1.3609,227.0477,1.6979,1.4578,1.3957,1.0445,0.3913,1,17.0516,0.3856,Moderate Potential
21.415,79.665,0,Grid Point,0.0454,0.0782,0.066,0.2705,0.1621,0.0928,285.0,3.4183,144.3933,1.4542,0.5996,1.7464,0.3433,0.6079,1,15.6654,0.4448,Moderate Potential
21.415,79.68,0,Grid Point,0.0538,0.078,0.0759,0.2574,0.2605,0.1796,290.0,0.9962,270.0,1.4095,1.012,1.45,0.6979,0.5446,1,14.3117,0.1522,Low Potential
21.415,79.695,0,Grid Point,0.0798,0.1073,0.1304,0.2385,0.3352,0.256,282.0,2.9528,160.2999,1.6357,1.4055,1.3094,1.0734,0.2929,1,13.0008,0.3645,Moderate Potential
21.415,79.71,0,Grid Point,0.04,0.066,0.0546,0.2206,0.1582,0.0888,284.0,1.9917,270.0,1.3667,0.7171,1.7825,0.4023,0.6032,1,11.7469,0.4526,Moderate Potential
21.415,79.725,0,Grid Point,0.0503,0.08,0.0642,0.2418,0.1776,0.1017,273.0,3.4183,324.3933,1.2766,0.7343,1.745,0.4208,0.5807,1,10.5703,0.2883,Low Potential
21.415,79.74,0,Grid Point,0.0498,0.0808,0.0698,0.2506,0.1947,0.1168,269.0,2.1968,245.039,1.4026,0.7769,1.6677,0.4659,0.5641,1,9.4999,0.1737,Low Potential
21.415,79.755,0,Grid Point,0.0654,0.1025,0.1034,0.2792,0.297,0.1966,267.0,1.3609,47.0477,1.581,1.0638,1.5103,0.7043,0.4595,1,8.5755,0.1527,Low Potential
21.415,79.77,0,Grid Point,0.0516,0.0866,0.086,0.211,0.1509,0.0817,273.0,2.1046,28.2393,1.6683,0.7153,1.847,0.3873,0.4208,1,7.8488,0.4199,Moderate Potential
21.415,79.785,0,Grid Point,0.0666,0.0906,0.1036,0.2438,0.268,0.1803,265.0,2.1968,65.039,1.5544,1.0995,1.4864,0.7397,0.4035,1,7.3786,0.1457,Low Potential
21.415,79.8,0,Grid Point,0.0644,0.0886,0.1016,0.2208,0.2785,0.2002,272.0,0.9962,270.0,1.5772,1.2616,1.3908,0.9071,0.3694,1,7.215,0.607,Moderate Potential
21.415,79.815,0,Grid Point,0.0507,0.0828,0.0792,0.2058,0.1694,0.093,259.0,2.1968,114.961,1.5621,0.8231,1.8219,0.4518,0.4441,1,7.3786,0.3401,Low Potential
21.415,79.83,0,Grid Point,0.0648,0.0943,0.1006,0.23,0.199,0.1335,261.0,1.3609,47.0477,1.5529,0.865,1.4912,0.5801,0.3917,1,7.8488,0.1612,Low Potential
21.415,79.845,0,Grid Point,0.0463,0.0716,0.0615,0.2478,0.2062,0.1267,262.0,5.0344,156.7486,1.3283,0.8322,1.6285,0.511,0.6024,1,8.5755,0.235,Low Potential
21.415,79.86,0,Grid Point,0.0557,0.084,0.0788,0.239,0.2696,0.1786,259.0,7.547549999999999,342.1386,1.4147,1.1276,1.5088,0.7473,0.5042,1,9.4999,0.1851,Low Potential
21.415,79.875,0,Grid Point,0.0672,0.1006,0.1111,0.2783,0.3185,0.2202,269.0,2.9528,19.7001,1.6545,1.1444,1.4464,0.7912,0.4294,1,10.5703,0.2118,Low Potential
21.415,79.89,0,Grid Point,0.0468,0.0674,0.0556,0.13885000000000003,0.09513749999999997,0.0468,276.0,1.3609,132.9523,1.187,1.0611,1.5187,0.6987,0.0938,1,11.7469,0.4675,Moderate Potential
21.415,79.905,0,Grid Point,0.0399,0.0622,0.0514,0.2186,0.136,0.0758,278.0,1.3609,132.9523,1.2895,0.622,1.7942,0.3467,0.619,1,13.0008,0.5661,Moderate Potential
21.415,79.92,0,Grid Point,0.0668,0.0944,0.1101,0.1872,0.2166,0.1628,279.0,1.3609,47.0477,1.6482,1.1576,1.3304,0.8702,0.2592,1,14.3117,0.4582,Moderate Potential
21.415,79.935,0,Grid Point,0.1013,0.1363375,0.167,0.2444,0.322,0.2682,288.0,0.9962,270.0,1.5237,1.3175,1.2006,1.0974,0.1881,0,15.6654,0.4038,Moderate Potential
21.415,79.95,0,Grid Point,0.0759,0.1082,0.124,0.2724,0.3476,0.2504,285.0,2.1968,65.039,1.6331,1.2761,1.3885,0.9191,0.3745,0,17.0516,0.3808,Moderate Potential
21.415,79.965,0,Grid Point,0.0646,0.075,0.0839,0.13885000000000003,0.127,0.116,293.0,2.1046,208.2393,1.2978,1.3375,1.0944,1.2222,0.07343750000000004,0,16.8038,0.4823,Moderate Potential
21.415,79.98,0,Grid Point,0.0682,0.1055,0.1277,0.2338,0.3052,0.2354,288.0,5.4284,132.9523,1.8724,1.3059,1.297,1.0068,0.2934,0,15.5496,0.4917,Moderate Potential
21.415,79.995,0,Grid Point,0.0426,0.0721,0.069,0.2323,0.2574,0.1548,301.0,2.7203,312.9523,1.619,1.1078,1.6619,0.6666,0.5417,0,14.3521,0.186,Low Potential
21.415,80.01,0,Grid Point,0.0378,0.0622,0.0516,0.218,0.2026,0.1078,309.0,1.3609,132.9523,1.3682,0.9296,1.8807,0.4943,0.6169,0,13.2269,0.2613,Low Potential
21.415,80.025,0,Grid Point,0.0365,0.0642,0.0545,0.2251,0.2232,0.1243,320.0,4.0847,256.8982,1.4932,0.9913,1.7953,0.5522,0.6102,0,12.194,0.2758,Low Potential
21.415,80.04,0,Grid Point,0.0507,0.0751,0.0704,0.2053,0.1999,0.1208,309.0,2.1968,294.961,1.3886,0.9737,1.6548,0.5884,0.4893,0,11.2788,0.1662,Low Potential
21.415,80.055,0,Grid Point,0.049,0.0707,0.0759,0.2043,0.2475,0.1645,322.0,2.7203,132.9523,1.549,1.2115,1.5046,0.8052,0.4582,0,10.512,0.1598,Low Potential
21.415,80.07,0,Grid Point,0.0342,0.0549,0.0478,0.2154,0.2035,0.1083,341.0,2.7203,227.0477,1.3977,0.9448,1.879,0.5028,0.6368,0,9.9281,0.2886,Low Potential
21.415,80.085,0,Grid Point,0.0548,0.0824,0.0817,0.256,0.2634,0.1564,438.0,2.7803,180.0,1.4909,1.0289,1.6841,0.6109,0.5161,0,9.5607,0.1387,Low Potential
21.415,80.1,0,Grid Point,0.0409,0.0619,0.0652,0.2032,0.2308,0.1374,369.0,4.0766,132.9523,1.5941,1.1358,1.6798,0.6762,0.5142,0,9.435,0.1854,Low Potential
21.415,80.115,0,Grid Point,0.0507,0.0759,0.0783,0.2167,0.2822,0.181,342.0,2.1046,28.2393,1.5444,1.3023,1.5591,0.8353,0.4692,0,9.5607,0.1496,Low Potential
21.415,80.13,0,Grid Point,0.0599,0.0883,0.0946,0.2532,0.3202,0.214,331.0,0.9962,270.0,1.5793,1.2646,1.4963,0.8452,0.456,0,9.9281,0.241,Low Potential
21.415,80.145,0,Grid Point,0.0808,0.1051,0.1196,0.2608,0.2628,0.1821,337.0,0.9962,90.0,1.4802,1.0077,1.4432,0.6982,0.3712,0,10.512,0.159,Low Potential
21.415,80.16,0,Grid Point,0.0679,0.0956,0.1067,0.2307,0.254,0.1843,322.0,0.9962,90.0,1.5714,1.101,1.3782,0.7989,0.3675,0,11.2788,0.3503,Moderate Potential
21.415,80.175,0,Grid Point,0.0665,0.0893,0.106,0.2757,0.3311,0.2243,322.0,3.8357,15.0316,1.594,1.2009,1.4761,0.8136,0.4446,0,12.194,0.2259,Low Potential
21.415,80.19,0,Grid Point,0.0656,0.0883,0.0967,0.2355,0.2966,0.2009,322.0,3.4183,324.3933,1.4741,1.2594,1.4764,0.8531,0.4178,0,13.2269,0.3206,Low Potential
21.415,80.205,0,Grid Point,0.0733,0.0965,0.118,0.2362,0.301,0.2182,309.0,4.3871,114.961,1.6098,1.2743,1.3795,0.9238,0.3337,0,14.3521,0.6501,High Potential Deposit Zone
21.415,80.22,0,Grid Point,0.0714,0.0976,0.1109,0.2472,0.2987,0.218,310.0,2.9861,90.0,1.5532,1.2083,1.3702,0.8819,0.3806,0,15.5496,0.4366,Moderate Potential
21.415,80.235,0,Grid Point,0.0889,0.123,0.1432,0.2409,0.3477,0.277,315.0,6.2341,72.7598,1.6108,1.4433,1.2552,1.1499,0.2544,0,16.8038,0.2705,Low Potential
21.415,80.25,0,Grid Point,0.0604,0.0818,0.0935,0.2316,0.3018,0.2145,329.0,1.8543,180.0,1.548,1.3031,1.407,0.9262,0.4248,0,18.1031,0.3894,Moderate Potential
21.415,80.265,0,Grid Point,0.0651,0.0893,0.1152,0.2265,0.3137,0.2318,321.0,2.1968,65.039,1.7696,1.385,1.3533,1.0234,0.3257,0,19.4383,0.5072,Moderate Potential
21.415,80.28,0,Grid Point,0.0781,0.0977,0.1165,0.2385,0.3472,0.2588,320.0,2.1046,28.2393,1.4917,1.4558,1.3416,1.0851,0.3437,0,20.8027,0.3992,Moderate Potential
21.415,80.295,0,Grid Point,0.0773,0.1065,0.1323,0.2474,0.3566,0.2659,315.0,3.1263,72.7598,1.7115,1.4414,1.3411,1.0748,0.3031,0,22.1907,0.2934,Low Potential
21.415,80.31,0,Grid Point,0.0739,0.0991,0.1117,0.2297,0.3103,0.2274,319.0,1.9917,90.0,1.5115,1.3509,1.3646,0.99,0.3456,0,23.5982,0.4641,Moderate Potential
21.415,80.325,0,Grid Point,0.0845,0.1175,0.1342,0.1991,0.3503,0.3145,332.0,2.1968,65.039,1.5882,1.7594,1.1138,1.4553249999999998,0.1947,0,25.022,0.3025,Low Potential
21.415,80.34,0,Grid Point,0.0454,0.0705,0.0676,0.2205,0.226,0.1438,321.0,3.4183,144.3933,1.489,1.0249,1.5716,0.6522,0.5307,0,26.1053,0.135,Low Potential
21.415,80.355,0,Grid Point,0.0509,0.0792,0.069,0.2211,0.1363,0.0824,318.0,2.1968,65.039,1.3556,0.6165,1.6541,0.3727,0.5243,0,26.0901,0.3125,Low Potential
21.415,80.37,0,Grid Point,0.0714,0.104,0.1185,0.2833,0.2802,0.2143,314.0,4.0847,76.8982,1.6597,0.9891,1.3075,0.7564,0.4102,0,26.1662,0.2864,Low Potential
21.415,80.385,0,Grid Point,0.0339,0.0601,0.0451,0.2416,0.1768,0.1006,301.0,2.7203,132.9523,1.3304,0.7318,1.7575,0.4164,0.6854,0,26.3329,0.2532,Low Potential
21.415,80.4,0,Grid Point,0.053,0.0781,0.0715,0.282,0.2645,0.1706,298.0,7.547549999999999,144.3933,1.3491,0.9379,1.5504,0.605,0.5955,0,26.5885,0.1745,Low Potential
21.415,80.415,0,Grid Point,0.0551,0.0843,0.0889,0.2554,0.2303,0.148,305.0,4.0766,47.0477,1.6134,0.9017,1.5561,0.5795,0.4836,0,26.9305,0.1479,Low Potential
21.415,80.43,0,Grid Point,0.0746,0.1049,0.112,0.2676,0.3019,0.2113,304.0,3.1263,287.2402,1.5013,1.1282,1.4288,0.7896,0.4099,0,27.3555,0.2227,Low Potential
21.415,80.445,0,Grid Point,0.0648,0.0919,0.1161,0.2399,0.3157,0.2324,306.0,4.3871,114.961,1.7917,1.316,1.3584,0.9687,0.3478,0,27.8599,0.5125,Moderate Potential
21.415,80.46,0,Grid Point,0.0535,0.0766,0.0898,0.2037,0.2299,0.1672,301.0,1.3609,47.0477,1.6785,1.1286,1.375,0.8208,0.3881,0,28.4393,0.2913,Low Potential
21.415,80.475,0,Grid Point,0.0528,0.0784,0.0903,0.2194,0.2662,0.1884,306.0,5.0538,100.5472,1.7102,1.2133,1.413,0.8587,0.4169,0,29.0894,0.2728,Low Potential
21.415,80.49,0,Grid Point,0.0509,0.0736,0.0777,0.1974,0.2243,0.1609,307.0,2.1968,294.961,1.5265,1.1363,1.394,0.8151,0.4351,0,29.8054,0.256,Low Potential
21.43,79.2,0,Grid Point,0.0568,0.0796,0.0896,0.2479,0.2676,0.1855,305.0,1.361,227.0506,1.5789,1.0795,1.4426,0.7483,0.469,0,10.3596,0.1335,Low Potential
21.43,79.215,0,Grid Point,0.059,0.0904,0.0993,0.2297,0.2924,0.2087,315.0,0.9274,180.0,1.6816,1.2727,1.4008,0.9086,0.3964,0,8.8251,0.5594,Moderate Potential
21.43,79.23,0,Grid Point,0.05,0.0703,0.0711,0.1761,0.2452,0.1664,333.0,5.0543,280.5462,1.422,1.3921,1.4737,0.9446,0.4248,0,7.2949,0.2716,Low Potential
21.43,79.245,0,Grid Point,0.056,0.0788,0.0808,0.2087,0.263,0.1756,338.0,2.1047,331.7582,1.445,1.2604,1.4984,0.8412,0.4415,0,5.7727,0.1908,Low Potential
21.43,79.26,0,Grid Point,0.0696,0.1006,0.1222,0.253,0.3382,0.2538,349.0,2.1969,65.0412,1.757,1.3365,1.3325,1.003,0.3487,0,4.2669,0.4555,Moderate Potential
21.43,79.275,0,Grid Point,0.0686,0.0928,0.1082,0.243,0.2902,0.21,338.0,0.9274,0.0,1.578,1.1942,1.3821,0.864,0.3837,0,2.8041,0.3916,Moderate Potential
21.43,79.29,0,Grid Point,0.0787,0.1064,0.1345,0.2026,0.2663,0.2276,331.0,1.8543,0.0,1.709,1.3141,1.1698,1.1234,0.2021,0,1.5143,0.4549,Moderate Potential
21.43,79.305,0,Grid Point,0.0562,0.082,0.0819,0.2434,0.2448,0.1611,327.0,0.9274,180.0,1.4551,1.0062,1.5199,0.662,0.4966,0,1.2237,0.1427,Low Potential
21.43,79.32,0,Grid Point,0.0536,0.0774,0.0867,0.1924,0.3032,0.2104,338.0,6.0274,81.1812,1.62,1.5763,1.4411,1.0938,0.3784,1,2.34,0.2918,Low Potential
21.43,79.335,0,Grid Point,0.0728,0.102,0.1108,0.255,0.3283,0.2309,319.0,2.9529,199.7019,1.5216,1.2874,1.422,0.9053,0.3941,1,3.772,0.3392,Low Potential
21.43,79.35,0,Grid Point,0.067,0.0928,0.099,0.2557,0.2648,0.1829,321.0,0.9274,180.0,1.4776,1.0354,1.4479,0.7151,0.4418,1,5.2683,0.1564,Low Potential
21.43,79.365,0,Grid Point,0.0726,0.0968,0.1123,0.251,0.2972,0.2201,323.0,0.9963,90.0,1.5479,1.1843,1.3505,0.8769,0.3818,1,6.7864,0.4237,Moderate Potential
21.43,79.38,0,Grid Point,0.0529,0.0796,0.0766,0.2625,0.2816,0.1848,319.0,1.8543,180.0,1.4471,1.0726,1.524,0.7038,0.5484,1,8.3144,0.1593,Low Potential
21.43,79.395,0,Grid Point,0.0657,0.0948,0.0959,0.2524,0.2807,0.1837,328.0,0.0,0.0,1.4597,1.1119,1.528,0.7277,0.4494,1,9.8478,0.1526,Low Potential
21.43,79.41,0,Grid Point,0.04,0.067,0.0506,0.2464,0.2246,0.1224,338.0,2.1047,331.7582,1.2638,0.9117,1.835,0.4969,0.6595,1,11.3842,0.2952,Low Potential
21.43,79.425,0,Grid Point,0.0821,0.1102,0.1294,0.2362,0.3292,0.2372,340.0,1.361,132.9494,1.5761,1.3935,1.3879,1.004,0.2921,1,12.9228,0.4682,Moderate Potential
21.43,79.44,0,Grid Point,0.0592,0.0867,0.0909,0.2244,0.3093,0.1965,347.0,4.7534,218.8585,1.5368,1.378,1.574,0.8755,0.4235,1,14.4627,0.2795,Low Potential
21.43,79.455,0,Grid Point,0.0552,0.089,0.0756,0.2838,0.251,0.1491,449.0,7.547549999999999,289.2428,1.3696,0.8844,1.6831,0.5255,0.5792,1,14.1034,0.2008,Low Potential
21.43,79.47,0,Grid Point,0.0479,0.0673,0.0599,0.2077,0.2316,0.1359,392.0,2.9529,19.7019,1.2505,1.1148,1.7038,0.6543,0.5523,1,13.6737,0.1715,Low Potential
21.43,79.485,0,Grid Point,0.0458,0.0686,0.0634,0.193,0.255,0.1609,383.0,5.8901,19.7019,1.3817,1.3212,1.5851,0.8335,0.5059,1,13.4093,0.1762,Low Potential
21.43,79.5,0,Grid Point,0.0439,0.0631,0.0603,0.1848,0.244,0.1461,381.0,2.9529,340.2981,1.3736,1.3203,1.6707,0.7903,0.508,1,13.32,0.1798,Low Potential
21.43,79.515,0,Grid Point,0.0474,0.0702,0.067,0.2092,0.2384,0.1444,361.0,6.1874,306.6747,1.4139,1.1396,1.6512,0.6902,0.515,1,13.4093,0.178,Low Potential
21.43,79.53,0,Grid Point,0.0501,0.0686,0.0715,0.2117,0.2458,0.1462,353.0,0.9274,180.0,1.4271,1.1608,1.6815,0.6904,0.4951,1,13.6737,0.1372,Low Potential
21.43,79.545,0,Grid Point,0.0365,0.0465,0.0368,0.13885000000000003,0.09513749999999997,0.0206,311.0,0.0,0.0,1.0096,1.2597,1.1095,1.1354,0.07343750000000004,1,14.1034,0.6530125,High Potential Deposit Zone
21.43,79.56,0,Grid Point,0.0451,0.0648,0.0651,0.1994,0.2587,0.1704,308.0,1.361,227.0506,1.4435,1.2977,1.5177,0.855,0.5077,1,14.6838,0.1789,Low Potential
21.43,79.575,0,Grid Point,0.0596,0.0836,0.1028,0.2272,0.3314,0.2292,304.0,2.7205,227.0506,1.7225,1.4587,1.446,1.0088,0.3771,1,15.398,0.2866,Low Potential
21.43,79.59,0,Grid Point,0.0544,0.0846,0.067,0.31765,0.2288,0.1351,295.0,1.361,47.0506,1.2337,0.6833,1.6939,0.4034,0.6664,1,16.2282,0.1709,Low Potential
21.43,79.605,0,Grid Point,0.0669,0.0956,0.1082,0.266,0.3182,0.2214,296.0,2.7205,312.9494,1.6166,1.1962,1.4371,0.8324,0.422,1,17.1577,0.2047,Low Potential
21.43,79.62,0,Grid Point,0.0916,0.1212,0.154,0.2658,0.3537,0.2608,295.0,0.9274,180.0,1.6821,1.331,1.3562,0.9814,0.2662,1,18.1712,0.2571,Low Potential
21.43,79.635,0,Grid Point,0.0434,0.0661,0.053,0.2044,0.1444,0.0817,290.0,2.1969,114.9588,1.2224,0.7065,1.7674,0.3997,0.5879,1,19.1751,0.3944,Moderate Potential
21.43,79.65,0,Grid Point,0.055,0.0824,0.0754,0.2378,0.1834,0.1148,293.0,1.361,47.0506,1.3718,0.7714,1.5973,0.483,0.5183,1,17.8201,0.1476,Low Potential
21.43,79.665,0,Grid Point,0.0495,0.0771,0.0744,0.2654,0.2043,0.1294,290.0,0.9963,90.0,1.502,0.7696,1.5788,0.4875,0.5624,1,16.4986,0.1477,Low Potential
21.43,79.68,0,Grid Point,0.0846,0.1114,0.132,0.2728,0.35,0.2426,289.0,4.7534,141.1415,1.5606,1.2829,1.4432,0.8889,0.3481,1,15.2192,0.3181,Low Potential
21.43,79.695,0,Grid Point,0.1013,0.1363375,0.18015,0.3037,0.42003750000000006,0.323,307.0,3.5135,301.8228,2.0013,1.4157,1.3313,1.0634,0.1224,1,13.9935,0.2972,Low Potential
21.43,79.71,0,Grid Point,0.0765,0.1065,0.126,0.2645,0.322,0.2271,277.0,2.1047,331.7582,1.6464,1.2176,1.4181,0.8586,0.3548,1,12.837,0.3026,Low Potential
21.43,79.725,0,Grid Point,0.054,0.0844,0.082,0.2428,0.2304,0.148,274.0,0.9963,90.0,1.5162,0.9491,1.5573,0.6095,0.4952,1,11.7699,0.1309,Low Potential
21.43,79.74,0,Grid Point,0.0531,0.0837,0.0704,0.223,0.159,0.0868,273.0,1.361,132.9494,1.3267,0.7126,1.8302,0.3894,0.5199,1,10.8188,0.3582,Moderate Potential
21.43,79.755,0,Grid Point,0.0827,0.1162,0.1546,0.2491,0.3627,0.2854,285.0,2.1047,28.2418,1.8688,1.456,1.2711,1.1455,0.2342,1,10.0169,0.2087,Low Potential
21.43,79.77,0,Grid Point,0.0428,0.0678,0.0607,0.1664,0.1194,0.073,277.0,0.0,0.0,1.4182,0.7176,1.6374,0.4383,0.4656,1,9.4023,0.4344,Moderate Potential
21.43,79.785,0,Grid Point,0.0508,0.0808,0.0762,0.2186,0.1708,0.1,274.0,1.361,227.0506,1.5,0.7817,1.7076,0.4578,0.483,1,9.0134,0.2247,Low Potential
21.43,79.8,0,Grid Point,0.072,0.1032,0.1206,0.2614,0.3529,0.2646,272.0,2.1047,151.7582,1.675,1.35,1.334,1.0121,0.3686,1,8.88,0.4534,Moderate Potential
21.43,79.815,0,Grid Point,0.046,0.0802,0.063,0.24,0.141,0.0786,269.0,1.8543,0.0,1.3685,0.5877,1.7934,0.3277,0.5844,1,9.0134,0.4968,Moderate Potential
21.43,79.83,0,Grid Point,0.0598,0.085,0.074,0.291,0.1859,0.102,264.0,0.9963,270.0,1.2373,0.6387,1.8234,0.3503,0.5944,1,9.4023,0.3612,Moderate Potential
21.43,79.845,0,Grid Point,0.0744,0.108,0.1314,0.2279,0.2506,0.1969,265.0,1.9919,270.0,1.7668,1.0994,1.2722,0.8642,0.2684,1,10.0169,0.3145,Low Potential
21.43,79.86,0,Grid Point,0.0536,0.0748,0.0678,0.2566,0.1804,0.1224,268.0,0.9963,90.0,1.2652,0.7027,1.4728,0.4771,0.5823,1,10.8188,0.2158,Low Potential
21.43,79.875,0,Grid Point,0.0573,0.0816,0.0736,0.2469,0.1697,0.1054,269.0,0.9274,0.0,1.2836,0.6873,1.6093,0.4271,0.541,1,11.7699,0.2268,Low Potential
21.43,79.89,0,Grid Point,0.0456,0.0686,0.059,0.2257,0.247,0.1396,263.0,4.0851,76.8995,1.295,1.0942,1.7696,0.6183,0.5853,1,12.837,0.1946,Low Potential
21.43,79.905,0,Grid Point,0.0384,0.05,0.0436,0.13885000000000003,0.1137,0.0722,267.0,3.4184,324.3905,1.1356,1.1185,1.5759,0.7098,0.4001,1,13.9935,0.5917,Moderate Potential
21.43,79.92,0,Grid Point,0.0458,0.0727,0.0622,0.2302,0.1532,0.0908,284.0,0.9274,0.0,1.3607,0.6659,1.6887,0.3943,0.5742,1,15.2192,0.3755,Moderate Potential
21.43,79.935,0,Grid Point,0.0632,0.0898,0.1069,0.2,0.2662,0.2118,289.0,1.361,47.0506,1.6901,1.3309,1.2571,1.0587,0.3035,1,16.4986,0.5841,Moderate Potential
21.43,79.95,0,Grid Point,0.066,0.0992,0.1082,0.2734,0.3304,0.2267,284.0,0.9274,0.0,1.6414,1.2087,1.4574,0.8293,0.4327,1,17.2938,0.2006,Low Potential
21.43,79.965,0,Grid Point,0.0652,0.0944,0.116,0.2695,0.3527,0.2442,290.0,4.7534,321.1415,1.7799,1.3087,1.4446,0.9059,0.398,0,15.9287,0.3744,Moderate Potential
21.43,79.98,0,Grid Point,0.0713,0.0984,0.0994,0.2602,0.2706,0.2084,303.0,0.9274,180.0,1.3941,1.0398,1.2985,0.8008,0.4472,0,14.5994,0.2705,Low Potential
21.43,79.995,0,Grid Point,0.0626,0.0917,0.1108,0.2524,0.3428,0.2285,302.0,1.361,312.9494,1.7714,1.3579,1.5002,0.9051,0.39,0,13.3168,0.3076,Low Potential
21.43,80.01,0,Grid Point,0.0592,0.0878,0.1064,0.2198,0.2702,0.1895,298.0,2.1047,28.2418,1.798,1.2296,1.4259,0.8623,0.3477,0,12.0957,0.2429,Low Potential
21.43,80.025,0,Grid Point,0.0458,0.07,0.0692,0.2269,0.2435,0.1522,309.0,0.9963,270.0,1.5126,1.0732,1.5999,0.6708,0.5326,0,10.9567,0.1422,Low Potential
21.43,80.04,0,Grid Point,0.042,0.0659,0.0621,0.2121,0.2247,0.1266,331.0,2.9529,340.2981,1.4786,1.0594,1.7749,0.5969,0.547,0,9.928,0.2151,Low Potential
21.43,80.055,0,Grid Point,0.0659,0.0917,0.1078,0.233,0.2955,0.2032,323.0,1.8543,0.0,1.6358,1.2682,1.4542,0.8721,0.3674,0,9.0474,0.3171,Low Potential
21.43,80.07,0,Grid Point,0.0378,0.0534,0.0609,0.1895,0.2214,0.1316,348.0,7.547549999999999,90.0,1.6111,1.1683,1.6824,0.6945,0.5136,0,8.3619,0.2629,Low Potential
21.43,80.085,0,Grid Point,0.0367,0.0529,0.0513,0.1765,0.1965,0.1113,363.0,7.5226,232.1985,1.3978,1.1133,1.7655,0.6306,0.5496,0,7.9221,0.3164,Low Potential
21.43,80.1,0,Grid Point,0.0419,0.062,0.0523,0.2898,0.2156,0.1253,539.0,7.547549999999999,47.0506,1.2482,0.744,1.7207,0.4324,0.6942,0,7.77,0.2856,Low Potential
21.43,80.115,0,Grid Point,0.0365,0.0584,0.0568,0.2119,0.2321,0.1353,333.0,4.2037,28.2418,1.5562,1.0953,1.7154,0.6385,0.5772,0,7.9221,0.2305,Low Potential
21.43,80.13,0,Grid Point,0.0477,0.0683,0.0605,0.2204,0.2401,0.1362,331.0,4.7534,38.8585,1.2683,1.0894,1.7628,0.618,0.5692,0,8.3619,0.212,Low Potential
21.43,80.145,0,Grid Point,0.0568,0.074,0.0749,0.2604,0.2764,0.1734,332.0,3.4184,215.6095,1.3187,1.0614,1.594,0.6659,0.5532,0,9.0474,0.18,Low Potential
21.43,80.16,0,Grid Point,0.0555,0.076,0.0716,0.2217,0.2336,0.1537,323.0,5.4287,312.9494,1.2901,1.0537,1.5198,0.6933,0.5118,0,9.928,0.1569,Low Potential
21.43,80.175,0,Grid Point,0.0691,0.0963,0.1006,0.2576,0.3136,0.2109,315.0,2.9864,270.0,1.4559,1.2174,1.487,0.8187,0.4383,0,10.9567,0.2187,Low Potential
21.43,80.19,0,Grid Point,0.0665,0.0852,0.1027,0.2147,0.3116,0.2331,321.0,5.9567,90.0,1.5444,1.4513,1.3368,1.0857,0.3529,0,12.0957,0.6275,Moderate Potential
21.43,80.205,0,Grid Point,0.0938,0.1179,0.1372,0.2577,0.3175,0.2302,309.0,4.0851,103.1005,1.4627,1.2321,1.3792,0.8933,0.3051,0,13.3168,0.4106,Moderate Potential
21.43,80.22,0,Grid Point,0.0644,0.0851,0.0968,0.2202,0.2946,0.2007,310.0,1.361,312.9494,1.5031,1.3379,1.4679,0.9114,0.3893,0,14.5994,0.3335,Low Potential
21.43,80.235,0,Grid Point,0.0588,0.0873,0.089,0.2828,0.2419,0.1727,316.0,4.7325,347.8741,1.5136,0.8554,1.4007,0.6107,0.5212,0,15.9287,0.2817,Low Potential
21.43,80.25,0,Grid Point,0.0444,0.072,0.0538,0.13885000000000003,0.09513749999999997,0.0234,316.0,4.0851,283.1005,1.2117,1.0415,1.1795,0.883,0.07343750000000004,0,17.2938,0.601,Moderate Potential
21.43,80.265,0,Grid Point,0.0711,0.094,0.1175,0.2238,0.3447,0.2579,315.0,2.1047,151.7582,1.6526,1.5402,1.3366,1.1524,0.3115,0,18.687,0.4626,Moderate Potential
21.43,80.28,0,Grid Point,0.0386,0.0671,0.0569,0.2515,0.1747,0.1033,308.0,2.1969,245.0412,1.4741,0.6946,1.6912,0.4107,0.631,0,20.1024,0.2346,Low Potential
21.43,80.295,0,Grid Point,0.0486,0.0709,0.0688,0.2374,0.1561,0.0884,305.0,5.5004,147.1957,1.4156,0.6575,1.7658,0.3724,0.5506,0,21.5356,0.354,Moderate Potential
21.43,80.31,0,Grid Point,0.0345,0.0599,0.05,0.2523,0.1716,0.1036,316.0,4.0769,227.0506,1.4493,0.6801,1.6564,0.4106,0.6692,0,22.9833,0.2844,Low Potential
21.43,80.325,0,Grid Point,0.0783,0.1032,0.123,0.2445,0.2876,0.2019,323.0,2.1047,331.7582,1.5709,1.1763,1.4245,0.8258,0.3306,0,24.4429,0.2231,Low Potential
21.43,80.34,0,Grid Point,0.0525,0.08,0.0667,0.13885000000000003,0.09513749999999997,0.0337,320.0,4.7534,321.1415,1.2705,0.8586,1.2611,0.6808,0.07343750000000004,0,24.4417,0.5426,Moderate Potential
21.43,80.355,0,Grid Point,0.0448,0.0731,0.0646,0.2403,0.1606,0.0886,311.0,1.8543,180.0,1.442,0.6683,1.8126,0.3687,0.5763,0,24.4254,0.3376,Low Potential
21.43,80.37,0,Grid Point,0.0686,0.0959,0.1037,0.243,0.2441,0.1738,313.0,3.7048,180.0,1.5117,1.0045,1.4045,0.7152,0.4018,0,24.5067,0.2431,Low Potential
21.43,80.385,0,Grid Point,0.0444,0.0698,0.0584,0.2505,0.155,0.0887,298.0,3.1266,287.2385,1.3153,0.6188,1.7475,0.3541,0.6219,0,24.6847,0.3944,Moderate Potential
21.43,80.4,0,Grid Point,0.0376,0.0582,0.0512,0.2174,0.1255,0.0708,298.0,1.361,132.9494,1.3617,0.5773,1.7726,0.3257,0.6188,0,24.9571,0.4753,Moderate Potential
21.43,80.415,0,Grid Point,0.0467,0.0682,0.0617,0.2287,0.2223,0.1404,296.0,2.1047,151.7582,1.3212,0.972,1.5833,0.6139,0.5751,0,25.3211,0.1331,Low Potential
21.43,80.43,0,Grid Point,0.0714,0.0974,0.126,0.205,0.2949,0.2361,297.0,5.0543,259.4538,1.7647,1.4385,1.249,1.1517,0.2387,0,25.7727,0.4109,Moderate Potential
21.43,80.445,0,Grid Point,0.0451,0.0754,0.0693,0.2264,0.1856,0.118,302.0,1.9919,270.0,1.5366,0.8198,1.5729,0.5212,0.5313,0,26.3075,0.1602,Low Potential
21.43,80.46,0,Grid Point,0.0589,0.0799,0.0976,0.2101,0.2964,0.2126,300.0,2.7803,0.0,1.657,1.4108,1.3942,1.0119,0.3656,0,26.9204,0.3957,Moderate Potential
21.43,80.475,0,Grid Point,0.056,0.0796,0.0955,0.2231,0.2846,0.1931,307.0,2.1047,28.2418,1.7054,1.2757,1.4738,0.8655,0.4005,0,27.6062,0.1674,Low Potential
21.43,80.49,0,Grid Point,0.0397,0.0637,0.0591,0.2627,0.2098,0.1303,307.0,4.0851,283.1005,1.4887,0.7986,1.6101,0.496,0.6327,0,28.3597,0.2201,Low Potential
21.445,79.2,0,Grid Point,0.0783,0.105,0.1368,0.2252,0.3357,0.2648,316.0,3.1269,252.7632,1.7478,1.4907,1.2677,1.1758,0.244,0,10.6673,0.3471,Low Potential
21.445,79.215,0,Grid Point,0.0456,0.0665,0.0554,0.1834,0.2244,0.1417,324.0,2.1047,331.7557,1.2151,1.2235,1.584,0.7724,0.5364,0,9.1843,0.1924,Low Potential
21.445,79.23,0,Grid Point,0.065,0.0906,0.1054,0.2233,0.3076,0.2236,326.0,1.3611,227.0536,1.6203,1.3777,1.3759,1.0013,0.3587,0,7.7256,0.6203,Moderate Potential
21.445,79.245,0,Grid Point,0.0697,0.0925,0.1154,0.2159,0.3628,0.2701,332.0,1.3611,227.0536,1.6557,1.6806,1.3434,1.251,0.3034,0,6.3082,0.5766,Moderate Potential
21.445,79.26,0,Grid Point,0.0712,0.1001,0.1327,0.2248,0.3147,0.251,347.0,0.9274,180.0,1.8638,1.4001,1.2542,1.1163,0.2576,0,4.9674,0.4415,Moderate Potential
21.445,79.275,0,Grid Point,0.0682,0.0984,0.1134,0.2537,0.2982,0.2056,338.0,3.4185,144.3877,1.6632,1.1752,1.4498,0.8106,0.3824,0,3.7857,0.2823,Low Potential
21.445,79.29,0,Grid Point,0.0655,0.0894,0.102,0.2424,0.2599,0.1935,339.0,1.3611,227.0536,1.558,1.0718,1.3429,0.7981,0.4075,0,2.96,0.313,Low Potential
21.445,79.305,0,Grid Point,0.073,0.1013,0.1128,0.2684,0.3205,0.232,334.0,2.1047,151.7557,1.5469,1.1939,1.3812,0.8644,0.4081,0,2.8224,0.3213,Low Potential
21.445,79.32,0,Grid Point,0.0664,0.0969,0.1194,0.2277,0.3322,0.245,328.0,1.3611,312.9464,1.7989,1.4589,1.3559,1.076,0.3118,0,3.456,0.5373,Moderate Potential
21.445,79.335,0,Grid Point,0.0572,0.0836,0.0838,0.2302,0.227,0.1453,326.0,3.9795,90.0,1.4672,0.9857,1.5619,0.6311,0.4661,0,4.5494,0.1708,Low Potential
21.445,79.35,0,Grid Point,0.0769,0.1032,0.118,0.254,0.3386,0.2436,331.0,1.3611,47.0536,1.5345,1.3326,1.3895,0.9591,0.3657,1,5.8501,0.4557,Moderate Potential
21.445,79.365,0,Grid Point,0.0662,0.0917,0.0974,0.2487,0.2801,0.1957,325.0,3.5138,301.8201,1.4721,1.1263,1.4313,0.7869,0.4369,1,7.2473,0.2204,Low Potential
21.445,79.38,0,Grid Point,0.074,0.0975,0.1213,0.2218,0.2841,0.214,328.0,2.1971,65.0435,1.6381,1.2807,1.327,0.9651,0.2929,1,8.6947,0.6530125,High Potential Deposit Zone
21.445,79.395,0,Grid Point,0.0526,0.0802,0.084,0.2232,0.3084,0.2056,335.0,5.0346,156.7443,1.5975,1.3819,1.4999,0.9214,0.4534,1,10.1709,0.2861,Low Potential
21.445,79.41,0,Grid Point,0.0864,0.1094,0.1406,0.2368,0.3461,0.2782,340.0,2.1971,245.0435,1.6267,1.4616,1.2443,1.1746,0.2551,1,11.6649,0.3532,Moderate Potential
21.445,79.425,0,Grid Point,0.0464,0.0738,0.0627,0.2231,0.25,0.1465,366.0,2.7803,0.0,1.3513,1.1203,1.7061,0.6567,0.5612,1,13.1707,0.1531,Low Potential
21.445,79.44,0,Grid Point,0.0504,0.0773,0.0649,0.2336,0.2314,0.134,422.0,4.7325,12.1271,1.29,0.9904,1.7265,0.5736,0.5649,1,13.1921,0.1663,Low Potential
21.445,79.455,0,Grid Point,0.0532,0.0778,0.0744,0.2544,0.2643,0.1578,428.0,2.1971,294.9565,1.3998,1.0391,1.6747,0.6205,0.5474,1,12.5428,0.1527,Low Potential
21.445,79.47,0,Grid Point,0.0504,0.0758,0.0642,0.2604,0.2231,0.1244,424.0,2.1047,331.7557,1.2748,0.8566,1.7927,0.4778,0.6043,1,12.0577,0.2172,Low Potential
21.445,79.485,0,Grid Point,0.0449,0.0644,0.0518,0.2148,0.2127,0.1124,408.0,7.547549999999999,167.8729,1.1535,0.99,1.8915,0.5234,0.6112,1,11.757,0.2781,Low Potential
21.445,79.5,0,Grid Point,0.0406,0.058,0.052,0.1761,0.2143,0.1226,364.0,7.547549999999999,137.3581,1.2796,1.2169,1.748,0.6962,0.5444,1,11.655,0.306,Low Potential
21.445,79.515,0,Grid Point,0.0543,0.075,0.0797,0.1923,0.2975,0.2004,335.0,2.1971,65.0435,1.4678,1.5471,1.4845,1.0421,0.414,1,11.757,0.2134,Low Potential
21.445,79.53,0,Grid Point,0.0845,0.1142,0.1361,0.257,0.3669,0.2641,324.0,1.9922,90.0,1.6107,1.4276,1.3892,1.0276,0.3076,1,12.0577,0.3673,Moderate Potential
21.445,79.545,0,Grid Point,0.0617,0.0842,0.0991,0.2264,0.2998,0.2014,324.0,0.9274,0.0,1.6062,1.3241,1.4885,0.8896,0.3912,1,12.5428,0.353,Moderate Potential
21.445,79.56,0,Grid Point,0.0489,0.0717,0.0684,0.2584,0.258,0.1678,311.0,2.7206,132.9464,1.3998,0.9985,1.5378,0.6493,0.5812,1,13.1921,0.1548,Low Potential
21.445,79.575,0,Grid Point,0.0806,0.1074,0.1209,0.2504,0.3098,0.2187,306.0,2.7206,227.0536,1.5,1.2372,1.4168,0.8732,0.3489,1,13.9827,0.2985,Low Potential
21.445,79.59,0,Grid Point,0.0672,0.0882,0.1049,0.2304,0.3386,0.2434,302.0,2.1047,151.7557,1.5599,1.4702,1.3916,1.0564,0.3742,1,14.892,0.482,Moderate Potential
21.445,79.605,0,Grid Point,0.0459,0.0681,0.0633,0.2209,0.2462,0.1421,313.0,0.9964,270.0,1.3791,1.1145,1.7326,0.6433,0.5545,1,15.8998,0.1772,Low Potential
21.445,79.62,0,Grid Point,0.0461,0.0716,0.0626,0.2246,0.2404,0.1356,315.0,7.547549999999999,217.5032,1.3564,1.0706,1.7726,0.604,0.5641,1,16.9885,0.1802,Low Potential
21.445,79.635,0,Grid Point,0.0446,0.0745,0.0676,0.2462,0.266,0.1594,304.0,2.1971,114.9565,1.5168,1.0806,1.6691,0.6474,0.5689,1,18.1435,0.1396,Low Potential
21.445,79.65,0,Grid Point,0.0635,0.0968,0.102,0.2843,0.2942,0.2,303.0,0.9964,90.0,1.6084,1.035,1.4709,0.7037,0.4717,1,18.7056,0.1591,Low Potential
21.445,79.665,0,Grid Point,0.0852,0.1125,0.1414,0.2627,0.37,0.2799,300.0,0.9964,270.0,1.6612,1.4086,1.3221,1.0655,0.3,1,17.4512,0.3141,Low Potential
21.445,79.68,0,Grid Point,0.0444,0.0649,0.0608,0.2034,0.2314,0.1398,289.0,2.1047,151.7557,1.3705,1.1377,1.6549,0.6875,0.5394,1,16.247,0.1394,Low Potential
21.445,79.695,0,Grid Point,0.0422,0.0671,0.0587,0.2108,0.2224,0.1368,282.0,1.3611,312.9464,1.391,1.0553,1.6261,0.649,0.5644,1,15.105,0.1861,Low Potential
21.445,79.71,0,Grid Point,0.0558,0.0772,0.0963,0.2207,0.3162,0.2246,324.0,7.0013,58.1799,1.7243,1.4329,1.4081,1.0177,0.3924,1,14.0403,0.4349,Moderate Potential
21.445,79.725,0,Grid Point,0.0596,0.0877,0.0923,0.2347,0.2188,0.1424,276.0,0.9964,90.0,1.55,0.932,1.5356,0.6069,0.4355,1,13.0718,0.1383,Low Potential
21.445,79.74,0,Grid Point,0.0584,0.0853,0.1024,0.2169,0.317,0.2175,293.0,4.2038,208.2443,1.7543,1.4617,1.4577,1.0028,0.3584,1,12.2225,0.3721,Moderate Potential
21.445,79.755,0,Grid Point,0.0464,0.0715,0.0673,0.2132,0.2623,0.1675,290.0,1.3611,132.9464,1.4531,1.2306,1.566,0.7858,0.5198,1,11.5187,0.156,Low Potential
21.445,79.77,0,Grid Point,0.07,0.0997,0.1175,0.2456,0.343,0.2415,284.0,1.8543,180.0,1.6798,1.3963,1.4203,0.9831,0.3529,1,10.9884,0.3075,Low Potential
21.445,79.785,0,Grid Point,0.0546,0.078,0.0853,0.2018,0.2159,0.1372,281.0,2.1971,245.0435,1.5623,1.0696,1.5742,0.6795,0.4059,1,10.6576,0.1527,Low Potential
21.445,79.8,0,Grid Point,0.0546,0.0799,0.0825,0.2481,0.2157,0.1354,275.0,0.0,0.0,1.511,0.8694,1.5931,0.5457,0.5009,1,10.545,0.1297,Low Potential
21.445,79.815,0,Grid Point,0.0449,0.0734,0.0628,0.2228,0.1354,0.0794,275.0,1.9922,90.0,1.396,0.6078,1.707,0.3561,0.5606,1,10.6576,0.4992,Moderate Potential
21.445,79.83,0,Grid Point,0.0542,0.086,0.0803,0.2522,0.205,0.1262,270.0,0.0,0.0,1.4829,0.8132,1.6242,0.5007,0.5169,1,10.9884,0.1496,Low Potential
21.445,79.845,0,Grid Point,0.0579,0.082,0.0924,0.232,0.2836,0.1988,268.0,1.9922,90.0,1.5959,1.2229,1.4268,0.8571,0.4302,1,11.5187,0.1876,Low Potential
21.445,79.86,0,Grid Point,0.0754,0.0985,0.1062,0.2678,0.2714,0.1933,271.0,0.0,0.0,1.4082,1.0131,1.4038,0.7217,0.432,1,12.2225,0.2369,Low Potential
21.445,79.875,0,Grid Point,0.0498,0.0757,0.0602,0.276,0.1406,0.0714,269.0,1.3611,132.9464,1.2086,0.5095,1.9699,0.2586,0.6417,1,13.0718,0.5341,Moderate Potential
21.445,79.89,0,Grid Point,0.0394,0.0694,0.0522,0.2435,0.1786,0.1006,269.0,0.9964,90.0,1.3278,0.7335,1.7762,0.4129,0.6467,1,14.0403,0.316,Low Potential
21.445,79.905,0,Grid Point,0.0403,0.0677,0.0528,0.2048,0.1352,0.0727,278.0,0.9964,90.0,1.3098,0.6599,1.859,0.355,0.5898,1,15.105,0.5734,Moderate Potential
21.445,79.92,0,Grid Point,0.0474,0.0805,0.0666,0.2451,0.1564,0.0848,276.0,0.0,0.0,1.4025,0.6381,1.8433,0.3462,0.5729,1,16.247,0.4081,Moderate Potential
21.445,79.935,0,Grid Point,0.0512,0.0812,0.066,0.232,0.1474,0.084,274.0,0.9964,270.0,1.2868,0.6353,1.7537,0.3623,0.5573,1,17.4512,0.4366,Moderate Potential
21.445,79.95,0,Grid Point,0.0477,0.0692,0.0697,0.191,0.189,0.1236,280.0,1.3611,47.0536,1.4612,0.9893,1.5285,0.6472,0.4654,1,16.6125,0.1641,Low Potential
21.445,79.965,0,Grid Point,0.0469,0.074,0.0661,0.242,0.2302,0.1461,282.0,1.3611,47.0536,1.4094,0.951,1.5756,0.6036,0.571,1,15.1862,0.1371,Low Potential
21.445,79.98,0,Grid Point,0.0642,0.0904,0.1141,0.2281,0.2973,0.2082,290.0,2.1047,331.7557,1.7759,1.3034,1.428,0.9128,0.3331,1,13.7855,0.4331,Moderate Potential
21.445,79.995,0,Grid Point,0.0613,0.0902,0.1056,0.2405,0.3005,0.2164,300.0,0.9964,270.0,1.7227,1.2495,1.3883,0.9,0.3898,0,12.4191,0.56,Moderate Potential
21.445,80.01,0,Grid Point,0.0482,0.0709,0.076,0.2262,0.2218,0.1372,299.0,2.9529,160.2962,1.5768,0.9806,1.6176,0.6062,0.4971,0,11.0997,0.1362,Low Potential
21.445,80.025,0,Grid Point,0.0635,0.1022,0.1232,0.2446,0.3178,0.235,303.0,1.8543,0.0,1.9425,1.2992,1.3528,0.9604,0.33,0,9.8461,0.5151,Moderate Potential
21.445,80.04,0,Grid Point,0.0685,0.1002,0.118,0.26,0.3245,0.2268,312.0,3.1269,107.2368,1.7226,1.2481,1.4308,0.8723,0.3757,0,8.687,0.3153,Low Potential
21.445,80.055,0,Grid Point,0.0695,0.0982,0.1184,0.2357,0.2624,0.209,311.0,2.9867,270.0,1.7036,1.1133,1.2555,0.8867,0.3313,0,7.6651,0.534,Moderate Potential
21.445,80.07,0,Grid Point,0.0533,0.0692,0.0727,0.1569,0.2003,0.1383,317.0,2.7206,312.9464,1.364,1.2766,1.4483,0.8815,0.3667,0,6.8425,0.2753,Low Potential
21.445,80.085,0,Grid Point,0.0597,0.0862,0.1263,0.2341,0.3316,0.2527,324.0,1.3611,132.9464,2.0526375,1.4165,1.3122,1.0795,0.2991,0,6.2975,0.458,Moderate Potential
21.445,80.1,0,Grid Point,0.041,0.056,0.0557,0.2022,0.2075,0.1128,331.0,2.9867,90.0,1.3585,1.0262,1.8395,0.5579,0.568,0,6.105,0.2502,Low Potential
21.445,80.115,0,Grid Point,0.066,0.1014,0.1234,0.2453,0.3378,0.2424,325.0,4.3878,294.9565,1.8697,1.3771,1.3936,0.9882,0.3306,0,6.2975,0.5736,Moderate Potential
21.445,80.13,0,Grid Point,0.0474,0.0633,0.0625,0.2201,0.2374,0.1363,313.0,2.1971,114.9565,1.3186,1.0786,1.7417,0.6193,0.5577,0,6.8425,0.1591,Low Potential
21.445,80.145,0,Grid Point,0.0481,0.0667,0.05,0.2418,0.1624,0.0949,335.0,1.3611,227.0536,1.0395,0.6716,1.7113,0.3925,0.6573,0,7.6651,0.4291,Moderate Potential
21.445,80.16,0,Grid Point,0.0718,0.0964,0.108,0.2319,0.292,0.2082,328.0,2.7206,47.0536,1.5042,1.2592,1.4025,0.8978,0.3645,0,8.687,0.5493,Moderate Potential
21.445,80.175,0,Grid Point,0.0772,0.1025,0.1143,0.2594,0.3246,0.2353,320.0,2.9529,19.7038,1.4806,1.2513,1.3795,0.9071,0.3883,0,9.8461,0.4855,Moderate Potential
21.445,80.19,0,Grid Point,0.0626,0.0819,0.0859,0.2532,0.2553,0.1931,313.0,1.3611,227.0536,1.3722,1.0083,1.3221,0.7626,0.4934,0,11.0997,0.2722,Low Potential
21.445,80.205,0,Grid Point,0.1013,0.1363375,0.1724,0.2365,0.2828,0.2641,307.0,4.2038,331.7557,1.4439,1.1958,1.0708,1.1167,0.1568,0,12.4191,0.3756,Moderate Potential
21.445,80.22,0,Grid Point,0.0507,0.0703,0.0629,0.2111,0.1734,0.0999,307.0,1.8543,180.0,1.2406,0.8214,1.7357,0.4732,0.5409,0,13.7855,0.2453,Low Potential
21.445,80.235,0,Grid Point,0.0722,0.0961,0.1064,0.2501,0.2767,0.1944,309.0,0.9274,0.0,1.4737,1.1064,1.4234,0.7773,0.4031,0,15.1862,0.1554,Low Potential
21.445,80.25,0,Grid Point,0.0793,0.1038,0.1286,0.25,0.3088,0.2383,319.0,3.4185,324.3877,1.6217,1.2352,1.2958,0.9532,0.3207,0,16.6125,0.4993,Moderate Potential
21.445,80.265,0,Grid Point,0.0467,0.0696,0.0596,0.2307,0.2153,0.139,311.0,1.9922,90.0,1.2762,0.9332,1.5489,0.6025,0.5894,0,18.0583,0.1464,Low Potential
21.445,80.28,0,Grid Point,0.044,0.0781,0.0551,0.2268,0.1606,0.0872,302.0,2.7206,132.9464,1.2523,0.7081,1.8417,0.3845,0.6091,0,19.5193,0.3295,Low Potential
21.445,80.295,0,Grid Point,0.0537,0.0786,0.066,0.2443,0.1675,0.0929,308.0,1.3611,312.9464,1.2291,0.6856,1.803,0.3803,0.5746,0,20.9923,0.3428,Low Potential
21.445,80.31,0,Grid Point,0.0441,0.0655,0.0547,0.2368,0.1696,0.0986,319.0,4.0855,283.0992,1.2404,0.7162,1.7201,0.4164,0.6247,0,22.4751,0.3127,Low Potential
21.445,80.325,0,Grid Point,0.0467,0.0693,0.0657,0.2378,0.2415,0.1564,311.0,4.6274,0.0,1.4069,1.0156,1.5441,0.6577,0.5671,0,22.9002,0.152,Low Potential
21.445,80.34,0,Grid Point,0.0539,0.0827,0.0783,0.1965,0.2416,0.1568,311.0,4.0771,227.0536,1.4527,1.2295,1.5408,0.798,0.4301,0,22.7783,0.1825,Low Potential
21.445,80.355,0,Grid Point,0.0439,0.0711,0.0598,0.2545,0.1598,0.092,305.0,2.1047,208.2443,1.3622,0.6279,1.737,0.3615,0.6195,0,22.7608,0.357,Moderate Potential
21.445,80.37,0,Grid Point,0.061,0.0917,0.1077,0.2456,0.3051,0.2321,310.0,0.9274,0.0,1.7656,1.2423,1.3145,0.945,0.3903,0,22.8481,0.4417,Moderate Potential
21.445,80.385,0,Grid Point,0.0419,0.0726,0.0552,0.2389,0.1531,0.0876,303.0,0.9964,90.0,1.3174,0.6409,1.7477,0.3667,0.6246,0,23.0388,0.3845,Moderate Potential
21.445,80.4,0,Grid Point,0.0391,0.059,0.0557,0.2012,0.1643,0.0979,303.0,2.1047,331.7557,1.4246,0.8166,1.6782,0.4866,0.5664,0,23.3305,0.3228,Low Potential
21.445,80.415,0,Grid Point,0.0369,0.0606,0.0513,0.2348,0.1447,0.0797,299.0,1.3611,47.0536,1.3902,0.6163,1.8156,0.3394,0.6414,0,23.7195,0.4458,Moderate Potential
21.445,80.43,0,Grid Point,0.0419,0.0675,0.06,0.2373,0.1347,0.0708,297.0,2.7206,132.9464,1.432,0.5676,1.9025,0.2984,0.5964,0,24.201,0.4684,Moderate Potential
21.445,80.445,0,Grid Point,0.0658,0.0916,0.1071,0.2326,0.2887,0.2146,303.0,1.3611,227.0536,1.6277,1.2412,1.3453,0.9226,0.3694,0,24.7697,0.5403,Moderate Potential
21.445,80.46,0,Grid Point,0.084,0.1125,0.1353,0.2655,0.3287,0.2444,303.0,2.7206,132.9464,1.6107,1.238,1.3449,0.9205,0.3249,0,25.4197,0.3111,Low Potential
21.445,80.475,0,Grid Point,0.0364,0.0621,0.058,0.2508,0.179,0.1154,302.0,2.1047,151.7557,1.5934,0.7137,1.5511,0.4601,0.6244,0,26.1449,0.2115,Low Potential
21.445,80.49,0,Grid Point,0.0445,0.0655,0.0611,0.1687,0.1939,0.1239,304.0,1.8543,0.0,1.373,1.1494,1.565,0.7344,0.4682,0,26.9393,0.16,Low Potential
21.46,79.2,0,Grid Point,0.0493,0.075,0.0651,0.2164,0.2474,0.1516,322.0,1.9924,270.0,1.3205,1.1435,1.6325,0.7005,0.5374,0,11.2162,0.1373,Low Potential
21.46,79.215,0,Grid Point,0.0522,0.0789,0.0689,0.2418,0.2449,0.1452,361.0,7.547549999999999,323.0516,1.3187,1.013,1.6861,0.6008,0.5564,0,9.8165,0.1692,Low Potential
21.46,79.23,0,Grid Point,0.0568,0.0752,0.0993,0.1863,0.2982,0.2096,372.0,3.8357,164.964,1.7507,1.6002,1.4227,1.1248,0.3045,0,8.4674,0.2852,Low Potential
21.46,79.245,0,Grid Point,0.0431,0.0603,0.0526,0.2092,0.1922,0.1132,344.0,2.1973,294.9543,1.2204,0.9185,1.6971,0.5412,0.5982,0,7.1976,0.2673,Low Potential
21.46,79.26,0,Grid Point,0.0622,0.0834,0.0959,0.2372,0.2786,0.1942,354.0,1.8543,180.0,1.543,1.1743,1.4343,0.8187,0.4242,0,6.0571,0.1697,Low Potential
21.46,79.275,0,Grid Point,0.0636,0.0898,0.105,0.2369,0.3364,0.229,357.0,7.547549999999999,241.9954,1.6517,1.4198,1.4688,0.9667,0.3856,0,5.1327,0.3974,Moderate Potential
21.46,79.29,0,Grid Point,0.0774,0.1082,0.1258,0.236,0.2779,0.2077,345.0,2.7208,227.0565,1.626,1.1773,1.338,0.8799,0.3045,0,4.5579,0.4956,Moderate Potential
21.46,79.305,0,Grid Point,0.0561,0.0749,0.078,0.2039,0.2876,0.1956,352.0,2.1048,208.2467,1.3913,1.4105,1.47,0.9595,0.4464,0,4.4698,0.1809,Low Potential
21.46,79.32,0,Grid Point,0.0708,0.0962,0.1188,0.2321,0.3278,0.2492,341.0,2.1973,245.0457,1.678,1.4123,1.3151,1.0739,0.3229,0,4.8946,0.5548,Moderate Potential
21.46,79.335,0,Grid Point,0.0602,0.0833,0.0956,0.2293,0.2872,0.2036,343.0,2.987,90.0,1.5902,1.2527,1.4109,0.8879,0.4113,0,5.7192,0.4691,Moderate Potential
21.46,79.35,0,Grid Point,0.0521,0.0786,0.077,0.2134,0.2803,0.1787,337.0,1.3611,227.0565,1.4789,1.3132,1.5686,0.8372,0.4695,0,6.7997,0.1578,Low Potential
21.46,79.365,0,Grid Point,0.058,0.0787,0.0914,0.2052,0.31,0.225,345.0,7.4444,187.6497,1.5767,1.5113,1.3783,1.0965,0.3833,1,8.0335,0.4836,Moderate Potential
21.46,79.38,0,Grid Point,0.0648,0.0844,0.0982,0.2432,0.31,0.2286,338.0,3.1272,107.2352,1.5158,1.2751,1.3566,0.94,0.4248,1,9.3601,0.5869,Moderate Potential
21.46,79.395,0,Grid Point,0.056,0.08,0.0852,0.27,0.2949,0.2022,339.0,3.4186,144.3849,1.5214,1.0922,1.4588,0.7487,0.5203,1,10.7452,0.1964,Low Potential
21.46,79.41,0,Grid Point,0.0874,0.1192,0.1642,0.2552,0.42003750000000006,0.328,350.0,2.7208,312.9435,1.8792,1.6484,1.2823,1.2855,0.217,1,12.1689,0.2622,Low Potential
21.46,79.425,0,Grid Point,0.0605,0.0798,0.0866,0.2018,0.2914,0.1972,405.0,7.547549999999999,231.4199,1.4314,1.444,1.4781,0.977,0.3994,1,12.6284,0.2961,Low Potential
21.46,79.44,0,Grid Point,0.0492,0.073,0.0642,0.2031,0.245,0.1515,405.0,2.7803,0.0,1.3039,1.2063,1.6172,0.7459,0.5199,1,11.747,0.1528,Low Potential
21.46,79.455,0,Grid Point,0.0438,0.0644,0.0524,0.1986,0.2238,0.125,404.0,2.1973,294.9543,1.1989,1.1264,1.79,0.6292,0.5822,1,11.0129,0.252,Low Potential
21.46,79.47,0,Grid Point,0.0476,0.0662,0.0573,0.2,0.22,0.1274,395.0,1.3611,227.0565,1.2025,1.1003,1.7268,0.6372,0.5545,1,10.457,0.199,Low Potential
21.46,79.485,0,Grid Point,0.043,0.0594,0.0572,0.18,0.2368,0.1422,390.0,3.514,58.1825,1.3298,1.3155,1.6656,0.7898,0.5175,1,10.1088,0.1844,Low Potential
21.46,79.5,0,Grid Point,0.043,0.0614,0.0558,0.1859,0.2276,0.1334,393.0,3.4186,35.6151,1.2965,1.2246,1.7065,0.7176,0.5386,1,9.99,0.1964,Low Potential
21.46,79.515,0,Grid Point,0.043,0.0624,0.056,0.1951,0.2193,0.128,396.0,7.547549999999999,173.8672,1.3027,1.124,1.7126,0.6563,0.5543,1,10.1088,0.2056,Low Potential
21.46,79.53,0,Grid Point,0.0488,0.0669,0.0637,0.222,0.235,0.1376,386.0,1.3611,47.0565,1.304,1.0585,1.7088,0.6195,0.5542,1,10.457,0.151,Low Potential
21.46,79.545,0,Grid Point,0.0453,0.0648,0.0668,0.2134,0.2343,0.1468,363.0,5.6352,169.847,1.4735,1.0977,1.5966,0.6875,0.5236,1,11.0129,0.166,Low Potential
21.46,79.56,0,Grid Point,0.0375,0.0569,0.0567,0.1748,0.2223,0.1378,346.0,7.547549999999999,141.1358,1.512,1.2714,1.6132,0.7881,0.5103,1,11.747,0.2668,Low Potential
21.46,79.575,0,Grid Point,0.0446,0.0683,0.068,0.2076,0.2387,0.1469,345.0,7.547549999999999,223.6845,1.5247,1.1495,1.6249,0.7074,0.5066,1,12.6284,0.1791,Low Potential
21.46,79.59,0,Grid Point,0.0474,0.0713,0.0674,0.1995,0.2303,0.1383,331.0,4.7538,321.1358,1.4219,1.1544,1.6652,0.6932,0.4949,1,13.6284,0.1894,Low Potential
21.46,79.605,0,Grid Point,0.0423,0.0654,0.0504,0.2453,0.2088,0.1156,361.0,7.547549999999999,289.2391,1.1903,0.8514,1.8059,0.4715,0.6594,1,14.7229,0.3238,Low Potential
21.46,79.62,0,Grid Point,0.0432,0.068,0.0566,0.2208,0.2286,0.1369,359.0,7.547549999999999,227.0565,1.309,1.0353,1.6695,0.6202,0.5921,1,15.8924,0.1836,Low Potential
21.46,79.635,0,Grid Point,0.0514,0.0799,0.0858,0.2362,0.2705,0.1716,442.0,7.547549999999999,336.7421,1.6686,1.145,1.5765,0.7263,0.4669,1,17.1216,0.2436,Low Potential
21.46,79.65,0,Grid Point,0.0428,0.0634,0.0482,0.2362,0.2161,0.1325,345.0,7.547549999999999,49.7666,1.1273,0.9151,1.6316,0.5609,0.6607,1,18.3984,0.2465,Low Potential
21.46,79.665,0,Grid Point,0.0493,0.0731,0.0824,0.213,0.2594,0.1666,434.0,7.547549999999999,176.158,1.6704,1.2173,1.5567,0.782,0.4425,1,18.5049,0.2239,Low Potential
21.46,79.68,0,Grid Point,0.0668,0.0957,0.1113,0.2056,0.2848,0.2026,308.0,7.547549999999999,58.1825,1.6662,1.3856,1.4057,0.9856,0.2975,1,17.3739,0.502,Moderate Potential
21.46,79.695,0,Grid Point,0.1013,0.1352,0.18015,0.2663,0.359,0.3181,285.0,0.0,0.0,1.7121,1.3479,1.1284,1.1945,0.1906,1,16.311,0.2653,Low Potential
21.46,79.71,0,Grid Point,0.074,0.107,0.124,0.2794,0.3502,0.2502,281.0,2.987,270.0,1.6775,1.2532,1.3998,0.8953,0.3851,1,15.3303,0.498,Moderate Potential
21.46,79.725,0,Grid Point,0.054,0.0812,0.0858,0.2236,0.2536,0.1604,378.0,7.547549999999999,158.0538,1.5894,1.1339,1.581,0.7172,0.4457,1,14.4485,0.1808,Low Potential
21.46,79.74,0,Grid Point,0.0394,0.0669,0.0554,0.2656,0.2283,0.1216,301.0,1.3611,227.0565,1.4048,0.8594,1.8782,0.4576,0.6551,1,13.6849,0.2512,Low Potential
21.46,79.755,0,Grid Point,0.0718,0.1056,0.123,0.2644,0.3068,0.2257,302.0,2.1048,151.7533,1.7143,1.1602,1.3591,0.8536,0.365,1,13.0601,0.308,Low Potential
21.46,79.77,0,Grid Point,0.0518,0.0782,0.0809,0.233,0.2767,0.1812,332.0,3.514,121.8175,1.5603,1.1876,1.527,0.7777,0.4845,1,12.5949,0.1743,Low Potential
21.46,79.785,0,Grid Point,0.064,0.0904,0.1,0.2426,0.3011,0.2132,293.0,1.3611,47.0565,1.5633,1.2411,1.4122,0.8788,0.4161,1,12.3074,0.3899,Moderate Potential
21.46,79.8,0,Grid Point,0.0768,0.1094,0.1195,0.2779,0.3126,0.2146,281.0,2.7803,0.0,1.557,1.1245,1.4561,0.7723,0.3987,1,12.21,0.1734,Low Potential
21.46,79.815,0,Grid Point,0.0462,0.0789,0.069,0.2004,0.1794,0.1014,274.0,0.0,0.0,1.4946,0.895,1.7687,0.506,0.4875,1,12.3074,0.2143,Low Potential
21.46,79.83,0,Grid Point,0.0589,0.086,0.089,0.2484,0.279,0.1857,274.0,2.7208,47.0565,1.511,1.123,1.5024,0.7474,0.4725,1,12.5949,0.1465,Low Potential
21.46,79.845,0,Grid Point,0.0667,0.0941,0.098,0.2736,0.2906,0.1945,271.0,0.9274,180.0,1.4685,1.0623,1.4943,0.7109,0.4727,1,13.0601,0.1566,Low Potential
21.46,79.86,0,Grid Point,0.0692,0.0952,0.1064,0.2468,0.294,0.2072,271.0,2.1048,151.7533,1.5368,1.1913,1.4183,0.8399,0.3976,1,13.6849,0.1934,Low Potential
21.46,79.875,0,Grid Point,0.0744,0.105,0.1178,0.2644,0.2919,0.2013,268.0,2.1048,28.2467,1.5823,1.104,1.4501,0.7613,0.3836,1,14.4485,0.1633,Low Potential
21.46,79.89,0,Grid Point,0.0438,0.0552,0.033,0.13885000000000003,0.09513749999999997,0.017112500000000003,255.0,0.0,0.0,0.9781375000000002,0.9008,1.2231,0.7365,0.07343750000000004,1,15.3303,0.6081,Moderate Potential
21.46,79.905,0,Grid Point,0.0354,0.0428,0.0318,0.13885000000000003,0.09513749999999997,0.0203,264.0,0.9965,90.0,0.9781375000000002,0.5621,1.5049,0.3735,0.2625,1,16.311,0.6054,Moderate Potential
21.46,79.92,0,Grid Point,0.0524,0.0785,0.0739,0.2044,0.1654,0.0962,266.0,2.1973,65.0457,1.4103,0.8092,1.7193,0.4706,0.4689,1,17.3739,0.2464,Low Potential
21.46,79.935,0,Grid Point,0.0623,0.0908,0.1058,0.2194,0.2978,0.2104,276.0,2.1973,245.0457,1.699,1.3576,1.416,0.9588,0.3491,1,17.5654,0.3802,Moderate Potential
21.46,79.95,0,Grid Point,0.0706,0.1039,0.1288,0.2381,0.3272,0.2428,283.0,0.9274,0.0,1.8251,1.3742,1.3473,1.0199,0.2977,1,16.0753,0.4203,Moderate Potential
21.46,79.965,0,Grid Point,0.0573,0.09,0.0843,0.2495,0.2948,0.1809,285.0,2.9529,160.2943,1.4712,1.1814,1.6294,0.7251,0.4949,1,14.5967,0.1598,Low Potential
21.46,79.98,0,Grid Point,0.0878,0.1224,0.149,0.2908,0.3478,0.255,292.0,2.7208,312.9435,1.698,1.1958,1.3642,0.8766,0.3225,1,13.1333,0.2826,Low Potential
21.46,79.995,0,Grid Point,0.0588,0.0894,0.0946,0.2464,0.2718,0.1848,286.0,0.9274,180.0,1.608,1.1031,1.4714,0.7496,0.4455,1,11.6909,0.1441,Low Potential
21.46,80.01,0,Grid Point,0.0636,0.0928,0.104,0.2267,0.3264,0.2392,299.0,1.3611,227.0565,1.6357,1.4398,1.3645,1.0551,0.3712,1,10.2784,0.5709,Moderate Potential
21.46,80.025,0,Grid Point,0.052,0.0802,0.089,0.2308,0.2472,0.1672,298.0,0.9274,180.0,1.7089,1.0711,1.4789,0.7242,0.4436,0,8.9101,0.1727,Low Potential
21.46,80.04,0,Grid Point,0.0695,0.0979,0.1126,0.2366,0.2808,0.2028,301.0,3.1272,287.2352,1.6201,1.1868,1.3846,0.8571,0.3551,0,7.6096,0.4694,Moderate Potential
21.46,80.055,0,Grid Point,0.0472,0.0752,0.0665,0.2315,0.251,0.1524,304.0,0.0,0.0,1.4089,1.0842,1.647,0.6583,0.5537,0,6.4185,0.1474,Low Potential
21.46,80.07,0,Grid Point,0.0641,0.0932,0.1011,0.2248,0.2915,0.2152,308.0,2.7208,132.9435,1.5772,1.2967,1.3546,0.9573,0.3796,0,5.4094,0.569,Moderate Potential
21.46,80.085,0,Grid Point,0.0525,0.0784,0.0769,0.2337,0.2652,0.1644,311.0,3.1272,287.2352,1.4648,1.1348,1.6131,0.7035,0.5048,0,4.7011,0.172,Low Potential
21.46,80.1,0,Grid Point,0.0776,0.1092,0.1221,0.2701,0.2994,0.2146,307.0,2.1048,28.2467,1.5735,1.1085,1.3952,0.7945,0.3774,0,4.44,0.2407,Low Potential
21.46,80.115,0,Grid Point,0.0607,0.0881,0.0974,0.2476,0.254,0.1843,314.0,3.1272,252.7648,1.6046,1.0258,1.3782,0.7443,0.4354,0,4.7011,0.3021,Low Potential
21.46,80.13,0,Grid Point,0.0487,0.0723,0.0689,0.2078,0.2475,0.155,330.0,7.547549999999999,6.8082,1.4148,1.191,1.5968,0.7459,0.502,0,5.4094,0.1864,Low Potential
21.46,80.145,0,Grid Point,0.0681,0.0937,0.1155,0.2216,0.3253,0.2295,318.0,2.1048,28.2467,1.696,1.468,1.4174,1.0356,0.3147,0,6.4185,0.4232,Moderate Potential
21.46,80.16,0,Grid Point,0.0741,0.1023,0.1155,0.2499,0.3041,0.2167,320.0,0.9274,0.0,1.5587,1.2169,1.4033,0.8671,0.3678,0,7.6096,0.3569,Moderate Potential
21.46,80.175,0,Grid Point,0.0853,0.117,0.1296,0.2771,0.284,0.2279,312.0,2.1973,294.9543,1.5193,1.0249,1.2462,0.8224,0.3627,0,8.9101,0.2402,Low Potential
21.46,80.19,0,Grid Point,0.0891,0.1034,0.1292,0.1797,0.2548,0.237,318.0,1.8543,0.0,1.4501,1.4179,1.0751,1.3189,0.1635,0,10.2784,0.452,Moderate Potential
21.46,80.205,0,Grid Point,0.1013,0.1363375,0.18015,0.2624,0.3037,0.2827,313.0,4.2039,331.7533,1.4259,1.1574,1.0743,1.0774,0.1183,0,11.6909,0.3009,Low Potential
21.46,80.22,0,Grid Point,0.0728,0.1016,0.1158,0.2539,0.3512,0.2478,306.0,2.7803,180.0,1.5907,1.3832,1.4173,0.976,0.3735,0,13.1333,0.2923,Low Potential
21.46,80.235,0,Grid Point,0.069,0.09,0.1077,0.2336,0.3359,0.2448,305.0,0.0,0.0,1.5609,1.4379,1.3721,1.0479,0.3689,0,14.5967,0.4867,Moderate Potential
21.46,80.25,0,Grid Point,0.0808,0.1071,0.125,0.2563,0.3456,0.2432,319.0,2.1048,208.2467,1.547,1.3484,1.4211,0.9489,0.3443,0,16.0753,0.3198,Low Potential
21.46,80.265,0,Grid Point,0.0756,0.1008,0.1139,0.252,0.3068,0.2223,310.0,3.7048,0.0,1.5066,1.2175,1.3801,0.8821,0.3774,0,17.5654,0.3967,Moderate Potential
21.46,80.28,0,Grid Point,0.045,0.0692,0.054,0.2545,0.1435,0.0835,303.0,3.1272,72.7648,1.2,0.5639,1.7186,0.3281,0.6499,0,19.0642,0.4726,Moderate Potential
21.46,80.295,0,Grid Point,0.0984,0.1321,0.1729,0.2505,0.4022,0.322,313.0,5.3018,69.5812,1.7571,1.6056,1.2491,1.2854,0.1833,0,20.5699,0.2238,Low Potential
21.46,80.31,0,Grid Point,0.0841,0.1114,0.139,0.2591,0.3369,0.2494,306.0,2.1048,331.7533,1.6528,1.3003,1.3508,0.9626,0.3017,0,21.4887,0.332,Low Potential
21.46,80.325,0,Grid Point,0.0709,0.0934,0.1053,0.2314,0.2481,0.1954,302.0,2.1048,28.2467,1.4852,1.0722,1.2697,0.8444,0.3745,0,21.2466,0.2602,Low Potential
21.46,80.34,0,Grid Point,0.0593,0.0845,0.0914,0.264,0.2782,0.1861,304.0,3.9799,90.0,1.5413,1.0538,1.4949,0.7049,0.4856,0,21.1151,0.1575,Low Potential
21.46,80.355,0,Grid Point,0.0461,0.0698,0.062,0.2196,0.1682,0.1027,301.0,2.9529,160.2943,1.3449,0.7659,1.6378,0.4677,0.5597,0,21.0963,0.2024,Low Potential
21.46,80.37,0,Grid Point,0.0781,0.1061,0.1263,0.2391,0.3108,0.2338,309.0,4.0773,47.0565,1.6172,1.2999,1.3293,0.9778,0.3087,0,21.1904,0.4965,Moderate Potential
21.46,80.385,0,Grid Point,0.0732,0.0965,0.1043,0.2508,0.2922,0.2044,295.0,4.9704,90.0,1.4249,1.1651,1.4295,0.815,0.4126,0,21.3959,0.1988,Low Potential
21.46,80.4,0,Grid Point,0.0641,0.0968,0.0988,0.2458,0.2364,0.1604,302.0,3.514,238.1825,1.5413,0.9618,1.4738,0.6526,0.4266,0,21.7097,0.1681,Low Potential
21.46,80.415,0,Grid Point,0.0604,0.0857,0.0964,0.2398,0.312,0.2172,296.0,2.987,270.0,1.596,1.3011,1.4365,0.9058,0.4265,0,22.1272,0.2755,Low Potential
21.46,80.43,0,Grid Point,0.0572,0.0857,0.0896,0.2372,0.2343,0.1564,296.0,3.8357,195.036,1.5664,0.9878,1.4981,0.6594,0.4517,0,22.6426,0.1454,Low Potential
21.46,80.445,0,Grid Point,0.0955,0.1223,0.1419,0.2382,0.2942,0.2498,303.0,1.3611,47.0565,1.4859,1.2351,1.1777,1.0487,0.2534,0,23.2494,0.283,Low Potential
21.46,80.46,0,Grid Point,0.0543,0.0781,0.0804,0.2135,0.2403,0.1672,305.0,3.9799,90.0,1.4807,1.1255,1.4372,0.7831,0.4529,0,23.9407,0.1459,Low Potential
21.46,80.475,0,Grid Point,0.084,0.1128,0.1426,0.2322,0.3353,0.2756,308.0,1.9924,90.0,1.6976,1.444,1.2166,1.1869,0.2391,0,24.7094,0.2424,Low Potential
21.46,80.49,0,Grid Point,0.0405,0.0538,0.0522,0.1952,0.0996,0.0571,311.0,3.4186,215.6151,1.2889,0.5102,1.7443,0.2925,0.578,0,25.5485,0.5402,Moderate Potential
21.475,79.2,0,Grid Point,0.0463,0.0576,0.0471,0.13885000000000003,0.09513749999999997,0.033,323.0,2.953,340.2924,1.0173,1.1003,1.6621,0.662,0.07343750000000004,0,11.9733,0.4857,Moderate Potential
21.475,79.215,0,Grid Point,0.0557,0.0816,0.0832,0.215,0.2714,0.1842,374.0,6.4649,180.0,1.4937,1.262,1.4734,0.8565,0.4421,0,10.6734,0.1981,Low Potential
21.475,79.23,0,Grid Point,0.0576,0.078,0.0832,0.2298,0.2894,0.1924,371.0,7.547549999999999,167.8705,1.4436,1.2594,1.5039,0.8374,0.4685,0,9.4475,0.2003,Low Potential
21.475,79.245,0,Grid Point,0.0528,0.0772,0.0772,0.2272,0.2671,0.1645,384.0,2.7209,132.9406,1.4612,1.1756,1.6237,0.724,0.493,0,8.3285,0.1469,Low Potential
21.475,79.26,0,Grid Point,0.0504,0.0761,0.0678,0.2166,0.2477,0.1506,364.0,4.204,151.7508,1.3462,1.1436,1.6453,0.6951,0.5229,0,7.3651,0.1604,Low Potential
21.475,79.275,0,Grid Point,0.0564,0.0814,0.0806,0.2204,0.2556,0.1674,377.0,2.1048,331.7508,1.4291,1.1595,1.5266,0.7595,0.4645,0,6.6258,0.1619,Low Potential
21.475,79.29,0,Grid Point,0.0466,0.0707,0.0536,0.2102,0.2156,0.1307,371.0,7.547549999999999,43.6874,1.1504,1.0252,1.6492,0.6216,0.594,0,6.1913,0.2485,Low Potential
21.475,79.305,0,Grid Point,0.051,0.0706,0.0633,0.1999,0.2379,0.1432,360.0,1.9926,270.0,1.2424,1.1901,1.6619,0.7161,0.519,0,6.1267,0.186,Low Potential
21.475,79.32,0,Grid Point,0.056,0.0812,0.0828,0.2369,0.2758,0.1747,360.0,7.1111,204.7281,1.4773,1.164,1.5784,0.7374,0.482,0,6.4432,0.1923,Low Potential
21.475,79.335,0,Grid Point,0.047,0.0599,0.0493,0.13885000000000003,0.1144,0.0714,349.0,0.0,0.0,1.0501,1.032,1.6011,0.6446,0.3843,0,7.0899,0.4193,Moderate Potential
21.475,79.35,0,Grid Point,0.0565,0.0877,0.0756,0.2442,0.2645,0.1554,381.0,3.8358,344.9625,1.3389,1.0834,1.7015,0.6367,0.5269,0,7.9871,0.1655,Low Potential
21.475,79.365,0,Grid Point,0.0487,0.0649,0.0674,0.1818,0.255,0.1654,354.0,2.1048,208.2492,1.384,1.403,1.5422,0.9098,0.459,0,9.0606,0.1631,Low Potential
21.475,79.38,0,Grid Point,0.0415,0.0634,0.0532,0.1951,0.2365,0.1424,356.0,2.1048,28.2492,1.2819,1.2122,1.6614,0.7296,0.5715,0,10.2552,0.2032,Low Potential
21.475,79.395,0,Grid Point,0.0547,0.077,0.078,0.1956,0.2884,0.1916,352.0,5.6888,240.8233,1.4269,1.4738,1.505,0.9793,0.4297,1,11.5333,0.2603,Low Potential
21.475,79.41,0,Grid Point,0.0534,0.0686,0.0742,0.1914,0.2672,0.1746,357.0,1.8543,0.0,1.3904,1.3958,1.5301,0.9122,0.441,1,12.4595,0.1768,Low Potential
21.475,79.425,0,Grid Point,0.0464,0.0653,0.0634,0.1836,0.2544,0.156,377.0,0.9274,0.0,1.3668,1.3856,1.6302,0.8499,0.4869,1,11.357,0.1464,Low Potential
21.475,79.44,0,Grid Point,0.0628,0.082,0.0922,0.2077,0.3266,0.2146,391.0,1.3612,227.0594,1.4674,1.5722,1.5217,1.0332,0.3854,1,10.3681,0.2575,Low Potential
21.475,79.455,0,Grid Point,0.0506,0.0692,0.0684,0.1761,0.2556,0.1613,396.0,1.8543,0.0,1.3518,1.4512,1.5843,0.916,0.4405,1,9.5283,0.1695,Low Potential
21.475,79.47,0,Grid Point,0.044,0.0646,0.0594,0.1862,0.2488,0.1444,395.0,0.9966,90.0,1.3515,1.3356,1.7232,0.775,0.5164,1,8.88,0.1541,Low Potential
21.475,79.485,0,Grid Point,0.0673,0.0854,0.1108,0.2135,0.3648,0.2554,384.0,4.0775,47.0594,1.6451,1.7089,1.4285,1.1963,0.3167,1,8.4672,0.4072,Moderate Potential
21.475,79.5,0,Grid Point,0.048,0.0687,0.074,0.1859,0.28,0.1804,373.0,2.1975,245.048,1.5401,1.5065,1.552,0.9707,0.4306,1,8.325,0.1954,Low Potential
21.475,79.515,0,Grid Point,0.048,0.0669,0.0691,0.1956,0.2526,0.1505,381.0,0.0,0.0,1.4411,1.2917,1.6787,0.7694,0.4779,1,8.4672,0.16,Low Potential
21.475,79.53,0,Grid Point,0.0698,0.0966,0.1162,0.2344,0.3559,0.2557,376.0,2.7209,47.0594,1.6667,1.5183,1.3919,1.0909,0.3369,1,8.88,0.5389,Moderate Potential
21.475,79.545,0,Grid Point,0.0507,0.0713,0.0779,0.1918,0.3016,0.1992,370.0,3.4188,215.6179,1.5365,1.5723,1.5143,1.0383,0.4224,1,9.5283,0.2224,Low Potential
21.475,79.56,0,Grid Point,0.047,0.0655,0.0662,0.1901,0.2548,0.1552,363.0,1.3612,227.0594,1.407,1.3406,1.6415,0.8167,0.4834,1,10.3681,0.1459,Low Potential
21.475,79.575,0,Grid Point,0.0542,0.0746,0.086,0.2068,0.2704,0.1829,370.0,4.204,28.2492,1.5867,1.3079,1.4784,0.8846,0.4125,1,11.357,0.2574,Low Potential
21.475,79.59,0,Grid Point,0.0472,0.0651,0.0655,0.2015,0.2568,0.1512,364.0,6.0925,319.315,1.3862,1.2742,1.6975,0.7506,0.5094,1,12.4595,0.2057,Low Potential
21.475,79.605,0,Grid Point,0.0446,0.0614,0.0643,0.1824,0.2394,0.148,343.0,7.547549999999999,151.7508,1.4433,1.3128,1.6174,0.8117,0.4787,1,13.6481,0.1823,Low Potential
21.475,79.62,0,Grid Point,0.0608,0.0823,0.092,0.2078,0.2603,0.1858,324.0,5.3023,110.4168,1.5119,1.2529,1.4013,0.8941,0.3862,1,14.9022,0.55,Moderate Potential
21.475,79.635,0,Grid Point,0.0501,0.0681,0.0714,0.1759,0.2636,0.1765,314.0,0.9966,270.0,1.4261,1.4989,1.4938,1.0034,0.4223,1,16.2066,0.2379,Low Potential
21.475,79.65,0,Grid Point,0.0405,0.0519,0.0403,0.13885000000000003,0.09513749999999997,0.0254,302.0,0.0,0.0,0.9951,1.3203,1.1906,1.1089,0.07343750000000004,1,17.5502,0.625,Moderate Potential
21.475,79.665,0,Grid Point,0.0499,0.072,0.0628,0.2782,0.1529,0.0804,295.0,3.8358,15.0375,1.2575,0.5493,1.9023,0.2888,0.632,1,18.9245,0.474,Moderate Potential
21.475,79.68,0,Grid Point,0.046,0.0762,0.0562,0.2805,0.1647,0.0938,288.0,2.1975,65.048,1.2242,0.5872,1.7549,0.3346,0.6659,1,18.5819,0.4163,Moderate Potential
21.475,79.695,0,Grid Point,0.0572,0.0799,0.0862,0.1972,0.2435,0.1635,289.0,2.7803,180.0,1.5092,1.2345,1.4893,0.8289,0.3915,1,17.592,0.1675,Low Potential
21.475,79.71,0,Grid Point,0.0488,0.0756,0.0626,0.1997,0.1536,0.0822,288.0,2.7209,132.9406,1.2831,0.7694,1.8704,0.4114,0.523,1,16.6868,0.3489,Low Potential
21.475,79.725,0,Grid Point,0.0383,0.0604,0.0526,0.2036,0.2104,0.1271,297.0,1.3612,227.0594,1.3734,1.0334,1.6558,0.6241,0.5895,1,15.8805,0.232,Low Potential
21.475,79.74,0,Grid Point,0.0498,0.0677,0.0732,0.188,0.2608,0.1699,300.0,2.1975,294.952,1.4704,1.387,1.5347,0.9037,0.4398,1,15.1891,0.2387,Low Potential
21.475,79.755,0,Grid Point,0.0494,0.0744,0.0759,0.2064,0.2419,0.1585,428.0,5.8903,199.7076,1.538,1.1723,1.5262,0.7681,0.4622,1,14.6287,0.1929,Low Potential
21.475,79.77,0,Grid Point,0.0537,0.0822,0.0867,0.2396,0.2456,0.1528,305.0,0.9274,180.0,1.6155,1.025,1.6073,0.6377,0.4684,1,14.2149,0.1482,Low Potential
21.475,79.785,0,Grid Point,0.0546,0.0754,0.0898,0.2313,0.265,0.1681,295.0,2.1975,245.048,1.6441,1.1459,1.5767,0.7268,0.4404,1,13.9608,0.1881,Low Potential
21.475,79.8,0,Grid Point,0.0518,0.0755,0.0794,0.226,0.2849,0.1874,287.0,1.3612,312.9406,1.5304,1.2606,1.5207,0.829,0.4803,1,13.875,0.2171,Low Potential
21.475,79.815,0,Grid Point,0.0471,0.066,0.0666,0.1968,0.1771,0.1082,278.0,2.1975,114.952,1.4151,0.8996,1.6356,0.5501,0.494,1,13.9608,0.1752,Low Potential
21.475,79.83,0,Grid Point,0.0633,0.0889,0.0991,0.2248,0.2765,0.1966,281.0,1.8543,180.0,1.5656,1.2297,1.4064,0.8744,0.3882,1,14.2149,0.369,Moderate Potential
21.475,79.845,0,Grid Point,0.0548,0.0826,0.0848,0.1871,0.1712,0.104,277.0,2.1975,114.952,1.5489,0.915,1.6454,0.5561,0.3762,1,14.6287,0.2253,Low Potential
21.475,79.86,0,Grid Point,0.0613,0.0856,0.0752,0.2689,0.1868,0.1048,274.0,0.9274,0.0,1.2259,0.6947,1.7824,0.3897,0.5631,1,15.1891,0.281,Low Potential
21.475,79.875,0,Grid Point,0.0536,0.0762,0.0609,0.2304,0.18,0.1084,272.0,0.9274,180.0,1.1351,0.7809,1.6593,0.4706,0.5819,1,15.8805,0.2416,Low Potential
21.475,79.89,0,Grid Point,0.1009,0.1243,0.1602,0.2476,0.3446,0.2673,271.0,1.8543,180.0,1.5882,1.3913,1.289,1.0793,0.2143,1,16.6868,0.2443,Low Potential
21.475,79.905,0,Grid Point,0.065,0.0937,0.0872,0.2943,0.2773,0.1749,265.0,2.1975,245.048,1.3415,0.9422,1.5855,0.5943,0.5429,1,17.592,0.1618,Low Potential
21.475,79.92,0,Grid Point,0.0776,0.1103,0.1172,0.2922,0.2775,0.2081,272.0,2.7209,47.0594,1.5093,0.9495,1.3335,0.7121,0.4275,1,18.5819,0.2316,Low Potential
21.475,79.935,0,Grid Point,0.0876,0.1202,0.1518,0.2754,0.3696,0.2671,274.0,1.9926,270.0,1.7333,1.3418,1.3838,0.9697,0.2896,1,17.2201,0.2236,Low Potential
21.475,79.95,0,Grid Point,0.0632,0.0949,0.1008,0.2452,0.2838,0.1919,278.0,0.9274,180.0,1.597,1.1576,1.4792,0.7826,0.4171,1,15.6972,0.1629,Low Potential
21.475,79.965,0,Grid Point,0.0646,0.0898,0.108,0.2524,0.3127,0.2156,295.0,1.3612,312.9406,1.6713,1.2392,1.4504,0.8544,0.4004,1,14.1792,0.3132,Low Potential
21.475,79.98,0,Grid Point,0.0621,0.0892,0.0982,0.2478,0.2994,0.2063,283.0,0.9274,0.0,1.5821,1.2082,1.4515,0.8324,0.4322,1,12.6677,0.1795,Low Potential
21.475,79.995,0,Grid Point,0.0705,0.0986,0.1112,0.2568,0.2966,0.2132,286.0,1.3612,47.0594,1.5773,1.1552,1.3909,0.8306,0.3956,1,11.1653,0.2592,Low Potential
21.475,80.01,0,Grid Point,0.0482,0.0752,0.0736,0.2404,0.23,0.1407,294.0,0.9274,180.0,1.5244,0.9565,1.6343,0.5853,0.5315,1,9.6764,0.1321,Low Potential
21.475,80.025,0,Grid Point,0.1013,0.1363375,0.177,0.2576,0.3412,0.2911,297.0,1.9926,90.0,1.6678,1.3245,1.1723,1.1298,0.1857,1,8.2083,0.2687,Low Potential
21.475,80.04,0,Grid Point,0.0695,0.0991,0.1206,0.2471,0.2912,0.2123,292.0,1.8543,180.0,1.7353,1.1785,1.3716,0.8592,0.344,1,6.7744,0.3594,Moderate Potential
21.475,80.055,0,Grid Point,0.0555,0.0775,0.0714,0.2615,0.222,0.1592,295.0,5.3023,69.5832,1.2865,0.8489,1.3945,0.6088,0.571,0,5.4022,0.282,Low Potential
21.475,80.07,0,Grid Point,0.0655,0.0942,0.1042,0.1929,0.2231,0.1631,295.0,0.0,0.0,1.5908,1.1566,1.3679,0.8455,0.2986,0,4.1532,0.4022,Moderate Potential
21.475,80.085,0,Grid Point,0.0656,0.0991,0.1024,0.2929,0.3378,0.2077,296.0,0.9274,0.0,1.561,1.1533,1.6264,0.7091,0.4819,0,3.1761,0.1779,Low Potential
21.475,80.1,0,Grid Point,0.0456,0.0742,0.066,0.2519,0.1998,0.1215,309.0,6.2364,107.2335,1.4474,0.7932,1.6444,0.4823,0.5848,0,2.775,0.2143,Low Potential
21.475,80.115,0,Grid Point,0.0578,0.0809,0.0884,0.204,0.2607,0.1823,309.0,4.8501,304.9125,1.5294,1.2779,1.4301,0.8936,0.3953,0,3.1761,0.3613,Moderate Potential
21.475,80.13,0,Grid Point,0.1013,0.1363375,0.18015,0.2682,0.332,0.279,323.0,2.1048,151.7508,1.4715,1.2379,1.19,1.0403,0.1875,0,4.1532,0.3157,Low Potential
21.475,80.145,0,Grid Point,0.0915,0.1258,0.1431,0.257,0.3488,0.2707,308.0,2.1048,151.7508,1.5639,1.3572,1.2885,1.0533,0.2847,0,5.4022,0.2877,Low Potential
21.475,80.16,0,Grid Point,0.0622,0.087,0.0921,0.1946,0.2751,0.1916,317.0,1.3612,132.9406,1.4807,1.4137,1.4358,0.9846,0.3575,0,6.7744,0.2573,Low Potential
21.475,80.175,0,Grid Point,0.0528,0.0734,0.0665,0.2114,0.1712,0.0996,312.0,0.9966,270.0,1.2595,0.8098,1.7189,0.4711,0.5214,0,8.2083,0.2682,Low Potential
21.475,80.19,0,Grid Point,0.0941,0.1307,0.1547,0.2872,0.3912,0.3,307.0,4.9709,270.0,1.644,1.3621,1.304,1.0446,0.2998,0,9.6764,0.2973,Low Potential
21.475,80.205,0,Grid Point,0.0705,0.1015,0.1345,0.2012,0.2776,0.2153,305.0,2.1048,208.2492,1.9078,1.3797,1.2894,1.0701,0.1987,0,11.1653,0.4396,Moderate Potential
21.475,80.22,0,Grid Point,0.0684,0.0926,0.103,0.2531,0.2887,0.1981,303.0,5.6888,240.8233,1.5058,1.1407,1.4573,0.7827,0.4215,0,12.6677,0.2085,Low Potential
21.475,80.235,0,Grid Point,0.0467,0.0722,0.0596,0.2658,0.1602,0.0844,308.0,1.9926,90.0,1.2762,0.6027,1.8981,0.3175,0.6337,0,14.1792,0.4743,Moderate Potential
21.475,80.25,0,Grid Point,0.0419,0.0719,0.0628,0.2597,0.1698,0.095,316.0,0.9274,180.0,1.4988,0.6538,1.7874,0.3658,0.6105,0,15.6972,0.4426,Moderate Potential
21.475,80.265,0,Grid Point,0.0849,0.1205,0.1691,0.2479,0.3857,0.317,301.0,5.5475,180.0,1.9918,1.5559,1.2167,1.2787,0.189,0,17.2201,0.216,Low Potential
21.475,80.28,0,Grid Point,0.0738,0.0971,0.1114,0.2374,0.2791,0.2021,296.0,0.0,0.0,1.5095,1.1757,1.381,0.8513,0.3612,0,18.7465,0.2857,Low Potential
21.475,80.295,0,Grid Point,0.0446,0.0762,0.0673,0.2555,0.1689,0.1053,307.0,1.9926,270.0,1.509,0.6611,1.604,0.4121,0.583,0,20.2342,0.197,Low Potential
21.475,80.31,0,Grid Point,0.0677,0.0912,0.0988,0.2445,0.2889,0.1907,301.0,1.8543,180.0,1.4594,1.1816,1.5149,0.78,0.4244,0,19.8571,0.1411,Low Potential
21.475,80.325,0,Grid Point,0.1013,0.1363375,0.1767,0.2705,0.399,0.3336125,303.0,2.1975,245.048,1.6468,1.475,1.1925,1.237,0.2097,0,19.5949,0.2394,Low Potential
21.475,80.34,0,Grid Point,0.0735,0.1008,0.1108,0.2435,0.2892,0.1986,294.0,4.6274,0.0,1.5075,1.1877,1.4562,0.8156,0.3745,0,19.4523,0.1936,Low Potential
21.475,80.355,0,Grid Point,0.0907,0.1162,0.1466,0.2555,0.3436,0.2635,307.0,2.7803,180.0,1.6163,1.3448,1.304,1.0313,0.2708,0,19.4318,0.2357,Low Potential
21.475,80.37,0,Grid Point,0.0708,0.0955,0.105,0.2486,0.3031,0.2135,307.0,2.7209,227.0594,1.4831,1.2192,1.4197,0.8588,0.4061,0,19.5339,0.1941,Low Potential
21.475,80.385,0,Grid Point,0.0468,0.0679,0.0649,0.1923,0.2517,0.1556,296.0,3.9803,90.0,1.3868,1.3089,1.6176,0.8092,0.4953,0,19.7567,0.1499,Low Potential
21.475,80.4,0,Grid Point,0.0728,0.1051,0.1405,0.2088,0.2859,0.2227,296.0,3.1275,252.7665,1.9299,1.3693,1.2838,1.0666,0.1955,0,20.0961,0.3686,Moderate Potential
21.475,80.415,0,Grid Point,0.072,0.0973,0.0938,0.2464,0.2437,0.1754,302.0,2.1975,114.952,1.3028,0.989,1.3894,0.7119,0.4486,0,20.5464,0.1988,Low Potential
21.475,80.43,0,Grid Point,0.0543,0.0776,0.0697,0.2389,0.1916,0.1289,300.0,0.9274,0.0,1.2836,0.802,1.4864,0.5396,0.5483,0,21.1004,0.1446,Low Potential
21.475,80.445,0,Grid Point,0.0353,0.0634,0.051,0.2451,0.1629,0.0913,305.0,2.7209,47.0594,1.4448,0.6646,1.7842,0.3725,0.6555,0,21.7503,0.3881,Moderate Potential
21.475,80.46,0,Grid Point,0.0517,0.0856,0.086,0.2549,0.2346,0.1638,308.0,2.1048,28.2492,1.6634,0.9204,1.4322,0.6426,0.4955,0,22.4878,0.1472,Low Potential
21.475,80.475,0,Grid Point,0.0394,0.0707,0.0638,0.2506,0.1452,0.076,310.0,0.9274,180.0,1.6193,0.5794,1.9105,0.3033,0.5941,0,23.3044,0.4491,Moderate Potential
21.475,80.49,0,Grid Point,0.0669,0.0924,0.1121,0.2042,0.253,0.1903,311.0,1.9926,90.0,1.6756,1.239,1.3295,0.9319,0.2912,0,24.1923,0.5033,Moderate Potential
21.49,79.2,0,Grid Point,0.0572,0.0781,0.0897,0.192,0.2816,0.1916,343.0,3.4189,324.3794,1.5668,1.466,1.4695,0.9977,0.3633,0,12.9021,0.2587,Low Potential
21.49,79.215,0,Grid Point,0.0644,0.0888,0.1058,0.2086,0.304,0.2068,333.0,3.5146,121.8122,1.6416,1.4579,1.4699,0.9918,0.3269,0,11.7057,0.4376,Moderate Potential
21.49,79.23,0,Grid Point,0.0887,0.1123,0.1101,0.31765,0.3097,0.2078,389.0,7.547549999999999,346.7704,1.2413,0.9395,1.4904,0.6304,0.4993,0,10.5999,0.2328,Low Potential
21.49,79.245,0,Grid Point,0.0434,0.0672,0.0568,0.18,0.234,0.1398,386.0,7.0029,58.1878,1.3061,1.2994,1.6729,0.7767,0.5207,0,9.6159,0.1776,Low Potential
21.49,79.26,0,Grid Point,0.0478,0.072,0.0617,0.2088,0.2384,0.1429,396.0,3.4189,324.3794,1.2894,1.1415,1.6679,0.6844,0.5438,0,8.7947,0.1818,Low Potential
21.49,79.275,0,Grid Point,0.0454,0.0698,0.0597,0.1927,0.2327,0.14,391.0,3.1278,287.2318,1.3135,1.2076,1.6615,0.7268,0.5269,0,8.1856,0.1892,Low Potential
21.49,79.29,0,Grid Point,0.0514,0.0678,0.0706,0.1878,0.2455,0.1498,384.0,1.3613,227.0624,1.3726,1.3069,1.6394,0.7972,0.4539,0,7.838,0.1492,Low Potential
21.49,79.305,0,Grid Point,0.0572,0.0727,0.0852,0.1927,0.2884,0.1921,399.0,6.2921,151.7484,1.4908,1.4966,1.5013,0.9969,0.3868,0,7.787,0.2365,Low Potential
21.49,79.32,0,Grid Point,0.0538,0.0765,0.074,0.2255,0.2786,0.1742,380.0,0.0,0.0,1.3777,1.2353,1.5995,0.7723,0.5056,0,8.0384,0.1586,Low Potential
21.49,79.335,0,Grid Point,0.0525,0.0728,0.0626,0.2004,0.2504,0.1558,371.0,0.9274,0.0,1.1933,1.2496,1.6069,0.7776,0.5236,0,8.5656,0.1891,Low Potential
21.49,79.35,0,Grid Point,0.0506,0.0657,0.0723,0.1726,0.2684,0.1738,388.0,4.7326,192.1307,1.4289,1.5552,1.544,1.0072,0.4094,0,9.3218,0.2207,Low Potential
21.49,79.365,0,Grid Point,0.049,0.0754,0.0733,0.209,0.269,0.1684,382.0,2.953,19.7094,1.4959,1.2871,1.5969,0.806,0.4807,0,10.2565,0.1582,Low Potential
21.49,79.38,0,Grid Point,0.0501,0.0708,0.0694,0.1755,0.276,0.179,358.0,4.2041,208.2516,1.3862,1.5729,1.5417,1.0202,0.4329,0,11.3257,0.2261,Low Potential
21.49,79.395,0,Grid Point,0.0571,0.0762,0.0825,0.1906,0.2899,0.1906,359.0,2.953,199.7094,1.4448,1.5214,1.5206,1.0005,0.3957,0,12.4948,0.2003,Low Potential
21.49,79.41,0,Grid Point,0.0542,0.0778,0.0712,0.2029,0.2699,0.1672,373.0,2.953,199.7094,1.3127,1.3302,1.6142,0.8241,0.4808,1,11.4144,0.1663,Low Potential
21.49,79.425,0,Grid Point,0.0671,0.0979,0.1064,0.232,0.3129,0.2156,382.0,4.0867,283.0953,1.5849,1.349,1.4513,0.9295,0.3713,1,10.1996,0.4613,Moderate Potential
21.49,79.44,0,Grid Point,0.045,0.064,0.0616,0.1904,0.2437,0.1482,383.0,3.9807,270.0,1.3678,1.2803,1.645,0.7783,0.5113,1,9.0856,0.1842,Low Potential
21.49,79.455,0,Grid Point,0.044,0.0642,0.0578,0.1862,0.2302,0.1362,383.0,1.8543,180.0,1.311,1.2364,1.6898,0.7317,0.5264,1,8.1141,0.1638,Low Potential
21.49,79.47,0,Grid Point,0.0432,0.0658,0.0594,0.1991,0.236,0.1374,388.0,2.1049,28.2516,1.3766,1.1851,1.7166,0.6904,0.5404,1,7.3419,0.1668,Low Potential
21.49,79.485,0,Grid Point,0.0478,0.0652,0.062,0.1878,0.2434,0.1474,376.0,5.6893,299.1741,1.2995,1.2958,1.6515,0.7846,0.5033,1,6.8369,0.2075,Low Potential
21.49,79.5,0,Grid Point,0.042,0.0576,0.053,0.1947,0.2213,0.1277,369.0,3.7048,0.0,1.2622,1.1366,1.7336,0.6556,0.5724,1,6.66,0.2524,Low Potential
21.49,79.515,0,Grid Point,0.0516,0.066,0.0727,0.1858,0.2662,0.1592,368.0,0.9967,90.0,1.4079,1.4323,1.6726,0.8563,0.4379,1,6.8369,0.1638,Low Potential
21.49,79.53,0,Grid Point,0.0434,0.0605,0.0632,0.1868,0.2538,0.1608,369.0,1.9928,270.0,1.4579,1.3589,1.5792,0.8605,0.4944,1,7.3419,0.182,Low Potential
21.49,79.545,0,Grid Point,0.0727,0.0969,0.1148,0.2354,0.3609,0.2621,359.0,0.9967,90.0,1.5791,1.5331,1.377,1.1134,0.3444,1,8.1141,0.521,Moderate Potential
21.49,79.56,0,Grid Point,0.0505,0.0664,0.0736,0.1885,0.2738,0.184,365.0,3.5146,121.8122,1.4574,1.4528,1.4887,0.9759,0.4384,1,9.0856,0.2071,Low Potential
21.49,79.575,0,Grid Point,0.0772,0.1064,0.1321,0.2602,0.42003750000000006,0.319,350.0,2.7211,227.0624,1.71,1.6518,1.3471,1.2262,0.3265,1,10.1996,0.3913,Moderate Potential
21.49,79.59,0,Grid Point,0.053,0.0672,0.075,0.1924,0.2762,0.1804,363.0,0.9967,270.0,1.4128,1.4356,1.5306,0.9379,0.4393,1,11.4144,0.2002,Low Potential
21.49,79.605,0,Grid Point,0.05,0.066,0.074,0.177,0.2632,0.1722,346.0,5.4299,227.0624,1.479,1.4877,1.5287,0.9732,0.4105,1,12.7012,0.2612,Low Potential
21.49,79.62,0,Grid Point,0.0468,0.0598,0.0676,0.168,0.2577,0.1704,336.0,4.6274,180.0,1.4455,1.5339,1.5123,1.0143,0.4258,1,14.0401,0.2494,Low Potential
21.49,79.635,0,Grid Point,0.048,0.0663,0.0732,0.2055,0.264,0.169,354.0,4.3889,114.9498,1.5255,1.2847,1.5617,0.8226,0.475,1,15.4177,0.2007,Low Potential
21.49,79.65,0,Grid Point,0.0713,0.0988,0.1377,0.2198,0.363,0.2679,320.0,3.1278,72.7682,1.9313,1.6511,1.355,1.2186,0.2298,1,16.8243,0.3709,Moderate Potential
21.49,79.665,0,Grid Point,0.0464,0.0757,0.0628,0.201,0.1705,0.0927,301.0,4.8504,124.9097,1.3534,0.8485,1.8393,0.4613,0.5238,1,18.2534,0.3262,Low Potential
21.49,79.68,0,Grid Point,0.0447,0.0781,0.065,0.2171,0.1737,0.0969,295.0,1.3613,227.0624,1.4541,0.8001,1.7926,0.4463,0.5392,1,19.1677,0.2478,Low Potential
21.49,79.695,0,Grid Point,0.0442,0.0658,0.0614,0.1882,0.2278,0.1358,307.0,0.9967,270.0,1.3891,1.2101,1.6768,0.7216,0.5081,1,18.6416,0.1635,Low Potential
21.49,79.71,0,Grid Point,0.051,0.072,0.0766,0.197,0.2712,0.173,314.0,3.1278,287.2318,1.501,1.3766,1.5675,0.8782,0.4404,1,18.0949,0.2322,Low Potential
21.49,79.725,0,Grid Point,0.0424,0.0646,0.0643,0.2029,0.2454,0.1522,308.0,1.3613,132.9376,1.5147,1.2097,1.6122,0.7504,0.5187,1,17.3542,0.1547,Low Potential
21.49,79.74,0,Grid Point,0.0497,0.0694,0.0716,0.185,0.2512,0.1562,325.0,4.0778,132.9376,1.4396,1.3581,1.608,0.8446,0.4422,1,16.7238,0.1672,Low Potential
21.49,79.755,0,Grid Point,0.0503,0.0734,0.0795,0.2044,0.2726,0.175,333.0,1.3613,227.0624,1.5805,1.3333,1.5573,0.8562,0.44,1,16.2165,0.1853,Low Potential
21.49,79.77,0,Grid Point,0.0401,0.063,0.051,0.2848,0.2221,0.1141,334.0,7.547549999999999,348.9436,1.2718,0.7797,1.9465,0.4006,0.6963,1,15.8442,0.3248,Low Potential
21.49,79.785,0,Grid Point,0.058,0.0798,0.1038,0.1863,0.2792,0.2025,394.0,7.547549999999999,162.596,1.7881,1.4984,1.3785,1.087,0.2844,1,15.6166,0.4681,Moderate Potential
21.49,79.8,0,Grid Point,0.038,0.0616,0.056,0.238,0.2332,0.1331,317.0,7.547549999999999,121.8122,1.4769,0.9802,1.7524,0.5594,0.6187,1,15.54,0.233,Low Potential
21.49,79.815,0,Grid Point,0.0452,0.0695,0.0637,0.1978,0.1793,0.1146,287.0,4.7541,321.13,1.4077,0.9067,1.5653,0.5793,0.5127,1,15.6166,0.269,Low Potential
21.49,79.83,0,Grid Point,0.0662,0.0967,0.1066,0.2482,0.293,0.2035,281.0,0.9967,270.0,1.6091,1.1807,1.4398,0.8201,0.399,1,15.8442,0.2118,Low Potential
21.49,79.845,0,Grid Point,0.0696,0.1016,0.1148,0.2507,0.2946,0.2092,278.0,0.9967,270.0,1.6499,1.1751,1.4079,0.8347,0.372,1,16.2165,0.3504,Moderate Potential
21.49,79.86,0,Grid Point,0.0582,0.0932,0.0713,0.2529,0.1777,0.0987,276.0,1.3613,132.9376,1.2261,0.7026,1.8004,0.3903,0.5601,1,16.7238,0.2971,Low Potential
21.49,79.875,0,Grid Point,0.0492,0.0788,0.0642,0.2437,0.1676,0.0977,275.0,2.1049,151.7484,1.3059,0.6879,1.716,0.4009,0.5827,1,17.3542,0.2506,Low Potential
21.49,79.89,0,Grid Point,0.0756,0.101,0.1209,0.2538,0.292,0.2019,274.0,2.7211,132.9376,1.5981,1.1503,1.446,0.7955,0.3547,1,18.0949,0.1674,Low Potential
21.49,79.905,0,Grid Point,0.0587,0.0848,0.0878,0.2372,0.2636,0.1745,269.0,0.9274,180.0,1.4949,1.1115,1.5109,0.7357,0.4599,1,18.9329,0.1427,Low Potential
21.49,79.92,0,Grid Point,0.0645,0.093,0.1022,0.2496,0.2882,0.2002,272.0,2.9876,90.0,1.5853,1.1542,1.4397,0.8017,0.4189,1,18.5732,0.1679,Low Potential
21.49,79.935,0,Grid Point,0.0463,0.0741,0.0596,0.2258,0.1417,0.0762,275.0,0.9274,180.0,1.2883,0.6277,1.8596,0.3375,0.582,1,17.0312,0.4609,Moderate Potential
21.49,79.95,0,Grid Point,0.0544,0.0802,0.0782,0.2543,0.2689,0.166,275.0,1.8543,180.0,1.4384,1.0574,1.6199,0.6528,0.5294,1,15.4898,0.1276,Low Potential
21.49,79.965,0,Grid Point,0.0827,0.1172,0.1425,0.2672,0.337,0.2493,293.0,1.8543,180.0,1.7231,1.2617,1.352,0.9332,0.3043,1,13.9492,0.3007,Low Potential
21.49,79.98,0,Grid Point,0.0584,0.0852,0.0963,0.2346,0.2656,0.1788,283.0,1.9928,90.0,1.6476,1.1322,1.4852,0.7623,0.4179,1,12.4097,0.1817,Low Potential
21.49,79.995,0,Grid Point,0.0486,0.0772,0.0722,0.2648,0.2,0.1148,281.0,2.1977,114.9498,1.4846,0.7551,1.7425,0.4333,0.5717,1,10.8718,0.1767,Low Potential
21.49,80.01,0,Grid Point,0.0654,0.0898,0.093,0.2545,0.2584,0.1724,293.0,0.9967,270.0,1.4231,1.0153,1.4993,0.6772,0.4647,1,9.3362,0.1439,Low Potential
21.49,80.025,0,Grid Point,0.0602,0.0866,0.0979,0.2572,0.3114,0.2164,284.0,0.9967,90.0,1.6241,1.2105,1.4384,0.8416,0.4488,1,7.8043,0.1984,Low Potential
21.49,80.04,0,Grid Point,0.0802,0.1141,0.1354,0.2773,0.3521,0.2643,286.0,3.4189,35.6206,1.6883,1.2697,1.3322,0.9531,0.3438,1,6.2789,0.4106,Moderate Potential
21.49,80.055,0,Grid Point,0.047,0.0709,0.0647,0.2271,0.1716,0.0974,287.0,1.8543,180.0,1.3766,0.7556,1.7618,0.4289,0.5565,1,4.7661,0.3203,Low Potential
21.49,80.07,0,Grid Point,0.0703,0.103,0.1062,0.2694,0.2852,0.1928,295.0,1.9928,270.0,1.5107,1.0586,1.4793,0.7157,0.4345,1,3.2833,0.1522,Low Potential
21.49,80.085,0,Grid Point,0.0451,0.0721,0.0715,0.2344,0.2555,0.1589,303.0,2.953,340.2906,1.5854,1.09,1.6079,0.6779,0.5325,0,1.9024,0.1583,Low Potential
21.49,80.1,0,Grid Point,0.0612,0.0874,0.0968,0.231,0.2851,0.2011,299.0,1.3613,227.0624,1.5817,1.2342,1.4177,0.8706,0.4094,0,1.11,0.2529,Low Potential
21.49,80.115,0,Grid Point,0.0843,0.1177,0.1435,0.2706,0.3604,0.2676,308.0,3.5146,58.1878,1.7023,1.3319,1.3468,0.9889,0.3069,0,1.9024,0.375,Moderate Potential
21.49,80.13,0,Grid Point,0.0809,0.1115,0.1365,0.2535,0.3448,0.2585,303.0,2.7211,132.9376,1.6873,1.3602,1.3338,1.0197,0.3,0,3.2833,0.3371,Low Potential
21.49,80.145,0,Grid Point,0.072,0.1001,0.1159,0.2555,0.3573,0.2583,302.0,2.953,160.2906,1.6097,1.3984,1.3833,1.011,0.3759,0,4.7661,0.3963,Moderate Potential
21.49,80.16,0,Grid Point,0.0489,0.0673,0.0606,0.2482,0.194,0.1304,311.0,1.8543,0.0,1.2393,0.7816,1.4877,0.5254,0.6075,0,6.2789,0.1919,Low Potential
21.49,80.175,0,Grid Point,0.0464,0.0657,0.0603,0.2309,0.2425,0.1453,308.0,7.1113,155.2696,1.2996,1.0502,1.669,0.6293,0.5859,0,7.8043,0.1828,Low Potential
21.49,80.19,0,Grid Point,0.0876,0.1217,0.1518,0.2766,0.3919,0.2965,319.0,4.3889,114.9498,1.7329,1.4168,1.3218,1.0719,0.2913,0,9.3362,0.2491,Low Potential
21.49,80.205,0,Grid Point,0.0754,0.1057,0.1133,0.3065,0.3619,0.246,310.0,0.9967,270.0,1.5027,1.1808,1.4711,0.8026,0.4602,0,10.8718,0.1855,Low Potential
21.49,80.22,0,Grid Point,0.0389,0.0631,0.0444,0.2764,0.1666,0.0908,301.0,2.1977,245.0502,1.1414,0.6027,1.8348,0.3285,0.7232,0,12.4097,0.557,Moderate Potential
21.49,80.235,0,Grid Point,0.0448,0.0658,0.0475,0.277,0.1503,0.0825,301.0,3.5146,238.1878,1.0603,0.5426,1.8218,0.2978,0.7072,0,13.9492,0.5441,Moderate Potential
21.49,80.25,0,Grid Point,0.0637,0.0809,0.1048,0.1779,0.3143,0.2264,310.0,2.7803,0.0,1.6452,1.7667,1.3883,1.2726,0.2586,0,15.4898,0.5192,Moderate Potential
21.49,80.265,0,Grid Point,0.04,0.069,0.0481,0.2353,0.1453,0.0782,304.0,0.9967,270.0,1.2025,0.6175,1.8581,0.3323,0.6606,0,17.0312,0.5327,Moderate Potential
21.49,80.28,0,Grid Point,0.0534,0.0748,0.0762,0.2288,0.2293,0.1412,295.0,1.3613,227.0624,1.427,1.0022,1.6239,0.6171,0.5003,0,18.5732,0.1219,Low Potential
21.49,80.295,0,Grid Point,0.043,0.0706,0.0484,0.2813,0.1492,0.0825,297.0,4.0867,103.0953,1.1256,0.5304,1.8085,0.2933,0.7064,0,18.6416,0.5216,Moderate Potential
21.49,80.31,0,Grid Point,0.0442,0.0648,0.054,0.2354,0.2029,0.122,295.0,1.9928,90.0,1.2217,0.8619,1.6631,0.5183,0.6268,0,18.2316,0.1733,Low Potential
21.49,80.325,0,Grid Point,0.0608,0.0867,0.1021,0.216,0.2641,0.1918,294.0,2.1049,28.2516,1.6793,1.2227,1.377,0.888,0.3581,0,17.9457,0.4715,Moderate Potential
21.49,80.34,0,Grid Point,0.0805,0.1067,0.1265,0.2467,0.3019,0.2138,300.0,1.9928,90.0,1.5714,1.2238,1.4121,0.8666,0.3221,0,17.7898,0.2598,Low Potential
21.49,80.355,0,Grid Point,0.0683,0.0906,0.1068,0.2301,0.2907,0.2104,308.0,2.7211,227.0624,1.5637,1.2634,1.3817,0.9144,0.366,0,17.7675,0.5304,Moderate Potential
21.49,80.37,0,Grid Point,0.0412,0.0612,0.0442,0.2816,0.1757,0.1045,311.0,1.3613,312.9376,1.0728,0.6239,1.6813,0.3711,0.7287,0,17.8791,0.31,Low Potential
21.49,80.385,0,Grid Point,0.0691,0.1011,0.1196,0.2623,0.3353,0.2502,298.0,5.5475,180.0,1.7308,1.2783,1.3401,0.9539,0.3737,0,18.1222,0.4421,Moderate Potential
21.49,80.4,0,Grid Point,0.0609,0.09,0.1045,0.2109,0.2468,0.1803,297.0,2.953,199.7094,1.7159,1.1702,1.3688,0.8549,0.3373,0,18.4916,0.3689,Moderate Potential
21.49,80.415,0,Grid Point,0.0435,0.0626,0.0477,0.2915,0.1544,0.0925,301.0,2.1977,65.0502,1.0966,0.5297,1.6692,0.3173,0.7188,0,18.98,0.4436,Moderate Potential
21.49,80.43,0,Grid Point,0.0404,0.0686,0.0534,0.2286,0.1556,0.0827,302.0,0.9967,270.0,1.3218,0.6807,1.8815,0.3618,0.6213,0,19.5784,0.4672,Moderate Potential
21.49,80.445,0,Grid Point,0.052,0.0724,0.0728,0.2395,0.2616,0.165,303.0,3.8358,164.961,1.4,1.0923,1.5855,0.6889,0.5338,0,20.2772,0.1414,Low Potential
21.49,80.46,0,Grid Point,0.0954,0.1282,0.1511,0.2386,0.2982,0.2489,308.0,2.1977,114.9498,1.5839,1.2498,1.1981,1.0432,0.2245,0,21.0662,0.2942,Low Potential
21.49,80.475,0,Grid Point,0.04,0.0628,0.057,0.2173,0.1259,0.0688,309.0,1.8543,180.0,1.425,0.5794,1.8299,0.3166,0.5844,0,21.9359,0.4784,Moderate Potential
21.49,80.49,0,Grid Point,0.0465,0.0739,0.0719,0.2492,0.2465,0.161,307.0,1.8543,180.0,1.5462,0.9892,1.5311,0.6461,0.5522,0,22.8769,0.1241,Low Potential
21.505,79.2,0,Grid Point,0.0528,0.073,0.0724,0.1972,0.2653,0.1727,353.0,4.8508,55.0931,1.3735,1.3453,1.5362,0.8758,0.4626,0,13.9682,0.1939,Low Potential
21.505,79.215,0,Grid Point,0.0486,0.073,0.0629,0.186,0.2412,0.145,368.0,3.8358,195.0404,1.2942,1.2971,1.664,0.7795,0.4945,0,12.8713,0.1558,Low Potential
21.505,79.23,0,Grid Point,0.0528,0.0717,0.0706,0.1679,0.273,0.185,379.0,0.9274,0.0,1.3384,1.6257,1.475,1.1021,0.408,0,11.8745,0.1856,Low Potential
21.505,79.245,0,Grid Point,0.0483,0.0686,0.0698,0.1912,0.2612,0.168,380.0,2.953,160.2887,1.4462,1.3664,1.5546,0.8789,0.4649,0,11.0051,0.1608,Low Potential
21.505,79.26,0,Grid Point,0.0537,0.0735,0.0764,0.209,0.272,0.1783,382.0,4.7543,141.1271,1.4236,1.3009,1.5252,0.8529,0.4644,0,10.2953,0.1906,Low Potential
21.505,79.275,0,Grid Point,0.0578,0.078,0.0914,0.2081,0.3113,0.2071,403.0,1.8543,0.0,1.5791,1.4957,1.5029,0.9952,0.3899,0,9.7801,0.1834,Low Potential
21.505,79.29,0,Grid Point,0.0569,0.0796,0.075,0.2,0.2987,0.1968,404.0,2.7212,227.0653,1.3172,1.4932,1.5179,0.9838,0.4548,0,9.4911,0.1865,Low Potential
21.505,79.305,0,Grid Point,0.0434,0.0654,0.0514,0.2119,0.2186,0.1288,411.0,1.3614,47.0653,1.1857,1.0319,1.6969,0.6081,0.6096,0,9.449,0.2002,Low Potential
21.505,79.32,0,Grid Point,0.0502,0.0718,0.0728,0.2106,0.2649,0.1657,399.0,2.988,90.0,1.4526,1.2581,1.5987,0.787,0.4859,0,9.6573,0.1615,Low Potential
21.505,79.335,0,Grid Point,0.0498,0.074,0.0733,0.235,0.2778,0.1738,404.0,4.0871,76.906,1.4704,1.1819,1.5984,0.7394,0.5246,0,10.1003,0.1653,Low Potential
21.505,79.35,0,Grid Point,0.0494,0.071,0.0713,0.209,0.2688,0.1754,394.0,1.8543,180.0,1.4433,1.2861,1.5328,0.839,0.4914,0,10.749,0.1461,Low Potential
21.505,79.365,0,Grid Point,0.05,0.0695,0.0706,0.183,0.2463,0.1642,401.0,2.1979,114.9475,1.4116,1.3459,1.5,0.8973,0.4429,0,11.569,0.1625,Low Potential
21.505,79.38,0,Grid Point,0.0483,0.0691,0.0723,0.1799,0.2552,0.1637,383.0,0.9274,180.0,1.4969,1.4188,1.5593,0.9099,0.4266,0,12.5266,0.182,Low Potential
21.505,79.395,0,Grid Point,0.0516,0.0707,0.0687,0.185,0.24,0.1615,371.0,2.1979,245.0525,1.3301,1.2973,1.4861,0.873,0.4584,0,11.9128,0.1545,Low Potential
21.505,79.41,0,Grid Point,0.0512,0.0722,0.0683,0.2044,0.2648,0.1684,372.0,3.1281,72.7698,1.3337,1.2955,1.572,0.8241,0.4988,0,10.5301,0.1637,Low Potential
21.505,79.425,0,Grid Point,0.0521,0.0809,0.0712,0.249,0.2862,0.1786,373.0,3.1281,252.7699,1.3676,1.1492,1.6017,0.7175,0.555,0,9.1992,0.1845,Low Potential
21.505,79.44,0,Grid Point,0.0676,0.0941,0.1046,0.2254,0.3333,0.245,372.0,5.6353,169.8439,1.5469,1.4787,1.3601,1.0872,0.3659,1,7.9462,0.5767,Moderate Potential
21.505,79.455,0,Grid Point,0.0466,0.066,0.0604,0.1936,0.2546,0.1543,378.0,2.988,90.0,1.2972,1.3147,1.6495,0.7971,0.5242,1,6.8142,0.167,Low Potential
21.505,79.47,0,Grid Point,0.0553,0.0825,0.0695,0.2188,0.2302,0.1456,391.0,7.547549999999999,338.0477,1.2568,1.0519,1.581,0.6653,0.5179,1,5.8735,0.194,Low Potential
21.505,79.485,0,Grid Point,0.0538,0.0802,0.0786,0.2429,0.267,0.172,380.0,2.1979,114.9475,1.4619,1.0992,1.5523,0.7081,0.5108,1,5.2285,0.1553,Low Potential
21.505,79.5,0,Grid Point,0.047,0.0616,0.0595,0.1807,0.2411,0.1475,353.0,5.0349,156.7357,1.266,1.3343,1.634,0.8165,0.5046,1,4.995,0.2118,Low Potential
21.505,79.515,0,Grid Point,0.0451,0.0612,0.0574,0.19,0.244,0.1503,357.0,2.1979,294.9475,1.2716,1.2843,1.6231,0.7913,0.5362,1,5.2285,0.1929,Low Potential
21.505,79.53,0,Grid Point,0.0518,0.0613,0.0644,0.13885000000000003,0.1492,0.1075,346.0,3.8358,164.9596,1.2411,1.1688,1.3884,0.8418,0.3299,1,5.8735,0.5152,Moderate Potential
21.505,79.545,0,Grid Point,0.0421,0.0566,0.0554,0.1674,0.226,0.1412,356.0,0.9968,270.0,1.3147,1.3497,1.6011,0.8429,0.5031,1,6.8142,0.2163,Low Potential
21.505,79.56,0,Grid Point,0.0818,0.1054,0.127,0.2347,0.3983,0.2966,357.0,1.8543,0.0,1.5526,1.6971,1.3429,1.2637,0.2978,1,7.9462,0.4373,Moderate Potential
21.505,79.575,0,Grid Point,0.0411,0.0619,0.0552,0.2668,0.2326,0.1382,349.0,3.5148,121.8095,1.3431,0.872,1.6834,0.518,0.6571,1,9.1992,0.2272,Low Potential
21.505,79.59,0,Grid Point,0.0706,0.0976,0.1042,0.2734,0.3406,0.2291,336.0,4.7326,347.868,1.4777,1.2458,1.4867,0.838,0.4479,1,10.5301,0.3245,Low Potential
21.505,79.605,0,Grid Point,0.0495,0.0656,0.0731,0.1852,0.2892,0.1924,345.0,1.993,90.0,1.4753,1.5611,1.5027,1.0389,0.4341,1,11.9128,0.1913,Low Potential
21.505,79.62,0,Grid Point,0.0517,0.0696,0.0813,0.2076,0.2928,0.1916,352.0,5.0349,336.7357,1.5725,1.4104,1.5286,0.9227,0.4372,1,13.3312,0.3075,Low Potential
21.505,79.635,0,Grid Point,0.0425,0.0625,0.0582,0.2004,0.2214,0.1264,386.0,3.1281,287.2302,1.3694,1.1048,1.752,0.6306,0.55,1,14.7749,0.2273,Low Potential
21.505,79.65,0,Grid Point,0.0552,0.0748,0.0885,0.212,0.3278,0.22,322.0,3.1281,107.2302,1.6047,1.5456,1.4894,1.0377,0.4111,1,16.2374,0.2459,Low Potential
21.505,79.665,0,Grid Point,0.0438,0.064,0.0656,0.1945,0.2584,0.1608,324.0,1.3614,132.9347,1.4966,1.3291,1.6068,0.8272,0.4958,1,17.7138,0.1419,Low Potential
21.505,79.68,0,Grid Point,0.044,0.0678,0.0673,0.1896,0.2061,0.1278,308.0,2.1979,245.0525,1.5324,1.0873,1.612,0.6745,0.4757,1,17.6361,0.1734,Low Potential
21.505,79.695,0,Grid Point,0.0633,0.086,0.0965,0.2244,0.3116,0.207,312.0,3.419,324.3766,1.5245,1.3889,1.5053,0.9227,0.3985,1,17.0629,0.3598,Moderate Potential
21.505,79.71,0,Grid Point,0.0426,0.0636,0.0563,0.1988,0.221,0.1311,326.0,1.3614,227.0653,1.3216,1.1114,1.6857,0.6593,0.5587,1,16.614,0.1676,Low Potential
21.505,79.725,0,Grid Point,0.0838,0.1162,0.1385,0.2526,0.3558,0.2614,321.0,1.3614,312.9347,1.6537,1.4083,1.3611,1.0346,0.2918,1,16.2997,0.3701,Moderate Potential
21.505,79.74,0,Grid Point,0.0434,0.0643,0.0621,0.1919,0.2258,0.1392,322.0,0.0,0.0,1.4292,1.1764,1.6223,0.7251,0.511,1,16.1279,0.1557,Low Potential
21.505,79.755,0,Grid Point,0.0429,0.0683,0.0615,0.2174,0.2358,0.1415,333.0,0.0,0.0,1.4336,1.0851,1.6668,0.651,0.5589,1,16.1032,0.1687,Low Potential
21.505,79.77,0,Grid Point,0.0382,0.057,0.0506,0.2032,0.2365,0.134,321.0,3.1281,252.7699,1.3263,1.1639,1.7649,0.6594,0.6013,1,16.2263,0.259,Low Potential
21.505,79.785,0,Grid Point,0.0484,0.069,0.0632,0.1922,0.1766,0.1146,295.0,0.9274,0.0,1.3048,0.9191,1.5414,0.5963,0.5054,1,16.4938,0.1932,Low Potential
21.505,79.8,0,Grid Point,0.041,0.0604,0.06,0.2124,0.229,0.1311,334.0,7.547549999999999,199.7113,1.4652,1.0779,1.7468,0.6171,0.5596,1,16.8989,0.2128,Low Potential
21.505,79.815,0,Grid Point,0.077,0.1108,0.1282,0.2838,0.3542,0.2467,292.0,0.0,0.0,1.6649,1.2482,1.436,0.8693,0.3777,1,17.2742,0.2504,Low Potential
21.505,79.83,0,Grid Point,0.0794,0.1105,0.1264,0.2696,0.296,0.2163,285.0,1.8543,0.0,1.5936,1.0979,1.3682,0.8024,0.3614,1,17.4803,0.2183,Low Potential
21.505,79.845,0,Grid Point,0.0566,0.0829,0.0932,0.2109,0.2598,0.1807,283.0,2.1979,245.0525,1.649,1.2316,1.4375,0.8568,0.3868,1,17.8184,0.2037,Low Potential
21.505,79.86,0,Grid Point,0.0635,0.0896,0.0974,0.2353,0.2477,0.1702,284.0,1.3614,227.0653,1.5359,1.0527,1.4558,0.7231,0.4143,1,18.2813,0.1465,Low Potential
21.505,79.875,0,Grid Point,0.0688,0.096,0.1058,0.247,0.2754,0.1884,278.0,1.3614,227.0653,1.5389,1.1152,1.4622,0.7627,0.4001,1,18.8597,0.1392,Low Potential
21.505,79.89,0,Grid Point,0.0488,0.0746,0.0572,0.2862,0.1715,0.0937,275.0,0.9968,90.0,1.1744,0.5991,1.8303,0.3273,0.6667,1,19.5434,0.4389,Moderate Potential
21.505,79.905,0,Grid Point,0.0612,0.084,0.0916,0.2366,0.2564,0.1704,274.0,0.9274,180.0,1.4971,1.0837,1.5048,0.7201,0.4419,1,20.0927,0.1416,Low Potential
21.505,79.92,0,Grid Point,0.0504,0.0792,0.0622,0.2606,0.156,0.0848,271.0,2.1979,245.0525,1.2339,0.5985,1.8407,0.3251,0.6144,1,18.5483,0.4465,Moderate Potential
21.505,79.935,0,Grid Point,0.0506,0.0799,0.0719,0.2588,0.2406,0.1499,268.0,3.8358,195.0404,1.4224,0.9297,1.6051,0.5792,0.5652,1,17.0041,0.1598,Low Potential
21.505,79.95,0,Grid Point,0.0814,0.1112,0.1431,0.2496,0.38,0.3028,275.0,1.3614,227.0653,1.7569,1.5229,1.2551,1.2134,0.2711,1,15.46,0.2463,Low Potential
21.505,79.965,0,Grid Point,0.0612,0.086,0.0986,0.2248,0.2986,0.1986,290.0,1.3614,47.0653,1.6103,1.3281,1.5029,0.8837,0.3904,1,13.9161,0.2906,Low Potential
21.505,79.98,0,Grid Point,0.071,0.0966,0.115,0.243,0.2892,0.2015,279.0,1.8543,180.0,1.6186,1.1897,1.435,0.829,0.3576,1,12.3725,0.1791,Low Potential
21.505,79.995,0,Grid Point,0.0754,0.1074,0.1243,0.2642,0.3471,0.2422,282.0,1.3614,312.9347,1.6474,1.3138,1.4331,0.9167,0.3601,1,10.8292,0.3778,Moderate Potential
21.505,80.01,0,Grid Point,0.0688,0.0945,0.1136,0.244,0.3323,0.2378,286.0,2.1049,151.7459,1.65,1.3622,1.3974,0.9748,0.3646,1,9.2866,0.4698,Moderate Potential
21.505,80.025,0,Grid Point,0.0762,0.108,0.1244,0.2702,0.3366,0.2349,287.0,1.3614,227.0653,1.6332,1.246,1.433,0.8695,0.3692,1,7.7449,0.2854,Low Potential
21.505,80.04,0,Grid Point,0.0541,0.076,0.0847,0.2307,0.2992,0.2047,280.0,1.3614,227.0653,1.5656,1.2969,1.4617,0.8873,0.4629,1,6.2049,0.2275,Low Potential
21.505,80.055,0,Grid Point,0.1013,0.1245,0.1417,0.2334,0.2972,0.2503,293.0,2.1979,245.0525,1.3797,1.2734,1.1874,1.0724,0.2445,1,4.6681,0.3493,Low Potential
21.505,80.07,0,Grid Point,0.0513,0.071,0.0648,0.1935,0.1452,0.0871,295.0,1.993,270.0,1.2632,0.7504,1.667,0.4501,0.4983,1,3.1394,0.3909,Moderate Potential
21.505,80.085,0,Grid Point,0.0671,0.0908,0.1154,0.2397,0.3412,0.2472,292.0,3.8358,164.9596,1.7198,1.4234,1.3803,1.0313,0.35,1,1.6417,0.4596,Moderate Potential
21.505,80.1,0,Grid Point,0.0456,0.0666,0.0677,0.1956,0.256,0.1622,289.0,1.3614,227.0653,1.4846,1.3088,1.5783,0.8292,0.4858,1,0.555,0.1737,Low Potential
21.505,80.115,0,Grid Point,0.0547,0.0801,0.0783,0.2809,0.2319,0.1431,295.0,0.9274,0.0,1.4314,0.8256,1.6205,0.5094,0.564,0,1.6417,0.1583,Low Potential
21.505,80.13,0,Grid Point,0.083,0.1186,0.1276,0.2565,0.3295,0.2423,302.0,0.9274,0.0,1.5373,1.2846,1.3599,0.9446,0.3356,0,3.1394,0.4034,Moderate Potential
21.505,80.145,0,Grid Point,0.0713,0.0947,0.1085,0.2512,0.288,0.2306,313.0,1.993,270.0,1.5217,1.1465,1.2489,0.918,0.3967,0,4.6681,0.3251,Low Potential
21.505,80.16,0,Grid Point,0.093,0.1254,0.1483,0.251,0.3037,0.2596,302.0,3.8358,344.9596,1.5946,1.21,1.1699,1.0343,0.2572,0,6.2049,0.2958,Low Potential
21.505,80.175,0,Grid Point,0.0555,0.0748,0.0723,0.2425,0.2652,0.1724,307.0,3.419,324.3766,1.3027,1.0936,1.5383,0.7109,0.5407,0,7.7449,0.1802,Low Potential
21.505,80.19,0,Grid Point,0.0671,0.0877,0.0982,0.2266,0.2553,0.1763,307.0,3.5148,58.1904,1.4635,1.1267,1.4481,0.778,0.3953,0,9.2866,0.1933,Low Potential
21.505,80.205,0,Grid Point,0.0508,0.071,0.0716,0.2398,0.221,0.1531,312.0,3.1281,107.2302,1.4094,0.9216,1.4435,0.6384,0.5401,0,10.8292,0.1446,Low Potential
21.505,80.22,0,Grid Point,0.0802,0.1122,0.1333,0.2646,0.3416,0.2532,307.0,3.5148,121.8095,1.6621,1.291,1.3491,0.9569,0.33,0,12.3725,0.4418,Moderate Potential
21.505,80.235,0,Grid Point,0.0405,0.065,0.0499,0.2426,0.1444,0.0771,300.0,1.993,270.0,1.2321,0.5952,1.8729,0.3178,0.6588,0,13.9161,0.553,Moderate Potential
21.505,80.25,0,Grid Point,0.0469,0.0653,0.0526,0.13885000000000003,0.1008,0.0665,295.0,5.8905,340.2887,1.1215,0.8865,1.5158,0.5849,0.3674,0,15.46,0.5025,Moderate Potential
21.505,80.265,0,Grid Point,0.0407,0.0727,0.0501,0.2517,0.1714,0.087,300.0,1.993,90.0,1.231,0.681,1.9701,0.3456,0.668,0,17.0041,0.4721,Moderate Potential
21.505,80.28,0,Grid Point,0.047,0.0604,0.0552,0.13885000000000003,0.1548,0.0955,295.0,3.8358,195.0404,1.1745,1.3208,1.6209,0.8148,0.3596,0,17.6361,0.3519,Moderate Potential
21.505,80.295,0,Grid Point,0.0456,0.0713,0.0596,0.2632,0.1437,0.076,298.0,0.9274,0.0,1.307,0.546,1.8908,0.2888,0.6307,0,17.0629,0.418,Moderate Potential
21.505,80.31,0,Grid Point,0.0512,0.0809,0.0718,0.2209,0.1981,0.1209,297.0,0.9274,180.0,1.4023,0.8968,1.6385,0.5473,0.5094,0,16.614,0.1422,Low Potential
21.505,80.325,0,Grid Point,0.0531,0.0733,0.0705,0.2179,0.1932,0.1375,299.0,3.5148,121.8095,1.3277,0.8866,1.4051,0.631,0.5111,0,16.2997,0.2553,Low Potential
21.505,80.34,0,Grid Point,0.0446,0.0621,0.0651,0.1995,0.2346,0.151,296.0,2.1979,294.9475,1.4596,1.1759,1.5536,0.7569,0.5079,0,16.1279,0.1617,Low Potential
21.505,80.355,0,Grid Point,0.0356,0.0672,0.0594,0.2452,0.1671,0.098,300.0,1.3614,132.9347,1.6685,0.6815,1.7051,0.3997,0.61,0,16.1032,0.4059,Moderate Potential
21.505,80.37,0,Grid Point,0.039,0.0657,0.059,0.2728,0.172,0.0852,300.0,3.419,324.3766,1.5128,0.6305,1.9758749999999998,0.3123,0.6444,0,16.2263,0.5031,Moderate Potential
21.505,80.385,0,Grid Point,0.0423,0.0634,0.0521,0.2505,0.1924,0.1183,293.0,1.3614,132.9347,1.2317,0.7681,1.6264,0.4723,0.6557,0,16.4938,0.2178,Low Potential
21.505,80.4,0,Grid Point,0.0417,0.0714,0.0677,0.2482,0.1514,0.0817,301.0,1.993,270.0,1.6235,0.61,1.8531,0.3292,0.5714,0,16.8989,0.4652,Moderate Potential
21.505,80.415,0,Grid Point,0.0596,0.0907,0.0933,0.2223,0.2423,0.1582,300.0,1.3614,227.0653,1.5654,1.09,1.5316,0.7117,0.4087,0,17.4319,0.144,Low Potential
21.505,80.43,0,Grid Point,0.0512,0.0753,0.0712,0.2343,0.219,0.1421,301.0,2.1049,208.2541,1.3906,0.9347,1.5412,0.6065,0.5339,0,18.0817,0.1243,Low Potential
21.505,80.445,0,Grid Point,0.0564,0.0811,0.0766,0.2606,0.2632,0.1839,308.0,1.3614,312.9347,1.3582,1.01,1.4312,0.7057,0.5457,0,18.836,0.1565,Low Potential
21.505,80.46,0,Grid Point,0.0601,0.0857,0.0818,0.237,0.2861,0.177,305.0,3.8358,164.9596,1.3611,1.2072,1.6164,0.7468,0.4868,0,19.6829,0.1651,Low Potential
21.505,80.475,0,Grid Point,0.0703,0.092,0.1194,0.2278,0.2992,0.2242,314.0,4.6274,0.0,1.6984,1.3134,1.3345,0.9842,0.3122,0,20.611,0.5855,Moderate Potential
21.505,80.49,0,Grid Point,0.0749,0.1083,0.1241,0.2401,0.3221,0.2359,318.0,1.3614,312.9347,1.6569,1.3415,1.3654,0.9825,0.3185,0,21.6098,0.5311,Moderate Potential
21.52,79.2,0,Grid Point,0.0484,0.0703,0.0664,0.1703,0.2688,0.1763,354.0,6.0933,139.3062,1.3719,1.5787,1.525,1.0352,0.439,0,15.1427,0.223,Low Potential
21.52,79.215,0,Grid Point,0.0411,0.0689,0.0569,0.1891,0.2458,0.1454,361.0,3.9815,270.0,1.3844,1.2996,1.6902,0.7689,0.5374,0,14.1372,0.1975,Low Potential
21.52,79.23,0,Grid Point,0.0564,0.0802,0.075,0.2084,0.262,0.1648,391.0,5.5014,327.1796,1.3319,1.2577,1.5906,0.7907,0.4704,0,13.2361,0.2397,Low Potential
21.52,79.245,0,Grid Point,0.053,0.0819,0.07,0.2379,0.2551,0.157,411.0,3.4191,215.6263,1.3186,1.0723,1.6248,0.6599,0.5456,0,12.462,0.1698,Low Potential
21.52,79.26,0,Grid Point,0.0526,0.07,0.071,0.1809,0.2681,0.1797,394.0,2.105,331.7434,1.3495,1.482,1.4919,0.9934,0.436,0,11.8399,0.1855,Low Potential
21.52,79.275,0,Grid Point,0.0773,0.1015,0.1322,0.203,0.3108,0.2543,414.0,3.4191,324.3737,1.7102,1.5304,1.222,1.2524,0.2113,0,11.3948,0.4477,Moderate Potential
21.52,79.29,0,Grid Point,0.0561,0.0816,0.0834,0.2633,0.2592,0.1789,411.0,2.7214,312.9317,1.4866,0.9842,1.4489,0.6793,0.519,0,11.1477,0.156,Low Potential
21.52,79.305,0,Grid Point,0.0606,0.0786,0.0951,0.2028,0.2822,0.1998,397.0,2.1981,114.9453,1.5706,1.3913,1.4118,0.9855,0.3615,0,11.1119,0.3241,Low Potential
21.52,79.32,0,Grid Point,0.0514,0.071,0.0671,0.204,0.2605,0.165,401.0,2.9883,270.0,1.3054,1.2766,1.5793,0.8084,0.5051,0,11.2895,0.1886,Low Potential
21.52,79.335,0,Grid Point,0.0548,0.0778,0.0827,0.1838,0.2865,0.1976,400.0,1.8543,0.0,1.5091,1.5592,1.4503,1.0751,0.3792,0,11.6707,0.1784,Low Potential
21.52,79.35,0,Grid Point,0.0629,0.0824,0.0948,0.1941,0.3181,0.2275,390.0,2.9531,340.2868,1.5072,1.6388,1.3982,1.1721,0.3437,0,12.2365,0.5229,Moderate Potential
21.52,79.365,0,Grid Point,0.061,0.0829,0.1096,0.214,0.3604,0.268,387.0,2.7803,0.0,1.7967,1.6843,1.3443,1.2529,0.3225,0,12.9628,0.4986,Moderate Potential
21.52,79.38,0,Grid Point,0.046,0.0672,0.0568,0.1958,0.2412,0.146,397.0,1.3614,312.9317,1.2324,1.2316,1.6523,0.7454,0.5506,0,12.8007,0.1908,Low Potential
21.52,79.395,0,Grid Point,0.0768,0.104,0.118,0.2638,0.3523,0.2446,386.0,3.5151,238.1931,1.5371,1.3352,1.44,0.9272,0.3818,0,11.3161,0.3343,Low Potential
21.52,79.41,0,Grid Point,0.0516,0.0682,0.069,0.1907,0.2589,0.1682,384.0,4.0875,103.0927,1.3372,1.3576,1.5392,0.882,0.4686,0,9.85,0.1945,Low Potential
21.52,79.425,0,Grid Point,0.0546,0.0724,0.08,0.1915,0.3023,0.2027,377.0,2.7214,132.9317,1.4661,1.5786,1.4914,1.0585,0.4104,0,8.4122,0.1988,Low Potential
21.52,79.44,0,Grid Point,0.0606,0.0897,0.0896,0.2504,0.2877,0.1969,362.0,4.2043,208.2566,1.4777,1.1487,1.4611,0.7862,0.4732,0,7.0201,0.1925,Low Potential
21.52,79.455,0,Grid Point,0.051,0.069,0.0737,0.1914,0.2792,0.1773,374.0,2.1981,65.0547,1.4437,1.459,1.575,0.9263,0.444,1,5.7072,0.1869,Low Potential
21.52,79.47,0,Grid Point,0.0436,0.0661,0.0598,0.1868,0.2556,0.1598,359.0,5.6902,60.8309,1.37,1.3686,1.6003,0.8552,0.515,1,4.5428,0.2087,Low Potential
21.52,79.485,0,Grid Point,0.0478,0.0659,0.0663,0.2016,0.2607,0.1586,357.0,0.0,0.0,1.3856,1.2935,1.6443,0.7867,0.5049,1,3.671,0.1638,Low Potential
21.52,79.5,0,Grid Point,0.0528,0.0678,0.0744,0.1955,0.2712,0.1733,363.0,5.9604,270.0,1.4104,1.3876,1.5649,0.8867,0.4486,1,3.33,0.2558,Low Potential
21.52,79.515,0,Grid Point,0.0468,0.0582,0.0576,0.1436,0.1798,0.1159,347.0,2.1981,65.0547,1.2318,1.2522,1.5509,0.8074,0.4269,1,3.671,0.2588,Low Potential
21.52,79.53,0,Grid Point,0.034,0.0368,0.0273,0.13885000000000003,0.09513749999999997,0.017112500000000003,334.0,4.8511,55.0959,0.9781375000000002,0.9851,1.1623,0.8476,0.07343750000000004,1,4.5428,0.6530125,High Potential Deposit Zone
21.52,79.545,0,Grid Point,0.0666,0.0846,0.1107,0.2216,0.3424,0.2478,353.0,1.3614,227.0683,1.6634,1.5451,1.382,1.118,0.3337,1,5.7072,0.5639,Moderate Potential
21.52,79.56,0,Grid Point,0.0638,0.0853,0.1046,0.204,0.3376,0.243,355.0,2.9883,90.0,1.6403,1.6549,1.3896,1.1909,0.3219,1,7.0201,0.6091,Moderate Potential
21.52,79.575,0,Grid Point,0.046,0.068,0.0722,0.1986,0.2872,0.194,349.0,2.9531,19.7132,1.5702,1.4458,1.48,0.9768,0.4671,1,8.4122,0.207,Low Potential
21.52,79.59,0,Grid Point,0.0498,0.0648,0.0788,0.1628,0.3013,0.2069,344.0,2.7803,180.0,1.5817,1.8507,1.4563,1.2709,0.3474,1,9.85,0.2471,Low Potential
21.52,79.605,0,Grid Point,0.0537,0.069,0.0749,0.1731,0.2241,0.1553,338.0,2.7803,180.0,1.3948,1.2946,1.4425,0.8975,0.396,1,11.3161,0.2227,Low Potential
21.52,79.62,0,Grid Point,0.051,0.068,0.0766,0.1876,0.2856,0.1906,333.0,4.2043,331.7434,1.5025,1.5228,1.4988,1.016,0.4203,1,12.8007,0.2859,Low Potential
21.52,79.635,0,Grid Point,0.0464,0.0641,0.0618,0.1881,0.2448,0.1506,334.0,2.9531,19.7132,1.3333,1.3017,1.6253,0.8009,0.5054,1,14.2982,0.1526,Low Potential
21.52,79.65,0,Grid Point,0.0492,0.0668,0.0759,0.1807,0.2642,0.1749,355.0,3.8359,344.9581,1.5443,1.4621,1.5106,0.9679,0.4084,1,15.8048,0.2603,Low Potential
21.52,79.665,0,Grid Point,0.047,0.0636,0.0683,0.1746,0.2531,0.1616,332.0,6.2924,151.7434,1.4532,1.45,1.5657,0.9261,0.4375,1,16.8782,0.2121,Low Potential
21.52,79.68,0,Grid Point,0.0439,0.0638,0.0684,0.199,0.2534,0.1607,350.0,0.0,0.0,1.5592,1.2733,1.5772,0.8073,0.4882,1,16.131,0.1639,Low Potential
21.52,79.695,0,Grid Point,0.0642,0.0945,0.1045,0.2466,0.2198,0.1522,332.0,3.4191,324.3737,1.6277,0.8913,1.4433,0.6175,0.4046,1,15.5022,0.2464,Low Potential
21.52,79.71,0,Grid Point,0.0501,0.0686,0.0761,0.1993,0.268,0.1714,330.0,2.9531,340.2868,1.519,1.3447,1.5631,0.8603,0.4473,1,15.0066,0.2286,Low Potential
21.52,79.725,0,Grid Point,0.1,0.1269,0.1651,0.2462,0.343,0.3001,328.0,1.3614,227.0683,1.6502,1.3934,1.1431,1.2189,0.1972,1,14.658,0.3166,Low Potential
21.52,79.74,0,Grid Point,0.0664,0.0906,0.1064,0.2412,0.3376,0.2406,311.0,2.7214,47.0683,1.6044,1.3998,1.403,0.9977,0.3875,1,14.4667,0.4308,Moderate Potential
21.52,79.755,0,Grid Point,0.0538,0.0858,0.0704,0.2856,0.2326,0.1396,306.0,1.8543,180.0,1.3064,0.8144,1.6652,0.4891,0.6047,1,14.4392,0.1532,Low Potential
21.52,79.77,0,Grid Point,0.0723,0.1023,0.1145,0.31765,0.3357,0.2348,310.0,2.7214,132.9317,1.5837,1.0479,1.4297,0.7329,0.4734,1,14.5763,0.1775,Low Potential
21.52,79.785,0,Grid Point,0.1013,0.1363375,0.1676,0.3094,0.4126,0.305,306.0,1.9932,90.0,1.6154,1.3339,1.3532,0.9858,0.2972,1,14.8735,0.3404,Low Potential
21.52,79.8,0,Grid Point,0.0361,0.0384,0.0258,0.13885000000000003,0.09513749999999997,0.017112500000000003,290.0,0.0,0.0,0.9781375000000002,0.8599,1.1429,0.7524,0.07343750000000004,1,15.3215,0.6393,Moderate Potential
21.52,79.815,0,Grid Point,0.0584,0.0791,0.1045,0.1954,0.2736,0.1885,449.0,7.547549999999999,197.5447,1.7894,1.4005,1.4517,0.9647,0.3031,1,15.9075,0.2838,Low Potential
21.52,79.83,0,Grid Point,0.0376,0.0664,0.059,0.2479,0.2114,0.1137,313.0,5.5475,180.0,1.5726,0.8528,1.8593,0.4587,0.6152,1,16.6169,0.2746,Low Potential
21.52,79.845,0,Grid Point,0.0424,0.0702,0.0666,0.2326,0.2384,0.1383,302.0,0.9274,180.0,1.5696,1.0249,1.7248,0.5942,0.5551,1,17.4348,0.1619,Low Potential
21.52,79.86,0,Grid Point,0.0684,0.0952,0.1218,0.2197,0.3258,0.242,284.0,0.9969,270.0,1.7814,1.4829,1.3466,1.1013,0.2865,1,18.3465,0.454,Moderate Potential
21.52,79.875,0,Grid Point,0.0576,0.0874,0.0904,0.2418,0.2212,0.1436,272.0,3.4191,35.6262,1.5703,0.915,1.5409,0.5938,0.4554,1,19.3388,0.1578,Low Potential
21.52,79.89,0,Grid Point,0.067,0.0994,0.1138,0.2531,0.3378,0.2584,271.0,0.0,0.0,1.698,1.3348,1.3075,1.0209,0.3795,1,20.4,0.4026,Moderate Potential
21.52,79.905,0,Grid Point,0.0689,0.0997,0.1082,0.2782,0.2904,0.1949,271.0,4.7545,38.8758,1.5704,1.044,1.49,0.7007,0.4399,1,20.2073,0.1905,Low Potential
21.52,79.92,0,Grid Point,0.0449,0.0588,0.0366,0.13885000000000003,0.09513749999999997,0.017112500000000003,260.0,3.4191,215.6263,0.9781375000000002,1.3789,1.1966,1.1523,0.07343750000000004,1,18.6724,0.5796,Moderate Potential
21.52,79.935,0,Grid Point,0.0673,0.094,0.1029,0.2558,0.2654,0.1846,272.0,1.8543,0.0,1.529,1.0375,1.4384,0.7213,0.4263,1,17.1394,0.1299,Low Potential
21.52,79.95,0,Grid Point,0.067,0.094,0.1086,0.2436,0.3128,0.2337,278.0,3.5151,238.1931,1.6216,1.2843,1.3387,0.9594,0.3831,1,15.6087,0.5913,Moderate Potential
21.52,79.965,0,Grid Point,0.0674,0.0952,0.112,0.2438,0.3734,0.2679,283.0,0.9274,0.0,1.6625,1.5317,1.3936,1.0991,0.3702,1,14.0811,0.4822,Moderate Potential
21.52,79.98,0,Grid Point,0.0682,0.0926,0.1043,0.254,0.279,0.1883,276.0,1.3614,227.0683,1.5304,1.0986,1.4819,0.7413,0.4178,1,12.5578,0.1439,Low Potential
21.52,79.995,0,Grid Point,0.0716,0.1056,0.1355,0.2128,0.3585,0.2467,275.0,2.105,28.2566,1.8925,1.6847,1.4532,1.1593,0.2219,1,11.0405,0.2286,Low Potential
21.52,80.01,0,Grid Point,0.0524,0.0842,0.0692,0.2548,0.158,0.0843,275.0,2.1981,294.9453,1.3194,0.6198,1.8737,0.3308,0.5729,1,9.5321,0.4536,Moderate Potential
21.52,80.025,0,Grid Point,0.0691,0.0953,0.1128,0.2322,0.274,0.2021,276.0,0.9274,180.0,1.6331,1.1805,1.356,0.8706,0.3458,1,8.0377,0.4645,Moderate Potential
21.52,80.04,0,Grid Point,0.0758,0.101,0.1225,0.2515,0.3087,0.2129,282.0,0.9969,90.0,1.6161,1.2274,1.45,0.8465,0.3449,1,6.5666,0.2238,Low Potential
21.52,80.055,0,Grid Point,0.0719,0.096,0.1162,0.2355,0.3028,0.2146,285.0,2.1981,294.9453,1.6161,1.2858,1.411,0.9113,0.3392,1,5.1392,0.5048,Moderate Potential
21.52,80.07,0,Grid Point,0.0465,0.0729,0.0603,0.2689,0.1609,0.0879,286.0,2.9883,270.0,1.2968,0.5984,1.8305,0.3269,0.6337,1,3.8048,0.4907,Moderate Potential
21.52,80.085,0,Grid Point,0.0776,0.1074,0.1312,0.2752,0.3516,0.2527,290.0,0.9274,0.0,1.6907,1.2776,1.3914,0.9182,0.3543,1,2.7047,0.4105,Moderate Potential
21.52,80.1,0,Grid Point,0.0522,0.0781,0.0788,0.227,0.2819,0.182,298.0,0.0,0.0,1.5096,1.2419,1.5489,0.8018,0.4846,1,2.22,0.1663,Low Potential
21.52,80.115,0,Grid Point,0.0597,0.0792,0.0964,0.2199,0.2802,0.2036,296.0,2.1981,114.9453,1.6147,1.2742,1.3762,0.9259,0.3905,1,2.7047,0.4911,Moderate Potential
21.52,80.13,0,Grid Point,0.0732,0.1014,0.1283,0.2347,0.3229,0.2442,301.0,1.3614,227.0683,1.7527,1.3758,1.3223,1.0405,0.2931,1,3.8048,0.4482,Moderate Potential
21.52,80.145,0,Grid Point,0.0375,0.0598,0.0448,0.2508,0.1638,0.0879,297.0,2.105,331.7434,1.1947,0.6531,1.8635,0.3505,0.6969,0,5.1392,0.5448,Moderate Potential
21.52,80.16,0,Grid Point,0.042,0.0721,0.0518,0.2986,0.1941,0.1221,295.0,2.9531,19.7132,1.2333,0.65,1.5897,0.4089,0.7043,0,6.5666,0.2907,Low Potential
21.52,80.175,0,Grid Point,0.0477,0.0635,0.0608,0.2015,0.1744,0.1097,305.0,4.2043,331.7434,1.2746,0.8655,1.5898,0.5444,0.5364,0,8.0377,0.265,Low Potential
21.52,80.19,0,Grid Point,0.0874,0.1174,0.1387,0.2677,0.3234,0.2469,304.0,0.9274,180.0,1.587,1.2081,1.3098,0.9223,0.3174,0,9.5321,0.3027,Low Potential
21.52,80.205,0,Grid Point,0.0448,0.0699,0.0556,0.2432,0.1897,0.1124,308.0,1.9932,90.0,1.2411,0.78,1.6877,0.4622,0.6278,0,11.0405,0.2143,Low Potential
21.52,80.22,0,Grid Point,0.0853,0.1178,0.1414,0.254,0.3836,0.2907,305.0,4.7326,192.1332,1.6577,1.5102,1.3196,1.1445,0.2848,0,12.5578,0.3049,Low Potential
21.52,80.235,0,Grid Point,0.0547,0.0752,0.0708,0.2516,0.1746,0.1211,303.0,2.1981,245.0547,1.2943,0.694,1.4418,0.4813,0.5608,0,14.0811,0.1741,Low Potential
21.52,80.25,0,Grid Point,0.1013,0.1363375,0.18015,0.2913,0.4066,0.3121,300.0,3.5151,121.8069,1.6691,1.3958,1.3028,1.0714,0.232,0,15.6087,0.2659,Low Potential
21.52,80.265,0,Grid Point,0.0422,0.0704,0.0573,0.2258,0.1522,0.0911,303.0,2.1981,114.9453,1.3578,0.674,1.6707,0.4035,0.5952,0,16.8782,0.3105,Low Potential
21.52,80.28,0,Grid Point,0.0601,0.0874,0.0944,0.2088,0.2089,0.1553,304.0,4.7326,167.8668,1.5707,1.0005,1.3451,0.7438,0.3773,0,16.131,0.3833,Moderate Potential
21.52,80.295,0,Grid Point,0.0538,0.0857,0.0728,0.31765,0.2587,0.1675,297.0,3.1284,107.2285,1.3532,0.7887,1.5445,0.5107,0.6367,0,15.5022,0.1833,Low Potential
21.52,80.31,0,Grid Point,0.0893,0.1286,0.1702,0.2376,0.3245,0.283,312.0,1.3614,132.9317,1.9059,1.3657,1.1466,1.1911,0.1653,0,15.0066,0.2651,Low Potential
21.52,80.325,0,Grid Point,0.0869,0.1271,0.1681,0.2652,0.3641,0.2837,299.0,6.7602,17.073,1.9344,1.3729,1.2834,1.0698,0.2241,0,14.658,0.2231,Low Potential
21.52,80.34,0,Grid Point,0.0567,0.0801,0.0855,0.2198,0.2645,0.1805,295.0,1.3614,132.9317,1.5079,1.2034,1.4654,0.8212,0.4399,0,14.4667,0.138,Low Potential
21.52,80.355,0,Grid Point,0.0547,0.0828,0.0819,0.2248,0.1791,0.1174,297.0,1.9932,270.0,1.4973,0.7967,1.5256,0.5222,0.4659,0,14.4392,0.1798,Low Potential
21.52,80.37,0,Grid Point,0.0546,0.0842,0.085,0.2263,0.1729,0.1027,295.0,2.9531,160.2868,1.5568,0.764,1.6835,0.4538,0.4539,0,14.5763,0.191,Low Potential
21.52,80.385,0,Grid Point,0.0456,0.0682,0.061,0.2421,0.1792,0.1088,293.0,2.7214,47.0683,1.3377,0.7402,1.6471,0.4494,0.5975,0,14.8735,0.1824,Low Potential
21.52,80.4,0,Grid Point,0.0807,0.1094,0.1315,0.2499,0.3424,0.258,293.0,2.7214,227.0683,1.6295,1.3701,1.3271,1.0324,0.3104,0,15.3215,0.3726,Moderate Potential
21.52,80.415,0,Grid Point,0.0615,0.0833,0.0934,0.2476,0.2801,0.1981,298.0,1.3614,312.9317,1.5187,1.1313,1.4139,0.8001,0.4522,0,15.9075,0.2221,Low Potential
21.52,80.43,0,Grid Point,0.0429,0.064,0.0538,0.2548,0.126,0.0693,304.0,1.8543,180.0,1.2541,0.4945,1.8182,0.272,0.6513,0,16.6169,0.5019,Moderate Potential
21.52,80.445,0,Grid Point,0.0386,0.0576,0.0499,0.2717,0.1731,0.0964,306.0,0.0,0.0,1.2927,0.6371,1.7956,0.3548,0.6897,0,17.4348,0.405,Moderate Potential
21.52,80.46,0,Grid Point,0.0393,0.0668,0.0508,0.2332,0.1343,0.0699,312.0,0.0,0.0,1.2926,0.5759,1.9213,0.2997,0.6423,0,18.3465,0.5095,Moderate Potential
21.52,80.475,0,Grid Point,0.051,0.0749,0.0555,0.2954,0.1607,0.0892,313.0,5.6902,60.8309,1.0882,0.544,1.8016,0.302,0.6837,0,19.3388,0.4499,Moderate Potential
21.52,80.49,0,Grid Point,0.0745,0.1038,0.1268,0.2491,0.3253,0.2375,313.0,2.1981,245.0547,1.702,1.3059,1.3697,0.9534,0.3254,0,20.4,0.4308,Moderate Potential
21.535,79.2,0,Grid Point,0.0457,0.0681,0.0606,0.1805,0.2456,0.1529,355.0,2.105,331.741,1.3249,1.36,1.6065,0.8466,0.4977,0,16.4023,0.1721,Low Potential
21.535,79.215,0,Grid Point,0.0491,0.0664,0.0694,0.1686,0.2663,0.1752,378.0,3.1287,107.2268,1.4159,1.5799,1.5195,1.0398,0.4164,0,15.4789,0.2056,Low Potential
21.535,79.23,0,Grid Point,0.0605,0.0816,0.0928,0.1952,0.3191,0.2301,375.0,6.7603,162.9254,1.5331,1.6352,1.3868,1.1791,0.3557,0,14.6605,0.5022,Moderate Potential
21.535,79.245,0,Grid Point,0.055,0.0752,0.0856,0.2024,0.292,0.2021,400.0,1.3615,47.0712,1.5569,1.4429,1.4451,0.9985,0.4058,0,13.9656,0.1771,Low Potential
21.535,79.26,0,Grid Point,0.0878,0.1196,0.1618,0.2647,0.3887,0.2995,414.0,2.105,28.259,1.8412,1.4685,1.2978,1.1315,0.2414,0,13.4134,0.2269,Low Potential
21.535,79.275,0,Grid Point,0.063,0.0825,0.1024,0.1807,0.3068,0.2274,402.0,0.997,270.0,1.6246,1.6976,1.3489,1.2584,0.2768,0,13.0221,0.6065,Moderate Potential
21.535,79.29,0,Grid Point,0.0611,0.0788,0.103,0.212,0.3124,0.2319,403.0,1.8543,180.0,1.6858,1.4739,1.3471,1.0941,0.3459,0,12.8065,0.57,Moderate Potential
21.535,79.305,0,Grid Point,0.0786,0.1035,0.1276,0.243,0.3478,0.2517,397.0,0.9274,180.0,1.6224,1.4314,1.3816,1.036,0.3113,0,12.7754,0.4881,Moderate Potential
21.535,79.32,0,Grid Point,0.0876,0.1246,0.1558,0.2794,0.3973,0.3104,400.0,1.8543,0.0,1.777,1.4217,1.2802,1.1106,0.2842,0,12.9302,0.2201,Low Potential
21.535,79.335,0,Grid Point,0.0596,0.0775,0.0888,0.1989,0.3064,0.2105,390.0,2.9531,340.2849,1.4878,1.5407,1.4558,1.0583,0.3829,0,13.2643,0.2335,Low Potential
21.535,79.35,0,Grid Point,0.0788,0.1088,0.1207,0.2568,0.317,0.222,384.0,2.105,28.259,1.5327,1.234,1.4274,0.8645,0.3606,0,13.7647,0.2509,Low Potential
21.535,79.365,0,Grid Point,0.0804,0.1088,0.1358,0.2384,0.3577,0.2691,376.0,2.7803,0.0,1.6874,1.5001,1.3292,1.1285,0.2745,0,14.0043,0.3483,Low Potential
21.535,79.38,0,Grid Point,0.0455,0.0638,0.0602,0.2035,0.2466,0.1538,384.0,1.8543,180.0,1.3231,1.2118,1.6029,0.756,0.5434,0,12.4716,0.1517,Low Potential
21.535,79.395,0,Grid Point,0.074,0.101,0.1258,0.2516,0.318,0.2545,378.0,0.9274,0.0,1.6989,1.2637,1.2495,1.0113,0.3334,0,10.9424,0.544,Moderate Potential
21.535,79.41,0,Grid Point,0.0535,0.0749,0.0733,0.2244,0.2841,0.1858,387.0,0.9274,180.0,1.3701,1.2655,1.5288,0.8278,0.5076,0,9.4183,0.1578,Low Potential
21.535,79.425,0,Grid Point,0.0758,0.1017,0.1108,0.2374,0.3266,0.2348,375.0,0.0,0.0,1.4614,1.376,1.3913,0.989,0.3633,0,7.9024,0.4943,Moderate Potential
21.535,79.44,0,Grid Point,0.059,0.0835,0.092,0.215,0.319,0.2196,368.0,2.9531,340.2849,1.5585,1.4836,1.4532,1.0209,0.401,0,6.4004,0.2579,Low Potential
21.535,79.455,0,Grid Point,0.0542,0.0685,0.0836,0.1805,0.2952,0.204,361.0,2.9531,19.7151,1.5434,1.6355,1.4467,1.1305,0.3666,0,4.925,0.2283,Low Potential
21.535,79.47,0,Grid Point,0.057,0.077,0.0793,0.209,0.2942,0.1925,357.0,3.8359,195.0434,1.39,1.4082,1.5286,0.9213,0.4498,0,3.51,0.221,Low Potential
21.535,79.485,0,Grid Point,0.068,0.0966,0.103,0.2505,0.2934,0.2141,347.0,2.105,151.741,1.5147,1.1713,1.3704,0.8547,0.4173,1,2.2714,0.336,Low Potential
21.535,79.5,0,Grid Point,0.0508,0.0696,0.0748,0.1876,0.2893,0.1909,353.0,5.0578,100.5387,1.47,1.5417,1.5155,1.0173,0.4303,1,1.665,0.2724,Low Potential
21.535,79.515,0,Grid Point,0.0364,0.04,0.0298,0.13885000000000003,0.09513749999999997,0.019,340.0,2.7215,312.9288,0.9781375000000002,1.1076,1.3,0.852,0.07343750000000004,1,2.2714,0.6530125,High Potential Deposit Zone
21.535,79.53,0,Grid Point,0.0368,0.0392,0.0276,0.13885000000000003,0.09513749999999997,0.017112500000000003,338.0,3.7048,0.0,0.9781375000000002,0.7013,1.319,0.5316,0.07343750000000004,1,3.51,0.6530125,High Potential Deposit Zone
21.535,79.545,0,Grid Point,0.0572,0.0707,0.08,0.13885000000000003,0.2422,0.175,341.0,4.8514,124.9014,1.4007,1.8754,1.3847,1.4553249999999998,0.1881,1,4.925,0.5001,Moderate Potential
21.535,79.56,0,Grid Point,0.0576,0.0768,0.088,0.2072,0.2656,0.1889,335.0,1.3615,47.0712,1.5265,1.2822,1.406,0.9119,0.4037,1,6.4004,0.4093,Moderate Potential
21.535,79.575,0,Grid Point,0.0418,0.064,0.0591,0.218,0.2475,0.1548,326.0,2.1982,294.943,1.4156,1.1351,1.5983,0.7102,0.5735,1,7.9024,0.1881,Low Potential
21.535,79.59,0,Grid Point,0.0442,0.0636,0.0585,0.1836,0.225,0.14,327.0,2.105,151.741,1.325,1.2258,1.6069,0.7628,0.5167,1,9.4183,0.1602,Low Potential
21.535,79.605,0,Grid Point,0.0457,0.0627,0.0654,0.1894,0.2592,0.1678,340.0,2.9886,90.0,1.4337,1.3683,1.5444,0.886,0.4864,1,10.9424,0.183,Low Potential
21.535,79.62,0,Grid Point,0.054,0.0844,0.0948,0.1876,0.2191,0.1458,324.0,4.8514,124.9014,1.753,1.1682,1.5022,0.7777,0.3287,1,12.4716,0.302,Low Potential
21.535,79.635,0,Grid Point,0.0446,0.0573,0.0566,0.1726,0.2507,0.1586,326.0,1.8543,180.0,1.2694,1.4532,1.581,0.9192,0.5063,1,14.0043,0.196,Low Potential
21.535,79.65,0,Grid Point,0.0567,0.074,0.0851,0.2044,0.2982,0.2023,331.0,0.997,270.0,1.5009,1.4585,1.474,0.9895,0.4122,1,15.5395,0.2584,Low Potential
21.535,79.665,0,Grid Point,0.0369,0.0492,0.0484,0.13885000000000003,0.1232,0.0838,333.0,4.9729,90.0,1.313,1.6094,1.471,1.0941,0.2248,1,15.4789,0.5456,Moderate Potential
21.535,79.68,0,Grid Point,0.0595,0.0867,0.0857,0.247,0.3074,0.2052,340.0,5.035,336.7314,1.4403,1.2445,1.4983,0.8306,0.4849,1,14.6605,0.277,Low Potential
21.535,79.695,0,Grid Point,0.0428,0.0675,0.0643,0.2191,0.2446,0.1516,362.0,7.547549999999999,148.4371,1.5006,1.1166,1.6143,0.6917,0.5462,1,13.9656,0.1902,Low Potential
21.535,79.71,0,Grid Point,0.0819,0.1089,0.1341,0.2191,0.2991,0.2465,340.0,1.3615,47.0712,1.6384,1.3651,1.2134,1.1251,0.2407,1,13.4134,0.4639,Moderate Potential
21.535,79.725,0,Grid Point,0.0567,0.0803,0.0833,0.2232,0.2524,0.1636,320.0,3.982,90.0,1.4691,1.1303,1.5425,0.7328,0.4565,1,13.0221,0.1804,Low Potential
21.535,79.74,0,Grid Point,0.0652,0.0888,0.1047,0.2325,0.3578,0.256,328.0,1.3615,312.9288,1.6046,1.5391,1.3976,1.1013,0.379,1,12.8065,0.5097,Moderate Potential
21.535,79.755,0,Grid Point,0.0384,0.0594,0.0528,0.1976,0.2266,0.1416,323.0,0.0,0.0,1.3737,1.147,1.6012,0.7163,0.5786,1,12.7754,0.2184,Low Potential
21.535,79.77,0,Grid Point,0.0403,0.0659,0.0586,0.1992,0.215,0.1224,342.0,7.547549999999999,154.4616,1.4523,1.0793,1.7561,0.6146,0.5453,1,12.9302,0.2666,Low Potential
21.535,79.785,0,Grid Point,0.0419,0.0628,0.0588,0.1856,0.2244,0.1388,319.0,2.105,331.741,1.4021,1.209,1.6171,0.7476,0.5192,1,13.2643,0.1966,Low Potential
21.535,79.8,0,Grid Point,0.0413,0.0634,0.0598,0.1812,0.2282,0.1372,312.0,0.997,270.0,1.4479,1.2588,1.6629,0.757,0.5038,1,13.7647,0.2204,Low Potential
21.535,79.815,0,Grid Point,0.0412,0.0606,0.0563,0.1941,0.2008,0.1142,308.0,1.8543,180.0,1.3665,1.0345,1.7591,0.5881,0.5503,1,14.4142,0.2274,Low Potential
21.535,79.83,0,Grid Point,0.0382,0.0633,0.0579,0.2204,0.2312,0.1295,301.0,2.7803,0.0,1.5177,1.0495,1.7857,0.5877,0.5838,1,15.1935,0.2142,Low Potential
21.535,79.845,0,Grid Point,0.0653,0.0953,0.1443,0.2485,0.3491,0.2616,283.0,2.7803,0.0,2.0526375,1.4046,1.3345,1.0525,0.2653,1,16.0839,0.313,Low Potential
21.535,79.86,0,Grid Point,0.0796,0.1112,0.1397,0.2916,0.3805,0.2994,277.0,4.7547,141.1213,1.7539,1.3049,1.2707,1.0269,0.3522,1,17.0679,0.289,Low Potential
21.535,79.875,0,Grid Point,0.0573,0.0878,0.0834,0.2456,0.2374,0.1662,277.0,2.105,151.741,1.4555,0.9668,1.4283,0.6769,0.493,1,18.1304,0.1318,Low Potential
21.535,79.89,0,Grid Point,0.055,0.0851,0.0716,0.234,0.1938,0.1192,278.0,0.9274,180.0,1.3021,0.8284,1.6265,0.5093,0.5316,1,19.2583,0.1459,Low Potential
21.535,79.905,0,Grid Point,0.067,0.0938,0.1062,0.2505,0.2988,0.2075,271.0,0.0,0.0,1.5831,1.1926,1.4398,0.8283,0.4047,1,20.4408,0.1635,Low Potential
21.535,79.92,0,Grid Point,0.1013,0.1363375,0.18015,0.31765,0.42003750000000006,0.3336125,264.0,2.1982,294.943,1.8847,1.4888,1.0622,1.4016,0.0874,1,18.9427,0.219,Low Potential
21.535,79.935,0,Grid Point,0.0481,0.0747,0.0611,0.294,0.1756,0.0921,276.0,2.105,208.259,1.2703,0.5973,1.9072,0.3132,0.6559,1,17.4334,0.4176,Moderate Potential
21.535,79.95,0,Grid Point,0.0677,0.0974,0.1041,0.2054,0.1942,0.1395,281.0,2.7215,47.0712,1.5377,0.9452,1.3921,0.679,0.3274,1,15.931,0.3492,Low Potential
21.535,79.965,0,Grid Point,0.0622,0.0882,0.0911,0.2151,0.2361,0.1671,274.0,2.1982,245.057,1.4638,1.0976,1.4129,0.7768,0.4052,1,14.4375,0.2462,Low Potential
21.535,79.98,0,Grid Point,0.0582,0.083,0.0908,0.2342,0.3024,0.2016,273.0,2.7803,0.0,1.5579,1.2909,1.4996,0.8608,0.4415,1,12.9562,0.2081,Low Potential
21.535,79.995,0,Grid Point,0.1013,0.1363375,0.18015,0.31765,0.42003750000000006,0.3336125,267.0,1.9934,90.0,1.9357,1.449,1.0535,1.3755,0.0915,1,11.4916,0.233,Low Potential
21.535,80.01,0,Grid Point,0.0432,0.063,0.0618,0.1892,0.2256,0.1461,273.0,0.0,0.0,1.4317,1.193,1.5445,0.7724,0.5072,1,10.0512,0.1649,Low Potential
21.535,80.025,0,Grid Point,0.0502,0.0795,0.0709,0.2479,0.183,0.113,279.0,1.3615,227.0712,1.4138,0.738,1.6183,0.456,0.5552,1,8.6469,0.1873,Low Potential
21.535,80.04,0,Grid Point,0.0727,0.0999,0.1132,0.2307,0.2725,0.1946,286.0,0.9274,180.0,1.5571,1.1812,1.4003,0.8435,0.3417,1,7.2997,0.3296,Low Potential
21.535,80.055,0,Grid Point,0.0643,0.094,0.1045,0.2271,0.2707,0.1868,283.0,1.3615,227.0712,1.6252,1.192,1.4491,0.8225,0.3697,1,6.0478,0.2114,Low Potential
21.535,80.07,0,Grid Point,0.0582,0.0798,0.0926,0.2167,0.2978,0.2042,278.0,2.1982,114.943,1.5911,1.3743,1.4584,0.9423,0.4012,1,4.964,0.2215,Low Potential
21.535,80.085,0,Grid Point,0.046,0.0726,0.0621,0.2509,0.1811,0.1056,290.0,4.0879,283.0914,1.35,0.7218,1.715,0.4209,0.6032,1,4.1809,0.2722,Low Potential
21.535,80.1,0,Grid Point,0.0692,0.0933,0.1277,0.1915,0.3219,0.2642,293.0,4.0784,312.9288,1.8454,1.6809,1.2184,1.3796,0.1999,1,3.885,0.4455,Moderate Potential
21.535,80.115,0,Grid Point,0.0648,0.0946,0.1179,0.2424,0.3387,0.235,309.0,2.1982,245.057,1.8194,1.3973,1.4413,0.9695,0.3455,1,4.1809,0.2994,Low Potential
21.535,80.13,0,Grid Point,0.1013,0.1363375,0.18015,0.31765,0.42003750000000006,0.3336125,336.0,7.547549999999999,299.1666,2.0526375,1.4507,1.285,1.129,0.1112,1,4.964,0.2819,Low Potential
21.535,80.145,0,Grid Point,0.0491,0.0779,0.0699,0.2493,0.2415,0.1477,297.0,2.1982,114.943,1.4236,0.9687,1.6351,0.5925,0.562,1,6.0478,0.1415,Low Potential
21.535,80.16,0,Grid Point,0.079,0.1094,0.1425,0.2361,0.3286,0.2532,296.0,2.105,151.741,1.8038,1.3918,1.2978,1.0724,0.2472,0,7.2997,0.2796,Low Potential
21.535,80.175,0,Grid Point,0.0864,0.1222,0.1686,0.2287,0.3617,0.2965,294.0,0.997,270.0,1.9514,1.5815,1.2199,1.2965,0.1513,0,8.6469,0.2975,Low Potential
21.535,80.19,0,Grid Point,0.0955,0.1293,0.1637,0.2684,0.3883,0.3017,298.0,1.3615,227.0712,1.7141,1.4467,1.287,1.1241,0.2423,0,10.0512,0.2058,Low Potential
21.535,80.205,0,Grid Point,0.0401,0.0612,0.0543,0.2892,0.1783,0.1019,303.0,2.105,151.741,1.3541,0.6165,1.7498,0.3524,0.6838,0,11.4916,0.3749,Moderate Potential
21.535,80.22,0,Grid Point,0.0471,0.0653,0.0628,0.2553,0.2112,0.1361,313.0,3.1287,72.7732,1.3333,0.8273,1.5518,0.5331,0.6052,0,12.9562,0.1662,Low Potential
21.535,80.235,0,Grid Point,0.0564,0.0894,0.0874,0.2779,0.2172,0.1486,314.0,0.9274,180.0,1.5496,0.7816,1.4616,0.5347,0.5215,0,14.4375,0.1387,Low Potential
21.535,80.25,0,Grid Point,0.0454,0.083,0.0668,0.2639,0.1797,0.1049,308.0,4.7547,321.1213,1.4714,0.6809,1.7131,0.3975,0.596,0,15.931,0.2678,Low Potential
21.535,80.265,0,Grid Point,0.0341,0.0621,0.0527,0.2729,0.1516,0.0874,296.0,2.105,151.741,1.5455,0.5555,1.7346,0.3203,0.6763,0,15.4789,0.5019,Moderate Potential
21.535,80.28,0,Grid Point,0.0592,0.0831,0.083,0.2786,0.261,0.1668,297.0,0.997,90.0,1.402,0.9368,1.5647,0.5987,0.5409,0,14.6605,0.1416,Low Potential
21.535,80.295,0,Grid Point,0.0845,0.133,0.18015,0.2314,0.3544,0.2751,306.0,6.2388,107.2268,2.0526375,1.5315,1.2883,1.1889,0.0773,0,13.9656,0.2907,Low Potential
21.535,80.31,0,Grid Point,0.1013,0.1363375,0.18015,0.31765,0.42003750000000006,0.3336125,310.0,5.4308,132.9288,2.0526375,1.4915,1.3481,1.1064,0.0771,0,13.4134,0.2678,Low Potential
21.535,80.325,0,Grid Point,0.0584,0.0817,0.0827,0.251,0.3007,0.1924,296.0,3.4192,35.629,1.4161,1.198,1.5629,0.7665,0.5043,0,13.0221,0.168,Low Potential
21.535,80.34,0,Grid Point,0.0602,0.0851,0.0802,0.2518,0.24,0.152,293.0,4.8514,235.0986,1.3322,0.9531,1.5789,0.6037,0.5169,0,12.8065,0.1735,Low Potential
21.535,80.355,0,Grid Point,0.0623,0.0905,0.1101,0.245,0.335,0.2362,294.0,4.7547,141.1213,1.7673,1.3673,1.4183,0.9641,0.3799,0,12.7754,0.3614,Moderate Potential
21.535,80.37,0,Grid Point,0.0686,0.0951,0.1073,0.2384,0.3052,0.2196,298.0,5.8906,160.2849,1.5641,1.2802,1.3898,0.9211,0.3792,0,12.9302,0.5637,Moderate Potential
21.535,80.385,0,Grid Point,0.0466,0.0726,0.0669,0.1989,0.1476,0.0783,296.0,2.9886,270.0,1.4356,0.7421,1.8851,0.3937,0.4966,0,13.2643,0.4029,Moderate Potential
21.535,80.4,0,Grid Point,0.048,0.0729,0.0685,0.2618,0.1546,0.0885,298.0,3.5153,121.8043,1.4271,0.5905,1.7469,0.338,0.5852,0,13.7647,0.4522,Moderate Potential
21.535,80.415,0,Grid Point,0.0478,0.0797,0.0698,0.259,0.1541,0.0969,306.0,0.0,0.0,1.4603,0.595,1.5903,0.3741,0.5754,0,14.4142,0.3117,Low Potential
21.535,80.43,0,Grid Point,0.0502,0.0815,0.0786,0.2464,0.1838,0.1289,307.0,3.1287,287.2268,1.5657,0.7459,1.4259,0.5231,0.5163,0,15.1935,0.2051,Low Potential
21.535,80.445,0,Grid Point,0.053,0.0885,0.0933,0.2529,0.2059,0.1458,307.0,2.1982,65.057,1.7604,0.8142,1.4122,0.5765,0.461,0,16.0839,0.2077,Low Potential
21.535,80.46,0,Grid Point,0.1013,0.1363375,0.1544,0.2694,0.3054,0.2565,312.0,1.9934,270.0,1.4416,1.1336,1.1906,0.9521,0.2714,0,17.0679,0.258,Low Potential
21.535,80.475,0,Grid Point,0.0846,0.1068,0.1287,0.2292,0.297,0.255,312.0,3.5153,238.1958,1.5213,1.2958,1.1647,1.1126,0.2808,0,18.1304,0.3761,Moderate Potential
21.535,80.49,0,Grid Point,0.0758,0.1152,0.1568,0.2315,0.3191,0.2643,310.0,2.9531,160.2849,2.0526375,1.3784,1.2073,1.1417,0.1924,0,19.2583,0.2596,Low Potential
21.55,79.2,0,Grid Point,0.0439,0.0666,0.0598,0.2081,0.2376,0.1417,352.0,1.3616,312.9258,1.3633,1.1415,1.6764,0.6809,0.5533,0,17.7289,0.1526,Low Potential
21.55,79.215,0,Grid Point,0.0503,0.0737,0.07,0.1982,0.247,0.1633,399.0,2.1984,245.0593,1.3907,1.2465,1.5126,0.8241,0.4782,0,16.8782,0.1511,Low Potential
21.55,79.23,0,Grid Point,0.0548,0.075,0.0828,0.1892,0.2842,0.1929,406.0,2.7217,132.9258,1.5087,1.5024,1.4736,1.0196,0.3914,0,16.131,0.1835,Low Potential
21.55,79.245,0,Grid Point,0.0561,0.0804,0.0815,0.2404,0.3206,0.2121,413.0,2.7217,227.0742,1.4528,1.3335,1.5118,0.8821,0.4937,0,15.5022,0.2113,Low Potential
21.55,79.26,0,Grid Point,0.0659,0.0965,0.1201,0.2582,0.3528,0.2532,412.0,2.7217,47.0742,1.8225,1.3664,1.3934,0.9806,0.3651,0,15.0066,0.4303,Moderate Potential
21.55,79.275,0,Grid Point,0.0734,0.097,0.1269,0.2057,0.3158,0.2532,416.0,2.9531,19.7169,1.7301,1.5355,1.2477,1.2307,0.2369,0,14.658,0.4012,Moderate Potential
21.55,79.29,0,Grid Point,0.0849,0.1188,0.1458,0.2498,0.33,0.2458,404.0,1.3616,132.9258,1.7167,1.3211,1.3424,0.9842,0.263,0,14.4667,0.2821,Low Potential
21.55,79.305,0,Grid Point,0.0524,0.0736,0.0754,0.2247,0.3039,0.1937,402.0,1.9936,270.0,1.4413,1.3525,1.5689,0.862,0.4973,0,14.4392,0.1793,Low Potential
21.55,79.32,0,Grid Point,0.0485,0.0693,0.0616,0.2164,0.2386,0.1419,403.0,0.9274,0.0,1.2711,1.1026,1.6811,0.6559,0.5565,0,14.5763,0.1564,Low Potential
21.55,79.335,0,Grid Point,0.0712,0.1016,0.1138,0.2523,0.3239,0.2202,390.0,2.1984,294.9407,1.5994,1.2836,1.4707,0.8728,0.3783,0,14.8735,0.2938,Low Potential
21.55,79.35,0,Grid Point,0.1013,0.1306,0.1482,0.2228,0.2852,0.2234,392.0,0.0,0.0,1.4534,1.2801,1.2766,1.0027,0.2009,0,15.3215,0.5527,Moderate Potential
21.55,79.365,0,Grid Point,0.0588,0.0781,0.0905,0.2148,0.3268,0.2238,378.0,2.7217,312.9258,1.5391,1.5214,1.4606,1.0417,0.4071,0,13.905,0.2345,Low Potential
21.55,79.38,0,Grid Point,0.0602,0.0866,0.0931,0.2368,0.3018,0.2188,373.0,5.5017,212.8258,1.5478,1.2748,1.3797,0.924,0.4355,0,12.36,0.5624,Moderate Potential
21.55,79.395,0,Grid Point,0.0614,0.0854,0.0867,0.2816,0.2917,0.1903,368.0,0.9971,90.0,1.4132,1.0357,1.5328,0.6757,0.5293,0,10.815,0.157,Low Potential
21.55,79.41,0,Grid Point,0.0891,0.1178,0.155,0.2582,0.3883,0.314,382.0,0.9971,90.0,1.7391,1.5044,1.237,1.2162,0.2498,0,9.27,0.241,Low Potential
21.55,79.425,0,Grid Point,0.076,0.1014,0.1194,0.2564,0.3478,0.2514,370.0,2.7803,180.0,1.5704,1.3569,1.3834,0.9809,0.3647,0,7.725,0.4387,Moderate Potential
21.55,79.44,0,Grid Point,0.0526,0.0755,0.0802,0.2041,0.3136,0.212,380.0,0.9971,90.0,1.5262,1.5363,1.4787,1.039,0.4358,0,6.18,0.1945,Low Potential
21.55,79.455,0,Grid Point,0.0651,0.0917,0.1006,0.2438,0.3453,0.2426,363.0,4.2045,208.2615,1.5461,1.4163,1.423,0.9953,0.4156,0,4.635,0.3205,Low Potential
21.55,79.47,0,Grid Point,0.0532,0.0724,0.0808,0.193,0.2884,0.2006,363.0,2.1984,65.0593,1.5179,1.4942,1.4383,1.0389,0.4102,0,3.09,0.1908,Low Potential
21.55,79.485,0,Grid Point,0.0678,0.0872,0.1019,0.2092,0.3482,0.2434,354.0,2.9889,270.0,1.5041,1.6646,1.4301,1.164,0.3448,0,1.545,0.3678,Moderate Potential
21.55,79.5,0,Grid Point,0.0707,0.0934,0.1146,0.227,0.3656,0.2748,350.0,1.8543,180.0,1.6198,1.6109,1.3302,1.2111,0.3289,0,0.0,0.5226,Moderate Potential
21.55,79.515,0,Grid Point,0.0362,0.0382,0.0281,0.13885000000000003,0.09513749999999997,0.017112500000000003,336.0,0.9274,0.0,0.9781375000000002,0.9797,1.1373,0.8615,0.07343750000000004,1,1.545,0.6530125,High Potential Deposit Zone
21.55,79.53,0,Grid Point,0.0373,0.0393,0.0297,0.13885000000000003,0.09513749999999997,0.017112500000000003,331.0,2.1984,294.9407,0.9781375000000002,0.7579,1.3395,0.5658,0.07343750000000004,1,3.09,0.6530125,High Potential Deposit Zone
21.55,79.545,0,Grid Point,0.0325,0.0343,0.0242,0.13885000000000003,0.09513749999999997,0.017112500000000003,336.0,2.7217,132.9258,0.9781375000000002,1.1585,1.1633,0.9959,0.07343750000000004,1,4.635,0.6530125,High Potential Deposit Zone
21.55,79.56,0,Grid Point,0.0682,0.0886,0.1109,0.2174,0.3359,0.2468,325.0,2.7217,47.0742,1.6261,1.5447,1.3607,1.1352,0.3245,1,6.18,0.6214,Moderate Potential
21.55,79.575,0,Grid Point,0.0516,0.0667,0.0784,0.1826,0.2973,0.203,333.0,3.8359,195.0449,1.5169,1.6277,1.4645,1.1114,0.3996,1,7.725,0.2444,Low Potential
21.55,79.59,0,Grid Point,0.0574,0.0752,0.0791,0.2008,0.2668,0.1766,316.0,2.1984,114.9407,1.3793,1.3286,1.5115,0.879,0.4349,1,9.27,0.1867,Low Potential
21.55,79.605,0,Grid Point,0.0507,0.0748,0.079,0.208,0.182,0.1054,314.0,0.0,0.0,1.5572,0.8745,1.7271,0.5064,0.4498,1,10.815,0.2052,Low Potential
21.55,79.62,0,Grid Point,0.0587,0.0824,0.0872,0.2232,0.2994,0.2118,326.0,0.0,0.0,1.4855,1.3409,1.4134,0.9487,0.4382,1,12.36,0.4166,Moderate Potential
21.55,79.635,0,Grid Point,0.0559,0.0811,0.0782,0.2566,0.2655,0.178,308.0,3.129,107.2251,1.3998,1.0349,1.492,0.6936,0.5326,1,13.905,0.1602,Low Potential
21.55,79.65,0,Grid Point,0.0534,0.0746,0.0642,0.2474,0.1414,0.0804,315.0,2.1984,65.0593,1.2032,0.5719,1.7582,0.3252,0.5876,1,15.1427,0.551,Moderate Potential
21.55,79.665,0,Grid Point,0.0417,0.0694,0.054,0.1751,0.123,0.0718,321.0,3.4193,215.6319,1.295,0.7025,1.7143,0.4098,0.5286,1,14.1372,0.474,Moderate Potential
21.55,79.68,0,Grid Point,0.0851,0.1062,0.1306,0.185,0.286,0.2286,350.0,6.54,351.268,1.5341,1.5453,1.2506,1.2356,0.1727,1,13.2361,0.5102,Moderate Potential
21.55,79.695,0,Grid Point,0.051,0.0686,0.0752,0.1722,0.2293,0.1635,345.0,5.6353,169.8408,1.475,1.3316,1.4024,0.9495,0.3924,1,12.462,0.4441,Moderate Potential
21.55,79.71,0,Grid Point,0.05,0.0735,0.0746,0.2166,0.258,0.1647,373.0,7.547549999999999,28.2615,1.4935,1.1916,1.5668,0.7606,0.4875,1,11.8399,0.1854,Low Potential
21.55,79.725,0,Grid Point,0.0476,0.0667,0.0756,0.209,0.2821,0.1838,340.0,3.4193,215.6319,1.5872,1.3492,1.535,0.879,0.4691,1,11.3948,0.2223,Low Potential
21.55,79.74,0,Grid Point,0.055,0.0846,0.0834,0.2318,0.2863,0.201,326.0,2.7803,0.0,1.5164,1.2349,1.424,0.8672,0.4709,1,11.1477,0.2123,Low Potential
21.55,79.755,0,Grid Point,0.0898,0.1304,0.1625,0.27,0.3618,0.2861,318.0,1.3616,47.0742,1.8106,1.3402,1.2648,1.0596,0.2486,1,11.1119,0.2541,Low Potential
21.55,79.77,0,Grid Point,0.0747,0.1072,0.1498,0.2472,0.3979,0.3078,316.0,2.1984,294.9407,2.006,1.6096,1.2927,1.2451,0.2452,1,11.2895,0.3057,Low Potential
21.55,79.785,0,Grid Point,0.0462,0.0726,0.0751,0.2389,0.2456,0.1433,341.0,2.1984,294.9407,1.6255,1.0283,1.7142,0.5998,0.5217,1,11.6707,0.1868,Low Potential
21.55,79.8,0,Grid Point,0.0382,0.0572,0.0527,0.1956,0.2327,0.1354,328.0,7.547549999999999,149.6105,1.3778,1.1894,1.718,0.6923,0.5756,1,12.2365,0.2587,Low Potential
21.55,79.815,0,Grid Point,0.0406,0.0571,0.057,0.1979,0.2262,0.1322,305.0,7.547549999999999,147.9051,1.4052,1.1433,1.7114,0.668,0.5525,1,12.9628,0.2362,Low Potential
21.55,79.83,0,Grid Point,0.0789,0.111,0.1279,0.2302,0.308,0.2536,278.0,1.3616,227.0742,1.621,1.338,1.2145,1.1017,0.2857,1,13.8242,0.4663,Moderate Potential
21.55,79.845,0,Grid Point,0.047,0.0718,0.0635,0.257,0.2482,0.1537,287.0,2.1984,245.0593,1.3511,0.9658,1.6152,0.5979,0.6038,1,14.7972,0.1486,Low Potential
21.55,79.86,0,Grid Point,0.0795,0.1098,0.1376,0.2644,0.3498,0.2446,284.0,2.7803,0.0,1.7313,1.3227,1.4301,0.9249,0.3157,1,15.8612,0.2609,Low Potential
21.55,79.875,0,Grid Point,0.071,0.0996,0.1202,0.2385,0.3146,0.2273,285.0,4.0883,256.9099,1.6934,1.3191,1.3841,0.953,0.33,1,16.9993,0.5894,Moderate Potential
21.55,79.89,0,Grid Point,0.0891,0.1363375,0.18015,0.2531,0.2746,0.23,280.0,2.9889,90.0,2.0526375,1.0851,1.1939,0.9089,0.0965,1,18.1974,0.2381,Low Potential
21.55,79.905,0,Grid Point,0.0933,0.1363375,0.1743,0.2424,0.3318,0.2406,272.0,2.1051,28.2615,1.8682,1.3685,1.3788,0.9926,0.1635,1,19.4446,0.245,Low Potential
21.55,79.92,0,Grid Point,0.0782,0.1145,0.1396,0.2814,0.3493,0.28,270.0,0.9971,90.0,1.7857,1.2411,1.2475,0.9948,0.3371,1,19.3529,0.2868,Low Potential
21.55,79.935,0,Grid Point,0.0432,0.0736,0.0586,0.2574,0.166,0.0934,269.0,3.4193,35.6319,1.3592,0.6451,1.7788,0.3627,0.6289,1,17.8783,0.4131,Moderate Potential
21.55,79.95,0,Grid Point,0.055,0.0803,0.0799,0.253,0.2702,0.1769,273.0,2.9531,19.7169,1.454,1.068,1.5277,0.6991,0.52,1,16.4166,0.1377,Low Potential
21.55,79.965,0,Grid Point,0.062,0.0846,0.095,0.2293,0.2639,0.1857,272.0,2.1051,28.2615,1.5343,1.1509,1.4211,0.8099,0.4139,1,14.9717,0.1736,Low Potential
21.55,79.98,0,Grid Point,0.1013,0.1363375,0.18015,0.31765,0.42003750000000006,0.3336125,265.0,0.9971,270.0,1.8691,1.4622,1.0378,1.409,0.0958,1,13.5489,0.2928,Low Potential
21.55,79.995,0,Grid Point,0.0622,0.0876,0.1038,0.2322,0.317,0.223,278.0,0.9971,270.0,1.6693,1.3651,1.4214,0.9604,0.3824,1,12.1559,0.4171,Moderate Potential
21.55,80.01,0,Grid Point,0.0712,0.0964,0.1166,0.2401,0.2811,0.2063,280.0,0.0,0.0,1.6372,1.1708,1.3626,0.8592,0.346,1,10.8044,0.408,Moderate Potential
21.55,80.025,0,Grid Point,0.0844,0.1232,0.1442,0.2229,0.251,0.2082,263.0,3.7048,0.0,1.7081,1.1261,1.2056,0.9341,0.2142,1,9.512,0.3601,Moderate Potential
21.55,80.04,0,Grid Point,0.0473,0.0709,0.0584,0.2748,0.1618,0.0881,281.0,2.1051,331.7385,1.2347,0.5888,1.8365,0.3206,0.6495,1,8.3063,0.5051,Moderate Potential
21.55,80.055,0,Grid Point,0.0439,0.0746,0.0621,0.2354,0.1564,0.0941,275.0,2.1984,294.9407,1.4146,0.6644,1.6621,0.3997,0.5825,1,7.2309,0.3907,Moderate Potential
21.55,80.07,0,Grid Point,0.0482,0.076,0.0795,0.2235,0.2022,0.1227,279.0,0.9971,90.0,1.6494,0.9047,1.6479,0.549,0.4752,1,6.3522,0.2195,Low Potential
21.55,80.085,0,Grid Point,0.0513,0.0759,0.0784,0.2214,0.2843,0.1875,279.0,2.1051,331.7385,1.5283,1.2841,1.5163,0.8469,0.477,1,5.761,0.1986,Low Potential
21.55,80.1,0,Grid Point,0.0544,0.0767,0.0861,0.2047,0.2889,0.1996,282.0,0.9274,0.0,1.5827,1.4113,1.4474,0.9751,0.4078,1,5.55,0.2167,Low Potential
21.55,80.115,0,Grid Point,0.1013,0.1363375,0.18015,0.31765,0.4022,0.3336125,291.0,1.3616,132.9258,1.5014,1.1561,1.0947,1.0561,0.133,1,5.761,0.2682,Low Potential
21.55,80.13,0,Grid Point,0.0563,0.0785,0.0577,0.1957,0.1355,0.0815,289.0,5.4311,312.9258,1.0249,0.6924,1.6626,0.4165,0.5446,1,6.3522,0.4746,Moderate Potential
21.55,80.145,0,Grid Point,0.0517,0.0815,0.0773,0.215,0.1335,0.077,287.0,2.1051,151.7385,1.4952,0.6209,1.7338,0.3581,0.4711,1,7.2309,0.4785,Moderate Potential
21.55,80.16,0,Grid Point,0.0774,0.1039,0.1192,0.2459,0.3155,0.2366,289.0,1.3616,227.0742,1.5401,1.283,1.3335,0.9622,0.347,1,8.3063,0.4648,Moderate Potential
21.55,80.175,0,Grid Point,0.0535,0.0752,0.089,0.2135,0.2845,0.1912,303.0,2.7217,132.9258,1.6636,1.3326,1.488,0.8956,0.4116,1,9.512,0.2577,Low Potential
21.55,80.19,0,Grid Point,0.0763,0.1061,0.1273,0.2637,0.368,0.2703,299.0,0.0,0.0,1.6684,1.3955,1.3615,1.025,0.3488,0,10.8044,0.4329,Moderate Potential
21.55,80.205,0,Grid Point,0.072,0.0998,0.1068,0.2403,0.2865,0.2102,303.0,0.9971,90.0,1.4833,1.1923,1.363,0.8747,0.3846,0,12.1559,0.3573,Moderate Potential
21.55,80.22,0,Grid Point,0.077,0.1061,0.1213,0.2891,0.3833,0.2676,304.0,5.691,299.1641,1.5753,1.3258,1.4324,0.9256,0.4089,0,13.5489,0.4172,Moderate Potential
21.55,80.235,0,Grid Point,0.0466,0.0798,0.0616,0.2945,0.2101,0.1335,320.0,3.8359,344.9551,1.3219,0.7134,1.5738,0.4533,0.654,0,14.9717,0.2067,Low Potential
21.55,80.25,0,Grid Point,0.0743,0.0983,0.1093,0.2686,0.3009,0.2102,308.0,3.7048,0.0,1.4711,1.1203,1.4315,0.7826,0.4215,0,15.1427,0.2271,Low Potential
21.55,80.265,0,Grid Point,0.0748,0.1039,0.1253,0.2579,0.3372,0.2646,307.0,0.0,0.0,1.6751,1.3075,1.2744,1.026,0.346,0,14.1372,0.464,Moderate Potential
21.55,80.28,0,Grid Point,0.0742,0.1097,0.1289,0.27,0.3023,0.234,295.0,3.129,287.2251,1.7372,1.1196,1.2919,0.8667,0.3537,0,13.2361,0.3023,Low Potential
21.55,80.295,0,Grid Point,0.09,0.1191,0.1415,0.2735,0.368,0.2706,298.0,4.0883,283.0901,1.5722,1.3455,1.3599,0.9894,0.3181,0,12.462,0.3722,Moderate Potential
21.55,80.31,0,Grid Point,0.067,0.1032,0.1014,0.2727,0.2729,0.1991,293.0,3.8359,164.9551,1.5134,1.0007,1.3707,0.7301,0.4579,0,11.8399,0.2756,Low Potential
21.55,80.325,0,Grid Point,0.0731,0.0992,0.1105,0.252,0.2601,0.1842,296.0,4.7549,141.1184,1.5116,1.0321,1.4121,0.731,0.3903,0,11.3948,0.237,Low Potential
21.55,80.34,0,Grid Point,0.0478,0.0725,0.0744,0.2191,0.1942,0.1263,293.0,2.7217,312.9258,1.5565,0.8864,1.5376,0.5764,0.493,0,11.1477,0.1689,Low Potential
21.55,80.355,0,Grid Point,0.0709,0.0936,0.1073,0.2371,0.2937,0.2019,300.0,0.9971,90.0,1.5134,1.2387,1.4547,0.8515,0.3769,0,11.1119,0.2221,Low Potential
21.55,80.37,0,Grid Point,0.0582,0.0857,0.0965,0.2188,0.2436,0.1781,300.0,2.9889,270.0,1.6581,1.1133,1.3678,0.814,0.3879,0,11.2895,0.4089,Moderate Potential
21.55,80.385,0,Grid Point,0.0411,0.0638,0.0569,0.2301,0.1192,0.0702,300.0,2.7217,132.9258,1.3844,0.518,1.698,0.3051,0.6035,0,11.6707,0.5421,Moderate Potential
21.55,80.4,0,Grid Point,0.044,0.0799,0.0601,0.2666,0.1842,0.1204,298.0,1.8543,180.0,1.3659,0.6909,1.5299,0.4516,0.6321,0,12.2365,0.2018,Low Potential
21.55,80.415,0,Grid Point,0.0604,0.0879,0.084,0.2682,0.2456,0.1565,300.0,2.7217,227.0742,1.3907,0.9157,1.5693,0.5835,0.523,0,12.9628,0.1579,Low Potential
21.55,80.43,0,Grid Point,0.0589,0.0805,0.0937,0.2286,0.2707,0.1853,303.0,3.5156,301.8016,1.5908,1.1842,1.4609,0.8106,0.4186,0,13.8242,0.2281,Low Potential
21.55,80.445,0,Grid Point,0.0339,0.0678,0.046,0.3044,0.1662,0.087,306.0,1.3616,47.0742,1.3569,0.546,1.9103,0.2858,0.7374,0,14.7972,0.5204,Moderate Potential
21.55,80.46,0,Grid Point,0.047,0.0679,0.0734,0.2264,0.1871,0.1196,309.0,0.9274,180.0,1.5617,0.8264,1.5644,0.5283,0.5103,0,15.8612,0.1684,Low Potential
21.55,80.475,0,Grid Point,0.0334,0.0645,0.046,0.2769,0.1904,0.1054,309.0,1.9936,270.0,1.3772,0.6876,1.8065,0.3806,0.7151,0,16.9993,0.276,Low Potential
21.55,80.49,0,Grid Point,0.061,0.0887,0.1051,0.2377,0.3291,0.2595,302.0,5.4311,132.9258,1.723,1.3845,1.2682,1.0917,0.3868,0,18.1974,0.4133,Moderate Potential
21.565,79.2,0,Grid Point,0.0446,0.0674,0.058,0.2076,0.241,0.1507,340.0,4.3908,294.9384,1.3008,1.1606,1.5989,0.7259,0.5635,0,19.1086,0.1789,Low Potential
21.565,79.215,0,Grid Point,0.05,0.0696,0.0672,0.1868,0.2532,0.1648,403.0,5.8908,19.7188,1.345,1.3552,1.5356,0.8825,0.4706,0,18.3221,0.1778,Low Potential
21.565,79.23,0,Grid Point,0.0456,0.0698,0.059,0.2118,0.2412,0.141,427.0,5.5019,327.1715,1.2928,1.139,1.7104,0.666,0.5645,0,17.6361,0.1714,Low Potential
21.565,79.245,0,Grid Point,0.0459,0.0706,0.0668,0.2369,0.2504,0.1484,432.0,3.4195,144.3653,1.4553,1.0568,1.687,0.6264,0.5601,0,17.0629,0.1459,Low Potential
21.565,79.26,0,Grid Point,0.0608,0.0876,0.1028,0.2307,0.3019,0.2111,423.0,2.9532,340.2812,1.6908,1.3086,1.4301,0.915,0.3835,0,16.614,0.3926,Moderate Potential
21.565,79.275,0,Grid Point,0.0669,0.0924,0.1168,0.2462,0.3409,0.2388,415.0,3.7048,180.0,1.7479,1.3846,1.4279,0.9697,0.3563,0,16.2997,0.3038,Low Potential
21.565,79.29,0,Grid Point,0.0742,0.1038,0.1141,0.2918,0.2908,0.1884,405.0,2.1051,28.264,1.5367,0.9967,1.5431,0.6459,0.4377,0,16.1279,0.1675,Low Potential
21.565,79.305,0,Grid Point,0.049,0.0738,0.0649,0.2608,0.2546,0.149,426.0,6.5701,294.9384,1.3245,0.976,1.7078,0.5715,0.6015,0,16.1032,0.1717,Low Potential
21.565,79.32,0,Grid Point,0.0676,0.0879,0.1048,0.2097,0.3165,0.2266,404.0,0.9274,0.0,1.5492,1.5093,1.3964,1.0808,0.3335,0,16.2263,0.5373,Moderate Potential
21.565,79.335,0,Grid Point,0.0502,0.0703,0.0703,0.195,0.2727,0.172,399.0,1.9938,90.0,1.3994,1.3985,1.5855,0.8821,0.4703,0,16.4938,0.1555,Low Potential
21.565,79.35,0,Grid Point,0.0444,0.0662,0.0586,0.2172,0.2346,0.1431,391.0,2.1986,245.0615,1.3224,1.0799,1.6394,0.6587,0.5748,0,15.5395,0.1455,Low Potential
21.565,79.365,0,Grid Point,0.0851,0.1094,0.1418,0.2424,0.3684,0.2815,386.0,2.9532,19.7188,1.6669,1.5195,1.3087,1.1611,0.2618,0,14.0043,0.3073,Low Potential
21.565,79.38,0,Grid Point,0.0724,0.0976,0.1218,0.223,0.3471,0.2636,380.0,0.9274,180.0,1.6835,1.5565,1.317,1.1818,0.2935,0,12.4716,0.5274,Moderate Potential
21.565,79.395,0,Grid Point,0.0631,0.0869,0.0886,0.2374,0.2668,0.1718,369.0,1.3617,47.0771,1.4033,1.1236,1.5522,0.7239,0.4567,0,10.9424,0.1429,Low Potential
21.565,79.41,0,Grid Point,0.0712,0.093,0.1168,0.233,0.3119,0.2274,366.0,4.3908,65.0615,1.6386,1.3383,1.3713,0.976,0.3325,0,9.4183,0.6530125,High Potential Deposit Zone
21.565,79.425,0,Grid Point,0.0529,0.0708,0.0834,0.195,0.253,0.1708,368.0,0.9274,0.0,1.5766,1.2974,1.4816,0.8757,0.401,0,7.9024,0.175,Low Potential
21.565,79.44,0,Grid Point,0.0588,0.0821,0.0901,0.2405,0.3303,0.2248,372.0,3.5159,121.7989,1.5332,1.3736,1.4699,0.9345,0.4547,0,6.4004,0.2483,Low Potential
21.565,79.455,0,Grid Point,0.0627,0.082,0.1116,0.2138,0.379,0.2862,380.0,2.1986,65.0615,1.7799,1.7729,1.3241,1.3389,0.314,0,4.925,0.4628,Moderate Potential
21.565,79.47,0,Grid Point,0.0486,0.0686,0.0602,0.2088,0.2359,0.1421,373.0,2.9892,270.0,1.2364,1.1298,1.6601,0.6806,0.5527,0,3.51,0.1884,Low Potential
21.565,79.485,0,Grid Point,0.0468,0.0679,0.0649,0.1954,0.2494,0.1506,356.0,2.9532,19.7188,1.3878,1.2766,1.6558,0.771,0.5011,0,2.2714,0.1582,Low Potential
21.565,79.5,0,Grid Point,0.0474,0.0613,0.0596,0.1935,0.2544,0.1568,356.0,1.9938,270.0,1.2571,1.3147,1.6224,0.8103,0.5287,0,1.665,0.1775,Low Potential
21.565,79.515,0,Grid Point,0.0536,0.0696,0.0826,0.1711,0.2836,0.1941,361.0,1.9938,270.0,1.5387,1.6572,1.4608,1.1344,0.3491,0,2.2714,0.2238,Low Potential
21.565,79.53,0,Grid Point,0.0621,0.0888,0.0778,0.2492,0.2701,0.174,348.0,0.9274,0.0,1.2536,1.0837,1.5527,0.6979,0.524,0,3.51,0.1679,Low Potential
21.565,79.545,0,Grid Point,0.0328,0.0356,0.0242,0.13885000000000003,0.09513749999999997,0.017112500000000003,326.0,1.8543,180.0,0.9781375000000002,0.9211,1.201,0.7669,0.07343750000000004,1,4.925,0.6530125,High Potential Deposit Zone
21.565,79.56,0,Grid Point,0.0483,0.0619,0.067,0.1829,0.2728,0.1774,348.0,2.1986,294.9384,1.3847,1.4918,1.5376,0.9702,0.4641,1,6.4004,0.1973,Low Potential
21.565,79.575,0,Grid Point,0.0516,0.0711,0.0706,0.1956,0.289,0.188,337.0,5.3051,69.5948,1.3672,1.4771,1.5376,0.9606,0.4699,1,7.9024,0.2458,Low Potential
21.565,79.59,0,Grid Point,0.0556,0.0844,0.0632,0.2394,0.162,0.0898,326.0,2.9892,270.0,1.1386,0.6768,1.8056,0.3748,0.5821,1,9.4183,0.4644,Moderate Potential
21.565,79.605,0,Grid Point,0.0516,0.0682,0.0759,0.188,0.2938,0.1954,332.0,2.7803,180.0,1.4695,1.5629,1.5033,1.0396,0.4247,1,10.9424,0.2171,Low Potential
21.565,79.62,0,Grid Point,0.0452,0.0625,0.0598,0.1882,0.2565,0.1609,320.0,2.1051,208.264,1.3219,1.3633,1.5942,0.8552,0.518,1,12.4716,0.1614,Low Potential
21.565,79.635,0,Grid Point,0.05,0.0698,0.0725,0.1978,0.2736,0.171,329.0,3.8359,164.9536,1.45,1.3829,1.6,0.8643,0.4637,1,14.0043,0.1856,Low Potential
21.565,79.65,0,Grid Point,0.0424,0.0701,0.0636,0.1865,0.1668,0.0914,313.0,1.9938,90.0,1.4988,0.8944,1.8249,0.4901,0.4917,1,13.9682,0.3873,Moderate Potential
21.565,79.665,0,Grid Point,0.045,0.0728,0.0559,0.2454,0.1542,0.0853,307.0,1.3617,312.9229,1.2408,0.6284,1.8077,0.3476,0.6289,1,12.8713,0.5034,Moderate Potential
21.565,79.68,0,Grid Point,0.0488,0.0753,0.0638,0.2189,0.1594,0.0908,320.0,2.9532,199.7188,1.3074,0.7284,1.7561,0.4148,0.5486,1,11.8745,0.3563,Moderate Potential
21.565,79.695,0,Grid Point,0.0896,0.1196,0.1664,0.256,0.42003750000000006,0.3336125,327.0,1.9938,90.0,1.8567,1.7057,1.2543,1.3599,0.2121,1,11.0051,0.238,Low Potential
21.565,79.71,0,Grid Point,0.074,0.0932,0.1269,0.2267,0.3394,0.26,327.0,0.9972,270.0,1.7137,1.4971,1.3054,1.1469,0.2822,1,10.2953,0.5171,Moderate Potential
21.565,79.725,0,Grid Point,0.0414,0.06,0.06,0.2013,0.2526,0.1622,342.0,6.0941,139.2974,1.4498,1.2554,1.5572,0.8062,0.541,1,9.7801,0.2375,Low Potential
21.565,79.74,0,Grid Point,0.0801,0.1144,0.1354,0.2628,0.366,0.2771,318.0,2.9532,160.2812,1.6898,1.3927,1.3208,1.0544,0.3201,1,9.4911,0.3835,Moderate Potential
21.565,79.755,0,Grid Point,0.0656,0.0935,0.1056,0.1938,0.1972,0.1264,305.0,2.1051,208.264,1.6102,1.0175,1.5605,0.6521,0.2949,1,9.449,0.2605,Low Potential
21.565,79.77,0,Grid Point,0.0558,0.0792,0.087,0.2138,0.1926,0.1428,297.0,0.9972,90.0,1.5591,0.9006,1.3484,0.6679,0.4215,1,9.6573,0.3242,Low Potential
21.565,79.785,0,Grid Point,0.0464,0.0678,0.0645,0.2272,0.2289,0.1373,291.0,2.1051,28.264,1.3916,1.0075,1.6672,0.6043,0.5578,1,10.1003,0.139,Low Potential
21.565,79.8,0,Grid Point,0.054,0.0802,0.0847,0.1915,0.2272,0.1636,288.0,2.1986,294.9384,1.5671,1.1864,1.3883,0.8546,0.3867,1,10.749,0.351,Moderate Potential
21.565,79.815,0,Grid Point,0.0456,0.0677,0.0635,0.1712,0.1498,0.097,280.0,3.8359,15.0464,1.393,0.8753,1.5435,0.567,0.4591,1,11.569,0.3393,Low Potential
21.565,79.83,0,Grid Point,0.0666,0.0968,0.1166,0.2434,0.318,0.224,288.0,7.547549999999999,333.9526,1.7521,1.3064,1.4195,0.9203,0.3523,1,12.5266,0.4626,Moderate Potential
21.565,79.845,0,Grid Point,0.0547,0.0772,0.0795,0.2328,0.2727,0.17,329.0,7.547549999999999,316.7454,1.4534,1.1711,1.6046,0.7299,0.491,1,13.5928,0.182,Low Potential
21.565,79.86,0,Grid Point,0.0432,0.0648,0.0604,0.2124,0.245,0.153,309.0,5.0588,100.5366,1.4009,1.1537,1.6022,0.7201,0.5569,1,14.7441,0.1903,Low Potential
21.565,79.875,0,Grid Point,0.0832,0.1158,0.1386,0.2784,0.3534,0.2572,296.0,0.9972,90.0,1.6669,1.2696,1.374,0.924,0.3353,1,15.962,0.3819,Moderate Potential
21.565,79.89,0,Grid Point,0.0575,0.0831,0.0974,0.2247,0.2851,0.1939,282.0,1.3617,227.0771,1.6948,1.2686,1.4701,0.8629,0.395,1,17.2324,0.2313,Low Potential
21.565,79.905,0,Grid Point,0.0596,0.0828,0.0922,0.2292,0.259,0.1708,279.0,1.3617,132.9229,1.5448,1.1298,1.5168,0.7448,0.4266,1,18.5446,0.1459,Low Potential
21.565,79.92,0,Grid Point,0.064,0.0946,0.0991,0.2452,0.2866,0.1994,279.0,1.3617,47.0771,1.5472,1.1688,1.4379,0.8128,0.4244,1,19.8902,0.1444,Low Potential
21.565,79.935,0,Grid Point,0.0794,0.1139,0.1367,0.297,0.2876,0.2037,275.0,2.9532,160.2812,1.7227,0.9687,1.4118,0.6861,0.3695,1,18.4631,0.198,Low Potential
21.565,79.95,0,Grid Point,0.05,0.0792,0.0677,0.2482,0.1424,0.0769,268.0,0.9274,0.0,1.3526,0.5738,1.8518,0.3099,0.5713,1,17.0516,0.4234,Moderate Potential
21.565,79.965,0,Grid Point,0.0483,0.0774,0.061,0.2768,0.1842,0.1048,279.0,0.0,0.0,1.2606,0.6652,1.7563,0.3787,0.6391,1,15.6654,0.2776,Low Potential
21.565,79.98,0,Grid Point,0.0488,0.0798,0.0689,0.2233,0.1596,0.0882,271.0,0.9274,180.0,1.4119,0.7145,1.81,0.3948,0.5284,1,14.3117,0.3605,Moderate Potential
21.565,79.995,0,Grid Point,0.0467,0.0694,0.0673,0.2351,0.182,0.1109,279.0,2.1986,65.0615,1.4411,0.7741,1.6411,0.4717,0.5549,1,13.0008,0.1877,Low Potential
21.565,80.01,0,Grid Point,0.0654,0.0922,0.1017,0.262,0.2562,0.175,284.0,1.3617,227.0771,1.555,0.9779,1.4637,0.6681,0.4407,1,11.7469,0.1446,Low Potential
21.565,80.025,0,Grid Point,0.0766,0.1118,0.1278,0.2395,0.2852,0.2198,271.0,2.1051,208.264,1.6702,1.1908,1.2972,0.918,0.3039,1,10.5703,0.4442,Moderate Potential
21.565,80.04,0,Grid Point,0.0398,0.0696,0.0528,0.2236,0.1387,0.0786,280.0,2.1051,28.264,1.3266,0.6203,1.7646,0.3515,0.6179,1,9.4999,0.5707,Moderate Potential
21.565,80.055,0,Grid Point,0.0557,0.0802,0.0701,0.2426,0.1651,0.1035,280.0,1.3617,132.9229,1.2585,0.6805,1.5952,0.4266,0.5516,1,8.5755,0.2511,Low Potential
21.565,80.07,0,Grid Point,0.0621,0.0832,0.0908,0.2419,0.204,0.1407,283.0,0.9972,270.0,1.4622,0.8433,1.4499,0.5816,0.4542,1,7.8488,0.1545,Low Potential
21.565,80.085,0,Grid Point,0.0416,0.0682,0.0531,0.2312,0.1479,0.0816,283.0,1.9938,90.0,1.2764,0.6397,1.8125,0.3529,0.6265,1,7.3786,0.56,Moderate Potential
21.565,80.1,0,Grid Point,0.0742,0.1071,0.1236,0.2284,0.294,0.2266,290.0,3.4195,324.3654,1.6658,1.2872,1.2974,0.9921,0.2977,1,7.215,0.6415,Moderate Potential
21.565,80.115,0,Grid Point,0.0564,0.0898,0.1025,0.2472,0.2986,0.207,286.0,1.3617,312.9229,1.8174,1.2079,1.4425,0.8374,0.4138,1,7.3786,0.213,Low Potential
21.565,80.13,0,Grid Point,0.0371,0.0613,0.0482,0.2362,0.1673,0.0953,280.0,0.0,0.0,1.2992,0.7083,1.7555,0.4035,0.661,1,7.8488,0.4356,Moderate Potential
21.565,80.145,0,Grid Point,0.087,0.124,0.1615,0.2619,0.3788,0.2912,287.0,1.9938,270.0,1.8563,1.4464,1.3008,1.1119,0.2371,1,8.5755,0.2224,Low Potential
21.565,80.16,0,Grid Point,0.085,0.1132,0.1333,0.2503,0.3473,0.2584,297.0,2.1051,208.264,1.5682,1.3875,1.344,1.0324,0.305,1,9.4999,0.3153,Low Potential
21.565,80.175,0,Grid Point,0.0741,0.1029,0.1198,0.254,0.335,0.2469,299.0,2.1051,151.736,1.6167,1.3189,1.3568,0.972,0.359,1,10.5703,0.4549,Moderate Potential
21.565,80.19,0,Grid Point,0.0729,0.0967,0.113,0.2403,0.3226,0.2402,290.0,2.1986,65.0615,1.5501,1.3425,1.343,0.9996,0.3603,1,11.7469,0.504,Moderate Potential
21.565,80.205,0,Grid Point,0.0703,0.096,0.1134,0.2376,0.3563,0.2727,292.0,1.3617,132.9229,1.6131,1.4996,1.3066,1.1477,0.3538,1,13.0008,0.472,Moderate Potential
21.565,80.22,0,Grid Point,0.0822,0.1101,0.1317,0.2698,0.3458,0.254,304.0,0.9274,180.0,1.6022,1.2817,1.3614,0.9414,0.344,0,14.3117,0.3971,Moderate Potential
21.565,80.235,0,Grid Point,0.0767,0.1153,0.1271,0.2117,0.2419,0.1765,303.0,4.0887,283.0887,1.6571,1.1427,1.3705,0.8337,0.2497,0,15.1434,0.452,Moderate Potential
21.565,80.25,0,Grid Point,0.065,0.0921,0.1166,0.2105,0.2968,0.2218,305.0,0.9972,270.0,1.7938,1.41,1.3381,1.0537,0.2871,0,13.9682,0.5902,Moderate Potential
21.565,80.265,0,Grid Point,0.0418,0.0658,0.0508,0.2343,0.1561,0.0885,301.0,1.9938,270.0,1.2153,0.6662,1.7638,0.3777,0.6436,0,12.8713,0.4801,Moderate Potential
21.565,80.28,0,Grid Point,0.0716,0.0994,0.13,0.2335,0.3589,0.2727,301.0,4.0887,76.9113,1.8156,1.537,1.3161,1.1679,0.2847,0,11.8745,0.4234,Moderate Potential
21.565,80.295,0,Grid Point,0.0714,0.096,0.1082,0.2439,0.3001,0.2042,292.0,2.7218,47.0771,1.5154,1.2304,1.4696,0.8372,0.3854,0,11.0051,0.1857,Low Potential
21.565,80.31,0,Grid Point,0.0488,0.0718,0.0603,0.256,0.1919,0.1168,296.0,2.1051,151.736,1.2357,0.7496,1.643,0.4562,0.6187,0,10.2953,0.1967,Low Potential
21.565,80.325,0,Grid Point,0.0557,0.0724,0.0903,0.1943,0.3159,0.2219,301.0,3.1293,72.7765,1.6212,1.6258,1.4236,1.142,0.3654,0,9.7801,0.289,Low Potential
21.565,80.34,0,Grid Point,0.0481,0.0629,0.0704,0.2331,0.2615,0.1634,299.0,2.7218,312.9229,1.4636,1.1218,1.6004,0.701,0.5361,0,9.4911,0.1491,Low Potential
21.565,80.355,0,Grid Point,0.0524,0.077,0.0848,0.2336,0.2458,0.1681,298.0,3.1293,72.7765,1.6183,1.0522,1.4622,0.7196,0.4673,0,9.449,0.153,Low Potential
21.565,80.37,0,Grid Point,0.0582,0.0802,0.0859,0.208,0.2268,0.1559,299.0,5.6915,60.8385,1.4759,1.0904,1.4548,0.7495,0.4154,0,9.6573,0.1998,Low Potential
21.565,80.385,0,Grid Point,0.049,0.0774,0.0738,0.2595,0.2243,0.1449,297.0,2.1051,331.736,1.5061,0.8644,1.548,0.5584,0.5572,0,10.1003,0.1401,Low Potential
21.565,80.4,0,Grid Point,0.0377,0.0616,0.0382,0.2701,0.1455,0.0737,302.0,4.0789,132.9229,1.0133,0.5387,1.9742,0.2729,0.7522,0,10.749,0.5941,Moderate Potential
21.565,80.415,0,Grid Point,0.0645,0.0924,0.0993,0.2508,0.2962,0.1986,298.0,3.4195,324.3654,1.5395,1.181,1.4914,0.7919,0.4327,0,11.569,0.2328,Low Potential
21.565,80.43,0,Grid Point,0.0582,0.0829,0.0974,0.2151,0.2459,0.1746,302.0,1.3617,312.9229,1.6735,1.1432,1.4084,0.8117,0.3766,0,12.5266,0.3666,Moderate Potential
21.565,80.445,0,Grid Point,0.0681,0.1015,0.1261,0.2168,0.2561,0.1952,306.0,2.1051,151.736,1.8517,1.1813,1.312,0.9004,0.2645,0,13.5928,0.4324,Moderate Potential
21.565,80.46,0,Grid Point,0.0505,0.0791,0.0777,0.2654,0.2305,0.1526,305.0,2.9532,160.2812,1.5386,0.8685,1.5105,0.575,0.5471,0,14.7441,0.1527,Low Potential
21.565,80.475,0,Grid Point,0.078,0.1101,0.1321,0.2454,0.3102,0.235,309.0,1.3617,227.0771,1.6936,1.2641,1.32,0.9576,0.3001,0,15.962,0.4476,Moderate Potential
21.565,80.49,0,Grid Point,0.0502,0.0711,0.0666,0.2141,0.1713,0.1191,312.0,2.7218,132.9229,1.3267,0.8001,1.4383,0.5563,0.5255,0,17.2324,0.165,Low Potential
21.58,79.2,0,Grid Point,0.0554,0.0769,0.0816,0.1952,0.2981,0.1979,341.0,7.1861,284.879,1.4707,1.5268,1.5059,1.0138,0.4108,0,20.5307,0.2292,Low Potential
21.58,79.215,0,Grid Point,0.049,0.0718,0.0804,0.186,0.298,0.1962,374.0,5.6919,240.841,1.6398,1.6017,1.5185,1.0548,0.3968,0,19.8007,0.2294,Low Potential
21.58,79.23,0,Grid Point,0.046,0.0675,0.058,0.1965,0.2378,0.1396,403.0,5.0353,336.725,1.2598,1.2102,1.7031,0.7106,0.5444,0,19.1677,0.2096,Low Potential
21.58,79.245,0,Grid Point,0.0397,0.0663,0.0594,0.2007,0.25,0.1514,425.0,2.1052,208.2664,1.495,1.2456,1.6513,0.7544,0.5435,0,18.6416,0.1804,Low Potential
21.58,79.26,0,Grid Point,0.0457,0.0726,0.0674,0.2244,0.2496,0.1464,425.0,0.0,0.0,1.4765,1.1128,1.7058,0.6523,0.538,0,18.2316,0.1276,Low Potential
21.58,79.275,0,Grid Point,0.0462,0.0722,0.063,0.2128,0.2455,0.147,426.0,2.9895,90.0,1.3626,1.1534,1.6706,0.6904,0.5435,0,17.9457,0.1434,Low Potential
21.58,79.29,0,Grid Point,0.055,0.0785,0.0891,0.1933,0.2942,0.2112,419.0,1.994,90.0,1.62,1.5222,1.3932,1.0926,0.369,0,17.7898,0.326,Low Potential
21.58,79.305,0,Grid Point,0.0452,0.0706,0.0649,0.258,0.2494,0.1451,449.0,7.547549999999999,141.1126,1.4369,0.9669,1.7188,0.5625,0.5977,0,17.7675,0.1509,Low Potential
21.58,79.32,0,Grid Point,0.049,0.0718,0.0571,0.2393,0.2282,0.1365,440.0,4.7553,38.8874,1.1665,0.9538,1.6722,0.5704,0.6147,0,17.8791,0.1851,Low Potential
21.58,79.335,0,Grid Point,0.049,0.0719,0.069,0.216,0.2502,0.1528,419.0,6.1914,53.3536,1.4071,1.1581,1.6371,0.7074,0.5161,0,17.3182,0.1439,Low Potential
21.58,79.35,0,Grid Point,0.06,0.0836,0.0942,0.2254,0.321,0.228,392.0,2.1052,331.7336,1.5695,1.4239,1.4077,1.0115,0.4103,0,15.8048,0.4397,Moderate Potential
21.58,79.365,0,Grid Point,0.0757,0.0991,0.121,0.2488,0.3862,0.2914,392.0,3.4196,324.3625,1.5991,1.5517,1.3254,1.1708,0.3455,0,14.2982,0.5139,Moderate Potential
21.58,79.38,0,Grid Point,0.0742,0.0978,0.1202,0.2527,0.3555,0.262,390.0,4.7327,12.138,1.6195,1.4068,1.3571,1.0366,0.3551,0,12.8007,0.5132,Moderate Potential
21.58,79.395,0,Grid Point,0.053,0.0732,0.0796,0.211,0.2948,0.1952,388.0,3.5161,121.7963,1.5005,1.3971,1.5109,0.9247,0.4523,0,11.3161,0.1991,Low Potential
21.58,79.41,0,Grid Point,0.0486,0.069,0.069,0.2077,0.2794,0.1831,370.0,2.7803,180.0,1.4208,1.3452,1.5259,0.8816,0.501,0,9.85,0.167,Low Potential
21.58,79.425,0,Grid Point,0.0785,0.1046,0.1348,0.204,0.3102,0.2425,367.0,3.1295,107.2218,1.7172,1.5202,1.2792,1.1884,0.2044,0,8.4122,0.401,Moderate Potential
21.58,79.44,0,Grid Point,0.0715,0.1033,0.1086,0.2709,0.3414,0.2517,358.0,2.1052,208.2664,1.5189,1.2602,1.3564,0.9291,0.4277,0,7.0201,0.4547,Moderate Potential
21.58,79.455,0,Grid Point,0.0526,0.0714,0.0741,0.1904,0.2773,0.1825,364.0,2.1988,294.9362,1.4084,1.4564,1.5195,0.9585,0.4394,0,5.7072,0.1823,Low Potential
21.58,79.47,0,Grid Point,0.0422,0.0604,0.0551,0.189,0.2326,0.1413,367.0,2.1052,151.7336,1.3041,1.2307,1.6461,0.7476,0.5485,0,4.5428,0.1857,Low Potential
21.58,79.485,0,Grid Point,0.048,0.0642,0.0602,0.1949,0.2184,0.1296,365.0,0.9973,270.0,1.2552,1.1203,1.6848,0.665,0.5277,0,3.671,0.1731,Low Potential
21.58,79.5,0,Grid Point,0.0535,0.0693,0.0806,0.1913,0.2779,0.182,348.0,0.9274,180.0,1.5075,1.453,1.5268,0.9516,0.4069,0,3.33,0.184,Low Potential
21.58,79.515,0,Grid Point,0.0338,0.0374,0.0278,0.13885000000000003,0.09513749999999997,0.017112500000000003,339.0,6.0335,261.1902,0.9781375000000002,1.1784,1.1051,1.0664,0.07343750000000004,0,3.671,0.6530125,High Potential Deposit Zone
21.58,79.53,0,Grid Point,0.0346,0.0377,0.0269,0.13885000000000003,0.09513749999999997,0.017112500000000003,337.0,3.1295,107.2218,0.9781375000000002,1.8333,1.2168,1.4553249999999998,0.07343750000000004,0,4.5428,0.6530125,High Potential Deposit Zone
21.58,79.545,0,Grid Point,0.0325,0.0358,0.0248,0.13885000000000003,0.09513749999999997,0.017112500000000003,342.0,3.5161,238.2037,0.9781375000000002,1.5439,1.1234,1.3743,0.07343750000000004,0,5.7072,0.6530125,High Potential Deposit Zone
21.58,79.56,0,Grid Point,0.0496,0.0705,0.0737,0.2083,0.2852,0.1916,350.0,2.1988,114.9362,1.4859,1.3694,1.4892,0.9196,0.4773,0,7.0201,0.1811,Low Potential
21.58,79.575,0,Grid Point,0.0574,0.0823,0.0959,0.2023,0.2634,0.1823,342.0,2.1052,28.2664,1.6701,1.302,1.4449,0.9011,0.3566,1,8.4122,0.3002,Low Potential
21.58,79.59,0,Grid Point,0.0457,0.0703,0.0616,0.2092,0.1848,0.115,340.0,1.8543,0.0,1.3468,0.8829,1.6072,0.5493,0.5454,1,9.85,0.2084,Low Potential
21.58,79.605,0,Grid Point,0.0528,0.0654,0.0679,0.204,0.2603,0.1637,333.0,2.1988,245.0638,1.2872,1.2757,1.5901,0.8023,0.5006,1,11.3161,0.1759,Low Potential
21.58,79.62,0,Grid Point,0.056,0.0746,0.088,0.1962,0.312,0.2198,337.0,2.9895,90.0,1.5719,1.5905,1.4194,1.1205,0.381,1,12.8007,0.2698,Low Potential
21.58,79.635,0,Grid Point,0.044,0.0667,0.0589,0.2075,0.2504,0.1464,330.0,3.836,164.9521,1.3386,1.2065,1.7106,0.7053,0.5578,1,14.166,0.1742,Low Potential
21.58,79.65,0,Grid Point,0.0468,0.063,0.0692,0.1833,0.2655,0.1724,314.0,2.1988,245.0638,1.4776,1.4484,1.5405,0.9403,0.4522,1,12.9021,0.1994,Low Potential
21.58,79.665,0,Grid Point,0.0898,0.1238,0.147,0.2279,0.2992,0.2579,302.0,3.5161,121.7963,1.6364,1.3126,1.1602,1.1314,0.216,1,11.7057,0.4107,Moderate Potential
21.58,79.68,0,Grid Point,0.0525,0.0753,0.0648,0.2214,0.1416,0.0906,301.0,1.994,270.0,1.2333,0.6394,1.5638,0.4089,0.5475,1,10.5999,0.4431,Moderate Potential
21.58,79.695,0,Grid Point,0.0536,0.0835,0.0797,0.2294,0.2024,0.128,299.0,3.1295,287.2218,1.4869,0.8823,1.5812,0.558,0.4843,1,9.6159,0.1856,Low Potential
21.58,79.71,0,Grid Point,0.0655,0.0945,0.1026,0.2268,0.2373,0.1604,307.0,3.1295,72.7782,1.5664,1.0463,1.4799,0.707,0.377,1,8.7947,0.2008,Low Potential
21.58,79.725,0,Grid Point,0.0785,0.107,0.126,0.2466,0.3312,0.243,319.0,1.8543,0.0,1.6061,1.3435,1.3634,0.9854,0.3236,1,8.1856,0.4773,Moderate Potential
21.58,79.74,0,Grid Point,0.0876,0.1238,0.1581,0.292,0.4115,0.3336125,327.0,3.5161,301.7963,1.8058,1.4092,1.2055,1.169,0.2975,1,7.838,0.2642,Low Potential
21.58,79.755,0,Grid Point,0.0739,0.1002,0.1268,0.2214,0.3608,0.266,313.0,0.9973,90.0,1.7152,1.6302,1.3566,1.2017,0.2718,1,7.787,0.4643,Moderate Potential
21.58,79.77,0,Grid Point,0.0516,0.0736,0.0704,0.2003,0.1676,0.1138,299.0,2.9895,90.0,1.3666,0.8365,1.473,0.5679,0.4796,1,8.0384,0.2296,Low Potential
21.58,79.785,0,Grid Point,0.0594,0.0816,0.0825,0.2179,0.2622,0.1814,348.0,7.547549999999999,295.9704,1.3901,1.2031,1.4448,0.8327,0.4507,1,8.5656,0.2383,Low Potential
21.58,79.8,0,Grid Point,0.1013,0.1363375,0.18015,0.31765,0.42003750000000006,0.3336125,278.0,3.836,15.0479,1.7784,1.2833,1.0785,1.19,0.1278,1,9.3218,0.2285,Low Potential
21.58,79.815,0,Grid Point,0.0503,0.0742,0.0702,0.181,0.1618,0.0964,285.0,2.722,132.9199,1.3946,0.8937,1.6776,0.5327,0.4415,1,10.2565,0.2826,Low Potential
21.58,79.83,0,Grid Point,0.0484,0.0716,0.0799,0.2438,0.271,0.1792,303.0,1.994,90.0,1.6502,1.1114,1.5116,0.7352,0.5061,1,11.3257,0.1702,Low Potential
21.58,79.845,0,Grid Point,0.0614,0.0825,0.1059,0.2142,0.3292,0.2488,301.0,2.1052,151.7336,1.7262,1.5363,1.3227,1.1615,0.3384,1,12.4948,0.5545,Moderate Potential
21.58,79.86,0,Grid Point,0.0412,0.069,0.0552,0.2166,0.2247,0.1286,330.0,3.7048,0.0,1.337,1.0374,1.748,0.5935,0.5941,1,13.7383,0.2084,Low Potential
21.58,79.875,0,Grid Point,0.0721,0.1019,0.1257,0.2442,0.3619,0.2723,293.0,1.994,90.0,1.7427,1.4817,1.329,1.1148,0.3206,1,15.0379,0.4164,Moderate Potential
21.58,79.89,0,Grid Point,0.0426,0.0638,0.0606,0.204,0.205,0.1286,286.0,0.9274,180.0,1.4209,1.0049,1.5945,0.6302,0.542,1,16.3801,0.1766,Low Potential
21.58,79.905,0,Grid Point,0.0788,0.1101,0.1422,0.2552,0.3476,0.2766,276.0,2.1052,151.7336,1.8051,1.3621,1.2569,1.0837,0.2845,1,17.7554,0.2105,Low Potential
21.58,79.92,0,Grid Point,0.0645,0.0933,0.1089,0.2587,0.2918,0.2002,280.0,0.9274,180.0,1.6884,1.1279,1.4579,0.7737,0.4075,1,19.1565,0.1769,Low Potential
21.58,79.935,0,Grid Point,0.0699,0.0954,0.111,0.2383,0.3037,0.2201,274.0,0.9274,0.0,1.5887,1.2744,1.3798,0.9236,0.3642,1,19.1751,0.4899,Moderate Potential
21.58,79.95,0,Grid Point,0.0616,0.0892,0.103,0.2022,0.2352,0.1702,276.0,1.994,90.0,1.6715,1.1632,1.382,0.8417,0.3247,1,17.8201,0.3736,Moderate Potential
21.58,79.965,0,Grid Point,0.05,0.0756,0.0809,0.2434,0.221,0.1396,276.0,1.3617,132.9199,1.6206,0.9078,1.5833,0.5733,0.5008,1,16.4986,0.1502,Low Potential
21.58,79.98,0,Grid Point,0.0562,0.0854,0.0914,0.2356,0.2631,0.1813,282.0,1.994,90.0,1.6287,1.117,1.4512,0.7697,0.4407,1,15.2192,0.1551,Low Potential
21.58,79.995,0,Grid Point,0.0702,0.099,0.116,0.2364,0.2964,0.2163,282.0,2.1052,208.2664,1.6529,1.2533,1.3701,0.9148,0.3419,1,13.9935,0.6358,Moderate Potential
21.58,80.01,0,Grid Point,0.0944,0.1295,0.1722,0.2808,0.3774,0.2948,293.0,2.1052,331.7336,1.8246,1.3444,1.2804,1.05,0.2398,1,12.837,0.2448,Low Potential
21.58,80.025,0,Grid Point,0.0756,0.1034,0.1177,0.2821,0.3274,0.2272,287.0,0.0,0.0,1.5558,1.1608,1.441,0.8055,0.4111,1,11.7699,0.1753,Low Potential
21.58,80.04,0,Grid Point,0.0497,0.0792,0.0788,0.2494,0.1888,0.116,280.0,2.722,47.0801,1.5855,0.757,1.6276,0.4651,0.5198,1,10.8188,0.162,Low Potential
21.58,80.055,0,Grid Point,0.0541,0.0792,0.0866,0.223,0.2142,0.1422,284.0,1.3617,227.0801,1.6007,0.9605,1.5063,0.6377,0.4406,1,10.0169,0.1416,Low Potential
21.58,80.07,0,Grid Point,0.0493,0.0715,0.0619,0.2378,0.1801,0.1083,284.0,1.3617,312.9199,1.2556,0.7574,1.663,0.4554,0.5869,1,9.4023,0.2448,Low Potential
21.58,80.085,0,Grid Point,0.0557,0.0801,0.0783,0.2527,0.2071,0.13,282.0,0.9973,90.0,1.4057,0.8195,1.5931,0.5144,0.5269,1,9.0134,0.1313,Low Potential
21.58,80.1,0,Grid Point,0.0454,0.0652,0.0606,0.2048,0.2218,0.1328,280.0,3.7048,180.0,1.3348,1.083,1.6702,0.6484,0.5433,1,8.88,0.1773,Low Potential
21.58,80.115,0,Grid Point,0.0565,0.0838,0.0935,0.2565,0.2748,0.1736,277.0,0.0,0.0,1.6549,1.0713,1.5829,0.6768,0.4657,1,9.0134,0.1717,Low Potential
21.58,80.13,0,Grid Point,0.0407,0.0763,0.0576,0.2225,0.1237,0.0727,285.0,1.3617,132.9199,1.4152,0.556,1.7015,0.3267,0.5887,1,9.4023,0.5462,Moderate Potential
21.58,80.145,0,Grid Point,0.0669,0.0932,0.1152,0.2341,0.286,0.2132,287.0,1.8543,180.0,1.722,1.2217,1.3415,0.9107,0.3404,1,10.0169,0.5381,Moderate Potential
21.58,80.16,0,Grid Point,0.0461,0.0675,0.0596,0.2062,0.1787,0.1117,289.0,5.0353,156.725,1.2928,0.8666,1.5998,0.5417,0.5515,1,10.8188,0.2576,Low Potential
21.58,80.175,0,Grid Point,0.1013,0.1363375,0.1776,0.2912,0.4094,0.3257,296.0,3.836,15.0479,1.7077,1.4059,1.257,1.1185,0.2423,1,11.7699,0.2319,Low Potential
21.58,80.19,0,Grid Point,0.0831,0.111,0.1359,0.2557,0.3345,0.2634,284.0,0.0,0.0,1.6354,1.3082,1.2699,1.0301,0.3059,1,12.837,0.3849,Moderate Potential
21.58,80.205,0,Grid Point,0.0651,0.0897,0.1169,0.2399,0.3579,0.2797,296.0,1.994,270.0,1.7957,1.4919,1.2796,1.1659,0.3447,1,13.9935,0.484,Moderate Potential
21.58,80.22,0,Grid Point,0.0811,0.1101,0.1605,0.2446,0.4185,0.3336125,306.0,5.4317,227.0801,1.979,1.711,1.1628,1.4553249999999998,0.2076,1,15.2192,0.2886,Low Potential
21.58,80.235,0,Grid Point,0.076,0.1004,0.1229,0.248,0.334,0.255,299.0,1.994,90.0,1.6171,1.3468,1.3098,1.0282,0.3373,0,14.166,0.4642,Moderate Potential
21.58,80.25,0,Grid Point,0.0866,0.1142,0.1454,0.2415,0.3912,0.3205,297.0,4.0891,103.0874,1.679,1.6199,1.2206,1.3271,0.2484,0,12.9021,0.2704,Low Potential
21.58,80.265,0,Grid Point,0.0752,0.0987,0.1372,0.2103,0.3785,0.3013,301.0,0.9973,90.0,1.8245,1.7998,1.2562,1.4327,0.2104,0,11.7057,0.3904,Moderate Potential
21.58,80.28,0,Grid Point,0.067,0.0946,0.107,0.2243,0.2802,0.207,290.0,0.9973,90.0,1.597,1.2492,1.3536,0.9229,0.3541,0,10.5999,0.577,Moderate Potential
21.58,80.295,0,Grid Point,0.0442,0.0682,0.0569,0.2402,0.1936,0.122,281.0,7.547549999999999,70.7756,1.2873,0.806,1.5869,0.5079,0.617,0,9.6159,0.2166,Low Potential
21.58,80.31,0,Grid Point,0.0539,0.0811,0.0811,0.2301,0.2436,0.1673,289.0,2.1052,151.7336,1.5046,1.0587,1.4561,0.7271,0.4788,0,8.7947,0.1276,Low Potential
21.58,80.325,0,Grid Point,0.0538,0.0836,0.0738,0.2351,0.1665,0.109,294.0,3.1295,287.2218,1.3717,0.7082,1.5275,0.4636,0.5222,0,8.1856,0.2236,Low Potential
21.58,80.34,0,Grid Point,0.0391,0.0631,0.046,0.2171,0.1264,0.0701,297.0,0.0,0.0,1.1765,0.5822,1.8031,0.3229,0.6503,0,7.838,0.6055,Moderate Potential
21.58,80.355,0,Grid Point,0.0412,0.0689,0.0541,0.2772,0.1514,0.0898,296.0,2.1052,208.2664,1.3131,0.5462,1.686,0.324,0.6734,0,7.787,0.4956,Moderate Potential
21.58,80.37,0,Grid Point,0.0623,0.0883,0.1188,0.2091,0.2506,0.1878,302.0,0.0,0.0,1.9069,1.1985,1.3344,0.8981,0.2754,0,8.0384,0.5338,Moderate Potential
21.58,80.385,0,Grid Point,0.059,0.0834,0.0878,0.2434,0.2816,0.195,298.0,3.5161,121.7963,1.4881,1.1569,1.4441,0.8012,0.4698,0,8.5656,0.1716,Low Potential
21.58,80.4,0,Grid Point,0.0788,0.1164,0.1527,0.2597,0.3977,0.3199,297.0,3.4196,215.6375,1.9378,1.5314,1.2432,1.2318,0.2595,0,9.3218,0.2178,Low Potential
21.58,80.415,0,Grid Point,0.0628,0.0895,0.1026,0.256,0.2579,0.1814,302.0,2.1988,114.9362,1.6338,1.0074,1.4217,0.7086,0.4278,0,10.2565,0.172,Low Potential
21.58,80.43,0,Grid Point,0.0429,0.0672,0.0665,0.221,0.2595,0.167,299.0,3.1295,107.2218,1.5501,1.1742,1.5539,0.7557,0.5374,0,11.3257,0.1822,Low Potential
21.58,80.445,0,Grid Point,0.0591,0.0888,0.0863,0.31765,0.2801,0.1824,295.0,1.994,90.0,1.4602,0.8729,1.5356,0.5684,0.5761,0,12.4948,0.1531,Low Potential
21.58,80.46,0,Grid Point,0.0341,0.0546,0.0468,0.2357,0.1681,0.1031,313.0,1.994,90.0,1.3724,0.7132,1.6305,0.4374,0.6687,0,13.7383,0.3055,Low Potential
21.58,80.475,0,Grid Point,0.036,0.0559,0.0425,0.2236,0.2065,0.1122,308.0,2.7803,180.0,1.1806,0.9235,1.8405,0.5018,0.6806,0,15.0379,0.3134,Low Potential
21.58,80.49,0,Grid Point,0.0805,0.1082,0.1392,0.2255,0.3099,0.2539,309.0,0.9274,0.0,1.7292,1.3743,1.2206,1.1259,0.2366,0,16.3801,0.3359,Low Potential
21.595,79.2,0,Grid Point,0.0486,0.0682,0.0736,0.2067,0.277,0.1748,355.0,3.5164,121.7936,1.5134,1.3403,1.5845,0.8459,0.4751,0,21.9868,0.1587,Low Potential
21.595,79.215,0,Grid Point,0.0558,0.0809,0.0762,0.255,0.2738,0.1703,383.0,7.547549999999999,0.0,1.3647,1.0735,1.6082,0.6675,0.5402,0,21.3068,0.1488,Low Potential
21.595,79.23,0,Grid Point,0.0528,0.0781,0.0824,0.2569,0.2688,0.158,446.0,7.547549999999999,174.1517,1.5601,1.0461,1.7015,0.6148,0.5141,0,20.7199,0.1423,Low Potential
21.595,79.245,0,Grid Point,0.0559,0.0854,0.0705,0.2746,0.248,0.1393,528.0,5.432,227.0831,1.2612,0.9033,1.7807,0.5073,0.5914,0,20.2342,0.1992,Low Potential
21.595,79.26,0,Grid Point,0.0492,0.0693,0.0732,0.2002,0.2532,0.1686,485.0,7.547549999999999,86.8693,1.4873,1.2647,1.5013,0.8424,0.4643,0,19.8571,0.1695,Low Potential
21.595,79.275,0,Grid Point,0.041,0.0622,0.0498,0.2084,0.2122,0.1193,442.0,4.2048,28.2689,1.2159,1.018,1.7783,0.5725,0.6139,0,19.5949,0.2534,Low Potential
21.595,79.29,0,Grid Point,0.0568,0.0886,0.0836,0.2852,0.2924,0.1774,485.0,7.547549999999999,230.0765,1.474,1.0251,1.6478,0.6221,0.5465,0,19.4523,0.1971,Low Potential
21.595,79.305,0,Grid Point,0.0462,0.0655,0.0606,0.211,0.2558,0.1614,418.0,2.199,245.0661,1.3128,1.2124,1.5851,0.7649,0.5534,0,19.4318,0.1433,Low Potential
21.595,79.32,0,Grid Point,0.0512,0.0691,0.0726,0.1942,0.2662,0.1746,410.0,2.9898,90.0,1.417,1.371,1.5254,0.8988,0.456,0,19.2011,0.1584,Low Potential
21.595,79.335,0,Grid Point,0.0608,0.0912,0.092,0.2352,0.2678,0.1816,406.0,2.7221,227.0831,1.5111,1.1386,1.4745,0.7722,0.438,0,17.7138,0.1531,Low Potential
21.595,79.35,0,Grid Point,0.0564,0.0768,0.1052,0.2204,0.3501,0.2744,404.0,2.7221,227.0831,1.8645,1.5881,1.2759,1.2447,0.3537,0,16.2374,0.4165,Moderate Potential
21.595,79.365,0,Grid Point,0.0738,0.1,0.1146,0.2577,0.3073,0.2219,390.0,2.1052,151.7311,1.5535,1.1925,1.3849,0.8611,0.3842,0,14.7749,0.3061,Low Potential
21.595,79.38,0,Grid Point,0.0706,0.1014,0.1244,0.2428,0.365,0.2719,392.0,0.9974,90.0,1.7613,1.503,1.3424,1.1196,0.3227,0,13.3312,0.4645,Moderate Potential
21.595,79.395,0,Grid Point,0.0809,0.1102,0.1462,0.2483,0.377,0.2888,383.0,2.1052,151.7311,1.8078,1.5181,1.305,1.1633,0.2586,0,11.9128,0.248,Low Potential
21.595,79.41,0,Grid Point,0.0754,0.1006,0.1304,0.2168,0.3634,0.2732,376.0,2.199,245.0661,1.7288,1.6758,1.3304,1.2596,0.2491,0,10.5301,0.3681,Moderate Potential
21.595,79.425,0,Grid Point,0.0536,0.0741,0.075,0.1984,0.2829,0.19,369.0,2.7221,47.0831,1.397,1.4263,1.4889,0.9579,0.4515,0,9.1992,0.1632,Low Potential
21.595,79.44,0,Grid Point,0.101,0.1363375,0.18015,0.2954,0.42003750000000006,0.3336125,359.0,1.8543,180.0,1.8689,1.5519,1.2193,1.2727,0.22,0,7.9462,0.2386,Low Potential
21.595,79.455,0,Grid Point,0.0516,0.0646,0.0732,0.181,0.2942,0.1948,358.0,1.9942,90.0,1.4176,1.6259,1.5107,1.0763,0.4242,0,6.8142,0.1871,Low Potential
21.595,79.47,0,Grid Point,0.0607,0.0799,0.0989,0.205,0.3266,0.2376,358.0,1.3618,227.0831,1.6293,1.5929,1.3747,1.1588,0.3491,0,5.8735,0.5119,Moderate Potential
21.595,79.485,0,Grid Point,0.0639,0.0813,0.0858,0.2258,0.2914,0.2047,347.0,1.8543,180.0,1.3435,1.2902,1.4232,0.9066,0.4491,0,5.2285,0.279,Low Potential
21.595,79.5,0,Grid Point,0.0602,0.0798,0.0793,0.1952,0.2471,0.1788,351.0,4.2048,208.2689,1.3162,1.2656,1.3824,0.9155,0.4223,0,4.995,0.4998,Moderate Potential
21.595,79.515,0,Grid Point,0.0542,0.0797,0.0684,0.2919,0.2721,0.1624,349.0,0.9274,180.0,1.2629,0.9322,1.675,0.5565,0.6201,0,5.2285,0.1903,Low Potential
21.595,79.53,0,Grid Point,0.0604,0.084,0.0914,0.2307,0.3139,0.2128,355.0,2.199,294.9339,1.5153,1.3606,1.4754,0.9222,0.4323,0,5.8735,0.2634,Low Potential
21.595,79.545,0,Grid Point,0.0883,0.1117,0.1348,0.2514,0.3828,0.2844,354.0,2.7221,227.0831,1.5272,1.5225,1.3458,1.1313,0.3017,0,6.8142,0.3275,Low Potential
21.595,79.56,0,Grid Point,0.0456,0.0642,0.0678,0.2248,0.269,0.1631,366.0,7.547549999999999,83.3705,1.4868,1.1964,1.649,0.7255,0.5366,0,7.9462,0.1802,Low Potential
21.595,79.575,0,Grid Point,0.0724,0.0979,0.1184,0.2323,0.3383,0.2456,345.0,2.7221,47.0831,1.6347,1.4563,1.3774,1.0573,0.325,0,9.1992,0.5412,Moderate Potential
21.595,79.59,0,Grid Point,0.0715,0.0912,0.1204,0.208,0.317,0.2663,350.0,2.9898,270.0,1.6839,1.5246,1.1904,1.2808,0.2666,0,10.5301,0.4996,Moderate Potential
21.595,79.605,0,Grid Point,0.0498,0.0724,0.0658,0.2108,0.1868,0.1184,336.0,1.3618,132.9169,1.32,0.8859,1.5777,0.5615,0.5243,0,11.9128,0.1674,Low Potential
21.595,79.62,0,Grid Point,0.0446,0.0622,0.0588,0.1902,0.2269,0.1446,331.0,1.8543,180.0,1.318,1.193,1.5697,0.76,0.5274,1,13.3312,0.1487,Low Potential
21.595,79.635,0,Grid Point,0.05,0.074,0.0691,0.2324,0.2173,0.1357,329.0,1.3618,132.9169,1.3834,0.9348,1.6013,0.5838,0.5417,1,13.3257,0.1437,Low Potential
21.595,79.65,0,Grid Point,0.0444,0.0722,0.061,0.2466,0.221,0.1543,321.0,6.1918,126.6436,1.3727,0.8958,1.4315,0.6258,0.6037,1,11.9733,0.199,Low Potential
21.595,79.665,0,Grid Point,0.0626,0.0905,0.0868,0.2207,0.2358,0.1654,312.0,2.199,65.0661,1.3874,1.0686,1.4264,0.7492,0.4352,1,10.6734,0.1625,Low Potential
21.595,79.68,0,Grid Point,0.0436,0.0677,0.06,0.2026,0.1654,0.105,302.0,2.7221,132.9169,1.375,0.8159,1.5748,0.5181,0.5434,1,9.4475,0.267,Low Potential
21.595,79.695,0,Grid Point,0.0502,0.0686,0.0652,0.2052,0.1817,0.1196,303.0,0.0,0.0,1.2998,0.8853,1.5192,0.5827,0.5176,1,8.3285,0.2074,Low Potential
21.595,79.71,0,Grid Point,0.0604,0.087,0.0918,0.2182,0.2522,0.198,300.0,2.199,114.9339,1.5178,1.1556,1.2734,0.9074,0.4081,1,7.3651,0.4384,Moderate Potential
21.595,79.725,0,Grid Point,0.1013,0.1363375,0.18015,0.31765,0.42003750000000006,0.3336125,291.0,0.0,0.0,1.7311,1.5701,1.0549,1.4553249999999998,0.121,1,6.6258,0.2791,Low Potential
21.595,79.74,0,Grid Point,0.0626,0.0903,0.0945,0.236,0.2654,0.2072,293.0,1.8543,0.0,1.5096,1.1245,1.2811,0.8778,0.4282,1,6.1913,0.3927,Moderate Potential
21.595,79.755,0,Grid Point,0.1013,0.1363375,0.18015,0.2372,0.325,0.2934,286.0,1.3618,132.9169,1.6357,1.3707,1.1077,1.2374,0.1093,1,6.1267,0.3445,Low Potential
21.595,79.77,0,Grid Point,0.0528,0.0752,0.0694,0.2157,0.2087,0.1396,287.0,1.3618,312.9169,1.3122,0.9675,1.495,0.6472,0.5134,1,6.4432,0.1475,Low Potential
21.595,79.785,0,Grid Point,0.058,0.0828,0.0834,0.2108,0.231,0.1506,285.0,2.1052,151.7311,1.4392,1.0963,1.5347,0.7144,0.4329,1,7.0899,0.1518,Low Potential
21.595,79.8,0,Grid Point,0.0544,0.085,0.0859,0.2324,0.2358,0.1748,290.0,0.9274,180.0,1.5805,1.0151,1.3496,0.7521,0.4602,1,7.9871,0.317,Low Potential
21.595,79.815,0,Grid Point,0.0464,0.0654,0.0649,0.1994,0.2224,0.1472,337.0,3.5164,301.7936,1.3972,1.1154,1.511,0.7381,0.5088,1,9.0606,0.1713,Low Potential
21.595,79.83,0,Grid Point,0.0382,0.0587,0.0622,0.1918,0.2216,0.1413,346.0,7.547549999999999,138.8519,1.6291,1.1554,1.5683,0.7367,0.5105,1,10.2552,0.2924,Low Potential
21.595,79.845,0,Grid Point,0.038,0.0576,0.0558,0.2186,0.2106,0.1214,332.0,5.8909,160.2774,1.4684,0.9636,1.7352,0.5554,0.5933,1,11.5333,0.2711,Low Potential
21.595,79.86,0,Grid Point,0.0608,0.095,0.0952,0.2606,0.2596,0.1978,313.0,3.1298,72.7799,1.5663,0.9964,1.3121,0.7594,0.465,1,12.8701,0.3027,Low Potential
21.595,79.875,0,Grid Point,0.076,0.1106,0.1248,0.2803,0.3374,0.236,299.0,2.199,245.0661,1.6432,1.2037,1.43,0.8418,0.3839,1,14.2491,0.2278,Low Potential
21.595,79.89,0,Grid Point,0.0444,0.0524,0.0405,0.13885000000000003,0.09513749999999997,0.0234,280.0,7.547549999999999,80.4045,0.9781375000000002,0.6228,1.3868,0.4491,0.1253,1,15.6591,0.6530125,High Potential Deposit Zone
21.595,79.905,0,Grid Point,0.0891,0.1238,0.1592,0.2635,0.3404,0.2846,284.0,2.1052,28.2689,1.7863,1.2917,1.1961,1.0799,0.2466,1,17.0925,0.1811,Low Potential
21.595,79.92,0,Grid Point,0.0509,0.0791,0.0772,0.2442,0.2738,0.1795,280.0,3.1298,252.7799,1.5157,1.1212,1.5252,0.7351,0.5199,1,18.5438,0.1718,Low Potential
21.595,79.935,0,Grid Point,0.0725,0.1002,0.119,0.247,0.3137,0.2267,283.0,0.9974,90.0,1.6421,1.2698,1.3838,0.9176,0.3496,1,20.0007,0.4788,Moderate Potential
21.595,79.95,0,Grid Point,0.064,0.0927,0.1058,0.2449,0.2646,0.1934,280.0,0.0,0.0,1.6523,1.0806,1.3688,0.7895,0.3968,1,18.7056,0.3094,Low Potential
21.595,79.965,0,Grid Point,0.047,0.0818,0.0738,0.2447,0.1844,0.1151,274.0,2.199,294.9339,1.5696,0.7534,1.6017,0.4704,0.5363,1,17.4512,0.1758,Low Potential
21.595,79.98,0,Grid Point,0.0836,0.1072,0.1198,0.2589,0.2879,0.2234,283.0,2.9533,160.2774,1.4328,1.112,1.289,0.8627,0.3671,1,16.247,0.259,Low Potential
21.595,79.995,0,Grid Point,0.0612,0.0886,0.0923,0.2588,0.308,0.2005,283.0,0.9974,270.0,1.5069,1.1901,1.5362,0.7747,0.4742,1,15.105,0.2022,Low Potential
21.595,80.01,0,Grid Point,0.0543,0.0822,0.0754,0.2577,0.2404,0.159,292.0,0.9974,90.0,1.3877,0.9327,1.5116,0.617,0.5475,1,14.0403,0.1348,Low Potential
21.595,80.025,0,Grid Point,0.0821,0.1146,0.1388,0.2882,0.3096,0.2261,294.0,3.1298,252.7799,1.6912,1.0743,1.3691,0.7847,0.3496,1,13.0718,0.2862,Low Potential
21.595,80.04,0,Grid Point,0.0467,0.0712,0.063,0.2531,0.157,0.0871,280.0,4.0895,103.0861,1.349,0.6203,1.8025,0.3441,0.6014,1,12.2225,0.5035,Moderate Potential
21.595,80.055,0,Grid Point,0.0659,0.0898,0.1064,0.2254,0.256,0.1844,284.0,2.7221,312.9169,1.6146,1.1358,1.3883,0.8181,0.3586,1,11.5187,0.4106,Moderate Potential
21.595,80.07,0,Grid Point,0.0655,0.0905,0.1015,0.2353,0.2296,0.1641,285.0,2.7221,132.9169,1.5496,0.9758,1.3991,0.6974,0.3973,1,10.9884,0.2719,Low Potential
21.595,80.085,0,Grid Point,0.0748,0.1025,0.1184,0.2425,0.2855,0.2073,282.0,0.9274,180.0,1.5829,1.1773,1.3772,0.8548,0.3439,1,10.6576,0.3421,Low Potential
21.595,80.1,0,Grid Point,0.0466,0.0727,0.0638,0.2504,0.211,0.1332,280.0,2.7221,132.9169,1.3691,0.8427,1.5841,0.5319,0.5939,1,10.545,0.1534,Low Potential
21.595,80.115,0,Grid Point,0.1013,0.1363375,0.18015,0.31765,0.42003750000000006,0.3336125,276.0,2.199,114.9339,1.8397,1.4211,1.0535,1.3489,0.0961,1,10.6576,0.2256,Low Potential
21.595,80.13,0,Grid Point,0.057,0.0787,0.0828,0.2231,0.277,0.1822,282.0,1.8543,0.0,1.4526,1.2416,1.5203,0.8167,0.4586,1,10.9884,0.1591,Low Potential
21.595,80.145,0,Grid Point,0.0703,0.0924,0.1185,0.2075,0.2645,0.2054,284.0,3.4197,35.6403,1.6856,1.2747,1.2877,0.9899,0.273,1,11.5187,0.6364,Moderate Potential
21.595,80.16,0,Grid Point,0.0937,0.12,0.1528,0.2603,0.3843,0.2999,286.0,2.199,294.9339,1.6307,1.4764,1.2814,1.1521,0.2602,1,12.2225,0.2788,Low Potential
21.595,80.175,0,Grid Point,0.064,0.0904,0.0897,0.2727,0.2975,0.2075,289.0,3.4197,144.3597,1.4016,1.0909,1.4337,0.7609,0.505,1,13.0718,0.2031,Low Potential
21.595,80.19,0,Grid Point,0.0777,0.1045,0.1127,0.2672,0.3107,0.2111,281.0,0.9274,180.0,1.4505,1.1628,1.4718,0.79,0.4067,1,14.0403,0.1716,Low Potential
21.595,80.205,0,Grid Point,0.0855,0.1112,0.1321,0.2695,0.3612,0.2614,294.0,7.547549999999999,297.3191,1.545,1.3403,1.3818,0.9699,0.3421,1,15.105,0.4311,Moderate Potential
21.595,80.22,0,Grid Point,0.0445,0.0697,0.0535,0.2553,0.1578,0.0919,298.0,0.0,0.0,1.2022,0.6181,1.7171,0.36,0.6535,1,14.7161,0.4818,Moderate Potential
21.595,80.235,0,Grid Point,0.0644,0.084,0.0964,0.2268,0.3022,0.2162,305.0,7.547549999999999,259.4655,1.4969,1.3325,1.3978,0.9533,0.4035,1,13.3257,0.6194,Moderate Potential
21.595,80.25,0,Grid Point,0.0589,0.0744,0.0858,0.1983,0.3018,0.2302,305.0,1.9942,270.0,1.4567,1.5219,1.311,1.1609,0.396,1,11.9733,0.5192,Moderate Potential
21.595,80.265,0,Grid Point,0.0813,0.1106,0.1348,0.2441,0.3318,0.267,287.0,1.9942,270.0,1.6581,1.3593,1.2427,1.0938,0.2885,0,10.6734,0.33,Low Potential
21.595,80.28,0,Grid Point,0.0555,0.0739,0.0744,0.2329,0.2792,0.1794,290.0,3.5164,58.2064,1.3405,1.1988,1.5563,0.7703,0.5158,0,9.4475,0.1605,Low Potential
21.595,80.295,0,Grid Point,0.0544,0.0858,0.082,0.2631,0.1955,0.1198,287.0,2.7221,312.9169,1.5074,0.7431,1.6319,0.4553,0.5248,0,8.3285,0.1764,Low Potential
21.595,80.31,0,Grid Point,0.0584,0.0838,0.0862,0.2383,0.2512,0.1696,289.0,5.5475,0.0,1.476,1.0541,1.4811,0.7117,0.4687,0,7.3651,0.18,Low Potential
21.595,80.325,0,Grid Point,0.0887,0.1166,0.1411,0.2406,0.3083,0.2315,296.0,4.8528,124.8902,1.5908,1.2814,1.3317,0.9622,0.2607,0,6.6258,0.4132,Moderate Potential
21.595,80.34,0,Grid Point,0.0603,0.084,0.0921,0.235,0.2757,0.1969,293.0,4.2048,331.7311,1.5274,1.1732,1.4002,0.8379,0.4369,0,6.1913,0.3327,Low Potential
21.595,80.355,0,Grid Point,0.0698,0.0992,0.1158,0.2291,0.2969,0.2253,292.0,1.8543,180.0,1.659,1.2959,1.3178,0.9834,0.3285,0,6.1267,0.6252,Moderate Potential
21.595,80.37,0,Grid Point,0.0619,0.0867,0.0893,0.1471,0.2,0.1457,287.0,3.836,15.0493,1.4426,1.3596,1.3727,0.9905,0.2445,0,6.4432,0.5138,Moderate Potential
21.595,80.385,0,Grid Point,0.0831,0.1189,0.142,0.2697,0.3622,0.292,295.0,0.9974,90.0,1.7088,1.343,1.2404,1.0827,0.3102,0,7.0899,0.3103,Low Potential
21.595,80.4,0,Grid Point,0.0901,0.1238,0.1684,0.2054,0.3885,0.3336125,330.0,7.547549999999999,267.4648,1.869,1.8754,1.1241,1.4553249999999998,0.099,0,7.9871,0.2843,Low Potential
21.595,80.415,0,Grid Point,0.0393,0.0634,0.0583,0.2211,0.1835,0.1111,301.0,3.4197,144.3597,1.4835,0.8299,1.6517,0.5025,0.5827,0,9.0606,0.2803,Low Potential
21.595,80.43,0,Grid Point,0.0573,0.0826,0.099,0.2124,0.2728,0.1933,303.0,0.9274,0.0,1.7277,1.2844,1.4113,0.9101,0.3642,0,10.2552,0.4391,Moderate Potential
21.595,80.445,0,Grid Point,0.0466,0.0742,0.0607,0.2427,0.2138,0.1354,309.0,5.5022,212.8339,1.3026,0.8809,1.579,0.5579,0.5999,0,11.5333,0.1952,Low Potential
21.595,80.46,0,Grid Point,0.0589,0.0816,0.0862,0.228,0.207,0.1466,315.0,3.5164,238.2064,1.4635,0.9079,1.412,0.643,0.4513,0,12.8701,0.2404,Low Potential
21.595,80.475,0,Grid Point,0.0506,0.0699,0.0796,0.2123,0.2946,0.1911,317.0,4.2048,331.7311,1.5731,1.3877,1.5416,0.9001,0.4546,0,14.2491,0.2932,Low Potential
21.595,80.49,0,Grid Point,0.0532,0.0736,0.0884,0.2207,0.2775,0.1837,324.0,1.9942,270.0,1.6617,1.2574,1.5106,0.8324,0.428,0,15.6591,0.2783,Low Potential
21.61,79.2,0,Grid Point,0.0486,0.071,0.0648,0.2506,0.2382,0.1374,516.0,6.0347,261.192,1.3344,0.9509,1.734,0.5484,0.5888,0,23.4708,0.1658,Low Potential
21.61,79.215,0,Grid Point,0.0524,0.0761,0.073,0.2284,0.2726,0.1706,451.0,7.547549999999999,35.6431,1.3931,1.1937,1.5982,0.7469,0.5156,0,22.835,0.15,Low Potential
21.61,79.23,0,Grid Point,0.0442,0.0628,0.0604,0.2092,0.2423,0.146,459.0,2.9533,19.7245,1.3638,1.1579,1.6602,0.6975,0.5523,0,22.2884,0.143,Low Potential
21.61,79.245,0,Grid Point,0.0413,0.0556,0.0526,0.2138,0.2044,0.127,523.0,7.547549999999999,195.0508,1.2736,0.9565,1.6098,0.5942,0.605,0,21.8376,0.2596,Low Potential
21.61,79.26,0,Grid Point,0.0452,0.0682,0.0505,0.263,0.2251,0.1215,530.0,4.7328,347.8595,1.1185,0.8559,1.8527,0.462,0.6778,0,21.4887,0.2543,Low Potential
21.61,79.275,0,Grid Point,0.0494,0.0612,0.0786,0.1794,0.2808,0.1854,473.0,5.5024,212.8366,1.5895,1.5655,1.5148,1.0334,0.3907,0,21.2466,0.1967,Low Potential
21.61,79.29,0,Grid Point,0.0498,0.0598,0.0718,0.1932,0.278,0.1814,463.0,4.8531,304.8875,1.4422,1.4392,1.5328,0.9389,0.4584,0,21.1151,0.2119,Low Potential
21.61,79.305,0,Grid Point,0.0461,0.0638,0.0648,0.2331,0.2511,0.1536,441.0,4.0899,256.9152,1.403,1.0772,1.6353,0.6587,0.5652,0,21.0963,0.1512,Low Potential
21.61,79.32,0,Grid Point,0.0443,0.0596,0.0578,0.1862,0.2338,0.1494,433.0,5.3066,69.6006,1.3059,1.2556,1.5653,0.8021,0.526,0,19.6999,0.165,Low Potential
21.61,79.335,0,Grid Point,0.0482,0.0676,0.0683,0.1994,0.2594,0.1628,425.0,7.547549999999999,218.8932,1.417,1.3009,1.5929,0.8167,0.4897,0,18.2534,0.1667,Low Potential
21.61,79.35,0,Grid Point,0.0618,0.0902,0.0976,0.2076,0.2784,0.184,411.0,4.7557,141.1068,1.5788,1.3408,1.5128,0.8863,0.3602,0,16.8243,0.3289,Low Potential
21.61,79.365,0,Grid Point,0.0819,0.109,0.1352,0.2394,0.3548,0.2644,399.0,1.8543,0.0,1.6512,1.482,1.3417,1.1046,0.2783,0,15.4177,0.3319,Low Potential
21.61,79.38,0,Grid Point,0.0614,0.0828,0.0917,0.2364,0.2992,0.2161,388.0,2.1992,294.9316,1.4923,1.2654,1.3845,0.9139,0.4411,0,14.0401,0.5232,Moderate Potential
21.61,79.395,0,Grid Point,0.0614,0.0814,0.0926,0.2265,0.3103,0.2186,377.0,0.9975,90.0,1.5094,1.37,1.4198,0.9649,0.4196,0,12.7012,0.2657,Low Potential
21.61,79.41,0,Grid Point,0.0488,0.0648,0.0585,0.1912,0.2376,0.1383,373.0,2.7803,180.0,1.2,1.2424,1.7186,0.7229,0.5315,0,11.4144,0.1716,Low Potential
21.61,79.425,0,Grid Point,0.0893,0.1228,0.1561,0.2734,0.42003750000000006,0.3336125,378.0,4.0796,47.086,1.748,1.6237,1.2899,1.2588,0.273,0,10.1996,0.207,Low Potential
21.61,79.44,0,Grid Point,0.0488,0.0644,0.0635,0.2005,0.254,0.1582,366.0,2.1992,294.9316,1.3002,1.2668,1.6056,0.789,0.5192,0,9.0856,0.1613,Low Potential
21.61,79.455,0,Grid Point,0.048,0.0632,0.0628,0.1806,0.2398,0.1478,364.0,2.7803,0.0,1.3083,1.3277,1.6234,0.8179,0.4841,0,8.1141,0.1523,Low Potential
21.61,79.47,0,Grid Point,0.0458,0.0675,0.0657,0.2281,0.2584,0.154,359.0,0.0,0.0,1.4329,1.1331,1.6788,0.6749,0.5528,0,7.3419,0.154,Low Potential
21.61,79.485,0,Grid Point,0.0478,0.0656,0.0626,0.1956,0.257,0.162,359.0,2.9533,199.7245,1.3107,1.3142,1.5864,0.8284,0.5147,0,6.8369,0.1672,Low Potential
21.61,79.5,0,Grid Point,0.061,0.0812,0.1043,0.2104,0.3342,0.2374,346.0,5.4323,47.086,1.7112,1.5886,1.4083,1.1281,0.3371,0,6.66,0.5429,Moderate Potential
21.61,79.515,0,Grid Point,0.0568,0.0762,0.0846,0.2072,0.3075,0.207,352.0,2.1992,65.0684,1.489,1.4844,1.4855,0.9993,0.4198,0,6.8369,0.1965,Low Potential
21.61,79.53,0,Grid Point,0.0642,0.0864,0.1046,0.2261,0.3392,0.2394,363.0,0.9975,90.0,1.6301,1.5,1.4167,1.0588,0.3672,0,7.3419,0.3931,Moderate Potential
21.61,79.545,0,Grid Point,0.0446,0.0608,0.0653,0.2041,0.2542,0.1524,360.0,0.9274,180.0,1.4625,1.2452,1.6677,0.7467,0.5152,0,8.1141,0.1563,Low Potential
21.61,79.56,0,Grid Point,0.0516,0.0703,0.0712,0.2178,0.253,0.1533,373.0,3.5167,58.209,1.3812,1.1611,1.6495,0.7039,0.5074,0,9.0856,0.1467,Low Potential
21.61,79.575,0,Grid Point,0.0543,0.078,0.0883,0.2086,0.2841,0.1908,365.0,7.5283,307.7671,1.6262,1.3614,1.4891,0.9142,0.4053,0,10.1996,0.2926,Low Potential
21.61,79.59,0,Grid Point,0.0534,0.0715,0.0795,0.2129,0.2967,0.2068,356.0,2.1053,28.2714,1.4874,1.3936,1.4344,0.9716,0.4562,0,11.4144,0.1918,Low Potential
21.61,79.605,0,Grid Point,0.0493,0.0682,0.0672,0.2139,0.2752,0.1661,342.0,2.1053,331.7286,1.3641,1.2866,1.6568,0.7765,0.5216,0,12.7012,0.1666,Low Potential
21.61,79.62,0,Grid Point,0.0598,0.0802,0.0915,0.199,0.2952,0.1942,345.0,0.9274,180.0,1.5301,1.4833,1.5199,0.9759,0.3702,0,14.0401,0.2581,Low Potential
21.61,79.635,0,Grid Point,0.0452,0.0571,0.0502,0.13885000000000003,0.09513749999999997,0.0284,324.0,2.7803,0.0,1.1107,0.6726,1.5299,0.4396,0.1259,0,12.6498,0.499,Moderate Potential
21.61,79.65,0,Grid Point,0.0554,0.0794,0.0774,0.2183,0.2398,0.1668,331.0,2.1992,245.0683,1.395,1.0983,1.4378,0.7639,0.4767,0,11.2162,0.1341,Low Potential
21.61,79.665,0,Grid Point,0.0495,0.0686,0.0635,0.1902,0.1431,0.0834,328.0,4.7328,167.8595,1.2805,0.7526,1.7158,0.4386,0.4996,1,9.8165,0.4302,Moderate Potential
21.61,79.68,0,Grid Point,0.0707,0.097,0.1096,0.2394,0.2776,0.2036,325.0,6.1922,53.3592,1.5502,1.1596,1.3635,0.8504,0.3718,1,8.4674,0.4093,Moderate Potential
21.61,79.695,0,Grid Point,0.0532,0.0745,0.0738,0.163,0.1863,0.132,314.0,4.0796,227.086,1.3869,1.1429,1.4114,0.8098,0.3764,1,7.1976,0.3622,Moderate Potential
21.61,79.71,0,Grid Point,0.0536,0.0756,0.0746,0.195,0.1898,0.1218,308.0,5.5024,327.1634,1.394,0.9728,1.5579,0.6245,0.4464,1,6.0571,0.2636,Low Potential
21.61,79.725,0,Grid Point,0.0641,0.0904,0.0959,0.2276,0.2223,0.1664,295.0,2.1053,331.7286,1.4969,0.9765,1.3355,0.7312,0.407,1,5.1327,0.3353,Low Potential
21.61,79.74,0,Grid Point,0.0546,0.0854,0.0768,0.2507,0.214,0.1401,293.0,1.9944,270.0,1.4075,0.8534,1.5271,0.5588,0.5308,1,4.5579,0.137,Low Potential
21.61,79.755,0,Grid Point,0.0651,0.0896,0.106,0.1785,0.2716,0.2033,295.0,2.1992,65.0684,1.629,1.5214,1.3362,1.1386,0.2547,1,4.4698,0.571,Moderate Potential
21.61,79.77,0,Grid Point,0.1013,0.1363375,0.18015,0.2908,0.3612,0.2728,298.0,4.2049,28.2714,1.8033,1.2421,1.3243,0.9379,0.2102,1,4.8946,0.2807,Low Potential
21.61,79.785,0,Grid Point,0.0783,0.1,0.1336,0.2297,0.4019,0.3088,318.0,2.1053,208.2714,1.7056,1.7497,1.3015,1.3444,0.2647,1,5.7192,0.4298,Moderate Potential
21.61,79.8,0,Grid Point,0.0514,0.0772,0.0748,0.2142,0.2605,0.1665,329.0,2.1053,151.7286,1.4538,1.2162,1.5646,0.7773,0.4824,1,6.7997,0.1618,Low Potential
21.61,79.815,0,Grid Point,0.0468,0.0686,0.0814,0.204,0.2938,0.1966,334.0,1.9944,90.0,1.7404,1.4396,1.4938,0.9637,0.4294,1,8.0335,0.2056,Low Potential
21.61,79.83,0,Grid Point,0.0616,0.087,0.1066,0.225,0.3246,0.2276,353.0,3.1301,252.7816,1.7327,1.4421,1.4257,1.0116,0.3569,1,9.3601,0.4145,Moderate Potential
21.61,79.845,0,Grid Point,0.0463,0.0689,0.0744,0.1974,0.2636,0.1758,370.0,0.9975,90.0,1.6069,1.3353,1.5001,0.8901,0.4526,1,10.7452,0.1959,Low Potential
21.61,79.86,0,Grid Point,0.0446,0.0706,0.0756,0.2318,0.2359,0.1512,366.0,6.0949,139.2886,1.6939,1.0177,1.5602,0.6523,0.5084,1,12.1689,0.2124,Low Potential
21.61,79.875,0,Grid Point,0.0405,0.0642,0.065,0.1974,0.231,0.1364,318.0,2.1053,151.7286,1.6049,1.17,1.6926,0.6912,0.5046,1,13.6191,0.1828,Low Potential
21.61,79.89,0,Grid Point,0.0946,0.1308,0.157,0.2896,0.3998,0.3005,300.0,3.1301,107.2184,1.6587,1.3801,1.3303,1.0375,0.297,1,15.0881,0.299,Low Potential
21.61,79.905,0,Grid Point,0.0833,0.1195,0.1402,0.2886,0.3582,0.263,296.0,4.0899,103.0848,1.6821,1.2413,1.3622,0.9113,0.3461,1,16.5709,0.3332,Low Potential
21.61,79.92,0,Grid Point,0.0768,0.1076,0.136,0.2382,0.3435,0.2523,285.0,2.1992,245.0683,1.7697,1.4424,1.3615,1.0594,0.273,1,18.0642,0.2517,Low Potential
21.61,79.935,0,Grid Point,0.0786,0.1132,0.1296,0.2606,0.3488,0.25,289.0,0.0,0.0,1.6499,1.3384,1.3957,0.9589,0.3358,1,19.5654,0.3856,Moderate Potential
21.61,79.95,0,Grid Point,0.0731,0.1031,0.1247,0.2478,0.2884,0.2108,281.0,1.8543,0.0,1.7059,1.1638,1.3684,0.8505,0.3305,1,19.6923,0.2968,Low Potential
21.61,79.965,0,Grid Point,0.0575,0.0809,0.0902,0.2312,0.2527,0.1657,281.0,0.9975,270.0,1.5696,1.0934,1.5253,0.7169,0.4384,1,18.5049,0.1571,Low Potential
21.61,79.98,0,Grid Point,0.0728,0.1044,0.1289,0.222,0.2579,0.1892,281.0,2.1992,294.9316,1.7706,1.1615,1.3625,0.8525,0.2653,1,17.3739,0.3025,Low Potential
21.61,79.995,0,Grid Point,0.0652,0.0928,0.1044,0.2846,0.3028,0.2014,285.0,1.3619,132.914,1.5992,1.0636,1.5029,0.7077,0.4635,1,16.311,0.1587,Low Potential
21.61,80.01,0,Grid Point,0.0554,0.0833,0.0919,0.2192,0.2359,0.164,290.0,2.9533,19.7245,1.6588,1.0762,1.438,0.7484,0.4092,1,15.3303,0.1854,Low Potential
21.61,80.025,0,Grid Point,0.0657,0.103,0.1136,0.2655,0.2886,0.1906,282.0,2.9901,270.0,1.7283,1.087,1.5142,0.7179,0.4009,1,14.4485,0.2199,Low Potential
21.61,80.04,0,Grid Point,0.0495,0.0805,0.0792,0.2703,0.2176,0.1425,280.0,0.9975,270.0,1.6,0.805,1.527,0.5272,0.5468,1,13.6849,0.1668,Low Potential
21.61,80.055,0,Grid Point,0.0435,0.0735,0.0658,0.2335,0.1323,0.0737,283.0,2.9901,90.0,1.5126,0.5666,1.7951,0.3156,0.5603,1,13.0601,0.5361,Moderate Potential
21.61,80.07,0,Grid Point,0.0574,0.0878,0.0924,0.2908,0.2564,0.1845,284.0,0.9274,0.0,1.6098,0.8817,1.3897,0.6345,0.5177,1,12.5949,0.2568,Low Potential
21.61,80.085,0,Grid Point,0.0591,0.0865,0.0996,0.2188,0.2163,0.1468,285.0,1.9944,90.0,1.6853,0.9886,1.4734,0.6709,0.3744,1,12.3074,0.2006,Low Potential
21.61,80.1,0,Grid Point,0.0654,0.0912,0.1099,0.2575,0.2777,0.1979,283.0,0.9274,0.0,1.6804,1.0784,1.4032,0.7685,0.4017,1,12.21,0.3135,Low Potential
21.61,80.115,0,Grid Point,0.0465,0.0685,0.0672,0.2181,0.2548,0.152,281.0,1.3619,132.914,1.4452,1.1683,1.6763,0.6969,0.5289,1,12.3074,0.1326,Low Potential
21.61,80.13,0,Grid Point,0.0586,0.0711,0.0624,0.13885000000000003,0.09513749999999997,0.0417,270.0,4.6274,180.0,1.0648,1.3183,1.2614,1.0451,0.07343750000000004,1,12.5949,0.6530125,High Potential Deposit Zone
21.61,80.145,0,Grid Point,0.0548,0.0758,0.0863,0.2113,0.2076,0.1528,284.0,1.3619,132.914,1.5748,0.9825,1.3586,0.7231,0.42,1,13.0601,0.308,Low Potential
21.61,80.16,0,Grid Point,0.0803,0.101,0.1167,0.1485,0.1938,0.1479,274.0,6.5718,294.9316,1.4533,1.3051,1.3103,0.996,0.1199,1,13.6849,0.6159,Moderate Potential
21.61,80.175,0,Grid Point,0.0476,0.0726,0.0615,0.2589,0.1601,0.0905,281.0,5.964,90.0,1.292,0.6184,1.7691,0.3496,0.6161,1,14.4485,0.4689,Moderate Potential
21.61,80.19,0,Grid Point,0.0548,0.0792,0.0671,0.31765,0.16,0.0987,276.0,3.4198,144.3569,1.2245,0.5016,1.6211,0.3094,0.6524,1,15.3303,0.4761,Moderate Potential
21.61,80.205,0,Grid Point,0.0633,0.0797,0.0858,0.2072,0.2291,0.1682,284.0,4.3919,65.0684,1.3555,1.1057,1.3621,0.8118,0.4143,1,15.581,0.3942,Moderate Potential
21.61,80.22,0,Grid Point,0.0575,0.0843,0.0827,0.2727,0.2768,0.1804,285.0,2.1053,208.2714,1.4383,1.015,1.5344,0.6615,0.5346,1,14.1069,0.1449,Low Potential
21.61,80.235,0,Grid Point,0.0841,0.1131,0.1522,0.2411,0.3842,0.3164,292.0,3.4198,144.3569,1.8098,1.5935,1.2143,1.3123,0.226,1,12.6498,0.249,Low Potential
21.61,80.25,0,Grid Point,0.0914,0.1236,0.1715,0.2512,0.4064,0.327,294.0,2.9533,340.2755,1.8764,1.6178,1.2428,1.3018,0.1885,1,11.2162,0.2455,Low Potential
21.61,80.265,0,Grid Point,0.0466,0.0763,0.0821,0.2285,0.1574,0.0908,282.0,0.9975,90.0,1.7618,0.6888,1.7335,0.3974,0.4713,1,9.8165,0.367,Moderate Potential
21.61,80.28,0,Grid Point,0.0516,0.079,0.0895,0.2244,0.1964,0.1203,289.0,2.1992,114.9316,1.7345,0.8752,1.6326,0.5361,0.4298,1,8.4674,0.2022,Low Potential
21.61,80.295,0,Grid Point,0.0509,0.0849,0.0843,0.2231,0.1316,0.0785,289.0,1.8543,180.0,1.6562,0.5899,1.6764,0.3519,0.4515,0,7.1976,0.466,Moderate Potential
21.61,80.31,0,Grid Point,0.0713,0.0976,0.112,0.2397,0.2938,0.2141,291.0,2.9533,19.7245,1.5708,1.2257,1.3723,0.8932,0.3631,0,6.0571,0.4659,Moderate Potential
21.61,80.325,0,Grid Point,0.07,0.0933,0.1081,0.2218,0.2906,0.2158,294.0,0.9975,270.0,1.5443,1.3102,1.3466,0.9729,0.3446,0,5.1327,0.6356,Moderate Potential
21.61,80.34,0,Grid Point,0.0522,0.0804,0.0643,0.2566,0.1876,0.1178,294.0,2.7223,227.086,1.2318,0.7311,1.5925,0.4591,0.5993,0,4.5579,0.2065,Low Potential
21.61,80.355,0,Grid Point,0.1013,0.1332,0.1721,0.2364,0.3347,0.2915,300.0,1.9944,90.0,1.658,1.4158,1.1482,1.2331,0.1574,0,4.4698,0.3197,Low Potential
21.61,80.37,0,Grid Point,0.0656,0.0909,0.1086,0.2384,0.3164,0.2385,294.0,2.1992,114.9316,1.6555,1.3272,1.3266,1.0004,0.3741,0,4.8946,0.5303,Moderate Potential
21.61,80.385,0,Grid Point,0.0828,0.1088,0.125,0.2668,0.3363,0.2421,298.0,1.9944,90.0,1.5097,1.2605,1.3891,0.9074,0.3619,0,5.7192,0.3575,Moderate Potential
21.61,80.4,0,Grid Point,0.08,0.1125,0.1453,0.2643,0.3848,0.284,317.0,6.2932,208.2714,1.8162,1.4559,1.3549,1.0745,0.2905,0,6.7997,0.2983,Low Potential
21.61,80.415,0,Grid Point,0.0545,0.0776,0.0885,0.2237,0.3032,0.2073,307.0,5.0355,203.2793,1.6239,1.3554,1.4626,0.9267,0.4331,0,8.0335,0.3163,Low Potential
21.61,80.43,0,Grid Point,0.0375,0.0635,0.0514,0.2991,0.1847,0.1022,308.0,1.3619,227.086,1.3707,0.6175,1.8072,0.3417,0.7067,0,9.3601,0.3958,Moderate Potential
21.61,80.445,0,Grid Point,0.0578,0.0831,0.0847,0.2552,0.3246,0.2181,309.0,0.0,0.0,1.4654,1.2719,1.4883,0.8546,0.5016,0,10.7452,0.1959,Low Potential
21.61,80.46,0,Grid Point,0.0536,0.0768,0.0842,0.2547,0.2737,0.1914,357.0,7.547549999999999,151.7286,1.5709,1.0746,1.43,0.7515,0.5031,0,12.1689,0.1724,Low Potential
21.61,80.475,0,Grid Point,0.0353,0.0659,0.0551,0.2308,0.2079,0.1207,514.0,7.547549999999999,141.4542,1.5609,0.9008,1.7225,0.523,0.6146,0,13.6191,0.2597,Low Potential
21.61,80.49,0,Grid Point,0.0356,0.0527,0.0537,0.2086,0.187,0.1044,432.0,7.547549999999999,106.3619,1.5084,0.8965,1.7912,0.5005,0.5905,0,15.0881,0.3096,Low Potential
21.625,79.2,0,Grid Point,0.0443,0.0608,0.0578,0.1839,0.2229,0.143,439.0,2.1053,28.2739,1.3036,1.2124,1.5593,0.7775,0.5219,0,24.9776,0.1357,Low Potential
21.625,79.215,0,Grid Point,0.0426,0.0581,0.061,0.1982,0.2476,0.1553,397.0,4.0798,132.911,1.4331,1.2492,1.5941,0.7836,0.5291,0,24.3811,0.1688,Low Potential
21.625,79.23,0,Grid Point,0.0616,0.0914,0.0838,0.31765,0.2832,0.1614,507.0,7.547549999999999,243.628,1.3585,0.8805,1.755,0.5017,0.5869,0,23.8699,0.1973,Low Potential
21.625,79.245,0,Grid Point,0.0534,0.07,0.0894,0.204,0.2868,0.1766,520.0,4.7328,192.1417,1.6751,1.4062,1.6245,0.8657,0.3903,0,23.4496,0.2203,Low Potential
21.625,79.26,0,Grid Point,0.0458,0.0612,0.0632,0.2048,0.2448,0.1442,481.0,7.547549999999999,283.0835,1.3814,1.1948,1.6979,0.7037,0.5284,0,23.125,0.1809,Low Potential
21.625,79.275,0,Grid Point,0.0446,0.0548,0.061,0.1784,0.257,0.1746,474.0,5.4326,132.911,1.3677,1.4403,1.4721,0.9784,0.4904,0,22.9002,0.1843,Low Potential
21.625,79.29,0,Grid Point,0.0512,0.0659,0.0643,0.2085,0.2545,0.1596,468.0,4.205,151.7261,1.2559,1.2206,1.5946,0.7655,0.5286,0,22.7783,0.1688,Low Potential
21.625,79.305,0,Grid Point,0.0486,0.0684,0.0568,0.2312,0.2462,0.148,486.0,7.0075,301.7883,1.1699,1.0649,1.6639,0.64,0.6056,0,21.742,0.187,Low Potential
21.625,79.32,0,Grid Point,0.054,0.0774,0.0797,0.2486,0.2651,0.1682,529.0,3.4199,35.6459,1.4773,1.0666,1.5756,0.6769,0.5144,0,20.3233,0.1352,Low Potential
21.625,79.335,0,Grid Point,0.0508,0.0651,0.0758,0.2023,0.2728,0.1781,429.0,4.7328,192.1417,1.4921,1.3482,1.5314,0.8804,0.4549,0,18.9245,0.1842,Low Potential
21.625,79.35,0,Grid Point,0.0494,0.0745,0.0746,0.2203,0.3016,0.2026,405.0,2.1994,114.9294,1.5086,1.3693,1.4893,0.9194,0.4941,0,17.5502,0.1624,Low Potential
21.625,79.365,0,Grid Point,0.0686,0.0934,0.1128,0.2424,0.3473,0.2425,408.0,0.0,0.0,1.6438,1.4331,1.4322,1.0006,0.3646,0,16.2066,0.3191,Low Potential
21.625,79.38,0,Grid Point,0.0466,0.0598,0.054,0.1829,0.2266,0.141,397.0,1.362,47.089,1.1599,1.2387,1.6062,0.7712,0.5438,0,14.9022,0.1837,Low Potential
21.625,79.395,0,Grid Point,0.0537,0.0684,0.0746,0.1904,0.2898,0.1932,395.0,2.1053,208.2739,1.3901,1.5214,1.4994,1.0147,0.4368,0,13.6481,0.1777,Low Potential
21.625,79.41,0,Grid Point,0.0483,0.0621,0.0647,0.1851,0.2663,0.1634,387.0,4.8534,235.1153,1.3395,1.439,1.6305,0.8825,0.482,0,12.4595,0.1958,Low Potential
21.625,79.425,0,Grid Point,0.0572,0.0764,0.0816,0.227,0.2978,0.1872,377.0,5.3071,249.6025,1.4278,1.3119,1.5904,0.8249,0.4712,0,11.357,0.2262,Low Potential
21.625,79.44,0,Grid Point,0.0451,0.0632,0.0631,0.1842,0.2552,0.1658,369.0,0.9274,180.0,1.3991,1.3856,1.5384,0.9006,0.4896,0,10.3681,0.1652,Low Potential
21.625,79.455,0,Grid Point,0.0682,0.0896,0.1092,0.2166,0.338,0.233,363.0,3.1304,107.2167,1.6016,1.5605,1.4503,1.0759,0.3299,0,9.5283,0.3356,Low Potential
21.625,79.47,0,Grid Point,0.0591,0.0801,0.0925,0.2048,0.2976,0.2134,370.0,0.0,0.0,1.5651,1.4529,1.394,1.0422,0.3777,0,8.88,0.412,Moderate Potential
21.625,79.485,0,Grid Point,0.0442,0.062,0.06,0.1922,0.2322,0.1358,370.0,3.4199,215.6459,1.3559,1.2081,1.7096,0.7066,0.5243,0,8.4672,0.179,Low Potential
21.625,79.5,0,Grid Point,0.0468,0.0662,0.07,0.1964,0.2794,0.1798,361.0,2.1994,114.9294,1.4957,1.4227,1.5541,0.9155,0.4744,0,8.325,0.1678,Low Potential
21.625,79.515,0,Grid Point,0.0696,0.099,0.1186,0.2362,0.3102,0.2229,350.0,2.9533,199.7264,1.7021,1.3133,1.3917,0.9437,0.3316,0,8.4672,0.6412,Moderate Potential
21.625,79.53,0,Grid Point,0.0468,0.0681,0.0634,0.2026,0.2301,0.1393,369.0,4.976,270.0,1.3536,1.1355,1.6518,0.6874,0.5237,0,8.88,0.1728,Low Potential
21.625,79.545,0,Grid Point,0.05,0.0676,0.0775,0.189,0.2808,0.1874,369.0,2.1053,331.7261,1.5516,1.4854,1.4981,0.9915,0.4184,0,9.5283,0.1862,Low Potential
21.625,79.56,0,Grid Point,0.0821,0.1044,0.1362,0.2216,0.3486,0.2566,370.0,4.3923,294.9294,1.6596,1.5731,1.3583,1.1582,0.2385,0,10.3681,0.4149,Moderate Potential
21.625,79.575,0,Grid Point,0.0428,0.0604,0.0532,0.2245,0.2242,0.1367,366.0,0.9274,180.0,1.2404,0.9984,1.6397,0.6089,0.6171,0,11.357,0.2038,Low Potential
21.625,79.59,0,Grid Point,0.0465,0.0626,0.0643,0.1867,0.2307,0.138,360.0,2.1053,331.7261,1.3828,1.2357,1.6711,0.7394,0.4876,0,12.4595,0.1673,Low Potential
21.625,79.605,0,Grid Point,0.0558,0.0814,0.0712,0.2353,0.1712,0.1048,342.0,0.9976,90.0,1.2748,0.7276,1.6336,0.4454,0.5354,0,13.6481,0.219,Low Potential
21.625,79.62,0,Grid Point,0.0466,0.061,0.0644,0.1812,0.253,0.1584,343.0,1.8543,0.0,1.3824,1.3965,1.597,0.8744,0.4759,0,13.6745,0.1404,Low Potential
21.625,79.635,0,Grid Point,0.0611,0.0791,0.094,0.212,0.3245,0.2232,331.0,2.1053,28.2739,1.5376,1.5307,1.4535,1.0531,0.3858,0,12.1657,0.2305,Low Potential
21.625,79.65,0,Grid Point,0.0574,0.0775,0.0718,0.213,0.221,0.1386,316.0,7.547549999999999,328.4212,1.2528,1.0376,1.5951,0.6505,0.4955,0,10.6673,0.1771,Low Potential
21.625,79.665,0,Grid Point,0.0479,0.0616,0.0534,0.1595,0.1498,0.0901,319.0,0.9274,0.0,1.1148,0.9395,1.6632,0.5649,0.4984,0,9.1843,0.3517,Moderate Potential
21.625,79.68,0,Grid Point,0.0743,0.0964,0.1084,0.2086,0.2946,0.2431,313.0,2.1994,245.0706,1.4583,1.4119,1.2118,1.1651,0.3164,0,7.7256,0.5285,Moderate Potential
21.625,79.695,0,Grid Point,0.0708,0.0962,0.1258,0.2178,0.3477,0.2643,306.0,4.7328,167.8583,1.7763,1.5961,1.3153,1.2134,0.2677,1,6.3082,0.4754,Moderate Potential
21.625,79.71,0,Grid Point,0.074,0.1019,0.1261,0.2496,0.3298,0.2419,301.0,2.1053,28.2739,1.7041,1.3208,1.3632,0.969,0.3288,1,4.9674,0.5032,Moderate Potential
21.625,79.725,0,Grid Point,0.0614,0.0858,0.093,0.2214,0.3126,0.2264,311.0,2.1053,331.7261,1.5134,1.412,1.3802,1.023,0.4083,1,3.7857,0.5315,Moderate Potential
21.625,79.74,0,Grid Point,0.0538,0.0755,0.0746,0.2054,0.19,0.1264,315.0,1.362,227.089,1.3866,0.9248,1.5038,0.615,0.4672,1,2.96,0.1972,Low Potential
21.625,79.755,0,Grid Point,0.0716,0.1016,0.1181,0.2422,0.3244,0.2528,297.0,2.7803,180.0,1.6494,1.3393,1.2834,1.0436,0.3445,1,2.8224,0.5092,Moderate Potential
21.625,79.77,0,Grid Point,0.0936,0.1214,0.1552,0.2546,0.4199,0.328,309.0,2.1994,65.0706,1.6578,1.6489,1.28,1.2882,0.2425,1,3.456,0.261,Low Potential
21.625,79.785,0,Grid Point,0.0576,0.084,0.082,0.2227,0.2012,0.136,312.0,4.7559,321.1039,1.4248,0.9035,1.4794,0.6107,0.4618,1,4.5494,0.2203,Low Potential
21.625,79.8,0,Grid Point,0.0576,0.0856,0.0866,0.2827,0.3328,0.229,329.0,2.1994,245.0706,1.5035,1.177,1.4531,0.81,0.531,1,5.8501,0.1978,Low Potential
21.625,79.815,0,Grid Point,0.1013,0.1363375,0.175,0.2596,0.3748,0.2961,347.0,2.9904,90.0,1.6367,1.444,1.2658,1.1408,0.1944,1,7.2473,0.3363,Low Potential
21.625,79.83,0,Grid Point,0.0796,0.1092,0.1323,0.2362,0.3093,0.2321,348.0,2.7803,180.0,1.6631,1.3092,1.3326,0.9824,0.2821,1,8.6947,0.5376,Moderate Potential
21.625,79.845,0,Grid Point,0.0788,0.1062,0.1214,0.264,0.3206,0.2422,352.0,3.1304,287.2167,1.539,1.214,1.3232,0.9174,0.3703,1,10.1709,0.4212,Moderate Potential
21.625,79.86,0,Grid Point,0.0524,0.0758,0.0886,0.2284,0.2852,0.1909,362.0,2.7224,47.089,1.6899,1.2486,1.4942,0.8356,0.4413,1,11.6649,0.2233,Low Potential
21.625,79.875,0,Grid Point,0.045,0.0653,0.0646,0.192,0.2272,0.1364,365.0,0.0,0.0,1.4351,1.1828,1.6659,0.71,0.4963,1,13.1707,0.1457,Low Potential
21.625,79.89,0,Grid Point,0.0486,0.0756,0.0778,0.2418,0.2616,0.1652,322.0,5.4326,132.911,1.5998,1.0819,1.5831,0.6834,0.5134,1,14.6846,0.1766,Low Potential
21.625,79.905,0,Grid Point,0.0526,0.0762,0.0806,0.2272,0.2838,0.1831,312.0,2.1994,65.0706,1.5314,1.2488,1.55,0.8057,0.4766,1,16.2044,0.1567,Low Potential
21.625,79.92,0,Grid Point,0.0626,0.0875,0.1004,0.2446,0.324,0.2158,295.0,2.1994,245.0706,1.603,1.3244,1.5015,0.8821,0.4182,1,17.7285,0.2698,Low Potential
21.625,79.935,0,Grid Point,0.055,0.0793,0.0775,0.2286,0.2378,0.1484,290.0,3.1304,252.7833,1.41,1.0398,1.6026,0.6488,0.4935,1,19.256,0.1535,Low Potential
21.625,79.95,0,Grid Point,0.0799,0.1134,0.1292,0.2643,0.3021,0.2158,289.0,3.836,164.9477,1.6166,1.143,1.3996,0.8167,0.3432,1,20.0525,0.2602,Low Potential
21.625,79.965,0,Grid Point,0.0576,0.0814,0.0898,0.2288,0.2586,0.164,285.0,1.362,132.911,1.5582,1.1305,1.5773,0.7167,0.4364,1,19.3045,0.1364,Low Potential
21.625,79.98,0,Grid Point,0.0662,0.0896,0.1032,0.2235,0.2736,0.2051,286.0,2.9533,340.2736,1.5585,1.2244,1.3342,0.9177,0.368,1,18.5819,0.5506,Moderate Potential
21.625,79.995,0,Grid Point,0.0534,0.0838,0.0888,0.252,0.2871,0.1832,292.0,1.8543,180.0,1.6604,1.1389,1.5673,0.7266,0.4792,1,17.592,0.1598,Low Potential
21.625,80.01,0,Grid Point,0.0472,0.0753,0.0876,0.2164,0.2344,0.1498,290.0,2.1994,294.9294,1.8529,1.0827,1.5649,0.6918,0.424,1,16.6868,0.1879,Low Potential
21.625,80.025,0,Grid Point,0.0955,0.1363375,0.1686,0.13885000000000003,0.1512,0.106,280.0,1.362,227.089,1.7654,1.2759,1.4264,0.8945,0.07343750000000004,1,15.8805,0.3678,Moderate Potential
21.625,80.04,0,Grid Point,0.0727,0.1002,0.1136,0.1948,0.2318,0.1744,280.0,5.5025,212.8393,1.5626,1.1899,1.3291,0.8953,0.2633,1,15.1891,0.5487,Moderate Potential
21.625,80.055,0,Grid Point,0.0654,0.093,0.0986,0.2632,0.2725,0.1953,281.0,0.9976,270.0,1.5088,1.0351,1.3953,0.7419,0.455,1,14.6287,0.2747,Low Potential
21.625,80.07,0,Grid Point,0.0628,0.0941,0.097,0.2581,0.235,0.1634,286.0,0.0,0.0,1.5438,0.9105,1.4382,0.6331,0.4539,1,14.2149,0.1355,Low Potential
21.625,80.085,0,Grid Point,0.0598,0.083,0.0991,0.2289,0.2641,0.1746,288.0,2.1053,151.7261,1.6572,1.1538,1.5126,0.7628,0.3957,1,13.9608,0.2038,Low Potential
21.625,80.1,0,Grid Point,0.044,0.0721,0.059,0.2602,0.1575,0.088,291.0,5.0355,156.7185,1.3394,0.6053,1.7898,0.3382,0.6303,1,13.875,0.4894,Moderate Potential
21.625,80.115,0,Grid Point,0.064,0.0901,0.1063,0.2334,0.2402,0.1744,282.0,1.9946,270.0,1.6609,1.0294,1.3773,0.7474,0.3741,1,13.9608,0.4118,Moderate Potential
21.625,80.13,0,Grid Point,0.0736,0.0933,0.1089,0.2183,0.2664,0.196,275.0,0.0,0.0,1.4796,1.2203,1.3592,0.8978,0.3344,1,14.2149,0.5336,Moderate Potential
21.625,80.145,0,Grid Point,0.0848,0.1084,0.1313,0.261,0.2556,0.1847,286.0,4.205,151.7261,1.5483,0.9793,1.3839,0.7077,0.3306,1,14.6287,0.2804,Low Potential
21.625,80.16,0,Grid Point,0.0619,0.0849,0.0764,0.2532,0.1711,0.0959,286.0,0.9976,90.0,1.2342,0.6758,1.7842,0.3788,0.5364,1,15.1891,0.3662,Moderate Potential
21.625,80.175,0,Grid Point,0.1013,0.1363375,0.18015,0.31765,0.42003750000000006,0.3336125,276.0,1.362,47.089,1.7768,1.3867,1.0511,1.3193,0.0843,1,15.8805,0.2422,Low Potential
21.625,80.19,0,Grid Point,0.0622,0.0801,0.08,0.2136,0.1901,0.1261,286.0,2.9533,340.2736,1.2862,0.89,1.5075,0.5904,0.455,1,16.6868,0.2011,Low Potential
21.625,80.205,0,Grid Point,0.0533,0.0755,0.0643,0.2497,0.1351,0.076,286.0,3.4199,324.3541,1.2064,0.541,1.7776,0.3044,0.5904,1,15.1906,0.5711,Moderate Potential
21.625,80.22,0,Grid Point,0.0613,0.0818,0.0815,0.2959,0.2234,0.1696,283.0,2.9533,199.7264,1.3295,0.755,1.3172,0.5732,0.5681,1,13.6745,0.2941,Low Potential
21.625,80.235,0,Grid Point,0.0615,0.0803,0.0905,0.2128,0.2909,0.1912,287.0,5.0609,280.5323,1.4715,1.367,1.5214,0.8985,0.4032,1,12.1657,0.3983,Moderate Potential
21.625,80.25,0,Grid Point,0.0549,0.0663,0.058,0.13885000000000003,0.09513749999999997,0.0453,280.0,3.5169,301.7883,1.0565,0.7848,1.5541,0.505,0.2146,1,10.6673,0.5402,Moderate Potential
21.625,80.265,0,Grid Point,0.0571,0.0816,0.067,0.2898,0.1845,0.1021,285.0,4.3923,114.9294,1.1734,0.6366,1.8071,0.3523,0.6244,1,9.1843,0.4301,Moderate Potential
21.625,80.28,0,Grid Point,0.0603,0.0807,0.078,0.2133,0.1434,0.0945,285.0,3.5169,301.7883,1.2935,0.6723,1.5175,0.443,0.4645,1,7.7256,0.405,Moderate Potential
21.625,80.295,0,Grid Point,0.0889,0.1206,0.1424,0.2672,0.3224,0.2376,288.0,3.836,164.9477,1.6018,1.2066,1.3569,0.8892,0.3047,1,6.3082,0.3257,Low Potential
21.625,80.31,0,Grid Point,0.0679,0.0937,0.1129,0.1997,0.2655,0.1964,291.0,0.9274,0.0,1.6627,1.3295,1.3518,0.9835,0.2777,0,4.9674,0.5818,Moderate Potential
21.625,80.325,0,Grid Point,0.0425,0.048,0.0415,0.13885000000000003,0.09513749999999997,0.0267,290.0,0.0,0.0,0.9781375000000002,0.8601,1.2659,0.6794,0.07343750000000004,0,3.7857,0.6058,Moderate Potential
21.625,80.34,0,Grid Point,0.0802,0.1123,0.1467,0.2333,0.334,0.2782,297.0,4.6274,180.0,1.8292,1.4316,1.2006,1.1925,0.2279,0,2.96,0.2824,Low Potential
21.625,80.355,0,Grid Point,0.0855,0.1092,0.1498,0.2431,0.4137,0.3237,298.0,2.7224,312.911,1.752,1.7018,1.278,1.3316,0.2375,0,2.8224,0.2421,Low Potential
21.625,80.37,0,Grid Point,0.0665,0.0933,0.0984,0.2526,0.2479,0.1756,308.0,2.1994,65.0706,1.4797,0.9814,1.4117,0.6952,0.4393,0,3.456,0.1844,Low Potential
21.625,80.385,0,Grid Point,0.0818,0.1065,0.1359,0.2403,0.3449,0.2559,308.0,3.1304,287.2167,1.6614,1.4353,1.3478,1.0649,0.2775,0,4.5494,0.3728,Moderate Potential
21.625,80.4,0,Grid Point,0.0597,0.0911,0.068,0.13885000000000003,0.09513749999999997,0.0262,302.0,0.9274,180.0,1.139,0.8166,1.2405,0.6583,0.07343750000000004,0,5.8501,0.5572,Moderate Potential
21.625,80.415,0,Grid Point,0.0499,0.0698,0.0723,0.2066,0.2517,0.1614,320.0,4.7559,141.1039,1.4489,1.2183,1.5595,0.7812,0.4815,0,7.2473,0.2033,Low Potential
21.625,80.43,0,Grid Point,0.0434,0.0635,0.0575,0.2077,0.2426,0.145,306.0,1.9946,270.0,1.3249,1.168,1.6731,0.6981,0.5664,0,8.6947,0.1662,Low Potential
21.625,80.445,0,Grid Point,0.0748,0.1032,0.1276,0.2336,0.2915,0.2258,313.0,3.5169,238.2117,1.7059,1.2479,1.291,0.9666,0.2935,0,10.1709,0.5692,Moderate Potential
21.625,80.46,0,Grid Point,0.0593,0.0815,0.0837,0.2522,0.3095,0.2026,317.0,4.7559,141.1039,1.4115,1.2272,1.5276,0.8033,0.5016,0,11.6649,0.213,Low Potential
21.625,80.475,0,Grid Point,0.0403,0.0515,0.0467,0.2207,0.1753,0.0924,444.0,7.547549999999999,74.417,1.1588,0.7943,1.8972,0.4187,0.6507,0,13.1707,0.4833,Moderate Potential
21.625,80.49,0,Grid Point,0.0496,0.0649,0.0545,0.2482,0.1784,0.091,450.0,7.547549999999999,11.0665,1.0988,0.7188,1.9604,0.3666,0.6399,0,14.6846,0.4124,Moderate Potential
21.64,79.2,0,Grid Point,0.052,0.083,0.0839,0.2532,0.2594,0.1628,506.0,7.547549999999999,173.8596,1.6119,1.0245,1.5926,0.6433,0.5022,0,26.5033,0.1625,Low Potential
21.64,79.215,0,Grid Point,0.0436,0.0612,0.0636,0.1872,0.2476,0.1432,482.0,7.547549999999999,15.0538,1.4599,1.323,1.7297,0.7649,0.4924,0,25.942,0.1624,Low Potential
21.64,79.23,0,Grid Point,0.039,0.0518,0.0602,0.185,0.257,0.154,450.0,7.547549999999999,164.9462,1.5456,1.3885,1.6685,0.8322,0.5091,0,25.4621,0.2269,Low Potential
21.64,79.245,0,Grid Point,0.0501,0.066,0.0806,0.1826,0.2935,0.1999,477.0,3.1307,72.7849,1.6088,1.6069,1.4682,1.0944,0.3877,0,25.0685,0.1722,Low Potential
21.64,79.26,0,Grid Point,0.052,0.072,0.0673,0.2182,0.2746,0.1729,493.0,7.547549999999999,340.2718,1.2952,1.2588,1.5882,0.7926,0.5282,0,24.7651,0.1963,Low Potential
21.64,79.275,0,Grid Point,0.05,0.0668,0.053,0.2514,0.2193,0.1262,503.0,7.547549999999999,16.0075,1.059,0.8725,1.7377,0.5021,0.652,0,24.5554,0.2262,Low Potential
21.64,79.29,0,Grid Point,0.055,0.0713,0.0912,0.2176,0.3103,0.2138,453.0,2.7226,132.9081,1.6582,1.4261,1.4515,0.9825,0.4092,0,23.8256,0.1735,Low Potential
21.64,79.305,0,Grid Point,0.0495,0.0666,0.0768,0.23,0.2518,0.1672,463.0,7.547549999999999,218.899,1.5489,1.0952,1.5067,0.7269,0.4995,0,22.4323,0.1562,Low Potential
21.64,79.32,0,Grid Point,0.0493,0.0603,0.07,0.1888,0.2593,0.1678,434.0,0.9274,0.0,1.4209,1.3738,1.5458,0.8887,0.4587,0,21.0602,0.1475,Low Potential
21.64,79.335,0,Grid Point,0.054,0.0676,0.0893,0.1989,0.2956,0.1974,429.0,2.9907,270.0,1.6552,1.4862,1.4978,0.9922,0.3803,0,19.7137,0.2224,Low Potential
21.64,79.35,0,Grid Point,0.0522,0.0756,0.0795,0.216,0.2686,0.1704,434.0,3.4201,144.3513,1.5235,1.2438,1.5763,0.7891,0.4621,0,18.3984,0.1603,Low Potential
21.64,79.365,0,Grid Point,0.0484,0.0609,0.0694,0.1968,0.2582,0.164,426.0,2.1054,28.2764,1.4324,1.3117,1.5741,0.8333,0.4786,0,17.1216,0.1319,Low Potential
21.64,79.38,0,Grid Point,0.0643,0.0844,0.104,0.2176,0.3325,0.2232,402.0,3.1307,252.7849,1.6182,1.528,1.49,1.0255,0.353,0,15.8924,0.376,Moderate Potential
21.64,79.395,0,Grid Point,0.0474,0.0605,0.064,0.1896,0.253,0.1658,389.0,1.3621,227.0919,1.3488,1.3341,1.5256,0.8745,0.4953,0,14.7229,0.1455,Low Potential
21.64,79.41,0,Grid Point,0.0506,0.0633,0.074,0.178,0.2695,0.1774,400.0,7.547549999999999,217.5403,1.461,1.5138,1.5193,0.9963,0.4127,0,13.6284,0.2248,Low Potential
21.64,79.425,0,Grid Point,0.0544,0.072,0.0843,0.192,0.299,0.211,393.0,2.7226,47.0919,1.5496,1.5569,1.4174,1.0984,0.3899,0,12.6284,0.2254,Low Potential
21.64,79.44,0,Grid Point,0.0484,0.065,0.0699,0.1916,0.2697,0.1704,379.0,0.9977,90.0,1.4427,1.408,1.5827,0.8896,0.4653,0,11.747,0.1598,Low Potential
21.64,79.455,0,Grid Point,0.0584,0.0786,0.0796,0.2245,0.2458,0.1631,368.0,3.7048,0.0,1.3633,1.0949,1.5071,0.7265,0.4767,0,11.0129,0.1508,Low Potential
21.64,79.47,0,Grid Point,0.0522,0.071,0.0764,0.1987,0.2858,0.1858,379.0,4.3926,294.9271,1.464,1.4381,1.5379,0.9351,0.4448,0,10.457,0.2359,Low Potential
21.64,79.485,0,Grid Point,0.0649,0.0899,0.1003,0.2286,0.2735,0.2002,370.0,7.1125,204.7529,1.5447,1.1962,1.3662,0.8755,0.3903,0,10.1088,0.4333,Moderate Potential
21.64,79.5,0,Grid Point,0.0604,0.082,0.0943,0.2132,0.2918,0.2028,358.0,1.3621,132.9081,1.5613,1.3686,1.4395,0.9508,0.3868,0,9.99,0.2172,Low Potential
21.64,79.515,0,Grid Point,0.0659,0.0891,0.1034,0.221,0.3338,0.2457,361.0,2.7803,180.0,1.5695,1.511,1.3588,1.112,0.3626,0,10.1088,0.4992,Moderate Potential
21.64,79.53,0,Grid Point,0.0632,0.0867,0.1058,0.216,0.3221,0.2469,364.0,3.7048,0.0,1.6748,1.4909,1.3046,1.1428,0.3423,0,10.457,0.5883,Moderate Potential
21.64,79.545,0,Grid Point,0.0485,0.0653,0.0709,0.1883,0.2697,0.1724,369.0,0.0,0.0,1.4619,1.4323,1.5644,0.9156,0.4529,0,11.0129,0.1672,Low Potential
21.64,79.56,0,Grid Point,0.0967,0.1286,0.1598,0.31765,0.3516,0.2572,347.0,4.7328,192.1429,1.6525,1.0484,1.3675,0.7667,0.3546,0,11.747,0.2709,Low Potential
21.64,79.575,0,Grid Point,0.0556,0.074,0.0886,0.2207,0.3192,0.2328,350.0,0.0,0.0,1.5912,1.4461,1.3706,1.0551,0.4273,0,12.6284,0.4363,Moderate Potential
21.64,79.59,0,Grid Point,0.044,0.0626,0.06,0.1951,0.2416,0.1508,348.0,0.9274,180.0,1.3663,1.2381,1.6023,0.7727,0.5293,0,13.6284,0.1565,Low Potential
21.64,79.605,0,Grid Point,0.0492,0.0622,0.0744,0.1906,0.2847,0.1914,345.0,2.1996,65.0729,1.5117,1.4933,1.4875,1.0039,0.4383,0,14.7229,0.1662,Low Potential
21.64,79.62,0,Grid Point,0.0689,0.0924,0.0976,0.2168,0.2843,0.242,324.0,2.7226,47.0919,1.4173,1.3113,1.175,1.116,0.3789,0,13.4359,0.519,Moderate Potential
21.64,79.635,0,Grid Point,0.0446,0.0596,0.0654,0.197,0.2754,0.1853,322.0,4.08,47.0919,1.4691,1.398,1.4862,0.9406,0.5012,0,11.8969,0.1869,Low Potential
21.64,79.65,0,Grid Point,0.0642,0.0843,0.1009,0.2135,0.293,0.2139,330.0,0.9977,270.0,1.5717,1.3721,1.3696,1.0019,0.3581,0,10.3596,0.6055,Moderate Potential
21.64,79.665,0,Grid Point,0.0614,0.0782,0.1069,0.2,0.3402,0.2352,329.0,3.4201,144.3513,1.7396,1.7012,1.4465,1.176,0.3032,0,8.8251,0.308,Low Potential
21.64,79.68,0,Grid Point,0.0602,0.0776,0.102,0.2166,0.343,0.2397,322.0,4.08,312.9081,1.6952,1.5834,1.4312,1.1064,0.3596,0,7.2949,0.3712,Moderate Potential
21.64,79.695,0,Grid Point,0.0496,0.0688,0.082,0.1976,0.3172,0.231,321.0,2.7803,180.0,1.6522,1.6057,1.3732,1.1693,0.4136,0,5.7727,0.4512,Moderate Potential
21.64,79.71,0,Grid Point,0.05,0.0711,0.0715,0.1972,0.2721,0.1822,311.0,1.3621,47.0919,1.4286,1.3795,1.493,0.924,0.4679,0,4.2669,0.1684,Low Potential
21.64,79.725,0,Grid Point,0.0512,0.0702,0.0718,0.21,0.2523,0.1629,312.0,1.3621,132.9081,1.4,1.2011,1.5488,0.7755,0.4908,0,2.8041,0.152,Low Potential
21.64,79.74,0,Grid Point,0.0474,0.0667,0.0635,0.1767,0.1912,0.1232,322.0,2.1054,151.7236,1.3411,1.0823,1.553,0.6969,0.4713,1,1.5143,0.2064,Low Potential
21.64,79.755,0,Grid Point,0.0527,0.0794,0.0804,0.2202,0.1658,0.097,319.0,1.3621,132.9081,1.5247,0.7531,1.7102,0.4404,0.4652,1,1.2237,0.303,Low Potential
21.64,79.77,0,Grid Point,0.06,0.0792,0.0918,0.203,0.3494,0.2424,313.0,0.9977,270.0,1.5313,1.7216,1.4417,1.1941,0.3771,1,2.34,0.2902,Low Potential
21.64,79.785,0,Grid Point,0.0539,0.0761,0.077,0.2134,0.2272,0.145,318.0,2.9534,19.7283,1.4276,1.0652,1.5678,0.6794,0.4699,1,3.772,0.1564,Low Potential
21.64,79.8,0,Grid Point,0.0598,0.0836,0.0954,0.2442,0.3204,0.2174,330.0,2.9534,160.2717,1.5975,1.3118,1.4732,0.8905,0.438,1,5.2683,0.2729,Low Potential
21.64,79.815,0,Grid Point,0.0594,0.082,0.0807,0.2469,0.2398,0.1657,336.0,1.9948,90.0,1.3586,0.971,1.4469,0.6711,0.5073,1,6.7864,0.1599,Low Potential
21.64,79.83,0,Grid Point,0.0788,0.1057,0.1306,0.25,0.3174,0.233,346.0,5.0356,23.2837,1.6569,1.2698,1.3624,0.932,0.3135,1,8.3144,0.5731,Moderate Potential
21.64,79.845,0,Grid Point,0.0503,0.072,0.0779,0.229,0.246,0.1532,346.0,2.7803,0.0,1.5502,1.0738,1.6054,0.6688,0.4924,1,9.8478,0.1419,Low Potential
21.64,79.86,0,Grid Point,0.056,0.0762,0.0876,0.2244,0.2746,0.1904,342.0,2.1996,65.0729,1.5629,1.2242,1.4429,0.8485,0.4384,1,11.3842,0.1542,Low Potential
21.64,79.875,0,Grid Point,0.0713,0.1046,0.1383,0.2228,0.3016,0.2255,349.0,0.9977,90.0,1.939,1.354,1.3375,1.0123,0.2341,1,12.9228,0.5449,Moderate Potential
21.64,79.89,0,Grid Point,0.0618,0.085,0.1126,0.226,0.3305,0.2396,361.0,2.7226,312.9081,1.8235,1.4627,1.3794,1.0604,0.3348,1,14.4627,0.566,Moderate Potential
21.64,79.905,0,Grid Point,0.0513,0.0688,0.0904,0.196,0.2974,0.1984,354.0,1.8543,180.0,1.7612,1.5175,1.4991,1.0122,0.3688,1,16.0035,0.217,Low Potential
21.64,79.92,0,Grid Point,0.0702,0.0992,0.1094,0.2666,0.3165,0.2226,306.0,2.1996,294.9271,1.5591,1.1874,1.4215,0.8353,0.4178,1,17.5451,0.2027,Low Potential
21.64,79.935,0,Grid Point,0.0739,0.103,0.1233,0.2606,0.3314,0.2306,302.0,1.8543,0.0,1.6685,1.2715,1.4366,0.8851,0.3576,1,19.0873,0.2942,Low Potential
21.64,79.95,0,Grid Point,0.0672,0.0901,0.1103,0.2268,0.3167,0.2275,300.0,3.9848,90.0,1.6401,1.3969,1.3923,1.0033,0.3455,1,18.6435,0.5319,Moderate Potential
21.64,79.965,0,Grid Point,0.0624,0.0854,0.094,0.2192,0.2577,0.1697,296.0,2.7226,312.9081,1.5076,1.1756,1.5186,0.7742,0.3997,1,17.8365,0.1843,Low Potential
21.64,79.98,0,Grid Point,0.0589,0.0829,0.0876,0.2413,0.2535,0.1626,292.0,2.7803,180.0,1.4864,1.0506,1.5595,0.6736,0.4675,1,17.1311,0.1376,Low Potential
21.64,79.995,0,Grid Point,0.0749,0.102,0.1209,0.2524,0.3202,0.229,301.0,0.9977,90.0,1.6142,1.2688,1.3985,0.9073,0.3523,1,16.5404,0.4683,Moderate Potential
21.64,80.01,0,Grid Point,0.0642,0.0923,0.0992,0.2249,0.2248,0.1532,292.0,3.5172,121.7856,1.5472,0.9993,1.4675,0.681,0.3876,1,16.0769,0.1831,Low Potential
21.64,80.025,0,Grid Point,0.0495,0.0734,0.066,0.2294,0.1659,0.0964,280.0,0.9977,270.0,1.3343,0.7234,1.7215,0.4202,0.5529,1,15.7519,0.3162,Low Potential
21.64,80.04,0,Grid Point,0.0562,0.0806,0.0784,0.2524,0.2432,0.1536,284.0,0.9977,90.0,1.395,0.9635,1.5833,0.6086,0.526,1,15.5741,0.1246,Low Potential
21.64,80.055,0,Grid Point,0.0693,0.0894,0.1102,0.2259,0.281,0.2085,283.0,0.9977,270.0,1.5913,1.2441,1.348,0.923,0.3442,1,15.5485,0.6530125,High Potential Deposit Zone
21.64,80.07,0,Grid Point,0.0646,0.0851,0.0966,0.2369,0.332,0.2363,288.0,0.9977,270.0,1.4938,1.4014,1.405,0.9975,0.4209,1,15.6759,0.4872,Moderate Potential
21.64,80.085,0,Grid Point,0.0571,0.0818,0.0855,0.2206,0.2322,0.1457,295.0,2.1996,65.0729,1.4974,1.0526,1.5937,0.6605,0.4414,1,15.6166,0.1374,Low Potential
21.64,80.1,0,Grid Point,0.0591,0.0824,0.0979,0.2435,0.2282,0.1489,295.0,2.7226,227.0919,1.6565,0.9372,1.5326,0.6115,0.4265,1,15.54,0.1983,Low Potential
21.64,80.115,0,Grid Point,0.0585,0.0811,0.0958,0.2541,0.2872,0.1947,288.0,5.0614,79.4687,1.6368,1.1302,1.475,0.7662,0.4526,1,15.6166,0.2184,Low Potential
21.64,80.13,0,Grid Point,0.0691,0.0964,0.103,0.2906,0.2528,0.1761,290.0,0.9977,270.0,1.4906,0.8699,1.4355,0.606,0.4766,1,15.8442,0.1707,Low Potential
21.64,80.145,0,Grid Point,0.0659,0.0874,0.094,0.2296,0.2781,0.1956,282.0,2.1054,151.7236,1.4264,1.2112,1.4218,0.8519,0.419,1,16.2165,0.1834,Low Potential
21.64,80.16,0,Grid Point,0.0657,0.0873,0.0821,0.2411,0.2018,0.1321,293.0,0.9274,180.0,1.2496,0.837,1.5276,0.5479,0.492,1,16.7238,0.1546,Low Potential
21.64,80.175,0,Grid Point,0.0635,0.0841,0.089,0.232,0.2043,0.1342,288.0,1.9948,90.0,1.4016,0.8806,1.5224,0.5784,0.4455,1,17.3542,0.1314,Low Potential
21.64,80.19,0,Grid Point,0.0574,0.0776,0.072,0.2499,0.1963,0.1283,283.0,2.7226,47.0919,1.2544,0.7855,1.53,0.5134,0.5527,1,16.5173,0.1588,Low Potential
21.64,80.205,0,Grid Point,0.0702,0.0947,0.1028,0.2473,0.307,0.212,281.0,3.5172,121.7856,1.4644,1.2414,1.4481,0.8573,0.4127,1,14.9762,0.2862,Low Potential
21.64,80.22,0,Grid Point,0.0529,0.0728,0.0599,0.31765,0.2049,0.1206,280.0,2.7803,0.0,1.1323,0.5924,1.699,0.3487,0.7048,1,13.4359,0.3459,Low Potential
21.64,80.235,0,Grid Point,0.0684,0.0893,0.1013,0.2107,0.2008,0.1472,291.0,2.1054,28.2764,1.481,0.953,1.3641,0.6986,0.3506,1,11.8969,0.3675,Moderate Potential
21.64,80.25,0,Grid Point,0.0746,0.1023,0.1179,0.2341,0.2905,0.2194,292.0,2.7226,227.0919,1.5804,1.2409,1.3241,0.9372,0.3301,1,10.3596,0.5989,Moderate Potential
21.64,80.265,0,Grid Point,0.0722,0.0952,0.1097,0.2726,0.2779,0.1808,290.0,0.9274,180.0,1.5194,1.0194,1.5371,0.6632,0.4261,1,8.8251,0.1482,Low Potential
21.64,80.28,0,Grid Point,0.0558,0.0827,0.0667,0.31765,0.2442,0.1529,284.0,1.3621,312.9081,1.1953,0.7463,1.5971,0.4673,0.6613,1,7.2949,0.2019,Low Potential
21.64,80.295,0,Grid Point,0.0512,0.0736,0.0655,0.2179,0.1227,0.0738,292.0,2.9534,199.7283,1.2793,0.5631,1.6626,0.3387,0.5378,1,5.7727,0.5299,Moderate Potential
21.64,80.31,0,Grid Point,0.0829,0.1086,0.1273,0.2504,0.2984,0.2164,294.0,3.5172,58.2144,1.5356,1.1917,1.3789,0.8642,0.3259,1,4.2669,0.3287,Low Potential
21.64,80.325,0,Grid Point,0.0511,0.073,0.0741,0.2436,0.1834,0.1168,292.0,1.3621,132.9081,1.4501,0.7529,1.5702,0.4795,0.5335,1,2.8041,0.1865,Low Potential
21.64,80.34,0,Grid Point,0.0562,0.0802,0.0727,0.2333,0.1616,0.1017,295.0,1.9948,90.0,1.2936,0.6927,1.589,0.4359,0.5248,0,1.5143,0.1995,Low Potential
21.64,80.355,0,Grid Point,0.0992,0.1322,0.1566,0.2682,0.368,0.2858,302.0,4.2051,208.2764,1.5786,1.3721,1.2876,1.0656,0.2627,0,1.2237,0.2778,Low Potential
21.64,80.37,0,Grid Point,0.0805,0.1186,0.1411,0.2661,0.3483,0.2632,301.0,4.8538,124.8819,1.7528,1.3089,1.3233,0.9891,0.307,0,2.34,0.3583,Moderate Potential
21.64,80.385,0,Grid Point,0.0638,0.0868,0.1115,0.2081,0.2848,0.2027,309.0,1.3621,227.0919,1.7476,1.3686,1.405,0.9741,0.3023,0,3.772,0.466,Moderate Potential
21.64,80.4,0,Grid Point,0.0608,0.0904,0.0817,0.2191,0.1645,0.1092,312.0,3.8361,195.0538,1.3438,0.7508,1.5064,0.4984,0.4568,0,5.2683,0.2287,Low Potential
21.64,80.415,0,Grid Point,0.0481,0.0636,0.0615,0.2265,0.2313,0.1436,346.0,3.8361,164.9462,1.2786,1.0212,1.6107,0.634,0.5729,0,6.7864,0.1791,Low Potential
21.64,80.43,0,Grid Point,0.0462,0.0684,0.0675,0.2042,0.2479,0.1625,311.0,0.0,0.0,1.461,1.214,1.5255,0.7958,0.5031,0,8.3144,0.1603,Low Potential
21.64,80.445,0,Grid Point,0.0514,0.0666,0.0681,0.1713,0.258,0.1631,320.0,2.7803,180.0,1.3249,1.5061,1.5819,0.9521,0.4311,0,9.8478,0.1898,Low Potential
21.64,80.46,0,Grid Point,0.0458,0.0618,0.0613,0.2002,0.2427,0.1399,331.0,2.1996,245.0729,1.3384,1.2123,1.7348,0.6988,0.5312,0,11.3842,0.1452,Low Potential
21.64,80.475,0,Grid Point,0.0424,0.0589,0.0529,0.2244,0.1845,0.0989,408.0,7.547549999999999,322.4597,1.2476,0.8222,1.8655,0.4407,0.6185,0,12.9228,0.3932,Moderate Potential
21.64,80.49,0,Grid Point,0.0342,0.0545,0.0479,0.2549,0.182,0.0975,484.0,7.547549999999999,121.7856,1.4006,0.714,1.8667,0.3825,0.6836,0,14.4627,0.4027,Moderate Potential
21.655,79.2,0,Grid Point,0.0457,0.0618,0.0524,0.2226,0.2224,0.1348,494.0,7.547549999999999,19.7301,1.1479,0.9996,1.6502,0.6057,0.6188,0,28.0449,0.2085,Low Potential
21.655,79.215,0,Grid Point,0.0414,0.0552,0.0624,0.2016,0.2467,0.15,501.0,7.547549999999999,90.0,1.5066,1.2237,1.6447,0.744,0.527,0,27.515,0.1991,Low Potential
21.655,79.23,0,Grid Point,0.0688,0.0905,0.0956,0.142,0.188,0.143,425.0,5.5029,32.8448,1.3913,1.3248,1.3146,1.0077,0.1949,0,27.0631,0.4916,Moderate Potential
21.655,79.245,0,Grid Point,0.0394,0.0527,0.0308,0.13885000000000003,0.09513749999999997,0.0192,483.0,0.0,0.0,0.9781375000000002,1.5948,1.2675,1.2582,0.07343750000000004,0,26.6931,0.5436,Moderate Potential
21.655,79.26,0,Grid Point,0.0458,0.062,0.0741,0.1893,0.2545,0.16,522.0,1.3621,312.9051,1.6197,1.3444,1.5911,0.845,0.4374,0,26.4084,0.1724,Low Potential
21.655,79.275,0,Grid Point,0.0454,0.065,0.0774,0.199,0.2879,0.1871,524.0,2.7227,227.0949,1.7019,1.4464,1.5387,0.94,0.4403,0,25.9407,0.1858,Low Potential
21.655,79.29,0,Grid Point,0.0522,0.0692,0.0777,0.2022,0.2682,0.1705,511.0,7.547549999999999,274.4288,1.4899,1.3267,1.573,0.8434,0.4447,0,24.5702,0.1978,Low Potential
21.655,79.305,0,Grid Point,0.0448,0.0564,0.0653,0.1959,0.2613,0.1608,485.0,4.7563,38.9019,1.456,1.3338,1.625,0.8208,0.5,0,23.2217,0.1573,Low Potential
21.655,79.32,0,Grid Point,0.0454,0.0605,0.0698,0.2188,0.2578,0.1651,488.0,1.3621,47.0949,1.5358,1.178,1.5612,0.7546,0.5163,0,21.8991,0.1279,Low Potential
21.655,79.335,0,Grid Point,0.0477,0.0642,0.0727,0.2108,0.2656,0.1697,469.0,4.8541,304.8791,1.5231,1.26,1.5651,0.805,0.4874,0,20.6075,0.2019,Low Potential
21.655,79.35,0,Grid Point,0.0482,0.0608,0.0682,0.1704,0.2437,0.161,436.0,0.9274,0.0,1.4124,1.4306,1.5141,0.9448,0.4285,0,19.3531,0.1587,Low Potential
21.655,79.365,0,Grid Point,0.0482,0.0589,0.0628,0.1931,0.2665,0.1741,423.0,6.2937,331.7212,1.3029,1.3801,1.5307,0.9016,0.5092,0,18.1435,0.2065,Low Potential
21.655,79.38,0,Grid Point,0.0468,0.059,0.06,0.1844,0.2442,0.153,410.0,4.2052,28.2788,1.2818,1.3249,1.5959,0.8302,0.5086,0,16.9885,0.1629,Low Potential
21.655,79.395,0,Grid Point,0.0504,0.061,0.0767,0.2114,0.269,0.1735,422.0,7.547549999999999,19.7301,1.5233,1.2722,1.5504,0.8205,0.4676,0,15.8998,0.1905,Low Potential
21.655,79.41,0,Grid Point,0.0436,0.0594,0.0592,0.1874,0.227,0.1401,397.0,1.8543,180.0,1.3582,1.211,1.6199,0.7476,0.5202,0,14.892,0.1498,Low Potential
21.655,79.425,0,Grid Point,0.0449,0.0614,0.0643,0.1934,0.2455,0.1633,386.0,0.9978,270.0,1.4321,1.2697,1.5034,0.8446,0.5009,0,13.9827,0.1728,Low Potential
21.655,79.44,0,Grid Point,0.0635,0.0862,0.1104,0.2086,0.3436,0.2613,387.0,4.6274,0.0,1.7386,1.6476,1.315,1.2529,0.3077,0,13.1921,0.5143,Moderate Potential
21.655,79.455,0,Grid Point,0.054,0.0764,0.0876,0.2322,0.2995,0.2094,385.0,1.3621,47.0949,1.6213,1.2901,1.4306,0.9018,0.4523,0,12.5428,0.2191,Low Potential
21.655,79.47,0,Grid Point,0.0452,0.0632,0.063,0.1953,0.2532,0.1578,380.0,3.5174,238.217,1.3942,1.2967,1.6054,0.8077,0.5125,0,12.0577,0.1611,Low Potential
21.655,79.485,0,Grid Point,0.0458,0.0648,0.0622,0.1931,0.2403,0.1518,377.0,2.1054,151.7212,1.3585,1.2441,1.5835,0.7857,0.5131,0,11.757,0.1501,Low Potential
21.655,79.5,0,Grid Point,0.0592,0.0798,0.0956,0.2076,0.3069,0.2205,359.0,2.9534,340.2699,1.6143,1.4783,1.3918,1.0621,0.3692,0,11.655,0.5019,Moderate Potential
21.655,79.515,0,Grid Point,0.0732,0.1001,0.1333,0.2416,0.3719,0.2892,369.0,2.1054,151.7212,1.8198,1.539,1.2857,1.197,0.289,0,11.757,0.3554,Moderate Potential
21.655,79.53,0,Grid Point,0.0491,0.0678,0.0688,0.2275,0.2361,0.145,394.0,6.0957,319.2798,1.4002,1.0378,1.6288,0.6371,0.5359,0,12.0577,0.1606,Low Potential
21.655,79.545,0,Grid Point,0.0453,0.0654,0.0671,0.2302,0.2694,0.1765,373.0,2.991,90.0,1.4812,1.1701,1.5261,0.7667,0.5486,0,12.5428,0.1562,Low Potential
21.655,79.56,0,Grid Point,0.0748,0.0972,0.1092,0.2462,0.3471,0.2526,356.0,2.1054,28.2788,1.4609,1.4099,1.3739,1.0262,0.3854,0,13.1921,0.4174,Moderate Potential
21.655,79.575,0,Grid Point,0.0582,0.075,0.0738,0.174,0.2378,0.1686,343.0,1.995,90.0,1.2661,1.3671,1.41,0.9695,0.4045,0,13.9827,0.3112,Low Potential
21.655,79.59,0,Grid Point,0.0484,0.063,0.0736,0.1909,0.2665,0.1708,339.0,2.7227,312.9051,1.5191,1.396,1.5598,0.895,0.4435,0,14.892,0.2137,Low Potential
21.655,79.605,0,Grid Point,0.0476,0.0608,0.0644,0.1808,0.2488,0.1642,336.0,1.3621,227.0949,1.3515,1.3765,1.5148,0.9087,0.4746,0,14.9453,0.1654,Low Potential
21.655,79.62,0,Grid Point,0.053,0.0706,0.0771,0.1966,0.2816,0.184,339.0,0.9978,270.0,1.4533,1.4317,1.5297,0.9359,0.4367,0,13.4015,0.2074,Low Potential
21.655,79.635,0,Grid Point,0.0712,0.0962,0.126,0.2496,0.4038,0.2884,345.0,2.1054,331.7212,1.7716,1.6173,1.4002,1.155,0.329,0,11.858,0.4203,Moderate Potential
21.655,79.65,0,Grid Point,0.0585,0.0744,0.0978,0.1748,0.3009,0.2322,334.0,4.393,65.0752,1.6709,1.7219,1.2959,1.3288,0.2826,0,10.3149,0.5581,Moderate Potential
21.655,79.665,0,Grid Point,0.0531,0.0726,0.0796,0.1977,0.295,0.1944,322.0,7.5298,52.2415,1.5,1.4924,1.5181,0.9831,0.4256,0,8.7726,0.2371,Low Potential
21.655,79.68,0,Grid Point,0.0733,0.1034,0.1238,0.2455,0.3802,0.2798,327.0,2.7803,0.0,1.6896,1.5485,1.3584,1.1399,0.3294,0,7.2313,0.4964,Moderate Potential
21.655,79.695,0,Grid Point,0.06,0.0826,0.1025,0.2245,0.352,0.2436,330.0,1.995,270.0,1.7083,1.5677,1.4448,1.0851,0.3731,0,5.6921,0.3044,Low Potential
21.655,79.71,0,Grid Point,0.071,0.0982,0.1238,0.2454,0.3593,0.2599,313.0,2.1054,208.2788,1.7456,1.4641,1.3827,1.0589,0.3292,0,4.1572,0.4061,Moderate Potential
21.655,79.725,0,Grid Point,0.0454,0.0628,0.07,0.1814,0.2628,0.1697,325.0,0.0,0.0,1.5407,1.4487,1.5486,0.9355,0.4434,0,2.6341,0.1899,Low Potential
21.655,79.74,0,Grid Point,0.0545,0.0705,0.0881,0.1965,0.3336,0.2376,333.0,1.8543,180.0,1.6165,1.6975,1.4035,1.2094,0.3809,0,1.17,0.3564,Moderate Potential
21.655,79.755,0,Grid Point,0.0516,0.0712,0.0887,0.204,0.3275,0.2216,321.0,2.7227,132.9051,1.7164,1.605,1.4776,1.0863,0.3943,0,0.7571,0.221,Low Potential
21.655,79.77,0,Grid Point,0.0582,0.0742,0.0864,0.2008,0.3323,0.2409,316.0,2.1054,208.2788,1.4837,1.6549,1.3794,1.1997,0.3986,1,2.1335,0.4254,Moderate Potential
21.655,79.785,0,Grid Point,0.0528,0.0673,0.0749,0.189,0.2878,0.1822,321.0,2.7227,312.9051,1.4172,1.5225,1.5789,0.9643,0.4324,1,3.6475,0.2305,Low Potential
21.655,79.8,0,Grid Point,0.0754,0.094,0.1262,0.2248,0.3724,0.2801,336.0,2.1997,294.9248,1.6742,1.6562,1.3295,1.2457,0.2812,1,5.1798,0.5551,Moderate Potential
21.655,79.815,0,Grid Point,0.0439,0.0567,0.0502,0.13885000000000003,0.1708,0.1051,332.0,0.0,0.0,1.1424,1.2458,1.6251,0.7666,0.4644,1,6.718,0.3226,Low Potential
21.655,79.83,0,Grid Point,0.0486,0.0694,0.0611,0.1988,0.152,0.0854,334.0,0.9274,0.0,1.2559,0.7648,1.7788,0.4299,0.5297,1,8.2587,0.417,Moderate Potential
21.655,79.845,0,Grid Point,0.0504,0.0724,0.0564,0.2028,0.1407,0.0821,335.0,2.7227,47.0949,1.1169,0.694,1.7138,0.4049,0.565,1,9.8007,0.4664,Moderate Potential
21.655,79.86,0,Grid Point,0.0636,0.087,0.1024,0.2435,0.329,0.2233,333.0,0.0,0.0,1.6096,1.3513,1.4736,0.917,0.4077,1,11.3436,0.3275,Low Potential
21.655,79.875,0,Grid Point,0.0727,0.0989,0.1245,0.2468,0.3073,0.2312,342.0,2.1054,331.7212,1.7125,1.2454,1.3292,0.937,0.3293,1,12.887,0.6101,Moderate Potential
21.655,79.89,0,Grid Point,0.0782,0.108,0.1356,0.2596,0.3666,0.2708,347.0,2.1054,28.2788,1.7345,1.412,1.3536,1.0431,0.3139,1,14.4307,0.3695,Moderate Potential
21.655,79.905,0,Grid Point,0.0422,0.0586,0.0556,0.1908,0.2077,0.1273,342.0,3.4202,35.6515,1.316,1.0883,1.6316,0.667,0.5488,1,15.9746,0.211,Low Potential
21.655,79.92,0,Grid Point,0.0548,0.077,0.0845,0.2182,0.2887,0.1916,352.0,7.547549999999999,290.3936,1.5434,1.3234,1.5072,0.8781,0.4416,1,17.5188,0.2461,Low Potential
21.655,79.935,0,Grid Point,0.0448,0.0678,0.0616,0.2176,0.2531,0.1506,316.0,1.8543,180.0,1.3754,1.1631,1.6812,0.6919,0.559,1,18.2433,0.1393,Low Potential
21.655,79.95,0,Grid Point,0.0838,0.1186,0.1472,0.2658,0.3335,0.2408,303.0,1.995,90.0,1.7561,1.2545,1.385,0.9058,0.2871,1,17.2802,0.2538,Low Potential
21.655,79.965,0,Grid Point,0.0698,0.0948,0.0971,0.2238,0.2404,0.1863,304.0,2.991,270.0,1.3911,1.0742,1.2898,0.8328,0.3947,1,16.4063,0.3549,Moderate Potential
21.655,79.98,0,Grid Point,0.0727,0.0958,0.1133,0.2222,0.2879,0.2146,297.0,0.9978,90.0,1.5585,1.2954,1.3416,0.9656,0.3247,1,15.6365,0.631,Moderate Potential
21.655,79.995,0,Grid Point,0.0565,0.0761,0.0878,0.213,0.257,0.1764,292.0,0.9978,270.0,1.5549,1.2066,1.4573,0.8279,0.416,1,14.9869,0.1917,Low Potential
21.655,80.01,0,Grid Point,0.0649,0.088,0.1018,0.2496,0.3008,0.2078,287.0,0.0,0.0,1.5686,1.2051,1.4481,0.8322,0.4207,1,14.4738,0.1749,Low Potential
21.655,80.025,0,Grid Point,0.1013,0.1363375,0.18015,0.31765,0.4164,0.3246,283.0,3.131,72.7866,1.8054,1.2636,1.2825,0.9853,0.2548,1,14.1119,0.2475,Low Potential
21.655,80.04,0,Grid Point,0.0743,0.1001,0.1171,0.2311,0.293,0.2215,288.0,1.3621,312.9051,1.5756,1.2678,1.3228,0.9585,0.3274,1,13.9132,0.6530125,High Potential Deposit Zone
21.655,80.055,0,Grid Point,0.0676,0.0901,0.1104,0.2232,0.269,0.19,287.0,3.131,287.2134,1.6343,1.205,1.4155,0.8513,0.3381,1,13.8846,0.4374,Moderate Potential
21.655,80.07,0,Grid Point,0.0486,0.0762,0.064,0.25,0.1617,0.099,286.0,3.9852,90.0,1.3182,0.6468,1.6333,0.396,0.5924,1,14.0271,0.3397,Low Potential
21.655,80.085,0,Grid Point,0.0573,0.0797,0.0937,0.2287,0.2441,0.1648,293.0,2.1997,114.9248,1.6353,1.0673,1.4812,0.7206,0.4187,1,14.3357,0.1708,Low Potential
21.655,80.1,0,Grid Point,0.0769,0.109,0.1324,0.2551,0.2997,0.2198,300.0,1.3621,312.9051,1.7217,1.1748,1.3635,0.8616,0.3166,1,14.7999,0.3392,Low Potential
21.655,80.115,0,Grid Point,0.0825,0.1089,0.1261,0.275,0.3241,0.2381,288.0,3.131,107.2134,1.5291,1.1785,1.3612,0.8658,0.3712,1,15.4058,0.2847,Low Potential
21.655,80.13,0,Grid Point,0.0645,0.084,0.0973,0.2388,0.2764,0.1895,299.0,0.9978,270.0,1.5085,1.1575,1.4586,0.7936,0.421,1,16.1373,0.1716,Low Potential
21.655,80.145,0,Grid Point,0.0596,0.0803,0.0838,0.2531,0.2628,0.1823,301.0,2.991,270.0,1.406,1.0383,1.4416,0.7203,0.5025,1,16.9783,0.1709,Low Potential
21.655,80.16,0,Grid Point,0.0837,0.1138,0.1389,0.2735,0.3897,0.2866,283.0,1.995,90.0,1.6595,1.4249,1.3597,1.0479,0.3264,1,17.9132,0.282,Low Potential
21.655,80.175,0,Grid Point,0.0684,0.0876,0.1058,0.21,0.2401,0.1711,290.0,0.9274,0.0,1.5468,1.1433,1.4033,0.8148,0.33,1,18.0335,0.3207,Low Potential
21.655,80.19,0,Grid Point,0.1013,0.1363375,0.18015,0.31765,0.42003750000000006,0.3336125,273.0,1.3621,227.0949,1.7359,1.4211,1.0457,1.359,0.1045,1,16.4893,0.2264,Low Potential
21.655,80.205,0,Grid Point,0.0793,0.1086,0.1304,0.254,0.2767,0.2131,290.0,1.995,270.0,1.6444,1.0894,1.2985,0.839,0.3215,1,14.9453,0.3023,Low Potential
21.655,80.22,0,Grid Point,0.0663,0.0856,0.1006,0.1984,0.246,0.1821,283.0,3.131,287.2134,1.5173,1.2399,1.3509,0.9178,0.3271,1,13.4015,0.6530125,High Potential Deposit Zone
21.655,80.235,0,Grid Point,0.0563,0.0772,0.0762,0.2164,0.2436,0.1578,285.0,0.9274,180.0,1.3535,1.1257,1.5437,0.7292,0.4792,1,11.858,0.1343,Low Potential
21.655,80.25,0,Grid Point,0.0625,0.0842,0.0867,0.226,0.2228,0.1543,291.0,2.7803,0.0,1.3872,0.9858,1.4439,0.6827,0.4455,1,10.3149,0.139,Low Potential
21.655,80.265,0,Grid Point,0.0647,0.0857,0.1068,0.1757,0.2258,0.1807,290.0,2.1997,114.9248,1.6507,1.2851,1.2496,1.0285,0.2439,1,8.7726,0.5722,Moderate Potential
21.655,80.28,0,Grid Point,0.0593,0.0818,0.0876,0.241,0.1843,0.106,287.0,0.9274,0.0,1.4772,0.7647,1.7387,0.4398,0.4668,1,7.2313,0.1999,Low Potential
21.655,80.295,0,Grid Point,0.048,0.0697,0.0612,0.2209,0.169,0.1047,289.0,2.1054,208.2788,1.275,0.7651,1.6141,0.474,0.5661,1,5.6921,0.284,Low Potential
21.655,80.31,0,Grid Point,0.078,0.1052,0.1233,0.2506,0.3169,0.2261,295.0,6.0365,261.1946,1.5808,1.2646,1.4016,0.9022,0.3405,1,4.1572,0.5337,Moderate Potential
21.655,80.325,0,Grid Point,0.0598,0.0794,0.0818,0.2442,0.2658,0.1953,302.0,2.1997,245.0752,1.3679,1.0885,1.361,0.7998,0.4982,1,2.6341,0.2891,Low Potential
21.655,80.34,0,Grid Point,0.0587,0.0872,0.0882,0.235,0.2556,0.178,301.0,0.9978,270.0,1.5026,1.0877,1.436,0.7574,0.4542,1,1.17,0.174,Low Potential
21.655,80.355,0,Grid Point,0.0586,0.0845,0.0777,0.2548,0.1634,0.1001,300.0,2.1054,331.7212,1.3259,0.6413,1.6324,0.3929,0.5326,1,0.7571,0.2686,Low Potential
21.655,80.37,0,Grid Point,0.1013,0.1363375,0.18015,0.314,0.4174,0.3255,313.0,3.5174,238.217,1.6625,1.3293,1.2823,1.0366,0.2605,0,2.1335,0.2944,Low Potential
21.655,80.385,0,Grid Point,0.0852,0.1127,0.1417,0.2426,0.3404,0.256,319.0,2.991,90.0,1.6631,1.4031,1.3297,1.0552,0.2626,0,3.6475,0.3338,Low Potential
21.655,80.4,0,Grid Point,0.0528,0.0808,0.0925,0.2278,0.282,0.1856,325.0,2.1997,65.0752,1.7519,1.2379,1.5194,0.8147,0.4224,0,5.1798,0.1998,Low Potential
21.655,80.415,0,Grid Point,0.0521,0.0802,0.0882,0.2236,0.2411,0.156,457.0,7.547549999999999,113.9655,1.6929,1.0783,1.5455,0.6977,0.4343,0,6.718,0.2297,Low Potential
21.655,80.43,0,Grid Point,0.0522,0.0751,0.084,0.2417,0.2878,0.1852,322.0,2.9534,19.7301,1.6092,1.1907,1.554,0.7662,0.4842,0,8.2587,0.1656,Low Potential
21.655,80.445,0,Grid Point,0.0703,0.0972,0.1134,0.2405,0.3168,0.2188,317.0,2.7803,0.0,1.6131,1.3173,1.4479,0.9098,0.3591,0,9.8007,0.3336,Low Potential
21.655,80.46,0,Grid Point,0.0552,0.0788,0.0896,0.2257,0.3054,0.2074,334.0,0.9978,270.0,1.6232,1.3531,1.4725,0.9189,0.4317,0,11.3436,0.2732,Low Potential
21.655,80.475,0,Grid Point,0.0383,0.0529,0.0554,0.2044,0.183,0.1043,346.0,4.0802,312.9051,1.4465,0.8953,1.7546,0.5103,0.5735,0,12.887,0.3117,Low Potential
21.655,80.49,0,Grid Point,0.0388,0.0637,0.0481,0.269,0.2005,0.1023,524.0,7.547549999999999,223.2724,1.2397,0.7454,1.9599,0.3803,0.6966,0,14.4307,0.3682,Moderate Potential
21.67,79.2,0,Grid Point,0.0428,0.0609,0.0589,0.197,0.2183,0.133,478.0,7.547549999999999,270.0,1.3778,1.1078,1.6414,0.675,0.5398,0,29.5999,0.1842,Low Potential
21.67,79.215,0,Grid Point,0.1013,0.1363375,0.18015,0.278,0.2894,0.2593,490.0,3.5177,238.2197,1.3023,1.041,1.1161,0.9327,0.1374,0,29.0983,0.2612,Low Potential
21.67,79.23,0,Grid Point,0.0406,0.052,0.0295,0.13885000000000003,0.09513749999999997,0.017112500000000003,483.0,0.0,0.0,0.9781375000000002,0.6196,1.1982,0.5171,0.07343750000000004,0,28.6714,0.5657,Moderate Potential
21.67,79.245,0,Grid Point,0.0418,0.0596,0.035,0.13885000000000003,0.09513749999999997,0.022,490.0,7.547549999999999,299.1439,0.9781375000000002,0.9466,1.3736,0.6892,0.07343750000000004,0,28.3223,0.5635,Moderate Potential
21.67,79.26,0,Grid Point,0.036,0.0484,0.025,0.13885000000000003,0.09513749999999997,0.017112500000000003,483.0,0.0,0.0,0.9781375000000002,1.4697,1.094,1.3434,0.07343750000000004,0,28.0542,0.5498,Moderate Potential
21.67,79.275,0,Grid Point,0.0392,0.0518,0.053,0.177,0.242,0.1566,500.0,5.9665,270.0,1.3503,1.3672,1.5453,0.8847,0.5391,0,26.7302,0.2773,Low Potential
21.67,79.29,0,Grid Point,0.0401,0.0549,0.0483,0.202,0.2138,0.129,495.0,7.547549999999999,6.1417,1.2045,1.0587,1.6584,0.6384,0.6141,0,25.4023,0.2527,Low Potential
21.67,79.305,0,Grid Point,0.0456,0.0559,0.0594,0.1964,0.232,0.1434,471.0,2.9534,19.732,1.3037,1.1813,1.6175,0.7303,0.5352,0,24.1004,0.1413,Low Potential
21.67,79.32,0,Grid Point,0.0496,0.0666,0.0694,0.1972,0.2654,0.1732,468.0,3.1313,252.7883,1.3982,1.3462,1.5319,0.8788,0.4795,0,22.8288,0.1879,Low Potential
21.67,79.335,0,Grid Point,0.0428,0.0565,0.0562,0.2162,0.2201,0.1235,463.0,5.8912,19.732,1.3104,1.0178,1.7822,0.5711,0.5877,0,21.5929,0.2063,Low Potential
21.67,79.35,0,Grid Point,0.0442,0.0595,0.0526,0.2062,0.2208,0.1354,453.0,6.5401,351.2608,1.1889,1.0708,1.6301,0.6569,0.5938,0,20.3991,0.2169,Low Potential
21.67,79.365,0,Grid Point,0.0446,0.0628,0.0628,0.2072,0.2486,0.1518,436.0,5.0358,23.288,1.4085,1.1998,1.6377,0.7326,0.5351,0,19.2554,0.159,Low Potential
21.67,79.38,0,Grid Point,0.0574,0.0744,0.097,0.2042,0.3347,0.244,421.0,7.1903,75.1298,1.6922,1.6387,1.3714,1.1949,0.3558,0,18.1712,0.3983,Moderate Potential
21.67,79.395,0,Grid Point,0.0502,0.0746,0.0726,0.2484,0.2802,0.1894,409.0,2.7803,0.0,1.4477,1.1278,1.4791,0.7625,0.5477,0,17.1577,0.1382,Low Potential
21.67,79.41,0,Grid Point,0.0632,0.0844,0.1116,0.2027,0.3247,0.231,403.0,1.9952,90.0,1.7672,1.6019,1.4053,1.1399,0.2899,0,16.2282,0.3878,Moderate Potential
21.67,79.425,0,Grid Point,0.0496,0.063,0.0658,0.2164,0.2514,0.1604,388.0,1.8543,0.0,1.3266,1.1622,1.5681,0.7412,0.5336,0,15.398,0.1319,Low Potential
21.67,79.44,0,Grid Point,0.0422,0.0631,0.0587,0.2086,0.2554,0.1648,383.0,4.7328,12.1454,1.391,1.2238,1.5495,0.7898,0.5609,0,14.6838,0.2098,Low Potential
21.67,79.455,0,Grid Point,0.0867,0.1187,0.1486,0.2455,0.3684,0.286,378.0,1.3622,312.9021,1.714,1.5006,1.2883,1.1648,0.2459,0,14.1034,0.2705,Low Potential
21.67,79.47,0,Grid Point,0.0726,0.0979,0.1256,0.2165,0.3491,0.2593,376.0,1.8543,0.0,1.7305,1.6122,1.3461,1.1977,0.2659,0,13.6737,0.4209,Moderate Potential
21.67,79.485,0,Grid Point,0.056,0.0752,0.089,0.1974,0.3152,0.2208,372.0,2.7229,47.0979,1.587,1.5972,1.4272,1.1191,0.3786,0,13.4093,0.221,Low Potential
21.67,79.5,0,Grid Point,0.0442,0.0663,0.0675,0.2441,0.2774,0.1719,368.0,3.4203,215.6544,1.5289,1.1364,1.6137,0.7042,0.5668,0,13.32,0.1774,Low Potential
21.67,79.515,0,Grid Point,0.0497,0.0708,0.0712,0.2072,0.2841,0.183,375.0,2.7229,47.0979,1.4336,1.3708,1.552,0.8832,0.4883,0,13.4093,0.1684,Low Potential
21.67,79.53,0,Grid Point,0.0475,0.0643,0.0706,0.1945,0.2638,0.1676,367.0,2.1055,208.2813,1.4874,1.3564,1.5737,0.8619,0.467,0,13.6737,0.1452,Low Potential
21.67,79.545,0,Grid Point,0.0486,0.0684,0.0622,0.217,0.213,0.1336,356.0,0.9274,180.0,1.2788,0.9816,1.5933,0.616,0.5546,0,14.1034,0.1652,Low Potential
21.67,79.56,0,Grid Point,0.0493,0.068,0.0823,0.2106,0.3024,0.2034,352.0,2.1055,208.2813,1.6694,1.4353,1.4861,0.9658,0.4381,0,14.6838,0.2057,Low Potential
21.67,79.575,0,Grid Point,0.058,0.0761,0.096,0.2298,0.3382,0.2302,344.0,6.2938,151.7187,1.6552,1.4712,1.4689,1.0015,0.4108,0,15.398,0.2722,Low Potential
21.67,79.59,0,Grid Point,0.0584,0.0778,0.1097,0.2174,0.3273,0.2325,356.0,4.3934,294.9225,1.8768,1.5061,1.408,1.0697,0.3292,0,16.2282,0.4643,Moderate Potential
21.67,79.605,0,Grid Point,0.0538,0.0741,0.0888,0.2252,0.3131,0.2174,353.0,3.7048,180.0,1.6496,1.3906,1.4402,0.9656,0.4345,0,15.0991,0.2476,Low Potential
21.67,79.62,0,Grid Point,0.072,0.0993,0.1154,0.2008,0.3259,0.2448,336.0,1.3622,47.0979,1.6024,1.623,1.3313,1.2191,0.2699,0,13.5728,0.53,Moderate Potential
21.67,79.635,0,Grid Point,0.0478,0.0639,0.071,0.1824,0.2654,0.181,338.0,3.4203,35.6544,1.4843,1.4553,1.4666,0.9923,0.4399,0,12.0512,0.1895,Low Potential
21.67,79.65,0,Grid Point,0.0604,0.0701,0.0894,0.1808,0.314,0.227,340.0,1.8543,180.0,1.481,1.7372,1.383,1.2562,0.3379,0,10.5365,0.4735,Moderate Potential
21.67,79.665,0,Grid Point,0.0494,0.062,0.0756,0.196,0.2673,0.1792,331.0,2.1999,65.0774,1.5278,1.3637,1.4919,0.9141,0.4437,0,9.0321,0.1643,Low Potential
21.67,79.68,0,Grid Point,0.0575,0.0774,0.0984,0.1832,0.3304,0.2464,341.0,2.1055,208.2813,1.7104,1.8038,1.3414,1.3447,0.3014,0,7.544,0.4503,Moderate Potential
21.67,79.695,0,Grid Point,0.0532,0.0714,0.0904,0.2034,0.328,0.2411,333.0,0.9979,270.0,1.6967,1.613,1.3604,1.1856,0.3847,0,6.0845,0.4543,Moderate Potential
21.67,79.71,0,Grid Point,0.052,0.0758,0.0795,0.2347,0.2706,0.1846,317.0,2.9914,90.0,1.5264,1.1527,1.4656,0.7865,0.4942,0,4.68,0.1537,Low Potential
21.67,79.725,0,Grid Point,0.0504,0.0685,0.0764,0.1768,0.2633,0.1772,327.0,0.9979,90.0,1.5154,1.49,1.4866,1.0023,0.3961,0,3.3999,0.1992,Low Potential
21.67,79.74,0,Grid Point,0.0492,0.0675,0.0718,0.185,0.2696,0.1828,332.0,2.7803,180.0,1.4608,1.4576,1.4751,0.9881,0.4408,0,2.4473,0.1858,Low Potential
21.67,79.755,0,Grid Point,0.0529,0.0744,0.0913,0.2127,0.3184,0.2176,344.0,2.1999,114.9226,1.7259,1.4967,1.4627,1.0233,0.3993,0,2.279,0.1952,Low Potential
21.67,79.77,0,Grid Point,0.0538,0.0744,0.0804,0.207,0.2846,0.1894,330.0,3.1313,287.2117,1.4944,1.3755,1.5033,0.915,0.4404,0,3.0285,0.2452,Low Potential
21.67,79.785,0,Grid Point,0.0575,0.075,0.0894,0.2121,0.3105,0.2228,338.0,2.7229,132.9021,1.5557,1.4639,1.3936,1.0504,0.4067,0,4.2337,0.4073,Moderate Potential
21.67,79.8,0,Grid Point,0.0506,0.0668,0.0686,0.1971,0.2166,0.1368,333.0,1.3622,227.0979,1.3547,1.0987,1.583,0.6941,0.4839,1,5.6081,0.1594,Low Potential
21.67,79.815,0,Grid Point,0.0504,0.0726,0.063,0.1846,0.1406,0.0766,333.0,2.9534,199.732,1.2498,0.7616,1.8361,0.4148,0.4907,1,7.0535,0.4857,Moderate Potential
21.67,79.83,0,Grid Point,0.0475,0.0703,0.0588,0.2042,0.1552,0.0841,338.0,1.9952,90.0,1.2379,0.76,1.8454,0.4119,0.5529,1,8.5338,0.4443,Moderate Potential
21.67,79.845,0,Grid Point,0.0504,0.0742,0.074,0.2252,0.1727,0.108,327.0,2.1055,331.7187,1.4668,0.7669,1.5995,0.4795,0.5054,1,10.0337,0.2271,Low Potential
21.67,79.86,0,Grid Point,0.0488,0.0704,0.0671,0.224,0.1656,0.0958,331.0,2.9534,340.2679,1.3764,0.7395,1.7282,0.4279,0.539,1,11.5454,0.3423,Low Potential
21.67,79.875,0,Grid Point,0.0696,0.1004,0.1051,0.2669,0.2784,0.1972,335.0,3.1313,287.2117,1.5101,1.0429,1.4119,0.7387,0.4349,1,13.065,0.2718,Low Potential
21.67,79.89,0,Grid Point,0.0906,0.1204,0.164,0.2669,0.42003750000000006,0.3336125,332.0,2.1999,294.9225,1.8117,1.5849,1.2515,1.2664,0.2387,1,14.5899,0.2407,Low Potential
21.67,79.905,0,Grid Point,0.0819,0.1138,0.1322,0.2718,0.378,0.2792,340.0,2.1055,331.7187,1.6142,1.3905,1.3534,1.0274,0.3455,1,16.1186,0.4068,Moderate Potential
21.67,79.92,0,Grid Point,0.0422,0.0844,0.0505,0.13885000000000003,0.09513749999999997,0.0234,345.0,0.0,0.0,1.1981,1.0372,1.1949,0.868,0.07343750000000004,1,17.6502,0.589,Moderate Potential
21.67,79.935,0,Grid Point,0.0602,0.0914,0.1268,0.2302,0.3106,0.2304,330.0,5.6946,119.1438,2.0526375,1.3496,1.3478,1.0013,0.2894,1,17.0114,0.5585,Moderate Potential
21.67,79.95,0,Grid Point,0.061,0.0953,0.0942,0.13885000000000003,0.09513749999999997,0.0328,309.0,4.8545,304.8763,1.5434,0.4834,1.4201,0.3404,0.07343750000000004,1,15.9742,0.6003,Moderate Potential
21.67,79.965,0,Grid Point,0.0802,0.1114,0.1278,0.2668,0.3558,0.2637,300.0,5.3085,110.3916,1.5925,1.3338,1.3493,0.9886,0.3522,1,15.0245,0.4454,Moderate Potential
21.67,79.98,0,Grid Point,0.0654,0.0988,0.0934,0.277,0.269,0.1824,291.0,1.8543,180.0,1.4274,0.9713,1.4747,0.6587,0.4959,1,14.1799,0.1345,Low Potential
21.67,79.995,0,Grid Point,0.0711,0.097,0.1164,0.2426,0.3146,0.224,293.0,0.9979,90.0,1.6364,1.2973,1.405,0.9233,0.3516,1,13.4602,0.5351,Moderate Potential
21.67,80.01,0,Grid Point,0.0518,0.0736,0.0748,0.2062,0.2167,0.1358,285.0,2.7229,132.9021,1.4444,1.0509,1.5963,0.6583,0.4679,1,12.8864,0.1466,Low Potential
21.67,80.025,0,Grid Point,0.0523,0.0826,0.0849,0.236,0.1898,0.1158,286.0,0.9274,180.0,1.6233,0.8042,1.6386,0.4908,0.4708,1,12.4786,0.2191,Low Potential
21.67,80.04,0,Grid Point,0.0745,0.1012,0.1164,0.2509,0.3146,0.2233,291.0,2.7229,312.9021,1.5621,1.2539,1.4089,0.89,0.3662,1,12.2534,0.5253,Moderate Potential
21.67,80.055,0,Grid Point,0.0622,0.0858,0.1089,0.1998,0.2834,0.2153,292.0,0.0,0.0,1.7508,1.418,1.3161,1.0774,0.2945,1,12.2209,0.5874,Moderate Potential
21.67,80.07,0,Grid Point,0.0672,0.0897,0.1045,0.2408,0.3094,0.2225,291.0,0.9979,90.0,1.5551,1.2849,1.3906,0.924,0.3947,1,12.3826,0.5211,Moderate Potential
21.67,80.085,0,Grid Point,0.0717,0.0985,0.1157,0.2426,0.2772,0.2026,297.0,0.0,0.0,1.6137,1.1426,1.3682,0.8351,0.3542,1,12.7311,0.3322,Low Potential
21.67,80.1,0,Grid Point,0.06,0.0938,0.1056,0.2694,0.2587,0.1688,299.0,1.9952,90.0,1.76,0.9603,1.5326,0.6266,0.4368,1,13.2517,0.1651,Low Potential
21.67,80.115,0,Grid Point,0.0667,0.0962,0.1127,0.222,0.263,0.1889,300.0,2.7229,227.0979,1.6905,1.1844,1.3923,0.8507,0.3267,1,13.9251,0.4647,Moderate Potential
21.67,80.13,0,Grid Point,0.0625,0.087,0.0883,0.2357,0.2649,0.1753,300.0,0.0,0.0,1.4128,1.1239,1.5111,0.7437,0.4549,1,14.7303,0.1525,Low Potential
21.67,80.145,0,Grid Point,0.0669,0.0895,0.1001,0.2332,0.3159,0.2266,293.0,0.9979,90.0,1.4963,1.3546,1.3941,0.9717,0.3993,1,15.6471,0.5211,Moderate Potential
21.67,80.16,0,Grid Point,0.0728,0.0965,0.1138,0.2434,0.27,0.1909,295.0,3.8361,195.0568,1.5632,1.1093,1.4144,0.7843,0.3628,1,16.6569,0.2155,Low Potential
21.67,80.175,0,Grid Point,0.057,0.0779,0.0787,0.2154,0.2144,0.1474,288.0,2.1055,151.7187,1.3807,0.9954,1.4545,0.6843,0.4648,1,17.744,0.1198,Low Potential
21.67,80.19,0,Grid Point,0.0615,0.0773,0.0882,0.189,0.2309,0.1556,287.0,2.1999,114.9226,1.4341,1.2217,1.4839,0.8233,0.3636,1,16.6289,0.1729,Low Potential
21.67,80.205,0,Grid Point,0.0703,0.0925,0.1155,0.2359,0.2538,0.1781,294.0,0.9979,270.0,1.643,1.0759,1.425,0.755,0.3426,1,15.0991,0.2685,Low Potential
21.67,80.22,0,Grid Point,0.0777,0.1031,0.1203,0.2542,0.2887,0.2185,288.0,0.0,0.0,1.5483,1.1357,1.3213,0.8596,0.3575,1,13.5728,0.3316,Low Potential
21.67,80.235,0,Grid Point,0.0638,0.0797,0.0781,0.188,0.1283,0.0767,293.0,2.1055,151.7187,1.2241,0.6824,1.6728,0.408,0.413,1,12.0512,0.4351,Moderate Potential
21.67,80.25,0,Grid Point,0.0574,0.0773,0.0789,0.2424,0.2754,0.1814,287.0,4.3934,114.9226,1.3746,1.1361,1.5182,0.7483,0.5089,1,10.5365,0.1684,Low Potential
21.67,80.265,0,Grid Point,0.0705,0.0931,0.1069,0.2167,0.2819,0.2129,294.0,1.8543,0.0,1.5163,1.3009,1.3241,0.9825,0.3393,1,9.0321,0.5973,Moderate Potential
21.67,80.28,0,Grid Point,0.0646,0.0883,0.0868,0.2449,0.1854,0.1267,290.0,5.4335,227.0979,1.3437,0.757,1.4633,0.5174,0.4766,1,7.544,0.2166,Low Potential
21.67,80.295,0,Grid Point,0.0704,0.0963,0.1054,0.2632,0.3462,0.2417,285.0,3.1313,107.2117,1.4972,1.3153,1.4324,0.9183,0.4281,1,6.0845,0.3285,Low Potential
21.67,80.31,0,Grid Point,0.0703,0.0995,0.1223,0.2499,0.2892,0.2111,294.0,3.8361,195.0568,1.7397,1.1573,1.37,0.8447,0.3428,1,4.68,0.3683,Moderate Potential
21.67,80.325,0,Grid Point,0.0617,0.0891,0.1075,0.2573,0.2614,0.1873,298.0,0.0,0.0,1.7423,1.0159,1.3956,0.7279,0.4106,1,3.3999,0.2885,Low Potential
21.67,80.34,0,Grid Point,0.0813,0.1089,0.1337,0.2474,0.3367,0.2558,294.0,1.3622,312.9021,1.6445,1.361,1.3163,1.034,0.2983,1,2.4473,0.4024,Moderate Potential
21.67,80.355,0,Grid Point,0.0612,0.0843,0.0857,0.2402,0.2388,0.1652,301.0,2.1055,208.2813,1.4003,0.9942,1.4455,0.6878,0.4741,1,2.279,0.1562,Low Potential
21.67,80.37,0,Grid Point,0.0496,0.0732,0.0693,0.2263,0.2198,0.1492,316.0,1.9952,270.0,1.3972,0.9713,1.4732,0.6593,0.5311,1,3.0285,0.1591,Low Potential
21.67,80.385,0,Grid Point,0.0663,0.0939,0.1115,0.2358,0.3481,0.2458,316.0,4.0915,283.0796,1.6817,1.4763,1.4162,1.0424,0.3579,0,4.2337,0.4564,Moderate Potential
21.67,80.4,0,Grid Point,0.0438,0.0641,0.063,0.2171,0.2177,0.1242,344.0,0.9979,90.0,1.4384,1.0028,1.7528,0.5721,0.5502,0,5.6081,0.1919,Low Potential
21.67,80.415,0,Grid Point,0.0536,0.0698,0.0672,0.2035,0.2287,0.141,343.0,7.547549999999999,287.2117,1.2537,1.1238,1.622,0.6929,0.5035,0,7.0535,0.1916,Low Potential
21.67,80.43,0,Grid Point,0.0492,0.0672,0.0616,0.2032,0.2329,0.1337,329.0,2.9534,199.732,1.252,1.1462,1.742,0.658,0.5347,0,8.5338,0.1849,Low Potential
21.67,80.445,0,Grid Point,0.0439,0.0617,0.0511,0.2125,0.1978,0.1069,325.0,2.7229,227.0979,1.164,0.9308,1.8503,0.5031,0.6123,0,10.0337,0.2658,Low Potential
21.67,80.46,0,Grid Point,0.0521,0.0704,0.0773,0.2059,0.2705,0.1662,335.0,2.7803,0.0,1.4837,1.3137,1.6276,0.8072,0.4541,0,11.5454,0.1557,Low Potential
21.67,80.475,0,Grid Point,0.0726,0.1013,0.091,0.31765,0.2528,0.1511,576.0,7.547549999999999,339.2899,1.2534,0.7778,1.6731,0.4649,0.5625,0,13.065,0.2279,Low Potential
21.67,80.49,0,Grid Point,0.0394,0.061,0.0488,0.2308,0.1709,0.094,590.125,7.547549999999999,266.871,1.2386,0.7405,1.8181,0.4073,0.6509,0,14.5899,0.4736,Moderate Potential
21.685,79.2,0,Grid Point,0.0556,0.0742,0.0812,0.1953,0.2857,0.184,500.0,7.1129,204.7597,1.4604,1.4629,1.5523,0.9424,0.4127,0,31.1662,0.1901,Low Potential
21.685,79.215,0,Grid Point,0.0414,0.0544,0.0314,0.13885000000000003,0.09513749999999997,0.017112500000000003,483.0,0.0,0.0,0.9781375000000002,0.6458,1.2182,0.5301,0.07343750000000004,0,30.6903,0.5443,Moderate Potential
21.685,79.23,0,Grid Point,0.041,0.0506,0.0271,0.13885000000000003,0.09513749999999997,0.017112500000000003,483.0,0.0,0.0,0.9781375000000002,0.8483,1.2569,0.6749,0.07343750000000004,0,30.2857,0.5502,Moderate Potential
21.685,79.245,0,Grid Point,0.0534,0.07,0.0554,0.13885000000000003,0.09513749999999997,0.0666,483.0,7.547549999999999,222.6892,1.0384,1.558,1.2817,1.2155,0.07343750000000004,0,29.9555,0.5264,Moderate Potential
21.685,79.26,0,Grid Point,0.0828,0.1192,0.1232,0.2452,0.2386,0.1822,490.0,7.547549999999999,129.5561,1.4864,0.9731,1.3098,0.7429,0.3314,0,28.9072,0.2782,Low Potential
21.685,79.275,0,Grid Point,0.0398,0.053,0.0581,0.166,0.2376,0.158,493.0,4.0807,132.8991,1.458,1.4316,1.5046,0.9515,0.4815,0,27.5977,0.2139,Low Potential
21.685,79.29,0,Grid Point,0.0518,0.0708,0.0828,0.2005,0.317,0.2396,471.0,0.998,90.0,1.5979,1.5813,1.3232,1.195,0.4152,0,26.3136,0.3506,Moderate Potential
21.685,79.305,0,Grid Point,0.0462,0.0656,0.0746,0.2094,0.2759,0.1772,482.0,7.547549999999999,153.9338,1.6136,1.3175,1.5573,0.846,0.475,0,25.0591,0.1808,Low Potential
21.685,79.32,0,Grid Point,0.047,0.0602,0.0762,0.1748,0.2948,0.1959,451.0,3.518,121.7776,1.6202,1.6873,1.5051,1.121,0.393,0,23.8387,0.2023,Low Potential
21.685,79.335,0,Grid Point,0.0462,0.0582,0.0604,0.1915,0.2583,0.1865,440.0,0.0,0.0,1.3059,1.3488,1.385,0.9739,0.5204,0,22.6579,0.3034,Low Potential
21.685,79.35,0,Grid Point,0.0558,0.0826,0.0789,0.2279,0.2584,0.1737,433.0,4.8548,124.8735,1.4127,1.1338,1.4876,0.7622,0.4857,0,21.5233,0.1532,Low Potential
21.685,79.365,0,Grid Point,0.0674,0.0933,0.1043,0.2356,0.3544,0.2514,428.0,1.3623,132.8991,1.5475,1.5039,1.41,1.0666,0.3864,0,20.4426,0.2978,Low Potential
21.685,79.38,0,Grid Point,0.0592,0.0768,0.0974,0.1947,0.3138,0.2262,425.0,3.9861,270.0,1.6439,1.6117,1.3873,1.1618,0.3331,0,19.4247,0.4468,Moderate Potential
21.685,79.395,0,Grid Point,0.0604,0.0752,0.0906,0.2002,0.32,0.2251,410.0,3.9861,270.0,1.5021,1.5991,1.4218,1.1247,0.3765,0,18.4801,0.2602,Low Potential
21.685,79.41,0,Grid Point,0.0652,0.0856,0.1078,0.2082,0.2935,0.2111,399.0,2.1055,208.2838,1.6521,1.4097,1.3903,1.0139,0.3177,0,17.6205,0.4923,Moderate Potential
21.685,79.425,0,Grid Point,0.0723,0.0896,0.1162,0.2038,0.348,0.2614,392.0,0.998,270.0,1.6072,1.7073,1.3314,1.2824,0.2738,0,16.859,0.4787,Moderate Potential
21.685,79.44,0,Grid Point,0.0521,0.0644,0.0828,0.1938,0.3056,0.2044,386.0,4.0919,76.9217,1.5893,1.5775,1.4957,1.0547,0.4012,0,16.2093,0.2188,Low Potential
21.685,79.455,0,Grid Point,0.0466,0.0644,0.0654,0.1982,0.2685,0.1734,387.0,1.8543,0.0,1.4045,1.3544,1.548,0.8749,0.5036,0,15.6855,0.1408,Low Potential
21.685,79.47,0,Grid Point,0.0736,0.1015,0.1259,0.242,0.3514,0.2668,375.0,3.518,238.2224,1.7106,1.4526,1.317,1.1029,0.3155,0,15.3003,0.4674,Moderate Potential
21.685,79.485,0,Grid Point,0.0624,0.0848,0.0927,0.2408,0.294,0.2186,376.0,1.3623,132.8991,1.4856,1.221,1.345,0.9078,0.444,0,15.0644,0.4907,Moderate Potential
21.685,79.5,0,Grid Point,0.0469,0.0618,0.0563,0.1949,0.2476,0.1558,364.0,5.6951,119.1413,1.2004,1.2701,1.5884,0.7996,0.5518,0,14.985,0.2113,Low Potential
21.685,79.515,0,Grid Point,0.0678,0.092,0.1044,0.2388,0.3306,0.2342,379.0,2.2001,245.0797,1.5398,1.3846,1.4115,0.9809,0.3916,0,15.0644,0.3954,Moderate Potential
21.685,79.53,0,Grid Point,0.0521,0.0693,0.0856,0.2024,0.2992,0.2084,368.0,3.1316,252.79,1.643,1.4776,1.4358,1.0291,0.4057,0,15.3003,0.2647,Low Potential
21.685,79.545,0,Grid Point,0.051,0.0745,0.072,0.2384,0.2722,0.1694,360.0,2.723,132.8991,1.4108,1.142,1.6071,0.7106,0.5363,0,15.6855,0.1412,Low Potential
21.685,79.56,0,Grid Point,0.0469,0.0674,0.073,0.2266,0.2715,0.1684,387.0,7.013,277.5616,1.5565,1.1984,1.6127,0.7431,0.5126,0,16.2093,0.2026,Low Potential
21.685,79.575,0,Grid Point,0.0702,0.0878,0.1124,0.2086,0.3304,0.2552,366.0,2.723,132.8991,1.6019,1.5839,1.2944,1.2236,0.2995,0,16.859,0.4343,Moderate Potential
21.685,79.59,0,Grid Point,0.0484,0.0707,0.0738,0.2326,0.2438,0.171,346.0,1.9955,90.0,1.5243,1.0477,1.4259,0.7348,0.5181,0,16.9317,0.1369,Low Potential
21.685,79.605,0,Grid Point,0.0628,0.0845,0.1108,0.1974,0.3388,0.26,351.0,3.7048,180.0,1.7643,1.7159,1.3033,1.3165,0.2811,0,15.432,0.4389,Moderate Potential
21.685,79.62,0,Grid Point,0.0466,0.0622,0.0682,0.1976,0.2367,0.1461,355.0,4.6274,0.0,1.463,1.1979,1.6207,0.7391,0.4866,0,13.9422,0.1634,Low Potential
21.685,79.635,0,Grid Point,0.0441,0.0617,0.0615,0.1743,0.2496,0.156,344.0,3.1316,72.79,1.3946,1.4317,1.6002,0.8947,0.4784,0,12.4658,0.1918,Low Potential
21.685,79.65,0,Grid Point,0.0481,0.062,0.0646,0.13885000000000003,0.2156,0.1529,342.0,1.9955,90.0,1.342,1.5531,1.4109,1.1008,0.3653,0,11.0083,0.3008,Low Potential
21.685,79.665,0,Grid Point,0.0514,0.0688,0.0816,0.2141,0.2786,0.1898,345.0,2.1055,151.7162,1.5875,1.3013,1.4675,0.8867,0.4481,0,9.5783,0.1751,Low Potential
21.685,79.68,0,Grid Point,0.0494,0.0663,0.086,0.194,0.2646,0.1976,345.0,4.6274,180.0,1.7419,1.3637,1.3392,1.0183,0.3855,0,8.1901,0.439,Moderate Potential
21.685,79.695,0,Grid Point,0.0461,0.063,0.0698,0.1829,0.26,0.1666,332.0,1.9955,270.0,1.5125,1.4213,1.5608,0.9106,0.4476,0,6.8692,0.1938,Low Potential
21.685,79.71,0,Grid Point,0.0529,0.0744,0.089,0.1936,0.3085,0.2177,325.0,2.9535,160.2661,1.6824,1.5931,1.4171,1.1242,0.3702,0,5.6628,0.3045,Low Potential
21.685,79.725,0,Grid Point,0.0576,0.0767,0.0979,0.1907,0.3032,0.2122,339.0,7.4446,187.6614,1.6988,1.5899,1.4285,1.113,0.3218,0,4.6609,0.3362,Low Potential
21.685,79.74,0,Grid Point,0.0869,0.1117,0.139,0.2514,0.3224,0.2487,339.0,0.998,270.0,1.599,1.2824,1.2965,0.9891,0.2882,0,4.0192,0.398,Moderate Potential
21.685,79.755,0,Grid Point,0.0512,0.0731,0.0791,0.2151,0.2908,0.194,341.0,0.9274,180.0,1.5449,1.3519,1.499,0.9019,0.4623,0,3.919,0.2031,Low Potential
21.685,79.77,0,Grid Point,0.0596,0.0818,0.0844,0.214,0.2636,0.1727,335.0,2.2001,65.0797,1.4169,1.2317,1.5262,0.8071,0.4342,0,4.3974,0.1645,Low Potential
21.685,79.785,0,Grid Point,0.081,0.1076,0.1392,0.2454,0.3436,0.2572,348.0,1.3623,312.8991,1.7175,1.4,1.3357,1.0481,0.2761,0,5.2999,0.3303,Low Potential
21.685,79.8,0,Grid Point,0.0756,0.1053,0.1155,0.277,0.3336,0.2296,343.0,4.7329,192.1466,1.5268,1.2039,1.4527,0.8287,0.4115,0,6.451,0.258,Low Potential
21.685,79.815,0,Grid Point,0.084,0.1164,0.1474,0.2663,0.3584,0.2522,341.0,3.518,58.2224,1.7564,1.346,1.4216,0.9469,0.2873,0,7.7406,0.2776,Low Potential
21.685,79.83,0,Grid Point,0.0856,0.1129,0.1366,0.2601,0.3505,0.2471,332.0,3.1316,72.79,1.5952,1.3478,1.4187,0.95,0.3115,0,9.1099,0.3173,Low Potential
21.685,79.845,0,Grid Point,0.0651,0.0896,0.1118,0.2388,0.3369,0.2296,332.0,0.998,90.0,1.7181,1.4105,1.4677,0.9611,0.3621,1,10.528,0.3043,Low Potential
21.685,79.86,0,Grid Point,0.051,0.0748,0.0718,0.2192,0.1742,0.1038,326.0,1.9955,90.0,1.4069,0.7943,1.6786,0.4732,0.5069,1,11.9776,0.204,Low Potential
21.685,79.875,0,Grid Point,0.0543,0.0703,0.074,0.209,0.1425,0.0817,324.0,2.2001,65.0797,1.3619,0.6818,1.7442,0.3909,0.4773,1,13.4484,0.4131,Moderate Potential
21.685,79.89,0,Grid Point,0.0948,0.1298,0.1732,0.2746,0.3714,0.2992,327.0,3.1316,107.21,1.826,1.3524,1.2417,1.0892,0.2265,1,14.9342,0.2453,Low Potential
21.685,79.905,0,Grid Point,0.0824,0.1094,0.1274,0.24,0.3477,0.2682,335.0,3.8361,195.0583,1.5467,1.4488,1.2962,1.1177,0.3063,1,16.4309,0.3818,Moderate Potential
21.685,79.92,0,Grid Point,0.0787,0.108,0.1325,0.2737,0.3702,0.2719,338.0,2.2001,294.9203,1.683,1.3526,1.3615,0.9934,0.3478,1,17.0437,0.3877,Moderate Potential
21.685,79.935,0,Grid Point,0.0454,0.0656,0.0588,0.2151,0.2148,0.1308,337.0,7.547549999999999,340.2661,1.2977,0.9986,1.6422,0.6081,0.5704,1,15.8588,0.2009,Low Potential
21.685,79.95,0,Grid Point,0.0746,0.1102,0.1168,0.31765,0.3869,0.2562,308.0,3.4204,35.6572,1.5657,1.2094,1.5104,0.8007,0.4651,1,14.7407,0.2319,Low Potential
21.685,79.965,0,Grid Point,0.0521,0.0765,0.0615,0.221,0.164,0.0968,298.0,0.9274,180.0,1.1804,0.7417,1.6928,0.4381,0.5647,1,13.7057,0.3403,Low Potential
21.685,79.98,0,Grid Point,0.0663,0.0978,0.1218,0.244,0.282,0.2056,293.0,2.9535,160.2661,1.8371,1.1555,1.3713,0.8427,0.3342,1,12.7742,0.3892,Moderate Potential
21.685,79.995,0,Grid Point,0.0582,0.0808,0.102,0.2019,0.247,0.1786,286.0,1.8543,0.0,1.7519,1.2231,1.3827,0.8846,0.3285,1,11.9703,0.5292,Moderate Potential
21.685,80.01,0,Grid Point,0.0614,0.088,0.0995,0.2264,0.3177,0.2336,286.0,1.3623,47.1009,1.6192,1.4036,1.36,1.032,0.3893,1,11.3213,0.5551,Moderate Potential
21.685,80.025,0,Grid Point,0.0697,0.095,0.1113,0.242,0.298,0.2111,289.0,2.2001,114.9203,1.5968,1.2314,1.4117,0.8723,0.3699,1,10.8548,0.2971,Low Potential
21.685,80.04,0,Grid Point,0.0585,0.0833,0.0923,0.2384,0.2673,0.1817,293.0,2.9535,160.2661,1.5778,1.1212,1.4711,0.7622,0.4418,1,10.5952,0.1462,Low Potential
21.685,80.055,0,Grid Point,0.0673,0.0924,0.1126,0.2337,0.2887,0.2246,297.0,1.3623,47.1009,1.6731,1.2353,1.2854,0.9611,0.3497,1,10.5576,0.5693,Moderate Potential
21.685,80.07,0,Grid Point,0.0598,0.0823,0.0882,0.2282,0.2794,0.1792,297.0,0.9274,0.0,1.4749,1.2244,1.5592,0.7853,0.4425,1,10.7443,0.1682,Low Potential
21.685,80.085,0,Grid Point,0.0682,0.0984,0.1227,0.2457,0.2756,0.1947,292.0,1.3623,227.1009,1.7991,1.1217,1.4155,0.7924,0.3339,1,11.1442,0.2293,Low Potential
21.685,80.1,0,Grid Point,0.058,0.0797,0.0882,0.2442,0.2547,0.1697,303.0,2.723,227.1009,1.52,1.043,1.5009,0.6949,0.4692,1,11.7354,0.1609,Low Potential
21.685,80.115,0,Grid Point,0.0648,0.0945,0.1168,0.2166,0.2613,0.1971,300.0,1.3623,47.1009,1.8025,1.2064,1.3257,0.91,0.2993,1,12.4908,0.54,Moderate Potential
21.685,80.13,0,Grid Point,0.0695,0.0911,0.1025,0.2268,0.2602,0.1891,296.0,2.9535,19.7339,1.4748,1.1473,1.376,0.8338,0.3775,1,13.3826,0.3341,Low Potential
21.685,80.145,0,Grid Point,0.0783,0.102,0.1249,0.22,0.3128,0.2276,291.0,0.9274,0.0,1.5951,1.4218,1.3743,1.0345,0.2757,1,14.3855,0.5649,Moderate Potential
21.685,80.16,0,Grid Point,0.0681,0.0907,0.1069,0.22,0.2515,0.183,297.0,2.1055,208.2838,1.5698,1.1432,1.3743,0.8318,0.346,1,15.4779,0.3595,Moderate Potential
21.685,80.175,0,Grid Point,0.0678,0.0936,0.1149,0.2159,0.2308,0.181,292.0,0.0,0.0,1.6947,1.069,1.2751,0.8384,0.3053,1,16.6422,0.397,Moderate Potential
21.685,80.19,0,Grid Point,0.075,0.0956,0.1092,0.2187,0.2571,0.1859,293.0,2.1055,28.2838,1.456,1.1756,1.383,0.85,0.3339,1,16.9317,0.3172,Low Potential
21.685,80.205,0,Grid Point,0.0743,0.1022,0.1179,0.2583,0.2695,0.2105,294.0,2.1055,151.7162,1.5868,1.0434,1.2803,0.8149,0.3732,1,15.432,0.2684,Low Potential
21.685,80.22,0,Grid Point,0.0648,0.086,0.0939,0.2342,0.2661,0.1875,295.0,2.2001,114.9203,1.4491,1.1362,1.4192,0.8006,0.4276,1,13.9422,0.172,Low Potential
21.685,80.235,0,Grid Point,0.0555,0.0772,0.0662,0.2108,0.1032,0.0568,293.0,0.9274,0.0,1.1928,0.4896,1.8169,0.2694,0.522,1,12.4658,0.541,Moderate Potential
21.685,80.25,0,Grid Point,0.0508,0.07,0.064,0.228,0.2313,0.1423,287.0,3.1316,287.21,1.2598,1.0145,1.6254,0.6241,0.5616,1,11.0083,0.201,Low Potential
21.685,80.265,0,Grid Point,0.0577,0.0845,0.0752,0.2501,0.1544,0.0878,293.0,3.1316,252.79,1.3033,0.6174,1.7585,0.3511,0.5377,1,9.5783,0.45,Moderate Potential
21.685,80.28,0,Grid Point,0.0695,0.0979,0.1131,0.2224,0.2594,0.1981,291.0,0.998,90.0,1.6273,1.1664,1.3094,0.8907,0.3258,1,8.1901,0.5487,Moderate Potential
21.685,80.295,0,Grid Point,0.072,0.1049,0.1297,0.2214,0.2644,0.199,296.0,1.9955,270.0,1.8014,1.1942,1.3286,0.8988,0.2612,1,6.8692,0.3986,Moderate Potential
21.685,80.31,0,Grid Point,0.0731,0.1003,0.1221,0.2432,0.2889,0.2115,289.0,2.1055,331.7162,1.6703,1.1879,1.366,0.8697,0.3315,1,5.6628,0.4285,Moderate Potential
21.685,80.325,0,Grid Point,0.0619,0.0843,0.0787,0.2195,0.2009,0.1303,287.0,1.3623,227.1009,1.2714,0.9153,1.5418,0.5936,0.4722,1,4.6609,0.1685,Low Potential
21.685,80.34,0,Grid Point,0.0913,0.1168,0.1472,0.242,0.3131,0.2591,297.0,2.2001,245.0797,1.6123,1.2938,1.2084,1.0707,0.2436,1,4.0192,0.2955,Low Potential
21.685,80.355,0,Grid Point,0.0982,0.1363375,0.1726,0.2869,0.3748,0.2956,303.0,1.3623,47.1009,1.7576,1.3064,1.2679,1.0303,0.2487,1,3.919,0.2653,Low Potential
21.685,80.37,0,Grid Point,0.0633,0.0925,0.1166,0.2292,0.2782,0.1968,297.0,2.1055,331.7162,1.842,1.2138,1.4136,0.8586,0.3256,1,4.3974,0.3443,Low Potential
21.685,80.385,0,Grid Point,0.0759,0.1001,0.1323,0.2539,0.3672,0.2801,309.0,4.0919,103.0783,1.7431,1.4462,1.311,1.1032,0.3149,1,5.2999,0.4367,Moderate Potential
21.685,80.4,0,Grid Point,0.0545,0.0778,0.0909,0.2072,0.3048,0.2101,317.0,4.0807,132.8991,1.6679,1.471,1.4507,1.014,0.3901,0,6.451,0.2864,Low Potential
21.685,80.415,0,Grid Point,0.067,0.0856,0.1081,0.2132,0.3384,0.2521,315.0,1.3623,227.1009,1.6134,1.5872,1.3423,1.1825,0.3271,0,7.7406,0.5312,Moderate Potential
21.685,80.43,0,Grid Point,0.0572,0.0884,0.0999,0.221,0.288,0.1964,328.0,1.8543,0.0,1.7465,1.3032,1.4664,0.8887,0.3774,0,9.1099,0.2536,Low Potential
21.685,80.445,0,Grid Point,0.0454,0.058,0.0551,0.1995,0.1986,0.1073,339.0,0.0,0.0,1.2137,0.9955,1.8509,0.5378,0.5672,0,10.528,0.2371,Low Potential
21.685,80.46,0,Grid Point,0.0444,0.0647,0.0552,0.2278,0.2186,0.1284,340.0,3.1316,252.79,1.2432,0.9596,1.7025,0.5637,0.6099,0,11.9776,0.1997,Low Potential
21.685,80.475,0,Grid Point,0.0507,0.0728,0.055,0.2751,0.2069,0.1079,590.125,7.547549999999999,291.3681,1.0848,0.7521,1.9175,0.3922,0.6668,0,13.4484,0.3012,Low Potential
21.685,80.49,0,Grid Point,0.0305,0.05,0.0502,0.2284,0.2342,0.133,590.125,7.547549999999999,123.5736,1.6459,1.0254,1.7609,0.5823,0.6396,0,14.1823,0.3568,Moderate Potential
21.7,79.2,0,Grid Point,0.065,0.0869,0.0757,0.13885000000000003,0.1038,0.077,483.0,4.0923,76.9231,1.1637,1.2596,1.3487,0.9339,0.07343750000000004,0,32.7423,0.6044,Moderate Potential
21.7,79.215,0,Grid Point,0.0425,0.053,0.0322,0.13885000000000003,0.09513749999999997,0.017112500000000003,483.0,0.0,0.0,0.9781375000000002,0.5302,1.288,0.4116,0.07343750000000004,0,32.2896,0.5492,Moderate Potential
21.7,79.23,0,Grid Point,0.043,0.051,0.0312,0.13885000000000003,0.09513749999999997,0.017112500000000003,483.0,0.0,0.0,0.9781375000000002,0.5272,1.2599,0.4184,0.07343750000000004,0,31.9053,0.5598,Moderate Potential
21.7,79.245,0,Grid Point,0.0476,0.0598,0.0702,0.2058,0.2777,0.1736,498.0,4.7569,141.0894,1.4748,1.3494,1.6001,0.8433,0.4913,0,31.0978,0.1618,Low Potential
21.7,79.26,0,Grid Point,0.0424,0.0559,0.0644,0.1866,0.259,0.168,506.0,6.2452,287.2083,1.5195,1.3883,1.5415,0.9006,0.4871,0,29.8044,0.2217,Low Potential
21.7,79.275,0,Grid Point,0.0365,0.0542,0.0612,0.182,0.2455,0.1548,493.0,3.5182,121.775,1.6781,1.3493,1.5854,0.8511,0.4963,0,28.536,0.2435,Low Potential
21.7,79.29,0,Grid Point,0.0406,0.0558,0.0623,0.1847,0.246,0.155,485.0,3.8362,15.0598,1.5345,1.3316,1.5873,0.8389,0.4955,0,27.2961,0.1801,Low Potential
21.7,79.305,0,Grid Point,0.0425,0.0504,0.053,0.1916,0.2253,0.1394,490.0,3.1319,287.2083,1.2482,1.1762,1.6168,0.7275,0.5662,0,26.0889,0.2489,Low Potential
21.7,79.32,0,Grid Point,0.0455,0.0626,0.0782,0.2046,0.26,0.1694,503.0,3.5182,301.775,1.7176,1.2713,1.5351,0.8282,0.4471,0,24.919,0.2327,Low Potential
21.7,79.335,0,Grid Point,0.0446,0.0586,0.0629,0.2329,0.25,0.1504,490.0,3.4206,35.66,1.4087,1.0736,1.6631,0.6456,0.5747,0,23.7919,0.1509,Low Potential
21.7,79.35,0,Grid Point,0.0454,0.0588,0.0618,0.2252,0.2446,0.1516,477.0,7.3789,0.0,1.3597,1.0861,1.6143,0.6728,0.5694,0,22.714,0.1545,Low Potential
21.7,79.365,0,Grid Point,0.0402,0.0554,0.0565,0.214,0.2362,0.1436,444.0,2.1056,28.2863,1.4072,1.1038,1.6445,0.6712,0.5822,0,21.6927,0.1672,Low Potential
21.7,79.38,0,Grid Point,0.0417,0.0536,0.0538,0.1839,0.2474,0.1672,425.0,4.0809,132.8962,1.2902,1.345,1.4789,0.9095,0.5473,0,20.7363,0.201,Low Potential
21.7,79.395,0,Grid Point,0.0444,0.0638,0.065,0.2044,0.2726,0.1794,418.0,2.7232,132.8962,1.4651,1.3336,1.5198,0.8775,0.5173,0,19.8541,0.1445,Low Potential
21.7,79.41,0,Grid Point,0.054,0.0714,0.0813,0.1836,0.2876,0.1983,408.0,3.8362,164.9402,1.5056,1.566,1.4503,1.0798,0.3863,0,19.0566,0.1663,Low Potential
21.7,79.425,0,Grid Point,0.0459,0.057,0.0567,0.194,0.2346,0.1434,400.0,3.1319,287.2083,1.2353,1.2087,1.6362,0.7387,0.5478,0,18.3548,0.1965,Low Potential
21.7,79.44,0,Grid Point,0.0585,0.0768,0.082,0.2439,0.302,0.1966,394.0,2.9535,160.2642,1.4026,1.2382,1.5357,0.8063,0.4965,0,17.7599,0.1491,Low Potential
21.7,79.455,0,Grid Point,0.0504,0.064,0.0676,0.1902,0.2658,0.1734,393.0,1.3624,227.1038,1.3416,1.3981,1.5327,0.9122,0.4757,0,17.2831,0.1531,Low Potential
21.7,79.47,0,Grid Point,0.0511,0.0636,0.0738,0.1866,0.2702,0.1898,386.0,1.3624,312.8961,1.4442,1.448,1.4236,1.0171,0.4332,0,16.9343,0.1973,Low Potential
21.7,79.485,0,Grid Point,0.0412,0.0589,0.064,0.1926,0.2446,0.1616,379.0,2.9535,160.2642,1.5546,1.2697,1.5141,0.8386,0.501,0,16.7215,0.1698,Low Potential
21.7,79.5,0,Grid Point,0.0697,0.0918,0.0832,0.13885000000000003,0.1138,0.0776,376.0,1.3624,132.8962,1.193,1.1323,1.4665,0.7721,0.0945,0,16.65,0.3948,Moderate Potential
21.7,79.515,0,Grid Point,0.1013,0.1328,0.1624,0.2332,0.3414,0.3016,376.0,1.9957,270.0,1.5145,1.4637,1.132,1.293,0.1792,0,16.7215,0.3496,Low Potential
21.7,79.53,0,Grid Point,0.0519,0.0723,0.0846,0.2062,0.2993,0.2045,377.0,3.4206,144.34,1.631,1.4512,1.4636,0.9915,0.418,0,16.9343,0.2023,Low Potential
21.7,79.545,0,Grid Point,0.0678,0.0864,0.1172,0.224,0.352,0.2458,366.0,2.1056,28.2863,1.7281,1.5713,1.4326,1.0969,0.3129,0,17.2831,0.2649,Low Potential
21.7,79.56,0,Grid Point,0.0454,0.0614,0.0751,0.1948,0.2583,0.173,375.0,1.9957,270.0,1.656,1.3256,1.4931,0.8879,0.4436,0,17.7599,0.2127,Low Potential
21.7,79.575,0,Grid Point,0.0432,0.059,0.0704,0.205,0.2678,0.1713,376.0,1.3624,47.1038,1.6289,1.3063,1.5641,0.8352,0.4886,0,18.3548,0.1677,Low Potential
21.7,79.59,0,Grid Point,0.068,0.0954,0.129,0.2403,0.355,0.2655,369.0,1.3624,312.8961,1.8964,1.4773,1.3371,1.1049,0.3012,0,17.3894,0.3631,Moderate Potential
21.7,79.605,0,Grid Point,0.0533,0.0706,0.0929,0.2209,0.2976,0.1972,369.0,3.5182,238.225,1.743,1.3472,1.5091,0.8927,0.4079,0,15.9329,0.2449,Low Potential
21.7,79.62,0,Grid Point,0.0504,0.074,0.0774,0.2246,0.2706,0.1727,361.0,2.2003,245.082,1.5332,1.2045,1.5669,0.7688,0.4877,0,14.4946,0.1506,Low Potential
21.7,79.635,0,Grid Point,0.0578,0.0794,0.0962,0.2243,0.3202,0.2225,357.0,3.8362,195.0598,1.6621,1.4273,1.4389,0.992,0.3999,0,13.0808,0.28,Low Potential
21.7,79.65,0,Grid Point,0.087,0.1193,0.1656,0.2633,0.42003750000000006,0.3336125,345.0,0.9274,0.0,1.904,1.6466,1.238,1.33,0.2279,0,11.7001,0.2606,Low Potential
21.7,79.665,0,Grid Point,0.0468,0.0587,0.0748,0.1811,0.2771,0.1884,346.0,1.9957,90.0,1.5966,1.5301,1.4712,1.04,0.4154,0,10.3659,0.1734,Low Potential
21.7,79.68,0,Grid Point,0.0569,0.0798,0.0787,0.2146,0.2398,0.1618,344.0,2.7232,312.8961,1.3831,1.1177,1.4819,0.7542,0.4633,0,9.0987,0.1518,Low Potential
21.7,79.695,0,Grid Point,0.0594,0.0756,0.0853,0.1668,0.2266,0.1567,346.0,2.7232,312.8961,1.4364,1.3592,1.4464,0.9397,0.3234,0,7.9306,0.2827,Low Potential
21.7,79.71,0,Grid Point,0.1013,0.1342,0.1674,0.2741,0.3206,0.269,339.0,2.992,270.0,1.6481,1.1696,1.192,0.9812,0.2415,0,6.9121,0.302,Low Potential
21.7,79.725,0,Grid Point,0.05,0.0626,0.0751,0.2116,0.2962,0.1904,338.0,2.2003,245.082,1.5035,1.3995,1.5553,0.8998,0.4762,0,6.1183,0.1947,Low Potential
21.7,79.74,0,Grid Point,0.0784,0.1048,0.13,0.2436,0.2932,0.2118,342.0,2.7232,227.1038,1.6586,1.2037,1.3841,0.8696,0.3041,0,5.6448,0.426,Moderate Potential
21.7,79.755,0,Grid Point,0.0765,0.1008,0.1346,0.2512,0.3671,0.2673,352.0,0.9981,270.0,1.7595,1.4616,1.3733,1.0643,0.3022,0,5.5738,0.3895,Moderate Potential
21.7,79.77,0,Grid Point,0.0619,0.0849,0.1016,0.2242,0.2934,0.2006,353.0,2.2003,114.918,1.6414,1.3087,1.462,0.8952,0.3762,0,5.92,0.3601,Moderate Potential
21.7,79.785,0,Grid Point,0.0546,0.0802,0.0776,0.2382,0.2393,0.1514,354.0,2.2003,65.082,1.4222,1.0048,1.5811,0.6355,0.5082,0,6.618,0.1417,Low Potential
21.7,79.8,0,Grid Point,0.074,0.102,0.1254,0.2678,0.3369,0.2383,350.0,2.992,90.0,1.6953,1.258,1.4138,0.8898,0.362,0,7.5713,0.5563,Moderate Potential
21.7,79.815,0,Grid Point,0.067,0.0922,0.1128,0.2398,0.3064,0.2146,344.0,0.9274,180.0,1.6831,1.2777,1.4281,0.8947,0.36,0,8.6963,0.4066,Moderate Potential
21.7,79.83,0,Grid Point,0.0524,0.0717,0.08,0.2094,0.263,0.1754,340.0,0.9981,90.0,1.5267,1.256,1.4999,0.8374,0.4471,0,9.9348,0.1587,Low Potential
21.7,79.845,0,Grid Point,0.0472,0.0704,0.0774,0.2249,0.2338,0.148,333.0,0.0,0.0,1.6398,1.0398,1.5801,0.6581,0.4879,0,11.2494,0.1775,Low Potential
21.7,79.86,0,Grid Point,0.06,0.0868,0.0946,0.251,0.3041,0.2004,325.0,0.0,0.0,1.5754,1.2115,1.5173,0.7984,0.4526,0,12.6163,0.1717,Low Potential
21.7,79.875,0,Grid Point,0.0574,0.0776,0.0838,0.2404,0.2351,0.1612,333.0,3.1319,287.2083,1.4603,0.9778,1.458,0.6706,0.4833,1,14.0203,0.1648,Low Potential
21.7,79.89,0,Grid Point,0.0556,0.0846,0.0782,0.2384,0.1648,0.093,319.0,3.4206,144.34,1.4065,0.6913,1.7735,0.3898,0.5061,1,15.4512,0.3493,Low Potential
21.7,79.905,0,Grid Point,0.052,0.073,0.0721,0.1968,0.1574,0.098,320.0,0.9274,0.0,1.3865,0.7998,1.6069,0.4977,0.4637,1,16.9022,0.2561,Low Potential
21.7,79.92,0,Grid Point,0.0578,0.0766,0.0988,0.2089,0.2962,0.2078,332.0,2.2003,294.918,1.7117,1.4177,1.4252,0.9947,0.3576,1,16.0669,0.3032,Low Potential
21.7,79.935,0,Grid Point,0.051,0.0722,0.0636,0.2144,0.1378,0.0795,323.0,2.7803,0.0,1.2493,0.6427,1.7344,0.3706,0.5422,1,14.804,0.4628,Moderate Potential
21.7,79.95,0,Grid Point,0.0486,0.063,0.0725,0.1876,0.2676,0.1796,321.0,4.2055,151.7137,1.4902,1.4264,1.49,0.9574,0.4425,1,13.5994,0.2272,Low Potential
21.7,79.965,0,Grid Point,0.0489,0.0764,0.0588,0.2332,0.1421,0.0746,305.0,2.9535,19.7358,1.2035,0.6095,1.9048,0.32,0.5969,1,12.4701,0.5446,Moderate Potential
21.7,79.98,0,Grid Point,0.0635,0.0963,0.093,0.2676,0.2672,0.1812,295.0,0.0,0.0,1.4638,0.9983,1.475,0.6768,0.4845,1,11.4385,0.1464,Low Potential
21.7,79.995,0,Grid Point,0.0474,0.0726,0.0688,0.2405,0.224,0.1447,287.0,1.3624,312.8961,1.4515,0.9314,1.548,0.6017,0.5551,1,10.5331,0.155,Low Potential
21.7,80.01,0,Grid Point,0.0646,0.0936,0.1022,0.2096,0.2706,0.1954,282.0,3.8362,164.9402,1.582,1.2913,1.3852,0.9322,0.3443,1,9.7892,0.5944,Moderate Potential
21.7,80.025,0,Grid Point,0.058,0.0872,0.0918,0.2712,0.2708,0.1784,302.0,6.7812,132.8962,1.5828,0.9982,1.5181,0.6575,0.4943,1,9.2458,0.2016,Low Potential
21.7,80.04,0,Grid Point,0.0713,0.0936,0.118,0.2314,0.3195,0.2293,296.0,2.2003,294.918,1.655,1.3804,1.3934,0.9907,0.3247,1,8.9395,0.5937,Moderate Potential
21.7,80.055,0,Grid Point,0.0649,0.0868,0.1073,0.2383,0.2817,0.1922,300.0,1.8543,180.0,1.6533,1.1821,1.4657,0.8065,0.3791,1,8.8949,0.1854,Low Potential
21.7,80.07,0,Grid Point,0.0628,0.088,0.1063,0.2332,0.273,0.1859,300.0,2.1056,151.7137,1.6927,1.1707,1.4685,0.7972,0.3738,1,9.1158,0.1978,Low Potential
21.7,80.085,0,Grid Point,0.093,0.126,0.1537,0.2713,0.3723,0.2906,305.0,3.4206,144.34,1.6529,1.3723,1.2811,1.0711,0.2768,1,9.5839,0.2584,Low Potential
21.7,80.1,0,Grid Point,0.1013,0.1363375,0.1651,0.2483,0.2803,0.242,308.0,0.0,0.0,1.4767,1.1289,1.1584,0.9745,0.2013,1,10.2653,0.3268,Low Potential
21.7,80.115,0,Grid Point,0.0654,0.0878,0.1086,0.2274,0.2766,0.1966,303.0,1.9957,90.0,1.6606,1.2161,1.4067,0.8646,0.3536,1,11.121,0.4233,Moderate Potential
21.7,80.13,0,Grid Point,0.0712,0.0936,0.1207,0.2408,0.2912,0.1884,304.0,1.9957,90.0,1.6952,1.2093,1.5456,0.7824,0.3322,1,12.1141,0.2554,Low Potential
21.7,80.145,0,Grid Point,0.0711,0.0956,0.1184,0.2239,0.2741,0.1996,299.0,1.3624,132.8962,1.6653,1.2242,1.3732,0.8915,0.3082,1,13.2137,0.5912,Moderate Potential
21.7,80.16,0,Grid Point,0.0669,0.0878,0.0994,0.2194,0.2293,0.162,297.0,0.9981,90.0,1.4858,1.0451,1.4154,0.7384,0.3764,1,14.3953,0.201,Low Potential
21.7,80.175,0,Grid Point,0.0658,0.0871,0.1016,0.2182,0.2702,0.1804,294.0,1.3624,312.8961,1.5441,1.2383,1.4978,0.8268,0.3646,1,15.6403,0.2849,Low Potential
21.7,80.19,0,Grid Point,0.07,0.087,0.1015,0.194,0.2714,0.2074,288.0,3.4206,35.66,1.45,1.399,1.3086,1.0691,0.313,1,16.9349,0.529,Moderate Potential
21.7,80.205,0,Grid Point,0.0832,0.1094,0.1321,0.243,0.2421,0.184,295.0,2.1056,331.7137,1.5877,0.9963,1.3158,0.7572,0.2957,1,15.9329,0.2942,Low Potential
21.7,80.22,0,Grid Point,0.0586,0.0731,0.057,0.2491,0.1352,0.0691,296.0,2.7232,132.8962,0.9781375000000002,0.5428,1.9566,0.2774,0.6276,1,14.4946,0.5553,Moderate Potential
21.7,80.235,0,Grid Point,0.062,0.0797,0.0739,0.2048,0.2077,0.1329,292.0,2.2003,65.082,1.1919,1.0142,1.5628,0.6489,0.4697,1,13.0808,0.169,Low Potential
21.7,80.25,0,Grid Point,0.0788,0.1058,0.1238,0.188,0.2282,0.1843,284.0,4.3941,245.082,1.5711,1.2138,1.2382,0.9803,0.2059,1,11.7001,0.4686,Moderate Potential
21.7,80.265,0,Grid Point,0.0575,0.085,0.0838,0.2683,0.2416,0.1601,296.0,2.1056,208.2863,1.4574,0.9005,1.5091,0.5967,0.524,1,10.3659,0.1452,Low Potential
21.7,80.28,0,Grid Point,0.0603,0.0851,0.0828,0.2508,0.2544,0.1632,294.0,3.1319,72.7917,1.3731,1.0144,1.5588,0.6507,0.5036,1,9.0987,0.1634,Low Potential
21.7,80.295,0,Grid Point,0.0972,0.1363375,0.18015,0.2764,0.42003750000000006,0.3336125,311.0,7.547549999999999,322.4481,2.0526375,1.6046,1.2461,1.2876,0.1391,1,7.9306,0.2668,Low Potential
21.7,80.31,0,Grid Point,0.0654,0.09,0.1,0.2422,0.2862,0.2038,297.0,2.7232,312.8961,1.5291,1.1817,1.4043,0.8415,0.4155,1,6.9121,0.3372,Low Potential
21.7,80.325,0,Grid Point,0.073,0.1079,0.137,0.2285,0.2922,0.2267,300.0,2.1056,151.7137,1.8767,1.2788,1.2889,0.9921,0.2503,1,6.1183,0.4464,Moderate Potential
21.7,80.34,0,Grid Point,0.073,0.1062,0.1265,0.2813,0.3512,0.2698,294.0,1.9957,90.0,1.7329,1.2485,1.3017,0.9591,0.3796,1,5.6448,0.3528,Moderate Potential
21.7,80.355,0,Grid Point,0.0724,0.1014,0.1149,0.256,0.2618,0.1888,295.0,4.7329,167.8522,1.587,1.0227,1.3867,0.7375,0.3804,1,5.5738,0.2803,Low Potential
21.7,80.37,0,Grid Point,0.0811,0.1091,0.1287,0.2874,0.3691,0.2741,301.0,1.3624,47.1038,1.5869,1.2843,1.3466,0.9537,0.3814,1,5.92,0.3856,Moderate Potential
21.7,80.385,0,Grid Point,0.0474,0.0752,0.0667,0.2748,0.1555,0.0889,291.0,1.8543,0.0,1.4072,0.5659,1.7492,0.3235,0.6094,1,6.618,0.4423,Moderate Potential
21.7,80.4,0,Grid Point,0.0425,0.0708,0.0563,0.2661,0.1722,0.0964,299.0,5.5034,212.8529,1.3247,0.6471,1.7863,0.3623,0.6507,1,7.5713,0.5091,Moderate Potential
21.7,80.415,0,Grid Point,0.0904,0.1292,0.169,0.2216,0.2797,0.238,305.0,3.4206,324.34,1.8695,1.2622,1.1752,1.074,0.1347,1,8.6963,0.3979,Moderate Potential
21.7,80.43,0,Grid Point,0.0599,0.0802,0.0989,0.2116,0.295,0.2242,340.0,5.0634,79.473,1.6511,1.3941,1.3158,1.0595,0.363,0,9.9348,0.6337,Moderate Potential
21.7,80.445,0,Grid Point,0.048,0.0672,0.0657,0.2069,0.219,0.1362,331.0,1.3624,227.1038,1.3688,1.0585,1.6079,0.6583,0.518,0,11.2494,0.1396,Low Potential
21.7,80.46,0,Grid Point,0.0427,0.0602,0.0568,0.206,0.209,0.1206,339.0,4.0923,256.9231,1.3302,1.0146,1.733,0.5854,0.5677,0,12.6163,0.2296,Low Potential
21.7,80.475,0,Grid Point,0.0495,0.0713,0.0596,0.2561,0.1841,0.0929,590.125,7.1917,284.8672,1.204,0.7189,1.9758749999999998,0.3627,0.6224,0,13.5235,0.4561,Moderate Potential
21.7,80.49,0,Grid Point,0.0773,0.1044,0.1349,0.2308,0.3883,0.2834,590.125,4.0809,47.1038,1.7451,1.6824,1.3701,1.2279,0.2622,0,12.7044,0.3617,Moderate Potential
21.715,79.2,0,Grid Point,0.0472,0.0563,0.036,0.13885000000000003,0.09513749999999997,0.017112500000000003,484.0,5.6355,169.8295,0.9781375000000002,0.656,1.3143,0.4991,0.07343750000000004,0,34.3267,0.5639,Moderate Potential
21.715,79.215,0,Grid Point,0.0891,0.1165,0.1142,0.31765,0.2976,0.1914,483.0,0.0,0.0,1.2817,0.8981,1.5549,0.5776,0.4874,0,33.8952,0.1753,Low Potential
21.715,79.23,0,Grid Point,0.0478,0.0596,0.0314,0.13885000000000003,0.09513749999999997,0.017112500000000003,483.0,0.0,0.0,0.9781375000000002,0.5842,1.2228,0.4777,0.07343750000000004,0,33.2992,0.5118,Moderate Potential
21.715,79.245,0,Grid Point,0.043,0.0529,0.0315,0.13885000000000003,0.09513749999999997,0.017112500000000003,483.0,0.0,0.0,0.9781375000000002,0.6218,1.2895,0.4822,0.07343750000000004,0,32.0201,0.5399,Moderate Potential
21.715,79.26,0,Grid Point,0.0403,0.0504,0.0266,0.13885000000000003,0.09513749999999997,0.017112500000000003,483.0,0.0,0.0,0.9781375000000002,0.8817,1.010475,0.874,0.07343750000000004,0,30.7655,0.5589,Moderate Potential
21.715,79.275,0,Grid Point,0.0695,0.1019,0.1044,0.257,0.3176,0.2272,489.0,4.2056,28.2888,1.5029,1.2358,1.3978,0.8841,0.4221,0,29.5384,0.4238,Moderate Potential
21.715,79.29,0,Grid Point,0.0381,0.0534,0.0547,0.2003,0.2316,0.1465,505.0,2.1056,208.2888,1.4357,1.156,1.5805,0.7314,0.571,0,28.3425,0.1852,Low Potential
21.715,79.305,0,Grid Point,0.0396,0.0489,0.055,0.1969,0.2356,0.1414,499.0,5.0639,100.5259,1.3902,1.1962,1.6662,0.7179,0.5631,0,27.1817,0.2354,Low Potential
21.715,79.32,0,Grid Point,0.045,0.0562,0.0565,0.2098,0.2529,0.1578,483.0,3.8362,15.0613,1.2542,1.2057,1.6027,0.7523,0.5756,0,26.0609,0.1753,Low Potential
21.715,79.335,0,Grid Point,0.0442,0.056,0.0584,0.1992,0.251,0.1604,460.0,2.1056,331.7112,1.3186,1.2598,1.564,0.8055,0.5469,0,24.9854,0.1733,Low Potential
21.715,79.35,0,Grid Point,0.0492,0.06,0.0582,0.1958,0.2484,0.1662,452.0,5.5035,32.8556,1.1829,1.2686,1.4946,0.8488,0.5417,0,23.9613,0.1916,Low Potential
21.715,79.365,0,Grid Point,0.0495,0.0694,0.0664,0.173,0.1704,0.1068,433.0,7.547549999999999,109.2077,1.3401,0.985,1.5955,0.6173,0.4453,0,22.9954,0.2133,Low Potential
21.715,79.38,0,Grid Point,0.0414,0.0512,0.0551,0.184,0.2472,0.1584,433.0,2.1056,28.2888,1.3309,1.3432,1.5608,0.8606,0.5391,0,22.0954,0.1733,Low Potential
21.715,79.395,0,Grid Point,0.0452,0.0578,0.0642,0.1754,0.2488,0.1658,427.0,2.1056,151.7112,1.4188,1.4188,1.5009,0.9453,0.4641,0,21.2698,0.1414,Low Potential
21.715,79.41,0,Grid Point,0.05,0.0733,0.074,0.216,0.2542,0.162,424.0,4.0927,256.9244,1.4825,1.1774,1.5694,0.7502,0.4893,0,20.5274,0.168,Low Potential
21.715,79.425,0,Grid Point,0.044,0.0592,0.0578,0.1931,0.2319,0.1417,419.0,2.9923,90.0,1.311,1.2006,1.6366,0.7336,0.5397,0,19.8775,0.1406,Low Potential
21.715,79.44,0,Grid Point,0.0583,0.076,0.1026,0.2266,0.336,0.2514,410.0,0.9982,270.0,1.7607,1.4822,1.3363,1.1092,0.3766,0,19.3296,0.3739,Moderate Potential
21.715,79.455,0,Grid Point,0.0489,0.0652,0.075,0.1968,0.2807,0.1869,384.0,3.1322,72.7934,1.5337,1.4267,1.5019,0.9499,0.448,0,18.8924,0.16,Low Potential
21.715,79.47,0,Grid Point,0.0475,0.0586,0.0632,0.1885,0.2638,0.1679,392.0,2.1056,28.2888,1.3305,1.3995,1.5707,0.891,0.4978,0,18.5738,0.1444,Low Potential
21.715,79.485,0,Grid Point,0.0638,0.084,0.1188,0.2154,0.3564,0.2674,390.0,5.036,156.7055,1.8606,1.655,1.3328,1.2417,0.2889,0,18.3801,0.4313,Moderate Potential
21.715,79.5,0,Grid Point,0.0587,0.0772,0.0999,0.2284,0.3235,0.2292,376.0,4.9791,90.0,1.7019,1.4167,1.4114,1.0037,0.3913,0,18.315,0.367,Moderate Potential
21.715,79.515,0,Grid Point,0.0452,0.0618,0.068,0.217,0.2753,0.1742,379.0,3.1322,287.2066,1.505,1.2684,1.5804,0.8026,0.5232,0,18.3801,0.1871,Low Potential
21.715,79.53,0,Grid Point,0.0537,0.0709,0.0826,0.1952,0.3134,0.2136,398.0,0.9274,0.0,1.5391,1.6058,1.4671,1.0945,0.4051,0,18.5738,0.1681,Low Potential
21.715,79.545,0,Grid Point,0.0458,0.0624,0.0741,0.1872,0.2678,0.181,384.0,1.3624,227.1068,1.619,1.4299,1.4793,0.9666,0.4327,0,18.8924,0.1562,Low Potential
21.715,79.56,0,Grid Point,0.0442,0.061,0.063,0.212,0.2452,0.1494,397.0,4.6274,0.0,1.4281,1.1569,1.6412,0.7049,0.5415,0,19.3296,0.1532,Low Potential
21.715,79.575,0,Grid Point,0.0543,0.0726,0.0914,0.1988,0.2974,0.2133,389.0,2.1056,151.7112,1.6832,1.4966,1.3945,1.0732,0.37,0,19.4154,0.3278,Low Potential
21.715,79.59,0,Grid Point,0.0632,0.0833,0.1116,0.2212,0.3399,0.2646,385.0,1.3624,227.1068,1.765,1.5366,1.2848,1.196,0.3295,0,17.9902,0.4143,Moderate Potential
21.715,79.605,0,Grid Point,0.0472,0.0627,0.071,0.1958,0.2673,0.1853,369.0,2.9923,90.0,1.5016,1.3655,1.4421,0.9469,0.4679,0,16.5865,0.1641,Low Potential
21.715,79.62,0,Grid Point,0.0502,0.0693,0.079,0.215,0.2671,0.1809,361.0,2.7233,47.1068,1.5763,1.2426,1.4765,0.8416,0.4622,0,15.2101,0.1553,Low Potential
21.715,79.635,0,Grid Point,0.0416,0.0572,0.0671,0.1796,0.2658,0.1704,358.0,3.1322,72.7934,1.613,1.4797,1.5596,0.9488,0.456,0,13.8694,0.2179,Low Potential
21.715,79.65,0,Grid Point,0.0507,0.066,0.078,0.1844,0.283,0.1952,350.0,2.2005,245.0843,1.5394,1.5349,1.4499,1.0586,0.4051,0,12.5756,0.1791,Low Potential
21.715,79.665,0,Grid Point,0.0556,0.0701,0.0896,0.2012,0.3058,0.2144,340.0,1.3624,132.8932,1.6139,1.5205,1.4269,1.0656,0.3834,0,11.3449,0.2164,Low Potential
21.715,79.68,0,Grid Point,0.0895,0.1148,0.1495,0.2519,0.42003750000000006,0.326,345.0,3.1322,252.7934,1.6704,1.6767,1.2956,1.2942,0.2551,0,10.2,0.265,Low Potential
21.715,79.695,0,Grid Point,0.0642,0.0878,0.1172,0.2164,0.379,0.2913,338.0,0.9982,90.0,1.8277,1.7518,1.3011,1.3464,0.2971,0,9.1732,0.4905,Moderate Potential
21.715,79.71,0,Grid Point,0.0489,0.0641,0.0798,0.1847,0.2758,0.1844,349.0,2.1056,28.2888,1.6319,1.493,1.4954,0.9984,0.3966,0,8.3085,0.205,Low Potential
21.715,79.725,0,Grid Point,0.0464,0.0636,0.064,0.1901,0.264,0.171,338.0,1.3624,132.8932,1.3789,1.389,1.5437,0.8998,0.496,0,7.6607,0.1725,Low Potential
21.715,79.74,0,Grid Point,0.08,0.1148,0.1618,0.2633,0.37,0.2938,342.0,2.1056,151.7112,2.0225,1.405,1.2591,1.1158,0.2389,0,7.2881,0.249,Low Potential
21.715,79.755,0,Grid Point,0.0507,0.074,0.0729,0.2357,0.2262,0.1458,355.0,1.3624,47.1068,1.4379,0.9595,1.5506,0.6188,0.5275,0,7.2334,0.1458,Low Potential
21.715,79.77,0,Grid Point,0.0532,0.0766,0.0573,0.2718,0.2398,0.1406,350.0,1.8543,0.0,1.0761,0.8821,1.7046,0.5175,0.6518,0,7.5033,0.2005,Low Potential
21.715,79.785,0,Grid Point,0.0714,0.097,0.1085,0.2678,0.3193,0.2149,339.0,2.2005,65.0843,1.5196,1.1925,1.4858,0.8026,0.4233,0,8.0655,0.1956,Low Potential
21.715,79.8,0,Grid Point,0.0708,0.0969,0.1134,0.2471,0.2974,0.2082,343.0,1.3624,47.1068,1.6024,1.2036,1.4284,0.8426,0.3707,0,8.8645,0.2011,Low Potential
21.715,79.815,0,Grid Point,0.0662,0.0882,0.111,0.2246,0.3262,0.2325,344.0,2.2005,245.0843,1.676,1.4525,1.4028,1.0354,0.3386,0,9.8427,0.5668,Moderate Potential
21.715,79.83,0,Grid Point,0.0677,0.0897,0.1067,0.2516,0.312,0.2166,338.0,2.9535,19.7377,1.5761,1.2401,1.4408,0.8607,0.4044,0,10.9523,0.2478,Low Potential
21.715,79.845,0,Grid Point,0.079,0.1037,0.1316,0.2286,0.2908,0.2402,335.0,0.9274,0.0,1.6662,1.2719,1.2102,1.051,0.2695,0,12.1574,0.5534,Moderate Potential
21.715,79.86,0,Grid Point,0.0735,0.0958,0.1133,0.249,0.3308,0.2316,330.0,0.9274,180.0,1.5415,1.328,1.4278,0.9301,0.3746,0,13.4322,0.36,Moderate Potential
21.715,79.875,0,Grid Point,0.0822,0.1092,0.1293,0.2469,0.3604,0.2703,328.0,1.3624,312.8932,1.572,1.4599,1.3335,1.0948,0.3126,0,14.7588,0.4411,Moderate Potential
21.715,79.89,0,Grid Point,0.0616,0.084,0.0905,0.2156,0.2418,0.1612,324.0,4.2056,208.2888,1.468,1.1213,1.4995,0.7477,0.4088,0,16.1243,0.1886,Low Potential
21.715,79.905,0,Grid Point,0.064,0.0894,0.0974,0.2278,0.2392,0.1724,316.0,2.2005,65.0843,1.5227,1.0496,1.3868,0.7569,0.4009,1,16.5865,0.2901,Low Potential
21.715,79.92,0,Grid Point,0.0664,0.0866,0.1119,0.2206,0.329,0.2452,319.0,0.0,0.0,1.6852,1.4915,1.3413,1.112,0.3268,1,15.2101,0.6385,Moderate Potential
21.715,79.935,0,Grid Point,0.0947,0.1254,0.1585,0.2642,0.3756,0.3185,326.0,0.9274,180.0,1.6737,1.4219,1.1793,1.2058,0.25,1,13.8694,0.3115,Low Potential
21.715,79.95,0,Grid Point,0.0452,0.062,0.0488,0.2311,0.1871,0.1022,341.0,4.2056,331.7112,1.0773,0.8096,1.8307,0.4422,0.6516,1,12.5756,0.3373,Low Potential
21.715,79.965,0,Grid Point,0.069,0.0942,0.1204,0.245,0.3461,0.258,317.0,0.9274,180.0,1.7455,1.4127,1.3415,1.0531,0.3412,1,11.3449,0.528,Moderate Potential
21.715,79.98,0,Grid Point,0.0813,0.1094,0.1449,0.2478,0.3044,0.2376,296.0,1.9959,270.0,1.7823,1.2289,1.2811,0.9592,0.2619,1,10.2,0.2816,Low Potential
21.715,79.995,0,Grid Point,0.056,0.0855,0.0934,0.2513,0.2589,0.1652,296.0,2.1056,208.2888,1.6693,1.0302,1.5667,0.6576,0.4581,1,9.1732,0.1674,Low Potential
21.715,80.01,0,Grid Point,0.0572,0.0756,0.0866,0.226,0.2452,0.1651,295.0,2.2005,114.9157,1.5162,1.085,1.4849,0.7307,0.4456,1,8.3085,0.1442,Low Potential
21.715,80.025,0,Grid Point,0.0806,0.111,0.1326,0.2697,0.3608,0.2612,289.0,2.2005,65.0843,1.6448,1.338,1.3815,0.9685,0.3406,1,7.6607,0.3808,Moderate Potential
21.715,80.04,0,Grid Point,0.1013,0.1363375,0.18015,0.2711,0.367,0.3073,298.0,2.9535,160.2623,1.8775,1.3536,1.1941,1.1335,0.1471,1,7.2881,0.2375,Low Potential
21.715,80.055,0,Grid Point,0.0608,0.0883,0.0948,0.2507,0.2769,0.1899,296.0,1.3624,227.1068,1.5592,1.1047,1.4584,0.7575,0.4512,1,7.2334,0.1412,Low Potential
21.715,80.07,0,Grid Point,0.079,0.1022,0.134,0.2452,0.3686,0.2738,307.0,1.3624,132.8932,1.6979,1.5033,1.3462,1.1166,0.2931,1,7.5033,0.3983,Moderate Potential
21.715,80.085,0,Grid Point,0.0645,0.0864,0.0894,0.2288,0.2745,0.1782,303.0,2.2005,65.0843,1.3853,1.1995,1.5397,0.7791,0.4383,1,8.0655,0.1608,Low Potential
21.715,80.1,0,Grid Point,0.0686,0.0926,0.0995,0.2177,0.2435,0.1772,313.0,2.1056,28.2888,1.4504,1.1185,1.3742,0.814,0.3726,1,8.8645,0.3482,Low Potential
21.715,80.115,0,Grid Point,0.0725,0.0958,0.1128,0.2227,0.2814,0.1966,312.0,1.8543,180.0,1.5559,1.2638,1.4312,0.883,0.3276,1,9.8427,0.3479,Low Potential
21.715,80.13,0,Grid Point,0.0724,0.0969,0.0978,0.2662,0.2995,0.2161,314.0,1.3624,132.8932,1.3508,1.1253,1.3859,0.8119,0.4626,1,10.9523,0.2804,Low Potential
21.715,80.145,0,Grid Point,0.0778,0.1009,0.1136,0.243,0.295,0.2087,301.0,2.7803,0.0,1.4617,1.214,1.4133,0.859,0.3626,1,12.1574,0.3001,Low Potential
21.715,80.16,0,Grid Point,0.0538,0.0724,0.0642,0.2497,0.221,0.1372,287.0,4.3945,245.0843,1.1922,0.8849,1.6104,0.5495,0.591,1,13.4322,0.2048,Low Potential
21.715,80.175,0,Grid Point,0.0536,0.0681,0.0702,0.1811,0.22,0.1415,291.0,2.1056,151.7112,1.3109,1.2151,1.5551,0.7813,0.4413,1,14.7588,0.1513,Low Potential
21.715,80.19,0,Grid Point,0.0662,0.085,0.0896,0.2282,0.2754,0.1862,293.0,1.3624,227.1068,1.3517,1.2064,1.4784,0.816,0.4364,1,16.1243,0.1635,Low Potential
21.715,80.205,0,Grid Point,0.0638,0.083,0.0809,0.242,0.186,0.1231,295.0,2.9923,90.0,1.269,0.7686,1.511,0.5087,0.4989,1,16.5865,0.1845,Low Potential
21.715,80.22,0,Grid Point,0.0635,0.088,0.0906,0.1937,0.1084,0.0606,293.0,0.9982,270.0,1.4279,0.5599,1.7896,0.3129,0.3626,1,15.2101,0.5623,Moderate Potential
21.715,80.235,0,Grid Point,0.0722,0.0954,0.0904,0.2242,0.1772,0.1138,294.0,1.9959,90.0,1.2512,0.7906,1.5576,0.5076,0.4253,1,13.8694,0.2014,Low Potential
21.715,80.25,0,Grid Point,0.0601,0.0834,0.0707,0.2138,0.1359,0.0791,292.0,2.1056,208.2888,1.1764,0.6357,1.7187,0.3699,0.5031,1,12.5756,0.4941,Moderate Potential
21.715,80.265,0,Grid Point,0.069,0.0956,0.1039,0.2486,0.2646,0.1829,295.0,0.9274,180.0,1.5047,1.0644,1.4467,0.7357,0.4105,1,11.3449,0.1372,Low Potential
21.715,80.28,0,Grid Point,0.0576,0.077,0.0728,0.2064,0.2165,0.134,299.0,0.9982,90.0,1.2641,1.0489,1.6157,0.6492,0.4788,1,10.2,0.158,Low Potential
21.715,80.295,0,Grid Point,0.0619,0.0862,0.0907,0.2294,0.2038,0.1383,297.0,2.1056,151.7112,1.4653,0.8886,1.4736,0.603,0.4332,1,9.1732,0.1479,Low Potential
21.715,80.31,0,Grid Point,0.0686,0.0946,0.105,0.2205,0.1578,0.0971,294.0,4.8555,235.1321,1.5288,0.7156,1.6251,0.4404,0.355,1,8.3085,0.3851,Moderate Potential
21.715,80.325,0,Grid Point,0.0812,0.1078,0.1212,0.2833,0.3273,0.2368,298.0,1.8543,180.0,1.4932,1.1553,1.3825,0.8357,0.4006,1,7.6607,0.2302,Low Potential
21.715,80.34,0,Grid Point,0.0694,0.0928,0.105,0.2568,0.3162,0.2186,299.0,4.0927,103.0756,1.513,1.2314,1.4462,0.8514,0.4195,1,7.2881,0.2761,Low Potential
21.715,80.355,0,Grid Point,0.0836,0.1108,0.1335,0.2481,0.3234,0.239,304.0,2.7803,0.0,1.5963,1.3037,1.3533,0.9633,0.3005,1,7.2334,0.4039,Moderate Potential
21.715,80.37,0,Grid Point,0.057,0.0816,0.0757,0.1893,0.1175,0.0672,306.0,1.3624,312.8932,1.3281,0.6207,1.7472,0.3553,0.4287,1,7.5033,0.5173,Moderate Potential
21.715,80.385,0,Grid Point,0.064,0.0898,0.1088,0.2288,0.3242,0.2266,309.0,1.8543,0.0,1.6995,1.4167,1.4308,0.9902,0.3552,1,8.0655,0.3572,Moderate Potential
21.715,80.4,0,Grid Point,0.0456,0.0626,0.0628,0.204,0.2281,0.1415,305.0,1.9959,270.0,1.3761,1.1179,1.612,0.6935,0.5296,1,8.8645,0.1626,Low Potential
21.715,80.415,0,Grid Point,0.0454,0.0629,0.057,0.229,0.2068,0.1209,311.0,0.9982,90.0,1.258,0.9031,1.7109,0.5278,0.6012,1,9.8427,0.1975,Low Potential
21.715,80.43,0,Grid Point,0.0519,0.0711,0.0706,0.2408,0.2708,0.1807,303.0,6.0968,319.268,1.3613,1.1248,1.4986,0.7506,0.5462,1,10.9523,0.206,Low Potential
21.715,80.445,0,Grid Point,0.0544,0.0686,0.0714,0.2074,0.2512,0.1608,315.0,0.9982,90.0,1.3146,1.2107,1.5624,0.7749,0.4876,0,12.1574,0.1447,Low Potential
21.715,80.46,0,Grid Point,0.0558,0.079,0.0816,0.2261,0.27,0.1703,317.0,2.7233,47.1068,1.4615,1.1944,1.5862,0.753,0.4699,0,13.2269,0.1389,Low Potential
21.715,80.475,0,Grid Point,0.0445,0.0601,0.0554,0.2176,0.213,0.118,346.0,3.5185,238.2277,1.2463,0.9786,1.8047,0.5423,0.5941,0,12.194,0.2183,Low Potential
21.715,80.49,0,Grid Point,0.0496,0.0626,0.0526,0.2533,0.2014,0.1003,590.125,7.547549999999999,288.0126,1.0595,0.7953,1.9758749999999998,0.396,0.6564,0,11.2788,0.3321,Low Potential
21.73,79.2,0,Grid Point,0.0681,0.0951,0.1212,0.2053,0.2913,0.2248,501.0,4.7572,218.9165,1.7797,1.4189,1.2958,1.095,0.2576,0,35.9185,0.4316,Moderate Potential
21.73,79.215,0,Grid Point,0.0485,0.0651,0.0366,0.13885000000000003,0.09513749999999997,0.017112500000000003,483.0,0.0,0.0,0.9781375000000002,0.6633,1.0612,0.625,0.07343750000000004,0,35.5063,0.5083,Moderate Potential
21.73,79.23,0,Grid Point,0.0452,0.0562,0.0354,0.13885000000000003,0.09513749999999997,0.017112500000000003,483.0,0.0,0.0,0.9781375000000002,0.5947,1.2081,0.4922,0.07343750000000004,0,34.2432,0.5174,Moderate Potential
21.73,79.245,0,Grid Point,0.0824,0.118,0.121,0.3049,0.3268,0.2253,489.0,1.3625,47.1098,1.4687,1.0718,1.4505,0.7389,0.432,0,33.0008,0.1725,Low Potential
21.73,79.26,0,Grid Point,0.0515,0.0619,0.058,0.1441,0.207,0.1346,488.0,6.1955,306.6179,1.1272,1.4362,1.5375,0.9341,0.4257,0,31.7849,0.2623,Low Potential
21.73,79.275,0,Grid Point,0.046,0.0672,0.0718,0.2154,0.2662,0.1677,513.0,4.7572,321.0835,1.5626,1.2356,1.5874,0.7784,0.5001,0,30.5987,0.2001,Low Potential
21.73,79.29,0,Grid Point,0.0396,0.0544,0.062,0.203,0.2275,0.1372,498.0,2.7235,132.8902,1.5657,1.1207,1.6576,0.6761,0.5321,0,29.4458,0.1749,Low Potential
21.73,79.305,0,Grid Point,0.043,0.0555,0.0627,0.2084,0.2467,0.1536,474.0,3.1325,107.2049,1.4581,1.1835,1.6056,0.7371,0.5375,0,28.3303,0.1707,Low Potential
21.73,79.32,0,Grid Point,0.0426,0.0602,0.0569,0.225,0.2268,0.1417,462.0,0.9983,270.0,1.3373,1.0076,1.6002,0.6296,0.5964,0,27.2568,0.1684,Low Potential
21.73,79.335,0,Grid Point,0.0422,0.061,0.0638,0.1973,0.2357,0.1548,446.0,4.8558,55.1349,1.5107,1.1946,1.5231,0.7843,0.5116,0,26.2303,0.178,Low Potential
21.73,79.35,0,Grid Point,0.0396,0.0562,0.0482,0.2479,0.2014,0.1301,442.0,3.5188,301.7696,1.2174,0.8122,1.5477,0.5248,0.6747,0,25.2567,0.2611,Low Potential
21.73,79.365,0,Grid Point,0.0613,0.0812,0.0912,0.2382,0.3092,0.2246,422.0,2.9536,199.7396,1.4886,1.2978,1.3767,0.9427,0.4461,0,24.3423,0.3865,Moderate Potential
21.73,79.38,0,Grid Point,0.0556,0.0816,0.0757,0.2659,0.253,0.1656,417.0,2.7235,47.1098,1.3603,0.9515,1.5278,0.6228,0.5568,0,23.494,0.1539,Low Potential
21.73,79.395,0,Grid Point,0.0414,0.0534,0.056,0.1794,0.2388,0.1512,418.0,0.9983,270.0,1.3514,1.3314,1.5792,0.8431,0.5245,0,22.7193,0.1858,Low Potential
21.73,79.41,0,Grid Point,0.0535,0.0692,0.0774,0.2144,0.2982,0.2092,407.0,3.4208,324.3343,1.4458,1.3908,1.426,0.9753,0.4698,0,22.0257,0.2163,Low Potential
21.73,79.425,0,Grid Point,0.0788,0.1132,0.143,0.2402,0.351,0.2547,405.0,1.3625,132.8902,1.8154,1.4611,1.3776,1.0606,0.2535,0,21.4214,0.2336,Low Potential
21.73,79.44,0,Grid Point,0.092,0.1182,0.1462,0.263,0.3794,0.2957,401.0,5.0644,79.4751,1.5897,1.4423,1.2833,1.1239,0.2854,0,20.9139,0.2576,Low Potential
21.73,79.455,0,Grid Point,0.059,0.078,0.1062,0.214,0.3296,0.2416,395.0,1.8543,180.0,1.8008,1.5408,1.3647,1.129,0.3364,0,20.5106,0.3644,Moderate Potential
21.73,79.47,0,Grid Point,0.0777,0.098,0.1161,0.2488,0.352,0.2527,393.0,2.1057,331.7087,1.4942,1.4153,1.3929,1.0161,0.3636,0,20.2175,0.3989,Moderate Potential
21.73,79.485,0,Grid Point,0.0786,0.1028,0.1283,0.2434,0.3593,0.265,392.0,4.0931,256.9257,1.6323,1.4765,1.3558,1.089,0.3096,0,20.0396,0.4462,Moderate Potential
21.73,79.5,0,Grid Point,0.0548,0.0705,0.094,0.204,0.3337,0.245,388.0,3.5188,58.2304,1.7162,1.6358,1.362,1.201,0.3689,0,19.98,0.3349,Low Potential
21.73,79.515,0,Grid Point,0.0455,0.0612,0.0664,0.1943,0.2932,0.2036,390.0,2.9536,160.2604,1.4593,1.509,1.4397,1.0481,0.4906,0,20.0396,0.1576,Low Potential
21.73,79.53,0,Grid Point,0.0858,0.1132,0.1428,0.2809,0.3692,0.2776,392.0,5.3104,110.3838,1.6659,1.3145,1.3302,0.9883,0.3258,0,20.2175,0.333,Low Potential
21.73,79.545,0,Grid Point,0.0502,0.065,0.0827,0.2024,0.2726,0.1802,393.0,2.2007,65.0866,1.6474,1.3474,1.513,0.8905,0.4198,0,20.5106,0.1862,Low Potential
21.73,79.56,0,Grid Point,0.0433,0.0592,0.061,0.1873,0.2275,0.143,399.0,2.2007,65.0866,1.4076,1.2146,1.5915,0.7632,0.509,0,20.9139,0.137,Low Potential
21.73,79.575,0,Grid Point,0.0516,0.0632,0.078,0.1881,0.2731,0.1784,391.0,0.9983,270.0,1.5092,1.4519,1.5313,0.9482,0.414,0,20.0937,0.176,Low Potential
21.73,79.59,0,Grid Point,0.0536,0.0716,0.085,0.2044,0.3205,0.2256,388.0,5.0361,336.7033,1.5853,1.5684,1.4207,1.104,0.4122,0,18.7202,0.2545,Low Potential
21.73,79.605,0,Grid Point,0.0476,0.0649,0.0683,0.196,0.2232,0.1476,368.0,3.7048,0.0,1.4334,1.1391,1.5122,0.7533,0.4831,0,17.3755,0.1388,Low Potential
21.73,79.62,0,Grid Point,0.0454,0.0608,0.0722,0.1972,0.2617,0.1638,370.0,3.9873,270.0,1.5932,1.3267,1.5972,0.8307,0.4638,0,16.0669,0.2053,Low Potential
21.73,79.635,0,Grid Point,0.0491,0.0702,0.0722,0.2214,0.2569,0.16,365.0,0.9274,180.0,1.4705,1.1606,1.6061,0.7226,0.5081,0,14.804,0.1352,Low Potential
21.73,79.65,0,Grid Point,0.051,0.0699,0.0784,0.2032,0.2783,0.186,358.0,1.9961,270.0,1.5388,1.3696,1.4962,0.9154,0.4432,0,13.5994,0.194,Low Potential
21.73,79.665,0,Grid Point,0.0854,0.1191,0.1441,0.2724,0.3831,0.2905,346.0,0.0,0.0,1.6864,1.4064,1.3185,1.0666,0.308,0,12.4701,0.3777,Moderate Potential
21.73,79.68,0,Grid Point,0.0575,0.0811,0.089,0.25,0.2781,0.1871,349.0,0.9274,0.0,1.547,1.1126,1.4864,0.7485,0.4751,0,11.4385,0.1392,Low Potential
21.73,79.695,0,Grid Point,0.0737,0.0996,0.1364,0.2424,0.3718,0.2948,341.0,0.9274,180.0,1.8514,1.5337,1.2614,1.2159,0.2798,0,10.5331,0.3715,Moderate Potential
21.73,79.71,0,Grid Point,0.0532,0.0713,0.0782,0.2234,0.2818,0.1888,351.0,3.5188,238.2304,1.4713,1.2614,1.4922,0.8453,0.4814,0,9.7892,0.1858,Low Potential
21.73,79.725,0,Grid Point,0.0523,0.0724,0.0728,0.2308,0.2548,0.1707,343.0,2.1057,331.7087,1.392,1.1044,1.493,0.7398,0.5203,0,9.2458,0.1448,Low Potential
21.73,79.74,0,Grid Point,0.068,0.0961,0.1148,0.2319,0.294,0.2217,358.0,4.3949,245.0866,1.6895,1.2678,1.3261,0.956,0.3378,0,8.9395,0.6530125,High Potential Deposit Zone
21.73,79.755,0,Grid Point,0.0636,0.085,0.0916,0.2396,0.2926,0.1918,354.0,2.2007,245.0866,1.4395,1.2217,1.5258,0.8007,0.447,0,8.8949,0.1727,Low Potential
21.73,79.77,0,Grid Point,0.0682,0.0908,0.101,0.2424,0.2676,0.1792,353.0,1.3625,312.8902,1.4799,1.1037,1.4937,0.7389,0.4119,0,9.1158,0.1627,Low Potential
21.73,79.785,0,Grid Point,0.056,0.0778,0.0836,0.2476,0.2506,0.1672,347.0,2.1057,208.2913,1.492,1.0117,1.4981,0.6753,0.4955,0,9.5839,0.1291,Low Potential
21.73,79.8,0,Grid Point,0.0626,0.0876,0.0958,0.243,0.2904,0.1959,340.0,0.9274,180.0,1.5324,1.1946,1.4821,0.806,0.4343,0,10.2653,0.1639,Low Potential
21.73,79.815,0,Grid Point,0.0635,0.0844,0.1047,0.225,0.3366,0.2471,335.0,0.9274,0.0,1.6501,1.4959,1.3624,1.098,0.365,0,11.121,0.5787,Moderate Potential
21.73,79.83,0,Grid Point,0.0644,0.088,0.1041,0.2424,0.3379,0.2365,332.0,2.2007,294.9134,1.6165,1.3943,1.4288,0.9759,0.399,0,12.1141,0.3296,Low Potential
21.73,79.845,0,Grid Point,0.0558,0.0736,0.0962,0.2373,0.253,0.1666,339.0,0.9983,90.0,1.7256,1.0662,1.5186,0.7021,0.4231,0,13.2137,0.1804,Low Potential
21.73,79.86,0,Grid Point,0.0716,0.1016,0.1228,0.2284,0.3014,0.2204,332.0,2.9536,199.7396,1.7139,1.3197,1.3676,0.965,0.3006,0,14.3953,0.5787,Moderate Potential
21.73,79.875,0,Grid Point,0.0619,0.0872,0.1006,0.257,0.3157,0.2392,320.0,0.9274,180.0,1.6252,1.2284,1.3197,0.9308,0.4374,0,15.6403,0.5083,Moderate Potential
21.73,79.89,0,Grid Point,0.0606,0.0829,0.0963,0.2376,0.2728,0.193,321.0,2.9926,90.0,1.5878,1.1484,1.4137,0.8123,0.4232,0,16.9349,0.2241,Low Potential
21.73,79.905,0,Grid Point,0.0838,0.1146,0.1391,0.2722,0.3698,0.2693,321.0,1.3625,47.1098,1.6609,1.3586,1.373,0.9895,0.3235,0,15.9329,0.3687,Moderate Potential
21.73,79.92,0,Grid Point,0.048,0.0688,0.0588,0.2124,0.1516,0.084,322.0,1.3625,47.1098,1.2252,0.7137,1.8048,0.3955,0.5667,0,14.4946,0.4051,Moderate Potential
21.73,79.935,0,Grid Point,0.1013,0.1363375,0.18015,0.3174,0.4028,0.3336125,326.0,2.7235,227.1098,1.9802,1.2692,1.1515,1.1022,0.1804,1,13.0808,0.2666,Low Potential
21.73,79.95,0,Grid Point,0.0488,0.0688,0.057,0.2108,0.1515,0.0862,318.0,4.3949,65.0866,1.1682,0.7187,1.7575,0.4089,0.5746,1,11.7001,0.4586,Moderate Potential
21.73,79.965,0,Grid Point,0.058,0.07,0.09,0.2064,0.2895,0.2014,317.0,2.7235,47.1098,1.5504,1.4023,1.4378,0.9753,0.3928,1,10.3659,0.2256,Low Potential
21.73,79.98,0,Grid Point,0.0911,0.125,0.1741,0.2827,0.42003750000000006,0.3336125,314.0,6.1955,126.6179,1.9111,1.5481,1.217,1.272,0.2377,1,9.0987,0.225,Low Potential
21.73,79.995,0,Grid Point,0.0554,0.0864,0.0838,0.2504,0.1922,0.1264,301.0,1.3625,132.8902,1.5122,0.7674,1.5206,0.5047,0.4984,1,7.9306,0.1628,Low Potential
21.73,80.01,0,Grid Point,0.0534,0.0747,0.077,0.2336,0.2406,0.1663,300.0,1.9961,90.0,1.4415,1.0302,1.4471,0.7119,0.5039,1,6.9121,0.1407,Low Potential
21.73,80.025,0,Grid Point,0.056,0.0778,0.0752,0.1982,0.1494,0.1,294.0,2.1057,28.2913,1.3426,0.754,1.4933,0.5049,0.4495,1,6.1183,0.2232,Low Potential
21.73,80.04,0,Grid Point,0.0966,0.1312,0.1535,0.2182,0.3077,0.2642,287.0,5.3104,69.6162,1.5898,1.4102,1.1646,1.2108,0.1741,1,5.6448,0.3749,Moderate Potential
21.73,80.055,0,Grid Point,0.0664,0.0926,0.098,0.2312,0.2412,0.1762,291.0,1.9961,90.0,1.4752,1.0432,1.3688,0.7622,0.4049,1,5.5738,0.2818,Low Potential
21.73,80.07,0,Grid Point,0.0559,0.0781,0.0874,0.2584,0.2565,0.1728,293.0,1.3625,47.1098,1.5626,0.9928,1.4839,0.6691,0.4946,1,5.92,0.1317,Low Potential
21.73,80.085,0,Grid Point,0.053,0.0787,0.0614,0.2671,0.2264,0.1254,297.0,1.8543,0.0,1.1574,0.8478,1.8058,0.4695,0.6262,1,6.618,0.231,Low Potential
21.73,80.1,0,Grid Point,0.0666,0.0842,0.1038,0.2307,0.3436,0.2436,304.0,2.9926,270.0,1.5574,1.4892,1.4103,1.0559,0.3794,1,7.5713,0.4769,Moderate Potential
21.73,80.115,0,Grid Point,0.0822,0.1088,0.1344,0.2338,0.3069,0.2536,318.0,0.9274,180.0,1.6354,1.3124,1.2104,1.0842,0.2702,1,8.6963,0.4663,Moderate Potential
21.73,80.13,0,Grid Point,0.081,0.1019,0.1152,0.2348,0.2884,0.2272,309.0,0.0,0.0,1.4207,1.228,1.2691,0.9676,0.342,1,9.9348,0.5421,Moderate Potential
21.73,80.145,0,Grid Point,0.0512,0.0665,0.0676,0.1973,0.2436,0.1625,307.0,2.7235,312.8902,1.32,1.2347,1.4991,0.8236,0.4893,1,11.2494,0.195,Low Potential
21.73,80.16,0,Grid Point,0.0874,0.1075,0.1254,0.246,0.3288,0.2406,299.0,1.3625,132.8902,1.434,1.3368,1.3668,0.978,0.3247,1,12.6163,0.4545,Moderate Potential
21.73,80.175,0,Grid Point,0.0858,0.1112,0.1188,0.2636,0.2884,0.2068,294.0,2.7803,180.0,1.3848,1.0939,1.3946,0.7844,0.3789,1,14.0203,0.2286,Low Potential
21.73,80.19,0,Grid Point,0.0492,0.0656,0.0578,0.1992,0.206,0.1178,289.0,0.9274,180.0,1.1738,1.0346,1.7499,0.5913,0.5504,1,15.4512,0.2378,Low Potential
21.73,80.205,0,Grid Point,0.0695,0.0871,0.0911,0.1998,0.1108,0.062,298.0,0.0,0.0,1.3108,0.5546,1.7871,0.3103,0.3737,1,16.9022,0.4748,Moderate Potential
21.73,80.22,0,Grid Point,0.0672,0.0896,0.0857,0.2418,0.2204,0.1451,298.0,1.3625,227.1098,1.2762,0.9115,1.5195,0.5999,0.4766,1,16.0669,0.1579,Low Potential
21.73,80.235,0,Grid Point,0.0746,0.0984,0.0979,0.2692,0.2256,0.157,295.0,1.3625,132.8902,1.3132,0.8379,1.4371,0.583,0.4666,1,14.804,0.1401,Low Potential
21.73,80.25,0,Grid Point,0.0638,0.0899,0.085,0.2506,0.2584,0.1734,292.0,4.2057,331.7087,1.3325,1.0311,1.4906,0.6917,0.4937,1,13.5994,0.1907,Low Potential
21.73,80.265,0,Grid Point,0.0886,0.1166,0.1432,0.2495,0.3241,0.2406,295.0,0.0,0.0,1.6168,1.299,1.3468,0.9645,0.2705,1,12.4701,0.3805,Moderate Potential
21.73,80.28,0,Grid Point,0.095,0.1268,0.1512,0.2856,0.3872,0.2894,299.0,2.9536,199.7396,1.5902,1.3556,1.3375,1.0135,0.3078,1,11.4385,0.3205,Low Potential
21.73,80.295,0,Grid Point,0.0732,0.0965,0.1067,0.2584,0.2682,0.1916,308.0,3.8362,15.0628,1.4586,1.0377,1.3998,0.7413,0.4156,1,10.5331,0.2614,Low Potential
21.73,80.31,0,Grid Point,0.084,0.1154,0.1298,0.2602,0.3294,0.24,300.0,5.0361,156.7033,1.5446,1.2659,1.3725,0.9224,0.3345,1,9.7892,0.421,Moderate Potential
21.73,80.325,0,Grid Point,0.0714,0.0907,0.1017,0.2463,0.2776,0.2222,303.0,0.9983,270.0,1.4261,1.1269,1.2488,0.9024,0.4153,1,9.2458,0.3987,Moderate Potential
21.73,80.34,0,Grid Point,0.0659,0.0914,0.0938,0.2558,0.257,0.1772,301.0,1.3625,312.8902,1.4252,1.0045,1.4505,0.6925,0.4632,1,8.9395,0.1514,Low Potential
21.73,80.355,0,Grid Point,0.0625,0.0894,0.0911,0.2712,0.2826,0.1866,305.0,2.1057,151.7087,1.4568,1.042,1.5145,0.6881,0.4973,1,8.8949,0.1523,Low Potential
21.73,80.37,0,Grid Point,0.101,0.1228,0.1304,0.2368,0.2411,0.1988,309.0,3.4208,144.3343,1.2906,1.0184,1.2125,0.8399,0.2898,1,9.1158,0.3123,Low Potential
21.73,80.385,0,Grid Point,0.0722,0.0938,0.1022,0.235,0.253,0.192,310.0,2.9536,19.7396,1.4162,1.0764,1.3174,0.817,0.3936,1,9.5839,0.3167,Low Potential
21.73,80.4,0,Grid Point,0.0568,0.0796,0.0872,0.2611,0.2866,0.1861,301.0,2.7235,132.8902,1.533,1.0975,1.5398,0.7128,0.4995,1,10.2653,0.1501,Low Potential
21.73,80.415,0,Grid Point,0.0453,0.0587,0.0627,0.1936,0.2242,0.1409,317.0,2.2007,245.0866,1.3841,1.1581,1.5912,0.7278,0.5107,1,11.121,0.1516,Low Potential
21.73,80.43,0,Grid Point,0.0402,0.0532,0.0477,0.1949,0.1747,0.0962,317.0,1.3625,47.1098,1.1866,0.8964,1.816,0.4936,0.6068,1,12.1141,0.4639,Moderate Potential
21.73,80.445,0,Grid Point,0.0464,0.0622,0.0612,0.1976,0.206,0.1224,321.0,2.2007,65.0866,1.3179,1.042,1.6819,0.6195,0.5274,1,13.2137,0.1723,Low Potential
21.73,80.46,0,Grid Point,0.0536,0.0728,0.0736,0.2132,0.2614,0.1638,319.0,3.1325,107.2049,1.3735,1.2258,1.5954,0.7683,0.4871,0,12.0957,0.165,Low Potential
21.73,80.475,0,Grid Point,0.0426,0.0572,0.051,0.2195,0.1628,0.0892,347.0,7.547549999999999,41.8947,1.1974,0.7419,1.8246,0.4066,0.6232,0,10.9567,0.4498,Moderate Potential
21.73,80.49,0,Grid Point,0.0388,0.0591,0.0503,0.2524,0.1978,0.1052,590.125,7.547549999999999,78.742,1.2934,0.7833,1.8806,0.4165,0.668,0,9.928,0.3221,Low Potential
21.745,79.2,0,Grid Point,0.0432,0.0548,0.0605,0.1783,0.2378,0.155,508.0,3.519,58.2331,1.3988,1.3337,1.5347,0.869,0.4933,0,37.5166,0.1554,Low Potential
21.745,79.215,0,Grid Point,0.0531,0.0696,0.0416,0.13885000000000003,0.09513749999999997,0.017112500000000003,487.0,3.519,121.7669,0.9781375000000002,0.7061,1.1495,0.6143,0.07343750000000004,0,36.4722,0.5471,Moderate Potential
21.745,79.23,0,Grid Point,0.0474,0.0595,0.038,0.13885000000000003,0.09513749999999997,0.017112500000000003,483.0,0.0,0.0,0.9781375000000002,0.5686,1.2429,0.4575,0.07343750000000004,0,35.2406,0.5194,Moderate Potential
21.745,79.245,0,Grid Point,0.0556,0.0684,0.0824,0.2145,0.2481,0.1465,493.0,3.1328,252.7967,1.4829,1.1566,1.6935,0.683,0.4447,0,34.0346,0.1598,Low Potential
21.745,79.26,0,Grid Point,0.0436,0.058,0.0686,0.2037,0.243,0.1468,517.0,5.435,312.8872,1.5734,1.1924,1.6555,0.7202,0.4962,0,32.857,0.1914,Low Potential
21.745,79.275,0,Grid Point,0.0396,0.0488,0.0526,0.1742,0.2072,0.125,533.0,6.0973,40.7379,1.3253,1.1892,1.6565,0.7179,0.5365,0,31.711,0.2776,Low Potential
21.745,79.29,0,Grid Point,0.0384,0.0578,0.0606,0.203,0.209,0.128,560.0,6.5402,188.7437,1.5802,1.0295,1.6332,0.6304,0.5403,0,30.6,0.2165,Low Potential
21.745,79.305,0,Grid Point,0.0402,0.0472,0.0526,0.1731,0.2216,0.1369,475.0,3.7048,180.0,1.3101,1.2802,1.6187,0.7909,0.5339,0,29.5282,0.2277,Low Potential
21.745,79.32,0,Grid Point,0.0448,0.0557,0.053,0.2178,0.2398,0.1526,463.0,1.3626,132.8872,1.1842,1.1008,1.5716,0.7004,0.6083,0,28.4998,0.1767,Low Potential
21.745,79.335,0,Grid Point,0.0426,0.0552,0.055,0.1912,0.2622,0.1728,458.0,6.247,72.7967,1.2911,1.3712,1.5177,0.9035,0.5533,0,27.5197,0.2024,Low Potential
21.745,79.35,0,Grid Point,0.0453,0.0568,0.0616,0.1832,0.2604,0.1774,438.0,0.9274,180.0,1.3598,1.4221,1.4686,0.9683,0.4966,0,26.5934,0.1524,Low Potential
21.745,79.365,0,Grid Point,0.0468,0.068,0.0514,0.2604,0.1759,0.102,429.0,3.519,58.2331,1.1005,0.6756,1.7245,0.3918,0.67,0,25.7265,0.2626,Low Potential
21.745,79.38,0,Grid Point,0.0554,0.0762,0.0989,0.2133,0.3204,0.2273,419.0,2.1057,208.2938,1.7868,1.5019,1.4094,1.0656,0.3664,0,24.9254,0.2927,Low Potential
21.745,79.395,0,Grid Point,0.0656,0.0869,0.1011,0.2203,0.322,0.237,415.0,2.2009,65.0889,1.5423,1.4616,1.3586,1.0758,0.3709,0,24.1965,0.4215,Moderate Potential
21.745,79.41,0,Grid Point,0.0592,0.0794,0.0813,0.2584,0.2907,0.1896,406.0,0.9984,90.0,1.3722,1.1248,1.5336,0.7334,0.5214,0,23.5465,0.1295,Low Potential
21.745,79.425,0,Grid Point,0.0502,0.0614,0.07,0.2113,0.2736,0.1796,402.0,0.0,0.0,1.3954,1.2951,1.5232,0.8502,0.502,0,22.9822,0.1345,Low Potential
21.745,79.44,0,Grid Point,0.066,0.0887,0.113,0.2282,0.3558,0.267,407.0,0.9984,90.0,1.7134,1.5592,1.3326,1.17,0.3376,0,22.51,0.4263,Moderate Potential
21.745,79.455,0,Grid Point,0.0662,0.0888,0.1135,0.2476,0.3723,0.2677,404.0,3.9877,90.0,1.7145,1.5036,1.3907,1.0812,0.3714,0,22.1357,0.3604,Moderate Potential
21.745,79.47,0,Grid Point,0.0727,0.0937,0.1246,0.2268,0.3456,0.2582,411.0,0.9274,0.0,1.7139,1.5244,1.339,1.1385,0.2907,0,21.8644,0.4025,Moderate Potential
21.745,79.485,0,Grid Point,0.0483,0.0624,0.077,0.1924,0.3063,0.211,398.0,0.0,0.0,1.5932,1.592,1.452,1.0964,0.4286,0,21.7001,0.165,Low Potential
21.745,79.5,0,Grid Point,0.061,0.0798,0.0825,0.2864,0.2712,0.1828,394.0,0.0,0.0,1.3525,0.9469,1.4836,0.6383,0.5527,0,21.645,0.1491,Low Potential
21.745,79.515,0,Grid Point,0.0802,0.1012,0.1172,0.229,0.3055,0.2206,390.0,1.8543,180.0,1.4604,1.3341,1.3845,0.9635,0.3229,0,21.7001,0.4813,Moderate Potential
21.745,79.53,0,Grid Point,0.048,0.062,0.0716,0.1732,0.2908,0.19,398.0,2.9536,19.7415,1.4943,1.6787,1.5303,1.097,0.4147,0,21.8644,0.1718,Low Potential
21.745,79.545,0,Grid Point,0.0486,0.067,0.0807,0.1992,0.2874,0.1887,405.0,2.2009,245.0889,1.6588,1.4431,1.5235,0.9473,0.4233,0,22.1357,0.196,Low Potential
21.745,79.56,0,Grid Point,0.0476,0.0678,0.0826,0.213,0.2759,0.178,412.0,2.1057,208.2938,1.7371,1.2956,1.5504,0.8356,0.441,0,22.2302,0.1636,Low Potential
21.745,79.575,0,Grid Point,0.0424,0.0579,0.0703,0.2018,0.275,0.176,392.0,0.9274,0.0,1.66,1.3627,1.5625,0.8722,0.4833,0,20.883,0.1906,Low Potential
21.745,79.59,0,Grid Point,0.046,0.0616,0.0748,0.208,0.2841,0.1944,383.0,1.3626,47.1128,1.6268,1.3662,1.4614,0.9348,0.4712,0,19.565,0.1573,Low Potential
21.745,79.605,0,Grid Point,0.0706,0.0986,0.1114,0.242,0.3332,0.2326,382.0,1.8543,180.0,1.5775,1.3768,1.4327,0.961,0.3694,0,18.2825,0.259,Low Potential
21.745,79.62,0,Grid Point,0.0448,0.0622,0.0532,0.2185,0.2292,0.1314,378.0,4.0816,312.8872,1.1862,1.0487,1.7432,0.6016,0.6084,0,17.0437,0.2178,Low Potential
21.745,79.635,0,Grid Point,0.0527,0.0714,0.0816,0.2121,0.28,0.1842,377.0,4.0816,47.1128,1.5484,1.3204,1.5208,0.8682,0.4443,0,15.8588,0.1697,Low Potential
21.745,79.65,0,Grid Point,0.0434,0.0562,0.0623,0.1899,0.2458,0.1488,362.0,1.8543,180.0,1.4355,1.2946,1.6522,0.7836,0.5059,0,14.7407,0.1471,Low Potential
21.745,79.665,0,Grid Point,0.0708,0.1058,0.1318,0.2382,0.3365,0.2474,361.0,2.2009,294.9111,1.8623,1.4127,1.3604,1.0384,0.2874,0,13.7057,0.3797,Moderate Potential
21.745,79.68,0,Grid Point,0.0659,0.0878,0.1119,0.2284,0.3543,0.2572,357.0,2.7236,312.8872,1.6993,1.5516,1.3773,1.1266,0.3422,0,12.7742,0.5795,Moderate Potential
21.745,79.695,0,Grid Point,0.0582,0.0787,0.0933,0.2232,0.3188,0.2222,353.0,4.7574,218.9194,1.6031,1.4278,1.4342,0.9955,0.4105,0,11.9703,0.2953,Low Potential
21.745,79.71,0,Grid Point,0.073,0.0965,0.099,0.2461,0.2436,0.168,357.0,0.9984,270.0,1.3555,0.9896,1.4493,0.6829,0.4265,0,11.3213,0.161,Low Potential
21.745,79.725,0,Grid Point,0.053,0.075,0.0766,0.2296,0.217,0.142,354.0,2.9536,160.2585,1.4439,0.9449,1.5287,0.6181,0.4998,0,10.8548,0.1378,Low Potential
21.745,79.74,0,Grid Point,0.0676,0.0946,0.1086,0.2763,0.2799,0.1818,350.0,0.9274,0.0,1.6061,1.013,1.54,0.6578,0.4355,0,10.5952,0.1649,Low Potential
21.745,79.755,0,Grid Point,0.0506,0.0801,0.0653,0.262,0.2417,0.1434,351.0,1.8543,180.0,1.2918,0.9225,1.6855,0.5473,0.601,0,10.5576,0.1481,Low Potential
21.745,79.77,0,Grid Point,0.0461,0.0637,0.0522,0.1822,0.1424,0.0838,344.0,0.9274,0.0,1.1312,0.7818,1.6989,0.4602,0.5549,0,10.7443,0.4101,Moderate Potential
21.745,79.785,0,Grid Point,0.062,0.0853,0.1039,0.2298,0.3074,0.2167,338.0,0.9274,180.0,1.6772,1.3372,1.4183,0.9428,0.3774,0,11.1442,0.4782,Moderate Potential
21.745,79.8,0,Grid Point,0.0439,0.0668,0.0499,0.253,0.1811,0.1042,336.0,0.9274,180.0,1.1367,0.7158,1.738,0.4119,0.6705,0,11.7354,0.2965,Low Potential
21.745,79.815,0,Grid Point,0.06,0.078,0.0897,0.212,0.2865,0.1937,336.0,2.1057,331.7062,1.4962,1.3517,1.4791,0.9139,0.4053,0,12.4908,0.2412,Low Potential
21.745,79.83,0,Grid Point,0.0449,0.0656,0.0568,0.2321,0.1656,0.0932,333.0,1.9963,90.0,1.2639,0.7135,1.7778,0.4013,0.6071,0,13.3826,0.3528,Moderate Potential
21.745,79.845,0,Grid Point,0.0558,0.0795,0.0776,0.2484,0.275,0.1944,329.0,0.9984,270.0,1.3919,1.1069,1.4144,0.7826,0.5239,0,14.3855,0.1924,Low Potential
21.745,79.86,0,Grid Point,0.1013,0.1363375,0.18015,0.3165,0.42003750000000006,0.3336125,324.0,5.0362,23.2988,1.7247,1.4288,1.1196,1.2761,0.1638,0,15.4779,0.2536,Low Potential
21.745,79.875,0,Grid Point,0.0549,0.0822,0.0736,0.2802,0.2499,0.1662,323.0,1.3626,132.8872,1.3415,0.8919,1.5036,0.5931,0.5837,0,16.6422,0.1499,Low Potential
21.745,79.89,0,Grid Point,0.0532,0.0796,0.0691,0.2654,0.2434,0.1441,329.0,4.9801,90.0,1.3001,0.9171,1.6891,0.543,0.5868,0,16.9317,0.1669,Low Potential
21.745,79.905,0,Grid Point,0.069,0.0935,0.116,0.2253,0.327,0.243,322.0,2.1057,331.7062,1.6807,1.4512,1.3452,1.0788,0.3201,0,15.432,0.6422,Moderate Potential
21.745,79.92,0,Grid Point,0.0867,0.1201,0.138,0.3106,0.363,0.2552,310.0,1.8543,0.0,1.5908,1.1691,1.4229,0.8216,0.3847,0,13.9422,0.1687,Low Potential
21.745,79.935,0,Grid Point,0.0546,0.0798,0.0712,0.2296,0.2143,0.1363,311.0,3.1328,72.7967,1.3028,0.9336,1.5723,0.5938,0.5265,0,12.4658,0.1518,Low Potential
21.745,79.95,0,Grid Point,0.0604,0.0801,0.0895,0.1927,0.2738,0.2031,308.0,1.3626,227.1128,1.483,1.4206,1.3479,1.054,0.3657,0,11.0083,0.5145,Moderate Potential
21.745,79.965,0,Grid Point,0.0778,0.1056,0.1244,0.234,0.2933,0.2365,305.0,3.8363,164.9357,1.5983,1.2534,1.2402,1.0107,0.306,0,9.5783,0.5566,Moderate Potential
21.745,79.98,0,Grid Point,0.077,0.1081,0.1416,0.234,0.3355,0.2636,317.0,3.1328,287.2032,1.8384,1.4341,1.2728,1.1267,0.2457,1,8.1901,0.3857,Moderate Potential
21.745,79.995,0,Grid Point,0.0842,0.1122,0.1552,0.2651,0.3997,0.3172,324.0,6.196,306.6151,1.8432,1.5077,1.2603,1.1963,0.2615,1,6.8692,0.2666,Low Potential
21.745,80.01,0,Grid Point,0.0548,0.08,0.0638,0.2376,0.1633,0.1,302.0,2.7236,132.8872,1.1641,0.6873,1.6338,0.4207,0.5764,1,5.6628,0.3054,Low Potential
21.745,80.025,0,Grid Point,0.0487,0.0713,0.0609,0.1998,0.1486,0.0912,294.0,2.7236,312.8872,1.2505,0.744,1.629,0.4567,0.5328,1,4.6609,0.3995,Moderate Potential
21.745,80.04,0,Grid Point,0.0908,0.1193,0.1436,0.276,0.3286,0.2484,298.0,4.2058,28.2938,1.5818,1.1904,1.3227,0.9,0.3157,1,4.0192,0.3131,Low Potential
21.745,80.055,0,Grid Point,0.0728,0.0948,0.1132,0.2176,0.2866,0.2366,296.0,2.1057,151.7062,1.5532,1.3176,1.2118,1.0873,0.3157,1,3.919,0.5435,Moderate Potential
21.745,80.07,0,Grid Point,0.0547,0.0808,0.0716,0.248,0.1765,0.0969,294.0,0.9984,270.0,1.309,0.7118,1.8215,0.3908,0.5519,1,4.3974,0.3251,Low Potential
21.745,80.085,0,Grid Point,0.1013,0.1363375,0.18015,0.2688,0.322,0.2774,305.0,2.2009,65.0889,1.4601,1.1981,1.161,1.032,0.1822,1,5.2999,0.2988,Low Potential
21.745,80.1,0,Grid Point,0.0504,0.0658,0.063,0.2178,0.2372,0.1474,301.0,2.1057,331.7062,1.2502,1.0891,1.6087,0.677,0.5516,1,6.451,0.1886,Low Potential
21.745,80.115,0,Grid Point,0.0672,0.0964,0.1115,0.2174,0.2738,0.1975,312.0,2.1057,151.7062,1.658,1.2589,1.3861,0.9083,0.3221,1,7.7406,0.6353,Moderate Potential
21.745,80.13,0,Grid Point,0.0763,0.0956,0.1237,0.2247,0.3389,0.2614,313.0,2.1057,208.2938,1.6212,1.5085,1.2967,1.1633,0.2899,1,9.1099,0.5202,Moderate Potential
21.745,80.145,0,Grid Point,0.0688,0.085,0.1014,0.2042,0.2907,0.2034,314.0,3.519,121.7669,1.4746,1.4236,1.4296,0.9958,0.3362,1,10.528,0.4157,Moderate Potential
21.745,80.16,0,Grid Point,0.1013,0.1297,0.163,0.2794,0.3574,0.2646,308.0,1.9963,90.0,1.5571,1.279,1.3503,0.9472,0.2633,1,11.9776,0.3238,Low Potential
21.745,80.175,0,Grid Point,0.0912,0.1146,0.135,0.2308,0.2822,0.2224,297.0,1.8543,0.0,1.4795,1.2228,1.2689,0.9636,0.2618,1,13.4484,0.4154,Moderate Potential
21.745,80.19,0,Grid Point,0.0592,0.0846,0.0815,0.2079,0.1358,0.0772,293.0,1.3626,47.1128,1.3767,0.6534,1.7586,0.3716,0.4368,1,14.9342,0.4265,Moderate Potential
21.745,80.205,0,Grid Point,0.0676,0.0883,0.0916,0.1876,0.1424,0.091,299.0,0.9274,0.0,1.3568,0.759,1.5651,0.4849,0.3435,1,16.4309,0.3651,Moderate Potential
21.745,80.22,0,Grid Point,0.0584,0.085,0.0803,0.2244,0.1357,0.0786,298.0,0.9274,0.0,1.375,0.6046,1.7276,0.35,0.473,1,17.0437,0.4026,Moderate Potential
21.745,80.235,0,Grid Point,0.0654,0.0867,0.0748,0.214,0.146,0.0836,296.0,2.2009,245.0889,1.1445,0.682,1.7469,0.3904,0.4817,1,15.8588,0.4221,Moderate Potential
21.745,80.25,0,Grid Point,0.0694,0.0906,0.1016,0.2344,0.2332,0.166,293.0,2.2009,65.0889,1.4622,0.9947,1.4041,0.7084,0.3954,1,14.7407,0.2572,Low Potential
21.745,80.265,0,Grid Point,0.0727,0.0984,0.1113,0.2482,0.2506,0.1892,296.0,1.8543,180.0,1.5309,1.0095,1.3246,0.7621,0.3808,1,13.7057,0.2512,Low Potential
21.745,80.28,0,Grid Point,0.0737,0.0998,0.1149,0.2597,0.2928,0.2174,296.0,4.3953,294.9111,1.559,1.1275,1.3465,0.8373,0.3865,1,12.7742,0.379,Moderate Potential
21.745,80.295,0,Grid Point,0.0773,0.0992,0.1252,0.2277,0.3718,0.2828,304.0,6.0973,319.2621,1.6197,1.6331,1.3151,1.2418,0.2905,1,11.9703,0.6046,Moderate Potential
21.745,80.31,0,Grid Point,0.0683,0.0894,0.087,0.3001,0.2824,0.1942,310.0,3.4209,35.6685,1.2745,0.9412,1.4544,0.6471,0.5503,1,11.3213,0.2185,Low Potential
21.745,80.325,0,Grid Point,0.0829,0.1114,0.1268,0.2734,0.3247,0.241,307.0,2.7236,227.1128,1.529,1.1879,1.3473,0.8817,0.3664,1,10.8548,0.3158,Low Potential
21.745,80.34,0,Grid Point,0.0619,0.0904,0.0998,0.2106,0.2442,0.165,308.0,0.9984,270.0,1.6131,1.1593,1.4797,0.7835,0.3567,1,10.5952,0.2289,Low Potential
21.745,80.355,0,Grid Point,0.0528,0.0804,0.069,0.2218,0.1879,0.1067,310.0,1.3626,47.1128,1.3078,0.847,1.761,0.481,0.5253,1,10.5576,0.1883,Low Potential
21.745,80.37,0,Grid Point,0.0696,0.1022,0.1175,0.2507,0.2472,0.174,312.0,4.0935,103.073,1.6882,0.9858,1.4211,0.6937,0.3618,1,10.7443,0.2618,Low Potential
21.745,80.385,0,Grid Point,0.0626,0.0908,0.084,0.2835,0.2348,0.1568,309.0,0.9274,180.0,1.3427,0.8282,1.4979,0.5529,0.5426,1,11.1442,0.1605,Low Potential
21.745,80.4,0,Grid Point,0.0458,0.0606,0.0638,0.1964,0.2298,0.1423,321.0,0.9984,270.0,1.3941,1.1698,1.6145,0.7245,0.5093,1,11.7354,0.1627,Low Potential
21.745,80.415,0,Grid Point,0.0428,0.0586,0.0566,0.1974,0.2224,0.1337,322.0,1.8543,180.0,1.3213,1.1272,1.6638,0.6775,0.5545,1,12.4908,0.1739,Low Potential
21.745,80.43,0,Grid Point,0.0626,0.0836,0.0951,0.2336,0.3188,0.2122,324.0,2.7236,227.1128,1.5204,1.365,1.5027,0.9084,0.4213,1,13.3826,0.2985,Low Potential
21.745,80.445,0,Grid Point,0.0588,0.0797,0.0756,0.2222,0.2258,0.1431,485.0,7.547549999999999,236.6579,1.2849,1.0167,1.5783,0.6442,0.4924,1,12.4191,0.1807,Low Potential
21.745,80.46,0,Grid Point,0.0432,0.0573,0.0581,0.2067,0.1988,0.1135,362.0,7.547549999999999,110.3819,1.3449,0.9615,1.7511,0.5491,0.5612,1,11.0997,0.2341,Low Potential
21.745,80.475,0,Grid Point,0.0594,0.0874,0.1129,0.2081,0.3108,0.2695,311.0,1.8543,180.0,1.9007,1.4933,1.1531,1.2951,0.2966,1,9.8461,0.4506,Moderate Potential
21.745,80.49,0,Grid Point,0.035,0.048,0.0426,0.2008,0.1659,0.0924,510.0,7.547549999999999,153.9244,1.2157,0.8267,1.796,0.4603,0.6502,0,8.687,0.5357,Moderate Potential
21.76,79.2,0,Grid Point,0.0432,0.0582,0.0616,0.1942,0.2304,0.1446,513.0,2.9536,160.2566,1.4254,1.1864,1.5939,0.7443,0.5181,0,38.7062,0.1448,Low Potential
21.76,79.215,0,Grid Point,0.0462,0.0643,0.0591,0.2318,0.2388,0.1424,510.0,2.2011,245.0911,1.2778,1.0304,1.6764,0.6147,0.5936,0,37.4843,0.1513,Low Potential
21.76,79.23,0,Grid Point,0.0474,0.0657,0.0396,0.13885000000000003,0.09513749999999997,0.017112500000000003,483.0,0.0,0.0,0.9781375000000002,0.6052,1.2155,0.4979,0.07343750000000004,0,36.2871,0.5168,Moderate Potential
21.76,79.245,0,Grid Point,0.0516,0.0673,0.0466,0.13885000000000003,0.09513749999999997,0.017112500000000003,483.0,0.0,0.0,0.9781375000000002,0.6291,1.2701,0.4953,0.07343750000000004,0,35.117,0.5269,Moderate Potential
21.76,79.26,0,Grid Point,0.042,0.0533,0.0654,0.188,0.243,0.1478,507.0,4.0939,283.0717,1.5565,1.2922,1.6447,0.7857,0.4836,0,33.977,0.2037,Low Potential
21.76,79.275,0,Grid Point,0.053,0.0646,0.0745,0.2032,0.2634,0.175,497.0,5.0654,280.5227,1.4057,1.2962,1.505,0.8613,0.4635,0,32.87,0.1985,Low Potential
21.76,79.29,0,Grid Point,0.0422,0.0525,0.0566,0.1832,0.2191,0.1318,522.0,0.9985,270.0,1.3416,1.1956,1.6617,0.7195,0.5284,0,31.7996,0.1908,Low Potential
21.76,79.305,0,Grid Point,0.0384,0.0468,0.0482,0.189,0.2306,0.1399,526.0,4.7576,38.9223,1.2552,1.2202,1.648,0.7404,0.5935,0,30.7695,0.2827,Low Potential
21.76,79.32,0,Grid Point,0.0437,0.0546,0.0517,0.2198,0.225,0.1321,496.0,7.547549999999999,37.0055,1.1831,1.0234,1.7029,0.601,0.6192,0,29.784,0.222,Low Potential
21.76,79.335,0,Grid Point,0.0393,0.0578,0.0545,0.2362,0.2499,0.1486,476.0,6.5402,188.7446,1.3868,1.0582,1.6811,0.6295,0.625,0,28.8476,0.1996,Low Potential
21.76,79.35,0,Grid Point,0.034,0.0404,0.0308,0.13885000000000003,0.1,0.0656,451.0,2.1058,28.2963,0.9781375000000002,1.4412,1.5225,0.9466,0.3842,0,27.9653,0.4334,Moderate Potential
21.76,79.365,0,Grid Point,0.0432,0.0606,0.0608,0.1898,0.2516,0.1655,445.0,6.2947,208.2963,1.4062,1.3253,1.5202,0.8717,0.5152,0,27.1423,0.1643,Low Potential
21.76,79.38,0,Grid Point,0.0582,0.081,0.106,0.2252,0.3631,0.2651,426.0,2.2011,245.0911,1.8197,1.6127,1.3697,1.1774,0.3598,0,26.3842,0.3589,Moderate Potential
21.76,79.395,0,Grid Point,0.0534,0.0693,0.0809,0.2058,0.2821,0.1834,432.0,1.3627,227.1158,1.5145,1.3702,1.5375,0.8912,0.4355,0,25.6967,0.1486,Low Potential
21.76,79.41,0,Grid Point,0.046,0.0592,0.0657,0.2062,0.2582,0.1658,425.0,1.3627,47.1158,1.4298,1.2522,1.5578,0.8038,0.5167,0,25.0856,0.1323,Low Potential
21.76,79.425,0,Grid Point,0.0564,0.067,0.0826,0.1971,0.295,0.2031,417.0,1.8543,180.0,1.4658,1.4964,1.4522,1.0304,0.4094,0,24.5567,0.1518,Low Potential
21.76,79.44,0,Grid Point,0.0546,0.065,0.0808,0.2092,0.2902,0.1928,414.0,5.5475,0.0,1.4794,1.3878,1.5054,0.9218,0.4424,0,24.1153,0.1926,Low Potential
21.76,79.455,0,Grid Point,0.0752,0.0957,0.1132,0.2296,0.326,0.2517,415.0,3.5193,301.7643,1.5063,1.4199,1.2952,1.0963,0.3396,0,23.7663,0.4841,Moderate Potential
21.76,79.47,0,Grid Point,0.049,0.0638,0.0803,0.184,0.2808,0.1928,413.0,4.3956,245.0911,1.6404,1.5258,1.4565,1.0476,0.3924,0,23.5139,0.2005,Low Potential
21.76,79.485,0,Grid Point,0.0479,0.063,0.0659,0.1914,0.2614,0.1743,404.0,4.9807,90.0,1.3747,1.366,1.5,0.9107,0.488,0,23.3611,0.168,Low Potential
21.76,79.5,0,Grid Point,0.0528,0.0666,0.0833,0.1848,0.3002,0.2092,409.0,5.5475,0.0,1.5791,1.6249,1.4353,1.1321,0.3785,0,23.31,0.205,Low Potential
21.76,79.515,0,Grid Point,0.0516,0.0658,0.0822,0.2126,0.2998,0.2176,390.0,3.1331,287.2016,1.5955,1.4105,1.3778,1.0238,0.442,0,23.3611,0.3702,Moderate Potential
21.76,79.53,0,Grid Point,0.0451,0.0614,0.0662,0.2206,0.2528,0.1582,399.0,5.0363,336.699,1.469,1.1465,1.5978,0.7175,0.538,0,23.5139,0.1678,Low Potential
21.76,79.545,0,Grid Point,0.0675,0.0914,0.122,0.2397,0.3469,0.2504,406.0,6.9562,90.0,1.8067,1.4472,1.3854,1.0446,0.3256,0,23.7663,0.398,Moderate Potential
21.76,79.56,0,Grid Point,0.0648,0.0828,0.1082,0.2303,0.3517,0.253,416.0,3.8363,15.0658,1.6685,1.5271,1.3901,1.0986,0.3607,0,23.0666,0.4184,Moderate Potential
21.76,79.575,0,Grid Point,0.0481,0.0637,0.0768,0.207,0.2861,0.1881,422.0,3.421,35.6713,1.5967,1.3818,1.521,0.9085,0.4589,0,21.7712,0.1744,Low Potential
21.76,79.59,0,Grid Point,0.0398,0.061,0.0597,0.2177,0.2362,0.1384,432.0,2.1058,151.7037,1.5019,1.0847,1.7063,0.6357,0.5696,0,20.5104,0.1671,Low Potential
21.76,79.605,0,Grid Point,0.0448,0.0661,0.0686,0.2194,0.2426,0.1494,444.0,6.1964,126.6122,1.5307,1.1055,1.6233,0.681,0.5234,0,19.2909,0.1453,Low Potential
21.76,79.62,0,Grid Point,0.0471,0.0662,0.0732,0.2013,0.2592,0.1655,390.0,1.8543,180.0,1.5552,1.288,1.5666,0.8221,0.4663,0,18.1212,0.1377,Low Potential
21.76,79.635,0,Grid Point,0.0498,0.0673,0.0727,0.2277,0.2466,0.1534,381.0,1.3627,47.1158,1.4613,1.0828,1.6067,0.6739,0.516,0,17.0114,0.1237,Low Potential
21.76,79.65,0,Grid Point,0.057,0.0798,0.1056,0.231,0.3178,0.2212,375.0,3.1331,252.7984,1.851,1.3758,1.4367,0.9576,0.3725,0,15.9742,0.3114,Low Potential
21.76,79.665,0,Grid Point,0.0594,0.0766,0.0918,0.2102,0.298,0.1978,370.0,4.8565,124.8595,1.5476,1.4178,1.5059,0.9415,0.3917,0,15.0245,0.2631,Low Potential
21.76,79.68,0,Grid Point,0.06,0.0808,0.1035,0.2321,0.3328,0.2244,364.0,3.421,215.6713,1.7236,1.4339,1.4831,0.9668,0.3832,0,14.1799,0.3,Low Potential
21.76,79.695,0,Grid Point,0.0642,0.0876,0.1211,0.2382,0.3144,0.2186,362.0,2.7238,227.1158,1.8848,1.3202,1.4379,0.9181,0.3258,0,13.4602,0.3759,Moderate Potential
21.76,79.71,0,Grid Point,0.0575,0.0819,0.082,0.2619,0.2988,0.1902,360.0,2.2011,245.0911,1.4261,1.1409,1.5706,0.7264,0.5231,0,12.8864,0.1512,Low Potential
21.76,79.725,0,Grid Point,0.059,0.0839,0.0988,0.2162,0.2604,0.1761,357.0,2.2011,114.9089,1.6751,1.2047,1.479,0.8145,0.3729,0,12.4786,0.2336,Low Potential
21.76,79.74,0,Grid Point,0.0573,0.0783,0.0957,0.2344,0.2973,0.1984,351.0,0.9274,0.0,1.6702,1.2681,1.4989,0.846,0.4203,0,12.2534,0.2399,Low Potential
21.76,79.755,0,Grid Point,0.0568,0.0816,0.0878,0.254,0.2415,0.1535,350.0,0.9274,0.0,1.5463,0.9506,1.5733,0.6042,0.4865,0,12.2209,0.1385,Low Potential
21.76,79.77,0,Grid Point,0.054,0.073,0.0721,0.2128,0.2439,0.152,343.0,0.0,0.0,1.3352,1.1461,1.6046,0.7143,0.4939,0,12.3826,0.1391,Low Potential
21.76,79.785,0,Grid Point,0.0633,0.0918,0.0934,0.2599,0.2916,0.1978,342.0,1.8543,180.0,1.4763,1.1222,1.4746,0.761,0.471,0,12.7311,0.1481,Low Potential
21.76,79.8,0,Grid Point,0.0622,0.088,0.089,0.2203,0.2184,0.1427,342.0,3.5193,121.7643,1.4312,0.9914,1.5299,0.648,0.4247,0,13.2517,0.1798,Low Potential
21.76,79.815,0,Grid Point,0.0483,0.07,0.0661,0.2418,0.1514,0.0904,341.0,0.9985,90.0,1.3671,0.6262,1.6763,0.3736,0.5707,0,13.9251,0.3445,Low Potential
21.76,79.83,0,Grid Point,0.0532,0.0792,0.0794,0.248,0.2656,0.1793,336.0,1.9965,90.0,1.4929,1.0708,1.4813,0.7228,0.5153,0,14.7303,0.1248,Low Potential
21.76,79.845,0,Grid Point,0.05,0.0761,0.0649,0.2408,0.1972,0.1226,335.0,1.3627,227.1158,1.2993,0.819,1.6082,0.5092,0.5755,0,15.6471,0.1685,Low Potential
21.76,79.86,0,Grid Point,0.047,0.068,0.049,0.2682,0.1552,0.0852,330.0,1.8543,0.0,1.0437,0.5787,1.8216,0.3177,0.691,0,16.6569,0.4492,Moderate Potential
21.76,79.875,0,Grid Point,0.0799,0.1086,0.134,0.252,0.3537,0.2596,331.0,4.0818,227.1158,1.6771,1.4038,1.3622,1.0306,0.3056,0,17.744,0.3742,Moderate Potential
21.76,79.89,0,Grid Point,0.0552,0.0781,0.0904,0.2551,0.2948,0.1944,332.0,3.7048,0.0,1.6371,1.1554,1.5166,0.7619,0.4765,0,16.6289,0.1899,Low Potential
21.76,79.905,0,Grid Point,0.0592,0.0856,0.0836,0.2478,0.2334,0.1588,321.0,1.3627,132.8842,1.4113,0.9419,1.4696,0.6409,0.4958,0,15.0991,0.1318,Low Potential
21.76,79.92,0,Grid Point,0.0644,0.0898,0.1086,0.2435,0.3306,0.24,330.0,0.0,0.0,1.6863,1.3577,1.3775,0.9856,0.3831,0,13.5728,0.5416,Moderate Potential
21.76,79.935,0,Grid Point,0.0745,0.1012,0.1136,0.2544,0.3312,0.2316,318.0,1.3627,227.1158,1.5248,1.3023,1.4303,0.9106,0.3825,0,12.0512,0.312,Low Potential
21.76,79.95,0,Grid Point,0.0765,0.0997,0.1332,0.2558,0.3936,0.2969,319.0,1.3627,227.1158,1.7405,1.539,1.3257,1.1609,0.3152,0,10.5365,0.3886,Moderate Potential
21.76,79.965,0,Grid Point,0.0755,0.1006,0.128,0.2332,0.3502,0.2575,306.0,3.8363,344.9342,1.6947,1.5017,1.36,1.1042,0.2914,0,9.0321,0.4976,Moderate Potential
21.76,79.98,0,Grid Point,0.0835,0.1132,0.1723,0.2424,0.42003750000000006,0.3336125,313.0,2.7238,227.1158,2.0526375,1.7334,1.1789,1.4553249999999998,0.1689,0,7.544,0.2418,Low Potential
21.76,79.995,0,Grid Point,0.0466,0.0733,0.0615,0.234,0.1657,0.0951,308.0,1.9965,270.0,1.3197,0.7081,1.7424,0.4064,0.5838,0,6.0845,0.3459,Low Potential
21.76,80.01,0,Grid Point,0.0518,0.0744,0.0758,0.2356,0.162,0.0954,306.0,3.9881,90.0,1.4657,0.6878,1.6981,0.405,0.5128,1,4.68,0.355,Moderate Potential
21.76,80.025,0,Grid Point,0.0732,0.1074,0.1112,0.2751,0.2998,0.2162,300.0,1.3627,227.1158,1.5208,1.0898,1.3864,0.7861,0.4241,1,3.3999,0.253,Low Potential
21.76,80.04,0,Grid Point,0.0998,0.1233,0.1568,0.224,0.2966,0.2528,301.0,2.1058,208.2963,1.5714,1.3236,1.1731,1.1283,0.1767,1,2.4473,0.3908,Moderate Potential
21.76,80.055,0,Grid Point,0.1013,0.1363375,0.18015,0.3082,0.3732,0.2912,302.0,2.7803,180.0,1.5934,1.2111,1.2818,0.9448,0.2504,1,2.279,0.2669,Low Potential
21.76,80.07,0,Grid Point,0.0644,0.0914,0.097,0.2452,0.2546,0.1748,300.0,0.0,0.0,1.5054,1.0383,1.4561,0.7131,0.4333,1,3.0285,0.1493,Low Potential
21.76,80.085,0,Grid Point,0.0593,0.0848,0.0818,0.2464,0.2556,0.1642,302.0,3.421,215.6713,1.3794,1.0373,1.5563,0.6665,0.5014,1,4.2337,0.2005,Low Potential
21.76,80.1,0,Grid Point,0.0568,0.0792,0.0718,0.2496,0.2345,0.1374,305.0,2.9932,270.0,1.2639,0.9393,1.7067,0.5504,0.553,1,5.6081,0.2066,Low Potential
21.76,80.115,0,Grid Point,0.066,0.094,0.1073,0.2466,0.2694,0.1861,311.0,1.8543,0.0,1.6245,1.0925,1.4473,0.7548,0.3935,1,7.0535,0.1685,Low Potential
21.76,80.13,0,Grid Point,0.0997,0.1222,0.1456,0.2472,0.3472,0.2678,316.0,4.7576,141.0777,1.4609,1.4046,1.2963,1.0836,0.2584,1,8.5338,0.3299,Low Potential
21.76,80.145,0,Grid Point,0.0491,0.063,0.0639,0.2008,0.2268,0.142,311.0,0.9985,270.0,1.3028,1.1297,1.597,0.7074,0.5172,1,10.0337,0.1586,Low Potential
21.76,80.16,0,Grid Point,0.057,0.0834,0.0736,0.2284,0.1428,0.0856,304.0,0.9985,270.0,1.2912,0.6252,1.6692,0.3746,0.5126,1,11.5454,0.4264,Moderate Potential
21.76,80.175,0,Grid Point,0.0822,0.1058,0.1164,0.2014,0.2249,0.1779,285.0,4.8565,235.1405,1.4175,1.1164,1.2642,0.8831,0.2674,1,13.065,0.4187,Moderate Potential
21.76,80.19,0,Grid Point,0.0552,0.0781,0.0624,0.2322,0.1298,0.0788,301.0,0.9985,90.0,1.1324,0.5589,1.6483,0.3391,0.5762,1,14.5899,0.5257,Moderate Potential
21.76,80.205,0,Grid Point,0.0802,0.1031,0.1198,0.246,0.2861,0.2009,301.0,0.0,0.0,1.4938,1.1626,1.4238,0.8165,0.3451,1,16.1186,0.2152,Low Potential
21.76,80.22,0,Grid Point,0.0686,0.0914,0.0926,0.2616,0.2364,0.1805,304.0,2.2011,294.9088,1.3499,0.9035,1.3093,0.69,0.4772,1,17.6502,0.2474,Low Potential
21.76,80.235,0,Grid Point,0.0701,0.0884,0.1,0.257,0.2844,0.1953,299.0,2.2011,114.9089,1.4272,1.107,1.4565,0.7601,0.4395,1,17.0114,0.1313,Low Potential
21.76,80.25,0,Grid Point,0.0959,0.1363375,0.18015,0.3003,0.358,0.2939,292.0,5.0654,259.4773,2.0135,1.192,1.2179,0.9787,0.217,1,15.9742,0.2222,Low Potential
21.76,80.265,0,Grid Point,0.0802,0.106,0.1253,0.2308,0.2724,0.1998,307.0,0.0,0.0,1.5623,1.18,1.3631,0.8657,0.2963,1,15.0245,0.3976,Moderate Potential
21.76,80.28,0,Grid Point,0.0704,0.0918,0.098,0.2306,0.276,0.1966,301.0,1.9965,90.0,1.3913,1.1971,1.4039,0.8527,0.4037,1,14.1799,0.294,Low Potential
21.76,80.295,0,Grid Point,0.0588,0.0819,0.0764,0.2442,0.2198,0.1428,304.0,4.7576,141.0777,1.2982,0.9001,1.5389,0.5849,0.5233,1,13.4602,0.1794,Low Potential
21.76,80.31,0,Grid Point,0.0841,0.1093,0.134,0.2467,0.3191,0.231,309.0,4.3956,294.9088,1.5939,1.2935,1.3817,0.9362,0.2959,1,12.8864,0.5204,Moderate Potential
21.76,80.325,0,Grid Point,0.0513,0.0752,0.0639,0.2326,0.1591,0.0873,313.0,0.0,0.0,1.2456,0.6839,1.8225,0.3752,0.569,1,12.4786,0.4157,Moderate Potential
21.76,80.34,0,Grid Point,0.0768,0.1028,0.1221,0.2254,0.3043,0.2336,312.0,3.421,215.6713,1.5909,1.3503,1.3027,1.0366,0.2972,1,12.2534,0.6426,Moderate Potential
21.76,80.355,0,Grid Point,0.0868,0.1177,0.1388,0.3001,0.4012,0.301,322.0,2.7803,0.0,1.5987,1.3371,1.3331,1.003,0.3674,1,12.2209,0.3591,Moderate Potential
21.76,80.37,0,Grid Point,0.0652,0.0937,0.095,0.2468,0.26,0.1765,308.0,1.3627,312.8842,1.4571,1.0533,1.4731,0.715,0.4442,1,12.3826,0.1654,Low Potential
21.76,80.385,0,Grid Point,0.0795,0.103,0.0998,0.2748,0.2659,0.1762,389.0,7.547549999999999,307.7382,1.2568,0.9676,1.5087,0.6414,0.467,1,12.7311,0.2266,Low Potential
21.76,80.4,0,Grid Point,0.0491,0.0649,0.0635,0.2375,0.1989,0.1164,410.0,7.547549999999999,246.5674,1.2923,0.8375,1.7088,0.4901,0.5783,1,13.2517,0.2218,Low Potential
21.76,80.415,0,Grid Point,0.0544,0.0782,0.0597,0.2816,0.215,0.115,391.0,7.547549999999999,210.104,1.0964,0.7637,1.87,0.4084,0.6502,1,13.9251,0.2624,Low Potential
21.76,80.43,0,Grid Point,0.0431,0.0632,0.068,0.2072,0.2288,0.1409,442.0,7.547549999999999,146.0614,1.5789,1.1045,1.6238,0.6802,0.5055,1,13.1333,0.1877,Low Potential
21.76,80.445,0,Grid Point,0.0374,0.0512,0.0438,0.2317,0.1813,0.0958,349.0,2.7238,227.1158,1.1714,0.7825,1.8915,0.4137,0.6823,1,11.6909,0.5213,Moderate Potential
21.76,80.46,0,Grid Point,0.0377,0.055,0.0439,0.2354,0.1798,0.0956,525.0,7.547549999999999,98.799,1.166,0.7638,1.8817,0.4059,0.6856,1,10.2784,0.496,Moderate Potential
21.76,80.475,0,Grid Point,0.0557,0.0837,0.0798,0.2933,0.271,0.1776,305.0,7.547549999999999,300.1337,1.4327,0.9241,1.5266,0.6054,0.5722,1,8.9101,0.2206,Low Potential
21.76,80.49,0,Grid Point,0.0355,0.0473,0.0415,0.204,0.1742,0.0952,416.0,7.547549999999999,86.8729,1.169,0.8539,1.8308,0.4664,0.6619,1,7.6096,0.5588,Moderate Potential
21.775,79.2,0,Grid Point,0.0498,0.0626,0.0707,0.1871,0.2668,0.1715,522.0,4.7578,38.9252,1.4197,1.426,1.5557,0.9166,0.4515,0,39.7311,0.1777,Low Potential
21.775,79.215,0,Grid Point,0.0427,0.0552,0.0534,0.1828,0.2242,0.1378,509.0,5.6356,169.8253,1.2518,1.2268,1.6274,0.7538,0.5475,0,38.5418,0.2288,Low Potential
21.775,79.23,0,Grid Point,0.0714,0.1074,0.1014,0.2959,0.3352,0.2154,498.0,6.1968,233.3907,1.4195,1.133,1.5568,0.7278,0.4897,0,37.3784,0.2094,Low Potential
21.775,79.245,0,Grid Point,0.054,0.0711,0.0535,0.13885000000000003,0.09513749999999997,0.017112500000000003,484.0,7.547549999999999,31.6054,0.9907,0.6962,1.358,0.5127,0.07343750000000004,0,36.2436,0.549,Moderate Potential
21.775,79.26,0,Grid Point,0.0556,0.0826,0.0715,0.1575,0.123,0.0763,485.0,3.4212,144.3258,1.2871,0.781,1.6121,0.4844,0.3755,0,35.1401,0.3645,Moderate Potential
21.775,79.275,0,Grid Point,0.0536,0.0772,0.0608,0.3124,0.1981,0.1116,486.0,2.9537,199.7453,1.1345,0.6341,1.7751,0.3572,0.6744,0,34.071,0.288,Low Potential
21.775,79.29,0,Grid Point,0.0828,0.1106,0.1366,0.2744,0.3883,0.2874,498.0,2.2013,245.0934,1.6502,1.4153,1.351,1.0476,0.3354,0,33.0395,0.2782,Low Potential
21.775,79.305,0,Grid Point,0.0392,0.0492,0.0522,0.1876,0.2335,0.1444,530.0,4.7578,321.0748,1.3312,1.2443,1.6165,0.7698,0.5644,0,32.0493,0.2823,Low Potential
21.775,79.32,0,Grid Point,0.0408,0.0518,0.0546,0.2106,0.2276,0.1322,536.0,2.7239,312.8813,1.3382,1.0807,1.7219,0.6276,0.5882,0,31.1044,0.2122,Low Potential
21.775,79.335,0,Grid Point,0.049,0.0611,0.057,0.2118,0.2247,0.1436,485.0,7.547549999999999,349.8253,1.1655,1.0609,1.5642,0.6782,0.5756,0,30.2089,0.1971,Low Potential
21.775,79.35,0,Grid Point,0.0404,0.0532,0.0459,0.2045,0.2074,0.1228,477.0,2.1058,331.7012,1.1347,1.0144,1.6886,0.6007,0.6334,0,29.3676,0.2691,Low Potential
21.775,79.365,0,Grid Point,0.045,0.0624,0.066,0.1982,0.2675,0.1791,447.0,3.8363,164.9327,1.465,1.3493,1.4936,0.9034,0.5005,0,28.585,0.1524,Low Potential
21.775,79.38,0,Grid Point,0.043,0.0524,0.0451,0.1836,0.2176,0.1346,441.0,2.1058,208.2988,1.0476,1.1849,1.6157,0.7334,0.6056,0,27.8661,0.2295,Low Potential
21.775,79.395,0,Grid Point,0.0418,0.059,0.0523,0.2548,0.2204,0.1248,487.0,7.547549999999999,55.9657,1.2527,0.8652,1.7657,0.49,0.6594,0,27.2161,0.2338,Low Potential
21.775,79.41,0,Grid Point,0.0504,0.063,0.0778,0.1926,0.2754,0.1844,444.0,0.0,0.0,1.5421,1.43,1.4928,0.9579,0.4244,0,26.6399,0.1483,Low Potential
21.775,79.425,0,Grid Point,0.0535,0.0652,0.0795,0.2032,0.311,0.213,428.0,1.3627,47.1187,1.486,1.5305,1.4598,1.0485,0.4376,0,26.1424,0.1504,Low Potential
21.775,79.44,0,Grid Point,0.061,0.0794,0.0902,0.2289,0.2812,0.1974,426.0,1.3627,227.1187,1.4783,1.2285,1.4242,0.8626,0.4344,0,25.7283,0.1653,Low Potential
21.775,79.455,0,Grid Point,0.0566,0.0767,0.0798,0.2174,0.2271,0.1492,419.0,2.7239,227.1187,1.4086,1.0446,1.5221,0.6863,0.463,0,25.4015,0.127,Low Potential
21.775,79.47,0,Grid Point,0.0456,0.0571,0.0606,0.1762,0.2534,0.1674,420.0,4.0943,76.9296,1.33,1.4383,1.513,0.9506,0.4878,0,25.1654,0.1708,Low Potential
21.775,79.485,0,Grid Point,0.0475,0.063,0.073,0.1924,0.3018,0.2095,413.0,0.9274,0.0,1.5358,1.5689,1.4408,1.0889,0.4502,0,25.0227,0.1584,Low Potential
21.775,79.5,0,Grid Point,0.0521,0.0658,0.0801,0.191,0.3141,0.2242,413.0,3.4212,324.3258,1.5374,1.6445,1.4013,1.1736,0.4091,0,24.975,0.3278,Low Potential
21.775,79.515,0,Grid Point,0.0621,0.0757,0.0928,0.2072,0.3253,0.2284,399.0,3.5196,58.2384,1.4952,1.5704,1.4246,1.1023,0.381,0,25.0227,0.2258,Low Potential
21.775,79.53,0,Grid Point,0.0471,0.0627,0.0792,0.2042,0.2948,0.2026,400.0,5.0659,79.4784,1.6805,1.4431,1.4545,0.9922,0.4414,0,25.1654,0.199,Low Potential
21.775,79.545,0,Grid Point,0.0591,0.0798,0.106,0.2294,0.3525,0.2517,404.0,4.7578,38.9252,1.7944,1.537,1.4002,1.0977,0.3676,0,25.2658,0.3813,Moderate Potential
21.775,79.56,0,Grid Point,0.073,0.1043,0.1286,0.2491,0.3397,0.2608,400.0,1.3627,47.1187,1.7622,1.3637,1.3025,1.047,0.3192,0,23.9896,0.314,Low Potential
21.775,79.575,0,Grid Point,0.0458,0.0593,0.0724,0.1998,0.2879,0.1922,410.0,2.1058,331.7012,1.5791,1.4413,1.4979,0.9622,0.4679,0,22.7468,0.1762,Low Potential
21.775,79.59,0,Grid Point,0.0766,0.1072,0.1286,0.2524,0.3251,0.2414,423.0,2.9537,160.2547,1.6784,1.2878,1.3464,0.9564,0.3248,0,21.5431,0.4435,Moderate Potential
21.775,79.605,0,Grid Point,0.0479,0.0627,0.0785,0.1962,0.3039,0.2044,406.0,1.9967,90.0,1.6378,1.5493,1.4868,1.0421,0.4286,0,20.3855,0.1636,Low Potential
21.775,79.62,0,Grid Point,0.0446,0.06,0.0683,0.19,0.2592,0.1675,422.0,2.2013,65.0934,1.5325,1.3646,1.5475,0.8818,0.4708,0,19.2823,0.1414,Low Potential
21.775,79.635,0,Grid Point,0.0374,0.0573,0.0663,0.2049,0.2357,0.1402,436.0,7.547549999999999,135.8975,1.7727,1.1503,1.6818,0.684,0.5111,0,18.2433,0.2275,Low Potential
21.775,79.65,0,Grid Point,0.045,0.0606,0.077,0.2156,0.2638,0.1689,389.0,2.7239,132.8813,1.7081,1.2233,1.5616,0.7834,0.4739,0,17.2802,0.182,Low Potential
21.775,79.665,0,Grid Point,0.0506,0.0757,0.0908,0.2409,0.3058,0.189,385.0,4.206,208.2988,1.7937,1.2692,1.6177,0.7846,0.4523,0,16.4063,0.2368,Low Potential
21.775,79.68,0,Grid Point,0.0495,0.0729,0.0914,0.2252,0.3314,0.2314,384.0,5.0659,79.4784,1.8456,1.471,1.4322,1.0271,0.4225,0,15.6365,0.2495,Low Potential
21.775,79.695,0,Grid Point,0.0708,0.0992,0.1215,0.2664,0.3152,0.22,374.0,5.0363,203.3032,1.7149,1.183,1.4331,0.8255,0.3736,0,14.9869,0.3015,Low Potential
21.775,79.71,0,Grid Point,0.0473,0.0704,0.0542,0.2504,0.1876,0.1147,375.0,2.2013,65.0934,1.1469,0.7493,1.636,0.458,0.6439,0,14.4738,0.2084,Low Potential
21.775,79.725,0,Grid Point,0.0668,0.0984,0.1049,0.2861,0.3102,0.2068,364.0,4.0821,47.1187,1.5715,1.0844,1.5004,0.7228,0.4634,0,14.1119,0.2126,Low Potential
21.775,79.74,0,Grid Point,0.0638,0.0922,0.0968,0.2668,0.2981,0.1973,358.0,1.3627,312.8813,1.5176,1.1173,1.5109,0.7395,0.4677,0,13.9132,0.1875,Low Potential
21.775,79.755,0,Grid Point,0.0618,0.0882,0.0935,0.1971,0.2302,0.1629,354.0,3.9886,270.0,1.5129,1.1679,1.4131,0.8265,0.3565,0,13.8846,0.3445,Low Potential
21.775,79.77,0,Grid Point,0.0787,0.1119,0.1074,0.1616,0.1663,0.104,346.0,3.5196,301.7616,1.364,1.0288,1.599,0.6434,0.2019,0,14.0271,0.3583,Moderate Potential
21.775,79.785,0,Grid Point,0.0458,0.05,0.0406,0.13885000000000003,0.09513749999999997,0.058,348.0,0.9274,0.0,0.9781375000000002,1.0194,1.5884,0.6417,0.3797,0,14.3357,0.4383,Moderate Potential
21.775,79.8,0,Grid Point,0.0612,0.0834,0.0871,0.2428,0.2028,0.1414,348.0,0.9987,90.0,1.4244,0.8352,1.4344,0.5823,0.4719,0,14.7999,0.1526,Low Potential
21.775,79.815,0,Grid Point,0.0428,0.0644,0.055,0.2266,0.1404,0.0747,343.0,2.9537,19.7453,1.2835,0.6197,1.8795,0.3297,0.6093,0,15.4058,0.5132,Moderate Potential
21.775,79.83,0,Grid Point,0.0694,0.0932,0.1078,0.2443,0.2772,0.195,344.0,1.3627,227.1187,1.5526,1.1349,1.4222,0.798,0.3879,0,16.1373,0.1694,Low Potential
21.775,79.845,0,Grid Point,0.0602,0.0854,0.1077,0.2436,0.3172,0.2416,340.0,4.0821,132.8813,1.7876,1.3023,1.3131,0.9918,0.3868,0,16.9783,0.4885,Moderate Potential
21.775,79.86,0,Grid Point,0.043,0.0653,0.0555,0.193,0.1166,0.0704,330.0,1.3627,132.8813,1.2892,0.604,1.6574,0.3644,0.5534,0,17.9132,0.441,Moderate Potential
21.775,79.875,0,Grid Point,0.0518,0.0743,0.0736,0.2304,0.231,0.1538,336.0,1.3627,227.1187,1.4195,1.0026,1.5016,0.6677,0.5157,0,18.0335,0.1225,Low Potential
21.775,79.89,0,Grid Point,0.0512,0.0734,0.0736,0.2254,0.2726,0.1756,333.0,2.2013,114.9066,1.4385,1.2089,1.5521,0.7789,0.5075,0,16.4893,0.1377,Low Potential
21.775,79.905,0,Grid Point,0.0604,0.0858,0.0902,0.2326,0.2732,0.1882,326.0,2.2013,245.0934,1.4954,1.1743,1.4514,0.8091,0.4409,0,14.9453,0.1558,Low Potential
21.775,79.92,0,Grid Point,0.0754,0.0996,0.1302,0.2284,0.388,0.2992,325.0,1.9967,90.0,1.7263,1.699,1.297,1.31,0.2737,0,13.4015,0.3767,Moderate Potential
21.775,79.935,0,Grid Point,0.0733,0.0944,0.124,0.216,0.363,0.2724,329.0,3.8363,164.9327,1.6924,1.6803,1.3327,1.2609,0.2704,0,11.858,0.5132,Moderate Potential
21.775,79.95,0,Grid Point,0.0672,0.0909,0.1148,0.2336,0.3334,0.2422,316.0,3.1334,72.8001,1.7103,1.4275,1.3768,1.0368,0.3407,0,10.3149,0.5419,Moderate Potential
21.775,79.965,0,Grid Point,0.0708,0.0984,0.1227,0.2277,0.3134,0.2356,308.0,2.1058,208.2988,1.7331,1.3762,1.3303,1.0345,0.2997,0,8.7726,0.4966,Moderate Potential
21.775,79.98,0,Grid Point,0.061,0.079,0.1011,0.1813,0.3607,0.2632,311.0,2.7803,180.0,1.656,1.8754,1.37,1.452,0.284,0,7.2313,0.5003,Moderate Potential
21.775,79.995,0,Grid Point,0.0448,0.0601,0.0469,0.2322,0.2076,0.1141,309.0,2.9935,270.0,1.048,0.8945,1.8199,0.4915,0.6639,0,5.6921,0.2789,Low Potential
21.775,80.01,0,Grid Point,0.0522,0.071,0.0728,0.1849,0.2104,0.1424,306.0,3.5196,58.2384,1.396,1.1379,1.478,0.7699,0.435,0,4.1572,0.1832,Low Potential
21.775,80.025,0,Grid Point,0.09,0.1282,0.1712,0.2632,0.3755,0.303,302.0,2.2013,65.0934,1.9012,1.4267,1.2393,1.1512,0.2118,0,2.6341,0.2269,Low Potential
21.775,80.04,0,Grid Point,0.1013,0.13,0.153,0.2482,0.3034,0.2537,301.0,1.3627,312.8813,1.4733,1.2222,1.1957,1.0222,0.2373,1,1.17,0.3547,Moderate Potential
21.775,80.055,0,Grid Point,0.0568,0.0807,0.0738,0.2604,0.2666,0.162,300.0,2.2013,65.0934,1.2984,1.0234,1.6459,0.6218,0.5586,1,0.7571,0.1739,Low Potential
21.775,80.07,0,Grid Point,0.0804,0.1082,0.1317,0.2442,0.3348,0.2602,309.0,2.2013,245.0934,1.6381,1.3705,1.2868,1.0651,0.2994,1,2.1335,0.355,Moderate Potential
21.775,80.085,0,Grid Point,0.0655,0.0898,0.1,0.2202,0.2737,0.1861,300.0,2.2013,245.0934,1.526,1.243,1.4707,0.8451,0.3756,1,3.6475,0.2315,Low Potential
21.775,80.1,0,Grid Point,0.0732,0.0979,0.1062,0.2576,0.2914,0.2026,303.0,4.396,245.0934,1.4498,1.1312,1.4384,0.7864,0.4161,1,5.1798,0.2277,Low Potential
21.775,80.115,0,Grid Point,0.0574,0.0846,0.0797,0.2486,0.2426,0.1465,304.0,1.3627,227.1187,1.3873,0.9757,1.656,0.5892,0.5145,1,6.718,0.1535,Low Potential
21.775,80.13,0,Grid Point,0.074,0.0964,0.109,0.2457,0.2842,0.2034,316.0,2.9935,90.0,1.4733,1.1565,1.3973,0.8276,0.3856,1,8.2587,0.323,Low Potential
21.775,80.145,0,Grid Point,0.0818,0.1058,0.1191,0.2496,0.3109,0.2232,308.0,2.7803,0.0,1.4569,1.2458,1.3926,0.8946,0.3539,1,9.8007,0.4079,Moderate Potential
21.775,80.16,0,Grid Point,0.0485,0.0635,0.0562,0.2142,0.1845,0.1092,296.0,2.2013,65.0934,1.1577,0.8613,1.6888,0.51,0.5846,1,11.3436,0.2211,Low Potential
21.775,80.175,0,Grid Point,0.0673,0.0839,0.0956,0.2177,0.3012,0.2057,293.0,3.4212,215.6742,1.4212,1.3838,1.4645,0.9449,0.3895,1,12.887,0.3295,Low Potential
21.775,80.19,0,Grid Point,0.1013,0.1363375,0.18015,0.2928,0.381,0.3202,295.0,7.547549999999999,166.5424,1.8157,1.301,1.1901,1.0932,0.1968,1,14.4307,0.2233,Low Potential
21.775,80.205,0,Grid Point,0.0641,0.0886,0.0892,0.2144,0.1407,0.0936,301.0,1.3627,47.1187,1.3924,0.6564,1.5024,0.4369,0.4121,1,15.9746,0.3515,Moderate Potential
21.775,80.22,0,Grid Point,0.0679,0.0916,0.1045,0.2404,0.2392,0.17,302.0,0.9987,90.0,1.539,0.9948,1.4066,0.7072,0.3941,1,17.5188,0.2142,Low Potential
21.775,80.235,0,Grid Point,0.0786,0.0973,0.1074,0.2262,0.2287,0.1758,301.0,2.1058,331.7012,1.3649,1.0111,1.3005,0.7774,0.3563,1,17.4319,0.3451,Low Potential
21.775,80.25,0,Grid Point,0.0581,0.0797,0.0824,0.2494,0.2172,0.1488,300.0,2.2013,114.9066,1.4182,0.8709,1.4598,0.5966,0.5032,1,16.8989,0.1245,Low Potential
21.775,80.265,0,Grid Point,0.0632,0.083,0.0819,0.2347,0.1336,0.0849,302.0,0.9987,90.0,1.2961,0.5695,1.5742,0.3617,0.4829,1,16.4063,0.4412,Moderate Potential
21.775,80.28,0,Grid Point,0.0567,0.0898,0.0722,0.278,0.2064,0.1189,354.0,7.547549999999999,227.1187,1.2743,0.7426,1.7363,0.4277,0.5874,1,15.6365,0.2389,Low Potential
21.775,80.295,0,Grid Point,0.0898,0.1122,0.142,0.2533,0.3722,0.2862,314.0,0.9274,0.0,1.5816,1.4692,1.3001,1.1301,0.2817,1,14.9869,0.353,Moderate Potential
21.775,80.31,0,Grid Point,0.0704,0.095,0.1046,0.2609,0.3222,0.2278,311.0,3.1334,107.1999,1.4869,1.235,1.4142,0.8733,0.4276,1,14.4738,0.3181,Low Potential
21.775,80.325,0,Grid Point,0.0728,0.0962,0.1097,0.2221,0.3194,0.2302,317.0,2.7239,47.1187,1.5069,1.4379,1.3876,1.0362,0.3388,1,14.1119,0.6008,Moderate Potential
21.775,80.34,0,Grid Point,0.0445,0.0586,0.0514,0.2044,0.1994,0.1154,316.0,0.9274,180.0,1.1564,0.976,1.7283,0.5647,0.598,1,13.9132,0.2451,Low Potential
21.775,80.355,0,Grid Point,0.0676,0.0876,0.0979,0.2233,0.3077,0.2231,321.0,0.9274,180.0,1.4472,1.378,1.3792,0.9991,0.3904,1,13.8846,0.5867,Moderate Potential
21.775,80.37,0,Grid Point,0.069,0.1013,0.1168,0.2816,0.3308,0.2521,321.0,3.1334,287.1999,1.6933,1.1745,1.3122,0.8951,0.4139,1,14.0271,0.465,Moderate Potential
21.775,80.385,0,Grid Point,0.0512,0.0684,0.0798,0.2166,0.2662,0.1772,342.0,4.206,331.7012,1.5586,1.2285,1.502,0.8179,0.4616,1,14.3357,0.2487,Low Potential
21.775,80.4,0,Grid Point,0.0418,0.0569,0.054,0.204,0.1826,0.1034,486.0,7.547549999999999,245.0934,1.2919,0.8949,1.7655,0.5069,0.5814,1,14.7999,0.2858,Low Potential
21.775,80.415,0,Grid Point,0.0349,0.053,0.0482,0.2122,0.16,0.0836,581.0,7.547549999999999,188.4483,1.3825,0.7541,1.9133,0.3941,0.6296,1,14.1792,0.5058,Moderate Potential
21.775,80.43,0,Grid Point,0.038,0.0536,0.043,0.242,0.1635,0.0816,590.125,7.547549999999999,21.3841,1.1344,0.6758,1.9758749999999998,0.3375,0.6979,1,12.6677,0.5815,Moderate Potential
21.775,80.445,0,Grid Point,0.0437,0.0649,0.0554,0.2648,0.1986,0.1065,372.0,1.3627,227.1187,1.2677,0.7498,1.8643,0.4022,0.654,1,11.1653,0.2682,Low Potential
21.775,80.46,0,Grid Point,0.039,0.052,0.0418,0.2314,0.1608,0.0823,590.0,7.547549999999999,44.8276,1.0704,0.6953,1.9544,0.3557,0.6939,1,9.6764,0.6087,Moderate Potential
21.775,80.475,0,Grid Point,0.0442,0.0636,0.0604,0.2256,0.2752,0.1843,336.0,4.0943,103.0704,1.3638,1.2201,1.4935,0.8169,0.5779,1,8.2083,0.2198,Low Potential
21.775,80.49,0,Grid Point,0.0432,0.0624,0.0652,0.1964,0.2141,0.132,330.0,6.0414,81.2019,1.5093,1.0904,1.622,0.6723,0.5014,1,6.7744,0.2065,Low Potential
21.79,79.2,0,Grid Point,0.0501,0.0649,0.0642,0.2152,0.2525,0.1534,522.0,5.3124,290.376,1.2814,1.1733,1.646,0.7128,0.5404,0,40.7983,0.1791,Low Potential
21.79,79.215,0,Grid Point,0.0402,0.0542,0.0541,0.1967,0.2255,0.1445,527.0,3.5198,238.2411,1.3474,1.1464,1.5606,0.7346,0.5686,0,39.641,0.1966,Low Potential
21.79,79.23,0,Grid Point,0.0488,0.0693,0.0792,0.1968,0.2534,0.1726,537.0,2.7241,227.1217,1.6213,1.2876,1.4677,0.8773,0.4261,0,38.5109,0.1814,Low Potential
21.79,79.245,0,Grid Point,0.0442,0.0616,0.0646,0.1938,0.2414,0.1538,532.0,0.9988,270.0,1.4621,1.2456,1.5704,0.7931,0.5004,0,37.4104,0.1626,Low Potential
21.79,79.26,0,Grid Point,0.0392,0.0536,0.0575,0.2058,0.2277,0.1368,521.0,4.0823,132.8783,1.4687,1.1064,1.6639,0.665,0.5632,0,36.3424,0.2019,Low Potential
21.79,79.275,0,Grid Point,0.0392,0.0522,0.0528,0.1827,0.246,0.1551,509.0,4.2061,151.6987,1.3439,1.3467,1.5864,0.8489,0.5519,0,35.3096,0.2357,Low Potential
21.79,79.29,0,Grid Point,0.0618,0.0924,0.094,0.2888,0.3204,0.2046,494.0,7.547549999999999,197.9048,1.521,1.1092,1.5656,0.7085,0.5089,0,34.3154,0.1954,Low Potential
21.79,79.305,0,Grid Point,0.0412,0.0523,0.0588,0.1806,0.2444,0.153,522.0,2.1059,331.6987,1.4277,1.3532,1.5982,0.8467,0.5092,0,33.3631,0.1872,Low Potential
21.79,79.32,0,Grid Point,0.0469,0.0611,0.07,0.211,0.2565,0.1656,542.0,2.2014,245.0957,1.4925,1.2154,1.5489,0.7846,0.5019,0,32.4565,0.1357,Low Potential
21.79,79.335,0,Grid Point,0.0392,0.0534,0.0526,0.1899,0.2198,0.1345,546.0,7.547549999999999,67.5746,1.3414,1.1577,1.6346,0.7083,0.5659,0,31.5994,0.2361,Low Potential
21.79,79.35,0,Grid Point,0.0406,0.0578,0.0648,0.2039,0.248,0.1472,469.0,5.6356,190.1757,1.5941,1.2163,1.6854,0.7217,0.5177,0,30.796,0.1994,Low Potential
21.79,79.365,0,Grid Point,0.0454,0.0596,0.0714,0.19,0.2836,0.1959,446.0,7.547549999999999,101.659,1.5738,1.493,1.4477,1.0313,0.4533,0,30.0506,0.1688,Low Potential
21.79,79.38,0,Grid Point,0.0403,0.0538,0.0439,0.2176,0.227,0.1316,463.0,4.2061,151.6987,1.088,1.0432,1.7243,0.605,0.6642,0,29.3677,0.2548,Low Potential
21.79,79.395,0,Grid Point,0.0488,0.0698,0.0678,0.2205,0.239,0.1505,480.0,5.5044,327.1307,1.3893,1.0839,1.588,0.6825,0.5297,0,28.7516,0.1568,Low Potential
21.79,79.41,0,Grid Point,0.0432,0.0595,0.0502,0.2548,0.2388,0.1342,477.0,4.733,167.8448,1.1622,0.9374,1.7791,0.5269,0.6711,0,28.2068,0.229,Low Potential
21.79,79.425,0,Grid Point,0.0378,0.056,0.0445,0.2331,0.2131,0.1187,470.0,7.547549999999999,201.9916,1.1788,0.9142,1.7953,0.5092,0.6794,0,27.7374,0.302,Low Potential
21.79,79.44,0,Grid Point,0.0458,0.0765,0.0816,0.259,0.2782,0.1742,452.0,2.2014,294.9043,1.7817,1.0739,1.5972,0.6724,0.5208,0,27.3474,0.1528,Low Potential
21.79,79.455,0,Grid Point,0.0435,0.0536,0.0538,0.1868,0.2275,0.1468,426.0,1.3628,47.1217,1.2379,1.2176,1.5492,0.7859,0.5526,0,27.0402,0.1666,Low Potential
21.79,79.47,0,Grid Point,0.044,0.0614,0.0693,0.193,0.273,0.1817,427.0,0.9274,180.0,1.5721,1.4146,1.5022,0.9417,0.4718,0,26.8186,0.1481,Low Potential
21.79,79.485,0,Grid Point,0.1013,0.1363375,0.18015,0.31765,0.42003750000000006,0.3336125,417.0,3.989,90.0,1.1677,1.4585,1.0661,1.368,0.07343750000000004,0,26.6848,0.2735,Low Potential
21.79,79.5,0,Grid Point,0.0608,0.0826,0.1032,0.2182,0.316,0.231,410.0,2.7803,0.0,1.6988,1.4485,1.3683,1.0587,0.3577,0,26.64,0.4594,Moderate Potential
21.79,79.515,0,Grid Point,0.084,0.1082,0.1307,0.2387,0.3244,0.2448,404.0,3.1337,107.1982,1.555,1.3592,1.3254,1.0256,0.2924,0,26.6848,0.3368,Low Potential
21.79,79.53,0,Grid Point,0.044,0.0553,0.0594,0.1936,0.2412,0.1568,410.0,0.0,0.0,1.3504,1.2456,1.5379,0.8099,0.5307,0,26.8186,0.1472,Low Potential
21.79,79.545,0,Grid Point,0.0412,0.0582,0.0635,0.2078,0.2527,0.1565,409.0,0.9988,270.0,1.54,1.2164,1.6147,0.7533,0.5321,0,26.2171,0.1803,Low Potential
21.79,79.56,0,Grid Point,0.0381,0.0532,0.0492,0.213,0.2667,0.1663,408.0,1.3628,132.8783,1.2913,1.2524,1.6037,0.7809,0.6246,0,24.9895,0.2106,Low Potential
21.79,79.575,0,Grid Point,0.0528,0.0755,0.08,0.2226,0.267,0.1862,408.0,0.9988,270.0,1.5161,1.1997,1.4338,0.8367,0.471,0,23.799,0.1603,Low Potential
21.79,79.59,0,Grid Point,0.0744,0.1046,0.1232,0.26,0.3283,0.2304,419.0,1.8543,180.0,1.6552,1.2624,1.4246,0.8862,0.3573,0,22.6513,0.324,Low Potential
21.79,79.605,0,Grid Point,0.0518,0.0686,0.0882,0.2026,0.3024,0.2056,426.0,1.3628,132.8783,1.7017,1.4925,1.4714,1.0143,0.3937,0,21.5533,0.1638,Low Potential
21.79,79.62,0,Grid Point,0.0464,0.0627,0.0679,0.1908,0.2545,0.1736,434.0,3.1337,287.1982,1.4634,1.3335,1.4656,0.9099,0.4752,0,20.513,0.1876,Low Potential
21.79,79.635,0,Grid Point,0.0397,0.0595,0.0661,0.1958,0.217,0.1406,451.0,7.547549999999999,109.1984,1.665,1.108,1.5425,0.7183,0.4952,0,19.5396,0.2407,Low Potential
21.79,79.65,0,Grid Point,0.0414,0.056,0.0426,0.2372,0.1977,0.1066,484.0,7.547549999999999,344.9312,1.029,0.8335,1.8537,0.4496,0.6955,0,18.6435,0.3127,Low Potential
21.79,79.665,0,Grid Point,0.043,0.0526,0.0506,0.1847,0.2324,0.1474,465.0,4.8572,304.8539,1.1793,1.2585,1.5775,0.7978,0.5696,0,17.8365,0.2739,Low Potential
21.79,79.68,0,Grid Point,0.0372,0.054,0.0508,0.2366,0.2149,0.125,590.125,7.547549999999999,210.8923,1.3642,0.9085,1.7199,0.5282,0.6467,0,17.1311,0.2647,Low Potential
21.79,79.695,0,Grid Point,0.038,0.0506,0.052,0.1836,0.217,0.1312,569.0,5.5044,32.8693,1.3715,1.1813,1.6536,0.7144,0.5583,0,16.5404,0.2844,Low Potential
21.79,79.71,0,Grid Point,0.0392,0.0683,0.0684,0.2345,0.2566,0.1588,397.0,7.547549999999999,137.6582,1.7462,1.0945,1.6157,0.6774,0.5481,0,16.0769,0.2356,Low Potential
21.79,79.725,0,Grid Point,0.0694,0.0923,0.1043,0.2673,0.3142,0.211,372.0,2.2014,294.9043,1.504,1.1751,1.4885,0.7894,0.4387,0,15.7519,0.2042,Low Potential
21.79,79.74,0,Grid Point,0.0735,0.0954,0.1219,0.225,0.3402,0.2539,370.0,3.4213,35.677,1.6585,1.5123,1.3399,1.1287,0.2971,0,15.5741,0.519,Moderate Potential
21.79,79.755,0,Grid Point,0.0477,0.0702,0.0534,0.2788,0.1658,0.0923,363.0,2.7803,0.0,1.1184,0.5946,1.7958,0.3311,0.6787,0,15.5485,0.4788,Moderate Potential
21.79,79.77,0,Grid Point,0.0604,0.0874,0.0906,0.2823,0.2434,0.1666,358.0,3.7048,0.0,1.4996,0.862,1.4602,0.5903,0.5139,0,15.6759,0.1728,Low Potential
21.79,79.785,0,Grid Point,0.0652,0.0902,0.0966,0.2498,0.2692,0.1892,356.0,0.9988,270.0,1.482,1.0777,1.4229,0.7574,0.4424,0,15.9527,0.1761,Low Potential
21.79,79.8,0,Grid Point,0.0803,0.109,0.1396,0.2636,0.3414,0.2684,349.0,2.7241,227.1217,1.7379,1.2956,1.2722,1.0184,0.3076,0,16.3711,0.324,Low Potential
21.79,79.815,0,Grid Point,0.0421,0.066,0.0483,0.2729,0.1482,0.0748,349.0,2.9537,199.7472,1.1473,0.5432,1.9758749999999998,0.2743,0.6993,0,16.9208,0.5085,Moderate Potential
21.79,79.83,0,Grid Point,0.0464,0.0671,0.0576,0.2545,0.1491,0.0813,348.0,0.9988,270.0,1.2416,0.5859,1.8339,0.3194,0.6311,0,17.5895,0.4217,Moderate Potential
21.79,79.845,0,Grid Point,0.0594,0.0838,0.102,0.2431,0.2541,0.1731,342.0,2.1059,151.6987,1.7163,1.0452,1.4679,0.7121,0.4091,0,18.364,0.1571,Low Potential
21.79,79.86,0,Grid Point,0.0785,0.1108,0.1344,0.2784,0.328,0.2248,338.0,2.2014,245.0957,1.7115,1.1783,1.459,0.8077,0.349,0,19.2318,0.1904,Low Potential
21.79,79.875,0,Grid Point,0.0592,0.0812,0.0918,0.2162,0.2398,0.1588,338.0,2.2014,294.9043,1.5494,1.1091,1.5099,0.7346,0.404,0,18.0591,0.1548,Low Potential
21.79,79.89,0,Grid Point,0.0634,0.0898,0.1034,0.2619,0.2978,0.2134,340.0,0.9988,90.0,1.633,1.1371,1.3956,0.8148,0.4336,0,16.5173,0.3398,Low Potential
21.79,79.905,0,Grid Point,0.0531,0.0762,0.0707,0.243,0.2334,0.1472,337.0,2.1059,208.3013,1.3324,0.9609,1.5859,0.6059,0.5489,0,14.9762,0.1437,Low Potential
21.79,79.92,0,Grid Point,0.0571,0.0792,0.0792,0.224,0.2444,0.167,328.0,2.1059,208.3013,1.3862,1.0906,1.4627,0.7456,0.4779,0,13.4359,0.1362,Low Potential
21.79,79.935,0,Grid Point,0.0548,0.0761,0.0858,0.2114,0.2628,0.1766,326.0,2.2014,65.0957,1.5666,1.2434,1.4881,0.8356,0.4223,0,11.8969,0.1597,Low Potential
21.79,79.95,0,Grid Point,0.0594,0.0818,0.0968,0.2312,0.2892,0.1923,325.0,1.3628,227.1217,1.6274,1.2506,1.5039,0.8316,0.4101,0,10.3596,0.2434,Low Potential
21.79,79.965,0,Grid Point,0.0736,0.0994,0.1124,0.2368,0.2958,0.2142,314.0,2.1059,151.6987,1.5265,1.2489,1.381,0.9043,0.3564,0,8.8251,0.5224,Moderate Potential
21.79,79.98,0,Grid Point,0.0512,0.071,0.0675,0.2226,0.1941,0.1247,306.0,2.1059,28.3013,1.3171,0.8722,1.5565,0.5603,0.5346,0,7.2949,0.1658,Low Potential
21.79,79.995,0,Grid Point,0.0492,0.0704,0.058,0.2575,0.1519,0.093,306.0,2.7241,227.1217,1.1799,0.5899,1.6342,0.361,0.6321,0,5.7727,0.4748,Moderate Potential
21.79,80.01,0,Grid Point,0.0423,0.059,0.059,0.1945,0.199,0.1163,309.0,2.7803,180.0,1.3948,1.0234,1.7111,0.5981,0.5344,0,4.2669,0.2107,Low Potential
21.79,80.025,0,Grid Point,0.0675,0.0941,0.1106,0.2375,0.2994,0.212,301.0,1.8543,180.0,1.6385,1.2606,1.4119,0.8928,0.3646,0,2.8041,0.4883,Moderate Potential
21.79,80.04,0,Grid Point,0.0683,0.1003,0.0904,0.2864,0.2648,0.1766,305.0,4.6274,0.0,1.3233,0.9244,1.4999,0.6163,0.52,0,1.5143,0.207,Low Potential
21.79,80.055,0,Grid Point,0.0544,0.0753,0.069,0.2512,0.2067,0.1316,300.0,2.1059,208.3013,1.2695,0.823,1.5707,0.524,0.569,0,1.2237,0.1737,Low Potential
21.79,80.07,0,Grid Point,0.0662,0.0972,0.1052,0.2919,0.2792,0.1894,304.0,2.7241,312.8783,1.5884,0.9567,1.4748,0.6487,0.4703,1,2.34,0.1787,Low Potential
21.79,80.085,0,Grid Point,0.0526,0.0698,0.0594,0.13885000000000003,0.1316,0.0976,312.0,2.9938,90.0,1.1304,1.7158,1.3477,1.2731,0.1271,1,3.772,0.6530125,High Potential Deposit Zone
21.79,80.1,0,Grid Point,0.0457,0.0572,0.043,0.13885000000000003,0.09513749999999997,0.0238,307.0,4.0947,76.931,0.9781375000000002,0.6702,1.4547,0.4607,0.0899,1,5.2683,0.5843,Moderate Potential
21.79,80.115,0,Grid Point,0.0707,0.099,0.1143,0.2435,0.2306,0.1732,309.0,0.0,0.0,1.6155,0.9472,1.3313,0.7115,0.3611,1,6.7864,0.3266,Low Potential
21.79,80.13,0,Grid Point,0.0803,0.1006,0.1284,0.1999,0.3494,0.274,323.0,2.7241,47.1217,1.5996,1.7479,1.2752,1.3707,0.2176,1,8.3144,0.4773,Moderate Potential
21.79,80.145,0,Grid Point,0.0956,0.1225,0.1508,0.2602,0.3489,0.2544,308.0,2.9537,160.2528,1.5777,1.3406,1.3712,0.9777,0.2664,1,9.8478,0.2909,Low Potential
21.79,80.16,0,Grid Point,0.0664,0.0886,0.0948,0.2198,0.2584,0.1942,310.0,2.2014,245.0957,1.4288,1.1756,1.3312,0.8831,0.3974,1,11.3842,0.4634,Moderate Potential
21.79,80.175,0,Grid Point,0.091,0.1174,0.1442,0.2564,0.3548,0.2721,306.0,2.7241,47.1217,1.5841,1.3842,1.3041,1.0614,0.2801,1,12.9228,0.3039,Low Potential
21.79,80.19,0,Grid Point,0.0736,0.0862,0.0854,0.13885000000000003,0.1499,0.1166,290.0,3.1337,252.8018,1.1611,1.3721,1.2861,1.0668,0.1225,1,14.4627,0.6138,Moderate Potential
21.79,80.205,0,Grid Point,0.0657,0.0864,0.089,0.2526,0.2658,0.1655,296.0,0.9988,90.0,1.3554,1.0527,1.6068,0.6551,0.4786,1,16.0035,0.1374,Low Potential
21.79,80.22,0,Grid Point,0.059,0.0778,0.077,0.204,0.1674,0.1052,302.0,0.0,0.0,1.3053,0.8203,1.5915,0.5154,0.4522,1,16.6169,0.1953,Low Potential
21.79,80.235,0,Grid Point,0.0682,0.0922,0.0916,0.2134,0.184,0.1279,304.0,0.9988,90.0,1.3434,0.8618,1.4382,0.5992,0.3997,1,15.9075,0.1921,Low Potential
21.79,80.25,0,Grid Point,0.0635,0.0799,0.0746,0.1494,0.1127,0.063,304.0,0.9988,270.0,1.174,0.7544,1.7889,0.4217,0.3342,1,15.3215,0.5417,Moderate Potential
21.79,80.265,0,Grid Point,0.0646,0.0908,0.0828,0.2462,0.1442,0.0797,299.0,1.3628,47.1217,1.2825,0.5856,1.8087,0.3238,0.4964,1,14.8735,0.4601,Moderate Potential
21.79,80.28,0,Grid Point,0.0538,0.0743,0.0724,0.207,0.2348,0.1565,310.0,1.3628,312.8783,1.3435,1.1343,1.5,0.7562,0.4819,1,14.5763,0.1736,Low Potential
21.79,80.295,0,Grid Point,0.0599,0.0806,0.0661,0.3088,0.2212,0.122,556.0,7.547549999999999,0.0,1.1035,0.7165,1.8128,0.3952,0.6474,1,14.4392,0.2914,Low Potential
21.79,80.31,0,Grid Point,0.0446,0.0605,0.0646,0.2114,0.2182,0.1288,344.0,7.547549999999999,157.5002,1.4496,1.0319,1.6937,0.6093,0.5316,1,14.4667,0.1727,Low Potential
21.79,80.325,0,Grid Point,0.051,0.0736,0.0622,0.2364,0.2146,0.121,460.0,7.547549999999999,215.677,1.2218,0.9078,1.7724,0.5122,0.5831,1,14.658,0.2452,Low Potential
21.79,80.34,0,Grid Point,0.0486,0.0732,0.0728,0.2198,0.2168,0.1338,590.125,7.547549999999999,155.2244,1.499,0.9866,1.6209,0.6086,0.5021,1,15.0066,0.1823,Low Potential
21.79,80.355,0,Grid Point,0.0432,0.058,0.0519,0.2085,0.174,0.0962,370.0,7.547549999999999,158.6138,1.2028,0.8348,1.8093,0.4614,0.6014,1,15.5022,0.4086,Moderate Potential
21.79,80.37,0,Grid Point,0.0444,0.0571,0.053,0.2082,0.1836,0.1072,337.0,3.1337,107.1982,1.1937,0.8821,1.714,0.5146,0.5942,1,15.6759,0.2722,Low Potential
21.79,80.385,0,Grid Point,0.0566,0.0786,0.0924,0.2138,0.2917,0.2122,335.0,1.3628,227.1217,1.6348,1.3644,1.3746,0.9925,0.3962,1,15.9527,0.4598,Moderate Potential
21.79,80.4,0,Grid Point,0.0506,0.0665,0.0658,0.2144,0.2236,0.1312,357.0,5.4359,312.8783,1.3007,1.0432,1.7049,0.6118,0.5305,1,15.4898,0.1918,Low Potential
21.79,80.415,0,Grid Point,0.0577,0.083,0.0646,0.31765,0.2287,0.1174,524.0,7.547549999999999,327.1307,1.1205,0.6645,1.948,0.3411,0.6837,1,13.9492,0.3635,Moderate Potential
21.79,80.43,0,Grid Point,0.0382,0.0522,0.0478,0.2347,0.1879,0.1036,590.125,7.547549999999999,54.163,1.251,0.8006,1.8128,0.4416,0.6613,1,12.4097,0.4126,Moderate Potential
21.79,80.445,0,Grid Point,0.037,0.0522,0.0416,0.2254,0.1644,0.0856,590.125,4.733,12.1552,1.1228,0.7293,1.9189,0.3801,0.6883,1,10.8718,0.5674,Moderate Potential
21.79,80.46,0,Grid Point,0.0348,0.0527,0.0461,0.2314,0.1802,0.0968,590.125,7.547549999999999,198.6004,1.3247,0.779,1.8621,0.4183,0.6677,1,9.3362,0.4578,Moderate Potential
21.79,80.475,0,Grid Point,0.0486,0.0607,0.063,0.2075,0.1886,0.1107,590.125,2.9938,90.0,1.2973,0.9089,1.7037,0.5335,0.5339,1,7.8043,0.2316,Low Potential
21.79,80.49,0,Grid Point,0.0372,0.0537,0.0442,0.2439,0.1704,0.0916,396.0,7.547549999999999,65.0957,1.1884,0.6984,1.8607,0.3754,0.6935,1,6.2789,0.5522,Moderate Potential
21.805,79.2,0,Grid Point,0.0701,0.082,0.0992,0.2456,0.2106,0.138,556.0,3.134,287.1965,1.4158,0.8577,1.5255,0.5622,0.4243,0,41.9045,0.1831,Low Potential
21.805,79.215,0,Grid Point,0.0706,0.0891,0.1189,0.2798,0.2214,0.1596,531.0,1.9971,90.0,1.6853,0.7913,1.388,0.5701,0.4036,0,40.7785,0.2435,Low Potential
21.805,79.23,0,Grid Point,0.065,0.0908,0.1026,0.2743,0.2536,0.1768,529.0,3.4214,324.3201,1.5792,0.9244,1.4337,0.6447,0.4554,0,39.6808,0.1929,Low Potential
21.805,79.245,0,Grid Point,0.042,0.0542,0.0526,0.1976,0.2182,0.1274,535.0,0.9989,90.0,1.2527,1.1048,1.7124,0.6452,0.5798,0,38.6138,0.208,Low Potential
21.805,79.26,0,Grid Point,0.0474,0.0646,0.0687,0.2319,0.2358,0.1446,555.0,6.7839,312.8753,1.4478,1.017,1.6305,0.6238,0.5429,0,37.5799,0.1688,Low Potential
21.805,79.275,0,Grid Point,0.0454,0.052,0.059,0.1916,0.235,0.1429,519.0,2.1059,208.3038,1.3007,1.2266,1.6442,0.746,0.5287,0,36.5821,0.1573,Low Potential
21.805,79.29,0,Grid Point,0.0483,0.0652,0.0657,0.2009,0.2107,0.1406,497.0,2.7242,132.8753,1.3588,1.0488,1.4986,0.6999,0.5071,0,35.6234,0.1329,Low Potential
21.805,79.305,0,Grid Point,0.0352,0.0698,0.052,0.2844,0.2354,0.127,580.0,7.547549999999999,167.8436,1.4738,0.8275,1.8539,0.4464,0.6911,0,34.7071,0.267,Low Potential
21.805,79.32,0,Grid Point,0.0474,0.0624,0.0588,0.2037,0.2376,0.1451,545.0,1.3629,47.1247,1.2395,1.1664,1.6384,0.7119,0.5524,0,33.8364,0.1538,Low Potential
21.805,79.335,0,Grid Point,0.0442,0.0568,0.0586,0.1825,0.2204,0.139,497.0,7.547549999999999,23.3075,1.3284,1.2074,1.5858,0.7614,0.5136,0,33.0152,0.1681,Low Potential
21.805,79.35,0,Grid Point,0.0379,0.0564,0.052,0.2196,0.2141,0.1212,522.0,6.1976,126.6036,1.3734,0.9747,1.7658,0.552,0.6169,0,32.2471,0.2527,Low Potential
21.805,79.365,0,Grid Point,0.0458,0.0611,0.0636,0.2485,0.2202,0.1222,503.0,6.1976,53.3964,1.3886,0.8859,1.8023,0.4915,0.5924,0,31.536,0.1765,Low Potential
21.805,79.38,0,Grid Point,0.0435,0.0582,0.0498,0.2099,0.2346,0.1356,486.0,2.2016,114.902,1.1437,1.1177,1.7301,0.646,0.6168,0,30.886,0.1924,Low Potential
21.805,79.395,0,Grid Point,0.043,0.0639,0.0668,0.2496,0.2586,0.1526,534.0,7.547549999999999,132.8753,1.5535,1.0363,1.6944,0.6116,0.5777,0,30.3008,0.1784,Low Potential
21.805,79.41,0,Grid Point,0.0452,0.061,0.0554,0.2326,0.2388,0.144,488.0,6.7613,162.8952,1.2281,1.0264,1.6583,0.619,0.6151,0,29.7843,0.173,Low Potential
21.805,79.425,0,Grid Point,0.0424,0.0588,0.0551,0.2202,0.2433,0.149,506.0,4.2062,208.3038,1.298,1.1049,1.6334,0.6764,0.5997,0,29.3402,0.1793,Low Potential
21.805,79.44,0,Grid Point,0.0412,0.0656,0.0524,0.2874,0.2356,0.1284,504.0,3.8364,164.9297,1.2718,0.8201,1.8346,0.447,0.6915,0,28.9718,0.2389,Low Potential
21.805,79.455,0,Grid Point,0.0456,0.055,0.0496,0.1908,0.2344,0.148,442.0,2.1059,28.3038,1.09,1.2282,1.5843,0.7752,0.5871,0,28.682,0.1878,Low Potential
21.805,79.47,0,Grid Point,0.0752,0.1005,0.1202,0.2492,0.3405,0.2487,433.0,7.547549999999999,164.9297,1.5973,1.3661,1.3691,0.9978,0.3493,0,28.4732,0.3939,Moderate Potential
21.805,79.485,0,Grid Point,0.057,0.0736,0.097,0.2132,0.3068,0.1997,426.0,1.3629,47.1247,1.7024,1.4396,1.5366,0.9369,0.3747,0,28.3471,0.2074,Low Potential
21.805,79.5,0,Grid Point,0.1013,0.1294,0.1454,0.2517,0.3314,0.2731,420.0,3.134,252.8035,1.4292,1.3166,1.2137,1.0848,0.2679,0,28.305,0.2815,Low Potential
21.805,79.515,0,Grid Point,0.048,0.0658,0.0706,0.2403,0.2726,0.1751,420.0,1.3629,132.8753,1.4708,1.1342,1.5565,0.7287,0.5458,0,28.3471,0.1309,Low Potential
21.805,79.53,0,Grid Point,0.04,0.0515,0.0403,0.1771,0.2234,0.1369,425.0,0.0,0.0,1.0075,1.2617,1.6322,0.773,0.6289,0,28.4515,0.2774,Low Potential
21.805,79.545,0,Grid Point,0.0399,0.0545,0.054,0.1926,0.2289,0.1394,425.0,2.7242,227.1247,1.3521,1.1888,1.6414,0.7242,0.5623,0,27.237,0.1856,Low Potential
21.805,79.56,0,Grid Point,0.0584,0.0793,0.106,0.2294,0.3238,0.2242,423.0,2.7803,180.0,1.8144,1.4112,1.4439,0.9773,0.3678,0,26.0576,0.2197,Low Potential
21.805,79.575,0,Grid Point,0.0504,0.07,0.0808,0.2334,0.3074,0.1994,426.0,2.2016,294.902,1.6016,1.3171,1.5418,0.8543,0.4856,0,24.9181,0.1675,Low Potential
21.805,79.59,0,Grid Point,0.0634,0.085,0.0976,0.2409,0.2979,0.2026,416.0,1.9971,270.0,1.5394,1.2366,1.4704,0.841,0.4233,0,23.8244,0.1992,Low Potential
21.805,79.605,0,Grid Point,0.051,0.0695,0.086,0.2182,0.3158,0.2142,429.0,2.9942,270.0,1.6846,1.4476,1.4747,0.9817,0.4345,0,22.783,0.2116,Low Potential
21.805,79.62,0,Grid Point,0.0851,0.1102,0.1298,0.2624,0.3829,0.2938,431.0,4.7582,141.0689,1.5259,1.4589,1.3033,1.1195,0.338,0,21.8015,0.3082,Low Potential
21.805,79.635,0,Grid Point,0.0374,0.0516,0.0518,0.1904,0.2434,0.1506,442.0,2.2016,65.098,1.3845,1.2784,1.6164,0.7909,0.5718,0,20.8882,0.2178,Low Potential
21.805,79.65,0,Grid Point,0.0565,0.0758,0.095,0.1968,0.2941,0.2093,477.0,1.8543,0.0,1.6805,1.4944,1.4052,1.0635,0.3491,0,20.0525,0.3089,Low Potential
21.805,79.665,0,Grid Point,0.0516,0.0702,0.0928,0.1737,0.2928,0.2152,500.0,6.4649,180.0,1.8002,1.6852,1.3603,1.2388,0.3037,0,19.3045,0.3794,Moderate Potential
21.805,79.68,0,Grid Point,0.0441,0.0709,0.083,0.2509,0.241,0.1489,531.0,4.8575,304.851,1.8832,0.9607,1.6189,0.5935,0.5026,0,18.6547,0.1935,Low Potential
21.805,79.695,0,Grid Point,0.0412,0.0606,0.0704,0.1922,0.2386,0.1495,529.0,2.9537,199.7491,1.7108,1.2414,1.5955,0.7781,0.4638,0,18.1136,0.2171,Low Potential
21.805,79.71,0,Grid Point,0.0383,0.0514,0.0446,0.2174,0.2041,0.1203,549.0,5.3129,249.6259,1.1632,0.9388,1.6966,0.5534,0.6599,0,17.6914,0.3571,Moderate Potential
21.805,79.725,0,Grid Point,0.0402,0.0516,0.0636,0.2186,0.222,0.1262,516.0,4.9822,270.0,1.5841,1.016,1.7588,0.5777,0.5492,0,17.3966,0.2807,Low Potential
21.805,79.74,0,Grid Point,0.04,0.054,0.0602,0.1874,0.2568,0.1641,402.0,0.0,0.0,1.505,1.3704,1.5646,0.8759,0.5136,0,17.2358,0.1777,Low Potential
21.805,79.755,0,Grid Point,0.0331,0.0615,0.0548,0.2464,0.213,0.1182,440.0,7.547549999999999,129.432,1.6556,0.8643,1.8028,0.4794,0.6362,0,17.2127,0.2964,Low Potential
21.805,79.77,0,Grid Point,0.0439,0.0781,0.0718,0.2747,0.2544,0.1528,394.0,7.547549999999999,166.5397,1.6355,0.9259,1.6651,0.5561,0.5856,0,17.3279,0.1967,Low Potential
21.805,79.785,0,Grid Point,0.0582,0.0854,0.1055,0.2222,0.2864,0.2153,367.0,0.9989,90.0,1.8112,1.2887,1.33,0.9689,0.3561,0,17.5786,0.5124,Moderate Potential
21.805,79.8,0,Grid Point,0.0438,0.0636,0.0589,0.2307,0.1578,0.0919,354.0,3.134,72.8035,1.3432,0.684,1.7171,0.3984,0.5932,0,17.9592,0.298,Low Potential
21.805,79.815,0,Grid Point,0.0553,0.0791,0.0801,0.2229,0.2072,0.1453,354.0,4.0951,76.9323,1.4485,0.9296,1.426,0.6519,0.4713,0,18.4617,0.1526,Low Potential
21.805,79.83,0,Grid Point,0.0517,0.0723,0.0704,0.248,0.2107,0.13,352.0,2.9537,340.2509,1.3607,0.8494,1.6214,0.5239,0.5581,0,19.0764,0.1572,Low Potential
21.805,79.845,0,Grid Point,0.0652,0.0895,0.101,0.2843,0.29,0.1872,346.0,1.3629,312.8753,1.5471,1.0202,1.5498,0.6583,0.4759,0,19.7929,0.1661,Low Potential
21.805,79.86,0,Grid Point,0.0774,0.1042,0.1316,0.2342,0.3314,0.2904,346.0,4.0825,227.1247,1.7007,1.4147,1.1412,1.2397,0.2808,0,19.7658,0.3353,Low Potential
21.805,79.875,0,Grid Point,0.0568,0.0756,0.1007,0.2078,0.2927,0.2146,339.0,0.9989,90.0,1.7713,1.4082,1.3636,1.0327,0.3473,0,18.2374,0.3991,Moderate Potential
21.805,79.89,0,Grid Point,0.0536,0.0716,0.0782,0.2251,0.2554,0.1674,327.0,3.5201,58.2438,1.4613,1.1344,1.5249,0.7439,0.4841,0,16.712,0.1454,Low Potential
21.805,79.905,0,Grid Point,0.0759,0.1004,0.1281,0.2452,0.3132,0.2307,330.0,2.7242,312.8753,1.6884,1.2769,1.3574,0.9407,0.3136,0,15.1906,0.6411,Moderate Potential
21.805,79.92,0,Grid Point,0.049,0.0649,0.078,0.1972,0.2907,0.1964,324.0,2.7803,180.0,1.5935,1.4738,1.4805,0.9954,0.4332,0,13.6745,0.1952,Low Potential
21.805,79.935,0,Grid Point,0.0448,0.0744,0.059,0.2834,0.2177,0.1298,326.0,0.9274,0.0,1.3155,0.7683,1.6778,0.4579,0.6553,0,12.1657,0.1766,Low Potential
21.805,79.95,0,Grid Point,0.0559,0.0758,0.0857,0.2096,0.311,0.2093,313.0,2.7803,180.0,1.5331,1.484,1.4861,0.9986,0.4196,0,10.6673,0.1958,Low Potential
21.805,79.965,0,Grid Point,0.0783,0.1123,0.1284,0.2846,0.3464,0.2681,309.0,0.9989,270.0,1.6405,1.2168,1.2919,0.9419,0.3781,0,9.1843,0.362,Moderate Potential
21.805,79.98,0,Grid Point,0.0556,0.0784,0.0903,0.2173,0.3144,0.2238,308.0,3.5201,301.7562,1.6256,1.4471,1.405,1.0299,0.4129,0,7.7256,0.5106,Moderate Potential
21.805,79.995,0,Grid Point,0.0664,0.0906,0.1152,0.233,0.33,0.2532,318.0,2.1059,28.3038,1.7349,1.4162,1.3038,1.0862,0.3384,0,6.3082,0.5052,Moderate Potential
21.805,80.01,0,Grid Point,0.0628,0.0849,0.0958,0.25,0.2782,0.1904,310.0,2.7803,180.0,1.5247,1.113,1.4611,0.7618,0.4461,0,4.9674,0.1408,Low Potential
21.805,80.025,0,Grid Point,0.0627,0.0854,0.0891,0.23,0.2314,0.1567,304.0,1.3629,312.8753,1.4211,1.0063,1.4767,0.6815,0.4415,0,3.7857,0.147,Low Potential
21.805,80.04,0,Grid Point,0.0606,0.0859,0.094,0.2602,0.2364,0.1676,304.0,2.7242,227.1247,1.5512,0.9083,1.4098,0.6443,0.4692,0,2.96,0.2198,Low Potential
21.805,80.055,0,Grid Point,0.0601,0.0901,0.0992,0.2525,0.2316,0.1529,300.0,2.1059,331.6962,1.6506,0.917,1.5144,0.6055,0.4359,0,2.8224,0.2018,Low Potential
21.805,80.07,0,Grid Point,0.0638,0.0922,0.0862,0.2624,0.2314,0.1482,305.0,4.7582,38.9311,1.3514,0.8815,1.5605,0.5649,0.5057,0,3.456,0.1913,Low Potential
21.805,80.085,0,Grid Point,0.0558,0.0777,0.0854,0.224,0.2406,0.1471,314.0,1.3629,227.1247,1.53,1.0746,1.636,0.6568,0.4476,0,4.5494,0.138,Low Potential
21.805,80.1,0,Grid Point,0.0762,0.1102,0.1339,0.2408,0.2693,0.208,315.0,2.7242,312.8753,1.7561,1.1184,1.2947,0.8638,0.2853,1,5.8501,0.3505,Moderate Potential
21.805,80.115,0,Grid Point,0.0791,0.1076,0.1228,0.2321,0.3214,0.2484,324.0,3.134,287.1965,1.5518,1.3845,1.2934,1.0704,0.3082,1,7.2473,0.5356,Moderate Potential
21.805,80.13,0,Grid Point,0.0669,0.0946,0.1108,0.2586,0.3171,0.2308,325.0,3.9894,90.0,1.6555,1.2265,1.3742,0.8925,0.4002,1,8.6947,0.5812,Moderate Potential
21.805,80.145,0,Grid Point,0.0848,0.1144,0.1305,0.2678,0.3427,0.2463,309.0,2.2016,245.098,1.5389,1.2799,1.3914,0.9199,0.3446,1,10.1709,0.3263,Low Potential
21.805,80.16,0,Grid Point,0.1013,0.1363375,0.1669,0.25,0.3263,0.2838,297.0,7.547549999999999,265.1754,1.5054,1.3051,1.1497,1.1352,0.1993,1,11.6649,0.337,Low Potential
21.805,80.175,0,Grid Point,0.0628,0.0817,0.0943,0.1916,0.2646,0.1858,301.0,0.9274,180.0,1.5004,1.3816,1.424,0.9702,0.3402,1,13.1707,0.3374,Low Potential
21.805,80.19,0,Grid Point,0.1013,0.1363375,0.149,0.2302,0.2671,0.2196,309.0,2.1059,331.6962,1.2696,1.1603,1.2166,0.9537,0.214,1,14.6846,0.4649,Moderate Potential
21.805,80.205,0,Grid Point,0.1008,0.1259,0.1432,0.2068,0.263,0.2283,309.0,0.0,0.0,1.4201,1.2721,1.152,1.1042,0.1818,1,16.0839,0.5021,Moderate Potential
21.805,80.22,0,Grid Point,0.0627,0.083,0.078,0.2232,0.1496,0.0836,305.0,0.0,0.0,1.244,0.6703,1.7895,0.3746,0.4821,1,15.1935,0.422,Moderate Potential
21.805,80.235,0,Grid Point,0.0833,0.1116,0.1158,0.2539,0.2504,0.197,304.0,1.3629,132.8753,1.3893,0.9862,1.2711,0.7759,0.3735,1,14.4142,0.2333,Low Potential
21.805,80.25,0,Grid Point,0.0577,0.0752,0.0676,0.2126,0.1616,0.1052,297.0,2.7803,180.0,1.1707,0.7603,1.5354,0.4952,0.5177,1,13.7647,0.2415,Low Potential
21.805,80.265,0,Grid Point,0.0545,0.0754,0.0688,0.1926,0.1568,0.0946,299.0,3.5201,121.7562,1.2624,0.8146,1.658,0.4913,0.4735,1,13.2643,0.3605,Moderate Potential
21.805,80.28,0,Grid Point,0.058,0.0788,0.0894,0.2257,0.2863,0.1874,311.0,3.7048,180.0,1.5427,1.2685,1.5282,0.8301,0.4326,1,12.9302,0.2315,Low Potential
21.805,80.295,0,Grid Point,0.0608,0.082,0.0688,0.2728,0.2196,0.1257,369.0,7.547549999999999,339.1862,1.1308,0.8051,1.747,0.4609,0.5974,1,12.7754,0.2601,Low Potential
21.805,80.31,0,Grid Point,0.05,0.0633,0.0514,0.2512,0.1689,0.0849,432.0,7.547549999999999,0.0,1.026,0.6725,1.9758749999999998,0.338,0.6605,1,12.8065,0.5101,Moderate Potential
21.805,80.325,0,Grid Point,0.0352,0.0556,0.0495,0.2293,0.1736,0.0934,528.0,7.547549999999999,204.4978,1.4083,0.7569,1.8581,0.4073,0.6449,1,13.0221,0.4498,Moderate Potential
21.805,80.34,0,Grid Point,0.0362,0.0547,0.0479,0.2416,0.1848,0.094,590.125,7.114,24.7779,1.3214,0.7647,1.9665,0.3889,0.6691,1,13.4134,0.4538,Moderate Potential
21.805,80.355,0,Grid Point,0.0402,0.0554,0.0538,0.2376,0.2002,0.1138,590.125,6.0984,220.7498,1.3412,0.843,1.7589,0.4793,0.6304,1,13.9656,0.2925,Low Potential
21.805,80.37,0,Grid Point,0.0454,0.0648,0.0686,0.225,0.202,0.1288,590.125,7.547549999999999,151.6962,1.511,0.8976,1.5685,0.5722,0.5327,1,14.6605,0.2006,Low Potential
21.805,80.385,0,Grid Point,0.0403,0.0548,0.0461,0.2223,0.1763,0.1008,590.125,1.9971,270.0,1.1452,0.7931,1.749,0.4534,0.6562,1,15.4789,0.4043,Moderate Potential
21.805,80.4,0,Grid Point,0.0369,0.0492,0.054,0.2104,0.1946,0.1096,507.0,7.547549999999999,121.7562,1.4601,0.9249,1.7752,0.521,0.5919,1,15.46,0.3315,Low Potential
21.805,80.415,0,Grid Point,0.0546,0.0748,0.0703,0.2347,0.2116,0.1262,582.0,7.547549999999999,299.7417,1.2875,0.9016,1.676,0.5379,0.539,1,13.9161,0.2048,Low Potential
21.805,80.43,0,Grid Point,0.038,0.0558,0.0546,0.2251,0.2198,0.1326,590.125,7.547549999999999,211.6107,1.4387,0.9762,1.6566,0.5893,0.6096,1,12.3725,0.2594,Low Potential
21.805,80.445,0,Grid Point,0.0364,0.0544,0.0464,0.2382,0.1791,0.0954,590.125,4.8575,55.149,1.2751,0.7517,1.8774,0.4004,0.6743,1,10.8292,0.4884,Moderate Potential
21.805,80.46,0,Grid Point,0.0377,0.0518,0.0555,0.2162,0.1978,0.1116,590.125,7.547549999999999,175.2638,1.4741,0.9153,1.7736,0.5161,0.5914,1,9.2866,0.3524,Moderate Potential
21.805,80.475,0,Grid Point,0.0371,0.0502,0.0481,0.2192,0.177,0.0928,590.125,7.547549999999999,76.9323,1.2965,0.8075,1.9063,0.4236,0.6401,1,7.7449,0.5238,Moderate Potential
21.805,80.49,0,Grid Point,0.037,0.0478,0.0422,0.1928,0.1684,0.0897,513.0,7.547549999999999,197.9066,1.139,0.8737,1.8774,0.4654,0.6408,1,6.2049,0.5861,Moderate Potential
21.82,79.2,0,Grid Point,0.0728,0.1029,0.111,0.2846,0.2848,0.1994,543.0,3.4215,144.3173,1.5244,1.0005,1.4286,0.7003,0.4387,0,43.0466,0.1855,Low Potential
21.82,79.215,0,Grid Point,0.0754,0.0977,0.1362,0.2266,0.2454,0.1836,552.0,1.8543,180.0,1.8076,1.083,1.3363,0.8104,0.2491,0,41.9514,0.3032,Low Potential
21.82,79.23,0,Grid Point,0.0438,0.0629,0.0554,0.2212,0.2362,0.1436,561.0,1.8543,180.0,1.2645,1.0678,1.6458,0.6488,0.5992,0,40.8852,0.156,Low Potential
21.82,79.245,0,Grid Point,0.0443,0.0642,0.0562,0.2246,0.227,0.1356,556.0,2.9538,19.7511,1.2698,1.0111,1.675,0.6037,0.5994,0,39.8504,0.1641,Low Potential
21.82,79.26,0,Grid Point,0.0362,0.0476,0.049,0.1914,0.241,0.1507,536.0,4.8579,124.8482,1.3503,1.2588,1.5992,0.7872,0.5928,0,38.8494,0.2637,Low Potential
21.82,79.275,0,Grid Point,0.0421,0.0547,0.06,0.1965,0.2452,0.1572,525.0,1.9973,270.0,1.4252,1.2481,1.5596,0.8003,0.5322,0,37.8851,0.18,Low Potential
21.82,79.29,0,Grid Point,0.0426,0.0535,0.0602,0.1805,0.2502,0.1648,519.0,3.1343,287.1948,1.4148,1.3858,1.5177,0.913,0.4999,0,36.9602,0.1985,Low Potential
21.82,79.305,0,Grid Point,0.0395,0.0542,0.059,0.1918,0.238,0.1539,525.0,3.1343,287.1948,1.4937,1.2409,1.5461,0.8026,0.5294,0,36.0778,0.2228,Low Potential
21.82,79.32,0,Grid Point,0.0378,0.0503,0.0528,0.1868,0.2272,0.1398,546.0,1.9973,90.0,1.3981,1.2163,1.6252,0.7484,0.5589,0,35.2411,0.2254,Low Potential
21.82,79.335,0,Grid Point,0.0438,0.06,0.0603,0.2054,0.2312,0.1419,590.125,3.4215,35.6827,1.3767,1.1256,1.629,0.691,0.546,0,34.4533,0.1622,Low Potential
21.82,79.35,0,Grid Point,0.0388,0.0482,0.0517,0.2052,0.2168,0.1261,541.0,2.7244,227.1277,1.3342,1.056,1.7189,0.6144,0.5976,0,33.718,0.2545,Low Potential
21.82,79.365,0,Grid Point,0.0458,0.0657,0.0689,0.2098,0.2384,0.1498,487.0,7.0194,82.4454,1.5027,1.1368,1.5913,0.7144,0.5055,0,33.0386,0.151,Low Potential
21.82,79.38,0,Grid Point,0.0438,0.0562,0.0688,0.2038,0.2624,0.1658,537.0,3.8364,164.9282,1.5714,1.2875,1.5826,0.8135,0.4955,0,32.4187,0.1586,Low Potential
21.82,79.395,0,Grid Point,0.0582,0.0816,0.1028,0.2196,0.292,0.2066,571.0,7.0194,262.4454,1.7657,1.3292,1.4135,0.9404,0.3622,0,31.8617,0.4321,Moderate Potential
21.82,79.41,0,Grid Point,0.043,0.055,0.0506,0.2106,0.2276,0.1312,537.0,0.999,90.0,1.1793,1.0805,1.735,0.6227,0.6122,0,31.3709,0.2158,Low Potential
21.82,79.425,0,Grid Point,0.043,0.0536,0.0538,0.1962,0.2193,0.1338,531.0,3.8364,164.9282,1.2538,1.1177,1.6396,0.6817,0.5693,0,30.9496,0.1892,Low Potential
21.82,79.44,0,Grid Point,0.0413,0.054,0.0532,0.2063,0.2327,0.1402,537.0,0.9274,0.0,1.2881,1.128,1.6598,0.6796,0.59,0,30.6005,0.1948,Low Potential
21.82,79.455,0,Grid Point,0.04,0.0644,0.069,0.2648,0.2598,0.1536,530.0,7.547549999999999,114.8997,1.7228,0.9811,1.6911,0.5802,0.5865,0,30.3263,0.2293,Low Potential
21.82,79.47,0,Grid Point,0.04,0.0552,0.0508,0.2036,0.2308,0.1408,476.0,5.3134,110.3721,1.2728,1.1336,1.6383,0.692,0.6002,0,30.1289,0.2367,Low Potential
21.82,79.485,0,Grid Point,0.0399,0.0548,0.0438,0.2107,0.222,0.129,431.0,3.1343,107.1948,1.0965,1.0534,1.7199,0.6125,0.6561,0,30.0098,0.2484,Low Potential
21.82,79.5,0,Grid Point,0.0446,0.056,0.0564,0.2074,0.2468,0.1456,434.0,2.9538,160.2489,1.2657,1.1897,1.6956,0.7016,0.5722,0,29.97,0.1623,Low Potential
21.82,79.515,0,Grid Point,0.0406,0.0578,0.0451,0.2171,0.217,0.1267,432.0,2.2018,294.8997,1.1108,0.9995,1.7134,0.5834,0.656,0,30.0098,0.2489,Low Potential
21.82,79.53,0,Grid Point,0.0465,0.0662,0.0652,0.256,0.2452,0.1442,465.0,5.6357,190.1778,1.4032,0.9576,1.7001,0.5633,0.5938,0,29.4882,0.1542,Low Potential
21.82,79.545,0,Grid Point,0.046,0.0646,0.072,0.1994,0.2539,0.161,441.0,2.106,208.3063,1.5624,1.2733,1.577,0.8074,0.4697,0,28.3182,0.1387,Low Potential
21.82,79.56,0,Grid Point,0.0425,0.0552,0.056,0.2108,0.2206,0.128,435.0,4.0827,132.8723,1.3165,1.047,1.7245,0.6071,0.5804,0,27.1857,0.182,Low Potential
21.82,79.575,0,Grid Point,0.0377,0.0477,0.048,0.2029,0.2252,0.1346,431.0,2.106,151.6937,1.2762,1.1102,1.6741,0.6631,0.6171,0,26.0955,0.239,Low Potential
21.82,79.59,0,Grid Point,0.039,0.0466,0.0486,0.1826,0.2252,0.1447,434.0,1.9973,90.0,1.2446,1.233,1.556,0.7924,0.5796,0,25.0533,0.2464,Low Potential
21.82,79.605,0,Grid Point,0.0724,0.099,0.115,0.2683,0.3202,0.2198,430.0,3.7048,180.0,1.5866,1.1933,1.4562,0.8194,0.4001,0,24.0651,0.2087,Low Potential
21.82,79.62,0,Grid Point,0.0498,0.0705,0.0752,0.2517,0.2926,0.183,432.0,2.9538,160.2489,1.5095,1.1625,1.5993,0.7269,0.5397,0,23.138,0.1398,Low Potential
21.82,79.635,0,Grid Point,0.062,0.0872,0.1032,0.2684,0.3578,0.2524,443.0,2.7244,312.8723,1.6645,1.3335,1.4181,0.9404,0.4445,0,22.2796,0.3335,Low Potential
21.82,79.65,0,Grid Point,0.1013,0.1363375,0.18015,0.31765,0.4156,0.3274,447.0,1.363,47.1277,1.8564,1.1679,1.2695,0.9199,0.278,0,21.4981,0.2193,Low Potential
21.82,79.665,0,Grid Point,0.0358,0.0442,0.0388,0.1895,0.2042,0.1203,466.0,2.7244,227.1277,1.0852,1.0773,1.697,0.6348,0.6597,0,20.8021,0.3102,Low Potential
21.82,79.68,0,Grid Point,0.0442,0.0609,0.0638,0.219,0.2678,0.1701,473.0,2.9538,19.7511,1.4439,1.2223,1.5741,0.7765,0.5492,0,20.2005,0.1504,Low Potential
21.82,79.695,0,Grid Point,0.0351,0.0466,0.0403,0.1931,0.2,0.1168,510.0,0.999,90.0,1.1481,1.0357,1.712,0.605,0.6547,0,19.702,0.3169,Low Potential
21.82,79.71,0,Grid Point,0.0345,0.0471,0.0434,0.199,0.203,0.122,516.0,1.9973,90.0,1.258,1.0198,1.6646,0.6127,0.642,0,19.3145,0.283,Low Potential
21.82,79.725,0,Grid Point,0.0374,0.047,0.0447,0.2012,0.2166,0.1269,533.0,2.2018,245.1003,1.1952,1.0763,1.7065,0.6307,0.6364,0,19.0449,0.2825,Low Potential
21.82,79.74,0,Grid Point,0.0416,0.056,0.0677,0.1852,0.2613,0.1654,509.0,0.0,0.0,1.6255,1.4113,1.5803,0.8931,0.4645,0,18.8981,0.206,Low Potential
21.82,79.755,0,Grid Point,0.0508,0.0722,0.0617,0.2505,0.229,0.1367,507.0,6.2953,331.6937,1.2158,0.914,1.6748,0.5457,0.6047,0,18.877,0.1887,Low Potential
21.82,79.77,0,Grid Point,0.0377,0.0508,0.0552,0.1852,0.2503,0.1542,419.0,7.547549999999999,76.9336,1.4642,1.3515,1.6232,0.8326,0.5408,0,18.9821,0.2266,Low Potential
21.82,79.785,0,Grid Point,0.0464,0.0577,0.0538,0.13885000000000003,0.1199,0.0785,369.0,0.0,0.0,1.1606,1.3548,1.5284,0.8864,0.2434,0,19.2113,0.3841,Moderate Potential
21.82,79.8,0,Grid Point,0.0601,0.0846,0.087,0.2354,0.241,0.1536,364.0,1.363,312.8723,1.4468,1.0238,1.5688,0.6526,0.4606,0,19.5601,0.146,Low Potential
21.82,79.815,0,Grid Point,0.0548,0.0798,0.0816,0.2615,0.3001,0.1928,362.0,1.363,47.1277,1.4886,1.1476,1.5565,0.7373,0.5241,0,20.0225,0.1285,Low Potential
21.82,79.83,0,Grid Point,0.0571,0.0777,0.0786,0.2205,0.2347,0.147,356.0,1.363,132.8723,1.3774,1.0644,1.5966,0.6667,0.4742,0,20.5906,0.1239,Low Potential
21.82,79.845,0,Grid Point,0.0503,0.0714,0.078,0.2278,0.219,0.1534,350.0,4.2063,28.3063,1.5517,0.9614,1.4268,0.6738,0.4895,0,21.2561,0.1515,Low Potential
21.82,79.86,0,Grid Point,0.0584,0.0839,0.0999,0.2526,0.265,0.1814,346.0,3.5204,58.2465,1.7106,1.0491,1.4606,0.7183,0.4331,0,20.0673,0.1773,Low Potential
21.82,79.875,0,Grid Point,0.0749,0.0986,0.1103,0.2463,0.3104,0.2052,339.0,3.5204,238.2465,1.4726,1.26,1.5124,0.8331,0.3814,0,18.5638,0.2719,Low Potential
21.82,79.89,0,Grid Point,0.0434,0.0601,0.059,0.2262,0.252,0.1518,338.0,2.2018,65.1003,1.3594,1.1138,1.6601,0.6709,0.5863,0,17.0676,0.1416,Low Potential
21.82,79.905,0,Grid Point,0.0428,0.0619,0.058,0.13885000000000003,0.117,0.0766,330.0,2.2018,294.8997,1.354,1.0327,1.5258,0.6768,0.323,0,15.581,0.4376,Moderate Potential
21.82,79.92,0,Grid Point,0.0624,0.085,0.103,0.2156,0.2791,0.193,331.0,3.1343,252.8052,1.652,1.2942,1.4465,0.8947,0.3535,0,14.1069,0.4502,Moderate Potential
21.82,79.935,0,Grid Point,0.0668,0.096,0.1146,0.2304,0.2732,0.1998,332.0,2.106,28.3063,1.7163,1.186,1.3673,0.8674,0.3355,0,12.6498,0.4741,Moderate Potential
21.82,79.95,0,Grid Point,0.0606,0.0836,0.097,0.2026,0.2476,0.1824,320.0,1.363,47.1277,1.6015,1.2221,1.3575,0.9003,0.3522,0,11.2162,0.5292,Moderate Potential
21.82,79.965,0,Grid Point,0.0465,0.061,0.0635,0.1968,0.2424,0.154,323.0,0.999,270.0,1.3645,1.232,1.574,0.7827,0.5123,0,9.8165,0.1663,Low Potential
21.82,79.98,0,Grid Point,0.0473,0.0592,0.0553,0.2034,0.2135,0.1295,317.0,2.106,331.6937,1.1691,1.0497,1.6486,0.6367,0.5725,0,8.4674,0.1982,Low Potential
21.82,79.995,0,Grid Point,0.0691,0.0912,0.1078,0.2402,0.3221,0.2192,321.0,2.106,28.3063,1.5593,1.3407,1.4691,0.9126,0.3807,0,7.1976,0.2895,Low Potential
21.82,80.01,0,Grid Point,0.0538,0.0832,0.0916,0.2627,0.2748,0.1938,315.0,3.1343,287.1948,1.7001,1.0459,1.4181,0.7375,0.4831,0,6.0571,0.2288,Low Potential
21.82,80.025,0,Grid Point,0.0626,0.0866,0.099,0.2353,0.3084,0.2199,311.0,3.9898,90.0,1.5794,1.3107,1.4025,0.9346,0.4079,0,5.1327,0.5456,Moderate Potential
21.82,80.04,0,Grid Point,0.1013,0.1322,0.167,0.2796,0.3908,0.2947,305.0,2.106,208.3063,1.6345,1.3977,1.3261,1.054,0.252,0,4.5579,0.2772,Low Potential
21.82,80.055,0,Grid Point,0.0538,0.0766,0.0775,0.2365,0.2419,0.1506,307.0,0.9274,180.0,1.4414,1.0228,1.6062,0.6368,0.5061,0,4.4698,0.133,Low Potential
21.82,80.07,0,Grid Point,0.0529,0.0793,0.0646,0.2404,0.1328,0.074,305.0,2.7244,47.1277,1.2221,0.5526,1.7965,0.3076,0.5761,0,4.8946,0.5328,Moderate Potential
21.82,80.085,0,Grid Point,0.0788,0.1058,0.125,0.2754,0.3192,0.2221,323.0,3.4215,215.6827,1.5857,1.1592,1.4374,0.8065,0.3758,0,5.7192,0.2375,Low Potential
21.82,80.1,0,Grid Point,0.0736,0.0993,0.1118,0.276,0.3169,0.2128,314.0,1.8543,180.0,1.5173,1.148,1.4888,0.7711,0.4237,0,6.7997,0.1731,Low Potential
21.82,80.115,0,Grid Point,0.0616,0.0874,0.0872,0.2738,0.24,0.1563,322.0,3.5204,121.7535,1.4164,0.8769,1.5358,0.571,0.5166,0,8.0335,0.1862,Low Potential
21.82,80.13,0,Grid Point,0.0789,0.1076,0.1144,0.2705,0.3108,0.2181,315.0,1.363,47.1277,1.4506,1.149,1.425,0.8063,0.4054,1,9.3601,0.1831,Low Potential
21.82,80.145,0,Grid Point,0.0858,0.1077,0.1236,0.2516,0.3572,0.2758,314.0,0.999,270.0,1.4408,1.42,1.2954,1.0962,0.3412,1,10.7452,0.4184,Moderate Potential
21.82,80.16,0,Grid Point,0.0522,0.0572,0.0412,0.13885000000000003,0.09513749999999997,0.0251,294.0,2.9538,19.7511,0.9781375000000002,0.9471,1.3546,0.6992,0.07343750000000004,1,12.1689,0.6304,Moderate Potential
21.82,80.175,0,Grid Point,0.0922,0.1194,0.123,0.2436,0.2558,0.2051,311.0,0.0,0.0,1.3348,1.0501,1.2472,0.842,0.329,1,13.6191,0.3337,Low Potential
21.82,80.19,0,Grid Point,0.0895,0.1029,0.1134,0.1856,0.232,0.1972,312.0,5.5475,0.0,1.267,1.2501,1.1762,1.0628,0.2413,1,15.0881,0.5213,Moderate Potential
21.82,80.205,0,Grid Point,0.0615,0.0802,0.0839,0.24,0.2366,0.1594,305.0,1.9973,90.0,1.3642,0.9858,1.4845,0.6641,0.4819,1,14.7972,0.1398,Low Potential
21.82,80.22,0,Grid Point,0.0618,0.0793,0.0827,0.2294,0.1622,0.1094,303.0,1.363,312.8723,1.3371,0.7071,1.4838,0.4766,0.4701,1,13.8242,0.2387,Low Potential
21.82,80.235,0,Grid Point,0.0806,0.1058,0.121,0.2355,0.2566,0.1846,301.0,2.106,28.3063,1.5006,1.0896,1.39,0.7839,0.3214,1,12.9628,0.2996,Low Potential
21.82,80.25,0,Grid Point,0.0636,0.0896,0.098,0.2456,0.227,0.1621,301.0,4.0827,227.1277,1.5405,0.9241,1.4004,0.6599,0.4294,1,12.2365,0.3214,Low Potential
21.82,80.265,0,Grid Point,0.0672,0.0912,0.1074,0.2068,0.2544,0.1954,303.0,1.363,312.8723,1.599,1.2301,1.3022,0.9446,0.3163,1,11.6707,0.6502,High Potential Deposit Zone
21.82,80.28,0,Grid Point,0.0486,0.0659,0.0688,0.2282,0.2444,0.1592,310.0,4.3972,114.8997,1.4132,1.0708,1.5347,0.6977,0.537,1,11.2895,0.1651,Low Potential
21.82,80.295,0,Grid Point,0.0678,0.0891,0.1047,0.2176,0.3552,0.2558,325.0,2.9945,270.0,1.5431,1.6321,1.3884,1.1756,0.3503,1,11.1119,0.5719,Moderate Potential
21.82,80.31,0,Grid Point,0.0554,0.0736,0.0614,0.2694,0.216,0.1208,365.0,7.547549999999999,340.2489,1.1073,0.802,1.7885,0.4484,0.6288,1,11.1477,0.2794,Low Potential
21.82,80.325,0,Grid Point,0.0413,0.0568,0.0512,0.2302,0.1856,0.0987,590.125,7.547549999999999,6.825,1.2385,0.806,1.8799,0.4288,0.6364,1,11.3948,0.4252,Moderate Potential
21.82,80.34,0,Grid Point,0.0386,0.049,0.0474,0.1808,0.1737,0.0979,590.125,7.547549999999999,297.9455,1.2293,0.961,1.7743,0.5416,0.5841,1,11.8399,0.5178,Moderate Potential
21.82,80.355,0,Grid Point,0.0515,0.077,0.0649,0.2748,0.2069,0.1154,590.125,7.547549999999999,0.0,1.2612,0.7528,1.7929,0.4199,0.6177,1,12.462,0.25,Low Potential
21.82,80.37,0,Grid Point,0.0449,0.0593,0.0535,0.2335,0.2022,0.1108,590.125,7.4838,291.696,1.1915,0.8657,1.8253,0.4743,0.6272,1,13.2361,0.3185,Low Potential
21.82,80.385,0,Grid Point,0.057,0.0792,0.1011,0.1934,0.316,0.2345,590.125,7.0194,277.5546,1.7721,1.6337,1.3473,1.2125,0.3134,1,14.1372,0.5418,Moderate Potential
21.82,80.4,0,Grid Point,0.0609,0.0812,0.1063,0.2062,0.3104,0.2537,590.125,5.6991,299.1184,1.7455,1.5055,1.2231,1.2309,0.3196,1,15.1427,0.5439,Moderate Potential
21.82,80.415,0,Grid Point,0.0374,0.0498,0.0501,0.1938,0.1839,0.1062,590.125,7.547549999999999,212.1432,1.3396,0.9484,1.7304,0.5481,0.5893,1,14.0811,0.3714,Moderate Potential
21.82,80.43,0,Grid Point,0.0403,0.0525,0.0504,0.2038,0.1894,0.1015,590.125,4.7331,347.8423,1.2519,0.9296,1.8665,0.498,0.6031,1,12.5578,0.4045,Moderate Potential
21.82,80.445,0,Grid Point,0.0403,0.0538,0.0551,0.2346,0.1833,0.1004,590.125,3.5204,301.7535,1.3656,0.7812,1.8248,0.4281,0.6197,1,11.0405,0.35,Moderate Potential
21.82,80.46,0,Grid Point,0.0354,0.0476,0.0464,0.207,0.1734,0.0988,590.125,7.547549999999999,61.5626,1.314,0.8377,1.7542,0.4775,0.6335,1,9.5321,0.4853,Moderate Potential
21.82,80.475,0,Grid Point,0.0368,0.054,0.0474,0.1994,0.1889,0.1224,590.125,6.7842,227.1277,1.2877,0.9471,1.5433,0.6137,0.6156,1,8.0377,0.356,Moderate Potential
21.82,80.49,0,Grid Point,0.0409,0.0564,0.0499,0.2274,0.193,0.1088,590.125,2.7244,312.8723,1.22,0.8488,1.7735,0.4786,0.6402,1,6.5666,0.3691,Moderate Potential
21.835,79.2,0,Grid Point,0.0516,0.0685,0.0714,0.1792,0.2559,0.1764,580.0,2.106,208.3088,1.3837,1.428,1.4507,0.9844,0.4302,0,44.222,0.1541,Low Potential
21.835,79.215,0,Grid Point,0.0585,0.088,0.1034,0.2932,0.2815,0.1906,586.0,6.7615,162.8918,1.7675,0.9601,1.4769,0.6501,0.4786,0,43.1566,0.1985,Low Potential
21.835,79.23,0,Grid Point,0.0469,0.0646,0.0652,0.1984,0.2458,0.156,567.0,1.9975,270.0,1.3902,1.2386,1.5756,0.7861,0.5054,0,42.1209,0.1584,Low Potential
21.835,79.245,0,Grid Point,0.0424,0.0549,0.063,0.188,0.2562,0.1628,559.0,3.1346,287.1931,1.4888,1.3624,1.5737,0.8657,0.4978,0,41.1172,0.1907,Low Potential
21.835,79.26,0,Grid Point,0.0464,0.0614,0.0644,0.201,0.2498,0.1588,543.0,7.0149,58.2492,1.3875,1.243,1.5734,0.79,0.5144,0,40.1479,0.1615,Low Potential
21.835,79.275,0,Grid Point,0.0533,0.068,0.062,0.13885000000000003,0.09513749999999997,0.0704,500.0,4.083,132.8693,1.1632,0.8294,1.2938,0.641,0.2787,0,39.2155,0.5391,Moderate Potential
21.835,79.29,0,Grid Point,0.0384,0.0475,0.0506,0.191,0.2346,0.1422,530.0,5.4368,227.1307,1.3181,1.228,1.6494,0.7445,0.5815,0,38.3227,0.2635,Low Potential
21.835,79.305,0,Grid Point,0.0394,0.0499,0.0474,0.1908,0.2169,0.1324,531.0,2.7245,312.8693,1.2028,1.1368,1.6382,0.6939,0.6017,0,37.4724,0.2779,Low Potential
21.835,79.32,0,Grid Point,0.0543,0.0734,0.1009,0.2206,0.3391,0.2515,537.0,7.4447,187.6694,1.8582,1.5368,1.3483,1.1398,0.3724,0,36.6675,0.3822,Moderate Potential
21.835,79.335,0,Grid Point,0.046,0.058,0.0682,0.2046,0.2537,0.1579,556.0,3.4216,144.3145,1.4821,1.2403,1.6067,0.7719,0.4996,0,35.911,0.1546,Low Potential
21.835,79.35,0,Grid Point,0.0475,0.0578,0.0567,0.2132,0.2446,0.1528,566.0,1.363,132.8693,1.1937,1.1473,1.6013,0.7165,0.5798,0,35.2062,0.163,Low Potential
21.835,79.365,0,Grid Point,0.039,0.0566,0.0602,0.2194,0.2296,0.131,567.0,7.547549999999999,103.0651,1.5436,1.0463,1.7523,0.5971,0.5694,0,34.5561,0.2251,Low Potential
21.835,79.38,0,Grid Point,0.04,0.0554,0.0594,0.1926,0.2314,0.1438,544.0,2.202,245.1026,1.4844,1.2014,1.6095,0.7464,0.5284,0,33.9638,0.1823,Low Potential
21.835,79.395,0,Grid Point,0.0454,0.0584,0.064,0.211,0.235,0.1445,524.0,3.1346,252.8069,1.4108,1.1142,1.6266,0.685,0.5342,0,33.4326,0.1496,Low Potential
21.835,79.41,0,Grid Point,0.043,0.0606,0.0644,0.2384,0.2332,0.1397,574.0,2.9538,19.753,1.4983,0.9778,1.6689,0.5859,0.575,0,32.9652,0.164,Low Potential
21.835,79.425,0,Grid Point,0.0438,0.053,0.052,0.192,0.2172,0.132,551.0,0.9991,270.0,1.1847,1.131,1.6455,0.6873,0.5742,0,32.5645,0.2098,Low Potential
21.835,79.44,0,Grid Point,0.0411,0.0529,0.0581,0.2028,0.2322,0.1364,552.0,0.9274,0.0,1.4153,1.145,1.7014,0.673,0.5545,0,32.233,0.1747,Low Potential
21.835,79.455,0,Grid Point,0.0556,0.0805,0.0921,0.2172,0.2964,0.1932,556.0,6.5802,245.1026,1.6556,1.3647,1.5339,0.8897,0.4046,0,31.9727,0.2841,Low Potential
21.835,79.47,0,Grid Point,0.0452,0.0637,0.0725,0.2392,0.2652,0.1672,522.0,1.8543,0.0,1.6058,1.1091,1.5859,0.6994,0.5347,0,31.7856,0.1287,Low Potential
21.835,79.485,0,Grid Point,0.033,0.0564,0.054,0.2522,0.2401,0.1331,500.0,7.547549999999999,158.0022,1.6388,0.9518,1.8039,0.5277,0.6473,0,31.6727,0.2746,Low Potential
21.835,79.5,0,Grid Point,0.0492,0.0651,0.0729,0.2185,0.2525,0.1564,527.0,4.8582,304.8454,1.4817,1.1556,1.615,0.7156,0.4997,0,31.635,0.1662,Low Potential
21.835,79.515,0,Grid Point,0.0369,0.0607,0.0541,0.2428,0.2175,0.1228,473.0,7.547549999999999,160.247,1.4641,0.896,1.7719,0.5057,0.6355,0,31.6727,0.2284,Low Potential
21.835,79.53,0,Grid Point,0.0369,0.0597,0.0677,0.2406,0.24,0.1376,492.0,7.547549999999999,132.8693,1.8347,0.9973,1.7436,0.572,0.5609,0,30.5804,0.2389,Low Potential
21.835,79.545,0,Grid Point,0.0381,0.0514,0.0572,0.1741,0.2252,0.1427,498.0,3.8364,195.0733,1.5,1.2932,1.5778,0.8196,0.5057,0,29.4539,0.2211,Low Potential
21.835,79.56,0,Grid Point,0.0372,0.0554,0.0511,0.243,0.2169,0.1204,471.0,7.547549999999999,240.8842,1.3755,0.8928,1.8022,0.4954,0.6524,0,28.3667,0.2536,Low Potential
21.835,79.575,0,Grid Point,0.0442,0.0693,0.073,0.2304,0.2508,0.1574,447.0,3.1346,72.8069,1.6523,1.0885,1.5937,0.683,0.5191,0,27.3237,0.1713,Low Potential
21.835,79.59,0,Grid Point,0.038,0.0482,0.0468,0.1946,0.2175,0.1305,449.0,2.202,114.8974,1.2313,1.118,1.6667,0.6708,0.6118,0,26.3301,0.2389,Low Potential
21.835,79.605,0,Grid Point,0.0407,0.0506,0.0554,0.1806,0.227,0.1444,438.0,2.202,294.8974,1.3624,1.2566,1.5722,0.7993,0.5302,0,25.3917,0.2155,Low Potential
21.835,79.62,0,Grid Point,0.043,0.0598,0.078,0.1936,0.2858,0.1929,445.0,1.363,132.8693,1.8161,1.4759,1.4816,0.9961,0.4257,0,24.5149,0.1655,Low Potential
21.835,79.635,0,Grid Point,0.0332,0.0491,0.0482,0.187,0.2096,0.1293,470.0,7.547549999999999,164.9267,1.454,1.1208,1.6214,0.6913,0.5902,0,23.7063,0.2572,Low Potential
21.835,79.65,0,Grid Point,0.0433,0.0553,0.0529,0.1896,0.2224,0.1384,472.0,7.547549999999999,329.883,1.2217,1.1736,1.6067,0.7304,0.5636,0,22.9734,0.2359,Low Potential
21.835,79.665,0,Grid Point,0.0438,0.0642,0.0772,0.197,0.2576,0.1718,491.0,7.547549999999999,220.7557,1.7594,1.3074,1.4991,0.8721,0.4372,0,22.3234,0.2087,Low Potential
21.835,79.68,0,Grid Point,0.0364,0.0436,0.039,0.1846,0.2026,0.127,485.0,5.4368,312.8693,1.0743,1.0975,1.5946,0.6882,0.6508,0,21.764,0.3542,Moderate Potential
21.835,79.695,0,Grid Point,0.0358,0.0522,0.0575,0.1856,0.235,0.1464,522.0,5.6357,190.1789,1.6039,1.2664,1.605,0.7891,0.5269,0,21.3021,0.2454,Low Potential
21.835,79.71,0,Grid Point,0.0356,0.0508,0.0444,0.2136,0.2142,0.1239,519.0,2.106,28.3088,1.2489,1.003,1.7288,0.5802,0.6557,0,20.9442,0.2693,Low Potential
21.835,79.725,0,Grid Point,0.0318,0.0428,0.037,0.179,0.1898,0.1122,479.0,7.547549999999999,321.063,1.1654,1.0603,1.6924,0.6265,0.6574,0,20.6958,0.3713,Moderate Potential
21.835,79.74,0,Grid Point,0.0382,0.0524,0.0524,0.1998,0.2235,0.1358,487.0,7.547549999999999,132.8693,1.3712,1.1186,1.6458,0.6797,0.5841,0,20.5608,0.2399,Low Potential
21.835,79.755,0,Grid Point,0.037,0.0451,0.0452,0.1901,0.2136,0.1248,436.0,7.547549999999999,25.5848,1.2216,1.1239,1.7113,0.6568,0.6158,0,20.5415,0.2954,Low Potential
21.835,79.77,0,Grid Point,0.0446,0.0598,0.0558,0.2088,0.225,0.1422,435.0,7.547549999999999,4.4002,1.2525,1.0776,1.5828,0.6808,0.5782,0,20.6381,0.1723,Low Potential
21.835,79.785,0,Grid Point,0.0368,0.0525,0.0527,0.1926,0.2158,0.1316,400.0,7.547549999999999,173.1743,1.4321,1.1202,1.6404,0.6828,0.5704,0,20.849,0.2333,Low Potential
21.835,79.8,0,Grid Point,0.0653,0.0942,0.0991,0.2796,0.2893,0.203,370.0,5.6996,60.8841,1.5176,1.0345,1.4251,0.7259,0.4767,0,21.1709,0.2037,Low Potential
21.835,79.815,0,Grid Point,0.0486,0.0622,0.062,0.2317,0.2499,0.1503,372.0,0.9991,270.0,1.2747,1.0785,1.6627,0.6487,0.5781,0,21.5988,0.1608,Low Potential
21.835,79.83,0,Grid Point,0.0566,0.0771,0.0914,0.228,0.319,0.2142,369.0,2.202,114.8974,1.6172,1.3991,1.4896,0.9393,0.4275,0,22.1265,0.1716,Low Potential
21.835,79.845,0,Grid Point,0.0566,0.0809,0.0882,0.2562,0.2687,0.1782,360.0,1.363,312.8693,1.5574,1.0486,1.5079,0.6954,0.4881,0,21.9799,0.1354,Low Potential
21.835,79.86,0,Grid Point,0.0699,0.098,0.1146,0.2591,0.3156,0.219,351.0,1.9975,270.0,1.6388,1.2183,1.4413,0.8452,0.3869,0,20.5001,0.2227,Low Potential
21.835,79.875,0,Grid Point,0.0658,0.0966,0.0848,0.13885000000000003,0.09513749999999997,0.026,343.0,1.363,132.8693,1.2905,0.6335,1.4123,0.4486,0.07343750000000004,0,19.0308,0.4447,Moderate Potential
21.835,79.89,0,Grid Point,0.0516,0.0712,0.0852,0.1957,0.2732,0.18,345.0,4.083,227.1307,1.6528,1.3958,1.5175,0.9198,0.3934,0,17.5745,0.2532,Low Potential
21.835,79.905,0,Grid Point,0.0521,0.0762,0.0786,0.2368,0.216,0.14,345.0,5.6996,240.8842,1.5096,0.9124,1.5423,0.5916,0.5013,0,16.1346,0.1622,Low Potential
21.835,79.92,0,Grid Point,0.0506,0.0748,0.077,0.22,0.2632,0.1679,337.0,2.7803,0.0,1.5202,1.1961,1.5668,0.7634,0.4815,0,14.7161,0.1475,Low Potential
21.835,79.935,0,Grid Point,0.072,0.0999,0.1119,0.2568,0.2824,0.217,334.0,2.7803,180.0,1.5542,1.0999,1.3016,0.845,0.393,0,13.3257,0.2861,Low Potential
21.835,79.95,0,Grid Point,0.0536,0.08,0.0776,0.2322,0.2246,0.1452,327.0,1.363,132.8693,1.4487,0.9675,1.5463,0.6257,0.4987,0,11.9733,0.1329,Low Potential
21.835,79.965,0,Grid Point,0.059,0.0812,0.0878,0.2112,0.24,0.1699,324.0,2.7245,227.1307,1.4894,1.1363,1.4129,0.8043,0.4128,0,10.6734,0.2448,Low Potential
21.835,79.98,0,Grid Point,0.045,0.07,0.0647,0.1919,0.1845,0.123,324.0,3.1346,252.8069,1.4362,0.9614,1.5006,0.6407,0.4957,0,9.4475,0.1944,Low Potential
21.835,79.995,0,Grid Point,0.0796,0.1096,0.1432,0.2532,0.4013,0.3226,334.0,4.3975,65.1026,1.7996,1.5849,1.2438,1.2743,0.2773,0,8.3285,0.2807,Low Potential
21.835,80.01,0,Grid Point,0.0773,0.1078,0.1319,0.2644,0.3312,0.2464,318.0,2.202,114.8974,1.7063,1.2525,1.344,0.9319,0.3343,0,7.3651,0.4409,Moderate Potential
21.835,80.025,0,Grid Point,0.0558,0.0806,0.0792,0.1784,0.169,0.1202,310.0,1.9975,90.0,1.4194,0.9473,1.4064,0.6736,0.3852,0,6.6258,0.3162,Low Potential
21.835,80.04,0,Grid Point,0.1013,0.1363375,0.18015,0.298,0.4042,0.312,312.0,2.106,151.6912,1.7395,1.3564,1.2951,1.0473,0.2357,0,6.1913,0.2424,Low Potential
21.835,80.055,0,Grid Point,0.054,0.0752,0.0654,0.267,0.1978,0.117,310.0,2.202,294.8974,1.2102,0.7408,1.6902,0.4383,0.6067,0,6.1267,0.2239,Low Potential
21.835,80.07,0,Grid Point,0.0614,0.0862,0.0876,0.2574,0.2526,0.1645,311.0,0.9274,180.0,1.4247,0.9812,1.5353,0.6391,0.4924,0,6.4432,0.1452,Low Potential
21.835,80.085,0,Grid Point,0.0601,0.0822,0.1006,0.262,0.2343,0.1514,314.0,0.9274,180.0,1.6747,0.8944,1.547,0.5782,0.4448,0,7.0899,0.1967,Low Potential
21.835,80.1,0,Grid Point,0.0626,0.0904,0.0834,0.2592,0.2418,0.152,319.0,5.0367,336.6881,1.3331,0.9329,1.5913,0.5862,0.5129,0,7.9871,0.1927,Low Potential
21.835,80.115,0,Grid Point,0.0897,0.124,0.1531,0.278,0.3732,0.267,322.0,4.2064,28.3088,1.7068,1.342,1.3978,0.9601,0.2898,0,9.0606,0.2951,Low Potential
21.835,80.13,0,Grid Point,0.0616,0.0867,0.0784,0.2612,0.2386,0.1558,316.0,0.9274,0.0,1.2709,0.9135,1.5323,0.5962,0.5386,0,10.2552,0.1592,Low Potential
21.835,80.145,0,Grid Point,0.0912,0.116,0.1436,0.2272,0.2974,0.2315,308.0,0.0,0.0,1.576,1.3088,1.2844,1.0189,0.2253,0,11.5333,0.5295,Moderate Potential
21.835,80.16,0,Grid Point,0.0963,0.1268,0.1509,0.2394,0.3068,0.2516,305.0,1.363,47.1307,1.5665,1.2813,1.2192,1.051,0.2269,1,12.8701,0.3555,Moderate Potential
21.835,80.175,0,Grid Point,0.0664,0.0898,0.0998,0.2187,0.2518,0.1768,302.0,1.363,312.8693,1.5019,1.1516,1.4249,0.8082,0.3733,1,14.2491,0.238,Low Potential
21.835,80.19,0,Grid Point,0.0994,0.124,0.1366,0.2558,0.2802,0.2152,308.0,2.7803,180.0,1.3731,1.0958,1.3023,0.8414,0.3038,1,14.7441,0.2759,Low Potential
21.835,80.205,0,Grid Point,0.0619,0.0776,0.0737,0.2074,0.1216,0.0664,307.0,4.0959,256.9349,1.1906,0.5863,1.8313,0.3202,0.4756,1,13.5928,0.5886,Moderate Potential
21.835,80.22,0,Grid Point,0.0712,0.0872,0.085,0.1882,0.2226,0.1785,305.0,0.9991,270.0,1.193,1.1828,1.2468,0.9487,0.3776,1,12.5266,0.4913,Moderate Potential
21.835,80.235,0,Grid Point,0.0572,0.0813,0.076,0.1897,0.134,0.0752,304.0,0.9274,0.0,1.3287,0.7066,1.7814,0.3967,0.4279,1,11.569,0.4228,Moderate Potential
21.835,80.25,0,Grid Point,0.0624,0.0962,0.1016,0.2588,0.2193,0.1453,303.0,0.9274,180.0,1.6261,0.8475,1.5093,0.5615,0.4363,1,10.749,0.1762,Low Potential
21.835,80.265,0,Grid Point,0.0594,0.0851,0.0906,0.2006,0.1996,0.1429,306.0,5.068,79.4827,1.5257,0.9945,1.3964,0.7122,0.3781,1,10.1003,0.393,Moderate Potential
21.835,80.28,0,Grid Point,0.0737,0.1012,0.1216,0.2321,0.3439,0.2472,310.0,2.106,151.6912,1.6499,1.4817,1.3909,1.0653,0.3124,1,9.6573,0.514,Moderate Potential
21.835,80.295,0,Grid Point,0.0794,0.1017,0.12,0.2258,0.264,0.2018,317.0,5.4368,227.1307,1.5113,1.1692,1.3086,0.8935,0.306,1,9.449,0.5587,Moderate Potential
21.835,80.31,0,Grid Point,0.0366,0.056,0.0456,0.2308,0.1744,0.0924,379.0,7.547549999999999,158.0022,1.2445,0.7557,1.887,0.4005,0.6704,1,9.4911,0.4942,Moderate Potential
21.835,80.325,0,Grid Point,0.0412,0.0574,0.0468,0.2548,0.1698,0.0865,590.125,5.5475,0.0,1.1333,0.6666,1.9636,0.3395,0.6899,1,9.7801,0.5629,Moderate Potential
21.835,80.34,0,Grid Point,0.037,0.0508,0.0444,0.2054,0.1612,0.0898,590.125,2.106,28.3088,1.197,0.7852,1.7967,0.4371,0.6448,1,10.2953,0.5463,Moderate Potential
21.835,80.355,0,Grid Point,0.0686,0.0929,0.122,0.2285,0.355,0.2652,590.125,3.7048,180.0,1.7771,1.5534,1.3387,1.1604,0.3039,1,11.0051,0.5364,Moderate Potential
21.835,80.37,0,Grid Point,0.0436,0.0618,0.0641,0.2078,0.2466,0.1553,590.125,0.9991,270.0,1.4685,1.187,1.5879,0.7475,0.5284,1,11.8745,0.1907,Low Potential
21.835,80.385,0,Grid Point,0.057,0.0795,0.0926,0.2262,0.3205,0.2285,590.125,5.5475,0.0,1.6269,1.4169,1.4026,1.0102,0.4188,1,12.8713,0.5025,Moderate Potential
21.835,80.4,0,Grid Point,0.0521,0.0691,0.0824,0.1814,0.2679,0.1822,590.125,5.6357,169.8211,1.5806,1.4768,1.47,1.0047,0.3755,1,13.9682,0.2757,Low Potential
21.835,80.415,0,Grid Point,0.0394,0.0538,0.0556,0.167,0.2064,0.1335,590.125,5.5049,32.8775,1.4142,1.2353,1.5457,0.7992,0.5002,1,14.4375,0.2757,Low Potential
21.835,80.43,0,Grid Point,0.0348,0.048,0.0524,0.2028,0.198,0.1184,590.125,7.547549999999999,160.247,1.5022,0.9768,1.6734,0.5837,0.5896,1,12.9562,0.3587,Moderate Potential
21.835,80.445,0,Grid Point,0.0386,0.0568,0.0538,0.2221,0.1718,0.096,590.125,7.547549999999999,212.8775,1.3938,0.7735,1.7887,0.4325,0.61,1,11.4916,0.4483,Moderate Potential
21.835,80.46,0,Grid Point,0.039,0.0522,0.048,0.2092,0.1715,0.0951,590.125,7.547549999999999,294.8974,1.2308,0.8198,1.8034,0.4546,0.6267,1,10.0512,0.5289,Moderate Potential
21.835,80.475,0,Grid Point,0.0376,0.0519,0.0512,0.187,0.1953,0.1138,590.125,2.202,114.8974,1.363,1.0441,1.7154,0.6087,0.5699,1,8.6469,0.3292,Low Potential
21.835,80.49,0,Grid Point,0.0394,0.052,0.0461,0.1965,0.1842,0.102,589.0,4.8582,55.1546,1.1698,0.9374,1.8068,0.5188,0.6196,1,7.2997,0.4758,Moderate Potential
21.85,79.2,0,Grid Point,0.0553,0.0811,0.0901,0.2294,0.1907,0.1384,588.0,0.9274,180.0,1.6293,0.8313,1.3779,0.6033,0.436,0,45.428,0.3041,Low Potential
21.85,79.215,0,Grid Point,0.0583,0.0833,0.1178,0.1911,0.2694,0.2259,578.0,1.9977,270.0,2.0206,1.4097,1.1926,1.1821,0.2373,0,44.3915,0.3937,Moderate Potential
21.85,79.23,0,Grid Point,0.0454,0.0652,0.0802,0.1895,0.2674,0.1839,579.0,4.6274,180.0,1.7654,1.4113,1.4547,0.9702,0.4055,0,43.3853,0.1862,Low Potential
21.85,79.245,0,Grid Point,0.0504,0.0651,0.0808,0.2008,0.3005,0.202,541.0,4.0963,103.0637,1.6042,1.4965,1.4873,1.0062,0.4259,0,42.4116,0.1886,Low Potential
21.85,79.26,0,Grid Point,0.0728,0.0941,0.1055,0.2616,0.2426,0.165,517.0,2.1061,151.6887,1.4482,0.9277,1.4702,0.631,0.4251,0,41.4725,0.1369,Low Potential
21.85,79.275,0,Grid Point,0.039,0.0508,0.0544,0.1752,0.2318,0.1496,527.0,2.2022,294.8951,1.3931,1.3237,1.5498,0.8541,0.526,0,40.5706,0.2158,Low Potential
21.85,79.29,0,Grid Point,0.0687,0.095,0.1126,0.2765,0.308,0.215,516.0,3.8364,164.9252,1.6397,1.1137,1.4327,0.7774,0.421,0,39.7083,0.2262,Low Potential
21.85,79.305,0,Grid Point,0.0458,0.0614,0.0782,0.1882,0.2849,0.193,537.0,2.2022,245.1049,1.7063,1.5142,1.4765,1.0255,0.4131,0,38.8883,0.1577,Low Potential
21.85,79.32,0,Grid Point,0.0452,0.0604,0.0513,0.2171,0.2351,0.1433,555.0,7.547549999999999,319.2413,1.1362,1.0829,1.6406,0.6601,0.6177,0,38.1133,0.2179,Low Potential
21.85,79.335,0,Grid Point,0.0515,0.071,0.0874,0.2302,0.3178,0.2198,571.0,2.2022,294.8951,1.6961,1.3808,1.4461,0.9548,0.4499,0,37.3861,0.1953,Low Potential
21.85,79.35,0,Grid Point,0.0878,0.112,0.1442,0.2519,0.3352,0.2414,575.0,7.547549999999999,250.809,1.6439,1.3309,1.3891,0.9581,0.2717,0,36.7096,0.3477,Low Potential
21.85,79.365,0,Grid Point,0.0622,0.0813,0.1038,0.2368,0.2968,0.2062,575.0,2.7247,132.8663,1.6667,1.2536,1.439,0.8712,0.3906,0,36.0865,0.2641,Low Potential
21.85,79.38,0,Grid Point,0.0396,0.0527,0.0598,0.198,0.242,0.1448,566.0,7.547549999999999,101.6543,1.5107,1.222,1.6703,0.7316,0.5364,0,35.5198,0.2162,Low Potential
21.85,79.395,0,Grid Point,0.047,0.0587,0.071,0.1972,0.2674,0.1848,539.0,2.7247,312.8663,1.5106,1.3559,1.4468,0.9371,0.4706,0,35.0122,0.169,Low Potential
21.85,79.41,0,Grid Point,0.0578,0.0818,0.1046,0.219,0.3403,0.2443,585.0,3.5209,301.7482,1.8097,1.5539,1.393,1.1155,0.3535,0,34.5662,0.3686,Moderate Potential
21.85,79.425,0,Grid Point,0.0399,0.0504,0.053,0.1905,0.2208,0.1358,574.0,0.9992,90.0,1.3296,1.1588,1.625,0.7131,0.5644,0,34.1843,0.2253,Low Potential
21.85,79.44,0,Grid Point,0.047,0.0637,0.0758,0.2058,0.2862,0.184,585.0,4.2065,331.6887,1.61,1.3908,1.5547,0.8945,0.4618,0,33.8686,0.2367,Low Potential
21.85,79.455,0,Grid Point,0.0466,0.0668,0.076,0.2186,0.2754,0.1805,590.125,7.547549999999999,140.0378,1.6281,1.2601,1.5256,0.8259,0.4843,0,33.621,0.2189,Low Potential
21.85,79.47,0,Grid Point,0.0396,0.0481,0.0468,0.1973,0.2314,0.1396,580.0,3.7048,180.0,1.1806,1.1731,1.6574,0.7078,0.6169,0,33.4431,0.2779,Low Potential
21.85,79.485,0,Grid Point,0.0434,0.0618,0.0538,0.2386,0.2344,0.1396,548.0,5.0685,79.4838,1.2385,0.9826,1.6785,0.5854,0.6322,0,33.3358,0.19,Low Potential
21.85,79.5,0,Grid Point,0.0363,0.0461,0.039,0.2014,0.2068,0.1188,517.0,5.6357,190.1799,1.073,1.0268,1.7396,0.5903,0.6758,0,33.3,0.338,Low Potential
21.85,79.515,0,Grid Point,0.0602,0.0757,0.0858,0.1679,0.2026,0.1438,579.0,4.3979,114.8951,1.4273,1.207,1.4097,0.8562,0.3233,0,32.8439,0.3509,Moderate Potential
21.85,79.53,0,Grid Point,0.0373,0.052,0.0468,0.2102,0.2219,0.1302,540.0,7.547549999999999,206.4394,1.2547,1.0554,1.7043,0.6193,0.6359,0,31.7225,0.2923,Low Potential
21.85,79.545,0,Grid Point,0.0416,0.0678,0.0579,0.2841,0.2278,0.1248,578.0,1.8543,0.0,1.3902,0.802,1.8257,0.4393,0.6614,0,30.6379,0.193,Low Potential
21.85,79.56,0,Grid Point,0.04,0.0605,0.0624,0.2141,0.2188,0.1345,542.0,5.0368,156.6859,1.5588,1.0217,1.6264,0.6282,0.5489,0,29.5943,0.2126,Low Potential
21.85,79.575,0,Grid Point,0.0357,0.0576,0.0542,0.2556,0.225,0.1194,571.0,5.3143,290.3682,1.5182,0.8799,1.8848,0.4668,0.6502,0,28.5962,0.2558,Low Potential
21.85,79.59,0,Grid Point,0.0363,0.0504,0.0455,0.2154,0.2226,0.1306,465.0,0.9992,270.0,1.2534,1.0339,1.7048,0.6065,0.6511,0,27.6483,0.2633,Low Potential
21.85,79.605,0,Grid Point,0.0382,0.0535,0.0556,0.2,0.2318,0.1404,474.0,4.2065,208.3113,1.4523,1.1587,1.6504,0.7021,0.5653,0,26.7562,0.2119,Low Potential
21.85,79.62,0,Grid Point,0.0352,0.0457,0.0381,0.1887,0.211,0.1295,473.0,1.3631,312.8663,1.0824,1.1182,1.6293,0.6863,0.664,0,25.9255,0.2873,Low Potential
21.85,79.635,0,Grid Point,0.0374,0.0492,0.042,0.2028,0.2079,0.1165,476.0,4.0832,227.1337,1.1228,1.0249,1.7845,0.5743,0.6566,0,25.1624,0.3349,Low Potential
21.85,79.65,0,Grid Point,0.0455,0.0667,0.077,0.1951,0.2404,0.1646,579.0,5.8921,160.2451,1.6923,1.2322,1.4605,0.8437,0.434,0,24.473,0.2121,Low Potential
21.85,79.665,0,Grid Point,0.0354,0.0506,0.0499,0.217,0.2074,0.1166,568.0,2.9951,90.0,1.4116,0.9555,1.778,0.5374,0.6261,0,23.864,0.2693,Low Potential
21.85,79.68,0,Grid Point,0.0395,0.0565,0.0682,0.2023,0.2442,0.1586,547.0,7.0154,121.7482,1.7266,1.2074,1.54,0.784,0.4957,0,23.3415,0.2491,Low Potential
21.85,79.695,0,Grid Point,0.0328,0.042,0.0364,0.165,0.1839,0.1082,502.0,3.8364,195.0748,1.1098,1.1146,1.6984,0.6563,0.6384,0,22.9114,0.3484,Low Potential
21.85,79.71,0,Grid Point,0.0323,0.0444,0.0476,0.1742,0.2212,0.1356,523.0,2.9538,19.7549,1.4737,1.2698,1.6307,0.7787,0.5708,0,22.5791,0.2481,Low Potential
21.85,79.725,0,Grid Point,0.0394,0.0558,0.0675,0.195,0.2476,0.1558,530.0,0.9992,90.0,1.7154,1.2701,1.5887,0.7994,0.4856,0,22.3488,0.2195,Low Potential
21.85,79.74,0,Grid Point,0.0342,0.0472,0.047,0.1942,0.2156,0.1226,519.0,4.7331,167.8398,1.3728,1.1099,1.7578,0.6314,0.6107,0,22.2239,0.2747,Low Potential
21.85,79.755,0,Grid Point,0.0358,0.0504,0.0546,0.1948,0.2229,0.1322,518.0,3.7048,180.0,1.523,1.1445,1.6861,0.6788,0.5621,0,22.206,0.2289,Low Potential
21.85,79.77,0,Grid Point,0.0391,0.053,0.0461,0.208,0.2086,0.1214,493.0,6.2956,151.6887,1.179,1.0026,1.7172,0.5839,0.6372,0,22.2954,0.2954,Low Potential
21.85,79.785,0,Grid Point,0.0371,0.0484,0.0451,0.1962,0.2014,0.1159,461.0,7.547549999999999,151.6887,1.2156,1.0268,1.7381,0.5907,0.6262,0,22.4908,0.3399,Low Potential
21.85,79.8,0,Grid Point,0.0399,0.0607,0.0484,0.2494,0.2328,0.1332,507.0,3.1349,287.1914,1.2143,0.9332,1.748,0.5339,0.6747,0,22.7895,0.2521,Low Potential
21.85,79.815,0,Grid Point,0.0384,0.052,0.0448,0.2004,0.2024,0.1174,493.0,1.9977,90.0,1.1651,1.0097,1.724,0.5857,0.6347,0,23.1876,0.3001,Low Potential
21.85,79.83,0,Grid Point,0.048,0.0678,0.0534,0.2974,0.2262,0.1191,538.0,7.547549999999999,312.8663,1.1135,0.7603,1.8988,0.4004,0.6954,0,23.6799,0.2554,Low Potential
21.85,79.845,0,Grid Point,0.0421,0.0611,0.0616,0.2312,0.2222,0.1359,383.0,2.7247,227.1337,1.4632,0.9609,1.6344,0.5879,0.5793,0,22.4992,0.1655,Low Potential
21.85,79.86,0,Grid Point,0.0435,0.0616,0.06,0.2534,0.2392,0.1426,372.0,1.3631,47.1337,1.3805,0.9441,1.6774,0.5629,0.6168,0,21.0561,0.1422,Low Potential
21.85,79.875,0,Grid Point,0.047,0.0712,0.0744,0.2118,0.2496,0.1618,365.0,2.9951,270.0,1.5802,1.1787,1.5425,0.7642,0.4803,0,19.6284,0.167,Low Potential
21.85,79.89,0,Grid Point,0.0516,0.0739,0.0852,0.2052,0.2674,0.1788,356.0,0.9274,180.0,1.6518,1.3034,1.4955,0.8716,0.4134,0,18.2199,0.1933,Low Potential
21.85,79.905,0,Grid Point,0.0542,0.0704,0.0732,0.1746,0.1992,0.1351,344.0,0.0,0.0,1.3484,1.1409,1.4745,0.7738,0.4095,0,16.8353,0.1579,Low Potential
21.85,79.92,0,Grid Point,0.0472,0.0597,0.0608,0.1736,0.256,0.1626,349.0,4.7588,321.0601,1.2881,1.4748,1.5746,0.9366,0.4811,0,15.4811,0.2619,Low Potential
21.85,79.935,0,Grid Point,0.0503,0.07,0.075,0.2174,0.237,0.1562,331.0,0.0,0.0,1.492,1.0904,1.5181,0.7183,0.4867,0,14.166,0.1328,Low Potential
21.85,79.95,0,Grid Point,0.0392,0.0556,0.0613,0.2212,0.2334,0.141,340.0,1.3631,132.8663,1.5618,1.0556,1.6557,0.6376,0.5659,0,12.9021,0.1896,Low Potential
21.85,79.965,0,Grid Point,0.0459,0.0657,0.0501,0.2147,0.1448,0.0857,333.0,0.9992,270.0,1.0915,0.6747,1.6902,0.3992,0.6216,0,11.7057,0.4413,Moderate Potential
21.85,79.98,0,Grid Point,0.056,0.077,0.0882,0.2262,0.3277,0.2256,328.0,0.9992,270.0,1.5727,1.4487,1.4529,0.9971,0.4392,0,10.5999,0.2156,Low Potential
21.85,79.995,0,Grid Point,0.0491,0.0613,0.0664,0.2099,0.2606,0.1645,324.0,0.9274,0.0,1.3523,1.2418,1.585,0.7835,0.5194,0,9.6159,0.1608,Low Potential
21.85,80.01,0,Grid Point,0.0656,0.0906,0.1032,0.2373,0.3156,0.2224,316.0,0.9274,0.0,1.5712,1.3302,1.4193,0.9372,0.394,0,8.7947,0.3708,Moderate Potential
21.85,80.025,0,Grid Point,0.0596,0.0854,0.0911,0.228,0.2634,0.1878,319.0,0.9274,0.0,1.5277,1.1557,1.4028,0.8239,0.4292,0,8.1856,0.3114,Low Potential
21.85,80.04,0,Grid Point,0.0656,0.087,0.0996,0.238,0.3203,0.2223,319.0,0.9274,180.0,1.5202,1.3461,1.4408,0.9342,0.4097,0,7.838,0.3126,Low Potential
21.85,80.055,0,Grid Point,0.0587,0.0792,0.0758,0.2306,0.2234,0.1426,317.0,1.8543,180.0,1.2922,0.9686,1.5668,0.6182,0.505,0,7.787,0.1465,Low Potential
21.85,80.07,0,Grid Point,0.0561,0.0752,0.0698,0.2392,0.1679,0.1054,313.0,3.5209,121.7482,1.2451,0.7021,1.5937,0.4405,0.5479,0,8.0384,0.2593,Low Potential
21.85,80.085,0,Grid Point,0.0852,0.1153,0.1314,0.2874,0.336,0.2357,311.0,0.0,0.0,1.5417,1.1691,1.4255,0.8201,0.3727,0,8.5656,0.1845,Low Potential
21.85,80.1,0,Grid Point,0.0654,0.0858,0.1096,0.2178,0.341,0.2458,328.0,1.8543,0.0,1.6764,1.5662,1.3878,1.1286,0.3306,0,9.3218,0.5174,Moderate Potential
21.85,80.115,0,Grid Point,0.0543,0.0744,0.0702,0.2478,0.236,0.1392,321.0,2.1061,28.3113,1.2928,0.9526,1.6964,0.5615,0.5585,0,10.2565,0.1439,Low Potential
21.85,80.13,0,Grid Point,0.0738,0.0973,0.0998,0.2715,0.2644,0.1824,316.0,0.9992,90.0,1.3523,0.974,1.4498,0.6718,0.4624,0,11.3257,0.1547,Low Potential
21.85,80.145,0,Grid Point,0.0679,0.0946,0.0816,0.2588,0.1944,0.1174,315.0,0.9274,0.0,1.2018,0.7511,1.6547,0.4539,0.5205,0,12.4948,0.2015,Low Potential
21.85,80.16,0,Grid Point,0.056,0.0727,0.0688,0.2152,0.1741,0.1066,311.0,0.0,0.0,1.2286,0.809,1.6332,0.4954,0.5155,0,13.7383,0.2032,Low Potential
21.85,80.175,0,Grid Point,0.061,0.0791,0.0822,0.2226,0.2576,0.1686,304.0,2.1061,208.3113,1.3475,1.157,1.5283,0.757,0.4607,0,15.0379,0.1553,Low Potential
21.85,80.19,0,Grid Point,0.0562,0.0725,0.0671,0.1804,0.1368,0.078,308.0,0.0,0.0,1.194,0.7585,1.7527,0.4328,0.4577,1,13.7383,0.4314,Moderate Potential
21.85,80.205,0,Grid Point,0.0616,0.0853,0.086,0.2398,0.1688,0.1111,306.0,1.3631,312.8663,1.3981,0.7037,1.5189,0.4633,0.4718,1,12.4948,0.2266,Low Potential
21.85,80.22,0,Grid Point,0.0582,0.0796,0.0771,0.2543,0.2154,0.1465,307.0,2.9538,19.7549,1.3236,0.8468,1.47,0.5761,0.5347,1,11.3257,0.1474,Low Potential
21.85,80.235,0,Grid Point,0.0416,0.0589,0.0539,0.2044,0.2088,0.1296,329.0,7.547549999999999,120.1181,1.2941,1.0218,1.6111,0.6342,0.5826,1,10.2565,0.2221,Low Potential
21.85,80.25,0,Grid Point,0.0638,0.0877,0.074,0.2412,0.2075,0.1298,307.0,1.3631,312.8663,1.1616,0.8605,1.5986,0.5383,0.5301,1,9.3218,0.1894,Low Potential
21.85,80.265,0,Grid Point,0.06,0.0876,0.0856,0.2269,0.175,0.1029,313.0,3.8364,164.9252,1.4287,0.7713,1.7007,0.4535,0.4519,1,8.5656,0.2553,Low Potential
21.85,80.28,0,Grid Point,0.0554,0.0752,0.0767,0.2284,0.2654,0.1706,311.0,2.7247,227.1337,1.3857,1.162,1.556,0.7468,0.4973,1,8.0384,0.1605,Low Potential
21.85,80.295,0,Grid Point,0.0472,0.062,0.0596,0.2111,0.2045,0.1251,322.0,1.3631,47.1337,1.2614,0.9687,1.6347,0.5926,0.5597,1,7.787,0.2092,Low Potential
21.85,80.31,0,Grid Point,0.0656,0.1015,0.0801,0.31765,0.25,0.1386,391.0,7.547549999999999,325.1181,1.222,0.7446,1.8048,0.4126,0.6148,1,7.838,0.2644,Low Potential
21.85,80.325,0,Grid Point,0.0438,0.0726,0.0569,0.2698,0.2033,0.1128,590.125,5.7,119.1133,1.2991,0.7534,1.8015,0.4182,0.6517,1,8.1856,0.2915,Low Potential
21.85,80.34,0,Grid Point,0.0426,0.0559,0.0516,0.2349,0.1994,0.1138,500.0,7.547549999999999,304.8426,1.2139,0.8487,1.751,0.4847,0.6395,1,8.7947,0.3346,Low Potential
21.85,80.355,0,Grid Point,0.035,0.047,0.045,0.1882,0.1614,0.0912,590.125,4.7588,321.0601,1.2853,0.8576,1.7688,0.4849,0.6137,1,9.6159,0.5191,Moderate Potential
21.85,80.37,0,Grid Point,0.0585,0.0796,0.0976,0.2316,0.3326,0.2401,590.125,6.5403,351.25,1.6675,1.4361,1.3853,1.0367,0.4073,1,10.5999,0.5306,Moderate Potential
21.85,80.385,0,Grid Point,0.0768,0.105,0.1349,0.242,0.3934,0.3112,590.125,7.547549999999999,297.9405,1.7577,1.6251,1.264,1.2857,0.2843,1,11.7057,0.3603,Moderate Potential
21.85,80.4,0,Grid Point,0.0617,0.083,0.1018,0.1894,0.3041,0.2248,590.125,3.5209,58.2518,1.6499,1.6063,1.353,1.1872,0.3007,1,12.9021,0.6196,Moderate Potential
21.85,80.415,0,Grid Point,0.0394,0.0528,0.0578,0.1903,0.2065,0.1236,590.125,1.8543,180.0,1.4676,1.0851,1.6707,0.6495,0.5344,1,14.166,0.234,Low Potential
21.85,80.43,0,Grid Point,0.0613,0.0876,0.1025,0.2332,0.3216,0.2305,590.125,7.547549999999999,151.6887,1.6721,1.3789,1.395,0.9884,0.3893,1,13.5489,0.5989,Moderate Potential
21.85,80.445,0,Grid Point,0.0414,0.0575,0.0597,0.2014,0.2164,0.1342,590.125,4.3979,245.1049,1.442,1.0745,1.6123,0.6664,0.5428,1,12.1559,0.2252,Low Potential
21.85,80.46,0,Grid Point,0.06,0.0847,0.1094,0.2297,0.3461,0.2608,590.125,6.0992,139.2413,1.8242,1.5065,1.3271,1.1352,0.3546,1,10.8044,0.5371,Moderate Potential
21.85,80.475,0,Grid Point,0.0695,0.0997,0.1208,0.2348,0.313,0.2158,583.0,5.4371,132.8663,1.7374,1.3328,1.4508,0.9187,0.3209,1,9.512,0.4359,Moderate Potential
21.85,80.49,0,Grid Point,0.0424,0.0579,0.0507,0.1835,0.2035,0.1167,576.0,7.0154,301.7482,1.1972,1.109,1.7438,0.636,0.567,1,8.3063,0.3326,Low Potential
21.865,79.2,0,Grid Point,0.0472,0.0671,0.0714,0.2608,0.1784,0.1132,577.0,2.9539,340.2432,1.5117,0.6842,1.5767,0.4339,0.5703,0,46.6622,0.1879,Low Potential
21.865,79.215,0,Grid Point,0.045,0.0671,0.0706,0.2536,0.1698,0.1123,572.0,2.7803,0.0,1.5678,0.6696,1.5125,0.4427,0.5648,0,45.6538,0.1848,Low Potential
21.865,79.23,0,Grid Point,0.0462,0.0747,0.0664,0.2794,0.1798,0.119,586.0,2.1061,331.6862,1.4383,0.6438,1.5107,0.4262,0.6157,0,44.676,0.1886,Low Potential
21.865,79.245,0,Grid Point,0.0453,0.0616,0.0712,0.1851,0.2534,0.177,570.0,7.547549999999999,189.4124,1.5706,1.3693,1.4319,0.9562,0.4447,0,43.731,0.1869,Low Potential
21.865,79.26,0,Grid Point,0.0612,0.1034,0.0764,0.2739,0.2554,0.153,539.0,3.8365,344.9236,1.2482,0.9325,1.6698,0.5584,0.5636,0,42.8209,0.1959,Low Potential
21.865,79.275,0,Grid Point,0.0468,0.061,0.0748,0.1962,0.2838,0.187,553.0,2.7249,312.8633,1.5972,1.4459,1.5178,0.9526,0.4483,0,41.948,0.1789,Low Potential
21.865,79.29,0,Grid Point,0.0392,0.0509,0.064,0.1782,0.2525,0.1669,533.0,3.5212,58.2545,1.636,1.4173,1.5124,0.9371,0.4711,0,41.1146,0.2698,Low Potential
21.865,79.305,0,Grid Point,0.0408,0.0495,0.0547,0.1759,0.247,0.1643,531.0,1.998,270.0,1.3407,1.4039,1.503,0.9341,0.5256,0,40.3232,0.2208,Low Potential
21.865,79.32,0,Grid Point,0.0437,0.0551,0.0664,0.1905,0.2464,0.1544,552.0,3.8365,344.9236,1.5195,1.2932,1.595,0.8108,0.4831,0,39.5763,0.1821,Low Potential
21.865,79.335,0,Grid Point,0.055,0.0733,0.0891,0.2047,0.325,0.2236,556.0,7.0159,238.2545,1.6209,1.5871,1.4529,1.0923,0.3933,0,38.8765,0.2131,Low Potential
21.865,79.35,0,Grid Point,0.0692,0.0935,0.0954,0.2875,0.3105,0.2316,569.0,1.8543,0.0,1.3786,1.08,1.3404,0.8057,0.5017,0,38.2263,0.2597,Low Potential
21.865,79.365,0,Grid Point,0.05,0.0783,0.0848,0.2848,0.1818,0.1092,572.0,3.9911,270.0,1.6987,0.6381,1.6651,0.3832,0.541,0,37.6285,0.249,Low Potential
21.865,79.38,0,Grid Point,0.0568,0.0833,0.0782,0.2414,0.2494,0.159,576.0,1.8543,0.0,1.3759,1.0336,1.5694,0.6586,0.5108,0,37.0853,0.1282,Low Potential
21.865,79.395,0,Grid Point,0.0513,0.0658,0.0813,0.2151,0.2802,0.1945,590.125,7.547549999999999,250.8109,1.5848,1.3026,1.441,0.904,0.4514,0,36.5994,0.229,Low Potential
21.865,79.41,0,Grid Point,0.0519,0.0699,0.0935,0.2274,0.3006,0.2072,590.125,6.1993,233.4079,1.8025,1.3224,1.451,0.9114,0.417,0,36.173,0.2205,Low Potential
21.865,79.425,0,Grid Point,0.0576,0.0833,0.0984,0.2888,0.2243,0.1533,590.125,4.0834,132.8633,1.7089,0.7768,1.4627,0.5311,0.4919,0,35.8082,0.1825,Low Potential
21.865,79.44,0,Grid Point,0.0532,0.0796,0.1101,0.2294,0.1936,0.1259,590.125,1.3632,47.1367,2.0526375,0.8439,1.5377,0.5488,0.3514,0,35.507,0.2076,Low Potential
21.865,79.455,0,Grid Point,0.0606,0.086,0.0979,0.2347,0.259,0.1832,590.125,0.9993,90.0,1.6168,1.1037,1.414,0.7806,0.4113,0,35.2709,0.1917,Low Potential
21.865,79.47,0,Grid Point,0.0438,0.0566,0.0701,0.2186,0.2592,0.1574,590.125,5.9745,270.0,1.5986,1.1857,1.6462,0.7203,0.5144,0,35.1013,0.1945,Low Potential
21.865,79.485,0,Grid Point,0.0403,0.0516,0.0484,0.1965,0.2285,0.138,563.0,3.8365,15.0764,1.1995,1.1628,1.6552,0.7025,0.6047,0,34.9991,0.267,Low Potential
21.865,79.5,0,Grid Point,0.0439,0.0635,0.0782,0.2291,0.2645,0.164,590.125,1.3632,132.8633,1.7825,1.1545,1.6123,0.7161,0.4908,0,34.965,0.1655,Low Potential
21.865,79.515,0,Grid Point,0.0376,0.0485,0.0521,0.1838,0.226,0.1348,572.0,5.7005,60.8893,1.3856,1.2302,1.6763,0.7339,0.5582,0,33.9915,0.2699,Low Potential
21.865,79.53,0,Grid Point,0.0406,0.0626,0.06,0.2412,0.2714,0.1627,581.0,3.7048,180.0,1.4766,1.125,1.6681,0.6744,0.6019,0,32.9092,0.1903,Low Potential
21.865,79.545,0,Grid Point,0.0419,0.059,0.0508,0.2394,0.2152,0.1332,555.0,5.7005,60.8893,1.2112,0.8993,1.6154,0.5567,0.6501,0,31.8651,0.2301,Low Potential
21.865,79.56,0,Grid Point,0.0375,0.0606,0.0552,0.2638,0.2248,0.1196,590.125,6.4649,180.0,1.4733,0.8523,1.8796,0.4535,0.6536,0,30.863,0.2531,Low Potential
21.865,79.575,0,Grid Point,0.0386,0.0548,0.0557,0.2118,0.2228,0.1326,568.0,6.0451,261.2073,1.443,1.0522,1.6813,0.6258,0.5836,0,29.9072,0.2287,Low Potential
21.865,79.59,0,Grid Point,0.044,0.0613,0.0484,0.2584,0.2178,0.1162,557.0,2.7249,312.8633,1.1013,0.8428,1.8747,0.4496,0.6844,0,29.0022,0.2306,Low Potential
21.865,79.605,0,Grid Point,0.0388,0.0554,0.057,0.177,0.2143,0.1389,501.0,7.547549999999999,250.3561,1.471,1.2107,1.5428,0.7847,0.5128,0,28.153,0.2519,Low Potential
21.865,79.62,0,Grid Point,0.0398,0.0572,0.0487,0.2356,0.2028,0.1145,568.0,7.547549999999999,62.062,1.2252,0.8606,1.7712,0.4859,0.6575,0,27.3648,0.3014,Low Potential
21.865,79.635,0,Grid Point,0.038,0.0492,0.0394,0.1967,0.1939,0.1138,543.0,0.9274,0.0,1.0382,0.9858,1.7046,0.5783,0.6662,0,26.6429,0.3217,Low Potential
21.865,79.65,0,Grid Point,0.0358,0.0534,0.0549,0.2218,0.2124,0.1279,590.125,7.547549999999999,114.8928,1.5314,0.9581,1.6611,0.5768,0.6031,0,25.9928,0.2368,Low Potential
21.865,79.665,0,Grid Point,0.0433,0.056,0.0702,0.1983,0.2651,0.169,583.0,1.998,90.0,1.6201,1.3369,1.5691,0.852,0.4774,0,25.4202,0.1657,Low Potential
21.865,79.68,0,Grid Point,0.0442,0.0602,0.0748,0.202,0.264,0.1716,571.0,5.0368,156.6837,1.6915,1.307,1.5386,0.8495,0.4592,0,24.9303,0.2289,Low Potential
21.865,79.695,0,Grid Point,0.0347,0.0464,0.046,0.1871,0.2008,0.1202,551.0,2.2024,114.8928,1.3242,1.0732,1.6705,0.6424,0.6057,0,24.5282,0.2538,Low Potential
21.865,79.71,0,Grid Point,0.0402,0.0505,0.0537,0.2009,0.2322,0.1368,544.0,1.3632,47.1367,1.3342,1.1556,1.697,0.6809,0.5782,0,24.218,0.198,Low Potential
21.865,79.725,0,Grid Point,0.043,0.055,0.0686,0.195,0.256,0.1594,525.0,4.0967,256.9376,1.5984,1.3125,1.6065,0.817,0.4793,0,24.0035,0.2092,Low Potential
21.865,79.74,0,Grid Point,0.0543,0.0768,0.1099,0.2274,0.3471,0.2631,541.0,1.8543,0.0,2.0239,1.5262,1.3191,1.157,0.3484,0,23.8872,0.348,Low Potential
21.865,79.755,0,Grid Point,0.0339,0.0461,0.0528,0.1812,0.2351,0.14,539.0,5.0368,156.6837,1.559,1.2975,1.6787,0.7729,0.5484,0,23.8706,0.2638,Low Potential
21.865,79.77,0,Grid Point,0.0471,0.0632,0.072,0.2056,0.2661,0.1701,529.0,6.7616,342.8885,1.5276,1.2939,1.5644,0.8271,0.4816,0,23.9537,0.2003,Low Potential
21.865,79.785,0,Grid Point,0.0491,0.0664,0.0844,0.1891,0.2877,0.1982,542.0,1.3632,132.8633,1.7197,1.5214,1.4512,1.0484,0.3831,0,24.1357,0.1512,Low Potential
21.865,79.8,0,Grid Point,0.0472,0.0584,0.0741,0.196,0.288,0.1895,544.0,3.1352,287.1897,1.5683,1.4691,1.5195,0.9668,0.4513,0,24.4144,0.1992,Low Potential
21.865,79.815,0,Grid Point,0.06,0.0906,0.11,0.2354,0.3162,0.2508,561.0,7.547549999999999,70.8109,1.8326,1.3432,1.2607,1.0654,0.363,0,24.7863,0.4374,Moderate Potential
21.865,79.83,0,Grid Point,0.0383,0.0558,0.0636,0.2186,0.2279,0.1354,590.125,5.8922,19.7568,1.6606,1.0428,1.6832,0.6195,0.5492,0,24.5458,0.2655,Low Potential
21.865,79.845,0,Grid Point,0.04,0.0586,0.0517,0.2461,0.2162,0.1204,537.0,6.7616,342.8885,1.2941,0.8785,1.7964,0.489,0.6528,0,23.1271,0.2562,Low Potential
21.865,79.86,0,Grid Point,0.0356,0.0509,0.0501,0.2122,0.2223,0.131,495.0,6.2957,208.3138,1.4053,1.0476,1.6969,0.6173,0.618,0,21.7257,0.2638,Low Potential
21.865,79.875,0,Grid Point,0.0374,0.0542,0.0398,0.209,0.1972,0.1079,438.0,7.547549999999999,22.5105,1.0669,0.944,1.8281,0.5164,0.6797,0,20.345,0.3326,Low Potential
21.865,79.89,0,Grid Point,0.0335,0.0496,0.0468,0.1954,0.2108,0.1224,382.0,7.547549999999999,180.0,1.3985,1.0791,1.7229,0.6263,0.6131,0,18.9897,0.2703,Low Potential
21.865,79.905,0,Grid Point,0.0466,0.0645,0.0515,0.2684,0.2312,0.1254,403.0,7.547549999999999,312.8633,1.104,0.8616,1.8448,0.467,0.678,0,17.6656,0.2448,Low Potential
21.865,79.92,0,Grid Point,0.0421,0.058,0.0662,0.2276,0.2322,0.1358,360.0,6.2517,107.1897,1.5736,1.0202,1.7102,0.5965,0.5492,0,16.3802,0.1894,Low Potential
21.865,79.935,0,Grid Point,0.0644,0.0903,0.115,0.2464,0.3461,0.235,345.0,2.2024,245.1072,1.7857,1.4046,1.4731,0.9535,0.3636,0,15.1434,0.3015,Low Potential
21.865,79.95,0,Grid Point,0.0583,0.0866,0.0808,0.282,0.2529,0.1496,374.0,7.547549999999999,3.0839,1.3851,0.8968,1.6899,0.5307,0.5548,0,13.9682,0.1842,Low Potential
21.865,79.965,0,Grid Point,0.0452,0.0631,0.0718,0.2016,0.244,0.1562,346.0,0.0,0.0,1.5896,1.2106,1.5621,0.775,0.4744,0,12.8713,0.1513,Low Potential
21.865,79.98,0,Grid Point,0.0474,0.0672,0.0706,0.2129,0.2295,0.1427,350.0,7.547549999999999,287.1897,1.4884,1.078,1.6077,0.6705,0.5022,0,11.8745,0.1737,Low Potential
21.865,79.995,0,Grid Point,0.0474,0.0642,0.0767,0.2157,0.2908,0.1954,328.0,1.8543,180.0,1.6164,1.3482,1.4886,0.9057,0.4754,0,11.0051,0.1938,Low Potential
21.865,80.01,0,Grid Point,0.0676,0.0998,0.1332,0.2443,0.2904,0.2069,325.0,0.9274,180.0,1.9726,1.1889,1.4038,0.8469,0.2941,0,10.2953,0.3495,Low Potential
21.865,80.025,0,Grid Point,0.073,0.0977,0.1098,0.2514,0.3172,0.2192,325.0,1.3632,227.1367,1.5051,1.2615,1.4468,0.8719,0.3921,0,9.7801,0.2512,Low Potential
21.865,80.04,0,Grid Point,0.0653,0.0896,0.0982,0.247,0.2874,0.212,333.0,0.0,0.0,1.5031,1.1635,1.3559,0.8581,0.4313,0,9.4911,0.3778,Moderate Potential
21.865,80.055,0,Grid Point,0.0878,0.1204,0.1494,0.251,0.3664,0.2936,329.0,3.4219,215.6913,1.702,1.4596,1.2478,1.1697,0.2539,0,9.449,0.2338,Low Potential
21.865,80.07,0,Grid Point,0.0965,0.1363375,0.18015,0.2786,0.4152,0.3336125,330.0,2.2024,65.1072,2.0526375,1.4904,1.1926,1.2497,0.1648,0,9.6573,0.2289,Low Potential
21.865,80.085,0,Grid Point,0.0522,0.0698,0.0782,0.2092,0.161,0.0938,324.0,4.2066,28.3138,1.4976,0.7698,1.7173,0.4482,0.4555,0,10.1003,0.3308,Low Potential
21.865,80.1,0,Grid Point,0.0521,0.0724,0.0692,0.2103,0.2059,0.1269,314.0,2.2024,245.1072,1.3282,0.9791,1.6225,0.6034,0.5048,0,10.749,0.1625,Low Potential
21.865,80.115,0,Grid Point,0.0534,0.0774,0.0773,0.1954,0.1284,0.0726,309.0,0.0,0.0,1.4462,0.6574,1.7705,0.3713,0.4331,0,11.569,0.4191,Moderate Potential
21.865,80.13,0,Grid Point,0.061,0.0824,0.084,0.2276,0.216,0.1446,310.0,2.7249,227.1367,1.3751,0.9493,1.4946,0.6351,0.4611,0,12.5266,0.1454,Low Potential
21.865,80.145,0,Grid Point,0.0774,0.1038,0.1274,0.2318,0.3724,0.2915,319.0,2.2024,245.1072,1.6477,1.6063,1.2771,1.2578,0.2905,0,13.5928,0.4833,Moderate Potential
21.865,80.16,0,Grid Point,0.0542,0.0714,0.0728,0.2075,0.2446,0.1608,308.0,0.0,0.0,1.3429,1.1786,1.5208,0.7749,0.4803,0,14.7441,0.1455,Low Potential
21.865,80.175,0,Grid Point,0.0748,0.0962,0.1069,0.226,0.316,0.2398,306.0,1.8543,180.0,1.4282,1.3982,1.318,1.0608,0.3578,0,14.2491,0.556,Moderate Potential
21.865,80.19,0,Grid Point,0.0769,0.098,0.1116,0.2304,0.269,0.1916,311.0,1.3632,132.8633,1.4512,1.1675,1.4046,0.8312,0.3475,0,12.8701,0.2913,Low Potential
21.865,80.205,0,Grid Point,0.0651,0.0917,0.0864,0.2482,0.1703,0.0968,306.0,1.3632,47.1367,1.328,0.6859,1.7597,0.3898,0.4833,1,11.5333,0.3193,Low Potential
21.865,80.22,0,Grid Point,0.0809,0.1118,0.1213,0.2666,0.367,0.2638,310.0,1.998,90.0,1.4985,1.3765,1.3911,0.9895,0.3747,1,10.2552,0.3446,Low Potential
21.865,80.235,0,Grid Point,0.0536,0.0771,0.0814,0.2538,0.2406,0.1464,406.0,7.547549999999999,246.0656,1.5172,0.9478,1.6425,0.577,0.5143,1,9.0606,0.1692,Low Potential
21.865,80.25,0,Grid Point,0.0736,0.0983,0.1099,0.2376,0.2723,0.187,311.0,2.2024,65.1072,1.4922,1.1458,1.4558,0.7871,0.3676,1,7.9871,0.1637,Low Potential
21.865,80.265,0,Grid Point,0.0866,0.1209,0.135,0.2958,0.3352,0.2477,313.0,1.998,90.0,1.5586,1.1332,1.353,0.8375,0.373,1,7.0899,0.242,Low Potential
21.865,80.28,0,Grid Point,0.0868,0.1306,0.1736,0.2732,0.3707,0.2948,316.0,3.1352,107.1897,2.0,1.3566,1.2572,1.079,0.223,1,6.4432,0.2665,Low Potential
21.865,80.295,0,Grid Point,0.0421,0.0586,0.0568,0.2292,0.2073,0.121,323.0,3.5212,121.7455,1.3492,0.9046,1.7132,0.528,0.6027,1,6.1267,0.2421,Low Potential
21.865,80.31,0,Grid Point,0.039,0.0572,0.0532,0.2149,0.1888,0.1091,329.0,7.4447,172.3291,1.3636,0.8783,1.7301,0.5077,0.6028,1,6.1913,0.3237,Low Potential
21.865,80.325,0,Grid Point,0.046,0.0616,0.0687,0.2246,0.2094,0.1203,570.0,7.547549999999999,245.1072,1.4951,0.9325,1.7406,0.5357,0.5315,1,6.6258,0.2352,Low Potential
21.865,80.34,0,Grid Point,0.041,0.0538,0.0544,0.1909,0.1962,0.1194,589.0,4.0967,256.9376,1.3297,1.0275,1.6435,0.6252,0.5561,1,7.3651,0.2954,Low Potential
21.865,80.355,0,Grid Point,0.0788,0.1096,0.1472,0.2532,0.3628,0.2964,590.125,1.998,90.0,1.8675,1.4329,1.224,1.1706,0.2646,1,8.3285,0.2599,Low Potential
21.865,80.37,0,Grid Point,0.0606,0.0824,0.104,0.2121,0.3362,0.2437,590.125,7.1145,155.2129,1.7153,1.5853,1.3798,1.149,0.3422,1,9.4475,0.5353,Moderate Potential
21.865,80.385,0,Grid Point,0.0618,0.0913,0.1036,0.2094,0.2686,0.1876,590.125,2.1061,331.6862,1.6769,1.2824,1.4322,0.8954,0.3383,1,10.6734,0.4577,Moderate Potential
21.865,80.4,0,Grid Point,0.0366,0.0534,0.0514,0.1898,0.198,0.1186,590.125,4.0834,227.1367,1.4077,1.0435,1.6688,0.6253,0.5734,1,11.9733,0.307,Low Potential
21.865,80.415,0,Grid Point,0.0448,0.0632,0.0585,0.2448,0.2139,0.1221,590.125,7.547549999999999,43.7648,1.3043,0.8738,1.7518,0.4988,0.6142,1,13.3257,0.2106,Low Potential
21.865,80.43,0,Grid Point,0.035,0.0523,0.0445,0.2309,0.171,0.0921,590.125,0.0,0.0,1.2682,0.7406,1.8567,0.3989,0.6771,1,14.3117,0.5059,Moderate Potential
21.865,80.445,0,Grid Point,0.0352,0.055,0.0484,0.2241,0.1774,0.0968,590.125,4.9843,90.0,1.3745,0.7918,1.8332,0.432,0.6445,1,13.0008,0.4441,Moderate Potential
21.865,80.46,0,Grid Point,0.0576,0.0809,0.1008,0.2242,0.3212,0.2356,590.125,3.4219,324.3087,1.75,1.4327,1.3631,1.0511,0.3796,1,11.7469,0.5217,Moderate Potential
21.865,80.475,0,Grid Point,0.0454,0.071,0.071,0.2671,0.2337,0.1676,582.0,3.1352,72.8103,1.5622,0.875,1.3948,0.6273,0.58,1,10.5703,0.2958,Low Potential
21.865,80.49,0,Grid Point,0.084,0.1142,0.1372,0.2631,0.368,0.2769,574.0,2.1061,28.3138,1.6337,1.3985,1.3288,1.0525,0.3147,1,9.4999,0.3458,Low Potential
21.88,79.2,0,Grid Point,0.053,0.0804,0.0762,0.2674,0.1875,0.1108,559.0,3.1355,252.812,1.4368,0.7012,1.6915,0.4145,0.5567,0,47.9225,0.1931,Low Potential
21.88,79.215,0,Grid Point,0.0538,0.076,0.0683,0.2746,0.1655,0.088,567.0,3.1355,252.812,1.2695,0.6028,1.8796,0.3207,0.6016,0,46.9412,0.3989,Moderate Potential
21.88,79.23,0,Grid Point,0.054,0.0838,0.0814,0.256,0.1796,0.1239,559.0,0.9274,0.0,1.506,0.7018,1.45,0.484,0.5175,0,45.9908,0.1478,Low Potential
21.88,79.245,0,Grid Point,0.0704,0.099,0.1426,0.2668,0.2525,0.1692,587.0,6.0457,278.7918,2.0234,0.9462,1.4928,0.6339,0.3036,0,45.0734,0.2343,Low Potential
21.88,79.26,0,Grid Point,0.0447,0.0592,0.0742,0.1752,0.273,0.1942,585.0,7.547549999999999,142.4134,1.6611,1.5584,1.4059,1.1085,0.4046,0,44.1909,0.3175,Low Potential
21.88,79.275,0,Grid Point,0.064,0.0866,0.1099,0.2122,0.3484,0.252,561.0,4.2067,151.6837,1.7172,1.6421,1.3827,1.1876,0.3176,0,43.3456,0.4003,Moderate Potential
21.88,79.29,0,Grid Point,0.0423,0.0573,0.0653,0.1945,0.2505,0.1587,538.0,1.3633,227.1397,1.5437,1.2879,1.5789,0.8157,0.4973,0,42.5396,0.1495,Low Potential
21.88,79.305,0,Grid Point,0.0382,0.0544,0.0505,0.2091,0.2238,0.1363,528.0,0.9994,90.0,1.322,1.0703,1.642,0.6518,0.6109,0,41.7752,0.2043,Low Potential
21.88,79.32,0,Grid Point,0.0854,0.118,0.1558,0.2671,0.4088,0.3333,535.0,1.8543,180.0,1.8254,1.5303,1.2264,1.2478,0.2632,0,41.0547,0.1813,Low Potential
21.88,79.335,0,Grid Point,0.054,0.075,0.078,0.2043,0.2771,0.1874,565.0,3.422,215.6941,1.4454,1.3563,1.479,0.917,0.4471,0,40.3805,0.1743,Low Potential
21.88,79.35,0,Grid Point,0.059,0.0825,0.1068,0.2182,0.2927,0.223,569.0,1.8543,180.0,1.8102,1.3414,1.3129,1.0218,0.3428,0,39.755,0.4855,Moderate Potential
21.88,79.365,0,Grid Point,0.0696,0.1078,0.1545,0.2882,0.3584,0.2794,580.0,3.9915,270.0,2.0526375,1.2434,1.2825,0.9695,0.3021,0,39.1804,0.2872,Low Potential
21.88,79.38,0,Grid Point,0.0859,0.1122,0.1493,0.2284,0.3544,0.288,576.0,4.2067,331.6837,1.7381,1.5513,1.2303,1.2609,0.2095,0,38.6591,0.2641,Low Potential
21.88,79.395,0,Grid Point,0.092,0.1252,0.18015,0.2656,0.3854,0.2983,590.125,0.9994,90.0,2.037,1.4515,1.2922,1.1233,0.1728,0,38.1932,0.2175,Low Potential
21.88,79.41,0,Grid Point,0.0798,0.1005,0.13,0.2464,0.3241,0.2385,590.0,2.9957,270.0,1.6301,1.3156,1.3589,0.9681,0.3092,0,37.7848,0.4785,Moderate Potential
21.88,79.425,0,Grid Point,0.0509,0.0673,0.082,0.2156,0.298,0.2018,590.125,7.547549999999999,239.4371,1.611,1.3821,1.477,0.9358,0.449,0,37.4357,0.2181,Low Potential
21.88,79.44,0,Grid Point,0.059,0.0835,0.0958,0.2011,0.1932,0.1348,587.0,3.9915,270.0,1.6224,0.961,1.4336,0.6703,0.3547,0,37.1477,0.2451,Low Potential
21.88,79.455,0,Grid Point,0.0506,0.0666,0.0602,0.2488,0.2551,0.1596,590.125,7.547549999999999,331.6837,1.1919,1.0255,1.5979,0.6418,0.61,0,36.9221,0.1988,Low Potential
21.88,79.47,0,Grid Point,0.0607,0.0802,0.1012,0.2184,0.3317,0.2305,590.125,5.4377,47.1397,1.6672,1.5191,1.439,1.0556,0.3666,0,36.7601,0.3241,Low Potential
21.88,79.485,0,Grid Point,0.047,0.0622,0.0796,0.1712,0.2822,0.2031,590.125,7.547549999999999,120.1128,1.6926,1.6486,1.3892,1.1867,0.3654,0,36.6626,0.3736,Moderate Potential
21.88,79.5,0,Grid Point,0.0397,0.0576,0.0615,0.1948,0.2447,0.1494,590.125,4.7592,141.0542,1.5491,1.2562,1.6379,0.7669,0.5201,0,36.2608,0.2142,Low Potential
21.88,79.515,0,Grid Point,0.0386,0.0553,0.062,0.1943,0.2474,0.1533,571.0,4.2067,151.6837,1.6083,1.273,1.6135,0.789,0.5162,0,35.1804,0.2327,Low Potential
21.88,79.53,0,Grid Point,0.0413,0.0695,0.0588,0.2526,0.2405,0.1366,590.125,2.725,227.1397,1.4237,0.9519,1.7613,0.5405,0.6224,0,34.1359,0.1828,Low Potential
21.88,79.545,0,Grid Point,0.0378,0.0504,0.0625,0.1698,0.2406,0.1636,589.0,2.9539,160.2413,1.6534,1.4173,1.471,0.9635,0.4619,0,33.1304,0.2626,Low Potential
21.88,79.56,0,Grid Point,0.0352,0.0476,0.0418,0.2087,0.2084,0.123,586.0,2.1062,151.6837,1.1858,0.9986,1.6936,0.5896,0.6663,0,32.1678,0.3008,Low Potential
21.88,79.575,0,Grid Point,0.034,0.0558,0.0478,0.229,0.2179,0.121,585.0,6.0457,98.7918,1.4065,0.9515,1.8008,0.5284,0.6549,0,31.2519,0.2656,Low Potential
21.88,79.59,0,Grid Point,0.032,0.0482,0.0424,0.1945,0.2054,0.1162,551.0,7.547549999999999,104.2023,1.3271,1.0558,1.7665,0.5977,0.642,0,30.387,0.3028,Low Potential
21.88,79.605,0,Grid Point,0.0368,0.0483,0.0478,0.206,0.2236,0.1328,557.0,5.9752,90.0,1.2972,1.0849,1.6834,0.6445,0.6234,0,29.5776,0.2625,Low Potential
21.88,79.62,0,Grid Point,0.0411,0.0584,0.053,0.2355,0.2222,0.1286,590.125,6.2523,252.812,1.2883,0.9437,1.7276,0.5463,0.6329,0,28.8283,0.2348,Low Potential
21.88,79.635,0,Grid Point,0.0339,0.0445,0.0532,0.1791,0.2296,0.1394,589.0,3.9915,90.0,1.5678,1.2817,1.6467,0.7783,0.5423,0,28.144,0.2472,Low Potential
21.88,79.65,0,Grid Point,0.037,0.0468,0.0414,0.204,0.2024,0.1182,590.0,3.1355,252.812,1.1203,0.9922,1.7124,0.5794,0.6623,0,27.5295,0.3454,Low Potential
21.88,79.665,0,Grid Point,0.0464,0.0656,0.0742,0.2193,0.2706,0.1792,581.0,1.9982,90.0,1.6002,1.2339,1.5105,0.8169,0.4941,0,26.9895,0.1428,Low Potential
21.88,79.68,0,Grid Point,0.0402,0.0576,0.0468,0.2582,0.2044,0.1187,590.0,2.9539,160.2413,1.1642,0.7915,1.722,0.4596,0.6932,0,26.5286,0.2643,Low Potential
21.88,79.695,0,Grid Point,0.0354,0.0502,0.0468,0.2098,0.2085,0.1236,582.0,6.5404,171.2482,1.3234,0.994,1.6869,0.5893,0.6348,0,26.151,0.287,Low Potential
21.88,79.71,0,Grid Point,0.0382,0.048,0.0482,0.1816,0.1978,0.1228,550.0,4.8592,124.8369,1.2621,1.0892,1.611,0.6761,0.5808,0,25.8603,0.3112,Low Potential
21.88,79.725,0,Grid Point,0.0453,0.0569,0.0746,0.1862,0.2658,0.1694,547.0,2.725,132.8603,1.6479,1.4276,1.5683,0.9103,0.4275,0,25.6595,0.1919,Low Potential
21.88,79.74,0,Grid Point,0.1013,0.1363375,0.18015,0.3092,0.42003750000000006,0.3336125,548.0,2.7803,180.0,1.817,1.4974,1.1786,1.2705,0.1556,0,25.5508,0.2081,Low Potential
21.88,79.755,0,Grid Point,0.0504,0.073,0.0868,0.229,0.2959,0.1965,541.0,0.9994,270.0,1.7222,1.2919,1.5062,0.8577,0.4504,0,25.5352,0.1991,Low Potential
21.88,79.77,0,Grid Point,0.0568,0.082,0.0998,0.2586,0.3106,0.2241,537.0,1.3633,227.1397,1.7579,1.2009,1.386,0.8664,0.443,0,25.613,0.2932,Low Potential
21.88,79.785,0,Grid Point,0.0566,0.0756,0.0911,0.2188,0.3219,0.2272,543.0,0.0,0.0,1.6095,1.4709,1.4171,1.0379,0.4122,0,25.7833,0.2113,Low Potential
21.88,79.8,0,Grid Point,0.0659,0.0896,0.1142,0.2442,0.3034,0.2089,566.0,2.9539,340.2413,1.7342,1.2424,1.4526,0.8553,0.3628,0,26.0443,0.2681,Low Potential
21.88,79.815,0,Grid Point,0.0642,0.093,0.1168,0.2568,0.3084,0.2236,562.0,3.1355,252.812,1.8171,1.2009,1.3792,0.8707,0.375,0,26.3933,0.3692,Moderate Potential
21.88,79.83,0,Grid Point,0.0478,0.0706,0.0874,0.2044,0.2866,0.203,580.0,3.8365,344.9221,1.8314,1.4027,1.4117,0.9936,0.4006,0,25.2326,0.2782,Low Potential
21.88,79.845,0,Grid Point,0.0468,0.0725,0.0912,0.2249,0.2676,0.1751,542.0,2.1062,151.6837,1.9477,1.1896,1.528,0.7786,0.4227,0,23.8548,0.1742,Low Potential
21.88,79.86,0,Grid Point,0.0344,0.0587,0.0653,0.2166,0.2344,0.1403,511.0,7.547549999999999,157.4874,1.901,1.0822,1.6707,0.6477,0.5367,0,22.4988,0.2286,Low Potential
21.88,79.875,0,Grid Point,0.0328,0.0424,0.04,0.1679,0.1962,0.1178,394.0,4.2067,208.3163,1.2192,1.1682,1.6648,0.7017,0.6149,0,21.1686,0.3399,Low Potential
21.88,79.89,0,Grid Point,0.0448,0.0712,0.07,0.2216,0.2321,0.1437,446.0,7.547549999999999,182.9376,1.5642,1.0471,1.6152,0.6483,0.52,0,19.8696,0.1441,Low Potential
21.88,79.905,0,Grid Point,0.034,0.0447,0.0359,0.1936,0.1785,0.096,465.0,2.2026,114.8905,1.0543,0.9218,1.8594,0.4957,0.6872,0,18.6082,0.4311,Moderate Potential
21.88,79.92,0,Grid Point,0.0372,0.05,0.039,0.2464,0.194,0.1046,506.0,1.8543,180.0,1.0485,0.7872,1.8538,0.4246,0.727,0,17.3926,0.3455,Low Potential
21.88,79.935,0,Grid Point,0.0386,0.0604,0.0554,0.2283,0.2036,0.114,516.0,2.9539,160.2413,1.4365,0.8918,1.7852,0.4996,0.6092,0,16.2331,0.2421,Low Potential
21.88,79.95,0,Grid Point,0.0323,0.0498,0.0421,0.2554,0.1897,0.0954,520.0,7.0164,121.7428,1.3034,0.7426,1.9758749999999998,0.3737,0.717,0,15.1427,0.4392,Moderate Potential
21.88,79.965,0,Grid Point,0.0466,0.0781,0.0768,0.2494,0.2263,0.1404,529.0,7.547549999999999,160.2413,1.647,0.9076,1.6118,0.5631,0.5293,0,14.1372,0.1962,Low Potential
21.88,79.98,0,Grid Point,0.0548,0.0726,0.075,0.2508,0.2323,0.1515,430.0,7.547549999999999,335.8194,1.3683,0.9261,1.5333,0.6039,0.5394,0,13.2361,0.165,Low Potential
21.88,79.995,0,Grid Point,0.0795,0.1137,0.1567,0.2412,0.3488,0.262,339.0,1.8543,180.0,1.9711,1.4462,1.3314,1.0863,0.2123,0,12.462,0.2686,Low Potential
21.88,80.01,0,Grid Point,0.057,0.0764,0.0866,0.2398,0.3009,0.2104,335.0,0.0,0.0,1.518,1.2545,1.4298,0.8774,0.4694,0,11.8399,0.2209,Low Potential
21.88,80.025,0,Grid Point,0.0643,0.0898,0.1154,0.2216,0.2599,0.1964,328.0,0.9994,90.0,1.7955,1.1723,1.3234,0.8859,0.315,0,11.3948,0.5785,Moderate Potential
21.88,80.04,0,Grid Point,0.0724,0.0974,0.1236,0.2374,0.2733,0.2036,321.0,2.2026,114.8905,1.7091,1.1515,1.3423,0.8578,0.315,0,11.1477,0.4482,Moderate Potential
21.88,80.055,0,Grid Point,0.059,0.081,0.0942,0.2348,0.259,0.1724,322.0,1.3633,227.1397,1.5966,1.1033,1.5019,0.7346,0.4273,0,11.1119,0.1595,Low Potential
21.88,80.07,0,Grid Point,0.0519,0.0712,0.0693,0.2052,0.1284,0.0779,321.0,1.8543,0.0,1.3353,0.6261,1.6489,0.3797,0.495,0,11.2895,0.3957,Moderate Potential
21.88,80.085,0,Grid Point,0.0532,0.0728,0.0693,0.2172,0.1338,0.0729,314.0,2.1062,331.6837,1.3029,0.6159,1.8354,0.3356,0.5166,0,11.6707,0.4937,Moderate Potential
21.88,80.1,0,Grid Point,0.0712,0.0928,0.1019,0.2497,0.3118,0.2197,312.0,3.1355,107.188,1.4312,1.2487,1.4192,0.8799,0.4204,0,12.2365,0.3716,Moderate Potential
21.88,80.115,0,Grid Point,0.0649,0.0884,0.0969,0.2212,0.2222,0.1456,318.0,2.725,227.1397,1.4931,1.005,1.5264,0.6584,0.3907,0,12.9628,0.1729,Low Potential
21.88,80.13,0,Grid Point,0.0693,0.092,0.1112,0.2342,0.2408,0.162,314.0,1.9982,90.0,1.6039,1.0282,1.4869,0.6915,0.3563,0,13.8242,0.1659,Low Potential
21.88,80.145,0,Grid Point,0.058,0.0779,0.0726,0.2143,0.154,0.0966,310.0,2.725,132.8603,1.2498,0.7189,1.5947,0.4508,0.4942,0,14.7972,0.2928,Low Potential
21.88,80.16,0,Grid Point,0.0626,0.0781,0.085,0.1839,0.1894,0.1332,303.0,2.725,312.8603,1.3575,1.0302,1.4228,0.724,0.3675,0,15.0881,0.2392,Low Potential
21.88,80.175,0,Grid Point,0.1013,0.1336,0.1584,0.2176,0.2814,0.2668,291.0,0.0,0.0,1.4991,1.2937,1.0547,1.2266,0.1572,0,13.6191,0.4522,Moderate Potential
21.88,80.19,0,Grid Point,0.0732,0.0977,0.098,0.2498,0.1738,0.1122,309.0,0.9994,90.0,1.3397,0.6958,1.5502,0.4489,0.4365,0,12.1689,0.1854,Low Potential
21.88,80.205,0,Grid Point,0.0582,0.0846,0.075,0.2462,0.1666,0.0928,309.0,0.9274,0.0,1.2878,0.6767,1.7962,0.3767,0.5332,0,10.7452,0.349,Low Potential
21.88,80.22,0,Grid Point,0.0676,0.0922,0.1081,0.2358,0.3048,0.2272,315.0,3.422,215.6941,1.6003,1.2929,1.3418,0.9635,0.3712,0,9.3601,0.6122,Moderate Potential
21.88,80.235,0,Grid Point,0.0427,0.0595,0.0533,0.2102,0.1884,0.11,334.0,1.9982,270.0,1.2482,0.8963,1.7115,0.5237,0.5954,1,8.0335,0.2895,Low Potential
21.88,80.25,0,Grid Point,0.0421,0.0636,0.0704,0.2104,0.2122,0.1228,371.0,7.547549999999999,147.1143,1.6734,1.0088,1.7287,0.5836,0.4982,1,6.7997,0.3166,Low Potential
21.88,80.265,0,Grid Point,0.0802,0.1054,0.1268,0.2468,0.3002,0.2242,327.0,4.2067,151.6837,1.582,1.2166,1.3387,0.9088,0.3211,1,5.7192,0.5127,Moderate Potential
21.88,80.28,0,Grid Point,0.0565,0.0818,0.0794,0.2483,0.2697,0.18,323.0,1.3633,227.1397,1.4044,1.0862,1.4987,0.7247,0.5156,1,4.8946,0.1558,Low Potential
21.88,80.295,0,Grid Point,0.0557,0.0748,0.0816,0.2131,0.3125,0.2126,330.0,2.9539,19.7587,1.465,1.4664,1.4696,0.9979,0.4462,1,4.4698,0.2128,Low Potential
21.88,80.31,0,Grid Point,0.0403,0.0554,0.0506,0.2192,0.1848,0.1003,498.0,7.547549999999999,236.9932,1.2568,0.8429,1.8434,0.4572,0.6247,1,4.5579,0.3984,Moderate Potential
21.88,80.325,0,Grid Point,0.0356,0.0512,0.0434,0.1991,0.1846,0.1048,581.0,2.1062,28.3163,1.2194,0.9269,1.7618,0.5261,0.6424,1,5.1327,0.435,Moderate Potential
21.88,80.34,0,Grid Point,0.0772,0.1056,0.1244,0.2457,0.3043,0.2283,590.125,5.4377,132.8603,1.611,1.2385,1.3329,0.9292,0.3276,1,6.0571,0.6074,Moderate Potential
21.88,80.355,0,Grid Point,0.0366,0.051,0.0488,0.186,0.1938,0.1145,590.125,0.9274,0.0,1.3365,1.0419,1.693,0.6154,0.5841,1,7.1976,0.3424,Low Potential
21.88,80.37,0,Grid Point,0.0356,0.0514,0.0483,0.1779,0.1847,0.108,590.125,1.3633,132.8603,1.3601,1.0382,1.7102,0.6071,0.5726,1,8.4674,0.3608,Moderate Potential
21.88,80.385,0,Grid Point,0.035,0.0551,0.0402,0.2355,0.1598,0.0856,590.125,0.9994,90.0,1.1486,0.6786,1.8668,0.3635,0.7084,1,9.8165,0.579,Moderate Potential
21.88,80.4,0,Grid Point,0.0312,0.0436,0.0388,0.2104,0.1616,0.0842,590.125,7.547549999999999,180.0,1.2432,0.7685,1.9187,0.4005,0.6882,1,11.2162,0.5675,Moderate Potential
21.88,80.415,0,Grid Point,0.0382,0.0534,0.0533,0.2122,0.2178,0.1335,590.125,4.0837,312.8603,1.3953,1.0264,1.6318,0.629,0.5986,1,12.6498,0.2654,Low Potential
21.88,80.43,0,Grid Point,0.0543,0.0712,0.1046,0.208,0.2984,0.2233,590.125,4.7331,167.8374,1.9273,1.4349,1.3365,1.0736,0.3306,1,14.1069,0.5695,Moderate Potential
21.88,80.445,0,Grid Point,0.0393,0.053,0.0626,0.1708,0.2222,0.1428,590.125,2.1062,331.6837,1.5941,1.3009,1.556,0.8361,0.4633,1,13.9935,0.2669,Low Potential
21.88,80.46,0,Grid Point,0.0331,0.0447,0.0464,0.2078,0.1698,0.0928,590.125,7.547549999999999,180.0,1.4024,0.8167,1.8292,0.4465,0.6353,1,12.837,0.5095,Moderate Potential
21.88,80.475,0,Grid Point,0.0376,0.0543,0.0558,0.1956,0.2244,0.1394,590.125,4.7331,192.1626,1.486,1.1478,1.6095,0.7131,0.556,1,11.7699,0.2563,Low Potential
21.88,80.49,0,Grid Point,0.0422,0.0568,0.0695,0.1706,0.2599,0.1718,590.125,6.9619,270.0,1.6489,1.5239,1.5124,1.0076,0.421,1,10.8188,0.3409,Low Potential
21.895,79.2,0,Grid Point,0.0425,0.0611,0.0582,0.2283,0.148,0.0986,569.0,0.9274,180.0,1.3682,0.6481,1.4997,0.4321,0.594,0,49.2069,0.2919,Low Potential
21.895,79.215,0,Grid Point,0.0549,0.0794,0.076,0.2174,0.1796,0.1143,561.0,2.2028,245.1118,1.3843,0.8261,1.5713,0.5258,0.4819,0,48.2517,0.156,Low Potential
21.895,79.23,0,Grid Point,0.0535,0.0783,0.0762,0.2244,0.1794,0.1344,556.0,2.7252,132.8573,1.4243,0.7995,1.3348,0.5989,0.493,0,47.3276,0.2701,Low Potential
21.895,79.245,0,Grid Point,0.0483,0.0718,0.0675,0.2139,0.1397,0.106,553.0,0.9995,270.0,1.3975,0.6531,1.3185,0.4953,0.5203,0,46.4366,0.3762,Moderate Potential
21.895,79.26,0,Grid Point,0.0496,0.0628,0.0729,0.1629,0.2353,0.173,568.0,7.547549999999999,19.7606,1.4683,1.4444,1.3605,1.0617,0.3817,0,45.5805,0.3548,Moderate Potential
21.895,79.275,0,Grid Point,0.0428,0.059,0.0598,0.1955,0.2336,0.1492,590.125,7.547549999999999,124.012,1.3984,1.1949,1.5657,0.7632,0.5312,0,44.7615,0.1863,Low Potential
21.895,79.29,0,Grid Point,0.0504,0.067,0.0789,0.1886,0.2913,0.1938,564.0,3.5217,58.2599,1.5655,1.5449,1.5035,1.0276,0.41,0,43.9814,0.1734,Low Potential
21.895,79.305,0,Grid Point,0.0518,0.0827,0.0949,0.2811,0.2799,0.2018,535.0,2.954,199.7606,1.8338,0.9959,1.3876,0.7177,0.4952,0,43.2425,0.2544,Low Potential
21.895,79.32,0,Grid Point,0.0538,0.089,0.1092,0.2789,0.2774,0.1858,540.0,6.7617,17.1149,2.0307,0.9946,1.4929,0.6662,0.4375,0,42.5469,0.1943,Low Potential
21.895,79.335,0,Grid Point,0.0709,0.0891,0.1149,0.2076,0.311,0.2434,556.0,3.8365,164.9206,1.6206,1.4983,1.2782,1.1722,0.2874,0,41.8967,0.433,Moderate Potential
21.895,79.35,0,Grid Point,0.0986,0.1228,0.1537,0.2496,0.3964,0.3336125,570.0,3.1358,72.8137,1.5596,1.5883,1.1467,1.3851,0.2377,0,41.2942,0.2318,Low Potential
21.895,79.365,0,Grid Point,0.068,0.0874,0.1027,0.2558,0.3288,0.246,557.0,3.4221,35.697,1.5092,1.2856,1.3369,0.9617,0.427,0,40.7413,0.4112,Moderate Potential
21.895,79.38,0,Grid Point,0.0698,0.0934,0.1176,0.2579,0.363,0.2558,572.0,2.2028,245.1118,1.6853,1.4077,1.4196,0.9917,0.3738,0,40.2402,0.2684,Low Potential
21.895,79.395,0,Grid Point,0.0546,0.0802,0.0868,0.1892,0.1918,0.133,589.0,3.1358,287.1863,1.5883,1.0137,1.4425,0.7028,0.3711,0,39.7929,0.2192,Low Potential
21.895,79.41,0,Grid Point,0.0357,0.051,0.06,0.203,0.2288,0.1414,590.125,7.547549999999999,128.4958,1.6793,1.1271,1.6175,0.6968,0.544,0,39.401,0.3028,Low Potential
21.895,79.425,0,Grid Point,0.093,0.1267,0.1654,0.2784,0.3526,0.2614,590.0,4.0839,47.1427,1.7775,1.2663,1.3489,0.9388,0.2547,0,39.0664,0.25,Low Potential
21.895,79.44,0,Grid Point,0.0726,0.1042,0.1317,0.2546,0.3723,0.3081,578.0,3.5217,238.2599,1.8153,1.4626,1.2084,1.2104,0.3181,0,38.7905,0.2835,Low Potential
21.895,79.455,0,Grid Point,0.0722,0.0996,0.131,0.25,0.2655,0.192,576.0,1.8543,0.0,1.8151,1.0622,1.3828,0.7682,0.3121,0,38.5745,0.2652,Low Potential
21.895,79.47,0,Grid Point,0.0553,0.0842,0.0896,0.2627,0.2282,0.1413,577.0,0.0,0.0,1.6203,0.8685,1.6146,0.5379,0.4913,0,38.4195,0.1545,Low Potential
21.895,79.485,0,Grid Point,0.053,0.0777,0.0945,0.2452,0.2332,0.1576,588.0,2.7252,227.1427,1.7847,0.9513,1.4797,0.6429,0.4435,0,38.3262,0.1601,Low Potential
21.895,79.5,0,Grid Point,0.0472,0.0604,0.0774,0.1652,0.2967,0.2072,590.125,6.0463,261.2091,1.6409,1.7965,1.4323,1.2543,0.3615,0,37.4517,0.27,Low Potential
21.895,79.515,0,Grid Point,0.0424,0.0542,0.0638,0.1831,0.2509,0.163,590.125,3.5217,301.7401,1.5065,1.3703,1.5397,0.89,0.4832,0,36.4067,0.202,Low Potential
21.895,79.53,0,Grid Point,0.0695,0.0927,0.1158,0.2211,0.3177,0.2347,590.125,4.399,245.1118,1.6669,1.4369,1.3536,1.0615,0.3124,0,35.3984,0.5562,Moderate Potential
21.895,79.545,0,Grid Point,0.0418,0.0578,0.0642,0.1992,0.2422,0.1534,590.125,0.9274,0.0,1.5341,1.2162,1.5784,0.7705,0.5124,0,34.4298,0.1665,Low Potential
21.895,79.56,0,Grid Point,0.0431,0.0554,0.0518,0.2081,0.2336,0.1427,590.125,3.5217,301.7401,1.203,1.1225,1.6364,0.686,0.6011,0,33.5045,0.232,Low Potential
21.895,79.575,0,Grid Point,0.0799,0.108,0.1313,0.2721,0.3641,0.253,590.0,5.7014,299.1056,1.6423,1.3381,1.4391,0.9298,0.349,0,32.6262,0.3392,Low Potential
21.895,79.59,0,Grid Point,0.0398,0.0516,0.0457,0.1998,0.2106,0.1252,588.0,3.5217,58.2599,1.1455,1.0541,1.6817,0.6268,0.628,0,31.7987,0.3046,Low Potential
21.895,79.605,0,Grid Point,0.0369,0.0483,0.042,0.2082,0.1984,0.1128,566.0,2.2028,294.8882,1.1382,0.9527,1.7584,0.5418,0.6643,0,31.0262,0.3392,Low Potential
21.895,79.62,0,Grid Point,0.0421,0.0526,0.0618,0.1915,0.268,0.1688,562.0,6.7861,312.8573,1.4679,1.3995,1.5872,0.8817,0.512,0,30.3127,0.2341,Low Potential
21.895,79.635,0,Grid Point,0.0542,0.0757,0.0882,0.2661,0.2671,0.1686,580.0,4.0839,47.1427,1.6264,1.0038,1.5838,0.6338,0.5023,0,29.6626,0.1755,Low Potential
21.895,79.65,0,Grid Point,0.0466,0.0584,0.0724,0.1907,0.2776,0.1798,576.0,4.399,294.8882,1.5542,1.4557,1.5439,0.9428,0.4499,0,29.0802,0.2119,Low Potential
21.895,79.665,0,Grid Point,0.0432,0.0584,0.0692,0.2047,0.2747,0.175,568.0,2.7252,312.8573,1.6,1.342,1.5697,0.8549,0.4947,0,28.5695,0.1754,Low Potential
21.895,79.68,0,Grid Point,0.0741,0.1052,0.1285,0.2178,0.3112,0.2311,572.0,1.8543,0.0,1.7341,1.4285,1.3466,1.0608,0.258,0,28.1345,0.3746,Moderate Potential
21.895,79.695,0,Grid Point,0.0346,0.048,0.0371,0.2352,0.1888,0.1054,561.0,3.1358,72.8137,1.0707,0.8025,1.7916,0.4479,0.7275,0,27.7788,0.3464,Low Potential
21.895,79.71,0,Grid Point,0.0756,0.0998,0.1242,0.2352,0.3418,0.26,558.0,4.7594,38.9487,1.6422,1.4531,1.3146,1.1054,0.3091,0,27.5053,0.4934,Moderate Potential
21.895,79.725,0,Grid Point,0.0443,0.0708,0.0549,0.3158,0.2104,0.1222,557.0,0.9995,270.0,1.2393,0.6663,1.7215,0.3871,0.7038,0,27.3166,0.2181,Low Potential
21.895,79.74,0,Grid Point,0.0495,0.0708,0.0676,0.2493,0.2096,0.1291,542.0,0.9995,90.0,1.3646,0.841,1.6233,0.5181,0.5736,0,27.2145,0.1388,Low Potential
21.895,79.755,0,Grid Point,0.0734,0.1074,0.1317,0.2834,0.3093,0.237,549.0,4.399,294.8882,1.7931,1.091,1.3051,0.8359,0.3655,0,27.1999,0.2715,Low Potential
21.895,79.77,0,Grid Point,0.0711,0.0984,0.1053,0.3153,0.3057,0.2221,541.0,2.2028,245.1118,1.481,0.9696,1.3764,0.7044,0.4993,0,27.2729,0.2473,Low Potential
21.895,79.785,0,Grid Point,0.0511,0.0802,0.0854,0.2565,0.2394,0.1504,548.0,2.1062,28.3189,1.6712,0.9335,1.5916,0.5865,0.5004,0,27.4329,0.1569,Low Potential
21.895,79.8,0,Grid Point,0.0433,0.0672,0.0635,0.2012,0.1595,0.0992,553.0,3.5217,301.7401,1.4665,0.7927,1.6087,0.4928,0.5202,0,27.6783,0.275,Low Potential
21.895,79.815,0,Grid Point,0.0702,0.098,0.1226,0.2596,0.365,0.2952,560.0,4.2068,208.3189,1.7472,1.4061,1.2365,1.1372,0.3582,0,27.3647,0.3778,Moderate Potential
21.895,79.83,0,Grid Point,0.0449,0.0663,0.0713,0.247,0.2576,0.1606,563.0,4.0839,47.1427,1.588,1.0427,1.6037,0.6502,0.552,0,26.0081,0.1583,Low Potential
21.895,79.845,0,Grid Point,0.0415,0.0638,0.077,0.2252,0.2602,0.164,554.0,3.4221,35.697,1.8566,1.1549,1.5858,0.7283,0.4902,0,24.6736,0.2144,Low Potential
21.895,79.86,0,Grid Point,0.0396,0.0634,0.0758,0.2059,0.2502,0.1577,514.0,4.8596,124.8341,1.9129,1.2154,1.5874,0.7657,0.4621,0,23.3651,0.2535,Low Potential
21.895,79.875,0,Grid Point,0.0442,0.0618,0.0434,0.2314,0.214,0.1187,449.0,7.547549999999999,31.1124,0.9819,0.9246,1.8024,0.513,0.6844,0,22.0872,0.24,Low Potential
21.895,79.89,0,Grid Point,0.0402,0.0611,0.0532,0.2372,0.2358,0.1388,499.0,4.2068,28.3189,1.3217,0.9945,1.6998,0.5851,0.6335,0,20.8455,0.2125,Low Potential
21.895,79.905,0,Grid Point,0.0331,0.0472,0.0422,0.22,0.2098,0.1208,497.0,7.547549999999999,141.0513,1.2769,0.9534,1.736,0.5492,0.6782,0,19.6469,0.3036,Low Potential
21.895,79.92,0,Grid Point,0.034,0.049,0.0428,0.2297,0.1915,0.1035,505.0,5.8923,199.7606,1.2592,0.8337,1.8502,0.4506,0.6862,0,18.4997,0.3584,Moderate Potential
21.895,79.935,0,Grid Point,0.0412,0.0632,0.0694,0.2369,0.2328,0.1382,531.0,6.0463,98.7909,1.6853,0.9825,1.6848,0.5832,0.5471,0,17.4141,0.2313,Low Potential
21.895,79.95,0,Grid Point,0.0389,0.056,0.0502,0.2268,0.211,0.1185,546.0,7.547549999999999,334.4058,1.2905,0.9303,1.7802,0.5226,0.6375,0,16.4023,0.2956,Low Potential
21.895,79.965,0,Grid Point,0.0295,0.0408,0.035,0.2132,0.173,0.0898,504.0,7.547549999999999,153.9006,1.1847,0.8117,1.9271,0.4212,0.7183,0,15.4789,0.505,Moderate Potential
21.895,79.98,0,Grid Point,0.0452,0.0626,0.0505,0.2218,0.215,0.1214,514.0,7.547549999999999,38.3208,1.116,0.9691,1.771,0.5472,0.6292,0,14.6605,0.249,Low Potential
21.895,79.995,0,Grid Point,0.0515,0.0718,0.0792,0.2094,0.2641,0.183,361.0,0.9995,90.0,1.5379,1.2612,1.4432,0.8739,0.4511,0,13.9656,0.1597,Low Potential
21.895,80.01,0,Grid Point,0.0542,0.0762,0.0664,0.31765,0.2644,0.164,341.0,1.9984,90.0,1.2271,0.7459,1.6125,0.4626,0.6843,0,13.4134,0.1847,Low Potential
21.895,80.025,0,Grid Point,0.0682,0.0902,0.1094,0.2338,0.2942,0.2134,336.0,1.3634,312.8573,1.6053,1.2583,1.3792,0.9123,0.3626,0,13.0221,0.6419,Moderate Potential
21.895,80.04,0,Grid Point,0.0633,0.0874,0.0964,0.247,0.2626,0.1857,327.0,0.0,0.0,1.5221,1.0634,1.4144,0.7518,0.4388,0,12.8065,0.1939,Low Potential
21.895,80.055,0,Grid Point,0.0706,0.0955,0.1105,0.2561,0.2619,0.1918,325.0,0.0,0.0,1.564,1.0226,1.3655,0.7489,0.3972,0,12.7754,0.2622,Low Potential
21.895,80.07,0,Grid Point,0.0696,0.0941,0.1126,0.2299,0.2652,0.1912,319.0,1.3634,132.8573,1.6174,1.1535,1.387,0.8317,0.3423,0,12.9302,0.3607,Moderate Potential
21.895,80.085,0,Grid Point,0.0736,0.0986,0.1154,0.2408,0.2694,0.1897,319.0,0.9274,0.0,1.5697,1.119,1.4205,0.7877,0.3518,0,13.2643,0.1827,Low Potential
21.895,80.1,0,Grid Point,0.0614,0.0832,0.0926,0.233,0.2376,0.1609,314.0,5.07,259.487,1.5081,1.0195,1.4764,0.6906,0.4312,0,13.7647,0.1954,Low Potential
21.895,80.115,0,Grid Point,0.0578,0.0781,0.0805,0.2284,0.2044,0.1359,318.0,2.2028,114.8882,1.3927,0.8947,1.5031,0.5952,0.4788,0,14.4142,0.1362,Low Potential
21.895,80.13,0,Grid Point,0.0648,0.0846,0.0728,0.246,0.1866,0.1072,315.0,0.9274,0.0,1.1251,0.7587,1.742,0.4356,0.543,0,15.1935,0.2447,Low Potential
21.895,80.145,0,Grid Point,0.0816,0.112,0.1186,0.31765,0.3558,0.2438,308.0,2.1062,151.6811,1.4519,1.1067,1.4595,0.7583,0.4611,0,16.0839,0.1685,Low Potential
21.895,80.16,0,Grid Point,0.0775,0.103,0.1105,0.2438,0.2232,0.1688,311.0,3.1358,252.8137,1.4258,0.9155,1.322,0.6925,0.3761,0,14.6846,0.3178,Low Potential
21.895,80.175,0,Grid Point,0.1013,0.1363375,0.18015,0.2692,0.3859,0.3336125,297.0,6.0463,81.2091,1.6675,1.4336,1.0782,1.3296,0.1215,0,13.1707,0.25,Low Potential
21.895,80.19,0,Grid Point,0.0772,0.106,0.1271,0.2428,0.3028,0.2282,319.0,2.1062,208.3189,1.6464,1.2476,1.3274,0.9399,0.3127,0,11.6649,0.581,Moderate Potential
21.895,80.205,0,Grid Point,0.0918,0.1268,0.1381,0.2836,0.3142,0.2354,316.0,0.9995,270.0,1.5044,1.1079,1.335,0.8299,0.3451,0,10.1709,0.2682,Low Potential
21.895,80.22,0,Grid Point,0.0492,0.0713,0.0705,0.2236,0.2162,0.1378,332.0,1.9984,270.0,1.4315,0.9669,1.5686,0.6164,0.5205,0,8.6947,0.1491,Low Potential
21.895,80.235,0,Grid Point,0.0441,0.0616,0.0539,0.2136,0.1939,0.1103,360.0,1.3634,312.8573,1.2222,0.908,1.7579,0.5165,0.5969,0,7.2473,0.2436,Low Potential
21.895,80.25,0,Grid Point,0.0646,0.0895,0.1106,0.2098,0.2392,0.1756,550.0,7.547549999999999,154.0085,1.7128,1.1406,1.3621,0.8374,0.3093,0,5.8501,0.5068,Moderate Potential
21.895,80.265,0,Grid Point,0.0439,0.062,0.0602,0.2182,0.2076,0.123,356.0,2.2028,114.8882,1.3702,0.9512,1.6874,0.5637,0.5678,1,4.5494,0.189,Low Potential
21.895,80.28,0,Grid Point,0.0446,0.0583,0.0562,0.2074,0.2114,0.1262,345.0,3.7048,180.0,1.2626,1.0193,1.6745,0.6087,0.5733,1,3.456,0.2346,Low Potential
21.895,80.295,0,Grid Point,0.0406,0.0588,0.0518,0.2245,0.2028,0.1209,340.0,2.1062,331.6811,1.2731,0.9031,1.677,0.5385,0.6253,1,2.8224,0.2973,Low Potential
21.895,80.31,0,Grid Point,0.0342,0.0544,0.0474,0.2546,0.2168,0.1235,425.0,7.547549999999999,175.3499,1.3865,0.8515,1.7551,0.4852,0.6863,1,2.96,0.3126,Low Potential
21.895,80.325,0,Grid Point,0.0426,0.0566,0.0504,0.2146,0.1849,0.1034,590.125,7.547549999999999,317.269,1.1845,0.8616,1.7882,0.4818,0.6196,1,3.7857,0.3961,Moderate Potential
21.895,80.34,0,Grid Point,0.0345,0.0468,0.047,0.1916,0.1884,0.1132,590.125,7.547549999999999,107.1863,1.3623,0.983,1.6639,0.5908,0.606,1,4.9674,0.3874,Moderate Potential
21.895,80.355,0,Grid Point,0.0404,0.0546,0.059,0.1776,0.2192,0.1352,588.0,3.4221,144.303,1.4586,1.2336,1.6215,0.7608,0.5014,1,6.3082,0.261,Low Potential
21.895,80.37,0,Grid Point,0.0419,0.0586,0.0596,0.222,0.2034,0.1206,590.125,1.9984,270.0,1.4212,0.9162,1.6873,0.543,0.577,1,7.7256,0.244,Low Potential
21.895,80.385,0,Grid Point,0.0406,0.061,0.0463,0.2771,0.1977,0.1024,590.125,7.547549999999999,315.348,1.1418,0.7135,1.9307,0.3695,0.7137,1,9.1843,0.4447,Moderate Potential
21.895,80.4,0,Grid Point,0.0346,0.0537,0.0432,0.2442,0.1739,0.0936,590.125,4.7594,218.9487,1.25,0.7123,1.8579,0.3834,0.699,1,10.6673,0.5135,Moderate Potential
21.895,80.415,0,Grid Point,0.033,0.048,0.0494,0.1897,0.1598,0.0893,590.125,7.547549999999999,84.6989,1.4992,0.8426,1.7895,0.4709,0.5867,1,12.1657,0.524,Moderate Potential
21.895,80.43,0,Grid Point,0.0378,0.0544,0.0478,0.2384,0.2031,0.1164,590.125,7.5376,232.2879,1.2646,0.8521,1.7456,0.4881,0.6659,1,13.6745,0.3463,Low Potential
21.895,80.445,0,Grid Point,0.0381,0.0552,0.0496,0.2312,0.1768,0.0935,590.125,2.1062,331.6811,1.3018,0.7647,1.8894,0.4047,0.6467,1,15.105,0.4595,Moderate Potential
21.895,80.46,0,Grid Point,0.0444,0.0559,0.0588,0.1988,0.201,0.1171,590.125,4.0975,283.0598,1.3243,1.0116,1.7169,0.5892,0.5434,1,14.0403,0.2591,Low Potential
21.895,80.475,0,Grid Point,0.047,0.064,0.0782,0.1988,0.268,0.1788,590.125,2.2028,65.1118,1.6628,1.3481,1.4989,0.8994,0.4356,1,13.0718,0.2287,Low Potential
21.895,80.49,0,Grid Point,0.0406,0.0616,0.0526,0.2056,0.202,0.1377,590.125,0.9274,0.0,1.2984,0.9825,1.4673,0.6696,0.5923,1,12.2225,0.2388,Low Potential
21.91,79.2,0,Grid Point,0.0882,0.1118,0.1279,0.2973,0.3196,0.2348,569.0,2.7253,227.1457,1.4501,1.075,1.3612,0.7898,0.3984,0,49.882262499999996,0.2315,Low Potential
21.91,79.215,0,Grid Point,0.0615,0.0906,0.0868,0.2839,0.2154,0.1329,572.0,0.0,0.0,1.4114,0.7587,1.6208,0.4681,0.5317,0,49.5834,0.1475,Low Potential
21.91,79.23,0,Grid Point,0.0467,0.074,0.1044,0.2471,0.2007,0.1391,564.0,0.9274,180.0,2.0526375,0.8122,1.4428,0.5629,0.406,0,48.6847,0.1726,Low Potential
21.91,79.245,0,Grid Point,0.0484,0.0642,0.066,0.219,0.2153,0.1472,552.0,4.7596,38.9517,1.3647,0.9829,1.4621,0.6722,0.5367,0,47.8189,0.1461,Low Potential
21.91,79.26,0,Grid Point,0.0559,0.084,0.0775,0.2802,0.2498,0.1772,562.0,3.1361,252.8154,1.3864,0.8912,1.4094,0.6323,0.5667,0,46.9881,0.2252,Low Potential
21.91,79.275,0,Grid Point,0.0476,0.0611,0.0655,0.226,0.2441,0.1662,590.125,2.954,340.2375,1.3761,1.0801,1.4687,0.7354,0.5506,0,46.194,0.1581,Low Potential
21.91,79.29,0,Grid Point,0.0592,0.0801,0.0711,0.2704,0.235,0.1496,590.125,7.547549999999999,327.8405,1.202,0.8691,1.5703,0.5534,0.5836,0,45.4385,0.2074,Low Potential
21.91,79.305,0,Grid Point,0.0594,0.0923,0.1206,0.3126,0.2502,0.1694,536.0,3.1361,252.8154,2.0311,0.8001,1.4767,0.5418,0.4431,0,44.7237,0.2067,Low Potential
21.91,79.32,0,Grid Point,0.0675,0.1015,0.1017,0.2592,0.3032,0.2426,537.0,0.9996,90.0,1.5067,1.17,1.2501,0.9359,0.4363,0,44.0515,0.3158,Low Potential
21.91,79.335,0,Grid Point,0.0884,0.1224,0.1583,0.2738,0.3923,0.3,542.0,2.203,245.1141,1.7897,1.4328,1.3074,1.0959,0.2673,0,43.4239,0.1766,Low Potential
21.91,79.35,0,Grid Point,0.0617,0.0966,0.13,0.305,0.3348,0.243,553.0,0.9274,180.0,2.0526375,1.0979,1.3781,0.7967,0.4021,0,42.8428,0.2776,Low Potential
21.91,79.365,0,Grid Point,0.0808,0.1179,0.1638,0.293,0.4158,0.3328,549.0,4.8599,235.1687,2.0272,1.4192,1.2492,1.136,0.2828,0,42.3102,0.2245,Low Potential
21.91,79.38,0,Grid Point,0.0574,0.0888,0.0837,0.31765,0.2642,0.1759,564.0,7.547549999999999,344.9191,1.4582,0.8209,1.5017,0.5466,0.5872,0,41.8279,0.1973,Low Potential
21.91,79.395,0,Grid Point,0.0642,0.0898,0.1098,0.2559,0.323,0.2458,578.0,4.2069,331.6786,1.7089,1.2622,1.3138,0.9607,0.3995,0,41.3977,0.478,Moderate Potential
21.91,79.41,0,Grid Point,0.0608,0.0883,0.1241,0.2452,0.303,0.2115,580.0,4.3994,65.1141,2.0394,1.2355,1.4326,0.8624,0.328,0,41.0211,0.2957,Low Potential
21.91,79.425,0,Grid Point,0.0521,0.0734,0.0773,0.2739,0.2296,0.1422,561.0,3.4223,324.3002,1.4837,0.8384,1.615,0.5192,0.5598,0,40.6998,0.1679,Low Potential
21.91,79.44,0,Grid Point,0.0835,0.1158,0.1485,0.2688,0.39,0.2914,577.0,3.1361,287.1846,1.779,1.4509,1.3381,1.0843,0.2881,0,40.4351,0.2232,Low Potential
21.91,79.455,0,Grid Point,0.0862,0.1146,0.1403,0.2858,0.358,0.2664,590.125,1.3634,47.1457,1.6267,1.2528,1.3438,0.9323,0.3414,0,40.2279,0.3167,Low Potential
21.91,79.47,0,Grid Point,0.0578,0.0866,0.1158,0.2928,0.2198,0.1505,590.125,2.9964,90.0,2.0043,0.7507,1.4605,0.514,0.4334,0,40.0793,0.1781,Low Potential
21.91,79.485,0,Grid Point,0.0767,0.1025,0.1334,0.2219,0.2614,0.1921,590.125,3.522,238.2626,1.7392,1.1778,1.3605,0.8657,0.2491,0,39.723,0.3528,Moderate Potential
21.91,79.5,0,Grid Point,0.0619,0.0804,0.108,0.2032,0.3147,0.233,590.125,3.522,301.7374,1.7439,1.5486,1.3509,1.1464,0.3062,0,38.6777,0.4717,Moderate Potential
21.91,79.515,0,Grid Point,0.0445,0.0572,0.0741,0.177,0.2802,0.1991,590.125,0.9996,270.0,1.6663,1.5833,1.4076,1.1249,0.4095,0,37.6667,0.3164,Low Potential
21.91,79.53,0,Grid Point,0.0438,0.0588,0.0774,0.1854,0.293,0.201,590.125,0.9274,180.0,1.7691,1.5806,1.4583,1.0839,0.411,0,36.693,0.1679,Low Potential
21.91,79.545,0,Grid Point,0.0382,0.0523,0.0741,0.2084,0.2568,0.1774,590.125,2.7803,180.0,1.9423,1.232,1.4473,0.8512,0.4754,0,35.7595,0.2374,Low Potential
21.91,79.56,0,Grid Point,0.053,0.0703,0.0752,0.2378,0.2196,0.137,590.125,2.1063,151.6786,1.4189,0.9234,1.6026,0.5762,0.5194,0,34.8695,0.1286,Low Potential
21.91,79.575,0,Grid Point,0.036,0.0546,0.049,0.2258,0.2266,0.1319,590.125,7.547549999999999,135.8705,1.3616,1.0035,1.7176,0.5843,0.6436,0,34.0265,0.2477,Low Potential
21.91,79.59,0,Grid Point,0.0564,0.0754,0.0901,0.1994,0.233,0.1544,590.125,3.8366,15.0809,1.5998,1.1685,1.5094,0.7741,0.3774,0,33.2339,0.1792,Low Potential
21.91,79.605,0,Grid Point,0.0705,0.0991,0.1235,0.273,0.378,0.2756,590.0,3.7048,0.0,1.7518,1.3845,1.3715,1.0095,0.3771,0,32.4954,0.3787,Moderate Potential
21.91,79.62,0,Grid Point,0.0482,0.0728,0.0687,0.2214,0.1914,0.1238,579.0,2.203,65.1141,1.4238,0.8649,1.5458,0.5595,0.5263,0,31.815,0.1418,Low Potential
21.91,79.635,0,Grid Point,0.0582,0.0823,0.0894,0.248,0.263,0.1765,574.0,3.522,301.7374,1.5361,1.0603,1.4901,0.7116,0.4701,0,31.1962,0.1663,Low Potential
21.91,79.65,0,Grid Point,0.059,0.0808,0.1016,0.227,0.3308,0.2328,576.0,1.9986,90.0,1.7235,1.4569,1.4207,1.0255,0.3817,0,30.6429,0.2098,Low Potential
21.91,79.665,0,Grid Point,0.047,0.0683,0.0818,0.2118,0.2674,0.1808,565.0,1.8543,0.0,1.7423,1.2622,1.4794,0.8532,0.4429,0,30.1587,0.1615,Low Potential
21.91,79.68,0,Grid Point,0.0293,0.0471,0.0468,0.2273,0.2117,0.1224,590.125,7.547549999999999,157.2583,1.599,0.9314,1.7289,0.5387,0.6582,0,29.747,0.3023,Low Potential
21.91,79.695,0,Grid Point,0.0471,0.0576,0.069,0.2056,0.2738,0.1808,570.0,3.1361,72.8154,1.465,1.332,1.5151,0.8791,0.4975,0,29.4107,0.1574,Low Potential
21.91,79.71,0,Grid Point,0.0413,0.0594,0.0518,0.2217,0.1972,0.1171,544.0,0.0,0.0,1.2542,0.8893,1.6836,0.5282,0.6212,0,29.1526,0.2302,Low Potential
21.91,79.725,0,Grid Point,0.051,0.0738,0.0943,0.2213,0.2577,0.1703,546.0,1.3634,47.1457,1.849,1.1645,1.5137,0.7693,0.4024,0,28.9746,0.1698,Low Potential
21.91,79.74,0,Grid Point,0.0996,0.1363375,0.1732,0.2731,0.3344,0.2882,545.0,3.4223,324.3002,1.739,1.2245,1.1603,1.0553,0.2238,0,28.8784,0.2417,Low Potential
21.91,79.755,0,Grid Point,0.0558,0.0731,0.0782,0.2517,0.2487,0.1604,538.0,2.954,19.7626,1.4011,0.9881,1.5505,0.6373,0.5257,0,28.8646,0.1275,Low Potential
21.91,79.77,0,Grid Point,0.0532,0.0771,0.0859,0.2277,0.2552,0.1689,535.0,1.9986,90.0,1.6162,1.1208,1.511,0.7418,0.4522,0,28.9334,0.1309,Low Potential
21.91,79.785,0,Grid Point,0.0814,0.1016,0.1218,0.2516,0.3246,0.2242,542.0,1.3634,47.1457,1.4969,1.2903,1.4477,0.8913,0.3474,0,29.0843,0.2601,Low Potential
21.91,79.8,0,Grid Point,0.0645,0.0908,0.087,0.2976,0.269,0.1891,545.0,2.1063,331.6786,1.3481,0.9041,1.4228,0.6354,0.5478,0,29.3159,0.1727,Low Potential
21.91,79.815,0,Grid Point,0.0674,0.0929,0.1144,0.2472,0.3461,0.2599,558.0,4.0841,312.8543,1.6966,1.4002,1.3317,1.0514,0.3674,0,28.1799,0.4635,Moderate Potential
21.91,79.83,0,Grid Point,0.0998,0.1278,0.1611,0.2708,0.3671,0.2786,553.0,1.3634,47.1457,1.6142,1.3554,1.3174,1.0288,0.2541,0,26.8645,0.2682,Low Potential
21.91,79.845,0,Grid Point,0.0471,0.067,0.088,0.2208,0.2828,0.1896,553.0,3.4223,215.6998,1.8673,1.2805,1.4916,0.8585,0.4304,0,25.5748,0.2053,Low Potential
21.91,79.86,0,Grid Point,0.0382,0.0504,0.0514,0.205,0.223,0.133,523.0,3.7048,180.0,1.3473,1.0878,1.6773,0.6485,0.5991,0,24.3148,0.2348,Low Potential
21.91,79.875,0,Grid Point,0.0358,0.0582,0.0566,0.2123,0.2267,0.1378,509.0,7.547549999999999,166.032,1.5788,1.0678,1.6445,0.6493,0.579,0,23.0895,0.2021,Low Potential
21.91,79.89,0,Grid Point,0.0344,0.0514,0.042,0.2342,0.2166,0.1197,528.0,5.5057,32.8912,1.2209,0.9244,1.8091,0.511,0.6959,0,21.9047,0.3249,Low Potential
21.91,79.905,0,Grid Point,0.0388,0.0558,0.0521,0.2353,0.219,0.1317,532.0,3.4223,324.3002,1.3445,0.9309,1.6632,0.5597,0.6374,0,20.7673,0.2355,Low Potential
21.91,79.92,0,Grid Point,0.0349,0.0453,0.0409,0.1915,0.1854,0.1059,540.0,5.5057,327.1088,1.1719,0.9681,1.7507,0.553,0.648,0,19.6855,0.3821,Moderate Potential
21.91,79.935,0,Grid Point,0.0346,0.0579,0.0555,0.2133,0.2161,0.1293,509.0,7.547549999999999,110.3603,1.6017,1.0131,1.6713,0.6062,0.5871,0,18.6689,0.2232,Low Potential
21.91,79.95,0,Grid Point,0.0583,0.087,0.0658,0.31765,0.2699,0.1395,476.0,7.547549999999999,327.7135,1.1278,0.657,1.9348,0.3396,0.7241,0,17.7289,0.2977,Low Potential
21.91,79.965,0,Grid Point,0.0369,0.0496,0.0389,0.2552,0.189,0.0972,566.0,4.0841,47.1457,1.0542,0.7407,1.9454,0.3808,0.7354,0,16.8782,0.4426,Moderate Potential
21.91,79.98,0,Grid Point,0.0471,0.0658,0.0498,0.24,0.1961,0.1034,440.0,7.547549999999999,336.6772,1.0573,0.8173,1.8965,0.4309,0.6563,0,16.131,0.3035,Low Potential
21.91,79.995,0,Grid Point,0.0508,0.0704,0.0842,0.2044,0.2826,0.1914,358.0,1.8543,0.0,1.6568,1.3825,1.4768,0.9362,0.4163,0,15.5022,0.1976,Low Potential
21.91,80.01,0,Grid Point,0.0622,0.0852,0.0894,0.2362,0.2734,0.1839,342.0,1.3634,227.1457,1.4381,1.1575,1.4864,0.7787,0.4506,0,15.0066,0.1582,Low Potential
21.91,80.025,0,Grid Point,0.0809,0.1045,0.1142,0.2674,0.3318,0.2456,341.0,1.3634,132.8543,1.411,1.2408,1.3513,0.9183,0.4017,0,14.658,0.4123,Moderate Potential
21.91,80.04,0,Grid Point,0.0608,0.083,0.0904,0.2328,0.2312,0.1604,330.0,0.0,0.0,1.4856,0.9936,1.4417,0.6892,0.4405,0,14.4667,0.1456,Low Potential
21.91,80.055,0,Grid Point,0.078,0.1044,0.1088,0.255,0.294,0.2095,326.0,4.0841,47.1457,1.3946,1.1531,1.4036,0.8216,0.4017,0,14.4392,0.3131,Low Potential
21.91,80.07,0,Grid Point,0.0722,0.0976,0.1112,0.2452,0.2678,0.1918,322.0,2.1063,208.3214,1.5419,1.0924,1.3959,0.7826,0.3757,0,14.5763,0.2532,Low Potential
21.91,80.085,0,Grid Point,0.053,0.0748,0.0733,0.2309,0.1668,0.105,320.0,3.1361,107.1846,1.3843,0.7224,1.5886,0.4547,0.5181,0,14.8735,0.2066,Low Potential
21.91,80.1,0,Grid Point,0.0522,0.0745,0.069,0.2411,0.1633,0.0998,313.0,1.3634,312.8543,1.3228,0.6773,1.6371,0.4137,0.5547,0,15.3215,0.2408,Low Potential
21.91,80.115,0,Grid Point,0.0502,0.0712,0.061,0.2769,0.1556,0.0922,315.0,2.7253,227.1457,1.2151,0.5617,1.688,0.3327,0.639,0,15.9075,0.4585,Moderate Potential
21.91,80.13,0,Grid Point,0.0656,0.0852,0.0928,0.2222,0.2488,0.1739,307.0,3.4223,215.6998,1.4136,1.1197,1.431,0.7825,0.4109,0,16.6169,0.2056,Low Potential
21.91,80.145,0,Grid Point,0.0555,0.0757,0.078,0.2178,0.1962,0.1316,311.0,2.954,160.2374,1.4063,0.901,1.4909,0.6044,0.4723,0,16.0035,0.1415,Low Potential
21.91,80.16,0,Grid Point,0.0584,0.0739,0.0806,0.1958,0.242,0.164,306.0,2.203,245.1141,1.3801,1.2359,1.4759,0.8374,0.4169,0,14.4627,0.1729,Low Potential
21.91,80.175,0,Grid Point,0.0727,0.0944,0.113,0.263,0.2636,0.182,305.0,2.1063,208.3214,1.555,1.0023,1.448,0.6922,0.3988,0,12.9228,0.1433,Low Potential
21.91,80.19,0,Grid Point,0.0465,0.0656,0.0564,0.2441,0.2119,0.1168,312.0,1.9986,270.0,1.2118,0.8681,1.8134,0.4787,0.6249,0,11.3842,0.2205,Low Potential
21.91,80.205,0,Grid Point,0.0496,0.0676,0.0708,0.2128,0.2557,0.157,333.0,0.9274,180.0,1.4284,1.2013,1.6292,0.7374,0.5005,0,9.8478,0.1371,Low Potential
21.91,80.22,0,Grid Point,0.0472,0.0643,0.064,0.212,0.2297,0.1376,347.0,0.9274,0.0,1.3559,1.0832,1.6693,0.6489,0.5363,0,8.3144,0.1477,Low Potential
21.91,80.235,0,Grid Point,0.0516,0.0742,0.0899,0.2172,0.2382,0.1522,359.0,2.954,340.2375,1.7422,1.0969,1.5649,0.701,0.4145,0,6.7864,0.215,Low Potential
21.91,80.25,0,Grid Point,0.0509,0.0657,0.0654,0.2157,0.1977,0.1118,452.0,7.547549999999999,288.6429,1.2839,0.9166,1.7683,0.5183,0.535,0,5.2683,0.2422,Low Potential
21.91,80.265,0,Grid Point,0.0393,0.0546,0.0456,0.2304,0.1932,0.1046,590.125,7.547549999999999,95.4822,1.1603,0.8388,1.8466,0.4542,0.6696,0,3.772,0.4095,Moderate Potential
21.91,80.28,0,Grid Point,0.0432,0.0568,0.0464,0.232,0.17,0.0905,590.125,6.7618,342.8834,1.0765,0.7329,1.8785,0.3902,0.6663,0,2.34,0.4748,Moderate Potential
21.91,80.295,0,Grid Point,0.043,0.0582,0.0522,0.2154,0.1824,0.1008,590.125,7.547549999999999,235.1687,1.2154,0.8468,1.809,0.4681,0.6098,1,1.2237,0.3827,Moderate Potential
21.91,80.31,0,Grid Point,0.0338,0.0484,0.0388,0.1992,0.163,0.0855,542.0,7.547549999999999,55.1687,1.1477,0.8178,1.9058,0.4291,0.6737,1,1.5143,0.5907,Moderate Potential
21.91,80.325,0,Grid Point,0.031,0.0494,0.0372,0.2144,0.164,0.087,581.0,3.8366,195.0809,1.2036,0.7649,1.884,0.406,0.704,1,2.8041,0.5808,Moderate Potential
21.91,80.34,0,Grid Point,0.0355,0.05,0.0454,0.1815,0.1839,0.0987,590.125,7.3789,180.0,1.2803,1.0132,1.8632,0.5438,0.5995,1,4.2669,0.5282,Moderate Potential
21.91,80.355,0,Grid Point,0.0425,0.0624,0.0484,0.2685,0.1897,0.1012,590.125,7.547549999999999,347.8349,1.14,0.7065,1.8745,0.3769,0.6943,1,5.7727,0.408,Moderate Potential
21.91,80.37,0,Grid Point,0.0398,0.0538,0.0498,0.2292,0.1824,0.0952,590.125,1.3634,227.1457,1.2516,0.7958,1.9154,0.4154,0.6432,1,7.2949,0.4772,Moderate Potential
21.91,80.385,0,Grid Point,0.0331,0.0478,0.0396,0.2279,0.1643,0.0854,590.125,7.547549999999999,195.0809,1.1967,0.7209,1.9228,0.3749,0.7042,1,8.8251,0.5927,Moderate Potential
21.91,80.4,0,Grid Point,0.0314,0.0434,0.0403,0.2036,0.1554,0.0873,590.125,7.547549999999999,113.1807,1.2834,0.7635,1.7806,0.4288,0.6695,1,10.3596,0.5434,Moderate Potential
21.91,80.415,0,Grid Point,0.0328,0.0475,0.0486,0.1896,0.1923,0.1084,590.125,7.547549999999999,117.2679,1.4779,1.0145,1.774,0.5719,0.5922,1,11.8969,0.3825,Moderate Potential
21.91,80.43,0,Grid Point,0.0353,0.0542,0.0556,0.2134,0.2177,0.1243,590.125,7.547549999999999,256.9416,1.5765,1.0199,1.7514,0.5823,0.5864,1,13.4359,0.3063,Low Potential
21.91,80.445,0,Grid Point,0.052,0.0714,0.0801,0.1956,0.266,0.1782,590.125,5.0705,259.4881,1.5404,1.3599,1.4931,0.9108,0.4189,1,14.4485,0.2961,Low Potential
21.91,80.46,0,Grid Point,0.0378,0.051,0.0582,0.1994,0.1764,0.1062,590.125,7.547549999999999,248.8649,1.5376,0.8847,1.6607,0.5327,0.5482,1,13.6849,0.3678,Moderate Potential
21.91,80.475,0,Grid Point,0.0376,0.0528,0.0536,0.1707,0.2116,0.1392,590.125,4.2069,28.3214,1.4261,1.2393,1.5198,0.8155,0.5224,1,13.0601,0.285,Low Potential
21.91,80.49,0,Grid Point,0.0549,0.077,0.0893,0.216,0.2786,0.2011,582.0,0.9274,180.0,1.6266,1.2903,1.3856,0.9312,0.4149,1,12.5949,0.5051,Moderate Potential
21.925,79.2,0,Grid Point,0.0483,0.0751,0.0848,0.2632,0.1724,0.1076,578.0,3.1364,252.8171,1.7557,0.655,1.6022,0.4088,0.5126,0,49.882262499999996,0.2398,Low Potential
21.925,79.215,0,Grid Point,0.0438,0.0658,0.0689,0.2261,0.1735,0.1182,562.0,0.9997,90.0,1.5713,0.7674,1.4685,0.5226,0.5329,0,49.882262499999996,0.1628,Low Potential
21.925,79.23,0,Grid Point,0.0598,0.0799,0.1017,0.2184,0.3109,0.2246,556.0,1.8543,180.0,1.7015,1.4239,1.3845,1.0284,0.3643,0,49.882262499999996,0.4248,Moderate Potential
21.925,79.245,0,Grid Point,0.0582,0.0808,0.0954,0.262,0.2059,0.1459,548.0,2.7803,180.0,1.6369,0.7859,1.4112,0.5569,0.4663,0,49.2188,0.2333,Low Potential
21.925,79.26,0,Grid Point,0.0486,0.0676,0.0649,0.2966,0.1742,0.1086,551.0,0.9274,0.0,1.3378,0.5872,1.6029,0.3663,0.6407,0,48.412,0.2277,Low Potential
21.925,79.275,0,Grid Point,0.059,0.0815,0.0982,0.2943,0.1884,0.121,546.0,3.5222,301.7347,1.6658,0.6402,1.5577,0.411,0.4996,0,47.6416,0.248,Low Potential
21.925,79.29,0,Grid Point,0.0621,0.089,0.0871,0.1602,0.1988,0.1561,560.0,0.9274,180.0,1.4026,1.2402,1.2732,0.9741,0.2957,0,46.9095,0.4679,Moderate Potential
21.925,79.305,0,Grid Point,0.067,0.096,0.1384,0.2468,0.375,0.3106,551.0,4.8603,124.8285,2.0526375,1.52,1.2073,1.259,0.2813,0,46.2174,0.3171,Low Potential
21.925,79.32,0,Grid Point,0.0403,0.0518,0.0563,0.1816,0.2518,0.1636,537.0,1.8543,0.0,1.397,1.3866,1.5386,0.9012,0.5267,0,45.5672,0.1937,Low Potential
21.925,79.335,0,Grid Point,0.0443,0.0651,0.0536,0.2411,0.1515,0.0903,532.0,1.3635,227.1487,1.2088,0.6284,1.6777,0.3745,0.6365,0,44.9608,0.3493,Low Potential
21.925,79.35,0,Grid Point,0.0428,0.0626,0.0721,0.273,0.1872,0.1162,534.0,1.9988,90.0,1.6826,0.6854,1.6113,0.4254,0.5822,0,44.3998,0.2158,Low Potential
21.925,79.365,0,Grid Point,0.0594,0.0914,0.1019,0.2921,0.2646,0.1734,539.0,1.8543,180.0,1.7169,0.906,1.5258,0.5938,0.4827,0,43.8861,0.1737,Low Potential
21.925,79.38,0,Grid Point,0.0518,0.0819,0.1022,0.3014,0.2298,0.1584,543.0,3.5222,238.2653,1.9701,0.7626,1.4503,0.5258,0.4937,0,43.4213,0.1889,Low Potential
21.925,79.395,0,Grid Point,0.0534,0.0743,0.1062,0.217,0.308,0.219,569.0,3.7048,180.0,1.9906,1.4194,1.4067,1.009,0.3428,0,43.007,0.3675,Moderate Potential
21.925,79.41,0,Grid Point,0.0718,0.1013,0.1274,0.2626,0.3399,0.2382,576.0,2.7255,227.1487,1.7737,1.2948,1.4272,0.9073,0.3468,0,42.6447,0.2728,Low Potential
21.925,79.425,0,Grid Point,0.0648,0.089,0.1047,0.2422,0.2478,0.1735,557.0,3.4224,324.2973,1.6145,1.0231,1.4282,0.7164,0.3964,0,42.3358,0.2117,Low Potential
21.925,79.44,0,Grid Point,0.0604,0.0887,0.1194,0.2915,0.2336,0.1487,575.0,3.9927,270.0,1.9768,0.8014,1.5709,0.5101,0.4188,0,42.0813,0.2193,Low Potential
21.925,79.455,0,Grid Point,0.0476,0.0628,0.0538,0.2768,0.1952,0.1067,590.125,2.2032,65.1164,1.128,0.705,1.829,0.3855,0.6748,0,41.8823,0.2313,Low Potential
21.925,79.47,0,Grid Point,0.0688,0.0969,0.1264,0.2432,0.313,0.2396,590.125,2.7255,132.8513,1.8365,1.287,1.3061,0.9854,0.3162,0,41.7395,0.443,Moderate Potential
21.925,79.485,0,Grid Point,0.0528,0.0819,0.1036,0.2687,0.2081,0.1314,590.125,2.9967,270.0,1.9631,0.7745,1.5837,0.489,0.4433,0,40.9487,0.2042,Low Potential
21.925,79.5,0,Grid Point,0.0632,0.0828,0.0983,0.1848,0.2386,0.171,590.125,4.7332,12.1664,1.5566,1.2917,1.3956,0.9256,0.3054,0,39.9354,0.4882,Moderate Potential
21.925,79.515,0,Grid Point,0.0658,0.1,0.1267,0.27,0.227,0.1568,590.125,0.9997,270.0,1.927,0.8409,1.4472,0.581,0.3611,0,38.9571,0.192,Low Potential
21.925,79.53,0,Grid Point,0.048,0.0704,0.1124,0.2556,0.2223,0.152,590.125,4.7598,321.0453,2.0526375,0.8697,1.4625,0.5947,0.3889,0,38.0165,0.2057,Low Potential
21.925,79.545,0,Grid Point,0.0698,0.1002,0.1445,0.2572,0.3004,0.2032,590.125,6.5836,114.8836,2.0526375,1.1682,1.479,0.7899,0.2806,0,37.1163,0.2227,Low Potential
21.925,79.56,0,Grid Point,0.0662,0.0869,0.0952,0.2186,0.237,0.1631,590.125,1.3635,312.8513,1.4392,1.0839,1.4528,0.7461,0.3932,0,36.2596,0.1696,Low Potential
21.925,79.575,0,Grid Point,0.0393,0.0544,0.0722,0.1911,0.2714,0.1862,590.125,1.8543,0.0,1.8384,1.4196,1.4573,0.9741,0.4514,0,35.4496,0.189,Low Potential
21.925,79.59,0,Grid Point,0.0535,0.0791,0.0932,0.248,0.2644,0.1798,590.125,4.0844,132.8513,1.7411,1.0663,1.4701,0.7253,0.4538,0,34.6896,0.1766,Low Potential
21.925,79.605,0,Grid Point,0.0686,0.091,0.117,0.2104,0.2768,0.2024,590.0,1.9988,90.0,1.705,1.3156,1.3673,0.9622,0.2851,0,33.9828,0.4718,Moderate Potential
21.925,79.62,0,Grid Point,0.085,0.1268,0.1648,0.2819,0.346,0.2626,588.0,2.7803,0.0,1.9406,1.2274,1.3176,0.9315,0.262,0,33.3327,0.2262,Low Potential
21.925,79.635,0,Grid Point,0.0614,0.0866,0.0934,0.2575,0.2645,0.1761,571.0,2.7255,47.1487,1.522,1.0272,1.502,0.6839,0.4674,0,32.7426,0.1451,Low Potential
21.925,79.65,0,Grid Point,0.0496,0.0739,0.0736,0.29,0.2695,0.1599,565.0,5.071,280.5108,1.4834,0.9292,1.6854,0.5513,0.595,0,32.2159,0.1819,Low Potential
21.925,79.665,0,Grid Point,0.0343,0.0486,0.0329,0.13885000000000003,0.09513749999999997,0.017112500000000003,559.0,0.0,0.0,0.9781375000000002,1.0595,1.2669,0.8363,0.07343750000000004,0,31.7557,0.5636,Moderate Potential
21.925,79.68,0,Grid Point,0.0472,0.0688,0.0629,0.2779,0.187,0.108,553.0,2.2032,65.1164,1.3326,0.6726,1.7302,0.3887,0.6309,0,31.3649,0.1938,Low Potential
21.925,79.695,0,Grid Point,0.0391,0.0612,0.0586,0.2072,0.1294,0.0731,545.0,5.5475,180.0,1.4974,0.6244,1.7702,0.3527,0.5594,0,31.0462,0.502,Moderate Potential
21.925,79.71,0,Grid Point,0.0468,0.0654,0.0662,0.2064,0.181,0.1222,549.0,1.3635,227.1487,1.4135,0.8765,1.4814,0.5917,0.5147,0,30.8018,0.1574,Low Potential
21.925,79.725,0,Grid Point,0.0633,0.0833,0.0982,0.2536,0.2798,0.183,541.0,3.1364,72.8171,1.5513,1.1031,1.5287,0.7216,0.4417,0,30.6334,0.1587,Low Potential
21.925,79.74,0,Grid Point,0.0467,0.074,0.0576,0.2138,0.1512,0.0826,534.0,0.0,0.0,1.2334,0.707,1.8299,0.3863,0.5755,0,30.5424,0.3185,Low Potential
21.925,79.755,0,Grid Point,0.0568,0.077,0.0858,0.2512,0.2812,0.1852,534.0,1.3635,47.1487,1.5097,1.1192,1.5179,0.7373,0.4911,0,30.5293,0.1225,Low Potential
21.925,79.77,0,Grid Point,0.0862,0.1066,0.1228,0.2536,0.2608,0.188,531.0,0.0,0.0,1.4232,1.028,1.3866,0.7414,0.3478,0,30.5944,0.2199,Low Potential
21.925,79.785,0,Grid Point,0.0774,0.109,0.1203,0.271,0.3162,0.2296,532.0,1.8543,180.0,1.5533,1.1672,1.3774,0.8474,0.385,0,30.7371,0.2385,Low Potential
21.925,79.8,0,Grid Point,0.065,0.088,0.0974,0.2456,0.2898,0.1973,540.0,4.6274,0.0,1.4981,1.18,1.4688,0.8033,0.4319,0,30.3663,0.1845,Low Potential
21.925,79.815,0,Grid Point,0.0769,0.1015,0.116,0.2724,0.3211,0.2344,554.0,2.954,340.2355,1.5091,1.1788,1.3699,0.8605,0.4025,0,29.0677,0.3004,Low Potential
21.925,79.83,0,Grid Point,0.0546,0.0766,0.0842,0.2493,0.2702,0.1808,542.0,3.8366,15.0824,1.5426,1.0838,1.4949,0.725,0.4953,0,27.7943,0.1356,Low Potential
21.925,79.845,0,Grid Point,0.0622,0.0928,0.0997,0.2705,0.3123,0.2224,551.0,1.8543,0.0,1.6016,1.1545,1.4042,0.8222,0.4614,0,26.5498,0.2452,Low Potential
21.925,79.86,0,Grid Point,0.0402,0.0575,0.0634,0.1905,0.2482,0.1578,550.0,1.8543,180.0,1.5759,1.3029,1.5724,0.8286,0.5009,0,25.3384,0.1604,Low Potential
21.925,79.875,0,Grid Point,0.0449,0.0624,0.0798,0.1903,0.269,0.1763,544.0,2.9967,90.0,1.7773,1.4136,1.5258,0.9264,0.4091,0,24.1651,0.1825,Low Potential
21.925,79.89,0,Grid Point,0.0352,0.0472,0.0473,0.1854,0.2119,0.1237,522.0,4.0844,132.8513,1.3457,1.1429,1.713,0.6672,0.5935,0,23.0356,0.2626,Low Potential
21.925,79.905,0,Grid Point,0.0359,0.0522,0.0478,0.2076,0.2206,0.1244,511.0,7.018,238.2653,1.3301,1.0631,1.773,0.5996,0.6259,0,21.9568,0.2778,Low Potential
21.925,79.92,0,Grid Point,0.0363,0.054,0.0574,0.1882,0.234,0.1472,528.0,4.0984,103.0571,1.5799,1.2434,1.5888,0.7826,0.5328,0,20.9366,0.2185,Low Potential
21.925,79.935,0,Grid Point,0.0396,0.058,0.062,0.218,0.2386,0.15,539.0,2.954,19.7645,1.5689,1.0942,1.5907,0.6879,0.5569,0,19.9838,0.1785,Low Potential
21.925,79.95,0,Grid Point,0.0548,0.075,0.0693,0.2424,0.2438,0.1436,482.0,7.547549999999999,6.4737,1.2646,1.0058,1.6968,0.5927,0.5553,0,19.1086,0.1636,Low Potential
21.925,79.965,0,Grid Point,0.0547,0.0755,0.0921,0.2469,0.3314,0.2244,370.0,4.207,28.3239,1.6828,1.3424,1.4774,0.9087,0.4569,0,18.3221,0.2415,Low Potential
21.925,79.98,0,Grid Point,0.0344,0.043,0.0388,0.13885000000000003,0.09513749999999997,0.0488,364.0,6.7869,47.1487,1.1295,1.0535,1.4749,0.7143,0.2751,0,17.6361,0.521,Moderate Potential
21.925,79.995,0,Grid Point,0.0683,0.0911,0.1072,0.2456,0.2697,0.1875,352.0,0.9997,90.0,1.5703,1.0981,1.4384,0.7634,0.3921,0,17.0629,0.1456,Low Potential
21.925,80.01,0,Grid Point,0.0428,0.0654,0.0573,0.2452,0.247,0.1613,349.0,4.0984,256.9429,1.3372,1.0073,1.5316,0.6577,0.6212,0,16.614,0.1845,Low Potential
21.925,80.025,0,Grid Point,0.0735,0.1009,0.1085,0.2901,0.3052,0.215,339.0,1.3635,227.1487,1.4762,1.0521,1.4199,0.741,0.4556,0,16.2997,0.183,Low Potential
21.925,80.04,0,Grid Point,0.0684,0.0896,0.094,0.2346,0.2652,0.1847,332.0,2.2032,294.8836,1.374,1.1302,1.4358,0.7871,0.4277,0,16.1279,0.1773,Low Potential
21.925,80.055,0,Grid Point,0.0552,0.0754,0.0727,0.2343,0.1944,0.127,328.0,0.0,0.0,1.3161,0.8295,1.5297,0.5423,0.5266,0,16.1032,0.1549,Low Potential
21.925,80.07,0,Grid Point,0.072,0.0992,0.1123,0.239,0.297,0.2112,323.0,2.1063,208.3239,1.5597,1.2427,1.4059,0.8839,0.3607,0,16.2263,0.479,Moderate Potential
21.925,80.085,0,Grid Point,0.0566,0.0733,0.0688,0.213,0.1676,0.1047,315.0,1.9988,90.0,1.2154,0.7873,1.6012,0.4917,0.5114,0,16.4938,0.2214,Low Potential
21.925,80.1,0,Grid Point,0.0538,0.0844,0.079,0.2414,0.1563,0.087,317.0,2.2032,114.8836,1.4693,0.6476,1.7966,0.3605,0.5066,0,16.8989,0.3615,Moderate Potential
21.925,80.115,0,Grid Point,0.0536,0.0781,0.0646,0.2653,0.1563,0.0925,318.0,5.0372,156.675,1.2052,0.5891,1.6897,0.3487,0.6084,0,17.4319,0.4148,Moderate Potential
21.925,80.13,0,Grid Point,0.0568,0.0778,0.0748,0.2071,0.1589,0.1022,312.0,1.8543,180.0,1.3189,0.7673,1.5556,0.4932,0.4691,0,17.5188,0.1828,Low Potential
21.925,80.145,0,Grid Point,0.0552,0.0723,0.0664,0.2286,0.2342,0.1485,305.0,7.547549999999999,67.5937,1.2031,1.0245,1.5774,0.6495,0.5502,0,15.9746,0.1854,Low Potential
21.925,80.16,0,Grid Point,0.0554,0.0772,0.0785,0.2302,0.269,0.1742,311.0,2.7255,227.1487,1.4173,1.169,1.544,0.7571,0.4916,0,14.4307,0.1334,Low Potential
21.925,80.175,0,Grid Point,0.0738,0.0986,0.1114,0.2428,0.241,0.1614,314.0,2.2032,294.8836,1.5105,0.9924,1.4936,0.6644,0.3711,0,12.887,0.1669,Low Potential
21.925,80.19,0,Grid Point,0.0617,0.0784,0.094,0.2045,0.2901,0.2038,312.0,3.4224,144.2973,1.5235,1.4186,1.4235,0.9966,0.3702,0,11.3436,0.3136,Low Potential
21.925,80.205,0,Grid Point,0.0856,0.1232,0.1682,0.2554,0.336,0.2662,320.0,2.7803,0.0,1.9655,1.3156,1.2623,1.0423,0.2059,0,9.8007,0.2366,Low Potential
21.925,80.22,0,Grid Point,0.0471,0.0646,0.0692,0.2133,0.2326,0.1376,335.0,2.954,340.2355,1.4692,1.0902,1.6907,0.6449,0.5101,0,8.2587,0.1578,Low Potential
21.925,80.235,0,Grid Point,0.0442,0.0618,0.0595,0.2029,0.2118,0.125,348.0,3.8366,344.9176,1.3462,1.0441,1.6941,0.6163,0.5465,0,6.718,0.2104,Low Potential
21.925,80.25,0,Grid Point,0.0534,0.0762,0.0546,0.3,0.1963,0.0979,590.125,7.547549999999999,291.6815,1.0234,0.6542,1.9758749999999998,0.3261,0.6921,0,5.1798,0.4517,Moderate Potential
21.925,80.265,0,Grid Point,0.0409,0.0565,0.049,0.222,0.169,0.0865,590.125,7.547549999999999,11.0891,1.198,0.7612,1.9532,0.3897,0.6383,0,3.6475,0.5175,Moderate Potential
21.925,80.28,0,Grid Point,0.0367,0.0556,0.0552,0.2384,0.2032,0.1136,590.125,7.547549999999999,164.9176,1.5041,0.8526,1.7892,0.4765,0.624,0,2.1335,0.3331,Low Potential
21.925,80.295,0,Grid Point,0.0356,0.0488,0.0361,0.2226,0.151,0.0819,590.125,6.2009,126.5805,1.0126,0.6783,1.8437,0.3679,0.7209,0,0.7571,0.6013,Moderate Potential
21.925,80.31,0,Grid Point,0.0346,0.0486,0.0448,0.1941,0.187,0.1026,586.0,4.3998,65.1164,1.2967,0.9637,1.8231,0.5286,0.6249,0,1.17,0.4035,Moderate Potential
21.925,80.325,0,Grid Point,0.0334,0.0486,0.0414,0.2056,0.172,0.0916,590.125,1.9988,90.0,1.238,0.8368,1.8767,0.4459,0.665,1,2.6341,0.5511,Moderate Potential
21.925,80.34,0,Grid Point,0.0404,0.0608,0.0458,0.2292,0.1861,0.1042,564.0,6.8205,324.2973,1.1349,0.8118,1.786,0.4545,0.6667,1,4.1572,0.407,Moderate Potential
21.925,80.355,0,Grid Point,0.034,0.0483,0.0428,0.1718,0.197,0.123,579.0,5.071,100.5108,1.2603,1.1463,1.601,0.716,0.6008,1,5.6921,0.4204,Moderate Potential
21.925,80.37,0,Grid Point,0.0496,0.0734,0.0716,0.231,0.237,0.1451,590.125,7.547549999999999,297.2654,1.4435,1.0262,1.6337,0.6281,0.5268,1,7.2313,0.1904,Low Potential
21.925,80.385,0,Grid Point,0.0362,0.0496,0.0475,0.2313,0.2058,0.116,590.125,4.8603,304.8285,1.3122,0.8895,1.7737,0.5015,0.6593,1,8.7726,0.3759,Moderate Potential
21.925,80.4,0,Grid Point,0.0396,0.0574,0.0605,0.2147,0.2026,0.1176,590.125,2.7803,0.0,1.5278,0.9434,1.7216,0.548,0.5603,1,10.3149,0.2578,Low Potential
21.925,80.415,0,Grid Point,0.0375,0.0522,0.0566,0.1939,0.2154,0.1282,590.125,4.7332,12.1664,1.508,1.1111,1.6806,0.6612,0.5484,1,11.858,0.2774,Low Potential
21.925,80.43,0,Grid Point,0.052,0.0728,0.083,0.2114,0.3076,0.2179,590.125,7.018,58.2653,1.5946,1.4551,1.4117,1.0307,0.4361,1,13.4015,0.3595,Moderate Potential
21.925,80.445,0,Grid Point,0.0455,0.062,0.0651,0.2421,0.215,0.1243,590.125,7.547549999999999,312.8513,1.4308,0.8881,1.7297,0.5134,0.5762,1,13.0718,0.2125,Low Potential
21.925,80.46,0,Grid Point,0.0604,0.0835,0.0959,0.2176,0.2872,0.2006,590.125,1.3635,132.8513,1.5899,1.3204,1.4323,0.9219,0.3879,1,12.2225,0.3002,Low Potential
21.925,80.475,0,Grid Point,0.0364,0.0498,0.0459,0.1856,0.1762,0.102,590.125,2.954,199.7645,1.2627,0.9496,1.7271,0.5498,0.6035,1,11.5187,0.4041,Moderate Potential
21.925,80.49,0,Grid Point,0.0732,0.0977,0.1236,0.2322,0.3421,0.258,590.125,6.7618,197.1183,1.6885,1.4733,1.326,1.1111,0.3052,1,10.9884,0.5683,Moderate Potential
21.94,79.2,0,Grid Point,0.05,0.0675,0.0726,0.1598,0.1545,0.114,578.0,1.8543,0.0,1.452,0.9668,1.3553,0.7134,0.3752,0,49.882262499999996,0.3415,Low Potential
21.94,79.215,0,Grid Point,0.044,0.0703,0.0681,0.2466,0.1513,0.109,568.0,2.2033,65.1187,1.546,0.6134,1.3881,0.4419,0.5673,0,49.882262499999996,0.2893,Low Potential
21.94,79.23,0,Grid Point,0.0418,0.0715,0.0683,0.2604,0.1768,0.1014,575.0,2.7803,0.0,1.6371,0.6789,1.7431,0.3895,0.5841,0,49.882262499999996,0.2645,Low Potential
21.94,79.245,0,Grid Point,0.0506,0.0736,0.0807,0.2534,0.2118,0.138,564.0,2.7256,312.8482,1.5933,0.836,1.5351,0.5446,0.5169,0,49.882262499999996,0.1475,Low Potential
21.94,79.26,0,Grid Point,0.057,0.0882,0.1173,0.261,0.2318,0.1608,560.0,1.3636,47.1517,2.0526375,0.888,1.4415,0.616,0.3799,0,49.8508,0.1547,Low Potential
21.94,79.275,0,Grid Point,0.0874,0.1142,0.141,0.2364,0.2954,0.2422,557.0,2.7803,180.0,1.6136,1.2496,1.2194,1.0247,0.2529,0,49.103,0.3428,Low Potential
21.94,79.29,0,Grid Point,0.0571,0.087,0.1,0.2829,0.1855,0.1393,544.0,0.9274,0.0,1.7504,0.6557,1.3317,0.4924,0.4779,0,48.393,0.2949,Low Potential
21.94,79.305,0,Grid Point,0.0509,0.0763,0.074,0.3167,0.2264,0.155,543.0,2.1064,151.6736,1.4548,0.7146,1.4599,0.4895,0.621,0,47.7224,0.139,Low Potential
21.94,79.32,0,Grid Point,0.0448,0.0601,0.0666,0.1974,0.2531,0.173,554.0,1.999,270.0,1.4877,1.2818,1.4634,0.8759,0.4953,0,47.0931,0.1534,Low Potential
21.94,79.335,0,Grid Point,0.0566,0.078,0.098,0.2115,0.275,0.1956,556.0,4.0988,103.0558,1.7314,1.3,1.4053,0.9251,0.3667,0,46.5065,0.3949,Moderate Potential
21.94,79.35,0,Grid Point,0.0581,0.0838,0.084,0.2597,0.2318,0.1478,535.0,0.9998,270.0,1.4449,0.8926,1.5678,0.5693,0.5114,0,45.9644,0.1393,Low Potential
21.94,79.365,0,Grid Point,0.0663,0.1006,0.1202,0.303,0.2637,0.1892,540.0,4.0846,227.1517,1.813,0.8702,1.3934,0.6245,0.432,0,45.4684,0.306,Low Potential
21.94,79.38,0,Grid Point,0.0601,0.086,0.1167,0.2784,0.2274,0.1526,543.0,1.3636,132.8483,1.9418,0.8167,1.4907,0.5479,0.4093,0,45.0199,0.1679,Low Potential
21.94,79.395,0,Grid Point,0.0588,0.0791,0.0746,0.26,0.1954,0.1286,564.0,2.2033,65.1187,1.2668,0.7515,1.52,0.4944,0.5543,0,44.6205,0.1561,Low Potential
21.94,79.41,0,Grid Point,0.0551,0.0821,0.1053,0.2532,0.1969,0.1329,553.0,2.7256,132.8483,1.9111,0.7778,1.4816,0.525,0.4125,0,44.2714,0.176,Low Potential
21.94,79.425,0,Grid Point,0.0568,0.0857,0.11,0.2573,0.184,0.1546,571.0,4.76,218.9576,1.9374,0.7149,1.1895,0.601,0.4012,0,43.9739,0.3165,Low Potential
21.94,79.44,0,Grid Point,0.0637,0.0848,0.0959,0.2776,0.1893,0.1568,578.0,0.0,0.0,1.5063,0.6819,1.2069,0.565,0.4863,0,43.7289,0.2585,Low Potential
21.94,79.455,0,Grid Point,0.0626,0.0819,0.105,0.2086,0.3124,0.2169,590.125,4.0846,132.8483,1.676,1.4972,1.4403,1.0395,0.3305,0,43.5374,0.3281,Low Potential
21.94,79.47,0,Grid Point,0.0712,0.0962,0.1317,0.241,0.345,0.2682,590.125,2.997,90.0,1.851,1.4312,1.2861,1.1128,0.2934,0,43.2197,0.2868,Low Potential
21.94,79.485,0,Grid Point,0.0588,0.0831,0.0836,0.3148,0.2084,0.1466,590.125,3.1367,287.1812,1.4209,0.6622,1.4224,0.4655,0.5805,0,42.2044,0.1932,Low Potential
21.94,79.5,0,Grid Point,0.0527,0.0704,0.0634,0.2786,0.1882,0.1106,590.125,4.0988,76.9442,1.2021,0.6755,1.7016,0.397,0.6295,0,41.2221,0.2419,Low Potential
21.94,79.515,0,Grid Point,0.0424,0.058,0.0825,0.1886,0.2728,0.181,590.125,1.3636,47.1517,1.9458,1.4471,1.507,0.9602,0.3913,0,40.275,0.1818,Low Potential
21.94,79.53,0,Grid Point,0.0436,0.0746,0.0792,0.2946,0.1856,0.112,590.125,2.7803,0.0,1.8165,0.6303,1.6583,0.3801,0.5762,0,39.3659,0.2312,Low Potential
21.94,79.545,0,Grid Point,0.0562,0.081,0.0983,0.2202,0.2166,0.1591,590.125,0.9274,0.0,1.7476,0.9837,1.3617,0.7224,0.3828,0,38.4973,0.3242,Low Potential
21.94,79.56,0,Grid Point,0.0466,0.0791,0.0685,0.2683,0.213,0.1398,590.125,1.999,90.0,1.47,0.7937,1.5232,0.5211,0.5932,0,37.672,0.1397,Low Potential
21.94,79.575,0,Grid Point,0.0554,0.079,0.1038,0.2166,0.2968,0.2194,590.125,2.9541,340.2336,1.8744,1.37,1.3529,1.0127,0.3523,0,36.893,0.4744,Moderate Potential
21.94,79.59,0,Grid Point,0.0426,0.0628,0.077,0.2164,0.2516,0.1682,590.125,3.1367,72.8188,1.8054,1.1629,1.4961,0.7773,0.4751,0,36.1633,0.21,Low Potential
21.94,79.605,0,Grid Point,0.0416,0.0574,0.0805,0.1962,0.2464,0.1679,590.125,3.7048,180.0,1.9328,1.2556,1.4672,0.8558,0.4181,0,35.4859,0.2109,Low Potential
21.94,79.62,0,Grid Point,0.059,0.084,0.0942,0.2522,0.2698,0.1798,582.0,2.7256,132.8483,1.5961,1.0698,1.4999,0.7133,0.4558,0,34.8639,0.1444,Low Potential
21.94,79.635,0,Grid Point,0.0547,0.0792,0.0974,0.2248,0.2696,0.1849,578.0,0.9274,180.0,1.7797,1.1993,1.4581,0.8225,0.3956,0,34.3001,0.1736,Low Potential
21.94,79.65,0,Grid Point,0.0418,0.0632,0.0622,0.2228,0.2336,0.1478,590.125,7.547549999999999,239.028,1.4898,1.048,1.5802,0.6632,0.5636,0,33.7977,0.19,Low Potential
21.94,79.665,0,Grid Point,0.0462,0.064,0.0522,0.2314,0.2132,0.1168,587.0,7.547549999999999,290.3564,1.1288,0.9218,1.8266,0.5046,0.6321,0,33.3593,0.2575,Low Potential
21.94,79.68,0,Grid Point,0.0544,0.0759,0.0809,0.2255,0.2642,0.173,564.0,0.9274,180.0,1.4885,1.1714,1.5273,0.767,0.4719,0,32.9876,0.1388,Low Potential
21.94,79.695,0,Grid Point,0.0454,0.0712,0.0686,0.272,0.2084,0.1244,560.0,2.7803,0.0,1.5094,0.766,1.6742,0.4575,0.5972,0,32.6847,0.1577,Low Potential
21.94,79.71,0,Grid Point,0.0482,0.0728,0.0608,0.227,0.1364,0.076,553.0,2.1064,331.6736,1.2601,0.6011,1.7954,0.3348,0.5775,0,32.4526,0.4607,Moderate Potential
21.94,79.725,0,Grid Point,0.0562,0.0752,0.0768,0.2384,0.2498,0.1574,549.0,1.8543,0.0,1.3653,1.0478,1.5874,0.6601,0.5128,0,32.2928,0.1262,Low Potential
21.94,79.74,0,Grid Point,0.0785,0.1025,0.1111,0.2114,0.2388,0.1771,540.0,4.9869,270.0,1.4162,1.1296,1.3488,0.8375,0.311,0,32.2065,0.4022,Moderate Potential
21.94,79.755,0,Grid Point,0.0658,0.0906,0.1033,0.2599,0.273,0.2016,542.0,1.999,90.0,1.5699,1.0506,1.3544,0.7757,0.4312,0,32.1941,0.2605,Low Potential
21.94,79.77,0,Grid Point,0.0671,0.097,0.1243,0.2419,0.3096,0.2308,523.0,2.9541,199.7664,1.8525,1.2797,1.3412,0.9541,0.3211,0,32.2558,0.491,Moderate Potential
21.94,79.785,0,Grid Point,0.0554,0.0823,0.0853,0.248,0.2821,0.187,525.0,3.9932,270.0,1.5374,1.1377,1.5086,0.7542,0.4883,0,32.3912,0.1588,Low Potential
21.94,79.8,0,Grid Point,0.0842,0.1193,0.1424,0.2946,0.3562,0.2624,541.0,2.997,270.0,1.6906,1.2091,1.3575,0.8907,0.3484,0,31.2807,0.2819,Low Potential
21.94,79.815,0,Grid Point,0.0434,0.048,0.0413,0.13885000000000003,0.09513749999999997,0.0398,540.0,4.0846,132.8483,0.9781375000000002,0.6167,1.6717,0.3689,0.4458,0,30.0217,0.5109,Moderate Potential
21.94,79.83,0,Grid Point,0.0522,0.0734,0.0659,0.2358,0.2274,0.1422,539.0,2.9541,160.2336,1.2603,0.9644,1.5988,0.6032,0.5633,0,28.7905,0.1539,Low Potential
21.94,79.845,0,Grid Point,0.0414,0.0572,0.0568,0.2017,0.2532,0.1566,543.0,3.1367,252.8188,1.3691,1.2553,1.6174,0.7762,0.5608,0,27.591,0.2151,Low Potential
21.94,79.86,0,Grid Point,0.0429,0.058,0.071,0.1898,0.2598,0.1746,556.0,3.4225,35.7055,1.6562,1.3688,1.4884,0.9197,0.4552,0,26.4273,0.2112,Low Potential
21.94,79.875,0,Grid Point,0.0394,0.0602,0.0682,0.1996,0.2574,0.1675,501.0,7.0186,121.732,1.7344,1.2899,1.5367,0.8394,0.4903,0,25.3045,0.2341,Low Potential
21.94,79.89,0,Grid Point,0.0383,0.05,0.0424,0.2534,0.2152,0.1214,537.0,2.1064,331.6736,1.1084,0.8493,1.7734,0.4789,0.713,0,24.2282,0.289,Low Potential
21.94,79.905,0,Grid Point,0.0364,0.0556,0.0374,0.2622,0.2012,0.1095,490.0,7.547549999999999,42.74,1.0303,0.767,1.837,0.4175,0.7501,0,23.205,0.3153,Low Potential
21.94,79.92,0,Grid Point,0.0465,0.0626,0.0482,0.2612,0.2234,0.1252,412.0,7.547549999999999,52.006,1.0355,0.8556,1.7847,0.4794,0.6887,0,22.2421,0.2316,Low Potential
21.94,79.935,0,Grid Point,0.0281,0.0388,0.032,0.1852,0.1861,0.104,388.0,2.7256,47.1517,1.1388,1.0051,1.7903,0.5614,0.7053,0,21.3476,0.3547,Moderate Potential
21.94,79.95,0,Grid Point,0.0338,0.0461,0.038,0.1912,0.2007,0.1154,381.0,2.7256,132.8483,1.1274,1.0497,1.7399,0.6033,0.668,0,20.5307,0.3251,Low Potential
21.94,79.965,0,Grid Point,0.035,0.0396,0.03,0.13885000000000003,0.09513749999999997,0.017112500000000003,361.0,4.4002,65.1187,0.9781375000000002,0.7462,1.3871,0.538,0.07343750000000004,0,19.8007,0.6015,Moderate Potential
21.94,79.98,0,Grid Point,0.068,0.0889,0.0987,0.2059,0.2314,0.1736,363.0,3.8366,344.9161,1.4515,1.1241,1.3332,0.8431,0.3519,0,19.1677,0.3892,Moderate Potential
21.94,79.995,0,Grid Point,0.067,0.0931,0.0896,0.2542,0.142,0.0841,353.0,1.999,270.0,1.3383,0.5587,1.6891,0.3308,0.4788,0,18.6416,0.3821,Moderate Potential
21.94,80.01,0,Grid Point,0.0596,0.0855,0.0851,0.2558,0.2141,0.1423,344.0,4.8606,124.8256,1.4279,0.8371,1.5046,0.5564,0.5007,0,18.2316,0.1585,Low Potential
21.94,80.025,0,Grid Point,0.0634,0.0849,0.0918,0.2384,0.2666,0.1806,336.0,2.7803,0.0,1.4499,1.1185,1.4765,0.7576,0.4438,0,17.9457,0.1409,Low Potential
21.94,80.04,0,Grid Point,0.0766,0.1024,0.1101,0.244,0.2678,0.1916,332.0,0.0,0.0,1.4383,1.0975,1.3981,0.785,0.3781,0,17.7898,0.2381,Low Potential
21.94,80.055,0,Grid Point,0.0769,0.1058,0.1181,0.2874,0.3522,0.2515,327.0,2.2033,114.8813,1.5358,1.2259,1.4006,0.8752,0.4174,0,17.7675,0.252,Low Potential
21.94,80.07,0,Grid Point,0.0659,0.0908,0.0928,0.1594,0.2,0.138,321.0,0.0,0.0,1.409,1.2546,1.4491,0.8658,0.264,0,17.8791,0.2585,Low Potential
21.94,80.085,0,Grid Point,0.0646,0.0868,0.0922,0.2379,0.2572,0.1824,318.0,2.1064,151.6736,1.4269,1.0813,1.41,0.7669,0.4412,0,18.1222,0.2056,Low Potential
21.94,80.1,0,Grid Point,0.061,0.0858,0.0872,0.2314,0.1614,0.1024,318.0,1.8543,0.0,1.4303,0.6973,1.5762,0.4424,0.4525,0,18.4916,0.1762,Low Potential
21.94,80.115,0,Grid Point,0.0498,0.07,0.0537,0.2663,0.2212,0.1216,315.0,3.7048,0.0,1.0783,0.8306,1.8198,0.4564,0.6644,0,18.98,0.2173,Low Potential
21.94,80.13,0,Grid Point,0.0575,0.0704,0.0616,0.13885000000000003,0.09513749999999997,0.045,297.0,0.0,0.0,1.0713,1.0318,1.2231,0.8436,0.07343750000000004,0,17.6502,0.5205,Moderate Potential
21.94,80.145,0,Grid Point,0.0582,0.078,0.0922,0.2104,0.2439,0.1594,313.0,3.5225,238.268,1.5842,1.1592,1.5306,0.7574,0.3906,0,16.1186,0.1999,Low Potential
21.94,80.16,0,Grid Point,0.0674,0.0938,0.0887,0.2809,0.2276,0.1452,317.0,0.9998,270.0,1.3153,0.8104,1.5678,0.5169,0.5202,0,14.5899,0.1675,Low Potential
21.94,80.175,0,Grid Point,0.1013,0.1363375,0.18015,0.3117,0.42003750000000006,0.3336125,311.0,2.1064,331.6736,1.6938,1.3489,1.2525,1.077,0.2501,0,13.065,0.2827,Low Potential
21.94,80.19,0,Grid Point,0.0597,0.0848,0.0942,0.2127,0.2652,0.1771,322.0,2.997,270.0,1.5787,1.2468,1.4975,0.8326,0.3859,0,11.5454,0.2574,Low Potential
21.94,80.205,0,Grid Point,0.05,0.0664,0.0682,0.2162,0.232,0.139,336.0,3.4225,215.7055,1.365,1.0728,1.6697,0.6425,0.5202,0,10.0337,0.1455,Low Potential
21.94,80.22,0,Grid Point,0.0414,0.0574,0.0528,0.22,0.1824,0.1003,415.0,7.547549999999999,208.3264,1.2754,0.8289,1.818,0.4559,0.6129,0,8.5338,0.3473,Low Potential
21.94,80.235,0,Grid Point,0.0355,0.055,0.0428,0.2473,0.1809,0.0954,537.0,7.547549999999999,177.428,1.207,0.7315,1.8962,0.3858,0.7046,0,7.0535,0.5012,Moderate Potential
21.94,80.25,0,Grid Point,0.04,0.0556,0.0446,0.2286,0.1706,0.089,582.0,3.1367,287.1812,1.1151,0.7465,1.9185,0.3891,0.6738,0,5.6081,0.5335,Moderate Potential
21.94,80.265,0,Grid Point,0.0354,0.0487,0.0464,0.1964,0.1756,0.0959,590.125,2.2033,245.1187,1.3126,0.8943,1.8311,0.4884,0.6177,0,4.2337,0.4655,Moderate Potential
21.94,80.28,0,Grid Point,0.0342,0.0462,0.0418,0.1842,0.1636,0.0892,590.125,4.7332,192.1676,1.224,0.8881,1.8325,0.4847,0.63,0,3.0285,0.5562,Moderate Potential
21.94,80.295,0,Grid Point,0.0412,0.0562,0.0558,0.2068,0.2002,0.1203,590.125,2.9541,340.2336,1.356,0.9679,1.6642,0.5816,0.5751,0,2.279,0.2652,Low Potential
21.94,80.31,0,Grid Point,0.0355,0.0496,0.0434,0.203,0.1853,0.1075,590.125,7.547549999999999,56.4734,1.2225,0.9131,1.7242,0.5296,0.6477,0,2.4473,0.4071,Moderate Potential
21.94,80.325,0,Grid Point,0.0363,0.0507,0.0486,0.1834,0.1906,0.1136,571.0,7.547549999999999,129.0638,1.3375,1.039,1.6771,0.6195,0.5815,0,3.3999,0.3619,Moderate Potential
21.94,80.34,0,Grid Point,0.0377,0.0529,0.0462,0.2086,0.1863,0.1032,582.0,7.547549999999999,329.8647,1.2255,0.8931,1.8052,0.4947,0.6374,0,4.68,0.4103,Moderate Potential
21.94,80.355,0,Grid Point,0.0319,0.0463,0.0425,0.1994,0.1647,0.0904,590.125,5.6358,169.8138,1.3323,0.8262,1.8219,0.4535,0.6485,1,6.0845,0.5492,Moderate Potential
21.94,80.37,0,Grid Point,0.0313,0.0436,0.0372,0.179,0.1604,0.0866,590.125,6.5404,188.7554,1.1869,0.8956,1.8516,0.4837,0.6563,1,7.544,0.5979,Moderate Potential
21.94,80.385,0,Grid Point,0.0426,0.061,0.0719,0.1975,0.2215,0.1344,590.125,7.547549999999999,297.9255,1.6858,1.1215,1.6487,0.6803,0.4662,1,9.0321,0.2886,Low Potential
21.94,80.4,0,Grid Point,0.0365,0.0504,0.0491,0.1906,0.1761,0.1006,590.125,5.5061,327.1033,1.3452,0.9237,1.75,0.5278,0.5903,1,10.5365,0.4105,Moderate Potential
21.94,80.415,0,Grid Point,0.0395,0.055,0.0632,0.1896,0.2248,0.1393,590.125,7.547549999999999,193.4726,1.5987,1.1854,1.614,0.7344,0.5003,1,12.0512,0.2628,Low Potential
21.94,80.43,0,Grid Point,0.0454,0.0624,0.0716,0.2048,0.2475,0.1535,590.125,7.547549999999999,195.0839,1.5799,1.2085,1.6124,0.7495,0.4816,1,12.837,0.2021,Low Potential
21.94,80.445,0,Grid Point,0.0582,0.0816,0.1086,0.2095,0.3375,0.2474,590.125,0.0,0.0,1.8652,1.6107,1.3643,1.1807,0.317,1,11.7699,0.5268,Moderate Potential
21.94,80.46,0,Grid Point,0.0624,0.0826,0.1017,0.2066,0.2493,0.1894,590.125,2.2033,294.8813,1.6319,1.207,1.3159,0.9172,0.3399,1,10.8188,0.6358,Moderate Potential
21.94,80.475,0,Grid Point,0.069,0.0974,0.1236,0.2172,0.3394,0.2502,590.125,4.9869,270.0,1.7919,1.5623,1.3565,1.1517,0.2749,1,10.0169,0.5071,Moderate Potential
21.94,80.49,0,Grid Point,0.059,0.0862,0.0952,0.2344,0.3197,0.2219,590.125,3.4225,215.7055,1.6127,1.3642,1.4407,0.9469,0.4225,1,9.4023,0.2849,Low Potential
21.955,79.2,0,Grid Point,0.0571,0.0888,0.1118,0.2669,0.2036,0.1559,586.0,1.3637,312.8452,1.958,0.7628,1.306,0.5841,0.4096,0,49.882262499999996,0.2884,Low Potential
21.955,79.215,0,Grid Point,0.0414,0.0642,0.0597,0.2676,0.1516,0.0842,576.0,1.8543,180.0,1.442,0.5666,1.8021,0.3144,0.6353,0,49.882262499999996,0.4127,Moderate Potential
21.955,79.23,0,Grid Point,0.0747,0.0924,0.1217,0.1973,0.2987,0.2492,590.125,2.7258,132.8452,1.6292,1.5139,1.1989,1.2628,0.237,0,49.882262499999996,0.3988,Moderate Potential
21.955,79.245,0,Grid Point,0.0526,0.0727,0.0902,0.2108,0.2659,0.1877,590.125,4.0848,47.1548,1.7148,1.2614,1.4166,0.8904,0.4007,0,49.882262499999996,0.2656,Low Potential
21.955,79.26,0,Grid Point,0.0503,0.0686,0.0775,0.1754,0.2292,0.1588,558.0,4.6274,0.0,1.5433,1.3061,1.443,0.9051,0.387,0,49.882262499999996,0.1949,Low Potential
21.955,79.275,0,Grid Point,0.0556,0.0912,0.0884,0.2794,0.2378,0.1567,557.0,3.4226,324.2916,1.5894,0.8508,1.5172,0.5607,0.5192,0,49.882262499999996,0.1684,Low Potential
21.955,79.29,0,Grid Point,0.0472,0.0635,0.0729,0.2195,0.2478,0.1726,556.0,2.9973,90.0,1.5445,1.1289,1.4357,0.7863,0.5014,0,49.882262499999996,0.1408,Low Potential
21.955,79.305,0,Grid Point,0.0827,0.1164,0.1456,0.2738,0.3132,0.2483,559.0,1.9992,90.0,1.7612,1.1437,1.2612,0.9069,0.3055,0,49.2378,0.2252,Low Potential
21.955,79.32,0,Grid Point,0.0566,0.0736,0.0882,0.2358,0.2976,0.2064,539.0,0.9999,270.0,1.5597,1.2616,1.4413,0.8753,0.4556,0,48.628,0.1844,Low Potential
21.955,79.335,0,Grid Point,0.0524,0.0741,0.0854,0.2354,0.2653,0.1884,534.0,4.0992,283.0544,1.6273,1.1272,1.4084,0.8003,0.4678,0,48.0602,0.2915,Low Potential
21.955,79.35,0,Grid Point,0.0522,0.0752,0.1142,0.2609,0.2028,0.1312,540.0,2.9541,160.2317,2.0526375,0.7773,1.5448,0.5032,0.3912,0,47.5358,0.1885,Low Potential
21.955,79.365,0,Grid Point,0.065,0.0896,0.1153,0.2548,0.3144,0.2342,549.0,6.2018,233.4252,1.7725,1.2337,1.3427,0.9188,0.377,0,47.0564,0.4753,Moderate Potential
21.955,79.38,0,Grid Point,0.056,0.0882,0.1263,0.2455,0.2432,0.1664,551.0,3.137,252.8205,2.0526375,0.9904,1.4612,0.6778,0.3206,0,46.6232,0.2118,Low Potential
21.955,79.395,0,Grid Point,0.068,0.0884,0.1242,0.2142,0.362,0.2707,560.0,1.3637,312.8452,1.8272,1.6894,1.3371,1.2635,0.2659,0,46.2376,0.3884,Moderate Potential
21.955,79.41,0,Grid Point,0.0617,0.0905,0.1048,0.257,0.2734,0.1915,558.0,2.7258,312.8452,1.6977,1.0638,1.4277,0.7451,0.4209,0,45.9008,0.2026,Low Potential
21.955,79.425,0,Grid Point,0.0635,0.0921,0.1134,0.2344,0.2636,0.1976,562.0,2.1064,151.6711,1.7864,1.1246,1.3343,0.8428,0.3481,0,45.6139,0.3413,Low Potential
21.955,79.44,0,Grid Point,0.059,0.083,0.1057,0.2052,0.2528,0.1842,590.125,7.547549999999999,33.9749,1.7915,1.2325,1.3731,0.8976,0.3199,0,45.3778,0.4736,Moderate Potential
21.955,79.455,0,Grid Point,0.059,0.082,0.0864,0.2916,0.1988,0.1325,579.0,3.137,287.1795,1.4653,0.6816,1.5009,0.4541,0.5427,0,45.1933,0.1888,Low Potential
21.955,79.47,0,Grid Point,0.0432,0.0668,0.063,0.2834,0.1802,0.1092,590.125,1.9992,90.0,1.4578,0.636,1.6514,0.3851,0.636,0,44.4737,0.2138,Low Potential
21.955,79.485,0,Grid Point,0.0576,0.0798,0.1032,0.2238,0.2589,0.1896,590.125,3.5228,238.2707,1.791,1.1564,1.3652,0.847,0.3687,0,43.4877,0.365,Moderate Potential
21.955,79.5,0,Grid Point,0.0649,0.1036,0.1454,0.2735,0.322,0.2425,590.125,3.8366,344.9146,2.0526375,1.1773,1.3278,0.8867,0.306,0,42.535,0.3424,Low Potential
21.955,79.515,0,Grid Point,0.05,0.0823,0.1063,0.257,0.2231,0.146,590.125,1.3637,132.8452,2.0526375,0.8681,1.5281,0.5681,0.4148,0,41.6178,0.1677,Low Potential
21.955,79.53,0,Grid Point,0.0512,0.0739,0.0578,0.2734,0.1798,0.1124,590.125,1.8543,180.0,1.129,0.6579,1.5994,0.4114,0.6512,0,40.7386,0.2226,Low Potential
21.955,79.545,0,Grid Point,0.0546,0.0736,0.0796,0.221,0.1948,0.1376,590.125,0.9274,0.0,1.4575,0.8814,1.4162,0.6224,0.4701,0,39.8999,0.1694,Low Potential
21.955,79.56,0,Grid Point,0.0434,0.061,0.0605,0.2632,0.1965,0.1267,590.125,1.3637,312.8452,1.3956,0.7467,1.5509,0.4815,0.6261,0,39.1043,0.1854,Low Potential
21.955,79.575,0,Grid Point,0.0706,0.0988,0.117,0.2467,0.3152,0.2288,590.125,0.9274,0.0,1.6572,1.2779,1.3781,0.9272,0.3566,0,38.3544,0.5094,Moderate Potential
21.955,79.59,0,Grid Point,0.0434,0.0754,0.0966,0.2836,0.2077,0.1277,590.125,2.2035,65.121,2.0526375,0.7324,1.6271,0.4501,0.492,0,37.653,0.1808,Low Potential
21.955,79.605,0,Grid Point,0.0598,0.0876,0.0947,0.2238,0.2392,0.1668,590.125,0.9274,0.0,1.5823,1.0688,1.4342,0.7453,0.4052,0,37.0029,0.1654,Low Potential
21.955,79.62,0,Grid Point,0.0434,0.0704,0.0688,0.2176,0.254,0.1606,590.125,7.547549999999999,175.2589,1.5871,1.1675,1.5821,0.738,0.5195,0,36.4068,0.1706,Low Potential
21.955,79.635,0,Grid Point,0.0426,0.0591,0.0648,0.1872,0.2334,0.1536,590.125,2.7258,47.1548,1.5229,1.2471,1.5194,0.8208,0.4857,0,35.8673,0.166,Low Potential
21.955,79.65,0,Grid Point,0.0485,0.0722,0.0795,0.2366,0.2052,0.132,579.0,1.3637,312.8452,1.6381,0.8669,1.5542,0.5578,0.4973,0,35.3872,0.1881,Low Potential
21.955,79.665,0,Grid Point,0.0497,0.0776,0.1046,0.1948,0.2688,0.1788,585.0,7.547549999999999,230.9392,2.0526375,1.3801,1.5036,0.9179,0.3013,0,34.9687,0.2555,Low Potential
21.955,79.68,0,Grid Point,0.0831,0.1141,0.1388,0.2448,0.3447,0.2766,567.0,3.137,107.1795,1.6703,1.4084,1.2462,1.1301,0.2762,0,34.6142,0.2432,Low Potential
21.955,79.695,0,Grid Point,0.0546,0.0751,0.0814,0.2104,0.2479,0.169,553.0,2.9973,90.0,1.4886,1.1785,1.4664,0.8037,0.4422,0,34.3257,0.1448,Low Potential
21.955,79.71,0,Grid Point,0.0458,0.0635,0.0568,0.2408,0.2256,0.1324,544.0,2.1064,151.6711,1.2426,0.9371,1.7046,0.5497,0.6179,0,34.1048,0.1591,Low Potential
21.955,79.725,0,Grid Point,0.0484,0.0704,0.0696,0.2326,0.2427,0.1534,542.0,3.4226,144.2916,1.4376,1.0432,1.5816,0.6596,0.5392,0,33.9528,0.1369,Low Potential
21.955,79.74,0,Grid Point,0.0512,0.0732,0.0734,0.2617,0.2666,0.169,537.0,4.7333,347.8311,1.436,1.0185,1.5777,0.6456,0.5617,0,33.8707,0.1669,Low Potential
21.955,79.755,0,Grid Point,0.0801,0.1124,0.1302,0.2694,0.3226,0.2241,537.0,2.2035,65.121,1.6261,1.1979,1.4398,0.832,0.3481,0,33.8589,0.1935,Low Potential
21.955,79.77,0,Grid Point,0.0476,0.0739,0.1092,0.2742,0.2262,0.1393,528.0,3.7048,180.0,2.0526375,0.8253,1.6242,0.5081,0.4305,0,33.9176,0.1915,Low Potential
21.955,79.785,0,Grid Point,0.054,0.0772,0.0942,0.2401,0.2972,0.2032,519.0,3.7048,180.0,1.7451,1.2376,1.4627,0.8461,0.4366,0,33.5015,0.1811,Low Potential
21.955,79.8,0,Grid Point,0.0634,0.0818,0.1048,0.214,0.3078,0.2198,534.0,4.0992,103.0545,1.6535,1.4381,1.4001,1.0271,0.3427,0,32.2551,0.5028,Moderate Potential
21.955,79.815,0,Grid Point,0.0693,0.0962,0.1103,0.2495,0.3399,0.2399,535.0,0.9274,180.0,1.5916,1.3623,1.4168,0.9615,0.3869,0,31.0357,0.2616,Low Potential
21.955,79.83,0,Grid Point,0.059,0.0796,0.1075,0.2402,0.3248,0.2386,535.0,0.9999,90.0,1.8205,1.3519,1.361,0.9933,0.3817,0,29.8464,0.3692,Moderate Potential
21.955,79.845,0,Grid Point,0.0431,0.0578,0.0616,0.2075,0.2778,0.1771,525.0,2.7258,47.1548,1.4304,1.3386,1.5688,0.8533,0.5419,0,28.691,0.1586,Low Potential
21.955,79.86,0,Grid Point,0.0403,0.0527,0.0534,0.167,0.2106,0.1374,490.0,7.547549999999999,331.6711,1.3251,1.2608,1.5318,0.8231,0.5154,0,27.5738,0.2629,Low Potential
21.955,79.875,0,Grid Point,0.0444,0.0658,0.0475,0.2273,0.1969,0.1108,462.0,7.547549999999999,10.7729,1.071,0.8665,1.7783,0.4872,0.6543,0,26.4996,0.256,Low Potential
21.955,79.89,0,Grid Point,0.0328,0.0588,0.0439,0.2165,0.2018,0.1151,470.0,7.547549999999999,170.5818,1.3405,0.9323,1.7537,0.5316,0.6628,0,25.4739,0.2632,Low Potential
21.955,79.905,0,Grid Point,0.0358,0.0546,0.0424,0.2356,0.206,0.1143,480.0,4.0992,283.0544,1.1841,0.8746,1.8027,0.4851,0.6947,0,24.5028,0.3161,Low Potential
21.955,79.92,0,Grid Point,0.0375,0.0583,0.0584,0.2076,0.227,0.1403,521.0,6.4649,180.0,1.5587,1.0932,1.618,0.6757,0.5607,0,23.5929,0.2077,Low Potential
21.955,79.935,0,Grid Point,0.0504,0.0746,0.088,0.2092,0.2646,0.1828,510.0,7.0258,97.5475,1.7433,1.2649,1.4472,0.874,0.4079,0,22.7516,0.2028,Low Potential
21.955,79.95,0,Grid Point,0.0406,0.0602,0.0629,0.232,0.2366,0.1446,441.0,7.547549999999999,79.0638,1.5493,1.0198,1.6371,0.6229,0.5735,0,21.9868,0.1959,Low Potential
21.955,79.965,0,Grid Point,0.0411,0.0635,0.0646,0.2284,0.2239,0.1512,418.0,3.5228,238.2707,1.5725,0.9805,1.4813,0.6619,0.5592,0,21.3068,0.1711,Low Potential
21.955,79.98,0,Grid Point,0.0506,0.077,0.0612,0.2927,0.229,0.129,442.0,7.547549999999999,342.4054,1.2093,0.7822,1.7748,0.4407,0.6539,0,20.7199,0.2075,Low Potential
21.955,79.995,0,Grid Point,0.0646,0.0882,0.1102,0.2574,0.3566,0.2654,352.0,0.0,0.0,1.7053,1.3853,1.3436,1.0311,0.4003,0,20.2342,0.4012,Moderate Potential
21.955,80.01,0,Grid Point,0.0512,0.077,0.0716,0.2481,0.2336,0.1466,344.0,1.8543,180.0,1.3971,0.9416,1.594,0.5907,0.5521,0,19.8571,0.1279,Low Potential
21.955,80.025,0,Grid Point,0.0538,0.0746,0.0816,0.2154,0.2274,0.1491,338.0,0.9999,270.0,1.5167,1.056,1.5252,0.6924,0.4504,0,19.5949,0.1389,Low Potential
21.955,80.04,0,Grid Point,0.0672,0.0906,0.0922,0.2576,0.3105,0.2042,329.0,1.8543,0.0,1.3713,1.2054,1.5206,0.7927,0.4731,0,19.4523,0.149,Low Potential
21.955,80.055,0,Grid Point,0.0742,0.1079,0.1182,0.2907,0.3482,0.2452,325.0,0.9999,90.0,1.5937,1.198,1.4203,0.8435,0.4217,0,19.4318,0.1751,Low Potential
21.955,80.07,0,Grid Point,0.058,0.0806,0.076,0.2082,0.1586,0.0968,322.0,1.3637,132.8452,1.3106,0.7618,1.6384,0.4649,0.4654,0,19.5339,0.2285,Low Potential
21.955,80.085,0,Grid Point,0.0604,0.0802,0.0771,0.2248,0.1797,0.121,322.0,0.9274,0.0,1.2754,0.7992,1.4845,0.5384,0.4893,0,19.7567,0.1756,Low Potential
21.955,80.1,0,Grid Point,0.0575,0.079,0.0839,0.226,0.208,0.1396,314.0,2.1064,151.6711,1.4591,0.9208,1.4909,0.6176,0.4584,0,20.0961,0.1238,Low Potential
21.955,80.115,0,Grid Point,0.0601,0.0816,0.0841,0.201,0.2039,0.1427,309.0,2.1064,151.6711,1.3993,1.0144,1.4284,0.7102,0.41,0,19.447,0.1557,Low Potential
21.955,80.13,0,Grid Point,0.0616,0.0812,0.0808,0.2164,0.1732,0.1136,312.0,0.0,0.0,1.3136,0.8002,1.5253,0.5246,0.4561,0,17.9358,0.1639,Low Potential
21.955,80.145,0,Grid Point,0.0533,0.0748,0.0688,0.185,0.1587,0.0963,319.0,0.9274,0.0,1.2899,0.8576,1.6475,0.5205,0.4581,0,16.4309,0.2513,Low Potential
21.955,80.16,0,Grid Point,0.0768,0.1044,0.1114,0.266,0.337,0.2424,325.0,1.8543,0.0,1.4508,1.2667,1.3906,0.9109,0.4099,0,14.9342,0.4333,Moderate Potential
21.955,80.175,0,Grid Point,0.0407,0.0554,0.0499,0.2166,0.1882,0.0999,329.0,2.1064,151.6711,1.226,0.8687,1.8839,0.4611,0.6256,0,13.4484,0.3294,Low Potential
21.955,80.19,0,Grid Point,0.0448,0.0604,0.0649,0.1907,0.2263,0.1384,343.0,3.137,252.8205,1.4503,1.1867,1.6351,0.7257,0.4922,0,11.9776,0.1736,Low Potential
21.955,80.205,0,Grid Point,0.035,0.0503,0.0418,0.2154,0.1682,0.0911,455.0,7.547549999999999,180.0,1.1912,0.7807,1.8463,0.4228,0.6753,0,10.528,0.523,Moderate Potential
21.955,80.22,0,Grid Point,0.0394,0.0578,0.0424,0.2318,0.1642,0.0918,589.0,3.8366,344.9146,1.0735,0.7086,1.7892,0.396,0.691,0,9.1099,0.5004,Moderate Potential
21.955,80.235,0,Grid Point,0.0384,0.0488,0.0458,0.1732,0.1731,0.099,590.125,3.7048,180.0,1.1943,0.9994,1.7494,0.5713,0.5817,0,7.7406,0.504,Moderate Potential
21.955,80.25,0,Grid Point,0.0391,0.0518,0.0461,0.1952,0.1756,0.0948,590.125,4.8609,124.8228,1.179,0.9001,1.8538,0.4855,0.6178,0,6.451,0.5459,Moderate Potential
21.955,80.265,0,Grid Point,0.0348,0.0548,0.0417,0.2182,0.1721,0.0896,577.0,3.7048,180.0,1.1966,0.7889,1.9218,0.4105,0.679,0,5.2999,0.5322,Moderate Potential
21.955,80.28,0,Grid Point,0.0525,0.0822,0.0777,0.2346,0.241,0.154,590.125,4.6274,0.0,1.48,1.0271,1.5654,0.6561,0.5025,0,4.3974,0.1775,Low Potential
21.955,80.295,0,Grid Point,0.0357,0.0482,0.0402,0.1947,0.159,0.0854,590.125,4.2072,331.6711,1.1245,0.8169,1.8624,0.4386,0.6577,0,3.919,0.5636,Moderate Potential
21.955,80.31,0,Grid Point,0.033,0.0486,0.0405,0.2112,0.1577,0.0812,590.125,6.821,144.2916,1.2273,0.7465,1.9421,0.3844,0.6783,0,4.0192,0.5715,Moderate Potential
21.955,80.325,0,Grid Point,0.0452,0.0622,0.0572,0.2234,0.2591,0.1514,549.0,7.547549999999999,317.257,1.2641,1.1598,1.7119,0.6775,0.5923,0,4.6609,0.212,Low Potential
21.955,80.34,0,Grid Point,0.0382,0.054,0.0522,0.2214,0.1807,0.0982,590.125,5.0373,203.3294,1.3696,0.8164,1.8411,0.4434,0.6181,0,5.6628,0.4513,Moderate Potential
21.955,80.355,0,Grid Point,0.0348,0.047,0.052,0.1723,0.2056,0.1182,588.0,7.547549999999999,149.0786,1.4907,1.1936,1.7406,0.6857,0.5367,0,6.8692,0.3763,Moderate Potential
21.955,80.37,0,Grid Point,0.041,0.055,0.0592,0.1978,0.2017,0.1151,590.125,2.1064,208.3289,1.4451,1.02,1.7524,0.582,0.5389,0,8.1901,0.247,Low Potential
21.955,80.385,0,Grid Point,0.0406,0.0528,0.0552,0.205,0.2047,0.1172,590.125,2.2035,114.879,1.3613,0.9985,1.7463,0.5718,0.5758,1,9.5783,0.2613,Low Potential
21.955,80.4,0,Grid Point,0.0715,0.1008,0.1273,0.24,0.3066,0.2413,590.125,3.9936,90.0,1.7804,1.2772,1.2706,1.0052,0.3069,1,11.0083,0.5508,Moderate Potential
21.955,80.415,0,Grid Point,0.0546,0.0779,0.0941,0.1815,0.2344,0.1853,590.125,0.0,0.0,1.725,1.2917,1.2649,1.0212,0.3171,1,12.4658,0.5633,Moderate Potential
21.955,80.43,0,Grid Point,0.0537,0.0745,0.0814,0.2374,0.3004,0.2,590.125,4.8609,304.8228,1.5168,1.2649,1.5014,0.8425,0.4892,1,11.7469,0.2605,Low Potential
21.955,80.445,0,Grid Point,0.0488,0.073,0.0802,0.2446,0.1969,0.127,590.125,3.4226,324.2916,1.6428,0.8052,1.5514,0.519,0.5059,1,10.5703,0.2792,Low Potential
21.955,80.46,0,Grid Point,0.0524,0.0723,0.0824,0.2268,0.2258,0.1472,590.125,2.1064,331.6711,1.5735,0.9956,1.5348,0.6487,0.4669,1,9.4999,0.1655,Low Potential
21.955,80.475,0,Grid Point,0.0872,0.12,0.1464,0.26,0.3632,0.2788,590.125,3.5228,301.7293,1.6789,1.3967,1.3025,1.0723,0.2796,1,8.5755,0.3267,Low Potential
21.955,80.49,0,Grid Point,0.0468,0.0662,0.0948,0.1807,0.2582,0.1877,590.125,3.8366,15.0854,2.0278,1.4292,1.3759,1.0387,0.3118,1,7.8488,0.4899,Moderate Potential
21.97,79.2,0,Grid Point,0.0348,0.0702,0.0469,0.31765,0.1829,0.1258,590.125,3.4227,215.7113,1.3477,0.5015,1.4539,0.3449,0.7721,0,49.882262499999996,0.3464,Low Potential
21.97,79.215,0,Grid Point,0.051,0.0788,0.0672,0.2373,0.1708,0.1258,586.0,1.3637,47.1578,1.3176,0.7198,1.3577,0.5301,0.5586,0,49.882262499999996,0.2974,Low Potential
21.97,79.23,0,Grid Point,0.0649,0.0873,0.1133,0.1861,0.2694,0.22,590.125,5.5064,327.0978,1.7458,1.4476,1.2245,1.1822,0.2432,0,49.882262499999996,0.4351,Moderate Potential
21.97,79.245,0,Grid Point,0.0573,0.0866,0.087,0.2865,0.1965,0.1445,574.0,2.7259,47.1578,1.5183,0.6859,1.3599,0.5044,0.5341,0,49.882262499999996,0.252,Low Potential
21.97,79.26,0,Grid Point,0.0574,0.0761,0.0807,0.1709,0.2112,0.1522,559.0,2.7259,132.8422,1.4071,1.2355,1.3869,0.8909,0.3585,0,49.882262499999996,0.369,Moderate Potential
21.97,79.275,0,Grid Point,0.0765,0.0979,0.125,0.2184,0.302,0.234,572.0,2.7259,312.8422,1.6346,1.3829,1.2901,1.0719,0.2717,0,49.882262499999996,0.5144,Moderate Potential
21.97,79.29,0,Grid Point,0.0476,0.0717,0.0972,0.2612,0.2094,0.1424,569.0,2.2037,65.1233,2.042,0.8015,1.4696,0.5454,0.4576,0,49.882262499999996,0.1474,Low Potential
21.97,79.305,0,Grid Point,0.076,0.101,0.1386,0.2404,0.3116,0.2392,560.0,6.1014,139.2175,1.8237,1.2964,1.3024,0.9954,0.2685,0,49.882262499999996,0.3743,Moderate Potential
21.97,79.32,0,Grid Point,0.0444,0.0559,0.0491,0.192,0.2176,0.1402,556.0,4.085,227.1578,1.1059,1.1328,1.5517,0.73,0.5928,0,49.882262499999996,0.2192,Low Potential
21.97,79.335,0,Grid Point,0.062,0.0946,0.118,0.3017,0.2506,0.1716,552.0,1.3637,47.1578,1.9048,0.8305,1.4601,0.5688,0.4377,0,49.6211,0.1634,Low Potential
21.97,79.35,0,Grid Point,0.0555,0.0922,0.1093,0.2657,0.2172,0.1428,563.0,4.085,312.8422,1.9694,0.8177,1.5214,0.5374,0.4171,0,49.1134,0.2159,Low Potential
21.97,79.365,0,Grid Point,0.052,0.0802,0.1082,0.2484,0.225,0.1506,564.0,1.0,90.0,2.0526375,0.906,1.4945,0.6062,0.3931,0,48.6495,0.1685,Low Potential
21.97,79.38,0,Grid Point,0.0618,0.0878,0.0894,0.2533,0.2548,0.1737,565.0,3.523,238.2734,1.4478,1.0059,1.4665,0.6859,0.4783,0,48.2306,0.1632,Low Potential
21.97,79.395,0,Grid Point,0.0718,0.0968,0.1264,0.2506,0.2756,0.2028,567.0,3.523,238.2734,1.7611,1.0998,1.359,0.8093,0.3293,0,47.858,0.3218,Low Potential
21.97,79.41,0,Grid Point,0.0644,0.0936,0.1212,0.2304,0.2682,0.2178,563.0,3.4227,215.7113,1.8842,1.1645,1.2316,0.9455,0.3103,0,47.5327,0.4427,Moderate Potential
21.97,79.425,0,Grid Point,0.0412,0.0578,0.0675,0.204,0.271,0.1772,590.125,7.547549999999999,149.8594,1.6364,1.3288,1.5289,0.8691,0.5027,0,47.2557,0.2377,Low Potential
21.97,79.44,0,Grid Point,0.084,0.1082,0.1446,0.2309,0.3177,0.2579,575.0,1.0,270.0,1.7219,1.3759,1.2321,1.1167,0.23,0,47.0278,0.3015,Low Potential
21.97,79.455,0,Grid Point,0.0638,0.0912,0.1103,0.2395,0.2013,0.1548,590.125,2.7259,132.8422,1.7302,0.8405,1.3,0.6466,0.3694,0,46.7431,0.3256,Low Potential
21.97,79.47,0,Grid Point,0.0626,0.0807,0.0934,0.245,0.2948,0.2004,590.125,5.3182,290.3524,1.4932,1.2028,1.4708,0.8178,0.4481,0,45.7539,0.2153,Low Potential
21.97,79.485,0,Grid Point,0.0559,0.0794,0.1012,0.2602,0.2566,0.1721,590.125,6.2968,151.6685,1.8095,0.9862,1.4907,0.6615,0.4401,0,44.7961,0.1937,Low Potential
21.97,79.5,0,Grid Point,0.0543,0.0718,0.0756,0.2336,0.2107,0.146,590.125,2.1065,331.6685,1.3932,0.9022,1.4436,0.6249,0.5107,0,43.8718,0.1432,Low Potential
21.97,79.515,0,Grid Point,0.0424,0.0612,0.0523,0.24,0.1639,0.0964,590.125,1.3637,227.1578,1.232,0.6828,1.7011,0.4014,0.6422,0,42.9832,0.3171,Low Potential
21.97,79.53,0,Grid Point,0.0502,0.0849,0.0726,0.31765,0.2246,0.1316,590.125,1.9994,90.0,1.4462,0.6913,1.7057,0.4053,0.6346,0,42.1325,0.1526,Low Potential
21.97,79.545,0,Grid Point,0.0458,0.069,0.0649,0.2567,0.1772,0.1086,590.125,0.0,0.0,1.4166,0.6903,1.6309,0.4233,0.5961,0,41.3221,0.167,Low Potential
21.97,79.56,0,Grid Point,0.0458,0.0759,0.1017,0.2559,0.2068,0.1403,590.125,2.7259,227.1578,2.0526375,0.8081,1.474,0.5483,0.4312,0,40.5543,0.1805,Low Potential
21.97,79.575,0,Grid Point,0.0714,0.0993,0.1214,0.2416,0.2922,0.2104,590.125,1.3637,227.1578,1.6991,1.2092,1.3885,0.8709,0.3311,0,39.8318,0.3745,Moderate Potential
21.97,79.59,0,Grid Point,0.0531,0.0752,0.0835,0.2192,0.1921,0.1308,590.125,1.9994,270.0,1.5725,0.8766,1.469,0.5967,0.4483,0,39.1569,0.1567,Low Potential
21.97,79.605,0,Grid Point,0.0522,0.075,0.1038,0.2214,0.293,0.224,590.125,1.8543,180.0,1.9876,1.3237,1.3077,1.0122,0.3613,0,38.5321,0.4498,Moderate Potential
21.97,79.62,0,Grid Point,0.0468,0.0644,0.0792,0.1862,0.2715,0.1836,590.125,0.9274,0.0,1.6934,1.4577,1.4784,0.986,0.403,0,37.96,0.176,Low Potential
21.97,79.635,0,Grid Point,0.0386,0.0498,0.0558,0.1725,0.2328,0.1518,590.125,6.762,162.8766,1.4462,1.3493,1.5333,0.88,0.5115,0,37.4429,0.2554,Low Potential
21.97,79.65,0,Grid Point,0.0389,0.0543,0.0591,0.2005,0.2446,0.1551,590.125,7.547549999999999,227.1578,1.5193,1.2202,1.5774,0.7736,0.5447,0,36.9832,0.2322,Low Potential
21.97,79.665,0,Grid Point,0.039,0.0556,0.0649,0.2018,0.257,0.1642,590.125,1.9994,90.0,1.6654,1.2735,1.565,0.8137,0.5131,0,36.5831,0.2324,Low Potential
21.97,79.68,0,Grid Point,0.0606,0.0828,0.0886,0.2124,0.2555,0.1713,560.0,3.523,58.2734,1.462,1.2032,1.4915,0.8067,0.4112,0,36.2444,0.1795,Low Potential
21.97,79.695,0,Grid Point,0.0441,0.0712,0.0756,0.2372,0.2086,0.1292,547.0,4.2073,28.3315,1.7132,0.8794,1.6142,0.5448,0.5168,0,35.9689,0.1929,Low Potential
21.97,79.71,0,Grid Point,0.0492,0.0717,0.0738,0.2496,0.2135,0.1407,541.0,1.0,270.0,1.499,0.8552,1.5169,0.5638,0.5439,0,35.7581,0.1447,Low Potential
21.97,79.725,0,Grid Point,0.0446,0.0662,0.0706,0.2636,0.2158,0.1406,532.0,5.0726,79.4924,1.583,0.8185,1.5349,0.5333,0.5776,0,35.6132,0.1702,Low Potential
21.97,79.74,0,Grid Point,0.0503,0.0766,0.0688,0.2759,0.225,0.1381,528.0,1.3637,312.8422,1.3701,0.8155,1.6296,0.5005,0.6006,0,35.5349,0.1463,Low Potential
21.97,79.755,0,Grid Point,0.0472,0.0714,0.0827,0.2804,0.236,0.1442,531.0,2.9541,340.2298,1.7521,0.8417,1.6364,0.5144,0.5445,0,35.5237,0.183,Low Potential
21.97,79.77,0,Grid Point,0.0542,0.0672,0.0768,0.219,0.2784,0.1965,523.0,1.3637,312.8422,1.417,1.2715,1.417,0.8973,0.4807,0,35.5797,0.2205,Low Potential
21.97,79.785,0,Grid Point,0.0694,0.0914,0.111,0.2574,0.345,0.2474,516.0,3.4227,324.2887,1.5987,1.3403,1.3942,0.9613,0.3976,0,34.4936,0.4037,Moderate Potential
21.97,79.8,0,Grid Point,0.0507,0.0804,0.0742,0.2192,0.1484,0.0885,529.0,1.3637,47.1578,1.4645,0.6772,1.6768,0.4038,0.4939,0,33.2844,0.2442,Low Potential
21.97,79.815,0,Grid Point,0.0453,0.0664,0.0608,0.2528,0.2186,0.1392,534.0,2.7259,132.8422,1.3433,0.8645,1.5704,0.5505,0.612,0,32.1041,0.1435,Low Potential
21.97,79.83,0,Grid Point,0.0484,0.0714,0.0904,0.2468,0.2482,0.164,531.0,0.0,0.0,1.8648,1.0055,1.5126,0.6647,0.464,0,30.9558,0.1619,Low Potential
21.97,79.845,0,Grid Point,0.0403,0.0568,0.0556,0.213,0.2328,0.1393,525.0,6.2022,233.4281,1.3797,1.0929,1.6722,0.6536,0.5861,0,29.8434,0.1968,Low Potential
21.97,79.86,0,Grid Point,0.0526,0.0701,0.0862,0.2188,0.3057,0.2128,535.0,0.9274,180.0,1.6378,1.3968,1.4366,0.9724,0.4351,0,28.771,0.1734,Low Potential
21.97,79.875,0,Grid Point,0.0486,0.0698,0.0891,0.2227,0.3229,0.2302,556.0,0.9274,0.0,1.8344,1.4497,1.4022,1.0339,0.4283,0,27.7433,0.3068,Low Potential
21.97,79.89,0,Grid Point,0.0404,0.0585,0.0758,0.211,0.2506,0.1654,544.0,6.2968,151.6685,1.875,1.1874,1.5153,0.7836,0.4717,0,26.7652,0.245,Low Potential
21.97,79.905,0,Grid Point,0.0393,0.0558,0.061,0.209,0.2554,0.1535,539.0,2.7259,312.8422,1.5522,1.2221,1.6635,0.7346,0.5481,0,25.8426,0.219,Low Potential
21.97,79.92,0,Grid Point,0.0323,0.0528,0.0585,0.2468,0.2324,0.1325,570.0,7.547549999999999,294.8767,1.8111,0.9416,1.7536,0.537,0.6167,0,24.9816,0.2641,Low Potential
21.97,79.935,0,Grid Point,0.0388,0.0586,0.0576,0.2116,0.2448,0.1496,524.0,7.547549999999999,328.3596,1.4845,1.1566,1.6358,0.7071,0.5721,0,24.1887,0.2237,Low Potential
21.97,79.95,0,Grid Point,0.0472,0.0687,0.0738,0.2178,0.2547,0.1686,489.0,6.2968,331.6685,1.5625,1.1694,1.5105,0.7742,0.4942,0,23.4708,0.1847,Low Potential
21.97,79.965,0,Grid Point,0.0394,0.0556,0.0478,0.2085,0.2058,0.1244,470.0,6.1014,40.7825,1.2145,0.9868,1.6546,0.5964,0.6267,0,22.835,0.2833,Low Potential
21.97,79.98,0,Grid Point,0.0522,0.0724,0.0605,0.2533,0.2276,0.1382,504.0,7.547549999999999,38.3355,1.1601,0.8987,1.6473,0.5456,0.6144,0,22.2884,0.1837,Low Potential
21.97,79.995,0,Grid Point,0.0678,0.0891,0.1079,0.2573,0.3542,0.2544,351.0,1.3637,47.1578,1.5914,1.3768,1.3922,0.9889,0.4091,0,21.8376,0.3305,Low Potential
21.97,80.01,0,Grid Point,0.0425,0.0642,0.0544,0.2393,0.1538,0.0907,340.0,1.9994,90.0,1.2812,0.6427,1.6957,0.379,0.6293,0,21.4887,0.3474,Low Potential
21.97,80.025,0,Grid Point,0.0575,0.0872,0.0943,0.2596,0.2935,0.2091,337.0,0.9274,0.0,1.64,1.1306,1.4036,0.8055,0.4671,0,21.2466,0.2756,Low Potential
21.97,80.04,0,Grid Point,0.0755,0.1024,0.1315,0.2702,0.2697,0.1856,327.0,1.3637,132.8422,1.7417,0.9983,1.4527,0.6872,0.3452,0,21.1151,0.1718,Low Potential
21.97,80.055,0,Grid Point,0.0609,0.0842,0.0914,0.2394,0.2502,0.1772,326.0,2.7259,132.8422,1.5016,1.0449,1.4124,0.7398,0.4473,0,21.0963,0.1958,Low Potential
21.97,80.07,0,Grid Point,0.0538,0.0702,0.0548,0.262,0.1752,0.0994,321.0,1.9994,270.0,1.0186,0.669,1.7631,0.3795,0.6542,0,21.1904,0.3066,Low Potential
21.97,80.085,0,Grid Point,0.0558,0.074,0.0733,0.2344,0.2588,0.1618,323.0,2.9541,160.2298,1.3148,1.1043,1.6,0.6902,0.5235,0,21.3959,0.1281,Low Potential
21.97,80.1,0,Grid Point,0.0612,0.0769,0.0822,0.2083,0.2299,0.1588,311.0,1.3637,227.1578,1.342,1.1037,1.4482,0.7621,0.4341,0,21.3345,0.1386,Low Potential
21.97,80.115,0,Grid Point,0.0574,0.0802,0.0866,0.2447,0.2016,0.1382,318.0,1.0,270.0,1.5065,0.8237,1.4589,0.5646,0.4774,0,19.8468,0.1444,Low Potential
21.97,80.13,0,Grid Point,0.061,0.0842,0.0948,0.2218,0.2844,0.2026,334.0,7.547549999999999,180.0,1.5528,1.2825,1.4037,0.9137,0.4011,0,18.3685,0.4464,Moderate Potential
21.97,80.145,0,Grid Point,0.0604,0.0801,0.0989,0.2071,0.2905,0.1981,332.0,7.547549999999999,142.3958,1.6361,1.4027,1.4664,0.9565,0.3536,0,16.9022,0.3489,Low Potential
21.97,80.16,0,Grid Point,0.0734,0.0968,0.1195,0.2412,0.3062,0.2165,340.0,4.7604,321.0365,1.627,1.2692,1.4143,0.8974,0.3375,0,15.4512,0.6197,Moderate Potential
21.97,80.175,0,Grid Point,0.0485,0.0678,0.0745,0.2162,0.229,0.1395,341.0,1.9994,270.0,1.5361,1.0597,1.6419,0.6454,0.4874,0,14.0203,0.144,Low Potential
21.97,80.19,0,Grid Point,0.04,0.0641,0.0607,0.2291,0.205,0.1157,547.0,7.547549999999999,153.5414,1.5175,0.8948,1.7718,0.505,0.5811,0,12.6163,0.2737,Low Potential
21.97,80.205,0,Grid Point,0.0418,0.0565,0.0475,0.225,0.1916,0.1065,590.125,7.547549999999999,11.0925,1.1377,0.8514,1.7991,0.4732,0.6514,0,11.2494,0.3443,Low Potential
21.97,80.22,0,Grid Point,0.0412,0.0543,0.0495,0.1994,0.1929,0.1107,541.0,4.7333,347.8299,1.2029,0.9676,1.7425,0.5553,0.6022,0,9.9348,0.3387,Low Potential
21.97,80.235,0,Grid Point,0.0446,0.0644,0.0651,0.2164,0.189,0.1257,590.125,5.3182,69.6476,1.4596,0.8732,1.5036,0.5807,0.5376,0,8.6963,0.2213,Low Potential
21.97,80.25,0,Grid Point,0.0354,0.047,0.0392,0.1924,0.1618,0.0878,583.0,6.5853,114.8767,1.1072,0.8414,1.8423,0.4567,0.6611,0,7.5713,0.5615,Moderate Potential
21.97,80.265,0,Grid Point,0.0682,0.0936,0.102,0.2374,0.318,0.2128,566.0,1.9994,90.0,1.4967,1.3392,1.494,0.8964,0.399,0,6.618,0.2868,Low Potential
21.97,80.28,0,Grid Point,0.0376,0.0518,0.0438,0.2035,0.1745,0.0946,575.0,6.2559,72.8222,1.1664,0.8575,1.8436,0.4651,0.6458,0,5.92,0.5445,Moderate Potential
21.97,80.295,0,Grid Point,0.0382,0.0528,0.0458,0.2104,0.1778,0.096,580.0,2.2037,65.1233,1.1974,0.8449,1.8511,0.4564,0.6425,0,5.5738,0.4798,Moderate Potential
21.97,80.31,0,Grid Point,0.0429,0.0532,0.0542,0.1909,0.1994,0.1148,590.125,1.0,270.0,1.2634,1.0445,1.7362,0.6016,0.5577,0,5.6448,0.2691,Low Potential
21.97,80.325,0,Grid Point,0.0373,0.0534,0.0448,0.2246,0.1673,0.0874,545.0,1.3637,132.8422,1.2024,0.745,1.9142,0.3892,0.667,0,6.1183,0.5297,Moderate Potential
21.97,80.34,0,Grid Point,0.0362,0.0483,0.0446,0.1996,0.1942,0.1109,583.0,6.762,162.8766,1.2334,0.973,1.7516,0.5555,0.6345,0,6.9121,0.4012,Moderate Potential
21.97,80.355,0,Grid Point,0.0421,0.0586,0.0572,0.1954,0.2112,0.121,590.125,1.9994,270.0,1.3575,1.0809,1.7443,0.6197,0.5473,0,7.9306,0.228,Low Potential
21.97,80.37,0,Grid Point,0.0366,0.0499,0.055,0.2038,0.2112,0.1352,590.125,3.4227,215.7113,1.5034,1.0361,1.5612,0.6636,0.5753,0,9.0987,0.2581,Low Potential
21.97,80.385,0,Grid Point,0.042,0.0578,0.0556,0.22,0.2375,0.1512,590.125,0.0,0.0,1.3222,1.0795,1.5702,0.6875,0.5965,0,10.3659,0.1849,Low Potential
21.97,80.4,0,Grid Point,0.0349,0.048,0.0459,0.202,0.193,0.1117,590.125,0.9274,180.0,1.3152,0.955,1.7274,0.5528,0.6298,0,11.7001,0.3246,Low Potential
21.97,80.415,0,Grid Point,0.0635,0.0882,0.106,0.242,0.3528,0.2528,590.125,4.085,132.8422,1.6698,1.4581,1.3958,1.0446,0.391,1,12.1559,0.5418,Moderate Potential
21.97,80.43,0,Grid Point,0.07,0.097,0.1204,0.2371,0.3223,0.2385,590.125,0.0,0.0,1.7195,1.3593,1.3514,1.0059,0.3262,1,10.8044,0.6119,Moderate Potential
21.97,80.445,0,Grid Point,0.0461,0.0681,0.0724,0.2107,0.1742,0.1206,590.125,2.2037,65.1233,1.5694,0.8268,1.445,0.5721,0.4888,1,9.512,0.1971,Low Potential
21.97,80.46,0,Grid Point,0.0954,0.1112,0.1306,0.1816,0.2199,0.1931,590.125,4.2073,151.6685,1.3697,1.2106,1.1388,1.063,0.1635,1,8.3063,0.4353,Moderate Potential
21.97,80.475,0,Grid Point,0.0802,0.1072,0.133,0.2388,0.3385,0.2596,590.125,1.8543,0.0,1.6594,1.4172,1.3039,1.0869,0.2847,1,7.2309,0.3848,Moderate Potential
21.97,80.49,0,Grid Point,0.0728,0.1002,0.1311,0.2026,0.3045,0.247,590.125,4.6274,180.0,1.7996,1.5033,1.2328,1.2195,0.2141,1,6.3522,0.4649,Moderate Potential
21.985,79.2,0,Grid Point,0.0534,0.0751,0.0753,0.1977,0.1883,0.1426,590.125,0.9274,0.0,1.4101,0.9525,1.3205,0.7213,0.4484,0,49.882262499999996,0.2863,Low Potential
21.985,79.215,0,Grid Point,0.0481,0.075,0.0953,0.269,0.1738,0.1139,590.125,1.3638,312.8392,1.9813,0.6461,1.5259,0.4234,0.4768,0,49.882262499999996,0.2138,Low Potential
21.985,79.23,0,Grid Point,0.0421,0.0591,0.0728,0.1718,0.2687,0.1874,590.125,3.9944,90.0,1.728,1.5645,1.4334,1.0914,0.4049,0,49.882262499999996,0.203,Low Potential
21.985,79.245,0,Grid Point,0.0559,0.0734,0.084,0.1872,0.2964,0.2188,583.0,5.3187,69.6495,1.5027,1.5836,1.3552,1.1685,0.3805,0,49.882262499999996,0.385,Moderate Potential
21.985,79.26,0,Grid Point,0.047,0.0644,0.0674,0.2445,0.1867,0.1291,572.0,2.7261,227.1608,1.4366,0.7636,1.4456,0.5282,0.5676,0,49.882262499999996,0.1562,Low Potential
21.985,79.275,0,Grid Point,0.0656,0.0799,0.102,0.1846,0.2561,0.1919,590.125,7.547549999999999,292.3978,1.5537,1.3877,1.3345,1.0398,0.2881,0,49.882262499999996,0.512,Moderate Potential
21.985,79.29,0,Grid Point,0.0428,0.0563,0.0707,0.2098,0.2664,0.185,575.0,1.9996,90.0,1.6519,1.2703,1.4399,0.8822,0.4958,0,49.882262499999996,0.2092,Low Potential
21.985,79.305,0,Grid Point,0.0412,0.0544,0.0622,0.1826,0.2391,0.1638,580.0,0.9274,0.0,1.5103,1.3094,1.4597,0.897,0.4921,0,49.882262499999996,0.1903,Low Potential
21.985,79.32,0,Grid Point,0.062,0.0919,0.1222,0.2742,0.226,0.1529,573.0,2.2039,245.1256,1.9726,0.8242,1.4789,0.5573,0.3835,0,49.882262499999996,0.1814,Low Potential
21.985,79.335,0,Grid Point,0.0539,0.0672,0.0921,0.2028,0.3128,0.2276,556.0,1.0001,90.0,1.7087,1.542,1.374,1.1223,0.3755,0,49.882262499999996,0.3375,Low Potential
21.985,79.35,0,Grid Point,0.0578,0.0772,0.0868,0.2319,0.1677,0.1261,567.0,6.2565,287.1761,1.5039,0.7232,1.3299,0.5438,0.4551,0,49.882262499999996,0.3444,Low Potential
21.985,79.365,0,Grid Point,0.0586,0.0888,0.0988,0.2778,0.2166,0.1456,580.0,2.1065,151.666,1.6854,0.7797,1.4876,0.5241,0.4751,0,49.882262499999996,0.17,Low Potential
21.985,79.38,0,Grid Point,0.0498,0.0714,0.0762,0.1924,0.1958,0.1374,581.0,2.7261,132.8392,1.5286,1.0179,1.4256,0.7141,0.4325,0,49.8419,0.167,Low Potential
21.985,79.395,0,Grid Point,0.0525,0.0764,0.0671,0.3164,0.1587,0.0987,572.0,2.7261,312.8392,1.2781,0.5015,1.6079,0.3119,0.6501,0,49.4814,0.3602,Moderate Potential
21.985,79.41,0,Grid Point,0.0578,0.0812,0.114,0.2461,0.211,0.1494,575.0,3.5233,301.7238,1.9723,0.8572,1.412,0.6071,0.3668,0,49.1668,0.27,Low Potential
21.985,79.425,0,Grid Point,0.0511,0.0712,0.0636,0.2396,0.2557,0.1608,590.125,7.547549999999999,26.1137,1.2456,1.067,1.5902,0.671,0.5803,0,48.899,0.1711,Low Potential
21.985,79.44,0,Grid Point,0.0408,0.0546,0.0578,0.198,0.2389,0.1466,590.125,7.547549999999999,193.9751,1.4154,1.2063,1.6302,0.74,0.5485,0,48.6789,0.2159,Low Potential
21.985,79.455,0,Grid Point,0.0355,0.0508,0.0422,0.2076,0.2118,0.1252,590.125,6.2026,126.569,1.1901,1.02,1.6906,0.6033,0.6618,0,48.0205,0.3255,Low Potential
21.985,79.47,0,Grid Point,0.0408,0.0526,0.0584,0.2088,0.2125,0.1309,590.125,3.8367,195.0885,1.4344,1.0177,1.6234,0.6269,0.5626,0,47.0582,0.2112,Low Potential
21.985,79.485,0,Grid Point,0.0372,0.05,0.0425,0.1907,0.1834,0.1101,590.125,5.5066,212.905,1.1425,0.9617,1.6658,0.5773,0.6355,0,46.1274,0.369,Moderate Potential
21.985,79.5,0,Grid Point,0.0423,0.0578,0.0544,0.2236,0.2227,0.1358,590.125,3.7048,180.0,1.2872,0.9962,1.6399,0.6075,0.6083,0,45.2304,0.192,Low Potential
21.985,79.515,0,Grid Point,0.0569,0.0829,0.1231,0.1928,0.2793,0.2332,590.125,1.8543,0.0,2.0526375,1.4483,1.1979,1.209,0.2208,0,44.369,0.3716,Moderate Potential
21.985,79.53,0,Grid Point,0.0869,0.1152,0.1354,0.1946,0.2624,0.2202,590.125,7.0273,97.546,1.5587,1.3485,1.1914,1.1318,0.1791,0,43.5454,0.3666,Moderate Potential
21.985,79.545,0,Grid Point,0.0378,0.0504,0.0527,0.19,0.2435,0.1504,590.125,1.0001,270.0,1.3923,1.2812,1.6196,0.7911,0.5658,0,42.7618,0.2493,Low Potential
21.985,79.56,0,Grid Point,0.0444,0.0611,0.0713,0.2236,0.2695,0.174,590.125,0.9274,0.0,1.6077,1.2053,1.549,0.7781,0.5164,0,42.0203,0.1559,Low Potential
21.985,79.575,0,Grid Point,0.0415,0.0638,0.0676,0.2434,0.1706,0.1064,590.125,0.0,0.0,1.6258,0.7011,1.6031,0.4373,0.5655,0,41.3234,0.2617,Low Potential
21.985,79.59,0,Grid Point,0.0434,0.057,0.0587,0.1894,0.2711,0.185,590.125,1.0001,90.0,1.3525,1.4314,1.4654,0.9768,0.5268,0,40.6733,0.1525,Low Potential
21.985,79.605,0,Grid Point,0.0488,0.0743,0.097,0.2356,0.1971,0.1305,590.125,1.8543,180.0,1.9908,0.8368,1.5103,0.554,0.4164,0,40.0722,0.1787,Low Potential
21.985,79.62,0,Grid Point,0.0648,0.0892,0.1241,0.2286,0.3346,0.2506,590.125,4.1,76.9482,1.9136,1.4636,1.3354,1.096,0.2964,0,39.5224,0.4178,Moderate Potential
21.985,79.635,0,Grid Point,0.0416,0.0569,0.068,0.2061,0.2516,0.1666,590.125,0.9274,0.0,1.6327,1.2205,1.5099,0.8083,0.5038,0,39.026,0.2114,Low Potential
21.985,79.65,0,Grid Point,0.0454,0.062,0.0599,0.2216,0.2176,0.1316,590.125,7.547549999999999,59.9055,1.3179,0.9819,1.6535,0.5939,0.5744,0,38.5852,0.1709,Low Potential
21.985,79.665,0,Grid Point,0.0531,0.0679,0.0775,0.1822,0.2146,0.1414,582.0,0.9274,180.0,1.4605,1.1781,1.5175,0.7763,0.4029,0,38.2018,0.153,Low Potential
21.985,79.68,0,Grid Point,0.0894,0.1178,0.1426,0.2652,0.3541,0.2642,567.0,1.0001,90.0,1.5965,1.335,1.34,0.9962,0.3006,0,37.8775,0.295,Low Potential
21.985,79.695,0,Grid Point,0.0428,0.0552,0.0516,0.2132,0.1967,0.1134,549.0,2.7803,180.0,1.203,0.9224,1.7346,0.5318,0.6106,0,37.614,0.2476,Low Potential
21.985,79.71,0,Grid Point,0.0556,0.079,0.0991,0.2339,0.2656,0.1911,539.0,4.7606,141.0335,1.7824,1.1353,1.3892,0.8172,0.4048,0,37.4125,0.3073,Low Potential
21.985,79.725,0,Grid Point,0.0494,0.0666,0.0666,0.2501,0.2254,0.1462,533.0,2.2039,294.8744,1.3458,0.9012,1.5412,0.5848,0.5797,0,37.2741,0.1414,Low Potential
21.985,79.74,0,Grid Point,0.0491,0.0614,0.0614,0.2022,0.2334,0.145,529.0,0.9274,180.0,1.2508,1.1545,1.6106,0.7169,0.5344,0,37.1993,0.1513,Low Potential
21.985,79.755,0,Grid Point,0.037,0.0521,0.0341,0.13885000000000003,0.09513749999999997,0.017112500000000003,518.0,0.9274,180.0,0.9781375000000002,0.6698,1.43,0.4684,0.07343750000000004,0,37.1886,0.4853,Moderate Potential
21.985,79.77,0,Grid Point,0.0986,0.1359,0.1779,0.2679,0.3328,0.2548,527.0,2.2039,65.1256,1.8033,1.2424,1.3063,0.9511,0.2019,0,36.736,0.2462,Low Potential
21.985,79.785,0,Grid Point,0.0431,0.0581,0.0616,0.2254,0.248,0.149,513.0,4.0853,312.8392,1.4281,1.1005,1.6653,0.6608,0.571,0,35.536,0.1815,Low Potential
21.985,79.8,0,Grid Point,0.0845,0.1208,0.1446,0.2686,0.3911,0.3157,536.0,2.9542,199.7722,1.7107,1.4563,1.2386,1.1758,0.3002,0,34.3635,0.2039,Low Potential
21.985,79.815,0,Grid Point,0.0612,0.0923,0.094,0.2571,0.2647,0.1842,523.0,3.1376,72.8239,1.5368,1.0296,1.4374,0.7163,0.4643,0,33.2216,0.1493,Low Potential
21.985,79.83,0,Grid Point,0.1013,0.1363375,0.1749,0.3036,0.416,0.3336125,537.0,6.1016,319.2144,1.703,1.3698,1.2346,1.1095,0.269,0,32.1133,0.2286,Low Potential
21.985,79.845,0,Grid Point,0.06,0.0812,0.097,0.2468,0.3644,0.2788,545.0,2.1065,28.334,1.6172,1.476,1.3066,1.1296,0.436,0,31.0424,0.3209,Low Potential
21.985,79.86,0,Grid Point,0.0536,0.0811,0.1016,0.2275,0.3262,0.2346,564.0,1.3638,132.8392,1.8955,1.4338,1.3907,1.031,0.3826,0,30.0129,0.3329,Low Potential
21.985,79.875,0,Grid Point,0.0696,0.0975,0.1156,0.2632,0.3424,0.2473,537.0,4.2074,28.334,1.6609,1.3007,1.3846,0.9394,0.3897,0,29.0291,0.467,Moderate Potential
21.985,79.89,0,Grid Point,0.0669,0.0914,0.1212,0.2552,0.3411,0.2666,534.0,3.1376,252.8239,1.8123,1.3363,1.2792,1.0447,0.3563,0,28.0959,0.3868,Moderate Potential
21.985,79.905,0,Grid Point,0.0756,0.0984,0.1148,0.2374,0.3036,0.2152,527.0,2.9542,340.2278,1.5169,1.2784,1.4109,0.9061,0.3484,0,27.2185,0.4706,Moderate Potential
21.985,79.92,0,Grid Point,0.0326,0.048,0.0453,0.2158,0.2371,0.1423,541.0,1.3638,132.8392,1.3896,1.0987,1.6662,0.6594,0.653,0,26.4023,0.225,Low Potential
21.985,79.935,0,Grid Point,0.0352,0.0544,0.0566,0.1929,0.2271,0.1469,512.0,2.2039,114.8744,1.608,1.1773,1.5459,0.7615,0.5463,0,25.6533,0.194,Low Potential
21.985,79.95,0,Grid Point,0.0355,0.051,0.0536,0.1898,0.2306,0.1404,389.0,2.9979,90.0,1.5085,1.2147,1.6421,0.7397,0.5599,0,24.9776,0.2307,Low Potential
21.985,79.965,0,Grid Point,0.0369,0.0496,0.0482,0.1857,0.2321,0.1448,381.0,2.7803,180.0,1.3045,1.2499,1.6035,0.7795,0.5879,0,24.3811,0.2331,Low Potential
21.985,79.98,0,Grid Point,0.0432,0.0588,0.0616,0.1974,0.2643,0.176,365.0,1.3638,132.8392,1.4259,1.3395,1.502,0.8918,0.5242,0,23.8699,0.1488,Low Potential
21.985,79.995,0,Grid Point,0.0463,0.0659,0.0588,0.222,0.2141,0.1315,355.0,1.0001,270.0,1.2711,0.9642,1.6281,0.5922,0.581,0,23.4496,0.169,Low Potential
21.985,80.01,0,Grid Point,0.0522,0.0733,0.0662,0.2213,0.1696,0.1048,342.0,0.0,0.0,1.2692,0.7666,1.6196,0.4733,0.5392,0,23.125,0.2009,Low Potential
21.985,80.025,0,Grid Point,0.063,0.0782,0.0802,0.2516,0.2564,0.1725,336.0,1.9996,90.0,1.2728,1.0193,1.4864,0.6857,0.5163,0,22.9002,0.134,Low Potential
21.985,80.04,0,Grid Point,0.0636,0.0876,0.1004,0.2369,0.259,0.2008,331.0,1.3638,132.8392,1.5791,1.0935,1.2901,0.8476,0.4049,0,22.7783,0.3078,Low Potential
21.985,80.055,0,Grid Point,0.0542,0.0736,0.0662,0.2406,0.195,0.1275,327.0,1.3638,132.8392,1.2216,0.8105,1.5294,0.5299,0.5687,0,22.7608,0.1715,Low Potential
21.985,80.07,0,Grid Point,0.0644,0.0876,0.0962,0.2262,0.2317,0.172,322.0,0.9274,180.0,1.4926,1.0243,1.3471,0.7604,0.4032,0,22.8481,0.301,Low Potential
21.985,80.085,0,Grid Point,0.0585,0.0855,0.0825,0.2358,0.1833,0.1097,319.0,0.0,0.0,1.4103,0.7775,1.6709,0.4653,0.4815,0,23.0388,0.1598,Low Potential
21.985,80.1,0,Grid Point,0.0658,0.0862,0.0822,0.229,0.2148,0.1291,314.0,2.1065,28.334,1.2502,0.9378,1.6632,0.5639,0.4718,0,21.827,0.1441,Low Potential
21.985,80.115,0,Grid Point,0.043,0.0618,0.0495,0.2266,0.212,0.1204,321.0,2.9979,270.0,1.1523,0.936,1.7619,0.5312,0.6411,0,20.3752,0.2514,Low Potential
21.985,80.13,0,Grid Point,0.0584,0.0698,0.0798,0.169,0.2551,0.1897,321.0,1.9996,90.0,1.3656,1.509,1.3451,1.1219,0.3589,0,18.9382,0.3692,Moderate Potential
21.985,80.145,0,Grid Point,0.0582,0.074,0.0926,0.2184,0.2728,0.1808,334.0,1.9996,270.0,1.5897,1.2491,1.5082,0.8283,0.4044,0,17.5196,0.1899,Low Potential
21.985,80.16,0,Grid Point,0.079,0.1068,0.0917,0.31765,0.2564,0.1438,419.0,7.547549999999999,323.8039,1.16,0.7552,1.7824,0.4237,0.5747,0,16.1243,0.2588,Low Potential
21.985,80.175,0,Grid Point,0.0402,0.06,0.0567,0.1976,0.1918,0.1156,398.0,7.547549999999999,162.4019,1.4087,0.9704,1.6587,0.585,0.5541,0,14.7588,0.2461,Low Potential
21.985,80.19,0,Grid Point,0.0464,0.0626,0.0497,0.2027,0.1936,0.1098,473.0,7.547549999999999,331.666,1.07,0.9549,1.7636,0.5414,0.6062,0,13.4322,0.2901,Low Potential
21.985,80.205,0,Grid Point,0.0433,0.0596,0.0552,0.2216,0.1822,0.1004,464.0,2.1065,28.334,1.276,0.8222,1.8138,0.4533,0.6009,0,12.1574,0.2556,Low Potential
21.985,80.22,0,Grid Point,0.0419,0.0565,0.0595,0.2046,0.2044,0.1281,518.0,2.9542,199.7722,1.42,0.9993,1.5954,0.6263,0.5494,0,10.9523,0.2084,Low Potential
21.985,80.235,0,Grid Point,0.0495,0.073,0.0827,0.2093,0.2375,0.1493,590.125,7.547549999999999,206.9074,1.6707,1.1347,1.5908,0.7133,0.4336,0,9.8427,0.2682,Low Potential
21.985,80.25,0,Grid Point,0.038,0.0516,0.0434,0.2226,0.1643,0.0856,590.125,2.2039,294.8744,1.1421,0.7379,1.9183,0.3847,0.6737,0,8.8645,0.5536,Moderate Potential
21.985,80.265,0,Grid Point,0.0427,0.0554,0.051,0.1964,0.1843,0.112,572.0,3.8367,15.0885,1.1932,0.9386,1.6463,0.5702,0.5879,0,8.0655,0.3114,Low Potential
21.985,80.28,0,Grid Point,0.0375,0.05,0.0504,0.1757,0.1913,0.113,552.0,7.547549999999999,217.6071,1.3427,1.0888,1.6937,0.6429,0.5545,0,7.5033,0.358,Moderate Potential
21.985,80.295,0,Grid Point,0.0391,0.0514,0.0433,0.187,0.1817,0.1062,551.0,4.4013,65.1256,1.1074,0.9717,1.7117,0.5676,0.624,0,7.2334,0.4164,Moderate Potential
21.985,80.31,0,Grid Point,0.0442,0.0618,0.0571,0.213,0.2003,0.1214,560.0,7.547549999999999,0.0,1.2933,0.9406,1.6499,0.5701,0.5771,0,7.2881,0.2246,Low Potential
21.985,80.325,0,Grid Point,0.0439,0.0572,0.0683,0.1784,0.2334,0.1464,538.0,6.2565,252.8239,1.5569,1.3076,1.5945,0.8201,0.4461,0,7.6607,0.2239,Low Potential
21.985,80.34,0,Grid Point,0.0466,0.0591,0.0638,0.2111,0.2122,0.1239,590.125,5.7041,299.0902,1.3676,1.005,1.7123,0.5869,0.5358,0,8.3085,0.2151,Low Potential
21.985,80.355,0,Grid Point,0.0384,0.0506,0.0515,0.1908,0.1893,0.1063,590.125,1.8543,180.0,1.3429,0.9924,1.7808,0.5573,0.5748,0,9.1732,0.3221,Low Potential
21.985,80.37,0,Grid Point,0.0414,0.0546,0.0568,0.1921,0.1989,0.1176,590.125,4.0853,312.8392,1.3748,1.0354,1.692,0.6119,0.5433,0,10.2,0.2651,Low Potential
21.985,80.385,0,Grid Point,0.0488,0.0674,0.078,0.2116,0.2668,0.1813,590.125,2.2039,294.8744,1.5984,1.2609,1.4716,0.8568,0.4613,0,11.3449,0.1879,Low Potential
21.985,80.4,0,Grid Point,0.0396,0.0556,0.0601,0.1853,0.2459,0.1556,590.125,1.3638,132.8392,1.5196,1.3267,1.5803,0.8395,0.5103,0,12.5756,0.1921,Low Potential
21.985,80.415,0,Grid Point,0.0498,0.0738,0.0804,0.1936,0.22,0.1433,590.125,2.9542,340.2278,1.6128,1.1363,1.5356,0.74,0.4132,0,11.4916,0.2058,Low Potential
21.985,80.43,0,Grid Point,0.0578,0.0818,0.1078,0.2062,0.3088,0.2188,590.125,2.1065,331.666,1.8642,1.4972,1.4117,1.0606,0.3137,0,10.0512,0.3917,Moderate Potential
21.985,80.445,0,Grid Point,0.0845,0.1148,0.142,0.2448,0.3476,0.2657,590.125,2.2039,65.1256,1.6811,1.4194,1.3081,1.0852,0.2657,1,8.6469,0.297,Low Potential
21.985,80.46,0,Grid Point,0.046,0.0677,0.0823,0.2111,0.1952,0.1316,590.125,0.9274,0.0,1.7891,0.9244,1.4835,0.6232,0.439,1,7.2997,0.2411,Low Potential
21.985,80.475,0,Grid Point,0.0488,0.0674,0.0674,0.216,0.2602,0.1702,590.125,3.9944,270.0,1.3836,1.2041,1.5285,0.7878,0.5242,1,6.0478,0.2146,Low Potential
21.985,80.49,0,Grid Point,0.0411,0.0563,0.0616,0.198,0.2118,0.1238,590.125,7.547549999999999,141.0335,1.4994,1.0692,1.7097,0.6253,0.5258,1,4.964,0.2817,Low Potential
22.0,79.2,0,Grid Point,0.0543,0.0853,0.1163,0.2321,0.2277,0.1616,590.125,3.423,144.283,2.0526375,0.981,1.409,0.6963,0.3324,0,49.882262499999996,0.3176,Low Potential
22.0,79.215,0,Grid Point,0.0494,0.0678,0.0862,0.1672,0.184,0.1553,590.125,1.0002,90.0,1.7449,1.1005,1.1848,0.9288,0.3197,0,49.882262499999996,0.4046,Moderate Potential
22.0,79.23,0,Grid Point,0.0473,0.0614,0.0767,0.1685,0.2516,0.193,590.125,2.2041,114.8721,1.6216,1.4932,1.3033,1.1457,0.3744,0,49.882262499999996,0.3632,Moderate Potential
22.0,79.245,0,Grid Point,0.04,0.052,0.0657,0.1581,0.2444,0.1769,590.125,2.7262,227.1638,1.6404,1.5462,1.3819,1.1189,0.4129,0,49.882262499999996,0.3702,Moderate Potential
22.0,79.26,0,Grid Point,0.0518,0.0683,0.088,0.2208,0.278,0.1938,590.125,7.547549999999999,4.4053,1.6972,1.2596,1.4344,0.8781,0.43,0,49.882262499999996,0.2486,Low Potential
22.0,79.275,0,Grid Point,0.0607,0.084,0.1083,0.276,0.1976,0.1573,590.125,2.1066,331.6635,1.7842,0.7158,1.2562,0.5698,0.4365,0,49.882262499999996,0.2845,Low Potential
22.0,79.29,0,Grid Point,0.0467,0.0738,0.0772,0.2621,0.1987,0.1276,589.0,2.2041,245.1279,1.6542,0.7581,1.5578,0.4866,0.5447,0,49.882262499999996,0.1966,Low Potential
22.0,79.305,0,Grid Point,0.0488,0.0774,0.0858,0.291,0.2182,0.141,580.0,1.9998,270.0,1.7564,0.7498,1.5475,0.4845,0.5446,0,49.882262499999996,0.1732,Low Potential
22.0,79.32,0,Grid Point,0.0676,0.0961,0.1072,0.2777,0.3019,0.2185,568.0,4.7333,12.1726,1.5877,1.0871,1.3817,0.7868,0.4428,0,49.882262499999996,0.3088,Low Potential
22.0,79.335,0,Grid Point,0.0462,0.0724,0.0646,0.2767,0.1509,0.113,560.0,0.0,0.0,1.3957,0.5454,1.3348,0.4086,0.6217,0,49.882262499999996,0.3279,Low Potential
22.0,79.35,0,Grid Point,0.0451,0.0775,0.0852,0.2818,0.172,0.1098,565.0,2.1066,331.6635,1.8891,0.6103,1.5665,0.3896,0.5358,0,49.882262499999996,0.2345,Low Potential
22.0,79.365,0,Grid Point,0.0641,0.0938,0.1328,0.2852,0.2226,0.1732,579.0,1.3639,312.8362,2.0526375,0.7807,1.2855,0.6073,0.3644,0,49.882262499999996,0.2707,Low Potential
22.0,79.38,0,Grid Point,0.0589,0.0823,0.0985,0.221,0.2261,0.1662,590.125,3.8367,15.09,1.6723,1.0233,1.3604,0.7522,0.3833,0,49.882262499999996,0.3574,Moderate Potential
22.0,79.395,0,Grid Point,0.0674,0.0914,0.125,0.2536,0.1951,0.1362,590.125,0.0,0.0,1.8525,0.7695,1.4325,0.5372,0.3398,0,49.882262499999996,0.2173,Low Potential
22.0,79.41,0,Grid Point,0.0547,0.0767,0.0972,0.2534,0.1848,0.1407,590.125,2.1066,208.3365,1.7761,0.7296,1.3133,0.5556,0.4456,0,49.882262499999996,0.2667,Low Potential
22.0,79.425,0,Grid Point,0.0798,0.1036,0.1313,0.215,0.3395,0.2686,590.125,1.8543,180.0,1.6443,1.5794,1.264,1.2496,0.2416,0,49.882262499999996,0.311,Low Potential
22.0,79.44,0,Grid Point,0.0442,0.0564,0.0522,0.1981,0.2206,0.1352,590.125,1.9998,90.0,1.1799,1.1133,1.6319,0.6822,0.5832,0,49.882262499999996,0.1905,Low Potential
22.0,79.455,0,Grid Point,0.0438,0.0576,0.0734,0.174,0.2485,0.1804,590.125,1.0002,90.0,1.6739,1.4282,1.3771,1.0371,0.4066,0,49.3211,0.3349,Low Potential
22.0,79.47,0,Grid Point,0.045,0.0742,0.0902,0.2611,0.1792,0.122,590.125,2.1066,151.6635,2.0022,0.6863,1.4683,0.4674,0.4865,0,48.3846,0.1804,Low Potential
22.0,79.485,0,Grid Point,0.0452,0.0727,0.09,0.2959,0.1841,0.115,590.125,2.2041,245.1279,1.9912,0.6222,1.6009,0.3886,0.5336,0,47.4799,0.2311,Low Potential
22.0,79.5,0,Grid Point,0.0418,0.0578,0.0686,0.207,0.2524,0.1693,590.125,5.4402,312.8362,1.64,1.2191,1.4905,0.8179,0.5024,0,46.6089,0.2654,Low Potential
22.0,79.515,0,Grid Point,0.0408,0.0589,0.0524,0.2356,0.2342,0.148,590.125,5.5475,180.0,1.284,0.9941,1.583,0.628,0.6358,0,45.7734,0.2304,Low Potential
22.0,79.53,0,Grid Point,0.0476,0.073,0.0683,0.2284,0.1899,0.126,590.125,2.9542,199.7741,1.4374,0.8314,1.5071,0.5517,0.5393,0,44.9755,0.1634,Low Potential
22.0,79.545,0,Grid Point,0.0486,0.0808,0.0885,0.2724,0.1894,0.1191,590.125,2.1066,331.6635,1.821,0.6951,1.5898,0.4372,0.5096,0,44.2173,0.2013,Low Potential
22.0,79.56,0,Grid Point,0.048,0.0765,0.108,0.2328,0.2215,0.1548,590.125,1.3639,47.1638,2.0526375,0.9515,1.4313,0.6647,0.366,0,43.5007,0.1756,Low Potential
22.0,79.575,0,Grid Point,0.0503,0.0706,0.0699,0.1948,0.1889,0.118,590.125,2.9983,270.0,1.391,0.97,1.6015,0.6056,0.4718,0,42.8278,0.1948,Low Potential
22.0,79.59,0,Grid Point,0.0558,0.0716,0.0966,0.1816,0.3121,0.2476,590.125,2.9983,90.0,1.7312,1.7191,1.2602,1.3641,0.3054,0,42.2009,0.3611,Moderate Potential
22.0,79.605,0,Grid Point,0.0452,0.0711,0.077,0.1756,0.195,0.1373,590.125,1.0002,90.0,1.7017,1.1104,1.4206,0.7817,0.3905,0,41.6218,0.2049,Low Potential
22.0,79.62,0,Grid Point,0.0727,0.0912,0.1073,0.1802,0.24,0.182,590.125,1.0002,270.0,1.4769,1.3316,1.3184,1.01,0.2536,0,41.0928,0.5108,Moderate Potential
22.0,79.635,0,Grid Point,0.0434,0.0596,0.0744,0.1829,0.2676,0.1805,590.125,2.1066,28.3365,1.7123,1.4632,1.4819,0.9874,0.4216,0,40.6156,0.1636,Low Potential
22.0,79.65,0,Grid Point,0.044,0.0576,0.0704,0.2064,0.2599,0.169,590.125,2.9542,19.7741,1.6,1.2593,1.538,0.8188,0.4912,0,40.1922,0.1571,Low Potential
22.0,79.665,0,Grid Point,0.0406,0.0554,0.0533,0.2198,0.2342,0.1485,579.0,5.3192,290.3485,1.3128,1.0653,1.5762,0.6758,0.6097,0,39.8243,0.227,Low Potential
22.0,79.68,0,Grid Point,0.0404,0.0646,0.0767,0.2438,0.2281,0.1488,558.0,0.0,0.0,1.8962,0.9354,1.5329,0.6102,0.5214,0,39.5134,0.2,Low Potential
22.0,79.695,0,Grid Point,0.0446,0.0678,0.0812,0.2576,0.206,0.1256,560.0,3.1379,107.1744,1.8195,0.7997,1.6405,0.4875,0.521,0,39.2609,0.1938,Low Potential
22.0,79.71,0,Grid Point,0.0447,0.0622,0.0818,0.2555,0.2466,0.1599,550.0,3.1379,72.8256,1.83,0.9654,1.5425,0.6258,0.515,0,39.0678,0.1671,Low Potential
22.0,79.725,0,Grid Point,0.0564,0.0818,0.0862,0.2475,0.2814,0.1847,541.0,4.2075,208.3365,1.5293,1.1372,1.5238,0.7463,0.4831,0,38.9352,0.1611,Low Potential
22.0,79.74,0,Grid Point,0.0631,0.0894,0.097,0.251,0.2866,0.1906,531.0,3.423,35.717,1.538,1.1421,1.5037,0.7595,0.4422,0,38.8637,0.1658,Low Potential
22.0,79.755,0,Grid Point,0.0425,0.058,0.0576,0.2608,0.214,0.1228,535.0,2.9542,199.7741,1.3541,0.8207,1.7424,0.4711,0.6384,0,38.8534,0.192,Low Potential
22.0,79.77,0,Grid Point,0.0458,0.0636,0.0636,0.2069,0.1902,0.1242,522.0,2.2041,114.8721,1.3913,0.9195,1.5318,0.6003,0.5295,0,37.79,0.1512,Low Potential
22.0,79.785,0,Grid Point,0.0958,0.1363375,0.18015,0.2766,0.3658,0.314,511.0,6.4649,0.0,1.9379,1.3224,1.1649,1.1352,0.1966,0,36.6245,0.2222,Low Potential
22.0,79.8,0,Grid Point,0.07,0.1014,0.1164,0.2838,0.323,0.2412,532.0,3.423,215.717,1.6648,1.1381,1.3389,0.8501,0.4181,0,35.488,0.3312,Low Potential
22.0,79.815,0,Grid Point,0.0568,0.0825,0.0911,0.2758,0.3059,0.2048,519.0,1.3639,227.1638,1.6039,1.1091,1.4933,0.7427,0.5034,0,34.3834,0.154,Low Potential
22.0,79.83,0,Grid Point,0.0528,0.0746,0.0922,0.2598,0.2807,0.1842,535.0,1.3639,312.8362,1.7469,1.0807,1.5235,0.7093,0.4763,0,33.3138,0.1632,Low Potential
22.0,79.845,0,Grid Point,0.0776,0.1084,0.1296,0.2734,0.3739,0.2868,527.0,2.2041,114.8721,1.6684,1.3676,1.3039,1.0488,0.357,0,32.2828,0.303,Low Potential
22.0,79.86,0,Grid Point,0.0517,0.071,0.095,0.1914,0.2848,0.2216,545.0,1.0002,270.0,1.8375,1.4873,1.2853,1.1572,0.3367,0,31.2941,0.3991,Moderate Potential
22.0,79.875,0,Grid Point,0.0484,0.0691,0.0809,0.2069,0.291,0.2082,538.0,2.9542,340.2259,1.6715,1.4065,1.398,1.006,0.4378,0,30.3519,0.3494,Low Potential
22.0,79.89,0,Grid Point,0.0671,0.0961,0.123,0.2544,0.3988,0.2974,530.0,4.4017,114.8721,1.8323,1.5673,1.3412,1.1686,0.3484,0,29.4606,0.4176,Moderate Potential
22.0,79.905,0,Grid Point,0.0434,0.0596,0.0746,0.1822,0.2845,0.1942,541.0,0.0,0.0,1.7197,1.5619,1.465,1.0662,0.4192,0,28.625,0.1662,Low Potential
22.0,79.92,0,Grid Point,0.0384,0.0572,0.0642,0.1908,0.2344,0.1502,547.0,6.8217,144.283,1.6728,1.2282,1.5606,0.787,0.4969,0,27.8501,0.2727,Low Potential
22.0,79.935,0,Grid Point,0.042,0.0644,0.0724,0.2157,0.2428,0.1599,559.0,2.7262,47.1638,1.7206,1.1256,1.5184,0.7413,0.4977,0,27.1411,0.1822,Low Potential
22.0,79.95,0,Grid Point,0.0354,0.0488,0.0439,0.1708,0.2182,0.1352,411.0,7.547549999999999,52.8159,1.2401,1.2771,1.6145,0.791,0.5912,0,26.5033,0.2907,Low Potential
22.0,79.965,0,Grid Point,0.0397,0.0546,0.0476,0.1928,0.2226,0.139,377.0,1.3639,47.1638,1.199,1.1543,1.6005,0.7212,0.604,0,25.942,0.2261,Low Potential
22.0,79.98,0,Grid Point,0.0406,0.0538,0.0426,0.13885000000000003,0.09513749999999997,0.0229,363.0,0.0,0.0,1.0467,0.8178,1.1856,0.6898,0.07343750000000004,0,25.4621,0.5403,Moderate Potential
22.0,79.995,0,Grid Point,0.06,0.1017,0.0904,0.2515,0.253,0.1785,405.0,7.547549999999999,156.664,1.5075,1.006,1.417,0.7099,0.471,0,25.0685,0.1835,Low Potential
22.0,80.01,0,Grid Point,0.0628,0.0828,0.0911,0.23,0.3084,0.2252,341.0,0.0,0.0,1.4495,1.3406,1.3698,0.9787,0.4327,0,24.7651,0.4401,Moderate Potential
22.0,80.025,0,Grid Point,0.0552,0.0766,0.0832,0.2488,0.2403,0.16,337.0,1.3639,227.1638,1.5059,0.966,1.5014,0.6434,0.4987,0,24.5554,0.1186,Low Potential
22.0,80.04,0,Grid Point,0.0508,0.0576,0.0394,0.13885000000000003,0.09513749999999997,0.0173,329.0,0.0,0.0,0.9781375000000002,0.7231,1.3208,0.5475,0.07343750000000004,0,24.4417,0.5275,Moderate Potential
22.0,80.055,0,Grid Point,0.054,0.079,0.0602,0.2224,0.1261,0.0734,329.0,1.3639,227.1638,1.1168,0.5671,1.718,0.3301,0.5736,0,24.4254,0.4553,Moderate Potential
22.0,80.07,0,Grid Point,0.0602,0.0837,0.0858,0.2044,0.1256,0.0691,325.0,0.9274,180.0,1.4256,0.6146,1.8177,0.3381,0.4088,0,24.5067,0.4137,Moderate Potential
22.0,80.085,0,Grid Point,0.0662,0.0888,0.1055,0.2516,0.3177,0.22,322.0,3.8367,164.91,1.5925,1.2627,1.444,0.8744,0.4092,0,23.8591,0.2601,Low Potential
22.0,80.1,0,Grid Point,0.0589,0.0848,0.082,0.2185,0.1558,0.1056,316.0,0.0,0.0,1.3922,0.7128,1.4749,0.4833,0.4542,0,22.4324,0.1758,Low Potential
22.0,80.115,0,Grid Point,0.0623,0.0826,0.0902,0.1933,0.2524,0.1804,316.0,2.9542,160.2259,1.4478,1.3055,1.3984,0.9335,0.3637,0,21.0225,0.4158,Moderate Potential
22.0,80.13,0,Grid Point,0.0483,0.0617,0.0628,0.183,0.2148,0.1322,333.0,0.9274,0.0,1.3002,1.174,1.6246,0.7227,0.489,0,19.633,0.1424,Low Potential
22.0,80.145,0,Grid Point,0.1013,0.1358,0.1557,0.2785,0.3911,0.3101,335.0,4.2075,151.6635,1.4765,1.4043,1.2612,1.1135,0.2828,0,18.2684,0.2647,Low Potential
22.0,80.16,0,Grid Point,0.0563,0.0742,0.0887,0.2234,0.2941,0.209,347.0,2.9542,160.2259,1.5746,1.3168,1.4075,0.9355,0.4317,0,16.9349,0.3492,Low Potential
22.0,80.175,0,Grid Point,0.0442,0.0672,0.0684,0.2088,0.2067,0.1356,444.0,7.547549999999999,154.7393,1.5469,0.9899,1.5243,0.6494,0.5062,0,15.6403,0.1697,Low Potential
22.0,80.19,0,Grid Point,0.0461,0.0652,0.0518,0.2377,0.184,0.0996,589.0,7.547549999999999,354.4001,1.1224,0.7739,1.8478,0.4188,0.6421,0,14.3953,0.3419,Low Potential
22.0,80.205,0,Grid Point,0.0428,0.0603,0.0508,0.2248,0.1874,0.1084,569.0,7.547549999999999,55.1857,1.1857,0.8332,1.7291,0.4819,0.6317,0,13.2137,0.3063,Low Potential
22.0,80.22,0,Grid Point,0.0394,0.0548,0.0479,0.2036,0.1732,0.1042,428.0,7.547549999999999,338.5852,1.2142,0.8511,1.6619,0.5122,0.619,0,12.1141,0.3597,Moderate Potential
22.0,80.235,0,Grid Point,0.041,0.0531,0.0486,0.1851,0.1872,0.1099,444.0,2.9542,19.7741,1.1841,1.0116,1.7038,0.5937,0.5844,0,11.121,0.2884,Low Potential
22.0,80.25,0,Grid Point,0.0421,0.0545,0.0632,0.1868,0.2118,0.1275,573.0,4.989,90.0,1.5024,1.1341,1.6616,0.6825,0.4941,0,10.2653,0.2355,Low Potential
22.0,80.265,0,Grid Point,0.0353,0.0517,0.0506,0.2004,0.1853,0.1048,590.125,7.547549999999999,114.8721,1.432,0.9244,1.769,0.5226,0.5972,0,9.5839,0.3608,Moderate Potential
22.0,80.28,0,Grid Point,0.0363,0.0509,0.0446,0.1856,0.1698,0.0946,583.0,2.9983,270.0,1.2273,0.9154,1.7945,0.5101,0.6128,0,9.1158,0.5112,Moderate Potential
22.0,80.295,0,Grid Point,0.0416,0.0564,0.0586,0.1921,0.2076,0.1253,573.0,1.8543,0.0,1.4075,1.0804,1.6568,0.6521,0.5329,0,8.8949,0.1963,Low Potential
22.0,80.31,0,Grid Point,0.0384,0.0493,0.0449,0.1863,0.1878,0.106,542.0,7.547549999999999,249.6515,1.1691,1.0078,1.7725,0.5686,0.6113,0,8.9395,0.4084,Moderate Potential
22.0,80.325,0,Grid Point,0.0362,0.048,0.0497,0.1774,0.188,0.1057,568.0,7.547549999999999,120.0919,1.371,1.0592,1.7781,0.5957,0.5624,0,9.2458,0.3699,Moderate Potential
22.0,80.34,0,Grid Point,0.0578,0.077,0.0905,0.2136,0.3008,0.2108,580.0,5.0376,336.664,1.5644,1.4082,1.4269,0.9869,0.4048,0,9.7892,0.2946,Low Potential
22.0,80.355,0,Grid Point,0.0352,0.0512,0.0472,0.2015,0.1875,0.1039,590.0,4.7333,347.8274,1.339,0.9305,1.8046,0.5156,0.6204,0,10.5331,0.3815,Moderate Potential
22.0,80.37,0,Grid Point,0.0649,0.0816,0.1162,0.2069,0.3733,0.2732,590.125,2.7262,132.8362,1.7891,1.804,1.366,1.3207,0.2807,0,11.4385,0.4572,Moderate Potential
22.0,80.385,0,Grid Point,0.0421,0.0584,0.0598,0.204,0.2293,0.1413,590.125,1.8543,0.0,1.4192,1.1243,1.6228,0.6928,0.5468,0,12.4701,0.1801,Low Potential
22.0,80.4,0,Grid Point,0.0465,0.0628,0.0734,0.1906,0.2484,0.1652,590.125,2.9983,270.0,1.5774,1.3026,1.5033,0.8665,0.4443,0,12.5578,0.1965,Low Potential
22.0,80.415,0,Grid Point,0.0438,0.0628,0.0612,0.226,0.2472,0.1582,590.125,7.028,277.5452,1.3973,1.0938,1.5626,0.7,0.5738,0,11.0405,0.1875,Low Potential
22.0,80.43,0,Grid Point,0.041,0.0559,0.0618,0.1786,0.2346,0.1528,590.125,2.1066,28.3365,1.5104,1.3135,1.5358,0.8553,0.4855,0,9.5321,0.1888,Low Potential
22.0,80.445,0,Grid Point,0.0406,0.0635,0.0616,0.2327,0.233,0.1506,590.125,2.9542,19.7741,1.5172,1.0015,1.548,0.647,0.5814,0,8.0377,0.2138,Low Potential
22.0,80.46,0,Grid Point,0.0417,0.0563,0.0646,0.1891,0.2466,0.1614,590.125,2.9542,199.7741,1.5492,1.3043,1.5277,0.8538,0.4907,0,6.5666,0.1964,Low Potential
22.0,80.475,0,Grid Point,0.0414,0.0572,0.0587,0.1901,0.2047,0.1227,590.125,6.5864,294.8721,1.4179,1.0771,1.6687,0.6454,0.5281,0,5.1392,0.2607,Low Potential
22.0,80.49,0,Grid Point,0.0364,0.0484,0.0604,0.1707,0.2046,0.1376,590.125,3.423,215.717,1.663,1.1983,1.486,0.8064,0.477,1,3.8048,0.4145,Moderate Potential
22.015,79.2,0,Grid Point,0.0472,0.0681,0.0755,0.2644,0.1672,0.1043,590.125,2.9986,270.0,1.5996,0.6324,1.6031,0.3945,0.5558,0,49.882262499999996,0.2436,Low Potential
22.015,79.215,0,Grid Point,0.0416,0.0704,0.0594,0.2878,0.1999,0.1215,590.125,2.1066,151.6609,1.4279,0.6946,1.6453,0.4222,0.6578,0,49.882262499999996,0.1991,Low Potential
22.015,79.23,0,Grid Point,0.0518,0.066,0.0833,0.167,0.2765,0.2002,590.125,2.9542,340.224,1.6106,1.6552,1.3811,1.1984,0.3343,0,49.882262499999996,0.3966,Moderate Potential
22.015,79.245,0,Grid Point,0.0635,0.0884,0.1243,0.2243,0.2492,0.1976,590.125,4.4021,245.1302,1.959,1.1108,1.2609,0.881,0.2869,0,49.882262499999996,0.4343,Moderate Potential
22.015,79.26,0,Grid Point,0.0413,0.071,0.0639,0.3163,0.1731,0.0987,590.125,2.9542,160.224,1.5472,0.5473,1.7538,0.312,0.6639,0,49.882262499999996,0.39,Moderate Potential
22.015,79.275,0,Grid Point,0.0786,0.0982,0.13,0.193,0.3208,0.268,590.125,5.0377,203.3382,1.6544,1.6615,1.1966,1.3885,0.1954,0,49.882262499999996,0.3789,Moderate Potential
22.015,79.29,0,Grid Point,0.0463,0.0698,0.0497,0.2414,0.1472,0.0897,590.125,2.7264,132.8332,1.0734,0.6101,1.6416,0.3717,0.6585,0,49.882262499999996,0.3683,Moderate Potential
22.015,79.305,0,Grid Point,0.0483,0.0642,0.0761,0.2172,0.2428,0.171,590.0,0.9274,0.0,1.5756,1.1184,1.4206,0.7872,0.481,0,49.882262499999996,0.1447,Low Potential
22.015,79.32,0,Grid Point,0.0584,0.0824,0.1023,0.2907,0.21,0.1571,568.0,1.364,132.8332,1.7502,0.7226,1.337,0.5404,0.4794,0,49.882262499999996,0.2831,Low Potential
22.015,79.335,0,Grid Point,0.0642,0.0847,0.1074,0.2142,0.3131,0.2398,576.0,1.0003,90.0,1.6708,1.4621,1.3054,1.12,0.3322,0,49.882262499999996,0.496,Moderate Potential
22.015,79.35,0,Grid Point,0.0566,0.0861,0.1088,0.2213,0.2456,0.1795,577.0,2.2043,245.1302,1.9248,1.1098,1.3682,0.8111,0.3406,0,49.882262499999996,0.3402,Low Potential
22.015,79.365,0,Grid Point,0.0458,0.0618,0.0764,0.2036,0.2704,0.1848,577.0,3.5238,301.7184,1.6699,1.3282,1.4633,0.9076,0.4542,0,49.882262499999996,0.2351,Low Potential
22.015,79.38,0,Grid Point,0.0491,0.0708,0.0778,0.2422,0.2504,0.1702,578.0,3.5238,121.7184,1.5851,1.0336,1.4709,0.7027,0.514,0,49.882262499999996,0.1466,Low Potential
22.015,79.395,0,Grid Point,0.0686,0.0979,0.1349,0.2219,0.2563,0.206,586.0,6.2972,151.6609,1.9686,1.155,1.2439,0.9286,0.2437,0,49.882262499999996,0.3843,Moderate Potential
22.015,79.41,0,Grid Point,0.0727,0.0942,0.1146,0.2252,0.2556,0.197,590.125,1.364,312.8332,1.5781,1.135,1.2969,0.8752,0.3252,0,49.882262499999996,0.4013,Moderate Potential
22.015,79.425,0,Grid Point,0.083,0.1088,0.1466,0.2178,0.3123,0.2614,590.125,5.0377,23.3382,1.7657,1.4336,1.1945,1.2001,0.1957,0,49.882262499999996,0.2843,Low Potential
22.015,79.44,0,Grid Point,0.0402,0.0585,0.0557,0.229,0.2481,0.1482,590.125,7.547549999999999,242.087,1.3873,1.0836,1.6747,0.6471,0.6086,0,49.882262499999996,0.2007,Low Potential
22.015,79.455,0,Grid Point,0.0506,0.0706,0.1014,0.2603,0.2556,0.1826,590.125,3.4231,35.7199,2.0069,0.9821,1.4004,0.7013,0.4391,0,49.882262499999996,0.272,Low Potential
22.015,79.47,0,Grid Point,0.0512,0.0766,0.0892,0.2752,0.1909,0.1476,590.125,2.7264,312.8332,1.7422,0.6938,1.2929,0.5366,0.5104,0,49.7314,0.2706,Low Potential
22.015,79.485,0,Grid Point,0.0474,0.0682,0.0848,0.2606,0.189,0.1277,590.125,1.364,47.1668,1.792,0.7256,1.481,0.4899,0.5087,0,48.8516,0.1721,Low Potential
22.015,79.5,0,Grid Point,0.0412,0.0588,0.0635,0.2122,0.2458,0.1633,590.125,7.547549999999999,285.5426,1.5413,1.1581,1.5052,0.7694,0.5394,0,48.0055,0.2111,Low Potential
22.015,79.515,0,Grid Point,0.0527,0.0728,0.0956,0.2117,0.2736,0.2233,590.125,2.0001,90.0,1.8131,1.2926,1.2255,1.0548,0.378,0,47.1948,0.362,Moderate Potential
22.015,79.53,0,Grid Point,0.0472,0.0838,0.1114,0.2512,0.2336,0.1582,590.125,1.364,312.8332,2.0526375,0.9298,1.4771,0.6295,0.3854,0,46.4213,0.1734,Low Potential
22.015,79.545,0,Grid Point,0.05,0.0678,0.0622,0.2425,0.1852,0.1102,590.125,3.5238,238.2816,1.2428,0.7639,1.6803,0.4546,0.5917,0,45.6871,0.2147,Low Potential
22.015,79.56,0,Grid Point,0.0386,0.055,0.0604,0.2015,0.25,0.1546,590.125,2.7803,180.0,1.5627,1.2407,1.6171,0.7672,0.5388,0,44.9939,0.1996,Low Potential
22.015,79.575,0,Grid Point,0.0461,0.0678,0.0861,0.2858,0.2026,0.128,590.125,4.1008,76.9509,1.8677,0.7092,1.5826,0.4481,0.5369,0,44.3437,0.2064,Low Potential
22.015,79.59,0,Grid Point,0.0392,0.0577,0.0774,0.1986,0.268,0.1743,590.125,5.4405,47.1668,1.9758,1.3497,1.5379,0.8776,0.4389,0,43.7385,0.2608,Low Potential
22.015,79.605,0,Grid Point,0.0614,0.0851,0.099,0.2044,0.2497,0.1735,590.125,1.364,227.1668,1.6111,1.2213,1.4392,0.8486,0.3475,0,43.1801,0.2069,Low Potential
22.015,79.62,0,Grid Point,0.0472,0.0659,0.1011,0.2061,0.2802,0.2062,590.125,2.1066,331.6609,2.0526375,1.3598,1.3594,1.0002,0.3418,0,42.6703,0.424,Moderate Potential
22.015,79.635,0,Grid Point,0.0319,0.042,0.0332,0.1929,0.1364,0.0768,590.125,7.547549999999999,142.3871,1.0408,0.7074,1.7767,0.3981,0.7067,0,42.211,0.5158,Moderate Potential
22.015,79.65,0,Grid Point,0.0674,0.091,0.1114,0.2172,0.3121,0.2396,586.0,1.0003,270.0,1.6536,1.4369,1.3029,1.1029,0.3218,0,41.8038,0.5411,Moderate Potential
22.015,79.665,0,Grid Point,0.0652,0.0943,0.1207,0.2454,0.3718,0.2835,580.0,3.1382,252.8274,1.8512,1.5153,1.3116,1.1553,0.3406,0,41.4502,0.3933,Moderate Potential
22.015,79.68,0,Grid Point,0.0454,0.0654,0.0662,0.2474,0.2421,0.1458,556.0,0.0,0.0,1.4576,0.9784,1.6605,0.5892,0.5776,0,41.1515,0.1405,Low Potential
22.015,79.695,0,Grid Point,0.061,0.0815,0.0886,0.2298,0.3058,0.2164,552.0,2.1066,151.6609,1.4516,1.3302,1.4126,0.9417,0.4438,0,40.9091,0.3131,Low Potential
22.015,79.71,0,Grid Point,0.0566,0.0738,0.0842,0.2224,0.2702,0.1819,551.0,4.8623,124.8114,1.4876,1.2152,1.4861,0.8177,0.4508,0,40.7239,0.1679,Low Potential
22.015,79.725,0,Grid Point,0.052,0.0688,0.0744,0.2352,0.242,0.1572,538.0,0.9274,180.0,1.4308,1.0289,1.5394,0.6684,0.5194,0,40.5967,0.1239,Low Potential
22.015,79.74,0,Grid Point,0.0558,0.0722,0.0802,0.1854,0.2726,0.181,525.0,3.5238,58.2816,1.4382,1.4697,1.5058,0.976,0.3959,0,40.5281,0.1681,Low Potential
22.015,79.755,0,Grid Point,0.0448,0.0626,0.0769,0.2628,0.235,0.1488,523.0,2.7264,47.1668,1.7146,0.8944,1.5796,0.5662,0.5472,0,40.0459,0.1702,Low Potential
22.015,79.77,0,Grid Point,0.049,0.0729,0.0622,0.13885000000000003,0.09513749999999997,0.0464,516.0,2.0001,270.0,1.2704,1.1217,1.3595,0.825,0.07343750000000004,0,38.8867,0.5209,Moderate Potential
22.015,79.785,0,Grid Point,0.0488,0.0677,0.0622,0.13885000000000003,0.1163,0.0784,505.0,2.7803,0.0,1.2736,1.3216,1.4834,0.8909,0.1722,0,37.7551,0.3696,Moderate Potential
22.015,79.8,0,Grid Point,0.0686,0.0897,0.1242,0.2235,0.3127,0.2687,526.0,1.364,312.8332,1.8092,1.3993,1.1639,1.2022,0.2856,0,36.6536,0.4079,Moderate Potential
22.015,79.815,0,Grid Point,0.0674,0.0983,0.1309,0.2478,0.3664,0.2686,516.0,2.9542,19.776,1.9421,1.4787,1.3639,1.0842,0.3086,0,35.5852,0.323,Low Potential
22.015,79.83,0,Grid Point,0.0756,0.109,0.1396,0.2571,0.3234,0.2386,529.0,2.0001,90.0,1.8453,1.2579,1.3554,0.928,0.2962,0,34.5529,0.3384,Low Potential
22.015,79.845,0,Grid Point,0.0495,0.0664,0.0872,0.2482,0.3368,0.2282,530.0,0.9274,0.0,1.7588,1.3569,1.4764,0.919,0.4803,0,33.56,0.18,Low Potential
22.015,79.86,0,Grid Point,0.0408,0.0614,0.0718,0.209,0.2814,0.1872,514.0,3.5238,121.7184,1.7632,1.347,1.5035,0.8959,0.4882,0,32.61,0.2172,Low Potential
22.015,79.875,0,Grid Point,0.0482,0.0656,0.085,0.1942,0.2803,0.1957,519.0,2.1066,331.6609,1.7635,1.4434,1.4323,1.0077,0.3911,0,31.7069,0.1801,Low Potential
22.015,79.89,0,Grid Point,0.0653,0.0867,0.1086,0.23,0.326,0.2328,516.0,3.4231,324.2801,1.6631,1.4179,1.4006,1.0124,0.3584,0,30.8548,0.5075,Moderate Potential
22.015,79.905,0,Grid Point,0.0774,0.1048,0.1289,0.2546,0.366,0.2698,536.0,2.1066,208.3391,1.6643,1.4375,1.3566,1.0597,0.3278,0,30.058,0.3459,Low Potential
22.015,79.92,0,Grid Point,0.0314,0.0466,0.0431,0.1905,0.2178,0.141,530.0,2.1066,28.3391,1.3726,1.143,1.5443,0.7402,0.631,0,29.321,0.2298,Low Potential
22.015,79.935,0,Grid Point,0.0318,0.0495,0.0347,0.2364,0.1905,0.1003,581.0,7.547549999999999,38.9724,1.0912,0.8058,1.8993,0.4243,0.744,0,28.6484,0.3684,Moderate Potential
22.015,79.95,0,Grid Point,0.0389,0.0642,0.062,0.2196,0.2026,0.1216,506.0,7.547549999999999,180.0,1.5938,0.9228,1.6661,0.5539,0.5596,0,28.0449,0.2477,Low Potential
22.015,79.965,0,Grid Point,0.036,0.0531,0.0404,0.2222,0.2059,0.1185,390.0,2.1066,28.3391,1.1207,0.9264,1.7376,0.5332,0.6924,0,27.515,0.2708,Low Potential
22.015,79.98,0,Grid Point,0.0549,0.0764,0.0777,0.2457,0.2884,0.1889,362.0,2.2043,294.8698,1.4153,1.174,1.527,0.7688,0.5195,0,27.0631,0.134,Low Potential
22.015,79.995,0,Grid Point,0.0531,0.0774,0.0842,0.2386,0.2444,0.1609,356.0,2.1066,151.6609,1.5847,1.0241,1.5186,0.6744,0.4785,0,26.6931,0.1194,Low Potential
22.015,80.01,0,Grid Point,0.0726,0.1006,0.111,0.2676,0.3421,0.2471,350.0,2.7264,132.8332,1.5293,1.2784,1.3845,0.9234,0.4138,0,26.4084,0.3618,Moderate Potential
22.015,80.025,0,Grid Point,0.0498,0.0677,0.0752,0.2342,0.2264,0.145,338.0,0.0,0.0,1.5085,0.9667,1.5617,0.619,0.514,0,26.2118,0.1283,Low Potential
22.015,80.04,0,Grid Point,0.0822,0.1159,0.1441,0.2706,0.327,0.2486,341.0,2.7264,227.1668,1.753,1.2082,1.3154,0.9185,0.3051,0,26.1053,0.2701,Low Potential
22.015,80.055,0,Grid Point,0.0604,0.0854,0.0804,0.2806,0.2132,0.138,331.0,1.364,132.8332,1.3322,0.7595,1.5451,0.4915,0.5546,0,26.0901,0.1447,Low Potential
22.015,80.07,0,Grid Point,0.0589,0.0784,0.074,0.237,0.2028,0.132,329.0,1.364,227.1668,1.2572,0.8559,1.5367,0.557,0.5239,0,25.9309,0.1477,Low Potential
22.015,80.085,0,Grid Point,0.0538,0.0732,0.0686,0.236,0.1545,0.0912,326.0,2.7264,47.1668,1.273,0.6545,1.695,0.3861,0.5499,0,24.5275,0.3116,Low Potential
22.015,80.1,0,Grid Point,0.0551,0.0788,0.0829,0.2274,0.2037,0.1291,329.0,1.364,312.8332,1.5045,0.896,1.5772,0.5681,0.4656,0,23.1421,0.1479,Low Potential
22.015,80.115,0,Grid Point,0.0432,0.0542,0.0514,0.1715,0.2046,0.1309,316.0,1.0003,270.0,1.1873,1.193,1.563,0.7633,0.5392,0,21.7782,0.2354,Low Potential
22.015,80.13,0,Grid Point,0.0534,0.0679,0.0694,0.1987,0.22,0.143,313.0,5.0377,203.3382,1.2999,1.1072,1.539,0.7194,0.4826,0,20.4401,0.1605,Low Potential
22.015,80.145,0,Grid Point,0.0567,0.0766,0.0824,0.2153,0.2579,0.1668,330.0,2.7803,0.0,1.4541,1.1979,1.5457,0.775,0.4462,0,19.1332,0.1358,Low Potential
22.015,80.16,0,Grid Point,0.0664,0.09,0.1032,0.2226,0.33,0.2274,344.0,2.2043,245.1302,1.5542,1.4826,1.4506,1.022,0.3664,0,17.8643,0.2842,Low Potential
22.015,80.175,0,Grid Point,0.047,0.0651,0.0577,0.2348,0.1902,0.1076,494.0,7.547549999999999,246.8346,1.2277,0.8102,1.7677,0.4584,0.6054,0,16.6422,0.249,Low Potential
22.015,80.19,0,Grid Point,0.0556,0.0742,0.0808,0.228,0.2152,0.1472,590.125,7.547549999999999,270.0,1.4541,0.9441,1.4628,0.6454,0.4764,0,15.4779,0.1731,Low Potential
22.015,80.205,0,Grid Point,0.0453,0.0656,0.0582,0.2118,0.1878,0.1134,585.0,1.0003,270.0,1.2848,0.8865,1.6554,0.5355,0.569,0,14.3855,0.2058,Low Potential
22.015,80.22,0,Grid Point,0.0446,0.0556,0.0489,0.1844,0.1732,0.097,408.0,7.547549999999999,340.224,1.0952,0.9395,1.787,0.5258,0.5808,0,13.3826,0.3925,Moderate Potential
22.015,80.235,0,Grid Point,0.0412,0.0589,0.0606,0.2134,0.199,0.1169,480.0,7.547549999999999,208.3391,1.4721,0.9328,1.7027,0.5478,0.5574,0,12.4908,0.2552,Low Potential
22.015,80.25,0,Grid Point,0.039,0.052,0.0482,0.1968,0.1858,0.1076,530.0,3.1382,107.1726,1.2356,0.9441,1.7255,0.5471,0.6061,0,11.7354,0.3463,Low Potential
22.015,80.265,0,Grid Point,0.0432,0.0618,0.0608,0.22,0.2018,0.1188,562.0,1.364,312.8332,1.4046,0.9171,1.6987,0.5399,0.5673,0,11.1442,0.1958,Low Potential
22.015,80.28,0,Grid Point,0.0379,0.0518,0.04,0.21,0.1664,0.0864,565.0,3.4231,35.7199,1.0541,0.792,1.9253,0.4113,0.6804,0,10.7443,0.5452,Moderate Potential
22.015,80.295,0,Grid Point,0.0464,0.0622,0.0564,0.2189,0.1843,0.104,562.0,7.547549999999999,351.2401,1.2144,0.8419,1.7713,0.4753,0.5906,0,10.5576,0.2837,Low Potential
22.015,80.31,0,Grid Point,0.0453,0.064,0.073,0.1832,0.2006,0.1444,590.125,7.547549999999999,280.5043,1.6115,1.0953,1.3891,0.7885,0.4301,0,10.5952,0.3793,Moderate Potential
22.015,80.325,0,Grid Point,0.0344,0.0472,0.0404,0.1815,0.1544,0.0866,568.0,2.1066,331.6609,1.1759,0.851,1.7845,0.4769,0.6355,0,10.8548,0.5327,Moderate Potential
22.015,80.34,0,Grid Point,0.0514,0.0672,0.0766,0.1897,0.2393,0.1666,590.125,1.364,227.1668,1.4888,1.2618,1.4359,0.8787,0.4246,0,11.3213,0.1855,Low Potential
22.015,80.355,0,Grid Point,0.0788,0.1068,0.1398,0.259,0.3801,0.2852,590.125,4.0857,227.1668,1.7746,1.4679,1.3327,1.1014,0.299,0,11.9703,0.2982,Low Potential
22.015,80.37,0,Grid Point,0.0378,0.0542,0.0544,0.1812,0.2226,0.1289,590.125,2.7803,180.0,1.4392,1.2284,1.7273,0.7112,0.5383,0,12.7742,0.2193,Low Potential
22.015,80.385,0,Grid Point,0.0449,0.0644,0.0661,0.2108,0.2566,0.1638,590.125,3.7048,0.0,1.4705,1.2167,1.5658,0.7771,0.5227,0,13.7057,0.1698,Low Potential
22.015,80.4,0,Grid Point,0.0883,0.1194,0.1454,0.2589,0.3824,0.2928,590.125,2.1066,151.6609,1.6467,1.4775,1.3062,1.1312,0.2806,0,12.3725,0.2737,Low Potential
22.015,80.415,0,Grid Point,0.078,0.1122,0.1612,0.2508,0.3832,0.3124,590.125,6.4649,180.0,2.0526375,1.5276,1.2268,1.2452,0.2174,0,10.8292,0.2553,Low Potential
22.015,80.43,0,Grid Point,0.079,0.1124,0.148,0.2381,0.3676,0.3004,590.125,2.1066,208.3391,1.874,1.5441,1.2241,1.2614,0.2335,0,9.2866,0.2349,Low Potential
22.015,80.445,0,Grid Point,0.0349,0.0508,0.0635,0.1989,0.2173,0.1331,590.125,7.547549999999999,174.8636,1.8195,1.0922,1.6326,0.669,0.5161,0,7.7449,0.332,Low Potential
22.015,80.46,0,Grid Point,0.034,0.0461,0.0518,0.1786,0.2028,0.1218,590.125,2.2043,245.1302,1.5272,1.1349,1.6646,0.6818,0.5501,0,6.2049,0.3141,Low Potential
22.015,80.475,0,Grid Point,0.0334,0.0472,0.0489,0.1863,0.1694,0.0955,590.125,2.9542,199.776,1.4641,0.9093,1.7743,0.5125,0.5843,0,4.6681,0.4706,Moderate Potential
22.015,80.49,0,Grid Point,0.0368,0.0594,0.0586,0.2389,0.2228,0.1334,590.125,7.547549999999999,61.5955,1.5938,0.9328,1.6712,0.5582,0.6058,0,3.1394,0.2643,Low Potential
22.03,79.2,0,Grid Point,0.0768,0.1044,0.142,0.2327,0.2551,0.2145,590.125,2.2045,114.8674,1.849,1.0963,1.1893,0.9218,0.2421,0,49.882262499999996,0.3076,Low Potential
22.03,79.215,0,Grid Point,0.0597,0.0832,0.0993,0.2937,0.1863,0.1159,590.125,5.7055,240.9175,1.6633,0.6343,1.6074,0.3946,0.4947,0,49.882262499999996,0.2924,Low Potential
22.03,79.23,0,Grid Point,0.054,0.0814,0.0922,0.2468,0.2138,0.1561,590.125,2.7265,47.1699,1.7074,0.8663,1.3696,0.6325,0.456,0,49.882262499999996,0.269,Low Potential
22.03,79.245,0,Grid Point,0.0479,0.074,0.0831,0.2386,0.1804,0.1262,590.125,1.364,312.8301,1.7349,0.7561,1.4295,0.5289,0.4834,0,49.882262499999996,0.1941,Low Potential
22.03,79.26,0,Grid Point,0.0588,0.0799,0.1062,0.2553,0.224,0.1809,590.125,3.1385,252.8291,1.8061,0.8774,1.2383,0.7086,0.4124,0,49.882262499999996,0.301,Low Potential
22.03,79.275,0,Grid Point,0.0431,0.0622,0.0475,0.2006,0.147,0.0808,590.125,0.9274,180.0,1.1021,0.7326,1.8204,0.4024,0.6172,0,49.882262499999996,0.3905,Moderate Potential
22.03,79.29,0,Grid Point,0.0469,0.065,0.0734,0.2212,0.2406,0.1619,590.125,2.2045,65.1326,1.5661,1.0877,1.4858,0.7321,0.5014,0,49.882262499999996,0.1295,Low Potential
22.03,79.305,0,Grid Point,0.0579,0.0746,0.098,0.2052,0.3094,0.2336,586.0,2.9543,19.778,1.6934,1.5079,1.324,1.1389,0.3532,0,49.882262499999996,0.41,Moderate Potential
22.03,79.32,0,Grid Point,0.0628,0.1013,0.137,0.2663,0.2638,0.1966,590.125,6.2039,233.4397,2.0526375,0.9906,1.3415,0.7385,0.3204,0,49.882262499999996,0.3172,Low Potential
22.03,79.335,0,Grid Point,0.0506,0.0795,0.0814,0.2454,0.1894,0.1391,590.125,3.8368,195.0931,1.6097,0.7718,1.362,0.5667,0.5017,0,49.882262499999996,0.274,Low Potential
22.03,79.35,0,Grid Point,0.0706,0.0971,0.1204,0.2074,0.2322,0.1916,590.125,2.0003,90.0,1.7073,1.1198,1.2118,0.9241,0.2652,0,49.882262499999996,0.3858,Moderate Potential
22.03,79.365,0,Grid Point,0.0624,0.0858,0.1122,0.2208,0.2566,0.2004,590.125,2.7803,0.0,1.8003,1.1624,1.2804,0.9078,0.3258,0,49.882262499999996,0.4572,Moderate Potential
22.03,79.38,0,Grid Point,0.0574,0.0774,0.1122,0.1914,0.299,0.2367,590.125,1.364,227.1699,1.9539,1.5626,1.2632,1.237,0.2605,0,49.882262499999996,0.355,Moderate Potential
22.03,79.395,0,Grid Point,0.0608,0.0884,0.1051,0.2734,0.2004,0.1495,590.125,0.0,0.0,1.7272,0.7332,1.3408,0.5468,0.4446,0,49.882262499999996,0.3079,Low Potential
22.03,79.41,0,Grid Point,0.0815,0.11,0.1434,0.2104,0.2666,0.2291,590.125,1.364,312.8301,1.7601,1.2674,1.1637,1.0891,0.1891,0,49.882262499999996,0.3804,Moderate Potential
22.03,79.425,0,Grid Point,0.069,0.0862,0.108,0.1945,0.2862,0.2238,590.125,2.1067,28.3416,1.5652,1.4715,1.2788,1.1506,0.286,0,49.882262499999996,0.4341,Moderate Potential
22.03,79.44,0,Grid Point,0.0644,0.102,0.1316,0.2656,0.276,0.208,590.125,2.2045,245.1326,2.0419,1.0393,1.3272,0.7831,0.3374,0,49.882262499999996,0.2955,Low Potential
22.03,79.455,0,Grid Point,0.0504,0.0887,0.1173,0.2841,0.2116,0.1485,590.125,0.0,0.0,2.0526375,0.7446,1.4241,0.5229,0.4155,0,49.882262499999996,0.1812,Low Potential
22.03,79.47,0,Grid Point,0.046,0.0676,0.0852,0.2612,0.2028,0.128,590.125,5.7055,119.0825,1.8531,0.7768,1.5854,0.4899,0.5082,0,49.882262499999996,0.2073,Low Potential
22.03,79.485,0,Grid Point,0.0512,0.0762,0.0604,0.2266,0.1602,0.097,590.125,1.8543,180.0,1.1787,0.7073,1.6512,0.4284,0.5793,0,49.882262499999996,0.281,Low Potential
22.03,79.5,0,Grid Point,0.0884,0.1169,0.1448,0.2676,0.2897,0.2343,590.125,0.9274,180.0,1.6384,1.0828,1.2364,0.8757,0.2978,0,49.4188,0.2456,Low Potential
22.03,79.515,0,Grid Point,0.043,0.0703,0.086,0.248,0.2003,0.1331,590.125,2.0003,90.0,1.9977,0.8078,1.5049,0.5368,0.485,0,48.6316,0.1843,Low Potential
22.03,79.53,0,Grid Point,0.0447,0.0644,0.0682,0.2824,0.2154,0.1332,590.125,0.0,0.0,1.5268,0.7631,1.6169,0.4719,0.6107,0,47.8814,0.151,Low Potential
22.03,79.545,0,Grid Point,0.0468,0.065,0.0576,0.2762,0.1736,0.1024,590.125,0.9274,180.0,1.2284,0.6287,1.6958,0.3707,0.6551,0,47.1699,0.2457,Low Potential
22.03,79.56,0,Grid Point,0.0454,0.0669,0.0649,0.2269,0.2646,0.172,590.125,7.1159,335.1876,1.4311,1.1659,1.5381,0.758,0.5552,0,46.4988,0.1903,Low Potential
22.03,79.575,0,Grid Point,0.0487,0.0697,0.0738,0.1978,0.1872,0.1293,590.125,0.9274,180.0,1.5164,0.9459,1.4474,0.6535,0.4564,0,45.87,0.1494,Low Potential
22.03,79.59,0,Grid Point,0.0734,0.0984,0.1122,0.2492,0.2905,0.2096,590.125,1.364,47.1699,1.5303,1.1662,1.3865,0.8411,0.3788,0,45.2851,0.2437,Low Potential
22.03,79.605,0,Grid Point,0.0623,0.0857,0.1156,0.2167,0.3177,0.2514,590.125,2.0003,90.0,1.8563,1.4663,1.2642,1.1599,0.304,0,44.746,0.4247,Moderate Potential
22.03,79.62,0,Grid Point,0.0666,0.092,0.1136,0.2432,0.265,0.1925,590.125,2.9543,199.778,1.7037,1.0896,1.3766,0.7915,0.3634,0,44.2543,0.3268,Low Potential
22.03,79.635,0,Grid Point,0.0369,0.0468,0.052,0.19,0.2057,0.1197,590.125,1.8543,180.0,1.4079,1.0826,1.7185,0.63,0.5706,0,43.8116,0.2572,Low Potential
22.03,79.65,0,Grid Point,0.0495,0.0674,0.0708,0.2076,0.2483,0.1694,564.0,0.0,0.0,1.4303,1.1958,1.4653,0.816,0.4915,0,43.4194,0.1404,Low Potential
22.03,79.665,0,Grid Point,0.048,0.0618,0.0607,0.2318,0.2134,0.1332,555.0,4.7334,347.8249,1.2646,0.921,1.6019,0.575,0.5849,0,43.079,0.1961,Low Potential
22.03,79.68,0,Grid Point,0.0569,0.0772,0.0819,0.2436,0.2771,0.1811,548.0,2.2045,114.8674,1.4394,1.1378,1.5301,0.7436,0.4967,0,42.7918,0.1243,Low Potential
22.03,79.695,0,Grid Point,0.0564,0.0758,0.0932,0.1957,0.2804,0.2044,549.0,2.2045,65.1326,1.6548,1.4325,1.3719,1.0442,0.3546,0,42.5587,0.3409,Low Potential
22.03,79.71,0,Grid Point,0.0725,0.0982,0.1182,0.2671,0.3498,0.2479,540.0,1.364,47.1699,1.631,1.3094,1.4109,0.9281,0.3863,0,42.3807,0.3635,Moderate Potential
22.03,79.725,0,Grid Point,0.0629,0.0955,0.083,0.13885000000000003,0.1024,0.0656,540.0,3.4232,324.2773,1.3203,0.9369,1.5629,0.5995,0.1367,0,42.2585,0.3988,Moderate Potential
22.03,79.74,0,Grid Point,0.1013,0.1363375,0.18015,0.229,0.2894,0.2581,537.0,0.9274,180.0,1.546,1.264,1.1215,1.1271,0.1134,0,42.1926,0.3745,Moderate Potential
22.03,79.755,0,Grid Point,0.0709,0.0928,0.1061,0.2534,0.3148,0.2226,526.0,2.2045,114.8674,1.4965,1.2425,1.4145,0.8784,0.4097,0,41.1499,0.2702,Low Potential
22.03,79.77,0,Grid Point,0.0368,0.0511,0.0427,0.1836,0.1608,0.0906,512.0,1.364,312.8301,1.1588,0.8761,1.7739,0.4939,0.6225,0,40.0226,0.4493,Moderate Potential
22.03,79.785,0,Grid Point,0.0604,0.0777,0.094,0.22,0.2916,0.1978,507.0,2.0003,90.0,1.5563,1.3255,1.4746,0.8989,0.4013,0,38.924,0.1866,Low Potential
22.03,79.8,0,Grid Point,0.0887,0.1099,0.1443,0.2262,0.3174,0.2741,523.0,2.7265,227.1699,1.6277,1.4031,1.1582,1.2115,0.2212,0,37.8566,0.3088,Low Potential
22.03,79.815,0,Grid Point,0.0668,0.0972,0.1115,0.2717,0.2707,0.2039,527.0,0.0,0.0,1.6692,0.9963,1.3276,0.7505,0.4181,0,36.8232,0.3191,Low Potential
22.03,79.83,0,Grid Point,0.0854,0.1123,0.1328,0.2788,0.3518,0.2512,527.0,0.9274,180.0,1.5556,1.2614,1.4003,0.9008,0.3546,0,35.8265,0.3037,Low Potential
22.03,79.845,0,Grid Point,0.045,0.0612,0.0891,0.2026,0.3073,0.237,523.0,0.9274,0.0,1.9778,1.5164,1.2964,1.1698,0.3892,0,34.8698,0.348,Low Potential
22.03,79.86,0,Grid Point,0.0466,0.0665,0.0814,0.1851,0.297,0.212,500.0,2.0003,90.0,1.7468,1.6048,1.4012,1.1453,0.3891,0,33.9566,0.2538,Low Potential
22.03,79.875,0,Grid Point,0.0514,0.0682,0.0812,0.1934,0.2895,0.21,490.0,6.5876,294.8674,1.5803,1.4968,1.3788,1.0856,0.409,0,33.0902,0.3558,Moderate Potential
22.03,79.89,0,Grid Point,0.0446,0.0618,0.0758,0.1731,0.2962,0.2102,515.0,3.8368,15.0931,1.6984,1.7111,1.4088,1.2146,0.3912,0,32.2746,0.2907,Low Potential
22.03,79.905,0,Grid Point,0.0372,0.0539,0.0579,0.1928,0.2198,0.1352,522.0,5.9814,90.0,1.5585,1.1398,1.6248,0.7015,0.5381,0,31.5138,0.2136,Low Potential
22.03,79.92,0,Grid Point,0.0394,0.0539,0.0607,0.1762,0.2296,0.1525,508.0,5.5071,147.0867,1.5387,1.3034,1.5056,0.8657,0.4874,0,30.8116,0.2107,Low Potential
22.03,79.935,0,Grid Point,0.0311,0.0416,0.0366,0.175,0.1812,0.1074,434.0,4.6274,180.0,1.1785,1.0351,1.6864,0.6138,0.6538,0,30.1723,0.3572,Moderate Potential
22.03,79.95,0,Grid Point,0.051,0.0634,0.0468,0.2496,0.2051,0.112,426.0,7.547549999999999,287.9754,0.9781375000000002,0.8216,1.8304,0.4488,0.684,0,29.5999,0.2577,Low Potential
22.03,79.965,0,Grid Point,0.0482,0.0706,0.0768,0.221,0.2682,0.1752,371.0,1.364,132.8301,1.5961,1.2133,1.5305,0.7928,0.484,0,29.0983,0.1342,Low Potential
22.03,79.98,0,Grid Point,0.069,0.0972,0.1096,0.2242,0.2682,0.2056,363.0,2.0003,90.0,1.5884,1.1962,1.3044,0.9171,0.3434,0,28.6714,0.4623,Moderate Potential
22.03,79.995,0,Grid Point,0.0543,0.0779,0.0729,0.2585,0.188,0.1184,348.0,3.5241,121.7157,1.3425,0.7275,1.5876,0.4582,0.56,0,28.3223,0.1649,Low Potential
22.03,80.01,0,Grid Point,0.0566,0.0796,0.0718,0.2912,0.205,0.1261,344.0,3.8368,15.0931,1.2683,0.7037,1.6253,0.433,0.6042,0,28.0542,0.1815,Low Potential
22.03,80.025,0,Grid Point,0.0592,0.0775,0.0944,0.246,0.2718,0.1832,339.0,1.364,132.8301,1.5924,1.1053,1.4835,0.7451,0.4455,0,27.8692,0.1265,Low Potential
22.03,80.04,0,Grid Point,0.0606,0.0796,0.0906,0.2302,0.2488,0.1664,332.0,2.7265,312.8301,1.495,1.0806,1.4956,0.7225,0.4353,0,27.7691,0.1513,Low Potential
22.03,80.055,0,Grid Point,0.06,0.0832,0.0828,0.2183,0.2156,0.1454,331.0,1.364,227.1699,1.3789,0.9876,1.4828,0.6661,0.45,0,27.7548,0.1332,Low Potential
22.03,80.07,0,Grid Point,0.0558,0.0832,0.0758,0.2494,0.1635,0.0964,329.0,2.1067,151.6584,1.3581,0.6557,1.6952,0.3868,0.5335,0,26.6515,0.2378,Low Potential
22.03,80.085,0,Grid Point,0.0469,0.0636,0.0498,0.2102,0.1764,0.1022,316.0,7.547549999999999,12.1751,1.0608,0.8396,1.7257,0.4866,0.6172,0,25.288,0.2596,Low Potential
22.03,80.1,0,Grid Point,0.079,0.1045,0.1237,0.2071,0.262,0.2088,317.0,7.547549999999999,227.1699,1.5648,1.2653,1.2547,1.0085,0.2521,0,23.9467,0.4611,Moderate Potential
22.03,80.115,0,Grid Point,0.0492,0.068,0.0601,0.2276,0.1706,0.1073,325.0,0.9274,180.0,1.2228,0.7497,1.5899,0.4715,0.5821,0,22.6313,0.2289,Low Potential
22.03,80.13,0,Grid Point,0.0791,0.1048,0.1243,0.2406,0.2798,0.2094,327.0,2.1067,28.3416,1.5714,1.1631,1.3368,0.8701,0.3187,0,21.3468,0.3103,Low Potential
22.03,80.145,0,Grid Point,0.0448,0.061,0.069,0.2027,0.2463,0.1503,329.0,4.1012,283.0478,1.543,1.2151,1.6387,0.7415,0.4918,0,20.0989,0.1784,Low Potential
22.03,80.16,0,Grid Point,0.0506,0.0673,0.0696,0.206,0.2412,0.1568,334.0,2.2045,294.8674,1.3731,1.1709,1.5379,0.7613,0.4951,0,18.895,0.142,Low Potential
22.03,80.175,0,Grid Point,0.0413,0.0542,0.0486,0.1763,0.18,0.1058,361.0,2.7803,180.0,1.1768,1.0207,1.7009,0.6001,0.5678,0,17.744,0.286,Low Potential
22.03,80.19,0,Grid Point,0.0556,0.0744,0.062,0.2534,0.1951,0.107,512.0,7.547549999999999,289.9374,1.1151,0.7698,1.8234,0.4222,0.6069,0,16.6569,0.254,Low Potential
22.03,80.205,0,Grid Point,0.0485,0.0659,0.0764,0.2092,0.2235,0.1464,490.0,7.547549999999999,82.9541,1.5753,1.0681,1.5272,0.6994,0.4651,0,15.6471,0.1712,Low Potential
22.03,80.22,0,Grid Point,0.0454,0.0635,0.072,0.1874,0.223,0.1452,433.0,7.547549999999999,117.9105,1.5865,1.1902,1.5362,0.7748,0.4452,0,14.7303,0.1857,Low Potential
22.03,80.235,0,Grid Point,0.0414,0.0548,0.0473,0.1934,0.1815,0.1046,422.0,4.086,227.1699,1.1439,0.9387,1.7344,0.5412,0.6069,0,13.9251,0.3299,Low Potential
22.03,80.25,0,Grid Point,0.0394,0.0551,0.0476,0.182,0.169,0.0955,458.0,7.547549999999999,318.5676,1.2053,0.9283,1.7691,0.5247,0.5857,0,13.2517,0.4499,Moderate Potential
22.03,80.265,0,Grid Point,0.0371,0.0498,0.0401,0.2025,0.1616,0.0863,516.0,2.7265,227.1699,1.0809,0.7978,1.872,0.4262,0.6694,0,12.7311,0.5309,Moderate Potential
22.03,80.28,0,Grid Point,0.0403,0.053,0.0432,0.2082,0.1648,0.087,541.0,7.4449,7.6797,1.0719,0.7916,1.8948,0.4178,0.6561,0,12.3826,0.4944,Moderate Potential
22.03,80.295,0,Grid Point,0.0416,0.0542,0.052,0.2064,0.1826,0.1035,544.0,7.547549999999999,13.4808,1.2488,0.8851,1.7647,0.5016,0.5978,0,12.2209,0.3271,Low Potential
22.03,80.31,0,Grid Point,0.0387,0.0556,0.0466,0.2001,0.1744,0.0967,539.0,7.547549999999999,43.7981,1.2028,0.8716,1.8035,0.4833,0.6225,0,12.2534,0.4696,Moderate Potential
22.03,80.325,0,Grid Point,0.0387,0.0528,0.0532,0.2034,0.2006,0.1121,570.0,4.9901,270.0,1.376,0.986,1.789,0.5511,0.585,0,12.4786,0.3347,Low Potential
22.03,80.34,0,Grid Point,0.0409,0.0534,0.0558,0.2131,0.1945,0.1132,590.125,3.5241,238.2843,1.3631,0.9125,1.717,0.5314,0.5853,0,12.8864,0.2608,Low Potential
22.03,80.355,0,Grid Point,0.0373,0.0544,0.0503,0.2106,0.1778,0.1058,590.125,7.0218,301.7157,1.3485,0.8442,1.6809,0.5023,0.6143,0,13.4602,0.3262,Low Potential
22.03,80.37,0,Grid Point,0.0398,0.0509,0.0555,0.168,0.217,0.1369,583.0,3.7048,0.0,1.3962,1.2914,1.5842,0.8152,0.5034,0,14.1799,0.2369,Low Potential
22.03,80.385,0,Grid Point,0.0402,0.0552,0.0544,0.1982,0.2589,0.1781,590.125,1.364,132.8301,1.352,1.3063,1.4538,0.8986,0.5695,0,13.9492,0.2219,Low Potential
22.03,80.4,0,Grid Point,0.0814,0.1115,0.1395,0.2582,0.3864,0.2824,590.0,2.0003,270.0,1.7148,1.4968,1.3685,1.0937,0.2984,0,12.4097,0.2833,Low Potential
22.03,80.415,0,Grid Point,0.0457,0.0622,0.0796,0.1804,0.2632,0.1715,590.125,0.9274,0.0,1.7429,1.4587,1.5344,0.9507,0.3874,0,10.8718,0.2136,Low Potential
22.03,80.43,0,Grid Point,0.0498,0.0708,0.0811,0.2028,0.2898,0.1976,590.125,2.1067,151.6584,1.6285,1.4293,1.467,0.9744,0.4286,0,9.3362,0.203,Low Potential
22.03,80.445,0,Grid Point,0.0382,0.0536,0.0542,0.2067,0.1965,0.1136,590.125,0.9274,180.0,1.4157,0.9507,1.7305,0.5493,0.5848,0,7.8043,0.2766,Low Potential
22.03,80.46,0,Grid Point,0.0362,0.051,0.0448,0.2184,0.173,0.098,590.125,7.3789,0.0,1.2376,0.7919,1.7662,0.4484,0.6596,0,6.2789,0.4988,Moderate Potential
22.03,80.475,0,Grid Point,0.0566,0.0764,0.1086,0.2127,0.3056,0.2457,590.125,7.547549999999999,90.0,1.9178,1.4365,1.2436,1.1551,0.3242,0,4.7661,0.4969,Moderate Potential
22.03,80.49,0,Grid Point,0.0286,0.0415,0.0377,0.206,0.1666,0.0909,590.125,4.9901,90.0,1.3141,0.8083,1.8322,0.4412,0.691,0,3.2833,0.5205,Moderate Potential
22.045,79.2,0,Grid Point,0.0478,0.0736,0.0883,0.222,0.1931,0.1356,590.125,2.7803,0.0,1.8473,0.8698,1.424,0.6108,0.4309,0,49.882262499999996,0.1854,Low Potential
22.045,79.215,0,Grid Point,0.0601,0.0781,0.0991,0.2033,0.2639,0.2018,590.125,2.1067,151.6559,1.6489,1.2981,1.3077,0.9926,0.3446,0,49.882262499999996,0.4989,Moderate Potential
22.045,79.23,0,Grid Point,0.0511,0.0772,0.0912,0.2487,0.2165,0.1559,590.125,0.9274,0.0,1.7847,0.8705,1.3887,0.6269,0.4634,0,49.882262499999996,0.2512,Low Potential
22.045,79.245,0,Grid Point,0.051,0.067,0.0917,0.1937,0.2754,0.2045,590.125,2.0005,90.0,1.798,1.4218,1.3467,1.0558,0.3574,0,49.882262499999996,0.3503,Moderate Potential
22.045,79.26,0,Grid Point,0.0584,0.0847,0.0956,0.3058,0.2148,0.1439,590.125,2.2047,294.8651,1.6392,0.7025,1.4931,0.4705,0.5235,0,49.882262499999996,0.1753,Low Potential
22.045,79.275,0,Grid Point,0.0564,0.0917,0.0978,0.2814,0.1925,0.1286,590.125,3.7048,180.0,1.7332,0.684,1.4969,0.4569,0.4844,0,49.882262499999996,0.2046,Low Potential
22.045,79.29,0,Grid Point,0.0682,0.0939,0.1299,0.2716,0.2226,0.1506,590.125,2.1067,151.6559,1.9033,0.8199,1.4789,0.5544,0.3528,0,49.882262499999996,0.1778,Low Potential
22.045,79.305,0,Grid Point,0.0571,0.0767,0.0834,0.165,0.1685,0.122,590.125,3.9961,90.0,1.4606,1.0215,1.3806,0.7399,0.3284,0,49.882262499999996,0.3789,Moderate Potential
22.045,79.32,0,Grid Point,0.0562,0.082,0.0762,0.2096,0.2023,0.1497,590.125,4.0862,227.1729,1.3538,0.9652,1.3514,0.7142,0.467,0,49.882262499999996,0.3015,Low Potential
22.045,79.335,0,Grid Point,0.0634,0.0816,0.105,0.2514,0.1964,0.1379,590.125,1.8543,180.0,1.6567,0.7811,1.4242,0.5484,0.4111,0,49.882262499999996,0.1862,Low Potential
22.045,79.35,0,Grid Point,0.0618,0.0881,0.1136,0.2846,0.1912,0.1536,590.125,2.1067,331.6559,1.8397,0.6718,1.2444,0.5399,0.4294,0,49.882262499999996,0.2884,Low Potential
22.045,79.365,0,Grid Point,0.0558,0.081,0.1013,0.2653,0.1992,0.158,590.125,2.2047,245.1349,1.8154,0.7508,1.2612,0.5954,0.4474,0,49.882262499999996,0.2734,Low Potential
22.045,79.38,0,Grid Point,0.0582,0.0782,0.108,0.1998,0.2698,0.2202,590.125,7.547549999999999,96.6089,1.8573,1.3503,1.2255,1.1018,0.2984,0,49.882262499999996,0.3937,Moderate Potential
22.045,79.395,0,Grid Point,0.0709,0.0964,0.144,0.2076,0.357,0.292,590.125,3.4234,144.2744,2.0317,1.7203,1.2226,1.4071,0.1806,0,49.882262499999996,0.3026,Low Potential
22.045,79.41,0,Grid Point,0.0544,0.0872,0.0762,0.2704,0.2164,0.1368,590.125,1.3641,47.1729,1.4029,0.8001,1.5815,0.5059,0.5601,0,49.882262499999996,0.1433,Low Potential
22.045,79.425,0,Grid Point,0.0483,0.0686,0.0608,0.2247,0.188,0.1275,590.125,1.0005,90.0,1.2598,0.8367,1.4745,0.5674,0.5738,0,49.882262499999996,0.1822,Low Potential
22.045,79.44,0,Grid Point,0.0486,0.0792,0.0962,0.269,0.188,0.1217,590.125,0.0,0.0,1.9825,0.6989,1.5448,0.4524,0.473,0,49.882262499999996,0.1934,Low Potential
22.045,79.455,0,Grid Point,0.053,0.0788,0.1087,0.214,0.2178,0.169,590.125,2.2047,245.1349,2.0509,1.0175,1.2885,0.7897,0.3263,0,49.882262499999996,0.346,Low Potential
22.045,79.47,0,Grid Point,0.042,0.0689,0.0789,0.2831,0.1694,0.1045,590.125,2.0005,90.0,1.8786,0.5984,1.6211,0.3691,0.5641,0,49.882262499999996,0.3039,Low Potential
22.045,79.485,0,Grid Point,0.0452,0.0729,0.0694,0.2162,0.164,0.1114,590.125,2.2047,65.1349,1.5354,0.7582,1.4724,0.5149,0.5141,0,49.882262499999996,0.1629,Low Potential
22.045,79.5,0,Grid Point,0.0448,0.0714,0.0669,0.2684,0.1684,0.099,590.125,1.0005,90.0,1.495,0.6272,1.7014,0.3687,0.601,0,49.882262499999996,0.2976,Low Potential
22.045,79.515,0,Grid Point,0.0472,0.0684,0.0756,0.2318,0.1977,0.1314,590.125,2.1067,208.3441,1.6023,0.8527,1.5046,0.5667,0.5085,0,49.882262499999996,0.1479,Low Potential
22.045,79.53,0,Grid Point,0.0472,0.0703,0.0665,0.1611,0.1506,0.0994,590.125,2.2047,245.1349,1.4104,0.9348,1.5156,0.6168,0.4158,0,49.3544,0.2374,Low Potential
22.045,79.545,0,Grid Point,0.0504,0.0854,0.0782,0.3021,0.2092,0.1398,590.125,2.0005,270.0,1.551,0.6924,1.4959,0.4628,0.5886,0,48.6644,0.1582,Low Potential
22.045,79.56,0,Grid Point,0.0498,0.0718,0.0791,0.2653,0.2328,0.1562,590.125,0.0,0.0,1.5884,0.8777,1.4902,0.589,0.5407,0,48.0143,0.1403,Low Potential
22.045,79.575,0,Grid Point,0.0436,0.0574,0.067,0.1816,0.2712,0.1761,590.125,3.4234,144.2744,1.5385,1.4941,1.5408,0.9697,0.4609,0,47.4055,0.1715,Low Potential
22.045,79.59,0,Grid Point,0.0384,0.0559,0.059,0.194,0.2586,0.1747,590.125,2.2047,65.1349,1.5372,1.3333,1.4803,0.9007,0.5338,0,46.8399,0.1954,Low Potential
22.045,79.605,0,Grid Point,0.0423,0.0585,0.07,0.2092,0.2567,0.1623,590.125,5.3207,290.3426,1.6537,1.2273,1.5816,0.776,0.4987,0,46.3189,0.2839,Low Potential
22.045,79.62,0,Grid Point,0.0532,0.0732,0.0967,0.1894,0.2754,0.197,590.125,4.7614,38.9783,1.8194,1.4537,1.398,1.0399,0.3241,0,45.844,0.3516,Moderate Potential
22.045,79.635,0,Grid Point,0.0388,0.0526,0.0647,0.1917,0.2521,0.1627,590.125,2.9992,90.0,1.6675,1.3151,1.5495,0.8487,0.4953,0,45.4168,0.2386,Low Potential
22.045,79.65,0,Grid Point,0.0564,0.078,0.0983,0.2223,0.3184,0.2279,576.0,4.2078,331.6559,1.7445,1.4323,1.3971,1.0252,0.3868,0,45.0386,0.3915,Moderate Potential
22.045,79.665,0,Grid Point,0.0894,0.1197,0.1456,0.2573,0.3034,0.2244,555.0,2.7803,0.0,1.6272,1.1794,1.352,0.8723,0.2774,0,44.7106,0.263,Low Potential
22.045,79.68,0,Grid Point,0.0485,0.065,0.0552,0.13885000000000003,0.1004,0.0758,539.0,0.9274,0.0,1.1392,1.0647,1.3248,0.8037,0.2609,0,44.4339,0.4938,Moderate Potential
22.045,79.695,0,Grid Point,0.0449,0.064,0.0628,0.2303,0.1702,0.1068,531.0,2.2047,245.1349,1.396,0.7388,1.5932,0.4637,0.5717,0,44.2095,0.1947,Low Potential
22.045,79.71,0,Grid Point,0.0434,0.0676,0.0561,0.261,0.1757,0.1052,536.0,2.2047,114.8651,1.2911,0.6732,1.6702,0.4031,0.6462,0,44.0381,0.1864,Low Potential
22.045,79.725,0,Grid Point,0.0786,0.1118,0.1554,0.2448,0.3519,0.282,544.0,1.0005,270.0,1.9784,1.4375,1.2479,1.152,0.2234,0,43.9205,0.2596,Low Potential
22.045,79.74,0,Grid Point,0.0434,0.0666,0.058,0.1848,0.1468,0.0869,533.0,2.2047,294.8651,1.3353,0.7941,1.6887,0.4702,0.5226,0,43.4139,0.2809,Low Potential
22.045,79.755,0,Grid Point,0.0595,0.0839,0.0944,0.2609,0.2848,0.1946,524.0,2.2047,65.1349,1.5866,1.0916,1.4636,0.7458,0.4685,0,42.2905,0.133,Low Potential
22.045,79.77,0,Grid Point,0.0418,0.0723,0.0684,0.2752,0.2127,0.1244,511.0,2.9543,199.7799,1.6383,0.7728,1.7091,0.4521,0.6019,0,41.1945,0.2223,Low Potential
22.045,79.785,0,Grid Point,0.0406,0.0564,0.0732,0.2329,0.2395,0.1713,506.0,3.1388,252.8308,1.8007,1.0283,1.3985,0.7353,0.5217,0,40.128,0.3126,Low Potential
22.045,79.8,0,Grid Point,0.0736,0.0982,0.1159,0.272,0.338,0.2377,511.0,4.0862,227.1729,1.5737,1.2431,1.4222,0.8741,0.4023,0,39.0935,0.2808,Low Potential
22.045,79.815,0,Grid Point,0.0648,0.0864,0.1074,0.2506,0.358,0.2647,518.0,2.2047,245.1349,1.6587,1.4291,1.3527,1.0565,0.3999,0,38.0936,0.3795,Moderate Potential
22.045,79.83,0,Grid Point,0.0681,0.0926,0.1268,0.2246,0.3168,0.2704,522.0,2.2047,245.1349,1.8612,1.4107,1.172,1.2037,0.2785,0,37.1311,0.344,Low Potential
22.045,79.845,0,Grid Point,0.0551,0.0748,0.099,0.205,0.3617,0.2739,522.0,4.0862,312.8271,1.7976,1.7646,1.3204,1.3364,0.3484,0,36.2089,0.4014,Moderate Potential
22.045,79.86,0,Grid Point,0.0605,0.0768,0.1071,0.2402,0.3468,0.239,512.0,2.2047,114.8651,1.7702,1.4437,1.451,0.995,0.3833,0,35.3303,0.1846,Low Potential
22.045,79.875,0,Grid Point,0.0414,0.0562,0.0678,0.1933,0.2722,0.1884,489.0,6.1027,139.2025,1.6377,1.4079,1.4441,0.9749,0.4807,0,34.4984,0.2151,Low Potential
22.045,79.89,0,Grid Point,0.0366,0.049,0.0422,0.1995,0.195,0.1139,495.0,5.5475,0.0,1.1528,0.9772,1.7116,0.5709,0.6505,0,33.7169,0.3385,Low Potential
22.045,79.905,0,Grid Point,0.0492,0.0648,0.0792,0.1901,0.264,0.1869,490.0,3.1388,107.1692,1.6108,1.389,1.4128,0.9832,0.4115,0,32.9893,0.236,Low Potential
22.045,79.92,0,Grid Point,0.0431,0.0625,0.0614,0.215,0.2356,0.139,455.0,2.7803,0.0,1.4234,1.0961,1.6944,0.6469,0.5559,0,32.3193,0.1553,Low Potential
22.045,79.935,0,Grid Point,0.0358,0.0552,0.0489,0.1863,0.217,0.139,415.0,0.9274,180.0,1.3659,1.1642,1.5602,0.7462,0.5843,0,31.7103,0.2092,Low Potential
22.045,79.95,0,Grid Point,0.0449,0.0584,0.0566,0.13885000000000003,0.09513749999999997,0.0668,386.0,5.6359,169.8064,1.2581,1.7964,1.2757,1.4082,0.07343750000000004,0,31.1662,0.5165,Moderate Potential
22.045,79.965,0,Grid Point,0.039,0.0552,0.0498,0.228,0.1988,0.1078,366.0,3.4234,144.2744,1.2782,0.8721,1.8438,0.473,0.6412,0,30.6903,0.2871,Low Potential
22.045,79.98,0,Grid Point,0.0578,0.0826,0.0778,0.2619,0.2568,0.1762,366.0,2.0005,90.0,1.3469,0.9807,1.457,0.6731,0.5417,0,30.2857,0.1283,Low Potential
22.045,79.995,0,Grid Point,0.076,0.1022,0.1098,0.2354,0.2789,0.2006,351.0,1.8543,180.0,1.4454,1.1848,1.3909,0.8518,0.3637,0,29.9555,0.2805,Low Potential
22.045,80.01,0,Grid Point,0.0588,0.0759,0.0898,0.2138,0.2418,0.171,341.0,2.2047,65.1349,1.5264,1.1307,1.4144,0.7994,0.4088,0,29.7021,0.1676,Low Potential
22.045,80.025,0,Grid Point,0.0702,0.0887,0.1075,0.229,0.3422,0.2494,333.0,2.2047,114.8651,1.5313,1.4943,1.3724,1.0889,0.3611,0,29.5275,0.3569,Moderate Potential
22.045,80.04,0,Grid Point,0.0555,0.0745,0.077,0.2019,0.2828,0.1868,333.0,2.2047,245.1349,1.3874,1.4004,1.5132,0.9255,0.4478,0,29.433,0.16,Low Potential
22.045,80.055,0,Grid Point,0.0468,0.064,0.0604,0.2202,0.2316,0.1451,325.0,1.3641,312.8271,1.2892,1.052,1.5965,0.6589,0.5695,0,28.7979,0.1461,Low Potential
22.045,80.07,0,Grid Point,0.0514,0.0653,0.0697,0.203,0.2484,0.1646,324.0,2.2047,65.1349,1.3547,1.2239,1.5096,0.8108,0.4887,0,27.4542,0.1305,Low Potential
22.045,80.085,0,Grid Point,0.0549,0.0692,0.0794,0.1836,0.2496,0.1696,326.0,0.0,0.0,1.4454,1.3601,1.472,0.924,0.3963,0,26.1327,0.1647,Low Potential
22.045,80.1,0,Grid Point,0.0751,0.099,0.1131,0.2392,0.3026,0.2278,313.0,4.2078,208.3441,1.506,1.265,1.3289,0.9519,0.358,0,24.837,0.5323,Moderate Potential
22.045,80.115,0,Grid Point,0.0484,0.063,0.0632,0.1605,0.122,0.0754,326.0,4.1016,76.9535,1.3044,0.7598,1.6174,0.4698,0.435,0,23.5714,0.3476,Low Potential
22.045,80.13,0,Grid Point,0.0752,0.0996,0.1274,0.2316,0.294,0.2262,327.0,2.1067,331.6559,1.6941,1.2699,1.3002,0.9767,0.2902,0,22.3409,0.5386,Moderate Potential
22.045,80.145,0,Grid Point,0.0771,0.101,0.1316,0.233,0.3232,0.26,337.0,2.9543,199.7799,1.7069,1.3866,1.2431,1.1154,0.2782,0,21.1518,0.3371,Low Potential
22.045,80.16,0,Grid Point,0.0449,0.0612,0.0588,0.2046,0.1952,0.116,334.0,1.3641,312.8271,1.3092,0.9538,1.682,0.5671,0.5533,0,20.0113,0.1775,Low Potential
22.045,80.175,0,Grid Point,0.047,0.0642,0.062,0.199,0.2084,0.128,333.0,2.0005,270.0,1.3206,1.0472,1.6288,0.643,0.5249,0,18.9283,0.1481,Low Potential
22.045,80.19,0,Grid Point,0.0377,0.0571,0.0486,0.2012,0.1713,0.1006,337.0,2.7267,47.1729,1.2895,0.8514,1.7019,0.5002,0.6112,0,17.9132,0.2786,Low Potential
22.045,80.205,0,Grid Point,0.0368,0.0512,0.0478,0.1828,0.1764,0.0996,336.0,1.3641,132.8271,1.2989,0.9653,1.7711,0.545,0.5853,0,16.9783,0.3106,Low Potential
22.045,80.22,0,Grid Point,0.0477,0.0642,0.072,0.1996,0.2242,0.1392,346.0,1.3641,227.1729,1.5094,1.1232,1.6116,0.697,0.4699,0,16.1373,0.1428,Low Potential
22.045,80.235,0,Grid Point,0.0431,0.0566,0.052,0.1979,0.2018,0.1212,341.0,1.8543,0.0,1.2065,1.02,1.6647,0.6127,0.5838,0,15.4058,0.2441,Low Potential
22.045,80.25,0,Grid Point,0.0404,0.057,0.0622,0.1754,0.202,0.1288,369.0,7.547549999999999,141.0217,1.5377,1.152,1.5689,0.7342,0.4763,0,14.7999,0.2528,Low Potential
22.045,80.265,0,Grid Point,0.0379,0.0562,0.0458,0.2104,0.1914,0.1028,427.0,7.547549999999999,96.1045,1.2084,0.9092,1.8623,0.4882,0.6425,0,14.3357,0.3689,Moderate Potential
22.045,80.28,0,Grid Point,0.036,0.0524,0.0414,0.2318,0.1679,0.0909,511.0,2.2047,294.8651,1.1516,0.7247,1.8476,0.3922,0.6969,0,14.0271,0.509,Moderate Potential
22.045,80.295,0,Grid Point,0.0404,0.0596,0.0528,0.2118,0.1985,0.1108,484.0,7.547549999999999,97.5428,1.3069,0.937,1.7915,0.523,0.601,0,13.8846,0.2778,Low Potential
22.045,80.31,0,Grid Point,0.0422,0.059,0.0516,0.2046,0.1805,0.1007,526.0,6.2043,233.4426,1.223,0.8822,1.7929,0.4921,0.5976,0,13.9132,0.3339,Low Potential
22.045,80.325,0,Grid Point,0.0334,0.0464,0.0452,0.1745,0.1669,0.0966,545.0,5.893,19.7799,1.3498,0.9564,1.7268,0.5539,0.5889,0,14.1119,0.4302,Moderate Potential
22.045,80.34,0,Grid Point,0.0416,0.0572,0.0522,0.2015,0.1962,0.1268,562.0,6.1027,319.2025,1.2548,0.9737,1.5467,0.6295,0.5885,0,14.4738,0.292,Low Potential
22.045,80.355,0,Grid Point,0.0404,0.053,0.0522,0.1904,0.192,0.1124,590.125,7.547549999999999,270.0,1.2917,1.0089,1.7079,0.5908,0.5692,0,14.9869,0.3116,Low Potential
22.045,80.37,0,Grid Point,0.0409,0.0602,0.0599,0.2106,0.2314,0.151,579.0,2.7803,0.0,1.4645,1.0988,1.533,0.7168,0.5571,0,15.6365,0.1879,Low Potential
22.045,80.385,0,Grid Point,0.044,0.0609,0.068,0.2016,0.262,0.1732,590.125,4.2078,208.3441,1.5426,1.3002,1.5126,0.8596,0.4957,0,14.1792,0.1942,Low Potential
22.045,80.4,0,Grid Point,0.059,0.0774,0.1034,0.1815,0.323,0.241,590.125,2.7267,132.8271,1.7502,1.7799,1.3407,1.3275,0.2744,0,12.6677,0.4522,Moderate Potential
22.045,80.415,0,Grid Point,0.056,0.0768,0.0986,0.2053,0.2944,0.2186,590.125,1.3641,227.1729,1.7583,1.4342,1.347,1.0648,0.3513,0,11.1653,0.4811,Moderate Potential
22.045,80.43,0,Grid Point,0.0796,0.1073,0.1384,0.25,0.3673,0.2813,590.125,1.3641,312.8271,1.7376,1.4695,1.3057,1.1254,0.2872,0,9.6764,0.2922,Low Potential
22.045,80.445,0,Grid Point,0.0401,0.0595,0.0566,0.2533,0.2188,0.1361,590.125,2.9543,199.7799,1.4115,0.8636,1.6073,0.5373,0.6347,0,8.2083,0.2218,Low Potential
22.045,80.46,0,Grid Point,0.0398,0.0554,0.0626,0.2033,0.207,0.122,590.125,1.3641,227.1729,1.5736,1.0182,1.6967,0.6001,0.5294,0,6.7744,0.2452,Low Potential
22.045,80.475,0,Grid Point,0.0375,0.0506,0.0501,0.2318,0.1762,0.0958,590.125,2.9992,270.0,1.336,0.7601,1.8392,0.4133,0.6446,0,5.4022,0.475,Moderate Potential
22.045,80.49,0,Grid Point,0.0418,0.0568,0.0649,0.2094,0.2066,0.1281,590.125,5.6359,10.1936,1.5526,0.9866,1.6126,0.6118,0.5269,0,4.1532,0.244,Low Potential
