latitude,longitude,elevation,utc_offset_seconds,timezone,timezone_abbreviation
21.124779,79.11585,310.0,19800,Asia/Kolkata,GMT+5:30

time,precipitation_sum (mm),temperature_2m_mean (°C),temperature_2m_max (°C),temperature_2m_min (°C),et0_fao_evapotranspiration (mm),wind_speed_10m_max (km/h)
2015-01-01,1.90,21.9,25.9,18.9,2.40,14.8
2015-01-02,9.50,21.2,25.1,18.1,1.91,10.6
2015-01-03,8.50,20.2,24.2,18.2,1.61,6.9
2015-01-04,0.40,20.6,25.2,17.4,2.54,12.5
2015-01-05,0.00,18.6,24.4,14.4,3.27,11.4
2015-01-06,0.00,17.3,25.2,10.3,3.48,9.0
2015-01-07,0.00,17.6,25.5,10.4,3.40,8.3
2015-01-08,0.00,18.5,25.4,12.1,3.79,10.1
2015-01-09,0.00,17.7,24.2,11.8,3.50,8.8
2015-01-10,0.00,17.3,24.8,10.0,3.40,8.8
2015-01-11,0.00,17.6,25.4,10.1,3.52,9.1
2015-01-12,0.00,18.2,26.6,10.3,3.65,9.0
2015-01-13,0.00,17.8,25.5,10.9,3.68,9.9
2015-01-14,0.00,18.4,26.2,9.8,3.72,8.8
2015-01-15,0.00,19.6,26.6,11.0,3.89,8.4
2015-01-16,0.00,19.4,26.4,13.0,3.78,10.6
2015-01-17,0.00,19.4,25.7,14.2,3.75,11.3
2015-01-18,0.00,18.6,25.1,12.8,3.67,9.6
2015-01-19,0.00,18.6,25.5,12.3,3.89,10.2
2015-01-20,0.00,19.7,26.9,12.5,4.13,9.4
2015-01-21,0.00,21.5,27.8,15.5,4.45,11.0
2015-01-22,0.00,21.9,28.1,15.3,3.94,10.6
2015-01-23,0.00,22.5,27.5,18.4,3.34,9.5
2015-01-24,0.00,22.8,28.1,17.9,3.73,14.0
2015-01-25,0.00,22.8,29.1,17.0,4.04,12.5
2015-01-26,0.00,23.3,29.0,17.1,4.18,12.0
2015-01-27,0.00,22.7,28.9,16.1,4.09,10.2
2015-01-28,0.00,22.3,27.7,17.0,3.99,11.5
2015-01-29,0.00,21.8,26.9,16.5,3.56,13.2
2015-01-30,0.00,20.5,26.5,16.2,4.45,13.5
2015-01-31,0.00,19.4,26.4,12.7,4.32,9.9
2015-02-01,0.00,20.6,28.2,13.4,4.63,10.7
2015-02-02,0.00,21.7,29.9,13.2,4.97,11.9
2015-02-03,0.00,22.8,30.5,15.2,4.49,10.0
2015-02-04,0.00,23.5,30.3,16.1,4.29,8.7
2015-02-05,0.00,23.7,29.5,18.4,4.24,11.1
2015-02-06,0.00,23.7,29.9,17.5,4.77,10.6
2015-02-07,0.00,23.0,30.2,16.0,4.71,10.2
2015-02-08,0.00,23.6,29.8,16.9,4.48,12.0
2015-02-09,0.80,23.0,28.0,18.6,4.07,12.9
2015-02-10,0.30,23.7,29.6,18.7,4.53,10.2
2015-02-11,1.80,23.1,29.0,18.2,4.19,11.4
2015-02-12,2.40,22.2,27.4,17.4,3.48,12.6
2015-02-13,0.00,22.8,30.2,15.8,4.81,10.1
2015-02-14,0.00,22.4,30.1,14.1,4.72,9.6
2015-02-15,0.00,24.1,32.8,15.6,5.39,10.5
2015-02-16,0.00,24.6,32.1,17.4,4.96,9.1
2015-02-17,0.00,25.2,33.9,16.3,5.52,12.0
2015-02-18,0.00,25.5,33.2,18.0,5.21,9.4
2015-02-19,0.00,25.4,32.3,19.1,5.73,13.3
2015-02-20,0.10,25.3,31.6,18.1,4.59,10.5
2015-02-21,0.00,25.9,32.6,19.0,4.92,8.0
2015-02-22,0.00,26.2,34.1,18.6,5.35,8.2
2015-02-23,0.00,26.3,33.6,18.9,5.19,8.3
2015-02-24,0.00,27.0,34.3,19.8,5.58,9.4
2015-02-25,0.00,27.1,34.4,19.4,5.89,11.2
2015-02-26,0.00,27.4,34.4,20.8,6.09,12.7
2015-02-27,0.00,27.1,32.7,21.8,4.91,9.5
2015-02-28,1.50,26.1,33.0,21.5,5.28,13.9
2015-03-01,42.10,20.1,22.4,18.7,0.98,10.8
2015-03-02,21.70,21.6,25.2,18.8,2.89,11.8
2015-03-03,0.50,21.8,26.9,17.9,4.00,12.3
2015-03-04,0.00,20.7,26.2,15.5,4.89,12.3
2015-03-05,0.00,21.3,27.7,14.1,4.83,9.3
2015-03-06,0.00,22.5,28.6,17.3,4.78,9.8
2015-03-07,0.00,23.4,29.7,16.7,5.04,9.2
2015-03-08,0.10,24.9,31.3,16.4,5.07,8.0
2015-03-09,3.30,25.0,31.4,19.5,4.79,9.0
2015-03-10,0.20,25.3,31.2,20.5,4.89,9.5
2015-03-11,0.10,26.1,31.8,20.4,5.08,9.3
2015-03-12,0.30,26.1,31.9,21.5,5.30,12.7
2015-03-13,1.80,25.2,32.1,19.4,5.13,13.0
2015-03-14,1.00,25.1,30.8,19.6,5.28,12.2
2015-03-15,0.00,26.3,32.3,20.8,5.56,12.0
2015-03-16,2.80,25.5,31.7,20.8,4.78,10.3
2015-03-17,0.00,26.0,31.7,20.6,4.71,10.1
2015-03-18,0.00,26.1,31.9,20.9,5.87,14.4
2015-03-19,0.00,25.9,32.0,19.6,5.97,12.7
2015-03-20,0.00,27.2,33.4,20.7,5.67,10.8
2015-03-21,0.00,28.3,34.9,22.0,6.25,11.8
2015-03-22,0.00,28.9,36.2,21.2,6.16,8.4
2015-03-23,0.00,29.6,37.1,20.9,6.26,9.7
2015-03-24,0.00,30.6,37.3,23.6,6.76,10.5
2015-03-25,0.00,30.5,37.4,23.5,6.69,11.2
2015-03-26,0.00,30.7,37.4,23.9,6.77,12.8
2015-03-27,0.00,30.1,37.0,22.3,6.02,9.7
2015-03-28,0.00,30.7,36.8,23.6,6.10,9.6
2015-03-29,0.70,30.0,37.0,23.7,5.80,10.0
2015-03-30,1.30,27.1,31.3,23.4,4.49,10.8
2015-03-31,0.00,28.5,35.0,21.8,5.38,8.5
2015-04-01,0.00,29.7,36.9,22.5,6.61,10.5
2015-04-02,0.00,29.9,38.0,21.2,7.21,15.4
2015-04-03,0.00,30.9,38.4,24.0,7.51,12.8
2015-04-04,0.00,30.7,37.2,25.4,8.35,16.0
2015-04-05,0.00,30.6,37.2,24.6,7.55,14.4
2015-04-06,0.00,30.9,37.5,24.0,7.09,11.6
2015-04-07,0.00,31.2,38.7,23.1,6.80,9.7
2015-04-08,4.90,29.7,37.6,24.6,6.11,14.3
2015-04-09,0.90,29.9,36.7,23.3,5.89,13.5
2015-04-10,1.40,30.9,37.1,24.3,5.89,12.4
2015-04-11,1.00,28.8,33.0,26.1,5.09,15.8
2015-04-12,19.80,24.6,31.0,20.8,4.82,18.2
2015-04-13,5.00,23.3,28.6,19.5,4.00,10.5
2015-04-14,13.10,22.6,27.6,18.8,4.07,10.8
2015-04-15,6.70,24.0,29.5,19.0,4.55,11.2
2015-04-16,0.50,25.7,31.2,20.1,4.97,6.3
2015-04-17,0.00,27.7,34.0,22.2,5.47,6.8
2015-04-18,0.00,29.5,37.2,22.1,6.36,10.2
2015-04-19,0.00,31.6,39.1,24.2,6.76,10.0
2015-04-20,0.00,32.4,39.5,26.4,6.46,12.0
2015-04-21,0.00,33.1,40.1,26.7,7.14,12.9
2015-04-22,0.00,33.1,40.1,26.6,7.52,14.3
2015-04-23,0.00,32.6,38.4,27.1,6.46,12.6
2015-04-24,0.00,32.3,39.2,26.2,7.84,12.6
2015-04-25,0.00,31.5,38.4,26.1,6.94,11.9
2015-04-26,0.00,30.9,38.6,24.7,7.39,12.4
2015-04-27,0.00,31.6,39.1,23.8,7.13,16.8
2015-04-28,0.00,34.0,42.2,27.3,8.76,17.1
2015-04-29,0.00,34.3,41.7,27.9,9.10,17.1
2015-04-30,0.00,33.5,40.5,25.8,6.83,10.2
2015-05-01,0.00,33.4,41.4,24.9,8.28,14.9
2015-05-02,0.00,33.3,40.0,25.4,6.77,9.5
2015-05-03,0.00,33.1,40.4,25.6,6.75,8.0
2015-05-04,0.00,33.1,38.9,26.8,6.97,10.8
2015-05-05,0.40,32.7,39.0,26.4,6.80,10.0
2015-05-06,0.70,33.0,40.1,27.0,6.98,11.9
2015-05-07,0.00,33.4,41.1,25.4,7.29,11.7
2015-05-08,0.00,34.6,42.2,27.3,7.40,11.7
2015-05-09,0.00,33.9,41.0,26.7,7.12,14.8
2015-05-10,1.80,33.5,40.3,27.9,6.14,13.6
2015-05-11,2.30,32.5,39.3,25.9,6.60,13.0
2015-05-12,0.00,33.6,39.6,27.5,6.77,12.8
2015-05-13,0.00,34.2,40.0,28.2,6.83,14.3
2015-05-14,4.70,30.2,36.5,24.8,5.57,9.8
2015-05-15,4.70,29.3,34.9,24.7,3.74,10.1
2015-05-16,0.00,30.7,36.3,25.8,5.74,13.3
2015-05-17,0.00,33.0,39.0,26.7,6.76,13.3
2015-05-18,0.00,34.4,41.2,27.5,7.33,12.1
2015-05-19,0.00,37.1,44.7,29.3,8.65,14.0
2015-05-20,0.00,38.1,44.4,33.1,10.45,18.7
2015-05-21,0.00,37.2,44.7,30.1,9.32,17.6
2015-05-22,0.00,37.9,44.3,32.3,10.54,21.5
2015-05-23,0.00,37.0,42.9,31.9,10.58,22.6
2015-05-24,0.00,36.7,42.7,30.9,9.18,20.9
2015-05-25,0.00,37.0,43.8,31.2,10.23,21.1
2015-05-26,0.20,37.0,43.7,31.8,8.53,17.7
2015-05-27,0.00,37.4,43.6,31.9,9.52,21.8
2015-05-28,0.00,37.9,43.9,31.9,9.32,17.7
2015-05-29,0.00,38.1,44.1,32.7,9.23,18.4
2015-05-30,0.00,38.8,44.7,32.9,9.80,17.8
2015-05-31,0.00,38.5,44.0,33.4,8.41,16.1
2015-06-01,0.00,35.4,41.8,31.1,8.43,21.8
2015-06-02,0.00,34.3,39.1,29.8,6.58,11.1
2015-06-03,0.00,33.1,38.2,28.0,5.71,6.8
2015-06-04,0.10,33.5,38.5,29.0,6.19,10.8
2015-06-05,0.00,34.5,38.8,29.8,7.43,17.4
2015-06-06,0.30,35.6,40.8,30.7,7.17,11.9
2015-06-07,0.00,34.1,39.2,30.2,6.59,13.0
2015-06-08,0.00,34.2,39.9,29.9,6.70,20.0
2015-06-09,0.90,33.3,39.2,29.6,7.09,18.4
2015-06-10,3.70,33.7,39.7,28.4,6.25,14.7
2015-06-11,4.60,33.0,38.3,27.8,6.33,15.1
2015-06-12,17.50,29.0,34.2,26.3,4.00,10.2
2015-06-13,15.90,27.8,32.1,25.1,3.49,10.7
2015-06-14,21.00,26.7,30.3,24.1,2.62,10.8
2015-06-15,7.80,28.4,33.0,24.8,3.67,15.6
2015-06-16,7.50,27.8,32.6,24.9,3.27,12.5
2015-06-17,20.80,27.5,31.2,24.7,3.60,13.6
2015-06-18,10.60,27.9,32.8,25.1,4.16,12.4
2015-06-19,23.20,27.6,31.8,25.0,3.62,11.5
2015-06-20,33.80,27.3,32.6,24.7,3.53,14.1
2015-06-21,32.90,26.7,30.7,24.6,2.43,14.7
2015-06-22,17.30,25.3,27.7,24.2,1.61,20.9
2015-06-23,0.60,27.2,30.7,24.7,3.54,18.7
2015-06-24,5.50,27.4,30.6,24.7,3.55,21.3
2015-06-25,0.00,27.0,28.4,25.6,3.04,27.8
2015-06-26,0.00,28.1,30.6,25.9,4.84,21.1
2015-06-27,0.00,28.4,31.9,25.9,4.78,18.1
2015-06-28,0.00,28.9,32.7,26.1,5.49,16.4
2015-06-29,0.00,28.7,31.5,25.8,4.29,10.7
2015-06-30,0.00,28.9,33.1,26.0,4.63,13.6
2015-07-01,1.80,27.8,30.9,25.6,3.37,9.8
2015-07-02,2.50,27.5,31.1,24.4,3.07,10.1
2015-07-03,0.00,28.8,32.1,25.8,5.46,17.1
2015-07-04,0.00,28.6,32.0,25.3,5.15,21.0
2015-07-05,0.00,29.4,33.4,25.9,6.20,25.6
2015-07-06,0.00,28.7,31.7,25.8,4.87,23.1
2015-07-07,0.00,28.7,31.6,26.1,4.75,21.3
2015-07-08,1.00,29.0,31.4,26.6,4.83,21.1
2015-07-09,7.00,27.7,30.0,25.1,3.36,25.5
2015-07-10,103.10,24.6,25.0,24.2,1.17,19.8
2015-07-11,28.70,25.1,27.7,23.6,1.45,16.8
2015-07-12,0.10,27.5,31.1,23.7,4.25,15.6
2015-07-13,0.00,28.5,32.4,25.3,4.26,11.4
2015-07-14,0.30,28.9,33.4,24.8,5.15,14.1
2015-07-15,0.00,29.2,32.7,26.7,4.85,14.2
2015-07-16,0.00,28.7,32.1,26.0,5.09,14.2
2015-07-17,0.00,27.8,29.9,26.2,3.27,13.2
2015-07-18,2.30,27.0,30.3,24.7,3.11,12.9
2015-07-19,4.60,25.9,27.4,25.0,1.83,19.0
2015-07-20,0.10,26.3,28.1,25.3,2.83,19.5
2015-07-21,5.20,25.5,27.8,24.0,1.69,17.7
2015-07-22,8.00,26.7,30.1,24.5,3.16,13.2
2015-07-23,5.50,26.0,28.2,24.1,2.41,15.2
2015-07-24,3.50,26.1,28.8,24.6,2.28,14.0
2015-07-25,4.80,26.0,28.4,24.3,2.66,20.3
2015-07-26,0.20,26.1,28.7,23.6,3.11,17.7
2015-07-27,0.30,26.3,29.0,24.0,3.30,18.6
2015-07-28,1.40,26.7,30.7,23.7,4.55,19.1
2015-07-29,0.40,26.5,29.7,23.6,4.28,21.3
2015-07-30,2.20,26.8,29.8,24.2,4.01,20.9
2015-07-31,0.10,27.2,30.4,24.5,4.58,19.6
2015-08-01,0.30,27.1,30.9,24.2,4.65,15.3
2015-08-02,1.20,27.1,30.8,24.5,4.45,16.4
2015-08-03,44.00,25.3,26.7,24.1,1.93,16.9
2015-08-04,113.70,23.2,24.0,22.6,0.82,27.4
2015-08-05,20.20,23.3,24.4,22.3,1.70,27.0
2015-08-06,4.50,24.7,27.2,22.9,2.51,21.6
2015-08-07,1.60,26.4,29.7,23.6,3.12,11.7
2015-08-08,2.40,26.7,29.9,24.7,2.73,13.7
2015-08-09,3.10,26.7,30.6,24.4,3.23,11.0
2015-08-10,2.70,26.9,29.7,24.6,3.04,11.8
2015-08-11,8.00,26.5,30.8,24.3,2.64,7.5
2015-08-12,0.90,26.3,29.4,24.2,2.32,8.6
2015-08-13,41.40,24.4,25.7,23.6,0.81,14.8
2015-08-14,17.10,25.1,28.3,23.1,2.01,14.8
2015-08-15,1.30,26.8,30.5,24.5,3.31,12.2
2015-08-16,3.30,27.2,30.3,25.0,3.51,14.3
2015-08-17,10.00,26.2,29.2,24.7,2.23,10.4
2015-08-18,1.80,27.2,30.9,24.4,3.33,12.5
2015-08-19,0.00,27.6,30.9,24.4,3.72,10.8
2015-08-20,0.20,27.8,31.7,24.6,4.43,13.4
2015-08-21,0.00,27.5,31.0,23.9,5.00,15.1
2015-08-22,0.30,27.2,30.6,24.6,4.20,14.0
2015-08-23,0.00,26.9,30.5,23.3,4.42,15.1
2015-08-24,0.00,27.3,31.2,23.8,4.69,16.3
2015-08-25,0.00,27.6,31.6,24.6,4.82,17.3
2015-08-26,0.10,28.0,31.9,24.7,4.76,16.1
2015-08-27,9.40,26.2,27.6,25.0,1.72,12.6
2015-08-28,13.20,26.5,29.8,24.2,2.38,13.2
2015-08-29,25.40,25.7,28.0,24.1,1.82,14.0
2015-08-30,19.70,25.3,27.2,24.3,1.27,12.7
2015-08-31,12.80,26.1,29.8,24.2,2.51,16.1
2015-09-01,1.00,27.0,30.9,24.1,4.03,13.5
2015-09-02,0.10,26.8,30.7,23.7,4.67,13.0
2015-09-03,0.30,26.5,31.5,22.1,4.68,6.6
2015-09-04,0.10,26.9,30.7,23.6,3.88,10.9
2015-09-05,0.00,27.8,31.8,23.6,4.56,5.8
2015-09-06,0.60,28.1,32.4,24.6,4.19,8.1
2015-09-07,5.60,27.1,31.3,24.3,3.99,8.1
2015-09-08,9.30,26.4,30.7,23.5,3.91,7.9
2015-09-09,0.00,27.5,31.9,23.4,4.37,9.1
2015-09-10,0.00,27.9,32.5,23.7,4.90,7.9
2015-09-11,0.00,28.4,32.6,23.9,4.66,8.4
2015-09-12,0.00,28.8,32.8,25.0,4.35,6.8
2015-09-13,5.50,27.8,32.3,24.5,4.27,5.5
2015-09-14,8.80,26.9,31.4,24.3,3.89,9.2
2015-09-15,9.00,27.6,31.4,25.0,3.70,8.2
2015-09-16,6.00,27.1,31.7,24.7,3.57,15.9
2015-09-17,58.90,24.9,25.6,24.0,1.06,25.7
2015-09-18,2.80,26.6,29.7,23.8,3.64,28.6
2015-09-19,0.00,27.3,30.9,24.1,3.85,10.0
2015-09-20,0.00,26.7,29.6,24.6,2.01,9.8
2015-09-21,0.30,27.2,31.1,24.8,2.91,7.7
2015-09-22,0.10,27.1,30.8,23.5,4.00,10.5
2015-09-23,0.20,27.3,31.7,23.8,4.09,9.9
2015-09-24,0.00,27.1,31.2,23.4,4.44,10.5
2015-09-25,0.00,26.5,31.6,22.4,5.00,10.2
2015-09-26,0.00,25.8,31.2,20.0,4.76,10.4
2015-09-27,0.00,26.5,31.2,22.2,4.35,12.5
2015-09-28,0.00,26.6,31.2,21.9,4.20,9.2
2015-09-29,0.10,26.8,31.6,22.5,4.40,10.2
2015-09-30,0.00,27.1,32.1,22.3,4.68,10.0
2015-10-01,0.20,27.5,31.9,23.1,4.44,8.3
2015-10-02,0.20,28.5,32.9,24.5,4.19,6.8
2015-10-03,1.00,28.1,33.3,24.1,4.30,8.0
2015-10-04,0.00,28.1,33.6,23.7,4.78,9.4
2015-10-05,0.00,27.0,33.2,21.0,4.83,8.8
2015-10-06,0.00,27.0,33.9,20.5,5.41,12.0
2015-10-07,0.00,27.1,33.0,20.5,4.89,8.9
2015-10-08,0.00,27.2,33.0,21.9,4.51,7.2
2015-10-09,0.00,27.8,33.8,22.1,4.76,8.3
2015-10-10,0.00,27.6,34.3,22.2,4.58,9.2
2015-10-11,0.00,27.5,33.9,20.8,4.17,7.2
2015-10-12,0.00,28.1,34.2,21.7,4.36,6.6
2015-10-13,0.00,28.0,34.1,21.3,4.55,7.3
2015-10-14,0.00,27.8,34.5,21.3,5.02,8.6
2015-10-15,0.10,27.6,32.6,22.7,4.55,8.6
2015-10-16,0.00,27.7,32.2,23.4,4.47,8.6
2015-10-17,0.00,28.0,33.2,22.3,4.82,8.1
2015-10-18,0.00,27.2,32.2,21.2,3.95,8.0
2015-10-19,0.00,27.5,32.5,21.7,3.93,6.9
2015-10-20,0.00,28.1,33.4,22.7,4.18,7.6
2015-10-21,0.00,28.2,33.2,22.7,4.24,8.4
2015-10-22,0.00,28.0,33.2,23.2,3.88,6.6
2015-10-23,0.00,28.2,33.1,23.1,4.24,6.6
2015-10-24,0.20,28.1,32.7,22.9,4.13,8.7
2015-10-25,0.00,27.7,32.1,23.3,4.24,9.4
2015-10-26,0.10,27.5,32.1,22.6,4.29,7.3
2015-10-27,0.50,27.1,32.0,22.3,3.94,8.2
2015-10-28,0.20,27.3,32.1,22.3,4.24,7.3
2015-10-29,1.10,25.3,30.1,22.0,3.74,11.9
2015-10-30,0.20,24.3,28.2,20.6,3.53,13.6
2015-10-31,0.30,24.5,28.6,20.6,3.83,12.9
2015-11-01,0.20,24.8,28.8,20.8,3.64,15.2
2015-11-02,0.00,25.5,29.7,21.4,3.58,10.9
2015-11-03,0.00,25.8,30.7,20.8,3.91,9.9
2015-11-04,0.00,25.9,30.5,20.8,3.48,6.4
2015-11-05,0.00,26.3,31.2,20.2,3.66,5.4
2015-11-06,0.00,26.5,30.8,22.1,3.46,6.5
2015-11-07,0.00,26.7,31.3,21.7,3.87,6.8
2015-11-08,0.00,26.7,31.5,21.8,4.27,10.9
2015-11-09,0.00,26.1,31.1,20.9,4.36,9.6
2015-11-10,0.00,25.9,31.2,20.9,4.29,10.3
2015-11-11,0.00,25.8,31.8,19.8,4.47,10.6
2015-11-12,0.00,25.6,31.4,20.0,4.43,9.7
2015-11-13,0.00,25.6,32.0,19.3,4.53,8.5
2015-11-14,0.00,25.2,31.5,19.0,4.48,8.9
2015-11-15,0.00,25.0,32.0,18.2,4.50,9.2
2015-11-16,0.00,25.5,31.8,19.8,4.56,9.2
2015-11-17,0.00,25.1,31.4,18.8,4.52,10.3
2015-11-18,0.00,24.5,30.4,18.3,4.58,12.0
2015-11-19,0.00,24.4,30.1,19.1,4.79,15.2
2015-11-20,0.00,23.7,30.0,18.2,4.55,12.8
2015-11-21,0.00,23.6,30.1,17.1,4.30,11.2
2015-11-22,0.00,24.0,30.2,18.1,4.09,9.5
2015-11-23,0.00,24.3,30.2,18.5,4.02,8.7
2015-11-24,0.00,24.7,30.4,19.4,3.36,7.7
2015-11-25,0.00,25.4,30.7,20.4,4.10,11.1
2015-11-26,0.00,25.2,31.3,19.8,4.09,9.7
2015-11-27,0.00,25.7,31.7,19.1,3.86,7.1
2015-11-28,0.00,25.5,30.3,20.0,3.62,10.2
2015-11-29,0.00,26.1,31.3,21.4,3.91,8.5
2015-11-30,0.00,25.2,30.7,20.3,4.06,10.5
2015-12-01,0.00,24.3,30.6,17.2,3.98,8.2
2015-12-02,0.00,24.8,30.6,17.5,3.64,8.4
2015-12-03,0.00,25.3,31.0,20.0,3.80,8.6
2015-12-04,0.00,24.5,29.7,20.2,4.10,11.2
2015-12-05,0.00,23.3,29.9,17.6,4.06,9.0
2015-12-06,0.00,22.6,29.3,16.1,3.91,9.0
2015-12-07,0.00,22.0,29.4,15.1,4.06,9.4
2015-12-08,0.00,21.6,29.4,14.1,3.92,10.1
2015-12-09,0.00,21.8,28.9,13.5,3.76,10.2
2015-12-10,0.00,23.3,29.5,17.9,4.03,10.2
2015-12-11,0.00,24.7,30.7,19.2,3.59,9.9
2015-12-12,0.00,25.0,30.1,20.5,3.45,10.2
2015-12-13,0.00,24.3,29.7,19.1,3.77,11.8
2015-12-14,0.00,24.1,28.6,20.0,3.98,13.7
2015-12-15,0.00,22.0,27.4,17.3,4.15,10.8
2015-12-16,0.00,22.7,28.5,17.3,3.76,9.3
2015-12-17,0.00,24.1,29.6,20.1,3.19,10.0
2015-12-18,0.00,22.3,27.0,18.6,4.23,13.9
2015-12-19,0.00,21.2,26.9,15.8,4.15,12.0
2015-12-20,0.20,22.2,27.5,17.5,3.07,7.5
2015-12-21,0.70,22.7,27.5,18.2,2.79,8.5
2015-12-22,0.00,23.1,28.5,18.3,3.47,10.7
2015-12-23,0.20,22.8,27.9,18.8,3.80,12.1
2015-12-24,0.00,20.2,25.6,15.8,4.57,13.1
2015-12-25,0.00,17.6,23.1,12.8,4.28,14.3
2015-12-26,0.00,17.5,23.9,12.0,3.80,9.7
2015-12-27,0.00,19.2,27.4,12.0,3.94,9.4
2015-12-28,0.00,20.4,29.3,12.4,3.82,8.7
2015-12-29,0.00,21.2,30.1,12.7,3.60,9.9
2015-12-30,0.00,22.0,29.9,13.9,3.74,8.7
2015-12-31,0.00,22.7,30.7,14.5,3.89,9.7
2016-01-01,0.00,23.1,30.3,16.5,3.86,8.4
2016-01-02,0.00,23.0,30.2,16.1,3.70,10.6
2016-01-03,0.00,22.2,28.3,17.1,4.05,10.4
2016-01-04,0.00,22.0,28.1,15.5,4.14,9.1
2016-01-05,0.00,21.0,28.3,13.8,3.82,10.5
2016-01-06,0.00,21.4,28.6,14.0,3.78,9.9
2016-01-07,0.00,21.8,28.5,15.1,3.32,8.4
2016-01-08,0.00,21.8,28.7,15.1,3.51,8.3
2016-01-09,0.00,21.9,29.2,14.9,3.77,9.8
2016-01-10,0.00,21.1,27.5,14.5,3.85,9.1
2016-01-11,0.00,21.2,28.2,15.3,3.84,7.6
2016-01-12,0.00,21.1,28.0,14.2,4.19,9.5
2016-01-13,0.00,21.7,28.2,15.5,4.07,9.9
2016-01-14,0.00,21.9,28.2,16.1,3.89,10.6
2016-01-15,0.00,22.6,27.5,18.1,3.61,12.0
2016-01-16,0.00,22.3,27.2,17.3,3.07,8.9
2016-01-17,0.00,22.2,26.8,18.4,3.29,12.2
2016-01-18,0.50,21.9,26.9,18.3,3.02,10.0
2016-01-19,0.00,22.3,27.4,18.4,4.18,19.1
2016-01-20,0.00,19.5,24.3,15.7,3.87,14.7
2016-01-21,0.00,17.7,23.1,13.0,4.12,13.2
2016-01-22,0.00,17.0,23.5,11.2,4.05,11.2
2016-01-23,0.00,17.1,24.5,9.9,4.14,9.9
2016-01-24,0.00,18.2,26.4,9.0,3.99,10.7
2016-01-25,0.00,19.8,27.5,12.5,4.18,10.2
2016-01-26,0.00,21.3,28.8,13.8,4.03,7.7
2016-01-27,0.00,22.4,30.3,16.1,4.29,9.0
2016-01-28,0.00,21.8,29.6,13.8,4.20,9.1
2016-01-29,0.00,22.9,29.8,15.4,4.35,9.2
2016-01-30,0.00,23.6,32.1,15.1,4.49,9.5
2016-01-31,0.00,24.1,32.7,15.6,4.28,8.6
2016-02-01,0.00,24.4,32.1,16.6,4.52,8.6
2016-02-02,0.00,24.3,32.3,16.8,4.77,10.2
2016-02-03,0.00,23.1,29.8,17.3,4.75,11.3
2016-02-04,0.00,21.8,28.3,16.1,4.83,11.0
2016-02-05,0.00,22.2,29.6,15.1,4.75,9.7
2016-02-06,0.00,23.5,30.8,15.6,4.84,10.2
2016-02-07,0.00,25.9,31.8,21.1,4.94,11.9
2016-02-08,0.00,23.9,29.8,18.9,5.08,13.4
2016-02-09,0.00,22.9,29.3,17.2,4.92,11.7
2016-02-10,0.00,24.6,31.7,17.5,4.49,9.0
2016-02-11,0.00,26.4,32.5,21.3,5.12,11.2
2016-02-12,0.00,24.7,31.0,18.0,4.97,9.3
2016-02-13,0.00,25.5,31.3,20.1,4.28,10.7
2016-02-14,0.00,25.2,30.8,19.8,4.80,11.4
2016-02-15,0.00,25.7,30.6,20.9,4.01,11.4
2016-02-16,0.00,26.1,32.6,20.2,5.42,11.6
2016-02-17,0.00,25.5,32.6,18.3,5.28,10.2
2016-02-18,0.00,26.5,33.7,19.4,5.26,9.7
2016-02-19,0.00,26.6,33.9,19.6,5.41,10.5
2016-02-20,0.00,27.3,34.8,19.7,4.99,8.9
2016-02-21,0.00,27.7,34.4,21.7,5.00,10.0
2016-02-22,0.00,27.9,32.9,23.2,4.80,11.5
2016-02-23,0.00,27.7,33.0,22.6,5.63,12.4
2016-02-24,0.00,27.5,33.2,22.7,4.96,9.5
2016-02-25,0.00,27.7,33.0,22.8,5.12,11.6
2016-02-26,1.80,26.7,33.0,22.7,4.50,13.2
2016-02-27,1.00,25.5,31.0,21.5,3.70,11.5
2016-02-28,0.70,26.1,32.2,21.6,4.22,10.1
2016-02-29,1.80,26.2,30.2,22.3,4.21,11.2
2016-03-01,1.90,25.7,31.4,20.2,4.04,5.8
2016-03-02,0.20,27.1,33.1,20.9,4.69,8.6
2016-03-03,0.20,27.4,33.6,21.1,4.49,11.4
2016-03-04,0.00,27.3,34.6,20.9,4.63,6.8
2016-03-05,0.40,27.5,34.0,21.0,5.20,8.5
2016-03-06,6.20,26.0,31.5,22.0,4.48,13.6
2016-03-07,0.00,26.8,33.7,20.9,5.29,14.8
2016-03-08,0.00,27.3,33.9,19.9,5.06,10.9
2016-03-09,0.00,28.3,34.2,22.3,4.75,8.7
2016-03-10,0.00,28.7,36.0,21.1,5.29,7.9
2016-03-11,0.00,29.4,36.7,22.4,5.85,9.7
2016-03-12,0.60,29.7,37.1,22.2,5.77,16.3
2016-03-13,0.40,27.9,32.2,23.3,5.37,12.3
2016-03-14,0.20,26.8,32.5,21.2,5.20,8.9
2016-03-15,1.50,25.9,31.1,21.3,4.67,9.8
2016-03-16,0.00,26.6,31.8,21.6,5.27,12.6
2016-03-17,0.30,27.6,32.9,22.3,5.09,12.0
2016-03-18,0.00,29.8,36.6,23.2,5.37,8.9
2016-03-19,0.00,30.3,37.4,23.7,7.46,17.6
2016-03-20,0.00,30.6,37.2,24.7,7.98,16.8
2016-03-21,0.00,30.5,37.5,24.3,7.96,13.3
2016-03-22,0.00,29.8,36.9,22.3,7.07,12.2
2016-03-23,0.00,29.3,37.2,22.1,6.73,10.2
2016-03-24,0.00,29.5,38.0,20.5,7.10,10.9
2016-03-25,0.00,30.4,38.0,22.5,7.35,11.1
2016-03-26,0.00,31.0,38.8,22.4,6.78,9.7
2016-03-27,2.60,30.5,38.8,23.8,6.32,18.7
2016-03-28,0.00,28.8,36.4,21.2,5.98,11.5
2016-03-29,0.00,31.2,38.7,24.5,6.45,9.8
2016-03-30,0.00,31.2,38.6,22.6,6.65,10.6
2016-03-31,0.00,31.2,38.8,23.9,6.74,12.8
2016-04-01,0.00,31.2,39.5,21.9,6.27,8.9
2016-04-02,0.00,32.4,40.3,24.1,6.88,9.4
2016-04-03,0.00,33.5,41.2,24.3,6.77,9.4
2016-04-04,0.20,34.2,40.6,28.3,6.24,8.9
2016-04-05,0.20,33.4,39.7,27.1,6.84,14.0
2016-04-06,0.50,32.5,38.3,27.5,6.53,11.3
2016-04-07,1.00,31.9,38.3,27.7,6.74,14.6
2016-04-08,0.00,32.2,38.8,24.3,6.26,10.4
2016-04-09,0.00,33.5,39.3,26.0,6.81,14.3
2016-04-10,0.00,33.9,39.6,27.8,6.82,11.3
2016-04-11,0.00,34.4,40.6,27.2,8.12,12.7
2016-04-12,0.00,34.5,40.0,28.8,7.77,14.6
2016-04-13,0.00,33.7,40.0,26.6,7.76,12.1
2016-04-14,0.00,33.8,41.2,25.4,8.03,11.4
2016-04-15,0.00,34.0,42.1,24.4,6.61,9.4
2016-04-16,0.00,34.9,42.6,24.9,7.02,9.5
2016-04-17,0.00,35.2,42.2,27.4,7.25,9.4
2016-04-18,0.00,35.0,41.5,27.3,7.21,9.9
2016-04-19,0.00,35.4,40.9,28.4,6.52,11.6
2016-04-20,0.00,36.5,41.8,30.2,6.75,9.9
2016-04-21,0.00,36.5,43.5,28.7,8.85,16.6
2016-04-22,0.00,36.2,42.9,30.5,9.66,17.6
2016-04-23,0.00,34.4,40.3,28.6,9.67,20.5
2016-04-24,0.00,34.8,41.0,29.3,8.89,15.0
2016-04-25,0.00,35.2,42.0,28.0,8.91,15.6
2016-04-26,0.00,36.1,42.2,29.0,7.07,12.4
2016-04-27,0.00,35.8,42.4,28.5,7.15,12.0
2016-04-28,0.00,35.4,40.8,28.2,6.68,10.4
2016-04-29,0.50,35.2,41.9,29.9,7.73,13.7
2016-04-30,0.00,35.2,42.6,28.9,7.98,14.2
2016-05-01,0.00,35.0,42.3,26.4,8.13,14.0
2016-05-02,0.00,35.9,42.5,28.9,8.14,18.0
2016-05-03,1.00,34.2,41.1,27.9,7.36,14.7
2016-05-04,2.30,33.2,39.9,26.8,7.13,12.3
2016-05-05,1.90,32.3,38.1,28.0,7.10,16.4
2016-05-06,0.50,30.1,35.6,25.1,6.79,19.8
2016-05-07,0.00,30.7,36.8,24.6,6.08,7.5
2016-05-08,0.30,32.0,37.8,25.8,6.47,16.3
2016-05-09,0.00,32.4,38.4,27.0,6.58,9.9
2016-05-10,0.00,32.5,38.9,27.4,6.75,13.1
2016-05-11,0.10,33.3,40.0,26.9,6.57,11.5
2016-05-12,0.00,34.7,41.4,27.3,6.94,9.8
2016-05-13,0.00,36.2,42.7,30.3,7.66,12.2
2016-05-14,0.00,36.5,42.8,29.8,6.93,10.0
2016-05-15,0.00,37.1,43.3,31.2,8.36,12.8
2016-05-16,0.00,37.2,43.0,31.4,8.23,12.8
2016-05-17,0.00,37.1,43.2,31.2,7.56,13.4
2016-05-18,0.00,36.4,42.2,31.6,7.79,16.7
2016-05-19,0.00,36.0,41.2,31.1,7.20,12.0
2016-05-20,0.00,36.5,42.7,31.0,7.50,13.8
2016-05-21,0.00,37.4,43.8,32.5,10.07,23.0
2016-05-22,0.00,36.5,43.0,31.4,10.15,23.8
2016-05-23,0.00,35.9,41.9,31.0,9.45,23.8
2016-05-24,0.00,36.1,41.7,31.7,9.12,19.0
2016-05-25,0.00,35.9,41.8,31.1,9.94,23.5
2016-05-26,0.00,35.0,41.1,29.1,8.34,18.4
2016-05-27,0.00,35.9,41.8,31.3,8.95,20.9
2016-05-28,0.00,36.1,42.1,31.3,9.41,20.5
2016-05-29,0.00,35.5,40.7,30.6,8.66,16.0
2016-05-30,0.00,35.1,40.1,30.2,7.54,13.8
2016-05-31,0.00,35.1,39.9,29.7,6.38,9.8
2016-06-01,0.00,36.1,41.0,30.7,7.14,16.9
2016-06-02,0.00,36.6,41.3,32.1,7.02,16.1
2016-06-03,0.00,37.5,42.5,32.6,8.38,17.2
2016-06-04,0.00,36.5,42.3,30.5,7.89,16.1
2016-06-05,0.00,35.1,41.0,30.5,7.21,16.9
2016-06-06,0.00,34.9,40.6,29.6,6.33,9.2
2016-06-07,0.40,35.0,40.8,30.4,6.30,14.7
2016-06-08,0.20,35.4,40.0,30.6,7.28,15.6
2016-06-09,0.20,33.7,38.5,29.6,6.11,15.0
2016-06-10,0.00,33.7,40.3,27.5,7.18,16.4
2016-06-11,0.60,35.4,41.0,31.2,7.58,13.9
2016-06-12,0.00,34.8,39.8,30.6,7.74,17.3
2016-06-13,0.00,35.2,40.0,31.0,8.55,18.5
2016-06-14,0.00,34.4,39.4,30.2,8.64,20.6
2016-06-15,0.00,34.2,38.8,30.0,8.43,20.4
2016-06-16,0.00,34.4,39.1,29.9,8.39,18.8
2016-06-17,5.60,31.7,37.6,27.1,4.93,14.1
2016-06-18,13.70,27.2,29.8,24.9,1.97,17.9
2016-06-19,21.60,28.6,33.4,25.0,4.26,9.1
2016-06-20,1.90,28.9,33.2,25.1,4.89,13.5
2016-06-21,0.70,30.1,33.6,27.5,5.30,12.6
2016-06-22,0.30,31.0,34.9,27.5,5.68,12.9
2016-06-23,2.80,30.2,34.9,26.5,5.09,13.8
2016-06-24,18.30,28.4,32.0,25.3,2.69,11.8
2016-06-25,22.60,27.7,32.5,24.8,3.57,11.2
2016-06-26,9.00,28.1,32.8,25.0,4.19,11.3
2016-06-27,8.10,28.2,32.5,25.8,3.48,13.0
2016-06-28,60.80,26.4,29.3,25.0,1.61,12.9
2016-06-29,7.70,27.8,31.9,24.7,3.17,10.2
2016-06-30,12.00,28.1,32.4,25.3,4.13,13.6
2016-07-01,9.40,28.1,31.7,25.9,3.36,16.4
2016-07-02,19.60,27.4,31.5,25.1,3.08,14.8
2016-07-03,51.60,25.5,26.2,25.0,1.13,15.9
2016-07-04,20.50,25.6,27.8,24.7,1.80,16.9
2016-07-05,21.10,24.8,25.0,24.5,0.98,22.9
2016-07-06,28.40,25.0,26.0,24.3,1.54,21.3
2016-07-07,94.90,24.5,26.1,23.8,1.38,22.1
2016-07-08,81.20,24.4,24.7,24.0,1.17,22.3
2016-07-09,10.50,24.9,25.9,24.0,1.67,23.7
2016-07-10,17.20,25.4,28.9,23.6,2.32,19.8
2016-07-11,21.10,24.8,26.5,23.9,1.32,17.9
2016-07-12,8.70,25.2,27.7,24.0,2.23,24.2
2016-07-13,1.00,26.5,29.8,24.3,3.09,18.2
2016-07-14,0.00,27.8,31.3,24.8,4.75,18.4
2016-07-15,7.00,27.2,30.5,25.4,3.12,15.5
2016-07-16,3.50,26.3,28.7,24.6,2.07,15.0
2016-07-17,2.60,27.5,31.5,25.1,3.73,14.5
2016-07-18,15.20,25.2,26.8,24.1,1.50,11.8
2016-07-19,3.50,25.4,27.8,23.8,2.22,16.6
2016-07-20,8.90,26.6,31.2,24.2,3.18,15.5
2016-07-21,14.90,27.1,31.2,24.8,3.01,11.1
2016-07-22,120.30,25.1,25.8,24.4,0.94,10.5
2016-07-23,92.60,25.2,27.8,24.1,1.55,9.4
2016-07-24,0.10,27.0,30.7,23.5,3.97,8.0
2016-07-25,8.50,26.6,30.7,24.4,3.03,7.9
2016-07-26,16.20,26.0,29.6,24.1,2.60,9.0
2016-07-27,22.20,25.6,29.2,23.8,2.37,13.0
2016-07-28,1.80,26.3,30.3,23.9,3.28,11.3
2016-07-29,8.40,26.5,29.9,23.9,3.32,11.2
2016-07-30,4.50,26.8,30.0,24.3,3.21,7.1
2016-07-31,5.50,25.7,27.8,24.3,2.33,11.1
2016-08-01,29.60,24.4,25.2,24.0,0.92,14.8
2016-08-02,3.90,24.9,26.6,23.8,1.60,13.7
2016-08-03,86.20,24.5,25.5,23.8,1.36,19.1
2016-08-04,10.20,25.2,28.1,23.3,2.27,18.4
2016-08-05,14.40,25.1,26.5,23.8,1.49,19.1
2016-08-06,8.40,24.8,26.4,24.1,1.27,17.4
2016-08-07,15.30,24.8,26.8,23.4,1.77,22.0
2016-08-08,0.80,26.6,30.0,23.9,4.10,23.6
2016-08-09,0.80,26.6,28.9,24.8,3.13,21.4
2016-08-10,5.70,26.1,28.0,23.7,2.74,21.6
2016-08-11,0.30,26.6,29.3,24.2,3.66,18.7
2016-08-12,3.50,26.2,28.0,24.5,2.53,16.2
2016-08-13,23.60,25.6,30.4,23.9,2.57,16.1
2016-08-14,9.70,25.6,28.1,24.5,2.12,19.2
2016-08-15,9.60,25.5,27.7,24.2,2.18,20.7
2016-08-16,0.80,26.4,28.8,24.6,3.04,21.9
2016-08-17,0.00,25.4,26.5,24.5,2.03,18.7
2016-08-18,2.60,26.2,29.0,24.3,3.18,20.7
2016-08-19,0.00,25.8,28.0,24.2,3.16,21.7
2016-08-20,0.00,25.3,28.3,23.1,2.84,23.1
2016-08-21,0.40,25.7,29.2,21.9,3.68,16.3
2016-08-22,1.60,26.4,29.8,23.3,3.93,14.4
2016-08-23,5.90,25.8,29.3,23.5,2.54,14.4
2016-08-24,0.40,26.8,30.3,23.6,3.95,8.6
2016-08-25,0.70,27.7,31.6,24.6,4.35,12.6
2016-08-26,7.40,26.8,30.6,24.0,3.39,10.4
2016-08-27,4.60,26.9,30.0,24.4,2.79,6.9
2016-08-28,3.80,27.6,31.6,24.5,4.08,6.1
2016-08-29,3.30,27.8,31.7,24.7,4.19,6.6
2016-08-30,7.70,27.4,31.3,24.8,3.29,12.6
2016-08-31,4.20,27.0,31.0,24.7,3.13,9.4
2016-09-01,0.50,25.8,27.4,24.4,2.26,14.0
2016-09-02,5.50,26.2,29.0,24.1,2.78,17.5
2016-09-03,0.80,26.6,28.9,24.8,2.92,15.4
2016-09-04,0.00,26.9,30.3,24.4,4.63,14.5
2016-09-05,0.20,26.4,29.6,24.2,4.54,18.3
2016-09-06,0.00,26.0,29.8,22.5,4.72,19.0
2016-09-07,0.00,26.0,30.1,22.5,4.72,16.6
2016-09-08,0.00,26.2,29.2,23.7,3.07,14.8
2016-09-09,0.30,27.1,29.5,25.2,3.14,16.1
2016-09-10,4.10,27.0,30.3,24.7,3.38,15.3
2016-09-11,0.00,26.8,29.3,24.6,3.18,11.3
2016-09-12,0.00,27.5,30.6,25.7,3.03,11.3
2016-09-13,20.10,26.2,30.2,24.2,2.30,9.9
2016-09-14,15.00,26.2,29.7,24.2,2.46,9.8
2016-09-15,2.90,26.9,30.2,24.6,3.24,10.4
2016-09-16,5.80,26.8,30.3,24.2,3.18,8.0
2016-09-17,8.40,26.5,30.3,23.4,3.33,7.1
2016-09-18,6.00,26.0,29.1,23.7,2.57,9.4
2016-09-19,6.50,26.7,30.4,23.8,3.58,7.4
2016-09-20,6.60,26.6,30.7,24.2,3.30,10.7
2016-09-21,7.70,26.7,30.8,23.3,3.36,6.7
2016-09-22,9.30,27.1,30.7,24.3,4.04,14.2
2016-09-23,8.50,27.0,30.7,24.7,3.70,13.6
2016-09-24,11.00,26.4,29.8,24.4,2.90,11.5
2016-09-25,26.30,25.3,27.9,23.8,1.59,9.1
2016-09-26,13.50,25.2,28.7,23.8,1.73,8.2
2016-09-27,10.10,25.9,30.5,23.5,2.74,8.3
2016-09-28,0.00,27.1,30.8,24.2,3.77,11.6
2016-09-29,1.20,26.9,30.5,24.6,3.55,11.9
2016-09-30,23.10,25.2,28.1,23.9,1.65,7.5
2016-10-01,6.50,26.3,30.2,23.9,3.34,13.2
2016-10-02,8.50,25.6,28.1,23.9,2.32,10.7
2016-10-03,2.30,26.2,29.6,23.3,3.55,12.9
2016-10-04,1.70,26.3,30.0,23.2,3.68,9.3
2016-10-05,1.30,26.5,30.7,24.0,3.63,10.0
2016-10-06,0.90,26.2,29.7,23.5,3.23,13.5
2016-10-07,4.20,26.1,29.9,23.7,2.75,11.4
2016-10-08,9.90,25.2,27.4,24.0,1.41,7.6
2016-10-09,2.60,26.9,31.0,24.1,3.47,14.3
2016-10-10,0.10,27.1,31.6,23.5,4.38,11.6
2016-10-11,0.00,27.2,32.4,23.4,4.70,11.7
2016-10-12,0.00,26.2,31.9,22.2,4.66,10.3
2016-10-13,0.00,24.7,30.9,18.0,4.69,9.3
2016-10-14,0.00,25.3,30.8,19.1,4.14,7.5
2016-10-15,0.00,25.4,30.5,20.7,3.99,8.3
2016-10-16,0.00,25.1,31.0,19.8,4.49,8.3
2016-10-17,0.00,24.0,30.3,18.3,4.65,9.9
2016-10-18,0.00,23.8,30.6,17.8,4.55,10.3
2016-10-19,0.00,24.2,30.9,18.3,4.51,9.3
2016-10-20,0.00,23.7,30.8,17.2,4.65,10.0
2016-10-21,0.00,24.2,30.6,17.1,4.52,8.4
2016-10-22,0.00,24.5,30.8,17.6,4.29,7.3
2016-10-23,0.00,24.9,31.1,18.7,4.24,6.9
2016-10-24,0.00,25.5,31.2,19.4,4.50,11.5
2016-10-25,0.00,25.9,30.8,20.9,4.27,10.5
2016-10-26,0.00,25.5,30.7,20.9,4.17,11.0
2016-10-27,0.00,24.5,30.4,18.9,5.30,14.8
2016-10-28,0.00,23.5,29.4,18.2,4.70,10.9
2016-10-29,0.00,23.8,29.9,19.0,4.17,10.1
2016-10-30,0.00,23.9,29.7,19.5,4.25,10.2
2016-10-31,0.00,24.3,29.6,18.6,4.37,9.9
2016-11-01,0.00,23.7,29.3,19.0,4.64,9.8
2016-11-02,0.00,23.3,29.1,17.8,4.41,9.4
2016-11-03,0.00,24.0,29.4,19.3,4.30,10.7
2016-11-04,0.00,24.6,30.2,19.1,4.36,10.5
2016-11-05,0.00,25.1,29.8,21.8,4.32,12.9
2016-11-06,0.00,23.7,29.6,18.4,4.63,11.8
2016-11-07,0.00,22.8,30.2,15.7,4.61,9.7
2016-11-08,0.00,22.9,30.1,16.2,4.46,9.1
2016-11-09,0.00,22.1,29.0,15.0,4.28,8.6
2016-11-10,0.00,21.5,29.3,14.1,4.13,9.0
2016-11-11,0.00,21.5,28.9,14.1,4.40,10.1
2016-11-12,0.00,21.6,28.4,14.1,4.07,8.4
2016-11-13,0.00,22.3,28.3,15.1,3.92,7.6
2016-11-14,0.00,22.7,28.5,16.7,3.75,8.0
2016-11-15,0.00,22.6,29.0,17.5,4.22,9.6
2016-11-16,0.00,22.4,28.8,17.0,4.46,10.2
2016-11-17,0.00,21.9,28.0,16.3,4.28,11.2
2016-11-18,0.00,21.3,28.3,15.2,4.02,10.1
2016-11-19,0.00,21.2,28.3,13.6,3.86,8.6
2016-11-20,0.00,21.6,28.7,13.2,3.82,8.1
2016-11-21,0.00,21.7,29.0,14.0,3.74,7.8
2016-11-22,0.00,21.6,29.1,14.4,3.82,8.3
2016-11-23,0.00,21.5,28.9,13.5,3.81,7.7
2016-11-24,0.00,21.3,28.9,13.9,3.86,8.3
2016-11-25,0.00,21.4,29.2,14.1,3.95,8.5
2016-11-26,0.00,21.5,29.9,13.8,3.70,8.7
2016-11-27,0.00,22.3,31.0,14.8,3.97,9.0
2016-11-28,0.00,21.8,29.7,13.9,3.77,8.6
2016-11-29,0.00,21.9,29.6,13.9,3.52,7.8
2016-11-30,0.00,22.5,29.5,15.9,3.83,8.0
2016-12-01,0.00,22.0,28.5,15.7,3.72,9.5
2016-12-02,0.00,21.8,28.5,16.0,3.75,9.6
2016-12-03,0.00,22.3,28.7,16.8,3.80,10.3
2016-12-04,0.00,22.6,28.6,17.0,3.74,9.4
2016-12-05,0.00,21.6,27.4,16.5,3.72,10.4
2016-12-06,0.00,20.9,27.0,15.1,3.68,10.2
2016-12-07,0.00,21.0,27.0,15.3,3.58,9.4
2016-12-08,0.00,20.4,27.1,14.9,3.64,8.8
2016-12-09,0.00,19.9,26.8,14.1,3.79,10.1
2016-12-10,0.00,19.5,27.2,12.2,3.79,9.3
2016-12-11,0.00,20.8,28.9,14.1,3.97,8.8
2016-12-12,0.00,21.9,29.4,15.5,3.96,8.4
2016-12-13,0.00,21.8,29.0,16.0,4.27,10.2
2016-12-14,0.00,21.9,28.2,16.5,4.16,12.3
2016-12-15,0.00,21.6,27.7,16.4,4.15,10.4
2016-12-16,0.00,20.7,27.4,15.0,3.74,9.4
2016-12-17,0.00,19.9,26.9,13.4,3.67,8.7
2016-12-18,0.00,19.1,25.8,12.6,3.68,9.7
2016-12-19,0.00,18.9,26.2,11.6,3.56,7.9
2016-12-20,0.00,18.7,26.8,11.0,3.41,8.8
2016-12-21,0.00,19.1,27.8,11.0,3.46,8.6
2016-12-22,0.00,19.5,27.8,11.6,3.57,8.7
2016-12-23,0.00,19.3,28.4,11.3,3.69,9.9
2016-12-24,0.00,19.1,27.7,11.1,3.73,10.5
2016-12-25,0.00,20.0,28.0,12.6,3.63,9.3
2016-12-26,0.00,19.8,26.4,14.9,4.11,11.4
2016-12-27,0.00,18.8,25.6,12.7,3.82,13.0
2016-12-28,0.00,19.5,26.1,12.4,3.43,8.3
2016-12-29,0.00,19.7,27.3,12.3,3.46,8.0
2016-12-30,0.00,20.0,28.1,12.4,3.45,9.5
2016-12-31,0.00,20.4,27.9,13.5,3.53,9.8
2017-01-01,0.00,20.9,28.5,13.2,3.74,9.0
2017-01-02,0.00,21.5,29.2,15.3,4.26,16.5
2017-01-03,0.00,19.5,25.5,14.7,3.72,12.2
2017-01-04,0.00,19.2,25.2,13.4,3.39,9.1
2017-01-05,0.00,18.7,26.1,12.0,3.59,10.6
2017-01-06,0.00,19.7,27.7,12.7,3.88,10.3
2017-01-07,0.00,20.0,27.7,13.7,4.14,14.2
2017-01-08,0.00,20.3,27.6,13.8,3.55,9.3
2017-01-09,0.10,21.1,27.2,14.7,3.18,12.5
2017-01-10,0.00,20.5,26.2,16.4,3.80,14.0
2017-01-11,0.00,17.9,23.7,13.3,3.64,10.5
2017-01-12,0.00,16.5,23.0,11.9,3.72,10.9
2017-01-13,0.00,16.5,23.9,10.5,3.79,11.9
2017-01-14,0.00,17.2,24.5,11.5,3.87,10.8
2017-01-15,0.00,19.2,26.9,11.9,3.99,10.4
2017-01-16,0.00,20.2,27.9,13.1,3.71,10.0
2017-01-17,0.00,21.3,28.8,14.0,3.69,9.3
2017-01-18,0.00,21.7,29.1,14.9,4.09,10.8
2017-01-19,0.00,21.8,28.6,15.3,4.35,13.5
2017-01-20,0.00,21.8,28.5,16.0,4.11,11.9
2017-01-21,0.00,22.0,29.6,15.7,4.29,10.8
2017-01-22,0.00,22.8,30.8,16.3,4.53,14.0
2017-01-23,0.00,23.1,30.1,16.9,4.38,9.5
2017-01-24,0.00,22.9,30.1,16.8,4.64,9.8
2017-01-25,0.00,22.2,29.6,15.8,4.47,10.9
2017-01-26,1.70,21.5,28.3,14.6,3.28,10.2
2017-01-27,0.00,23.5,30.3,18.2,4.12,14.0
2017-01-28,0.00,21.4,28.7,15.7,4.45,12.5
2017-01-29,0.00,20.5,29.1,13.9,4.08,10.2
2017-01-30,0.00,21.3,30.1,13.5,4.26,9.2
2017-01-31,0.00,22.4,31.1,14.4,4.47,10.6
2017-02-01,0.00,23.0,30.8,16.5,4.57,9.5
2017-02-02,0.00,23.4,30.8,16.8,4.72,11.2
2017-02-03,0.00,23.6,31.2,17.4,4.79,14.1
2017-02-04,0.00,23.6,31.7,17.2,5.02,11.7
2017-02-05,0.00,23.7,31.7,15.3,4.85,10.1
2017-02-06,0.00,24.3,31.9,17.2,4.93,10.7
2017-02-07,0.00,23.6,31.1,17.7,4.98,11.7
2017-02-08,0.00,23.3,31.6,15.9,4.69,9.7
2017-02-09,0.00,24.5,32.5,16.0,5.02,12.2
2017-02-10,0.00,24.6,31.0,19.0,4.91,12.9
2017-02-11,0.10,23.9,30.8,18.8,4.47,17.1
2017-02-12,0.00,23.5,30.3,17.9,4.49,16.5
2017-02-13,0.00,23.6,29.4,17.6,4.00,9.4
2017-02-14,0.00,24.8,31.8,18.6,4.84,11.9
2017-02-15,0.00,25.1,31.9,18.4,4.95,10.7
2017-02-16,0.00,24.9,32.5,18.4,5.26,9.5
2017-02-17,0.00,25.6,33.2,18.5,5.40,11.2
2017-02-18,0.00,26.0,34.4,19.0,6.07,14.3
2017-02-19,0.00,26.0,34.6,19.1,5.67,10.6
2017-02-20,0.00,26.4,35.8,17.4,5.79,15.8
2017-02-21,0.00,27.4,35.7,19.3,6.49,16.5
2017-02-22,0.00,26.9,35.0,20.5,6.37,14.8
2017-02-23,0.00,25.8,34.7,18.4,5.47,14.4
2017-02-24,0.00,25.2,32.8,19.0,6.33,13.5
2017-02-25,0.00,24.2,32.7,17.5,5.99,10.3
2017-02-26,0.00,25.2,34.4,16.3,6.15,14.1
2017-02-27,0.00,26.1,35.0,18.2,6.05,11.6
2017-02-28,0.00,26.6,35.2,18.7,6.08,9.9
2017-03-01,0.00,27.1,35.5,18.8,6.21,10.3
2017-03-02,0.00,28.1,35.6,20.5,6.54,13.9
2017-03-03,0.00,28.1,35.4,20.7,6.76,16.3
2017-03-04,0.00,27.8,35.6,21.0,7.01,19.2
2017-03-05,0.00,27.3,34.4,20.9,6.11,18.1
2017-03-06,0.00,26.2,33.0,20.4,6.56,14.5
2017-03-07,0.60,25.7,32.0,20.4,5.80,16.4
2017-03-08,1.30,26.0,34.3,20.4,5.00,15.2
2017-03-09,0.00,27.2,34.8,19.7,6.21,18.6
2017-03-10,0.00,27.1,33.7,20.6,7.09,23.1
2017-03-11,0.00,26.1,32.2,18.8,6.95,21.3
2017-03-12,0.00,24.6,30.9,19.1,6.60,14.3
2017-03-13,0.00,24.6,32.1,17.3,6.07,13.2
2017-03-14,0.00,25.7,32.9,18.9,6.50,14.2
2017-03-15,0.00,26.4,33.4,19.4,6.76,15.8
2017-03-16,0.00,27.7,34.7,20.5,6.68,13.7
2017-03-17,0.00,28.7,36.4,22.4,7.40,21.1
2017-03-18,0.00,28.3,36.1,20.9,6.70,15.9
2017-03-19,0.00,29.3,36.4,22.5,8.01,23.1
2017-03-20,0.00,27.6,34.6,21.4,6.97,12.4
2017-03-21,0.00,27.9,35.7,20.3,6.48,10.5
2017-03-22,0.00,29.5,37.4,20.3,6.46,8.8
2017-03-23,0.00,30.6,39.0,21.4,6.52,10.0
2017-03-24,0.00,32.7,40.0,24.3,7.37,14.2
2017-03-25,0.00,32.7,40.2,25.5,7.30,10.9
2017-03-26,0.00,32.1,39.8,24.4,7.13,12.8
2017-03-27,0.00,32.6,40.0,24.4,7.23,11.9
2017-03-28,0.00,33.0,40.9,24.9,6.70,9.3
2017-03-29,0.00,33.2,41.7,25.6,7.07,10.1
2017-03-30,0.00,33.4,41.6,24.9,6.90,9.9
2017-03-31,0.00,33.3,41.8,24.5,6.96,10.7
2017-04-01,0.00,34.0,41.3,25.4,6.83,13.3
2017-04-02,0.00,33.9,40.8,27.5,7.56,14.8
2017-04-03,0.00,33.4,40.7,26.3,7.78,20.4
2017-04-04,0.00,33.8,41.2,27.7,7.86,21.1
2017-04-05,0.00,33.9,40.9,26.3,7.94,21.1
2017-04-06,0.00,33.6,41.5,25.7,7.66,18.2
2017-04-07,0.00,33.9,41.1,27.2,8.62,18.4
2017-04-08,0.00,33.5,41.0,26.2,8.36,15.8
2017-04-09,0.00,33.3,40.8,25.9,8.54,15.5
2017-04-10,0.00,32.0,39.3,25.6,9.25,17.4
2017-04-11,0.00,31.3,39.7,22.4,8.32,11.4
2017-04-12,0.00,32.4,40.5,22.8,7.86,11.9
2017-04-13,0.00,33.4,42.0,23.5,7.24,9.8
2017-04-14,0.00,33.9,42.7,23.7,8.03,14.6
2017-04-15,0.00,35.0,43.3,23.9,9.10,22.7
2017-04-16,0.00,35.9,44.1,27.8,10.31,21.8
2017-04-17,0.10,35.4,42.7,27.1,8.26,13.9
2017-04-18,0.00,35.8,44.0,26.1,9.03,16.5
2017-04-19,0.00,36.5,43.3,30.4,10.16,17.5
2017-04-20,0.00,35.3,43.5,26.8,9.82,23.5
2017-04-21,0.00,35.6,42.4,27.3,10.06,23.5
2017-04-22,0.00,36.2,43.5,30.3,10.77,21.0
2017-04-23,0.00,34.6,41.5,28.4,10.20,25.2
2017-04-24,0.00,33.8,41.0,27.1,9.95,21.9
2017-04-25,0.00,33.7,40.4,27.8,10.00,21.3
2017-04-26,0.00,34.0,40.3,27.1,9.46,21.6
2017-04-27,0.00,33.4,41.7,25.1,8.46,21.6
2017-04-28,0.10,34.3,42.0,26.5,8.29,19.9
2017-04-29,0.20,33.6,41.7,25.3,8.07,19.9
2017-04-30,0.00,33.7,40.8,26.5,6.96,12.2
2017-05-01,0.00,33.4,40.1,25.7,7.82,16.8
2017-05-02,0.10,33.4,39.6,27.4,7.61,14.3
2017-05-03,0.10,33.8,39.6,28.4,6.99,14.2
2017-05-04,0.00,34.4,41.7,28.9,8.20,20.9
2017-05-05,0.00,35.7,42.4,27.5,7.80,16.0
2017-05-06,6.10,35.1,40.3,28.9,7.67,18.4
2017-05-07,0.20,34.0,41.6,28.0,7.66,20.3
2017-05-08,0.00,34.9,42.2,27.5,7.12,14.2
2017-05-09,0.50,34.8,41.8,27.3,7.46,16.2
2017-05-10,1.20,33.4,39.8,26.8,7.14,13.6
2017-05-11,0.30,33.4,39.5,27.8,6.93,18.7
2017-05-12,0.50,34.3,41.3,28.0,7.21,18.2
2017-05-13,0.00,36.5,42.9,30.4,8.55,16.3
2017-05-14,0.00,37.6,44.5,30.6,8.43,15.7
2017-05-15,0.00,38.3,44.1,31.0,9.73,23.2
2017-05-16,0.00,38.2,44.3,33.2,10.63,22.7
2017-05-17,0.00,37.8,43.3,32.5,11.40,28.0
2017-05-18,0.00,37.5,43.7,32.4,10.68,21.4
2017-05-19,0.00,37.1,44.1,30.9,10.07,23.8
2017-05-20,0.00,36.7,43.6,29.0,9.89,26.4
2017-05-21,0.00,37.1,43.7,30.9,10.88,19.2
2017-05-22,0.00,36.6,43.4,30.7,10.30,22.2
2017-05-23,0.00,36.7,43.0,30.2,9.28,14.4
2017-05-24,0.00,37.0,43.3,29.1,8.36,19.0
2017-05-25,0.00,37.7,43.4,30.8,7.65,15.7
2017-05-26,0.00,37.8,43.7,31.8,8.08,15.8
2017-05-27,1.60,37.2,44.6,31.9,7.74,24.3
2017-05-28,0.00,35.4,43.2,26.9,7.95,17.1
2017-05-29,1.60,33.7,40.5,26.0,6.66,17.3
2017-05-30,0.30,33.4,39.0,28.0,7.05,21.0
2017-05-31,0.10,33.1,38.3,27.8,5.95,13.0
2017-06-01,0.80,33.6,39.8,28.3,6.03,14.6
2017-06-02,5.30,32.8,39.9,26.6,5.78,13.3
2017-06-03,0.80,35.5,40.3,30.0,6.93,15.1
2017-06-04,0.00,35.8,41.0,31.2,7.26,19.1
2017-06-05,0.70,35.8,41.2,32.0,7.88,18.4
2017-06-06,2.10,33.9,41.5,28.3,7.00,20.6
2017-06-07,1.40,32.0,36.1,27.6,6.14,16.8
2017-06-08,6.20,32.0,38.3,26.7,6.88,17.3
2017-06-09,4.20,31.9,36.4,27.5,5.77,21.3
2017-06-10,14.20,30.4,36.6,26.3,5.37,14.9
2017-06-11,10.30,29.5,35.2,25.5,4.40,14.2
2017-06-12,4.40,30.0,34.1,27.3,4.49,11.2
2017-06-13,0.40,30.0,35.4,26.2,4.76,14.5
2017-06-14,0.10,30.9,35.8,26.6,4.65,12.9
2017-06-15,0.20,31.2,36.5,28.2,5.70,17.3
2017-06-16,2.60,30.2,36.4,25.3,5.60,14.2
2017-06-17,3.90,30.8,34.9,27.1,5.77,20.1
2017-06-18,0.00,32.9,38.0,28.1,7.00,16.3
2017-06-19,0.10,33.3,38.9,28.6,7.81,20.7
2017-06-20,0.80,33.0,38.7,28.9,7.23,22.7
2017-06-21,2.30,32.8,38.2,27.2,7.05,18.0
2017-06-22,0.40,31.7,36.9,27.4,6.80,19.2
2017-06-23,5.40,30.2,36.7,25.1,5.62,20.2
2017-06-24,4.30,31.0,35.2,27.2,5.80,18.5
2017-06-25,1.70,30.8,36.0,27.4,4.96,18.5
2017-06-26,33.40,27.4,31.2,25.8,2.65,14.1
2017-06-27,7.30,27.6,30.2,25.7,3.16,15.6
2017-06-28,2.40,27.9,31.5,25.4,3.21,16.6
2017-06-29,5.60,28.6,32.2,25.8,4.25,18.4
2017-06-30,5.70,28.1,32.5,25.2,3.79,20.0
2017-07-01,4.90,27.8,30.9,25.1,3.64,19.7
2017-07-02,16.80,26.1,28.5,24.8,1.67,18.2
2017-07-03,0.30,28.4,31.5,26.0,4.57,22.7
2017-07-04,2.90,27.9,30.9,25.5,4.30,25.1
2017-07-05,1.30,28.2,32.0,24.8,4.87,19.3
2017-07-06,0.60,28.8,32.8,26.0,4.91,20.0
2017-07-07,0.30,29.6,33.9,25.6,5.66,16.3
2017-07-08,0.00,30.4,34.3,27.0,6.22,19.8
2017-07-09,0.10,30.0,34.2,27.4,5.91,18.1
2017-07-10,1.90,27.8,30.0,26.3,2.33,14.5
2017-07-11,2.10,27.2,32.6,24.4,2.67,15.0
2017-07-12,3.90,26.2,27.5,24.4,2.48,20.9
2017-07-13,4.50,25.5,27.7,24.0,2.04,21.9
2017-07-14,13.70,25.3,27.2,23.9,1.80,20.1
2017-07-15,53.50,24.7,26.4,23.8,0.96,17.4
2017-07-16,8.30,26.0,28.7,24.0,2.96,18.3
2017-07-17,3.70,26.4,28.8,24.2,2.63,17.7
2017-07-18,41.30,26.6,29.4,24.7,2.80,14.0
2017-07-19,36.70,26.2,29.2,24.0,2.70,17.6
2017-07-20,9.30,26.2,29.3,24.4,2.06,18.2
2017-07-21,6.10,27.0,30.2,25.1,3.64,23.4
2017-07-22,9.00,27.2,29.5,25.3,3.64,25.6
2017-07-23,1.60,26.5,28.6,25.2,3.06,24.5
2017-07-24,8.00,26.6,30.1,24.0,4.20,26.0
2017-07-25,3.60,26.1,29.5,24.2,3.12,20.4
2017-07-26,8.60,25.5,27.0,24.6,1.99,20.8
2017-07-27,14.00,24.7,25.9,23.8,1.58,19.8
2017-07-28,2.80,26.4,30.1,23.7,4.22,22.1
2017-07-29,0.60,27.2,30.6,24.1,4.43,16.4
2017-07-30,0.70,27.4,30.8,24.6,4.04,14.6
2017-07-31,0.70,27.7,31.3,24.9,4.42,12.8
2017-08-01,0.30,28.4,31.9,25.1,4.95,15.5
2017-08-02,0.10,28.5,31.9,25.7,5.03,16.4
2017-08-03,0.40,27.9,30.8,25.5,4.88,17.7
2017-08-04,3.00,27.1,30.2,24.7,3.45,13.4
2017-08-05,2.60,26.8,29.4,25.3,2.65,13.2
2017-08-06,12.70,25.9,27.9,24.6,1.89,16.1
2017-08-07,18.20,26.0,28.6,24.6,1.77,10.5
2017-08-08,31.60,25.9,28.0,24.7,1.74,12.4
2017-08-09,3.60,26.9,30.2,24.2,3.45,12.2
2017-08-10,0.70,27.6,31.3,24.5,4.58,14.8
2017-08-11,0.20,27.7,30.5,24.7,4.09,14.9
2017-08-12,0.20,27.7,30.9,25.3,4.37,19.7
2017-08-13,4.30,27.4,30.8,25.4,4.16,13.8
2017-08-14,20.40,26.5,29.5,24.4,2.68,10.9
2017-08-15,4.50,27.0,30.7,24.4,4.12,13.2
2017-08-16,0.20,28.0,31.6,25.1,4.78,13.3
2017-08-17,3.40,27.4,31.6,25.2,3.83,12.6
2017-08-18,22.90,26.7,30.6,24.7,2.50,17.6
2017-08-19,36.40,26.4,30.2,24.0,3.09,15.2
2017-08-20,7.40,26.4,30.3,24.4,3.32,16.1
2017-08-21,1.50,25.4,28.2,23.9,2.61,18.9
2017-08-22,0.70,26.0,28.8,23.8,3.28,11.2
2017-08-23,2.10,26.8,29.8,24.2,3.74,11.6
2017-08-24,9.40,27.0,30.7,24.7,3.58,12.3
2017-08-25,6.50,26.6,30.5,24.0,3.63,10.8
2017-08-26,5.00,26.8,30.1,24.4,3.24,9.0
2017-08-27,8.30,27.0,30.3,24.2,3.68,9.8
2017-08-28,50.60,25.9,27.8,24.3,2.05,7.8
2017-08-29,20.50,24.8,26.9,23.8,1.14,14.8
2017-08-30,0.70,26.3,29.1,24.3,3.24,19.6
2017-08-31,1.10,27.8,31.5,24.5,4.89,15.8
2017-09-01,0.10,27.4,31.3,24.3,4.61,11.7
2017-09-02,0.10,26.7,31.1,22.6,4.70,10.9
2017-09-03,10.30,26.9,30.5,23.9,3.84,8.9
2017-09-04,2.90,27.1,31.1,24.6,3.98,12.9
2017-09-05,1.40,27.6,31.4,24.7,4.17,13.4
2017-09-06,0.60,27.5,31.6,24.9,3.90,10.8
2017-09-07,0.70,27.7,31.5,24.4,4.17,7.0
2017-09-08,11.00,27.0,30.5,24.9,3.63,9.6
2017-09-09,6.10,27.5,31.4,24.6,4.01,8.0
2017-09-10,11.00,27.5,31.9,24.8,3.74,9.1
2017-09-11,8.70,27.8,31.1,25.7,3.29,8.3
2017-09-12,14.70,27.3,31.6,23.8,3.92,12.0
2017-09-13,1.40,26.2,29.2,24.0,2.95,13.1
2017-09-14,14.40,25.8,28.7,23.9,2.65,8.2
2017-09-15,10.60,25.8,28.7,23.8,2.59,10.4
2017-09-16,0.70,26.9,30.8,23.5,3.89,6.6
2017-09-17,6.20,27.5,31.0,24.4,4.02,8.4
2017-09-18,7.50,27.0,30.8,24.1,3.79,10.2
2017-09-19,1.80,27.2,30.3,24.4,3.22,10.6
2017-09-20,21.80,25.7,28.0,24.5,1.49,10.9
2017-09-21,28.30,25.5,28.6,23.6,2.72,14.3
2017-09-22,11.20,25.2,27.4,23.1,2.20,12.3
2017-09-23,0.50,26.8,31.3,22.3,4.33,9.2
2017-09-24,0.20,27.6,31.8,23.5,4.64,10.7
2017-09-25,0.60,27.9,32.4,24.5,4.72,12.1
2017-09-26,0.00,27.8,32.5,24.2,4.68,10.8
2017-09-27,0.20,28.0,31.9,24.4,4.51,11.0
2017-09-28,0.00,28.1,32.8,24.2,4.74,11.9
2017-09-29,0.00,27.6,32.1,23.3,4.32,9.4
2017-09-30,0.00,27.8,33.0,23.0,4.52,8.3
2017-10-01,0.00,27.7,31.8,23.4,4.19,8.8
2017-10-02,0.40,27.7,32.9,24.0,4.08,9.1
2017-10-03,0.00,27.4,33.9,22.4,5.27,12.4
2017-10-04,0.00,26.9,33.3,21.1,5.19,9.8
2017-10-05,9.00,26.4,30.4,23.1,3.44,14.6
2017-10-06,3.60,27.4,31.9,24.6,4.03,13.2
2017-10-07,6.60,26.5,30.1,24.4,3.24,8.2
2017-10-08,7.50,25.7,29.6,23.6,2.91,12.2
2017-10-09,11.90,25.1,27.4,23.4,2.09,10.5
2017-10-10,11.50,25.5,28.8,23.2,2.68,11.7
2017-10-11,2.90,26.6,31.3,23.0,3.88,7.6
2017-10-12,0.50,27.1,31.0,23.7,3.85,6.9
2017-10-13,6.80,26.7,31.0,24.1,3.40,5.8
2017-10-14,6.20,26.9,31.2,23.7,3.55,10.6
2017-10-15,0.20,27.6,32.4,23.8,4.16,8.7
2017-10-16,0.00,27.6,33.2,22.7,4.49,11.0
2017-10-17,0.00,26.7,33.6,21.5,4.74,9.6
2017-10-18,0.00,25.2,31.5,19.3,4.95,11.1
2017-10-19,0.00,25.9,31.7,19.6,4.58,10.1
2017-10-20,3.70,27.0,30.8,23.8,3.68,8.4
2017-10-21,1.20,27.0,31.0,23.9,3.58,8.1
2017-10-22,3.90,26.5,31.0,23.7,3.63,8.7
2017-10-23,0.00,26.5,32.3,21.9,4.39,8.9
2017-10-24,0.00,24.4,31.3,19.2,4.62,10.5
2017-10-25,0.00,24.1,31.4,17.5,4.53,10.7
2017-10-26,0.00,23.7,30.6,18.0,4.27,11.7
2017-10-27,0.00,23.8,29.6,18.8,3.61,7.7
2017-10-28,0.40,24.3,29.5,20.1,3.11,8.1
2017-10-29,0.00,24.1,30.5,18.6,3.65,10.9
2017-10-30,0.00,24.3,30.3,18.8,3.89,9.4
2017-10-31,0.00,23.5,29.9,17.6,4.28,9.4
2017-11-01,0.00,23.6,29.7,16.7,4.28,9.1
2017-11-02,0.00,23.8,29.2,18.7,4.11,10.0
2017-11-03,0.00,22.4,29.2,16.2,4.25,11.5
2017-11-04,0.00,22.4,28.9,16.9,4.03,12.6
2017-11-05,0.00,23.7,29.6,16.9,4.24,11.5
2017-11-06,0.00,23.5,29.8,17.1,4.00,8.3
2017-11-07,0.00,24.0,30.1,18.0,4.04,9.4
2017-11-08,0.00,23.8,29.9,18.0,4.07,9.5
2017-11-09,0.00,23.5,29.6,18.6,4.01,8.5
2017-11-10,0.00,22.3,29.5,16.1,4.32,10.2
2017-11-11,0.00,22.2,28.8,15.5,4.03,8.3
2017-11-12,0.00,22.0,28.3,15.5,3.88,8.0
2017-11-13,0.00,21.7,28.5,14.9,3.82,8.6
2017-11-14,0.00,22.1,28.9,15.3,3.74,7.6
2017-11-15,0.00,24.7,29.7,20.4,3.72,10.2
2017-11-16,0.20,24.4,29.2,20.0,3.43,9.7
2017-11-17,0.20,24.1,28.8,20.7,2.48,8.1
2017-11-18,0.20,24.1,29.7,19.6,3.18,8.3
2017-11-19,0.00,24.6,30.3,19.8,3.45,8.7
2017-11-20,0.00,25.3,30.6,21.3,3.86,12.1
2017-11-21,0.00,25.0,30.3,20.7,3.99,10.0
2017-11-22,0.00,24.5,28.8,20.9,3.17,10.1
2017-11-23,0.00,24.1,30.0,19.6,3.88,10.8
2017-11-24,0.00,23.0,29.2,17.9,3.82,8.9
2017-11-25,0.00,21.9,28.8,15.5,3.81,9.7
2017-11-26,0.00,21.5,28.9,13.9,3.66,10.2
2017-11-27,0.00,21.2,28.7,13.8,3.86,8.0
2017-11-28,0.00,21.0,29.0,13.2,3.75,10.2
2017-11-29,0.00,21.6,28.6,14.0,3.56,8.0
2017-11-30,0.00,21.5,28.3,13.8,3.57,7.6
2017-12-01,0.00,20.9,27.8,14.7,3.90,12.2
2017-12-02,0.00,20.3,27.3,14.1,3.87,9.5
2017-12-03,0.00,20.0,27.1,12.7,3.58,9.1
2017-12-04,0.00,20.2,27.3,13.6,3.56,9.9
2017-12-05,0.00,20.4,27.7,13.7,3.80,14.4
2017-12-06,0.00,21.6,27.9,15.9,3.29,8.4
2017-12-07,0.00,23.5,29.5,18.0,3.62,9.0
2017-12-08,0.00,23.7,29.8,19.2,4.20,12.3
2017-12-09,0.00,23.0,29.2,18.6,4.16,13.2
2017-12-10,0.00,20.7,27.5,15.2,4.09,13.0
2017-12-11,0.00,20.3,28.1,12.8,3.44,9.9
2017-12-12,0.00,21.6,28.8,14.0,3.51,10.1
2017-12-13,0.00,22.9,29.4,17.8,3.20,8.7
2017-12-14,0.00,22.9,30.2,17.2,3.73,10.5
2017-12-15,0.00,23.1,29.7,17.4,3.81,11.3
2017-12-16,0.00,22.5,29.3,15.4,3.64,11.0
2017-12-17,0.00,22.4,28.2,17.2,3.53,11.6
2017-12-18,0.00,20.4,27.3,15.1,4.00,10.4
2017-12-19,0.00,19.5,26.7,12.4,3.77,9.7
2017-12-20,0.00,20.1,27.4,13.2,3.59,11.1
2017-12-21,0.00,20.3,27.2,14.5,3.43,10.9
2017-12-22,0.00,20.4,27.7,14.2,3.52,10.1
2017-12-23,0.00,20.8,27.4,14.6,3.42,10.7
2017-12-24,0.00,20.9,27.7,12.9,3.37,7.3
2017-12-25,0.00,20.6,28.6,12.7,3.62,11.0
2017-12-26,0.00,19.6,26.6,14.2,4.01,11.2
2017-12-27,0.00,19.2,26.8,11.2,3.64,8.5
2017-12-28,0.00,19.7,27.0,12.1,3.61,8.2
2017-12-29,0.00,19.7,27.4,11.4,3.61,9.0
2017-12-30,0.00,20.2,27.4,12.2,3.40,9.9
2017-12-31,0.00,20.0,27.3,12.3,3.56,9.1
2018-01-01,0.00,19.6,26.9,13.7,3.47,10.9
2018-01-02,0.00,20.3,26.9,15.0,3.68,14.6
2018-01-03,0.00,19.4,26.4,13.7,3.86,10.6
2018-01-04,0.00,18.2,25.2,12.0,3.57,10.0
2018-01-05,0.00,18.5,25.8,11.1,3.42,9.5
2018-01-06,0.00,19.1,26.2,12.6,3.47,11.2
2018-01-07,0.00,19.6,26.3,13.9,3.35,11.2
2018-01-08,0.00,19.5,26.2,13.8,3.79,10.0
2018-01-09,0.00,18.9,26.1,12.6,4.06,13.7
2018-01-10,0.00,19.2,26.7,12.8,3.54,11.8
2018-01-11,0.00,20.5,28.7,13.6,3.69,9.8
2018-01-12,0.00,20.8,28.1,14.0,3.71,8.5
2018-01-13,0.00,21.3,28.9,14.9,4.07,10.2
2018-01-14,0.00,22.3,28.9,16.3,3.30,8.9
2018-01-15,0.00,23.0,29.7,17.4,3.91,13.9
2018-01-16,0.00,20.5,28.2,14.1,3.74,9.8
2018-01-17,0.00,20.8,28.5,13.6,3.81,11.5
2018-01-18,0.00,20.5,28.6,14.9,4.60,11.3
2018-01-19,0.00,19.7,27.5,13.2,4.03,11.7
2018-01-20,0.00,19.8,27.9,12.6,3.84,9.8
2018-01-21,0.00,20.4,28.2,13.4,3.94,11.5
2018-01-22,0.00,20.2,27.9,13.5,4.06,11.8
2018-01-23,0.00,21.1,29.1,13.0,4.22,10.9
2018-01-24,0.00,22.1,28.4,17.2,4.91,15.8
2018-01-25,0.00,19.4,26.7,12.7,4.04,8.9
2018-01-26,0.00,19.4,26.5,12.0,3.87,10.9
2018-01-27,0.00,19.1,27.2,11.9,4.15,11.5
2018-01-28,0.00,19.7,28.3,11.8,4.07,10.6
2018-01-29,0.00,21.0,29.4,13.2,4.35,10.4
2018-01-30,0.00,21.1,29.8,13.4,4.27,9.2
2018-01-31,0.00,22.1,31.9,14.3,4.88,11.2
2018-02-01,0.00,22.4,31.2,13.8,4.59,10.0
2018-02-02,0.00,21.3,30.4,13.0,4.40,10.8
2018-02-03,0.00,22.1,30.8,14.2,4.72,11.3
2018-02-04,0.00,22.7,30.9,15.1,4.47,8.3
2018-02-05,0.00,23.3,30.8,16.4,4.41,11.1
2018-02-06,0.00,23.7,30.7,16.6,4.00,10.7
2018-02-07,0.00,23.3,28.8,18.3,3.07,11.2
2018-02-08,0.00,23.1,30.9,16.8,4.21,10.7
2018-02-09,0.00,23.3,30.9,16.7,4.63,10.9
2018-02-10,0.00,22.6,29.0,16.9,3.76,11.3
2018-02-11,1.30,21.2,27.7,17.4,3.31,15.3
2018-02-12,8.00,21.0,27.8,17.2,2.96,17.1
2018-02-13,13.50,20.6,24.9,17.2,2.51,18.2
2018-02-14,0.90,20.3,26.7,15.8,3.74,13.1
2018-02-15,0.00,20.4,27.5,14.1,4.25,11.5
2018-02-16,0.00,20.3,28.3,13.1,4.25,8.6
2018-02-17,0.00,21.2,29.1,14.0,4.30,12.2
2018-02-18,0.00,22.6,30.3,15.2,4.63,11.5
2018-02-19,0.00,23.6,31.2,16.8,4.49,9.7
2018-02-20,0.00,24.6,30.9,18.3,4.54,12.1
2018-02-21,0.00,24.5,31.9,18.3,4.94,12.6
2018-02-22,0.00,24.5,32.3,17.5,4.82,10.0
2018-02-23,0.00,25.5,33.1,18.3,4.67,10.1
2018-02-24,0.00,26.8,33.6,19.4,4.64,9.0
2018-02-25,0.00,26.3,33.8,19.3,4.73,9.3
2018-02-26,0.00,26.4,34.5,19.7,5.32,11.8
2018-02-27,0.00,26.1,34.4,19.3,5.53,10.9
2018-02-28,0.00,26.6,34.6,19.3,5.46,9.8
2018-03-01,0.00,27.3,34.8,20.8,5.46,9.5
2018-03-02,0.00,27.3,35.8,19.5,5.16,9.8
2018-03-03,0.00,27.6,35.5,20.8,5.37,10.8
2018-03-04,0.00,27.6,35.3,20.7,5.30,10.9
2018-03-05,0.00,27.8,34.4,21.8,5.64,15.1
2018-03-06,0.00,27.7,34.2,22.6,5.46,13.3
2018-03-07,0.00,27.5,34.1,21.2,5.29,14.3
2018-03-08,0.10,28.1,34.2,21.7,6.17,15.6
2018-03-09,0.00,26.2,32.3,21.5,3.62,11.1
2018-03-10,0.80,27.0,34.5,19.9,5.13,10.5
2018-03-11,2.30,27.1,33.6,20.6,5.18,13.0
2018-03-12,0.30,27.1,35.1,19.8,5.26,10.8
2018-03-13,0.00,28.7,36.5,20.5,6.06,12.7
2018-03-14,0.00,29.9,36.5,23.0,6.18,14.3
2018-03-15,0.60,29.0,33.1,24.5,4.99,17.4
2018-03-16,0.10,23.8,26.6,19.3,3.03,20.0
2018-03-17,0.00,24.8,32.7,17.6,4.88,11.6
2018-03-18,0.00,26.9,32.5,20.6,4.70,11.2
2018-03-19,0.00,28.4,34.5,21.1,5.47,13.6
2018-03-20,0.00,29.2,34.9,24.3,4.81,11.3
2018-03-21,0.10,29.6,35.8,23.1,5.07,8.0
2018-03-22,0.00,29.5,36.7,23.9,7.83,15.7
2018-03-23,0.00,29.2,36.7,22.1,6.99,13.0
2018-03-24,0.00,29.8,37.5,21.9,7.50,17.7
2018-03-25,0.00,30.3,38.0,23.0,7.61,14.8
2018-03-26,0.00,29.9,38.0,22.0,7.11,12.0
2018-03-27,0.00,30.0,38.7,20.4,6.61,10.3
2018-03-28,0.00,30.8,39.3,21.3,6.40,13.0
2018-03-29,0.00,31.2,40.0,23.3,6.83,13.0
2018-03-30,0.00,31.7,40.1,21.5,6.35,11.2
2018-03-31,0.70,31.3,39.9,22.7,6.78,15.0
2018-04-01,0.50,31.1,39.8,24.5,7.61,28.1
2018-04-02,0.00,29.7,38.1,22.3,6.43,12.5
2018-04-03,0.00,31.4,39.5,22.7,6.47,16.1
2018-04-04,0.00,31.3,38.7,23.4,7.16,21.0
2018-04-05,0.00,32.3,39.7,26.3,7.34,18.6
2018-04-06,0.10,32.1,39.7,25.0,6.78,17.6
2018-04-07,2.60,31.5,38.4,26.5,6.24,29.1
2018-04-08,0.10,29.9,37.6,25.2,6.52,18.7
2018-04-09,0.10,29.5,37.3,22.9,6.23,12.8
2018-04-10,3.90,28.5,34.9,23.6,5.05,9.2
2018-04-11,1.70,29.2,36.4,22.9,5.67,12.9
2018-04-12,0.30,30.3,36.7,24.2,6.02,10.5
2018-04-13,0.10,30.7,37.0,25.1,6.06,14.1
2018-04-14,0.90,31.1,38.9,25.2,6.65,20.2
2018-04-15,1.10,30.4,38.1,25.0,6.54,21.1
2018-04-16,0.10,31.1,38.9,23.9,6.17,15.8
2018-04-17,0.00,33.1,41.1,24.8,7.17,14.8
2018-04-18,0.00,33.6,41.3,26.8,7.40,17.8
2018-04-19,0.00,33.4,41.4,25.1,6.95,10.8
2018-04-20,0.00,34.3,42.2,25.1,8.83,18.4
2018-04-21,0.00,34.3,40.5,26.5,8.44,19.1
2018-04-22,0.00,33.9,40.7,26.5,7.47,13.9
2018-04-23,0.00,33.5,40.5,26.5,6.59,10.0
2018-04-24,0.00,33.1,41.1,24.7,7.99,13.9
2018-04-25,0.00,32.3,40.6,24.1,7.38,11.9
2018-04-26,0.00,33.2,41.6,23.9,6.93,10.1
2018-04-27,0.00,34.6,41.7,26.8,8.00,15.6
2018-04-28,0.10,35.0,41.7,28.4,8.21,18.8
2018-04-29,0.00,35.5,41.9,28.8,8.06,18.6
2018-04-30,0.00,35.3,42.8,27.6,8.50,18.9
2018-05-01,0.00,35.0,41.9,27.2,7.76,14.8
2018-05-02,0.70,34.7,42.7,27.7,8.47,17.7
2018-05-03,0.30,33.4,39.9,28.4,7.42,15.5
2018-05-04,0.10,32.8,39.8,26.2,6.93,13.8
2018-05-05,0.00,34.9,42.0,27.9,8.47,19.9
2018-05-06,0.00,36.3,42.6,30.2,8.22,18.9
2018-05-07,0.00,36.8,42.5,31.2,9.02,17.1
2018-05-08,0.00,35.9,42.4,30.7,8.35,18.9
2018-05-09,0.00,35.2,42.7,27.3,8.05,16.3
2018-05-10,0.00,35.7,43.0,29.6,8.12,16.1
2018-05-11,0.00,36.2,43.4,30.1,7.83,15.4
2018-05-12,0.10,36.5,42.0,30.5,8.19,23.5
2018-05-13,0.00,35.9,43.6,30.5,9.06,21.9
2018-05-14,0.00,35.4,41.8,29.5,8.49,18.5
2018-05-15,0.00,34.4,41.0,27.8,7.99,21.1
2018-05-16,0.00,35.0,40.7,28.3,7.65,19.5
2018-05-17,0.00,36.3,42.7,29.6,8.28,19.9
2018-05-18,0.00,36.6,42.3,31.4,9.28,20.3
2018-05-19,0.00,36.7,43.2,29.0,8.24,15.0
2018-05-20,0.00,37.1,43.9,29.4,7.70,13.3
2018-05-21,0.00,37.1,44.0,32.2,7.85,25.1
2018-05-22,0.10,36.5,42.2,32.1,7.77,16.5
2018-05-23,0.10,35.2,40.1,32.4,7.52,25.9
2018-05-24,0.00,36.8,43.3,30.9,9.20,20.9
2018-05-25,0.00,37.2,43.7,30.5,8.64,18.6
2018-05-26,0.30,36.4,42.9,31.6,8.40,18.6
2018-05-27,0.00,35.6,41.6,29.0,7.37,14.6
2018-05-28,0.00,37.4,42.9,31.1,8.95,20.7
2018-05-29,0.00,38.3,44.1,32.3,9.90,21.7
2018-05-30,0.20,37.1,41.2,31.9,7.76,15.5
2018-05-31,0.10,36.6,43.5,32.2,7.89,24.8
2018-06-01,0.20,35.1,41.7,28.8,6.98,15.6
2018-06-02,0.40,33.4,38.7,29.4,6.08,16.8
2018-06-03,0.20,34.3,40.0,28.8,7.46,15.3
2018-06-04,0.30,33.7,39.4,27.2,7.73,22.1
2018-06-05,0.40,32.8,39.2,27.1,6.41,15.3
2018-06-06,0.00,33.4,37.9,27.9,6.31,14.9
2018-06-07,0.00,32.4,37.9,26.8,6.32,15.8
2018-06-08,8.80,31.0,37.3,26.7,5.33,16.9
2018-06-09,24.90,28.3,32.1,25.2,3.35,21.0
2018-06-10,21.30,27.2,30.4,24.9,2.50,16.3
2018-06-11,10.50,28.7,32.6,25.0,3.36,17.4
2018-06-12,1.60,30.4,34.5,25.5,5.56,21.1
2018-06-13,0.00,31.2,35.2,27.3,6.36,22.1
2018-06-14,0.00,31.4,35.7,28.0,7.20,18.9
2018-06-15,0.00,31.7,36.3,26.4,7.69,17.9
2018-06-16,0.00,31.7,36.5,28.0,7.45,14.4
2018-06-17,0.00,31.4,35.4,28.5,6.94,18.9
2018-06-18,5.00,30.0,36.3,26.3,5.92,13.6
2018-06-19,2.10,30.2,35.5,25.4,5.64,13.6
2018-06-20,17.20,30.4,36.0,25.6,5.38,15.4
2018-06-21,4.80,30.7,35.0,26.5,5.55,14.5
2018-06-22,6.10,28.4,31.7,24.8,3.94,11.1
2018-06-23,3.70,29.1,32.8,24.9,5.17,14.8
2018-06-24,2.10,29.0,31.8,25.7,4.73,15.2
2018-06-25,3.10,29.2,32.2,26.0,5.49,18.8
2018-06-26,3.70,28.4,32.3,26.1,4.81,20.4
2018-06-27,14.80,26.4,29.1,24.3,2.54,14.7
2018-06-28,25.00,25.3,27.2,24.0,1.43,15.3
2018-06-29,5.40,27.1,31.5,23.8,4.71,15.4
2018-06-30,2.70,27.6,31.7,23.7,4.57,14.8
2018-07-01,5.20,28.2,32.1,25.2,3.84,12.6
2018-07-02,4.20,27.4,31.1,24.5,3.53,13.7
2018-07-03,7.30,27.4,30.6,24.1,3.87,18.6
2018-07-04,13.90,27.1,30.4,24.9,3.59,22.9
2018-07-05,28.20,26.1,29.8,24.3,2.88,20.3
2018-07-06,94.60,25.3,27.0,24.4,1.03,22.0
2018-07-07,26.90,27.0,30.6,23.6,3.30,11.5
2018-07-08,12.90,27.8,31.0,25.3,3.11,16.5
2018-07-09,45.30,26.6,30.4,24.6,2.44,20.8
2018-07-10,19.20,25.7,27.5,24.1,2.13,16.7
2018-07-11,7.60,26.4,29.9,24.5,2.85,15.6
2018-07-12,11.30,26.2,29.9,24.2,3.26,21.7
2018-07-13,5.50,26.9,30.0,24.1,3.62,16.0
2018-07-14,20.70,26.5,29.2,24.5,2.65,22.0
2018-07-15,2.90,27.4,30.6,25.2,3.37,14.1
2018-07-16,16.90,26.8,29.8,25.0,2.64,16.8
2018-07-17,17.00,25.4,27.0,24.3,1.69,21.4
2018-07-18,3.70,27.2,30.8,24.7,4.35,22.3
2018-07-19,4.20,27.6,30.9,25.4,4.27,19.2
2018-07-20,2.30,27.1,29.7,25.0,3.50,19.7
2018-07-21,4.30,26.6,28.5,25.1,2.82,20.2
2018-07-22,7.60,26.0,28.6,24.0,2.45,18.1
2018-07-23,17.30,24.8,26.1,23.6,1.64,23.3
2018-07-24,0.40,26.7,30.1,23.9,4.09,22.4
2018-07-25,13.50,26.5,30.2,24.6,3.83,23.1
2018-07-26,3.30,25.4,28.5,23.8,2.83,25.1
2018-07-27,2.40,26.5,30.1,23.9,4.29,21.6
2018-07-28,3.00,27.1,30.4,24.0,4.33,16.2
2018-07-29,1.60,27.5,30.7,24.6,4.33,18.4
2018-07-30,0.20,27.7,31.3,25.1,4.76,17.9
2018-07-31,1.50,27.4,30.2,25.2,4.73,18.9
2018-08-01,1.40,27.5,30.8,24.9,4.72,18.4
2018-08-02,0.80,27.8,31.0,25.2,4.61,17.0
2018-08-03,1.10,27.8,31.9,25.2,4.97,22.5
2018-08-04,0.60,28.0,31.7,24.7,4.92,18.7
2018-08-05,0.70,27.7,30.7,25.3,4.69,17.1
2018-08-06,1.30,27.5,30.3,25.2,4.57,18.4
2018-08-07,3.40,26.5,28.8,24.9,3.04,19.2
2018-08-08,28.30,24.6,25.9,23.8,1.65,19.5
2018-08-09,8.40,26.1,28.8,23.8,3.00,17.5
2018-08-10,8.40,26.4,29.8,24.3,3.08,21.3
2018-08-11,18.90,26.1,29.1,24.4,2.47,23.6
2018-08-12,14.60,25.9,28.3,24.3,2.65,21.3
2018-08-13,0.50,26.9,30.2,24.6,3.71,16.4
2018-08-14,1.60,27.1,29.3,25.2,3.33,19.1
2018-08-15,11.80,27.2,30.0,25.4,3.15,18.4
2018-08-16,53.40,26.5,30.7,24.4,2.41,16.0
2018-08-17,5.10,26.1,29.9,24.2,3.01,14.3
2018-08-18,1.90,26.4,30.0,23.7,3.53,19.2
2018-08-19,10.00,26.4,29.1,24.1,2.97,16.5
2018-08-20,21.00,25.5,27.8,24.0,1.72,16.7
2018-08-21,18.00,25.1,27.7,23.7,2.88,26.9
2018-08-22,1.20,26.4,29.9,23.5,4.06,22.2
2018-08-23,3.50,26.3,29.7,24.2,3.63,23.2
2018-08-24,5.10,26.2,29.8,23.9,3.32,19.8
2018-08-25,0.80,26.6,29.8,24.0,3.81,20.9
2018-08-26,11.40,25.4,28.0,23.9,2.21,18.7
2018-08-27,25.00,24.3,26.0,23.3,1.38,15.6
2018-08-28,81.50,24.0,25.5,23.4,0.97,19.1
2018-08-29,0.80,25.9,30.0,22.9,3.53,16.2
2018-08-30,1.00,26.5,30.4,24.0,3.96,19.2
2018-08-31,48.10,24.9,26.7,23.6,1.93,16.6
2018-09-01,11.40,24.8,27.5,23.4,2.00,15.2
2018-09-02,7.90,25.5,29.0,23.3,3.37,16.2
2018-09-03,1.60,26.2,29.9,23.3,4.06,17.1
2018-09-04,0.70,26.4,30.8,23.6,4.50,18.7
2018-09-05,5.50,25.8,29.2,23.6,3.79,19.4
2018-09-06,10.30,24.7,27.6,23.4,2.62,23.6
2018-09-07,9.60,24.3,27.0,22.6,2.63,24.8
2018-09-08,0.00,24.8,28.8,21.4,4.14,18.4
2018-09-09,0.30,25.6,29.9,21.5,4.31,13.0
2018-09-10,0.50,25.9,30.7,21.2,4.73,8.4
2018-09-11,0.10,26.2,30.8,21.9,4.49,9.7
2018-09-12,0.20,26.7,31.0,22.6,5.09,13.8
2018-09-13,0.10,26.3,31.0,22.4,4.81,14.2
2018-09-14,0.90,25.9,29.7,21.3,4.38,10.3
2018-09-15,0.10,26.8,30.9,23.1,4.56,9.6
2018-09-16,0.30,27.0,31.3,23.3,4.59,9.2
2018-09-17,0.00,27.2,31.8,23.1,4.80,10.3
2018-09-18,0.00,27.4,32.3,23.1,4.88,11.5
2018-09-19,0.00,27.9,32.7,24.0,4.37,13.3
2018-09-20,0.10,28.3,32.9,23.3,5.05,14.6
2018-09-21,68.30,25.8,28.6,23.9,2.06,26.3
2018-09-22,9.40,25.5,28.8,22.9,3.51,32.1
2018-09-23,3.50,26.7,30.6,24.2,4.12,17.7
2018-09-24,1.00,26.7,31.3,23.4,4.34,14.2
2018-09-25,0.30,27.3,31.8,23.5,4.33,10.0
2018-09-26,0.10,27.4,31.8,23.2,4.56,8.4
2018-09-27,0.00,27.4,31.8,23.1,4.29,6.7
2018-09-28,0.00,27.5,32.1,23.4,4.52,7.6
2018-09-29,0.00,27.4,32.9,22.6,4.75,9.4
2018-09-30,0.00,27.3,32.9,21.8,4.96,8.7
2018-10-01,0.00,27.5,32.9,22.2,4.75,7.6
2018-10-02,0.00,27.4,32.7,22.0,4.60,7.6
2018-10-03,0.00,27.3,32.6,22.2,4.59,9.4
2018-10-04,0.00,27.4,32.7,22.3,4.67,8.2
2018-10-05,0.00,27.7,33.0,22.8,4.55,7.7
2018-10-06,0.00,27.5,32.9,22.4,4.65,8.3
2018-10-07,0.00,27.1,32.9,21.7,4.59,8.4
2018-10-08,0.00,27.0,33.0,21.6,4.60,8.7
2018-10-09,0.00,27.3,32.8,22.1,4.44,11.2
2018-10-10,0.00,26.7,34.5,19.9,5.62,17.2
2018-10-11,0.00,27.2,33.2,21.2,6.01,17.8
2018-10-12,0.00,27.1,32.8,22.5,5.41,19.5
2018-10-13,0.00,26.6,32.4,22.5,4.87,10.2
2018-10-14,0.00,26.2,32.4,20.8,4.69,8.4
2018-10-15,0.00,26.4,32.9,20.3,4.75,9.2
2018-10-16,0.00,26.2,32.9,19.6,4.74,8.9
2018-10-17,0.00,26.5,32.5,19.9,4.33,9.0
2018-10-18,0.00,27.0,31.8,21.8,3.89,8.1
2018-10-19,0.00,27.0,32.9,21.8,4.32,7.6
2018-10-20,0.00,27.2,33.4,21.8,4.46,8.2
2018-10-21,0.00,27.8,33.4,21.7,4.14,7.9
2018-10-22,0.00,27.4,33.9,21.6,4.55,9.8
2018-10-23,0.00,26.4,33.5,19.8,4.78,9.1
2018-10-24,0.00,25.7,32.4,19.2,4.62,9.9
2018-10-25,0.00,25.0,32.3,18.1,4.59,10.3
2018-10-26,0.00,25.2,32.0,17.8,4.17,9.8
2018-10-27,0.00,25.1,32.2,17.8,4.50,10.9
2018-10-28,0.00,24.1,31.0,18.2,4.36,9.7
2018-10-29,0.00,24.0,30.8,18.0,5.10,13.2
2018-10-30,0.00,24.2,30.6,19.2,4.67,11.3
2018-10-31,0.30,24.6,30.0,19.9,4.19,14.2
2018-11-01,0.50,25.3,30.0,21.0,3.95,14.8
2018-11-02,0.10,25.8,30.8,21.5,3.96,11.3
2018-11-03,0.00,26.1,31.9,20.2,4.01,7.2
2018-11-04,0.10,26.7,31.7,21.7,3.56,7.1
2018-11-05,0.50,26.5,31.4,22.6,3.26,12.0
2018-11-06,0.10,27.2,32.4,22.3,3.84,9.1
2018-11-07,0.00,25.9,31.7,21.4,4.51,10.2
2018-11-08,0.00,24.1,30.9,17.7,4.47,15.0
2018-11-09,0.00,23.8,31.1,17.0,4.40,12.2
2018-11-10,0.00,23.6,31.2,16.9,4.33,9.4
2018-11-11,0.00,22.9,30.9,15.4,4.54,10.0
2018-11-12,0.00,22.7,30.2,16.1,4.27,9.6
2018-11-13,0.00,22.5,30.7,14.7,4.14,11.0
2018-11-14,0.00,23.2,31.2,15.2,4.21,9.7
2018-11-15,0.00,23.9,31.4,15.9,4.19,9.4
2018-11-16,0.00,23.6,31.4,15.9,4.10,9.9
2018-11-17,0.00,23.4,31.0,16.8,4.10,10.1
2018-11-18,0.00,24.1,31.2,17.1,3.93,10.3
2018-11-19,0.00,24.5,31.4,17.9,3.85,7.9
2018-11-20,0.00,25.3,31.9,19.6,3.75,8.1
2018-11-21,0.00,24.8,31.5,19.1,4.16,9.4
2018-11-22,0.00,23.5,30.3,17.7,3.94,9.7
2018-11-23,0.00,22.8,29.8,16.0,4.03,9.8
2018-11-24,0.00,23.3,29.7,16.7,3.68,8.0
2018-11-25,0.00,21.6,28.8,15.6,3.79,8.9
2018-11-26,0.00,21.5,28.8,14.7,3.73,9.2
2018-11-27,0.00,21.1,28.6,14.1,3.83,11.2
2018-11-28,0.00,21.1,28.5,13.9,3.79,10.7
2018-11-29,0.00,21.7,28.3,15.1,3.47,11.0
2018-11-30,0.00,22.0,28.5,15.0,3.49,10.6
2018-12-01,0.00,21.3,28.0,15.3,3.57,9.3
2018-12-02,0.00,20.7,27.4,15.2,3.39,10.2
2018-12-03,0.00,21.3,27.6,14.3,3.32,9.3
2018-12-04,0.00,21.4,27.4,15.0,3.18,9.9
2018-12-05,0.00,21.1,27.0,16.4,2.75,9.2
2018-12-06,0.00,21.4,28.5,15.3,3.18,8.8
2018-12-07,0.00,22.3,28.7,17.3,3.22,11.1
2018-12-08,0.00,22.6,28.8,17.0,3.34,8.6
2018-12-09,0.80,22.4,27.6,18.6,2.52,8.4
2018-12-10,2.70,22.6,27.8,18.9,2.64,10.0
2018-12-11,0.00,21.4,27.6,17.3,3.13,9.4
2018-12-12,0.00,20.7,27.2,14.3,3.35,9.2
2018-12-13,0.00,21.2,27.7,15.8,3.45,9.4
2018-12-14,0.00,21.2,27.4,16.8,3.98,13.5
2018-12-15,0.00,20.0,26.1,15.4,3.89,13.6
2018-12-16,0.00,19.8,25.5,14.2,3.89,15.3
2018-12-17,12.70,17.7,20.1,15.7,1.54,15.0
2018-12-18,2.90,17.8,24.0,14.1,2.93,12.6
2018-12-19,0.00,17.2,23.8,11.5,3.08,10.3
2018-12-20,0.00,17.3,24.2,11.6,3.08,9.8
2018-12-21,0.00,16.9,24.5,10.6,3.23,10.2
2018-12-22,0.00,16.5,24.8,9.7,3.35,10.6
2018-12-23,0.00,17.4,25.5,10.6,3.38,11.8
2018-12-24,0.00,17.9,26.2,11.3,3.33,10.0
2018-12-25,0.00,18.7,26.5,12.2,3.51,9.4
2018-12-26,0.00,19.8,27.9,13.7,3.32,9.0
2018-12-27,0.00,19.6,25.9,14.8,4.17,12.7
2018-12-28,0.00,16.8,24.0,10.6,3.85,11.1
2018-12-29,0.00,15.2,23.2,8.9,3.70,11.1
2018-12-30,0.00,15.4,23.6,8.6,3.47,10.7
2018-12-31,0.00,16.2,25.0,8.8,3.53,10.8
2019-01-01,0.00,17.4,26.8,9.4,3.51,10.2
2019-01-02,0.00,18.3,28.0,10.0,3.50,11.1
2019-01-03,0.00,19.4,28.4,11.8,3.56,10.8
2019-01-04,0.00,19.2,27.5,11.8,3.80,11.2
2019-01-05,0.00,19.2,28.0,11.6,3.52,10.6
2019-01-06,0.00,20.3,28.4,13.3,3.60,10.2
2019-01-07,0.00,20.6,27.0,15.7,4.12,13.8
2019-01-08,0.00,17.7,24.7,11.9,3.47,11.5
2019-01-09,0.00,17.8,25.3,10.4,3.25,10.0
2019-01-10,0.00,17.8,25.8,11.1,3.65,11.1
2019-01-11,0.00,18.7,26.7,11.4,3.58,11.6
2019-01-12,0.00,20.3,28.2,12.9,3.62,9.7
2019-01-13,0.00,21.2,29.0,14.8,3.48,11.2
2019-01-14,0.00,21.3,27.7,16.9,3.78,13.8
2019-01-15,0.00,19.0,26.1,13.5,3.97,12.2
2019-01-16,0.00,18.5,26.4,11.6,3.67,9.9
2019-01-17,0.00,19.4,28.6,10.9,3.71,11.4
2019-01-18,0.00,20.2,28.3,13.0,4.05,10.0
2019-01-19,0.00,20.1,28.0,13.1,3.78,9.6
2019-01-20,0.00,19.9,29.3,12.1,4.04,11.2
2019-01-21,0.00,21.3,30.2,12.4,4.50,13.4
2019-01-22,0.00,22.9,29.8,16.9,4.96,17.9
2019-01-23,0.00,22.8,28.7,16.8,3.78,11.9
2019-01-24,2.50,21.6,27.9,17.1,3.30,12.1
2019-01-25,16.00,19.5,25.4,15.5,2.50,11.4
2019-01-26,5.40,19.4,23.8,16.3,2.51,16.9
2019-01-27,0.00,18.5,24.2,14.5,3.50,13.7
2019-01-28,0.00,16.9,23.0,12.6,4.03,13.2
2019-01-29,0.00,14.9,22.1,9.9,3.95,12.1
2019-01-30,0.00,15.0,23.5,8.2,3.85,11.8
2019-01-31,0.00,17.0,26.5,8.7,4.00,11.2
2019-02-01,0.00,19.0,27.5,10.8,3.94,11.0
2019-02-02,0.00,21.2,28.5,14.0,3.77,10.6
2019-02-03,0.00,21.5,29.7,14.2,4.36,11.3
2019-02-04,0.00,21.5,29.8,13.9,4.60,10.7
2019-02-05,0.00,22.0,30.5,13.7,4.58,10.9
2019-02-06,0.00,22.7,31.3,14.6,4.65,11.3
2019-02-07,0.30,24.4,31.1,19.3,4.84,22.4
2019-02-08,0.00,22.4,28.6,17.9,5.19,17.2
2019-02-09,0.00,18.4,24.7,13.6,5.05,16.3
2019-02-10,0.00,17.7,25.5,11.1,4.50,11.2
2019-02-11,0.00,19.7,28.7,11.4,4.49,11.0
2019-02-12,0.00,22.1,30.7,14.7,4.80,11.7
2019-02-13,0.00,23.6,32.4,15.6,4.86,12.2
2019-02-14,0.00,24.3,33.0,15.5,5.15,11.7
2019-02-15,1.00,24.0,30.6,19.6,4.01,21.2
2019-02-16,0.10,23.1,29.8,17.6,4.21,11.7
2019-02-17,0.00,22.2,29.6,16.5,4.89,11.2
2019-02-18,0.00,22.2,31.0,13.9,4.59,10.7
2019-02-19,0.00,24.8,33.3,16.5,4.99,12.6
2019-02-20,0.00,26.1,33.4,18.4,4.52,8.2
2019-02-21,0.00,27.6,34.2,21.1,4.99,14.6
2019-02-22,0.00,28.6,35.6,21.4,5.36,12.7
2019-02-23,0.00,27.8,34.8,21.7,5.39,15.8
2019-02-24,0.00,27.5,35.7,20.7,5.90,21.7
2019-02-25,0.00,25.9,33.6,19.2,5.89,16.2
2019-02-26,0.00,25.1,32.4,17.7,6.07,18.9
2019-02-27,0.00,24.5,31.4,18.0,6.21,24.9
2019-02-28,0.00,23.0,28.8,17.6,5.50,14.8
2019-03-01,0.00,23.1,30.1,17.0,5.54,13.7
2019-03-02,0.00,25.3,32.7,18.4,5.31,11.7
2019-03-03,2.60,27.5,35.6,22.3,5.71,17.1
2019-03-04,0.00,27.2,34.5,19.3,5.99,15.6
2019-03-05,0.00,26.2,32.5,21.6,6.22,14.3
2019-03-06,0.00,24.4,30.8,18.9,5.63,10.7
2019-03-07,0.00,24.3,31.4,17.9,5.47,11.4
2019-03-08,0.00,25.2,32.8,18.1,5.78,10.8
2019-03-09,0.00,26.8,35.2,18.5,6.14,16.2
2019-03-10,0.00,27.3,35.6,18.9,5.89,11.3
2019-03-11,0.00,28.1,36.2,20.3,5.73,10.7
2019-03-12,0.00,29.5,36.2,23.4,6.28,14.6
2019-03-13,0.00,29.8,36.5,23.2,6.20,17.5
2019-03-14,0.00,28.6,35.6,22.1,5.09,13.4
2019-03-15,0.10,28.0,34.6,23.2,5.28,14.7
2019-03-16,0.00,28.4,35.6,22.7,6.19,13.8
2019-03-17,0.00,29.7,37.0,23.1,7.34,24.3
2019-03-18,0.00,27.6,33.9,22.1,5.96,19.3
2019-03-19,0.00,28.7,35.1,22.2,5.67,11.6
2019-03-20,1.80,27.7,35.3,22.1,5.50,18.2
2019-03-21,1.70,27.5,34.6,21.0,5.18,15.2
2019-03-22,0.00,29.1,35.1,24.3,5.30,14.9
2019-03-23,0.00,28.8,35.3,23.1,6.47,12.0
2019-03-24,0.00,29.1,36.2,22.7,6.56,12.7
2019-03-25,0.00,29.8,37.4,22.6,6.50,11.2
2019-03-26,0.00,30.7,38.3,22.8,6.66,14.9
2019-03-27,0.00,30.0,36.9,23.7,7.04,15.1
2019-03-28,0.00,30.0,37.7,21.6,6.71,11.3
2019-03-29,0.00,31.1,39.3,22.8,6.72,10.6
2019-03-30,0.00,32.6,40.5,23.8,6.75,13.2
2019-03-31,0.00,33.1,40.4,24.1,7.75,18.2
2019-04-01,0.00,32.8,39.3,26.2,7.32,15.2
2019-04-02,0.00,31.5,39.1,23.8,6.93,10.9
2019-04-03,0.00,32.5,39.6,23.3,6.44,13.8
2019-04-04,0.00,32.7,40.0,26.8,7.48,31.7
2019-04-05,0.00,33.3,40.5,26.0,7.96,17.6
2019-04-06,0.00,33.8,40.6,27.2,7.64,16.5
2019-04-07,0.00,32.9,40.2,25.7,7.90,18.2
2019-04-08,0.00,33.0,39.7,25.2,6.63,12.0
2019-04-09,0.00,33.2,40.9,26.9,7.54,19.6
2019-04-10,0.00,33.3,41.4,26.1,7.84,17.3
2019-04-11,0.00,33.4,41.3,25.4,7.04,22.1
2019-04-12,0.00,33.7,41.1,26.2,7.38,15.0
2019-04-13,0.00,34.0,41.8,25.9,7.04,10.3
2019-04-14,0.00,34.9,41.7,26.5,6.74,9.7
2019-04-15,0.00,33.8,41.3,27.8,7.06,30.9
2019-04-16,0.30,29.8,33.9,26.2,5.29,21.8
2019-04-17,0.30,29.1,34.2,23.6,5.08,15.7
2019-04-18,0.10,30.5,36.0,24.5,6.03,18.1
2019-04-19,0.00,31.3,38.3,24.5,6.87,15.7
2019-04-20,0.00,31.7,37.9,25.5,6.63,16.8
2019-04-21,0.70,32.2,38.2,22.9,6.15,20.4
2019-04-22,0.00,32.7,39.3,25.1,6.82,13.7
2019-04-23,0.00,33.9,40.8,26.6,6.98,13.0
2019-04-24,0.00,34.1,41.6,25.1,7.19,11.6
2019-04-25,0.00,35.0,41.8,27.6,7.14,11.4
2019-04-26,0.00,36.1,42.4,28.1,7.46,14.5
2019-04-27,0.00,36.7,43.7,27.9,7.91,14.8
2019-04-28,0.00,36.8,43.7,28.9,7.33,10.5
2019-04-29,0.00,37.3,43.5,30.3,7.96,16.4
2019-04-30,0.00,38.1,44.4,31.3,9.22,18.3
2019-05-01,0.00,36.9,43.4,29.4,8.48,15.0
2019-05-02,0.00,36.3,43.6,30.5,8.75,20.2
2019-05-03,0.00,35.3,42.3,27.2,8.64,18.0
2019-05-04,0.00,35.6,41.2,30.4,8.44,20.1
2019-05-05,0.00,35.0,41.1,28.9,8.89,19.4
2019-05-06,0.00,35.0,41.0,27.9,7.52,15.1
2019-05-07,0.00,36.4,41.9,30.9,7.63,16.4
2019-05-08,0.00,37.2,43.1,32.0,9.68,19.0
2019-05-09,0.00,36.4,42.6,30.6,9.83,21.9
2019-05-10,0.00,36.1,41.6,30.2,8.52,17.7
2019-05-11,0.00,35.7,40.9,31.2,7.65,18.1
2019-05-12,0.00,35.9,42.7,28.7,8.61,18.9
2019-05-13,0.00,35.4,41.5,29.2,7.51,16.6
2019-05-14,0.00,35.8,42.4,29.1,8.14,17.7
2019-05-15,0.00,36.2,42.7,28.4,7.11,11.5
2019-05-16,0.00,37.0,42.6,29.7,9.36,20.0
2019-05-17,0.00,36.8,42.9,31.6,10.44,20.4
2019-05-18,0.00,36.5,42.2,31.5,9.96,23.5
2019-05-19,0.00,35.9,41.5,29.5,7.96,14.4
2019-05-20,0.00,36.6,43.2,29.9,7.62,11.8
2019-05-21,0.00,37.5,43.5,29.9,7.79,20.4
2019-05-22,0.00,37.9,44.4,30.7,8.29,16.0
2019-05-23,0.00,38.0,43.8,30.9,7.79,14.1
2019-05-24,0.00,38.2,44.0,32.1,9.85,19.7
2019-05-25,0.00,38.0,43.7,32.2,10.90,21.6
2019-05-26,0.00,38.2,44.0,31.7,9.04,17.5
2019-05-27,0.00,38.9,45.3,32.3,9.77,18.1
2019-05-28,0.00,39.2,45.4,33.6,10.22,19.1
2019-05-29,0.00,36.9,43.2,30.1,7.52,26.3
2019-05-30,0.00,37.5,43.4,31.2,7.79,19.6
2019-05-31,0.00,38.3,43.9,32.9,8.43,22.2
2019-06-01,0.00,37.5,43.1,33.0,7.92,19.3
2019-06-02,0.00,38.4,44.1,31.9,8.05,15.5
2019-06-03,0.00,38.5,44.3,33.1,8.28,23.2
2019-06-04,0.00,37.8,43.7,31.3,7.89,15.8
2019-06-05,0.00,39.2,45.0,32.9,9.13,21.6
2019-06-06,0.00,39.5,45.3,34.1,8.24,20.2
2019-06-07,0.00,37.7,45.2,32.1,8.19,25.3
2019-06-08,0.00,36.2,42.2,29.8,7.30,16.1
2019-06-09,0.00,36.9,42.7,31.7,7.59,16.9
2019-06-10,0.00,37.6,43.3,33.0,8.98,23.0
2019-06-11,0.00,37.7,42.1,32.3,9.28,21.1
2019-06-12,0.00,37.4,41.7,33.4,9.71,22.9
2019-06-13,0.00,36.0,40.0,31.4,8.53,21.9
2019-06-14,0.20,35.8,40.9,32.3,8.18,23.8
2019-06-15,0.80,34.9,39.9,31.1,6.96,17.2
2019-06-16,0.10,34.8,39.3,30.4,7.58,18.5
2019-06-17,0.00,34.8,38.8,30.8,7.48,19.5
2019-06-18,0.20,34.8,39.0,30.8,7.54,16.5
2019-06-19,0.20,35.2,39.1,31.2,8.10,17.6
2019-06-20,0.70,34.7,38.7,31.1,6.86,14.3
2019-06-21,0.00,33.8,38.6,27.5,6.74,16.3
2019-06-22,0.00,33.7,38.8,30.3,6.61,16.9
2019-06-23,10.10,29.5,32.5,26.3,3.20,13.4
2019-06-24,21.40,29.2,33.7,24.6,5.06,10.8
2019-06-25,0.30,31.1,35.4,27.0,5.69,14.0
2019-06-26,0.20,31.9,35.9,27.6,5.95,13.8
2019-06-27,2.80,30.7,34.9,26.8,5.54,15.5
2019-06-28,20.00,28.7,32.1,26.1,3.75,17.2
2019-06-29,9.30,27.8,32.1,25.7,3.33,13.4
2019-06-30,7.40,27.3,31.1,24.8,2.93,15.5
2019-07-01,22.80,27.4,31.3,25.0,2.85,14.6
2019-07-02,40.60,26.2,28.5,25.0,1.24,18.5
2019-07-03,49.40,26.6,30.1,24.3,3.18,23.7
2019-07-04,9.40,26.9,29.9,24.8,3.04,23.8
2019-07-05,3.50,27.0,29.0,25.2,3.32,25.7
2019-07-06,4.20,26.5,29.0,24.9,3.46,28.1
2019-07-07,2.70,26.8,29.9,24.6,3.76,25.0
2019-07-08,7.70,27.0,29.7,24.5,2.95,23.0
2019-07-09,11.60,27.7,30.2,24.9,3.90,21.3
2019-07-10,0.40,28.7,31.7,25.4,5.07,20.3
2019-07-11,0.80,28.5,31.3,26.0,4.30,20.4
2019-07-12,0.70,29.1,32.4,25.9,5.43,19.9
2019-07-13,0.50,29.7,33.2,26.1,5.96,19.2
2019-07-14,0.20,29.8,32.9,27.7,6.00,18.8
2019-07-15,0.40,30.2,34.0,26.8,6.48,17.7
2019-07-16,0.00,30.5,34.7,26.3,6.42,14.7
2019-07-17,0.00,31.1,35.6,26.6,6.62,15.5
2019-07-18,0.40,31.2,35.4,27.9,5.53,13.8
2019-07-19,14.50,29.6,33.1,26.4,4.29,12.4
2019-07-20,12.80,28.7,33.6,25.5,4.08,8.7
2019-07-21,7.70,28.6,33.3,24.7,4.81,11.5
2019-07-22,0.70,29.8,33.3,26.5,5.20,12.6
2019-07-23,0.10,30.7,35.1,26.9,5.77,16.0
2019-07-24,0.00,30.9,35.4,27.6,5.47,13.2
2019-07-25,7.00,29.0,32.7,25.9,4.06,19.5
2019-07-26,6.80,26.4,29.2,24.7,2.29,19.9
2019-07-27,20.50,25.4,28.0,24.0,2.05,19.9
2019-07-28,65.70,24.9,26.6,23.9,1.64,23.7
2019-07-29,82.50,25.5,28.3,23.5,2.22,23.8
2019-07-30,105.00,24.5,25.8,23.8,1.51,26.8
2019-07-31,33.50,25.0,27.8,23.5,2.45,26.2
2019-08-01,9.30,25.8,29.9,23.9,2.52,19.2
2019-08-02,22.90,25.8,28.2,24.5,2.42,21.7
2019-08-03,6.30,25.9,29.2,24.4,3.01,21.9
2019-08-04,1.80,26.4,29.8,24.1,3.87,23.3
2019-08-05,14.50,27.0,31.0,24.3,3.89,21.0
2019-08-06,9.40,26.6,29.4,24.8,2.65,16.9
2019-08-07,24.00,25.6,27.4,24.7,1.61,20.6
2019-08-08,113.40,24.3,25.6,23.6,1.30,25.8
2019-08-09,15.40,25.5,29.0,23.4,3.19,27.2
2019-08-10,1.00,27.1,30.9,23.9,4.63,16.1
2019-08-11,0.60,27.7,31.8,24.7,5.01,15.5
2019-08-12,2.30,27.9,31.4,25.4,4.40,15.6
2019-08-13,25.60,25.6,27.6,24.4,1.66,18.4
2019-08-14,35.90,25.0,26.2,24.2,1.15,19.3
2019-08-15,1.20,26.8,30.5,24.0,4.26,23.9
2019-08-16,0.10,27.6,31.3,24.2,4.98,20.0
2019-08-17,1.10,27.9,31.9,24.7,5.19,14.5
2019-08-18,4.30,27.7,31.3,24.5,4.58,12.2
2019-08-19,2.50,27.0,29.0,24.7,3.41,16.7
2019-08-20,15.00,26.7,28.9,25.0,2.89,18.4
2019-08-21,2.50,27.3,30.0,25.0,2.96,17.0
2019-08-22,8.60,26.7,30.1,24.8,2.99,19.2
2019-08-23,7.10,26.6,29.6,24.5,3.29,16.6
2019-08-24,25.60,25.4,26.9,24.4,2.07,20.5
2019-08-25,14.00,25.1,28.0,23.6,2.37,16.8
2019-08-26,21.60,24.7,26.8,23.6,1.74,18.6
2019-08-27,4.10,25.0,28.4,23.2,2.98,21.1
2019-08-28,2.40,25.9,29.4,23.6,3.66,14.5
2019-08-29,5.50,26.3,29.7,23.8,2.85,9.7
2019-08-30,6.20,26.7,31.0,24.1,3.48,12.3
2019-08-31,14.70,26.7,30.6,24.7,3.36,9.2
2019-09-01,6.90,26.7,30.6,23.9,3.52,10.1
2019-09-02,15.00,26.2,30.4,24.6,2.66,12.5
2019-09-03,9.90,26.3,30.1,24.5,2.76,11.9
2019-09-04,20.20,26.3,30.1,24.3,3.21,8.7
2019-09-05,9.60,26.6,30.1,24.6,3.25,10.8
2019-09-06,16.80,26.4,29.9,24.9,2.46,13.6
2019-09-07,28.50,26.1,30.5,24.4,2.55,12.9
2019-09-08,26.90,25.9,28.9,24.6,1.68,17.6
2019-09-09,2.70,26.0,29.3,24.3,2.82,19.8
2019-09-10,1.50,26.7,30.0,24.1,3.65,22.9
2019-09-11,12.20,26.1,29.4,24.3,2.59,18.7
2019-09-12,20.10,25.4,28.0,23.9,2.59,21.5
2019-09-13,13.40,25.5,28.7,23.6,2.55,20.7
2019-09-14,1.70,26.2,30.0,23.6,3.83,20.4
2019-09-15,3.50,26.5,29.9,23.7,3.68,16.0
2019-09-16,7.30,26.1,29.3,24.4,2.99,13.6
2019-09-17,11.60,26.3,30.4,24.1,2.90,9.4
2019-09-18,6.70,26.3,29.9,23.8,2.84,8.4
2019-09-19,27.60,26.2,30.2,23.8,3.19,8.8
2019-09-20,12.00,26.0,29.5,23.4,2.95,9.6
2019-09-21,7.60,26.0,29.0,22.9,2.61,7.6
2019-09-22,4.20,26.2,29.9,23.3,3.14,8.0
2019-09-23,8.60,26.7,29.8,23.7,3.56,8.9
2019-09-24,25.00,26.0,28.2,24.0,2.55,13.0
2019-09-25,15.40,25.1,27.7,23.6,1.90,10.3
2019-09-26,21.90,25.3,28.0,23.9,1.93,18.1
2019-09-27,4.10,26.0,29.5,24.0,3.09,17.2
2019-09-28,7.50,25.0,26.4,23.8,1.58,11.5
2019-09-29,5.90,25.6,28.3,23.8,2.20,11.7
2019-09-30,2.20,26.0,30.0,23.2,3.58,13.0
2019-10-01,2.90,26.6,30.4,23.5,3.86,13.8
2019-10-02,0.80,26.6,30.4,23.5,4.10,13.6
2019-10-03,0.50,25.9,30.8,22.6,3.94,12.0
2019-10-04,0.30,26.2,30.8,22.4,4.14,8.9
2019-10-05,0.20,26.7,30.9,22.7,4.18,7.4
2019-10-06,1.30,26.7,31.2,22.7,4.25,6.0
2019-10-07,1.20,26.6,30.8,22.8,4.09,9.2
2019-10-08,0.00,26.5,31.0,22.6,4.49,9.8
2019-10-09,0.10,26.2,30.2,22.3,3.89,9.9
2019-10-10,0.00,26.4,31.2,21.8,4.37,7.9
2019-10-11,0.00,26.5,31.2,21.3,4.27,6.2
2019-10-12,0.00,26.1,30.8,21.5,4.18,7.7
2019-10-13,0.00,26.4,31.1,21.5,4.21,8.0
2019-10-14,0.00,26.1,31.9,21.2,4.84,9.4
2019-10-15,0.00,25.7,31.6,19.8,4.60,9.5
2019-10-16,0.00,25.5,31.2,20.8,4.27,9.2
2019-10-17,0.00,26.0,31.5,20.7,4.61,10.2
2019-10-18,8.60,24.7,28.5,21.5,2.58,7.8
2019-10-19,0.60,25.1,28.5,22.5,2.18,9.0
2019-10-20,5.40,24.4,27.6,22.4,2.06,12.3
2019-10-21,1.00,24.5,28.2,21.9,2.26,8.4
2019-10-22,0.70,25.3,29.9,22.0,3.44,8.7
2019-10-23,1.10,25.6,30.1,21.9,3.65,12.0
2019-10-24,0.00,25.4,30.0,22.0,3.29,13.2
2019-10-25,1.10,24.3,28.4,22.6,2.37,10.9
2019-10-26,11.20,24.5,28.2,22.0,2.33,10.5
2019-10-27,0.50,25.2,29.5,22.2,2.91,10.0
2019-10-28,0.20,24.8,27.9,22.0,2.09,9.1
2019-10-29,1.40,25.6,30.5,21.5,3.50,7.9
2019-10-30,6.50,25.5,31.1,21.8,3.59,9.8
2019-10-31,0.00,25.9,31.4,21.5,3.86,11.5
2019-11-01,0.10,25.6,29.7,22.2,3.21,6.6
2019-11-02,2.40,24.7,28.5,21.7,2.39,10.1
2019-11-03,0.00,26.0,31.7,20.3,3.84,7.7
2019-11-04,0.00,26.3,31.5,21.7,3.88,8.7
2019-11-05,0.00,25.9,31.4,21.3,3.90,7.8
2019-11-06,0.60,25.4,29.9,20.9,3.18,7.0
2019-11-07,0.10,25.9,30.8,21.2,3.27,7.1
2019-11-08,0.60,25.9,31.0,21.4,3.56,7.6
2019-11-09,0.00,25.9,31.8,20.8,4.53,10.9
2019-11-10,0.00,25.1,31.1,20.0,4.09,9.8
2019-11-11,0.00,24.8,31.0,19.7,4.10,10.0
2019-11-12,0.00,24.3,30.8,18.4,4.05,8.0
2019-11-13,0.00,23.2,30.3,17.4,4.20,9.7
2019-11-14,0.00,22.6,29.6,16.5,4.25,10.1
2019-11-15,0.00,22.9,29.5,16.6,3.82,7.6
2019-11-16,0.00,23.5,29.9,17.2,3.72,7.9
2019-11-17,0.00,24.0,30.6,18.5,4.04,9.2
2019-11-18,0.00,23.2,30.3,17.2,4.07,12.5
2019-11-19,0.00,22.9,29.9,16.3,3.72,9.0
2019-11-20,0.00,22.8,29.7,17.1,3.75,10.0
2019-11-21,0.00,23.1,29.4,17.0,3.70,8.0
2019-11-22,0.00,23.0,29.4,16.9,3.55,7.9
2019-11-23,0.00,23.2,29.5,17.0,3.59,9.2
2019-11-24,0.00,23.0,29.5,16.9,3.48,7.4
2019-11-25,0.00,22.4,29.2,16.9,3.49,10.0
2019-11-26,0.00,22.5,29.9,16.3,3.69,9.8
2019-11-27,0.00,22.5,29.9,16.8,3.59,9.5
2019-11-28,0.00,23.1,29.8,17.2,3.47,8.4
2019-11-29,0.00,23.5,29.5,17.6,3.46,8.7
2019-11-30,0.00,22.8,29.3,17.5,3.49,9.1
2019-12-01,0.00,22.7,29.6,17.3,3.43,9.4
2019-12-02,0.00,22.7,29.2,17.8,3.42,8.4
2019-12-03,0.00,22.6,28.5,17.9,3.33,8.6
2019-12-04,0.00,22.5,28.7,18.2,3.75,12.3
2019-12-05,0.00,20.6,27.2,15.6,3.64,10.4
2019-12-06,0.00,19.4,26.9,14.1,3.67,10.7
2019-12-07,0.00,19.9,26.8,13.7,3.38,9.5
2019-12-08,0.00,20.5,27.4,14.0,3.26,8.5
2019-12-09,0.00,20.9,27.6,14.1,3.20,7.2
2019-12-10,0.00,20.6,27.7,13.7,3.31,8.5
2019-12-11,0.00,21.0,28.0,14.7,3.16,8.5
2019-12-12,0.00,22.2,28.8,15.9,3.56,13.4
2019-12-13,2.80,22.6,27.9,19.3,3.05,12.6
2019-12-14,0.80,22.5,27.2,19.0,2.56,7.8
2019-12-15,3.90,21.4,26.1,19.1,2.47,11.5
2019-12-16,5.00,19.9,23.5,17.3,1.76,11.3
2019-12-17,0.00,20.3,26.1,16.1,3.00,10.4
2019-12-18,0.00,19.5,25.5,14.5,2.88,8.2
2019-12-19,0.00,20.9,26.3,15.3,3.02,15.2
2019-12-20,0.00,20.5,26.8,15.2,3.14,8.8
2019-12-21,0.00,20.7,27.6,15.3,3.13,9.3
2019-12-22,0.00,21.7,27.6,17.6,3.01,7.5
2019-12-23,0.00,22.1,27.7,17.8,3.35,9.7
2019-12-24,0.00,21.8,28.9,16.0,3.15,11.9
2019-12-25,0.40,22.9,28.4,17.5,3.09,10.7
2019-12-26,4.00,20.3,22.3,18.8,1.45,8.6
2019-12-27,0.00,17.3,23.1,12.3,4.14,14.0
2019-12-28,0.00,14.9,22.5,9.5,3.61,11.0
2019-12-29,0.00,15.0,23.0,7.7,3.29,10.0
2019-12-30,0.10,17.5,23.8,10.2,3.04,10.9
2019-12-31,11.50,17.4,18.6,16.4,1.85,12.4
2020-01-01,6.40,18.2,23.8,14.3,1.92,12.7
2020-01-02,10.90,17.9,21.7,15.3,1.74,11.0
2020-01-03,3.20,19.1,23.9,16.1,2.39,7.7
2020-01-04,0.90,19.0,22.9,15.9,2.22,11.1
2020-01-05,0.00,16.7,22.7,13.2,3.23,11.2
2020-01-06,0.00,16.2,23.5,10.4,3.07,10.0
2020-01-07,0.00,18.3,25.0,11.8,2.63,9.7
2020-01-08,26.20,19.4,23.2,17.7,1.40,11.7
2020-01-09,0.30,19.7,24.0,15.1,3.05,15.8
2020-01-10,0.00,15.3,21.7,11.0,3.29,14.1
2020-01-11,0.00,14.4,22.1,8.9,3.06,9.7
2020-01-12,0.00,16.1,23.6,9.6,3.07,8.9
2020-01-13,0.00,17.9,25.7,10.2,3.23,7.4
2020-01-14,0.00,18.9,26.7,11.6,3.26,10.5
2020-01-15,0.00,20.0,27.8,13.2,3.20,10.4
2020-01-16,0.00,20.8,26.4,16.4,3.04,14.2
2020-01-17,0.50,20.6,25.3,17.4,2.51,11.2
2020-01-18,0.30,20.5,25.9,16.9,2.72,10.4
2020-01-19,1.20,19.8,24.8,16.4,2.50,10.6
2020-01-20,0.00,18.3,25.0,13.3,3.30,10.0
2020-01-21,0.00,20.2,27.8,13.8,3.12,9.1
2020-01-22,0.20,22.4,28.5,16.8,3.25,8.5
2020-01-23,0.70,21.7,26.4,18.4,2.89,13.8
2020-01-24,0.00,20.5,26.7,15.2,3.56,9.2
2020-01-25,0.00,21.1,28.4,14.8,3.67,10.4
2020-01-26,0.00,20.3,28.0,14.4,3.75,8.9
2020-01-27,0.00,21.4,29.7,13.8,3.81,9.0
2020-01-28,0.00,23.5,30.1,18.3,4.60,16.4
2020-01-29,0.00,21.5,26.6,17.9,3.42,13.4
2020-01-30,0.00,20.0,26.3,15.7,4.06,12.0
2020-01-31,0.00,18.5,25.5,13.2,4.04,11.4
2020-02-01,0.00,19.0,24.4,14.2,3.31,11.2
2020-02-02,0.00,19.7,26.1,14.1,4.09,13.4
2020-02-03,1.90,19.0,23.8,15.1,2.73,10.0
2020-02-04,3.10,20.5,27.7,15.3,2.41,10.9
2020-02-05,0.00,20.9,26.6,17.3,3.21,10.6
2020-02-06,0.20,20.9,26.9,16.4,3.27,11.9
2020-02-07,5.60,19.2,23.4,16.1,2.02,11.4
2020-02-08,0.00,19.1,24.4,14.7,2.81,18.0
2020-02-09,0.00,17.8,24.0,13.2,3.94,15.0
2020-02-10,0.00,18.2,25.1,11.7,3.91,9.9
2020-02-11,0.00,19.9,27.0,13.3,3.92,10.2
2020-02-12,0.00,20.7,28.0,14.4,4.10,12.9
2020-02-13,0.00,21.5,29.9,14.3,4.33,9.7
2020-02-14,0.00,22.7,31.0,16.0,4.79,10.8
2020-02-15,0.00,22.1,30.2,15.7,4.46,9.1
2020-02-16,0.00,22.4,30.4,15.3,4.63,9.8
2020-02-17,0.00,22.1,30.9,15.3,5.12,10.5
2020-02-18,0.00,21.9,30.8,14.1,4.94,11.2
2020-02-19,0.00,21.9,31.3,13.3,4.90,10.2
2020-02-20,0.00,23.7,32.3,15.6,4.83,10.2
2020-02-21,0.20,24.4,31.3,18.9,4.44,14.9
2020-02-22,0.00,24.9,31.4,19.1,4.10,9.0
2020-02-23,0.00,25.6,32.7,19.8,4.79,10.2
2020-02-24,0.60,24.7,31.6,20.0,4.30,12.0
2020-02-25,0.00,23.1,29.3,18.3,4.95,14.0
2020-02-26,0.00,22.7,29.9,16.0,5.30,12.1
2020-02-27,0.00,22.7,30.2,15.3,4.89,9.8
2020-02-28,0.00,23.3,31.2,16.2,5.04,10.4
2020-02-29,0.00,24.3,32.1,16.5,5.01,10.5
2020-03-01,0.00,25.2,32.8,17.8,4.99,10.6
2020-03-02,0.00,25.3,32.2,19.4,4.70,13.2
2020-03-03,0.00,26.5,33.9,20.0,5.65,19.0
2020-03-04,0.00,25.6,33.2,18.4,5.87,15.3
2020-03-05,0.00,25.0,31.4,18.2,5.30,13.3
2020-03-06,1.50,24.7,30.8,19.8,4.82,21.0
2020-03-07,0.00,25.3,31.6,19.3,4.89,12.7
2020-03-08,0.00,25.7,32.5,19.5,5.47,13.5
2020-03-09,0.30,26.0,31.5,20.7,5.05,12.6
2020-03-10,1.40,25.4,32.2,21.5,3.85,14.9
2020-03-11,1.20,26.2,32.3,21.0,4.68,15.3
2020-03-12,0.00,27.2,32.9,21.6,4.92,8.6
2020-03-13,2.30,26.2,32.4,22.1,4.31,13.9
2020-03-14,0.90,24.6,30.5,19.9,4.45,14.5
2020-03-15,0.00,25.3,32.1,19.9,5.39,12.5
2020-03-16,0.00,25.7,32.6,19.1,5.33,11.1
2020-03-17,0.00,27.2,33.7,20.8,5.03,11.0
2020-03-18,5.20,25.7,32.2,21.2,4.36,9.4
2020-03-19,0.10,26.9,35.2,21.1,5.75,19.8
2020-03-20,0.10,25.4,33.9,19.3,5.20,18.2
2020-03-21,0.00,26.3,33.2,19.6,5.29,10.2
2020-03-22,0.00,26.6,34.8,18.9,5.57,9.4
2020-03-23,0.00,27.5,35.0,19.4,5.51,10.7
2020-03-24,0.00,28.5,35.8,21.5,5.55,14.8
2020-03-25,0.00,29.4,35.8,22.3,5.43,14.7
2020-03-26,0.70,28.3,35.8,23.0,4.99,18.9
2020-03-27,0.00,29.9,36.7,23.4,6.14,19.1
2020-03-28,0.20,27.9,35.3,23.8,4.83,14.4
2020-03-29,0.00,28.9,35.4,23.8,5.22,17.9
2020-03-30,0.20,28.7,34.7,22.6,4.52,10.5
2020-03-31,0.00,30.2,37.7,22.9,6.03,8.9
2020-04-01,0.00,30.3,37.9,23.4,6.14,15.8
2020-04-02,0.00,30.3,37.9,22.5,6.26,10.0
2020-04-03,0.00,30.7,35.8,25.4,6.43,17.1
2020-04-04,0.00,30.3,36.8,24.2,5.97,20.0
2020-04-05,0.00,29.9,36.0,23.6,5.36,10.9
2020-04-06,0.00,30.8,37.1,24.0,5.58,16.4
2020-04-07,0.00,32.2,38.3,25.4,7.71,15.8
2020-04-08,0.00,31.6,38.6,24.5,7.78,18.4
2020-04-09,0.00,30.8,38.6,23.4,6.50,12.9
2020-04-10,0.00,30.3,36.8,23.5,6.41,15.5
2020-04-11,0.00,31.0,37.5,24.0,6.01,9.3
2020-04-12,0.00,32.8,40.0,24.9,6.15,11.3
2020-04-13,0.00,32.3,39.6,24.2,6.80,16.6
2020-04-14,0.00,32.7,39.8,24.9,6.87,21.9
2020-04-15,0.00,33.2,39.7,26.2,6.59,13.3
2020-04-16,0.00,33.4,40.0,25.9,7.41,17.2
2020-04-17,0.00,34.5,41.0,27.1,8.41,16.6
2020-04-18,0.00,33.9,40.7,27.7,7.19,15.6
2020-04-19,0.00,32.5,38.4,27.2,5.78,13.5
2020-04-20,0.00,33.0,39.0,26.2,7.33,15.2
2020-04-21,0.00,34.3,40.7,28.6,9.03,21.4
2020-04-22,0.00,32.8,38.9,25.5,6.89,11.7
2020-04-23,0.00,33.5,40.6,26.6,7.16,14.2
2020-04-24,0.00,34.0,40.1,25.6,8.09,18.8
2020-04-25,0.00,34.1,40.8,28.2,8.50,20.7
2020-04-26,0.00,33.2,39.6,25.7,8.19,19.2
2020-04-27,0.50,31.2,37.9,27.3,6.58,27.6
2020-04-28,0.00,30.3,37.2,24.3,5.67,17.1
2020-04-29,0.00,31.8,38.5,24.0,6.35,13.2
2020-04-30,0.00,32.2,39.3,25.1,6.22,16.8
2020-05-01,0.00,33.0,40.4,26.0,6.75,11.3
2020-05-02,0.00,35.0,42.2,27.0,7.07,14.5
2020-05-03,0.00,35.7,42.9,27.8,8.52,16.8
2020-05-04,0.00,35.4,41.8,29.3,7.74,18.5
2020-05-05,0.00,34.8,40.8,28.6,7.73,20.0
2020-05-06,0.00,34.2,39.9,28.5,6.45,11.3
2020-05-07,0.00,33.2,39.5,26.7,6.79,11.5
2020-05-08,0.00,34.5,40.2,29.5,7.96,19.5
2020-05-09,0.00,34.4,41.4,27.4,7.52,17.7
2020-05-10,0.20,32.4,38.2,27.3,6.13,19.9
2020-05-11,0.00,32.8,39.8,25.7,6.32,16.7
2020-05-12,0.00,33.7,40.5,26.3,6.88,16.4
2020-05-13,0.00,33.4,39.4,27.9,7.12,17.6
2020-05-14,0.00,33.9,41.0,27.4,6.55,26.3
2020-05-15,0.10,34.3,41.3,29.0,6.97,18.4
2020-05-16,0.00,34.9,40.7,29.4,7.53,18.8
2020-05-17,0.00,34.3,40.2,26.9,6.55,10.4
2020-05-18,0.00,34.5,41.6,29.0,7.00,23.3
2020-05-19,0.00,33.9,40.3,27.5,7.86,24.3
2020-05-20,0.00,34.6,42.4,25.3,9.59,24.1
2020-05-21,0.00,34.3,42.4,27.1,9.54,22.1
2020-05-22,0.00,35.4,43.5,25.5,9.87,24.0
2020-05-23,0.00,37.4,44.3,31.0,10.36,23.9
2020-05-24,0.00,37.3,44.0,30.7,7.15,14.2
2020-05-25,0.00,37.3,44.8,28.9,8.31,17.1
2020-05-26,0.00,37.5,44.5,30.6,8.80,14.2
2020-05-27,0.00,37.2,43.4,29.0,9.75,21.0
2020-05-28,0.00,37.8,44.0,32.0,9.95,18.8
2020-05-29,0.00,37.0,43.0,31.5,8.23,15.5
2020-05-30,0.00,35.5,39.8,30.9,6.90,16.9
2020-05-31,0.00,35.7,40.6,30.7,7.13,16.9
2020-06-01,0.00,32.6,35.2,28.1,5.60,17.8
2020-06-02,10.80,29.1,31.7,26.0,3.91,20.4
2020-06-03,20.10,27.0,30.4,24.5,2.61,9.8
2020-06-04,1.50,28.2,32.9,24.4,5.82,31.3
2020-06-05,0.40,28.8,33.9,23.4,5.99,20.7
2020-06-06,3.70,29.0,33.0,26.0,4.84,14.7
2020-06-07,1.50,29.9,35.2,26.1,5.28,13.5
2020-06-08,0.10,31.0,35.8,27.0,6.25,13.5
2020-06-09,0.60,30.8,36.8,26.7,5.75,13.3
2020-06-10,3.60,31.6,37.0,25.9,6.09,15.8
2020-06-11,2.40,30.7,37.4,25.6,5.40,15.5
2020-06-12,8.90,28.5,33.6,25.7,3.76,13.3
2020-06-13,40.70,26.8,29.9,24.7,2.02,14.0
2020-06-14,3.70,28.0,31.1,25.2,3.52,8.3
2020-06-15,47.70,27.1,29.6,25.5,2.36,15.5
2020-06-16,5.30,28.6,32.3,25.1,3.13,16.3
2020-06-17,13.50,27.5,30.2,25.4,2.95,16.3
2020-06-18,0.60,28.4,31.6,25.4,4.27,17.6
2020-06-19,0.80,28.5,32.4,25.3,4.23,19.1
2020-06-20,0.90,29.5,32.7,26.9,5.07,17.6
2020-06-21,0.00,29.9,33.3,27.3,5.69,21.5
2020-06-22,17.40,28.2,32.1,25.8,3.39,20.8
2020-06-23,12.50,26.9,30.2,24.6,3.24,17.1
2020-06-24,4.00,28.3,33.1,24.4,4.92,10.2
2020-06-25,11.50,28.8,32.7,24.8,4.24,11.1
2020-06-26,2.50,28.9,32.6,25.9,4.41,15.2
2020-06-27,12.30,28.1,31.8,25.7,3.14,12.0
2020-06-28,10.80,27.3,30.4,24.9,2.67,11.7
2020-06-29,0.70,28.2,31.8,25.1,3.93,8.5
2020-06-30,0.30,28.6,32.1,26.0,4.61,11.5
2020-07-01,0.00,28.7,32.8,23.7,5.03,12.2
2020-07-02,8.40,28.9,32.8,26.0,4.84,14.8
2020-07-03,17.90,28.1,31.4,26.1,3.52,17.3
2020-07-04,14.90,27.2,29.7,24.9,2.88,13.8
2020-07-05,19.60,26.7,30.1,24.8,2.11,12.1
2020-07-06,26.10,25.5,27.6,24.3,1.63,17.6
2020-07-07,1.30,27.8,31.5,24.6,4.62,18.1
2020-07-08,1.40,28.2,32.3,24.5,4.74,13.6
2020-07-09,9.00,27.4,29.8,25.1,3.24,15.7
2020-07-10,10.10,27.5,30.4,25.3,3.29,15.6
2020-07-11,0.00,28.4,32.0,25.6,4.72,15.5
2020-07-12,11.20,28.3,33.0,25.4,4.66,14.8
2020-07-13,20.70,27.3,31.2,24.9,3.71,13.4
2020-07-14,13.70,26.9,29.6,24.6,2.46,9.9
2020-07-15,29.90,26.3,30.1,23.7,2.67,9.4
2020-07-16,14.50,26.5,30.8,24.2,3.74,16.2
2020-07-17,2.40,27.5,31.8,24.4,4.49,11.4
2020-07-18,3.20,28.2,31.9,24.9,4.53,11.8
2020-07-19,8.20,27.8,31.2,25.3,3.55,13.8
2020-07-20,7.20,27.2,30.6,25.2,2.90,15.1
2020-07-21,11.30,27.0,30.0,25.2,2.94,13.8
2020-07-22,7.30,27.6,30.6,24.9,3.53,12.4
2020-07-23,18.40,26.1,30.6,24.2,3.01,16.7
2020-07-24,1.50,26.8,29.8,23.8,3.38,9.3
2020-07-25,4.70,26.8,30.1,24.6,3.88,15.3
2020-07-26,0.30,27.6,31.7,24.2,4.87,9.4
2020-07-27,1.80,28.3,32.3,24.6,4.67,12.5
2020-07-28,12.50,28.2,31.7,25.7,3.92,14.1
2020-07-29,11.30,27.4,31.0,24.2,3.94,7.9
2020-07-30,1.80,28.0,31.9,25.0,4.50,9.4
2020-07-31,3.40,28.7,32.6,25.5,4.85,9.7
2020-08-01,3.50,28.3,32.3,25.3,3.96,10.5
2020-08-02,9.40,28.3,31.6,25.5,3.94,10.6
2020-08-03,9.40,26.6,28.7,24.9,1.65,14.8
2020-08-04,4.70,26.8,28.9,25.1,2.39,11.7
2020-08-05,11.30,26.4,29.6,24.2,2.24,10.1
2020-08-06,3.20,26.7,30.6,24.5,3.80,17.5
2020-08-07,0.90,27.5,31.7,24.9,3.64,17.6
2020-08-08,12.50,26.2,27.4,25.3,1.52,14.5
2020-08-09,68.60,25.4,26.2,24.7,1.17,17.3
2020-08-10,60.00,26.3,29.5,24.4,3.00,17.5
2020-08-11,2.90,27.0,29.9,24.9,3.51,21.1
2020-08-12,7.90,26.6,29.9,24.8,3.00,17.7
2020-08-13,22.40,24.9,26.5,24.2,1.51,16.4
2020-08-14,6.30,24.9,26.6,23.8,1.96,20.5
2020-08-15,5.80,25.6,28.8,23.6,2.53,18.0
2020-08-16,18.30,25.2,26.6,24.1,1.53,18.9
2020-08-17,35.30,24.9,26.6,24.0,1.34,15.8
2020-08-18,2.50,25.7,29.1,24.2,2.28,18.8
2020-08-19,26.00,25.9,29.6,24.2,2.64,19.5
2020-08-20,59.70,26.5,30.7,24.1,3.31,17.9
2020-08-21,29.70,25.4,28.3,24.2,2.16,24.8
2020-08-22,4.30,25.4,27.6,23.9,2.79,25.2
2020-08-23,1.70,26.8,30.5,23.9,4.59,20.5
2020-08-24,0.40,27.1,30.9,23.9,4.87,18.8
2020-08-25,0.10,27.7,31.9,24.4,5.30,16.6
2020-08-26,3.40,26.9,30.3,24.7,3.25,18.7
2020-08-27,19.00,25.4,27.4,24.5,1.86,23.8
2020-08-28,224.60,24.0,24.5,23.4,0.95,25.4
2020-08-29,36.70,24.6,26.4,23.7,2.09,28.7
2020-08-30,1.10,26.4,30.2,23.0,4.34,19.2
2020-08-31,0.00,27.1,31.2,23.6,4.82,14.3
2020-09-01,0.40,27.6,32.2,23.3,4.83,11.0
2020-09-02,1.00,26.8,29.8,24.7,2.53,10.9
2020-09-03,3.60,27.5,30.9,24.2,4.17,9.1
2020-09-04,4.70,28.1,32.3,24.6,4.50,8.1
2020-09-05,6.50,27.6,31.3,24.6,3.39,8.9
2020-09-06,8.80,27.5,31.8,24.6,4.16,11.3
2020-09-07,9.90,27.1,30.5,24.2,3.81,12.7
2020-09-08,4.50,27.6,31.2,24.9,3.96,9.2
2020-09-09,13.90,27.8,31.4,25.2,3.61,10.9
2020-09-10,28.00,26.7,29.1,24.7,2.38,8.7
2020-09-11,26.60,26.4,29.7,24.0,3.02,8.5
2020-09-12,4.10,27.2,31.0,24.3,3.89,5.5
2020-09-13,7.60,27.5,30.9,24.7,3.84,9.2
2020-09-14,14.60,27.6,32.3,23.9,4.44,8.7
2020-09-15,10.20,28.0,32.4,24.7,4.45,11.6
2020-09-16,27.80,27.2,32.2,24.2,4.02,10.4
2020-09-17,6.30,27.8,31.8,24.1,3.86,10.1
2020-09-18,17.30,27.7,31.0,25.1,3.48,14.6
2020-09-19,4.70,27.7,31.2,24.8,3.81,11.1
2020-09-20,8.70,27.6,31.6,24.2,4.21,8.1
2020-09-21,12.70,26.9,30.3,24.8,2.68,7.6
2020-09-22,26.20,25.8,28.6,24.2,2.24,11.1
2020-09-23,12.50,26.2,30.0,24.2,3.24,21.7
2020-09-24,5.00,26.3,28.5,24.7,2.53,17.1
2020-09-25,0.20,27.6,32.0,24.4,4.27,11.7
2020-09-26,1.00,26.7,31.2,23.8,3.90,14.6
2020-09-27,3.40,26.8,30.8,24.3,3.93,15.8
2020-09-28,2.60,26.7,31.1,23.8,4.36,12.0
2020-09-29,5.80,26.6,31.0,24.3,4.05,10.2
2020-09-30,0.00,27.2,31.8,23.4,4.45,10.5
2020-10-01,0.00,27.6,31.6,24.5,4.71,13.1
2020-10-02,0.00,27.6,33.4,23.4,5.28,13.6
2020-10-03,0.00,27.0,33.3,22.0,5.54,13.7
2020-10-04,0.00,27.0,33.0,22.2,4.67,13.2
2020-10-05,0.00,27.0,32.4,22.1,5.06,14.3
2020-10-06,0.00,26.9,32.1,23.0,4.21,14.2
2020-10-07,14.90,25.9,28.9,24.2,2.50,14.2
2020-10-08,13.30,26.2,30.0,23.2,3.40,9.2
2020-10-09,6.30,26.4,30.1,23.5,3.11,9.7
2020-10-10,1.30,27.0,30.9,23.6,3.23,8.8
2020-10-11,12.90,25.9,30.0,24.0,2.69,8.1
2020-10-12,0.90,27.0,31.5,23.3,3.94,11.8
2020-10-13,2.80,27.4,31.7,24.0,4.30,18.7
2020-10-14,5.00,26.6,29.7,24.8,3.16,23.0
2020-10-15,10.70,26.0,28.1,23.9,2.55,14.0
2020-10-16,10.90,25.8,29.7,23.8,2.92,11.8
2020-10-17,2.60,26.4,30.3,23.7,2.92,8.0
2020-10-18,0.50,27.1,31.1,23.6,3.82,6.2
2020-10-19,0.20,27.3,31.1,24.0,3.78,7.4
2020-10-20,0.10,26.9,31.4,22.8,4.01,9.2
2020-10-21,0.00,26.8,31.7,22.6,4.15,9.2
2020-10-22,0.00,26.1,31.7,21.7,4.63,9.0
2020-10-23,0.00,25.8,31.8,20.3,4.30,9.0
2020-10-24,0.00,26.1,32.0,21.4,4.19,8.6
2020-10-25,0.10,25.7,30.8,21.0,3.80,5.8
2020-10-26,0.10,25.9,30.7,22.4,3.58,9.5
2020-10-27,0.00,25.6,31.0,21.5,3.80,10.3
2020-10-28,0.00,25.0,31.1,18.7,3.86,6.9
2020-10-29,0.00,24.4,30.9,19.1,3.94,8.4
2020-10-30,0.00,24.9,31.1,20.0,4.24,9.3
2020-10-31,0.00,24.4,30.9,19.0,4.67,9.8
2020-11-01,0.00,24.5,31.3,18.0,4.77,10.0
2020-11-02,0.00,24.7,31.4,18.9,4.99,12.1
2020-11-03,0.00,23.9,31.2,18.0,4.90,11.5
2020-11-04,0.00,22.5,30.1,15.4,4.55,9.6
2020-11-05,0.00,22.4,30.0,14.5,4.25,8.7
2020-11-06,0.00,22.0,29.9,14.6,4.38,9.9
2020-11-07,0.00,21.6,29.9,14.0,4.52,10.0
2020-11-08,0.00,21.7,29.7,14.2,4.47,8.2
2020-11-09,0.00,21.2,28.8,14.1,4.27,8.6
2020-11-10,0.00,20.4,28.2,13.9,4.32,9.4
2020-11-11,0.00,21.5,29.0,13.8,4.23,9.4
2020-11-12,0.30,24.2,30.1,18.3,3.69,9.5
2020-11-13,0.00,25.7,31.7,20.8,4.16,8.7
2020-11-14,0.00,25.4,31.9,20.1,4.37,9.7
2020-11-15,0.00,24.9,32.0,19.3,4.47,11.8
2020-11-16,0.00,25.8,32.3,18.9,3.98,7.9
2020-11-17,0.00,25.6,32.0,19.6,3.83,7.5
2020-11-18,0.00,25.7,31.4,19.7,3.89,11.9
2020-11-19,0.10,26.1,31.2,21.1,3.73,10.7
2020-11-20,0.80,25.2,30.1,21.9,2.85,9.0
2020-11-21,0.10,23.8,29.3,20.1,3.83,11.5
2020-11-22,0.00,21.6,28.5,16.0,4.19,9.9
2020-11-23,0.00,21.1,28.7,14.2,4.01,9.7
2020-11-24,0.00,21.7,28.7,14.5,3.92,8.6
2020-11-25,0.00,20.7,28.6,14.5,4.06,11.4
2020-11-26,0.10,22.0,29.3,16.0,3.94,17.7
2020-11-27,0.00,21.8,25.2,19.5,2.55,16.9
2020-11-28,0.00,22.5,28.8,17.5,3.92,13.7
2020-11-29,0.00,23.1,29.8,17.5,3.88,10.2
2020-11-30,0.00,23.3,30.3,17.2,3.86,8.6
2020-12-01,0.00,23.1,29.9,17.6,3.82,8.4
2020-12-02,0.00,22.1,29.7,15.0,3.76,8.0
2020-12-03,0.00,22.0,30.2,13.8,3.93,8.8
2020-12-04,0.00,21.3,29.8,14.5,3.99,10.8
2020-12-05,0.00,22.0,29.8,14.5,3.67,8.6
2020-12-06,0.00,21.8,30.2,14.0,3.86,8.9
2020-12-07,0.00,22.1,30.3,14.0,3.78,8.4
2020-12-08,0.00,22.0,30.1,14.6,3.75,9.8
2020-12-09,0.00,22.0,29.9,14.5,3.62,10.0
2020-12-10,0.00,22.6,29.7,15.9,3.68,10.4
2020-12-11,0.00,22.9,29.7,16.1,3.66,10.1
2020-12-12,0.00,23.4,28.7,18.3,3.33,11.7
2020-12-13,0.00,22.9,28.0,19.6,2.71,8.7
2020-12-14,0.00,23.0,27.4,20.2,2.75,10.8
2020-12-15,0.30,23.5,28.3,19.9,3.08,9.5
2020-12-16,0.00,23.7,29.1,19.0,3.41,14.2
2020-12-17,0.00,22.2,28.1,17.7,3.31,11.5
2020-12-18,0.00,21.5,27.4,16.6,3.35,8.0
2020-12-19,0.00,19.6,26.5,14.6,3.82,10.2
2020-12-20,0.00,18.4,26.9,12.2,4.19,11.3
2020-12-21,0.00,18.4,27.0,10.9,3.94,9.7
2020-12-22,0.00,18.3,27.2,10.7,3.91,10.8
2020-12-23,0.00,18.5,27.2,11.0,3.76,9.7
2020-12-24,0.00,19.1,27.4,11.3,3.72,9.5
2020-12-25,0.00,19.5,27.5,13.0,3.94,9.8
2020-12-26,0.00,18.9,27.4,11.7,3.72,10.7
2020-12-27,0.00,19.7,28.4,11.9,3.48,9.6
2020-12-28,0.00,21.0,28.5,13.4,3.54,9.0
2020-12-29,0.00,21.2,28.2,15.3,3.54,10.7
2020-12-30,0.00,21.1,28.7,15.0,3.71,11.5
2020-12-31,0.00,20.7,28.1,14.4,3.71,9.4
2021-01-01,0.00,20.4,28.3,13.8,3.77,11.9
2021-01-02,0.00,20.7,28.3,13.9,3.53,9.0
2021-01-03,0.00,21.9,29.4,15.8,3.70,9.5
2021-01-04,0.00,21.3,28.8,15.8,3.50,9.3
2021-01-05,0.00,22.2,29.2,16.3,3.46,11.1
2021-01-06,0.00,24.5,29.9,19.1,3.12,8.0
2021-01-07,0.00,24.4,29.3,19.1,2.99,8.5
2021-01-08,0.00,25.1,29.9,21.7,3.11,10.5
2021-01-09,0.00,25.2,31.0,20.2,3.77,8.1
2021-01-10,0.00,24.9,30.7,19.0,3.31,7.9
2021-01-11,0.00,24.7,31.5,18.8,3.81,8.6
2021-01-12,0.00,24.1,30.6,19.3,3.62,10.8
2021-01-13,0.00,21.2,28.4,16.1,3.87,10.0
2021-01-14,0.00,19.8,27.9,13.5,4.16,9.7
2021-01-15,0.00,19.8,28.5,12.1,3.96,10.6
2021-01-16,0.00,21.6,29.5,14.5,3.88,7.7
2021-01-17,0.00,22.5,29.6,16.3,3.84,10.1
2021-01-18,0.00,22.5,30.0,15.3,4.08,8.3
2021-01-19,0.00,24.6,31.3,18.1,3.97,10.7
2021-01-20,0.00,25.2,31.6,19.7,3.60,10.8
2021-01-21,0.00,23.2,30.1,17.7,4.40,10.3
2021-01-22,0.00,21.6,29.9,14.3,4.43,11.0
2021-01-23,0.00,22.7,31.1,14.4,4.31,10.8
2021-01-24,0.00,23.3,31.9,15.7,4.18,12.1
2021-01-25,0.00,23.4,30.7,16.8,4.27,12.2
2021-01-26,0.00,23.1,30.1,16.9,4.28,15.5
2021-01-27,0.00,22.6,29.5,17.2,4.02,13.9
2021-01-28,0.60,23.7,29.7,18.7,3.93,11.3
2021-01-29,0.50,22.1,28.1,17.5,3.69,12.6
2021-01-30,0.00,19.9,27.8,14.2,4.79,14.4
2021-01-31,0.00,19.8,28.2,13.1,4.62,10.2
2021-02-01,0.00,20.3,28.6,13.1,4.64,10.1
2021-02-02,0.00,20.6,29.8,12.4,4.75,11.3
2021-02-03,0.00,21.3,30.4,12.8,4.69,10.5
2021-02-04,0.00,21.6,30.3,13.5,4.75,11.6
2021-02-05,0.00,22.4,30.5,14.6,4.96,11.7
2021-02-06,0.00,22.5,29.1,17.2,5.11,13.7
2021-02-07,0.00,20.2,27.3,14.7,5.00,14.5
2021-02-08,0.00,19.8,28.1,12.8,4.56,10.3
2021-02-09,0.00,20.7,29.7,11.8,4.52,9.7
2021-02-10,0.00,21.9,31.1,13.2,4.62,10.7
2021-02-11,0.00,23.2,31.9,14.6,4.84,10.0
2021-02-12,0.00,23.6,31.6,15.9,4.67,8.9
2021-02-13,0.00,24.5,32.3,16.5,4.81,12.2
2021-02-14,0.00,25.3,31.9,18.3,4.05,9.4
2021-02-15,0.00,25.5,32.0,18.9,4.49,9.3
2021-02-16,0.00,25.8,32.6,19.2,4.82,17.4
2021-02-17,1.20,22.5,27.8,18.6,3.72,13.8
2021-02-18,1.50,21.8,27.9,17.3,3.43,8.8
2021-02-19,0.00,21.0,26.1,15.0,2.85,8.7
2021-02-20,0.00,22.2,29.0,16.1,4.59,14.7
2021-02-21,0.00,22.9,30.4,16.1,4.96,11.0
2021-02-22,0.00,23.2,31.8,15.3,5.08,10.1
2021-02-23,0.00,24.1,33.0,15.8,5.10,8.9
2021-02-24,0.00,24.2,33.6,15.8,5.24,10.5
2021-02-25,0.00,25.6,34.9,16.4,5.71,13.6
2021-02-26,0.00,27.2,35.2,20.1,6.52,17.0
2021-02-27,0.00,27.0,35.1,19.0,6.13,12.7
2021-02-28,0.00,26.9,35.8,19.1,5.72,10.7
2021-03-01,0.00,27.7,36.4,19.2,5.72,16.3
2021-03-02,0.00,26.6,35.3,19.0,6.25,11.2
2021-03-03,0.00,25.1,33.5,17.6,5.77,10.2
2021-03-04,0.00,26.0,35.4,17.1,5.54,9.6
2021-03-05,0.00,27.4,36.4,19.0,6.94,16.4
2021-03-06,0.00,26.9,35.4,18.3,6.25,12.4
2021-03-07,0.00,26.6,35.9,17.3,5.93,11.0
2021-03-08,0.00,28.4,36.7,19.3,6.07,11.6
2021-03-09,0.00,28.8,36.9,21.4,5.81,13.5
2021-03-10,0.00,29.2,36.2,22.3,5.87,14.5
2021-03-11,0.00,28.5,35.4,22.3,5.35,12.6
2021-03-12,0.00,28.4,35.9,20.8,5.93,13.4
2021-03-13,0.00,27.0,33.5,20.1,5.89,20.5
2021-03-14,0.00,28.0,34.7,21.9,5.06,9.7
2021-03-15,0.00,28.5,35.2,20.9,5.30,9.5
2021-03-16,0.00,29.1,35.7,22.1,5.28,9.7
2021-03-17,0.00,28.8,35.5,21.5,5.25,9.2
2021-03-18,0.00,28.7,34.9,22.7,4.83,10.4
2021-03-19,0.30,26.9,33.0,22.2,4.92,17.2
2021-03-20,0.00,27.7,34.9,20.2,5.47,11.1
2021-03-21,0.00,28.3,36.5,21.4,6.02,12.1
2021-03-22,0.00,27.8,35.4,21.5,5.64,15.5
2021-03-23,0.00,26.0,32.1,21.7,3.41,10.1
2021-03-24,0.00,27.6,35.8,20.5,5.63,8.6
2021-03-25,0.00,28.8,36.1,21.0,5.87,10.3
2021-03-26,0.00,29.0,36.6,22.5,6.93,15.7
2021-03-27,0.00,28.8,37.4,20.1,6.84,12.2
2021-03-28,0.00,29.7,39.0,19.7,6.69,12.0
2021-03-29,0.00,30.7,40.2,20.9,6.67,10.2
2021-03-30,0.00,31.6,40.5,21.8,8.94,21.5
2021-03-31,0.00,32.1,39.9,25.6,9.17,16.9
2021-04-01,0.00,32.2,39.4,26.9,8.26,18.4
2021-04-02,0.00,30.2,38.8,21.8,6.50,9.8
2021-04-03,0.00,31.3,39.6,22.1,7.08,14.3
2021-04-04,0.00,31.8,39.8,24.1,7.73,13.1
2021-04-05,0.00,30.9,39.9,21.7,7.38,10.8
2021-04-06,0.00,31.1,40.4,21.5,7.36,12.6
2021-04-07,0.00,32.7,41.1,24.1,6.84,10.7
2021-04-08,0.00,33.2,39.7,26.8,6.97,13.0
2021-04-09,0.00,32.1,38.5,27.1,7.04,19.4
2021-04-10,0.00,30.6,37.6,24.1,6.69,17.9
2021-04-11,0.00,29.6,35.6,24.3,4.38,11.9
2021-04-12,0.00,30.9,38.3,24.5,6.06,10.5
2021-04-13,0.00,31.3,38.3,23.7,6.30,11.0
2021-04-14,0.00,30.8,38.3,22.9,6.98,17.9
2021-04-15,0.90,29.0,36.7,24.6,5.65,18.7
2021-04-16,0.00,30.3,38.0,22.1,6.35,11.5
2021-04-17,0.00,31.9,38.8,25.1,6.33,15.4
2021-04-18,0.00,31.9,39.2,24.3,6.91,11.7
2021-04-19,0.00,32.8,39.6,25.6,6.86,16.6
2021-04-20,0.00,32.9,39.9,26.0,6.56,14.3
2021-04-21,0.00,32.0,38.4,25.7,6.31,14.5
2021-04-22,0.00,31.7,38.7,24.7,7.05,13.2
2021-04-23,0.00,31.6,39.2,23.2,7.27,14.5
2021-04-24,0.00,32.8,40.2,24.2,6.73,10.5
2021-04-25,0.00,33.0,40.4,25.3,8.00,15.6
2021-04-26,0.00,32.9,40.4,24.1,7.81,14.8
2021-04-27,0.00,32.7,40.3,24.6,6.93,12.2
2021-04-28,0.00,33.4,41.5,23.2,7.27,13.5
2021-04-29,0.00,34.0,41.8,26.0,6.82,12.1
2021-04-30,0.00,34.0,40.9,26.2,7.76,17.0
2021-05-01,0.00,34.0,39.9,27.3,7.41,19.6
2021-05-02,0.00,31.9,37.5,26.7,6.04,14.8
2021-05-03,0.00,30.7,37.5,26.5,6.21,16.0
2021-05-04,0.00,31.6,38.2,24.8,6.27,10.4
2021-05-05,0.00,33.5,39.3,27.3,7.09,15.6
2021-05-06,0.00,33.2,39.2,28.6,7.69,19.1
2021-05-07,1.30,32.3,38.8,27.2,6.12,12.1
2021-05-08,0.00,32.5,39.0,26.7,6.48,15.4
2021-05-09,3.10,31.1,38.7,24.8,6.27,17.3
2021-05-10,0.20,31.5,38.1,24.4,6.22,10.7
2021-05-11,0.10,32.5,39.2,26.1,6.47,13.4
2021-05-12,0.00,33.6,39.6,27.2,7.99,16.9
2021-05-13,0.00,32.9,39.0,25.7,7.44,16.2
2021-05-14,0.00,32.7,38.2,26.7,6.71,15.7
2021-05-15,0.00,32.2,37.1,27.6,6.33,15.3
2021-05-16,0.00,32.6,38.4,28.3,6.73,19.0
2021-05-17,0.00,32.5,37.9,26.9,6.84,16.5
2021-05-18,2.30,32.5,37.8,29.3,6.46,20.2
2021-05-19,4.40,31.9,37.7,25.4,6.85,22.7
2021-05-20,0.10,30.9,36.1,27.1,6.98,22.6
2021-05-21,0.00,31.5,38.0,23.8,7.18,12.6
2021-05-22,0.00,32.4,38.8,25.0,6.71,14.3
2021-05-23,0.00,32.9,38.8,27.2,6.77,17.4
2021-05-24,0.00,33.3,39.0,27.4,7.79,19.1
2021-05-25,0.00,33.5,40.1,26.4,9.28,24.7
2021-05-26,0.00,34.1,40.7,26.0,10.15,26.8
2021-05-27,0.00,34.3,39.9,29.7,8.44,24.6
2021-05-28,0.00,34.5,39.7,28.8,7.25,16.6
2021-05-29,0.40,34.6,41.0,29.7,6.76,20.2
2021-05-30,0.20,33.9,39.9,29.3,7.16,24.6
2021-05-31,0.00,34.0,38.4,30.9,5.02,12.3
2021-06-01,0.00,33.1,38.1,29.4,5.41,14.5
2021-06-02,0.00,31.4,34.2,27.7,4.15,15.3
2021-06-03,2.10,30.3,36.4,25.2,4.81,12.1
2021-06-04,8.40,28.7,32.4,25.9,3.53,13.5
2021-06-05,0.40,30.5,35.8,25.4,5.67,12.8
2021-06-06,6.20,30.1,35.3,26.6,5.39,17.1
2021-06-07,0.90,30.9,36.8,26.1,6.10,18.2
2021-06-08,4.50,30.1,36.5,26.7,5.45,15.2
2021-06-09,8.90,28.8,33.5,24.5,4.27,16.4
2021-06-10,14.10,27.4,31.0,25.1,3.48,18.0
2021-06-11,24.30,26.9,30.5,24.1,3.34,18.1
2021-06-12,10.60,27.6,31.9,24.4,3.40,14.4
2021-06-13,6.80,28.6,32.4,24.3,4.43,20.5
2021-06-14,3.80,28.4,31.8,25.3,3.48,21.9
2021-06-15,4.10,27.8,31.3,24.7,3.91,18.2
2021-06-16,0.20,28.2,31.7,24.8,4.61,17.1
2021-06-17,1.90,27.6,30.8,24.8,3.99,17.5
2021-06-18,4.50,26.8,30.1,24.5,2.74,16.2
2021-06-19,0.60,27.5,31.8,24.4,5.05,21.9
2021-06-20,0.30,27.9,31.4,25.0,4.93,19.6
2021-06-21,0.30,28.5,32.4,25.0,5.55,16.0
2021-06-22,14.20,28.7,32.9,25.2,4.76,16.7
2021-06-23,6.60,26.3,28.5,24.7,2.32,15.5
2021-06-24,3.90,27.0,29.7,24.1,2.87,19.5
2021-06-25,5.30,26.7,30.5,24.0,3.10,19.1
2021-06-26,1.30,28.4,32.6,24.9,4.68,15.8
2021-06-27,17.00,28.0,32.6,24.8,4.06,10.1
2021-06-28,10.40,27.6,32.3,24.1,4.43,7.8
2021-06-29,1.40,28.6,32.3,25.1,4.68,14.3
2021-06-30,12.30,29.1,32.3,26.6,4.51,11.2
2021-07-01,4.00,29.0,33.8,26.5,5.06,15.8
2021-07-02,0.70,27.4,29.9,25.4,3.48,17.9
2021-07-03,0.20,28.8,32.7,25.3,5.41,12.1
2021-07-04,0.00,29.6,34.1,25.1,5.76,12.6
2021-07-05,0.00,29.9,34.0,26.4,5.09,10.7
2021-07-06,0.00,29.5,33.5,26.0,4.75,9.3
2021-07-07,3.90,29.9,34.6,26.5,5.18,12.1
2021-07-08,50.40,25.8,28.5,24.5,1.12,16.4
2021-07-09,9.40,26.6,30.2,24.4,3.27,9.5
2021-07-10,18.10,27.2,31.1,24.6,3.69,9.0
2021-07-11,18.70,27.8,31.3,25.3,4.09,10.2
2021-07-12,6.00,27.7,31.4,24.6,4.19,11.6
2021-07-13,14.00,27.6,32.0,24.2,4.50,10.3
2021-07-14,9.60,27.2,30.4,24.1,4.26,14.0
2021-07-15,1.30,27.4,31.1,24.6,4.59,16.2
2021-07-16,0.80,27.9,31.9,25.0,4.80,12.6
2021-07-17,1.40,28.6,32.9,25.1,4.72,9.5
2021-07-18,3.70,28.6,32.4,26.0,4.18,10.8
2021-07-19,0.60,28.1,32.1,25.0,4.78,11.5
2021-07-20,10.70,26.5,28.6,25.2,2.31,20.5
2021-07-21,80.80,24.6,25.6,24.2,0.90,18.7
2021-07-22,32.90,25.7,28.6,24.2,2.35,14.0
2021-07-23,61.10,25.3,26.6,24.3,1.63,16.9
2021-07-24,63.70,25.7,28.0,24.2,1.57,15.6
2021-07-25,1.00,26.9,30.1,24.8,4.31,28.8
2021-07-26,0.20,27.1,29.4,25.0,3.69,26.4
2021-07-27,4.20,26.6,30.0,24.8,4.02,27.3
2021-07-28,1.90,26.1,28.3,24.1,3.28,25.3
2021-07-29,6.90,25.7,27.4,23.9,2.38,26.2
2021-07-30,24.20,24.5,25.1,23.9,1.61,19.6
2021-07-31,0.90,26.4,30.3,23.7,4.18,24.9
2021-08-01,1.00,26.8,29.3,25.1,4.41,26.1
2021-08-02,2.10,26.0,29.4,24.5,3.67,26.6
2021-08-03,0.50,26.1,29.1,24.2,4.06,23.7
2021-08-04,0.80,26.7,31.0,23.6,4.54,22.6
2021-08-05,1.40,26.4,29.3,24.6,3.32,21.3
2021-08-06,3.40,26.3,29.5,24.2,3.85,19.2
2021-08-07,0.00,27.5,32.2,24.2,5.23,18.5
2021-08-08,1.70,27.4,30.6,24.1,3.90,16.2
2021-08-09,0.50,28.1,31.9,24.2,4.87,14.6
2021-08-10,2.80,27.9,31.8,25.5,4.05,16.3
2021-08-11,0.70,27.3,31.6,24.7,4.29,15.3
2021-08-12,0.60,28.0,32.0,24.8,4.93,13.5
2021-08-13,1.30,27.8,31.5,25.1,4.45,10.8
2021-08-14,0.20,27.9,31.5,24.8,4.90,13.7
2021-08-15,0.40,27.6,31.5,24.8,4.71,13.8
2021-08-16,7.90,27.9,32.2,24.8,4.37,12.4
2021-08-17,39.00,26.5,29.2,24.7,2.37,10.9
2021-08-18,39.10,25.6,28.9,24.0,2.52,9.7
2021-08-19,22.10,25.6,29.9,23.9,2.38,11.6
2021-08-20,12.00,25.5,27.9,23.9,2.11,12.1
2021-08-21,2.90,26.3,29.7,23.6,4.05,16.8
2021-08-22,4.80,26.4,29.5,23.8,3.91,12.7
2021-08-23,1.70,27.0,31.2,24.1,4.22,11.1
2021-08-24,1.10,27.5,31.3,24.4,4.30,10.8
2021-08-25,0.30,27.8,31.9,24.2,4.82,15.5
2021-08-26,0.70,27.3,31.4,23.7,4.74,14.4
2021-08-27,0.30,27.4,31.6,23.9,4.81,12.2
2021-08-28,1.10,27.1,30.4,23.4,3.34,6.9
2021-08-29,17.60,26.7,30.2,24.1,3.59,8.8
2021-08-30,25.40,26.4,30.4,24.1,3.62,13.4
2021-08-31,10.50,26.3,30.2,24.1,3.77,19.6
2021-09-01,15.90,26.0,28.8,24.3,3.23,15.6
2021-09-02,12.10,26.3,29.5,23.6,3.91,10.4
2021-09-03,7.00,26.6,30.4,23.6,3.80,6.8
2021-09-04,12.60,26.2,29.5,24.0,3.29,8.2
2021-09-05,1.40,27.0,31.0,23.8,4.05,9.3
2021-09-06,20.90,27.0,30.1,24.6,3.46,10.2
2021-09-07,42.10,26.3,29.7,24.3,3.22,17.7
2021-09-08,6.70,25.6,29.4,24.0,2.55,17.7
2021-09-09,12.30,26.1,29.3,24.0,2.49,17.3
2021-09-10,30.60,25.9,30.2,24.1,3.13,14.2
2021-09-11,12.90,25.6,28.5,23.3,2.54,10.8
2021-09-12,6.70,26.2,29.9,23.9,3.17,14.8
2021-09-13,6.80,26.2,29.3,24.3,2.94,11.6
2021-09-14,14.60,26.5,30.1,24.9,2.69,14.3
2021-09-15,16.30,25.6,27.6,24.2,1.96,21.8
2021-09-16,10.70,25.1,27.2,24.1,2.13,19.8
2021-09-17,4.20,25.6,28.9,23.8,2.66,17.5
2021-09-18,0.90,26.2,30.3,23.2,4.11,13.8
2021-09-19,0.90,26.6,30.6,22.4,4.24,12.1
2021-09-20,9.10,25.4,27.0,24.2,1.60,8.2
2021-09-21,9.60,25.3,28.3,23.3,2.45,8.9
2021-09-22,4.80,26.2,30.8,23.5,3.81,8.9
2021-09-23,12.00,26.3,30.5,23.7,3.42,7.2
2021-09-24,2.90,26.1,29.2,23.9,2.89,7.9
2021-09-25,14.00,25.8,29.3,23.7,2.97,5.6
2021-09-26,3.40,27.0,31.2,23.6,4.05,7.7
2021-09-27,10.70,27.1,31.0,24.0,3.94,23.3
2021-09-28,3.40,26.2,29.0,24.5,3.62,29.7
2021-09-29,0.20,26.5,30.4,23.0,3.66,8.4
2021-09-30,6.50,26.8,31.0,22.9,4.07,11.5
2021-10-01,2.70,27.1,30.9,23.7,4.07,6.6
2021-10-02,7.40,26.6,30.2,23.8,3.35,9.4
2021-10-03,8.80,26.7,31.1,23.9,3.92,7.9
2021-10-04,0.40,27.5,31.7,24.0,4.25,7.2
2021-10-05,4.10,27.5,32.0,24.6,3.87,6.4
2021-10-06,6.50,27.1,30.6,24.4,3.58,8.7
2021-10-07,0.20,27.6,31.5,23.9,4.13,6.6
2021-10-08,1.30,28.0,32.1,24.6,4.14,6.4
2021-10-09,0.10,27.6,31.8,24.1,4.24,8.0
2021-10-10,0.00,26.7,32.7,21.8,4.70,8.7
2021-10-11,0.00,26.1,32.1,20.5,4.54,8.6
2021-10-12,0.00,26.0,32.3,20.0,4.63,8.2
2021-10-13,0.00,26.9,32.7,21.5,4.74,10.5
2021-10-14,0.00,27.0,32.8,22.3,5.38,13.4
2021-10-15,0.10,26.8,32.5,21.4,4.83,11.8
2021-10-16,7.60,27.2,32.4,23.2,4.17,14.8
2021-10-17,13.60,25.5,28.4,23.3,2.65,16.7
2021-10-18,2.60,26.0,29.5,23.4,2.99,14.0
2021-10-19,0.00,26.3,31.0,22.9,4.63,13.4
2021-10-20,0.00,25.1,30.6,21.1,4.30,8.9
2021-10-21,0.00,24.0,30.8,19.1,4.59,8.6
2021-10-22,0.00,23.3,30.3,17.3,4.59,9.7
2021-10-23,0.00,23.5,30.3,17.1,4.47,9.7
2021-10-24,0.00,23.8,30.1,17.6,4.33,8.4
2021-10-25,0.00,24.1,29.9,18.8,4.09,9.9
2021-10-26,0.00,24.1,29.6,18.9,3.78,9.9
2021-10-27,0.00,24.4,30.0,19.3,4.18,9.7
2021-10-28,0.00,23.9,29.6,18.8,4.75,13.6
2021-10-29,0.00,22.9,29.6,17.5,4.71,11.6
2021-10-30,0.00,23.3,29.7,17.8,4.61,11.1
2021-10-31,0.00,22.5,29.3,16.1,4.34,10.5
2021-11-01,0.00,22.0,29.1,15.9,4.35,9.1
2021-11-02,0.00,23.4,29.7,17.2,4.21,12.6
2021-11-03,0.20,24.4,29.7,20.2,3.83,9.7
2021-11-04,0.10,24.3,29.8,19.8,3.86,9.2
2021-11-05,0.00,24.4,30.4,19.2,4.11,9.1
2021-11-06,0.00,23.8,29.8,18.0,4.15,10.8
2021-11-07,0.00,22.9,29.4,17.0,4.45,11.4
2021-11-08,0.00,22.3,29.4,16.3,4.45,10.8
2021-11-09,0.00,22.6,29.6,16.3,4.44,12.6
2021-11-10,0.00,22.5,29.4,15.9,4.41,12.2
2021-11-11,0.00,22.7,28.7,17.4,4.21,14.6
2021-11-12,0.20,25.0,30.4,19.8,4.29,14.2
2021-11-13,0.40,25.7,30.4,22.4,3.33,15.1
2021-11-14,0.40,25.3,29.5,22.5,2.49,13.4
2021-11-15,1.10,25.8,30.7,21.2,3.83,10.5
2021-11-16,0.00,26.0,31.2,21.2,4.10,13.6
2021-11-17,1.00,26.4,30.7,22.3,3.89,13.7
2021-11-18,0.00,26.4,32.0,22.0,4.15,12.7
2021-11-19,0.00,26.7,31.8,22.2,4.08,14.5
2021-11-20,3.40,26.5,31.0,22.5,3.63,13.0
2021-11-21,8.70,25.3,30.1,21.8,2.96,10.0
2021-11-22,0.50,25.6,30.7,22.0,3.21,10.8
2021-11-23,0.20,25.6,30.5,21.2,3.23,9.7
2021-11-24,0.00,25.1,31.0,20.1,3.52,7.3
2021-11-25,0.00,25.0,31.2,18.9,3.82,11.1
2021-11-26,0.00,23.9,30.0,18.5,3.98,9.2
2021-11-27,0.00,22.1,29.5,16.1,4.37,12.3
2021-11-28,0.00,21.0,28.6,14.5,4.30,12.1
2021-11-29,0.00,21.2,28.7,15.5,4.05,11.8
2021-11-30,0.00,21.4,28.1,15.4,4.04,12.4
2021-12-01,0.00,21.9,28.2,16.7,4.09,12.3
2021-12-02,0.00,21.6,27.9,16.2,3.93,12.0
2021-12-03,0.00,22.5,28.5,17.3,3.78,13.0
2021-12-04,0.00,22.8,29.0,17.8,3.90,9.9
2021-12-05,0.00,22.8,29.3,17.2,3.53,8.9
2021-12-06,0.00,23.3,29.7,17.4,3.76,13.9
2021-12-07,0.00,23.6,29.3,19.0,3.65,11.7
2021-12-08,0.00,23.3,29.2,18.4,3.74,11.3
2021-12-09,0.00,23.4,29.3,18.2,3.76,10.8
2021-12-10,0.00,23.1,28.9,17.5,3.65,9.4
2021-12-11,0.00,22.7,28.3,18.4,3.73,10.8
2021-12-12,0.00,21.1,27.5,15.7,3.56,10.9
2021-12-13,0.00,20.4,27.1,14.1,3.47,9.8
2021-12-14,0.00,20.8,27.1,13.8,3.74,12.3
2021-12-15,0.00,20.4,27.1,14.1,3.55,9.5
2021-12-16,0.00,20.3,26.9,14.1,3.51,9.7
2021-12-17,0.00,20.1,27.3,13.3,3.36,9.4
2021-12-18,0.00,20.3,26.6,15.3,3.62,12.8
2021-12-19,0.00,18.0,24.1,13.5,3.74,11.8
2021-12-20,0.00,16.7,23.5,10.1,3.53,10.0
2021-12-21,0.00,17.1,24.4,9.0,3.21,7.3
2021-12-22,0.00,17.6,25.5,9.9,3.21,9.7
2021-12-23,0.00,18.8,27.1,11.6,3.42,11.2
2021-12-24,0.00,20.3,28.1,12.4,3.46,9.8
2021-12-25,0.00,21.3,28.3,15.7,3.68,12.2
2021-12-26,0.00,21.2,27.8,15.0,3.46,9.4
2021-12-27,0.00,20.8,27.8,14.8,3.37,9.4
2021-12-28,9.40,20.8,28.5,16.2,3.17,18.6
2021-12-29,2.20,19.3,24.3,16.1,2.35,12.3
2021-12-30,0.00,18.0,23.3,14.0,2.47,15.5
2021-12-31,0.00,18.6,24.8,13.3,3.08,11.3
2022-01-01,0.00,19.1,25.2,13.8,3.11,9.2
2022-01-02,0.00,19.5,25.8,14.8,3.10,9.1
2022-01-03,0.00,19.5,25.7,14.2,3.20,9.7
2022-01-04,0.00,19.5,26.8,13.3,3.33,9.9
2022-01-05,0.00,19.8,27.2,13.3,3.31,9.3
2022-01-06,0.00,21.2,28.1,15.9,3.37,9.7
2022-01-07,0.00,21.7,28.8,16.3,3.86,13.6
2022-01-08,3.40,20.9,27.9,16.1,3.15,16.3
2022-01-09,16.40,19.3,25.3,16.7,1.91,16.9
2022-01-10,1.10,19.2,23.9,16.1,1.90,9.5
2022-01-11,4.70,18.5,23.2,15.8,1.69,9.4
2022-01-12,0.40,18.0,22.6,14.8,2.23,9.5
2022-01-13,0.00,18.6,24.3,13.9,3.09,13.0
2022-01-14,2.00,18.0,21.0,15.3,1.58,11.5
2022-01-15,0.00,18.3,23.2,15.1,2.26,12.1
2022-01-16,0.00,18.1,24.4,13.3,3.20,9.7
2022-01-17,0.00,18.7,25.0,12.9,3.27,10.7
2022-01-18,0.00,19.2,25.6,13.5,3.34,9.0
2022-01-19,0.00,18.1,25.3,12.8,3.38,8.5
2022-01-20,0.00,18.9,27.4,11.7,3.64,10.5
2022-01-21,0.00,20.3,28.4,13.8,4.26,18.4
2022-01-22,0.00,21.0,29.2,12.8,4.47,20.0
2022-01-23,0.30,21.2,27.1,16.7,4.40,21.6
2022-01-24,0.00,18.4,23.9,13.7,4.05,12.2
2022-01-25,0.00,17.2,23.0,11.9,3.83,13.5
2022-01-26,0.00,16.7,23.2,11.4,4.03,13.4
2022-01-27,0.00,16.2,23.5,10.4,3.96,11.5
2022-01-28,0.00,16.1,23.3,10.3,3.67,10.2
2022-01-29,0.00,17.2,25.7,9.1,3.84,9.6
2022-01-30,0.00,18.0,27.6,9.6,3.98,9.3
2022-01-31,0.00,19.6,29.1,11.4,4.21,10.7
2022-02-01,0.00,20.6,29.1,13.0,4.42,12.0
2022-02-02,0.00,21.3,29.3,13.9,4.24,9.7
2022-02-03,0.00,23.1,30.9,16.3,5.01,18.6
2022-02-04,0.00,19.8,25.3,14.8,4.44,12.5
2022-02-05,0.00,17.8,26.4,9.8,4.03,9.3
2022-02-06,0.00,19.5,27.7,11.8,4.21,10.5
2022-02-07,0.00,20.6,29.4,12.0,4.21,10.9
2022-02-08,0.00,22.1,30.0,14.6,4.50,12.6
2022-02-09,0.50,23.9,30.6,19.2,4.35,16.3
2022-02-10,0.00,22.4,28.8,18.0,4.68,14.8
2022-02-11,0.00,19.9,26.8,14.5,4.56,12.6
2022-02-12,0.00,19.4,27.9,11.5,4.53,11.5
2022-02-13,0.00,20.4,28.5,13.1,4.40,9.5
2022-02-14,0.00,21.7,29.6,13.7,4.51,13.0
2022-02-15,0.00,22.4,29.9,15.6,4.62,9.4
2022-02-16,0.80,22.8,29.3,17.3,4.25,18.5
2022-02-17,0.00,21.7,27.3,17.5,3.22,12.4
2022-02-18,0.20,23.3,29.1,17.8,3.70,14.8
2022-02-19,0.20,23.1,28.8,19.0,3.59,15.0
2022-02-20,0.00,24.1,32.0,18.1,5.29,15.6
2022-02-21,0.00,23.0,31.4,15.5,5.59,12.2
2022-02-22,0.00,23.4,32.6,14.9,5.15,10.8
2022-02-23,0.00,24.1,33.0,15.1,5.33,11.5
2022-02-24,0.00,26.5,33.4,20.3,5.70,15.6
2022-02-25,0.00,25.3,32.9,18.2,5.33,11.7
2022-02-26,0.00,25.1,32.1,19.1,5.10,11.2
2022-02-27,0.00,25.7,32.4,19.1,5.32,14.0
2022-02-28,0.00,25.9,32.8,19.0,5.31,10.2
2022-03-01,0.00,26.0,33.0,19.9,5.02,8.8
2022-03-02,0.00,26.4,33.4,20.2,5.32,11.4
2022-03-03,0.00,26.5,32.9,20.5,4.95,14.8
2022-03-04,0.00,26.4,33.4,19.7,5.01,10.7
2022-03-05,0.00,27.5,34.2,20.8,5.54,14.9
2022-03-06,0.00,26.7,34.1,20.5,5.60,9.7
2022-03-07,0.00,26.6,34.5,20.4,6.03,12.6
2022-03-08,0.00,27.1,35.7,20.3,6.06,14.9
2022-03-09,0.00,27.3,34.6,20.5,5.68,11.2
2022-03-10,0.00,27.7,34.1,21.1,5.54,11.5
2022-03-11,0.50,27.1,34.9,22.3,5.77,22.4
2022-03-12,0.00,27.7,34.9,21.6,6.56,12.8
2022-03-13,0.00,27.2,35.2,18.5,6.16,12.8
2022-03-14,0.00,27.7,36.2,18.3,6.15,10.5
2022-03-15,0.00,29.6,38.8,21.1,7.15,18.9
2022-03-16,0.00,30.7,40.1,23.4,7.92,23.7
2022-03-17,0.00,30.9,40.3,21.9,7.61,21.2
2022-03-18,0.00,31.4,39.5,24.1,7.44,15.1
2022-03-19,0.00,30.8,38.1,23.4,6.44,12.8
2022-03-20,0.00,30.8,37.6,23.7,6.27,14.2
2022-03-21,0.00,30.9,38.2,25.1,6.06,17.4
2022-03-22,0.00,31.3,39.3,22.8,7.49,17.4
2022-03-23,0.00,30.7,39.3,21.3,6.61,11.0
2022-03-24,0.00,30.4,38.9,22.2,6.79,16.0
2022-03-25,0.00,31.4,38.7,24.5,6.45,16.6
2022-03-26,0.00,32.7,40.1,25.8,6.88,16.3
2022-03-27,0.00,31.2,39.8,23.6,7.34,12.2
2022-03-28,0.00,30.9,40.2,21.6,7.14,12.4
2022-03-29,0.00,32.1,41.0,22.0,8.23,17.5
2022-03-30,0.00,32.5,40.9,25.4,7.93,14.0
2022-03-31,0.00,31.7,40.5,22.7,6.93,11.0
2022-04-01,0.00,31.9,40.7,24.7,7.12,11.2
2022-04-02,0.00,32.2,40.8,23.5,6.61,11.5
2022-04-03,0.00,32.7,39.8,25.3,6.17,9.8
2022-04-04,0.00,33.2,40.8,25.2,7.05,17.2
2022-04-05,0.00,32.9,40.8,26.0,6.00,10.0
2022-04-06,0.00,33.4,40.7,25.6,7.25,13.6
2022-04-07,0.00,33.7,39.9,27.6,6.83,11.9
2022-04-08,0.00,34.2,40.4,28.1,7.36,16.9
2022-04-09,0.00,34.2,40.9,27.0,7.84,16.1
2022-04-10,0.00,34.7,41.1,27.8,7.91,19.9
2022-04-11,0.00,34.9,42.7,27.4,8.21,16.9
2022-04-12,0.00,34.6,41.3,28.1,6.93,16.4
2022-04-13,0.00,34.8,41.2,28.3,7.30,15.2
2022-04-14,0.00,34.5,40.4,28.9,6.87,17.0
2022-04-15,0.00,34.3,41.9,26.3,7.47,16.4
2022-04-16,0.00,33.8,42.1,26.5,8.56,17.7
2022-04-17,0.00,33.7,42.5,25.4,7.13,9.6
2022-04-18,0.00,34.7,42.7,25.6,8.07,17.1
2022-04-19,0.00,35.3,43.3,27.1,7.71,11.2
2022-04-20,0.00,36.3,44.1,29.0,7.79,14.8
2022-04-21,0.00,36.1,43.2,30.4,8.01,20.9
2022-04-22,0.00,33.3,39.8,28.3,7.79,21.1
2022-04-23,0.00,33.0,39.8,27.1,6.41,15.3
2022-04-24,0.00,34.5,41.8,27.1,7.23,12.3
2022-04-25,0.00,35.0,44.4,26.5,8.40,26.7
2022-04-26,0.00,35.4,42.5,27.3,7.32,17.8
2022-04-27,0.00,36.0,43.6,27.5,8.40,15.2
2022-04-28,0.00,35.3,43.7,26.8,7.20,12.6
2022-04-29,0.00,36.5,45.5,30.0,9.51,24.7
2022-04-30,0.00,36.9,43.9,31.2,9.33,22.4
2022-05-01,0.00,36.2,42.4,28.7,8.94,20.0
2022-05-02,0.00,36.5,42.8,30.4,8.40,14.9
2022-05-03,0.00,35.7,42.7,28.7,6.88,16.3
2022-05-04,0.00,35.7,42.6,28.6,7.76,15.5
2022-05-05,0.00,35.8,42.6,29.3,8.13,16.2
2022-05-06,0.00,34.8,42.3,26.1,7.76,15.5
2022-05-07,0.00,34.5,40.1,28.1,7.05,19.3
2022-05-08,0.00,35.3,42.8,27.1,7.61,19.8
2022-05-09,0.00,36.2,43.2,28.8,7.89,20.2
2022-05-10,0.00,35.5,44.1,29.2,9.61,27.1
2022-05-11,0.00,35.2,41.2,29.5,8.18,20.9
2022-05-12,0.00,35.0,41.1,30.8,6.54,13.0
2022-05-13,0.00,36.6,42.8,30.7,7.87,17.5
2022-05-14,0.00,37.4,44.1,31.2,7.71,17.7
2022-05-15,0.00,37.7,43.5,31.5,7.92,15.2
2022-05-16,0.00,36.4,41.5,30.7,7.81,22.5
2022-05-17,0.00,36.8,42.9,30.8,8.40,19.2
2022-05-18,0.00,35.4,41.3,30.1,6.12,17.8
2022-05-19,0.00,34.6,39.8,29.2,6.93,17.0
2022-05-20,0.00,35.8,42.1,30.4,7.98,20.9
2022-05-21,0.00,36.6,43.1,30.8,9.32,19.8
2022-05-22,0.00,35.0,41.0,30.5,9.19,23.0
2022-05-23,0.00,34.2,39.9,29.3,9.02,20.0
2022-05-24,0.00,31.3,38.3,26.4,6.15,14.4
2022-05-25,0.00,33.6,40.4,26.9,6.23,14.4
2022-05-26,0.00,33.6,40.0,27.7,6.91,16.4
2022-05-27,0.00,34.7,41.6,27.8,8.40,16.9
2022-05-28,0.00,35.1,40.9,29.1,9.08,19.6
2022-05-29,0.00,35.0,41.1,30.0,8.70,18.9
2022-05-30,0.00,34.9,42.1,29.5,8.23,20.5
2022-05-31,0.00,35.6,41.8,30.7,7.49,14.3
2022-06-01,0.00,36.5,42.9,30.5,7.47,17.6
2022-06-02,0.00,37.3,43.5,30.4,8.59,18.1
2022-06-03,0.00,38.0,44.0,32.2,9.11,20.3
2022-06-04,0.00,38.2,43.8,32.4,8.78,20.2
2022-06-05,0.00,38.3,44.2,32.1,9.12,20.5
2022-06-06,0.00,38.3,44.9,32.9,8.73,16.0
2022-06-07,0.00,37.4,43.0,31.9,8.86,17.1
2022-06-08,0.00,37.3,42.9,32.2,9.47,25.3
2022-06-09,0.00,36.1,41.6,32.0,8.85,18.7
2022-06-10,3.90,33.8,41.1,27.1,7.08,21.8
2022-06-11,3.00,33.2,39.2,28.8,6.67,20.1
2022-06-12,0.40,30.8,36.3,25.6,5.37,15.6
2022-06-13,2.80,32.1,37.5,27.6,6.40,15.4
2022-06-14,2.50,32.3,39.1,27.3,6.53,19.2
2022-06-15,15.80,30.0,38.5,25.7,5.18,20.5
2022-06-16,6.60,29.0,34.7,25.8,4.66,14.8
2022-06-17,20.10,28.8,33.1,24.7,4.25,17.4
2022-06-18,8.10,28.9,33.2,25.2,4.55,16.3
2022-06-19,17.60,27.5,31.8,25.1,3.31,16.1
2022-06-20,37.30,27.1,33.0,23.9,3.61,14.9
2022-06-21,13.40,26.1,32.1,23.2,3.44,16.0
2022-06-22,6.70,27.6,32.2,23.2,4.41,8.1
2022-06-23,3.80,28.2,33.5,24.8,5.10,10.4
2022-06-24,3.50,28.4,32.8,24.2,5.01,13.1
2022-06-25,0.70,28.3,32.1,25.4,3.35,15.5
2022-06-26,8.20,27.9,31.8,25.9,3.61,10.9
2022-06-27,12.50,27.6,31.1,24.6,4.23,12.1
2022-06-28,1.50,28.6,33.1,24.5,4.74,12.8
2022-06-29,18.60,27.9,32.3,26.1,3.83,14.0
2022-06-30,26.40,26.9,30.0,24.8,2.99,11.5
2022-07-01,1.30,27.8,30.9,25.1,3.30,13.5
2022-07-02,6.90,27.0,28.7,25.5,2.46,13.0
2022-07-03,32.50,26.1,30.2,24.2,2.34,14.6
2022-07-04,37.20,25.5,28.5,24.2,1.91,18.9
2022-07-05,128.00,26.3,30.3,23.9,3.17,21.3
2022-07-06,3.00,26.5,30.4,23.9,3.01,12.2
2022-07-07,11.30,26.5,30.0,24.5,3.40,13.6
2022-07-08,34.50,26.4,30.8,24.5,3.04,11.5
2022-07-09,33.50,26.1,30.4,23.8,3.25,17.8
2022-07-10,49.70,25.0,28.7,23.3,2.48,16.3
2022-07-11,53.30,25.4,28.9,23.9,2.45,16.4
2022-07-12,69.00,25.3,29.5,23.8,1.97,16.3
2022-07-13,54.80,25.7,29.7,23.9,2.68,19.2
2022-07-14,28.10,25.4,28.0,23.9,2.00,11.8
2022-07-15,32.10,25.1,27.6,23.7,1.49,16.1
2022-07-16,22.00,26.4,30.3,23.7,3.19,11.9
2022-07-17,46.20,26.1,29.6,24.7,2.10,16.0
2022-07-18,47.80,24.9,26.4,24.2,1.35,22.9
2022-07-19,2.10,26.0,29.7,23.8,3.21,22.5
2022-07-20,6.50,26.4,30.5,23.7,3.66,16.6
2022-07-21,15.00,26.3,29.6,24.6,2.78,18.4
2022-07-22,19.00,26.4,29.1,24.0,2.73,20.0
2022-07-23,16.30,25.0,27.2,24.2,1.69,14.9
2022-07-24,36.90,24.5,26.4,23.6,1.41,16.2
2022-07-25,17.00,25.0,27.0,23.5,1.80,15.1
2022-07-26,19.50,25.5,29.6,23.9,3.01,11.5
2022-07-27,5.70,26.0,29.8,23.0,3.41,8.9
2022-07-28,13.50,26.8,31.2,23.6,4.43,12.8
2022-07-29,14.10,26.4,30.2,24.2,3.62,9.8
2022-07-30,5.90,27.3,31.4,23.9,4.45,14.1
2022-07-31,5.10,27.4,31.4,24.5,4.43,11.8
2022-08-01,0.00,28.2,31.8,24.7,4.73,9.5
2022-08-02,0.10,28.5,32.1,25.1,4.69,10.7
2022-08-03,9.10,27.6,32.0,25.2,4.39,12.4
2022-08-04,16.40,27.0,30.6,24.4,3.99,9.0
2022-08-05,25.00,27.1,31.1,23.9,4.27,13.7
2022-08-06,17.50,26.8,31.1,23.6,4.31,8.4
2022-08-07,13.90,26.4,30.3,24.0,3.22,12.3
2022-08-08,21.00,26.1,29.8,23.9,3.41,11.7
2022-08-09,46.70,25.5,28.2,23.7,2.27,17.2
2022-08-10,83.70,24.5,25.9,24.1,1.42,26.5
2022-08-11,12.40,25.3,27.1,23.8,2.28,23.5
2022-08-12,6.40,26.7,30.5,23.8,4.15,20.0
2022-08-13,16.00,26.4,29.9,24.5,3.35,22.4
2022-08-14,21.50,25.3,27.8,24.3,2.04,20.6
2022-08-15,77.60,24.0,24.5,23.7,1.16,27.1
2022-08-16,10.40,25.5,29.3,23.2,4.08,24.2
2022-08-17,0.30,26.9,31.2,23.3,5.09,17.5
2022-08-18,0.60,27.7,31.8,24.0,5.28,16.9
2022-08-19,0.10,27.6,31.6,24.7,4.92,18.7
2022-08-20,6.10,26.3,29.0,24.7,3.26,22.7
2022-08-21,10.70,26.0,29.7,23.8,3.50,25.6
2022-08-22,2.50,25.5,28.7,23.7,3.62,31.7
2022-08-23,0.00,26.4,30.2,22.8,4.57,15.3
2022-08-24,0.80,27.4,31.8,23.3,4.72,11.0
2022-08-25,0.30,26.8,30.3,24.6,3.61,10.8
2022-08-26,1.00,27.2,31.4,22.8,5.08,12.9
2022-08-27,1.00,27.6,32.0,24.1,5.04,14.1
2022-08-28,10.30,26.9,30.5,24.8,4.07,12.1
2022-08-29,21.00,25.8,29.7,24.1,3.20,9.7
2022-08-30,4.10,27.0,31.4,23.4,4.33,9.2
2022-08-31,9.40,26.9,31.6,23.7,4.12,9.7
2022-09-01,6.80,27.1,30.9,23.8,4.14,9.0
2022-09-02,0.50,28.0,32.1,24.4,4.66,7.0
2022-09-03,7.80,27.7,31.9,24.8,3.75,9.9
2022-09-04,12.30,26.1,29.4,24.3,2.08,14.9
2022-09-05,15.50,25.9,29.6,23.4,3.07,13.0
2022-09-06,2.10,26.9,31.1,23.6,4.66,12.2
2022-09-07,7.90,27.1,31.5,23.7,4.13,13.0
2022-09-08,4.50,27.6,31.6,24.6,4.41,14.2
2022-09-09,3.00,27.8,31.4,25.1,4.26,13.6
2022-09-10,4.50,27.7,31.6,24.8,4.77,15.8
2022-09-11,33.00,25.8,29.8,24.1,2.57,14.0
2022-09-12,29.00,24.8,27.2,23.6,1.85,15.0
2022-09-13,27.20,24.9,27.9,23.6,2.15,18.3
2022-09-14,15.50,25.6,28.1,23.5,2.94,25.0
2022-09-15,6.70,26.0,29.1,23.8,3.63,25.7
2022-09-16,27.20,25.5,29.1,23.4,3.31,24.6
2022-09-17,2.30,26.3,31.4,23.3,3.65,18.7
2022-09-18,0.20,27.0,31.2,23.2,4.66,11.5
2022-09-19,0.00,27.3,31.8,24.3,4.84,16.3
2022-09-20,6.60,26.6,31.0,24.1,3.75,18.4
2022-09-21,17.00,25.8,30.3,23.9,3.02,16.1
2022-09-22,0.20,25.7,28.6,23.9,2.76,17.1
2022-09-23,0.30,25.9,29.7,23.5,4.07,15.7
2022-09-24,1.80,25.2,29.7,22.1,4.03,12.2
2022-09-25,1.20,26.1,30.6,23.0,4.23,9.7
2022-09-26,6.00,26.6,30.9,23.3,4.33,14.9
2022-09-27,5.50,26.8,30.9,23.5,4.30,9.5
2022-09-28,16.00,26.3,30.4,23.6,3.41,11.4
2022-09-29,0.00,27.2,32.1,23.5,4.61,12.0
2022-09-30,0.00,27.1,31.9,22.9,4.83,12.2
2022-10-01,0.00,27.1,32.1,22.8,4.76,14.1
2022-10-02,0.00,27.3,32.4,22.6,5.12,18.4
2022-10-03,0.00,27.2,32.2,22.9,5.36,18.7
2022-10-04,1.30,26.2,30.5,23.6,3.39,15.8
2022-10-05,29.90,25.9,30.2,23.1,3.06,9.3
2022-10-06,31.40,25.2,29.0,23.2,2.51,11.6
2022-10-07,25.60,25.2,28.8,22.2,3.29,16.8
2022-10-08,3.20,25.9,30.3,22.4,3.91,14.1
2022-10-09,14.30,26.1,30.8,22.6,4.12,9.5
2022-10-10,9.00,25.4,29.5,22.5,3.47,10.4
2022-10-11,19.30,24.6,28.3,22.8,2.24,11.0
2022-10-12,11.10,24.5,27.9,22.3,2.47,10.3
2022-10-13,11.60,25.0,28.8,22.0,3.39,7.6
2022-10-14,0.50,25.6,29.5,22.4,4.05,11.5
2022-10-15,0.00,25.3,29.9,21.2,4.57,13.8
2022-10-16,4.90,24.6,28.3,21.6,2.89,11.6
2022-10-17,7.50,25.3,30.0,22.4,3.82,12.4
2022-10-18,8.60,24.2,28.1,21.8,2.89,13.3
2022-10-19,0.00,25.1,29.3,21.6,4.01,8.7
2022-10-20,0.00,24.5,29.7,20.3,4.33,9.7
2022-10-21,0.00,23.5,29.1,18.9,4.39,11.8
2022-10-22,0.00,23.1,29.9,17.1,4.81,14.3
2022-10-23,0.00,23.2,29.8,17.9,4.74,15.5
2022-10-24,0.00,22.8,28.9,17.6,4.59,12.2
2022-10-25,0.00,22.5,29.6,16.4,4.47,10.3
2022-10-26,0.00,22.5,29.5,15.8,4.29,10.2
2022-10-27,0.00,22.9,29.7,16.3,4.24,9.5
2022-10-28,0.00,22.8,29.8,16.9,4.23,9.7
2022-10-29,0.00,22.3,29.7,15.7,4.28,9.4
2022-10-30,0.00,22.2,29.0,16.1,4.16,7.9
2022-10-31,0.00,22.0,27.8,15.5,4.19,8.4
2022-11-01,0.00,22.4,28.6,16.2,4.05,8.4
2022-11-02,0.00,22.9,29.4,17.3,4.23,9.4
2022-11-03,0.00,22.7,30.1,15.9,4.27,10.2
2022-11-04,0.00,23.2,30.7,16.6,4.23,10.5
2022-11-05,0.00,23.9,30.9,17.4,4.13,9.4
2022-11-06,0.00,24.4,31.4,18.3,4.11,9.1
2022-11-07,0.00,23.7,30.8,17.9,4.25,10.2
2022-11-08,0.00,22.3,29.5,16.4,4.27,10.7
2022-11-09,0.00,22.2,29.2,15.9,4.22,11.1
2022-11-10,0.00,22.7,29.0,16.8,4.00,10.5
2022-11-11,0.00,22.8,30.0,17.0,4.11,11.2
2022-11-12,0.00,23.0,29.3,18.6,3.94,9.4
2022-11-13,0.00,21.5,28.1,16.6,4.03,10.5
2022-11-14,0.00,21.8,27.7,15.2,3.80,7.6
2022-11-15,0.00,21.5,27.9,14.7,3.85,9.0
2022-11-16,0.00,20.9,28.1,14.5,3.81,9.8
2022-11-17,0.00,22.0,29.1,14.9,4.21,11.8
2022-11-18,0.00,21.1,27.3,15.8,4.16,11.3
2022-11-19,0.00,19.3,26.0,13.4,3.78,9.2
2022-11-20,0.00,19.1,25.4,12.0,3.53,9.6
2022-11-21,0.00,20.1,26.8,13.0,3.60,10.9
2022-11-22,0.00,20.7,27.9,14.5,3.78,10.7
2022-11-23,0.00,21.3,28.1,15.5,3.74,10.4
2022-11-24,0.00,20.4,27.7,14.3,3.80,9.7
2022-11-25,0.00,20.2,27.2,14.3,3.67,10.0
2022-11-26,0.00,19.9,27.2,13.3,3.78,9.9
2022-11-27,0.00,19.4,27.2,12.1,3.53,9.5
2022-11-28,0.00,20.0,27.7,12.6,3.60,10.2
2022-11-29,0.00,20.5,27.7,13.5,3.67,11.0
2022-11-30,0.00,20.7,27.6,13.8,3.54,8.7
2022-12-01,0.00,21.2,27.8,14.1,3.22,7.9
2022-12-02,0.00,21.0,28.1,14.5,3.38,7.3
2022-12-03,0.00,21.2,28.6,14.2,3.48,13.7
2022-12-04,0.00,21.8,29.0,15.5,3.56,8.4
2022-12-05,0.00,21.5,28.7,14.6,3.63,9.0
2022-12-06,0.00,22.2,29.3,16.6,3.69,10.0
2022-12-07,0.00,21.6,28.5,16.7,4.39,15.5
2022-12-08,0.00,19.2,26.5,13.2,4.04,15.3
2022-12-09,0.00,19.5,27.2,13.8,4.05,11.9
2022-12-10,0.00,20.8,28.5,13.4,3.79,12.4
2022-12-11,0.00,23.8,29.5,19.0,3.89,12.8
2022-12-12,0.80,24.3,29.6,20.3,2.98,19.8
2022-12-13,0.00,24.6,30.4,20.2,3.15,14.0
2022-12-14,0.00,25.4,31.0,20.4,3.75,10.6
2022-12-15,0.20,24.8,30.6,20.3,3.80,20.2
2022-12-16,0.00,24.7,30.6,20.0,3.63,9.0
2022-12-17,0.00,23.4,29.7,19.0,4.37,10.7
2022-12-18,0.00,21.1,28.3,15.6,3.87,9.7
2022-12-19,0.00,21.1,28.4,13.8,3.64,8.4
2022-12-20,0.00,21.1,29.1,13.5,3.73,9.6
2022-12-21,0.00,21.5,29.1,14.1,3.84,10.1
2022-12-22,0.00,21.2,29.2,14.3,3.71,9.9
2022-12-23,0.00,21.5,29.6,14.2,3.61,9.3
2022-12-24,0.00,22.1,29.2,14.5,3.56,9.1
2022-12-25,0.00,21.7,28.8,15.7,3.43,9.3
2022-12-26,0.00,23.0,29.5,16.4,3.44,10.0
2022-12-27,0.30,23.2,29.4,17.0,3.12,9.4
2022-12-28,0.00,23.2,29.4,18.4,3.71,11.2
2022-12-29,0.00,21.3,28.4,15.4,3.68,9.0
2022-12-30,0.00,21.7,29.4,14.7,3.40,10.4
2022-12-31,0.00,22.3,29.2,16.4,3.86,11.5
2023-01-01,0.00,21.1,27.4,16.2,3.70,10.0
2023-01-02,0.00,20.5,27.3,15.2,3.53,11.4
2023-01-03,0.00,20.8,27.8,14.9,3.34,9.2
2023-01-04,0.10,20.3,25.3,16.1,2.98,11.9
2023-01-05,0.20,19.5,26.5,15.1,3.13,11.8
2023-01-06,0.00,19.9,26.5,15.1,3.35,10.2
2023-01-07,0.00,18.4,25.4,13.0,3.68,9.9
2023-01-08,0.00,17.8,26.2,10.6,3.84,9.9
2023-01-09,0.00,18.6,27.3,10.3,3.62,8.6
2023-01-10,0.00,19.5,28.5,10.7,3.62,9.5
2023-01-11,0.00,19.3,28.1,11.6,3.73,10.0
2023-01-12,0.00,20.4,28.5,12.9,3.76,9.2
2023-01-13,0.00,20.7,29.1,12.8,3.96,11.8
2023-01-14,0.00,21.0,28.0,15.8,3.77,11.0
2023-01-15,0.00,20.5,27.6,14.3,3.76,10.6
2023-01-16,0.00,20.7,28.0,14.4,3.68,9.5
2023-01-17,0.00,22.0,29.0,15.9,3.75,10.9
2023-01-18,0.00,21.7,28.7,16.1,3.84,10.0
2023-01-19,0.00,22.0,29.0,15.5,3.71,7.9
2023-01-20,0.00,22.8,29.6,16.2,4.03,12.0
2023-01-21,0.00,23.5,29.8,17.4,4.17,12.1
2023-01-22,0.00,22.9,29.9,17.6,4.13,10.6
2023-01-23,0.00,22.8,29.6,16.8,4.06,9.6
2023-01-24,0.00,23.6,29.9,17.4,4.11,10.2
2023-01-25,0.00,23.1,29.7,18.0,4.43,11.9
2023-01-26,0.00,22.2,29.0,15.1,3.79,8.9
2023-01-27,0.00,22.9,30.0,16.6,3.93,11.1
2023-01-28,0.00,23.4,30.3,17.8,4.20,10.8
2023-01-29,0.00,23.5,30.7,16.9,4.32,13.0
2023-01-30,0.40,24.0,30.6,17.7,3.96,12.2
2023-01-31,0.00,24.3,30.6,19.0,4.41,13.5
2023-02-01,0.00,22.8,29.3,18.2,4.66,11.8
2023-02-02,0.00,20.5,28.7,14.3,4.82,11.0
2023-02-03,0.00,20.4,29.5,12.9,4.66,9.7
2023-02-04,0.00,20.3,29.8,12.0,4.61,8.2
2023-02-05,0.00,20.8,30.1,11.8,4.54,11.6
2023-02-06,0.00,22.1,31.0,13.2,4.56,10.3
2023-02-07,0.00,23.3,31.4,15.7,4.63,13.9
2023-02-08,0.00,22.9,31.2,15.8,5.09,11.0
2023-02-09,0.00,22.3,31.4,14.1,4.72,10.2
2023-02-10,0.00,23.9,33.9,14.8,5.14,10.4
2023-02-11,0.00,24.8,34.1,16.3,5.97,15.2
2023-02-12,0.00,23.5,32.1,16.5,5.64,15.6
2023-02-13,0.00,22.0,30.5,14.6,5.24,11.7
2023-02-14,0.00,21.8,31.1,12.6,4.95,9.7
2023-02-15,0.00,23.6,33.4,14.7,5.24,10.8
2023-02-16,0.00,24.8,34.6,16.5,5.97,14.8
2023-02-17,0.00,24.7,32.0,18.2,5.48,11.5
2023-02-18,0.00,24.8,32.3,18.2,5.30,13.3
2023-02-19,0.00,25.4,33.3,17.2,5.14,12.3
2023-02-20,0.00,25.3,34.5,16.3,5.14,10.8
2023-02-21,0.00,26.1,35.6,16.7,5.37,10.3
2023-02-22,0.00,26.1,35.1,17.8,6.27,11.8
2023-02-23,0.00,25.6,34.9,16.6,5.51,14.0
2023-02-24,0.00,26.1,34.9,17.8,6.18,11.7
2023-02-25,0.00,26.0,34.7,17.9,5.76,11.3
2023-02-26,0.00,26.5,34.6,18.5,5.45,12.2
2023-02-27,0.00,26.7,34.8,17.8,6.03,16.3
2023-02-28,0.00,26.7,34.6,18.9,5.36,10.4
2023-03-01,0.00,27.2,34.2,19.5,5.45,13.0
2023-03-02,0.00,27.5,34.9,20.6,5.21,9.7
2023-03-03,0.00,28.4,35.6,21.7,5.52,11.1
2023-03-04,0.00,27.9,35.7,20.7,5.97,12.7
2023-03-05,0.00,27.5,34.8,19.9,6.43,15.3
2023-03-06,0.50,26.4,35.1,20.7,5.32,19.4
2023-03-07,0.30,24.3,29.9,19.4,5.51,23.5
2023-03-08,0.00,24.5,33.3,16.9,5.53,12.0
2023-03-09,0.00,26.3,33.7,19.3,5.47,17.1
2023-03-10,0.00,27.1,33.5,20.3,5.83,14.8
2023-03-11,0.00,27.2,35.0,20.7,6.40,13.1
2023-03-12,0.00,27.7,35.6,20.9,6.23,10.9
2023-03-13,0.00,28.6,37.1,21.6,6.37,15.3
2023-03-14,1.10,27.4,36.0,21.1,5.73,22.2
2023-03-15,0.00,27.6,34.8,19.6,6.01,22.1
2023-03-16,1.00,25.8,30.0,22.7,4.54,20.1
2023-03-17,3.30,25.3,29.7,20.4,4.56,18.0
2023-03-18,9.80,22.5,27.3,19.3,3.72,10.5
2023-03-19,1.40,22.7,29.3,18.7,4.64,19.6
2023-03-20,0.00,23.6,30.5,17.1,4.99,13.8
2023-03-21,0.00,25.2,31.1,19.8,5.01,14.8
2023-03-22,0.00,25.5,32.8,19.8,4.95,15.9
2023-03-23,0.00,26.5,33.4,19.5,5.17,11.3
2023-03-24,0.00,28.1,35.4,20.8,5.58,10.4
2023-03-25,0.00,29.0,36.0,22.6,5.51,16.6
2023-03-26,13.80,27.6,34.0,21.1,5.15,17.0
2023-03-27,0.00,28.6,36.0,21.4,6.92,20.6
2023-03-28,0.00,28.9,36.7,21.9,7.16,20.0
2023-03-29,0.00,29.5,37.7,21.0,6.71,16.0
2023-03-30,0.00,30.6,38.1,22.4,6.81,18.4
2023-03-31,0.00,29.9,34.4,26.1,6.81,20.9
2023-04-01,0.00,28.7,35.3,22.6,7.00,15.9
2023-04-02,0.00,28.8,35.5,21.9,5.92,18.6
2023-04-03,0.00,29.8,37.2,22.8,6.13,16.2
2023-04-04,0.00,31.1,37.9,23.2,7.23,17.7
2023-04-05,0.00,30.9,36.8,23.6,6.82,16.8
2023-04-06,0.00,30.5,37.2,23.4,6.18,17.3
2023-04-07,4.40,28.2,37.8,22.6,5.09,25.1
2023-04-08,0.60,26.9,32.9,21.3,4.84,11.0
2023-04-09,5.70,27.1,35.5,22.4,4.84,25.1
2023-04-10,0.00,29.7,37.0,22.6,5.58,10.7
2023-04-11,0.00,31.6,39.3,23.5,6.59,11.0
2023-04-12,0.00,32.3,39.8,24.6,6.53,10.5
2023-04-13,0.00,33.5,41.0,25.4,8.11,19.4
2023-04-14,0.00,32.7,40.0,27.4,7.14,23.9
2023-04-15,0.90,29.1,35.4,24.8,5.06,21.0
2023-04-16,0.00,31.8,39.8,23.7,7.13,12.0
2023-04-17,0.00,33.0,40.5,25.3,6.91,11.2
2023-04-18,0.00,33.6,41.7,26.3,7.45,21.6
2023-04-19,0.00,33.9,41.6,26.7,7.89,21.2
2023-04-20,0.10,32.4,39.3,25.7,7.35,19.9
2023-04-21,0.00,31.0,37.7,22.6,7.22,15.6
2023-04-22,2.60,29.2,37.4,23.7,6.01,15.4
2023-04-23,0.10,28.8,35.7,22.0,5.97,15.0
2023-04-24,1.80,28.3,34.8,23.1,6.07,13.5
2023-04-25,1.50,27.0,33.9,22.3,5.18,17.1
2023-04-26,0.00,28.1,34.0,22.3,5.04,11.5
2023-04-27,4.70,26.5,32.5,21.2,4.85,20.5
2023-04-28,17.30,26.5,33.3,20.6,5.43,16.6
2023-04-29,15.40,25.3,32.3,21.2,4.72,13.8
2023-04-30,56.70,23.2,28.5,20.3,3.77,17.3
2023-05-01,1.00,23.9,29.1,19.0,3.69,11.8
2023-05-02,10.20,23.9,29.9,20.0,4.32,14.0
2023-05-03,30.70,23.5,27.8,20.4,2.58,12.0
2023-05-04,1.60,25.8,31.4,21.2,4.68,19.6
2023-05-05,4.60,26.9,32.7,21.6,4.93,15.6
2023-05-06,0.00,29.0,35.1,22.7,5.80,14.4
2023-05-07,1.60,28.6,36.9,23.2,5.76,17.4
2023-05-08,0.00,31.0,38.3,22.4,6.25,15.0
2023-05-09,0.00,31.6,38.7,24.8,6.32,22.7
2023-05-10,0.00,32.2,40.2,25.9,7.18,14.1
2023-05-11,0.00,31.7,40.9,21.6,7.42,12.8
2023-05-12,0.00,31.8,41.3,21.8,7.85,18.7
2023-05-13,0.00,33.6,42.3,22.7,8.17,19.8
2023-05-14,0.00,34.4,43.8,24.6,9.85,24.5
2023-05-15,0.00,35.6,41.8,29.9,10.26,22.1
2023-05-16,0.00,34.7,40.1,30.0,8.99,23.3
2023-05-17,0.00,34.4,40.0,27.5,8.09,21.5
2023-05-18,0.20,34.9,41.4,29.0,7.59,15.5
2023-05-19,0.00,35.6,42.1,29.5,9.15,20.9
2023-05-20,0.00,35.5,42.3,28.6,8.91,20.1
2023-05-21,1.20,34.0,42.6,27.5,7.49,17.9
2023-05-22,0.10,33.5,39.5,26.2,7.26,17.7
2023-05-23,0.00,35.1,41.8,27.2,7.38,12.9
2023-05-24,0.00,36.0,41.6,29.2,8.42,16.5
2023-05-25,0.00,35.3,41.0,30.1,9.78,23.4
2023-05-26,0.00,34.1,38.5,29.7,9.22,24.5
2023-05-27,0.00,34.6,40.6,28.0,8.92,19.6
2023-05-28,0.00,32.8,40.6,27.4,7.26,22.1
2023-05-29,0.00,32.6,40.9,26.0,7.01,26.5
2023-05-30,0.00,34.2,40.8,27.3,7.04,19.7
2023-05-31,0.00,35.0,41.4,27.8,8.33,23.5
2023-06-01,0.00,35.0,42.4,27.7,8.36,19.5
2023-06-02,0.00,35.4,41.8,27.8,9.72,22.1
2023-06-03,0.30,35.1,41.5,29.2,8.27,17.8
2023-06-04,0.00,34.1,39.6,28.2,7.07,22.3
2023-06-05,0.00,34.5,40.3,27.8,8.73,17.6
2023-06-06,0.00,35.9,41.9,28.6,9.26,18.7
2023-06-07,0.00,35.3,41.5,30.1,8.46,25.5
2023-06-08,0.00,35.9,42.7,29.0,9.43,20.9
2023-06-09,0.20,35.7,40.4,30.8,8.32,20.3
2023-06-10,0.70,35.4,40.5,28.8,8.07,17.5
2023-06-11,0.00,36.0,42.0,30.3,8.29,20.9
2023-06-12,0.40,34.3,42.1,30.3,7.68,25.7
2023-06-13,0.50,34.3,41.5,29.5,6.78,21.1
2023-06-14,0.00,35.7,41.5,30.6,9.21,20.3
2023-06-15,0.00,35.5,41.0,31.3,8.95,20.3
2023-06-16,0.00,35.3,40.6,30.4,8.50,19.1
2023-06-17,0.00,35.2,40.3,30.4,8.52,19.7
2023-06-18,0.00,34.9,40.0,30.7,8.15,18.7
2023-06-19,0.00,35.1,40.4,30.6,8.85,17.9
2023-06-20,0.00,35.2,39.9,30.5,8.74,18.4
2023-06-21,0.00,34.2,40.7,28.2,6.87,14.5
2023-06-22,0.30,32.3,39.1,29.2,5.55,15.8
2023-06-23,20.80,26.5,27.9,25.3,1.60,14.3
2023-06-24,4.90,28.4,32.3,25.2,3.94,18.9
2023-06-25,3.70,28.6,33.9,25.8,3.82,14.4
2023-06-26,24.30,26.0,28.6,24.9,1.72,20.2
2023-06-27,23.90,25.8,28.6,24.6,1.90,21.4
2023-06-28,9.40,26.2,29.0,24.9,2.23,19.3
2023-06-29,1.50,27.6,32.0,24.6,4.34,18.9
2023-06-30,0.30,28.5,32.0,25.4,4.64,21.2
2023-07-01,1.10,29.2,33.6,26.1,6.04,21.3
2023-07-02,1.10,29.1,33.7,26.0,5.33,17.7
2023-07-03,0.90,29.9,34.5,25.7,5.29,9.8
2023-07-04,16.00,29.5,32.6,25.9,4.57,14.8
2023-07-05,17.70,28.2,32.0,24.5,3.55,12.9
2023-07-06,9.60,28.5,32.9,25.6,4.73,13.7
2023-07-07,41.80,26.8,30.0,25.0,2.40,15.8
2023-07-08,25.20,26.9,29.9,24.2,3.21,17.9
2023-07-09,23.80,25.8,28.1,24.7,1.97,16.3
2023-07-10,14.90,27.7,31.5,24.2,4.58,18.5
2023-07-11,12.90,25.7,27.7,24.7,2.21,17.2
2023-07-12,27.10,26.5,31.2,24.1,3.54,12.8
2023-07-13,19.50,26.8,31.1,24.0,3.48,13.4
2023-07-14,8.20,27.7,31.5,24.9,3.44,9.1
2023-07-15,16.30,26.7,29.8,25.2,2.39,15.5
2023-07-16,12.30,26.2,29.3,24.6,2.75,15.9
2023-07-17,21.80,26.5,31.5,24.1,3.15,19.1
2023-07-18,29.90,26.5,30.2,24.1,2.94,14.8
2023-07-19,15.40,26.6,30.4,24.3,2.90,10.1
2023-07-20,12.90,27.1,30.8,24.5,3.32,11.9
2023-07-21,23.40,26.6,30.9,24.6,2.41,12.7
2023-07-22,14.20,26.5,30.1,24.5,2.94,15.3
2023-07-23,26.30,26.6,30.2,24.1,2.86,14.8
2023-07-24,36.50,27.4,31.8,23.6,4.30,12.1
2023-07-25,2.60,27.9,31.9,24.5,4.43,14.0
2023-07-26,32.60,28.0,31.9,24.9,4.21,16.4
2023-07-27,49.50,27.0,31.8,24.9,3.86,18.0
2023-07-28,33.30,27.0,29.9,24.9,2.49,21.3
2023-07-29,6.00,27.9,31.0,26.0,4.01,19.5
2023-07-30,1.10,27.7,32.0,25.0,3.84,19.1
2023-07-31,5.80,27.5,30.9,25.6,3.62,19.7
2023-08-01,1.20,28.4,31.9,25.7,5.08,22.0
2023-08-02,9.60,26.4,28.9,24.8,2.48,20.3
2023-08-03,30.00,24.6,26.0,24.2,1.38,25.3
2023-08-04,1.50,26.7,31.3,23.9,3.39,19.7
2023-08-05,1.50,27.5,31.5,24.5,4.99,19.6
2023-08-06,0.30,27.7,31.8,24.8,5.24,19.8
2023-08-07,0.10,27.2,30.5,25.0,4.61,20.3
2023-08-08,0.20,27.4,31.3,24.5,5.00,18.2
2023-08-09,2.10,27.3,31.7,23.7,4.85,17.6
2023-08-10,0.30,28.2,32.8,23.7,5.45,13.9
2023-08-11,0.70,28.0,31.9,24.7,5.31,14.5
2023-08-12,0.10,28.4,32.7,24.8,5.65,15.6
2023-08-13,0.70,27.7,31.3,24.6,5.06,14.5
2023-08-14,1.00,27.5,31.4,24.8,4.38,10.9
2023-08-15,1.90,27.2,30.9,24.5,4.46,13.0
2023-08-16,1.10,27.9,32.4,24.3,4.90,13.0
2023-08-17,15.80,27.8,33.1,25.3,4.53,15.3
2023-08-18,48.40,25.7,29.4,24.4,2.34,14.4
2023-08-19,33.40,25.4,28.1,23.9,2.25,16.2
2023-08-20,5.80,26.7,29.8,24.3,3.68,12.7
2023-08-21,1.90,27.0,30.8,24.4,3.74,14.6
2023-08-22,0.20,28.0,32.1,24.3,5.09,12.0
2023-08-23,21.70,27.2,30.7,24.8,3.87,15.0
2023-08-24,10.50,26.9,31.4,24.4,4.28,15.5
2023-08-25,0.80,27.5,30.8,24.6,4.79,17.8
2023-08-26,0.20,27.9,32.0,24.5,5.42,15.2
2023-08-27,0.00,27.7,32.0,24.2,5.43,13.9
2023-08-28,0.00,26.9,31.4,23.0,5.47,14.4
2023-08-29,1.40,26.5,31.5,22.1,4.87,15.4
2023-08-30,0.40,27.0,31.8,23.5,4.38,12.7
2023-08-31,0.20,27.8,32.9,23.8,5.01,10.7
2023-09-01,0.60,28.5,33.6,24.5,5.10,13.9
2023-09-02,5.90,28.7,33.9,25.3,4.49,11.0
2023-09-03,3.60,27.4,32.8,25.3,3.33,14.1
2023-09-04,1.70,28.5,34.3,24.9,5.21,16.9
2023-09-05,19.00,27.7,32.8,24.8,4.80,18.9
2023-09-06,7.20,26.3,30.0,24.1,3.31,10.1
2023-09-07,18.00,26.2,30.0,24.2,2.90,8.7
2023-09-08,13.30,26.1,29.7,24.0,3.09,14.8
2023-09-09,9.90,26.2,30.2,24.0,3.41,12.3
2023-09-10,11.20,26.5,29.5,24.1,3.04,17.9
2023-09-11,0.80,27.4,31.9,24.9,4.41,19.7
2023-09-12,1.50,27.1,31.5,24.8,3.87,19.9
2023-09-13,21.80,26.6,30.5,24.8,3.64,17.1
2023-09-14,40.50,26.1,30.4,23.9,2.85,17.4
2023-09-15,50.50,24.8,25.9,24.2,1.02,32.5
2023-09-16,0.50,26.2,30.3,24.1,4.01,23.0
2023-09-17,0.50,26.7,30.8,23.3,4.57,15.7
2023-09-18,0.00,26.9,31.6,22.8,4.72,10.3
2023-09-19,0.00,27.6,32.0,22.7,4.75,8.4
2023-09-20,5.20,26.6,31.6,24.6,3.35,14.1
2023-09-21,18.00,25.7,30.1,23.7,2.51,14.3
2023-09-22,16.60,25.8,29.3,24.2,2.12,9.8
2023-09-23,39.50,25.3,28.3,23.4,1.60,11.2
2023-09-24,6.90,26.9,31.0,23.3,3.85,15.6
2023-09-25,0.50,27.1,31.9,23.4,3.80,10.7
2023-09-26,2.00,26.8,30.8,24.3,3.44,12.5
2023-09-27,0.50,26.9,30.3,23.1,3.19,7.9
2023-09-28,0.00,27.6,32.0,23.7,4.42,11.6
2023-09-29,17.60,26.2,29.6,24.0,2.93,12.0
2023-09-30,6.50,26.4,31.1,23.5,3.57,11.1
2023-10-01,0.20,27.8,32.6,24.1,4.34,12.5
2023-10-02,4.70,27.7,32.3,23.3,4.44,14.8
2023-10-03,0.00,28.1,33.2,23.6,5.52,19.1
2023-10-04,0.00,26.4,33.2,21.4,5.84,16.4
2023-10-05,0.00,26.3,33.6,20.2,5.81,17.9
2023-10-06,0.00,26.1,33.5,20.0,5.48,15.0
2023-10-07,0.00,27.5,33.7,22.5,5.46,12.7
2023-10-08,0.00,28.3,34.5,24.0,5.33,12.5
2023-10-09,0.00,27.9,34.4,22.9,5.41,12.0
2023-10-10,0.00,28.2,34.6,22.5,5.36,12.5
2023-10-11,0.00,28.4,34.5,22.7,5.16,10.8
2023-10-12,0.00,27.4,33.6,21.1,4.39,9.4
2023-10-13,0.00,27.3,34.1,21.7,5.17,13.4
2023-10-14,0.00,27.0,33.7,20.7,4.76,9.9
2023-10-15,1.00,26.8,31.1,22.2,3.99,10.1
2023-10-16,0.30,27.5,32.7,21.6,4.32,7.1
2023-10-17,0.00,27.0,32.9,21.7,4.40,7.4
2023-10-18,0.00,27.0,32.7,22.3,4.57,8.9
2023-10-19,0.00,26.7,31.6,22.7,4.26,11.2
2023-10-20,0.30,26.0,31.8,21.5,4.42,12.6
2023-10-21,0.00,25.8,32.0,20.1,4.84,11.8
2023-10-22,0.00,25.5,32.7,19.2,5.09,13.9
2023-10-23,0.00,25.5,31.3,20.0,5.29,15.5
2023-10-24,0.00,25.0,31.5,19.3,5.18,14.1
2023-10-25,0.00,24.8,31.9,18.5,5.06,13.0
2023-10-26,0.00,24.8,31.9,18.3,5.21,15.5
2023-10-27,0.00,24.2,31.3,17.2,4.75,10.0
2023-10-28,0.00,24.5,31.2,17.7,4.52,9.4
2023-10-29,0.00,24.1,31.2,17.6,4.54,9.5
2023-10-30,0.00,24.3,31.0,18.0,4.68,11.0
2023-10-31,0.00,24.8,31.2,18.4,4.72,11.8
2023-11-01,0.00,25.0,31.3,19.7,4.30,13.8
2023-11-02,0.10,24.9,31.5,19.6,4.07,8.7
2023-11-03,0.00,25.5,32.1,19.4,4.40,11.5
2023-11-04,0.00,25.3,32.9,20.4,5.18,11.5
2023-11-05,0.00,24.8,32.4,19.1,5.13,11.4
2023-11-06,0.00,24.2,32.4,16.8,5.21,13.5
2023-11-07,0.00,24.2,32.3,17.4,4.87,9.9
2023-11-08,0.00,24.6,32.4,17.2,4.62,11.0
2023-11-09,0.00,24.5,32.4,17.7,4.55,10.4
2023-11-10,0.00,24.6,32.5,17.3,4.43,7.7
2023-11-11,0.00,25.7,33.0,18.9,4.39,9.1
2023-11-12,0.00,25.4,32.4,20.4,4.85,10.6
2023-11-13,0.00,24.2,31.5,16.9,4.47,10.5
2023-11-14,0.00,24.1,30.8,17.5,4.33,10.1
2023-11-15,0.00,23.7,30.4,17.5,4.29,10.2
2023-11-16,0.00,23.5,30.2,17.9,4.38,11.8
2023-11-17,0.00,23.5,30.1,17.7,4.24,9.7
2023-11-18,0.00,23.5,30.6,17.4,4.27,10.4
2023-11-19,0.00,24.2,31.7,17.7,4.09,9.8
2023-11-20,0.00,24.7,31.2,18.2,4.19,12.8
2023-11-21,0.00,24.6,30.9,19.0,4.01,9.5
2023-11-22,0.00,24.3,31.2,18.4,4.14,11.9
2023-11-23,0.00,23.9,31.2,17.6,4.14,9.9
2023-11-24,0.00,24.3,31.0,19.0,3.81,11.5
2023-11-25,0.00,24.2,30.7,18.3,3.93,9.6
2023-11-26,0.00,24.2,30.7,18.1,4.07,11.6
2023-11-27,1.50,21.6,24.7,19.2,2.06,10.0
2023-11-28,2.40,21.1,26.4,18.4,2.24,8.6
2023-11-29,14.10,21.2,26.5,17.0,2.17,8.7
2023-11-30,1.80,23.4,29.0,19.3,2.62,10.7
2023-12-01,0.00,24.0,28.9,20.7,2.35,10.1
2023-12-02,0.00,24.5,30.0,19.9,3.68,13.1
2023-12-03,0.00,24.5,30.2,20.0,4.00,14.4
2023-12-04,0.00,24.6,30.2,19.8,3.69,12.3
2023-12-05,1.30,23.7,28.0,20.9,3.19,16.3
2023-12-06,3.30,21.9,24.5,20.2,2.37,20.2
2023-12-07,1.30,21.6,25.2,19.2,1.93,10.5
2023-12-08,0.30,20.9,26.2,16.8,2.68,8.0
2023-12-09,0.00,21.2,27.2,16.4,3.26,9.1
2023-12-10,0.00,19.9,26.3,14.3,3.41,9.3
2023-12-11,0.00,20.0,26.7,13.7,3.40,9.2
2023-12-12,0.00,20.2,27.2,14.2,3.19,11.1
2023-12-13,0.00,20.9,27.2,15.1,3.29,10.1
2023-12-14,0.00,20.2,27.0,14.6,3.57,9.8
2023-12-15,0.00,20.0,26.6,14.1,3.51,8.8
2023-12-16,0.00,19.7,26.6,13.4,3.53,10.2
2023-12-17,0.00,19.6,25.8,13.5,3.43,9.4
2023-12-18,0.00,18.9,24.9,14.6,3.78,14.6
2023-12-19,0.00,17.9,24.4,13.2,3.80,14.8
2023-12-20,0.00,17.9,24.9,12.1,3.49,13.5
2023-12-21,0.00,18.5,25.9,11.8,3.36,11.1
2023-12-22,0.00,19.1,26.9,11.7,3.30,8.8
2023-12-23,0.00,20.3,28.2,14.0,3.64,10.2
2023-12-24,0.00,20.5,28.6,12.6,3.52,8.9
2023-12-25,0.00,20.7,28.7,14.1,3.38,9.3
2023-12-26,0.00,21.2,29.0,14.3,3.43,14.1
2023-12-27,0.00,21.0,28.4,14.4,3.50,10.0
2023-12-28,0.00,21.1,28.2,14.7,3.46,10.5
2023-12-29,0.00,21.5,28.2,15.0,3.32,9.2
2023-12-30,0.00,20.8,28.0,13.8,3.42,9.9
2023-12-31,0.00,21.4,28.2,14.6,3.48,11.1
2024-01-01,0.00,21.1,28.4,14.6,3.48,9.9
2024-01-02,0.00,21.1,28.6,14.2,3.62,10.7
2024-01-03,1.90,21.0,28.2,14.6,3.35,13.4
2024-01-04,0.00,21.4,27.7,16.0,3.00,7.8
2024-01-05,0.00,21.6,27.9,16.5,3.23,10.1
2024-01-06,3.30,21.1,26.4,17.6,2.84,12.5
2024-01-07,0.00,21.7,28.2,16.6,3.55,13.5
2024-01-08,0.00,21.6,28.1,16.7,3.38,8.6
2024-01-09,0.00,22.7,29.6,16.3,3.74,11.4
2024-01-10,0.40,22.9,28.2,19.3,2.45,8.3
2024-01-11,0.00,22.4,28.5,17.0,3.24,9.0
2024-01-12,0.00,23.2,29.5,17.4,3.52,13.0
2024-01-13,0.00,23.7,29.9,17.9,3.78,11.7
2024-01-14,0.00,23.5,29.8,17.6,3.66,12.0
2024-01-15,0.00,21.9,28.0,16.8,3.66,13.4
2024-01-16,0.00,21.1,28.2,15.0,3.67,9.7
2024-01-17,0.50,22.0,29.0,15.8,3.29,10.1
2024-01-18,0.30,22.1,27.1,17.7,3.35,14.0
2024-01-19,0.00,21.6,27.5,16.1,3.89,12.7
2024-01-20,0.60,22.0,28.0,17.6,3.29,11.8
2024-01-21,1.10,21.5,27.4,16.6,3.65,15.6
2024-01-22,0.00,21.2,27.6,14.7,3.71,10.2
2024-01-23,4.00,21.9,27.9,18.2,3.44,13.5
2024-01-24,0.00,19.1,25.9,14.6,4.04,10.2
2024-01-25,0.00,17.6,24.7,11.8,4.11,10.6
2024-01-26,0.00,17.9,25.8,10.7,4.00,10.6
2024-01-27,0.00,18.9,26.8,11.7,4.00,11.8
2024-01-28,0.00,19.4,28.1,10.9,3.81,9.5
2024-01-29,0.00,20.6,29.1,12.6,4.04,11.1
2024-01-30,0.00,21.7,28.5,15.4,4.04,11.4
2024-01-31,0.00,21.9,28.9,14.1,3.67,13.4
2024-02-01,0.00,22.9,29.6,16.9,3.76,8.7
2024-02-02,0.00,22.8,29.3,16.9,4.25,11.6
2024-02-03,0.00,21.8,28.7,15.8,4.31,11.1
2024-02-04,0.00,23.0,30.3,15.5,4.31,8.7
2024-02-05,0.00,24.4,32.8,16.6,4.52,14.1
2024-02-06,0.00,24.7,32.9,17.7,4.62,11.6
2024-02-07,0.00,23.7,30.1,18.0,4.33,16.9
2024-02-08,0.00,21.9,28.1,17.7,4.76,12.9
2024-02-09,0.00,20.6,28.1,14.6,4.67,11.3
2024-02-10,1.70,21.4,28.1,15.1,3.88,14.2
2024-02-11,2.30,22.0,28.6,17.3,3.17,16.1
2024-02-12,0.40,22.9,29.2,17.7,3.78,13.2
2024-02-13,0.00,24.0,30.7,17.4,4.29,14.5
2024-02-14,0.00,23.7,30.8,18.1,4.07,10.3
2024-02-15,0.00,23.1,28.7,18.6,4.29,26.6
2024-02-16,0.10,23.7,30.7,18.0,4.33,12.2
2024-02-17,0.00,24.5,31.3,18.3,4.54,10.7
2024-02-18,0.00,24.5,31.7,17.6,4.48,11.1
2024-02-19,0.00,25.3,33.2,17.4,4.87,12.9
2024-02-20,0.00,25.6,33.3,19.3,4.99,11.2
2024-02-21,0.00,24.7,33.0,17.1,5.48,15.8
2024-02-22,0.00,24.0,30.2,20.1,5.49,15.5
2024-02-23,0.00,22.8,29.7,16.5,4.69,10.1
2024-02-24,0.00,23.9,30.9,16.8,5.39,15.0
2024-02-25,0.00,24.4,31.5,17.2,5.35,12.5
2024-02-26,4.00,23.6,28.4,20.2,3.03,15.1
2024-02-27,9.00,24.8,31.4,19.6,4.06,15.5
2024-02-28,0.00,25.1,31.3,19.4,4.71,13.7
2024-02-29,0.00,25.8,33.6,18.0,5.20,12.7
2024-03-01,0.00,26.8,34.8,18.6,5.27,11.1
2024-03-02,0.30,26.4,32.4,22.1,4.97,17.3
2024-03-03,0.00,26.8,33.6,21.3,5.67,18.1
2024-03-04,0.00,25.8,31.8,21.2,5.69,13.7
2024-03-05,0.00,25.5,33.9,18.2,5.93,14.7
2024-03-06,0.00,26.8,34.2,19.8,5.92,15.1
2024-03-07,0.00,26.8,34.4,19.3,6.19,15.5
2024-03-08,0.00,26.5,34.2,18.8,6.04,12.7
2024-03-09,0.00,27.1,34.9,19.5,6.51,19.3
2024-03-10,0.00,28.1,36.2,20.5,6.67,14.6
2024-03-11,0.00,29.1,36.9,21.9,6.15,18.3
2024-03-12,0.00,29.6,37.0,21.0,6.18,15.8
2024-03-13,0.00,29.5,36.8,22.1,7.50,18.6
2024-03-14,0.00,28.4,36.0,20.5,7.18,15.5
2024-03-15,0.00,28.3,36.0,20.5,6.05,10.7
2024-03-16,1.10,28.3,36.3,23.2,5.81,18.9
2024-03-17,2.80,27.1,33.0,21.4,4.88,14.8
2024-03-18,0.50,26.9,34.0,22.6,5.21,27.6
2024-03-19,4.30,24.4,29.4,20.6,4.22,13.9
2024-03-20,3.10,23.2,30.5,17.8,4.66,11.4
2024-03-21,0.00,24.9,32.8,16.0,5.87,15.8
2024-03-22,0.00,26.9,35.1,19.4,6.04,10.3
2024-03-23,0.00,27.6,37.0,18.9,6.29,12.8
2024-03-24,0.00,29.0,37.9,19.9,6.02,9.8
2024-03-25,0.00,30.4,38.1,21.8,6.78,13.7
2024-03-26,0.00,30.8,38.4,22.5,6.80,12.4
2024-03-27,0.00,30.8,38.3,23.6,6.46,13.4
2024-03-28,0.00,31.8,39.9,24.0,6.92,12.6
2024-03-29,0.00,32.8,40.1,25.2,6.41,13.1
2024-03-30,0.10,32.2,39.1,26.2,6.65,13.7
2024-03-31,0.00,30.9,38.6,25.5,6.22,13.0
2024-04-01,0.00,31.8,40.3,23.7,7.43,18.0
2024-04-02,0.00,32.6,40.4,25.8,7.87,14.8
2024-04-03,0.00,32.4,40.2,25.0,6.25,10.1
2024-04-04,0.00,33.4,41.4,25.8,7.38,18.1
2024-04-05,0.00,33.1,40.1,24.7,8.25,16.7
2024-04-06,0.00,33.6,40.2,27.8,7.86,17.1
2024-04-07,0.70,30.8,36.4,25.0,6.46,22.2
2024-04-08,0.90,28.4,35.6,22.6,6.84,21.5
2024-04-09,11.10,27.7,34.8,23.0,5.81,24.5
2024-04-10,0.40,28.3,35.9,21.4,6.01,17.6
2024-04-11,1.10,26.6,32.8,20.5,5.62,16.6
2024-04-12,2.80,26.7,31.8,22.3,5.04,12.0
2024-04-13,6.30,26.9,32.4,21.8,4.99,17.6
2024-04-14,0.00,29.5,35.8,23.2,5.79,12.2
2024-04-15,0.40,30.2,38.4,24.1,5.82,14.8
2024-04-16,0.00,31.2,38.9,24.4,6.08,25.5
2024-04-17,0.00,32.6,40.1,24.7,6.73,10.8
2024-04-18,0.00,32.6,40.9,24.1,7.09,10.5
2024-04-19,0.00,33.8,42.0,24.7,7.02,11.1
2024-04-20,0.00,34.6,41.3,27.3,7.66,13.8
2024-04-21,0.00,34.0,40.4,28.3,7.49,12.9
2024-04-22,0.40,31.4,38.7,25.6,6.46,23.9
2024-04-23,1.10,30.0,36.7,25.1,5.97,16.3
2024-04-24,0.40,30.7,39.2,24.9,6.22,18.2
2024-04-25,0.00,31.9,38.3,25.1,7.03,23.4
2024-04-26,0.00,33.0,41.9,24.8,7.36,23.4
2024-04-27,0.10,33.1,41.1,26.2,6.94,15.6
2024-04-28,0.60,33.1,40.2,27.5,6.49,15.5
2024-04-29,0.30,32.8,39.2,26.8,6.47,14.5
2024-04-30,0.00,34.4,42.1,27.0,8.37,19.9
2024-05-01,0.00,34.7,41.6,28.5,9.78,20.6
2024-05-02,0.00,32.9,39.9,25.5,8.51,18.7
2024-05-03,0.00,32.6,40.9,23.4,8.13,12.5
2024-05-04,0.00,33.0,42.1,23.7,7.52,13.0
2024-05-05,0.00,35.2,42.7,26.2,9.60,18.5
2024-05-06,0.00,35.4,41.5,30.3,8.46,25.0
2024-05-07,1.50,32.4,40.3,24.7,7.66,26.5
2024-05-08,0.00,31.8,39.0,24.7,6.71,18.9
2024-05-09,0.10,32.0,37.4,27.0,7.21,21.4
2024-05-10,7.40,32.2,40.5,26.3,6.73,16.6
2024-05-11,0.00,34.3,41.4,27.4,7.32,17.1
2024-05-12,2.20,33.4,39.4,27.7,6.23,12.1
2024-05-13,0.30,32.2,37.5,26.5,6.16,16.1
2024-05-14,0.60,33.0,39.7,26.4,6.99,14.4
2024-05-15,0.00,32.6,38.6,26.0,6.12,15.8
2024-05-16,1.20,30.6,35.3,26.8,5.48,15.5
2024-05-17,7.00,30.4,34.9,26.4,4.40,14.8
2024-05-18,0.00,33.0,39.7,26.0,7.06,17.1
2024-05-19,14.20,32.3,40.2,26.4,6.42,18.1
2024-05-20,10.50,33.0,40.9,27.4,6.42,29.5
2024-05-21,0.50,35.3,42.7,29.8,6.99,17.7
2024-05-22,1.30,33.4,41.9,26.9,5.71,12.9
2024-05-23,0.90,34.2,42.1,28.3,6.70,18.1
2024-05-24,0.00,35.9,43.7,27.6,7.53,16.2
2024-05-25,0.20,35.3,41.7,28.2,7.28,17.0
2024-05-26,0.00,37.5,44.9,29.6,8.70,27.4
2024-05-27,0.00,38.4,45.5,32.2,10.37,27.0
2024-05-28,0.00,38.0,44.6,31.8,9.83,20.4
2024-05-29,0.00,37.1,44.0,30.4,9.38,21.3
2024-05-30,0.00,37.5,44.1,30.6,9.13,17.3
2024-05-31,0.00,37.8,44.5,31.6,9.88,20.9
2024-06-01,0.00,37.7,44.0,32.1,8.50,18.4
2024-06-02,3.20,34.9,42.8,29.4,7.25,21.6
2024-06-03,1.60,33.0,39.6,26.8,7.34,22.9
2024-06-04,1.20,33.4,40.9,27.4,6.35,25.2
2024-06-05,1.90,32.7,40.4,26.4,6.64,23.2
2024-06-06,0.20,34.4,41.4,28.3,6.73,14.4
2024-06-07,0.30,33.1,39.4,26.9,6.81,27.5
2024-06-08,3.80,32.7,40.0,26.4,6.87,20.7
2024-06-09,0.40,32.7,38.9,26.5,6.01,20.6
2024-06-10,1.70,33.0,39.2,27.0,7.04,18.3
2024-06-11,1.10,32.6,40.5,26.5,6.85,19.1
2024-06-12,2.30,30.5,37.4,25.9,4.95,12.2
2024-06-13,4.20,32.7,39.7,28.0,5.73,22.0
2024-06-14,0.30,32.5,39.7,27.7,6.61,19.9
2024-06-15,0.10,32.8,39.2,27.1,6.91,14.3
2024-06-16,7.00,31.6,37.4,26.9,5.77,13.5
2024-06-17,0.00,32.0,37.4,27.5,6.13,15.2
2024-06-18,6.30,31.4,37.1,27.0,5.50,15.2
2024-06-19,6.50,30.2,36.6,26.5,4.91,19.2
2024-06-20,12.10,30.0,36.5,25.5,5.18,13.8
2024-06-21,18.00,28.1,33.3,25.5,3.25,15.5
2024-06-22,16.60,27.3,31.0,25.0,2.61,10.3
2024-06-23,22.80,27.4,31.8,24.2,4.37,10.0
2024-06-24,4.70,27.9,32.5,24.6,4.22,11.9
2024-06-25,1.10,29.7,34.5,25.0,5.43,10.9
2024-06-26,1.20,30.7,35.0,26.4,5.63,12.7
2024-06-27,24.90,28.1,33.6,25.3,4.11,15.6
2024-06-28,24.80,27.9,31.9,25.0,3.59,18.9
2024-06-29,2.70,27.7,30.8,25.4,3.24,16.4
2024-06-30,7.10,28.0,31.6,25.7,4.09,25.5
2024-07-01,5.80,27.3,29.8,24.6,3.24,21.6
2024-07-02,23.70,26.8,31.1,25.0,3.08,23.4
2024-07-03,0.20,27.8,31.2,25.0,3.40,18.6
2024-07-04,11.20,27.8,31.5,24.9,3.64,20.5
2024-07-05,8.70,27.5,31.7,24.6,4.00,19.5
2024-07-06,5.50,27.6,32.9,24.8,4.99,19.9
2024-07-07,12.80,26.7,30.0,24.7,2.64,14.8
2024-07-08,16.60,27.4,31.8,24.7,4.02,8.7
2024-07-09,12.90,27.2,32.1,24.4,4.16,14.1
2024-07-10,12.40,26.6,31.3,23.9,3.18,13.3
2024-07-11,2.40,27.7,30.7,24.9,3.58,15.3
2024-07-12,12.00,27.8,31.7,24.7,4.14,15.9
2024-07-13,16.30,27.4,32.0,25.1,3.90,16.8
2024-07-14,19.70,27.0,31.4,24.5,3.43,13.5
2024-07-15,16.40,27.0,31.0,24.4,3.35,11.3
2024-07-16,27.10,26.9,30.8,24.6,3.43,11.2
2024-07-17,29.40,26.9,31.5,25.0,2.96,15.9
2024-07-18,4.90,27.5,31.1,24.7,3.48,15.0
2024-07-19,25.00,27.7,31.6,24.7,3.98,17.1
2024-07-20,69.10,26.5,30.3,25.1,2.06,16.2
2024-07-21,80.20,26.7,30.9,24.9,3.06,19.2
2024-07-22,52.40,25.8,27.9,25.0,1.81,20.6
2024-07-23,28.70,26.3,28.5,24.2,2.68,23.1
2024-07-24,22.00,25.5,28.2,24.2,2.07,23.5
2024-07-25,6.70,26.9,31.2,24.4,3.75,19.7
2024-07-26,7.50,26.3,28.6,24.7,2.88,18.6
2024-07-27,24.60,25.8,27.9,24.4,1.94,22.3
2024-07-28,22.30,25.8,28.2,24.1,1.92,17.5
2024-07-29,11.80,26.5,30.4,23.5,3.45,20.3
2024-07-30,14.50,26.8,30.7,24.4,3.61,15.8
2024-07-31,10.70,27.1,30.4,25.0,2.87,12.6
2024-08-01,38.20,25.5,28.1,24.5,1.75,17.6
2024-08-02,19.70,25.1,26.1,24.2,1.43,20.0
2024-08-03,12.60,25.2,27.6,24.1,1.85,20.3
2024-08-04,42.70,25.1,27.3,23.8,1.84,22.5
2024-08-05,5.80,26.5,30.2,23.6,3.71,16.9
2024-08-06,3.20,27.0,31.4,24.4,4.20,14.2
2024-08-07,10.00,25.7,28.0,23.8,2.07,13.0
2024-08-08,16.80,25.5,27.9,23.9,2.41,15.7
2024-08-09,0.90,26.1,29.4,22.7,3.77,12.4
2024-08-10,9.40,25.8,30.2,23.6,2.78,11.9
2024-08-11,14.70,26.1,29.7,23.7,3.46,15.2
2024-08-12,0.80,27.0,30.6,23.8,3.99,12.0
2024-08-13,2.60,27.5,30.8,24.1,4.30,12.1
2024-08-14,21.40,26.8,30.7,25.2,2.74,13.1
2024-08-15,33.10,26.4,29.6,25.0,2.14,13.2
2024-08-16,8.10,26.4,29.3,24.7,2.60,12.9
2024-08-17,1.30,27.2,30.0,24.9,3.72,11.4
2024-08-18,8.60,27.2,30.3,25.1,3.19,7.9
2024-08-19,10.20,26.8,31.5,24.1,3.79,12.5
2024-08-20,4.70,26.8,30.7,23.9,3.29,10.3
2024-08-21,8.90,27.4,30.9,24.5,3.49,7.8
2024-08-22,21.60,27.1,30.7,25.1,3.25,11.3
2024-08-23,10.60,26.5,30.1,24.1,3.23,16.7
2024-08-24,15.20,25.3,27.7,23.8,2.37,17.3
2024-08-25,24.30,24.4,25.6,23.4,1.50,23.3
2024-08-26,0.40,26.2,29.6,23.5,3.85,21.3
2024-08-27,0.90,27.2,31.1,23.7,4.81,16.3
2024-08-28,0.50,27.5,31.5,23.9,4.95,12.9
2024-08-29,8.10,26.3,30.3,24.1,3.14,11.7
2024-08-30,16.30,25.9,29.7,24.1,3.12,13.0
2024-08-31,27.30,26.3,30.1,23.6,3.08,14.8
2024-09-01,33.40,27.1,31.5,23.3,4.12,21.2
2024-09-02,11.40,26.2,29.5,24.9,2.87,15.9
2024-09-03,2.30,27.0,30.8,24.3,4.16,13.7
2024-09-04,3.20,26.7,30.6,24.0,3.66,12.8
2024-09-05,11.00,26.6,30.2,24.0,2.85,14.0
2024-09-06,7.80,27.3,31.0,24.1,4.28,8.0
2024-09-07,6.60,26.9,31.1,24.1,4.16,15.8
2024-09-08,9.00,26.6,30.9,24.4,3.23,15.9
2024-09-09,19.10,27.0,31.1,24.5,3.49,18.5
2024-09-10,58.00,25.4,26.0,24.8,0.85,17.5
2024-09-11,3.20,26.9,30.8,24.8,4.38,23.8
2024-09-12,1.20,27.0,30.8,24.7,4.48,19.9
2024-09-13,7.90,26.5,30.5,23.9,4.24,14.0
2024-09-14,0.00,26.5,30.5,23.3,4.68,14.6
2024-09-15,0.50,26.0,30.3,22.5,4.53,13.8
2024-09-16,0.20,26.7,30.6,23.0,4.58,17.9
2024-09-17,0.10,27.4,30.8,25.2,4.62,19.5
2024-09-18,0.40,26.8,31.3,23.9,4.78,15.6
2024-09-19,1.50,26.5,31.5,22.4,4.56,12.2
2024-09-20,0.60,27.3,32.3,23.6,4.52,10.0
2024-09-21,5.50,27.7,32.0,24.5,4.10,12.6
2024-09-22,5.90,26.8,31.2,23.5,3.27,12.6
2024-09-23,7.20,27.0,31.5,24.3,3.46,11.0
2024-09-24,16.20,26.4,30.3,24.5,2.08,11.3
2024-09-25,24.00,25.8,29.9,23.7,2.62,9.7
2024-09-26,49.30,25.8,29.3,23.6,2.75,10.7
2024-09-27,18.70,25.9,28.6,24.3,2.22,16.0
2024-09-28,0.80,26.8,30.2,24.2,3.86,17.1
2024-09-29,2.90,27.2,31.6,23.9,4.18,13.0
2024-09-30,0.40,27.9,32.1,23.7,4.50,12.3
2024-10-01,0.10,28.3,32.8,24.0,4.51,8.3
2024-10-02,0.00,28.8,34.0,24.5,4.85,11.7
2024-10-03,0.00,28.9,34.4,24.6,5.09,12.9
2024-10-04,0.00,28.3,33.4,24.3,4.89,10.8
2024-10-05,19.30,27.1,33.2,22.7,4.85,17.3
2024-10-06,1.70,27.4,32.8,23.2,4.52,13.5
2024-10-07,0.00,27.4,32.2,22.6,4.64,8.7
2024-10-08,0.50,27.2,31.9,23.5,3.95,6.5
2024-10-09,5.40,26.0,30.9,23.1,3.31,13.0
2024-10-10,0.20,26.5,31.7,22.2,4.12,10.2
2024-10-11,4.10,26.4,31.3,23.4,3.38,11.3
2024-10-12,7.10,25.7,29.4,22.4,3.10,12.1
2024-10-13,13.50,26.4,31.1,23.1,3.81,8.0
2024-10-14,0.10,27.1,31.8,23.1,4.21,10.4
2024-10-15,0.30,27.3,31.9,23.3,4.21,9.0
2024-10-16,0.40,27.5,31.6,23.7,4.18,8.5
2024-10-17,0.70,27.8,32.6,24.0,4.41,11.5
2024-10-18,0.30,27.8,32.5,24.3,4.26,10.5
2024-10-19,9.80,26.8,31.9,23.1,4.05,10.4
2024-10-20,0.80,25.9,31.3,22.8,3.62,10.6
2024-10-21,0.00,26.2,31.4,21.2,4.17,8.0
2024-10-22,0.00,26.3,31.1,22.0,3.83,7.7
2024-10-23,0.00,26.5,32.9,21.8,4.86,12.6
2024-10-24,0.00,25.7,31.6,21.3,5.10,17.1
2024-10-25,0.00,26.1,32.2,20.9,4.66,16.0
2024-10-26,0.00,26.3,32.4,21.8,4.87,13.5
2024-10-27,0.00,25.8,31.4,20.4,4.29,9.4
2024-10-28,0.20,26.6,31.6,22.2,4.13,10.3
2024-10-29,0.30,27.0,32.7,22.7,3.86,7.2
2024-10-30,0.00,27.8,33.4,22.6,4.29,7.5
2024-10-31,0.00,27.4,33.1,22.3,4.18,9.9
2024-11-01,0.00,26.8,33.8,20.4,4.55,8.7
2024-11-02,0.00,26.6,33.4,20.6,4.50,9.2
2024-11-03,0.00,26.5,32.3,22.4,3.67,10.3
2024-11-04,0.00,25.5,31.9,20.0,4.07,8.8
2024-11-05,0.00,25.5,31.4,20.3,4.10,8.7
2024-11-06,0.00,25.0,31.2,18.7,4.17,8.4
2024-11-07,0.00,24.8,30.5,20.1,4.08,9.0
2024-11-08,0.00,24.5,30.5,19.3,3.89,8.9
2024-11-09,0.00,24.7,30.4,18.9,3.91,8.6
2024-11-10,0.00,25.3,30.9,20.0,3.91,9.7
2024-11-11,0.00,24.7,30.2,19.5,4.31,10.9
2024-11-12,0.00,24.7,30.5,18.7,4.23,9.0
2024-11-13,0.00,25.1,30.4,19.6,4.35,8.8
2024-11-14,0.00,24.7,30.2,19.5,4.43,8.9
2024-11-15,0.00,24.2,30.0,18.7,4.16,8.4
2024-11-16,0.00,24.0,29.7,18.2,4.04,7.9
2024-11-17,0.00,23.7,29.3,18.0,4.08,10.3
2024-11-18,0.00,23.4,29.0,17.5,4.12,9.1
2024-11-19,0.00,23.1,28.7,16.9,3.79,9.8
2024-11-20,0.00,22.9,28.2,17.6,3.73,11.4
2024-11-21,0.00,23.0,28.5,17.3,3.83,8.8
2024-11-22,0.00,22.7,28.1,17.2,3.83,9.5
2024-11-23,0.00,22.4,28.3,16.2,3.74,8.9
2024-11-24,0.00,22.0,28.3,15.5,3.65,8.6
2024-11-25,0.00,22.1,28.3,16.2,3.95,8.6
2024-11-26,0.00,22.1,28.4,15.6,3.85,8.9
2024-11-27,0.00,22.2,28.3,16.7,4.29,10.8
2024-11-28,0.00,21.5,27.4,16.2,4.62,13.1
2024-11-29,0.00,21.6,27.7,15.5,4.42,12.5
2024-11-30,0.00,22.8,28.9,16.9,4.28,11.0
2024-12-01,0.00,23.8,29.0,18.7,3.86,11.4
2024-12-02,0.00,24.8,30.0,20.0,3.52,13.9
2024-12-03,0.10,25.6,29.4,21.7,3.08,10.6
2024-12-04,1.00,26.2,30.5,21.8,3.29,9.4
2024-12-05,0.00,26.6,32.2,21.8,3.64,9.1
2024-12-06,1.40,25.9,30.1,22.0,3.03,10.5
2024-12-07,0.50,25.5,30.0,21.7,3.12,9.4
2024-12-08,1.30,24.8,30.2,21.0,2.96,10.5
2024-12-09,0.00,23.4,28.7,19.0,4.25,13.6
2024-12-10,0.00,20.7,26.5,15.7,4.41,11.3
2024-12-11,0.00,19.7,25.7,13.8,3.59,9.1
2024-12-12,0.00,20.1,26.7,13.6,3.52,9.0
2024-12-13,0.00,20.2,26.5,14.9,4.27,11.7
2024-12-14,0.00,19.1,26.0,13.3,3.91,11.2
2024-12-15,0.00,19.0,25.6,12.3,3.82,10.6
2024-12-16,0.00,19.7,26.8,13.3,3.62,9.4
2024-12-17,0.00,19.8,27.6,12.4,3.68,8.9
2024-12-18,0.00,20.4,27.7,13.2,3.71,8.2
2024-12-19,0.00,21.3,28.0,13.4,3.80,8.6
2024-12-20,0.00,24.0,29.9,18.9,3.48,9.6
2024-12-21,0.00,23.6,29.9,18.9,4.46,12.5
2024-12-22,0.00,22.2,28.5,16.5,3.85,9.3
2024-12-23,0.00,23.1,29.1,17.1,4.11,13.2
2024-12-24,0.00,24.1,28.9,18.4,3.90,10.1
2024-12-25,0.00,23.9,28.9,19.2,3.93,12.7
2024-12-26,0.00,23.7,28.6,19.0,3.66,10.1
2024-12-27,0.60,24.2,29.1,19.5,3.29,11.6
2024-12-28,1.60,24.2,29.7,20.0,3.40,12.7
2024-12-29,0.70,23.0,28.1,18.7,2.94,9.0
2024-12-30,0.00,23.8,29.4,19.0,3.40,9.6
2024-12-31,0.00,23.3,29.6,17.9,3.52,10.9
2025-01-01,0.00,21.2,27.5,16.2,3.64,10.1
2025-01-02,0.00,20.6,28.5,13.5,4.03,11.3
2025-01-03,0.00,21.7,29.4,14.9,4.12,10.3
2025-01-04,0.00,21.6,28.8,15.6,4.14,9.5
2025-01-05,0.00,21.2,28.1,14.7,3.86,7.6
2025-01-06,0.00,21.3,28.2,14.8,3.15,8.5
2025-01-07,0.00,21.6,28.3,16.0,4.21,12.3
2025-01-08,0.00,18.9,25.7,13.0,3.50,10.9
2025-01-09,0.00,19.4,26.6,12.5,3.84,8.1
2025-01-10,0.00,20.3,27.0,13.4,3.75,9.0
2025-01-11,0.00,21.3,27.5,14.8,3.69,9.9
2025-01-12,0.00,22.8,28.7,17.1,3.58,8.6
2025-01-13,0.00,22.2,27.4,17.9,3.17,11.9
2025-01-14,0.00,21.7,27.7,15.7,3.85,9.7
2025-01-15,0.00,22.5,27.9,16.9,3.71,11.7
2025-01-16,0.00,22.1,25.6,17.7,2.52,10.6
2025-01-17,0.00,22.7,27.8,19.0,4.20,11.9
2025-01-18,0.00,21.9,27.8,16.3,4.22,9.9
2025-01-19,0.00,21.9,29.2,15.5,3.89,9.2
2025-01-20,0.00,22.7,29.9,16.2,4.05,8.8
2025-01-21,0.00,23.0,30.6,16.3,3.88,8.3
2025-01-22,0.00,23.3,31.0,15.8,4.13,8.6
2025-01-23,0.00,24.0,31.0,17.1,4.09,8.5
2025-01-24,0.00,24.2,30.8,17.7,3.99,13.2
2025-01-25,0.00,24.5,30.7,18.1,3.93,9.8
2025-01-26,0.00,24.5,31.2,18.6,4.28,10.3
2025-01-27,0.00,24.1,31.1,17.1,4.39,9.8
2025-01-28,0.00,24.6,31.3,17.9,4.39,9.6
2025-01-29,0.00,25.6,32.1,18.8,4.40,9.8
2025-01-30,0.00,27.0,33.0,21.3,4.76,13.5
2025-01-31,0.00,26.9,33.4,20.2,4.67,14.1
2025-02-01,0.00,27.2,33.3,20.5,4.70,12.9
2025-02-02,0.00,27.0,33.4,20.6,4.61,11.2
2025-02-03,0.00,28.0,34.6,21.6,4.72,10.2
2025-02-04,0.00,28.1,34.7,21.8,4.97,12.0
2025-02-05,0.00,28.0,34.3,22.0,4.93,13.8
2025-02-06,0.00,25.7,31.8,20.6,5.23,12.6
2025-02-07,0.00,24.9,31.6,19.0,5.13,11.6
2025-02-08,0.00,25.5,32.6,19.0,4.89,10.5
2025-02-09,0.00,26.4,33.3,19.8,4.95,9.1
2025-02-10,0.00,27.7,34.3,20.3,4.76,10.2
2025-02-11,0.00,28.6,35.4,22.0,5.25,11.6
2025-02-12,0.00,27.4,33.7,21.7,6.04,13.5
2025-02-13,0.00,25.5,32.0,19.7,5.73,13.9
2025-02-14,0.00,24.9,32.0,18.1,5.11,11.6
2025-02-15,0.00,25.8,33.5,17.5,4.88,11.8
2025-02-16,0.00,27.2,35.0,18.9,5.44,12.1
2025-02-17,0.00,27.5,34.4,20.6,4.66,9.5
2025-02-18,0.00,27.8,34.7,21.2,5.42,17.1
2025-02-19,0.00,28.3,34.5,22.1,5.40,14.2
2025-02-20,0.00,28.3,34.7,21.8,6.25,14.7
2025-02-21,0.00,27.9,34.3,21.2,5.91,14.5
2025-02-22,0.00,27.3,34.0,21.1,5.96,16.6
2025-02-23,0.00,27.1,33.9,20.7,6.20,11.8
2025-02-24,0.00,26.8,33.3,20.6,5.62,12.3
2025-02-25,0.00,27.1,33.1,21.2,5.76,12.4
2025-02-26,0.00,27.6,34.5,21.1,5.87,11.0
2025-02-27,0.00,28.1,34.8,21.5,6.02,10.7
2025-02-28,0.00,28.8,35.9,20.6,5.74,9.8
2025-03-01,0.00,29.3,35.9,22.7,6.05,12.9
2025-03-02,0.00,29.9,36.9,23.2,5.60,16.6
2025-03-03,0.00,29.6,35.9,22.7,6.21,13.2
2025-03-04,0.00,29.8,36.9,22.5,6.97,16.4
2025-03-05,0.00,26.7,32.0,21.2,6.96,15.3
2025-03-06,0.00,25.9,33.8,18.1,6.28,13.7
2025-03-07,0.00,27.2,35.4,18.2,5.83,10.3
2025-03-08,0.00,28.8,37.0,20.0,6.13,12.7
2025-03-09,0.00,29.6,36.6,22.9,6.13,11.9
2025-03-10,0.00,29.9,36.8,23.3,6.39,15.4
2025-03-11,0.00,30.4,37.6,23.8,6.45,12.5
2025-03-12,0.00,31.8,39.4,23.4,6.47,13.2
2025-03-13,0.00,32.7,39.6,24.4,7.35,16.3
2025-03-14,0.00,32.6,39.6,24.9,7.29,16.2
2025-03-15,0.00,32.4,39.1,24.8,5.89,11.9
2025-03-16,0.00,32.9,39.2,25.8,6.87,20.1
2025-03-17,0.00,32.0,39.0,25.4,7.39,21.2
2025-03-18,0.00,31.7,38.3,24.7,6.43,11.4
2025-03-19,0.00,32.2,38.7,25.6,7.20,14.5
2025-03-20,0.00,32.6,38.5,26.9,7.27,17.7
2025-03-21,0.00,31.5,37.8,26.0,6.80,16.6
2025-03-22,0.00,30.2,36.7,23.3,6.13,13.9
2025-03-23,0.00,30.7,37.1,23.3,6.30,11.7
2025-03-24,0.00,30.6,37.0,23.6,6.99,16.2
2025-03-25,0.00,30.9,38.0,23.7,6.62,12.0
2025-03-26,0.00,31.9,39.1,23.8,6.35,10.7
2025-03-27,0.00,33.1,40.2,25.1,6.91,14.2
2025-03-28,0.00,34.6,41.2,27.6,7.67,15.9
2025-03-29,0.00,33.6,40.3,26.6,8.09,17.3
2025-03-30,0.00,33.2,40.3,26.4,7.03,11.7
2025-03-31,0.00,33.5,39.9,26.3,7.40,13.7
2025-04-01,0.00,32.9,38.7,28.1,6.35,13.3
2025-04-02,0.00,31.3,37.0,26.1,6.15,12.9
2025-04-03,1.30,28.9,33.1,23.9,4.92,11.7
2025-04-04,0.00,29.8,37.1,23.9,5.55,9.0
2025-04-05,0.00,31.4,38.8,23.2,6.23,12.1
2025-04-06,0.00,33.1,40.8,24.6,7.14,17.4
2025-04-07,0.00,33.4,41.2,24.5,6.44,15.1
2025-04-08,0.00,33.5,40.6,27.2,7.25,13.5
2025-04-09,0.00,33.0,39.7,26.6,6.47,15.8
2025-04-10,0.00,33.4,40.6,26.6,7.53,15.8
2025-04-11,0.00,34.0,41.9,26.6,7.65,18.1
2025-04-12,0.50,33.3,39.1,28.1,8.02,21.5
2025-04-13,0.00,33.5,40.7,25.9,6.71,12.2
2025-04-14,0.00,33.2,40.4,26.0,6.56,11.7
2025-04-15,0.00,33.6,40.8,26.7,6.72,10.1
2025-04-16,0.00,32.9,39.5,25.8,6.73,10.7
2025-04-17,0.00,34.2,40.7,28.2,7.09,13.6
2025-04-18,0.00,35.3,42.3,28.0,7.02,11.5
2025-04-19,0.00,36.2,43.5,28.9,8.46,16.4
2025-04-20,0.00,36.0,43.0,28.9,7.79,18.9
2025-04-21,0.00,36.2,43.1,29.1,7.46,16.6
2025-04-22,0.00,36.7,43.6,29.4,7.66,11.0
2025-04-23,0.00,36.5,44.0,28.6,7.64,24.4
2025-04-24,0.00,36.4,44.0,28.3,7.67,20.9
2025-04-25,0.00,36.1,43.4,28.0,6.56,14.3
2025-04-26,0.00,36.0,41.7,30.0,7.42,16.3
2025-04-27,9.40,32.4,39.3,26.1,7.23,14.1
2025-04-28,0.00,34.1,41.0,27.4,7.79,17.3
2025-04-29,0.00,34.2,41.2,26.8,8.01,16.2
2025-04-30,0.00,34.6,41.6,26.4,7.69,15.7
2025-05-01,0.00,33.6,40.5,26.7,7.54,13.8
2025-05-02,0.00,32.8,40.6,25.7,6.87,13.1
2025-05-03,0.50,33.3,41.9,26.8,6.95,19.3
2025-05-04,0.10,31.4,38.7,25.4,6.64,14.9
2025-05-05,0.00,32.5,39.4,25.8,7.11,15.4
2025-05-06,0.00,32.2,38.2,25.5,7.52,14.3
2025-05-07,0.00,31.3,37.0,26.0,7.70,18.6
2025-05-08,0.00,32.1,38.2,25.3,6.97,14.3
2025-05-09,0.00,33.3,38.8,27.7,6.56,14.5
2025-05-10,0.10,33.8,40.4,28.7,6.49,20.2
2025-05-11,0.00,33.7,39.1,28.8,6.42,14.9
2025-05-12,0.20,32.5,37.4,27.3,5.03,10.2
2025-05-13,0.20,32.8,39.0,28.8,6.02,19.1
2025-05-14,0.00,33.3,39.7,27.5,6.47,18.5
2025-05-15,0.40,33.0,37.3,29.0,5.71,11.0
2025-05-16,8.40,32.0,39.9,27.9,5.39,21.5
2025-05-17,0.70,30.9,37.7,26.5,5.81,11.3
2025-05-18,0.50,31.9,37.4,26.7,5.88,8.3
2025-05-19,0.20,32.2,38.4,25.9,5.28,14.1
2025-05-20,0.10,33.3,40.6,27.1,5.94,8.2
2025-05-21,4.00,32.1,38.8,26.7,5.25,22.5
2025-05-22,1.50,27.2,28.9,24.6,2.22,10.4
2025-05-23,0.00,29.3,34.3,25.0,5.21,10.3
2025-05-24,4.50,28.4,33.1,24.8,3.76,9.5
2025-05-25,5.60,28.4,33.0,24.5,4.40,13.3
2025-05-26,10.20,29.7,35.1,25.3,5.19,11.9
2025-05-27,8.50,29.1,34.8,26.0,4.87,17.4
2025-05-28,6.90,28.7,34.7,25.3,4.47,10.9
2025-05-29,2.80,29.8,35.8,26.4,5.00,14.3
2025-05-30,0.70,30.7,37.4,27.3,5.25,14.6
2025-05-31,0.00,31.4,37.0,27.5,6.95,16.5
2025-06-01,0.00,31.3,37.4,26.1,7.78,14.8
2025-06-02,1.00,30.9,35.4,26.0,6.60,15.1
2025-06-03,0.00,31.2,35.6,26.0,7.01,18.7
2025-06-04,0.10,30.7,36.5,26.9,5.88,11.7
2025-06-05,0.10,31.6,37.6,26.3,5.86,11.9
2025-06-06,0.00,33.5,39.2,25.7,6.43,10.3
2025-06-07,0.00,33.0,37.6,27.9,5.54,16.6
2025-06-08,0.10,35.5,41.4,29.9,8.20,16.7
2025-06-09,0.00,36.4,42.6,31.1,8.13,19.5
2025-06-10,0.10,35.3,42.9,30.4,8.17,15.5
2025-06-11,0.00,33.2,38.3,28.3,6.40,12.8
2025-06-12,0.50,33.5,37.9,28.7,6.08,14.7
2025-06-13,0.80,32.7,37.5,28.3,5.89,10.3
2025-06-14,4.40,32.6,37.8,26.1,6.14,13.4
2025-06-15,0.90,31.8,37.0,26.7,6.35,15.4
2025-06-16,3.20,30.5,35.9,25.6,5.98,21.8
2025-06-17,3.30,29.0,33.3,25.6,4.06,16.0
2025-06-18,1.50,30.0,34.0,27.3,6.13,18.7
2025-06-19,4.30,28.1,33.5,24.9,3.97,24.0
2025-06-20,1.80,28.6,34.1,24.3,4.79,19.3
2025-06-21,15.80,29.8,35.1,25.1,6.46,18.5
2025-06-22,11.50,27.7,32.5,24.7,4.19,20.3
2025-06-23,11.50,27.8,32.5,25.1,4.54,21.1
2025-06-24,17.30,27.1,31.6,24.9,3.86,17.0
2025-06-25,20.50,26.5,30.8,24.3,3.05,12.8
2025-06-26,15.80,25.9,28.9,24.8,2.03,14.7
2025-06-27,3.10,27.2,31.2,24.5,3.05,16.0
2025-06-28,8.90,27.4,31.1,24.6,3.71,17.1
2025-06-29,16.90,25.5,28.3,23.8,2.57,21.4
2025-06-30,34.50,25.9,29.1,24.0,2.77,18.5
2025-07-01,19.30,25.6,27.6,24.2,1.94,15.7
2025-07-02,5.70,26.5,30.5,24.4,2.56,16.1
2025-07-03,7.10,27.0,31.1,24.5,3.60,14.3
2025-07-04,9.00,25.9,27.6,24.7,2.15,15.9
2025-07-05,2.80,27.1,30.3,25.1,3.63,17.3
2025-07-06,18.40,25.8,27.9,23.9,2.42,19.7
2025-07-07,79.50,24.0,24.5,23.7,0.99,24.7
2025-07-08,50.40,23.8,25.2,22.9,1.41,21.4
2025-07-09,42.80,24.2,25.8,22.9,1.40,16.8
2025-07-10,4.60,26.9,31.0,23.2,3.81,18.0
2025-07-11,19.00,27.5,32.6,24.3,4.76,15.2
2025-07-12,2.40,27.9,32.2,24.7,4.94,15.4
2025-07-13,1.90,28.0,31.5,25.5,4.34,14.2
2025-07-14,10.50,28.2,32.8,25.3,5.24,13.7
2025-07-15,4.30,28.3,33.2,25.2,4.92,11.6
2025-07-16,1.10,27.7,31.2,25.6,3.70,9.9
2025-07-17,5.90,27.3,31.5,25.0,2.96,10.0
2025-07-18,1.10,27.7,30.9,25.1,3.87,7.7
2025-07-19,0.30,28.2,31.9,24.1,4.65,9.7
2025-07-20,0.70,27.6,29.9,25.3,2.65,7.2
2025-07-21,5.40,28.2,32.5,24.2,4.59,10.4
2025-07-22,35.10,27.2,31.3,24.3,3.63,12.9
2025-07-23,19.20,27.3,30.9,25.2,3.82,16.8
2025-07-24,21.80,25.9,27.8,24.6,1.90,15.4
2025-07-25,17.90,25.6,27.7,24.0,1.90,17.7
2025-07-26,47.80,25.0,26.3,24.2,1.07,19.4
2025-07-27,0.10,26.3,30.5,24.3,4.03,24.2
2025-07-28,4.60,26.2,28.6,24.3,2.74,22.5
2025-07-29,31.70,25.3,26.7,24.3,1.66,20.1
2025-07-30,3.60,26.5,29.6,23.7,3.72,17.2
2025-07-31,0.80,27.3,31.5,23.4,5.12,17.3
2025-08-01,0.40,27.7,31.7,24.3,5.15,12.5
2025-08-02,0.50,28.2,32.4,25.2,5.35,12.2
2025-08-03,0.40,28.3,32.0,24.6,4.89,11.4
2025-08-04,0.20,28.9,33.7,24.4,5.25,8.8
2025-08-05,0.30,29.9,34.5,24.7,5.65,8.5
2025-08-06,0.80,29.6,34.5,25.4,5.05,13.0
2025-08-07,5.60,28.4,34.3,25.9,4.07,9.3
2025-08-08,0.60,27.0,30.1,23.9,2.87,17.3
2025-08-09,0.40,27.8,32.3,24.4,4.04,8.5
2025-08-10,0.90,28.5,33.1,24.0,5.13,8.8
2025-08-11,4.10,28.7,33.5,25.3,4.75,14.6
2025-08-12,3.10,28.1,32.8,25.4,4.32,13.9
2025-08-13,20.00,26.2,28.7,25.0,2.17,15.9
2025-08-14,8.90,27.0,30.6,23.3,3.47,11.6
2025-08-15,14.80,26.8,29.9,24.1,3.31,8.4
2025-08-16,43.70,25.6,29.4,23.6,2.35,11.6
2025-08-17,11.80,27.1,30.8,23.9,3.94,8.9
2025-08-18,23.80,26.6,30.9,24.1,3.58,10.7
2025-08-19,25.30,26.1,30.4,23.6,3.59,9.4
2025-08-20,22.00,25.6,28.8,24.1,2.39,15.9
2025-08-21,20.20,26.2,30.0,23.9,3.83,19.1
2025-08-22,6.90,26.1,29.1,24.2,2.90,19.1
2025-08-23,9.20,25.5,28.2,24.1,2.60,18.0
2025-08-24,3.50,25.8,28.9,23.3,3.64,21.5
2025-08-25,2.80,25.9,28.7,23.5,3.49,19.3
2025-08-26,11.40,26.3,30.0,23.7,3.67,10.2
2025-08-27,18.70,26.4,30.6,24.1,3.85,12.7
2025-08-28,19.30,26.1,29.4,23.8,2.83,9.8
2025-08-29,5.60,26.5,30.5,23.5,3.78,9.5
2025-08-30,1.80,27.1,30.6,24.0,4.11,10.9
2025-08-31,10.90,26.7,30.1,24.4,3.20,13.4
2025-09-01,26.80,26.1,29.8,24.1,2.52,11.4
2025-09-02,15.80,26.3,29.0,23.7,3.16,11.3
2025-09-03,12.40,25.6,28.9,23.3,2.88,11.6
2025-09-04,1.90,26.1,29.0,23.6,3.35,13.9
2025-09-05,0.20,26.6,30.1,23.4,4.44,16.9
2025-09-06,12.20,26.2,28.7,23.8,3.07,12.9
2025-09-07,6.70,26.5,30.2,23.5,3.60,8.4
2025-09-08,6.60,26.9,31.3,23.8,4.07,8.0
2025-09-09,3.60,27.3,32.0,23.9,4.57,10.8
2025-09-10,6.90,27.6,32.7,24.2,4.43,13.6
2025-09-11,15.40,26.9,32.2,24.5,3.64,10.3
2025-09-12,10.00,26.4,31.2,24.4,3.76,14.8
2025-09-13,10.70,26.8,30.6,23.9,3.97,11.8
2025-09-14,7.70,26.9,30.5,23.7,3.78,7.8
2025-09-15,9.80,26.9,30.6,24.1,3.28,6.6
2025-09-16,15.40,26.2,29.7,24.1,3.11,8.7
2025-09-17,13.50,26.8,30.7,23.5,4.06,6.1
2025-09-18,3.10,27.3,30.4,24.0,3.76,7.9
2025-09-19,1.20,28.0,31.5,23.6,4.49,6.8
2025-09-20,2.70,27.9,32.1,24.3,4.61,7.8
2025-09-21,8.90,27.8,32.4,24.1,4.30,10.1
2025-09-22,5.60,28.8,34.2,23.7,5.02,13.1
2025-09-23,0.70,28.8,33.3,24.5,5.15,12.4
2025-09-24,0.70,28.8,33.0,25.1,5.61,18.3
2025-09-25,12.70,26.8,29.9,24.6,2.70,15.4
2025-09-26,1.30,27.6,31.8,24.5,4.16,12.6
2025-09-27,23.30,25.7,26.9,24.7,1.76,10.9
2025-09-28,10.10,25.9,29.2,23.6,2.80,14.5
2025-09-29,1.10,26.4,30.0,23.0,4.02,8.2
2025-09-30,7.80,26.8,30.7,23.5,4.24,10.9
2025-10-01,0.30,27.1,31.7,23.3,4.65,12.0
2025-10-02,0.90,27.2,31.4,24.2,4.11,10.9
2025-10-03,9.70,26.6,31.9,23.9,3.23,14.0
2025-10-04,3.50,27.4,32.2,24.7,4.21,18.6
2025-10-05,13.70,27.0,31.8,24.3,3.59,10.2
2025-10-06,7.00,25.8,29.9,23.1,3.10,15.8
2025-10-07,1.40,27.1,31.8,22.7,4.64,10.5
2025-10-08,1.50,27.4,32.0,23.1,4.74,8.9
2025-10-09,0.00,27.9,32.5,23.1,5.10,9.7
2025-10-10,1.10,26.8,30.7,23.3,4.64,10.7
2025-10-11,0.10,26.7,31.3,22.7,4.74,11.3
2025-10-12,0.00,26.9,32.1,22.3,4.93,10.6
2025-10-13,0.00,27.4,32.1,22.0,4.84,9.4
2025-10-14,1.00,27.5,32.0,23.1,4.82,12.2
2025-10-15,0.60,28.3,32.7,24.0,4.68,10.6
2025-10-16,0.00,28.5,32.8,24.2,4.69,9.4
2025-10-17,0.00,28.1,32.3,24.2,4.43,8.4
2025-10-18,0.60,28.1,32.2,24.0,4.47,9.1
2025-10-19,0.00,27.4,32.1,22.8,4.99,10.2
2025-10-20,0.00,27.2,32.2,22.7,5.08,14.3
2025-10-21,1.00,27.9,32.3,24.3,4.54,13.8
2025-10-22,0.00,28.7,33.1,24.7,4.94,12.6
2025-10-23,0.00,28.8,33.2,24.7,4.96,11.9
2025-10-24,3.90,27.7,33.2,24.6,4.16,13.0
2025-10-25,7.60,25.4,28.5,23.8,2.00,10.7
2025-10-26,1.90,24.5,27.7,21.7,2.56,10.0
2025-10-27,0.10,25.9,30.5,22.3,3.87,10.9
2025-10-28,0.90,26.3,29.8,23.7,3.41,20.8
2025-10-29,23.10,26.0,29.2,23.7,3.01,21.1
2025-10-30,12.00,24.8,26.7,23.5,2.21,18.0
2025-10-31,0.90,25.7,29.3,23.3,3.02,13.5
2025-11-01,0.00,26.4,30.8,22.7,3.74,6.8
2025-11-02,1.30,26.4,30.0,23.6,3.19,8.0
2025-11-03,0.30,26.4,29.9,23.1,3.82,9.3
2025-11-04,0.40,25.9,30.1,22.3,3.53,7.8
2025-11-05,0.00,25.5,29.9,21.6,3.88,11.6
2025-11-06,0.00,25.8,30.8,21.7,4.49,14.3
2025-11-07,0.00,24.2,30.3,18.7,4.28,10.4
2025-11-08,0.00,23.6,29.4,18.3,4.28,9.8
2025-11-09,0.00,22.3,28.2,16.6,4.29,9.0
2025-11-10,0.00,21.9,28.4,15.4,4.04,7.7
2025-11-11,0.00,21.9,28.3,15.8,4.02,8.7
2025-11-12,0.00,22.2,28.7,16.0,4.02,8.6
2025-11-13,0.00,22.1,28.6,15.9,4.43,9.1
2025-11-14,0.00,21.9,28.1,16.1,4.30,9.2
2025-11-15,0.00,21.9,28.0,16.0,4.14,9.7
2025-11-16,0.00,21.5,28.0,15.8,4.26,9.7
2025-11-17,0.00,20.9,26.8,15.8,4.14,10.8
2025-11-18,0.00,20.9,26.9,15.3,3.79,8.7
2025-11-19,0.00,21.5,27.7,15.6,3.67,7.4
2025-11-20,0.00,21.9,28.2,15.7,3.78,8.5
2025-11-21,0.00,22.8,29.1,16.3,3.74,8.5
2025-11-22,0.00,23.1,29.7,16.6,3.78,9.5
2025-11-23,0.00,23.5,30.1,16.8,3.75,9.2
2025-11-24,0.00,24.3,29.9,18.9,3.84,9.5
2025-11-25,0.00,24.3,29.7,19.2,3.80,9.2
2025-11-26,0.00,24.3,29.6,19.4,3.68,8.6
2025-11-27,0.00,24.0,29.9,19.4,3.90,13.0
2025-11-28,0.00,21.5,26.5,17.0,4.14,11.5
2025-11-29,0.00,20.9,26.7,15.5,3.74,9.4
2025-11-30,0.00,21.4,26.6,16.2,3.59,10.2
2025-12-01,0.00,21.9,27.7,16.2,3.80,9.8
2025-12-02,0.00,21.7,28.2,15.6,3.83,11.2
2025-12-03,0.00,21.4,27.5,15.4,3.96,10.1
2025-12-04,0.00,21.4,27.3,16.1,3.94,9.9
2025-12-05,0.00,21.0,27.0,15.8,3.92,11.1
2025-12-06,0.00,20.2,26.8,14.7,3.64,9.2
2025-12-07,0.00,20.6,27.9,14.4,3.74,10.1
2025-12-08,0.00,21.3,28.7,14.6,4.16,11.2
2025-12-09,0.00,21.8,29.7,14.9,4.49,11.9
2025-12-10,0.00,20.9,28.2,15.0,3.74,10.5
2025-12-11,0.00,20.4,27.7,14.2,3.59,9.7
2025-12-12,0.00,20.9,28.1,14.1,3.47,8.2
2025-12-13,0.00,21.2,28.3,15.0,3.53,9.9
2025-12-14,0.00,21.0,28.0,14.8,3.74,10.3
2025-12-15,0.00,20.6,27.2,15.0,3.49,8.7
2025-12-16,0.00,20.4,27.2,14.0,3.32,8.1
2025-12-17,0.00,20.7,28.9,13.3,3.38,8.7
2025-12-18,0.00,21.3,29.0,14.6,3.88,11.1
2025-12-19,0.00,20.6,27.7,14.1,4.02,13.3
2025-12-20,0.00,19.9,27.5,13.1,3.91,11.7
2025-12-21,0.00,20.0,26.8,14.0,3.62,9.8
2025-12-22,0.00,20.8,28.0,14.5,3.83,10.5
2025-12-23,0.00,21.0,28.1,14.6,4.05,12.1
2025-12-24,0.00,21.1,27.6,15.5,3.92,10.2
2025-12-25,0.00,20.8,27.1,15.1,3.64,9.5
2025-12-26,0.00,20.6,27.0,14.7,3.44,10.2
2025-12-27,0.00,20.4,27.2,14.4,3.52,8.5
2025-12-28,0.00,20.3,27.3,14.3,3.47,8.6
2025-12-29,0.00,20.2,27.6,14.2,3.52,8.5
2025-12-30,0.00,19.9,27.6,12.7,3.51,8.1
2025-12-31,0.00,20.4,27.9,13.0,3.52,8.6
2026-01-01,0.00,21.4,28.5,14.4,3.47,9.2
2026-01-02,0.00,22.2,28.6,16.3,3.44,10.1
2026-01-03,0.00,22.6,28.7,17.1,3.66,10.4
2026-01-04,0.00,22.3,28.1,16.7,3.49,12.9
2026-01-05,0.00,20.2,26.6,15.3,3.73,11.9
2026-01-06,0.00,19.2,26.3,12.8,3.70,9.2
2026-01-07,0.00,19.9,27.2,13.0,3.75,9.5
2026-01-08,0.00,21.1,27.1,15.1,3.83,8.5
2026-01-09,0.00,20.4,26.5,14.6,3.77,8.2
2026-01-10,0.00,20.4,26.7,14.6,4.04,9.8
2026-01-11,0.00,20.6,26.9,14.2,3.98,10.3
2026-01-12,0.00,21.1,27.3,15.2,4.06,11.4
2026-01-13,0.00,21.7,28.1,15.7,3.71,9.3
2026-01-14,0.00,22.7,29.8,16.4,3.85,10.9
2026-01-15,0.00,22.5,29.0,16.6,3.95,9.7
2026-01-16,0.00,21.5,29.0,15.0,3.83,9.9
2026-01-17,0.00,22.0,30.1,14.4,3.83,7.8
2026-01-18,0.00,22.7,30.2,14.8,4.11,8.2
2026-01-19,0.00,23.3,29.9,16.9,4.34,10.0
2026-01-20,0.00,24.1,29.9,19.1,4.00,9.1
2026-01-21,0.00,23.4,29.2,17.9,4.08,12.0
2026-01-22,0.00,23.3,29.1,18.4,4.30,10.7
2026-01-23,0.00,23.1,28.9,17.3,4.12,10.7
2026-01-24,0.00,23.5,29.4,17.5,3.83,8.5
2026-01-25,0.00,22.9,29.6,16.8,4.14,10.2
2026-01-26,0.00,22.9,29.6,16.5,4.22,8.5
2026-01-27,0.00,23.4,30.1,16.9,4.32,9.9
2026-01-28,0.30,24.2,28.9,19.3,3.47,11.4
2026-01-29,0.00,23.3,28.7,18.1,4.10,11.8
2026-01-30,0.00,23.2,29.6,17.4,4.12,10.9
2026-01-31,0.00,23.8,30.0,18.0,4.29,9.2
2026-02-01,0.00,24.1,30.1,18.0,4.36,9.9
2026-02-02,0.00,24.2,30.2,18.7,4.42,8.7
2026-02-03,0.00,24.2,30.4,17.8,4.56,9.4
2026-02-04,0.00,23.8,29.9,18.0,4.52,12.0
2026-02-05,0.00,23.8,30.1,18.3,4.53,14.3
2026-02-06,0.00,24.4,30.7,18.6,4.76,11.5
2026-02-07,0.00,24.0,30.5,18.0,5.12,11.0
2026-02-08,0.00,23.4,29.6,17.4,4.46,9.5
2026-02-09,0.00,24.0,30.4,18.0,4.50,9.2
2026-02-10,0.00,24.4,31.4,18.1,4.64,9.2
2026-02-11,0.00,25.1,31.5,18.6,4.74,10.8
2026-02-12,0.00,25.2,31.5,19.0,4.89,11.5
2026-02-13,0.00,25.9,31.9,20.2,4.83,10.3
2026-02-14,0.00,27.0,32.7,21.0,5.15,11.5
2026-02-15,0.00,26.7,32.4,21.2,5.28,10.8
2026-02-16,0.00,25.8,32.0,20.1,5.24,11.0
2026-02-17,0.00,25.2,31.8,18.0,5.31,10.3
2026-02-18,0.00,25.5,32.1,18.5,5.25,10.4
2026-02-19,0.00,25.7,31.7,19.4,5.24,10.0
2026-02-20,0.00,26.4,32.6,20.2,5.41,15.2
2026-02-21,0.00,25.8,30.4,20.6,3.93,12.4
2026-02-22,0.00,27.2,33.6,20.8,5.23,9.8
2026-02-23,0.30,26.8,32.5,22.1,4.70,12.0
2026-02-24,0.00,26.0,30.9,20.5,4.44,11.6
2026-02-25,0.00,26.1,31.5,20.6,4.18,8.5
2026-02-26,0.00,26.6,32.4,20.9,4.93,13.6
2026-02-27,0.00,27.0,32.8,20.8,4.21,8.4
2026-02-28,0.00,28.9,33.7,24.3,4.84,12.7
2026-03-01,0.00,29.5,35.0,24.5,6.53,14.2
2026-03-02,0.00,28.6,34.8,22.5,5.86,10.3
2026-03-03,0.00,29.2,36.1,22.4,5.93,10.2
2026-03-04,0.00,29.4,36.5,22.7,5.55,8.7
2026-03-05,0.00,29.4,37.2,21.7,6.07,11.1
2026-03-06,0.00,30.6,38.2,23.3,6.74,12.8
2026-03-07,0.00,30.1,37.8,23.1,5.98,9.6
2026-03-08,0.00,30.7,37.7,24.1,6.74,12.8
2026-03-09,0.00,30.6,37.8,24.0,6.36,11.4
2026-03-10,0.00,30.7,37.2,24.7,6.10,10.5
2026-03-11,0.00,30.9,37.4,24.1,5.96,9.9
2026-03-12,0.00,31.2,38.0,23.9,6.19,11.1
2026-03-13,0.00,31.3,38.4,23.3,6.39,12.3
2026-03-14,0.00,31.3,38.2,23.6,7.37,15.5
2026-03-15,0.00,31.4,38.0,25.1,6.72,15.7
2026-03-16,0.00,30.8,37.3,24.9,6.60,14.3
2026-03-17,0.00,30.7,36.7,24.6,6.89,16.2
2026-03-18,0.00,28.7,34.3,23.8,6.33,16.6
2026-03-19,0.00,28.2,35.2,21.5,5.81,17.0
2026-03-20,0.40,27.1,31.1,22.7,5.55,15.4
2026-03-21,0.00,27.3,32.9,22.2,6.55,12.6
2026-03-22,0.00,27.4,33.2,21.5,6.09,12.6
2026-03-23,0.00,29.3,35.9,22.4,6.07,10.3
2026-03-24,0.00,30.8,37.2,24.2,6.16,18.9
2026-03-25,0.00,31.8,38.3,24.7,6.33,11.6
2026-03-26,0.00,32.1,38.3,25.5,6.48,13.5
2026-03-27,0.00,33.2,38.9,26.5,7.75,19.5
2026-03-28,0.00,32.4,38.7,26.4,7.74,17.6
2026-03-29,0.00,33.2,39.7,27.2,7.69,17.7
2026-03-30,0.00,33.3,38.8,26.7,6.70,16.0
2026-03-31,5.70,29.0,35.3,22.3,5.78,13.3
2026-04-01,0.00,30.9,36.6,24.7,5.52,12.7
2026-04-02,0.00,30.1,35.1,24.5,4.97,14.5
2026-04-03,0.00,30.7,36.4,24.8,6.34,14.7
2026-04-04,0.10,29.0,33.2,24.1,5.14,13.6
2026-04-05,0.60,29.6,34.9,24.5,6.38,13.7
2026-04-06,0.00,30.1,36.3,24.1,6.75,12.4
2026-04-07,0.00,30.6,37.3,24.7,7.82,18.3
2026-04-08,0.00,30.9,35.8,25.9,7.59,21.8
2026-04-09,0.00,30.8,36.3,25.0,7.03,13.6
2026-04-10,0.00,31.2,37.0,25.2,7.12,12.5
2026-04-11,0.00,31.8,38.4,24.4,7.41,13.7
2026-04-12,0.00,33.0,40.3,25.1,7.09,10.0
2026-04-13,0.00,33.9,40.7,27.0,6.95,15.1
2026-04-14,0.00,34.6,41.4,27.9,7.98,15.5
2026-04-15,0.00,35.0,42.3,27.5,8.67,17.3
2026-04-16,0.00,35.7,43.4,28.1,8.02,17.0
2026-04-17,0.00,36.0,42.4,28.7,7.66,12.4
2026-04-18,0.00,37.1,43.4,30.5,8.66,18.1
2026-04-19,0.00,36.5,43.3,28.6,7.57,15.5
2026-04-20,0.00,35.7,41.7,31.2,8.00,16.1
2026-04-21,0.00,35.7,40.9,29.5,8.19,14.5
2026-04-22,0.00,36.2,42.8,30.0,7.95,16.5
2026-04-23,0.00,35.7,42.0,29.4,7.93,19.3
2026-04-24,0.00,36.2,42.8,29.0,7.06,10.7
2026-04-25,0.00,36.8,43.5,29.3,7.53,10.8
2026-04-26,0.00,37.4,44.8,30.2,8.03,13.6
2026-04-27,0.00,37.4,43.7,30.2,7.37,13.8
2026-04-28,0.00,37.0,43.6,30.7,8.37,21.1
2026-04-29,0.00,36.4,42.5,29.4,9.64,24.8
2026-04-30,0.00,35.9,41.2,30.2,9.17,21.6
2026-05-01,0.00,34.6,40.7,27.8,7.07,13.4
2026-05-02,0.00,34.9,42.0,28.4,8.09,34.1
2026-05-03,0.00,34.6,40.5,27.2,7.33,16.2
2026-05-04,0.00,35.3,41.9,28.4,8.67,19.8
2026-05-05,0.00,34.3,39.5,28.8,7.49,12.5
2026-05-06,0.00,31.3,37.6,25.0,6.65,13.7
2026-05-07,0.00,32.3,38.7,27.9,7.05,21.0
2026-05-08,0.00,32.6,38.5,25.3,6.75,13.1
2026-05-09,0.00,32.2,39.1,24.8,6.29,22.6
2026-05-10,0.00,33.3,39.7,25.9,7.06,11.5
2026-05-11,0.00,34.8,40.5,28.7,7.37,13.4
2026-05-12,0.00,35.8,41.8,29.7,7.59,14.7
2026-05-13,0.10,35.6,41.6,30.5,7.39,13.5
2026-05-14,0.00,36.7,43.4,30.5,8.14,15.1
2026-05-15,0.00,37.6,42.5,31.7,8.38,20.4
2026-05-16,0.00,36.9,42.8,30.7,7.73,14.0
2026-05-17,0.00,36.8,43.0,29.5,7.42,12.5
2026-05-18,0.00,37.6,43.8,31.8,8.55,16.0
2026-05-19,0.00,38.1,44.6,32.5,8.43,14.5
2026-05-20,0.00,38.9,44.8,31.9,8.52,17.2
2026-05-21,0.00,39.0,44.1,34.0,9.11,16.3
2026-05-22,0.00,39.3,44.3,33.6,9.03,16.5
2026-05-23,0.00,38.8,43.5,34.5,10.63,23.2
2026-05-24,0.00,38.7,43.4,33.2,9.60,18.5
2026-05-25,0.00,38.8,44.2,33.5,8.72,16.5
2026-05-26,0.10,38.0,43.5,33.7,8.75,15.8
2026-05-27,0.00,38.3,43.0,33.5,9.54,18.4
2026-05-28,0.50,38.0,43.3,33.0,9.50,24.4
2026-05-29,0.30,37.4,42.6,33.3,7.76,15.3
2026-05-30,0.60,35.1,40.6,30.9,8.32,17.5
2026-05-31,0.00,33.9,39.7,27.2,6.81,14.0
2026-06-01,0.00,34.4,39.8,28.5,6.86,14.0
2026-06-02,0.40,33.8,38.3,28.7,7.51,14.9
2026-06-03,0.40,35.2,39.2,30.3,7.16,11.9
2026-06-04,0.00,36.0,40.9,31.2,8.26,14.8
2026-06-05,1.40,34.7,39.3,30.5,7.91,18.7
2026-06-06,0.50,35.2,39.4,30.7,7.34,14.2
2026-06-07,0.00,36.0,40.7,30.4,8.02,15.7
2026-06-08,0.00,35.4,41.1,31.5,7.50,15.7
2026-06-09,0.70,35.9,41.9,30.7,7.81,15.0
2026-06-10,0.40,35.1,41.8,32.3,7.87,16.6
2026-06-11,0.00,35.7,42.1,28.2,7.77,17.2
2026-06-12,1.90,34.0,40.2,29.4,6.90,18.4
2026-06-13,5.80,29.9,36.5,27.4,4.73,25.6
2026-06-14,1.50,31.6,37.6,27.1,6.39,15.5
2026-06-15,0.30,32.6,38.4,28.3,6.61,21.0
2026-06-16,2.10,33.1,38.6,29.4,7.32,23.1
2026-06-17,0.90,32.9,37.7,28.7,6.99,19.6
2026-06-18,2.40,32.7,36.4,28.8,6.23,16.8
2026-06-19,0.00,34.2,38.4,29.2,7.49,14.1
2026-06-20,0.00,35.3,39.4,30.8,8.07,16.2
2026-06-21,1.20,34.5,38.5,29.7,7.28,15.8
2026-06-22,5.10,32.5,38.0,27.1,6.18,13.0
2026-06-23,6.50,28.0,33.5,24.6,4.62,15.1
2026-06-24,9.50,27.7,32.0,24.6,4.74,13.1
2026-06-25,9.80,28.0,32.1,25.3,4.13,10.1
2026-06-26,5.00,29.0,33.2,26.4,4.93,7.9
2026-06-27,5.10,29.1,34.4,26.1,4.94,13.8
2026-06-28,1.00,29.1,33.9,25.6,4.58,16.2
2026-06-29,21.30,28.1,33.0,25.4,4.34,11.9
2026-06-30,19.50,26.5,28.2,25.1,1.85,11.9
2026-07-01,30.00,26.5,28.2,24.8,1.64,10.2
2026-07-02,24.50,26.4,29.4,24.3,1.86,11.9
2026-07-03,42.00,25.8,28.3,24.2,1.81,13.0
2026-07-04,16.60,26.7,30.2,24.0,3.11,13.4
2026-07-05,12.30,26.8,31.3,24.3,3.10,12.5
2026-07-06,2.40,28.2,31.7,25.3,4.62,16.8
2026-07-07,3.20,27.4,31.3,25.9,3.94,19.0
2026-07-08,2.20,27.9,31.6,26.0,4.60,19.0
2026-07-09,0.50,28.8,32.2,26.0,5.21,16.7
2026-07-10,1.50,29.3,32.3,26.4,5.45,16.5
2026-07-11,0.00,29.1,32.1,26.2,6.06,18.3
2026-07-12,0.00,29.1,32.5,26.1,5.17,17.1
2026-07-13,0.00,29.9,34.1,26.3,5.64,16.5
2026-07-14,0.00,30.1,34.1,26.6,6.45,18.9
2026-07-15,1.50,29.8,34.6,26.9,6.22,15.0
2026-07-16,0.40,31.0,34.2,27.7,5.46,16.7
2026-07-17,10.50,27.5,29.4,25.6,2.13,9.8
2026-07-18,13.40,26.3,28.1,25.2,1.73,11.9
2026-07-19,5.40,28.0,32.0,25.1,4.44,12.1
2026-07-20,9.90,27.2,31.1,24.7,3.50,11.0
2026-07-21,31.10,25.1,27.0,24.4,1.46,16.1
2026-07-22,21.40,24.9,26.3,23.8,1.86,18.9
2026-07-23,4.20,25.8,29.3,23.6,3.55,21.1
2026-07-24,3.40,26.8,29.8,24.7,4.37,15.0
2026-07-25,2.20,27.9,32.0,24.9,5.00,13.8
2026-07-26,1.10,28.2,31.4,25.3,4.77,12.5
2026-07-27,16.30,27.1,30.8,25.0,3.62,15.2
2026-07-28,21.70,26.5,29.4,24.5,3.25,13.6
2026-07-29,40.90,26.3,29.3,24.9,2.57,22.7
2026-07-30,36.10,26.3,30.4,24.4,3.11,17.6
2026-07-31,4.50,25.9,28.9,24.2,2.73,19.9
2026-08-01,2.70,27.4,31.4,24.5,4.68,15.7
2026-08-02,0.80,28.1,31.5,25.7,4.51,14.3
2026-08-03,0.20,28.7,32.3,25.7,5.25,10.8
2026-08-04,0.60,28.7,32.2,25.7,4.99,9.8
2026-08-05,0.20,28.9,32.3,25.9,5.18,12.7
2026-08-06,1.30,28.9,32.4,25.5,5.57,14.5
2026-08-07,13.20,27.2,29.3,26.0,3.30,16.6
2026-08-08,16.10,26.9,30.8,24.4,3.96,16.2
2026-08-09,18.70,26.6,31.4,24.6,3.47,17.3
2026-08-10,3.00,27.0,30.5,24.6,4.77,17.0
2026-08-11,6.70,26.8,30.5,24.4,4.29,13.9
2026-08-12,1.10,27.0,30.8,24.2,4.21,14.1
2026-08-13,2.30,27.5,31.2,24.5,5.11,14.7
2026-08-14,2.20,26.7,28.7,24.7,2.98,12.8
2026-08-15,4.50,26.7,29.6,24.7,3.60,18.2
2026-08-16,5.20,26.6,30.1,24.3,3.82,19.3
2026-08-17,5.30,26.5,29.3,24.1,3.37,14.5
2026-08-18,3.00,25.9,27.4,24.7,2.37,12.2
2026-08-19,4.80,26.0,27.9,24.6,2.06,13.1
2026-08-20,1.00,27.7,31.3,25.4,5.15,18.3
2026-08-21,7.30,27.2,30.5,24.9,4.44,19.3
2026-08-22,7.50,26.2,29.2,24.5,2.86,18.2
2026-08-23,5.70,26.4,29.2,24.5,2.71,13.4
2026-08-24,6.70,26.9,29.7,25.2,3.24,15.5
2026-08-25,4.90,26.4,28.7,24.7,2.77,15.3
2026-08-26,2.70,27.2,29.8,25.0,4.14,18.6
2026-08-27,2.70,26.5,29.1,24.3,3.65,21.2
2026-08-28,1.10,27.1,30.9,24.3,4.34,16.2
2026-08-29,16.80,25.2,26.0,24.5,1.52,15.7
2026-08-30,0.10,26.4,28.4,24.3,3.43,19.7
2026-08-31,0.70,26.7,29.3,24.8,3.61,18.7
2026-09-01,1.40,27.0,29.8,24.8,4.75,18.8
2026-09-02,3.50,25.8,28.0,24.3,2.68,17.6
2026-09-03,16.30,24.9,26.9,23.6,1.80,12.9
2026-09-04,4.40,25.3,28.2,23.7,3.27,18.2
2026-09-05,3.40,25.6,29.8,22.7,4.01,15.8
2026-09-06,0.80,27.1,31.3,23.6,4.91,13.5
2026-09-07,0.70,27.6,31.9,24.4,5.07,11.3
2026-09-08,1.30,27.8,32.0,24.5,4.78,10.7
2026-09-09,0.60,28.6,32.4,25.0,5.23,12.7
2026-09-10,0.40,29.2,32.9,25.5,5.58,13.2
2026-09-11,8.40,27.4,30.9,25.2,3.64,13.9
2026-09-12,37.20,25.6,29.6,23.6,3.12,9.8
2026-09-13,14.00,25.1,27.3,23.7,2.60,19.6
2026-09-14,9.80,25.1,27.5,23.5,2.18,12.5
2026-09-15,13.60,26.8,30.8,23.2,4.05,7.2
2026-09-16,0.50,28.1,31.8,24.6,4.76,7.3
2026-09-17,0.70,28.2,32.5,24.9,4.61,12.1
2026-09-18,4.30,27.8,33.2,24.4,4.66,10.7
2026-09-19,1.00,28.0,32.7,23.7,4.53,6.8
2026-09-20,1.90,27.9,32.3,25.2,4.45,10.4
2026-09-21,2.40,28.2,32.5,24.9,4.48,12.1
2026-09-22,5.00,28.7,33.4,25.4,4.56,8.9
2026-09-23,5.10,29.7,34.2,26.2,5.30,18.6
